phase,base_method,q,edge_index,edge,frequency,dataset,scenario,data_seed,split_seed
tuning_train,l1_fixed,4,0,0-1,0.0,dry_bean_uci,dry_bean_uci,37,37
tuning_train,l1_fixed,4,1,0-2,0.0,dry_bean_uci,dry_bean_uci,37,37
tuning_train,l1_fixed,4,2,0-3,0.0,dry_bean_uci,dry_bean_uci,37,37
tuning_train,l1_fixed,4,3,0-4,0.0,dry_bean_uci,dry_bean_uci,37,37
tuning_train,l1_fixed,4,4,0-5,0.0,dry_bean_uci,dry_bean_uci,37,37
tuning_train,l1_fixed,4,5,0-6,0.0,dry_bean_uci,dry_bean_uci,37,37
tuning_train,l1_fixed,4,6,0-7,0.0,dry_bean_uci,dry_bean_uci,37,37
tuning_train,l1_fixed,4,7,0-8,0.0,dry_bean_uci,dry_bean_uci,37,37
tuning_train,l1_fixed,4,8,0-9,0.0,dry_bean_uci,dry_bean_uci,37,37
tuning_train,l1_fixed,4,9,0-10,0.0,dry_bean_uci,dry_bean_uci,37,37
tuning_train,l1_fixed,4,10,0-11,0.0,dry_bean_uci,dry_bean_uci,37,37
tuning_train,l1_fixed,4,11,0-12,0.0,dry_bean_uci,dry_bean_uci,37,37
tuning_train,l1_fixed,4,12,0-13,0.0,dry_bean_uci,dry_bean_uci,37,37
tuning_train,l1_fixed,4,13,0-14,0.0,dry_bean_uci,dry_bean_uci,37,37
tuning_train,l1_fixed,4,14,0-15,0.0,dry_bean_uci,dry_bean_uci,37,37
tuning_train,l1_fixed,4,15,1-2,0.0,dry_bean_uci,dry_bean_uci,37,37
tuning_train,l1_fixed,4,16,1-3,0.0,dry_bean_uci,dry_bean_uci,37,37
tuning_train,l1_fixed,4,17,1-4,0.0,dry_bean_uci,dry_bean_uci,37,37
tuning_train,l1_fixed,4,18,1-5,0.0,dry_bean_uci,dry_bean_uci,37,37
tuning_train,l1_fixed,4,19,1-6,0.0,dry_bean_uci,dry_bean_uci,37,37
tuning_train,l1_fixed,4,20,1-7,0.0,dry_bean_uci,dry_bean_uci,37,37
tuning_train,l1_fixed,4,21,1-8,0.0,dry_bean_uci,dry_bean_uci,37,37
tuning_train,l1_fixed,4,22,1-9,0.0,dry_bean_uci,dry_bean_uci,37,37
tuning_train,l1_fixed,4,23,1-10,0.0,dry_bean_uci,dry_bean_uci,37,37
tuning_train,l1_fixed,4,24,1-11,0.0,dry_bean_uci,dry_bean_uci,37,37
tuning_train,l1_fixed,4,25,1-12,0.625,dry_bean_uci,dry_bean_uci,37,37
tuning_train,l1_fixed,4,26,1-13,0.0,dry_bean_uci,dry_bean_uci,37,37
tuning_train,l1_fixed,4,27,1-14,0.0,dry_bean_uci,dry_bean_uci,37,37
tuning_train,l1_fixed,4,28,1-15,0.0,dry_bean_uci,dry_bean_uci,37,37
tuning_train,l1_fixed,4,29,2-3,0.0,dry_bean_uci,dry_bean_uci,37,37
tuning_train,l1_fixed,4,30,2-4,0.0,dry_bean_uci,dry_bean_uci,37,37
tuning_train,l1_fixed,4,31,2-5,0.0,dry_bean_uci,dry_bean_uci,37,37
tuning_train,l1_fixed,4,32,2-6,0.0,dry_bean_uci,dry_bean_uci,37,37
tuning_train,l1_fixed,4,33,2-7,0.0,dry_bean_uci,dry_bean_uci,37,37
tuning_train,l1_fixed,4,34,2-8,0.0,dry_bean_uci,dry_bean_uci,37,37
tuning_train,l1_fixed,4,35,2-9,0.0,dry_bean_uci,dry_bean_uci,37,37
tuning_train,l1_fixed,4,36,2-10,0.0,dry_bean_uci,dry_bean_uci,37,37
tuning_train,l1_fixed,4,37,2-11,0.0,dry_bean_uci,dry_bean_uci,37,37
tuning_train,l1_fixed,4,38,2-12,0.0,dry_bean_uci,dry_bean_uci,37,37
tuning_train,l1_fixed,4,39,2-13,0.0,dry_bean_uci,dry_bean_uci,37,37
tuning_train,l1_fixed,4,40,2-14,0.0,dry_bean_uci,dry_bean_uci,37,37
tuning_train,l1_fixed,4,41,2-15,0.0,dry_bean_uci,dry_bean_uci,37,37
tuning_train,l1_fixed,4,42,3-4,0.0,dry_bean_uci,dry_bean_uci,37,37
tuning_train,l1_fixed,4,43,3-5,0.0,dry_bean_uci,dry_bean_uci,37,37
tuning_train,l1_fixed,4,44,3-6,0.0,dry_bean_uci,dry_bean_uci,37,37
tuning_train,l1_fixed,4,45,3-7,0.0,dry_bean_uci,dry_bean_uci,37,37
tuning_train,l1_fixed,4,46,3-8,0.0,dry_bean_uci,dry_bean_uci,37,37
tuning_train,l1_fixed,4,47,3-9,0.0,dry_bean_uci,dry_bean_uci,37,37
tuning_train,l1_fixed,4,48,3-10,0.0,dry_bean_uci,dry_bean_uci,37,37
tuning_train,l1_fixed,4,49,3-11,0.0,dry_bean_uci,dry_bean_uci,37,37
tuning_train,l1_fixed,4,50,3-12,0.725,dry_bean_uci,dry_bean_uci,37,37
tuning_train,l1_fixed,4,51,3-13,0.0,dry_bean_uci,dry_bean_uci,37,37
tuning_train,l1_fixed,4,52,3-14,0.0,dry_bean_uci,dry_bean_uci,37,37
tuning_train,l1_fixed,4,53,3-15,0.0,dry_bean_uci,dry_bean_uci,37,37
tuning_train,l1_fixed,4,54,4-5,0.0,dry_bean_uci,dry_bean_uci,37,37
tuning_train,l1_fixed,4,55,4-6,0.0,dry_bean_uci,dry_bean_uci,37,37
tuning_train,l1_fixed,4,56,4-7,0.0,dry_bean_uci,dry_bean_uci,37,37
tuning_train,l1_fixed,4,57,4-8,0.0,dry_bean_uci,dry_bean_uci,37,37
tuning_train,l1_fixed,4,58,4-9,0.0,dry_bean_uci,dry_bean_uci,37,37
tuning_train,l1_fixed,4,59,4-10,0.0,dry_bean_uci,dry_bean_uci,37,37
tuning_train,l1_fixed,4,60,4-11,0.0,dry_bean_uci,dry_bean_uci,37,37
tuning_train,l1_fixed,4,61,4-12,0.0,dry_bean_uci,dry_bean_uci,37,37
tuning_train,l1_fixed,4,62,4-13,0.0,dry_bean_uci,dry_bean_uci,37,37
tuning_train,l1_fixed,4,63,4-14,0.0,dry_bean_uci,dry_bean_uci,37,37
tuning_train,l1_fixed,4,64,4-15,0.0,dry_bean_uci,dry_bean_uci,37,37
tuning_train,l1_fixed,4,65,5-6,0.0,dry_bean_uci,dry_bean_uci,37,37
tuning_train,l1_fixed,4,66,5-7,0.0,dry_bean_uci,dry_bean_uci,37,37
tuning_train,l1_fixed,4,67,5-8,0.0,dry_bean_uci,dry_bean_uci,37,37
tuning_train,l1_fixed,4,68,5-9,0.0,dry_bean_uci,dry_bean_uci,37,37
tuning_train,l1_fixed,4,69,5-10,0.0,dry_bean_uci,dry_bean_uci,37,37
tuning_train,l1_fixed,4,70,5-11,0.0,dry_bean_uci,dry_bean_uci,37,37
tuning_train,l1_fixed,4,71,5-12,0.0,dry_bean_uci,dry_bean_uci,37,37
tuning_train,l1_fixed,4,72,5-13,0.0,dry_bean_uci,dry_bean_uci,37,37
tuning_train,l1_fixed,4,73,5-14,0.0,dry_bean_uci,dry_bean_uci,37,37
tuning_train,l1_fixed,4,74,5-15,0.0,dry_bean_uci,dry_bean_uci,37,37
tuning_train,l1_fixed,4,75,6-7,0.0,dry_bean_uci,dry_bean_uci,37,37
tuning_train,l1_fixed,4,76,6-8,0.0,dry_bean_uci,dry_bean_uci,37,37
tuning_train,l1_fixed,4,77,6-9,0.0,dry_bean_uci,dry_bean_uci,37,37
tuning_train,l1_fixed,4,78,6-10,0.0,dry_bean_uci,dry_bean_uci,37,37
tuning_train,l1_fixed,4,79,6-11,0.0,dry_bean_uci,dry_bean_uci,37,37
tuning_train,l1_fixed,4,80,6-12,0.0,dry_bean_uci,dry_bean_uci,37,37
tuning_train,l1_fixed,4,81,6-13,0.0,dry_bean_uci,dry_bean_uci,37,37
tuning_train,l1_fixed,4,82,6-14,0.0,dry_bean_uci,dry_bean_uci,37,37
tuning_train,l1_fixed,4,83,6-15,0.0,dry_bean_uci,dry_bean_uci,37,37
tuning_train,l1_fixed,4,84,7-8,0.0,dry_bean_uci,dry_bean_uci,37,37
tuning_train,l1_fixed,4,85,7-9,0.0,dry_bean_uci,dry_bean_uci,37,37
tuning_train,l1_fixed,4,86,7-10,0.0,dry_bean_uci,dry_bean_uci,37,37
tuning_train,l1_fixed,4,87,7-11,0.0,dry_bean_uci,dry_bean_uci,37,37
tuning_train,l1_fixed,4,88,7-12,0.025,dry_bean_uci,dry_bean_uci,37,37
tuning_train,l1_fixed,4,89,7-13,0.0,dry_bean_uci,dry_bean_uci,37,37
tuning_train,l1_fixed,4,90,7-14,0.0,dry_bean_uci,dry_bean_uci,37,37
tuning_train,l1_fixed,4,91,7-15,0.0,dry_bean_uci,dry_bean_uci,37,37
tuning_train,l1_fixed,4,92,8-9,0.0,dry_bean_uci,dry_bean_uci,37,37
tuning_train,l1_fixed,4,93,8-10,0.0,dry_bean_uci,dry_bean_uci,37,37
tuning_train,l1_fixed,4,94,8-11,0.0,dry_bean_uci,dry_bean_uci,37,37
tuning_train,l1_fixed,4,95,8-12,0.0,dry_bean_uci,dry_bean_uci,37,37
tuning_train,l1_fixed,4,96,8-13,0.0,dry_bean_uci,dry_bean_uci,37,37
tuning_train,l1_fixed,4,97,8-14,0.0,dry_bean_uci,dry_bean_uci,37,37
tuning_train,l1_fixed,4,98,8-15,0.0,dry_bean_uci,dry_bean_uci,37,37
tuning_train,l1_fixed,4,99,9-10,1.0,dry_bean_uci,dry_bean_uci,37,37
tuning_train,l1_fixed,4,100,9-11,0.0,dry_bean_uci,dry_bean_uci,37,37
tuning_train,l1_fixed,4,101,9-12,0.0,dry_bean_uci,dry_bean_uci,37,37
tuning_train,l1_fixed,4,102,9-13,0.0,dry_bean_uci,dry_bean_uci,37,37
tuning_train,l1_fixed,4,103,9-14,0.0,dry_bean_uci,dry_bean_uci,37,37
tuning_train,l1_fixed,4,104,9-15,0.625,dry_bean_uci,dry_bean_uci,37,37
tuning_train,l1_fixed,4,105,10-11,0.0,dry_bean_uci,dry_bean_uci,37,37
tuning_train,l1_fixed,4,106,10-12,0.5,dry_bean_uci,dry_bean_uci,37,37
tuning_train,l1_fixed,4,107,10-13,0.0,dry_bean_uci,dry_bean_uci,37,37
tuning_train,l1_fixed,4,108,10-14,0.0,dry_bean_uci,dry_bean_uci,37,37
tuning_train,l1_fixed,4,109,10-15,0.0,dry_bean_uci,dry_bean_uci,37,37
tuning_train,l1_fixed,4,110,11-12,0.0,dry_bean_uci,dry_bean_uci,37,37
tuning_train,l1_fixed,4,111,11-13,0.0,dry_bean_uci,dry_bean_uci,37,37
tuning_train,l1_fixed,4,112,11-14,0.0,dry_bean_uci,dry_bean_uci,37,37
tuning_train,l1_fixed,4,113,11-15,0.0,dry_bean_uci,dry_bean_uci,37,37
tuning_train,l1_fixed,4,114,12-13,0.0,dry_bean_uci,dry_bean_uci,37,37
tuning_train,l1_fixed,4,115,12-14,0.0,dry_bean_uci,dry_bean_uci,37,37
tuning_train,l1_fixed,4,116,12-15,0.0,dry_bean_uci,dry_bean_uci,37,37
tuning_train,l1_fixed,4,117,13-14,0.0,dry_bean_uci,dry_bean_uci,37,37
tuning_train,l1_fixed,4,118,13-15,0.0,dry_bean_uci,dry_bean_uci,37,37
tuning_train,l1_fixed,4,119,14-15,0.0,dry_bean_uci,dry_bean_uci,37,37
tuning_train,l1_fixed,4,120,0-1-2,0.0,dry_bean_uci,dry_bean_uci,37,37
tuning_train,l1_fixed,4,121,0-1-3,0.0,dry_bean_uci,dry_bean_uci,37,37
tuning_train,l1_fixed,4,122,0-1-4,0.0,dry_bean_uci,dry_bean_uci,37,37
tuning_train,l1_fixed,4,123,0-1-5,0.0,dry_bean_uci,dry_bean_uci,37,37
tuning_train,l1_fixed,4,124,0-1-6,0.0,dry_bean_uci,dry_bean_uci,37,37
tuning_train,l1_fixed,4,125,0-1-7,0.0,dry_bean_uci,dry_bean_uci,37,37
tuning_train,l1_fixed,4,126,0-1-8,0.0,dry_bean_uci,dry_bean_uci,37,37
tuning_train,l1_fixed,4,127,0-1-9,0.0,dry_bean_uci,dry_bean_uci,37,37
tuning_train,l1_fixed,4,128,0-1-10,0.0,dry_bean_uci,dry_bean_uci,37,37
tuning_train,l1_fixed,4,129,0-1-11,0.0,dry_bean_uci,dry_bean_uci,37,37
tuning_train,l1_fixed,4,130,0-1-12,0.0,dry_bean_uci,dry_bean_uci,37,37
tuning_train,l1_fixed,4,131,0-1-13,0.0,dry_bean_uci,dry_bean_uci,37,37
tuning_train,l1_fixed,4,132,0-1-14,0.0,dry_bean_uci,dry_bean_uci,37,37
tuning_train,l1_fixed,4,133,0-1-15,0.0,dry_bean_uci,dry_bean_uci,37,37
tuning_train,l1_fixed,4,134,0-2-3,0.0,dry_bean_uci,dry_bean_uci,37,37
tuning_train,l1_fixed,4,135,0-2-4,0.0,dry_bean_uci,dry_bean_uci,37,37
tuning_train,l1_fixed,4,136,0-2-5,0.0,dry_bean_uci,dry_bean_uci,37,37
tuning_train,l1_fixed,4,137,0-2-6,0.0,dry_bean_uci,dry_bean_uci,37,37
tuning_train,l1_fixed,4,138,0-2-7,0.0,dry_bean_uci,dry_bean_uci,37,37
tuning_train,l1_fixed,4,139,0-2-8,0.0,dry_bean_uci,dry_bean_uci,37,37
tuning_train,l1_fixed,4,140,0-2-9,0.0,dry_bean_uci,dry_bean_uci,37,37
tuning_train,l1_fixed,4,141,0-2-10,0.0,dry_bean_uci,dry_bean_uci,37,37
tuning_train,l1_fixed,4,142,0-2-11,0.0,dry_bean_uci,dry_bean_uci,37,37
tuning_train,l1_fixed,4,143,0-2-12,0.0,dry_bean_uci,dry_bean_uci,37,37
tuning_train,l1_fixed,4,144,0-2-13,0.0,dry_bean_uci,dry_bean_uci,37,37
tuning_train,l1_fixed,4,145,0-2-14,0.0,dry_bean_uci,dry_bean_uci,37,37
tuning_train,l1_fixed,4,146,0-2-15,0.0,dry_bean_uci,dry_bean_uci,37,37
tuning_train,l1_fixed,4,147,0-3-4,0.0,dry_bean_uci,dry_bean_uci,37,37
tuning_train,l1_fixed,4,148,0-3-5,0.0,dry_bean_uci,dry_bean_uci,37,37
tuning_train,l1_fixed,4,149,0-3-6,0.0,dry_bean_uci,dry_bean_uci,37,37
tuning_train,l1_fixed,4,150,0-3-7,0.0,dry_bean_uci,dry_bean_uci,37,37
tuning_train,l1_fixed,4,151,0-3-8,0.0,dry_bean_uci,dry_bean_uci,37,37
tuning_train,l1_fixed,4,152,0-3-9,0.0,dry_bean_uci,dry_bean_uci,37,37
tuning_train,l1_fixed,4,153,0-3-10,0.0,dry_bean_uci,dry_bean_uci,37,37
tuning_train,l1_fixed,4,154,0-3-11,0.0,dry_bean_uci,dry_bean_uci,37,37
tuning_train,l1_fixed,4,155,0-3-12,0.0,dry_bean_uci,dry_bean_uci,37,37
tuning_train,l1_fixed,4,156,0-3-13,0.0,dry_bean_uci,dry_bean_uci,37,37
tuning_train,l1_fixed,4,157,0-3-14,0.0,dry_bean_uci,dry_bean_uci,37,37
tuning_train,l1_fixed,4,158,0-3-15,0.0,dry_bean_uci,dry_bean_uci,37,37
tuning_train,l1_fixed,4,159,0-4-5,0.0,dry_bean_uci,dry_bean_uci,37,37
tuning_train,l1_fixed,4,160,0-4-6,0.0,dry_bean_uci,dry_bean_uci,37,37
tuning_train,l1_fixed,4,161,0-4-7,0.0,dry_bean_uci,dry_bean_uci,37,37
tuning_train,l1_fixed,4,162,0-4-8,0.0,dry_bean_uci,dry_bean_uci,37,37
tuning_train,l1_fixed,4,163,0-4-9,0.0,dry_bean_uci,dry_bean_uci,37,37
tuning_train,l1_fixed,4,164,0-4-10,0.0,dry_bean_uci,dry_bean_uci,37,37
tuning_train,l1_fixed,4,165,0-4-11,0.0,dry_bean_uci,dry_bean_uci,37,37
tuning_train,l1_fixed,4,166,0-4-12,0.0,dry_bean_uci,dry_bean_uci,37,37
tuning_train,l1_fixed,4,167,0-4-13,0.0,dry_bean_uci,dry_bean_uci,37,37
tuning_train,l1_fixed,4,168,0-4-14,0.0,dry_bean_uci,dry_bean_uci,37,37
tuning_train,l1_fixed,4,169,0-4-15,0.0,dry_bean_uci,dry_bean_uci,37,37
tuning_train,l1_fixed,4,170,0-5-6,0.0,dry_bean_uci,dry_bean_uci,37,37
tuning_train,l1_fixed,4,171,0-5-7,0.0,dry_bean_uci,dry_bean_uci,37,37
tuning_train,l1_fixed,4,172,0-5-8,0.0,dry_bean_uci,dry_bean_uci,37,37
tuning_train,l1_fixed,4,173,0-5-9,0.0,dry_bean_uci,dry_bean_uci,37,37
tuning_train,l1_fixed,4,174,0-5-10,0.0,dry_bean_uci,dry_bean_uci,37,37
tuning_train,l1_fixed,4,175,0-5-11,0.0,dry_bean_uci,dry_bean_uci,37,37
tuning_train,l1_fixed,4,176,0-5-12,0.0,dry_bean_uci,dry_bean_uci,37,37
tuning_train,l1_fixed,4,177,0-5-13,0.0,dry_bean_uci,dry_bean_uci,37,37
tuning_train,l1_fixed,4,178,0-5-14,0.0,dry_bean_uci,dry_bean_uci,37,37
tuning_train,l1_fixed,4,179,0-5-15,0.0,dry_bean_uci,dry_bean_uci,37,37
tuning_train,l1_fixed,4,180,0-6-7,0.0,dry_bean_uci,dry_bean_uci,37,37
tuning_train,l1_fixed,4,181,0-6-8,0.0,dry_bean_uci,dry_bean_uci,37,37
tuning_train,l1_fixed,4,182,0-6-9,0.0,dry_bean_uci,dry_bean_uci,37,37
tuning_train,l1_fixed,4,183,0-6-10,0.0,dry_bean_uci,dry_bean_uci,37,37
tuning_train,l1_fixed,4,184,0-6-11,0.0,dry_bean_uci,dry_bean_uci,37,37
tuning_train,l1_fixed,4,185,0-6-12,0.0,dry_bean_uci,dry_bean_uci,37,37
tuning_train,l1_fixed,4,186,0-6-13,0.0,dry_bean_uci,dry_bean_uci,37,37
tuning_train,l1_fixed,4,187,0-6-14,0.0,dry_bean_uci,dry_bean_uci,37,37
tuning_train,l1_fixed,4,188,0-6-15,0.0,dry_bean_uci,dry_bean_uci,37,37
tuning_train,l1_fixed,4,189,0-7-8,0.0,dry_bean_uci,dry_bean_uci,37,37
tuning_train,l1_fixed,4,190,0-7-9,0.0,dry_bean_uci,dry_bean_uci,37,37
tuning_train,l1_fixed,4,191,0-7-10,0.0,dry_bean_uci,dry_bean_uci,37,37
tuning_train,l1_fixed,4,192,0-7-11,0.0,dry_bean_uci,dry_bean_uci,37,37
tuning_train,l1_fixed,4,193,0-7-12,0.0,dry_bean_uci,dry_bean_uci,37,37
tuning_train,l1_fixed,4,194,0-7-13,0.0,dry_bean_uci,dry_bean_uci,37,37
tuning_train,l1_fixed,4,195,0-7-14,0.0,dry_bean_uci,dry_bean_uci,37,37
tuning_train,l1_fixed,4,196,0-7-15,0.0,dry_bean_uci,dry_bean_uci,37,37
tuning_train,l1_fixed,4,197,0-8-9,0.0,dry_bean_uci,dry_bean_uci,37,37
tuning_train,l1_fixed,4,198,0-8-10,0.0,dry_bean_uci,dry_bean_uci,37,37
tuning_train,l1_fixed,4,199,0-8-11,0.0,dry_bean_uci,dry_bean_uci,37,37
tuning_train,l1_fixed,4,200,0-8-12,0.0,dry_bean_uci,dry_bean_uci,37,37
tuning_train,l1_fixed,4,201,0-8-13,0.0,dry_bean_uci,dry_bean_uci,37,37
tuning_train,l1_fixed,4,202,0-8-14,0.0,dry_bean_uci,dry_bean_uci,37,37
tuning_train,l1_fixed,4,203,0-8-15,0.0,dry_bean_uci,dry_bean_uci,37,37
tuning_train,l1_fixed,4,204,0-9-10,0.0,dry_bean_uci,dry_bean_uci,37,37
tuning_train,l1_fixed,4,205,0-9-11,0.0,dry_bean_uci,dry_bean_uci,37,37
tuning_train,l1_fixed,4,206,0-9-12,0.0,dry_bean_uci,dry_bean_uci,37,37
tuning_train,l1_fixed,4,207,0-9-13,0.0,dry_bean_uci,dry_bean_uci,37,37
tuning_train,l1_fixed,4,208,0-9-14,0.0,dry_bean_uci,dry_bean_uci,37,37
tuning_train,l1_fixed,4,209,0-9-15,0.0,dry_bean_uci,dry_bean_uci,37,37
tuning_train,l1_fixed,4,210,0-10-11,0.0,dry_bean_uci,dry_bean_uci,37,37
tuning_train,l1_fixed,4,211,0-10-12,0.0,dry_bean_uci,dry_bean_uci,37,37
tuning_train,l1_fixed,4,212,0-10-13,0.0,dry_bean_uci,dry_bean_uci,37,37
tuning_train,l1_fixed,4,213,0-10-14,0.0,dry_bean_uci,dry_bean_uci,37,37
tuning_train,l1_fixed,4,214,0-10-15,0.0,dry_bean_uci,dry_bean_uci,37,37
tuning_train,l1_fixed,4,215,0-11-12,0.0,dry_bean_uci,dry_bean_uci,37,37
tuning_train,l1_fixed,4,216,0-11-13,0.0,dry_bean_uci,dry_bean_uci,37,37
tuning_train,l1_fixed,4,217,0-11-14,0.0,dry_bean_uci,dry_bean_uci,37,37
tuning_train,l1_fixed,4,218,0-11-15,0.0,dry_bean_uci,dry_bean_uci,37,37
tuning_train,l1_fixed,4,219,0-12-13,0.0,dry_bean_uci,dry_bean_uci,37,37
tuning_train,l1_fixed,4,220,0-12-14,0.0,dry_bean_uci,dry_bean_uci,37,37
tuning_train,l1_fixed,4,221,0-12-15,0.0,dry_bean_uci,dry_bean_uci,37,37
tuning_train,l1_fixed,4,222,0-13-14,0.0,dry_bean_uci,dry_bean_uci,37,37
tuning_train,l1_fixed,4,223,0-13-15,0.0,dry_bean_uci,dry_bean_uci,37,37
tuning_train,l1_fixed,4,224,0-14-15,0.0,dry_bean_uci,dry_bean_uci,37,37
tuning_train,l1_fixed,4,225,1-2-3,0.0,dry_bean_uci,dry_bean_uci,37,37
tuning_train,l1_fixed,4,226,1-2-4,0.0,dry_bean_uci,dry_bean_uci,37,37
tuning_train,l1_fixed,4,227,1-2-5,0.0,dry_bean_uci,dry_bean_uci,37,37
tuning_train,l1_fixed,4,228,1-2-6,0.0,dry_bean_uci,dry_bean_uci,37,37
tuning_train,l1_fixed,4,229,1-2-7,0.0,dry_bean_uci,dry_bean_uci,37,37
tuning_train,l1_fixed,4,230,1-2-8,0.0,dry_bean_uci,dry_bean_uci,37,37
tuning_train,l1_fixed,4,231,1-2-9,0.0,dry_bean_uci,dry_bean_uci,37,37
tuning_train,l1_fixed,4,232,1-2-10,0.0,dry_bean_uci,dry_bean_uci,37,37
tuning_train,l1_fixed,4,233,1-2-11,0.0,dry_bean_uci,dry_bean_uci,37,37
tuning_train,l1_fixed,4,234,1-2-12,0.0,dry_bean_uci,dry_bean_uci,37,37
tuning_train,l1_fixed,4,235,1-2-13,0.0,dry_bean_uci,dry_bean_uci,37,37
tuning_train,l1_fixed,4,236,1-2-14,0.0,dry_bean_uci,dry_bean_uci,37,37
tuning_train,l1_fixed,4,237,1-2-15,0.0,dry_bean_uci,dry_bean_uci,37,37
tuning_train,l1_fixed,4,238,1-3-4,0.0,dry_bean_uci,dry_bean_uci,37,37
tuning_train,l1_fixed,4,239,1-3-5,0.0,dry_bean_uci,dry_bean_uci,37,37
tuning_train,l1_fixed,4,240,1-3-6,0.0,dry_bean_uci,dry_bean_uci,37,37
tuning_train,l1_fixed,4,241,1-3-7,0.0,dry_bean_uci,dry_bean_uci,37,37
tuning_train,l1_fixed,4,242,1-3-8,0.0,dry_bean_uci,dry_bean_uci,37,37
tuning_train,l1_fixed,4,243,1-3-9,0.0,dry_bean_uci,dry_bean_uci,37,37
tuning_train,l1_fixed,4,244,1-3-10,0.0,dry_bean_uci,dry_bean_uci,37,37
tuning_train,l1_fixed,4,245,1-3-11,0.0,dry_bean_uci,dry_bean_uci,37,37
tuning_train,l1_fixed,4,246,1-3-12,0.0,dry_bean_uci,dry_bean_uci,37,37
tuning_train,l1_fixed,4,247,1-3-13,0.0,dry_bean_uci,dry_bean_uci,37,37
tuning_train,l1_fixed,4,248,1-3-14,0.0,dry_bean_uci,dry_bean_uci,37,37
tuning_train,l1_fixed,4,249,1-3-15,0.0,dry_bean_uci,dry_bean_uci,37,37
tuning_train,l1_fixed,4,250,1-4-5,0.0,dry_bean_uci,dry_bean_uci,37,37
tuning_train,l1_fixed,4,251,1-4-6,0.0,dry_bean_uci,dry_bean_uci,37,37
tuning_train,l1_fixed,4,252,1-4-7,0.0,dry_bean_uci,dry_bean_uci,37,37
tuning_train,l1_fixed,4,253,1-4-8,0.0,dry_bean_uci,dry_bean_uci,37,37
tuning_train,l1_fixed,4,254,1-4-9,0.0,dry_bean_uci,dry_bean_uci,37,37
tuning_train,l1_fixed,4,255,1-4-10,0.0,dry_bean_uci,dry_bean_uci,37,37
tuning_train,l1_fixed,4,256,1-4-11,0.0,dry_bean_uci,dry_bean_uci,37,37
tuning_train,l1_fixed,4,257,1-4-12,0.0,dry_bean_uci,dry_bean_uci,37,37
tuning_train,l1_fixed,4,258,1-4-13,0.0,dry_bean_uci,dry_bean_uci,37,37
tuning_train,l1_fixed,4,259,1-4-14,0.0,dry_bean_uci,dry_bean_uci,37,37
tuning_train,l1_fixed,4,260,1-4-15,0.0,dry_bean_uci,dry_bean_uci,37,37
tuning_train,l1_fixed,4,261,1-5-6,0.0,dry_bean_uci,dry_bean_uci,37,37
tuning_train,l1_fixed,4,262,1-5-7,0.0,dry_bean_uci,dry_bean_uci,37,37
tuning_train,l1_fixed,4,263,1-5-8,0.0,dry_bean_uci,dry_bean_uci,37,37
tuning_train,l1_fixed,4,264,1-5-9,0.0,dry_bean_uci,dry_bean_uci,37,37
tuning_train,l1_fixed,4,265,1-5-10,0.0,dry_bean_uci,dry_bean_uci,37,37
tuning_train,l1_fixed,4,266,1-5-11,0.0,dry_bean_uci,dry_bean_uci,37,37
tuning_train,l1_fixed,4,267,1-5-12,0.0,dry_bean_uci,dry_bean_uci,37,37
tuning_train,l1_fixed,4,268,1-5-13,0.0,dry_bean_uci,dry_bean_uci,37,37
tuning_train,l1_fixed,4,269,1-5-14,0.0,dry_bean_uci,dry_bean_uci,37,37
tuning_train,l1_fixed,4,270,1-5-15,0.0,dry_bean_uci,dry_bean_uci,37,37
tuning_train,l1_fixed,4,271,1-6-7,0.0,dry_bean_uci,dry_bean_uci,37,37
tuning_train,l1_fixed,4,272,1-6-8,0.0,dry_bean_uci,dry_bean_uci,37,37
tuning_train,l1_fixed,4,273,1-6-9,0.0,dry_bean_uci,dry_bean_uci,37,37
tuning_train,l1_fixed,4,274,1-6-10,0.0,dry_bean_uci,dry_bean_uci,37,37
tuning_train,l1_fixed,4,275,1-6-11,0.0,dry_bean_uci,dry_bean_uci,37,37
tuning_train,l1_fixed,4,276,1-6-12,0.0,dry_bean_uci,dry_bean_uci,37,37
tuning_train,l1_fixed,4,277,1-6-13,0.0,dry_bean_uci,dry_bean_uci,37,37
tuning_train,l1_fixed,4,278,1-6-14,0.0,dry_bean_uci,dry_bean_uci,37,37
tuning_train,l1_fixed,4,279,1-6-15,0.0,dry_bean_uci,dry_bean_uci,37,37
tuning_train,l1_fixed,4,280,1-7-8,0.0,dry_bean_uci,dry_bean_uci,37,37
tuning_train,l1_fixed,4,281,1-7-9,0.0,dry_bean_uci,dry_bean_uci,37,37
tuning_train,l1_fixed,4,282,1-7-10,0.0,dry_bean_uci,dry_bean_uci,37,37
tuning_train,l1_fixed,4,283,1-7-11,0.0,dry_bean_uci,dry_bean_uci,37,37
tuning_train,l1_fixed,4,284,1-7-12,0.0,dry_bean_uci,dry_bean_uci,37,37
tuning_train,l1_fixed,4,285,1-7-13,0.0,dry_bean_uci,dry_bean_uci,37,37
tuning_train,l1_fixed,4,286,1-7-14,0.0,dry_bean_uci,dry_bean_uci,37,37
tuning_train,l1_fixed,4,287,1-7-15,0.0,dry_bean_uci,dry_bean_uci,37,37
tuning_train,l1_fixed,4,288,1-8-9,0.0,dry_bean_uci,dry_bean_uci,37,37
tuning_train,l1_fixed,4,289,1-8-10,0.0,dry_bean_uci,dry_bean_uci,37,37
tuning_train,l1_fixed,4,290,1-8-11,0.0,dry_bean_uci,dry_bean_uci,37,37
tuning_train,l1_fixed,4,291,1-8-12,0.0,dry_bean_uci,dry_bean_uci,37,37
tuning_train,l1_fixed,4,292,1-8-13,0.0,dry_bean_uci,dry_bean_uci,37,37
tuning_train,l1_fixed,4,293,1-8-14,0.0,dry_bean_uci,dry_bean_uci,37,37
tuning_train,l1_fixed,4,294,1-8-15,0.0,dry_bean_uci,dry_bean_uci,37,37
tuning_train,l1_fixed,4,295,1-9-10,0.0,dry_bean_uci,dry_bean_uci,37,37
tuning_train,l1_fixed,4,296,1-9-11,0.0,dry_bean_uci,dry_bean_uci,37,37
tuning_train,l1_fixed,4,297,1-9-12,0.0,dry_bean_uci,dry_bean_uci,37,37
tuning_train,l1_fixed,4,298,1-9-13,0.0,dry_bean_uci,dry_bean_uci,37,37
tuning_train,l1_fixed,4,299,1-9-14,0.0,dry_bean_uci,dry_bean_uci,37,37
tuning_train,l1_fixed,4,300,1-9-15,0.0,dry_bean_uci,dry_bean_uci,37,37
tuning_train,l1_fixed,4,301,1-10-11,0.0,dry_bean_uci,dry_bean_uci,37,37
tuning_train,l1_fixed,4,302,1-10-12,0.0,dry_bean_uci,dry_bean_uci,37,37
tuning_train,l1_fixed,4,303,1-10-13,0.0,dry_bean_uci,dry_bean_uci,37,37
tuning_train,l1_fixed,4,304,1-10-14,0.0,dry_bean_uci,dry_bean_uci,37,37
tuning_train,l1_fixed,4,305,1-10-15,0.0,dry_bean_uci,dry_bean_uci,37,37
tuning_train,l1_fixed,4,306,1-11-12,0.0,dry_bean_uci,dry_bean_uci,37,37
tuning_train,l1_fixed,4,307,1-11-13,0.0,dry_bean_uci,dry_bean_uci,37,37
tuning_train,l1_fixed,4,308,1-11-14,0.0,dry_bean_uci,dry_bean_uci,37,37
tuning_train,l1_fixed,4,309,1-11-15,0.0,dry_bean_uci,dry_bean_uci,37,37
tuning_train,l1_fixed,4,310,1-12-13,0.0,dry_bean_uci,dry_bean_uci,37,37
tuning_train,l1_fixed,4,311,1-12-14,0.0,dry_bean_uci,dry_bean_uci,37,37
tuning_train,l1_fixed,4,312,1-12-15,0.0,dry_bean_uci,dry_bean_uci,37,37
tuning_train,l1_fixed,4,313,1-13-14,0.0,dry_bean_uci,dry_bean_uci,37,37
tuning_train,l1_fixed,4,314,1-13-15,0.0,dry_bean_uci,dry_bean_uci,37,37
tuning_train,l1_fixed,4,315,1-14-15,0.0,dry_bean_uci,dry_bean_uci,37,37
tuning_train,l1_fixed,4,316,2-3-4,0.0,dry_bean_uci,dry_bean_uci,37,37
tuning_train,l1_fixed,4,317,2-3-5,0.0,dry_bean_uci,dry_bean_uci,37,37
tuning_train,l1_fixed,4,318,2-3-6,0.0,dry_bean_uci,dry_bean_uci,37,37
tuning_train,l1_fixed,4,319,2-3-7,0.0,dry_bean_uci,dry_bean_uci,37,37
tuning_train,l1_fixed,4,320,2-3-8,0.0,dry_bean_uci,dry_bean_uci,37,37
tuning_train,l1_fixed,4,321,2-3-9,0.0,dry_bean_uci,dry_bean_uci,37,37
tuning_train,l1_fixed,4,322,2-3-10,0.0,dry_bean_uci,dry_bean_uci,37,37
tuning_train,l1_fixed,4,323,2-3-11,0.0,dry_bean_uci,dry_bean_uci,37,37
tuning_train,l1_fixed,4,324,2-3-12,0.0,dry_bean_uci,dry_bean_uci,37,37
tuning_train,l1_fixed,4,325,2-3-13,0.0,dry_bean_uci,dry_bean_uci,37,37
tuning_train,l1_fixed,4,326,2-3-14,0.0,dry_bean_uci,dry_bean_uci,37,37
tuning_train,l1_fixed,4,327,2-3-15,0.0,dry_bean_uci,dry_bean_uci,37,37
tuning_train,l1_fixed,4,328,2-4-5,0.0,dry_bean_uci,dry_bean_uci,37,37
tuning_train,l1_fixed,4,329,2-4-6,0.0,dry_bean_uci,dry_bean_uci,37,37
tuning_train,l1_fixed,4,330,2-4-7,0.0,dry_bean_uci,dry_bean_uci,37,37
tuning_train,l1_fixed,4,331,2-4-8,0.0,dry_bean_uci,dry_bean_uci,37,37
tuning_train,l1_fixed,4,332,2-4-9,0.0,dry_bean_uci,dry_bean_uci,37,37
tuning_train,l1_fixed,4,333,2-4-10,0.0,dry_bean_uci,dry_bean_uci,37,37
tuning_train,l1_fixed,4,334,2-4-11,0.0,dry_bean_uci,dry_bean_uci,37,37
tuning_train,l1_fixed,4,335,2-4-12,0.0,dry_bean_uci,dry_bean_uci,37,37
tuning_train,l1_fixed,4,336,2-4-13,0.0,dry_bean_uci,dry_bean_uci,37,37
tuning_train,l1_fixed,4,337,2-4-14,0.0,dry_bean_uci,dry_bean_uci,37,37
tuning_train,l1_fixed,4,338,2-4-15,0.0,dry_bean_uci,dry_bean_uci,37,37
tuning_train,l1_fixed,4,339,2-5-6,0.0,dry_bean_uci,dry_bean_uci,37,37
tuning_train,l1_fixed,4,340,2-5-7,0.0,dry_bean_uci,dry_bean_uci,37,37
tuning_train,l1_fixed,4,341,2-5-8,0.0,dry_bean_uci,dry_bean_uci,37,37
tuning_train,l1_fixed,4,342,2-5-9,0.0,dry_bean_uci,dry_bean_uci,37,37
tuning_train,l1_fixed,4,343,2-5-10,0.0,dry_bean_uci,dry_bean_uci,37,37
tuning_train,l1_fixed,4,344,2-5-11,0.0,dry_bean_uci,dry_bean_uci,37,37
tuning_train,l1_fixed,4,345,2-5-12,0.0,dry_bean_uci,dry_bean_uci,37,37
tuning_train,l1_fixed,4,346,2-5-13,0.0,dry_bean_uci,dry_bean_uci,37,37
tuning_train,l1_fixed,4,347,2-5-14,0.0,dry_bean_uci,dry_bean_uci,37,37
tuning_train,l1_fixed,4,348,2-5-15,0.0,dry_bean_uci,dry_bean_uci,37,37
tuning_train,l1_fixed,4,349,2-6-7,0.0,dry_bean_uci,dry_bean_uci,37,37
tuning_train,l1_fixed,4,350,2-6-8,0.0,dry_bean_uci,dry_bean_uci,37,37
tuning_train,l1_fixed,4,351,2-6-9,0.0,dry_bean_uci,dry_bean_uci,37,37
tuning_train,l1_fixed,4,352,2-6-10,0.0,dry_bean_uci,dry_bean_uci,37,37
tuning_train,l1_fixed,4,353,2-6-11,0.0,dry_bean_uci,dry_bean_uci,37,37
tuning_train,l1_fixed,4,354,2-6-12,0.0,dry_bean_uci,dry_bean_uci,37,37
tuning_train,l1_fixed,4,355,2-6-13,0.0,dry_bean_uci,dry_bean_uci,37,37
tuning_train,l1_fixed,4,356,2-6-14,0.0,dry_bean_uci,dry_bean_uci,37,37
tuning_train,l1_fixed,4,357,2-6-15,0.0,dry_bean_uci,dry_bean_uci,37,37
tuning_train,l1_fixed,4,358,2-7-8,0.0,dry_bean_uci,dry_bean_uci,37,37
tuning_train,l1_fixed,4,359,2-7-9,0.0,dry_bean_uci,dry_bean_uci,37,37
tuning_train,l1_fixed,4,360,2-7-10,0.0,dry_bean_uci,dry_bean_uci,37,37
tuning_train,l1_fixed,4,361,2-7-11,0.0,dry_bean_uci,dry_bean_uci,37,37
tuning_train,l1_fixed,4,362,2-7-12,0.0,dry_bean_uci,dry_bean_uci,37,37
tuning_train,l1_fixed,4,363,2-7-13,0.0,dry_bean_uci,dry_bean_uci,37,37
tuning_train,l1_fixed,4,364,2-7-14,0.0,dry_bean_uci,dry_bean_uci,37,37
tuning_train,l1_fixed,4,365,2-7-15,0.0,dry_bean_uci,dry_bean_uci,37,37
tuning_train,l1_fixed,4,366,2-8-9,0.0,dry_bean_uci,dry_bean_uci,37,37
tuning_train,l1_fixed,4,367,2-8-10,0.0,dry_bean_uci,dry_bean_uci,37,37
tuning_train,l1_fixed,4,368,2-8-11,0.0,dry_bean_uci,dry_bean_uci,37,37
tuning_train,l1_fixed,4,369,2-8-12,0.0,dry_bean_uci,dry_bean_uci,37,37
tuning_train,l1_fixed,4,370,2-8-13,0.0,dry_bean_uci,dry_bean_uci,37,37
tuning_train,l1_fixed,4,371,2-8-14,0.0,dry_bean_uci,dry_bean_uci,37,37
tuning_train,l1_fixed,4,372,2-8-15,0.0,dry_bean_uci,dry_bean_uci,37,37
tuning_train,l1_fixed,4,373,2-9-10,0.0,dry_bean_uci,dry_bean_uci,37,37
tuning_train,l1_fixed,4,374,2-9-11,0.0,dry_bean_uci,dry_bean_uci,37,37
tuning_train,l1_fixed,4,375,2-9-12,0.0,dry_bean_uci,dry_bean_uci,37,37
tuning_train,l1_fixed,4,376,2-9-13,0.0,dry_bean_uci,dry_bean_uci,37,37
tuning_train,l1_fixed,4,377,2-9-14,0.0,dry_bean_uci,dry_bean_uci,37,37
tuning_train,l1_fixed,4,378,2-9-15,0.0,dry_bean_uci,dry_bean_uci,37,37
tuning_train,l1_fixed,4,379,2-10-11,0.0,dry_bean_uci,dry_bean_uci,37,37
tuning_train,l1_fixed,4,380,2-10-12,0.0,dry_bean_uci,dry_bean_uci,37,37
tuning_train,l1_fixed,4,381,2-10-13,0.0,dry_bean_uci,dry_bean_uci,37,37
tuning_train,l1_fixed,4,382,2-10-14,0.0,dry_bean_uci,dry_bean_uci,37,37
tuning_train,l1_fixed,4,383,2-10-15,0.0,dry_bean_uci,dry_bean_uci,37,37
tuning_train,l1_fixed,4,384,2-11-12,0.0,dry_bean_uci,dry_bean_uci,37,37
tuning_train,l1_fixed,4,385,2-11-13,0.0,dry_bean_uci,dry_bean_uci,37,37
tuning_train,l1_fixed,4,386,2-11-14,0.0,dry_bean_uci,dry_bean_uci,37,37
tuning_train,l1_fixed,4,387,2-11-15,0.0,dry_bean_uci,dry_bean_uci,37,37
tuning_train,l1_fixed,4,388,2-12-13,0.0,dry_bean_uci,dry_bean_uci,37,37
tuning_train,l1_fixed,4,389,2-12-14,0.0,dry_bean_uci,dry_bean_uci,37,37
tuning_train,l1_fixed,4,390,2-12-15,0.0,dry_bean_uci,dry_bean_uci,37,37
tuning_train,l1_fixed,4,391,2-13-14,0.0,dry_bean_uci,dry_bean_uci,37,37
tuning_train,l1_fixed,4,392,2-13-15,0.0,dry_bean_uci,dry_bean_uci,37,37
tuning_train,l1_fixed,4,393,2-14-15,0.0,dry_bean_uci,dry_bean_uci,37,37
tuning_train,l1_fixed,4,394,3-4-5,0.0,dry_bean_uci,dry_bean_uci,37,37
tuning_train,l1_fixed,4,395,3-4-6,0.0,dry_bean_uci,dry_bean_uci,37,37
tuning_train,l1_fixed,4,396,3-4-7,0.0,dry_bean_uci,dry_bean_uci,37,37
tuning_train,l1_fixed,4,397,3-4-8,0.0,dry_bean_uci,dry_bean_uci,37,37
tuning_train,l1_fixed,4,398,3-4-9,0.0,dry_bean_uci,dry_bean_uci,37,37
tuning_train,l1_fixed,4,399,3-4-10,0.0,dry_bean_uci,dry_bean_uci,37,37
tuning_train,l1_fixed,4,400,3-4-11,0.0,dry_bean_uci,dry_bean_uci,37,37
tuning_train,l1_fixed,4,401,3-4-12,0.0,dry_bean_uci,dry_bean_uci,37,37
tuning_train,l1_fixed,4,402,3-4-13,0.0,dry_bean_uci,dry_bean_uci,37,37
tuning_train,l1_fixed,4,403,3-4-14,0.0,dry_bean_uci,dry_bean_uci,37,37
tuning_train,l1_fixed,4,404,3-4-15,0.0,dry_bean_uci,dry_bean_uci,37,37
tuning_train,l1_fixed,4,405,3-5-6,0.0,dry_bean_uci,dry_bean_uci,37,37
tuning_train,l1_fixed,4,406,3-5-7,0.0,dry_bean_uci,dry_bean_uci,37,37
tuning_train,l1_fixed,4,407,3-5-8,0.0,dry_bean_uci,dry_bean_uci,37,37
tuning_train,l1_fixed,4,408,3-5-9,0.0,dry_bean_uci,dry_bean_uci,37,37
tuning_train,l1_fixed,4,409,3-5-10,0.0,dry_bean_uci,dry_bean_uci,37,37
tuning_train,l1_fixed,4,410,3-5-11,0.0,dry_bean_uci,dry_bean_uci,37,37
tuning_train,l1_fixed,4,411,3-5-12,0.0,dry_bean_uci,dry_bean_uci,37,37
tuning_train,l1_fixed,4,412,3-5-13,0.0,dry_bean_uci,dry_bean_uci,37,37
tuning_train,l1_fixed,4,413,3-5-14,0.0,dry_bean_uci,dry_bean_uci,37,37
tuning_train,l1_fixed,4,414,3-5-15,0.0,dry_bean_uci,dry_bean_uci,37,37
tuning_train,l1_fixed,4,415,3-6-7,0.0,dry_bean_uci,dry_bean_uci,37,37
tuning_train,l1_fixed,4,416,3-6-8,0.0,dry_bean_uci,dry_bean_uci,37,37
tuning_train,l1_fixed,4,417,3-6-9,0.0,dry_bean_uci,dry_bean_uci,37,37
tuning_train,l1_fixed,4,418,3-6-10,0.0,dry_bean_uci,dry_bean_uci,37,37
tuning_train,l1_fixed,4,419,3-6-11,0.0,dry_bean_uci,dry_bean_uci,37,37
tuning_train,l1_fixed,4,420,3-6-12,0.0,dry_bean_uci,dry_bean_uci,37,37
tuning_train,l1_fixed,4,421,3-6-13,0.0,dry_bean_uci,dry_bean_uci,37,37
tuning_train,l1_fixed,4,422,3-6-14,0.0,dry_bean_uci,dry_bean_uci,37,37
tuning_train,l1_fixed,4,423,3-6-15,0.0,dry_bean_uci,dry_bean_uci,37,37
tuning_train,l1_fixed,4,424,3-7-8,0.0,dry_bean_uci,dry_bean_uci,37,37
tuning_train,l1_fixed,4,425,3-7-9,0.0,dry_bean_uci,dry_bean_uci,37,37
tuning_train,l1_fixed,4,426,3-7-10,0.0,dry_bean_uci,dry_bean_uci,37,37
tuning_train,l1_fixed,4,427,3-7-11,0.0,dry_bean_uci,dry_bean_uci,37,37
tuning_train,l1_fixed,4,428,3-7-12,0.0,dry_bean_uci,dry_bean_uci,37,37
tuning_train,l1_fixed,4,429,3-7-13,0.0,dry_bean_uci,dry_bean_uci,37,37
tuning_train,l1_fixed,4,430,3-7-14,0.0,dry_bean_uci,dry_bean_uci,37,37
tuning_train,l1_fixed,4,431,3-7-15,0.0,dry_bean_uci,dry_bean_uci,37,37
tuning_train,l1_fixed,4,432,3-8-9,0.0,dry_bean_uci,dry_bean_uci,37,37
tuning_train,l1_fixed,4,433,3-8-10,0.0,dry_bean_uci,dry_bean_uci,37,37
tuning_train,l1_fixed,4,434,3-8-11,0.0,dry_bean_uci,dry_bean_uci,37,37
tuning_train,l1_fixed,4,435,3-8-12,0.0,dry_bean_uci,dry_bean_uci,37,37
tuning_train,l1_fixed,4,436,3-8-13,0.0,dry_bean_uci,dry_bean_uci,37,37
tuning_train,l1_fixed,4,437,3-8-14,0.0,dry_bean_uci,dry_bean_uci,37,37
tuning_train,l1_fixed,4,438,3-8-15,0.0,dry_bean_uci,dry_bean_uci,37,37
tuning_train,l1_fixed,4,439,3-9-10,0.0,dry_bean_uci,dry_bean_uci,37,37
tuning_train,l1_fixed,4,440,3-9-11,0.0,dry_bean_uci,dry_bean_uci,37,37
tuning_train,l1_fixed,4,441,3-9-12,0.0,dry_bean_uci,dry_bean_uci,37,37
tuning_train,l1_fixed,4,442,3-9-13,0.0,dry_bean_uci,dry_bean_uci,37,37
tuning_train,l1_fixed,4,443,3-9-14,0.0,dry_bean_uci,dry_bean_uci,37,37
tuning_train,l1_fixed,4,444,3-9-15,0.0,dry_bean_uci,dry_bean_uci,37,37
tuning_train,l1_fixed,4,445,3-10-11,0.0,dry_bean_uci,dry_bean_uci,37,37
tuning_train,l1_fixed,4,446,3-10-12,0.0,dry_bean_uci,dry_bean_uci,37,37
tuning_train,l1_fixed,4,447,3-10-13,0.0,dry_bean_uci,dry_bean_uci,37,37
tuning_train,l1_fixed,4,448,3-10-14,0.0,dry_bean_uci,dry_bean_uci,37,37
tuning_train,l1_fixed,4,449,3-10-15,0.0,dry_bean_uci,dry_bean_uci,37,37
tuning_train,l1_fixed,4,450,3-11-12,0.0,dry_bean_uci,dry_bean_uci,37,37
tuning_train,l1_fixed,4,451,3-11-13,0.0,dry_bean_uci,dry_bean_uci,37,37
tuning_train,l1_fixed,4,452,3-11-14,0.0,dry_bean_uci,dry_bean_uci,37,37
tuning_train,l1_fixed,4,453,3-11-15,0.0,dry_bean_uci,dry_bean_uci,37,37
tuning_train,l1_fixed,4,454,3-12-13,0.0,dry_bean_uci,dry_bean_uci,37,37
tuning_train,l1_fixed,4,455,3-12-14,0.0,dry_bean_uci,dry_bean_uci,37,37
tuning_train,l1_fixed,4,456,3-12-15,0.0,dry_bean_uci,dry_bean_uci,37,37
tuning_train,l1_fixed,4,457,3-13-14,0.0,dry_bean_uci,dry_bean_uci,37,37
tuning_train,l1_fixed,4,458,3-13-15,0.0,dry_bean_uci,dry_bean_uci,37,37
tuning_train,l1_fixed,4,459,3-14-15,0.0,dry_bean_uci,dry_bean_uci,37,37
tuning_train,l1_fixed,4,460,4-5-6,0.0,dry_bean_uci,dry_bean_uci,37,37
tuning_train,l1_fixed,4,461,4-5-7,0.0,dry_bean_uci,dry_bean_uci,37,37
tuning_train,l1_fixed,4,462,4-5-8,0.0,dry_bean_uci,dry_bean_uci,37,37
tuning_train,l1_fixed,4,463,4-5-9,0.0,dry_bean_uci,dry_bean_uci,37,37
tuning_train,l1_fixed,4,464,4-5-10,0.0,dry_bean_uci,dry_bean_uci,37,37
tuning_train,l1_fixed,4,465,4-5-11,0.0,dry_bean_uci,dry_bean_uci,37,37
tuning_train,l1_fixed,4,466,4-5-12,0.0,dry_bean_uci,dry_bean_uci,37,37
tuning_train,l1_fixed,4,467,4-5-13,0.0,dry_bean_uci,dry_bean_uci,37,37
tuning_train,l1_fixed,4,468,4-5-14,0.0,dry_bean_uci,dry_bean_uci,37,37
tuning_train,l1_fixed,4,469,4-5-15,0.0,dry_bean_uci,dry_bean_uci,37,37
tuning_train,l1_fixed,4,470,4-6-7,0.0,dry_bean_uci,dry_bean_uci,37,37
tuning_train,l1_fixed,4,471,4-6-8,0.0,dry_bean_uci,dry_bean_uci,37,37
tuning_train,l1_fixed,4,472,4-6-9,0.0,dry_bean_uci,dry_bean_uci,37,37
tuning_train,l1_fixed,4,473,4-6-10,0.0,dry_bean_uci,dry_bean_uci,37,37
tuning_train,l1_fixed,4,474,4-6-11,0.0,dry_bean_uci,dry_bean_uci,37,37
tuning_train,l1_fixed,4,475,4-6-12,0.0,dry_bean_uci,dry_bean_uci,37,37
tuning_train,l1_fixed,4,476,4-6-13,0.0,dry_bean_uci,dry_bean_uci,37,37
tuning_train,l1_fixed,4,477,4-6-14,0.0,dry_bean_uci,dry_bean_uci,37,37
tuning_train,l1_fixed,4,478,4-6-15,0.0,dry_bean_uci,dry_bean_uci,37,37
tuning_train,l1_fixed,4,479,4-7-8,0.0,dry_bean_uci,dry_bean_uci,37,37
tuning_train,l1_fixed,4,480,4-7-9,0.0,dry_bean_uci,dry_bean_uci,37,37
tuning_train,l1_fixed,4,481,4-7-10,0.0,dry_bean_uci,dry_bean_uci,37,37
tuning_train,l1_fixed,4,482,4-7-11,0.0,dry_bean_uci,dry_bean_uci,37,37
tuning_train,l1_fixed,4,483,4-7-12,0.0,dry_bean_uci,dry_bean_uci,37,37
tuning_train,l1_fixed,4,484,4-7-13,0.0,dry_bean_uci,dry_bean_uci,37,37
tuning_train,l1_fixed,4,485,4-7-14,0.0,dry_bean_uci,dry_bean_uci,37,37
tuning_train,l1_fixed,4,486,4-7-15,0.0,dry_bean_uci,dry_bean_uci,37,37
tuning_train,l1_fixed,4,487,4-8-9,0.0,dry_bean_uci,dry_bean_uci,37,37
tuning_train,l1_fixed,4,488,4-8-10,0.0,dry_bean_uci,dry_bean_uci,37,37
tuning_train,l1_fixed,4,489,4-8-11,0.0,dry_bean_uci,dry_bean_uci,37,37
tuning_train,l1_fixed,4,490,4-8-12,0.0,dry_bean_uci,dry_bean_uci,37,37
tuning_train,l1_fixed,4,491,4-8-13,0.0,dry_bean_uci,dry_bean_uci,37,37
tuning_train,l1_fixed,4,492,4-8-14,0.0,dry_bean_uci,dry_bean_uci,37,37
tuning_train,l1_fixed,4,493,4-8-15,0.0,dry_bean_uci,dry_bean_uci,37,37
tuning_train,l1_fixed,4,494,4-9-10,0.0,dry_bean_uci,dry_bean_uci,37,37
tuning_train,l1_fixed,4,495,4-9-11,0.0,dry_bean_uci,dry_bean_uci,37,37
tuning_train,l1_fixed,4,496,4-9-12,0.0,dry_bean_uci,dry_bean_uci,37,37
tuning_train,l1_fixed,4,497,4-9-13,0.0,dry_bean_uci,dry_bean_uci,37,37
tuning_train,l1_fixed,4,498,4-9-14,0.0,dry_bean_uci,dry_bean_uci,37,37
tuning_train,l1_fixed,4,499,4-9-15,0.0,dry_bean_uci,dry_bean_uci,37,37
tuning_train,l1_fixed,4,500,4-10-11,0.0,dry_bean_uci,dry_bean_uci,37,37
tuning_train,l1_fixed,4,501,4-10-12,0.0,dry_bean_uci,dry_bean_uci,37,37
tuning_train,l1_fixed,4,502,4-10-13,0.0,dry_bean_uci,dry_bean_uci,37,37
tuning_train,l1_fixed,4,503,4-10-14,0.0,dry_bean_uci,dry_bean_uci,37,37
tuning_train,l1_fixed,4,504,4-10-15,0.0,dry_bean_uci,dry_bean_uci,37,37
tuning_train,l1_fixed,4,505,4-11-12,0.0,dry_bean_uci,dry_bean_uci,37,37
tuning_train,l1_fixed,4,506,4-11-13,0.0,dry_bean_uci,dry_bean_uci,37,37
tuning_train,l1_fixed,4,507,4-11-14,0.0,dry_bean_uci,dry_bean_uci,37,37
tuning_train,l1_fixed,4,508,4-11-15,0.0,dry_bean_uci,dry_bean_uci,37,37
tuning_train,l1_fixed,4,509,4-12-13,0.0,dry_bean_uci,dry_bean_uci,37,37
tuning_train,l1_fixed,4,510,4-12-14,0.0,dry_bean_uci,dry_bean_uci,37,37
tuning_train,l1_fixed,4,511,4-12-15,0.0,dry_bean_uci,dry_bean_uci,37,37
tuning_train,l1_fixed,4,512,4-13-14,0.0,dry_bean_uci,dry_bean_uci,37,37
tuning_train,l1_fixed,4,513,4-13-15,0.0,dry_bean_uci,dry_bean_uci,37,37
tuning_train,l1_fixed,4,514,4-14-15,0.0,dry_bean_uci,dry_bean_uci,37,37
tuning_train,l1_fixed,4,515,5-6-7,0.0,dry_bean_uci,dry_bean_uci,37,37
tuning_train,l1_fixed,4,516,5-6-8,0.0,dry_bean_uci,dry_bean_uci,37,37
tuning_train,l1_fixed,4,517,5-6-9,0.0,dry_bean_uci,dry_bean_uci,37,37
tuning_train,l1_fixed,4,518,5-6-10,0.0,dry_bean_uci,dry_bean_uci,37,37
tuning_train,l1_fixed,4,519,5-6-11,0.0,dry_bean_uci,dry_bean_uci,37,37
tuning_train,l1_fixed,4,520,5-6-12,0.0,dry_bean_uci,dry_bean_uci,37,37
tuning_train,l1_fixed,4,521,5-6-13,0.0,dry_bean_uci,dry_bean_uci,37,37
tuning_train,l1_fixed,4,522,5-6-14,0.0,dry_bean_uci,dry_bean_uci,37,37
tuning_train,l1_fixed,4,523,5-6-15,0.0,dry_bean_uci,dry_bean_uci,37,37
tuning_train,l1_fixed,4,524,5-7-8,0.0,dry_bean_uci,dry_bean_uci,37,37
tuning_train,l1_fixed,4,525,5-7-9,0.0,dry_bean_uci,dry_bean_uci,37,37
tuning_train,l1_fixed,4,526,5-7-10,0.0,dry_bean_uci,dry_bean_uci,37,37
tuning_train,l1_fixed,4,527,5-7-11,0.0,dry_bean_uci,dry_bean_uci,37,37
tuning_train,l1_fixed,4,528,5-7-12,0.0,dry_bean_uci,dry_bean_uci,37,37
tuning_train,l1_fixed,4,529,5-7-13,0.0,dry_bean_uci,dry_bean_uci,37,37
tuning_train,l1_fixed,4,530,5-7-14,0.0,dry_bean_uci,dry_bean_uci,37,37
tuning_train,l1_fixed,4,531,5-7-15,0.0,dry_bean_uci,dry_bean_uci,37,37
tuning_train,l1_fixed,4,532,5-8-9,0.0,dry_bean_uci,dry_bean_uci,37,37
tuning_train,l1_fixed,4,533,5-8-10,0.0,dry_bean_uci,dry_bean_uci,37,37
tuning_train,l1_fixed,4,534,5-8-11,0.0,dry_bean_uci,dry_bean_uci,37,37
tuning_train,l1_fixed,4,535,5-8-12,0.0,dry_bean_uci,dry_bean_uci,37,37
tuning_train,l1_fixed,4,536,5-8-13,0.0,dry_bean_uci,dry_bean_uci,37,37
tuning_train,l1_fixed,4,537,5-8-14,0.0,dry_bean_uci,dry_bean_uci,37,37
tuning_train,l1_fixed,4,538,5-8-15,0.0,dry_bean_uci,dry_bean_uci,37,37
tuning_train,l1_fixed,4,539,5-9-10,0.0,dry_bean_uci,dry_bean_uci,37,37
tuning_train,l1_fixed,4,540,5-9-11,0.0,dry_bean_uci,dry_bean_uci,37,37
tuning_train,l1_fixed,4,541,5-9-12,0.0,dry_bean_uci,dry_bean_uci,37,37
tuning_train,l1_fixed,4,542,5-9-13,0.0,dry_bean_uci,dry_bean_uci,37,37
tuning_train,l1_fixed,4,543,5-9-14,0.0,dry_bean_uci,dry_bean_uci,37,37
tuning_train,l1_fixed,4,544,5-9-15,0.0,dry_bean_uci,dry_bean_uci,37,37
tuning_train,l1_fixed,4,545,5-10-11,0.0,dry_bean_uci,dry_bean_uci,37,37
tuning_train,l1_fixed,4,546,5-10-12,0.0,dry_bean_uci,dry_bean_uci,37,37
tuning_train,l1_fixed,4,547,5-10-13,0.0,dry_bean_uci,dry_bean_uci,37,37
tuning_train,l1_fixed,4,548,5-10-14,0.0,dry_bean_uci,dry_bean_uci,37,37
tuning_train,l1_fixed,4,549,5-10-15,0.0,dry_bean_uci,dry_bean_uci,37,37
tuning_train,l1_fixed,4,550,5-11-12,0.0,dry_bean_uci,dry_bean_uci,37,37
tuning_train,l1_fixed,4,551,5-11-13,0.0,dry_bean_uci,dry_bean_uci,37,37
tuning_train,l1_fixed,4,552,5-11-14,0.0,dry_bean_uci,dry_bean_uci,37,37
tuning_train,l1_fixed,4,553,5-11-15,0.0,dry_bean_uci,dry_bean_uci,37,37
tuning_train,l1_fixed,4,554,5-12-13,0.0,dry_bean_uci,dry_bean_uci,37,37
tuning_train,l1_fixed,4,555,5-12-14,0.0,dry_bean_uci,dry_bean_uci,37,37
tuning_train,l1_fixed,4,556,5-12-15,0.0,dry_bean_uci,dry_bean_uci,37,37
tuning_train,l1_fixed,4,557,5-13-14,0.0,dry_bean_uci,dry_bean_uci,37,37
tuning_train,l1_fixed,4,558,5-13-15,0.0,dry_bean_uci,dry_bean_uci,37,37
tuning_train,l1_fixed,4,559,5-14-15,0.0,dry_bean_uci,dry_bean_uci,37,37
tuning_train,l1_fixed,4,560,6-7-8,0.0,dry_bean_uci,dry_bean_uci,37,37
tuning_train,l1_fixed,4,561,6-7-9,0.0,dry_bean_uci,dry_bean_uci,37,37
tuning_train,l1_fixed,4,562,6-7-10,0.0,dry_bean_uci,dry_bean_uci,37,37
tuning_train,l1_fixed,4,563,6-7-11,0.0,dry_bean_uci,dry_bean_uci,37,37
tuning_train,l1_fixed,4,564,6-7-12,0.0,dry_bean_uci,dry_bean_uci,37,37
tuning_train,l1_fixed,4,565,6-7-13,0.0,dry_bean_uci,dry_bean_uci,37,37
tuning_train,l1_fixed,4,566,6-7-14,0.0,dry_bean_uci,dry_bean_uci,37,37
tuning_train,l1_fixed,4,567,6-7-15,0.0,dry_bean_uci,dry_bean_uci,37,37
tuning_train,l1_fixed,4,568,6-8-9,0.0,dry_bean_uci,dry_bean_uci,37,37
tuning_train,l1_fixed,4,569,6-8-10,0.0,dry_bean_uci,dry_bean_uci,37,37
tuning_train,l1_fixed,4,570,6-8-11,0.0,dry_bean_uci,dry_bean_uci,37,37
tuning_train,l1_fixed,4,571,6-8-12,0.0,dry_bean_uci,dry_bean_uci,37,37
tuning_train,l1_fixed,4,572,6-8-13,0.0,dry_bean_uci,dry_bean_uci,37,37
tuning_train,l1_fixed,4,573,6-8-14,0.0,dry_bean_uci,dry_bean_uci,37,37
tuning_train,l1_fixed,4,574,6-8-15,0.0,dry_bean_uci,dry_bean_uci,37,37
tuning_train,l1_fixed,4,575,6-9-10,0.0,dry_bean_uci,dry_bean_uci,37,37
tuning_train,l1_fixed,4,576,6-9-11,0.0,dry_bean_uci,dry_bean_uci,37,37
tuning_train,l1_fixed,4,577,6-9-12,0.0,dry_bean_uci,dry_bean_uci,37,37
tuning_train,l1_fixed,4,578,6-9-13,0.0,dry_bean_uci,dry_bean_uci,37,37
tuning_train,l1_fixed,4,579,6-9-14,0.0,dry_bean_uci,dry_bean_uci,37,37
tuning_train,l1_fixed,4,580,6-9-15,0.0,dry_bean_uci,dry_bean_uci,37,37
tuning_train,l1_fixed,4,581,6-10-11,0.0,dry_bean_uci,dry_bean_uci,37,37
tuning_train,l1_fixed,4,582,6-10-12,0.0,dry_bean_uci,dry_bean_uci,37,37
tuning_train,l1_fixed,4,583,6-10-13,0.0,dry_bean_uci,dry_bean_uci,37,37
tuning_train,l1_fixed,4,584,6-10-14,0.0,dry_bean_uci,dry_bean_uci,37,37
tuning_train,l1_fixed,4,585,6-10-15,0.0,dry_bean_uci,dry_bean_uci,37,37
tuning_train,l1_fixed,4,586,6-11-12,0.0,dry_bean_uci,dry_bean_uci,37,37
tuning_train,l1_fixed,4,587,6-11-13,0.0,dry_bean_uci,dry_bean_uci,37,37
tuning_train,l1_fixed,4,588,6-11-14,0.0,dry_bean_uci,dry_bean_uci,37,37
tuning_train,l1_fixed,4,589,6-11-15,0.0,dry_bean_uci,dry_bean_uci,37,37
tuning_train,l1_fixed,4,590,6-12-13,0.0,dry_bean_uci,dry_bean_uci,37,37
tuning_train,l1_fixed,4,591,6-12-14,0.0,dry_bean_uci,dry_bean_uci,37,37
tuning_train,l1_fixed,4,592,6-12-15,0.0,dry_bean_uci,dry_bean_uci,37,37
tuning_train,l1_fixed,4,593,6-13-14,0.0,dry_bean_uci,dry_bean_uci,37,37
tuning_train,l1_fixed,4,594,6-13-15,0.0,dry_bean_uci,dry_bean_uci,37,37
tuning_train,l1_fixed,4,595,6-14-15,0.0,dry_bean_uci,dry_bean_uci,37,37
tuning_train,l1_fixed,4,596,7-8-9,0.0,dry_bean_uci,dry_bean_uci,37,37
tuning_train,l1_fixed,4,597,7-8-10,0.0,dry_bean_uci,dry_bean_uci,37,37
tuning_train,l1_fixed,4,598,7-8-11,0.0,dry_bean_uci,dry_bean_uci,37,37
tuning_train,l1_fixed,4,599,7-8-12,0.0,dry_bean_uci,dry_bean_uci,37,37
tuning_train,l1_fixed,4,600,7-8-13,0.0,dry_bean_uci,dry_bean_uci,37,37
tuning_train,l1_fixed,4,601,7-8-14,0.0,dry_bean_uci,dry_bean_uci,37,37
tuning_train,l1_fixed,4,602,7-8-15,0.0,dry_bean_uci,dry_bean_uci,37,37
tuning_train,l1_fixed,4,603,7-9-10,0.0,dry_bean_uci,dry_bean_uci,37,37
tuning_train,l1_fixed,4,604,7-9-11,0.0,dry_bean_uci,dry_bean_uci,37,37
tuning_train,l1_fixed,4,605,7-9-12,0.0,dry_bean_uci,dry_bean_uci,37,37
tuning_train,l1_fixed,4,606,7-9-13,0.0,dry_bean_uci,dry_bean_uci,37,37
tuning_train,l1_fixed,4,607,7-9-14,0.0,dry_bean_uci,dry_bean_uci,37,37
tuning_train,l1_fixed,4,608,7-9-15,0.0,dry_bean_uci,dry_bean_uci,37,37
tuning_train,l1_fixed,4,609,7-10-11,0.0,dry_bean_uci,dry_bean_uci,37,37
tuning_train,l1_fixed,4,610,7-10-12,0.0,dry_bean_uci,dry_bean_uci,37,37
tuning_train,l1_fixed,4,611,7-10-13,0.0,dry_bean_uci,dry_bean_uci,37,37
tuning_train,l1_fixed,4,612,7-10-14,0.0,dry_bean_uci,dry_bean_uci,37,37
tuning_train,l1_fixed,4,613,7-10-15,0.0,dry_bean_uci,dry_bean_uci,37,37
tuning_train,l1_fixed,4,614,7-11-12,0.0,dry_bean_uci,dry_bean_uci,37,37
tuning_train,l1_fixed,4,615,7-11-13,0.0,dry_bean_uci,dry_bean_uci,37,37
tuning_train,l1_fixed,4,616,7-11-14,0.0,dry_bean_uci,dry_bean_uci,37,37
tuning_train,l1_fixed,4,617,7-11-15,0.0,dry_bean_uci,dry_bean_uci,37,37
tuning_train,l1_fixed,4,618,7-12-13,0.0,dry_bean_uci,dry_bean_uci,37,37
tuning_train,l1_fixed,4,619,7-12-14,0.0,dry_bean_uci,dry_bean_uci,37,37
tuning_train,l1_fixed,4,620,7-12-15,0.0,dry_bean_uci,dry_bean_uci,37,37
tuning_train,l1_fixed,4,621,7-13-14,0.0,dry_bean_uci,dry_bean_uci,37,37
tuning_train,l1_fixed,4,622,7-13-15,0.0,dry_bean_uci,dry_bean_uci,37,37
tuning_train,l1_fixed,4,623,7-14-15,0.0,dry_bean_uci,dry_bean_uci,37,37
tuning_train,l1_fixed,4,624,8-9-10,0.0,dry_bean_uci,dry_bean_uci,37,37
tuning_train,l1_fixed,4,625,8-9-11,0.0,dry_bean_uci,dry_bean_uci,37,37
tuning_train,l1_fixed,4,626,8-9-12,0.0,dry_bean_uci,dry_bean_uci,37,37
tuning_train,l1_fixed,4,627,8-9-13,0.0,dry_bean_uci,dry_bean_uci,37,37
tuning_train,l1_fixed,4,628,8-9-14,0.0,dry_bean_uci,dry_bean_uci,37,37
tuning_train,l1_fixed,4,629,8-9-15,0.0,dry_bean_uci,dry_bean_uci,37,37
tuning_train,l1_fixed,4,630,8-10-11,0.0,dry_bean_uci,dry_bean_uci,37,37
tuning_train,l1_fixed,4,631,8-10-12,0.0,dry_bean_uci,dry_bean_uci,37,37
tuning_train,l1_fixed,4,632,8-10-13,0.0,dry_bean_uci,dry_bean_uci,37,37
tuning_train,l1_fixed,4,633,8-10-14,0.0,dry_bean_uci,dry_bean_uci,37,37
tuning_train,l1_fixed,4,634,8-10-15,0.0,dry_bean_uci,dry_bean_uci,37,37
tuning_train,l1_fixed,4,635,8-11-12,0.0,dry_bean_uci,dry_bean_uci,37,37
tuning_train,l1_fixed,4,636,8-11-13,0.0,dry_bean_uci,dry_bean_uci,37,37
tuning_train,l1_fixed,4,637,8-11-14,0.0,dry_bean_uci,dry_bean_uci,37,37
tuning_train,l1_fixed,4,638,8-11-15,0.0,dry_bean_uci,dry_bean_uci,37,37
tuning_train,l1_fixed,4,639,8-12-13,0.0,dry_bean_uci,dry_bean_uci,37,37
tuning_train,l1_fixed,4,640,8-12-14,0.0,dry_bean_uci,dry_bean_uci,37,37
tuning_train,l1_fixed,4,641,8-12-15,0.0,dry_bean_uci,dry_bean_uci,37,37
tuning_train,l1_fixed,4,642,8-13-14,0.0,dry_bean_uci,dry_bean_uci,37,37
tuning_train,l1_fixed,4,643,8-13-15,0.0,dry_bean_uci,dry_bean_uci,37,37
tuning_train,l1_fixed,4,644,8-14-15,0.0,dry_bean_uci,dry_bean_uci,37,37
tuning_train,l1_fixed,4,645,9-10-11,0.0,dry_bean_uci,dry_bean_uci,37,37
tuning_train,l1_fixed,4,646,9-10-12,0.5,dry_bean_uci,dry_bean_uci,37,37
tuning_train,l1_fixed,4,647,9-10-13,0.0,dry_bean_uci,dry_bean_uci,37,37
tuning_train,l1_fixed,4,648,9-10-14,0.0,dry_bean_uci,dry_bean_uci,37,37
tuning_train,l1_fixed,4,649,9-10-15,0.0,dry_bean_uci,dry_bean_uci,37,37
tuning_train,l1_fixed,4,650,9-11-12,0.0,dry_bean_uci,dry_bean_uci,37,37
tuning_train,l1_fixed,4,651,9-11-13,0.0,dry_bean_uci,dry_bean_uci,37,37
tuning_train,l1_fixed,4,652,9-11-14,0.0,dry_bean_uci,dry_bean_uci,37,37
tuning_train,l1_fixed,4,653,9-11-15,0.0,dry_bean_uci,dry_bean_uci,37,37
tuning_train,l1_fixed,4,654,9-12-13,0.0,dry_bean_uci,dry_bean_uci,37,37
tuning_train,l1_fixed,4,655,9-12-14,0.0,dry_bean_uci,dry_bean_uci,37,37
tuning_train,l1_fixed,4,656,9-12-15,0.0,dry_bean_uci,dry_bean_uci,37,37
tuning_train,l1_fixed,4,657,9-13-14,0.0,dry_bean_uci,dry_bean_uci,37,37
tuning_train,l1_fixed,4,658,9-13-15,0.0,dry_bean_uci,dry_bean_uci,37,37
tuning_train,l1_fixed,4,659,9-14-15,0.0,dry_bean_uci,dry_bean_uci,37,37
tuning_train,l1_fixed,4,660,10-11-12,0.0,dry_bean_uci,dry_bean_uci,37,37
tuning_train,l1_fixed,4,661,10-11-13,0.0,dry_bean_uci,dry_bean_uci,37,37
tuning_train,l1_fixed,4,662,10-11-14,0.0,dry_bean_uci,dry_bean_uci,37,37
tuning_train,l1_fixed,4,663,10-11-15,0.0,dry_bean_uci,dry_bean_uci,37,37
tuning_train,l1_fixed,4,664,10-12-13,0.0,dry_bean_uci,dry_bean_uci,37,37
tuning_train,l1_fixed,4,665,10-12-14,0.0,dry_bean_uci,dry_bean_uci,37,37
tuning_train,l1_fixed,4,666,10-12-15,0.0,dry_bean_uci,dry_bean_uci,37,37
tuning_train,l1_fixed,4,667,10-13-14,0.0,dry_bean_uci,dry_bean_uci,37,37
tuning_train,l1_fixed,4,668,10-13-15,0.0,dry_bean_uci,dry_bean_uci,37,37
tuning_train,l1_fixed,4,669,10-14-15,0.0,dry_bean_uci,dry_bean_uci,37,37
tuning_train,l1_fixed,4,670,11-12-13,0.0,dry_bean_uci,dry_bean_uci,37,37
tuning_train,l1_fixed,4,671,11-12-14,0.0,dry_bean_uci,dry_bean_uci,37,37
tuning_train,l1_fixed,4,672,11-12-15,0.0,dry_bean_uci,dry_bean_uci,37,37
tuning_train,l1_fixed,4,673,11-13-14,0.0,dry_bean_uci,dry_bean_uci,37,37
tuning_train,l1_fixed,4,674,11-13-15,0.0,dry_bean_uci,dry_bean_uci,37,37
tuning_train,l1_fixed,4,675,11-14-15,0.0,dry_bean_uci,dry_bean_uci,37,37
tuning_train,l1_fixed,4,676,12-13-14,0.0,dry_bean_uci,dry_bean_uci,37,37
tuning_train,l1_fixed,4,677,12-13-15,0.0,dry_bean_uci,dry_bean_uci,37,37
tuning_train,l1_fixed,4,678,12-14-15,0.0,dry_bean_uci,dry_bean_uci,37,37
tuning_train,l1_fixed,4,679,13-14-15,0.0,dry_bean_uci,dry_bean_uci,37,37
tuning_train,l1_fixed,8,0,0-1,0.0,dry_bean_uci,dry_bean_uci,37,37
tuning_train,l1_fixed,8,1,0-2,0.0,dry_bean_uci,dry_bean_uci,37,37
tuning_train,l1_fixed,8,2,0-3,0.0,dry_bean_uci,dry_bean_uci,37,37
tuning_train,l1_fixed,8,3,0-4,0.0,dry_bean_uci,dry_bean_uci,37,37
tuning_train,l1_fixed,8,4,0-5,0.0,dry_bean_uci,dry_bean_uci,37,37
tuning_train,l1_fixed,8,5,0-6,0.0,dry_bean_uci,dry_bean_uci,37,37
tuning_train,l1_fixed,8,6,0-7,0.0,dry_bean_uci,dry_bean_uci,37,37
tuning_train,l1_fixed,8,7,0-8,0.0,dry_bean_uci,dry_bean_uci,37,37
tuning_train,l1_fixed,8,8,0-9,0.0,dry_bean_uci,dry_bean_uci,37,37
tuning_train,l1_fixed,8,9,0-10,0.0,dry_bean_uci,dry_bean_uci,37,37
tuning_train,l1_fixed,8,10,0-11,0.0,dry_bean_uci,dry_bean_uci,37,37
tuning_train,l1_fixed,8,11,0-12,0.0,dry_bean_uci,dry_bean_uci,37,37
tuning_train,l1_fixed,8,12,0-13,0.0,dry_bean_uci,dry_bean_uci,37,37
tuning_train,l1_fixed,8,13,0-14,0.0,dry_bean_uci,dry_bean_uci,37,37
tuning_train,l1_fixed,8,14,0-15,0.0,dry_bean_uci,dry_bean_uci,37,37
tuning_train,l1_fixed,8,15,1-2,0.0,dry_bean_uci,dry_bean_uci,37,37
tuning_train,l1_fixed,8,16,1-3,0.0,dry_bean_uci,dry_bean_uci,37,37
tuning_train,l1_fixed,8,17,1-4,0.0,dry_bean_uci,dry_bean_uci,37,37
tuning_train,l1_fixed,8,18,1-5,0.0,dry_bean_uci,dry_bean_uci,37,37
tuning_train,l1_fixed,8,19,1-6,0.0,dry_bean_uci,dry_bean_uci,37,37
tuning_train,l1_fixed,8,20,1-7,0.0,dry_bean_uci,dry_bean_uci,37,37
tuning_train,l1_fixed,8,21,1-8,0.0,dry_bean_uci,dry_bean_uci,37,37
tuning_train,l1_fixed,8,22,1-9,0.0,dry_bean_uci,dry_bean_uci,37,37
tuning_train,l1_fixed,8,23,1-10,0.0,dry_bean_uci,dry_bean_uci,37,37
tuning_train,l1_fixed,8,24,1-11,0.0,dry_bean_uci,dry_bean_uci,37,37
tuning_train,l1_fixed,8,25,1-12,1.0,dry_bean_uci,dry_bean_uci,37,37
tuning_train,l1_fixed,8,26,1-13,0.0,dry_bean_uci,dry_bean_uci,37,37
tuning_train,l1_fixed,8,27,1-14,0.0,dry_bean_uci,dry_bean_uci,37,37
tuning_train,l1_fixed,8,28,1-15,0.0,dry_bean_uci,dry_bean_uci,37,37
tuning_train,l1_fixed,8,29,2-3,0.0,dry_bean_uci,dry_bean_uci,37,37
tuning_train,l1_fixed,8,30,2-4,0.0,dry_bean_uci,dry_bean_uci,37,37
tuning_train,l1_fixed,8,31,2-5,0.0,dry_bean_uci,dry_bean_uci,37,37
tuning_train,l1_fixed,8,32,2-6,0.0,dry_bean_uci,dry_bean_uci,37,37
tuning_train,l1_fixed,8,33,2-7,0.0,dry_bean_uci,dry_bean_uci,37,37
tuning_train,l1_fixed,8,34,2-8,0.0,dry_bean_uci,dry_bean_uci,37,37
tuning_train,l1_fixed,8,35,2-9,0.0,dry_bean_uci,dry_bean_uci,37,37
tuning_train,l1_fixed,8,36,2-10,0.0,dry_bean_uci,dry_bean_uci,37,37
tuning_train,l1_fixed,8,37,2-11,0.0,dry_bean_uci,dry_bean_uci,37,37
tuning_train,l1_fixed,8,38,2-12,0.025,dry_bean_uci,dry_bean_uci,37,37
tuning_train,l1_fixed,8,39,2-13,0.0,dry_bean_uci,dry_bean_uci,37,37
tuning_train,l1_fixed,8,40,2-14,0.0,dry_bean_uci,dry_bean_uci,37,37
tuning_train,l1_fixed,8,41,2-15,0.0,dry_bean_uci,dry_bean_uci,37,37
tuning_train,l1_fixed,8,42,3-4,0.0,dry_bean_uci,dry_bean_uci,37,37
tuning_train,l1_fixed,8,43,3-5,0.0,dry_bean_uci,dry_bean_uci,37,37
tuning_train,l1_fixed,8,44,3-6,0.0,dry_bean_uci,dry_bean_uci,37,37
tuning_train,l1_fixed,8,45,3-7,0.0,dry_bean_uci,dry_bean_uci,37,37
tuning_train,l1_fixed,8,46,3-8,0.0,dry_bean_uci,dry_bean_uci,37,37
tuning_train,l1_fixed,8,47,3-9,0.0,dry_bean_uci,dry_bean_uci,37,37
tuning_train,l1_fixed,8,48,3-10,0.0,dry_bean_uci,dry_bean_uci,37,37
tuning_train,l1_fixed,8,49,3-11,0.0,dry_bean_uci,dry_bean_uci,37,37
tuning_train,l1_fixed,8,50,3-12,1.0,dry_bean_uci,dry_bean_uci,37,37
tuning_train,l1_fixed,8,51,3-13,0.0,dry_bean_uci,dry_bean_uci,37,37
tuning_train,l1_fixed,8,52,3-14,0.0,dry_bean_uci,dry_bean_uci,37,37
tuning_train,l1_fixed,8,53,3-15,0.0,dry_bean_uci,dry_bean_uci,37,37
tuning_train,l1_fixed,8,54,4-5,0.0,dry_bean_uci,dry_bean_uci,37,37
tuning_train,l1_fixed,8,55,4-6,0.0,dry_bean_uci,dry_bean_uci,37,37
tuning_train,l1_fixed,8,56,4-7,0.0,dry_bean_uci,dry_bean_uci,37,37
tuning_train,l1_fixed,8,57,4-8,0.0,dry_bean_uci,dry_bean_uci,37,37
tuning_train,l1_fixed,8,58,4-9,0.0,dry_bean_uci,dry_bean_uci,37,37
tuning_train,l1_fixed,8,59,4-10,0.0,dry_bean_uci,dry_bean_uci,37,37
tuning_train,l1_fixed,8,60,4-11,0.0,dry_bean_uci,dry_bean_uci,37,37
tuning_train,l1_fixed,8,61,4-12,0.0,dry_bean_uci,dry_bean_uci,37,37
tuning_train,l1_fixed,8,62,4-13,0.0,dry_bean_uci,dry_bean_uci,37,37
tuning_train,l1_fixed,8,63,4-14,0.0,dry_bean_uci,dry_bean_uci,37,37
tuning_train,l1_fixed,8,64,4-15,0.0,dry_bean_uci,dry_bean_uci,37,37
tuning_train,l1_fixed,8,65,5-6,0.0,dry_bean_uci,dry_bean_uci,37,37
tuning_train,l1_fixed,8,66,5-7,0.0,dry_bean_uci,dry_bean_uci,37,37
tuning_train,l1_fixed,8,67,5-8,0.0,dry_bean_uci,dry_bean_uci,37,37
tuning_train,l1_fixed,8,68,5-9,0.0,dry_bean_uci,dry_bean_uci,37,37
tuning_train,l1_fixed,8,69,5-10,0.0,dry_bean_uci,dry_bean_uci,37,37
tuning_train,l1_fixed,8,70,5-11,0.0,dry_bean_uci,dry_bean_uci,37,37
tuning_train,l1_fixed,8,71,5-12,0.0,dry_bean_uci,dry_bean_uci,37,37
tuning_train,l1_fixed,8,72,5-13,0.0,dry_bean_uci,dry_bean_uci,37,37
tuning_train,l1_fixed,8,73,5-14,0.0,dry_bean_uci,dry_bean_uci,37,37
tuning_train,l1_fixed,8,74,5-15,0.0,dry_bean_uci,dry_bean_uci,37,37
tuning_train,l1_fixed,8,75,6-7,0.0,dry_bean_uci,dry_bean_uci,37,37
tuning_train,l1_fixed,8,76,6-8,0.0,dry_bean_uci,dry_bean_uci,37,37
tuning_train,l1_fixed,8,77,6-9,0.0,dry_bean_uci,dry_bean_uci,37,37
tuning_train,l1_fixed,8,78,6-10,0.0,dry_bean_uci,dry_bean_uci,37,37
tuning_train,l1_fixed,8,79,6-11,0.0,dry_bean_uci,dry_bean_uci,37,37
tuning_train,l1_fixed,8,80,6-12,0.0,dry_bean_uci,dry_bean_uci,37,37
tuning_train,l1_fixed,8,81,6-13,0.0,dry_bean_uci,dry_bean_uci,37,37
tuning_train,l1_fixed,8,82,6-14,0.0,dry_bean_uci,dry_bean_uci,37,37
tuning_train,l1_fixed,8,83,6-15,0.0,dry_bean_uci,dry_bean_uci,37,37
tuning_train,l1_fixed,8,84,7-8,0.0,dry_bean_uci,dry_bean_uci,37,37
tuning_train,l1_fixed,8,85,7-9,0.0,dry_bean_uci,dry_bean_uci,37,37
tuning_train,l1_fixed,8,86,7-10,0.0,dry_bean_uci,dry_bean_uci,37,37
tuning_train,l1_fixed,8,87,7-11,0.0,dry_bean_uci,dry_bean_uci,37,37
tuning_train,l1_fixed,8,88,7-12,1.0,dry_bean_uci,dry_bean_uci,37,37
tuning_train,l1_fixed,8,89,7-13,0.0,dry_bean_uci,dry_bean_uci,37,37
tuning_train,l1_fixed,8,90,7-14,0.0,dry_bean_uci,dry_bean_uci,37,37
tuning_train,l1_fixed,8,91,7-15,0.0,dry_bean_uci,dry_bean_uci,37,37
tuning_train,l1_fixed,8,92,8-9,0.0,dry_bean_uci,dry_bean_uci,37,37
tuning_train,l1_fixed,8,93,8-10,0.0,dry_bean_uci,dry_bean_uci,37,37
tuning_train,l1_fixed,8,94,8-11,0.0,dry_bean_uci,dry_bean_uci,37,37
tuning_train,l1_fixed,8,95,8-12,0.0,dry_bean_uci,dry_bean_uci,37,37
tuning_train,l1_fixed,8,96,8-13,0.0,dry_bean_uci,dry_bean_uci,37,37
tuning_train,l1_fixed,8,97,8-14,0.0,dry_bean_uci,dry_bean_uci,37,37
tuning_train,l1_fixed,8,98,8-15,0.0,dry_bean_uci,dry_bean_uci,37,37
tuning_train,l1_fixed,8,99,9-10,1.0,dry_bean_uci,dry_bean_uci,37,37
tuning_train,l1_fixed,8,100,9-11,0.0,dry_bean_uci,dry_bean_uci,37,37
tuning_train,l1_fixed,8,101,9-12,0.0,dry_bean_uci,dry_bean_uci,37,37
tuning_train,l1_fixed,8,102,9-13,0.0,dry_bean_uci,dry_bean_uci,37,37
tuning_train,l1_fixed,8,103,9-14,0.0,dry_bean_uci,dry_bean_uci,37,37
tuning_train,l1_fixed,8,104,9-15,0.875,dry_bean_uci,dry_bean_uci,37,37
tuning_train,l1_fixed,8,105,10-11,0.0,dry_bean_uci,dry_bean_uci,37,37
tuning_train,l1_fixed,8,106,10-12,1.0,dry_bean_uci,dry_bean_uci,37,37
tuning_train,l1_fixed,8,107,10-13,0.0,dry_bean_uci,dry_bean_uci,37,37
tuning_train,l1_fixed,8,108,10-14,0.0,dry_bean_uci,dry_bean_uci,37,37
tuning_train,l1_fixed,8,109,10-15,0.0,dry_bean_uci,dry_bean_uci,37,37
tuning_train,l1_fixed,8,110,11-12,0.0,dry_bean_uci,dry_bean_uci,37,37
tuning_train,l1_fixed,8,111,11-13,0.0,dry_bean_uci,dry_bean_uci,37,37
tuning_train,l1_fixed,8,112,11-14,0.0,dry_bean_uci,dry_bean_uci,37,37
tuning_train,l1_fixed,8,113,11-15,0.0,dry_bean_uci,dry_bean_uci,37,37
tuning_train,l1_fixed,8,114,12-13,0.6,dry_bean_uci,dry_bean_uci,37,37
tuning_train,l1_fixed,8,115,12-14,0.0,dry_bean_uci,dry_bean_uci,37,37
tuning_train,l1_fixed,8,116,12-15,0.0,dry_bean_uci,dry_bean_uci,37,37
tuning_train,l1_fixed,8,117,13-14,0.0,dry_bean_uci,dry_bean_uci,37,37
tuning_train,l1_fixed,8,118,13-15,0.0,dry_bean_uci,dry_bean_uci,37,37
tuning_train,l1_fixed,8,119,14-15,0.0,dry_bean_uci,dry_bean_uci,37,37
tuning_train,l1_fixed,8,120,0-1-2,0.0,dry_bean_uci,dry_bean_uci,37,37
tuning_train,l1_fixed,8,121,0-1-3,0.0,dry_bean_uci,dry_bean_uci,37,37
tuning_train,l1_fixed,8,122,0-1-4,0.0,dry_bean_uci,dry_bean_uci,37,37
tuning_train,l1_fixed,8,123,0-1-5,0.0,dry_bean_uci,dry_bean_uci,37,37
tuning_train,l1_fixed,8,124,0-1-6,0.0,dry_bean_uci,dry_bean_uci,37,37
tuning_train,l1_fixed,8,125,0-1-7,0.0,dry_bean_uci,dry_bean_uci,37,37
tuning_train,l1_fixed,8,126,0-1-8,0.0,dry_bean_uci,dry_bean_uci,37,37
tuning_train,l1_fixed,8,127,0-1-9,0.0,dry_bean_uci,dry_bean_uci,37,37
tuning_train,l1_fixed,8,128,0-1-10,0.0,dry_bean_uci,dry_bean_uci,37,37
tuning_train,l1_fixed,8,129,0-1-11,0.0,dry_bean_uci,dry_bean_uci,37,37
tuning_train,l1_fixed,8,130,0-1-12,0.0,dry_bean_uci,dry_bean_uci,37,37
tuning_train,l1_fixed,8,131,0-1-13,0.0,dry_bean_uci,dry_bean_uci,37,37
tuning_train,l1_fixed,8,132,0-1-14,0.0,dry_bean_uci,dry_bean_uci,37,37
tuning_train,l1_fixed,8,133,0-1-15,0.0,dry_bean_uci,dry_bean_uci,37,37
tuning_train,l1_fixed,8,134,0-2-3,0.0,dry_bean_uci,dry_bean_uci,37,37
tuning_train,l1_fixed,8,135,0-2-4,0.0,dry_bean_uci,dry_bean_uci,37,37
tuning_train,l1_fixed,8,136,0-2-5,0.0,dry_bean_uci,dry_bean_uci,37,37
tuning_train,l1_fixed,8,137,0-2-6,0.0,dry_bean_uci,dry_bean_uci,37,37
tuning_train,l1_fixed,8,138,0-2-7,0.0,dry_bean_uci,dry_bean_uci,37,37
tuning_train,l1_fixed,8,139,0-2-8,0.0,dry_bean_uci,dry_bean_uci,37,37
tuning_train,l1_fixed,8,140,0-2-9,0.0,dry_bean_uci,dry_bean_uci,37,37
tuning_train,l1_fixed,8,141,0-2-10,0.0,dry_bean_uci,dry_bean_uci,37,37
tuning_train,l1_fixed,8,142,0-2-11,0.0,dry_bean_uci,dry_bean_uci,37,37
tuning_train,l1_fixed,8,143,0-2-12,0.0,dry_bean_uci,dry_bean_uci,37,37
tuning_train,l1_fixed,8,144,0-2-13,0.0,dry_bean_uci,dry_bean_uci,37,37
tuning_train,l1_fixed,8,145,0-2-14,0.0,dry_bean_uci,dry_bean_uci,37,37
tuning_train,l1_fixed,8,146,0-2-15,0.0,dry_bean_uci,dry_bean_uci,37,37
tuning_train,l1_fixed,8,147,0-3-4,0.0,dry_bean_uci,dry_bean_uci,37,37
tuning_train,l1_fixed,8,148,0-3-5,0.0,dry_bean_uci,dry_bean_uci,37,37
tuning_train,l1_fixed,8,149,0-3-6,0.0,dry_bean_uci,dry_bean_uci,37,37
tuning_train,l1_fixed,8,150,0-3-7,0.0,dry_bean_uci,dry_bean_uci,37,37
tuning_train,l1_fixed,8,151,0-3-8,0.0,dry_bean_uci,dry_bean_uci,37,37
tuning_train,l1_fixed,8,152,0-3-9,0.0,dry_bean_uci,dry_bean_uci,37,37
tuning_train,l1_fixed,8,153,0-3-10,0.0,dry_bean_uci,dry_bean_uci,37,37
tuning_train,l1_fixed,8,154,0-3-11,0.0,dry_bean_uci,dry_bean_uci,37,37
tuning_train,l1_fixed,8,155,0-3-12,0.0,dry_bean_uci,dry_bean_uci,37,37
tuning_train,l1_fixed,8,156,0-3-13,0.0,dry_bean_uci,dry_bean_uci,37,37
tuning_train,l1_fixed,8,157,0-3-14,0.0,dry_bean_uci,dry_bean_uci,37,37
tuning_train,l1_fixed,8,158,0-3-15,0.0,dry_bean_uci,dry_bean_uci,37,37
tuning_train,l1_fixed,8,159,0-4-5,0.0,dry_bean_uci,dry_bean_uci,37,37
tuning_train,l1_fixed,8,160,0-4-6,0.0,dry_bean_uci,dry_bean_uci,37,37
tuning_train,l1_fixed,8,161,0-4-7,0.0,dry_bean_uci,dry_bean_uci,37,37
tuning_train,l1_fixed,8,162,0-4-8,0.0,dry_bean_uci,dry_bean_uci,37,37
tuning_train,l1_fixed,8,163,0-4-9,0.0,dry_bean_uci,dry_bean_uci,37,37
tuning_train,l1_fixed,8,164,0-4-10,0.0,dry_bean_uci,dry_bean_uci,37,37
tuning_train,l1_fixed,8,165,0-4-11,0.0,dry_bean_uci,dry_bean_uci,37,37
tuning_train,l1_fixed,8,166,0-4-12,0.0,dry_bean_uci,dry_bean_uci,37,37
tuning_train,l1_fixed,8,167,0-4-13,0.0,dry_bean_uci,dry_bean_uci,37,37
tuning_train,l1_fixed,8,168,0-4-14,0.0,dry_bean_uci,dry_bean_uci,37,37
tuning_train,l1_fixed,8,169,0-4-15,0.0,dry_bean_uci,dry_bean_uci,37,37
tuning_train,l1_fixed,8,170,0-5-6,0.0,dry_bean_uci,dry_bean_uci,37,37
tuning_train,l1_fixed,8,171,0-5-7,0.0,dry_bean_uci,dry_bean_uci,37,37
tuning_train,l1_fixed,8,172,0-5-8,0.0,dry_bean_uci,dry_bean_uci,37,37
tuning_train,l1_fixed,8,173,0-5-9,0.0,dry_bean_uci,dry_bean_uci,37,37
tuning_train,l1_fixed,8,174,0-5-10,0.0,dry_bean_uci,dry_bean_uci,37,37
tuning_train,l1_fixed,8,175,0-5-11,0.0,dry_bean_uci,dry_bean_uci,37,37
tuning_train,l1_fixed,8,176,0-5-12,0.0,dry_bean_uci,dry_bean_uci,37,37
tuning_train,l1_fixed,8,177,0-5-13,0.0,dry_bean_uci,dry_bean_uci,37,37
tuning_train,l1_fixed,8,178,0-5-14,0.0,dry_bean_uci,dry_bean_uci,37,37
tuning_train,l1_fixed,8,179,0-5-15,0.0,dry_bean_uci,dry_bean_uci,37,37
tuning_train,l1_fixed,8,180,0-6-7,0.0,dry_bean_uci,dry_bean_uci,37,37
tuning_train,l1_fixed,8,181,0-6-8,0.0,dry_bean_uci,dry_bean_uci,37,37
tuning_train,l1_fixed,8,182,0-6-9,0.0,dry_bean_uci,dry_bean_uci,37,37
tuning_train,l1_fixed,8,183,0-6-10,0.0,dry_bean_uci,dry_bean_uci,37,37
tuning_train,l1_fixed,8,184,0-6-11,0.0,dry_bean_uci,dry_bean_uci,37,37
tuning_train,l1_fixed,8,185,0-6-12,0.0,dry_bean_uci,dry_bean_uci,37,37
tuning_train,l1_fixed,8,186,0-6-13,0.0,dry_bean_uci,dry_bean_uci,37,37
tuning_train,l1_fixed,8,187,0-6-14,0.0,dry_bean_uci,dry_bean_uci,37,37
tuning_train,l1_fixed,8,188,0-6-15,0.0,dry_bean_uci,dry_bean_uci,37,37
tuning_train,l1_fixed,8,189,0-7-8,0.0,dry_bean_uci,dry_bean_uci,37,37
tuning_train,l1_fixed,8,190,0-7-9,0.0,dry_bean_uci,dry_bean_uci,37,37
tuning_train,l1_fixed,8,191,0-7-10,0.0,dry_bean_uci,dry_bean_uci,37,37
tuning_train,l1_fixed,8,192,0-7-11,0.0,dry_bean_uci,dry_bean_uci,37,37
tuning_train,l1_fixed,8,193,0-7-12,0.0,dry_bean_uci,dry_bean_uci,37,37
tuning_train,l1_fixed,8,194,0-7-13,0.0,dry_bean_uci,dry_bean_uci,37,37
tuning_train,l1_fixed,8,195,0-7-14,0.0,dry_bean_uci,dry_bean_uci,37,37
tuning_train,l1_fixed,8,196,0-7-15,0.0,dry_bean_uci,dry_bean_uci,37,37
tuning_train,l1_fixed,8,197,0-8-9,0.0,dry_bean_uci,dry_bean_uci,37,37
tuning_train,l1_fixed,8,198,0-8-10,0.0,dry_bean_uci,dry_bean_uci,37,37
tuning_train,l1_fixed,8,199,0-8-11,0.0,dry_bean_uci,dry_bean_uci,37,37
tuning_train,l1_fixed,8,200,0-8-12,0.0,dry_bean_uci,dry_bean_uci,37,37
tuning_train,l1_fixed,8,201,0-8-13,0.0,dry_bean_uci,dry_bean_uci,37,37
tuning_train,l1_fixed,8,202,0-8-14,0.0,dry_bean_uci,dry_bean_uci,37,37
tuning_train,l1_fixed,8,203,0-8-15,0.0,dry_bean_uci,dry_bean_uci,37,37
tuning_train,l1_fixed,8,204,0-9-10,0.0,dry_bean_uci,dry_bean_uci,37,37
tuning_train,l1_fixed,8,205,0-9-11,0.0,dry_bean_uci,dry_bean_uci,37,37
tuning_train,l1_fixed,8,206,0-9-12,0.0,dry_bean_uci,dry_bean_uci,37,37
tuning_train,l1_fixed,8,207,0-9-13,0.0,dry_bean_uci,dry_bean_uci,37,37
tuning_train,l1_fixed,8,208,0-9-14,0.0,dry_bean_uci,dry_bean_uci,37,37
tuning_train,l1_fixed,8,209,0-9-15,0.0,dry_bean_uci,dry_bean_uci,37,37
tuning_train,l1_fixed,8,210,0-10-11,0.0,dry_bean_uci,dry_bean_uci,37,37
tuning_train,l1_fixed,8,211,0-10-12,0.0,dry_bean_uci,dry_bean_uci,37,37
tuning_train,l1_fixed,8,212,0-10-13,0.0,dry_bean_uci,dry_bean_uci,37,37
tuning_train,l1_fixed,8,213,0-10-14,0.0,dry_bean_uci,dry_bean_uci,37,37
tuning_train,l1_fixed,8,214,0-10-15,0.0,dry_bean_uci,dry_bean_uci,37,37
tuning_train,l1_fixed,8,215,0-11-12,0.0,dry_bean_uci,dry_bean_uci,37,37
tuning_train,l1_fixed,8,216,0-11-13,0.0,dry_bean_uci,dry_bean_uci,37,37
tuning_train,l1_fixed,8,217,0-11-14,0.0,dry_bean_uci,dry_bean_uci,37,37
tuning_train,l1_fixed,8,218,0-11-15,0.0,dry_bean_uci,dry_bean_uci,37,37
tuning_train,l1_fixed,8,219,0-12-13,0.0,dry_bean_uci,dry_bean_uci,37,37
tuning_train,l1_fixed,8,220,0-12-14,0.0,dry_bean_uci,dry_bean_uci,37,37
tuning_train,l1_fixed,8,221,0-12-15,0.0,dry_bean_uci,dry_bean_uci,37,37
tuning_train,l1_fixed,8,222,0-13-14,0.0,dry_bean_uci,dry_bean_uci,37,37
tuning_train,l1_fixed,8,223,0-13-15,0.0,dry_bean_uci,dry_bean_uci,37,37
tuning_train,l1_fixed,8,224,0-14-15,0.0,dry_bean_uci,dry_bean_uci,37,37
tuning_train,l1_fixed,8,225,1-2-3,0.0,dry_bean_uci,dry_bean_uci,37,37
tuning_train,l1_fixed,8,226,1-2-4,0.0,dry_bean_uci,dry_bean_uci,37,37
tuning_train,l1_fixed,8,227,1-2-5,0.0,dry_bean_uci,dry_bean_uci,37,37
tuning_train,l1_fixed,8,228,1-2-6,0.0,dry_bean_uci,dry_bean_uci,37,37
tuning_train,l1_fixed,8,229,1-2-7,0.0,dry_bean_uci,dry_bean_uci,37,37
tuning_train,l1_fixed,8,230,1-2-8,0.0,dry_bean_uci,dry_bean_uci,37,37
tuning_train,l1_fixed,8,231,1-2-9,0.0,dry_bean_uci,dry_bean_uci,37,37
tuning_train,l1_fixed,8,232,1-2-10,0.0,dry_bean_uci,dry_bean_uci,37,37
tuning_train,l1_fixed,8,233,1-2-11,0.0,dry_bean_uci,dry_bean_uci,37,37
tuning_train,l1_fixed,8,234,1-2-12,0.0,dry_bean_uci,dry_bean_uci,37,37
tuning_train,l1_fixed,8,235,1-2-13,0.0,dry_bean_uci,dry_bean_uci,37,37
tuning_train,l1_fixed,8,236,1-2-14,0.0,dry_bean_uci,dry_bean_uci,37,37
tuning_train,l1_fixed,8,237,1-2-15,0.0,dry_bean_uci,dry_bean_uci,37,37
tuning_train,l1_fixed,8,238,1-3-4,0.0,dry_bean_uci,dry_bean_uci,37,37
tuning_train,l1_fixed,8,239,1-3-5,0.0,dry_bean_uci,dry_bean_uci,37,37
tuning_train,l1_fixed,8,240,1-3-6,0.0,dry_bean_uci,dry_bean_uci,37,37
tuning_train,l1_fixed,8,241,1-3-7,0.0,dry_bean_uci,dry_bean_uci,37,37
tuning_train,l1_fixed,8,242,1-3-8,0.0,dry_bean_uci,dry_bean_uci,37,37
tuning_train,l1_fixed,8,243,1-3-9,0.0,dry_bean_uci,dry_bean_uci,37,37
tuning_train,l1_fixed,8,244,1-3-10,0.0,dry_bean_uci,dry_bean_uci,37,37
tuning_train,l1_fixed,8,245,1-3-11,0.0,dry_bean_uci,dry_bean_uci,37,37
tuning_train,l1_fixed,8,246,1-3-12,0.0,dry_bean_uci,dry_bean_uci,37,37
tuning_train,l1_fixed,8,247,1-3-13,0.0,dry_bean_uci,dry_bean_uci,37,37
tuning_train,l1_fixed,8,248,1-3-14,0.0,dry_bean_uci,dry_bean_uci,37,37
tuning_train,l1_fixed,8,249,1-3-15,0.0,dry_bean_uci,dry_bean_uci,37,37
tuning_train,l1_fixed,8,250,1-4-5,0.0,dry_bean_uci,dry_bean_uci,37,37
tuning_train,l1_fixed,8,251,1-4-6,0.0,dry_bean_uci,dry_bean_uci,37,37
tuning_train,l1_fixed,8,252,1-4-7,0.0,dry_bean_uci,dry_bean_uci,37,37
tuning_train,l1_fixed,8,253,1-4-8,0.0,dry_bean_uci,dry_bean_uci,37,37
tuning_train,l1_fixed,8,254,1-4-9,0.0,dry_bean_uci,dry_bean_uci,37,37
tuning_train,l1_fixed,8,255,1-4-10,0.0,dry_bean_uci,dry_bean_uci,37,37
tuning_train,l1_fixed,8,256,1-4-11,0.0,dry_bean_uci,dry_bean_uci,37,37
tuning_train,l1_fixed,8,257,1-4-12,0.0,dry_bean_uci,dry_bean_uci,37,37
tuning_train,l1_fixed,8,258,1-4-13,0.0,dry_bean_uci,dry_bean_uci,37,37
tuning_train,l1_fixed,8,259,1-4-14,0.0,dry_bean_uci,dry_bean_uci,37,37
tuning_train,l1_fixed,8,260,1-4-15,0.0,dry_bean_uci,dry_bean_uci,37,37
tuning_train,l1_fixed,8,261,1-5-6,0.0,dry_bean_uci,dry_bean_uci,37,37
tuning_train,l1_fixed,8,262,1-5-7,0.0,dry_bean_uci,dry_bean_uci,37,37
tuning_train,l1_fixed,8,263,1-5-8,0.0,dry_bean_uci,dry_bean_uci,37,37
tuning_train,l1_fixed,8,264,1-5-9,0.0,dry_bean_uci,dry_bean_uci,37,37
tuning_train,l1_fixed,8,265,1-5-10,0.0,dry_bean_uci,dry_bean_uci,37,37
tuning_train,l1_fixed,8,266,1-5-11,0.0,dry_bean_uci,dry_bean_uci,37,37
tuning_train,l1_fixed,8,267,1-5-12,0.0,dry_bean_uci,dry_bean_uci,37,37
tuning_train,l1_fixed,8,268,1-5-13,0.0,dry_bean_uci,dry_bean_uci,37,37
tuning_train,l1_fixed,8,269,1-5-14,0.0,dry_bean_uci,dry_bean_uci,37,37
tuning_train,l1_fixed,8,270,1-5-15,0.0,dry_bean_uci,dry_bean_uci,37,37
tuning_train,l1_fixed,8,271,1-6-7,0.0,dry_bean_uci,dry_bean_uci,37,37
tuning_train,l1_fixed,8,272,1-6-8,0.0,dry_bean_uci,dry_bean_uci,37,37
tuning_train,l1_fixed,8,273,1-6-9,0.0,dry_bean_uci,dry_bean_uci,37,37
tuning_train,l1_fixed,8,274,1-6-10,0.0,dry_bean_uci,dry_bean_uci,37,37
tuning_train,l1_fixed,8,275,1-6-11,0.0,dry_bean_uci,dry_bean_uci,37,37
tuning_train,l1_fixed,8,276,1-6-12,0.0,dry_bean_uci,dry_bean_uci,37,37
tuning_train,l1_fixed,8,277,1-6-13,0.0,dry_bean_uci,dry_bean_uci,37,37
tuning_train,l1_fixed,8,278,1-6-14,0.0,dry_bean_uci,dry_bean_uci,37,37
tuning_train,l1_fixed,8,279,1-6-15,0.0,dry_bean_uci,dry_bean_uci,37,37
tuning_train,l1_fixed,8,280,1-7-8,0.0,dry_bean_uci,dry_bean_uci,37,37
tuning_train,l1_fixed,8,281,1-7-9,0.0,dry_bean_uci,dry_bean_uci,37,37
tuning_train,l1_fixed,8,282,1-7-10,0.0,dry_bean_uci,dry_bean_uci,37,37
tuning_train,l1_fixed,8,283,1-7-11,0.0,dry_bean_uci,dry_bean_uci,37,37
tuning_train,l1_fixed,8,284,1-7-12,0.0,dry_bean_uci,dry_bean_uci,37,37
tuning_train,l1_fixed,8,285,1-7-13,0.0,dry_bean_uci,dry_bean_uci,37,37
tuning_train,l1_fixed,8,286,1-7-14,0.0,dry_bean_uci,dry_bean_uci,37,37
tuning_train,l1_fixed,8,287,1-7-15,0.0,dry_bean_uci,dry_bean_uci,37,37
tuning_train,l1_fixed,8,288,1-8-9,0.0,dry_bean_uci,dry_bean_uci,37,37
tuning_train,l1_fixed,8,289,1-8-10,0.0,dry_bean_uci,dry_bean_uci,37,37
tuning_train,l1_fixed,8,290,1-8-11,0.0,dry_bean_uci,dry_bean_uci,37,37
tuning_train,l1_fixed,8,291,1-8-12,0.0,dry_bean_uci,dry_bean_uci,37,37
tuning_train,l1_fixed,8,292,1-8-13,0.0,dry_bean_uci,dry_bean_uci,37,37
tuning_train,l1_fixed,8,293,1-8-14,0.0,dry_bean_uci,dry_bean_uci,37,37
tuning_train,l1_fixed,8,294,1-8-15,0.0,dry_bean_uci,dry_bean_uci,37,37
tuning_train,l1_fixed,8,295,1-9-10,0.0,dry_bean_uci,dry_bean_uci,37,37
tuning_train,l1_fixed,8,296,1-9-11,0.0,dry_bean_uci,dry_bean_uci,37,37
tuning_train,l1_fixed,8,297,1-9-12,0.0,dry_bean_uci,dry_bean_uci,37,37
tuning_train,l1_fixed,8,298,1-9-13,0.0,dry_bean_uci,dry_bean_uci,37,37
tuning_train,l1_fixed,8,299,1-9-14,0.0,dry_bean_uci,dry_bean_uci,37,37
tuning_train,l1_fixed,8,300,1-9-15,0.0,dry_bean_uci,dry_bean_uci,37,37
tuning_train,l1_fixed,8,301,1-10-11,0.0,dry_bean_uci,dry_bean_uci,37,37
tuning_train,l1_fixed,8,302,1-10-12,0.0,dry_bean_uci,dry_bean_uci,37,37
tuning_train,l1_fixed,8,303,1-10-13,0.0,dry_bean_uci,dry_bean_uci,37,37
tuning_train,l1_fixed,8,304,1-10-14,0.0,dry_bean_uci,dry_bean_uci,37,37
tuning_train,l1_fixed,8,305,1-10-15,0.0,dry_bean_uci,dry_bean_uci,37,37
tuning_train,l1_fixed,8,306,1-11-12,0.0,dry_bean_uci,dry_bean_uci,37,37
tuning_train,l1_fixed,8,307,1-11-13,0.0,dry_bean_uci,dry_bean_uci,37,37
tuning_train,l1_fixed,8,308,1-11-14,0.0,dry_bean_uci,dry_bean_uci,37,37
tuning_train,l1_fixed,8,309,1-11-15,0.0,dry_bean_uci,dry_bean_uci,37,37
tuning_train,l1_fixed,8,310,1-12-13,0.0,dry_bean_uci,dry_bean_uci,37,37
tuning_train,l1_fixed,8,311,1-12-14,0.0,dry_bean_uci,dry_bean_uci,37,37
tuning_train,l1_fixed,8,312,1-12-15,0.0,dry_bean_uci,dry_bean_uci,37,37
tuning_train,l1_fixed,8,313,1-13-14,0.0,dry_bean_uci,dry_bean_uci,37,37
tuning_train,l1_fixed,8,314,1-13-15,0.0,dry_bean_uci,dry_bean_uci,37,37
tuning_train,l1_fixed,8,315,1-14-15,0.0,dry_bean_uci,dry_bean_uci,37,37
tuning_train,l1_fixed,8,316,2-3-4,0.0,dry_bean_uci,dry_bean_uci,37,37
tuning_train,l1_fixed,8,317,2-3-5,0.0,dry_bean_uci,dry_bean_uci,37,37
tuning_train,l1_fixed,8,318,2-3-6,0.0,dry_bean_uci,dry_bean_uci,37,37
tuning_train,l1_fixed,8,319,2-3-7,0.0,dry_bean_uci,dry_bean_uci,37,37
tuning_train,l1_fixed,8,320,2-3-8,0.0,dry_bean_uci,dry_bean_uci,37,37
tuning_train,l1_fixed,8,321,2-3-9,0.0,dry_bean_uci,dry_bean_uci,37,37
tuning_train,l1_fixed,8,322,2-3-10,0.0,dry_bean_uci,dry_bean_uci,37,37
tuning_train,l1_fixed,8,323,2-3-11,0.0,dry_bean_uci,dry_bean_uci,37,37
tuning_train,l1_fixed,8,324,2-3-12,0.0,dry_bean_uci,dry_bean_uci,37,37
tuning_train,l1_fixed,8,325,2-3-13,0.0,dry_bean_uci,dry_bean_uci,37,37
tuning_train,l1_fixed,8,326,2-3-14,0.0,dry_bean_uci,dry_bean_uci,37,37
tuning_train,l1_fixed,8,327,2-3-15,0.0,dry_bean_uci,dry_bean_uci,37,37
tuning_train,l1_fixed,8,328,2-4-5,0.0,dry_bean_uci,dry_bean_uci,37,37
tuning_train,l1_fixed,8,329,2-4-6,0.0,dry_bean_uci,dry_bean_uci,37,37
tuning_train,l1_fixed,8,330,2-4-7,0.0,dry_bean_uci,dry_bean_uci,37,37
tuning_train,l1_fixed,8,331,2-4-8,0.0,dry_bean_uci,dry_bean_uci,37,37
tuning_train,l1_fixed,8,332,2-4-9,0.0,dry_bean_uci,dry_bean_uci,37,37
tuning_train,l1_fixed,8,333,2-4-10,0.0,dry_bean_uci,dry_bean_uci,37,37
tuning_train,l1_fixed,8,334,2-4-11,0.0,dry_bean_uci,dry_bean_uci,37,37
tuning_train,l1_fixed,8,335,2-4-12,0.0,dry_bean_uci,dry_bean_uci,37,37
tuning_train,l1_fixed,8,336,2-4-13,0.0,dry_bean_uci,dry_bean_uci,37,37
tuning_train,l1_fixed,8,337,2-4-14,0.0,dry_bean_uci,dry_bean_uci,37,37
tuning_train,l1_fixed,8,338,2-4-15,0.0,dry_bean_uci,dry_bean_uci,37,37
tuning_train,l1_fixed,8,339,2-5-6,0.0,dry_bean_uci,dry_bean_uci,37,37
tuning_train,l1_fixed,8,340,2-5-7,0.0,dry_bean_uci,dry_bean_uci,37,37
tuning_train,l1_fixed,8,341,2-5-8,0.0,dry_bean_uci,dry_bean_uci,37,37
tuning_train,l1_fixed,8,342,2-5-9,0.0,dry_bean_uci,dry_bean_uci,37,37
tuning_train,l1_fixed,8,343,2-5-10,0.0,dry_bean_uci,dry_bean_uci,37,37
tuning_train,l1_fixed,8,344,2-5-11,0.0,dry_bean_uci,dry_bean_uci,37,37
tuning_train,l1_fixed,8,345,2-5-12,0.0,dry_bean_uci,dry_bean_uci,37,37
tuning_train,l1_fixed,8,346,2-5-13,0.0,dry_bean_uci,dry_bean_uci,37,37
tuning_train,l1_fixed,8,347,2-5-14,0.0,dry_bean_uci,dry_bean_uci,37,37
tuning_train,l1_fixed,8,348,2-5-15,0.0,dry_bean_uci,dry_bean_uci,37,37
tuning_train,l1_fixed,8,349,2-6-7,0.0,dry_bean_uci,dry_bean_uci,37,37
tuning_train,l1_fixed,8,350,2-6-8,0.0,dry_bean_uci,dry_bean_uci,37,37
tuning_train,l1_fixed,8,351,2-6-9,0.0,dry_bean_uci,dry_bean_uci,37,37
tuning_train,l1_fixed,8,352,2-6-10,0.0,dry_bean_uci,dry_bean_uci,37,37
tuning_train,l1_fixed,8,353,2-6-11,0.0,dry_bean_uci,dry_bean_uci,37,37
tuning_train,l1_fixed,8,354,2-6-12,0.0,dry_bean_uci,dry_bean_uci,37,37
tuning_train,l1_fixed,8,355,2-6-13,0.0,dry_bean_uci,dry_bean_uci,37,37
tuning_train,l1_fixed,8,356,2-6-14,0.0,dry_bean_uci,dry_bean_uci,37,37
tuning_train,l1_fixed,8,357,2-6-15,0.0,dry_bean_uci,dry_bean_uci,37,37
tuning_train,l1_fixed,8,358,2-7-8,0.0,dry_bean_uci,dry_bean_uci,37,37
tuning_train,l1_fixed,8,359,2-7-9,0.0,dry_bean_uci,dry_bean_uci,37,37
tuning_train,l1_fixed,8,360,2-7-10,0.0,dry_bean_uci,dry_bean_uci,37,37
tuning_train,l1_fixed,8,361,2-7-11,0.0,dry_bean_uci,dry_bean_uci,37,37
tuning_train,l1_fixed,8,362,2-7-12,0.0,dry_bean_uci,dry_bean_uci,37,37
tuning_train,l1_fixed,8,363,2-7-13,0.0,dry_bean_uci,dry_bean_uci,37,37
tuning_train,l1_fixed,8,364,2-7-14,0.0,dry_bean_uci,dry_bean_uci,37,37
tuning_train,l1_fixed,8,365,2-7-15,0.0,dry_bean_uci,dry_bean_uci,37,37
tuning_train,l1_fixed,8,366,2-8-9,0.0,dry_bean_uci,dry_bean_uci,37,37
tuning_train,l1_fixed,8,367,2-8-10,0.0,dry_bean_uci,dry_bean_uci,37,37
tuning_train,l1_fixed,8,368,2-8-11,0.0,dry_bean_uci,dry_bean_uci,37,37
tuning_train,l1_fixed,8,369,2-8-12,0.0,dry_bean_uci,dry_bean_uci,37,37
tuning_train,l1_fixed,8,370,2-8-13,0.0,dry_bean_uci,dry_bean_uci,37,37
tuning_train,l1_fixed,8,371,2-8-14,0.0,dry_bean_uci,dry_bean_uci,37,37
tuning_train,l1_fixed,8,372,2-8-15,0.0,dry_bean_uci,dry_bean_uci,37,37
tuning_train,l1_fixed,8,373,2-9-10,0.0,dry_bean_uci,dry_bean_uci,37,37
tuning_train,l1_fixed,8,374,2-9-11,0.0,dry_bean_uci,dry_bean_uci,37,37
tuning_train,l1_fixed,8,375,2-9-12,0.0,dry_bean_uci,dry_bean_uci,37,37
tuning_train,l1_fixed,8,376,2-9-13,0.0,dry_bean_uci,dry_bean_uci,37,37
tuning_train,l1_fixed,8,377,2-9-14,0.0,dry_bean_uci,dry_bean_uci,37,37
tuning_train,l1_fixed,8,378,2-9-15,0.0,dry_bean_uci,dry_bean_uci,37,37
tuning_train,l1_fixed,8,379,2-10-11,0.0,dry_bean_uci,dry_bean_uci,37,37
tuning_train,l1_fixed,8,380,2-10-12,0.0,dry_bean_uci,dry_bean_uci,37,37
tuning_train,l1_fixed,8,381,2-10-13,0.0,dry_bean_uci,dry_bean_uci,37,37
tuning_train,l1_fixed,8,382,2-10-14,0.0,dry_bean_uci,dry_bean_uci,37,37
tuning_train,l1_fixed,8,383,2-10-15,0.0,dry_bean_uci,dry_bean_uci,37,37
tuning_train,l1_fixed,8,384,2-11-12,0.0,dry_bean_uci,dry_bean_uci,37,37
tuning_train,l1_fixed,8,385,2-11-13,0.0,dry_bean_uci,dry_bean_uci,37,37
tuning_train,l1_fixed,8,386,2-11-14,0.0,dry_bean_uci,dry_bean_uci,37,37
tuning_train,l1_fixed,8,387,2-11-15,0.0,dry_bean_uci,dry_bean_uci,37,37
tuning_train,l1_fixed,8,388,2-12-13,0.0,dry_bean_uci,dry_bean_uci,37,37
tuning_train,l1_fixed,8,389,2-12-14,0.0,dry_bean_uci,dry_bean_uci,37,37
tuning_train,l1_fixed,8,390,2-12-15,0.0,dry_bean_uci,dry_bean_uci,37,37
tuning_train,l1_fixed,8,391,2-13-14,0.0,dry_bean_uci,dry_bean_uci,37,37
tuning_train,l1_fixed,8,392,2-13-15,0.0,dry_bean_uci,dry_bean_uci,37,37
tuning_train,l1_fixed,8,393,2-14-15,0.0,dry_bean_uci,dry_bean_uci,37,37
tuning_train,l1_fixed,8,394,3-4-5,0.0,dry_bean_uci,dry_bean_uci,37,37
tuning_train,l1_fixed,8,395,3-4-6,0.0,dry_bean_uci,dry_bean_uci,37,37
tuning_train,l1_fixed,8,396,3-4-7,0.0,dry_bean_uci,dry_bean_uci,37,37
tuning_train,l1_fixed,8,397,3-4-8,0.0,dry_bean_uci,dry_bean_uci,37,37
tuning_train,l1_fixed,8,398,3-4-9,0.0,dry_bean_uci,dry_bean_uci,37,37
tuning_train,l1_fixed,8,399,3-4-10,0.0,dry_bean_uci,dry_bean_uci,37,37
tuning_train,l1_fixed,8,400,3-4-11,0.0,dry_bean_uci,dry_bean_uci,37,37
tuning_train,l1_fixed,8,401,3-4-12,0.0,dry_bean_uci,dry_bean_uci,37,37
tuning_train,l1_fixed,8,402,3-4-13,0.0,dry_bean_uci,dry_bean_uci,37,37
tuning_train,l1_fixed,8,403,3-4-14,0.0,dry_bean_uci,dry_bean_uci,37,37
tuning_train,l1_fixed,8,404,3-4-15,0.0,dry_bean_uci,dry_bean_uci,37,37
tuning_train,l1_fixed,8,405,3-5-6,0.0,dry_bean_uci,dry_bean_uci,37,37
tuning_train,l1_fixed,8,406,3-5-7,0.0,dry_bean_uci,dry_bean_uci,37,37
tuning_train,l1_fixed,8,407,3-5-8,0.0,dry_bean_uci,dry_bean_uci,37,37
tuning_train,l1_fixed,8,408,3-5-9,0.0,dry_bean_uci,dry_bean_uci,37,37
tuning_train,l1_fixed,8,409,3-5-10,0.0,dry_bean_uci,dry_bean_uci,37,37
tuning_train,l1_fixed,8,410,3-5-11,0.0,dry_bean_uci,dry_bean_uci,37,37
tuning_train,l1_fixed,8,411,3-5-12,0.0,dry_bean_uci,dry_bean_uci,37,37
tuning_train,l1_fixed,8,412,3-5-13,0.0,dry_bean_uci,dry_bean_uci,37,37
tuning_train,l1_fixed,8,413,3-5-14,0.0,dry_bean_uci,dry_bean_uci,37,37
tuning_train,l1_fixed,8,414,3-5-15,0.0,dry_bean_uci,dry_bean_uci,37,37
tuning_train,l1_fixed,8,415,3-6-7,0.0,dry_bean_uci,dry_bean_uci,37,37
tuning_train,l1_fixed,8,416,3-6-8,0.0,dry_bean_uci,dry_bean_uci,37,37
tuning_train,l1_fixed,8,417,3-6-9,0.0,dry_bean_uci,dry_bean_uci,37,37
tuning_train,l1_fixed,8,418,3-6-10,0.0,dry_bean_uci,dry_bean_uci,37,37
tuning_train,l1_fixed,8,419,3-6-11,0.0,dry_bean_uci,dry_bean_uci,37,37
tuning_train,l1_fixed,8,420,3-6-12,0.0,dry_bean_uci,dry_bean_uci,37,37
tuning_train,l1_fixed,8,421,3-6-13,0.0,dry_bean_uci,dry_bean_uci,37,37
tuning_train,l1_fixed,8,422,3-6-14,0.0,dry_bean_uci,dry_bean_uci,37,37
tuning_train,l1_fixed,8,423,3-6-15,0.0,dry_bean_uci,dry_bean_uci,37,37
tuning_train,l1_fixed,8,424,3-7-8,0.0,dry_bean_uci,dry_bean_uci,37,37
tuning_train,l1_fixed,8,425,3-7-9,0.0,dry_bean_uci,dry_bean_uci,37,37
tuning_train,l1_fixed,8,426,3-7-10,0.0,dry_bean_uci,dry_bean_uci,37,37
tuning_train,l1_fixed,8,427,3-7-11,0.0,dry_bean_uci,dry_bean_uci,37,37
tuning_train,l1_fixed,8,428,3-7-12,0.0,dry_bean_uci,dry_bean_uci,37,37
tuning_train,l1_fixed,8,429,3-7-13,0.0,dry_bean_uci,dry_bean_uci,37,37
tuning_train,l1_fixed,8,430,3-7-14,0.0,dry_bean_uci,dry_bean_uci,37,37
tuning_train,l1_fixed,8,431,3-7-15,0.0,dry_bean_uci,dry_bean_uci,37,37
tuning_train,l1_fixed,8,432,3-8-9,0.0,dry_bean_uci,dry_bean_uci,37,37
tuning_train,l1_fixed,8,433,3-8-10,0.0,dry_bean_uci,dry_bean_uci,37,37
tuning_train,l1_fixed,8,434,3-8-11,0.0,dry_bean_uci,dry_bean_uci,37,37
tuning_train,l1_fixed,8,435,3-8-12,0.0,dry_bean_uci,dry_bean_uci,37,37
tuning_train,l1_fixed,8,436,3-8-13,0.0,dry_bean_uci,dry_bean_uci,37,37
tuning_train,l1_fixed,8,437,3-8-14,0.0,dry_bean_uci,dry_bean_uci,37,37
tuning_train,l1_fixed,8,438,3-8-15,0.0,dry_bean_uci,dry_bean_uci,37,37
tuning_train,l1_fixed,8,439,3-9-10,0.0,dry_bean_uci,dry_bean_uci,37,37
tuning_train,l1_fixed,8,440,3-9-11,0.0,dry_bean_uci,dry_bean_uci,37,37
tuning_train,l1_fixed,8,441,3-9-12,0.0,dry_bean_uci,dry_bean_uci,37,37
tuning_train,l1_fixed,8,442,3-9-13,0.0,dry_bean_uci,dry_bean_uci,37,37
tuning_train,l1_fixed,8,443,3-9-14,0.0,dry_bean_uci,dry_bean_uci,37,37
tuning_train,l1_fixed,8,444,3-9-15,0.0,dry_bean_uci,dry_bean_uci,37,37
tuning_train,l1_fixed,8,445,3-10-11,0.0,dry_bean_uci,dry_bean_uci,37,37
tuning_train,l1_fixed,8,446,3-10-12,0.0,dry_bean_uci,dry_bean_uci,37,37
tuning_train,l1_fixed,8,447,3-10-13,0.0,dry_bean_uci,dry_bean_uci,37,37
tuning_train,l1_fixed,8,448,3-10-14,0.0,dry_bean_uci,dry_bean_uci,37,37
tuning_train,l1_fixed,8,449,3-10-15,0.0,dry_bean_uci,dry_bean_uci,37,37
tuning_train,l1_fixed,8,450,3-11-12,0.0,dry_bean_uci,dry_bean_uci,37,37
tuning_train,l1_fixed,8,451,3-11-13,0.0,dry_bean_uci,dry_bean_uci,37,37
tuning_train,l1_fixed,8,452,3-11-14,0.0,dry_bean_uci,dry_bean_uci,37,37
tuning_train,l1_fixed,8,453,3-11-15,0.0,dry_bean_uci,dry_bean_uci,37,37
tuning_train,l1_fixed,8,454,3-12-13,0.0,dry_bean_uci,dry_bean_uci,37,37
tuning_train,l1_fixed,8,455,3-12-14,0.0,dry_bean_uci,dry_bean_uci,37,37
tuning_train,l1_fixed,8,456,3-12-15,0.0,dry_bean_uci,dry_bean_uci,37,37
tuning_train,l1_fixed,8,457,3-13-14,0.0,dry_bean_uci,dry_bean_uci,37,37
tuning_train,l1_fixed,8,458,3-13-15,0.0,dry_bean_uci,dry_bean_uci,37,37
tuning_train,l1_fixed,8,459,3-14-15,0.0,dry_bean_uci,dry_bean_uci,37,37
tuning_train,l1_fixed,8,460,4-5-6,0.0,dry_bean_uci,dry_bean_uci,37,37
tuning_train,l1_fixed,8,461,4-5-7,0.0,dry_bean_uci,dry_bean_uci,37,37
tuning_train,l1_fixed,8,462,4-5-8,0.0,dry_bean_uci,dry_bean_uci,37,37
tuning_train,l1_fixed,8,463,4-5-9,0.0,dry_bean_uci,dry_bean_uci,37,37
tuning_train,l1_fixed,8,464,4-5-10,0.0,dry_bean_uci,dry_bean_uci,37,37
tuning_train,l1_fixed,8,465,4-5-11,0.0,dry_bean_uci,dry_bean_uci,37,37
tuning_train,l1_fixed,8,466,4-5-12,0.0,dry_bean_uci,dry_bean_uci,37,37
tuning_train,l1_fixed,8,467,4-5-13,0.0,dry_bean_uci,dry_bean_uci,37,37
tuning_train,l1_fixed,8,468,4-5-14,0.0,dry_bean_uci,dry_bean_uci,37,37
tuning_train,l1_fixed,8,469,4-5-15,0.0,dry_bean_uci,dry_bean_uci,37,37
tuning_train,l1_fixed,8,470,4-6-7,0.0,dry_bean_uci,dry_bean_uci,37,37
tuning_train,l1_fixed,8,471,4-6-8,0.0,dry_bean_uci,dry_bean_uci,37,37
tuning_train,l1_fixed,8,472,4-6-9,0.0,dry_bean_uci,dry_bean_uci,37,37
tuning_train,l1_fixed,8,473,4-6-10,0.0,dry_bean_uci,dry_bean_uci,37,37
tuning_train,l1_fixed,8,474,4-6-11,0.0,dry_bean_uci,dry_bean_uci,37,37
tuning_train,l1_fixed,8,475,4-6-12,0.0,dry_bean_uci,dry_bean_uci,37,37
tuning_train,l1_fixed,8,476,4-6-13,0.0,dry_bean_uci,dry_bean_uci,37,37
tuning_train,l1_fixed,8,477,4-6-14,0.0,dry_bean_uci,dry_bean_uci,37,37
tuning_train,l1_fixed,8,478,4-6-15,0.0,dry_bean_uci,dry_bean_uci,37,37
tuning_train,l1_fixed,8,479,4-7-8,0.0,dry_bean_uci,dry_bean_uci,37,37
tuning_train,l1_fixed,8,480,4-7-9,0.0,dry_bean_uci,dry_bean_uci,37,37
tuning_train,l1_fixed,8,481,4-7-10,0.0,dry_bean_uci,dry_bean_uci,37,37
tuning_train,l1_fixed,8,482,4-7-11,0.0,dry_bean_uci,dry_bean_uci,37,37
tuning_train,l1_fixed,8,483,4-7-12,0.0,dry_bean_uci,dry_bean_uci,37,37
tuning_train,l1_fixed,8,484,4-7-13,0.0,dry_bean_uci,dry_bean_uci,37,37
tuning_train,l1_fixed,8,485,4-7-14,0.0,dry_bean_uci,dry_bean_uci,37,37
tuning_train,l1_fixed,8,486,4-7-15,0.0,dry_bean_uci,dry_bean_uci,37,37
tuning_train,l1_fixed,8,487,4-8-9,0.0,dry_bean_uci,dry_bean_uci,37,37
tuning_train,l1_fixed,8,488,4-8-10,0.0,dry_bean_uci,dry_bean_uci,37,37
tuning_train,l1_fixed,8,489,4-8-11,0.0,dry_bean_uci,dry_bean_uci,37,37
tuning_train,l1_fixed,8,490,4-8-12,0.0,dry_bean_uci,dry_bean_uci,37,37
tuning_train,l1_fixed,8,491,4-8-13,0.0,dry_bean_uci,dry_bean_uci,37,37
tuning_train,l1_fixed,8,492,4-8-14,0.0,dry_bean_uci,dry_bean_uci,37,37
tuning_train,l1_fixed,8,493,4-8-15,0.0,dry_bean_uci,dry_bean_uci,37,37
tuning_train,l1_fixed,8,494,4-9-10,0.0,dry_bean_uci,dry_bean_uci,37,37
tuning_train,l1_fixed,8,495,4-9-11,0.0,dry_bean_uci,dry_bean_uci,37,37
tuning_train,l1_fixed,8,496,4-9-12,0.0,dry_bean_uci,dry_bean_uci,37,37
tuning_train,l1_fixed,8,497,4-9-13,0.0,dry_bean_uci,dry_bean_uci,37,37
tuning_train,l1_fixed,8,498,4-9-14,0.0,dry_bean_uci,dry_bean_uci,37,37
tuning_train,l1_fixed,8,499,4-9-15,0.0,dry_bean_uci,dry_bean_uci,37,37
tuning_train,l1_fixed,8,500,4-10-11,0.0,dry_bean_uci,dry_bean_uci,37,37
tuning_train,l1_fixed,8,501,4-10-12,0.0,dry_bean_uci,dry_bean_uci,37,37
tuning_train,l1_fixed,8,502,4-10-13,0.0,dry_bean_uci,dry_bean_uci,37,37
tuning_train,l1_fixed,8,503,4-10-14,0.0,dry_bean_uci,dry_bean_uci,37,37
tuning_train,l1_fixed,8,504,4-10-15,0.0,dry_bean_uci,dry_bean_uci,37,37
tuning_train,l1_fixed,8,505,4-11-12,0.0,dry_bean_uci,dry_bean_uci,37,37
tuning_train,l1_fixed,8,506,4-11-13,0.0,dry_bean_uci,dry_bean_uci,37,37
tuning_train,l1_fixed,8,507,4-11-14,0.55,dry_bean_uci,dry_bean_uci,37,37
tuning_train,l1_fixed,8,508,4-11-15,0.0,dry_bean_uci,dry_bean_uci,37,37
tuning_train,l1_fixed,8,509,4-12-13,0.0,dry_bean_uci,dry_bean_uci,37,37
tuning_train,l1_fixed,8,510,4-12-14,0.0,dry_bean_uci,dry_bean_uci,37,37
tuning_train,l1_fixed,8,511,4-12-15,0.0,dry_bean_uci,dry_bean_uci,37,37
tuning_train,l1_fixed,8,512,4-13-14,0.0,dry_bean_uci,dry_bean_uci,37,37
tuning_train,l1_fixed,8,513,4-13-15,0.0,dry_bean_uci,dry_bean_uci,37,37
tuning_train,l1_fixed,8,514,4-14-15,0.0,dry_bean_uci,dry_bean_uci,37,37
tuning_train,l1_fixed,8,515,5-6-7,0.0,dry_bean_uci,dry_bean_uci,37,37
tuning_train,l1_fixed,8,516,5-6-8,0.0,dry_bean_uci,dry_bean_uci,37,37
tuning_train,l1_fixed,8,517,5-6-9,0.0,dry_bean_uci,dry_bean_uci,37,37
tuning_train,l1_fixed,8,518,5-6-10,0.0,dry_bean_uci,dry_bean_uci,37,37
tuning_train,l1_fixed,8,519,5-6-11,0.0,dry_bean_uci,dry_bean_uci,37,37
tuning_train,l1_fixed,8,520,5-6-12,0.0,dry_bean_uci,dry_bean_uci,37,37
tuning_train,l1_fixed,8,521,5-6-13,0.0,dry_bean_uci,dry_bean_uci,37,37
tuning_train,l1_fixed,8,522,5-6-14,0.0,dry_bean_uci,dry_bean_uci,37,37
tuning_train,l1_fixed,8,523,5-6-15,0.0,dry_bean_uci,dry_bean_uci,37,37
tuning_train,l1_fixed,8,524,5-7-8,0.0,dry_bean_uci,dry_bean_uci,37,37
tuning_train,l1_fixed,8,525,5-7-9,0.0,dry_bean_uci,dry_bean_uci,37,37
tuning_train,l1_fixed,8,526,5-7-10,0.0,dry_bean_uci,dry_bean_uci,37,37
tuning_train,l1_fixed,8,527,5-7-11,0.0,dry_bean_uci,dry_bean_uci,37,37
tuning_train,l1_fixed,8,528,5-7-12,0.0,dry_bean_uci,dry_bean_uci,37,37
tuning_train,l1_fixed,8,529,5-7-13,0.0,dry_bean_uci,dry_bean_uci,37,37
tuning_train,l1_fixed,8,530,5-7-14,0.0,dry_bean_uci,dry_bean_uci,37,37
tuning_train,l1_fixed,8,531,5-7-15,0.0,dry_bean_uci,dry_bean_uci,37,37
tuning_train,l1_fixed,8,532,5-8-9,0.0,dry_bean_uci,dry_bean_uci,37,37
tuning_train,l1_fixed,8,533,5-8-10,0.0,dry_bean_uci,dry_bean_uci,37,37
tuning_train,l1_fixed,8,534,5-8-11,0.0,dry_bean_uci,dry_bean_uci,37,37
tuning_train,l1_fixed,8,535,5-8-12,0.0,dry_bean_uci,dry_bean_uci,37,37
tuning_train,l1_fixed,8,536,5-8-13,0.0,dry_bean_uci,dry_bean_uci,37,37
tuning_train,l1_fixed,8,537,5-8-14,0.0,dry_bean_uci,dry_bean_uci,37,37
tuning_train,l1_fixed,8,538,5-8-15,0.0,dry_bean_uci,dry_bean_uci,37,37
tuning_train,l1_fixed,8,539,5-9-10,0.0,dry_bean_uci,dry_bean_uci,37,37
tuning_train,l1_fixed,8,540,5-9-11,0.0,dry_bean_uci,dry_bean_uci,37,37
tuning_train,l1_fixed,8,541,5-9-12,0.0,dry_bean_uci,dry_bean_uci,37,37
tuning_train,l1_fixed,8,542,5-9-13,0.0,dry_bean_uci,dry_bean_uci,37,37
tuning_train,l1_fixed,8,543,5-9-14,0.0,dry_bean_uci,dry_bean_uci,37,37
tuning_train,l1_fixed,8,544,5-9-15,0.0,dry_bean_uci,dry_bean_uci,37,37
tuning_train,l1_fixed,8,545,5-10-11,0.0,dry_bean_uci,dry_bean_uci,37,37
tuning_train,l1_fixed,8,546,5-10-12,0.0,dry_bean_uci,dry_bean_uci,37,37
tuning_train,l1_fixed,8,547,5-10-13,0.0,dry_bean_uci,dry_bean_uci,37,37
tuning_train,l1_fixed,8,548,5-10-14,0.0,dry_bean_uci,dry_bean_uci,37,37
tuning_train,l1_fixed,8,549,5-10-15,0.0,dry_bean_uci,dry_bean_uci,37,37
tuning_train,l1_fixed,8,550,5-11-12,0.0,dry_bean_uci,dry_bean_uci,37,37
tuning_train,l1_fixed,8,551,5-11-13,0.0,dry_bean_uci,dry_bean_uci,37,37
tuning_train,l1_fixed,8,552,5-11-14,0.0,dry_bean_uci,dry_bean_uci,37,37
tuning_train,l1_fixed,8,553,5-11-15,0.0,dry_bean_uci,dry_bean_uci,37,37
tuning_train,l1_fixed,8,554,5-12-13,0.0,dry_bean_uci,dry_bean_uci,37,37
tuning_train,l1_fixed,8,555,5-12-14,0.0,dry_bean_uci,dry_bean_uci,37,37
tuning_train,l1_fixed,8,556,5-12-15,0.0,dry_bean_uci,dry_bean_uci,37,37
tuning_train,l1_fixed,8,557,5-13-14,0.0,dry_bean_uci,dry_bean_uci,37,37
tuning_train,l1_fixed,8,558,5-13-15,0.0,dry_bean_uci,dry_bean_uci,37,37
tuning_train,l1_fixed,8,559,5-14-15,0.0,dry_bean_uci,dry_bean_uci,37,37
tuning_train,l1_fixed,8,560,6-7-8,0.0,dry_bean_uci,dry_bean_uci,37,37
tuning_train,l1_fixed,8,561,6-7-9,0.0,dry_bean_uci,dry_bean_uci,37,37
tuning_train,l1_fixed,8,562,6-7-10,0.0,dry_bean_uci,dry_bean_uci,37,37
tuning_train,l1_fixed,8,563,6-7-11,0.0,dry_bean_uci,dry_bean_uci,37,37
tuning_train,l1_fixed,8,564,6-7-12,0.0,dry_bean_uci,dry_bean_uci,37,37
tuning_train,l1_fixed,8,565,6-7-13,0.0,dry_bean_uci,dry_bean_uci,37,37
tuning_train,l1_fixed,8,566,6-7-14,0.0,dry_bean_uci,dry_bean_uci,37,37
tuning_train,l1_fixed,8,567,6-7-15,0.0,dry_bean_uci,dry_bean_uci,37,37
tuning_train,l1_fixed,8,568,6-8-9,0.0,dry_bean_uci,dry_bean_uci,37,37
tuning_train,l1_fixed,8,569,6-8-10,0.0,dry_bean_uci,dry_bean_uci,37,37
tuning_train,l1_fixed,8,570,6-8-11,0.0,dry_bean_uci,dry_bean_uci,37,37
tuning_train,l1_fixed,8,571,6-8-12,0.0,dry_bean_uci,dry_bean_uci,37,37
tuning_train,l1_fixed,8,572,6-8-13,0.0,dry_bean_uci,dry_bean_uci,37,37
tuning_train,l1_fixed,8,573,6-8-14,0.0,dry_bean_uci,dry_bean_uci,37,37
tuning_train,l1_fixed,8,574,6-8-15,0.0,dry_bean_uci,dry_bean_uci,37,37
tuning_train,l1_fixed,8,575,6-9-10,0.0,dry_bean_uci,dry_bean_uci,37,37
tuning_train,l1_fixed,8,576,6-9-11,0.0,dry_bean_uci,dry_bean_uci,37,37
tuning_train,l1_fixed,8,577,6-9-12,0.0,dry_bean_uci,dry_bean_uci,37,37
tuning_train,l1_fixed,8,578,6-9-13,0.0,dry_bean_uci,dry_bean_uci,37,37
tuning_train,l1_fixed,8,579,6-9-14,0.0,dry_bean_uci,dry_bean_uci,37,37
tuning_train,l1_fixed,8,580,6-9-15,0.0,dry_bean_uci,dry_bean_uci,37,37
tuning_train,l1_fixed,8,581,6-10-11,0.0,dry_bean_uci,dry_bean_uci,37,37
tuning_train,l1_fixed,8,582,6-10-12,0.0,dry_bean_uci,dry_bean_uci,37,37
tuning_train,l1_fixed,8,583,6-10-13,0.0,dry_bean_uci,dry_bean_uci,37,37
tuning_train,l1_fixed,8,584,6-10-14,0.0,dry_bean_uci,dry_bean_uci,37,37
tuning_train,l1_fixed,8,585,6-10-15,0.0,dry_bean_uci,dry_bean_uci,37,37
tuning_train,l1_fixed,8,586,6-11-12,0.0,dry_bean_uci,dry_bean_uci,37,37
tuning_train,l1_fixed,8,587,6-11-13,0.0,dry_bean_uci,dry_bean_uci,37,37
tuning_train,l1_fixed,8,588,6-11-14,0.0,dry_bean_uci,dry_bean_uci,37,37
tuning_train,l1_fixed,8,589,6-11-15,0.0,dry_bean_uci,dry_bean_uci,37,37
tuning_train,l1_fixed,8,590,6-12-13,0.0,dry_bean_uci,dry_bean_uci,37,37
tuning_train,l1_fixed,8,591,6-12-14,0.0,dry_bean_uci,dry_bean_uci,37,37
tuning_train,l1_fixed,8,592,6-12-15,0.0,dry_bean_uci,dry_bean_uci,37,37
tuning_train,l1_fixed,8,593,6-13-14,0.0,dry_bean_uci,dry_bean_uci,37,37
tuning_train,l1_fixed,8,594,6-13-15,0.0,dry_bean_uci,dry_bean_uci,37,37
tuning_train,l1_fixed,8,595,6-14-15,0.0,dry_bean_uci,dry_bean_uci,37,37
tuning_train,l1_fixed,8,596,7-8-9,0.0,dry_bean_uci,dry_bean_uci,37,37
tuning_train,l1_fixed,8,597,7-8-10,0.0,dry_bean_uci,dry_bean_uci,37,37
tuning_train,l1_fixed,8,598,7-8-11,0.0,dry_bean_uci,dry_bean_uci,37,37
tuning_train,l1_fixed,8,599,7-8-12,0.0,dry_bean_uci,dry_bean_uci,37,37
tuning_train,l1_fixed,8,600,7-8-13,0.0,dry_bean_uci,dry_bean_uci,37,37
tuning_train,l1_fixed,8,601,7-8-14,0.0,dry_bean_uci,dry_bean_uci,37,37
tuning_train,l1_fixed,8,602,7-8-15,0.0,dry_bean_uci,dry_bean_uci,37,37
tuning_train,l1_fixed,8,603,7-9-10,0.0,dry_bean_uci,dry_bean_uci,37,37
tuning_train,l1_fixed,8,604,7-9-11,0.0,dry_bean_uci,dry_bean_uci,37,37
tuning_train,l1_fixed,8,605,7-9-12,0.0,dry_bean_uci,dry_bean_uci,37,37
tuning_train,l1_fixed,8,606,7-9-13,0.0,dry_bean_uci,dry_bean_uci,37,37
tuning_train,l1_fixed,8,607,7-9-14,0.0,dry_bean_uci,dry_bean_uci,37,37
tuning_train,l1_fixed,8,608,7-9-15,0.0,dry_bean_uci,dry_bean_uci,37,37
tuning_train,l1_fixed,8,609,7-10-11,0.0,dry_bean_uci,dry_bean_uci,37,37
tuning_train,l1_fixed,8,610,7-10-12,0.0,dry_bean_uci,dry_bean_uci,37,37
tuning_train,l1_fixed,8,611,7-10-13,0.0,dry_bean_uci,dry_bean_uci,37,37
tuning_train,l1_fixed,8,612,7-10-14,0.0,dry_bean_uci,dry_bean_uci,37,37
tuning_train,l1_fixed,8,613,7-10-15,0.0,dry_bean_uci,dry_bean_uci,37,37
tuning_train,l1_fixed,8,614,7-11-12,0.0,dry_bean_uci,dry_bean_uci,37,37
tuning_train,l1_fixed,8,615,7-11-13,0.0,dry_bean_uci,dry_bean_uci,37,37
tuning_train,l1_fixed,8,616,7-11-14,0.0,dry_bean_uci,dry_bean_uci,37,37
tuning_train,l1_fixed,8,617,7-11-15,0.0,dry_bean_uci,dry_bean_uci,37,37
tuning_train,l1_fixed,8,618,7-12-13,0.0,dry_bean_uci,dry_bean_uci,37,37
tuning_train,l1_fixed,8,619,7-12-14,0.0,dry_bean_uci,dry_bean_uci,37,37
tuning_train,l1_fixed,8,620,7-12-15,0.0,dry_bean_uci,dry_bean_uci,37,37
tuning_train,l1_fixed,8,621,7-13-14,0.0,dry_bean_uci,dry_bean_uci,37,37
tuning_train,l1_fixed,8,622,7-13-15,0.0,dry_bean_uci,dry_bean_uci,37,37
tuning_train,l1_fixed,8,623,7-14-15,0.0,dry_bean_uci,dry_bean_uci,37,37
tuning_train,l1_fixed,8,624,8-9-10,0.0,dry_bean_uci,dry_bean_uci,37,37
tuning_train,l1_fixed,8,625,8-9-11,0.0,dry_bean_uci,dry_bean_uci,37,37
tuning_train,l1_fixed,8,626,8-9-12,0.0,dry_bean_uci,dry_bean_uci,37,37
tuning_train,l1_fixed,8,627,8-9-13,0.0,dry_bean_uci,dry_bean_uci,37,37
tuning_train,l1_fixed,8,628,8-9-14,0.0,dry_bean_uci,dry_bean_uci,37,37
tuning_train,l1_fixed,8,629,8-9-15,0.0,dry_bean_uci,dry_bean_uci,37,37
tuning_train,l1_fixed,8,630,8-10-11,0.0,dry_bean_uci,dry_bean_uci,37,37
tuning_train,l1_fixed,8,631,8-10-12,0.0,dry_bean_uci,dry_bean_uci,37,37
tuning_train,l1_fixed,8,632,8-10-13,0.0,dry_bean_uci,dry_bean_uci,37,37
tuning_train,l1_fixed,8,633,8-10-14,0.0,dry_bean_uci,dry_bean_uci,37,37
tuning_train,l1_fixed,8,634,8-10-15,0.0,dry_bean_uci,dry_bean_uci,37,37
tuning_train,l1_fixed,8,635,8-11-12,0.0,dry_bean_uci,dry_bean_uci,37,37
tuning_train,l1_fixed,8,636,8-11-13,0.0,dry_bean_uci,dry_bean_uci,37,37
tuning_train,l1_fixed,8,637,8-11-14,0.0,dry_bean_uci,dry_bean_uci,37,37
tuning_train,l1_fixed,8,638,8-11-15,0.0,dry_bean_uci,dry_bean_uci,37,37
tuning_train,l1_fixed,8,639,8-12-13,0.0,dry_bean_uci,dry_bean_uci,37,37
tuning_train,l1_fixed,8,640,8-12-14,0.0,dry_bean_uci,dry_bean_uci,37,37
tuning_train,l1_fixed,8,641,8-12-15,0.0,dry_bean_uci,dry_bean_uci,37,37
tuning_train,l1_fixed,8,642,8-13-14,0.0,dry_bean_uci,dry_bean_uci,37,37
tuning_train,l1_fixed,8,643,8-13-15,0.0,dry_bean_uci,dry_bean_uci,37,37
tuning_train,l1_fixed,8,644,8-14-15,0.0,dry_bean_uci,dry_bean_uci,37,37
tuning_train,l1_fixed,8,645,9-10-11,0.0,dry_bean_uci,dry_bean_uci,37,37
tuning_train,l1_fixed,8,646,9-10-12,0.95,dry_bean_uci,dry_bean_uci,37,37
tuning_train,l1_fixed,8,647,9-10-13,0.0,dry_bean_uci,dry_bean_uci,37,37
tuning_train,l1_fixed,8,648,9-10-14,0.0,dry_bean_uci,dry_bean_uci,37,37
tuning_train,l1_fixed,8,649,9-10-15,0.0,dry_bean_uci,dry_bean_uci,37,37
tuning_train,l1_fixed,8,650,9-11-12,0.0,dry_bean_uci,dry_bean_uci,37,37
tuning_train,l1_fixed,8,651,9-11-13,0.0,dry_bean_uci,dry_bean_uci,37,37
tuning_train,l1_fixed,8,652,9-11-14,0.0,dry_bean_uci,dry_bean_uci,37,37
tuning_train,l1_fixed,8,653,9-11-15,0.0,dry_bean_uci,dry_bean_uci,37,37
tuning_train,l1_fixed,8,654,9-12-13,0.0,dry_bean_uci,dry_bean_uci,37,37
tuning_train,l1_fixed,8,655,9-12-14,0.0,dry_bean_uci,dry_bean_uci,37,37
tuning_train,l1_fixed,8,656,9-12-15,0.0,dry_bean_uci,dry_bean_uci,37,37
tuning_train,l1_fixed,8,657,9-13-14,0.0,dry_bean_uci,dry_bean_uci,37,37
tuning_train,l1_fixed,8,658,9-13-15,0.0,dry_bean_uci,dry_bean_uci,37,37
tuning_train,l1_fixed,8,659,9-14-15,0.0,dry_bean_uci,dry_bean_uci,37,37
tuning_train,l1_fixed,8,660,10-11-12,0.0,dry_bean_uci,dry_bean_uci,37,37
tuning_train,l1_fixed,8,661,10-11-13,0.0,dry_bean_uci,dry_bean_uci,37,37
tuning_train,l1_fixed,8,662,10-11-14,0.0,dry_bean_uci,dry_bean_uci,37,37
tuning_train,l1_fixed,8,663,10-11-15,0.0,dry_bean_uci,dry_bean_uci,37,37
tuning_train,l1_fixed,8,664,10-12-13,0.0,dry_bean_uci,dry_bean_uci,37,37
tuning_train,l1_fixed,8,665,10-12-14,0.0,dry_bean_uci,dry_bean_uci,37,37
tuning_train,l1_fixed,8,666,10-12-15,0.0,dry_bean_uci,dry_bean_uci,37,37
tuning_train,l1_fixed,8,667,10-13-14,0.0,dry_bean_uci,dry_bean_uci,37,37
tuning_train,l1_fixed,8,668,10-13-15,0.0,dry_bean_uci,dry_bean_uci,37,37
tuning_train,l1_fixed,8,669,10-14-15,0.0,dry_bean_uci,dry_bean_uci,37,37
tuning_train,l1_fixed,8,670,11-12-13,0.0,dry_bean_uci,dry_bean_uci,37,37
tuning_train,l1_fixed,8,671,11-12-14,0.0,dry_bean_uci,dry_bean_uci,37,37
tuning_train,l1_fixed,8,672,11-12-15,0.0,dry_bean_uci,dry_bean_uci,37,37
tuning_train,l1_fixed,8,673,11-13-14,0.0,dry_bean_uci,dry_bean_uci,37,37
tuning_train,l1_fixed,8,674,11-13-15,0.0,dry_bean_uci,dry_bean_uci,37,37
tuning_train,l1_fixed,8,675,11-14-15,0.0,dry_bean_uci,dry_bean_uci,37,37
tuning_train,l1_fixed,8,676,12-13-14,0.0,dry_bean_uci,dry_bean_uci,37,37
tuning_train,l1_fixed,8,677,12-13-15,0.0,dry_bean_uci,dry_bean_uci,37,37
tuning_train,l1_fixed,8,678,12-14-15,0.0,dry_bean_uci,dry_bean_uci,37,37
tuning_train,l1_fixed,8,679,13-14-15,0.0,dry_bean_uci,dry_bean_uci,37,37
tuning_train,l1_fixed,16,0,0-1,0.0,dry_bean_uci,dry_bean_uci,37,37
tuning_train,l1_fixed,16,1,0-2,0.0,dry_bean_uci,dry_bean_uci,37,37
tuning_train,l1_fixed,16,2,0-3,0.0,dry_bean_uci,dry_bean_uci,37,37
tuning_train,l1_fixed,16,3,0-4,0.0,dry_bean_uci,dry_bean_uci,37,37
tuning_train,l1_fixed,16,4,0-5,0.0,dry_bean_uci,dry_bean_uci,37,37
tuning_train,l1_fixed,16,5,0-6,0.0,dry_bean_uci,dry_bean_uci,37,37
tuning_train,l1_fixed,16,6,0-7,0.0,dry_bean_uci,dry_bean_uci,37,37
tuning_train,l1_fixed,16,7,0-8,0.0,dry_bean_uci,dry_bean_uci,37,37
tuning_train,l1_fixed,16,8,0-9,0.0,dry_bean_uci,dry_bean_uci,37,37
tuning_train,l1_fixed,16,9,0-10,0.0,dry_bean_uci,dry_bean_uci,37,37
tuning_train,l1_fixed,16,10,0-11,0.0,dry_bean_uci,dry_bean_uci,37,37
tuning_train,l1_fixed,16,11,0-12,0.175,dry_bean_uci,dry_bean_uci,37,37
tuning_train,l1_fixed,16,12,0-13,0.0,dry_bean_uci,dry_bean_uci,37,37
tuning_train,l1_fixed,16,13,0-14,0.0,dry_bean_uci,dry_bean_uci,37,37
tuning_train,l1_fixed,16,14,0-15,0.0,dry_bean_uci,dry_bean_uci,37,37
tuning_train,l1_fixed,16,15,1-2,0.0,dry_bean_uci,dry_bean_uci,37,37
tuning_train,l1_fixed,16,16,1-3,0.0,dry_bean_uci,dry_bean_uci,37,37
tuning_train,l1_fixed,16,17,1-4,0.0,dry_bean_uci,dry_bean_uci,37,37
tuning_train,l1_fixed,16,18,1-5,0.0,dry_bean_uci,dry_bean_uci,37,37
tuning_train,l1_fixed,16,19,1-6,0.0,dry_bean_uci,dry_bean_uci,37,37
tuning_train,l1_fixed,16,20,1-7,0.0,dry_bean_uci,dry_bean_uci,37,37
tuning_train,l1_fixed,16,21,1-8,0.0,dry_bean_uci,dry_bean_uci,37,37
tuning_train,l1_fixed,16,22,1-9,0.0,dry_bean_uci,dry_bean_uci,37,37
tuning_train,l1_fixed,16,23,1-10,0.0,dry_bean_uci,dry_bean_uci,37,37
tuning_train,l1_fixed,16,24,1-11,0.0,dry_bean_uci,dry_bean_uci,37,37
tuning_train,l1_fixed,16,25,1-12,1.0,dry_bean_uci,dry_bean_uci,37,37
tuning_train,l1_fixed,16,26,1-13,0.0,dry_bean_uci,dry_bean_uci,37,37
tuning_train,l1_fixed,16,27,1-14,0.0,dry_bean_uci,dry_bean_uci,37,37
tuning_train,l1_fixed,16,28,1-15,0.0,dry_bean_uci,dry_bean_uci,37,37
tuning_train,l1_fixed,16,29,2-3,0.0,dry_bean_uci,dry_bean_uci,37,37
tuning_train,l1_fixed,16,30,2-4,0.0,dry_bean_uci,dry_bean_uci,37,37
tuning_train,l1_fixed,16,31,2-5,0.0,dry_bean_uci,dry_bean_uci,37,37
tuning_train,l1_fixed,16,32,2-6,0.0,dry_bean_uci,dry_bean_uci,37,37
tuning_train,l1_fixed,16,33,2-7,0.0,dry_bean_uci,dry_bean_uci,37,37
tuning_train,l1_fixed,16,34,2-8,0.0,dry_bean_uci,dry_bean_uci,37,37
tuning_train,l1_fixed,16,35,2-9,0.0,dry_bean_uci,dry_bean_uci,37,37
tuning_train,l1_fixed,16,36,2-10,0.0,dry_bean_uci,dry_bean_uci,37,37
tuning_train,l1_fixed,16,37,2-11,0.0,dry_bean_uci,dry_bean_uci,37,37
tuning_train,l1_fixed,16,38,2-12,1.0,dry_bean_uci,dry_bean_uci,37,37
tuning_train,l1_fixed,16,39,2-13,0.0,dry_bean_uci,dry_bean_uci,37,37
tuning_train,l1_fixed,16,40,2-14,0.0,dry_bean_uci,dry_bean_uci,37,37
tuning_train,l1_fixed,16,41,2-15,0.0,dry_bean_uci,dry_bean_uci,37,37
tuning_train,l1_fixed,16,42,3-4,0.0,dry_bean_uci,dry_bean_uci,37,37
tuning_train,l1_fixed,16,43,3-5,0.0,dry_bean_uci,dry_bean_uci,37,37
tuning_train,l1_fixed,16,44,3-6,0.0,dry_bean_uci,dry_bean_uci,37,37
tuning_train,l1_fixed,16,45,3-7,0.0,dry_bean_uci,dry_bean_uci,37,37
tuning_train,l1_fixed,16,46,3-8,0.0,dry_bean_uci,dry_bean_uci,37,37
tuning_train,l1_fixed,16,47,3-9,0.0,dry_bean_uci,dry_bean_uci,37,37
tuning_train,l1_fixed,16,48,3-10,0.0,dry_bean_uci,dry_bean_uci,37,37
tuning_train,l1_fixed,16,49,3-11,0.0,dry_bean_uci,dry_bean_uci,37,37
tuning_train,l1_fixed,16,50,3-12,1.0,dry_bean_uci,dry_bean_uci,37,37
tuning_train,l1_fixed,16,51,3-13,0.0,dry_bean_uci,dry_bean_uci,37,37
tuning_train,l1_fixed,16,52,3-14,0.0,dry_bean_uci,dry_bean_uci,37,37
tuning_train,l1_fixed,16,53,3-15,0.0,dry_bean_uci,dry_bean_uci,37,37
tuning_train,l1_fixed,16,54,4-5,0.0,dry_bean_uci,dry_bean_uci,37,37
tuning_train,l1_fixed,16,55,4-6,0.0,dry_bean_uci,dry_bean_uci,37,37
tuning_train,l1_fixed,16,56,4-7,0.0,dry_bean_uci,dry_bean_uci,37,37
tuning_train,l1_fixed,16,57,4-8,0.0,dry_bean_uci,dry_bean_uci,37,37
tuning_train,l1_fixed,16,58,4-9,0.0,dry_bean_uci,dry_bean_uci,37,37
tuning_train,l1_fixed,16,59,4-10,0.0,dry_bean_uci,dry_bean_uci,37,37
tuning_train,l1_fixed,16,60,4-11,0.0,dry_bean_uci,dry_bean_uci,37,37
tuning_train,l1_fixed,16,61,4-12,0.0,dry_bean_uci,dry_bean_uci,37,37
tuning_train,l1_fixed,16,62,4-13,0.0,dry_bean_uci,dry_bean_uci,37,37
tuning_train,l1_fixed,16,63,4-14,0.0,dry_bean_uci,dry_bean_uci,37,37
tuning_train,l1_fixed,16,64,4-15,0.0,dry_bean_uci,dry_bean_uci,37,37
tuning_train,l1_fixed,16,65,5-6,0.0,dry_bean_uci,dry_bean_uci,37,37
tuning_train,l1_fixed,16,66,5-7,0.0,dry_bean_uci,dry_bean_uci,37,37
tuning_train,l1_fixed,16,67,5-8,0.0,dry_bean_uci,dry_bean_uci,37,37
tuning_train,l1_fixed,16,68,5-9,0.0,dry_bean_uci,dry_bean_uci,37,37
tuning_train,l1_fixed,16,69,5-10,0.0,dry_bean_uci,dry_bean_uci,37,37
tuning_train,l1_fixed,16,70,5-11,0.0,dry_bean_uci,dry_bean_uci,37,37
tuning_train,l1_fixed,16,71,5-12,0.0,dry_bean_uci,dry_bean_uci,37,37
tuning_train,l1_fixed,16,72,5-13,0.0,dry_bean_uci,dry_bean_uci,37,37
tuning_train,l1_fixed,16,73,5-14,0.0,dry_bean_uci,dry_bean_uci,37,37
tuning_train,l1_fixed,16,74,5-15,0.0,dry_bean_uci,dry_bean_uci,37,37
tuning_train,l1_fixed,16,75,6-7,0.0,dry_bean_uci,dry_bean_uci,37,37
tuning_train,l1_fixed,16,76,6-8,0.0,dry_bean_uci,dry_bean_uci,37,37
tuning_train,l1_fixed,16,77,6-9,0.0,dry_bean_uci,dry_bean_uci,37,37
tuning_train,l1_fixed,16,78,6-10,0.0,dry_bean_uci,dry_bean_uci,37,37
tuning_train,l1_fixed,16,79,6-11,0.0,dry_bean_uci,dry_bean_uci,37,37
tuning_train,l1_fixed,16,80,6-12,0.425,dry_bean_uci,dry_bean_uci,37,37
tuning_train,l1_fixed,16,81,6-13,0.0,dry_bean_uci,dry_bean_uci,37,37
tuning_train,l1_fixed,16,82,6-14,0.0,dry_bean_uci,dry_bean_uci,37,37
tuning_train,l1_fixed,16,83,6-15,0.0,dry_bean_uci,dry_bean_uci,37,37
tuning_train,l1_fixed,16,84,7-8,0.0,dry_bean_uci,dry_bean_uci,37,37
tuning_train,l1_fixed,16,85,7-9,0.0,dry_bean_uci,dry_bean_uci,37,37
tuning_train,l1_fixed,16,86,7-10,0.0,dry_bean_uci,dry_bean_uci,37,37
tuning_train,l1_fixed,16,87,7-11,0.0,dry_bean_uci,dry_bean_uci,37,37
tuning_train,l1_fixed,16,88,7-12,1.0,dry_bean_uci,dry_bean_uci,37,37
tuning_train,l1_fixed,16,89,7-13,0.0,dry_bean_uci,dry_bean_uci,37,37
tuning_train,l1_fixed,16,90,7-14,0.0,dry_bean_uci,dry_bean_uci,37,37
tuning_train,l1_fixed,16,91,7-15,0.0,dry_bean_uci,dry_bean_uci,37,37
tuning_train,l1_fixed,16,92,8-9,0.0,dry_bean_uci,dry_bean_uci,37,37
tuning_train,l1_fixed,16,93,8-10,0.0,dry_bean_uci,dry_bean_uci,37,37
tuning_train,l1_fixed,16,94,8-11,0.0,dry_bean_uci,dry_bean_uci,37,37
tuning_train,l1_fixed,16,95,8-12,0.0,dry_bean_uci,dry_bean_uci,37,37
tuning_train,l1_fixed,16,96,8-13,0.0,dry_bean_uci,dry_bean_uci,37,37
tuning_train,l1_fixed,16,97,8-14,0.0,dry_bean_uci,dry_bean_uci,37,37
tuning_train,l1_fixed,16,98,8-15,0.0,dry_bean_uci,dry_bean_uci,37,37
tuning_train,l1_fixed,16,99,9-10,1.0,dry_bean_uci,dry_bean_uci,37,37
tuning_train,l1_fixed,16,100,9-11,0.0,dry_bean_uci,dry_bean_uci,37,37
tuning_train,l1_fixed,16,101,9-12,0.025,dry_bean_uci,dry_bean_uci,37,37
tuning_train,l1_fixed,16,102,9-13,0.0,dry_bean_uci,dry_bean_uci,37,37
tuning_train,l1_fixed,16,103,9-14,0.0,dry_bean_uci,dry_bean_uci,37,37
tuning_train,l1_fixed,16,104,9-15,1.0,dry_bean_uci,dry_bean_uci,37,37
tuning_train,l1_fixed,16,105,10-11,0.0,dry_bean_uci,dry_bean_uci,37,37
tuning_train,l1_fixed,16,106,10-12,1.0,dry_bean_uci,dry_bean_uci,37,37
tuning_train,l1_fixed,16,107,10-13,0.0,dry_bean_uci,dry_bean_uci,37,37
tuning_train,l1_fixed,16,108,10-14,0.0,dry_bean_uci,dry_bean_uci,37,37
tuning_train,l1_fixed,16,109,10-15,0.35,dry_bean_uci,dry_bean_uci,37,37
tuning_train,l1_fixed,16,110,11-12,0.0,dry_bean_uci,dry_bean_uci,37,37
tuning_train,l1_fixed,16,111,11-13,0.0,dry_bean_uci,dry_bean_uci,37,37
tuning_train,l1_fixed,16,112,11-14,0.0,dry_bean_uci,dry_bean_uci,37,37
tuning_train,l1_fixed,16,113,11-15,0.0,dry_bean_uci,dry_bean_uci,37,37
tuning_train,l1_fixed,16,114,12-13,1.0,dry_bean_uci,dry_bean_uci,37,37
tuning_train,l1_fixed,16,115,12-14,0.0,dry_bean_uci,dry_bean_uci,37,37
tuning_train,l1_fixed,16,116,12-15,0.85,dry_bean_uci,dry_bean_uci,37,37
tuning_train,l1_fixed,16,117,13-14,0.0,dry_bean_uci,dry_bean_uci,37,37
tuning_train,l1_fixed,16,118,13-15,0.0,dry_bean_uci,dry_bean_uci,37,37
tuning_train,l1_fixed,16,119,14-15,0.0,dry_bean_uci,dry_bean_uci,37,37
tuning_train,l1_fixed,16,120,0-1-2,0.0,dry_bean_uci,dry_bean_uci,37,37
tuning_train,l1_fixed,16,121,0-1-3,0.0,dry_bean_uci,dry_bean_uci,37,37
tuning_train,l1_fixed,16,122,0-1-4,0.0,dry_bean_uci,dry_bean_uci,37,37
tuning_train,l1_fixed,16,123,0-1-5,0.0,dry_bean_uci,dry_bean_uci,37,37
tuning_train,l1_fixed,16,124,0-1-6,0.0,dry_bean_uci,dry_bean_uci,37,37
tuning_train,l1_fixed,16,125,0-1-7,0.0,dry_bean_uci,dry_bean_uci,37,37
tuning_train,l1_fixed,16,126,0-1-8,0.0,dry_bean_uci,dry_bean_uci,37,37
tuning_train,l1_fixed,16,127,0-1-9,0.0,dry_bean_uci,dry_bean_uci,37,37
tuning_train,l1_fixed,16,128,0-1-10,0.0,dry_bean_uci,dry_bean_uci,37,37
tuning_train,l1_fixed,16,129,0-1-11,0.0,dry_bean_uci,dry_bean_uci,37,37
tuning_train,l1_fixed,16,130,0-1-12,0.0,dry_bean_uci,dry_bean_uci,37,37
tuning_train,l1_fixed,16,131,0-1-13,0.0,dry_bean_uci,dry_bean_uci,37,37
tuning_train,l1_fixed,16,132,0-1-14,0.0,dry_bean_uci,dry_bean_uci,37,37
tuning_train,l1_fixed,16,133,0-1-15,0.0,dry_bean_uci,dry_bean_uci,37,37
tuning_train,l1_fixed,16,134,0-2-3,0.0,dry_bean_uci,dry_bean_uci,37,37
tuning_train,l1_fixed,16,135,0-2-4,0.0,dry_bean_uci,dry_bean_uci,37,37
tuning_train,l1_fixed,16,136,0-2-5,0.0,dry_bean_uci,dry_bean_uci,37,37
tuning_train,l1_fixed,16,137,0-2-6,0.0,dry_bean_uci,dry_bean_uci,37,37
tuning_train,l1_fixed,16,138,0-2-7,0.0,dry_bean_uci,dry_bean_uci,37,37
tuning_train,l1_fixed,16,139,0-2-8,0.0,dry_bean_uci,dry_bean_uci,37,37
tuning_train,l1_fixed,16,140,0-2-9,0.0,dry_bean_uci,dry_bean_uci,37,37
tuning_train,l1_fixed,16,141,0-2-10,0.0,dry_bean_uci,dry_bean_uci,37,37
tuning_train,l1_fixed,16,142,0-2-11,0.0,dry_bean_uci,dry_bean_uci,37,37
tuning_train,l1_fixed,16,143,0-2-12,0.0,dry_bean_uci,dry_bean_uci,37,37
tuning_train,l1_fixed,16,144,0-2-13,0.0,dry_bean_uci,dry_bean_uci,37,37
tuning_train,l1_fixed,16,145,0-2-14,0.0,dry_bean_uci,dry_bean_uci,37,37
tuning_train,l1_fixed,16,146,0-2-15,0.0,dry_bean_uci,dry_bean_uci,37,37
tuning_train,l1_fixed,16,147,0-3-4,0.0,dry_bean_uci,dry_bean_uci,37,37
tuning_train,l1_fixed,16,148,0-3-5,0.0,dry_bean_uci,dry_bean_uci,37,37
tuning_train,l1_fixed,16,149,0-3-6,0.0,dry_bean_uci,dry_bean_uci,37,37
tuning_train,l1_fixed,16,150,0-3-7,0.0,dry_bean_uci,dry_bean_uci,37,37
tuning_train,l1_fixed,16,151,0-3-8,0.0,dry_bean_uci,dry_bean_uci,37,37
tuning_train,l1_fixed,16,152,0-3-9,0.0,dry_bean_uci,dry_bean_uci,37,37
tuning_train,l1_fixed,16,153,0-3-10,0.0,dry_bean_uci,dry_bean_uci,37,37
tuning_train,l1_fixed,16,154,0-3-11,0.0,dry_bean_uci,dry_bean_uci,37,37
tuning_train,l1_fixed,16,155,0-3-12,0.0,dry_bean_uci,dry_bean_uci,37,37
tuning_train,l1_fixed,16,156,0-3-13,0.0,dry_bean_uci,dry_bean_uci,37,37
tuning_train,l1_fixed,16,157,0-3-14,0.0,dry_bean_uci,dry_bean_uci,37,37
tuning_train,l1_fixed,16,158,0-3-15,0.0,dry_bean_uci,dry_bean_uci,37,37
tuning_train,l1_fixed,16,159,0-4-5,0.0,dry_bean_uci,dry_bean_uci,37,37
tuning_train,l1_fixed,16,160,0-4-6,0.0,dry_bean_uci,dry_bean_uci,37,37
tuning_train,l1_fixed,16,161,0-4-7,0.0,dry_bean_uci,dry_bean_uci,37,37
tuning_train,l1_fixed,16,162,0-4-8,0.0,dry_bean_uci,dry_bean_uci,37,37
tuning_train,l1_fixed,16,163,0-4-9,0.0,dry_bean_uci,dry_bean_uci,37,37
tuning_train,l1_fixed,16,164,0-4-10,0.0,dry_bean_uci,dry_bean_uci,37,37
tuning_train,l1_fixed,16,165,0-4-11,0.0,dry_bean_uci,dry_bean_uci,37,37
tuning_train,l1_fixed,16,166,0-4-12,0.0,dry_bean_uci,dry_bean_uci,37,37
tuning_train,l1_fixed,16,167,0-4-13,0.0,dry_bean_uci,dry_bean_uci,37,37
tuning_train,l1_fixed,16,168,0-4-14,0.0,dry_bean_uci,dry_bean_uci,37,37
tuning_train,l1_fixed,16,169,0-4-15,0.0,dry_bean_uci,dry_bean_uci,37,37
tuning_train,l1_fixed,16,170,0-5-6,0.0,dry_bean_uci,dry_bean_uci,37,37
tuning_train,l1_fixed,16,171,0-5-7,0.0,dry_bean_uci,dry_bean_uci,37,37
tuning_train,l1_fixed,16,172,0-5-8,0.0,dry_bean_uci,dry_bean_uci,37,37
tuning_train,l1_fixed,16,173,0-5-9,0.0,dry_bean_uci,dry_bean_uci,37,37
tuning_train,l1_fixed,16,174,0-5-10,0.0,dry_bean_uci,dry_bean_uci,37,37
tuning_train,l1_fixed,16,175,0-5-11,0.0,dry_bean_uci,dry_bean_uci,37,37
tuning_train,l1_fixed,16,176,0-5-12,0.0,dry_bean_uci,dry_bean_uci,37,37
tuning_train,l1_fixed,16,177,0-5-13,0.0,dry_bean_uci,dry_bean_uci,37,37
tuning_train,l1_fixed,16,178,0-5-14,0.0,dry_bean_uci,dry_bean_uci,37,37
tuning_train,l1_fixed,16,179,0-5-15,0.0,dry_bean_uci,dry_bean_uci,37,37
tuning_train,l1_fixed,16,180,0-6-7,0.0,dry_bean_uci,dry_bean_uci,37,37
tuning_train,l1_fixed,16,181,0-6-8,0.0,dry_bean_uci,dry_bean_uci,37,37
tuning_train,l1_fixed,16,182,0-6-9,0.0,dry_bean_uci,dry_bean_uci,37,37
tuning_train,l1_fixed,16,183,0-6-10,0.0,dry_bean_uci,dry_bean_uci,37,37
tuning_train,l1_fixed,16,184,0-6-11,0.0,dry_bean_uci,dry_bean_uci,37,37
tuning_train,l1_fixed,16,185,0-6-12,0.0,dry_bean_uci,dry_bean_uci,37,37
tuning_train,l1_fixed,16,186,0-6-13,0.0,dry_bean_uci,dry_bean_uci,37,37
tuning_train,l1_fixed,16,187,0-6-14,0.0,dry_bean_uci,dry_bean_uci,37,37
tuning_train,l1_fixed,16,188,0-6-15,0.0,dry_bean_uci,dry_bean_uci,37,37
tuning_train,l1_fixed,16,189,0-7-8,0.0,dry_bean_uci,dry_bean_uci,37,37
tuning_train,l1_fixed,16,190,0-7-9,0.0,dry_bean_uci,dry_bean_uci,37,37
tuning_train,l1_fixed,16,191,0-7-10,0.0,dry_bean_uci,dry_bean_uci,37,37
tuning_train,l1_fixed,16,192,0-7-11,0.0,dry_bean_uci,dry_bean_uci,37,37
tuning_train,l1_fixed,16,193,0-7-12,0.0,dry_bean_uci,dry_bean_uci,37,37
tuning_train,l1_fixed,16,194,0-7-13,0.0,dry_bean_uci,dry_bean_uci,37,37
tuning_train,l1_fixed,16,195,0-7-14,0.0,dry_bean_uci,dry_bean_uci,37,37
tuning_train,l1_fixed,16,196,0-7-15,0.0,dry_bean_uci,dry_bean_uci,37,37
tuning_train,l1_fixed,16,197,0-8-9,0.0,dry_bean_uci,dry_bean_uci,37,37
tuning_train,l1_fixed,16,198,0-8-10,0.0,dry_bean_uci,dry_bean_uci,37,37
tuning_train,l1_fixed,16,199,0-8-11,0.0,dry_bean_uci,dry_bean_uci,37,37
tuning_train,l1_fixed,16,200,0-8-12,0.0,dry_bean_uci,dry_bean_uci,37,37
tuning_train,l1_fixed,16,201,0-8-13,0.0,dry_bean_uci,dry_bean_uci,37,37
tuning_train,l1_fixed,16,202,0-8-14,0.0,dry_bean_uci,dry_bean_uci,37,37
tuning_train,l1_fixed,16,203,0-8-15,0.0,dry_bean_uci,dry_bean_uci,37,37
tuning_train,l1_fixed,16,204,0-9-10,0.0,dry_bean_uci,dry_bean_uci,37,37
tuning_train,l1_fixed,16,205,0-9-11,0.0,dry_bean_uci,dry_bean_uci,37,37
tuning_train,l1_fixed,16,206,0-9-12,0.0,dry_bean_uci,dry_bean_uci,37,37
tuning_train,l1_fixed,16,207,0-9-13,0.0,dry_bean_uci,dry_bean_uci,37,37
tuning_train,l1_fixed,16,208,0-9-14,0.0,dry_bean_uci,dry_bean_uci,37,37
tuning_train,l1_fixed,16,209,0-9-15,0.0,dry_bean_uci,dry_bean_uci,37,37
tuning_train,l1_fixed,16,210,0-10-11,0.0,dry_bean_uci,dry_bean_uci,37,37
tuning_train,l1_fixed,16,211,0-10-12,0.0,dry_bean_uci,dry_bean_uci,37,37
tuning_train,l1_fixed,16,212,0-10-13,0.0,dry_bean_uci,dry_bean_uci,37,37
tuning_train,l1_fixed,16,213,0-10-14,0.0,dry_bean_uci,dry_bean_uci,37,37
tuning_train,l1_fixed,16,214,0-10-15,0.0,dry_bean_uci,dry_bean_uci,37,37
tuning_train,l1_fixed,16,215,0-11-12,0.0,dry_bean_uci,dry_bean_uci,37,37
tuning_train,l1_fixed,16,216,0-11-13,0.0,dry_bean_uci,dry_bean_uci,37,37
tuning_train,l1_fixed,16,217,0-11-14,0.0,dry_bean_uci,dry_bean_uci,37,37
tuning_train,l1_fixed,16,218,0-11-15,0.0,dry_bean_uci,dry_bean_uci,37,37
tuning_train,l1_fixed,16,219,0-12-13,0.0,dry_bean_uci,dry_bean_uci,37,37
tuning_train,l1_fixed,16,220,0-12-14,0.0,dry_bean_uci,dry_bean_uci,37,37
tuning_train,l1_fixed,16,221,0-12-15,0.0,dry_bean_uci,dry_bean_uci,37,37
tuning_train,l1_fixed,16,222,0-13-14,0.0,dry_bean_uci,dry_bean_uci,37,37
tuning_train,l1_fixed,16,223,0-13-15,0.0,dry_bean_uci,dry_bean_uci,37,37
tuning_train,l1_fixed,16,224,0-14-15,0.0,dry_bean_uci,dry_bean_uci,37,37
tuning_train,l1_fixed,16,225,1-2-3,0.0,dry_bean_uci,dry_bean_uci,37,37
tuning_train,l1_fixed,16,226,1-2-4,0.0,dry_bean_uci,dry_bean_uci,37,37
tuning_train,l1_fixed,16,227,1-2-5,0.0,dry_bean_uci,dry_bean_uci,37,37
tuning_train,l1_fixed,16,228,1-2-6,0.0,dry_bean_uci,dry_bean_uci,37,37
tuning_train,l1_fixed,16,229,1-2-7,0.0,dry_bean_uci,dry_bean_uci,37,37
tuning_train,l1_fixed,16,230,1-2-8,0.0,dry_bean_uci,dry_bean_uci,37,37
tuning_train,l1_fixed,16,231,1-2-9,0.0,dry_bean_uci,dry_bean_uci,37,37
tuning_train,l1_fixed,16,232,1-2-10,0.0,dry_bean_uci,dry_bean_uci,37,37
tuning_train,l1_fixed,16,233,1-2-11,0.0,dry_bean_uci,dry_bean_uci,37,37
tuning_train,l1_fixed,16,234,1-2-12,0.0,dry_bean_uci,dry_bean_uci,37,37
tuning_train,l1_fixed,16,235,1-2-13,0.0,dry_bean_uci,dry_bean_uci,37,37
tuning_train,l1_fixed,16,236,1-2-14,0.0,dry_bean_uci,dry_bean_uci,37,37
tuning_train,l1_fixed,16,237,1-2-15,0.0,dry_bean_uci,dry_bean_uci,37,37
tuning_train,l1_fixed,16,238,1-3-4,0.0,dry_bean_uci,dry_bean_uci,37,37
tuning_train,l1_fixed,16,239,1-3-5,0.0,dry_bean_uci,dry_bean_uci,37,37
tuning_train,l1_fixed,16,240,1-3-6,0.0,dry_bean_uci,dry_bean_uci,37,37
tuning_train,l1_fixed,16,241,1-3-7,0.0,dry_bean_uci,dry_bean_uci,37,37
tuning_train,l1_fixed,16,242,1-3-8,0.0,dry_bean_uci,dry_bean_uci,37,37
tuning_train,l1_fixed,16,243,1-3-9,0.0,dry_bean_uci,dry_bean_uci,37,37
tuning_train,l1_fixed,16,244,1-3-10,0.0,dry_bean_uci,dry_bean_uci,37,37
tuning_train,l1_fixed,16,245,1-3-11,0.0,dry_bean_uci,dry_bean_uci,37,37
tuning_train,l1_fixed,16,246,1-3-12,1.0,dry_bean_uci,dry_bean_uci,37,37
tuning_train,l1_fixed,16,247,1-3-13,0.0,dry_bean_uci,dry_bean_uci,37,37
tuning_train,l1_fixed,16,248,1-3-14,0.0,dry_bean_uci,dry_bean_uci,37,37
tuning_train,l1_fixed,16,249,1-3-15,0.0,dry_bean_uci,dry_bean_uci,37,37
tuning_train,l1_fixed,16,250,1-4-5,0.0,dry_bean_uci,dry_bean_uci,37,37
tuning_train,l1_fixed,16,251,1-4-6,0.0,dry_bean_uci,dry_bean_uci,37,37
tuning_train,l1_fixed,16,252,1-4-7,0.0,dry_bean_uci,dry_bean_uci,37,37
tuning_train,l1_fixed,16,253,1-4-8,0.0,dry_bean_uci,dry_bean_uci,37,37
tuning_train,l1_fixed,16,254,1-4-9,0.0,dry_bean_uci,dry_bean_uci,37,37
tuning_train,l1_fixed,16,255,1-4-10,0.0,dry_bean_uci,dry_bean_uci,37,37
tuning_train,l1_fixed,16,256,1-4-11,0.0,dry_bean_uci,dry_bean_uci,37,37
tuning_train,l1_fixed,16,257,1-4-12,0.0,dry_bean_uci,dry_bean_uci,37,37
tuning_train,l1_fixed,16,258,1-4-13,0.0,dry_bean_uci,dry_bean_uci,37,37
tuning_train,l1_fixed,16,259,1-4-14,0.0,dry_bean_uci,dry_bean_uci,37,37
tuning_train,l1_fixed,16,260,1-4-15,0.0,dry_bean_uci,dry_bean_uci,37,37
tuning_train,l1_fixed,16,261,1-5-6,0.0,dry_bean_uci,dry_bean_uci,37,37
tuning_train,l1_fixed,16,262,1-5-7,0.0,dry_bean_uci,dry_bean_uci,37,37
tuning_train,l1_fixed,16,263,1-5-8,0.0,dry_bean_uci,dry_bean_uci,37,37
tuning_train,l1_fixed,16,264,1-5-9,0.0,dry_bean_uci,dry_bean_uci,37,37
tuning_train,l1_fixed,16,265,1-5-10,0.0,dry_bean_uci,dry_bean_uci,37,37
tuning_train,l1_fixed,16,266,1-5-11,0.0,dry_bean_uci,dry_bean_uci,37,37
tuning_train,l1_fixed,16,267,1-5-12,0.0,dry_bean_uci,dry_bean_uci,37,37
tuning_train,l1_fixed,16,268,1-5-13,0.0,dry_bean_uci,dry_bean_uci,37,37
tuning_train,l1_fixed,16,269,1-5-14,0.0,dry_bean_uci,dry_bean_uci,37,37
tuning_train,l1_fixed,16,270,1-5-15,0.0,dry_bean_uci,dry_bean_uci,37,37
tuning_train,l1_fixed,16,271,1-6-7,0.0,dry_bean_uci,dry_bean_uci,37,37
tuning_train,l1_fixed,16,272,1-6-8,0.0,dry_bean_uci,dry_bean_uci,37,37
tuning_train,l1_fixed,16,273,1-6-9,0.0,dry_bean_uci,dry_bean_uci,37,37
tuning_train,l1_fixed,16,274,1-6-10,0.0,dry_bean_uci,dry_bean_uci,37,37
tuning_train,l1_fixed,16,275,1-6-11,0.0,dry_bean_uci,dry_bean_uci,37,37
tuning_train,l1_fixed,16,276,1-6-12,0.0,dry_bean_uci,dry_bean_uci,37,37
tuning_train,l1_fixed,16,277,1-6-13,0.0,dry_bean_uci,dry_bean_uci,37,37
tuning_train,l1_fixed,16,278,1-6-14,0.0,dry_bean_uci,dry_bean_uci,37,37
tuning_train,l1_fixed,16,279,1-6-15,0.0,dry_bean_uci,dry_bean_uci,37,37
tuning_train,l1_fixed,16,280,1-7-8,0.0,dry_bean_uci,dry_bean_uci,37,37
tuning_train,l1_fixed,16,281,1-7-9,0.0,dry_bean_uci,dry_bean_uci,37,37
tuning_train,l1_fixed,16,282,1-7-10,0.0,dry_bean_uci,dry_bean_uci,37,37
tuning_train,l1_fixed,16,283,1-7-11,0.0,dry_bean_uci,dry_bean_uci,37,37
tuning_train,l1_fixed,16,284,1-7-12,0.65,dry_bean_uci,dry_bean_uci,37,37
tuning_train,l1_fixed,16,285,1-7-13,0.0,dry_bean_uci,dry_bean_uci,37,37
tuning_train,l1_fixed,16,286,1-7-14,0.0,dry_bean_uci,dry_bean_uci,37,37
tuning_train,l1_fixed,16,287,1-7-15,0.0,dry_bean_uci,dry_bean_uci,37,37
tuning_train,l1_fixed,16,288,1-8-9,0.0,dry_bean_uci,dry_bean_uci,37,37
tuning_train,l1_fixed,16,289,1-8-10,0.0,dry_bean_uci,dry_bean_uci,37,37
tuning_train,l1_fixed,16,290,1-8-11,0.0,dry_bean_uci,dry_bean_uci,37,37
tuning_train,l1_fixed,16,291,1-8-12,0.0,dry_bean_uci,dry_bean_uci,37,37
tuning_train,l1_fixed,16,292,1-8-13,0.0,dry_bean_uci,dry_bean_uci,37,37
tuning_train,l1_fixed,16,293,1-8-14,0.0,dry_bean_uci,dry_bean_uci,37,37
tuning_train,l1_fixed,16,294,1-8-15,0.0,dry_bean_uci,dry_bean_uci,37,37
tuning_train,l1_fixed,16,295,1-9-10,0.225,dry_bean_uci,dry_bean_uci,37,37
tuning_train,l1_fixed,16,296,1-9-11,0.0,dry_bean_uci,dry_bean_uci,37,37
tuning_train,l1_fixed,16,297,1-9-12,0.0,dry_bean_uci,dry_bean_uci,37,37
tuning_train,l1_fixed,16,298,1-9-13,0.0,dry_bean_uci,dry_bean_uci,37,37
tuning_train,l1_fixed,16,299,1-9-14,0.0,dry_bean_uci,dry_bean_uci,37,37
tuning_train,l1_fixed,16,300,1-9-15,0.0,dry_bean_uci,dry_bean_uci,37,37
tuning_train,l1_fixed,16,301,1-10-11,0.0,dry_bean_uci,dry_bean_uci,37,37
tuning_train,l1_fixed,16,302,1-10-12,0.0,dry_bean_uci,dry_bean_uci,37,37
tuning_train,l1_fixed,16,303,1-10-13,0.0,dry_bean_uci,dry_bean_uci,37,37
tuning_train,l1_fixed,16,304,1-10-14,0.0,dry_bean_uci,dry_bean_uci,37,37
tuning_train,l1_fixed,16,305,1-10-15,0.0,dry_bean_uci,dry_bean_uci,37,37
tuning_train,l1_fixed,16,306,1-11-12,0.0,dry_bean_uci,dry_bean_uci,37,37
tuning_train,l1_fixed,16,307,1-11-13,0.0,dry_bean_uci,dry_bean_uci,37,37
tuning_train,l1_fixed,16,308,1-11-14,0.0,dry_bean_uci,dry_bean_uci,37,37
tuning_train,l1_fixed,16,309,1-11-15,0.0,dry_bean_uci,dry_bean_uci,37,37
tuning_train,l1_fixed,16,310,1-12-13,0.0,dry_bean_uci,dry_bean_uci,37,37
tuning_train,l1_fixed,16,311,1-12-14,0.0,dry_bean_uci,dry_bean_uci,37,37
tuning_train,l1_fixed,16,312,1-12-15,0.0,dry_bean_uci,dry_bean_uci,37,37
tuning_train,l1_fixed,16,313,1-13-14,0.0,dry_bean_uci,dry_bean_uci,37,37
tuning_train,l1_fixed,16,314,1-13-15,0.0,dry_bean_uci,dry_bean_uci,37,37
tuning_train,l1_fixed,16,315,1-14-15,0.0,dry_bean_uci,dry_bean_uci,37,37
tuning_train,l1_fixed,16,316,2-3-4,0.0,dry_bean_uci,dry_bean_uci,37,37
tuning_train,l1_fixed,16,317,2-3-5,0.0,dry_bean_uci,dry_bean_uci,37,37
tuning_train,l1_fixed,16,318,2-3-6,0.0,dry_bean_uci,dry_bean_uci,37,37
tuning_train,l1_fixed,16,319,2-3-7,0.0,dry_bean_uci,dry_bean_uci,37,37
tuning_train,l1_fixed,16,320,2-3-8,0.0,dry_bean_uci,dry_bean_uci,37,37
tuning_train,l1_fixed,16,321,2-3-9,0.0,dry_bean_uci,dry_bean_uci,37,37
tuning_train,l1_fixed,16,322,2-3-10,0.0,dry_bean_uci,dry_bean_uci,37,37
tuning_train,l1_fixed,16,323,2-3-11,0.0,dry_bean_uci,dry_bean_uci,37,37
tuning_train,l1_fixed,16,324,2-3-12,0.0,dry_bean_uci,dry_bean_uci,37,37
tuning_train,l1_fixed,16,325,2-3-13,0.0,dry_bean_uci,dry_bean_uci,37,37
tuning_train,l1_fixed,16,326,2-3-14,0.0,dry_bean_uci,dry_bean_uci,37,37
tuning_train,l1_fixed,16,327,2-3-15,0.0,dry_bean_uci,dry_bean_uci,37,37
tuning_train,l1_fixed,16,328,2-4-5,0.0,dry_bean_uci,dry_bean_uci,37,37
tuning_train,l1_fixed,16,329,2-4-6,0.0,dry_bean_uci,dry_bean_uci,37,37
tuning_train,l1_fixed,16,330,2-4-7,0.0,dry_bean_uci,dry_bean_uci,37,37
tuning_train,l1_fixed,16,331,2-4-8,0.0,dry_bean_uci,dry_bean_uci,37,37
tuning_train,l1_fixed,16,332,2-4-9,0.0,dry_bean_uci,dry_bean_uci,37,37
tuning_train,l1_fixed,16,333,2-4-10,0.0,dry_bean_uci,dry_bean_uci,37,37
tuning_train,l1_fixed,16,334,2-4-11,0.0,dry_bean_uci,dry_bean_uci,37,37
tuning_train,l1_fixed,16,335,2-4-12,0.0,dry_bean_uci,dry_bean_uci,37,37
tuning_train,l1_fixed,16,336,2-4-13,0.0,dry_bean_uci,dry_bean_uci,37,37
tuning_train,l1_fixed,16,337,2-4-14,0.0,dry_bean_uci,dry_bean_uci,37,37
tuning_train,l1_fixed,16,338,2-4-15,0.0,dry_bean_uci,dry_bean_uci,37,37
tuning_train,l1_fixed,16,339,2-5-6,0.0,dry_bean_uci,dry_bean_uci,37,37
tuning_train,l1_fixed,16,340,2-5-7,0.0,dry_bean_uci,dry_bean_uci,37,37
tuning_train,l1_fixed,16,341,2-5-8,0.0,dry_bean_uci,dry_bean_uci,37,37
tuning_train,l1_fixed,16,342,2-5-9,0.0,dry_bean_uci,dry_bean_uci,37,37
tuning_train,l1_fixed,16,343,2-5-10,0.0,dry_bean_uci,dry_bean_uci,37,37
tuning_train,l1_fixed,16,344,2-5-11,0.0,dry_bean_uci,dry_bean_uci,37,37
tuning_train,l1_fixed,16,345,2-5-12,0.0,dry_bean_uci,dry_bean_uci,37,37
tuning_train,l1_fixed,16,346,2-5-13,0.0,dry_bean_uci,dry_bean_uci,37,37
tuning_train,l1_fixed,16,347,2-5-14,0.0,dry_bean_uci,dry_bean_uci,37,37
tuning_train,l1_fixed,16,348,2-5-15,0.0,dry_bean_uci,dry_bean_uci,37,37
tuning_train,l1_fixed,16,349,2-6-7,0.0,dry_bean_uci,dry_bean_uci,37,37
tuning_train,l1_fixed,16,350,2-6-8,0.0,dry_bean_uci,dry_bean_uci,37,37
tuning_train,l1_fixed,16,351,2-6-9,0.0,dry_bean_uci,dry_bean_uci,37,37
tuning_train,l1_fixed,16,352,2-6-10,0.0,dry_bean_uci,dry_bean_uci,37,37
tuning_train,l1_fixed,16,353,2-6-11,0.0,dry_bean_uci,dry_bean_uci,37,37
tuning_train,l1_fixed,16,354,2-6-12,0.0,dry_bean_uci,dry_bean_uci,37,37
tuning_train,l1_fixed,16,355,2-6-13,0.0,dry_bean_uci,dry_bean_uci,37,37
tuning_train,l1_fixed,16,356,2-6-14,0.0,dry_bean_uci,dry_bean_uci,37,37
tuning_train,l1_fixed,16,357,2-6-15,0.0,dry_bean_uci,dry_bean_uci,37,37
tuning_train,l1_fixed,16,358,2-7-8,0.0,dry_bean_uci,dry_bean_uci,37,37
tuning_train,l1_fixed,16,359,2-7-9,0.0,dry_bean_uci,dry_bean_uci,37,37
tuning_train,l1_fixed,16,360,2-7-10,0.0,dry_bean_uci,dry_bean_uci,37,37
tuning_train,l1_fixed,16,361,2-7-11,0.0,dry_bean_uci,dry_bean_uci,37,37
tuning_train,l1_fixed,16,362,2-7-12,0.0,dry_bean_uci,dry_bean_uci,37,37
tuning_train,l1_fixed,16,363,2-7-13,0.0,dry_bean_uci,dry_bean_uci,37,37
tuning_train,l1_fixed,16,364,2-7-14,0.0,dry_bean_uci,dry_bean_uci,37,37
tuning_train,l1_fixed,16,365,2-7-15,0.0,dry_bean_uci,dry_bean_uci,37,37
tuning_train,l1_fixed,16,366,2-8-9,0.0,dry_bean_uci,dry_bean_uci,37,37
tuning_train,l1_fixed,16,367,2-8-10,0.0,dry_bean_uci,dry_bean_uci,37,37
tuning_train,l1_fixed,16,368,2-8-11,0.0,dry_bean_uci,dry_bean_uci,37,37
tuning_train,l1_fixed,16,369,2-8-12,0.0,dry_bean_uci,dry_bean_uci,37,37
tuning_train,l1_fixed,16,370,2-8-13,0.0,dry_bean_uci,dry_bean_uci,37,37
tuning_train,l1_fixed,16,371,2-8-14,0.0,dry_bean_uci,dry_bean_uci,37,37
tuning_train,l1_fixed,16,372,2-8-15,0.0,dry_bean_uci,dry_bean_uci,37,37
tuning_train,l1_fixed,16,373,2-9-10,0.0,dry_bean_uci,dry_bean_uci,37,37
tuning_train,l1_fixed,16,374,2-9-11,0.0,dry_bean_uci,dry_bean_uci,37,37
tuning_train,l1_fixed,16,375,2-9-12,0.0,dry_bean_uci,dry_bean_uci,37,37
tuning_train,l1_fixed,16,376,2-9-13,0.0,dry_bean_uci,dry_bean_uci,37,37
tuning_train,l1_fixed,16,377,2-9-14,0.0,dry_bean_uci,dry_bean_uci,37,37
tuning_train,l1_fixed,16,378,2-9-15,0.0,dry_bean_uci,dry_bean_uci,37,37
tuning_train,l1_fixed,16,379,2-10-11,0.0,dry_bean_uci,dry_bean_uci,37,37
tuning_train,l1_fixed,16,380,2-10-12,0.0,dry_bean_uci,dry_bean_uci,37,37
tuning_train,l1_fixed,16,381,2-10-13,0.0,dry_bean_uci,dry_bean_uci,37,37
tuning_train,l1_fixed,16,382,2-10-14,0.0,dry_bean_uci,dry_bean_uci,37,37
tuning_train,l1_fixed,16,383,2-10-15,0.0,dry_bean_uci,dry_bean_uci,37,37
tuning_train,l1_fixed,16,384,2-11-12,0.0,dry_bean_uci,dry_bean_uci,37,37
tuning_train,l1_fixed,16,385,2-11-13,0.0,dry_bean_uci,dry_bean_uci,37,37
tuning_train,l1_fixed,16,386,2-11-14,0.0,dry_bean_uci,dry_bean_uci,37,37
tuning_train,l1_fixed,16,387,2-11-15,0.0,dry_bean_uci,dry_bean_uci,37,37
tuning_train,l1_fixed,16,388,2-12-13,0.0,dry_bean_uci,dry_bean_uci,37,37
tuning_train,l1_fixed,16,389,2-12-14,0.0,dry_bean_uci,dry_bean_uci,37,37
tuning_train,l1_fixed,16,390,2-12-15,0.0,dry_bean_uci,dry_bean_uci,37,37
tuning_train,l1_fixed,16,391,2-13-14,0.0,dry_bean_uci,dry_bean_uci,37,37
tuning_train,l1_fixed,16,392,2-13-15,0.0,dry_bean_uci,dry_bean_uci,37,37
tuning_train,l1_fixed,16,393,2-14-15,0.0,dry_bean_uci,dry_bean_uci,37,37
tuning_train,l1_fixed,16,394,3-4-5,0.0,dry_bean_uci,dry_bean_uci,37,37
tuning_train,l1_fixed,16,395,3-4-6,0.0,dry_bean_uci,dry_bean_uci,37,37
tuning_train,l1_fixed,16,396,3-4-7,0.0,dry_bean_uci,dry_bean_uci,37,37
tuning_train,l1_fixed,16,397,3-4-8,0.0,dry_bean_uci,dry_bean_uci,37,37
tuning_train,l1_fixed,16,398,3-4-9,0.0,dry_bean_uci,dry_bean_uci,37,37
tuning_train,l1_fixed,16,399,3-4-10,0.0,dry_bean_uci,dry_bean_uci,37,37
tuning_train,l1_fixed,16,400,3-4-11,0.0,dry_bean_uci,dry_bean_uci,37,37
tuning_train,l1_fixed,16,401,3-4-12,0.0,dry_bean_uci,dry_bean_uci,37,37
tuning_train,l1_fixed,16,402,3-4-13,0.0,dry_bean_uci,dry_bean_uci,37,37
tuning_train,l1_fixed,16,403,3-4-14,0.0,dry_bean_uci,dry_bean_uci,37,37
tuning_train,l1_fixed,16,404,3-4-15,0.0,dry_bean_uci,dry_bean_uci,37,37
tuning_train,l1_fixed,16,405,3-5-6,0.0,dry_bean_uci,dry_bean_uci,37,37
tuning_train,l1_fixed,16,406,3-5-7,0.0,dry_bean_uci,dry_bean_uci,37,37
tuning_train,l1_fixed,16,407,3-5-8,0.0,dry_bean_uci,dry_bean_uci,37,37
tuning_train,l1_fixed,16,408,3-5-9,0.0,dry_bean_uci,dry_bean_uci,37,37
tuning_train,l1_fixed,16,409,3-5-10,0.0,dry_bean_uci,dry_bean_uci,37,37
tuning_train,l1_fixed,16,410,3-5-11,0.0,dry_bean_uci,dry_bean_uci,37,37
tuning_train,l1_fixed,16,411,3-5-12,0.0,dry_bean_uci,dry_bean_uci,37,37
tuning_train,l1_fixed,16,412,3-5-13,0.0,dry_bean_uci,dry_bean_uci,37,37
tuning_train,l1_fixed,16,413,3-5-14,0.0,dry_bean_uci,dry_bean_uci,37,37
tuning_train,l1_fixed,16,414,3-5-15,0.0,dry_bean_uci,dry_bean_uci,37,37
tuning_train,l1_fixed,16,415,3-6-7,0.0,dry_bean_uci,dry_bean_uci,37,37
tuning_train,l1_fixed,16,416,3-6-8,0.0,dry_bean_uci,dry_bean_uci,37,37
tuning_train,l1_fixed,16,417,3-6-9,0.0,dry_bean_uci,dry_bean_uci,37,37
tuning_train,l1_fixed,16,418,3-6-10,0.0,dry_bean_uci,dry_bean_uci,37,37
tuning_train,l1_fixed,16,419,3-6-11,0.0,dry_bean_uci,dry_bean_uci,37,37
tuning_train,l1_fixed,16,420,3-6-12,0.0,dry_bean_uci,dry_bean_uci,37,37
tuning_train,l1_fixed,16,421,3-6-13,0.0,dry_bean_uci,dry_bean_uci,37,37
tuning_train,l1_fixed,16,422,3-6-14,0.0,dry_bean_uci,dry_bean_uci,37,37
tuning_train,l1_fixed,16,423,3-6-15,0.0,dry_bean_uci,dry_bean_uci,37,37
tuning_train,l1_fixed,16,424,3-7-8,0.0,dry_bean_uci,dry_bean_uci,37,37
tuning_train,l1_fixed,16,425,3-7-9,0.0,dry_bean_uci,dry_bean_uci,37,37
tuning_train,l1_fixed,16,426,3-7-10,0.0,dry_bean_uci,dry_bean_uci,37,37
tuning_train,l1_fixed,16,427,3-7-11,0.0,dry_bean_uci,dry_bean_uci,37,37
tuning_train,l1_fixed,16,428,3-7-12,1.0,dry_bean_uci,dry_bean_uci,37,37
tuning_train,l1_fixed,16,429,3-7-13,0.0,dry_bean_uci,dry_bean_uci,37,37
tuning_train,l1_fixed,16,430,3-7-14,0.0,dry_bean_uci,dry_bean_uci,37,37
tuning_train,l1_fixed,16,431,3-7-15,0.0,dry_bean_uci,dry_bean_uci,37,37
tuning_train,l1_fixed,16,432,3-8-9,0.0,dry_bean_uci,dry_bean_uci,37,37
tuning_train,l1_fixed,16,433,3-8-10,0.0,dry_bean_uci,dry_bean_uci,37,37
tuning_train,l1_fixed,16,434,3-8-11,0.0,dry_bean_uci,dry_bean_uci,37,37
tuning_train,l1_fixed,16,435,3-8-12,0.0,dry_bean_uci,dry_bean_uci,37,37
tuning_train,l1_fixed,16,436,3-8-13,0.0,dry_bean_uci,dry_bean_uci,37,37
tuning_train,l1_fixed,16,437,3-8-14,0.0,dry_bean_uci,dry_bean_uci,37,37
tuning_train,l1_fixed,16,438,3-8-15,0.0,dry_bean_uci,dry_bean_uci,37,37
tuning_train,l1_fixed,16,439,3-9-10,0.075,dry_bean_uci,dry_bean_uci,37,37
tuning_train,l1_fixed,16,440,3-9-11,0.0,dry_bean_uci,dry_bean_uci,37,37
tuning_train,l1_fixed,16,441,3-9-12,0.0,dry_bean_uci,dry_bean_uci,37,37
tuning_train,l1_fixed,16,442,3-9-13,0.0,dry_bean_uci,dry_bean_uci,37,37
tuning_train,l1_fixed,16,443,3-9-14,0.0,dry_bean_uci,dry_bean_uci,37,37
tuning_train,l1_fixed,16,444,3-9-15,0.0,dry_bean_uci,dry_bean_uci,37,37
tuning_train,l1_fixed,16,445,3-10-11,0.0,dry_bean_uci,dry_bean_uci,37,37
tuning_train,l1_fixed,16,446,3-10-12,0.0,dry_bean_uci,dry_bean_uci,37,37
tuning_train,l1_fixed,16,447,3-10-13,0.0,dry_bean_uci,dry_bean_uci,37,37
tuning_train,l1_fixed,16,448,3-10-14,0.0,dry_bean_uci,dry_bean_uci,37,37
tuning_train,l1_fixed,16,449,3-10-15,0.0,dry_bean_uci,dry_bean_uci,37,37
tuning_train,l1_fixed,16,450,3-11-12,0.0,dry_bean_uci,dry_bean_uci,37,37
tuning_train,l1_fixed,16,451,3-11-13,0.0,dry_bean_uci,dry_bean_uci,37,37
tuning_train,l1_fixed,16,452,3-11-14,0.0,dry_bean_uci,dry_bean_uci,37,37
tuning_train,l1_fixed,16,453,3-11-15,0.0,dry_bean_uci,dry_bean_uci,37,37
tuning_train,l1_fixed,16,454,3-12-13,0.0,dry_bean_uci,dry_bean_uci,37,37
tuning_train,l1_fixed,16,455,3-12-14,0.0,dry_bean_uci,dry_bean_uci,37,37
tuning_train,l1_fixed,16,456,3-12-15,0.0,dry_bean_uci,dry_bean_uci,37,37
tuning_train,l1_fixed,16,457,3-13-14,0.0,dry_bean_uci,dry_bean_uci,37,37
tuning_train,l1_fixed,16,458,3-13-15,0.0,dry_bean_uci,dry_bean_uci,37,37
tuning_train,l1_fixed,16,459,3-14-15,0.0,dry_bean_uci,dry_bean_uci,37,37
tuning_train,l1_fixed,16,460,4-5-6,0.0,dry_bean_uci,dry_bean_uci,37,37
tuning_train,l1_fixed,16,461,4-5-7,0.0,dry_bean_uci,dry_bean_uci,37,37
tuning_train,l1_fixed,16,462,4-5-8,0.0,dry_bean_uci,dry_bean_uci,37,37
tuning_train,l1_fixed,16,463,4-5-9,0.0,dry_bean_uci,dry_bean_uci,37,37
tuning_train,l1_fixed,16,464,4-5-10,0.0,dry_bean_uci,dry_bean_uci,37,37
tuning_train,l1_fixed,16,465,4-5-11,0.65,dry_bean_uci,dry_bean_uci,37,37
tuning_train,l1_fixed,16,466,4-5-12,0.0,dry_bean_uci,dry_bean_uci,37,37
tuning_train,l1_fixed,16,467,4-5-13,0.0,dry_bean_uci,dry_bean_uci,37,37
tuning_train,l1_fixed,16,468,4-5-14,0.2,dry_bean_uci,dry_bean_uci,37,37
tuning_train,l1_fixed,16,469,4-5-15,0.0,dry_bean_uci,dry_bean_uci,37,37
tuning_train,l1_fixed,16,470,4-6-7,0.0,dry_bean_uci,dry_bean_uci,37,37
tuning_train,l1_fixed,16,471,4-6-8,0.0,dry_bean_uci,dry_bean_uci,37,37
tuning_train,l1_fixed,16,472,4-6-9,0.0,dry_bean_uci,dry_bean_uci,37,37
tuning_train,l1_fixed,16,473,4-6-10,0.0,dry_bean_uci,dry_bean_uci,37,37
tuning_train,l1_fixed,16,474,4-6-11,0.0,dry_bean_uci,dry_bean_uci,37,37
tuning_train,l1_fixed,16,475,4-6-12,0.0,dry_bean_uci,dry_bean_uci,37,37
tuning_train,l1_fixed,16,476,4-6-13,0.0,dry_bean_uci,dry_bean_uci,37,37
tuning_train,l1_fixed,16,477,4-6-14,0.0,dry_bean_uci,dry_bean_uci,37,37
tuning_train,l1_fixed,16,478,4-6-15,0.0,dry_bean_uci,dry_bean_uci,37,37
tuning_train,l1_fixed,16,479,4-7-8,0.0,dry_bean_uci,dry_bean_uci,37,37
tuning_train,l1_fixed,16,480,4-7-9,0.0,dry_bean_uci,dry_bean_uci,37,37
tuning_train,l1_fixed,16,481,4-7-10,0.0,dry_bean_uci,dry_bean_uci,37,37
tuning_train,l1_fixed,16,482,4-7-11,0.0,dry_bean_uci,dry_bean_uci,37,37
tuning_train,l1_fixed,16,483,4-7-12,0.0,dry_bean_uci,dry_bean_uci,37,37
tuning_train,l1_fixed,16,484,4-7-13,0.0,dry_bean_uci,dry_bean_uci,37,37
tuning_train,l1_fixed,16,485,4-7-14,0.0,dry_bean_uci,dry_bean_uci,37,37
tuning_train,l1_fixed,16,486,4-7-15,0.0,dry_bean_uci,dry_bean_uci,37,37
tuning_train,l1_fixed,16,487,4-8-9,0.0,dry_bean_uci,dry_bean_uci,37,37
tuning_train,l1_fixed,16,488,4-8-10,0.0,dry_bean_uci,dry_bean_uci,37,37
tuning_train,l1_fixed,16,489,4-8-11,0.0,dry_bean_uci,dry_bean_uci,37,37
tuning_train,l1_fixed,16,490,4-8-12,0.0,dry_bean_uci,dry_bean_uci,37,37
tuning_train,l1_fixed,16,491,4-8-13,0.0,dry_bean_uci,dry_bean_uci,37,37
tuning_train,l1_fixed,16,492,4-8-14,0.0,dry_bean_uci,dry_bean_uci,37,37
tuning_train,l1_fixed,16,493,4-8-15,0.0,dry_bean_uci,dry_bean_uci,37,37
tuning_train,l1_fixed,16,494,4-9-10,0.0,dry_bean_uci,dry_bean_uci,37,37
tuning_train,l1_fixed,16,495,4-9-11,0.0,dry_bean_uci,dry_bean_uci,37,37
tuning_train,l1_fixed,16,496,4-9-12,0.0,dry_bean_uci,dry_bean_uci,37,37
tuning_train,l1_fixed,16,497,4-9-13,0.0,dry_bean_uci,dry_bean_uci,37,37
tuning_train,l1_fixed,16,498,4-9-14,0.0,dry_bean_uci,dry_bean_uci,37,37
tuning_train,l1_fixed,16,499,4-9-15,0.0,dry_bean_uci,dry_bean_uci,37,37
tuning_train,l1_fixed,16,500,4-10-11,0.0,dry_bean_uci,dry_bean_uci,37,37
tuning_train,l1_fixed,16,501,4-10-12,0.0,dry_bean_uci,dry_bean_uci,37,37
tuning_train,l1_fixed,16,502,4-10-13,0.0,dry_bean_uci,dry_bean_uci,37,37
tuning_train,l1_fixed,16,503,4-10-14,0.0,dry_bean_uci,dry_bean_uci,37,37
tuning_train,l1_fixed,16,504,4-10-15,0.0,dry_bean_uci,dry_bean_uci,37,37
tuning_train,l1_fixed,16,505,4-11-12,0.0,dry_bean_uci,dry_bean_uci,37,37
tuning_train,l1_fixed,16,506,4-11-13,0.0,dry_bean_uci,dry_bean_uci,37,37
tuning_train,l1_fixed,16,507,4-11-14,1.0,dry_bean_uci,dry_bean_uci,37,37
tuning_train,l1_fixed,16,508,4-11-15,0.0,dry_bean_uci,dry_bean_uci,37,37
tuning_train,l1_fixed,16,509,4-12-13,0.0,dry_bean_uci,dry_bean_uci,37,37
tuning_train,l1_fixed,16,510,4-12-14,0.0,dry_bean_uci,dry_bean_uci,37,37
tuning_train,l1_fixed,16,511,4-12-15,0.0,dry_bean_uci,dry_bean_uci,37,37
tuning_train,l1_fixed,16,512,4-13-14,0.0,dry_bean_uci,dry_bean_uci,37,37
tuning_train,l1_fixed,16,513,4-13-15,0.0,dry_bean_uci,dry_bean_uci,37,37
tuning_train,l1_fixed,16,514,4-14-15,0.0,dry_bean_uci,dry_bean_uci,37,37
tuning_train,l1_fixed,16,515,5-6-7,0.0,dry_bean_uci,dry_bean_uci,37,37
tuning_train,l1_fixed,16,516,5-6-8,0.0,dry_bean_uci,dry_bean_uci,37,37
tuning_train,l1_fixed,16,517,5-6-9,0.0,dry_bean_uci,dry_bean_uci,37,37
tuning_train,l1_fixed,16,518,5-6-10,0.0,dry_bean_uci,dry_bean_uci,37,37
tuning_train,l1_fixed,16,519,5-6-11,0.0,dry_bean_uci,dry_bean_uci,37,37
tuning_train,l1_fixed,16,520,5-6-12,0.0,dry_bean_uci,dry_bean_uci,37,37
tuning_train,l1_fixed,16,521,5-6-13,0.0,dry_bean_uci,dry_bean_uci,37,37
tuning_train,l1_fixed,16,522,5-6-14,0.0,dry_bean_uci,dry_bean_uci,37,37
tuning_train,l1_fixed,16,523,5-6-15,0.0,dry_bean_uci,dry_bean_uci,37,37
tuning_train,l1_fixed,16,524,5-7-8,0.0,dry_bean_uci,dry_bean_uci,37,37
tuning_train,l1_fixed,16,525,5-7-9,0.0,dry_bean_uci,dry_bean_uci,37,37
tuning_train,l1_fixed,16,526,5-7-10,0.0,dry_bean_uci,dry_bean_uci,37,37
tuning_train,l1_fixed,16,527,5-7-11,0.0,dry_bean_uci,dry_bean_uci,37,37
tuning_train,l1_fixed,16,528,5-7-12,0.0,dry_bean_uci,dry_bean_uci,37,37
tuning_train,l1_fixed,16,529,5-7-13,0.0,dry_bean_uci,dry_bean_uci,37,37
tuning_train,l1_fixed,16,530,5-7-14,0.0,dry_bean_uci,dry_bean_uci,37,37
tuning_train,l1_fixed,16,531,5-7-15,0.0,dry_bean_uci,dry_bean_uci,37,37
tuning_train,l1_fixed,16,532,5-8-9,0.0,dry_bean_uci,dry_bean_uci,37,37
tuning_train,l1_fixed,16,533,5-8-10,0.0,dry_bean_uci,dry_bean_uci,37,37
tuning_train,l1_fixed,16,534,5-8-11,0.0,dry_bean_uci,dry_bean_uci,37,37
tuning_train,l1_fixed,16,535,5-8-12,0.0,dry_bean_uci,dry_bean_uci,37,37
tuning_train,l1_fixed,16,536,5-8-13,0.0,dry_bean_uci,dry_bean_uci,37,37
tuning_train,l1_fixed,16,537,5-8-14,0.0,dry_bean_uci,dry_bean_uci,37,37
tuning_train,l1_fixed,16,538,5-8-15,0.0,dry_bean_uci,dry_bean_uci,37,37
tuning_train,l1_fixed,16,539,5-9-10,0.0,dry_bean_uci,dry_bean_uci,37,37
tuning_train,l1_fixed,16,540,5-9-11,0.0,dry_bean_uci,dry_bean_uci,37,37
tuning_train,l1_fixed,16,541,5-9-12,0.0,dry_bean_uci,dry_bean_uci,37,37
tuning_train,l1_fixed,16,542,5-9-13,0.0,dry_bean_uci,dry_bean_uci,37,37
tuning_train,l1_fixed,16,543,5-9-14,0.0,dry_bean_uci,dry_bean_uci,37,37
tuning_train,l1_fixed,16,544,5-9-15,0.0,dry_bean_uci,dry_bean_uci,37,37
tuning_train,l1_fixed,16,545,5-10-11,0.0,dry_bean_uci,dry_bean_uci,37,37
tuning_train,l1_fixed,16,546,5-10-12,0.0,dry_bean_uci,dry_bean_uci,37,37
tuning_train,l1_fixed,16,547,5-10-13,0.0,dry_bean_uci,dry_bean_uci,37,37
tuning_train,l1_fixed,16,548,5-10-14,0.0,dry_bean_uci,dry_bean_uci,37,37
tuning_train,l1_fixed,16,549,5-10-15,0.0,dry_bean_uci,dry_bean_uci,37,37
tuning_train,l1_fixed,16,550,5-11-12,0.0,dry_bean_uci,dry_bean_uci,37,37
tuning_train,l1_fixed,16,551,5-11-13,0.0,dry_bean_uci,dry_bean_uci,37,37
tuning_train,l1_fixed,16,552,5-11-14,0.075,dry_bean_uci,dry_bean_uci,37,37
tuning_train,l1_fixed,16,553,5-11-15,0.0,dry_bean_uci,dry_bean_uci,37,37
tuning_train,l1_fixed,16,554,5-12-13,0.0,dry_bean_uci,dry_bean_uci,37,37
tuning_train,l1_fixed,16,555,5-12-14,0.0,dry_bean_uci,dry_bean_uci,37,37
tuning_train,l1_fixed,16,556,5-12-15,0.0,dry_bean_uci,dry_bean_uci,37,37
tuning_train,l1_fixed,16,557,5-13-14,0.0,dry_bean_uci,dry_bean_uci,37,37
tuning_train,l1_fixed,16,558,5-13-15,0.0,dry_bean_uci,dry_bean_uci,37,37
tuning_train,l1_fixed,16,559,5-14-15,0.0,dry_bean_uci,dry_bean_uci,37,37
tuning_train,l1_fixed,16,560,6-7-8,0.0,dry_bean_uci,dry_bean_uci,37,37
tuning_train,l1_fixed,16,561,6-7-9,0.0,dry_bean_uci,dry_bean_uci,37,37
tuning_train,l1_fixed,16,562,6-7-10,0.0,dry_bean_uci,dry_bean_uci,37,37
tuning_train,l1_fixed,16,563,6-7-11,0.0,dry_bean_uci,dry_bean_uci,37,37
tuning_train,l1_fixed,16,564,6-7-12,0.0,dry_bean_uci,dry_bean_uci,37,37
tuning_train,l1_fixed,16,565,6-7-13,0.0,dry_bean_uci,dry_bean_uci,37,37
tuning_train,l1_fixed,16,566,6-7-14,0.0,dry_bean_uci,dry_bean_uci,37,37
tuning_train,l1_fixed,16,567,6-7-15,0.0,dry_bean_uci,dry_bean_uci,37,37
tuning_train,l1_fixed,16,568,6-8-9,0.0,dry_bean_uci,dry_bean_uci,37,37
tuning_train,l1_fixed,16,569,6-8-10,0.0,dry_bean_uci,dry_bean_uci,37,37
tuning_train,l1_fixed,16,570,6-8-11,0.0,dry_bean_uci,dry_bean_uci,37,37
tuning_train,l1_fixed,16,571,6-8-12,0.0,dry_bean_uci,dry_bean_uci,37,37
tuning_train,l1_fixed,16,572,6-8-13,0.0,dry_bean_uci,dry_bean_uci,37,37
tuning_train,l1_fixed,16,573,6-8-14,0.0,dry_bean_uci,dry_bean_uci,37,37
tuning_train,l1_fixed,16,574,6-8-15,0.0,dry_bean_uci,dry_bean_uci,37,37
tuning_train,l1_fixed,16,575,6-9-10,0.0,dry_bean_uci,dry_bean_uci,37,37
tuning_train,l1_fixed,16,576,6-9-11,0.0,dry_bean_uci,dry_bean_uci,37,37
tuning_train,l1_fixed,16,577,6-9-12,0.0,dry_bean_uci,dry_bean_uci,37,37
tuning_train,l1_fixed,16,578,6-9-13,0.0,dry_bean_uci,dry_bean_uci,37,37
tuning_train,l1_fixed,16,579,6-9-14,0.0,dry_bean_uci,dry_bean_uci,37,37
tuning_train,l1_fixed,16,580,6-9-15,0.0,dry_bean_uci,dry_bean_uci,37,37
tuning_train,l1_fixed,16,581,6-10-11,0.0,dry_bean_uci,dry_bean_uci,37,37
tuning_train,l1_fixed,16,582,6-10-12,0.0,dry_bean_uci,dry_bean_uci,37,37
tuning_train,l1_fixed,16,583,6-10-13,0.0,dry_bean_uci,dry_bean_uci,37,37
tuning_train,l1_fixed,16,584,6-10-14,0.0,dry_bean_uci,dry_bean_uci,37,37
tuning_train,l1_fixed,16,585,6-10-15,0.0,dry_bean_uci,dry_bean_uci,37,37
tuning_train,l1_fixed,16,586,6-11-12,0.0,dry_bean_uci,dry_bean_uci,37,37
tuning_train,l1_fixed,16,587,6-11-13,0.0,dry_bean_uci,dry_bean_uci,37,37
tuning_train,l1_fixed,16,588,6-11-14,0.0,dry_bean_uci,dry_bean_uci,37,37
tuning_train,l1_fixed,16,589,6-11-15,0.0,dry_bean_uci,dry_bean_uci,37,37
tuning_train,l1_fixed,16,590,6-12-13,0.0,dry_bean_uci,dry_bean_uci,37,37
tuning_train,l1_fixed,16,591,6-12-14,0.0,dry_bean_uci,dry_bean_uci,37,37
tuning_train,l1_fixed,16,592,6-12-15,0.0,dry_bean_uci,dry_bean_uci,37,37
tuning_train,l1_fixed,16,593,6-13-14,0.0,dry_bean_uci,dry_bean_uci,37,37
tuning_train,l1_fixed,16,594,6-13-15,0.0,dry_bean_uci,dry_bean_uci,37,37
tuning_train,l1_fixed,16,595,6-14-15,0.0,dry_bean_uci,dry_bean_uci,37,37
tuning_train,l1_fixed,16,596,7-8-9,0.0,dry_bean_uci,dry_bean_uci,37,37
tuning_train,l1_fixed,16,597,7-8-10,0.0,dry_bean_uci,dry_bean_uci,37,37
tuning_train,l1_fixed,16,598,7-8-11,0.0,dry_bean_uci,dry_bean_uci,37,37
tuning_train,l1_fixed,16,599,7-8-12,0.0,dry_bean_uci,dry_bean_uci,37,37
tuning_train,l1_fixed,16,600,7-8-13,0.0,dry_bean_uci,dry_bean_uci,37,37
tuning_train,l1_fixed,16,601,7-8-14,0.0,dry_bean_uci,dry_bean_uci,37,37
tuning_train,l1_fixed,16,602,7-8-15,0.0,dry_bean_uci,dry_bean_uci,37,37
tuning_train,l1_fixed,16,603,7-9-10,0.0,dry_bean_uci,dry_bean_uci,37,37
tuning_train,l1_fixed,16,604,7-9-11,0.0,dry_bean_uci,dry_bean_uci,37,37
tuning_train,l1_fixed,16,605,7-9-12,0.0,dry_bean_uci,dry_bean_uci,37,37
tuning_train,l1_fixed,16,606,7-9-13,0.0,dry_bean_uci,dry_bean_uci,37,37
tuning_train,l1_fixed,16,607,7-9-14,0.0,dry_bean_uci,dry_bean_uci,37,37
tuning_train,l1_fixed,16,608,7-9-15,0.0,dry_bean_uci,dry_bean_uci,37,37
tuning_train,l1_fixed,16,609,7-10-11,0.0,dry_bean_uci,dry_bean_uci,37,37
tuning_train,l1_fixed,16,610,7-10-12,0.0,dry_bean_uci,dry_bean_uci,37,37
tuning_train,l1_fixed,16,611,7-10-13,0.0,dry_bean_uci,dry_bean_uci,37,37
tuning_train,l1_fixed,16,612,7-10-14,0.0,dry_bean_uci,dry_bean_uci,37,37
tuning_train,l1_fixed,16,613,7-10-15,0.0,dry_bean_uci,dry_bean_uci,37,37
tuning_train,l1_fixed,16,614,7-11-12,0.0,dry_bean_uci,dry_bean_uci,37,37
tuning_train,l1_fixed,16,615,7-11-13,0.0,dry_bean_uci,dry_bean_uci,37,37
tuning_train,l1_fixed,16,616,7-11-14,0.0,dry_bean_uci,dry_bean_uci,37,37
tuning_train,l1_fixed,16,617,7-11-15,0.0,dry_bean_uci,dry_bean_uci,37,37
tuning_train,l1_fixed,16,618,7-12-13,0.0,dry_bean_uci,dry_bean_uci,37,37
tuning_train,l1_fixed,16,619,7-12-14,0.0,dry_bean_uci,dry_bean_uci,37,37
tuning_train,l1_fixed,16,620,7-12-15,0.0,dry_bean_uci,dry_bean_uci,37,37
tuning_train,l1_fixed,16,621,7-13-14,0.0,dry_bean_uci,dry_bean_uci,37,37
tuning_train,l1_fixed,16,622,7-13-15,0.0,dry_bean_uci,dry_bean_uci,37,37
tuning_train,l1_fixed,16,623,7-14-15,0.0,dry_bean_uci,dry_bean_uci,37,37
tuning_train,l1_fixed,16,624,8-9-10,0.0,dry_bean_uci,dry_bean_uci,37,37
tuning_train,l1_fixed,16,625,8-9-11,0.0,dry_bean_uci,dry_bean_uci,37,37
tuning_train,l1_fixed,16,626,8-9-12,0.0,dry_bean_uci,dry_bean_uci,37,37
tuning_train,l1_fixed,16,627,8-9-13,0.0,dry_bean_uci,dry_bean_uci,37,37
tuning_train,l1_fixed,16,628,8-9-14,0.0,dry_bean_uci,dry_bean_uci,37,37
tuning_train,l1_fixed,16,629,8-9-15,0.0,dry_bean_uci,dry_bean_uci,37,37
tuning_train,l1_fixed,16,630,8-10-11,0.0,dry_bean_uci,dry_bean_uci,37,37
tuning_train,l1_fixed,16,631,8-10-12,0.0,dry_bean_uci,dry_bean_uci,37,37
tuning_train,l1_fixed,16,632,8-10-13,0.0,dry_bean_uci,dry_bean_uci,37,37
tuning_train,l1_fixed,16,633,8-10-14,0.0,dry_bean_uci,dry_bean_uci,37,37
tuning_train,l1_fixed,16,634,8-10-15,0.0,dry_bean_uci,dry_bean_uci,37,37
tuning_train,l1_fixed,16,635,8-11-12,0.0,dry_bean_uci,dry_bean_uci,37,37
tuning_train,l1_fixed,16,636,8-11-13,0.0,dry_bean_uci,dry_bean_uci,37,37
tuning_train,l1_fixed,16,637,8-11-14,0.0,dry_bean_uci,dry_bean_uci,37,37
tuning_train,l1_fixed,16,638,8-11-15,0.0,dry_bean_uci,dry_bean_uci,37,37
tuning_train,l1_fixed,16,639,8-12-13,0.0,dry_bean_uci,dry_bean_uci,37,37
tuning_train,l1_fixed,16,640,8-12-14,0.0,dry_bean_uci,dry_bean_uci,37,37
tuning_train,l1_fixed,16,641,8-12-15,0.0,dry_bean_uci,dry_bean_uci,37,37
tuning_train,l1_fixed,16,642,8-13-14,0.0,dry_bean_uci,dry_bean_uci,37,37
tuning_train,l1_fixed,16,643,8-13-15,0.0,dry_bean_uci,dry_bean_uci,37,37
tuning_train,l1_fixed,16,644,8-14-15,0.0,dry_bean_uci,dry_bean_uci,37,37
tuning_train,l1_fixed,16,645,9-10-11,0.0,dry_bean_uci,dry_bean_uci,37,37
tuning_train,l1_fixed,16,646,9-10-12,1.0,dry_bean_uci,dry_bean_uci,37,37
tuning_train,l1_fixed,16,647,9-10-13,0.125,dry_bean_uci,dry_bean_uci,37,37
tuning_train,l1_fixed,16,648,9-10-14,0.0,dry_bean_uci,dry_bean_uci,37,37
tuning_train,l1_fixed,16,649,9-10-15,0.175,dry_bean_uci,dry_bean_uci,37,37
tuning_train,l1_fixed,16,650,9-11-12,0.0,dry_bean_uci,dry_bean_uci,37,37
tuning_train,l1_fixed,16,651,9-11-13,0.0,dry_bean_uci,dry_bean_uci,37,37
tuning_train,l1_fixed,16,652,9-11-14,0.0,dry_bean_uci,dry_bean_uci,37,37
tuning_train,l1_fixed,16,653,9-11-15,0.0,dry_bean_uci,dry_bean_uci,37,37
tuning_train,l1_fixed,16,654,9-12-13,0.0,dry_bean_uci,dry_bean_uci,37,37
tuning_train,l1_fixed,16,655,9-12-14,0.0,dry_bean_uci,dry_bean_uci,37,37
tuning_train,l1_fixed,16,656,9-12-15,0.0,dry_bean_uci,dry_bean_uci,37,37
tuning_train,l1_fixed,16,657,9-13-14,0.0,dry_bean_uci,dry_bean_uci,37,37
tuning_train,l1_fixed,16,658,9-13-15,0.0,dry_bean_uci,dry_bean_uci,37,37
tuning_train,l1_fixed,16,659,9-14-15,0.0,dry_bean_uci,dry_bean_uci,37,37
tuning_train,l1_fixed,16,660,10-11-12,0.0,dry_bean_uci,dry_bean_uci,37,37
tuning_train,l1_fixed,16,661,10-11-13,0.0,dry_bean_uci,dry_bean_uci,37,37
tuning_train,l1_fixed,16,662,10-11-14,0.0,dry_bean_uci,dry_bean_uci,37,37
tuning_train,l1_fixed,16,663,10-11-15,0.0,dry_bean_uci,dry_bean_uci,37,37
tuning_train,l1_fixed,16,664,10-12-13,0.0,dry_bean_uci,dry_bean_uci,37,37
tuning_train,l1_fixed,16,665,10-12-14,0.0,dry_bean_uci,dry_bean_uci,37,37
tuning_train,l1_fixed,16,666,10-12-15,0.0,dry_bean_uci,dry_bean_uci,37,37
tuning_train,l1_fixed,16,667,10-13-14,0.0,dry_bean_uci,dry_bean_uci,37,37
tuning_train,l1_fixed,16,668,10-13-15,0.0,dry_bean_uci,dry_bean_uci,37,37
tuning_train,l1_fixed,16,669,10-14-15,0.0,dry_bean_uci,dry_bean_uci,37,37
tuning_train,l1_fixed,16,670,11-12-13,0.0,dry_bean_uci,dry_bean_uci,37,37
tuning_train,l1_fixed,16,671,11-12-14,0.0,dry_bean_uci,dry_bean_uci,37,37
tuning_train,l1_fixed,16,672,11-12-15,0.0,dry_bean_uci,dry_bean_uci,37,37
tuning_train,l1_fixed,16,673,11-13-14,0.0,dry_bean_uci,dry_bean_uci,37,37
tuning_train,l1_fixed,16,674,11-13-15,0.0,dry_bean_uci,dry_bean_uci,37,37
tuning_train,l1_fixed,16,675,11-14-15,0.0,dry_bean_uci,dry_bean_uci,37,37
tuning_train,l1_fixed,16,676,12-13-14,0.0,dry_bean_uci,dry_bean_uci,37,37
tuning_train,l1_fixed,16,677,12-13-15,0.0,dry_bean_uci,dry_bean_uci,37,37
tuning_train,l1_fixed,16,678,12-14-15,0.0,dry_bean_uci,dry_bean_uci,37,37
tuning_train,l1_fixed,16,679,13-14-15,0.0,dry_bean_uci,dry_bean_uci,37,37
final_development,l1_fixed,4,0,0-1,0.0,dry_bean_uci,dry_bean_uci,37,37
final_development,l1_fixed,4,1,0-2,0.0,dry_bean_uci,dry_bean_uci,37,37
final_development,l1_fixed,4,2,0-3,0.0,dry_bean_uci,dry_bean_uci,37,37
final_development,l1_fixed,4,3,0-4,0.0,dry_bean_uci,dry_bean_uci,37,37
final_development,l1_fixed,4,4,0-5,0.0,dry_bean_uci,dry_bean_uci,37,37
final_development,l1_fixed,4,5,0-6,0.0,dry_bean_uci,dry_bean_uci,37,37
final_development,l1_fixed,4,6,0-7,0.0,dry_bean_uci,dry_bean_uci,37,37
final_development,l1_fixed,4,7,0-8,0.0,dry_bean_uci,dry_bean_uci,37,37
final_development,l1_fixed,4,8,0-9,0.0,dry_bean_uci,dry_bean_uci,37,37
final_development,l1_fixed,4,9,0-10,0.0,dry_bean_uci,dry_bean_uci,37,37
final_development,l1_fixed,4,10,0-11,0.0,dry_bean_uci,dry_bean_uci,37,37
final_development,l1_fixed,4,11,0-12,0.0,dry_bean_uci,dry_bean_uci,37,37
final_development,l1_fixed,4,12,0-13,0.0,dry_bean_uci,dry_bean_uci,37,37
final_development,l1_fixed,4,13,0-14,0.0,dry_bean_uci,dry_bean_uci,37,37
final_development,l1_fixed,4,14,0-15,0.0,dry_bean_uci,dry_bean_uci,37,37
final_development,l1_fixed,4,15,1-2,0.0,dry_bean_uci,dry_bean_uci,37,37
final_development,l1_fixed,4,16,1-3,0.0,dry_bean_uci,dry_bean_uci,37,37
final_development,l1_fixed,4,17,1-4,0.0,dry_bean_uci,dry_bean_uci,37,37
final_development,l1_fixed,4,18,1-5,0.0,dry_bean_uci,dry_bean_uci,37,37
final_development,l1_fixed,4,19,1-6,0.0,dry_bean_uci,dry_bean_uci,37,37
final_development,l1_fixed,4,20,1-7,0.0,dry_bean_uci,dry_bean_uci,37,37
final_development,l1_fixed,4,21,1-8,0.0,dry_bean_uci,dry_bean_uci,37,37
final_development,l1_fixed,4,22,1-9,0.0,dry_bean_uci,dry_bean_uci,37,37
final_development,l1_fixed,4,23,1-10,0.0,dry_bean_uci,dry_bean_uci,37,37
final_development,l1_fixed,4,24,1-11,0.0,dry_bean_uci,dry_bean_uci,37,37
final_development,l1_fixed,4,25,1-12,0.8,dry_bean_uci,dry_bean_uci,37,37
final_development,l1_fixed,4,26,1-13,0.0,dry_bean_uci,dry_bean_uci,37,37
final_development,l1_fixed,4,27,1-14,0.0,dry_bean_uci,dry_bean_uci,37,37
final_development,l1_fixed,4,28,1-15,0.0,dry_bean_uci,dry_bean_uci,37,37
final_development,l1_fixed,4,29,2-3,0.0,dry_bean_uci,dry_bean_uci,37,37
final_development,l1_fixed,4,30,2-4,0.0,dry_bean_uci,dry_bean_uci,37,37
final_development,l1_fixed,4,31,2-5,0.0,dry_bean_uci,dry_bean_uci,37,37
final_development,l1_fixed,4,32,2-6,0.0,dry_bean_uci,dry_bean_uci,37,37
final_development,l1_fixed,4,33,2-7,0.0,dry_bean_uci,dry_bean_uci,37,37
final_development,l1_fixed,4,34,2-8,0.0,dry_bean_uci,dry_bean_uci,37,37
final_development,l1_fixed,4,35,2-9,0.0,dry_bean_uci,dry_bean_uci,37,37
final_development,l1_fixed,4,36,2-10,0.0,dry_bean_uci,dry_bean_uci,37,37
final_development,l1_fixed,4,37,2-11,0.0,dry_bean_uci,dry_bean_uci,37,37
final_development,l1_fixed,4,38,2-12,0.0,dry_bean_uci,dry_bean_uci,37,37
final_development,l1_fixed,4,39,2-13,0.0,dry_bean_uci,dry_bean_uci,37,37
final_development,l1_fixed,4,40,2-14,0.0,dry_bean_uci,dry_bean_uci,37,37
final_development,l1_fixed,4,41,2-15,0.0,dry_bean_uci,dry_bean_uci,37,37
final_development,l1_fixed,4,42,3-4,0.0,dry_bean_uci,dry_bean_uci,37,37
final_development,l1_fixed,4,43,3-5,0.0,dry_bean_uci,dry_bean_uci,37,37
final_development,l1_fixed,4,44,3-6,0.0,dry_bean_uci,dry_bean_uci,37,37
final_development,l1_fixed,4,45,3-7,0.0,dry_bean_uci,dry_bean_uci,37,37
final_development,l1_fixed,4,46,3-8,0.0,dry_bean_uci,dry_bean_uci,37,37
final_development,l1_fixed,4,47,3-9,0.0,dry_bean_uci,dry_bean_uci,37,37
final_development,l1_fixed,4,48,3-10,0.0,dry_bean_uci,dry_bean_uci,37,37
final_development,l1_fixed,4,49,3-11,0.0,dry_bean_uci,dry_bean_uci,37,37
final_development,l1_fixed,4,50,3-12,0.95,dry_bean_uci,dry_bean_uci,37,37
final_development,l1_fixed,4,51,3-13,0.0,dry_bean_uci,dry_bean_uci,37,37
final_development,l1_fixed,4,52,3-14,0.0,dry_bean_uci,dry_bean_uci,37,37
final_development,l1_fixed,4,53,3-15,0.0,dry_bean_uci,dry_bean_uci,37,37
final_development,l1_fixed,4,54,4-5,0.0,dry_bean_uci,dry_bean_uci,37,37
final_development,l1_fixed,4,55,4-6,0.0,dry_bean_uci,dry_bean_uci,37,37
final_development,l1_fixed,4,56,4-7,0.0,dry_bean_uci,dry_bean_uci,37,37
final_development,l1_fixed,4,57,4-8,0.0,dry_bean_uci,dry_bean_uci,37,37
final_development,l1_fixed,4,58,4-9,0.0,dry_bean_uci,dry_bean_uci,37,37
final_development,l1_fixed,4,59,4-10,0.0,dry_bean_uci,dry_bean_uci,37,37
final_development,l1_fixed,4,60,4-11,0.0,dry_bean_uci,dry_bean_uci,37,37
final_development,l1_fixed,4,61,4-12,0.0,dry_bean_uci,dry_bean_uci,37,37
final_development,l1_fixed,4,62,4-13,0.0,dry_bean_uci,dry_bean_uci,37,37
final_development,l1_fixed,4,63,4-14,0.0,dry_bean_uci,dry_bean_uci,37,37
final_development,l1_fixed,4,64,4-15,0.0,dry_bean_uci,dry_bean_uci,37,37
final_development,l1_fixed,4,65,5-6,0.0,dry_bean_uci,dry_bean_uci,37,37
final_development,l1_fixed,4,66,5-7,0.0,dry_bean_uci,dry_bean_uci,37,37
final_development,l1_fixed,4,67,5-8,0.0,dry_bean_uci,dry_bean_uci,37,37
final_development,l1_fixed,4,68,5-9,0.0,dry_bean_uci,dry_bean_uci,37,37
final_development,l1_fixed,4,69,5-10,0.0,dry_bean_uci,dry_bean_uci,37,37
final_development,l1_fixed,4,70,5-11,0.0,dry_bean_uci,dry_bean_uci,37,37
final_development,l1_fixed,4,71,5-12,0.0,dry_bean_uci,dry_bean_uci,37,37
final_development,l1_fixed,4,72,5-13,0.0,dry_bean_uci,dry_bean_uci,37,37
final_development,l1_fixed,4,73,5-14,0.0,dry_bean_uci,dry_bean_uci,37,37
final_development,l1_fixed,4,74,5-15,0.0,dry_bean_uci,dry_bean_uci,37,37
final_development,l1_fixed,4,75,6-7,0.0,dry_bean_uci,dry_bean_uci,37,37
final_development,l1_fixed,4,76,6-8,0.0,dry_bean_uci,dry_bean_uci,37,37
final_development,l1_fixed,4,77,6-9,0.0,dry_bean_uci,dry_bean_uci,37,37
final_development,l1_fixed,4,78,6-10,0.0,dry_bean_uci,dry_bean_uci,37,37
final_development,l1_fixed,4,79,6-11,0.0,dry_bean_uci,dry_bean_uci,37,37
final_development,l1_fixed,4,80,6-12,0.0,dry_bean_uci,dry_bean_uci,37,37
final_development,l1_fixed,4,81,6-13,0.0,dry_bean_uci,dry_bean_uci,37,37
final_development,l1_fixed,4,82,6-14,0.0,dry_bean_uci,dry_bean_uci,37,37
final_development,l1_fixed,4,83,6-15,0.0,dry_bean_uci,dry_bean_uci,37,37
final_development,l1_fixed,4,84,7-8,0.0,dry_bean_uci,dry_bean_uci,37,37
final_development,l1_fixed,4,85,7-9,0.0,dry_bean_uci,dry_bean_uci,37,37
final_development,l1_fixed,4,86,7-10,0.0,dry_bean_uci,dry_bean_uci,37,37
final_development,l1_fixed,4,87,7-11,0.0,dry_bean_uci,dry_bean_uci,37,37
final_development,l1_fixed,4,88,7-12,0.025,dry_bean_uci,dry_bean_uci,37,37
final_development,l1_fixed,4,89,7-13,0.0,dry_bean_uci,dry_bean_uci,37,37
final_development,l1_fixed,4,90,7-14,0.0,dry_bean_uci,dry_bean_uci,37,37
final_development,l1_fixed,4,91,7-15,0.0,dry_bean_uci,dry_bean_uci,37,37
final_development,l1_fixed,4,92,8-9,0.0,dry_bean_uci,dry_bean_uci,37,37
final_development,l1_fixed,4,93,8-10,0.0,dry_bean_uci,dry_bean_uci,37,37
final_development,l1_fixed,4,94,8-11,0.0,dry_bean_uci,dry_bean_uci,37,37
final_development,l1_fixed,4,95,8-12,0.0,dry_bean_uci,dry_bean_uci,37,37
final_development,l1_fixed,4,96,8-13,0.0,dry_bean_uci,dry_bean_uci,37,37
final_development,l1_fixed,4,97,8-14,0.0,dry_bean_uci,dry_bean_uci,37,37
final_development,l1_fixed,4,98,8-15,0.0,dry_bean_uci,dry_bean_uci,37,37
final_development,l1_fixed,4,99,9-10,1.0,dry_bean_uci,dry_bean_uci,37,37
final_development,l1_fixed,4,100,9-11,0.0,dry_bean_uci,dry_bean_uci,37,37
final_development,l1_fixed,4,101,9-12,0.0,dry_bean_uci,dry_bean_uci,37,37
final_development,l1_fixed,4,102,9-13,0.0,dry_bean_uci,dry_bean_uci,37,37
final_development,l1_fixed,4,103,9-14,0.0,dry_bean_uci,dry_bean_uci,37,37
final_development,l1_fixed,4,104,9-15,0.1,dry_bean_uci,dry_bean_uci,37,37
final_development,l1_fixed,4,105,10-11,0.0,dry_bean_uci,dry_bean_uci,37,37
final_development,l1_fixed,4,106,10-12,0.875,dry_bean_uci,dry_bean_uci,37,37
final_development,l1_fixed,4,107,10-13,0.0,dry_bean_uci,dry_bean_uci,37,37
final_development,l1_fixed,4,108,10-14,0.0,dry_bean_uci,dry_bean_uci,37,37
final_development,l1_fixed,4,109,10-15,0.0,dry_bean_uci,dry_bean_uci,37,37
final_development,l1_fixed,4,110,11-12,0.0,dry_bean_uci,dry_bean_uci,37,37
final_development,l1_fixed,4,111,11-13,0.0,dry_bean_uci,dry_bean_uci,37,37
final_development,l1_fixed,4,112,11-14,0.0,dry_bean_uci,dry_bean_uci,37,37
final_development,l1_fixed,4,113,11-15,0.0,dry_bean_uci,dry_bean_uci,37,37
final_development,l1_fixed,4,114,12-13,0.0,dry_bean_uci,dry_bean_uci,37,37
final_development,l1_fixed,4,115,12-14,0.0,dry_bean_uci,dry_bean_uci,37,37
final_development,l1_fixed,4,116,12-15,0.0,dry_bean_uci,dry_bean_uci,37,37
final_development,l1_fixed,4,117,13-14,0.0,dry_bean_uci,dry_bean_uci,37,37
final_development,l1_fixed,4,118,13-15,0.0,dry_bean_uci,dry_bean_uci,37,37
final_development,l1_fixed,4,119,14-15,0.0,dry_bean_uci,dry_bean_uci,37,37
final_development,l1_fixed,4,120,0-1-2,0.0,dry_bean_uci,dry_bean_uci,37,37
final_development,l1_fixed,4,121,0-1-3,0.0,dry_bean_uci,dry_bean_uci,37,37
final_development,l1_fixed,4,122,0-1-4,0.0,dry_bean_uci,dry_bean_uci,37,37
final_development,l1_fixed,4,123,0-1-5,0.0,dry_bean_uci,dry_bean_uci,37,37
final_development,l1_fixed,4,124,0-1-6,0.0,dry_bean_uci,dry_bean_uci,37,37
final_development,l1_fixed,4,125,0-1-7,0.0,dry_bean_uci,dry_bean_uci,37,37
final_development,l1_fixed,4,126,0-1-8,0.0,dry_bean_uci,dry_bean_uci,37,37
final_development,l1_fixed,4,127,0-1-9,0.0,dry_bean_uci,dry_bean_uci,37,37
final_development,l1_fixed,4,128,0-1-10,0.0,dry_bean_uci,dry_bean_uci,37,37
final_development,l1_fixed,4,129,0-1-11,0.0,dry_bean_uci,dry_bean_uci,37,37
final_development,l1_fixed,4,130,0-1-12,0.0,dry_bean_uci,dry_bean_uci,37,37
final_development,l1_fixed,4,131,0-1-13,0.0,dry_bean_uci,dry_bean_uci,37,37
final_development,l1_fixed,4,132,0-1-14,0.0,dry_bean_uci,dry_bean_uci,37,37
final_development,l1_fixed,4,133,0-1-15,0.0,dry_bean_uci,dry_bean_uci,37,37
final_development,l1_fixed,4,134,0-2-3,0.0,dry_bean_uci,dry_bean_uci,37,37
final_development,l1_fixed,4,135,0-2-4,0.0,dry_bean_uci,dry_bean_uci,37,37
final_development,l1_fixed,4,136,0-2-5,0.0,dry_bean_uci,dry_bean_uci,37,37
final_development,l1_fixed,4,137,0-2-6,0.0,dry_bean_uci,dry_bean_uci,37,37
final_development,l1_fixed,4,138,0-2-7,0.0,dry_bean_uci,dry_bean_uci,37,37
final_development,l1_fixed,4,139,0-2-8,0.0,dry_bean_uci,dry_bean_uci,37,37
final_development,l1_fixed,4,140,0-2-9,0.0,dry_bean_uci,dry_bean_uci,37,37
final_development,l1_fixed,4,141,0-2-10,0.0,dry_bean_uci,dry_bean_uci,37,37
final_development,l1_fixed,4,142,0-2-11,0.0,dry_bean_uci,dry_bean_uci,37,37
final_development,l1_fixed,4,143,0-2-12,0.0,dry_bean_uci,dry_bean_uci,37,37
final_development,l1_fixed,4,144,0-2-13,0.0,dry_bean_uci,dry_bean_uci,37,37
final_development,l1_fixed,4,145,0-2-14,0.0,dry_bean_uci,dry_bean_uci,37,37
final_development,l1_fixed,4,146,0-2-15,0.0,dry_bean_uci,dry_bean_uci,37,37
final_development,l1_fixed,4,147,0-3-4,0.0,dry_bean_uci,dry_bean_uci,37,37
final_development,l1_fixed,4,148,0-3-5,0.0,dry_bean_uci,dry_bean_uci,37,37
final_development,l1_fixed,4,149,0-3-6,0.0,dry_bean_uci,dry_bean_uci,37,37
final_development,l1_fixed,4,150,0-3-7,0.0,dry_bean_uci,dry_bean_uci,37,37
final_development,l1_fixed,4,151,0-3-8,0.0,dry_bean_uci,dry_bean_uci,37,37
final_development,l1_fixed,4,152,0-3-9,0.0,dry_bean_uci,dry_bean_uci,37,37
final_development,l1_fixed,4,153,0-3-10,0.0,dry_bean_uci,dry_bean_uci,37,37
final_development,l1_fixed,4,154,0-3-11,0.0,dry_bean_uci,dry_bean_uci,37,37
final_development,l1_fixed,4,155,0-3-12,0.0,dry_bean_uci,dry_bean_uci,37,37
final_development,l1_fixed,4,156,0-3-13,0.0,dry_bean_uci,dry_bean_uci,37,37
final_development,l1_fixed,4,157,0-3-14,0.0,dry_bean_uci,dry_bean_uci,37,37
final_development,l1_fixed,4,158,0-3-15,0.0,dry_bean_uci,dry_bean_uci,37,37
final_development,l1_fixed,4,159,0-4-5,0.0,dry_bean_uci,dry_bean_uci,37,37
final_development,l1_fixed,4,160,0-4-6,0.0,dry_bean_uci,dry_bean_uci,37,37
final_development,l1_fixed,4,161,0-4-7,0.0,dry_bean_uci,dry_bean_uci,37,37
final_development,l1_fixed,4,162,0-4-8,0.0,dry_bean_uci,dry_bean_uci,37,37
final_development,l1_fixed,4,163,0-4-9,0.0,dry_bean_uci,dry_bean_uci,37,37
final_development,l1_fixed,4,164,0-4-10,0.0,dry_bean_uci,dry_bean_uci,37,37
final_development,l1_fixed,4,165,0-4-11,0.0,dry_bean_uci,dry_bean_uci,37,37
final_development,l1_fixed,4,166,0-4-12,0.0,dry_bean_uci,dry_bean_uci,37,37
final_development,l1_fixed,4,167,0-4-13,0.0,dry_bean_uci,dry_bean_uci,37,37
final_development,l1_fixed,4,168,0-4-14,0.0,dry_bean_uci,dry_bean_uci,37,37
final_development,l1_fixed,4,169,0-4-15,0.0,dry_bean_uci,dry_bean_uci,37,37
final_development,l1_fixed,4,170,0-5-6,0.0,dry_bean_uci,dry_bean_uci,37,37
final_development,l1_fixed,4,171,0-5-7,0.0,dry_bean_uci,dry_bean_uci,37,37
final_development,l1_fixed,4,172,0-5-8,0.0,dry_bean_uci,dry_bean_uci,37,37
final_development,l1_fixed,4,173,0-5-9,0.0,dry_bean_uci,dry_bean_uci,37,37
final_development,l1_fixed,4,174,0-5-10,0.0,dry_bean_uci,dry_bean_uci,37,37
final_development,l1_fixed,4,175,0-5-11,0.0,dry_bean_uci,dry_bean_uci,37,37
final_development,l1_fixed,4,176,0-5-12,0.0,dry_bean_uci,dry_bean_uci,37,37
final_development,l1_fixed,4,177,0-5-13,0.0,dry_bean_uci,dry_bean_uci,37,37
final_development,l1_fixed,4,178,0-5-14,0.0,dry_bean_uci,dry_bean_uci,37,37
final_development,l1_fixed,4,179,0-5-15,0.0,dry_bean_uci,dry_bean_uci,37,37
final_development,l1_fixed,4,180,0-6-7,0.0,dry_bean_uci,dry_bean_uci,37,37
final_development,l1_fixed,4,181,0-6-8,0.0,dry_bean_uci,dry_bean_uci,37,37
final_development,l1_fixed,4,182,0-6-9,0.0,dry_bean_uci,dry_bean_uci,37,37
final_development,l1_fixed,4,183,0-6-10,0.0,dry_bean_uci,dry_bean_uci,37,37
final_development,l1_fixed,4,184,0-6-11,0.0,dry_bean_uci,dry_bean_uci,37,37
final_development,l1_fixed,4,185,0-6-12,0.0,dry_bean_uci,dry_bean_uci,37,37
final_development,l1_fixed,4,186,0-6-13,0.0,dry_bean_uci,dry_bean_uci,37,37
final_development,l1_fixed,4,187,0-6-14,0.0,dry_bean_uci,dry_bean_uci,37,37
final_development,l1_fixed,4,188,0-6-15,0.0,dry_bean_uci,dry_bean_uci,37,37
final_development,l1_fixed,4,189,0-7-8,0.0,dry_bean_uci,dry_bean_uci,37,37
final_development,l1_fixed,4,190,0-7-9,0.0,dry_bean_uci,dry_bean_uci,37,37
final_development,l1_fixed,4,191,0-7-10,0.0,dry_bean_uci,dry_bean_uci,37,37
final_development,l1_fixed,4,192,0-7-11,0.0,dry_bean_uci,dry_bean_uci,37,37
final_development,l1_fixed,4,193,0-7-12,0.0,dry_bean_uci,dry_bean_uci,37,37
final_development,l1_fixed,4,194,0-7-13,0.0,dry_bean_uci,dry_bean_uci,37,37
final_development,l1_fixed,4,195,0-7-14,0.0,dry_bean_uci,dry_bean_uci,37,37
final_development,l1_fixed,4,196,0-7-15,0.0,dry_bean_uci,dry_bean_uci,37,37
final_development,l1_fixed,4,197,0-8-9,0.0,dry_bean_uci,dry_bean_uci,37,37
final_development,l1_fixed,4,198,0-8-10,0.0,dry_bean_uci,dry_bean_uci,37,37
final_development,l1_fixed,4,199,0-8-11,0.0,dry_bean_uci,dry_bean_uci,37,37
final_development,l1_fixed,4,200,0-8-12,0.0,dry_bean_uci,dry_bean_uci,37,37
final_development,l1_fixed,4,201,0-8-13,0.0,dry_bean_uci,dry_bean_uci,37,37
final_development,l1_fixed,4,202,0-8-14,0.0,dry_bean_uci,dry_bean_uci,37,37
final_development,l1_fixed,4,203,0-8-15,0.0,dry_bean_uci,dry_bean_uci,37,37
final_development,l1_fixed,4,204,0-9-10,0.0,dry_bean_uci,dry_bean_uci,37,37
final_development,l1_fixed,4,205,0-9-11,0.0,dry_bean_uci,dry_bean_uci,37,37
final_development,l1_fixed,4,206,0-9-12,0.0,dry_bean_uci,dry_bean_uci,37,37
final_development,l1_fixed,4,207,0-9-13,0.0,dry_bean_uci,dry_bean_uci,37,37
final_development,l1_fixed,4,208,0-9-14,0.0,dry_bean_uci,dry_bean_uci,37,37
final_development,l1_fixed,4,209,0-9-15,0.0,dry_bean_uci,dry_bean_uci,37,37
final_development,l1_fixed,4,210,0-10-11,0.0,dry_bean_uci,dry_bean_uci,37,37
final_development,l1_fixed,4,211,0-10-12,0.0,dry_bean_uci,dry_bean_uci,37,37
final_development,l1_fixed,4,212,0-10-13,0.0,dry_bean_uci,dry_bean_uci,37,37
final_development,l1_fixed,4,213,0-10-14,0.0,dry_bean_uci,dry_bean_uci,37,37
final_development,l1_fixed,4,214,0-10-15,0.0,dry_bean_uci,dry_bean_uci,37,37
final_development,l1_fixed,4,215,0-11-12,0.0,dry_bean_uci,dry_bean_uci,37,37
final_development,l1_fixed,4,216,0-11-13,0.0,dry_bean_uci,dry_bean_uci,37,37
final_development,l1_fixed,4,217,0-11-14,0.0,dry_bean_uci,dry_bean_uci,37,37
final_development,l1_fixed,4,218,0-11-15,0.0,dry_bean_uci,dry_bean_uci,37,37
final_development,l1_fixed,4,219,0-12-13,0.0,dry_bean_uci,dry_bean_uci,37,37
final_development,l1_fixed,4,220,0-12-14,0.0,dry_bean_uci,dry_bean_uci,37,37
final_development,l1_fixed,4,221,0-12-15,0.0,dry_bean_uci,dry_bean_uci,37,37
final_development,l1_fixed,4,222,0-13-14,0.0,dry_bean_uci,dry_bean_uci,37,37
final_development,l1_fixed,4,223,0-13-15,0.0,dry_bean_uci,dry_bean_uci,37,37
final_development,l1_fixed,4,224,0-14-15,0.0,dry_bean_uci,dry_bean_uci,37,37
final_development,l1_fixed,4,225,1-2-3,0.0,dry_bean_uci,dry_bean_uci,37,37
final_development,l1_fixed,4,226,1-2-4,0.0,dry_bean_uci,dry_bean_uci,37,37
final_development,l1_fixed,4,227,1-2-5,0.0,dry_bean_uci,dry_bean_uci,37,37
final_development,l1_fixed,4,228,1-2-6,0.0,dry_bean_uci,dry_bean_uci,37,37
final_development,l1_fixed,4,229,1-2-7,0.0,dry_bean_uci,dry_bean_uci,37,37
final_development,l1_fixed,4,230,1-2-8,0.0,dry_bean_uci,dry_bean_uci,37,37
final_development,l1_fixed,4,231,1-2-9,0.0,dry_bean_uci,dry_bean_uci,37,37
final_development,l1_fixed,4,232,1-2-10,0.0,dry_bean_uci,dry_bean_uci,37,37
final_development,l1_fixed,4,233,1-2-11,0.0,dry_bean_uci,dry_bean_uci,37,37
final_development,l1_fixed,4,234,1-2-12,0.0,dry_bean_uci,dry_bean_uci,37,37
final_development,l1_fixed,4,235,1-2-13,0.0,dry_bean_uci,dry_bean_uci,37,37
final_development,l1_fixed,4,236,1-2-14,0.0,dry_bean_uci,dry_bean_uci,37,37
final_development,l1_fixed,4,237,1-2-15,0.0,dry_bean_uci,dry_bean_uci,37,37
final_development,l1_fixed,4,238,1-3-4,0.0,dry_bean_uci,dry_bean_uci,37,37
final_development,l1_fixed,4,239,1-3-5,0.0,dry_bean_uci,dry_bean_uci,37,37
final_development,l1_fixed,4,240,1-3-6,0.0,dry_bean_uci,dry_bean_uci,37,37
final_development,l1_fixed,4,241,1-3-7,0.0,dry_bean_uci,dry_bean_uci,37,37
final_development,l1_fixed,4,242,1-3-8,0.0,dry_bean_uci,dry_bean_uci,37,37
final_development,l1_fixed,4,243,1-3-9,0.0,dry_bean_uci,dry_bean_uci,37,37
final_development,l1_fixed,4,244,1-3-10,0.0,dry_bean_uci,dry_bean_uci,37,37
final_development,l1_fixed,4,245,1-3-11,0.0,dry_bean_uci,dry_bean_uci,37,37
final_development,l1_fixed,4,246,1-3-12,0.0,dry_bean_uci,dry_bean_uci,37,37
final_development,l1_fixed,4,247,1-3-13,0.0,dry_bean_uci,dry_bean_uci,37,37
final_development,l1_fixed,4,248,1-3-14,0.0,dry_bean_uci,dry_bean_uci,37,37
final_development,l1_fixed,4,249,1-3-15,0.0,dry_bean_uci,dry_bean_uci,37,37
final_development,l1_fixed,4,250,1-4-5,0.0,dry_bean_uci,dry_bean_uci,37,37
final_development,l1_fixed,4,251,1-4-6,0.0,dry_bean_uci,dry_bean_uci,37,37
final_development,l1_fixed,4,252,1-4-7,0.0,dry_bean_uci,dry_bean_uci,37,37
final_development,l1_fixed,4,253,1-4-8,0.0,dry_bean_uci,dry_bean_uci,37,37
final_development,l1_fixed,4,254,1-4-9,0.0,dry_bean_uci,dry_bean_uci,37,37
final_development,l1_fixed,4,255,1-4-10,0.0,dry_bean_uci,dry_bean_uci,37,37
final_development,l1_fixed,4,256,1-4-11,0.0,dry_bean_uci,dry_bean_uci,37,37
final_development,l1_fixed,4,257,1-4-12,0.0,dry_bean_uci,dry_bean_uci,37,37
final_development,l1_fixed,4,258,1-4-13,0.0,dry_bean_uci,dry_bean_uci,37,37
final_development,l1_fixed,4,259,1-4-14,0.0,dry_bean_uci,dry_bean_uci,37,37
final_development,l1_fixed,4,260,1-4-15,0.0,dry_bean_uci,dry_bean_uci,37,37
final_development,l1_fixed,4,261,1-5-6,0.0,dry_bean_uci,dry_bean_uci,37,37
final_development,l1_fixed,4,262,1-5-7,0.0,dry_bean_uci,dry_bean_uci,37,37
final_development,l1_fixed,4,263,1-5-8,0.0,dry_bean_uci,dry_bean_uci,37,37
final_development,l1_fixed,4,264,1-5-9,0.0,dry_bean_uci,dry_bean_uci,37,37
final_development,l1_fixed,4,265,1-5-10,0.0,dry_bean_uci,dry_bean_uci,37,37
final_development,l1_fixed,4,266,1-5-11,0.0,dry_bean_uci,dry_bean_uci,37,37
final_development,l1_fixed,4,267,1-5-12,0.0,dry_bean_uci,dry_bean_uci,37,37
final_development,l1_fixed,4,268,1-5-13,0.0,dry_bean_uci,dry_bean_uci,37,37
final_development,l1_fixed,4,269,1-5-14,0.0,dry_bean_uci,dry_bean_uci,37,37
final_development,l1_fixed,4,270,1-5-15,0.0,dry_bean_uci,dry_bean_uci,37,37
final_development,l1_fixed,4,271,1-6-7,0.0,dry_bean_uci,dry_bean_uci,37,37
final_development,l1_fixed,4,272,1-6-8,0.0,dry_bean_uci,dry_bean_uci,37,37
final_development,l1_fixed,4,273,1-6-9,0.0,dry_bean_uci,dry_bean_uci,37,37
final_development,l1_fixed,4,274,1-6-10,0.0,dry_bean_uci,dry_bean_uci,37,37
final_development,l1_fixed,4,275,1-6-11,0.0,dry_bean_uci,dry_bean_uci,37,37
final_development,l1_fixed,4,276,1-6-12,0.0,dry_bean_uci,dry_bean_uci,37,37
final_development,l1_fixed,4,277,1-6-13,0.0,dry_bean_uci,dry_bean_uci,37,37
final_development,l1_fixed,4,278,1-6-14,0.0,dry_bean_uci,dry_bean_uci,37,37
final_development,l1_fixed,4,279,1-6-15,0.0,dry_bean_uci,dry_bean_uci,37,37
final_development,l1_fixed,4,280,1-7-8,0.0,dry_bean_uci,dry_bean_uci,37,37
final_development,l1_fixed,4,281,1-7-9,0.0,dry_bean_uci,dry_bean_uci,37,37
final_development,l1_fixed,4,282,1-7-10,0.0,dry_bean_uci,dry_bean_uci,37,37
final_development,l1_fixed,4,283,1-7-11,0.0,dry_bean_uci,dry_bean_uci,37,37
final_development,l1_fixed,4,284,1-7-12,0.0,dry_bean_uci,dry_bean_uci,37,37
final_development,l1_fixed,4,285,1-7-13,0.0,dry_bean_uci,dry_bean_uci,37,37
final_development,l1_fixed,4,286,1-7-14,0.0,dry_bean_uci,dry_bean_uci,37,37
final_development,l1_fixed,4,287,1-7-15,0.0,dry_bean_uci,dry_bean_uci,37,37
final_development,l1_fixed,4,288,1-8-9,0.0,dry_bean_uci,dry_bean_uci,37,37
final_development,l1_fixed,4,289,1-8-10,0.0,dry_bean_uci,dry_bean_uci,37,37
final_development,l1_fixed,4,290,1-8-11,0.0,dry_bean_uci,dry_bean_uci,37,37
final_development,l1_fixed,4,291,1-8-12,0.0,dry_bean_uci,dry_bean_uci,37,37
final_development,l1_fixed,4,292,1-8-13,0.0,dry_bean_uci,dry_bean_uci,37,37
final_development,l1_fixed,4,293,1-8-14,0.0,dry_bean_uci,dry_bean_uci,37,37
final_development,l1_fixed,4,294,1-8-15,0.0,dry_bean_uci,dry_bean_uci,37,37
final_development,l1_fixed,4,295,1-9-10,0.0,dry_bean_uci,dry_bean_uci,37,37
final_development,l1_fixed,4,296,1-9-11,0.0,dry_bean_uci,dry_bean_uci,37,37
final_development,l1_fixed,4,297,1-9-12,0.0,dry_bean_uci,dry_bean_uci,37,37
final_development,l1_fixed,4,298,1-9-13,0.0,dry_bean_uci,dry_bean_uci,37,37
final_development,l1_fixed,4,299,1-9-14,0.0,dry_bean_uci,dry_bean_uci,37,37
final_development,l1_fixed,4,300,1-9-15,0.0,dry_bean_uci,dry_bean_uci,37,37
final_development,l1_fixed,4,301,1-10-11,0.0,dry_bean_uci,dry_bean_uci,37,37
final_development,l1_fixed,4,302,1-10-12,0.0,dry_bean_uci,dry_bean_uci,37,37
final_development,l1_fixed,4,303,1-10-13,0.0,dry_bean_uci,dry_bean_uci,37,37
final_development,l1_fixed,4,304,1-10-14,0.0,dry_bean_uci,dry_bean_uci,37,37
final_development,l1_fixed,4,305,1-10-15,0.0,dry_bean_uci,dry_bean_uci,37,37
final_development,l1_fixed,4,306,1-11-12,0.0,dry_bean_uci,dry_bean_uci,37,37
final_development,l1_fixed,4,307,1-11-13,0.0,dry_bean_uci,dry_bean_uci,37,37
final_development,l1_fixed,4,308,1-11-14,0.0,dry_bean_uci,dry_bean_uci,37,37
final_development,l1_fixed,4,309,1-11-15,0.0,dry_bean_uci,dry_bean_uci,37,37
final_development,l1_fixed,4,310,1-12-13,0.0,dry_bean_uci,dry_bean_uci,37,37
final_development,l1_fixed,4,311,1-12-14,0.0,dry_bean_uci,dry_bean_uci,37,37
final_development,l1_fixed,4,312,1-12-15,0.0,dry_bean_uci,dry_bean_uci,37,37
final_development,l1_fixed,4,313,1-13-14,0.0,dry_bean_uci,dry_bean_uci,37,37
final_development,l1_fixed,4,314,1-13-15,0.0,dry_bean_uci,dry_bean_uci,37,37
final_development,l1_fixed,4,315,1-14-15,0.0,dry_bean_uci,dry_bean_uci,37,37
final_development,l1_fixed,4,316,2-3-4,0.0,dry_bean_uci,dry_bean_uci,37,37
final_development,l1_fixed,4,317,2-3-5,0.0,dry_bean_uci,dry_bean_uci,37,37
final_development,l1_fixed,4,318,2-3-6,0.0,dry_bean_uci,dry_bean_uci,37,37
final_development,l1_fixed,4,319,2-3-7,0.0,dry_bean_uci,dry_bean_uci,37,37
final_development,l1_fixed,4,320,2-3-8,0.0,dry_bean_uci,dry_bean_uci,37,37
final_development,l1_fixed,4,321,2-3-9,0.0,dry_bean_uci,dry_bean_uci,37,37
final_development,l1_fixed,4,322,2-3-10,0.0,dry_bean_uci,dry_bean_uci,37,37
final_development,l1_fixed,4,323,2-3-11,0.0,dry_bean_uci,dry_bean_uci,37,37
final_development,l1_fixed,4,324,2-3-12,0.0,dry_bean_uci,dry_bean_uci,37,37
final_development,l1_fixed,4,325,2-3-13,0.0,dry_bean_uci,dry_bean_uci,37,37
final_development,l1_fixed,4,326,2-3-14,0.0,dry_bean_uci,dry_bean_uci,37,37
final_development,l1_fixed,4,327,2-3-15,0.0,dry_bean_uci,dry_bean_uci,37,37
final_development,l1_fixed,4,328,2-4-5,0.0,dry_bean_uci,dry_bean_uci,37,37
final_development,l1_fixed,4,329,2-4-6,0.0,dry_bean_uci,dry_bean_uci,37,37
final_development,l1_fixed,4,330,2-4-7,0.0,dry_bean_uci,dry_bean_uci,37,37
final_development,l1_fixed,4,331,2-4-8,0.0,dry_bean_uci,dry_bean_uci,37,37
final_development,l1_fixed,4,332,2-4-9,0.0,dry_bean_uci,dry_bean_uci,37,37
final_development,l1_fixed,4,333,2-4-10,0.0,dry_bean_uci,dry_bean_uci,37,37
final_development,l1_fixed,4,334,2-4-11,0.0,dry_bean_uci,dry_bean_uci,37,37
final_development,l1_fixed,4,335,2-4-12,0.0,dry_bean_uci,dry_bean_uci,37,37
final_development,l1_fixed,4,336,2-4-13,0.0,dry_bean_uci,dry_bean_uci,37,37
final_development,l1_fixed,4,337,2-4-14,0.0,dry_bean_uci,dry_bean_uci,37,37
final_development,l1_fixed,4,338,2-4-15,0.0,dry_bean_uci,dry_bean_uci,37,37
final_development,l1_fixed,4,339,2-5-6,0.0,dry_bean_uci,dry_bean_uci,37,37
final_development,l1_fixed,4,340,2-5-7,0.0,dry_bean_uci,dry_bean_uci,37,37
final_development,l1_fixed,4,341,2-5-8,0.0,dry_bean_uci,dry_bean_uci,37,37
final_development,l1_fixed,4,342,2-5-9,0.0,dry_bean_uci,dry_bean_uci,37,37
final_development,l1_fixed,4,343,2-5-10,0.0,dry_bean_uci,dry_bean_uci,37,37
final_development,l1_fixed,4,344,2-5-11,0.0,dry_bean_uci,dry_bean_uci,37,37
final_development,l1_fixed,4,345,2-5-12,0.0,dry_bean_uci,dry_bean_uci,37,37
final_development,l1_fixed,4,346,2-5-13,0.0,dry_bean_uci,dry_bean_uci,37,37
final_development,l1_fixed,4,347,2-5-14,0.0,dry_bean_uci,dry_bean_uci,37,37
final_development,l1_fixed,4,348,2-5-15,0.0,dry_bean_uci,dry_bean_uci,37,37
final_development,l1_fixed,4,349,2-6-7,0.0,dry_bean_uci,dry_bean_uci,37,37
final_development,l1_fixed,4,350,2-6-8,0.0,dry_bean_uci,dry_bean_uci,37,37
final_development,l1_fixed,4,351,2-6-9,0.0,dry_bean_uci,dry_bean_uci,37,37
final_development,l1_fixed,4,352,2-6-10,0.0,dry_bean_uci,dry_bean_uci,37,37
final_development,l1_fixed,4,353,2-6-11,0.0,dry_bean_uci,dry_bean_uci,37,37
final_development,l1_fixed,4,354,2-6-12,0.0,dry_bean_uci,dry_bean_uci,37,37
final_development,l1_fixed,4,355,2-6-13,0.0,dry_bean_uci,dry_bean_uci,37,37
final_development,l1_fixed,4,356,2-6-14,0.0,dry_bean_uci,dry_bean_uci,37,37
final_development,l1_fixed,4,357,2-6-15,0.0,dry_bean_uci,dry_bean_uci,37,37
final_development,l1_fixed,4,358,2-7-8,0.0,dry_bean_uci,dry_bean_uci,37,37
final_development,l1_fixed,4,359,2-7-9,0.0,dry_bean_uci,dry_bean_uci,37,37
final_development,l1_fixed,4,360,2-7-10,0.0,dry_bean_uci,dry_bean_uci,37,37
final_development,l1_fixed,4,361,2-7-11,0.0,dry_bean_uci,dry_bean_uci,37,37
final_development,l1_fixed,4,362,2-7-12,0.0,dry_bean_uci,dry_bean_uci,37,37
final_development,l1_fixed,4,363,2-7-13,0.0,dry_bean_uci,dry_bean_uci,37,37
final_development,l1_fixed,4,364,2-7-14,0.0,dry_bean_uci,dry_bean_uci,37,37
final_development,l1_fixed,4,365,2-7-15,0.0,dry_bean_uci,dry_bean_uci,37,37
final_development,l1_fixed,4,366,2-8-9,0.0,dry_bean_uci,dry_bean_uci,37,37
final_development,l1_fixed,4,367,2-8-10,0.0,dry_bean_uci,dry_bean_uci,37,37
final_development,l1_fixed,4,368,2-8-11,0.0,dry_bean_uci,dry_bean_uci,37,37
final_development,l1_fixed,4,369,2-8-12,0.0,dry_bean_uci,dry_bean_uci,37,37
final_development,l1_fixed,4,370,2-8-13,0.0,dry_bean_uci,dry_bean_uci,37,37
final_development,l1_fixed,4,371,2-8-14,0.0,dry_bean_uci,dry_bean_uci,37,37
final_development,l1_fixed,4,372,2-8-15,0.0,dry_bean_uci,dry_bean_uci,37,37
final_development,l1_fixed,4,373,2-9-10,0.0,dry_bean_uci,dry_bean_uci,37,37
final_development,l1_fixed,4,374,2-9-11,0.0,dry_bean_uci,dry_bean_uci,37,37
final_development,l1_fixed,4,375,2-9-12,0.0,dry_bean_uci,dry_bean_uci,37,37
final_development,l1_fixed,4,376,2-9-13,0.0,dry_bean_uci,dry_bean_uci,37,37
final_development,l1_fixed,4,377,2-9-14,0.0,dry_bean_uci,dry_bean_uci,37,37
final_development,l1_fixed,4,378,2-9-15,0.0,dry_bean_uci,dry_bean_uci,37,37
final_development,l1_fixed,4,379,2-10-11,0.0,dry_bean_uci,dry_bean_uci,37,37
final_development,l1_fixed,4,380,2-10-12,0.0,dry_bean_uci,dry_bean_uci,37,37
final_development,l1_fixed,4,381,2-10-13,0.0,dry_bean_uci,dry_bean_uci,37,37
final_development,l1_fixed,4,382,2-10-14,0.0,dry_bean_uci,dry_bean_uci,37,37
final_development,l1_fixed,4,383,2-10-15,0.0,dry_bean_uci,dry_bean_uci,37,37
final_development,l1_fixed,4,384,2-11-12,0.0,dry_bean_uci,dry_bean_uci,37,37
final_development,l1_fixed,4,385,2-11-13,0.0,dry_bean_uci,dry_bean_uci,37,37
final_development,l1_fixed,4,386,2-11-14,0.0,dry_bean_uci,dry_bean_uci,37,37
final_development,l1_fixed,4,387,2-11-15,0.0,dry_bean_uci,dry_bean_uci,37,37
final_development,l1_fixed,4,388,2-12-13,0.0,dry_bean_uci,dry_bean_uci,37,37
final_development,l1_fixed,4,389,2-12-14,0.0,dry_bean_uci,dry_bean_uci,37,37
final_development,l1_fixed,4,390,2-12-15,0.0,dry_bean_uci,dry_bean_uci,37,37
final_development,l1_fixed,4,391,2-13-14,0.0,dry_bean_uci,dry_bean_uci,37,37
final_development,l1_fixed,4,392,2-13-15,0.0,dry_bean_uci,dry_bean_uci,37,37
final_development,l1_fixed,4,393,2-14-15,0.0,dry_bean_uci,dry_bean_uci,37,37
final_development,l1_fixed,4,394,3-4-5,0.0,dry_bean_uci,dry_bean_uci,37,37
final_development,l1_fixed,4,395,3-4-6,0.0,dry_bean_uci,dry_bean_uci,37,37
final_development,l1_fixed,4,396,3-4-7,0.0,dry_bean_uci,dry_bean_uci,37,37
final_development,l1_fixed,4,397,3-4-8,0.0,dry_bean_uci,dry_bean_uci,37,37
final_development,l1_fixed,4,398,3-4-9,0.0,dry_bean_uci,dry_bean_uci,37,37
final_development,l1_fixed,4,399,3-4-10,0.0,dry_bean_uci,dry_bean_uci,37,37
final_development,l1_fixed,4,400,3-4-11,0.0,dry_bean_uci,dry_bean_uci,37,37
final_development,l1_fixed,4,401,3-4-12,0.0,dry_bean_uci,dry_bean_uci,37,37
final_development,l1_fixed,4,402,3-4-13,0.0,dry_bean_uci,dry_bean_uci,37,37
final_development,l1_fixed,4,403,3-4-14,0.0,dry_bean_uci,dry_bean_uci,37,37
final_development,l1_fixed,4,404,3-4-15,0.0,dry_bean_uci,dry_bean_uci,37,37
final_development,l1_fixed,4,405,3-5-6,0.0,dry_bean_uci,dry_bean_uci,37,37
final_development,l1_fixed,4,406,3-5-7,0.0,dry_bean_uci,dry_bean_uci,37,37
final_development,l1_fixed,4,407,3-5-8,0.0,dry_bean_uci,dry_bean_uci,37,37
final_development,l1_fixed,4,408,3-5-9,0.0,dry_bean_uci,dry_bean_uci,37,37
final_development,l1_fixed,4,409,3-5-10,0.0,dry_bean_uci,dry_bean_uci,37,37
final_development,l1_fixed,4,410,3-5-11,0.0,dry_bean_uci,dry_bean_uci,37,37
final_development,l1_fixed,4,411,3-5-12,0.0,dry_bean_uci,dry_bean_uci,37,37
final_development,l1_fixed,4,412,3-5-13,0.0,dry_bean_uci,dry_bean_uci,37,37
final_development,l1_fixed,4,413,3-5-14,0.0,dry_bean_uci,dry_bean_uci,37,37
final_development,l1_fixed,4,414,3-5-15,0.0,dry_bean_uci,dry_bean_uci,37,37
final_development,l1_fixed,4,415,3-6-7,0.0,dry_bean_uci,dry_bean_uci,37,37
final_development,l1_fixed,4,416,3-6-8,0.0,dry_bean_uci,dry_bean_uci,37,37
final_development,l1_fixed,4,417,3-6-9,0.0,dry_bean_uci,dry_bean_uci,37,37
final_development,l1_fixed,4,418,3-6-10,0.0,dry_bean_uci,dry_bean_uci,37,37
final_development,l1_fixed,4,419,3-6-11,0.0,dry_bean_uci,dry_bean_uci,37,37
final_development,l1_fixed,4,420,3-6-12,0.0,dry_bean_uci,dry_bean_uci,37,37
final_development,l1_fixed,4,421,3-6-13,0.0,dry_bean_uci,dry_bean_uci,37,37
final_development,l1_fixed,4,422,3-6-14,0.0,dry_bean_uci,dry_bean_uci,37,37
final_development,l1_fixed,4,423,3-6-15,0.0,dry_bean_uci,dry_bean_uci,37,37
final_development,l1_fixed,4,424,3-7-8,0.0,dry_bean_uci,dry_bean_uci,37,37
final_development,l1_fixed,4,425,3-7-9,0.0,dry_bean_uci,dry_bean_uci,37,37
final_development,l1_fixed,4,426,3-7-10,0.0,dry_bean_uci,dry_bean_uci,37,37
final_development,l1_fixed,4,427,3-7-11,0.0,dry_bean_uci,dry_bean_uci,37,37
final_development,l1_fixed,4,428,3-7-12,0.0,dry_bean_uci,dry_bean_uci,37,37
final_development,l1_fixed,4,429,3-7-13,0.0,dry_bean_uci,dry_bean_uci,37,37
final_development,l1_fixed,4,430,3-7-14,0.0,dry_bean_uci,dry_bean_uci,37,37
final_development,l1_fixed,4,431,3-7-15,0.0,dry_bean_uci,dry_bean_uci,37,37
final_development,l1_fixed,4,432,3-8-9,0.0,dry_bean_uci,dry_bean_uci,37,37
final_development,l1_fixed,4,433,3-8-10,0.0,dry_bean_uci,dry_bean_uci,37,37
final_development,l1_fixed,4,434,3-8-11,0.0,dry_bean_uci,dry_bean_uci,37,37
final_development,l1_fixed,4,435,3-8-12,0.0,dry_bean_uci,dry_bean_uci,37,37
final_development,l1_fixed,4,436,3-8-13,0.0,dry_bean_uci,dry_bean_uci,37,37
final_development,l1_fixed,4,437,3-8-14,0.0,dry_bean_uci,dry_bean_uci,37,37
final_development,l1_fixed,4,438,3-8-15,0.0,dry_bean_uci,dry_bean_uci,37,37
final_development,l1_fixed,4,439,3-9-10,0.0,dry_bean_uci,dry_bean_uci,37,37
final_development,l1_fixed,4,440,3-9-11,0.0,dry_bean_uci,dry_bean_uci,37,37
final_development,l1_fixed,4,441,3-9-12,0.0,dry_bean_uci,dry_bean_uci,37,37
final_development,l1_fixed,4,442,3-9-13,0.0,dry_bean_uci,dry_bean_uci,37,37
final_development,l1_fixed,4,443,3-9-14,0.0,dry_bean_uci,dry_bean_uci,37,37
final_development,l1_fixed,4,444,3-9-15,0.0,dry_bean_uci,dry_bean_uci,37,37
final_development,l1_fixed,4,445,3-10-11,0.0,dry_bean_uci,dry_bean_uci,37,37
final_development,l1_fixed,4,446,3-10-12,0.0,dry_bean_uci,dry_bean_uci,37,37
final_development,l1_fixed,4,447,3-10-13,0.0,dry_bean_uci,dry_bean_uci,37,37
final_development,l1_fixed,4,448,3-10-14,0.0,dry_bean_uci,dry_bean_uci,37,37
final_development,l1_fixed,4,449,3-10-15,0.0,dry_bean_uci,dry_bean_uci,37,37
final_development,l1_fixed,4,450,3-11-12,0.0,dry_bean_uci,dry_bean_uci,37,37
final_development,l1_fixed,4,451,3-11-13,0.0,dry_bean_uci,dry_bean_uci,37,37
final_development,l1_fixed,4,452,3-11-14,0.0,dry_bean_uci,dry_bean_uci,37,37
final_development,l1_fixed,4,453,3-11-15,0.0,dry_bean_uci,dry_bean_uci,37,37
final_development,l1_fixed,4,454,3-12-13,0.0,dry_bean_uci,dry_bean_uci,37,37
final_development,l1_fixed,4,455,3-12-14,0.0,dry_bean_uci,dry_bean_uci,37,37
final_development,l1_fixed,4,456,3-12-15,0.0,dry_bean_uci,dry_bean_uci,37,37
final_development,l1_fixed,4,457,3-13-14,0.0,dry_bean_uci,dry_bean_uci,37,37
final_development,l1_fixed,4,458,3-13-15,0.0,dry_bean_uci,dry_bean_uci,37,37
final_development,l1_fixed,4,459,3-14-15,0.0,dry_bean_uci,dry_bean_uci,37,37
final_development,l1_fixed,4,460,4-5-6,0.0,dry_bean_uci,dry_bean_uci,37,37
final_development,l1_fixed,4,461,4-5-7,0.0,dry_bean_uci,dry_bean_uci,37,37
final_development,l1_fixed,4,462,4-5-8,0.0,dry_bean_uci,dry_bean_uci,37,37
final_development,l1_fixed,4,463,4-5-9,0.0,dry_bean_uci,dry_bean_uci,37,37
final_development,l1_fixed,4,464,4-5-10,0.0,dry_bean_uci,dry_bean_uci,37,37
final_development,l1_fixed,4,465,4-5-11,0.0,dry_bean_uci,dry_bean_uci,37,37
final_development,l1_fixed,4,466,4-5-12,0.0,dry_bean_uci,dry_bean_uci,37,37
final_development,l1_fixed,4,467,4-5-13,0.0,dry_bean_uci,dry_bean_uci,37,37
final_development,l1_fixed,4,468,4-5-14,0.0,dry_bean_uci,dry_bean_uci,37,37
final_development,l1_fixed,4,469,4-5-15,0.0,dry_bean_uci,dry_bean_uci,37,37
final_development,l1_fixed,4,470,4-6-7,0.0,dry_bean_uci,dry_bean_uci,37,37
final_development,l1_fixed,4,471,4-6-8,0.0,dry_bean_uci,dry_bean_uci,37,37
final_development,l1_fixed,4,472,4-6-9,0.0,dry_bean_uci,dry_bean_uci,37,37
final_development,l1_fixed,4,473,4-6-10,0.0,dry_bean_uci,dry_bean_uci,37,37
final_development,l1_fixed,4,474,4-6-11,0.0,dry_bean_uci,dry_bean_uci,37,37
final_development,l1_fixed,4,475,4-6-12,0.0,dry_bean_uci,dry_bean_uci,37,37
final_development,l1_fixed,4,476,4-6-13,0.0,dry_bean_uci,dry_bean_uci,37,37
final_development,l1_fixed,4,477,4-6-14,0.0,dry_bean_uci,dry_bean_uci,37,37
final_development,l1_fixed,4,478,4-6-15,0.0,dry_bean_uci,dry_bean_uci,37,37
final_development,l1_fixed,4,479,4-7-8,0.0,dry_bean_uci,dry_bean_uci,37,37
final_development,l1_fixed,4,480,4-7-9,0.0,dry_bean_uci,dry_bean_uci,37,37
final_development,l1_fixed,4,481,4-7-10,0.0,dry_bean_uci,dry_bean_uci,37,37
final_development,l1_fixed,4,482,4-7-11,0.0,dry_bean_uci,dry_bean_uci,37,37
final_development,l1_fixed,4,483,4-7-12,0.0,dry_bean_uci,dry_bean_uci,37,37
final_development,l1_fixed,4,484,4-7-13,0.0,dry_bean_uci,dry_bean_uci,37,37
final_development,l1_fixed,4,485,4-7-14,0.0,dry_bean_uci,dry_bean_uci,37,37
final_development,l1_fixed,4,486,4-7-15,0.0,dry_bean_uci,dry_bean_uci,37,37
final_development,l1_fixed,4,487,4-8-9,0.0,dry_bean_uci,dry_bean_uci,37,37
final_development,l1_fixed,4,488,4-8-10,0.0,dry_bean_uci,dry_bean_uci,37,37
final_development,l1_fixed,4,489,4-8-11,0.0,dry_bean_uci,dry_bean_uci,37,37
final_development,l1_fixed,4,490,4-8-12,0.0,dry_bean_uci,dry_bean_uci,37,37
final_development,l1_fixed,4,491,4-8-13,0.0,dry_bean_uci,dry_bean_uci,37,37
final_development,l1_fixed,4,492,4-8-14,0.0,dry_bean_uci,dry_bean_uci,37,37
final_development,l1_fixed,4,493,4-8-15,0.0,dry_bean_uci,dry_bean_uci,37,37
final_development,l1_fixed,4,494,4-9-10,0.0,dry_bean_uci,dry_bean_uci,37,37
final_development,l1_fixed,4,495,4-9-11,0.0,dry_bean_uci,dry_bean_uci,37,37
final_development,l1_fixed,4,496,4-9-12,0.0,dry_bean_uci,dry_bean_uci,37,37
final_development,l1_fixed,4,497,4-9-13,0.0,dry_bean_uci,dry_bean_uci,37,37
final_development,l1_fixed,4,498,4-9-14,0.0,dry_bean_uci,dry_bean_uci,37,37
final_development,l1_fixed,4,499,4-9-15,0.0,dry_bean_uci,dry_bean_uci,37,37
final_development,l1_fixed,4,500,4-10-11,0.0,dry_bean_uci,dry_bean_uci,37,37
final_development,l1_fixed,4,501,4-10-12,0.0,dry_bean_uci,dry_bean_uci,37,37
final_development,l1_fixed,4,502,4-10-13,0.0,dry_bean_uci,dry_bean_uci,37,37
final_development,l1_fixed,4,503,4-10-14,0.0,dry_bean_uci,dry_bean_uci,37,37
final_development,l1_fixed,4,504,4-10-15,0.0,dry_bean_uci,dry_bean_uci,37,37
final_development,l1_fixed,4,505,4-11-12,0.0,dry_bean_uci,dry_bean_uci,37,37
final_development,l1_fixed,4,506,4-11-13,0.0,dry_bean_uci,dry_bean_uci,37,37
final_development,l1_fixed,4,507,4-11-14,0.0,dry_bean_uci,dry_bean_uci,37,37
final_development,l1_fixed,4,508,4-11-15,0.0,dry_bean_uci,dry_bean_uci,37,37
final_development,l1_fixed,4,509,4-12-13,0.0,dry_bean_uci,dry_bean_uci,37,37
final_development,l1_fixed,4,510,4-12-14,0.0,dry_bean_uci,dry_bean_uci,37,37
final_development,l1_fixed,4,511,4-12-15,0.0,dry_bean_uci,dry_bean_uci,37,37
final_development,l1_fixed,4,512,4-13-14,0.0,dry_bean_uci,dry_bean_uci,37,37
final_development,l1_fixed,4,513,4-13-15,0.0,dry_bean_uci,dry_bean_uci,37,37
final_development,l1_fixed,4,514,4-14-15,0.0,dry_bean_uci,dry_bean_uci,37,37
final_development,l1_fixed,4,515,5-6-7,0.0,dry_bean_uci,dry_bean_uci,37,37
final_development,l1_fixed,4,516,5-6-8,0.0,dry_bean_uci,dry_bean_uci,37,37
final_development,l1_fixed,4,517,5-6-9,0.0,dry_bean_uci,dry_bean_uci,37,37
final_development,l1_fixed,4,518,5-6-10,0.0,dry_bean_uci,dry_bean_uci,37,37
final_development,l1_fixed,4,519,5-6-11,0.0,dry_bean_uci,dry_bean_uci,37,37
final_development,l1_fixed,4,520,5-6-12,0.0,dry_bean_uci,dry_bean_uci,37,37
final_development,l1_fixed,4,521,5-6-13,0.0,dry_bean_uci,dry_bean_uci,37,37
final_development,l1_fixed,4,522,5-6-14,0.0,dry_bean_uci,dry_bean_uci,37,37
final_development,l1_fixed,4,523,5-6-15,0.0,dry_bean_uci,dry_bean_uci,37,37
final_development,l1_fixed,4,524,5-7-8,0.0,dry_bean_uci,dry_bean_uci,37,37
final_development,l1_fixed,4,525,5-7-9,0.0,dry_bean_uci,dry_bean_uci,37,37
final_development,l1_fixed,4,526,5-7-10,0.0,dry_bean_uci,dry_bean_uci,37,37
final_development,l1_fixed,4,527,5-7-11,0.0,dry_bean_uci,dry_bean_uci,37,37
final_development,l1_fixed,4,528,5-7-12,0.0,dry_bean_uci,dry_bean_uci,37,37
final_development,l1_fixed,4,529,5-7-13,0.0,dry_bean_uci,dry_bean_uci,37,37
final_development,l1_fixed,4,530,5-7-14,0.0,dry_bean_uci,dry_bean_uci,37,37
final_development,l1_fixed,4,531,5-7-15,0.0,dry_bean_uci,dry_bean_uci,37,37
final_development,l1_fixed,4,532,5-8-9,0.0,dry_bean_uci,dry_bean_uci,37,37
final_development,l1_fixed,4,533,5-8-10,0.0,dry_bean_uci,dry_bean_uci,37,37
final_development,l1_fixed,4,534,5-8-11,0.0,dry_bean_uci,dry_bean_uci,37,37
final_development,l1_fixed,4,535,5-8-12,0.0,dry_bean_uci,dry_bean_uci,37,37
final_development,l1_fixed,4,536,5-8-13,0.0,dry_bean_uci,dry_bean_uci,37,37
final_development,l1_fixed,4,537,5-8-14,0.0,dry_bean_uci,dry_bean_uci,37,37
final_development,l1_fixed,4,538,5-8-15,0.0,dry_bean_uci,dry_bean_uci,37,37
final_development,l1_fixed,4,539,5-9-10,0.0,dry_bean_uci,dry_bean_uci,37,37
final_development,l1_fixed,4,540,5-9-11,0.0,dry_bean_uci,dry_bean_uci,37,37
final_development,l1_fixed,4,541,5-9-12,0.0,dry_bean_uci,dry_bean_uci,37,37
final_development,l1_fixed,4,542,5-9-13,0.0,dry_bean_uci,dry_bean_uci,37,37
final_development,l1_fixed,4,543,5-9-14,0.0,dry_bean_uci,dry_bean_uci,37,37
final_development,l1_fixed,4,544,5-9-15,0.0,dry_bean_uci,dry_bean_uci,37,37
final_development,l1_fixed,4,545,5-10-11,0.0,dry_bean_uci,dry_bean_uci,37,37
final_development,l1_fixed,4,546,5-10-12,0.0,dry_bean_uci,dry_bean_uci,37,37
final_development,l1_fixed,4,547,5-10-13,0.0,dry_bean_uci,dry_bean_uci,37,37
final_development,l1_fixed,4,548,5-10-14,0.0,dry_bean_uci,dry_bean_uci,37,37
final_development,l1_fixed,4,549,5-10-15,0.0,dry_bean_uci,dry_bean_uci,37,37
final_development,l1_fixed,4,550,5-11-12,0.0,dry_bean_uci,dry_bean_uci,37,37
final_development,l1_fixed,4,551,5-11-13,0.0,dry_bean_uci,dry_bean_uci,37,37
final_development,l1_fixed,4,552,5-11-14,0.0,dry_bean_uci,dry_bean_uci,37,37
final_development,l1_fixed,4,553,5-11-15,0.0,dry_bean_uci,dry_bean_uci,37,37
final_development,l1_fixed,4,554,5-12-13,0.0,dry_bean_uci,dry_bean_uci,37,37
final_development,l1_fixed,4,555,5-12-14,0.0,dry_bean_uci,dry_bean_uci,37,37
final_development,l1_fixed,4,556,5-12-15,0.0,dry_bean_uci,dry_bean_uci,37,37
final_development,l1_fixed,4,557,5-13-14,0.0,dry_bean_uci,dry_bean_uci,37,37
final_development,l1_fixed,4,558,5-13-15,0.0,dry_bean_uci,dry_bean_uci,37,37
final_development,l1_fixed,4,559,5-14-15,0.0,dry_bean_uci,dry_bean_uci,37,37
final_development,l1_fixed,4,560,6-7-8,0.0,dry_bean_uci,dry_bean_uci,37,37
final_development,l1_fixed,4,561,6-7-9,0.0,dry_bean_uci,dry_bean_uci,37,37
final_development,l1_fixed,4,562,6-7-10,0.0,dry_bean_uci,dry_bean_uci,37,37
final_development,l1_fixed,4,563,6-7-11,0.0,dry_bean_uci,dry_bean_uci,37,37
final_development,l1_fixed,4,564,6-7-12,0.0,dry_bean_uci,dry_bean_uci,37,37
final_development,l1_fixed,4,565,6-7-13,0.0,dry_bean_uci,dry_bean_uci,37,37
final_development,l1_fixed,4,566,6-7-14,0.0,dry_bean_uci,dry_bean_uci,37,37
final_development,l1_fixed,4,567,6-7-15,0.0,dry_bean_uci,dry_bean_uci,37,37
final_development,l1_fixed,4,568,6-8-9,0.0,dry_bean_uci,dry_bean_uci,37,37
final_development,l1_fixed,4,569,6-8-10,0.0,dry_bean_uci,dry_bean_uci,37,37
final_development,l1_fixed,4,570,6-8-11,0.0,dry_bean_uci,dry_bean_uci,37,37
final_development,l1_fixed,4,571,6-8-12,0.0,dry_bean_uci,dry_bean_uci,37,37
final_development,l1_fixed,4,572,6-8-13,0.0,dry_bean_uci,dry_bean_uci,37,37
final_development,l1_fixed,4,573,6-8-14,0.0,dry_bean_uci,dry_bean_uci,37,37
final_development,l1_fixed,4,574,6-8-15,0.0,dry_bean_uci,dry_bean_uci,37,37
final_development,l1_fixed,4,575,6-9-10,0.0,dry_bean_uci,dry_bean_uci,37,37
final_development,l1_fixed,4,576,6-9-11,0.0,dry_bean_uci,dry_bean_uci,37,37
final_development,l1_fixed,4,577,6-9-12,0.0,dry_bean_uci,dry_bean_uci,37,37
final_development,l1_fixed,4,578,6-9-13,0.0,dry_bean_uci,dry_bean_uci,37,37
final_development,l1_fixed,4,579,6-9-14,0.0,dry_bean_uci,dry_bean_uci,37,37
final_development,l1_fixed,4,580,6-9-15,0.0,dry_bean_uci,dry_bean_uci,37,37
final_development,l1_fixed,4,581,6-10-11,0.0,dry_bean_uci,dry_bean_uci,37,37
final_development,l1_fixed,4,582,6-10-12,0.0,dry_bean_uci,dry_bean_uci,37,37
final_development,l1_fixed,4,583,6-10-13,0.0,dry_bean_uci,dry_bean_uci,37,37
final_development,l1_fixed,4,584,6-10-14,0.0,dry_bean_uci,dry_bean_uci,37,37
final_development,l1_fixed,4,585,6-10-15,0.0,dry_bean_uci,dry_bean_uci,37,37
final_development,l1_fixed,4,586,6-11-12,0.0,dry_bean_uci,dry_bean_uci,37,37
final_development,l1_fixed,4,587,6-11-13,0.0,dry_bean_uci,dry_bean_uci,37,37
final_development,l1_fixed,4,588,6-11-14,0.0,dry_bean_uci,dry_bean_uci,37,37
final_development,l1_fixed,4,589,6-11-15,0.0,dry_bean_uci,dry_bean_uci,37,37
final_development,l1_fixed,4,590,6-12-13,0.0,dry_bean_uci,dry_bean_uci,37,37
final_development,l1_fixed,4,591,6-12-14,0.0,dry_bean_uci,dry_bean_uci,37,37
final_development,l1_fixed,4,592,6-12-15,0.0,dry_bean_uci,dry_bean_uci,37,37
final_development,l1_fixed,4,593,6-13-14,0.0,dry_bean_uci,dry_bean_uci,37,37
final_development,l1_fixed,4,594,6-13-15,0.0,dry_bean_uci,dry_bean_uci,37,37
final_development,l1_fixed,4,595,6-14-15,0.0,dry_bean_uci,dry_bean_uci,37,37
final_development,l1_fixed,4,596,7-8-9,0.0,dry_bean_uci,dry_bean_uci,37,37
final_development,l1_fixed,4,597,7-8-10,0.0,dry_bean_uci,dry_bean_uci,37,37
final_development,l1_fixed,4,598,7-8-11,0.0,dry_bean_uci,dry_bean_uci,37,37
final_development,l1_fixed,4,599,7-8-12,0.0,dry_bean_uci,dry_bean_uci,37,37
final_development,l1_fixed,4,600,7-8-13,0.0,dry_bean_uci,dry_bean_uci,37,37
final_development,l1_fixed,4,601,7-8-14,0.0,dry_bean_uci,dry_bean_uci,37,37
final_development,l1_fixed,4,602,7-8-15,0.0,dry_bean_uci,dry_bean_uci,37,37
final_development,l1_fixed,4,603,7-9-10,0.0,dry_bean_uci,dry_bean_uci,37,37
final_development,l1_fixed,4,604,7-9-11,0.0,dry_bean_uci,dry_bean_uci,37,37
final_development,l1_fixed,4,605,7-9-12,0.0,dry_bean_uci,dry_bean_uci,37,37
final_development,l1_fixed,4,606,7-9-13,0.0,dry_bean_uci,dry_bean_uci,37,37
final_development,l1_fixed,4,607,7-9-14,0.0,dry_bean_uci,dry_bean_uci,37,37
final_development,l1_fixed,4,608,7-9-15,0.0,dry_bean_uci,dry_bean_uci,37,37
final_development,l1_fixed,4,609,7-10-11,0.0,dry_bean_uci,dry_bean_uci,37,37
final_development,l1_fixed,4,610,7-10-12,0.0,dry_bean_uci,dry_bean_uci,37,37
final_development,l1_fixed,4,611,7-10-13,0.0,dry_bean_uci,dry_bean_uci,37,37
final_development,l1_fixed,4,612,7-10-14,0.0,dry_bean_uci,dry_bean_uci,37,37
final_development,l1_fixed,4,613,7-10-15,0.0,dry_bean_uci,dry_bean_uci,37,37
final_development,l1_fixed,4,614,7-11-12,0.0,dry_bean_uci,dry_bean_uci,37,37
final_development,l1_fixed,4,615,7-11-13,0.0,dry_bean_uci,dry_bean_uci,37,37
final_development,l1_fixed,4,616,7-11-14,0.0,dry_bean_uci,dry_bean_uci,37,37
final_development,l1_fixed,4,617,7-11-15,0.0,dry_bean_uci,dry_bean_uci,37,37
final_development,l1_fixed,4,618,7-12-13,0.0,dry_bean_uci,dry_bean_uci,37,37
final_development,l1_fixed,4,619,7-12-14,0.0,dry_bean_uci,dry_bean_uci,37,37
final_development,l1_fixed,4,620,7-12-15,0.0,dry_bean_uci,dry_bean_uci,37,37
final_development,l1_fixed,4,621,7-13-14,0.0,dry_bean_uci,dry_bean_uci,37,37
final_development,l1_fixed,4,622,7-13-15,0.0,dry_bean_uci,dry_bean_uci,37,37
final_development,l1_fixed,4,623,7-14-15,0.0,dry_bean_uci,dry_bean_uci,37,37
final_development,l1_fixed,4,624,8-9-10,0.0,dry_bean_uci,dry_bean_uci,37,37
final_development,l1_fixed,4,625,8-9-11,0.0,dry_bean_uci,dry_bean_uci,37,37
final_development,l1_fixed,4,626,8-9-12,0.0,dry_bean_uci,dry_bean_uci,37,37
final_development,l1_fixed,4,627,8-9-13,0.0,dry_bean_uci,dry_bean_uci,37,37
final_development,l1_fixed,4,628,8-9-14,0.0,dry_bean_uci,dry_bean_uci,37,37
final_development,l1_fixed,4,629,8-9-15,0.0,dry_bean_uci,dry_bean_uci,37,37
final_development,l1_fixed,4,630,8-10-11,0.0,dry_bean_uci,dry_bean_uci,37,37
final_development,l1_fixed,4,631,8-10-12,0.0,dry_bean_uci,dry_bean_uci,37,37
final_development,l1_fixed,4,632,8-10-13,0.0,dry_bean_uci,dry_bean_uci,37,37
final_development,l1_fixed,4,633,8-10-14,0.0,dry_bean_uci,dry_bean_uci,37,37
final_development,l1_fixed,4,634,8-10-15,0.0,dry_bean_uci,dry_bean_uci,37,37
final_development,l1_fixed,4,635,8-11-12,0.0,dry_bean_uci,dry_bean_uci,37,37
final_development,l1_fixed,4,636,8-11-13,0.0,dry_bean_uci,dry_bean_uci,37,37
final_development,l1_fixed,4,637,8-11-14,0.0,dry_bean_uci,dry_bean_uci,37,37
final_development,l1_fixed,4,638,8-11-15,0.0,dry_bean_uci,dry_bean_uci,37,37
final_development,l1_fixed,4,639,8-12-13,0.0,dry_bean_uci,dry_bean_uci,37,37
final_development,l1_fixed,4,640,8-12-14,0.0,dry_bean_uci,dry_bean_uci,37,37
final_development,l1_fixed,4,641,8-12-15,0.0,dry_bean_uci,dry_bean_uci,37,37
final_development,l1_fixed,4,642,8-13-14,0.0,dry_bean_uci,dry_bean_uci,37,37
final_development,l1_fixed,4,643,8-13-15,0.0,dry_bean_uci,dry_bean_uci,37,37
final_development,l1_fixed,4,644,8-14-15,0.0,dry_bean_uci,dry_bean_uci,37,37
final_development,l1_fixed,4,645,9-10-11,0.0,dry_bean_uci,dry_bean_uci,37,37
final_development,l1_fixed,4,646,9-10-12,0.25,dry_bean_uci,dry_bean_uci,37,37
final_development,l1_fixed,4,647,9-10-13,0.0,dry_bean_uci,dry_bean_uci,37,37
final_development,l1_fixed,4,648,9-10-14,0.0,dry_bean_uci,dry_bean_uci,37,37
final_development,l1_fixed,4,649,9-10-15,0.0,dry_bean_uci,dry_bean_uci,37,37
final_development,l1_fixed,4,650,9-11-12,0.0,dry_bean_uci,dry_bean_uci,37,37
final_development,l1_fixed,4,651,9-11-13,0.0,dry_bean_uci,dry_bean_uci,37,37
final_development,l1_fixed,4,652,9-11-14,0.0,dry_bean_uci,dry_bean_uci,37,37
final_development,l1_fixed,4,653,9-11-15,0.0,dry_bean_uci,dry_bean_uci,37,37
final_development,l1_fixed,4,654,9-12-13,0.0,dry_bean_uci,dry_bean_uci,37,37
final_development,l1_fixed,4,655,9-12-14,0.0,dry_bean_uci,dry_bean_uci,37,37
final_development,l1_fixed,4,656,9-12-15,0.0,dry_bean_uci,dry_bean_uci,37,37
final_development,l1_fixed,4,657,9-13-14,0.0,dry_bean_uci,dry_bean_uci,37,37
final_development,l1_fixed,4,658,9-13-15,0.0,dry_bean_uci,dry_bean_uci,37,37
final_development,l1_fixed,4,659,9-14-15,0.0,dry_bean_uci,dry_bean_uci,37,37
final_development,l1_fixed,4,660,10-11-12,0.0,dry_bean_uci,dry_bean_uci,37,37
final_development,l1_fixed,4,661,10-11-13,0.0,dry_bean_uci,dry_bean_uci,37,37
final_development,l1_fixed,4,662,10-11-14,0.0,dry_bean_uci,dry_bean_uci,37,37
final_development,l1_fixed,4,663,10-11-15,0.0,dry_bean_uci,dry_bean_uci,37,37
final_development,l1_fixed,4,664,10-12-13,0.0,dry_bean_uci,dry_bean_uci,37,37
final_development,l1_fixed,4,665,10-12-14,0.0,dry_bean_uci,dry_bean_uci,37,37
final_development,l1_fixed,4,666,10-12-15,0.0,dry_bean_uci,dry_bean_uci,37,37
final_development,l1_fixed,4,667,10-13-14,0.0,dry_bean_uci,dry_bean_uci,37,37
final_development,l1_fixed,4,668,10-13-15,0.0,dry_bean_uci,dry_bean_uci,37,37
final_development,l1_fixed,4,669,10-14-15,0.0,dry_bean_uci,dry_bean_uci,37,37
final_development,l1_fixed,4,670,11-12-13,0.0,dry_bean_uci,dry_bean_uci,37,37
final_development,l1_fixed,4,671,11-12-14,0.0,dry_bean_uci,dry_bean_uci,37,37
final_development,l1_fixed,4,672,11-12-15,0.0,dry_bean_uci,dry_bean_uci,37,37
final_development,l1_fixed,4,673,11-13-14,0.0,dry_bean_uci,dry_bean_uci,37,37
final_development,l1_fixed,4,674,11-13-15,0.0,dry_bean_uci,dry_bean_uci,37,37
final_development,l1_fixed,4,675,11-14-15,0.0,dry_bean_uci,dry_bean_uci,37,37
final_development,l1_fixed,4,676,12-13-14,0.0,dry_bean_uci,dry_bean_uci,37,37
final_development,l1_fixed,4,677,12-13-15,0.0,dry_bean_uci,dry_bean_uci,37,37
final_development,l1_fixed,4,678,12-14-15,0.0,dry_bean_uci,dry_bean_uci,37,37
final_development,l1_fixed,4,679,13-14-15,0.0,dry_bean_uci,dry_bean_uci,37,37
tuning_train,shil,4,0,0-1,0.0,dry_bean_uci,dry_bean_uci,37,37
tuning_train,shil,4,1,0-2,0.0,dry_bean_uci,dry_bean_uci,37,37
tuning_train,shil,4,2,0-3,0.0,dry_bean_uci,dry_bean_uci,37,37
tuning_train,shil,4,3,0-4,0.0,dry_bean_uci,dry_bean_uci,37,37
tuning_train,shil,4,4,0-5,0.0,dry_bean_uci,dry_bean_uci,37,37
tuning_train,shil,4,5,0-6,0.0,dry_bean_uci,dry_bean_uci,37,37
tuning_train,shil,4,6,0-7,0.0,dry_bean_uci,dry_bean_uci,37,37
tuning_train,shil,4,7,0-8,0.0,dry_bean_uci,dry_bean_uci,37,37
tuning_train,shil,4,8,0-9,0.0,dry_bean_uci,dry_bean_uci,37,37
tuning_train,shil,4,9,0-10,0.0,dry_bean_uci,dry_bean_uci,37,37
tuning_train,shil,4,10,0-11,0.0,dry_bean_uci,dry_bean_uci,37,37
tuning_train,shil,4,11,0-12,0.1,dry_bean_uci,dry_bean_uci,37,37
tuning_train,shil,4,12,0-13,0.0,dry_bean_uci,dry_bean_uci,37,37
tuning_train,shil,4,13,0-14,0.0,dry_bean_uci,dry_bean_uci,37,37
tuning_train,shil,4,14,0-15,0.0,dry_bean_uci,dry_bean_uci,37,37
tuning_train,shil,4,15,1-2,0.0,dry_bean_uci,dry_bean_uci,37,37
tuning_train,shil,4,16,1-3,0.0,dry_bean_uci,dry_bean_uci,37,37
tuning_train,shil,4,17,1-4,0.0,dry_bean_uci,dry_bean_uci,37,37
tuning_train,shil,4,18,1-5,0.0,dry_bean_uci,dry_bean_uci,37,37
tuning_train,shil,4,19,1-6,0.0,dry_bean_uci,dry_bean_uci,37,37
tuning_train,shil,4,20,1-7,0.0,dry_bean_uci,dry_bean_uci,37,37
tuning_train,shil,4,21,1-8,0.0,dry_bean_uci,dry_bean_uci,37,37
tuning_train,shil,4,22,1-9,0.0,dry_bean_uci,dry_bean_uci,37,37
tuning_train,shil,4,23,1-10,0.0,dry_bean_uci,dry_bean_uci,37,37
tuning_train,shil,4,24,1-11,0.0,dry_bean_uci,dry_bean_uci,37,37
tuning_train,shil,4,25,1-12,0.275,dry_bean_uci,dry_bean_uci,37,37
tuning_train,shil,4,26,1-13,0.0,dry_bean_uci,dry_bean_uci,37,37
tuning_train,shil,4,27,1-14,0.0,dry_bean_uci,dry_bean_uci,37,37
tuning_train,shil,4,28,1-15,0.0,dry_bean_uci,dry_bean_uci,37,37
tuning_train,shil,4,29,2-3,0.0,dry_bean_uci,dry_bean_uci,37,37
tuning_train,shil,4,30,2-4,0.0,dry_bean_uci,dry_bean_uci,37,37
tuning_train,shil,4,31,2-5,0.0,dry_bean_uci,dry_bean_uci,37,37
tuning_train,shil,4,32,2-6,0.0,dry_bean_uci,dry_bean_uci,37,37
tuning_train,shil,4,33,2-7,0.0,dry_bean_uci,dry_bean_uci,37,37
tuning_train,shil,4,34,2-8,0.0,dry_bean_uci,dry_bean_uci,37,37
tuning_train,shil,4,35,2-9,0.0,dry_bean_uci,dry_bean_uci,37,37
tuning_train,shil,4,36,2-10,0.0,dry_bean_uci,dry_bean_uci,37,37
tuning_train,shil,4,37,2-11,0.0,dry_bean_uci,dry_bean_uci,37,37
tuning_train,shil,4,38,2-12,0.0,dry_bean_uci,dry_bean_uci,37,37
tuning_train,shil,4,39,2-13,0.0,dry_bean_uci,dry_bean_uci,37,37
tuning_train,shil,4,40,2-14,0.0,dry_bean_uci,dry_bean_uci,37,37
tuning_train,shil,4,41,2-15,0.0,dry_bean_uci,dry_bean_uci,37,37
tuning_train,shil,4,42,3-4,0.0,dry_bean_uci,dry_bean_uci,37,37
tuning_train,shil,4,43,3-5,0.0,dry_bean_uci,dry_bean_uci,37,37
tuning_train,shil,4,44,3-6,0.0,dry_bean_uci,dry_bean_uci,37,37
tuning_train,shil,4,45,3-7,0.0,dry_bean_uci,dry_bean_uci,37,37
tuning_train,shil,4,46,3-8,0.0,dry_bean_uci,dry_bean_uci,37,37
tuning_train,shil,4,47,3-9,0.0,dry_bean_uci,dry_bean_uci,37,37
tuning_train,shil,4,48,3-10,0.15,dry_bean_uci,dry_bean_uci,37,37
tuning_train,shil,4,49,3-11,0.0,dry_bean_uci,dry_bean_uci,37,37
tuning_train,shil,4,50,3-12,1.0,dry_bean_uci,dry_bean_uci,37,37
tuning_train,shil,4,51,3-13,0.0,dry_bean_uci,dry_bean_uci,37,37
tuning_train,shil,4,52,3-14,0.0,dry_bean_uci,dry_bean_uci,37,37
tuning_train,shil,4,53,3-15,0.0,dry_bean_uci,dry_bean_uci,37,37
tuning_train,shil,4,54,4-5,0.0,dry_bean_uci,dry_bean_uci,37,37
tuning_train,shil,4,55,4-6,0.0,dry_bean_uci,dry_bean_uci,37,37
tuning_train,shil,4,56,4-7,0.0,dry_bean_uci,dry_bean_uci,37,37
tuning_train,shil,4,57,4-8,0.0,dry_bean_uci,dry_bean_uci,37,37
tuning_train,shil,4,58,4-9,0.0,dry_bean_uci,dry_bean_uci,37,37
tuning_train,shil,4,59,4-10,0.0,dry_bean_uci,dry_bean_uci,37,37
tuning_train,shil,4,60,4-11,0.0,dry_bean_uci,dry_bean_uci,37,37
tuning_train,shil,4,61,4-12,0.0,dry_bean_uci,dry_bean_uci,37,37
tuning_train,shil,4,62,4-13,0.0,dry_bean_uci,dry_bean_uci,37,37
tuning_train,shil,4,63,4-14,0.0,dry_bean_uci,dry_bean_uci,37,37
tuning_train,shil,4,64,4-15,0.0,dry_bean_uci,dry_bean_uci,37,37
tuning_train,shil,4,65,5-6,0.0,dry_bean_uci,dry_bean_uci,37,37
tuning_train,shil,4,66,5-7,0.0,dry_bean_uci,dry_bean_uci,37,37
tuning_train,shil,4,67,5-8,0.0,dry_bean_uci,dry_bean_uci,37,37
tuning_train,shil,4,68,5-9,0.0,dry_bean_uci,dry_bean_uci,37,37
tuning_train,shil,4,69,5-10,0.0,dry_bean_uci,dry_bean_uci,37,37
tuning_train,shil,4,70,5-11,0.0,dry_bean_uci,dry_bean_uci,37,37
tuning_train,shil,4,71,5-12,0.0,dry_bean_uci,dry_bean_uci,37,37
tuning_train,shil,4,72,5-13,0.0,dry_bean_uci,dry_bean_uci,37,37
tuning_train,shil,4,73,5-14,0.0,dry_bean_uci,dry_bean_uci,37,37
tuning_train,shil,4,74,5-15,0.0,dry_bean_uci,dry_bean_uci,37,37
tuning_train,shil,4,75,6-7,0.0,dry_bean_uci,dry_bean_uci,37,37
tuning_train,shil,4,76,6-8,0.0,dry_bean_uci,dry_bean_uci,37,37
tuning_train,shil,4,77,6-9,0.0,dry_bean_uci,dry_bean_uci,37,37
tuning_train,shil,4,78,6-10,0.0,dry_bean_uci,dry_bean_uci,37,37
tuning_train,shil,4,79,6-11,0.0,dry_bean_uci,dry_bean_uci,37,37
tuning_train,shil,4,80,6-12,0.275,dry_bean_uci,dry_bean_uci,37,37
tuning_train,shil,4,81,6-13,0.0,dry_bean_uci,dry_bean_uci,37,37
tuning_train,shil,4,82,6-14,0.0,dry_bean_uci,dry_bean_uci,37,37
tuning_train,shil,4,83,6-15,0.0,dry_bean_uci,dry_bean_uci,37,37
tuning_train,shil,4,84,7-8,0.0,dry_bean_uci,dry_bean_uci,37,37
tuning_train,shil,4,85,7-9,0.0,dry_bean_uci,dry_bean_uci,37,37
tuning_train,shil,4,86,7-10,0.0,dry_bean_uci,dry_bean_uci,37,37
tuning_train,shil,4,87,7-11,0.0,dry_bean_uci,dry_bean_uci,37,37
tuning_train,shil,4,88,7-12,0.0,dry_bean_uci,dry_bean_uci,37,37
tuning_train,shil,4,89,7-13,0.0,dry_bean_uci,dry_bean_uci,37,37
tuning_train,shil,4,90,7-14,0.0,dry_bean_uci,dry_bean_uci,37,37
tuning_train,shil,4,91,7-15,0.0,dry_bean_uci,dry_bean_uci,37,37
tuning_train,shil,4,92,8-9,0.0,dry_bean_uci,dry_bean_uci,37,37
tuning_train,shil,4,93,8-10,0.0,dry_bean_uci,dry_bean_uci,37,37
tuning_train,shil,4,94,8-11,0.0,dry_bean_uci,dry_bean_uci,37,37
tuning_train,shil,4,95,8-12,0.0,dry_bean_uci,dry_bean_uci,37,37
tuning_train,shil,4,96,8-13,0.0,dry_bean_uci,dry_bean_uci,37,37
tuning_train,shil,4,97,8-14,0.0,dry_bean_uci,dry_bean_uci,37,37
tuning_train,shil,4,98,8-15,0.0,dry_bean_uci,dry_bean_uci,37,37
tuning_train,shil,4,99,9-10,0.2,dry_bean_uci,dry_bean_uci,37,37
tuning_train,shil,4,100,9-11,0.0,dry_bean_uci,dry_bean_uci,37,37
tuning_train,shil,4,101,9-12,0.025,dry_bean_uci,dry_bean_uci,37,37
tuning_train,shil,4,102,9-13,0.0,dry_bean_uci,dry_bean_uci,37,37
tuning_train,shil,4,103,9-14,0.0,dry_bean_uci,dry_bean_uci,37,37
tuning_train,shil,4,104,9-15,0.0,dry_bean_uci,dry_bean_uci,37,37
tuning_train,shil,4,105,10-11,0.0,dry_bean_uci,dry_bean_uci,37,37
tuning_train,shil,4,106,10-12,0.925,dry_bean_uci,dry_bean_uci,37,37
tuning_train,shil,4,107,10-13,0.1,dry_bean_uci,dry_bean_uci,37,37
tuning_train,shil,4,108,10-14,0.0,dry_bean_uci,dry_bean_uci,37,37
tuning_train,shil,4,109,10-15,0.55,dry_bean_uci,dry_bean_uci,37,37
tuning_train,shil,4,110,11-12,0.0,dry_bean_uci,dry_bean_uci,37,37
tuning_train,shil,4,111,11-13,0.0,dry_bean_uci,dry_bean_uci,37,37
tuning_train,shil,4,112,11-14,0.0,dry_bean_uci,dry_bean_uci,37,37
tuning_train,shil,4,113,11-15,0.0,dry_bean_uci,dry_bean_uci,37,37
tuning_train,shil,4,114,12-13,0.0,dry_bean_uci,dry_bean_uci,37,37
tuning_train,shil,4,115,12-14,0.0,dry_bean_uci,dry_bean_uci,37,37
tuning_train,shil,4,116,12-15,0.0,dry_bean_uci,dry_bean_uci,37,37
tuning_train,shil,4,117,13-14,0.0,dry_bean_uci,dry_bean_uci,37,37
tuning_train,shil,4,118,13-15,0.0,dry_bean_uci,dry_bean_uci,37,37
tuning_train,shil,4,119,14-15,0.0,dry_bean_uci,dry_bean_uci,37,37
tuning_train,shil,4,120,0-1-2,0.0,dry_bean_uci,dry_bean_uci,37,37
tuning_train,shil,4,121,0-1-3,0.0,dry_bean_uci,dry_bean_uci,37,37
tuning_train,shil,4,122,0-1-4,0.0,dry_bean_uci,dry_bean_uci,37,37
tuning_train,shil,4,123,0-1-5,0.0,dry_bean_uci,dry_bean_uci,37,37
tuning_train,shil,4,124,0-1-6,0.0,dry_bean_uci,dry_bean_uci,37,37
tuning_train,shil,4,125,0-1-7,0.0,dry_bean_uci,dry_bean_uci,37,37
tuning_train,shil,4,126,0-1-8,0.0,dry_bean_uci,dry_bean_uci,37,37
tuning_train,shil,4,127,0-1-9,0.0,dry_bean_uci,dry_bean_uci,37,37
tuning_train,shil,4,128,0-1-10,0.0,dry_bean_uci,dry_bean_uci,37,37
tuning_train,shil,4,129,0-1-11,0.0,dry_bean_uci,dry_bean_uci,37,37
tuning_train,shil,4,130,0-1-12,0.0,dry_bean_uci,dry_bean_uci,37,37
tuning_train,shil,4,131,0-1-13,0.0,dry_bean_uci,dry_bean_uci,37,37
tuning_train,shil,4,132,0-1-14,0.0,dry_bean_uci,dry_bean_uci,37,37
tuning_train,shil,4,133,0-1-15,0.0,dry_bean_uci,dry_bean_uci,37,37
tuning_train,shil,4,134,0-2-3,0.0,dry_bean_uci,dry_bean_uci,37,37
tuning_train,shil,4,135,0-2-4,0.0,dry_bean_uci,dry_bean_uci,37,37
tuning_train,shil,4,136,0-2-5,0.0,dry_bean_uci,dry_bean_uci,37,37
tuning_train,shil,4,137,0-2-6,0.0,dry_bean_uci,dry_bean_uci,37,37
tuning_train,shil,4,138,0-2-7,0.0,dry_bean_uci,dry_bean_uci,37,37
tuning_train,shil,4,139,0-2-8,0.0,dry_bean_uci,dry_bean_uci,37,37
tuning_train,shil,4,140,0-2-9,0.0,dry_bean_uci,dry_bean_uci,37,37
tuning_train,shil,4,141,0-2-10,0.0,dry_bean_uci,dry_bean_uci,37,37
tuning_train,shil,4,142,0-2-11,0.0,dry_bean_uci,dry_bean_uci,37,37
tuning_train,shil,4,143,0-2-12,0.0,dry_bean_uci,dry_bean_uci,37,37
tuning_train,shil,4,144,0-2-13,0.0,dry_bean_uci,dry_bean_uci,37,37
tuning_train,shil,4,145,0-2-14,0.0,dry_bean_uci,dry_bean_uci,37,37
tuning_train,shil,4,146,0-2-15,0.0,dry_bean_uci,dry_bean_uci,37,37
tuning_train,shil,4,147,0-3-4,0.0,dry_bean_uci,dry_bean_uci,37,37
tuning_train,shil,4,148,0-3-5,0.0,dry_bean_uci,dry_bean_uci,37,37
tuning_train,shil,4,149,0-3-6,0.0,dry_bean_uci,dry_bean_uci,37,37
tuning_train,shil,4,150,0-3-7,0.0,dry_bean_uci,dry_bean_uci,37,37
tuning_train,shil,4,151,0-3-8,0.0,dry_bean_uci,dry_bean_uci,37,37
tuning_train,shil,4,152,0-3-9,0.0,dry_bean_uci,dry_bean_uci,37,37
tuning_train,shil,4,153,0-3-10,0.0,dry_bean_uci,dry_bean_uci,37,37
tuning_train,shil,4,154,0-3-11,0.0,dry_bean_uci,dry_bean_uci,37,37
tuning_train,shil,4,155,0-3-12,0.0,dry_bean_uci,dry_bean_uci,37,37
tuning_train,shil,4,156,0-3-13,0.0,dry_bean_uci,dry_bean_uci,37,37
tuning_train,shil,4,157,0-3-14,0.0,dry_bean_uci,dry_bean_uci,37,37
tuning_train,shil,4,158,0-3-15,0.0,dry_bean_uci,dry_bean_uci,37,37
tuning_train,shil,4,159,0-4-5,0.0,dry_bean_uci,dry_bean_uci,37,37
tuning_train,shil,4,160,0-4-6,0.0,dry_bean_uci,dry_bean_uci,37,37
tuning_train,shil,4,161,0-4-7,0.0,dry_bean_uci,dry_bean_uci,37,37
tuning_train,shil,4,162,0-4-8,0.0,dry_bean_uci,dry_bean_uci,37,37
tuning_train,shil,4,163,0-4-9,0.0,dry_bean_uci,dry_bean_uci,37,37
tuning_train,shil,4,164,0-4-10,0.0,dry_bean_uci,dry_bean_uci,37,37
tuning_train,shil,4,165,0-4-11,0.0,dry_bean_uci,dry_bean_uci,37,37
tuning_train,shil,4,166,0-4-12,0.0,dry_bean_uci,dry_bean_uci,37,37
tuning_train,shil,4,167,0-4-13,0.0,dry_bean_uci,dry_bean_uci,37,37
tuning_train,shil,4,168,0-4-14,0.0,dry_bean_uci,dry_bean_uci,37,37
tuning_train,shil,4,169,0-4-15,0.0,dry_bean_uci,dry_bean_uci,37,37
tuning_train,shil,4,170,0-5-6,0.0,dry_bean_uci,dry_bean_uci,37,37
tuning_train,shil,4,171,0-5-7,0.0,dry_bean_uci,dry_bean_uci,37,37
tuning_train,shil,4,172,0-5-8,0.0,dry_bean_uci,dry_bean_uci,37,37
tuning_train,shil,4,173,0-5-9,0.0,dry_bean_uci,dry_bean_uci,37,37
tuning_train,shil,4,174,0-5-10,0.0,dry_bean_uci,dry_bean_uci,37,37
tuning_train,shil,4,175,0-5-11,0.0,dry_bean_uci,dry_bean_uci,37,37
tuning_train,shil,4,176,0-5-12,0.0,dry_bean_uci,dry_bean_uci,37,37
tuning_train,shil,4,177,0-5-13,0.0,dry_bean_uci,dry_bean_uci,37,37
tuning_train,shil,4,178,0-5-14,0.0,dry_bean_uci,dry_bean_uci,37,37
tuning_train,shil,4,179,0-5-15,0.0,dry_bean_uci,dry_bean_uci,37,37
tuning_train,shil,4,180,0-6-7,0.0,dry_bean_uci,dry_bean_uci,37,37
tuning_train,shil,4,181,0-6-8,0.0,dry_bean_uci,dry_bean_uci,37,37
tuning_train,shil,4,182,0-6-9,0.0,dry_bean_uci,dry_bean_uci,37,37
tuning_train,shil,4,183,0-6-10,0.0,dry_bean_uci,dry_bean_uci,37,37
tuning_train,shil,4,184,0-6-11,0.0,dry_bean_uci,dry_bean_uci,37,37
tuning_train,shil,4,185,0-6-12,0.0,dry_bean_uci,dry_bean_uci,37,37
tuning_train,shil,4,186,0-6-13,0.0,dry_bean_uci,dry_bean_uci,37,37
tuning_train,shil,4,187,0-6-14,0.0,dry_bean_uci,dry_bean_uci,37,37
tuning_train,shil,4,188,0-6-15,0.0,dry_bean_uci,dry_bean_uci,37,37
tuning_train,shil,4,189,0-7-8,0.0,dry_bean_uci,dry_bean_uci,37,37
tuning_train,shil,4,190,0-7-9,0.0,dry_bean_uci,dry_bean_uci,37,37
tuning_train,shil,4,191,0-7-10,0.0,dry_bean_uci,dry_bean_uci,37,37
tuning_train,shil,4,192,0-7-11,0.0,dry_bean_uci,dry_bean_uci,37,37
tuning_train,shil,4,193,0-7-12,0.0,dry_bean_uci,dry_bean_uci,37,37
tuning_train,shil,4,194,0-7-13,0.0,dry_bean_uci,dry_bean_uci,37,37
tuning_train,shil,4,195,0-7-14,0.0,dry_bean_uci,dry_bean_uci,37,37
tuning_train,shil,4,196,0-7-15,0.0,dry_bean_uci,dry_bean_uci,37,37
tuning_train,shil,4,197,0-8-9,0.0,dry_bean_uci,dry_bean_uci,37,37
tuning_train,shil,4,198,0-8-10,0.0,dry_bean_uci,dry_bean_uci,37,37
tuning_train,shil,4,199,0-8-11,0.0,dry_bean_uci,dry_bean_uci,37,37
tuning_train,shil,4,200,0-8-12,0.0,dry_bean_uci,dry_bean_uci,37,37
tuning_train,shil,4,201,0-8-13,0.0,dry_bean_uci,dry_bean_uci,37,37
tuning_train,shil,4,202,0-8-14,0.0,dry_bean_uci,dry_bean_uci,37,37
tuning_train,shil,4,203,0-8-15,0.0,dry_bean_uci,dry_bean_uci,37,37
tuning_train,shil,4,204,0-9-10,0.0,dry_bean_uci,dry_bean_uci,37,37
tuning_train,shil,4,205,0-9-11,0.0,dry_bean_uci,dry_bean_uci,37,37
tuning_train,shil,4,206,0-9-12,0.0,dry_bean_uci,dry_bean_uci,37,37
tuning_train,shil,4,207,0-9-13,0.0,dry_bean_uci,dry_bean_uci,37,37
tuning_train,shil,4,208,0-9-14,0.0,dry_bean_uci,dry_bean_uci,37,37
tuning_train,shil,4,209,0-9-15,0.0,dry_bean_uci,dry_bean_uci,37,37
tuning_train,shil,4,210,0-10-11,0.0,dry_bean_uci,dry_bean_uci,37,37
tuning_train,shil,4,211,0-10-12,0.0,dry_bean_uci,dry_bean_uci,37,37
tuning_train,shil,4,212,0-10-13,0.0,dry_bean_uci,dry_bean_uci,37,37
tuning_train,shil,4,213,0-10-14,0.0,dry_bean_uci,dry_bean_uci,37,37
tuning_train,shil,4,214,0-10-15,0.0,dry_bean_uci,dry_bean_uci,37,37
tuning_train,shil,4,215,0-11-12,0.0,dry_bean_uci,dry_bean_uci,37,37
tuning_train,shil,4,216,0-11-13,0.0,dry_bean_uci,dry_bean_uci,37,37
tuning_train,shil,4,217,0-11-14,0.0,dry_bean_uci,dry_bean_uci,37,37
tuning_train,shil,4,218,0-11-15,0.0,dry_bean_uci,dry_bean_uci,37,37
tuning_train,shil,4,219,0-12-13,0.0,dry_bean_uci,dry_bean_uci,37,37
tuning_train,shil,4,220,0-12-14,0.0,dry_bean_uci,dry_bean_uci,37,37
tuning_train,shil,4,221,0-12-15,0.0,dry_bean_uci,dry_bean_uci,37,37
tuning_train,shil,4,222,0-13-14,0.0,dry_bean_uci,dry_bean_uci,37,37
tuning_train,shil,4,223,0-13-15,0.0,dry_bean_uci,dry_bean_uci,37,37
tuning_train,shil,4,224,0-14-15,0.0,dry_bean_uci,dry_bean_uci,37,37
tuning_train,shil,4,225,1-2-3,0.0,dry_bean_uci,dry_bean_uci,37,37
tuning_train,shil,4,226,1-2-4,0.0,dry_bean_uci,dry_bean_uci,37,37
tuning_train,shil,4,227,1-2-5,0.0,dry_bean_uci,dry_bean_uci,37,37
tuning_train,shil,4,228,1-2-6,0.0,dry_bean_uci,dry_bean_uci,37,37
tuning_train,shil,4,229,1-2-7,0.0,dry_bean_uci,dry_bean_uci,37,37
tuning_train,shil,4,230,1-2-8,0.0,dry_bean_uci,dry_bean_uci,37,37
tuning_train,shil,4,231,1-2-9,0.0,dry_bean_uci,dry_bean_uci,37,37
tuning_train,shil,4,232,1-2-10,0.0,dry_bean_uci,dry_bean_uci,37,37
tuning_train,shil,4,233,1-2-11,0.0,dry_bean_uci,dry_bean_uci,37,37
tuning_train,shil,4,234,1-2-12,0.0,dry_bean_uci,dry_bean_uci,37,37
tuning_train,shil,4,235,1-2-13,0.0,dry_bean_uci,dry_bean_uci,37,37
tuning_train,shil,4,236,1-2-14,0.0,dry_bean_uci,dry_bean_uci,37,37
tuning_train,shil,4,237,1-2-15,0.0,dry_bean_uci,dry_bean_uci,37,37
tuning_train,shil,4,238,1-3-4,0.0,dry_bean_uci,dry_bean_uci,37,37
tuning_train,shil,4,239,1-3-5,0.0,dry_bean_uci,dry_bean_uci,37,37
tuning_train,shil,4,240,1-3-6,0.0,dry_bean_uci,dry_bean_uci,37,37
tuning_train,shil,4,241,1-3-7,0.0,dry_bean_uci,dry_bean_uci,37,37
tuning_train,shil,4,242,1-3-8,0.0,dry_bean_uci,dry_bean_uci,37,37
tuning_train,shil,4,243,1-3-9,0.0,dry_bean_uci,dry_bean_uci,37,37
tuning_train,shil,4,244,1-3-10,0.0,dry_bean_uci,dry_bean_uci,37,37
tuning_train,shil,4,245,1-3-11,0.0,dry_bean_uci,dry_bean_uci,37,37
tuning_train,shil,4,246,1-3-12,0.0,dry_bean_uci,dry_bean_uci,37,37
tuning_train,shil,4,247,1-3-13,0.0,dry_bean_uci,dry_bean_uci,37,37
tuning_train,shil,4,248,1-3-14,0.0,dry_bean_uci,dry_bean_uci,37,37
tuning_train,shil,4,249,1-3-15,0.0,dry_bean_uci,dry_bean_uci,37,37
tuning_train,shil,4,250,1-4-5,0.0,dry_bean_uci,dry_bean_uci,37,37
tuning_train,shil,4,251,1-4-6,0.0,dry_bean_uci,dry_bean_uci,37,37
tuning_train,shil,4,252,1-4-7,0.0,dry_bean_uci,dry_bean_uci,37,37
tuning_train,shil,4,253,1-4-8,0.0,dry_bean_uci,dry_bean_uci,37,37
tuning_train,shil,4,254,1-4-9,0.0,dry_bean_uci,dry_bean_uci,37,37
tuning_train,shil,4,255,1-4-10,0.0,dry_bean_uci,dry_bean_uci,37,37
tuning_train,shil,4,256,1-4-11,0.0,dry_bean_uci,dry_bean_uci,37,37
tuning_train,shil,4,257,1-4-12,0.0,dry_bean_uci,dry_bean_uci,37,37
tuning_train,shil,4,258,1-4-13,0.0,dry_bean_uci,dry_bean_uci,37,37
tuning_train,shil,4,259,1-4-14,0.0,dry_bean_uci,dry_bean_uci,37,37
tuning_train,shil,4,260,1-4-15,0.0,dry_bean_uci,dry_bean_uci,37,37
tuning_train,shil,4,261,1-5-6,0.0,dry_bean_uci,dry_bean_uci,37,37
tuning_train,shil,4,262,1-5-7,0.0,dry_bean_uci,dry_bean_uci,37,37
tuning_train,shil,4,263,1-5-8,0.0,dry_bean_uci,dry_bean_uci,37,37
tuning_train,shil,4,264,1-5-9,0.0,dry_bean_uci,dry_bean_uci,37,37
tuning_train,shil,4,265,1-5-10,0.0,dry_bean_uci,dry_bean_uci,37,37
tuning_train,shil,4,266,1-5-11,0.0,dry_bean_uci,dry_bean_uci,37,37
tuning_train,shil,4,267,1-5-12,0.0,dry_bean_uci,dry_bean_uci,37,37
tuning_train,shil,4,268,1-5-13,0.0,dry_bean_uci,dry_bean_uci,37,37
tuning_train,shil,4,269,1-5-14,0.0,dry_bean_uci,dry_bean_uci,37,37
tuning_train,shil,4,270,1-5-15,0.0,dry_bean_uci,dry_bean_uci,37,37
tuning_train,shil,4,271,1-6-7,0.0,dry_bean_uci,dry_bean_uci,37,37
tuning_train,shil,4,272,1-6-8,0.0,dry_bean_uci,dry_bean_uci,37,37
tuning_train,shil,4,273,1-6-9,0.0,dry_bean_uci,dry_bean_uci,37,37
tuning_train,shil,4,274,1-6-10,0.0,dry_bean_uci,dry_bean_uci,37,37
tuning_train,shil,4,275,1-6-11,0.0,dry_bean_uci,dry_bean_uci,37,37
tuning_train,shil,4,276,1-6-12,0.0,dry_bean_uci,dry_bean_uci,37,37
tuning_train,shil,4,277,1-6-13,0.0,dry_bean_uci,dry_bean_uci,37,37
tuning_train,shil,4,278,1-6-14,0.0,dry_bean_uci,dry_bean_uci,37,37
tuning_train,shil,4,279,1-6-15,0.0,dry_bean_uci,dry_bean_uci,37,37
tuning_train,shil,4,280,1-7-8,0.0,dry_bean_uci,dry_bean_uci,37,37
tuning_train,shil,4,281,1-7-9,0.0,dry_bean_uci,dry_bean_uci,37,37
tuning_train,shil,4,282,1-7-10,0.0,dry_bean_uci,dry_bean_uci,37,37
tuning_train,shil,4,283,1-7-11,0.0,dry_bean_uci,dry_bean_uci,37,37
tuning_train,shil,4,284,1-7-12,0.0,dry_bean_uci,dry_bean_uci,37,37
tuning_train,shil,4,285,1-7-13,0.0,dry_bean_uci,dry_bean_uci,37,37
tuning_train,shil,4,286,1-7-14,0.0,dry_bean_uci,dry_bean_uci,37,37
tuning_train,shil,4,287,1-7-15,0.0,dry_bean_uci,dry_bean_uci,37,37
tuning_train,shil,4,288,1-8-9,0.0,dry_bean_uci,dry_bean_uci,37,37
tuning_train,shil,4,289,1-8-10,0.0,dry_bean_uci,dry_bean_uci,37,37
tuning_train,shil,4,290,1-8-11,0.0,dry_bean_uci,dry_bean_uci,37,37
tuning_train,shil,4,291,1-8-12,0.0,dry_bean_uci,dry_bean_uci,37,37
tuning_train,shil,4,292,1-8-13,0.0,dry_bean_uci,dry_bean_uci,37,37
tuning_train,shil,4,293,1-8-14,0.0,dry_bean_uci,dry_bean_uci,37,37
tuning_train,shil,4,294,1-8-15,0.0,dry_bean_uci,dry_bean_uci,37,37
tuning_train,shil,4,295,1-9-10,0.15,dry_bean_uci,dry_bean_uci,37,37
tuning_train,shil,4,296,1-9-11,0.0,dry_bean_uci,dry_bean_uci,37,37
tuning_train,shil,4,297,1-9-12,0.0,dry_bean_uci,dry_bean_uci,37,37
tuning_train,shil,4,298,1-9-13,0.0,dry_bean_uci,dry_bean_uci,37,37
tuning_train,shil,4,299,1-9-14,0.0,dry_bean_uci,dry_bean_uci,37,37
tuning_train,shil,4,300,1-9-15,0.0,dry_bean_uci,dry_bean_uci,37,37
tuning_train,shil,4,301,1-10-11,0.0,dry_bean_uci,dry_bean_uci,37,37
tuning_train,shil,4,302,1-10-12,0.0,dry_bean_uci,dry_bean_uci,37,37
tuning_train,shil,4,303,1-10-13,0.0,dry_bean_uci,dry_bean_uci,37,37
tuning_train,shil,4,304,1-10-14,0.0,dry_bean_uci,dry_bean_uci,37,37
tuning_train,shil,4,305,1-10-15,0.0,dry_bean_uci,dry_bean_uci,37,37
tuning_train,shil,4,306,1-11-12,0.0,dry_bean_uci,dry_bean_uci,37,37
tuning_train,shil,4,307,1-11-13,0.0,dry_bean_uci,dry_bean_uci,37,37
tuning_train,shil,4,308,1-11-14,0.0,dry_bean_uci,dry_bean_uci,37,37
tuning_train,shil,4,309,1-11-15,0.0,dry_bean_uci,dry_bean_uci,37,37
tuning_train,shil,4,310,1-12-13,0.0,dry_bean_uci,dry_bean_uci,37,37
tuning_train,shil,4,311,1-12-14,0.0,dry_bean_uci,dry_bean_uci,37,37
tuning_train,shil,4,312,1-12-15,0.0,dry_bean_uci,dry_bean_uci,37,37
tuning_train,shil,4,313,1-13-14,0.0,dry_bean_uci,dry_bean_uci,37,37
tuning_train,shil,4,314,1-13-15,0.0,dry_bean_uci,dry_bean_uci,37,37
tuning_train,shil,4,315,1-14-15,0.0,dry_bean_uci,dry_bean_uci,37,37
tuning_train,shil,4,316,2-3-4,0.0,dry_bean_uci,dry_bean_uci,37,37
tuning_train,shil,4,317,2-3-5,0.0,dry_bean_uci,dry_bean_uci,37,37
tuning_train,shil,4,318,2-3-6,0.0,dry_bean_uci,dry_bean_uci,37,37
tuning_train,shil,4,319,2-3-7,0.0,dry_bean_uci,dry_bean_uci,37,37
tuning_train,shil,4,320,2-3-8,0.0,dry_bean_uci,dry_bean_uci,37,37
tuning_train,shil,4,321,2-3-9,0.0,dry_bean_uci,dry_bean_uci,37,37
tuning_train,shil,4,322,2-3-10,0.0,dry_bean_uci,dry_bean_uci,37,37
tuning_train,shil,4,323,2-3-11,0.0,dry_bean_uci,dry_bean_uci,37,37
tuning_train,shil,4,324,2-3-12,0.0,dry_bean_uci,dry_bean_uci,37,37
tuning_train,shil,4,325,2-3-13,0.0,dry_bean_uci,dry_bean_uci,37,37
tuning_train,shil,4,326,2-3-14,0.0,dry_bean_uci,dry_bean_uci,37,37
tuning_train,shil,4,327,2-3-15,0.0,dry_bean_uci,dry_bean_uci,37,37
tuning_train,shil,4,328,2-4-5,0.0,dry_bean_uci,dry_bean_uci,37,37
tuning_train,shil,4,329,2-4-6,0.0,dry_bean_uci,dry_bean_uci,37,37
tuning_train,shil,4,330,2-4-7,0.0,dry_bean_uci,dry_bean_uci,37,37
tuning_train,shil,4,331,2-4-8,0.0,dry_bean_uci,dry_bean_uci,37,37
tuning_train,shil,4,332,2-4-9,0.0,dry_bean_uci,dry_bean_uci,37,37
tuning_train,shil,4,333,2-4-10,0.0,dry_bean_uci,dry_bean_uci,37,37
tuning_train,shil,4,334,2-4-11,0.0,dry_bean_uci,dry_bean_uci,37,37
tuning_train,shil,4,335,2-4-12,0.0,dry_bean_uci,dry_bean_uci,37,37
tuning_train,shil,4,336,2-4-13,0.0,dry_bean_uci,dry_bean_uci,37,37
tuning_train,shil,4,337,2-4-14,0.0,dry_bean_uci,dry_bean_uci,37,37
tuning_train,shil,4,338,2-4-15,0.0,dry_bean_uci,dry_bean_uci,37,37
tuning_train,shil,4,339,2-5-6,0.0,dry_bean_uci,dry_bean_uci,37,37
tuning_train,shil,4,340,2-5-7,0.0,dry_bean_uci,dry_bean_uci,37,37
tuning_train,shil,4,341,2-5-8,0.0,dry_bean_uci,dry_bean_uci,37,37
tuning_train,shil,4,342,2-5-9,0.0,dry_bean_uci,dry_bean_uci,37,37
tuning_train,shil,4,343,2-5-10,0.0,dry_bean_uci,dry_bean_uci,37,37
tuning_train,shil,4,344,2-5-11,0.0,dry_bean_uci,dry_bean_uci,37,37
tuning_train,shil,4,345,2-5-12,0.0,dry_bean_uci,dry_bean_uci,37,37
tuning_train,shil,4,346,2-5-13,0.0,dry_bean_uci,dry_bean_uci,37,37
tuning_train,shil,4,347,2-5-14,0.0,dry_bean_uci,dry_bean_uci,37,37
tuning_train,shil,4,348,2-5-15,0.0,dry_bean_uci,dry_bean_uci,37,37
tuning_train,shil,4,349,2-6-7,0.0,dry_bean_uci,dry_bean_uci,37,37
tuning_train,shil,4,350,2-6-8,0.0,dry_bean_uci,dry_bean_uci,37,37
tuning_train,shil,4,351,2-6-9,0.0,dry_bean_uci,dry_bean_uci,37,37
tuning_train,shil,4,352,2-6-10,0.0,dry_bean_uci,dry_bean_uci,37,37
tuning_train,shil,4,353,2-6-11,0.0,dry_bean_uci,dry_bean_uci,37,37
tuning_train,shil,4,354,2-6-12,0.0,dry_bean_uci,dry_bean_uci,37,37
tuning_train,shil,4,355,2-6-13,0.0,dry_bean_uci,dry_bean_uci,37,37
tuning_train,shil,4,356,2-6-14,0.0,dry_bean_uci,dry_bean_uci,37,37
tuning_train,shil,4,357,2-6-15,0.0,dry_bean_uci,dry_bean_uci,37,37
tuning_train,shil,4,358,2-7-8,0.0,dry_bean_uci,dry_bean_uci,37,37
tuning_train,shil,4,359,2-7-9,0.0,dry_bean_uci,dry_bean_uci,37,37
tuning_train,shil,4,360,2-7-10,0.0,dry_bean_uci,dry_bean_uci,37,37
tuning_train,shil,4,361,2-7-11,0.0,dry_bean_uci,dry_bean_uci,37,37
tuning_train,shil,4,362,2-7-12,0.0,dry_bean_uci,dry_bean_uci,37,37
tuning_train,shil,4,363,2-7-13,0.0,dry_bean_uci,dry_bean_uci,37,37
tuning_train,shil,4,364,2-7-14,0.0,dry_bean_uci,dry_bean_uci,37,37
tuning_train,shil,4,365,2-7-15,0.0,dry_bean_uci,dry_bean_uci,37,37
tuning_train,shil,4,366,2-8-9,0.0,dry_bean_uci,dry_bean_uci,37,37
tuning_train,shil,4,367,2-8-10,0.0,dry_bean_uci,dry_bean_uci,37,37
tuning_train,shil,4,368,2-8-11,0.0,dry_bean_uci,dry_bean_uci,37,37
tuning_train,shil,4,369,2-8-12,0.0,dry_bean_uci,dry_bean_uci,37,37
tuning_train,shil,4,370,2-8-13,0.0,dry_bean_uci,dry_bean_uci,37,37
tuning_train,shil,4,371,2-8-14,0.0,dry_bean_uci,dry_bean_uci,37,37
tuning_train,shil,4,372,2-8-15,0.0,dry_bean_uci,dry_bean_uci,37,37
tuning_train,shil,4,373,2-9-10,0.0,dry_bean_uci,dry_bean_uci,37,37
tuning_train,shil,4,374,2-9-11,0.0,dry_bean_uci,dry_bean_uci,37,37
tuning_train,shil,4,375,2-9-12,0.0,dry_bean_uci,dry_bean_uci,37,37
tuning_train,shil,4,376,2-9-13,0.0,dry_bean_uci,dry_bean_uci,37,37
tuning_train,shil,4,377,2-9-14,0.0,dry_bean_uci,dry_bean_uci,37,37
tuning_train,shil,4,378,2-9-15,0.0,dry_bean_uci,dry_bean_uci,37,37
tuning_train,shil,4,379,2-10-11,0.0,dry_bean_uci,dry_bean_uci,37,37
tuning_train,shil,4,380,2-10-12,0.0,dry_bean_uci,dry_bean_uci,37,37
tuning_train,shil,4,381,2-10-13,0.0,dry_bean_uci,dry_bean_uci,37,37
tuning_train,shil,4,382,2-10-14,0.0,dry_bean_uci,dry_bean_uci,37,37
tuning_train,shil,4,383,2-10-15,0.0,dry_bean_uci,dry_bean_uci,37,37
tuning_train,shil,4,384,2-11-12,0.0,dry_bean_uci,dry_bean_uci,37,37
tuning_train,shil,4,385,2-11-13,0.0,dry_bean_uci,dry_bean_uci,37,37
tuning_train,shil,4,386,2-11-14,0.0,dry_bean_uci,dry_bean_uci,37,37
tuning_train,shil,4,387,2-11-15,0.0,dry_bean_uci,dry_bean_uci,37,37
tuning_train,shil,4,388,2-12-13,0.0,dry_bean_uci,dry_bean_uci,37,37
tuning_train,shil,4,389,2-12-14,0.0,dry_bean_uci,dry_bean_uci,37,37
tuning_train,shil,4,390,2-12-15,0.0,dry_bean_uci,dry_bean_uci,37,37
tuning_train,shil,4,391,2-13-14,0.0,dry_bean_uci,dry_bean_uci,37,37
tuning_train,shil,4,392,2-13-15,0.0,dry_bean_uci,dry_bean_uci,37,37
tuning_train,shil,4,393,2-14-15,0.0,dry_bean_uci,dry_bean_uci,37,37
tuning_train,shil,4,394,3-4-5,0.0,dry_bean_uci,dry_bean_uci,37,37
tuning_train,shil,4,395,3-4-6,0.0,dry_bean_uci,dry_bean_uci,37,37
tuning_train,shil,4,396,3-4-7,0.0,dry_bean_uci,dry_bean_uci,37,37
tuning_train,shil,4,397,3-4-8,0.0,dry_bean_uci,dry_bean_uci,37,37
tuning_train,shil,4,398,3-4-9,0.0,dry_bean_uci,dry_bean_uci,37,37
tuning_train,shil,4,399,3-4-10,0.0,dry_bean_uci,dry_bean_uci,37,37
tuning_train,shil,4,400,3-4-11,0.0,dry_bean_uci,dry_bean_uci,37,37
tuning_train,shil,4,401,3-4-12,0.0,dry_bean_uci,dry_bean_uci,37,37
tuning_train,shil,4,402,3-4-13,0.0,dry_bean_uci,dry_bean_uci,37,37
tuning_train,shil,4,403,3-4-14,0.0,dry_bean_uci,dry_bean_uci,37,37
tuning_train,shil,4,404,3-4-15,0.0,dry_bean_uci,dry_bean_uci,37,37
tuning_train,shil,4,405,3-5-6,0.0,dry_bean_uci,dry_bean_uci,37,37
tuning_train,shil,4,406,3-5-7,0.0,dry_bean_uci,dry_bean_uci,37,37
tuning_train,shil,4,407,3-5-8,0.0,dry_bean_uci,dry_bean_uci,37,37
tuning_train,shil,4,408,3-5-9,0.0,dry_bean_uci,dry_bean_uci,37,37
tuning_train,shil,4,409,3-5-10,0.0,dry_bean_uci,dry_bean_uci,37,37
tuning_train,shil,4,410,3-5-11,0.0,dry_bean_uci,dry_bean_uci,37,37
tuning_train,shil,4,411,3-5-12,0.0,dry_bean_uci,dry_bean_uci,37,37
tuning_train,shil,4,412,3-5-13,0.0,dry_bean_uci,dry_bean_uci,37,37
tuning_train,shil,4,413,3-5-14,0.0,dry_bean_uci,dry_bean_uci,37,37
tuning_train,shil,4,414,3-5-15,0.0,dry_bean_uci,dry_bean_uci,37,37
tuning_train,shil,4,415,3-6-7,0.0,dry_bean_uci,dry_bean_uci,37,37
tuning_train,shil,4,416,3-6-8,0.0,dry_bean_uci,dry_bean_uci,37,37
tuning_train,shil,4,417,3-6-9,0.0,dry_bean_uci,dry_bean_uci,37,37
tuning_train,shil,4,418,3-6-10,0.0,dry_bean_uci,dry_bean_uci,37,37
tuning_train,shil,4,419,3-6-11,0.0,dry_bean_uci,dry_bean_uci,37,37
tuning_train,shil,4,420,3-6-12,0.0,dry_bean_uci,dry_bean_uci,37,37
tuning_train,shil,4,421,3-6-13,0.0,dry_bean_uci,dry_bean_uci,37,37
tuning_train,shil,4,422,3-6-14,0.0,dry_bean_uci,dry_bean_uci,37,37
tuning_train,shil,4,423,3-6-15,0.0,dry_bean_uci,dry_bean_uci,37,37
tuning_train,shil,4,424,3-7-8,0.0,dry_bean_uci,dry_bean_uci,37,37
tuning_train,shil,4,425,3-7-9,0.0,dry_bean_uci,dry_bean_uci,37,37
tuning_train,shil,4,426,3-7-10,0.0,dry_bean_uci,dry_bean_uci,37,37
tuning_train,shil,4,427,3-7-11,0.0,dry_bean_uci,dry_bean_uci,37,37
tuning_train,shil,4,428,3-7-12,0.0,dry_bean_uci,dry_bean_uci,37,37
tuning_train,shil,4,429,3-7-13,0.0,dry_bean_uci,dry_bean_uci,37,37
tuning_train,shil,4,430,3-7-14,0.0,dry_bean_uci,dry_bean_uci,37,37
tuning_train,shil,4,431,3-7-15,0.0,dry_bean_uci,dry_bean_uci,37,37
tuning_train,shil,4,432,3-8-9,0.0,dry_bean_uci,dry_bean_uci,37,37
tuning_train,shil,4,433,3-8-10,0.0,dry_bean_uci,dry_bean_uci,37,37
tuning_train,shil,4,434,3-8-11,0.0,dry_bean_uci,dry_bean_uci,37,37
tuning_train,shil,4,435,3-8-12,0.0,dry_bean_uci,dry_bean_uci,37,37
tuning_train,shil,4,436,3-8-13,0.0,dry_bean_uci,dry_bean_uci,37,37
tuning_train,shil,4,437,3-8-14,0.0,dry_bean_uci,dry_bean_uci,37,37
tuning_train,shil,4,438,3-8-15,0.0,dry_bean_uci,dry_bean_uci,37,37
tuning_train,shil,4,439,3-9-10,0.0,dry_bean_uci,dry_bean_uci,37,37
tuning_train,shil,4,440,3-9-11,0.0,dry_bean_uci,dry_bean_uci,37,37
tuning_train,shil,4,441,3-9-12,0.0,dry_bean_uci,dry_bean_uci,37,37
tuning_train,shil,4,442,3-9-13,0.0,dry_bean_uci,dry_bean_uci,37,37
tuning_train,shil,4,443,3-9-14,0.0,dry_bean_uci,dry_bean_uci,37,37
tuning_train,shil,4,444,3-9-15,0.0,dry_bean_uci,dry_bean_uci,37,37
tuning_train,shil,4,445,3-10-11,0.0,dry_bean_uci,dry_bean_uci,37,37
tuning_train,shil,4,446,3-10-12,0.0,dry_bean_uci,dry_bean_uci,37,37
tuning_train,shil,4,447,3-10-13,0.0,dry_bean_uci,dry_bean_uci,37,37
tuning_train,shil,4,448,3-10-14,0.0,dry_bean_uci,dry_bean_uci,37,37
tuning_train,shil,4,449,3-10-15,0.0,dry_bean_uci,dry_bean_uci,37,37
tuning_train,shil,4,450,3-11-12,0.0,dry_bean_uci,dry_bean_uci,37,37
tuning_train,shil,4,451,3-11-13,0.0,dry_bean_uci,dry_bean_uci,37,37
tuning_train,shil,4,452,3-11-14,0.0,dry_bean_uci,dry_bean_uci,37,37
tuning_train,shil,4,453,3-11-15,0.0,dry_bean_uci,dry_bean_uci,37,37
tuning_train,shil,4,454,3-12-13,0.0,dry_bean_uci,dry_bean_uci,37,37
tuning_train,shil,4,455,3-12-14,0.0,dry_bean_uci,dry_bean_uci,37,37
tuning_train,shil,4,456,3-12-15,0.0,dry_bean_uci,dry_bean_uci,37,37
tuning_train,shil,4,457,3-13-14,0.0,dry_bean_uci,dry_bean_uci,37,37
tuning_train,shil,4,458,3-13-15,0.0,dry_bean_uci,dry_bean_uci,37,37
tuning_train,shil,4,459,3-14-15,0.0,dry_bean_uci,dry_bean_uci,37,37
tuning_train,shil,4,460,4-5-6,0.0,dry_bean_uci,dry_bean_uci,37,37
tuning_train,shil,4,461,4-5-7,0.0,dry_bean_uci,dry_bean_uci,37,37
tuning_train,shil,4,462,4-5-8,0.0,dry_bean_uci,dry_bean_uci,37,37
tuning_train,shil,4,463,4-5-9,0.0,dry_bean_uci,dry_bean_uci,37,37
tuning_train,shil,4,464,4-5-10,0.0,dry_bean_uci,dry_bean_uci,37,37
tuning_train,shil,4,465,4-5-11,0.0,dry_bean_uci,dry_bean_uci,37,37
tuning_train,shil,4,466,4-5-12,0.0,dry_bean_uci,dry_bean_uci,37,37
tuning_train,shil,4,467,4-5-13,0.0,dry_bean_uci,dry_bean_uci,37,37
tuning_train,shil,4,468,4-5-14,0.0,dry_bean_uci,dry_bean_uci,37,37
tuning_train,shil,4,469,4-5-15,0.0,dry_bean_uci,dry_bean_uci,37,37
tuning_train,shil,4,470,4-6-7,0.0,dry_bean_uci,dry_bean_uci,37,37
tuning_train,shil,4,471,4-6-8,0.0,dry_bean_uci,dry_bean_uci,37,37
tuning_train,shil,4,472,4-6-9,0.0,dry_bean_uci,dry_bean_uci,37,37
tuning_train,shil,4,473,4-6-10,0.0,dry_bean_uci,dry_bean_uci,37,37
tuning_train,shil,4,474,4-6-11,0.0,dry_bean_uci,dry_bean_uci,37,37
tuning_train,shil,4,475,4-6-12,0.0,dry_bean_uci,dry_bean_uci,37,37
tuning_train,shil,4,476,4-6-13,0.0,dry_bean_uci,dry_bean_uci,37,37
tuning_train,shil,4,477,4-6-14,0.0,dry_bean_uci,dry_bean_uci,37,37
tuning_train,shil,4,478,4-6-15,0.0,dry_bean_uci,dry_bean_uci,37,37
tuning_train,shil,4,479,4-7-8,0.0,dry_bean_uci,dry_bean_uci,37,37
tuning_train,shil,4,480,4-7-9,0.0,dry_bean_uci,dry_bean_uci,37,37
tuning_train,shil,4,481,4-7-10,0.0,dry_bean_uci,dry_bean_uci,37,37
tuning_train,shil,4,482,4-7-11,0.0,dry_bean_uci,dry_bean_uci,37,37
tuning_train,shil,4,483,4-7-12,0.0,dry_bean_uci,dry_bean_uci,37,37
tuning_train,shil,4,484,4-7-13,0.0,dry_bean_uci,dry_bean_uci,37,37
tuning_train,shil,4,485,4-7-14,0.0,dry_bean_uci,dry_bean_uci,37,37
tuning_train,shil,4,486,4-7-15,0.0,dry_bean_uci,dry_bean_uci,37,37
tuning_train,shil,4,487,4-8-9,0.0,dry_bean_uci,dry_bean_uci,37,37
tuning_train,shil,4,488,4-8-10,0.0,dry_bean_uci,dry_bean_uci,37,37
tuning_train,shil,4,489,4-8-11,0.0,dry_bean_uci,dry_bean_uci,37,37
tuning_train,shil,4,490,4-8-12,0.0,dry_bean_uci,dry_bean_uci,37,37
tuning_train,shil,4,491,4-8-13,0.0,dry_bean_uci,dry_bean_uci,37,37
tuning_train,shil,4,492,4-8-14,0.0,dry_bean_uci,dry_bean_uci,37,37
tuning_train,shil,4,493,4-8-15,0.0,dry_bean_uci,dry_bean_uci,37,37
tuning_train,shil,4,494,4-9-10,0.0,dry_bean_uci,dry_bean_uci,37,37
tuning_train,shil,4,495,4-9-11,0.0,dry_bean_uci,dry_bean_uci,37,37
tuning_train,shil,4,496,4-9-12,0.0,dry_bean_uci,dry_bean_uci,37,37
tuning_train,shil,4,497,4-9-13,0.0,dry_bean_uci,dry_bean_uci,37,37
tuning_train,shil,4,498,4-9-14,0.0,dry_bean_uci,dry_bean_uci,37,37
tuning_train,shil,4,499,4-9-15,0.0,dry_bean_uci,dry_bean_uci,37,37
tuning_train,shil,4,500,4-10-11,0.0,dry_bean_uci,dry_bean_uci,37,37
tuning_train,shil,4,501,4-10-12,0.0,dry_bean_uci,dry_bean_uci,37,37
tuning_train,shil,4,502,4-10-13,0.0,dry_bean_uci,dry_bean_uci,37,37
tuning_train,shil,4,503,4-10-14,0.0,dry_bean_uci,dry_bean_uci,37,37
tuning_train,shil,4,504,4-10-15,0.0,dry_bean_uci,dry_bean_uci,37,37
tuning_train,shil,4,505,4-11-12,0.0,dry_bean_uci,dry_bean_uci,37,37
tuning_train,shil,4,506,4-11-13,0.0,dry_bean_uci,dry_bean_uci,37,37
tuning_train,shil,4,507,4-11-14,0.0,dry_bean_uci,dry_bean_uci,37,37
tuning_train,shil,4,508,4-11-15,0.0,dry_bean_uci,dry_bean_uci,37,37
tuning_train,shil,4,509,4-12-13,0.0,dry_bean_uci,dry_bean_uci,37,37
tuning_train,shil,4,510,4-12-14,0.0,dry_bean_uci,dry_bean_uci,37,37
tuning_train,shil,4,511,4-12-15,0.0,dry_bean_uci,dry_bean_uci,37,37
tuning_train,shil,4,512,4-13-14,0.0,dry_bean_uci,dry_bean_uci,37,37
tuning_train,shil,4,513,4-13-15,0.0,dry_bean_uci,dry_bean_uci,37,37
tuning_train,shil,4,514,4-14-15,0.0,dry_bean_uci,dry_bean_uci,37,37
tuning_train,shil,4,515,5-6-7,0.0,dry_bean_uci,dry_bean_uci,37,37
tuning_train,shil,4,516,5-6-8,0.0,dry_bean_uci,dry_bean_uci,37,37
tuning_train,shil,4,517,5-6-9,0.0,dry_bean_uci,dry_bean_uci,37,37
tuning_train,shil,4,518,5-6-10,0.0,dry_bean_uci,dry_bean_uci,37,37
tuning_train,shil,4,519,5-6-11,0.0,dry_bean_uci,dry_bean_uci,37,37
tuning_train,shil,4,520,5-6-12,0.0,dry_bean_uci,dry_bean_uci,37,37
tuning_train,shil,4,521,5-6-13,0.0,dry_bean_uci,dry_bean_uci,37,37
tuning_train,shil,4,522,5-6-14,0.0,dry_bean_uci,dry_bean_uci,37,37
tuning_train,shil,4,523,5-6-15,0.0,dry_bean_uci,dry_bean_uci,37,37
tuning_train,shil,4,524,5-7-8,0.0,dry_bean_uci,dry_bean_uci,37,37
tuning_train,shil,4,525,5-7-9,0.0,dry_bean_uci,dry_bean_uci,37,37
tuning_train,shil,4,526,5-7-10,0.0,dry_bean_uci,dry_bean_uci,37,37
tuning_train,shil,4,527,5-7-11,0.0,dry_bean_uci,dry_bean_uci,37,37
tuning_train,shil,4,528,5-7-12,0.0,dry_bean_uci,dry_bean_uci,37,37
tuning_train,shil,4,529,5-7-13,0.0,dry_bean_uci,dry_bean_uci,37,37
tuning_train,shil,4,530,5-7-14,0.0,dry_bean_uci,dry_bean_uci,37,37
tuning_train,shil,4,531,5-7-15,0.0,dry_bean_uci,dry_bean_uci,37,37
tuning_train,shil,4,532,5-8-9,0.0,dry_bean_uci,dry_bean_uci,37,37
tuning_train,shil,4,533,5-8-10,0.0,dry_bean_uci,dry_bean_uci,37,37
tuning_train,shil,4,534,5-8-11,0.0,dry_bean_uci,dry_bean_uci,37,37
tuning_train,shil,4,535,5-8-12,0.0,dry_bean_uci,dry_bean_uci,37,37
tuning_train,shil,4,536,5-8-13,0.0,dry_bean_uci,dry_bean_uci,37,37
tuning_train,shil,4,537,5-8-14,0.0,dry_bean_uci,dry_bean_uci,37,37
tuning_train,shil,4,538,5-8-15,0.0,dry_bean_uci,dry_bean_uci,37,37
tuning_train,shil,4,539,5-9-10,0.0,dry_bean_uci,dry_bean_uci,37,37
tuning_train,shil,4,540,5-9-11,0.0,dry_bean_uci,dry_bean_uci,37,37
tuning_train,shil,4,541,5-9-12,0.0,dry_bean_uci,dry_bean_uci,37,37
tuning_train,shil,4,542,5-9-13,0.0,dry_bean_uci,dry_bean_uci,37,37
tuning_train,shil,4,543,5-9-14,0.0,dry_bean_uci,dry_bean_uci,37,37
tuning_train,shil,4,544,5-9-15,0.0,dry_bean_uci,dry_bean_uci,37,37
tuning_train,shil,4,545,5-10-11,0.0,dry_bean_uci,dry_bean_uci,37,37
tuning_train,shil,4,546,5-10-12,0.0,dry_bean_uci,dry_bean_uci,37,37
tuning_train,shil,4,547,5-10-13,0.0,dry_bean_uci,dry_bean_uci,37,37
tuning_train,shil,4,548,5-10-14,0.0,dry_bean_uci,dry_bean_uci,37,37
tuning_train,shil,4,549,5-10-15,0.0,dry_bean_uci,dry_bean_uci,37,37
tuning_train,shil,4,550,5-11-12,0.0,dry_bean_uci,dry_bean_uci,37,37
tuning_train,shil,4,551,5-11-13,0.0,dry_bean_uci,dry_bean_uci,37,37
tuning_train,shil,4,552,5-11-14,0.0,dry_bean_uci,dry_bean_uci,37,37
tuning_train,shil,4,553,5-11-15,0.0,dry_bean_uci,dry_bean_uci,37,37
tuning_train,shil,4,554,5-12-13,0.0,dry_bean_uci,dry_bean_uci,37,37
tuning_train,shil,4,555,5-12-14,0.0,dry_bean_uci,dry_bean_uci,37,37
tuning_train,shil,4,556,5-12-15,0.0,dry_bean_uci,dry_bean_uci,37,37
tuning_train,shil,4,557,5-13-14,0.0,dry_bean_uci,dry_bean_uci,37,37
tuning_train,shil,4,558,5-13-15,0.0,dry_bean_uci,dry_bean_uci,37,37
tuning_train,shil,4,559,5-14-15,0.0,dry_bean_uci,dry_bean_uci,37,37
tuning_train,shil,4,560,6-7-8,0.0,dry_bean_uci,dry_bean_uci,37,37
tuning_train,shil,4,561,6-7-9,0.0,dry_bean_uci,dry_bean_uci,37,37
tuning_train,shil,4,562,6-7-10,0.0,dry_bean_uci,dry_bean_uci,37,37
tuning_train,shil,4,563,6-7-11,0.0,dry_bean_uci,dry_bean_uci,37,37
tuning_train,shil,4,564,6-7-12,0.0,dry_bean_uci,dry_bean_uci,37,37
tuning_train,shil,4,565,6-7-13,0.0,dry_bean_uci,dry_bean_uci,37,37
tuning_train,shil,4,566,6-7-14,0.0,dry_bean_uci,dry_bean_uci,37,37
tuning_train,shil,4,567,6-7-15,0.0,dry_bean_uci,dry_bean_uci,37,37
tuning_train,shil,4,568,6-8-9,0.0,dry_bean_uci,dry_bean_uci,37,37
tuning_train,shil,4,569,6-8-10,0.0,dry_bean_uci,dry_bean_uci,37,37
tuning_train,shil,4,570,6-8-11,0.0,dry_bean_uci,dry_bean_uci,37,37
tuning_train,shil,4,571,6-8-12,0.0,dry_bean_uci,dry_bean_uci,37,37
tuning_train,shil,4,572,6-8-13,0.0,dry_bean_uci,dry_bean_uci,37,37
tuning_train,shil,4,573,6-8-14,0.0,dry_bean_uci,dry_bean_uci,37,37
tuning_train,shil,4,574,6-8-15,0.0,dry_bean_uci,dry_bean_uci,37,37
tuning_train,shil,4,575,6-9-10,0.0,dry_bean_uci,dry_bean_uci,37,37
tuning_train,shil,4,576,6-9-11,0.0,dry_bean_uci,dry_bean_uci,37,37
tuning_train,shil,4,577,6-9-12,0.0,dry_bean_uci,dry_bean_uci,37,37
tuning_train,shil,4,578,6-9-13,0.0,dry_bean_uci,dry_bean_uci,37,37
tuning_train,shil,4,579,6-9-14,0.0,dry_bean_uci,dry_bean_uci,37,37
tuning_train,shil,4,580,6-9-15,0.0,dry_bean_uci,dry_bean_uci,37,37
tuning_train,shil,4,581,6-10-11,0.0,dry_bean_uci,dry_bean_uci,37,37
tuning_train,shil,4,582,6-10-12,0.0,dry_bean_uci,dry_bean_uci,37,37
tuning_train,shil,4,583,6-10-13,0.0,dry_bean_uci,dry_bean_uci,37,37
tuning_train,shil,4,584,6-10-14,0.0,dry_bean_uci,dry_bean_uci,37,37
tuning_train,shil,4,585,6-10-15,0.0,dry_bean_uci,dry_bean_uci,37,37
tuning_train,shil,4,586,6-11-12,0.0,dry_bean_uci,dry_bean_uci,37,37
tuning_train,shil,4,587,6-11-13,0.0,dry_bean_uci,dry_bean_uci,37,37
tuning_train,shil,4,588,6-11-14,0.0,dry_bean_uci,dry_bean_uci,37,37
tuning_train,shil,4,589,6-11-15,0.0,dry_bean_uci,dry_bean_uci,37,37
tuning_train,shil,4,590,6-12-13,0.0,dry_bean_uci,dry_bean_uci,37,37
tuning_train,shil,4,591,6-12-14,0.0,dry_bean_uci,dry_bean_uci,37,37
tuning_train,shil,4,592,6-12-15,0.0,dry_bean_uci,dry_bean_uci,37,37
tuning_train,shil,4,593,6-13-14,0.0,dry_bean_uci,dry_bean_uci,37,37
tuning_train,shil,4,594,6-13-15,0.0,dry_bean_uci,dry_bean_uci,37,37
tuning_train,shil,4,595,6-14-15,0.0,dry_bean_uci,dry_bean_uci,37,37
tuning_train,shil,4,596,7-8-9,0.0,dry_bean_uci,dry_bean_uci,37,37
tuning_train,shil,4,597,7-8-10,0.0,dry_bean_uci,dry_bean_uci,37,37
tuning_train,shil,4,598,7-8-11,0.0,dry_bean_uci,dry_bean_uci,37,37
tuning_train,shil,4,599,7-8-12,0.0,dry_bean_uci,dry_bean_uci,37,37
tuning_train,shil,4,600,7-8-13,0.0,dry_bean_uci,dry_bean_uci,37,37
tuning_train,shil,4,601,7-8-14,0.0,dry_bean_uci,dry_bean_uci,37,37
tuning_train,shil,4,602,7-8-15,0.0,dry_bean_uci,dry_bean_uci,37,37
tuning_train,shil,4,603,7-9-10,0.0,dry_bean_uci,dry_bean_uci,37,37
tuning_train,shil,4,604,7-9-11,0.0,dry_bean_uci,dry_bean_uci,37,37
tuning_train,shil,4,605,7-9-12,0.0,dry_bean_uci,dry_bean_uci,37,37
tuning_train,shil,4,606,7-9-13,0.0,dry_bean_uci,dry_bean_uci,37,37
tuning_train,shil,4,607,7-9-14,0.0,dry_bean_uci,dry_bean_uci,37,37
tuning_train,shil,4,608,7-9-15,0.0,dry_bean_uci,dry_bean_uci,37,37
tuning_train,shil,4,609,7-10-11,0.0,dry_bean_uci,dry_bean_uci,37,37
tuning_train,shil,4,610,7-10-12,0.0,dry_bean_uci,dry_bean_uci,37,37
tuning_train,shil,4,611,7-10-13,0.0,dry_bean_uci,dry_bean_uci,37,37
tuning_train,shil,4,612,7-10-14,0.0,dry_bean_uci,dry_bean_uci,37,37
tuning_train,shil,4,613,7-10-15,0.0,dry_bean_uci,dry_bean_uci,37,37
tuning_train,shil,4,614,7-11-12,0.0,dry_bean_uci,dry_bean_uci,37,37
tuning_train,shil,4,615,7-11-13,0.0,dry_bean_uci,dry_bean_uci,37,37
tuning_train,shil,4,616,7-11-14,0.0,dry_bean_uci,dry_bean_uci,37,37
tuning_train,shil,4,617,7-11-15,0.0,dry_bean_uci,dry_bean_uci,37,37
tuning_train,shil,4,618,7-12-13,0.0,dry_bean_uci,dry_bean_uci,37,37
tuning_train,shil,4,619,7-12-14,0.0,dry_bean_uci,dry_bean_uci,37,37
tuning_train,shil,4,620,7-12-15,0.0,dry_bean_uci,dry_bean_uci,37,37
tuning_train,shil,4,621,7-13-14,0.0,dry_bean_uci,dry_bean_uci,37,37
tuning_train,shil,4,622,7-13-15,0.0,dry_bean_uci,dry_bean_uci,37,37
tuning_train,shil,4,623,7-14-15,0.0,dry_bean_uci,dry_bean_uci,37,37
tuning_train,shil,4,624,8-9-10,0.0,dry_bean_uci,dry_bean_uci,37,37
tuning_train,shil,4,625,8-9-11,0.0,dry_bean_uci,dry_bean_uci,37,37
tuning_train,shil,4,626,8-9-12,0.0,dry_bean_uci,dry_bean_uci,37,37
tuning_train,shil,4,627,8-9-13,0.0,dry_bean_uci,dry_bean_uci,37,37
tuning_train,shil,4,628,8-9-14,0.0,dry_bean_uci,dry_bean_uci,37,37
tuning_train,shil,4,629,8-9-15,0.0,dry_bean_uci,dry_bean_uci,37,37
tuning_train,shil,4,630,8-10-11,0.0,dry_bean_uci,dry_bean_uci,37,37
tuning_train,shil,4,631,8-10-12,0.0,dry_bean_uci,dry_bean_uci,37,37
tuning_train,shil,4,632,8-10-13,0.0,dry_bean_uci,dry_bean_uci,37,37
tuning_train,shil,4,633,8-10-14,0.0,dry_bean_uci,dry_bean_uci,37,37
tuning_train,shil,4,634,8-10-15,0.0,dry_bean_uci,dry_bean_uci,37,37
tuning_train,shil,4,635,8-11-12,0.0,dry_bean_uci,dry_bean_uci,37,37
tuning_train,shil,4,636,8-11-13,0.0,dry_bean_uci,dry_bean_uci,37,37
tuning_train,shil,4,637,8-11-14,0.0,dry_bean_uci,dry_bean_uci,37,37
tuning_train,shil,4,638,8-11-15,0.0,dry_bean_uci,dry_bean_uci,37,37
tuning_train,shil,4,639,8-12-13,0.0,dry_bean_uci,dry_bean_uci,37,37
tuning_train,shil,4,640,8-12-14,0.0,dry_bean_uci,dry_bean_uci,37,37
tuning_train,shil,4,641,8-12-15,0.0,dry_bean_uci,dry_bean_uci,37,37
tuning_train,shil,4,642,8-13-14,0.0,dry_bean_uci,dry_bean_uci,37,37
tuning_train,shil,4,643,8-13-15,0.0,dry_bean_uci,dry_bean_uci,37,37
tuning_train,shil,4,644,8-14-15,0.0,dry_bean_uci,dry_bean_uci,37,37
tuning_train,shil,4,645,9-10-11,0.0,dry_bean_uci,dry_bean_uci,37,37
tuning_train,shil,4,646,9-10-12,0.225,dry_bean_uci,dry_bean_uci,37,37
tuning_train,shil,4,647,9-10-13,0.0,dry_bean_uci,dry_bean_uci,37,37
tuning_train,shil,4,648,9-10-14,0.0,dry_bean_uci,dry_bean_uci,37,37
tuning_train,shil,4,649,9-10-15,0.025,dry_bean_uci,dry_bean_uci,37,37
tuning_train,shil,4,650,9-11-12,0.0,dry_bean_uci,dry_bean_uci,37,37
tuning_train,shil,4,651,9-11-13,0.0,dry_bean_uci,dry_bean_uci,37,37
tuning_train,shil,4,652,9-11-14,0.0,dry_bean_uci,dry_bean_uci,37,37
tuning_train,shil,4,653,9-11-15,0.0,dry_bean_uci,dry_bean_uci,37,37
tuning_train,shil,4,654,9-12-13,0.0,dry_bean_uci,dry_bean_uci,37,37
tuning_train,shil,4,655,9-12-14,0.0,dry_bean_uci,dry_bean_uci,37,37
tuning_train,shil,4,656,9-12-15,0.0,dry_bean_uci,dry_bean_uci,37,37
tuning_train,shil,4,657,9-13-14,0.0,dry_bean_uci,dry_bean_uci,37,37
tuning_train,shil,4,658,9-13-15,0.0,dry_bean_uci,dry_bean_uci,37,37
tuning_train,shil,4,659,9-14-15,0.0,dry_bean_uci,dry_bean_uci,37,37
tuning_train,shil,4,660,10-11-12,0.0,dry_bean_uci,dry_bean_uci,37,37
tuning_train,shil,4,661,10-11-13,0.0,dry_bean_uci,dry_bean_uci,37,37
tuning_train,shil,4,662,10-11-14,0.0,dry_bean_uci,dry_bean_uci,37,37
tuning_train,shil,4,663,10-11-15,0.0,dry_bean_uci,dry_bean_uci,37,37
tuning_train,shil,4,664,10-12-13,0.0,dry_bean_uci,dry_bean_uci,37,37
tuning_train,shil,4,665,10-12-14,0.0,dry_bean_uci,dry_bean_uci,37,37
tuning_train,shil,4,666,10-12-15,0.0,dry_bean_uci,dry_bean_uci,37,37
tuning_train,shil,4,667,10-13-14,0.0,dry_bean_uci,dry_bean_uci,37,37
tuning_train,shil,4,668,10-13-15,0.0,dry_bean_uci,dry_bean_uci,37,37
tuning_train,shil,4,669,10-14-15,0.0,dry_bean_uci,dry_bean_uci,37,37
tuning_train,shil,4,670,11-12-13,0.0,dry_bean_uci,dry_bean_uci,37,37
tuning_train,shil,4,671,11-12-14,0.0,dry_bean_uci,dry_bean_uci,37,37
tuning_train,shil,4,672,11-12-15,0.0,dry_bean_uci,dry_bean_uci,37,37
tuning_train,shil,4,673,11-13-14,0.0,dry_bean_uci,dry_bean_uci,37,37
tuning_train,shil,4,674,11-13-15,0.0,dry_bean_uci,dry_bean_uci,37,37
tuning_train,shil,4,675,11-14-15,0.0,dry_bean_uci,dry_bean_uci,37,37
tuning_train,shil,4,676,12-13-14,0.0,dry_bean_uci,dry_bean_uci,37,37
tuning_train,shil,4,677,12-13-15,0.0,dry_bean_uci,dry_bean_uci,37,37
tuning_train,shil,4,678,12-14-15,0.0,dry_bean_uci,dry_bean_uci,37,37
tuning_train,shil,4,679,13-14-15,0.0,dry_bean_uci,dry_bean_uci,37,37
tuning_train,shil,8,0,0-1,0.0,dry_bean_uci,dry_bean_uci,37,37
tuning_train,shil,8,1,0-2,0.0,dry_bean_uci,dry_bean_uci,37,37
tuning_train,shil,8,2,0-3,0.0,dry_bean_uci,dry_bean_uci,37,37
tuning_train,shil,8,3,0-4,0.0,dry_bean_uci,dry_bean_uci,37,37
tuning_train,shil,8,4,0-5,0.0,dry_bean_uci,dry_bean_uci,37,37
tuning_train,shil,8,5,0-6,0.0,dry_bean_uci,dry_bean_uci,37,37
tuning_train,shil,8,6,0-7,0.0,dry_bean_uci,dry_bean_uci,37,37
tuning_train,shil,8,7,0-8,0.0,dry_bean_uci,dry_bean_uci,37,37
tuning_train,shil,8,8,0-9,0.0,dry_bean_uci,dry_bean_uci,37,37
tuning_train,shil,8,9,0-10,0.0,dry_bean_uci,dry_bean_uci,37,37
tuning_train,shil,8,10,0-11,0.0,dry_bean_uci,dry_bean_uci,37,37
tuning_train,shil,8,11,0-12,0.9,dry_bean_uci,dry_bean_uci,37,37
tuning_train,shil,8,12,0-13,0.0,dry_bean_uci,dry_bean_uci,37,37
tuning_train,shil,8,13,0-14,0.0,dry_bean_uci,dry_bean_uci,37,37
tuning_train,shil,8,14,0-15,0.0,dry_bean_uci,dry_bean_uci,37,37
tuning_train,shil,8,15,1-2,0.0,dry_bean_uci,dry_bean_uci,37,37
tuning_train,shil,8,16,1-3,0.0,dry_bean_uci,dry_bean_uci,37,37
tuning_train,shil,8,17,1-4,0.0,dry_bean_uci,dry_bean_uci,37,37
tuning_train,shil,8,18,1-5,0.0,dry_bean_uci,dry_bean_uci,37,37
tuning_train,shil,8,19,1-6,0.0,dry_bean_uci,dry_bean_uci,37,37
tuning_train,shil,8,20,1-7,0.0,dry_bean_uci,dry_bean_uci,37,37
tuning_train,shil,8,21,1-8,0.0,dry_bean_uci,dry_bean_uci,37,37
tuning_train,shil,8,22,1-9,0.0,dry_bean_uci,dry_bean_uci,37,37
tuning_train,shil,8,23,1-10,0.0,dry_bean_uci,dry_bean_uci,37,37
tuning_train,shil,8,24,1-11,0.0,dry_bean_uci,dry_bean_uci,37,37
tuning_train,shil,8,25,1-12,0.975,dry_bean_uci,dry_bean_uci,37,37
tuning_train,shil,8,26,1-13,0.0,dry_bean_uci,dry_bean_uci,37,37
tuning_train,shil,8,27,1-14,0.0,dry_bean_uci,dry_bean_uci,37,37
tuning_train,shil,8,28,1-15,0.0,dry_bean_uci,dry_bean_uci,37,37
tuning_train,shil,8,29,2-3,0.0,dry_bean_uci,dry_bean_uci,37,37
tuning_train,shil,8,30,2-4,0.0,dry_bean_uci,dry_bean_uci,37,37
tuning_train,shil,8,31,2-5,0.0,dry_bean_uci,dry_bean_uci,37,37
tuning_train,shil,8,32,2-6,0.0,dry_bean_uci,dry_bean_uci,37,37
tuning_train,shil,8,33,2-7,0.0,dry_bean_uci,dry_bean_uci,37,37
tuning_train,shil,8,34,2-8,0.0,dry_bean_uci,dry_bean_uci,37,37
tuning_train,shil,8,35,2-9,0.0,dry_bean_uci,dry_bean_uci,37,37
tuning_train,shil,8,36,2-10,0.0,dry_bean_uci,dry_bean_uci,37,37
tuning_train,shil,8,37,2-11,0.0,dry_bean_uci,dry_bean_uci,37,37
tuning_train,shil,8,38,2-12,0.0,dry_bean_uci,dry_bean_uci,37,37
tuning_train,shil,8,39,2-13,0.0,dry_bean_uci,dry_bean_uci,37,37
tuning_train,shil,8,40,2-14,0.0,dry_bean_uci,dry_bean_uci,37,37
tuning_train,shil,8,41,2-15,0.0,dry_bean_uci,dry_bean_uci,37,37
tuning_train,shil,8,42,3-4,0.0,dry_bean_uci,dry_bean_uci,37,37
tuning_train,shil,8,43,3-5,0.0,dry_bean_uci,dry_bean_uci,37,37
tuning_train,shil,8,44,3-6,0.0,dry_bean_uci,dry_bean_uci,37,37
tuning_train,shil,8,45,3-7,0.0,dry_bean_uci,dry_bean_uci,37,37
tuning_train,shil,8,46,3-8,0.0,dry_bean_uci,dry_bean_uci,37,37
tuning_train,shil,8,47,3-9,0.0,dry_bean_uci,dry_bean_uci,37,37
tuning_train,shil,8,48,3-10,0.425,dry_bean_uci,dry_bean_uci,37,37
tuning_train,shil,8,49,3-11,0.0,dry_bean_uci,dry_bean_uci,37,37
tuning_train,shil,8,50,3-12,1.0,dry_bean_uci,dry_bean_uci,37,37
tuning_train,shil,8,51,3-13,0.0,dry_bean_uci,dry_bean_uci,37,37
tuning_train,shil,8,52,3-14,0.0,dry_bean_uci,dry_bean_uci,37,37
tuning_train,shil,8,53,3-15,0.0,dry_bean_uci,dry_bean_uci,37,37
tuning_train,shil,8,54,4-5,0.0,dry_bean_uci,dry_bean_uci,37,37
tuning_train,shil,8,55,4-6,0.0,dry_bean_uci,dry_bean_uci,37,37
tuning_train,shil,8,56,4-7,0.0,dry_bean_uci,dry_bean_uci,37,37
tuning_train,shil,8,57,4-8,0.0,dry_bean_uci,dry_bean_uci,37,37
tuning_train,shil,8,58,4-9,0.0,dry_bean_uci,dry_bean_uci,37,37
tuning_train,shil,8,59,4-10,0.0,dry_bean_uci,dry_bean_uci,37,37
tuning_train,shil,8,60,4-11,0.0,dry_bean_uci,dry_bean_uci,37,37
tuning_train,shil,8,61,4-12,0.0,dry_bean_uci,dry_bean_uci,37,37
tuning_train,shil,8,62,4-13,0.0,dry_bean_uci,dry_bean_uci,37,37
tuning_train,shil,8,63,4-14,0.0,dry_bean_uci,dry_bean_uci,37,37
tuning_train,shil,8,64,4-15,0.0,dry_bean_uci,dry_bean_uci,37,37
tuning_train,shil,8,65,5-6,0.0,dry_bean_uci,dry_bean_uci,37,37
tuning_train,shil,8,66,5-7,0.0,dry_bean_uci,dry_bean_uci,37,37
tuning_train,shil,8,67,5-8,0.0,dry_bean_uci,dry_bean_uci,37,37
tuning_train,shil,8,68,5-9,0.0,dry_bean_uci,dry_bean_uci,37,37
tuning_train,shil,8,69,5-10,0.0,dry_bean_uci,dry_bean_uci,37,37
tuning_train,shil,8,70,5-11,0.0,dry_bean_uci,dry_bean_uci,37,37
tuning_train,shil,8,71,5-12,0.0,dry_bean_uci,dry_bean_uci,37,37
tuning_train,shil,8,72,5-13,0.0,dry_bean_uci,dry_bean_uci,37,37
tuning_train,shil,8,73,5-14,0.0,dry_bean_uci,dry_bean_uci,37,37
tuning_train,shil,8,74,5-15,0.0,dry_bean_uci,dry_bean_uci,37,37
tuning_train,shil,8,75,6-7,0.0,dry_bean_uci,dry_bean_uci,37,37
tuning_train,shil,8,76,6-8,0.0,dry_bean_uci,dry_bean_uci,37,37
tuning_train,shil,8,77,6-9,0.0,dry_bean_uci,dry_bean_uci,37,37
tuning_train,shil,8,78,6-10,0.0,dry_bean_uci,dry_bean_uci,37,37
tuning_train,shil,8,79,6-11,0.0,dry_bean_uci,dry_bean_uci,37,37
tuning_train,shil,8,80,6-12,1.0,dry_bean_uci,dry_bean_uci,37,37
tuning_train,shil,8,81,6-13,0.0,dry_bean_uci,dry_bean_uci,37,37
tuning_train,shil,8,82,6-14,0.0,dry_bean_uci,dry_bean_uci,37,37
tuning_train,shil,8,83,6-15,0.0,dry_bean_uci,dry_bean_uci,37,37
tuning_train,shil,8,84,7-8,0.0,dry_bean_uci,dry_bean_uci,37,37
tuning_train,shil,8,85,7-9,0.0,dry_bean_uci,dry_bean_uci,37,37
tuning_train,shil,8,86,7-10,0.0,dry_bean_uci,dry_bean_uci,37,37
tuning_train,shil,8,87,7-11,0.0,dry_bean_uci,dry_bean_uci,37,37
tuning_train,shil,8,88,7-12,0.3,dry_bean_uci,dry_bean_uci,37,37
tuning_train,shil,8,89,7-13,0.0,dry_bean_uci,dry_bean_uci,37,37
tuning_train,shil,8,90,7-14,0.0,dry_bean_uci,dry_bean_uci,37,37
tuning_train,shil,8,91,7-15,0.0,dry_bean_uci,dry_bean_uci,37,37
tuning_train,shil,8,92,8-9,0.0,dry_bean_uci,dry_bean_uci,37,37
tuning_train,shil,8,93,8-10,0.025,dry_bean_uci,dry_bean_uci,37,37
tuning_train,shil,8,94,8-11,0.0,dry_bean_uci,dry_bean_uci,37,37
tuning_train,shil,8,95,8-12,0.0,dry_bean_uci,dry_bean_uci,37,37
tuning_train,shil,8,96,8-13,0.0,dry_bean_uci,dry_bean_uci,37,37
tuning_train,shil,8,97,8-14,0.0,dry_bean_uci,dry_bean_uci,37,37
tuning_train,shil,8,98,8-15,0.0,dry_bean_uci,dry_bean_uci,37,37
tuning_train,shil,8,99,9-10,0.4,dry_bean_uci,dry_bean_uci,37,37
tuning_train,shil,8,100,9-11,0.0,dry_bean_uci,dry_bean_uci,37,37
tuning_train,shil,8,101,9-12,0.1,dry_bean_uci,dry_bean_uci,37,37
tuning_train,shil,8,102,9-13,0.0,dry_bean_uci,dry_bean_uci,37,37
tuning_train,shil,8,103,9-14,0.0,dry_bean_uci,dry_bean_uci,37,37
tuning_train,shil,8,104,9-15,0.1,dry_bean_uci,dry_bean_uci,37,37
tuning_train,shil,8,105,10-11,0.0,dry_bean_uci,dry_bean_uci,37,37
tuning_train,shil,8,106,10-12,1.0,dry_bean_uci,dry_bean_uci,37,37
tuning_train,shil,8,107,10-13,0.25,dry_bean_uci,dry_bean_uci,37,37
tuning_train,shil,8,108,10-14,0.0,dry_bean_uci,dry_bean_uci,37,37
tuning_train,shil,8,109,10-15,0.6,dry_bean_uci,dry_bean_uci,37,37
tuning_train,shil,8,110,11-12,0.0,dry_bean_uci,dry_bean_uci,37,37
tuning_train,shil,8,111,11-13,0.0,dry_bean_uci,dry_bean_uci,37,37
tuning_train,shil,8,112,11-14,0.0,dry_bean_uci,dry_bean_uci,37,37
tuning_train,shil,8,113,11-15,0.0,dry_bean_uci,dry_bean_uci,37,37
tuning_train,shil,8,114,12-13,0.0,dry_bean_uci,dry_bean_uci,37,37
tuning_train,shil,8,115,12-14,0.0,dry_bean_uci,dry_bean_uci,37,37
tuning_train,shil,8,116,12-15,0.0,dry_bean_uci,dry_bean_uci,37,37
tuning_train,shil,8,117,13-14,0.0,dry_bean_uci,dry_bean_uci,37,37
tuning_train,shil,8,118,13-15,0.0,dry_bean_uci,dry_bean_uci,37,37
tuning_train,shil,8,119,14-15,0.0,dry_bean_uci,dry_bean_uci,37,37
tuning_train,shil,8,120,0-1-2,0.0,dry_bean_uci,dry_bean_uci,37,37
tuning_train,shil,8,121,0-1-3,0.0,dry_bean_uci,dry_bean_uci,37,37
tuning_train,shil,8,122,0-1-4,0.0,dry_bean_uci,dry_bean_uci,37,37
tuning_train,shil,8,123,0-1-5,0.0,dry_bean_uci,dry_bean_uci,37,37
tuning_train,shil,8,124,0-1-6,0.0,dry_bean_uci,dry_bean_uci,37,37
tuning_train,shil,8,125,0-1-7,0.0,dry_bean_uci,dry_bean_uci,37,37
tuning_train,shil,8,126,0-1-8,0.0,dry_bean_uci,dry_bean_uci,37,37
tuning_train,shil,8,127,0-1-9,0.0,dry_bean_uci,dry_bean_uci,37,37
tuning_train,shil,8,128,0-1-10,0.0,dry_bean_uci,dry_bean_uci,37,37
tuning_train,shil,8,129,0-1-11,0.0,dry_bean_uci,dry_bean_uci,37,37
tuning_train,shil,8,130,0-1-12,0.0,dry_bean_uci,dry_bean_uci,37,37
tuning_train,shil,8,131,0-1-13,0.0,dry_bean_uci,dry_bean_uci,37,37
tuning_train,shil,8,132,0-1-14,0.0,dry_bean_uci,dry_bean_uci,37,37
tuning_train,shil,8,133,0-1-15,0.0,dry_bean_uci,dry_bean_uci,37,37
tuning_train,shil,8,134,0-2-3,0.0,dry_bean_uci,dry_bean_uci,37,37
tuning_train,shil,8,135,0-2-4,0.0,dry_bean_uci,dry_bean_uci,37,37
tuning_train,shil,8,136,0-2-5,0.0,dry_bean_uci,dry_bean_uci,37,37
tuning_train,shil,8,137,0-2-6,0.0,dry_bean_uci,dry_bean_uci,37,37
tuning_train,shil,8,138,0-2-7,0.0,dry_bean_uci,dry_bean_uci,37,37
tuning_train,shil,8,139,0-2-8,0.0,dry_bean_uci,dry_bean_uci,37,37
tuning_train,shil,8,140,0-2-9,0.0,dry_bean_uci,dry_bean_uci,37,37
tuning_train,shil,8,141,0-2-10,0.0,dry_bean_uci,dry_bean_uci,37,37
tuning_train,shil,8,142,0-2-11,0.0,dry_bean_uci,dry_bean_uci,37,37
tuning_train,shil,8,143,0-2-12,0.0,dry_bean_uci,dry_bean_uci,37,37
tuning_train,shil,8,144,0-2-13,0.0,dry_bean_uci,dry_bean_uci,37,37
tuning_train,shil,8,145,0-2-14,0.0,dry_bean_uci,dry_bean_uci,37,37
tuning_train,shil,8,146,0-2-15,0.0,dry_bean_uci,dry_bean_uci,37,37
tuning_train,shil,8,147,0-3-4,0.0,dry_bean_uci,dry_bean_uci,37,37
tuning_train,shil,8,148,0-3-5,0.0,dry_bean_uci,dry_bean_uci,37,37
tuning_train,shil,8,149,0-3-6,0.0,dry_bean_uci,dry_bean_uci,37,37
tuning_train,shil,8,150,0-3-7,0.0,dry_bean_uci,dry_bean_uci,37,37
tuning_train,shil,8,151,0-3-8,0.0,dry_bean_uci,dry_bean_uci,37,37
tuning_train,shil,8,152,0-3-9,0.0,dry_bean_uci,dry_bean_uci,37,37
tuning_train,shil,8,153,0-3-10,0.0,dry_bean_uci,dry_bean_uci,37,37
tuning_train,shil,8,154,0-3-11,0.0,dry_bean_uci,dry_bean_uci,37,37
tuning_train,shil,8,155,0-3-12,0.0,dry_bean_uci,dry_bean_uci,37,37
tuning_train,shil,8,156,0-3-13,0.0,dry_bean_uci,dry_bean_uci,37,37
tuning_train,shil,8,157,0-3-14,0.0,dry_bean_uci,dry_bean_uci,37,37
tuning_train,shil,8,158,0-3-15,0.0,dry_bean_uci,dry_bean_uci,37,37
tuning_train,shil,8,159,0-4-5,0.0,dry_bean_uci,dry_bean_uci,37,37
tuning_train,shil,8,160,0-4-6,0.0,dry_bean_uci,dry_bean_uci,37,37
tuning_train,shil,8,161,0-4-7,0.0,dry_bean_uci,dry_bean_uci,37,37
tuning_train,shil,8,162,0-4-8,0.0,dry_bean_uci,dry_bean_uci,37,37
tuning_train,shil,8,163,0-4-9,0.0,dry_bean_uci,dry_bean_uci,37,37
tuning_train,shil,8,164,0-4-10,0.0,dry_bean_uci,dry_bean_uci,37,37
tuning_train,shil,8,165,0-4-11,0.0,dry_bean_uci,dry_bean_uci,37,37
tuning_train,shil,8,166,0-4-12,0.0,dry_bean_uci,dry_bean_uci,37,37
tuning_train,shil,8,167,0-4-13,0.0,dry_bean_uci,dry_bean_uci,37,37
tuning_train,shil,8,168,0-4-14,0.0,dry_bean_uci,dry_bean_uci,37,37
tuning_train,shil,8,169,0-4-15,0.0,dry_bean_uci,dry_bean_uci,37,37
tuning_train,shil,8,170,0-5-6,0.0,dry_bean_uci,dry_bean_uci,37,37
tuning_train,shil,8,171,0-5-7,0.0,dry_bean_uci,dry_bean_uci,37,37
tuning_train,shil,8,172,0-5-8,0.0,dry_bean_uci,dry_bean_uci,37,37
tuning_train,shil,8,173,0-5-9,0.0,dry_bean_uci,dry_bean_uci,37,37
tuning_train,shil,8,174,0-5-10,0.0,dry_bean_uci,dry_bean_uci,37,37
tuning_train,shil,8,175,0-5-11,0.0,dry_bean_uci,dry_bean_uci,37,37
tuning_train,shil,8,176,0-5-12,0.0,dry_bean_uci,dry_bean_uci,37,37
tuning_train,shil,8,177,0-5-13,0.0,dry_bean_uci,dry_bean_uci,37,37
tuning_train,shil,8,178,0-5-14,0.0,dry_bean_uci,dry_bean_uci,37,37
tuning_train,shil,8,179,0-5-15,0.0,dry_bean_uci,dry_bean_uci,37,37
tuning_train,shil,8,180,0-6-7,0.0,dry_bean_uci,dry_bean_uci,37,37
tuning_train,shil,8,181,0-6-8,0.0,dry_bean_uci,dry_bean_uci,37,37
tuning_train,shil,8,182,0-6-9,0.0,dry_bean_uci,dry_bean_uci,37,37
tuning_train,shil,8,183,0-6-10,0.0,dry_bean_uci,dry_bean_uci,37,37
tuning_train,shil,8,184,0-6-11,0.0,dry_bean_uci,dry_bean_uci,37,37
tuning_train,shil,8,185,0-6-12,0.0,dry_bean_uci,dry_bean_uci,37,37
tuning_train,shil,8,186,0-6-13,0.0,dry_bean_uci,dry_bean_uci,37,37
tuning_train,shil,8,187,0-6-14,0.0,dry_bean_uci,dry_bean_uci,37,37
tuning_train,shil,8,188,0-6-15,0.0,dry_bean_uci,dry_bean_uci,37,37
tuning_train,shil,8,189,0-7-8,0.0,dry_bean_uci,dry_bean_uci,37,37
tuning_train,shil,8,190,0-7-9,0.0,dry_bean_uci,dry_bean_uci,37,37
tuning_train,shil,8,191,0-7-10,0.0,dry_bean_uci,dry_bean_uci,37,37
tuning_train,shil,8,192,0-7-11,0.0,dry_bean_uci,dry_bean_uci,37,37
tuning_train,shil,8,193,0-7-12,0.0,dry_bean_uci,dry_bean_uci,37,37
tuning_train,shil,8,194,0-7-13,0.0,dry_bean_uci,dry_bean_uci,37,37
tuning_train,shil,8,195,0-7-14,0.0,dry_bean_uci,dry_bean_uci,37,37
tuning_train,shil,8,196,0-7-15,0.0,dry_bean_uci,dry_bean_uci,37,37
tuning_train,shil,8,197,0-8-9,0.0,dry_bean_uci,dry_bean_uci,37,37
tuning_train,shil,8,198,0-8-10,0.0,dry_bean_uci,dry_bean_uci,37,37
tuning_train,shil,8,199,0-8-11,0.0,dry_bean_uci,dry_bean_uci,37,37
tuning_train,shil,8,200,0-8-12,0.0,dry_bean_uci,dry_bean_uci,37,37
tuning_train,shil,8,201,0-8-13,0.0,dry_bean_uci,dry_bean_uci,37,37
tuning_train,shil,8,202,0-8-14,0.0,dry_bean_uci,dry_bean_uci,37,37
tuning_train,shil,8,203,0-8-15,0.0,dry_bean_uci,dry_bean_uci,37,37
tuning_train,shil,8,204,0-9-10,0.0,dry_bean_uci,dry_bean_uci,37,37
tuning_train,shil,8,205,0-9-11,0.0,dry_bean_uci,dry_bean_uci,37,37
tuning_train,shil,8,206,0-9-12,0.0,dry_bean_uci,dry_bean_uci,37,37
tuning_train,shil,8,207,0-9-13,0.0,dry_bean_uci,dry_bean_uci,37,37
tuning_train,shil,8,208,0-9-14,0.0,dry_bean_uci,dry_bean_uci,37,37
tuning_train,shil,8,209,0-9-15,0.0,dry_bean_uci,dry_bean_uci,37,37
tuning_train,shil,8,210,0-10-11,0.0,dry_bean_uci,dry_bean_uci,37,37
tuning_train,shil,8,211,0-10-12,0.0,dry_bean_uci,dry_bean_uci,37,37
tuning_train,shil,8,212,0-10-13,0.0,dry_bean_uci,dry_bean_uci,37,37
tuning_train,shil,8,213,0-10-14,0.0,dry_bean_uci,dry_bean_uci,37,37
tuning_train,shil,8,214,0-10-15,0.0,dry_bean_uci,dry_bean_uci,37,37
tuning_train,shil,8,215,0-11-12,0.0,dry_bean_uci,dry_bean_uci,37,37
tuning_train,shil,8,216,0-11-13,0.0,dry_bean_uci,dry_bean_uci,37,37
tuning_train,shil,8,217,0-11-14,0.0,dry_bean_uci,dry_bean_uci,37,37
tuning_train,shil,8,218,0-11-15,0.0,dry_bean_uci,dry_bean_uci,37,37
tuning_train,shil,8,219,0-12-13,0.0,dry_bean_uci,dry_bean_uci,37,37
tuning_train,shil,8,220,0-12-14,0.0,dry_bean_uci,dry_bean_uci,37,37
tuning_train,shil,8,221,0-12-15,0.0,dry_bean_uci,dry_bean_uci,37,37
tuning_train,shil,8,222,0-13-14,0.0,dry_bean_uci,dry_bean_uci,37,37
tuning_train,shil,8,223,0-13-15,0.0,dry_bean_uci,dry_bean_uci,37,37
tuning_train,shil,8,224,0-14-15,0.0,dry_bean_uci,dry_bean_uci,37,37
tuning_train,shil,8,225,1-2-3,0.0,dry_bean_uci,dry_bean_uci,37,37
tuning_train,shil,8,226,1-2-4,0.0,dry_bean_uci,dry_bean_uci,37,37
tuning_train,shil,8,227,1-2-5,0.0,dry_bean_uci,dry_bean_uci,37,37
tuning_train,shil,8,228,1-2-6,0.0,dry_bean_uci,dry_bean_uci,37,37
tuning_train,shil,8,229,1-2-7,0.0,dry_bean_uci,dry_bean_uci,37,37
tuning_train,shil,8,230,1-2-8,0.0,dry_bean_uci,dry_bean_uci,37,37
tuning_train,shil,8,231,1-2-9,0.0,dry_bean_uci,dry_bean_uci,37,37
tuning_train,shil,8,232,1-2-10,0.0,dry_bean_uci,dry_bean_uci,37,37
tuning_train,shil,8,233,1-2-11,0.0,dry_bean_uci,dry_bean_uci,37,37
tuning_train,shil,8,234,1-2-12,0.0,dry_bean_uci,dry_bean_uci,37,37
tuning_train,shil,8,235,1-2-13,0.0,dry_bean_uci,dry_bean_uci,37,37
tuning_train,shil,8,236,1-2-14,0.0,dry_bean_uci,dry_bean_uci,37,37
tuning_train,shil,8,237,1-2-15,0.0,dry_bean_uci,dry_bean_uci,37,37
tuning_train,shil,8,238,1-3-4,0.0,dry_bean_uci,dry_bean_uci,37,37
tuning_train,shil,8,239,1-3-5,0.0,dry_bean_uci,dry_bean_uci,37,37
tuning_train,shil,8,240,1-3-6,0.0,dry_bean_uci,dry_bean_uci,37,37
tuning_train,shil,8,241,1-3-7,0.0,dry_bean_uci,dry_bean_uci,37,37
tuning_train,shil,8,242,1-3-8,0.0,dry_bean_uci,dry_bean_uci,37,37
tuning_train,shil,8,243,1-3-9,0.0,dry_bean_uci,dry_bean_uci,37,37
tuning_train,shil,8,244,1-3-10,0.0,dry_bean_uci,dry_bean_uci,37,37
tuning_train,shil,8,245,1-3-11,0.0,dry_bean_uci,dry_bean_uci,37,37
tuning_train,shil,8,246,1-3-12,0.0,dry_bean_uci,dry_bean_uci,37,37
tuning_train,shil,8,247,1-3-13,0.0,dry_bean_uci,dry_bean_uci,37,37
tuning_train,shil,8,248,1-3-14,0.0,dry_bean_uci,dry_bean_uci,37,37
tuning_train,shil,8,249,1-3-15,0.0,dry_bean_uci,dry_bean_uci,37,37
tuning_train,shil,8,250,1-4-5,0.0,dry_bean_uci,dry_bean_uci,37,37
tuning_train,shil,8,251,1-4-6,0.0,dry_bean_uci,dry_bean_uci,37,37
tuning_train,shil,8,252,1-4-7,0.0,dry_bean_uci,dry_bean_uci,37,37
tuning_train,shil,8,253,1-4-8,0.0,dry_bean_uci,dry_bean_uci,37,37
tuning_train,shil,8,254,1-4-9,0.0,dry_bean_uci,dry_bean_uci,37,37
tuning_train,shil,8,255,1-4-10,0.0,dry_bean_uci,dry_bean_uci,37,37
tuning_train,shil,8,256,1-4-11,0.0,dry_bean_uci,dry_bean_uci,37,37
tuning_train,shil,8,257,1-4-12,0.0,dry_bean_uci,dry_bean_uci,37,37
tuning_train,shil,8,258,1-4-13,0.0,dry_bean_uci,dry_bean_uci,37,37
tuning_train,shil,8,259,1-4-14,0.0,dry_bean_uci,dry_bean_uci,37,37
tuning_train,shil,8,260,1-4-15,0.0,dry_bean_uci,dry_bean_uci,37,37
tuning_train,shil,8,261,1-5-6,0.0,dry_bean_uci,dry_bean_uci,37,37
tuning_train,shil,8,262,1-5-7,0.0,dry_bean_uci,dry_bean_uci,37,37
tuning_train,shil,8,263,1-5-8,0.0,dry_bean_uci,dry_bean_uci,37,37
tuning_train,shil,8,264,1-5-9,0.0,dry_bean_uci,dry_bean_uci,37,37
tuning_train,shil,8,265,1-5-10,0.0,dry_bean_uci,dry_bean_uci,37,37
tuning_train,shil,8,266,1-5-11,0.0,dry_bean_uci,dry_bean_uci,37,37
tuning_train,shil,8,267,1-5-12,0.0,dry_bean_uci,dry_bean_uci,37,37
tuning_train,shil,8,268,1-5-13,0.0,dry_bean_uci,dry_bean_uci,37,37
tuning_train,shil,8,269,1-5-14,0.0,dry_bean_uci,dry_bean_uci,37,37
tuning_train,shil,8,270,1-5-15,0.0,dry_bean_uci,dry_bean_uci,37,37
tuning_train,shil,8,271,1-6-7,0.0,dry_bean_uci,dry_bean_uci,37,37
tuning_train,shil,8,272,1-6-8,0.0,dry_bean_uci,dry_bean_uci,37,37
tuning_train,shil,8,273,1-6-9,0.0,dry_bean_uci,dry_bean_uci,37,37
tuning_train,shil,8,274,1-6-10,0.0,dry_bean_uci,dry_bean_uci,37,37
tuning_train,shil,8,275,1-6-11,0.0,dry_bean_uci,dry_bean_uci,37,37
tuning_train,shil,8,276,1-6-12,0.0,dry_bean_uci,dry_bean_uci,37,37
tuning_train,shil,8,277,1-6-13,0.0,dry_bean_uci,dry_bean_uci,37,37
tuning_train,shil,8,278,1-6-14,0.0,dry_bean_uci,dry_bean_uci,37,37
tuning_train,shil,8,279,1-6-15,0.0,dry_bean_uci,dry_bean_uci,37,37
tuning_train,shil,8,280,1-7-8,0.0,dry_bean_uci,dry_bean_uci,37,37
tuning_train,shil,8,281,1-7-9,0.0,dry_bean_uci,dry_bean_uci,37,37
tuning_train,shil,8,282,1-7-10,0.0,dry_bean_uci,dry_bean_uci,37,37
tuning_train,shil,8,283,1-7-11,0.0,dry_bean_uci,dry_bean_uci,37,37
tuning_train,shil,8,284,1-7-12,0.0,dry_bean_uci,dry_bean_uci,37,37
tuning_train,shil,8,285,1-7-13,0.0,dry_bean_uci,dry_bean_uci,37,37
tuning_train,shil,8,286,1-7-14,0.0,dry_bean_uci,dry_bean_uci,37,37
tuning_train,shil,8,287,1-7-15,0.0,dry_bean_uci,dry_bean_uci,37,37
tuning_train,shil,8,288,1-8-9,0.0,dry_bean_uci,dry_bean_uci,37,37
tuning_train,shil,8,289,1-8-10,0.0,dry_bean_uci,dry_bean_uci,37,37
tuning_train,shil,8,290,1-8-11,0.0,dry_bean_uci,dry_bean_uci,37,37
tuning_train,shil,8,291,1-8-12,0.0,dry_bean_uci,dry_bean_uci,37,37
tuning_train,shil,8,292,1-8-13,0.0,dry_bean_uci,dry_bean_uci,37,37
tuning_train,shil,8,293,1-8-14,0.0,dry_bean_uci,dry_bean_uci,37,37
tuning_train,shil,8,294,1-8-15,0.0,dry_bean_uci,dry_bean_uci,37,37
tuning_train,shil,8,295,1-9-10,0.3,dry_bean_uci,dry_bean_uci,37,37
tuning_train,shil,8,296,1-9-11,0.0,dry_bean_uci,dry_bean_uci,37,37
tuning_train,shil,8,297,1-9-12,0.0,dry_bean_uci,dry_bean_uci,37,37
tuning_train,shil,8,298,1-9-13,0.0,dry_bean_uci,dry_bean_uci,37,37
tuning_train,shil,8,299,1-9-14,0.0,dry_bean_uci,dry_bean_uci,37,37
tuning_train,shil,8,300,1-9-15,0.0,dry_bean_uci,dry_bean_uci,37,37
tuning_train,shil,8,301,1-10-11,0.0,dry_bean_uci,dry_bean_uci,37,37
tuning_train,shil,8,302,1-10-12,0.0,dry_bean_uci,dry_bean_uci,37,37
tuning_train,shil,8,303,1-10-13,0.0,dry_bean_uci,dry_bean_uci,37,37
tuning_train,shil,8,304,1-10-14,0.0,dry_bean_uci,dry_bean_uci,37,37
tuning_train,shil,8,305,1-10-15,0.0,dry_bean_uci,dry_bean_uci,37,37
tuning_train,shil,8,306,1-11-12,0.0,dry_bean_uci,dry_bean_uci,37,37
tuning_train,shil,8,307,1-11-13,0.0,dry_bean_uci,dry_bean_uci,37,37
tuning_train,shil,8,308,1-11-14,0.0,dry_bean_uci,dry_bean_uci,37,37
tuning_train,shil,8,309,1-11-15,0.0,dry_bean_uci,dry_bean_uci,37,37
tuning_train,shil,8,310,1-12-13,0.0,dry_bean_uci,dry_bean_uci,37,37
tuning_train,shil,8,311,1-12-14,0.0,dry_bean_uci,dry_bean_uci,37,37
tuning_train,shil,8,312,1-12-15,0.0,dry_bean_uci,dry_bean_uci,37,37
tuning_train,shil,8,313,1-13-14,0.0,dry_bean_uci,dry_bean_uci,37,37
tuning_train,shil,8,314,1-13-15,0.0,dry_bean_uci,dry_bean_uci,37,37
tuning_train,shil,8,315,1-14-15,0.0,dry_bean_uci,dry_bean_uci,37,37
tuning_train,shil,8,316,2-3-4,0.0,dry_bean_uci,dry_bean_uci,37,37
tuning_train,shil,8,317,2-3-5,0.0,dry_bean_uci,dry_bean_uci,37,37
tuning_train,shil,8,318,2-3-6,0.0,dry_bean_uci,dry_bean_uci,37,37
tuning_train,shil,8,319,2-3-7,0.0,dry_bean_uci,dry_bean_uci,37,37
tuning_train,shil,8,320,2-3-8,0.0,dry_bean_uci,dry_bean_uci,37,37
tuning_train,shil,8,321,2-3-9,0.0,dry_bean_uci,dry_bean_uci,37,37
tuning_train,shil,8,322,2-3-10,0.0,dry_bean_uci,dry_bean_uci,37,37
tuning_train,shil,8,323,2-3-11,0.0,dry_bean_uci,dry_bean_uci,37,37
tuning_train,shil,8,324,2-3-12,0.0,dry_bean_uci,dry_bean_uci,37,37
tuning_train,shil,8,325,2-3-13,0.0,dry_bean_uci,dry_bean_uci,37,37
tuning_train,shil,8,326,2-3-14,0.0,dry_bean_uci,dry_bean_uci,37,37
tuning_train,shil,8,327,2-3-15,0.0,dry_bean_uci,dry_bean_uci,37,37
tuning_train,shil,8,328,2-4-5,0.0,dry_bean_uci,dry_bean_uci,37,37
tuning_train,shil,8,329,2-4-6,0.0,dry_bean_uci,dry_bean_uci,37,37
tuning_train,shil,8,330,2-4-7,0.0,dry_bean_uci,dry_bean_uci,37,37
tuning_train,shil,8,331,2-4-8,0.0,dry_bean_uci,dry_bean_uci,37,37
tuning_train,shil,8,332,2-4-9,0.0,dry_bean_uci,dry_bean_uci,37,37
tuning_train,shil,8,333,2-4-10,0.0,dry_bean_uci,dry_bean_uci,37,37
tuning_train,shil,8,334,2-4-11,0.0,dry_bean_uci,dry_bean_uci,37,37
tuning_train,shil,8,335,2-4-12,0.0,dry_bean_uci,dry_bean_uci,37,37
tuning_train,shil,8,336,2-4-13,0.0,dry_bean_uci,dry_bean_uci,37,37
tuning_train,shil,8,337,2-4-14,0.0,dry_bean_uci,dry_bean_uci,37,37
tuning_train,shil,8,338,2-4-15,0.0,dry_bean_uci,dry_bean_uci,37,37
tuning_train,shil,8,339,2-5-6,0.0,dry_bean_uci,dry_bean_uci,37,37
tuning_train,shil,8,340,2-5-7,0.0,dry_bean_uci,dry_bean_uci,37,37
tuning_train,shil,8,341,2-5-8,0.0,dry_bean_uci,dry_bean_uci,37,37
tuning_train,shil,8,342,2-5-9,0.0,dry_bean_uci,dry_bean_uci,37,37
tuning_train,shil,8,343,2-5-10,0.0,dry_bean_uci,dry_bean_uci,37,37
tuning_train,shil,8,344,2-5-11,0.0,dry_bean_uci,dry_bean_uci,37,37
tuning_train,shil,8,345,2-5-12,0.0,dry_bean_uci,dry_bean_uci,37,37
tuning_train,shil,8,346,2-5-13,0.0,dry_bean_uci,dry_bean_uci,37,37
tuning_train,shil,8,347,2-5-14,0.0,dry_bean_uci,dry_bean_uci,37,37
tuning_train,shil,8,348,2-5-15,0.0,dry_bean_uci,dry_bean_uci,37,37
tuning_train,shil,8,349,2-6-7,0.0,dry_bean_uci,dry_bean_uci,37,37
tuning_train,shil,8,350,2-6-8,0.0,dry_bean_uci,dry_bean_uci,37,37
tuning_train,shil,8,351,2-6-9,0.0,dry_bean_uci,dry_bean_uci,37,37
tuning_train,shil,8,352,2-6-10,0.0,dry_bean_uci,dry_bean_uci,37,37
tuning_train,shil,8,353,2-6-11,0.0,dry_bean_uci,dry_bean_uci,37,37
tuning_train,shil,8,354,2-6-12,0.0,dry_bean_uci,dry_bean_uci,37,37
tuning_train,shil,8,355,2-6-13,0.0,dry_bean_uci,dry_bean_uci,37,37
tuning_train,shil,8,356,2-6-14,0.0,dry_bean_uci,dry_bean_uci,37,37
tuning_train,shil,8,357,2-6-15,0.0,dry_bean_uci,dry_bean_uci,37,37
tuning_train,shil,8,358,2-7-8,0.0,dry_bean_uci,dry_bean_uci,37,37
tuning_train,shil,8,359,2-7-9,0.0,dry_bean_uci,dry_bean_uci,37,37
tuning_train,shil,8,360,2-7-10,0.0,dry_bean_uci,dry_bean_uci,37,37
tuning_train,shil,8,361,2-7-11,0.0,dry_bean_uci,dry_bean_uci,37,37
tuning_train,shil,8,362,2-7-12,0.0,dry_bean_uci,dry_bean_uci,37,37
tuning_train,shil,8,363,2-7-13,0.0,dry_bean_uci,dry_bean_uci,37,37
tuning_train,shil,8,364,2-7-14,0.0,dry_bean_uci,dry_bean_uci,37,37
tuning_train,shil,8,365,2-7-15,0.0,dry_bean_uci,dry_bean_uci,37,37
tuning_train,shil,8,366,2-8-9,0.0,dry_bean_uci,dry_bean_uci,37,37
tuning_train,shil,8,367,2-8-10,0.0,dry_bean_uci,dry_bean_uci,37,37
tuning_train,shil,8,368,2-8-11,0.0,dry_bean_uci,dry_bean_uci,37,37
tuning_train,shil,8,369,2-8-12,0.0,dry_bean_uci,dry_bean_uci,37,37
tuning_train,shil,8,370,2-8-13,0.0,dry_bean_uci,dry_bean_uci,37,37
tuning_train,shil,8,371,2-8-14,0.0,dry_bean_uci,dry_bean_uci,37,37
tuning_train,shil,8,372,2-8-15,0.0,dry_bean_uci,dry_bean_uci,37,37
tuning_train,shil,8,373,2-9-10,0.0,dry_bean_uci,dry_bean_uci,37,37
tuning_train,shil,8,374,2-9-11,0.0,dry_bean_uci,dry_bean_uci,37,37
tuning_train,shil,8,375,2-9-12,0.0,dry_bean_uci,dry_bean_uci,37,37
tuning_train,shil,8,376,2-9-13,0.0,dry_bean_uci,dry_bean_uci,37,37
tuning_train,shil,8,377,2-9-14,0.0,dry_bean_uci,dry_bean_uci,37,37
tuning_train,shil,8,378,2-9-15,0.0,dry_bean_uci,dry_bean_uci,37,37
tuning_train,shil,8,379,2-10-11,0.0,dry_bean_uci,dry_bean_uci,37,37
tuning_train,shil,8,380,2-10-12,0.0,dry_bean_uci,dry_bean_uci,37,37
tuning_train,shil,8,381,2-10-13,0.0,dry_bean_uci,dry_bean_uci,37,37
tuning_train,shil,8,382,2-10-14,0.0,dry_bean_uci,dry_bean_uci,37,37
tuning_train,shil,8,383,2-10-15,0.0,dry_bean_uci,dry_bean_uci,37,37
tuning_train,shil,8,384,2-11-12,0.0,dry_bean_uci,dry_bean_uci,37,37
tuning_train,shil,8,385,2-11-13,0.0,dry_bean_uci,dry_bean_uci,37,37
tuning_train,shil,8,386,2-11-14,0.0,dry_bean_uci,dry_bean_uci,37,37
tuning_train,shil,8,387,2-11-15,0.0,dry_bean_uci,dry_bean_uci,37,37
tuning_train,shil,8,388,2-12-13,0.0,dry_bean_uci,dry_bean_uci,37,37
tuning_train,shil,8,389,2-12-14,0.0,dry_bean_uci,dry_bean_uci,37,37
tuning_train,shil,8,390,2-12-15,0.0,dry_bean_uci,dry_bean_uci,37,37
tuning_train,shil,8,391,2-13-14,0.0,dry_bean_uci,dry_bean_uci,37,37
tuning_train,shil,8,392,2-13-15,0.0,dry_bean_uci,dry_bean_uci,37,37
tuning_train,shil,8,393,2-14-15,0.0,dry_bean_uci,dry_bean_uci,37,37
tuning_train,shil,8,394,3-4-5,0.0,dry_bean_uci,dry_bean_uci,37,37
tuning_train,shil,8,395,3-4-6,0.0,dry_bean_uci,dry_bean_uci,37,37
tuning_train,shil,8,396,3-4-7,0.0,dry_bean_uci,dry_bean_uci,37,37
tuning_train,shil,8,397,3-4-8,0.0,dry_bean_uci,dry_bean_uci,37,37
tuning_train,shil,8,398,3-4-9,0.0,dry_bean_uci,dry_bean_uci,37,37
tuning_train,shil,8,399,3-4-10,0.0,dry_bean_uci,dry_bean_uci,37,37
tuning_train,shil,8,400,3-4-11,0.0,dry_bean_uci,dry_bean_uci,37,37
tuning_train,shil,8,401,3-4-12,0.0,dry_bean_uci,dry_bean_uci,37,37
tuning_train,shil,8,402,3-4-13,0.0,dry_bean_uci,dry_bean_uci,37,37
tuning_train,shil,8,403,3-4-14,0.0,dry_bean_uci,dry_bean_uci,37,37
tuning_train,shil,8,404,3-4-15,0.0,dry_bean_uci,dry_bean_uci,37,37
tuning_train,shil,8,405,3-5-6,0.0,dry_bean_uci,dry_bean_uci,37,37
tuning_train,shil,8,406,3-5-7,0.0,dry_bean_uci,dry_bean_uci,37,37
tuning_train,shil,8,407,3-5-8,0.0,dry_bean_uci,dry_bean_uci,37,37
tuning_train,shil,8,408,3-5-9,0.0,dry_bean_uci,dry_bean_uci,37,37
tuning_train,shil,8,409,3-5-10,0.0,dry_bean_uci,dry_bean_uci,37,37
tuning_train,shil,8,410,3-5-11,0.0,dry_bean_uci,dry_bean_uci,37,37
tuning_train,shil,8,411,3-5-12,0.0,dry_bean_uci,dry_bean_uci,37,37
tuning_train,shil,8,412,3-5-13,0.0,dry_bean_uci,dry_bean_uci,37,37
tuning_train,shil,8,413,3-5-14,0.0,dry_bean_uci,dry_bean_uci,37,37
tuning_train,shil,8,414,3-5-15,0.0,dry_bean_uci,dry_bean_uci,37,37
tuning_train,shil,8,415,3-6-7,0.0,dry_bean_uci,dry_bean_uci,37,37
tuning_train,shil,8,416,3-6-8,0.0,dry_bean_uci,dry_bean_uci,37,37
tuning_train,shil,8,417,3-6-9,0.0,dry_bean_uci,dry_bean_uci,37,37
tuning_train,shil,8,418,3-6-10,0.0,dry_bean_uci,dry_bean_uci,37,37
tuning_train,shil,8,419,3-6-11,0.0,dry_bean_uci,dry_bean_uci,37,37
tuning_train,shil,8,420,3-6-12,0.0,dry_bean_uci,dry_bean_uci,37,37
tuning_train,shil,8,421,3-6-13,0.0,dry_bean_uci,dry_bean_uci,37,37
tuning_train,shil,8,422,3-6-14,0.0,dry_bean_uci,dry_bean_uci,37,37
tuning_train,shil,8,423,3-6-15,0.0,dry_bean_uci,dry_bean_uci,37,37
tuning_train,shil,8,424,3-7-8,0.0,dry_bean_uci,dry_bean_uci,37,37
tuning_train,shil,8,425,3-7-9,0.0,dry_bean_uci,dry_bean_uci,37,37
tuning_train,shil,8,426,3-7-10,0.0,dry_bean_uci,dry_bean_uci,37,37
tuning_train,shil,8,427,3-7-11,0.0,dry_bean_uci,dry_bean_uci,37,37
tuning_train,shil,8,428,3-7-12,0.0,dry_bean_uci,dry_bean_uci,37,37
tuning_train,shil,8,429,3-7-13,0.0,dry_bean_uci,dry_bean_uci,37,37
tuning_train,shil,8,430,3-7-14,0.0,dry_bean_uci,dry_bean_uci,37,37
tuning_train,shil,8,431,3-7-15,0.0,dry_bean_uci,dry_bean_uci,37,37
tuning_train,shil,8,432,3-8-9,0.0,dry_bean_uci,dry_bean_uci,37,37
tuning_train,shil,8,433,3-8-10,0.0,dry_bean_uci,dry_bean_uci,37,37
tuning_train,shil,8,434,3-8-11,0.0,dry_bean_uci,dry_bean_uci,37,37
tuning_train,shil,8,435,3-8-12,0.0,dry_bean_uci,dry_bean_uci,37,37
tuning_train,shil,8,436,3-8-13,0.0,dry_bean_uci,dry_bean_uci,37,37
tuning_train,shil,8,437,3-8-14,0.0,dry_bean_uci,dry_bean_uci,37,37
tuning_train,shil,8,438,3-8-15,0.0,dry_bean_uci,dry_bean_uci,37,37
tuning_train,shil,8,439,3-9-10,0.0,dry_bean_uci,dry_bean_uci,37,37
tuning_train,shil,8,440,3-9-11,0.0,dry_bean_uci,dry_bean_uci,37,37
tuning_train,shil,8,441,3-9-12,0.0,dry_bean_uci,dry_bean_uci,37,37
tuning_train,shil,8,442,3-9-13,0.0,dry_bean_uci,dry_bean_uci,37,37
tuning_train,shil,8,443,3-9-14,0.0,dry_bean_uci,dry_bean_uci,37,37
tuning_train,shil,8,444,3-9-15,0.0,dry_bean_uci,dry_bean_uci,37,37
tuning_train,shil,8,445,3-10-11,0.0,dry_bean_uci,dry_bean_uci,37,37
tuning_train,shil,8,446,3-10-12,0.0,dry_bean_uci,dry_bean_uci,37,37
tuning_train,shil,8,447,3-10-13,0.0,dry_bean_uci,dry_bean_uci,37,37
tuning_train,shil,8,448,3-10-14,0.0,dry_bean_uci,dry_bean_uci,37,37
tuning_train,shil,8,449,3-10-15,0.0,dry_bean_uci,dry_bean_uci,37,37
tuning_train,shil,8,450,3-11-12,0.0,dry_bean_uci,dry_bean_uci,37,37
tuning_train,shil,8,451,3-11-13,0.0,dry_bean_uci,dry_bean_uci,37,37
tuning_train,shil,8,452,3-11-14,0.0,dry_bean_uci,dry_bean_uci,37,37
tuning_train,shil,8,453,3-11-15,0.0,dry_bean_uci,dry_bean_uci,37,37
tuning_train,shil,8,454,3-12-13,0.0,dry_bean_uci,dry_bean_uci,37,37
tuning_train,shil,8,455,3-12-14,0.0,dry_bean_uci,dry_bean_uci,37,37
tuning_train,shil,8,456,3-12-15,0.0,dry_bean_uci,dry_bean_uci,37,37
tuning_train,shil,8,457,3-13-14,0.0,dry_bean_uci,dry_bean_uci,37,37
tuning_train,shil,8,458,3-13-15,0.0,dry_bean_uci,dry_bean_uci,37,37
tuning_train,shil,8,459,3-14-15,0.0,dry_bean_uci,dry_bean_uci,37,37
tuning_train,shil,8,460,4-5-6,0.0,dry_bean_uci,dry_bean_uci,37,37
tuning_train,shil,8,461,4-5-7,0.0,dry_bean_uci,dry_bean_uci,37,37
tuning_train,shil,8,462,4-5-8,0.0,dry_bean_uci,dry_bean_uci,37,37
tuning_train,shil,8,463,4-5-9,0.0,dry_bean_uci,dry_bean_uci,37,37
tuning_train,shil,8,464,4-5-10,0.0,dry_bean_uci,dry_bean_uci,37,37
tuning_train,shil,8,465,4-5-11,0.0,dry_bean_uci,dry_bean_uci,37,37
tuning_train,shil,8,466,4-5-12,0.0,dry_bean_uci,dry_bean_uci,37,37
tuning_train,shil,8,467,4-5-13,0.0,dry_bean_uci,dry_bean_uci,37,37
tuning_train,shil,8,468,4-5-14,0.0,dry_bean_uci,dry_bean_uci,37,37
tuning_train,shil,8,469,4-5-15,0.0,dry_bean_uci,dry_bean_uci,37,37
tuning_train,shil,8,470,4-6-7,0.0,dry_bean_uci,dry_bean_uci,37,37
tuning_train,shil,8,471,4-6-8,0.0,dry_bean_uci,dry_bean_uci,37,37
tuning_train,shil,8,472,4-6-9,0.0,dry_bean_uci,dry_bean_uci,37,37
tuning_train,shil,8,473,4-6-10,0.0,dry_bean_uci,dry_bean_uci,37,37
tuning_train,shil,8,474,4-6-11,0.0,dry_bean_uci,dry_bean_uci,37,37
tuning_train,shil,8,475,4-6-12,0.0,dry_bean_uci,dry_bean_uci,37,37
tuning_train,shil,8,476,4-6-13,0.0,dry_bean_uci,dry_bean_uci,37,37
tuning_train,shil,8,477,4-6-14,0.0,dry_bean_uci,dry_bean_uci,37,37
tuning_train,shil,8,478,4-6-15,0.0,dry_bean_uci,dry_bean_uci,37,37
tuning_train,shil,8,479,4-7-8,0.0,dry_bean_uci,dry_bean_uci,37,37
tuning_train,shil,8,480,4-7-9,0.0,dry_bean_uci,dry_bean_uci,37,37
tuning_train,shil,8,481,4-7-10,0.0,dry_bean_uci,dry_bean_uci,37,37
tuning_train,shil,8,482,4-7-11,0.0,dry_bean_uci,dry_bean_uci,37,37
tuning_train,shil,8,483,4-7-12,0.0,dry_bean_uci,dry_bean_uci,37,37
tuning_train,shil,8,484,4-7-13,0.0,dry_bean_uci,dry_bean_uci,37,37
tuning_train,shil,8,485,4-7-14,0.0,dry_bean_uci,dry_bean_uci,37,37
tuning_train,shil,8,486,4-7-15,0.0,dry_bean_uci,dry_bean_uci,37,37
tuning_train,shil,8,487,4-8-9,0.0,dry_bean_uci,dry_bean_uci,37,37
tuning_train,shil,8,488,4-8-10,0.0,dry_bean_uci,dry_bean_uci,37,37
tuning_train,shil,8,489,4-8-11,0.0,dry_bean_uci,dry_bean_uci,37,37
tuning_train,shil,8,490,4-8-12,0.0,dry_bean_uci,dry_bean_uci,37,37
tuning_train,shil,8,491,4-8-13,0.0,dry_bean_uci,dry_bean_uci,37,37
tuning_train,shil,8,492,4-8-14,0.0,dry_bean_uci,dry_bean_uci,37,37
tuning_train,shil,8,493,4-8-15,0.0,dry_bean_uci,dry_bean_uci,37,37
tuning_train,shil,8,494,4-9-10,0.0,dry_bean_uci,dry_bean_uci,37,37
tuning_train,shil,8,495,4-9-11,0.0,dry_bean_uci,dry_bean_uci,37,37
tuning_train,shil,8,496,4-9-12,0.0,dry_bean_uci,dry_bean_uci,37,37
tuning_train,shil,8,497,4-9-13,0.0,dry_bean_uci,dry_bean_uci,37,37
tuning_train,shil,8,498,4-9-14,0.0,dry_bean_uci,dry_bean_uci,37,37
tuning_train,shil,8,499,4-9-15,0.0,dry_bean_uci,dry_bean_uci,37,37
tuning_train,shil,8,500,4-10-11,0.0,dry_bean_uci,dry_bean_uci,37,37
tuning_train,shil,8,501,4-10-12,0.0,dry_bean_uci,dry_bean_uci,37,37
tuning_train,shil,8,502,4-10-13,0.0,dry_bean_uci,dry_bean_uci,37,37
tuning_train,shil,8,503,4-10-14,0.0,dry_bean_uci,dry_bean_uci,37,37
tuning_train,shil,8,504,4-10-15,0.0,dry_bean_uci,dry_bean_uci,37,37
tuning_train,shil,8,505,4-11-12,0.0,dry_bean_uci,dry_bean_uci,37,37
tuning_train,shil,8,506,4-11-13,0.0,dry_bean_uci,dry_bean_uci,37,37
tuning_train,shil,8,507,4-11-14,0.0,dry_bean_uci,dry_bean_uci,37,37
tuning_train,shil,8,508,4-11-15,0.0,dry_bean_uci,dry_bean_uci,37,37
tuning_train,shil,8,509,4-12-13,0.0,dry_bean_uci,dry_bean_uci,37,37
tuning_train,shil,8,510,4-12-14,0.0,dry_bean_uci,dry_bean_uci,37,37
tuning_train,shil,8,511,4-12-15,0.0,dry_bean_uci,dry_bean_uci,37,37
tuning_train,shil,8,512,4-13-14,0.0,dry_bean_uci,dry_bean_uci,37,37
tuning_train,shil,8,513,4-13-15,0.0,dry_bean_uci,dry_bean_uci,37,37
tuning_train,shil,8,514,4-14-15,0.0,dry_bean_uci,dry_bean_uci,37,37
tuning_train,shil,8,515,5-6-7,0.0,dry_bean_uci,dry_bean_uci,37,37
tuning_train,shil,8,516,5-6-8,0.0,dry_bean_uci,dry_bean_uci,37,37
tuning_train,shil,8,517,5-6-9,0.0,dry_bean_uci,dry_bean_uci,37,37
tuning_train,shil,8,518,5-6-10,0.0,dry_bean_uci,dry_bean_uci,37,37
tuning_train,shil,8,519,5-6-11,0.0,dry_bean_uci,dry_bean_uci,37,37
tuning_train,shil,8,520,5-6-12,0.0,dry_bean_uci,dry_bean_uci,37,37
tuning_train,shil,8,521,5-6-13,0.0,dry_bean_uci,dry_bean_uci,37,37
tuning_train,shil,8,522,5-6-14,0.0,dry_bean_uci,dry_bean_uci,37,37
tuning_train,shil,8,523,5-6-15,0.0,dry_bean_uci,dry_bean_uci,37,37
tuning_train,shil,8,524,5-7-8,0.0,dry_bean_uci,dry_bean_uci,37,37
tuning_train,shil,8,525,5-7-9,0.0,dry_bean_uci,dry_bean_uci,37,37
tuning_train,shil,8,526,5-7-10,0.0,dry_bean_uci,dry_bean_uci,37,37
tuning_train,shil,8,527,5-7-11,0.0,dry_bean_uci,dry_bean_uci,37,37
tuning_train,shil,8,528,5-7-12,0.0,dry_bean_uci,dry_bean_uci,37,37
tuning_train,shil,8,529,5-7-13,0.0,dry_bean_uci,dry_bean_uci,37,37
tuning_train,shil,8,530,5-7-14,0.0,dry_bean_uci,dry_bean_uci,37,37
tuning_train,shil,8,531,5-7-15,0.0,dry_bean_uci,dry_bean_uci,37,37
tuning_train,shil,8,532,5-8-9,0.0,dry_bean_uci,dry_bean_uci,37,37
tuning_train,shil,8,533,5-8-10,0.0,dry_bean_uci,dry_bean_uci,37,37
tuning_train,shil,8,534,5-8-11,0.0,dry_bean_uci,dry_bean_uci,37,37
tuning_train,shil,8,535,5-8-12,0.0,dry_bean_uci,dry_bean_uci,37,37
tuning_train,shil,8,536,5-8-13,0.0,dry_bean_uci,dry_bean_uci,37,37
tuning_train,shil,8,537,5-8-14,0.0,dry_bean_uci,dry_bean_uci,37,37
tuning_train,shil,8,538,5-8-15,0.0,dry_bean_uci,dry_bean_uci,37,37
tuning_train,shil,8,539,5-9-10,0.0,dry_bean_uci,dry_bean_uci,37,37
tuning_train,shil,8,540,5-9-11,0.0,dry_bean_uci,dry_bean_uci,37,37
tuning_train,shil,8,541,5-9-12,0.0,dry_bean_uci,dry_bean_uci,37,37
tuning_train,shil,8,542,5-9-13,0.0,dry_bean_uci,dry_bean_uci,37,37
tuning_train,shil,8,543,5-9-14,0.0,dry_bean_uci,dry_bean_uci,37,37
tuning_train,shil,8,544,5-9-15,0.0,dry_bean_uci,dry_bean_uci,37,37
tuning_train,shil,8,545,5-10-11,0.0,dry_bean_uci,dry_bean_uci,37,37
tuning_train,shil,8,546,5-10-12,0.0,dry_bean_uci,dry_bean_uci,37,37
tuning_train,shil,8,547,5-10-13,0.0,dry_bean_uci,dry_bean_uci,37,37
tuning_train,shil,8,548,5-10-14,0.0,dry_bean_uci,dry_bean_uci,37,37
tuning_train,shil,8,549,5-10-15,0.0,dry_bean_uci,dry_bean_uci,37,37
tuning_train,shil,8,550,5-11-12,0.0,dry_bean_uci,dry_bean_uci,37,37
tuning_train,shil,8,551,5-11-13,0.0,dry_bean_uci,dry_bean_uci,37,37
tuning_train,shil,8,552,5-11-14,0.0,dry_bean_uci,dry_bean_uci,37,37
tuning_train,shil,8,553,5-11-15,0.0,dry_bean_uci,dry_bean_uci,37,37
tuning_train,shil,8,554,5-12-13,0.0,dry_bean_uci,dry_bean_uci,37,37
tuning_train,shil,8,555,5-12-14,0.0,dry_bean_uci,dry_bean_uci,37,37
tuning_train,shil,8,556,5-12-15,0.0,dry_bean_uci,dry_bean_uci,37,37
tuning_train,shil,8,557,5-13-14,0.0,dry_bean_uci,dry_bean_uci,37,37
tuning_train,shil,8,558,5-13-15,0.0,dry_bean_uci,dry_bean_uci,37,37
tuning_train,shil,8,559,5-14-15,0.0,dry_bean_uci,dry_bean_uci,37,37
tuning_train,shil,8,560,6-7-8,0.0,dry_bean_uci,dry_bean_uci,37,37
tuning_train,shil,8,561,6-7-9,0.0,dry_bean_uci,dry_bean_uci,37,37
tuning_train,shil,8,562,6-7-10,0.0,dry_bean_uci,dry_bean_uci,37,37
tuning_train,shil,8,563,6-7-11,0.0,dry_bean_uci,dry_bean_uci,37,37
tuning_train,shil,8,564,6-7-12,0.0,dry_bean_uci,dry_bean_uci,37,37
tuning_train,shil,8,565,6-7-13,0.0,dry_bean_uci,dry_bean_uci,37,37
tuning_train,shil,8,566,6-7-14,0.0,dry_bean_uci,dry_bean_uci,37,37
tuning_train,shil,8,567,6-7-15,0.0,dry_bean_uci,dry_bean_uci,37,37
tuning_train,shil,8,568,6-8-9,0.0,dry_bean_uci,dry_bean_uci,37,37
tuning_train,shil,8,569,6-8-10,0.0,dry_bean_uci,dry_bean_uci,37,37
tuning_train,shil,8,570,6-8-11,0.0,dry_bean_uci,dry_bean_uci,37,37
tuning_train,shil,8,571,6-8-12,0.0,dry_bean_uci,dry_bean_uci,37,37
tuning_train,shil,8,572,6-8-13,0.0,dry_bean_uci,dry_bean_uci,37,37
tuning_train,shil,8,573,6-8-14,0.0,dry_bean_uci,dry_bean_uci,37,37
tuning_train,shil,8,574,6-8-15,0.0,dry_bean_uci,dry_bean_uci,37,37
tuning_train,shil,8,575,6-9-10,0.0,dry_bean_uci,dry_bean_uci,37,37
tuning_train,shil,8,576,6-9-11,0.0,dry_bean_uci,dry_bean_uci,37,37
tuning_train,shil,8,577,6-9-12,0.0,dry_bean_uci,dry_bean_uci,37,37
tuning_train,shil,8,578,6-9-13,0.0,dry_bean_uci,dry_bean_uci,37,37
tuning_train,shil,8,579,6-9-14,0.0,dry_bean_uci,dry_bean_uci,37,37
tuning_train,shil,8,580,6-9-15,0.0,dry_bean_uci,dry_bean_uci,37,37
tuning_train,shil,8,581,6-10-11,0.0,dry_bean_uci,dry_bean_uci,37,37
tuning_train,shil,8,582,6-10-12,0.0,dry_bean_uci,dry_bean_uci,37,37
tuning_train,shil,8,583,6-10-13,0.0,dry_bean_uci,dry_bean_uci,37,37
tuning_train,shil,8,584,6-10-14,0.0,dry_bean_uci,dry_bean_uci,37,37
tuning_train,shil,8,585,6-10-15,0.0,dry_bean_uci,dry_bean_uci,37,37
tuning_train,shil,8,586,6-11-12,0.0,dry_bean_uci,dry_bean_uci,37,37
tuning_train,shil,8,587,6-11-13,0.0,dry_bean_uci,dry_bean_uci,37,37
tuning_train,shil,8,588,6-11-14,0.0,dry_bean_uci,dry_bean_uci,37,37
tuning_train,shil,8,589,6-11-15,0.0,dry_bean_uci,dry_bean_uci,37,37
tuning_train,shil,8,590,6-12-13,0.0,dry_bean_uci,dry_bean_uci,37,37
tuning_train,shil,8,591,6-12-14,0.0,dry_bean_uci,dry_bean_uci,37,37
tuning_train,shil,8,592,6-12-15,0.0,dry_bean_uci,dry_bean_uci,37,37
tuning_train,shil,8,593,6-13-14,0.0,dry_bean_uci,dry_bean_uci,37,37
tuning_train,shil,8,594,6-13-15,0.0,dry_bean_uci,dry_bean_uci,37,37
tuning_train,shil,8,595,6-14-15,0.0,dry_bean_uci,dry_bean_uci,37,37
tuning_train,shil,8,596,7-8-9,0.0,dry_bean_uci,dry_bean_uci,37,37
tuning_train,shil,8,597,7-8-10,0.0,dry_bean_uci,dry_bean_uci,37,37
tuning_train,shil,8,598,7-8-11,0.0,dry_bean_uci,dry_bean_uci,37,37
tuning_train,shil,8,599,7-8-12,0.0,dry_bean_uci,dry_bean_uci,37,37
tuning_train,shil,8,600,7-8-13,0.0,dry_bean_uci,dry_bean_uci,37,37
tuning_train,shil,8,601,7-8-14,0.0,dry_bean_uci,dry_bean_uci,37,37
tuning_train,shil,8,602,7-8-15,0.0,dry_bean_uci,dry_bean_uci,37,37
tuning_train,shil,8,603,7-9-10,0.0,dry_bean_uci,dry_bean_uci,37,37
tuning_train,shil,8,604,7-9-11,0.0,dry_bean_uci,dry_bean_uci,37,37
tuning_train,shil,8,605,7-9-12,0.0,dry_bean_uci,dry_bean_uci,37,37
tuning_train,shil,8,606,7-9-13,0.0,dry_bean_uci,dry_bean_uci,37,37
tuning_train,shil,8,607,7-9-14,0.0,dry_bean_uci,dry_bean_uci,37,37
tuning_train,shil,8,608,7-9-15,0.0,dry_bean_uci,dry_bean_uci,37,37
tuning_train,shil,8,609,7-10-11,0.0,dry_bean_uci,dry_bean_uci,37,37
tuning_train,shil,8,610,7-10-12,0.0,dry_bean_uci,dry_bean_uci,37,37
tuning_train,shil,8,611,7-10-13,0.0,dry_bean_uci,dry_bean_uci,37,37
tuning_train,shil,8,612,7-10-14,0.0,dry_bean_uci,dry_bean_uci,37,37
tuning_train,shil,8,613,7-10-15,0.0,dry_bean_uci,dry_bean_uci,37,37
tuning_train,shil,8,614,7-11-12,0.0,dry_bean_uci,dry_bean_uci,37,37
tuning_train,shil,8,615,7-11-13,0.0,dry_bean_uci,dry_bean_uci,37,37
tuning_train,shil,8,616,7-11-14,0.0,dry_bean_uci,dry_bean_uci,37,37
tuning_train,shil,8,617,7-11-15,0.0,dry_bean_uci,dry_bean_uci,37,37
tuning_train,shil,8,618,7-12-13,0.0,dry_bean_uci,dry_bean_uci,37,37
tuning_train,shil,8,619,7-12-14,0.0,dry_bean_uci,dry_bean_uci,37,37
tuning_train,shil,8,620,7-12-15,0.0,dry_bean_uci,dry_bean_uci,37,37
tuning_train,shil,8,621,7-13-14,0.0,dry_bean_uci,dry_bean_uci,37,37
tuning_train,shil,8,622,7-13-15,0.0,dry_bean_uci,dry_bean_uci,37,37
tuning_train,shil,8,623,7-14-15,0.0,dry_bean_uci,dry_bean_uci,37,37
tuning_train,shil,8,624,8-9-10,0.05,dry_bean_uci,dry_bean_uci,37,37
tuning_train,shil,8,625,8-9-11,0.0,dry_bean_uci,dry_bean_uci,37,37
tuning_train,shil,8,626,8-9-12,0.0,dry_bean_uci,dry_bean_uci,37,37
tuning_train,shil,8,627,8-9-13,0.0,dry_bean_uci,dry_bean_uci,37,37
tuning_train,shil,8,628,8-9-14,0.0,dry_bean_uci,dry_bean_uci,37,37
tuning_train,shil,8,629,8-9-15,0.0,dry_bean_uci,dry_bean_uci,37,37
tuning_train,shil,8,630,8-10-11,0.0,dry_bean_uci,dry_bean_uci,37,37
tuning_train,shil,8,631,8-10-12,0.0,dry_bean_uci,dry_bean_uci,37,37
tuning_train,shil,8,632,8-10-13,0.0,dry_bean_uci,dry_bean_uci,37,37
tuning_train,shil,8,633,8-10-14,0.0,dry_bean_uci,dry_bean_uci,37,37
tuning_train,shil,8,634,8-10-15,0.0,dry_bean_uci,dry_bean_uci,37,37
tuning_train,shil,8,635,8-11-12,0.0,dry_bean_uci,dry_bean_uci,37,37
tuning_train,shil,8,636,8-11-13,0.0,dry_bean_uci,dry_bean_uci,37,37
tuning_train,shil,8,637,8-11-14,0.0,dry_bean_uci,dry_bean_uci,37,37
tuning_train,shil,8,638,8-11-15,0.0,dry_bean_uci,dry_bean_uci,37,37
tuning_train,shil,8,639,8-12-13,0.0,dry_bean_uci,dry_bean_uci,37,37
tuning_train,shil,8,640,8-12-14,0.0,dry_bean_uci,dry_bean_uci,37,37
tuning_train,shil,8,641,8-12-15,0.025,dry_bean_uci,dry_bean_uci,37,37
tuning_train,shil,8,642,8-13-14,0.0,dry_bean_uci,dry_bean_uci,37,37
tuning_train,shil,8,643,8-13-15,0.0,dry_bean_uci,dry_bean_uci,37,37
tuning_train,shil,8,644,8-14-15,0.0,dry_bean_uci,dry_bean_uci,37,37
tuning_train,shil,8,645,9-10-11,0.0,dry_bean_uci,dry_bean_uci,37,37
tuning_train,shil,8,646,9-10-12,0.425,dry_bean_uci,dry_bean_uci,37,37
tuning_train,shil,8,647,9-10-13,0.0,dry_bean_uci,dry_bean_uci,37,37
tuning_train,shil,8,648,9-10-14,0.0,dry_bean_uci,dry_bean_uci,37,37
tuning_train,shil,8,649,9-10-15,0.1,dry_bean_uci,dry_bean_uci,37,37
tuning_train,shil,8,650,9-11-12,0.0,dry_bean_uci,dry_bean_uci,37,37
tuning_train,shil,8,651,9-11-13,0.0,dry_bean_uci,dry_bean_uci,37,37
tuning_train,shil,8,652,9-11-14,0.0,dry_bean_uci,dry_bean_uci,37,37
tuning_train,shil,8,653,9-11-15,0.0,dry_bean_uci,dry_bean_uci,37,37
tuning_train,shil,8,654,9-12-13,0.0,dry_bean_uci,dry_bean_uci,37,37
tuning_train,shil,8,655,9-12-14,0.0,dry_bean_uci,dry_bean_uci,37,37
tuning_train,shil,8,656,9-12-15,0.025,dry_bean_uci,dry_bean_uci,37,37
tuning_train,shil,8,657,9-13-14,0.0,dry_bean_uci,dry_bean_uci,37,37
tuning_train,shil,8,658,9-13-15,0.0,dry_bean_uci,dry_bean_uci,37,37
tuning_train,shil,8,659,9-14-15,0.0,dry_bean_uci,dry_bean_uci,37,37
tuning_train,shil,8,660,10-11-12,0.0,dry_bean_uci,dry_bean_uci,37,37
tuning_train,shil,8,661,10-11-13,0.0,dry_bean_uci,dry_bean_uci,37,37
tuning_train,shil,8,662,10-11-14,0.0,dry_bean_uci,dry_bean_uci,37,37
tuning_train,shil,8,663,10-11-15,0.0,dry_bean_uci,dry_bean_uci,37,37
tuning_train,shil,8,664,10-12-13,0.0,dry_bean_uci,dry_bean_uci,37,37
tuning_train,shil,8,665,10-12-14,0.0,dry_bean_uci,dry_bean_uci,37,37
tuning_train,shil,8,666,10-12-15,0.0,dry_bean_uci,dry_bean_uci,37,37
tuning_train,shil,8,667,10-13-14,0.0,dry_bean_uci,dry_bean_uci,37,37
tuning_train,shil,8,668,10-13-15,0.0,dry_bean_uci,dry_bean_uci,37,37
tuning_train,shil,8,669,10-14-15,0.0,dry_bean_uci,dry_bean_uci,37,37
tuning_train,shil,8,670,11-12-13,0.0,dry_bean_uci,dry_bean_uci,37,37
tuning_train,shil,8,671,11-12-14,0.0,dry_bean_uci,dry_bean_uci,37,37
tuning_train,shil,8,672,11-12-15,0.0,dry_bean_uci,dry_bean_uci,37,37
tuning_train,shil,8,673,11-13-14,0.0,dry_bean_uci,dry_bean_uci,37,37
tuning_train,shil,8,674,11-13-15,0.0,dry_bean_uci,dry_bean_uci,37,37
tuning_train,shil,8,675,11-14-15,0.0,dry_bean_uci,dry_bean_uci,37,37
tuning_train,shil,8,676,12-13-14,0.0,dry_bean_uci,dry_bean_uci,37,37
tuning_train,shil,8,677,12-13-15,0.0,dry_bean_uci,dry_bean_uci,37,37
tuning_train,shil,8,678,12-14-15,0.0,dry_bean_uci,dry_bean_uci,37,37
tuning_train,shil,8,679,13-14-15,0.0,dry_bean_uci,dry_bean_uci,37,37
tuning_train,shil,16,0,0-1,0.0,dry_bean_uci,dry_bean_uci,37,37
tuning_train,shil,16,1,0-2,0.0,dry_bean_uci,dry_bean_uci,37,37
tuning_train,shil,16,2,0-3,0.0,dry_bean_uci,dry_bean_uci,37,37
tuning_train,shil,16,3,0-4,0.0,dry_bean_uci,dry_bean_uci,37,37
tuning_train,shil,16,4,0-5,0.0,dry_bean_uci,dry_bean_uci,37,37
tuning_train,shil,16,5,0-6,0.025,dry_bean_uci,dry_bean_uci,37,37
tuning_train,shil,16,6,0-7,0.0,dry_bean_uci,dry_bean_uci,37,37
tuning_train,shil,16,7,0-8,0.0,dry_bean_uci,dry_bean_uci,37,37
tuning_train,shil,16,8,0-9,0.0,dry_bean_uci,dry_bean_uci,37,37
tuning_train,shil,16,9,0-10,0.0,dry_bean_uci,dry_bean_uci,37,37
tuning_train,shil,16,10,0-11,0.0,dry_bean_uci,dry_bean_uci,37,37
tuning_train,shil,16,11,0-12,1.0,dry_bean_uci,dry_bean_uci,37,37
tuning_train,shil,16,12,0-13,0.0,dry_bean_uci,dry_bean_uci,37,37
tuning_train,shil,16,13,0-14,0.0,dry_bean_uci,dry_bean_uci,37,37
tuning_train,shil,16,14,0-15,0.0,dry_bean_uci,dry_bean_uci,37,37
tuning_train,shil,16,15,1-2,0.0,dry_bean_uci,dry_bean_uci,37,37
tuning_train,shil,16,16,1-3,0.0,dry_bean_uci,dry_bean_uci,37,37
tuning_train,shil,16,17,1-4,0.0,dry_bean_uci,dry_bean_uci,37,37
tuning_train,shil,16,18,1-5,0.0,dry_bean_uci,dry_bean_uci,37,37
tuning_train,shil,16,19,1-6,0.0,dry_bean_uci,dry_bean_uci,37,37
tuning_train,shil,16,20,1-7,0.0,dry_bean_uci,dry_bean_uci,37,37
tuning_train,shil,16,21,1-8,0.0,dry_bean_uci,dry_bean_uci,37,37
tuning_train,shil,16,22,1-9,0.0,dry_bean_uci,dry_bean_uci,37,37
tuning_train,shil,16,23,1-10,0.0,dry_bean_uci,dry_bean_uci,37,37
tuning_train,shil,16,24,1-11,0.0,dry_bean_uci,dry_bean_uci,37,37
tuning_train,shil,16,25,1-12,1.0,dry_bean_uci,dry_bean_uci,37,37
tuning_train,shil,16,26,1-13,0.0,dry_bean_uci,dry_bean_uci,37,37
tuning_train,shil,16,27,1-14,0.0,dry_bean_uci,dry_bean_uci,37,37
tuning_train,shil,16,28,1-15,0.0,dry_bean_uci,dry_bean_uci,37,37
tuning_train,shil,16,29,2-3,0.0,dry_bean_uci,dry_bean_uci,37,37
tuning_train,shil,16,30,2-4,0.0,dry_bean_uci,dry_bean_uci,37,37
tuning_train,shil,16,31,2-5,0.0,dry_bean_uci,dry_bean_uci,37,37
tuning_train,shil,16,32,2-6,0.0,dry_bean_uci,dry_bean_uci,37,37
tuning_train,shil,16,33,2-7,0.0,dry_bean_uci,dry_bean_uci,37,37
tuning_train,shil,16,34,2-8,0.0,dry_bean_uci,dry_bean_uci,37,37
tuning_train,shil,16,35,2-9,0.0,dry_bean_uci,dry_bean_uci,37,37
tuning_train,shil,16,36,2-10,0.0,dry_bean_uci,dry_bean_uci,37,37
tuning_train,shil,16,37,2-11,0.0,dry_bean_uci,dry_bean_uci,37,37
tuning_train,shil,16,38,2-12,0.075,dry_bean_uci,dry_bean_uci,37,37
tuning_train,shil,16,39,2-13,0.0,dry_bean_uci,dry_bean_uci,37,37
tuning_train,shil,16,40,2-14,0.0,dry_bean_uci,dry_bean_uci,37,37
tuning_train,shil,16,41,2-15,0.0,dry_bean_uci,dry_bean_uci,37,37
tuning_train,shil,16,42,3-4,0.0,dry_bean_uci,dry_bean_uci,37,37
tuning_train,shil,16,43,3-5,0.0,dry_bean_uci,dry_bean_uci,37,37
tuning_train,shil,16,44,3-6,0.0,dry_bean_uci,dry_bean_uci,37,37
tuning_train,shil,16,45,3-7,0.0,dry_bean_uci,dry_bean_uci,37,37
tuning_train,shil,16,46,3-8,0.0,dry_bean_uci,dry_bean_uci,37,37
tuning_train,shil,16,47,3-9,0.0,dry_bean_uci,dry_bean_uci,37,37
tuning_train,shil,16,48,3-10,0.95,dry_bean_uci,dry_bean_uci,37,37
tuning_train,shil,16,49,3-11,0.0,dry_bean_uci,dry_bean_uci,37,37
tuning_train,shil,16,50,3-12,1.0,dry_bean_uci,dry_bean_uci,37,37
tuning_train,shil,16,51,3-13,0.0,dry_bean_uci,dry_bean_uci,37,37
tuning_train,shil,16,52,3-14,0.0,dry_bean_uci,dry_bean_uci,37,37
tuning_train,shil,16,53,3-15,0.0,dry_bean_uci,dry_bean_uci,37,37
tuning_train,shil,16,54,4-5,0.0,dry_bean_uci,dry_bean_uci,37,37
tuning_train,shil,16,55,4-6,0.0,dry_bean_uci,dry_bean_uci,37,37
tuning_train,shil,16,56,4-7,0.0,dry_bean_uci,dry_bean_uci,37,37
tuning_train,shil,16,57,4-8,0.0,dry_bean_uci,dry_bean_uci,37,37
tuning_train,shil,16,58,4-9,0.0,dry_bean_uci,dry_bean_uci,37,37
tuning_train,shil,16,59,4-10,0.0,dry_bean_uci,dry_bean_uci,37,37
tuning_train,shil,16,60,4-11,0.0,dry_bean_uci,dry_bean_uci,37,37
tuning_train,shil,16,61,4-12,0.0,dry_bean_uci,dry_bean_uci,37,37
tuning_train,shil,16,62,4-13,0.0,dry_bean_uci,dry_bean_uci,37,37
tuning_train,shil,16,63,4-14,0.0,dry_bean_uci,dry_bean_uci,37,37
tuning_train,shil,16,64,4-15,0.0,dry_bean_uci,dry_bean_uci,37,37
tuning_train,shil,16,65,5-6,0.0,dry_bean_uci,dry_bean_uci,37,37
tuning_train,shil,16,66,5-7,0.0,dry_bean_uci,dry_bean_uci,37,37
tuning_train,shil,16,67,5-8,0.0,dry_bean_uci,dry_bean_uci,37,37
tuning_train,shil,16,68,5-9,0.0,dry_bean_uci,dry_bean_uci,37,37
tuning_train,shil,16,69,5-10,0.0,dry_bean_uci,dry_bean_uci,37,37
tuning_train,shil,16,70,5-11,0.0,dry_bean_uci,dry_bean_uci,37,37
tuning_train,shil,16,71,5-12,0.0,dry_bean_uci,dry_bean_uci,37,37
tuning_train,shil,16,72,5-13,0.05,dry_bean_uci,dry_bean_uci,37,37
tuning_train,shil,16,73,5-14,0.0,dry_bean_uci,dry_bean_uci,37,37
tuning_train,shil,16,74,5-15,0.1,dry_bean_uci,dry_bean_uci,37,37
tuning_train,shil,16,75,6-7,0.0,dry_bean_uci,dry_bean_uci,37,37
tuning_train,shil,16,76,6-8,0.0,dry_bean_uci,dry_bean_uci,37,37
tuning_train,shil,16,77,6-9,0.0,dry_bean_uci,dry_bean_uci,37,37
tuning_train,shil,16,78,6-10,0.0,dry_bean_uci,dry_bean_uci,37,37
tuning_train,shil,16,79,6-11,0.0,dry_bean_uci,dry_bean_uci,37,37
tuning_train,shil,16,80,6-12,1.0,dry_bean_uci,dry_bean_uci,37,37
tuning_train,shil,16,81,6-13,0.0,dry_bean_uci,dry_bean_uci,37,37
tuning_train,shil,16,82,6-14,0.0,dry_bean_uci,dry_bean_uci,37,37
tuning_train,shil,16,83,6-15,0.0,dry_bean_uci,dry_bean_uci,37,37
tuning_train,shil,16,84,7-8,0.0,dry_bean_uci,dry_bean_uci,37,37
tuning_train,shil,16,85,7-9,0.0,dry_bean_uci,dry_bean_uci,37,37
tuning_train,shil,16,86,7-10,0.0,dry_bean_uci,dry_bean_uci,37,37
tuning_train,shil,16,87,7-11,0.0,dry_bean_uci,dry_bean_uci,37,37
tuning_train,shil,16,88,7-12,1.0,dry_bean_uci,dry_bean_uci,37,37
tuning_train,shil,16,89,7-13,0.0,dry_bean_uci,dry_bean_uci,37,37
tuning_train,shil,16,90,7-14,0.0,dry_bean_uci,dry_bean_uci,37,37
tuning_train,shil,16,91,7-15,0.0,dry_bean_uci,dry_bean_uci,37,37
tuning_train,shil,16,92,8-9,0.175,dry_bean_uci,dry_bean_uci,37,37
tuning_train,shil,16,93,8-10,0.425,dry_bean_uci,dry_bean_uci,37,37
tuning_train,shil,16,94,8-11,0.0,dry_bean_uci,dry_bean_uci,37,37
tuning_train,shil,16,95,8-12,0.075,dry_bean_uci,dry_bean_uci,37,37
tuning_train,shil,16,96,8-13,0.0,dry_bean_uci,dry_bean_uci,37,37
tuning_train,shil,16,97,8-14,0.0,dry_bean_uci,dry_bean_uci,37,37
tuning_train,shil,16,98,8-15,0.025,dry_bean_uci,dry_bean_uci,37,37
tuning_train,shil,16,99,9-10,0.95,dry_bean_uci,dry_bean_uci,37,37
tuning_train,shil,16,100,9-11,0.0,dry_bean_uci,dry_bean_uci,37,37
tuning_train,shil,16,101,9-12,0.4,dry_bean_uci,dry_bean_uci,37,37
tuning_train,shil,16,102,9-13,0.0,dry_bean_uci,dry_bean_uci,37,37
tuning_train,shil,16,103,9-14,0.0,dry_bean_uci,dry_bean_uci,37,37
tuning_train,shil,16,104,9-15,0.65,dry_bean_uci,dry_bean_uci,37,37
tuning_train,shil,16,105,10-11,0.0,dry_bean_uci,dry_bean_uci,37,37
tuning_train,shil,16,106,10-12,1.0,dry_bean_uci,dry_bean_uci,37,37
tuning_train,shil,16,107,10-13,0.75,dry_bean_uci,dry_bean_uci,37,37
tuning_train,shil,16,108,10-14,0.0,dry_bean_uci,dry_bean_uci,37,37
tuning_train,shil,16,109,10-15,0.85,dry_bean_uci,dry_bean_uci,37,37
tuning_train,shil,16,110,11-12,0.0,dry_bean_uci,dry_bean_uci,37,37
tuning_train,shil,16,111,11-13,0.0,dry_bean_uci,dry_bean_uci,37,37
tuning_train,shil,16,112,11-14,0.0,dry_bean_uci,dry_bean_uci,37,37
tuning_train,shil,16,113,11-15,0.05,dry_bean_uci,dry_bean_uci,37,37
tuning_train,shil,16,114,12-13,0.0,dry_bean_uci,dry_bean_uci,37,37
tuning_train,shil,16,115,12-14,0.0,dry_bean_uci,dry_bean_uci,37,37
tuning_train,shil,16,116,12-15,0.25,dry_bean_uci,dry_bean_uci,37,37
tuning_train,shil,16,117,13-14,0.0,dry_bean_uci,dry_bean_uci,37,37
tuning_train,shil,16,118,13-15,0.0,dry_bean_uci,dry_bean_uci,37,37
tuning_train,shil,16,119,14-15,0.075,dry_bean_uci,dry_bean_uci,37,37
tuning_train,shil,16,120,0-1-2,0.0,dry_bean_uci,dry_bean_uci,37,37
tuning_train,shil,16,121,0-1-3,0.0,dry_bean_uci,dry_bean_uci,37,37
tuning_train,shil,16,122,0-1-4,0.0,dry_bean_uci,dry_bean_uci,37,37
tuning_train,shil,16,123,0-1-5,0.0,dry_bean_uci,dry_bean_uci,37,37
tuning_train,shil,16,124,0-1-6,0.0,dry_bean_uci,dry_bean_uci,37,37
tuning_train,shil,16,125,0-1-7,0.0,dry_bean_uci,dry_bean_uci,37,37
tuning_train,shil,16,126,0-1-8,0.0,dry_bean_uci,dry_bean_uci,37,37
tuning_train,shil,16,127,0-1-9,0.0,dry_bean_uci,dry_bean_uci,37,37
tuning_train,shil,16,128,0-1-10,0.0,dry_bean_uci,dry_bean_uci,37,37
tuning_train,shil,16,129,0-1-11,0.0,dry_bean_uci,dry_bean_uci,37,37
tuning_train,shil,16,130,0-1-12,0.0,dry_bean_uci,dry_bean_uci,37,37
tuning_train,shil,16,131,0-1-13,0.0,dry_bean_uci,dry_bean_uci,37,37
tuning_train,shil,16,132,0-1-14,0.0,dry_bean_uci,dry_bean_uci,37,37
tuning_train,shil,16,133,0-1-15,0.0,dry_bean_uci,dry_bean_uci,37,37
tuning_train,shil,16,134,0-2-3,0.0,dry_bean_uci,dry_bean_uci,37,37
tuning_train,shil,16,135,0-2-4,0.0,dry_bean_uci,dry_bean_uci,37,37
tuning_train,shil,16,136,0-2-5,0.0,dry_bean_uci,dry_bean_uci,37,37
tuning_train,shil,16,137,0-2-6,0.0,dry_bean_uci,dry_bean_uci,37,37
tuning_train,shil,16,138,0-2-7,0.0,dry_bean_uci,dry_bean_uci,37,37
tuning_train,shil,16,139,0-2-8,0.0,dry_bean_uci,dry_bean_uci,37,37
tuning_train,shil,16,140,0-2-9,0.0,dry_bean_uci,dry_bean_uci,37,37
tuning_train,shil,16,141,0-2-10,0.0,dry_bean_uci,dry_bean_uci,37,37
tuning_train,shil,16,142,0-2-11,0.0,dry_bean_uci,dry_bean_uci,37,37
tuning_train,shil,16,143,0-2-12,0.0,dry_bean_uci,dry_bean_uci,37,37
tuning_train,shil,16,144,0-2-13,0.0,dry_bean_uci,dry_bean_uci,37,37
tuning_train,shil,16,145,0-2-14,0.0,dry_bean_uci,dry_bean_uci,37,37
tuning_train,shil,16,146,0-2-15,0.0,dry_bean_uci,dry_bean_uci,37,37
tuning_train,shil,16,147,0-3-4,0.0,dry_bean_uci,dry_bean_uci,37,37
tuning_train,shil,16,148,0-3-5,0.0,dry_bean_uci,dry_bean_uci,37,37
tuning_train,shil,16,149,0-3-6,0.0,dry_bean_uci,dry_bean_uci,37,37
tuning_train,shil,16,150,0-3-7,0.0,dry_bean_uci,dry_bean_uci,37,37
tuning_train,shil,16,151,0-3-8,0.0,dry_bean_uci,dry_bean_uci,37,37
tuning_train,shil,16,152,0-3-9,0.0,dry_bean_uci,dry_bean_uci,37,37
tuning_train,shil,16,153,0-3-10,0.0,dry_bean_uci,dry_bean_uci,37,37
tuning_train,shil,16,154,0-3-11,0.0,dry_bean_uci,dry_bean_uci,37,37
tuning_train,shil,16,155,0-3-12,0.0,dry_bean_uci,dry_bean_uci,37,37
tuning_train,shil,16,156,0-3-13,0.0,dry_bean_uci,dry_bean_uci,37,37
tuning_train,shil,16,157,0-3-14,0.0,dry_bean_uci,dry_bean_uci,37,37
tuning_train,shil,16,158,0-3-15,0.0,dry_bean_uci,dry_bean_uci,37,37
tuning_train,shil,16,159,0-4-5,0.0,dry_bean_uci,dry_bean_uci,37,37
tuning_train,shil,16,160,0-4-6,0.0,dry_bean_uci,dry_bean_uci,37,37
tuning_train,shil,16,161,0-4-7,0.0,dry_bean_uci,dry_bean_uci,37,37
tuning_train,shil,16,162,0-4-8,0.0,dry_bean_uci,dry_bean_uci,37,37
tuning_train,shil,16,163,0-4-9,0.0,dry_bean_uci,dry_bean_uci,37,37
tuning_train,shil,16,164,0-4-10,0.0,dry_bean_uci,dry_bean_uci,37,37
tuning_train,shil,16,165,0-4-11,0.0,dry_bean_uci,dry_bean_uci,37,37
tuning_train,shil,16,166,0-4-12,0.0,dry_bean_uci,dry_bean_uci,37,37
tuning_train,shil,16,167,0-4-13,0.0,dry_bean_uci,dry_bean_uci,37,37
tuning_train,shil,16,168,0-4-14,0.0,dry_bean_uci,dry_bean_uci,37,37
tuning_train,shil,16,169,0-4-15,0.0,dry_bean_uci,dry_bean_uci,37,37
tuning_train,shil,16,170,0-5-6,0.0,dry_bean_uci,dry_bean_uci,37,37
tuning_train,shil,16,171,0-5-7,0.0,dry_bean_uci,dry_bean_uci,37,37
tuning_train,shil,16,172,0-5-8,0.0,dry_bean_uci,dry_bean_uci,37,37
tuning_train,shil,16,173,0-5-9,0.0,dry_bean_uci,dry_bean_uci,37,37
tuning_train,shil,16,174,0-5-10,0.0,dry_bean_uci,dry_bean_uci,37,37
tuning_train,shil,16,175,0-5-11,0.0,dry_bean_uci,dry_bean_uci,37,37
tuning_train,shil,16,176,0-5-12,0.0,dry_bean_uci,dry_bean_uci,37,37
tuning_train,shil,16,177,0-5-13,0.0,dry_bean_uci,dry_bean_uci,37,37
tuning_train,shil,16,178,0-5-14,0.0,dry_bean_uci,dry_bean_uci,37,37
tuning_train,shil,16,179,0-5-15,0.0,dry_bean_uci,dry_bean_uci,37,37
tuning_train,shil,16,180,0-6-7,0.0,dry_bean_uci,dry_bean_uci,37,37
tuning_train,shil,16,181,0-6-8,0.0,dry_bean_uci,dry_bean_uci,37,37
tuning_train,shil,16,182,0-6-9,0.0,dry_bean_uci,dry_bean_uci,37,37
tuning_train,shil,16,183,0-6-10,0.0,dry_bean_uci,dry_bean_uci,37,37
tuning_train,shil,16,184,0-6-11,0.0,dry_bean_uci,dry_bean_uci,37,37
tuning_train,shil,16,185,0-6-12,0.0,dry_bean_uci,dry_bean_uci,37,37
tuning_train,shil,16,186,0-6-13,0.0,dry_bean_uci,dry_bean_uci,37,37
tuning_train,shil,16,187,0-6-14,0.0,dry_bean_uci,dry_bean_uci,37,37
tuning_train,shil,16,188,0-6-15,0.0,dry_bean_uci,dry_bean_uci,37,37
tuning_train,shil,16,189,0-7-8,0.0,dry_bean_uci,dry_bean_uci,37,37
tuning_train,shil,16,190,0-7-9,0.0,dry_bean_uci,dry_bean_uci,37,37
tuning_train,shil,16,191,0-7-10,0.0,dry_bean_uci,dry_bean_uci,37,37
tuning_train,shil,16,192,0-7-11,0.0,dry_bean_uci,dry_bean_uci,37,37
tuning_train,shil,16,193,0-7-12,0.0,dry_bean_uci,dry_bean_uci,37,37
tuning_train,shil,16,194,0-7-13,0.0,dry_bean_uci,dry_bean_uci,37,37
tuning_train,shil,16,195,0-7-14,0.0,dry_bean_uci,dry_bean_uci,37,37
tuning_train,shil,16,196,0-7-15,0.0,dry_bean_uci,dry_bean_uci,37,37
tuning_train,shil,16,197,0-8-9,0.0,dry_bean_uci,dry_bean_uci,37,37
tuning_train,shil,16,198,0-8-10,0.0,dry_bean_uci,dry_bean_uci,37,37
tuning_train,shil,16,199,0-8-11,0.0,dry_bean_uci,dry_bean_uci,37,37
tuning_train,shil,16,200,0-8-12,0.0,dry_bean_uci,dry_bean_uci,37,37
tuning_train,shil,16,201,0-8-13,0.0,dry_bean_uci,dry_bean_uci,37,37
tuning_train,shil,16,202,0-8-14,0.0,dry_bean_uci,dry_bean_uci,37,37
tuning_train,shil,16,203,0-8-15,0.0,dry_bean_uci,dry_bean_uci,37,37
tuning_train,shil,16,204,0-9-10,0.0,dry_bean_uci,dry_bean_uci,37,37
tuning_train,shil,16,205,0-9-11,0.0,dry_bean_uci,dry_bean_uci,37,37
tuning_train,shil,16,206,0-9-12,0.0,dry_bean_uci,dry_bean_uci,37,37
tuning_train,shil,16,207,0-9-13,0.0,dry_bean_uci,dry_bean_uci,37,37
tuning_train,shil,16,208,0-9-14,0.0,dry_bean_uci,dry_bean_uci,37,37
tuning_train,shil,16,209,0-9-15,0.0,dry_bean_uci,dry_bean_uci,37,37
tuning_train,shil,16,210,0-10-11,0.0,dry_bean_uci,dry_bean_uci,37,37
tuning_train,shil,16,211,0-10-12,0.0,dry_bean_uci,dry_bean_uci,37,37
tuning_train,shil,16,212,0-10-13,0.0,dry_bean_uci,dry_bean_uci,37,37
tuning_train,shil,16,213,0-10-14,0.0,dry_bean_uci,dry_bean_uci,37,37
tuning_train,shil,16,214,0-10-15,0.0,dry_bean_uci,dry_bean_uci,37,37
tuning_train,shil,16,215,0-11-12,0.0,dry_bean_uci,dry_bean_uci,37,37
tuning_train,shil,16,216,0-11-13,0.0,dry_bean_uci,dry_bean_uci,37,37
tuning_train,shil,16,217,0-11-14,0.0,dry_bean_uci,dry_bean_uci,37,37
tuning_train,shil,16,218,0-11-15,0.0,dry_bean_uci,dry_bean_uci,37,37
tuning_train,shil,16,219,0-12-13,0.0,dry_bean_uci,dry_bean_uci,37,37
tuning_train,shil,16,220,0-12-14,0.0,dry_bean_uci,dry_bean_uci,37,37
tuning_train,shil,16,221,0-12-15,0.0,dry_bean_uci,dry_bean_uci,37,37
tuning_train,shil,16,222,0-13-14,0.0,dry_bean_uci,dry_bean_uci,37,37
tuning_train,shil,16,223,0-13-15,0.0,dry_bean_uci,dry_bean_uci,37,37
tuning_train,shil,16,224,0-14-15,0.0,dry_bean_uci,dry_bean_uci,37,37
tuning_train,shil,16,225,1-2-3,0.0,dry_bean_uci,dry_bean_uci,37,37
tuning_train,shil,16,226,1-2-4,0.0,dry_bean_uci,dry_bean_uci,37,37
tuning_train,shil,16,227,1-2-5,0.0,dry_bean_uci,dry_bean_uci,37,37
tuning_train,shil,16,228,1-2-6,0.0,dry_bean_uci,dry_bean_uci,37,37
tuning_train,shil,16,229,1-2-7,0.0,dry_bean_uci,dry_bean_uci,37,37
tuning_train,shil,16,230,1-2-8,0.0,dry_bean_uci,dry_bean_uci,37,37
tuning_train,shil,16,231,1-2-9,0.0,dry_bean_uci,dry_bean_uci,37,37
tuning_train,shil,16,232,1-2-10,0.0,dry_bean_uci,dry_bean_uci,37,37
tuning_train,shil,16,233,1-2-11,0.0,dry_bean_uci,dry_bean_uci,37,37
tuning_train,shil,16,234,1-2-12,0.0,dry_bean_uci,dry_bean_uci,37,37
tuning_train,shil,16,235,1-2-13,0.0,dry_bean_uci,dry_bean_uci,37,37
tuning_train,shil,16,236,1-2-14,0.0,dry_bean_uci,dry_bean_uci,37,37
tuning_train,shil,16,237,1-2-15,0.0,dry_bean_uci,dry_bean_uci,37,37
tuning_train,shil,16,238,1-3-4,0.0,dry_bean_uci,dry_bean_uci,37,37
tuning_train,shil,16,239,1-3-5,0.0,dry_bean_uci,dry_bean_uci,37,37
tuning_train,shil,16,240,1-3-6,0.0,dry_bean_uci,dry_bean_uci,37,37
tuning_train,shil,16,241,1-3-7,0.0,dry_bean_uci,dry_bean_uci,37,37
tuning_train,shil,16,242,1-3-8,0.0,dry_bean_uci,dry_bean_uci,37,37
tuning_train,shil,16,243,1-3-9,0.0,dry_bean_uci,dry_bean_uci,37,37
tuning_train,shil,16,244,1-3-10,0.0,dry_bean_uci,dry_bean_uci,37,37
tuning_train,shil,16,245,1-3-11,0.0,dry_bean_uci,dry_bean_uci,37,37
tuning_train,shil,16,246,1-3-12,0.025,dry_bean_uci,dry_bean_uci,37,37
tuning_train,shil,16,247,1-3-13,0.0,dry_bean_uci,dry_bean_uci,37,37
tuning_train,shil,16,248,1-3-14,0.0,dry_bean_uci,dry_bean_uci,37,37
tuning_train,shil,16,249,1-3-15,0.0,dry_bean_uci,dry_bean_uci,37,37
tuning_train,shil,16,250,1-4-5,0.0,dry_bean_uci,dry_bean_uci,37,37
tuning_train,shil,16,251,1-4-6,0.0,dry_bean_uci,dry_bean_uci,37,37
tuning_train,shil,16,252,1-4-7,0.0,dry_bean_uci,dry_bean_uci,37,37
tuning_train,shil,16,253,1-4-8,0.0,dry_bean_uci,dry_bean_uci,37,37
tuning_train,shil,16,254,1-4-9,0.0,dry_bean_uci,dry_bean_uci,37,37
tuning_train,shil,16,255,1-4-10,0.0,dry_bean_uci,dry_bean_uci,37,37
tuning_train,shil,16,256,1-4-11,0.0,dry_bean_uci,dry_bean_uci,37,37
tuning_train,shil,16,257,1-4-12,0.0,dry_bean_uci,dry_bean_uci,37,37
tuning_train,shil,16,258,1-4-13,0.0,dry_bean_uci,dry_bean_uci,37,37
tuning_train,shil,16,259,1-4-14,0.0,dry_bean_uci,dry_bean_uci,37,37
tuning_train,shil,16,260,1-4-15,0.0,dry_bean_uci,dry_bean_uci,37,37
tuning_train,shil,16,261,1-5-6,0.0,dry_bean_uci,dry_bean_uci,37,37
tuning_train,shil,16,262,1-5-7,0.0,dry_bean_uci,dry_bean_uci,37,37
tuning_train,shil,16,263,1-5-8,0.0,dry_bean_uci,dry_bean_uci,37,37
tuning_train,shil,16,264,1-5-9,0.0,dry_bean_uci,dry_bean_uci,37,37
tuning_train,shil,16,265,1-5-10,0.0,dry_bean_uci,dry_bean_uci,37,37
tuning_train,shil,16,266,1-5-11,0.0,dry_bean_uci,dry_bean_uci,37,37
tuning_train,shil,16,267,1-5-12,0.0,dry_bean_uci,dry_bean_uci,37,37
tuning_train,shil,16,268,1-5-13,0.0,dry_bean_uci,dry_bean_uci,37,37
tuning_train,shil,16,269,1-5-14,0.0,dry_bean_uci,dry_bean_uci,37,37
tuning_train,shil,16,270,1-5-15,0.0,dry_bean_uci,dry_bean_uci,37,37
tuning_train,shil,16,271,1-6-7,0.0,dry_bean_uci,dry_bean_uci,37,37
tuning_train,shil,16,272,1-6-8,0.0,dry_bean_uci,dry_bean_uci,37,37
tuning_train,shil,16,273,1-6-9,0.0,dry_bean_uci,dry_bean_uci,37,37
tuning_train,shil,16,274,1-6-10,0.0,dry_bean_uci,dry_bean_uci,37,37
tuning_train,shil,16,275,1-6-11,0.0,dry_bean_uci,dry_bean_uci,37,37
tuning_train,shil,16,276,1-6-12,0.0,dry_bean_uci,dry_bean_uci,37,37
tuning_train,shil,16,277,1-6-13,0.0,dry_bean_uci,dry_bean_uci,37,37
tuning_train,shil,16,278,1-6-14,0.0,dry_bean_uci,dry_bean_uci,37,37
tuning_train,shil,16,279,1-6-15,0.0,dry_bean_uci,dry_bean_uci,37,37
tuning_train,shil,16,280,1-7-8,0.0,dry_bean_uci,dry_bean_uci,37,37
tuning_train,shil,16,281,1-7-9,0.0,dry_bean_uci,dry_bean_uci,37,37
tuning_train,shil,16,282,1-7-10,0.0,dry_bean_uci,dry_bean_uci,37,37
tuning_train,shil,16,283,1-7-11,0.0,dry_bean_uci,dry_bean_uci,37,37
tuning_train,shil,16,284,1-7-12,0.0,dry_bean_uci,dry_bean_uci,37,37
tuning_train,shil,16,285,1-7-13,0.0,dry_bean_uci,dry_bean_uci,37,37
tuning_train,shil,16,286,1-7-14,0.0,dry_bean_uci,dry_bean_uci,37,37
tuning_train,shil,16,287,1-7-15,0.0,dry_bean_uci,dry_bean_uci,37,37
tuning_train,shil,16,288,1-8-9,0.025,dry_bean_uci,dry_bean_uci,37,37
tuning_train,shil,16,289,1-8-10,0.0,dry_bean_uci,dry_bean_uci,37,37
tuning_train,shil,16,290,1-8-11,0.0,dry_bean_uci,dry_bean_uci,37,37
tuning_train,shil,16,291,1-8-12,0.0,dry_bean_uci,dry_bean_uci,37,37
tuning_train,shil,16,292,1-8-13,0.0,dry_bean_uci,dry_bean_uci,37,37
tuning_train,shil,16,293,1-8-14,0.0,dry_bean_uci,dry_bean_uci,37,37
tuning_train,shil,16,294,1-8-15,0.0,dry_bean_uci,dry_bean_uci,37,37
tuning_train,shil,16,295,1-9-10,0.85,dry_bean_uci,dry_bean_uci,37,37
tuning_train,shil,16,296,1-9-11,0.0,dry_bean_uci,dry_bean_uci,37,37
tuning_train,shil,16,297,1-9-12,0.0,dry_bean_uci,dry_bean_uci,37,37
tuning_train,shil,16,298,1-9-13,0.0,dry_bean_uci,dry_bean_uci,37,37
tuning_train,shil,16,299,1-9-14,0.0,dry_bean_uci,dry_bean_uci,37,37
tuning_train,shil,16,300,1-9-15,0.0,dry_bean_uci,dry_bean_uci,37,37
tuning_train,shil,16,301,1-10-11,0.0,dry_bean_uci,dry_bean_uci,37,37
tuning_train,shil,16,302,1-10-12,0.0,dry_bean_uci,dry_bean_uci,37,37
tuning_train,shil,16,303,1-10-13,0.0,dry_bean_uci,dry_bean_uci,37,37
tuning_train,shil,16,304,1-10-14,0.0,dry_bean_uci,dry_bean_uci,37,37
tuning_train,shil,16,305,1-10-15,0.0,dry_bean_uci,dry_bean_uci,37,37
tuning_train,shil,16,306,1-11-12,0.0,dry_bean_uci,dry_bean_uci,37,37
tuning_train,shil,16,307,1-11-13,0.0,dry_bean_uci,dry_bean_uci,37,37
tuning_train,shil,16,308,1-11-14,0.0,dry_bean_uci,dry_bean_uci,37,37
tuning_train,shil,16,309,1-11-15,0.0,dry_bean_uci,dry_bean_uci,37,37
tuning_train,shil,16,310,1-12-13,0.0,dry_bean_uci,dry_bean_uci,37,37
tuning_train,shil,16,311,1-12-14,0.0,dry_bean_uci,dry_bean_uci,37,37
tuning_train,shil,16,312,1-12-15,0.0,dry_bean_uci,dry_bean_uci,37,37
tuning_train,shil,16,313,1-13-14,0.0,dry_bean_uci,dry_bean_uci,37,37
tuning_train,shil,16,314,1-13-15,0.0,dry_bean_uci,dry_bean_uci,37,37
tuning_train,shil,16,315,1-14-15,0.0,dry_bean_uci,dry_bean_uci,37,37
tuning_train,shil,16,316,2-3-4,0.0,dry_bean_uci,dry_bean_uci,37,37
tuning_train,shil,16,317,2-3-5,0.0,dry_bean_uci,dry_bean_uci,37,37
tuning_train,shil,16,318,2-3-6,0.0,dry_bean_uci,dry_bean_uci,37,37
tuning_train,shil,16,319,2-3-7,0.0,dry_bean_uci,dry_bean_uci,37,37
tuning_train,shil,16,320,2-3-8,0.0,dry_bean_uci,dry_bean_uci,37,37
tuning_train,shil,16,321,2-3-9,0.0,dry_bean_uci,dry_bean_uci,37,37
tuning_train,shil,16,322,2-3-10,0.0,dry_bean_uci,dry_bean_uci,37,37
tuning_train,shil,16,323,2-3-11,0.0,dry_bean_uci,dry_bean_uci,37,37
tuning_train,shil,16,324,2-3-12,0.0,dry_bean_uci,dry_bean_uci,37,37
tuning_train,shil,16,325,2-3-13,0.0,dry_bean_uci,dry_bean_uci,37,37
tuning_train,shil,16,326,2-3-14,0.0,dry_bean_uci,dry_bean_uci,37,37
tuning_train,shil,16,327,2-3-15,0.0,dry_bean_uci,dry_bean_uci,37,37
tuning_train,shil,16,328,2-4-5,0.0,dry_bean_uci,dry_bean_uci,37,37
tuning_train,shil,16,329,2-4-6,0.0,dry_bean_uci,dry_bean_uci,37,37
tuning_train,shil,16,330,2-4-7,0.0,dry_bean_uci,dry_bean_uci,37,37
tuning_train,shil,16,331,2-4-8,0.0,dry_bean_uci,dry_bean_uci,37,37
tuning_train,shil,16,332,2-4-9,0.0,dry_bean_uci,dry_bean_uci,37,37
tuning_train,shil,16,333,2-4-10,0.0,dry_bean_uci,dry_bean_uci,37,37
tuning_train,shil,16,334,2-4-11,0.0,dry_bean_uci,dry_bean_uci,37,37
tuning_train,shil,16,335,2-4-12,0.0,dry_bean_uci,dry_bean_uci,37,37
tuning_train,shil,16,336,2-4-13,0.0,dry_bean_uci,dry_bean_uci,37,37
tuning_train,shil,16,337,2-4-14,0.0,dry_bean_uci,dry_bean_uci,37,37
tuning_train,shil,16,338,2-4-15,0.0,dry_bean_uci,dry_bean_uci,37,37
tuning_train,shil,16,339,2-5-6,0.0,dry_bean_uci,dry_bean_uci,37,37
tuning_train,shil,16,340,2-5-7,0.0,dry_bean_uci,dry_bean_uci,37,37
tuning_train,shil,16,341,2-5-8,0.0,dry_bean_uci,dry_bean_uci,37,37
tuning_train,shil,16,342,2-5-9,0.0,dry_bean_uci,dry_bean_uci,37,37
tuning_train,shil,16,343,2-5-10,0.0,dry_bean_uci,dry_bean_uci,37,37
tuning_train,shil,16,344,2-5-11,0.0,dry_bean_uci,dry_bean_uci,37,37
tuning_train,shil,16,345,2-5-12,0.0,dry_bean_uci,dry_bean_uci,37,37
tuning_train,shil,16,346,2-5-13,0.0,dry_bean_uci,dry_bean_uci,37,37
tuning_train,shil,16,347,2-5-14,0.0,dry_bean_uci,dry_bean_uci,37,37
tuning_train,shil,16,348,2-5-15,0.0,dry_bean_uci,dry_bean_uci,37,37
tuning_train,shil,16,349,2-6-7,0.0,dry_bean_uci,dry_bean_uci,37,37
tuning_train,shil,16,350,2-6-8,0.0,dry_bean_uci,dry_bean_uci,37,37
tuning_train,shil,16,351,2-6-9,0.0,dry_bean_uci,dry_bean_uci,37,37
tuning_train,shil,16,352,2-6-10,0.0,dry_bean_uci,dry_bean_uci,37,37
tuning_train,shil,16,353,2-6-11,0.0,dry_bean_uci,dry_bean_uci,37,37
tuning_train,shil,16,354,2-6-12,0.0,dry_bean_uci,dry_bean_uci,37,37
tuning_train,shil,16,355,2-6-13,0.0,dry_bean_uci,dry_bean_uci,37,37
tuning_train,shil,16,356,2-6-14,0.0,dry_bean_uci,dry_bean_uci,37,37
tuning_train,shil,16,357,2-6-15,0.0,dry_bean_uci,dry_bean_uci,37,37
tuning_train,shil,16,358,2-7-8,0.0,dry_bean_uci,dry_bean_uci,37,37
tuning_train,shil,16,359,2-7-9,0.0,dry_bean_uci,dry_bean_uci,37,37
tuning_train,shil,16,360,2-7-10,0.0,dry_bean_uci,dry_bean_uci,37,37
tuning_train,shil,16,361,2-7-11,0.0,dry_bean_uci,dry_bean_uci,37,37
tuning_train,shil,16,362,2-7-12,0.0,dry_bean_uci,dry_bean_uci,37,37
tuning_train,shil,16,363,2-7-13,0.0,dry_bean_uci,dry_bean_uci,37,37
tuning_train,shil,16,364,2-7-14,0.0,dry_bean_uci,dry_bean_uci,37,37
tuning_train,shil,16,365,2-7-15,0.0,dry_bean_uci,dry_bean_uci,37,37
tuning_train,shil,16,366,2-8-9,0.0,dry_bean_uci,dry_bean_uci,37,37
tuning_train,shil,16,367,2-8-10,0.0,dry_bean_uci,dry_bean_uci,37,37
tuning_train,shil,16,368,2-8-11,0.0,dry_bean_uci,dry_bean_uci,37,37
tuning_train,shil,16,369,2-8-12,0.0,dry_bean_uci,dry_bean_uci,37,37
tuning_train,shil,16,370,2-8-13,0.0,dry_bean_uci,dry_bean_uci,37,37
tuning_train,shil,16,371,2-8-14,0.0,dry_bean_uci,dry_bean_uci,37,37
tuning_train,shil,16,372,2-8-15,0.0,dry_bean_uci,dry_bean_uci,37,37
tuning_train,shil,16,373,2-9-10,0.0,dry_bean_uci,dry_bean_uci,37,37
tuning_train,shil,16,374,2-9-11,0.0,dry_bean_uci,dry_bean_uci,37,37
tuning_train,shil,16,375,2-9-12,0.0,dry_bean_uci,dry_bean_uci,37,37
tuning_train,shil,16,376,2-9-13,0.0,dry_bean_uci,dry_bean_uci,37,37
tuning_train,shil,16,377,2-9-14,0.0,dry_bean_uci,dry_bean_uci,37,37
tuning_train,shil,16,378,2-9-15,0.0,dry_bean_uci,dry_bean_uci,37,37
tuning_train,shil,16,379,2-10-11,0.0,dry_bean_uci,dry_bean_uci,37,37
tuning_train,shil,16,380,2-10-12,0.0,dry_bean_uci,dry_bean_uci,37,37
tuning_train,shil,16,381,2-10-13,0.0,dry_bean_uci,dry_bean_uci,37,37
tuning_train,shil,16,382,2-10-14,0.0,dry_bean_uci,dry_bean_uci,37,37
tuning_train,shil,16,383,2-10-15,0.0,dry_bean_uci,dry_bean_uci,37,37
tuning_train,shil,16,384,2-11-12,0.0,dry_bean_uci,dry_bean_uci,37,37
tuning_train,shil,16,385,2-11-13,0.0,dry_bean_uci,dry_bean_uci,37,37
tuning_train,shil,16,386,2-11-14,0.0,dry_bean_uci,dry_bean_uci,37,37
tuning_train,shil,16,387,2-11-15,0.0,dry_bean_uci,dry_bean_uci,37,37
tuning_train,shil,16,388,2-12-13,0.0,dry_bean_uci,dry_bean_uci,37,37
tuning_train,shil,16,389,2-12-14,0.0,dry_bean_uci,dry_bean_uci,37,37
tuning_train,shil,16,390,2-12-15,0.0,dry_bean_uci,dry_bean_uci,37,37
tuning_train,shil,16,391,2-13-14,0.0,dry_bean_uci,dry_bean_uci,37,37
tuning_train,shil,16,392,2-13-15,0.025,dry_bean_uci,dry_bean_uci,37,37
tuning_train,shil,16,393,2-14-15,0.0,dry_bean_uci,dry_bean_uci,37,37
tuning_train,shil,16,394,3-4-5,0.0,dry_bean_uci,dry_bean_uci,37,37
tuning_train,shil,16,395,3-4-6,0.0,dry_bean_uci,dry_bean_uci,37,37
tuning_train,shil,16,396,3-4-7,0.0,dry_bean_uci,dry_bean_uci,37,37
tuning_train,shil,16,397,3-4-8,0.0,dry_bean_uci,dry_bean_uci,37,37
tuning_train,shil,16,398,3-4-9,0.0,dry_bean_uci,dry_bean_uci,37,37
tuning_train,shil,16,399,3-4-10,0.0,dry_bean_uci,dry_bean_uci,37,37
tuning_train,shil,16,400,3-4-11,0.0,dry_bean_uci,dry_bean_uci,37,37
tuning_train,shil,16,401,3-4-12,0.0,dry_bean_uci,dry_bean_uci,37,37
tuning_train,shil,16,402,3-4-13,0.0,dry_bean_uci,dry_bean_uci,37,37
tuning_train,shil,16,403,3-4-14,0.0,dry_bean_uci,dry_bean_uci,37,37
tuning_train,shil,16,404,3-4-15,0.0,dry_bean_uci,dry_bean_uci,37,37
tuning_train,shil,16,405,3-5-6,0.0,dry_bean_uci,dry_bean_uci,37,37
tuning_train,shil,16,406,3-5-7,0.0,dry_bean_uci,dry_bean_uci,37,37
tuning_train,shil,16,407,3-5-8,0.0,dry_bean_uci,dry_bean_uci,37,37
tuning_train,shil,16,408,3-5-9,0.0,dry_bean_uci,dry_bean_uci,37,37
tuning_train,shil,16,409,3-5-10,0.0,dry_bean_uci,dry_bean_uci,37,37
tuning_train,shil,16,410,3-5-11,0.0,dry_bean_uci,dry_bean_uci,37,37
tuning_train,shil,16,411,3-5-12,0.0,dry_bean_uci,dry_bean_uci,37,37
tuning_train,shil,16,412,3-5-13,0.0,dry_bean_uci,dry_bean_uci,37,37
tuning_train,shil,16,413,3-5-14,0.0,dry_bean_uci,dry_bean_uci,37,37
tuning_train,shil,16,414,3-5-15,0.0,dry_bean_uci,dry_bean_uci,37,37
tuning_train,shil,16,415,3-6-7,0.0,dry_bean_uci,dry_bean_uci,37,37
tuning_train,shil,16,416,3-6-8,0.0,dry_bean_uci,dry_bean_uci,37,37
tuning_train,shil,16,417,3-6-9,0.0,dry_bean_uci,dry_bean_uci,37,37
tuning_train,shil,16,418,3-6-10,0.0,dry_bean_uci,dry_bean_uci,37,37
tuning_train,shil,16,419,3-6-11,0.0,dry_bean_uci,dry_bean_uci,37,37
tuning_train,shil,16,420,3-6-12,0.0,dry_bean_uci,dry_bean_uci,37,37
tuning_train,shil,16,421,3-6-13,0.0,dry_bean_uci,dry_bean_uci,37,37
tuning_train,shil,16,422,3-6-14,0.0,dry_bean_uci,dry_bean_uci,37,37
tuning_train,shil,16,423,3-6-15,0.0,dry_bean_uci,dry_bean_uci,37,37
tuning_train,shil,16,424,3-7-8,0.0,dry_bean_uci,dry_bean_uci,37,37
tuning_train,shil,16,425,3-7-9,0.0,dry_bean_uci,dry_bean_uci,37,37
tuning_train,shil,16,426,3-7-10,0.0,dry_bean_uci,dry_bean_uci,37,37
tuning_train,shil,16,427,3-7-11,0.0,dry_bean_uci,dry_bean_uci,37,37
tuning_train,shil,16,428,3-7-12,0.025,dry_bean_uci,dry_bean_uci,37,37
tuning_train,shil,16,429,3-7-13,0.0,dry_bean_uci,dry_bean_uci,37,37
tuning_train,shil,16,430,3-7-14,0.0,dry_bean_uci,dry_bean_uci,37,37
tuning_train,shil,16,431,3-7-15,0.0,dry_bean_uci,dry_bean_uci,37,37
tuning_train,shil,16,432,3-8-9,0.0,dry_bean_uci,dry_bean_uci,37,37
tuning_train,shil,16,433,3-8-10,0.0,dry_bean_uci,dry_bean_uci,37,37
tuning_train,shil,16,434,3-8-11,0.0,dry_bean_uci,dry_bean_uci,37,37
tuning_train,shil,16,435,3-8-12,0.0,dry_bean_uci,dry_bean_uci,37,37
tuning_train,shil,16,436,3-8-13,0.0,dry_bean_uci,dry_bean_uci,37,37
tuning_train,shil,16,437,3-8-14,0.0,dry_bean_uci,dry_bean_uci,37,37
tuning_train,shil,16,438,3-8-15,0.0,dry_bean_uci,dry_bean_uci,37,37
tuning_train,shil,16,439,3-9-10,0.075,dry_bean_uci,dry_bean_uci,37,37
tuning_train,shil,16,440,3-9-11,0.0,dry_bean_uci,dry_bean_uci,37,37
tuning_train,shil,16,441,3-9-12,0.0,dry_bean_uci,dry_bean_uci,37,37
tuning_train,shil,16,442,3-9-13,0.0,dry_bean_uci,dry_bean_uci,37,37
tuning_train,shil,16,443,3-9-14,0.0,dry_bean_uci,dry_bean_uci,37,37
tuning_train,shil,16,444,3-9-15,0.0,dry_bean_uci,dry_bean_uci,37,37
tuning_train,shil,16,445,3-10-11,0.0,dry_bean_uci,dry_bean_uci,37,37
tuning_train,shil,16,446,3-10-12,0.05,dry_bean_uci,dry_bean_uci,37,37
tuning_train,shil,16,447,3-10-13,0.0,dry_bean_uci,dry_bean_uci,37,37
tuning_train,shil,16,448,3-10-14,0.0,dry_bean_uci,dry_bean_uci,37,37
tuning_train,shil,16,449,3-10-15,0.0,dry_bean_uci,dry_bean_uci,37,37
tuning_train,shil,16,450,3-11-12,0.0,dry_bean_uci,dry_bean_uci,37,37
tuning_train,shil,16,451,3-11-13,0.0,dry_bean_uci,dry_bean_uci,37,37
tuning_train,shil,16,452,3-11-14,0.0,dry_bean_uci,dry_bean_uci,37,37
tuning_train,shil,16,453,3-11-15,0.0,dry_bean_uci,dry_bean_uci,37,37
tuning_train,shil,16,454,3-12-13,0.325,dry_bean_uci,dry_bean_uci,37,37
tuning_train,shil,16,455,3-12-14,0.0,dry_bean_uci,dry_bean_uci,37,37
tuning_train,shil,16,456,3-12-15,0.0,dry_bean_uci,dry_bean_uci,37,37
tuning_train,shil,16,457,3-13-14,0.0,dry_bean_uci,dry_bean_uci,37,37
tuning_train,shil,16,458,3-13-15,0.0,dry_bean_uci,dry_bean_uci,37,37
tuning_train,shil,16,459,3-14-15,0.0,dry_bean_uci,dry_bean_uci,37,37
tuning_train,shil,16,460,4-5-6,0.0,dry_bean_uci,dry_bean_uci,37,37
tuning_train,shil,16,461,4-5-7,0.0,dry_bean_uci,dry_bean_uci,37,37
tuning_train,shil,16,462,4-5-8,0.0,dry_bean_uci,dry_bean_uci,37,37
tuning_train,shil,16,463,4-5-9,0.0,dry_bean_uci,dry_bean_uci,37,37
tuning_train,shil,16,464,4-5-10,0.0,dry_bean_uci,dry_bean_uci,37,37
tuning_train,shil,16,465,4-5-11,0.0,dry_bean_uci,dry_bean_uci,37,37
tuning_train,shil,16,466,4-5-12,0.0,dry_bean_uci,dry_bean_uci,37,37
tuning_train,shil,16,467,4-5-13,0.0,dry_bean_uci,dry_bean_uci,37,37
tuning_train,shil,16,468,4-5-14,0.0,dry_bean_uci,dry_bean_uci,37,37
tuning_train,shil,16,469,4-5-15,0.0,dry_bean_uci,dry_bean_uci,37,37
tuning_train,shil,16,470,4-6-7,0.0,dry_bean_uci,dry_bean_uci,37,37
tuning_train,shil,16,471,4-6-8,0.0,dry_bean_uci,dry_bean_uci,37,37
tuning_train,shil,16,472,4-6-9,0.0,dry_bean_uci,dry_bean_uci,37,37
tuning_train,shil,16,473,4-6-10,0.0,dry_bean_uci,dry_bean_uci,37,37
tuning_train,shil,16,474,4-6-11,0.0,dry_bean_uci,dry_bean_uci,37,37
tuning_train,shil,16,475,4-6-12,0.0,dry_bean_uci,dry_bean_uci,37,37
tuning_train,shil,16,476,4-6-13,0.0,dry_bean_uci,dry_bean_uci,37,37
tuning_train,shil,16,477,4-6-14,0.0,dry_bean_uci,dry_bean_uci,37,37
tuning_train,shil,16,478,4-6-15,0.0,dry_bean_uci,dry_bean_uci,37,37
tuning_train,shil,16,479,4-7-8,0.0,dry_bean_uci,dry_bean_uci,37,37
tuning_train,shil,16,480,4-7-9,0.0,dry_bean_uci,dry_bean_uci,37,37
tuning_train,shil,16,481,4-7-10,0.0,dry_bean_uci,dry_bean_uci,37,37
tuning_train,shil,16,482,4-7-11,0.0,dry_bean_uci,dry_bean_uci,37,37
tuning_train,shil,16,483,4-7-12,0.0,dry_bean_uci,dry_bean_uci,37,37
tuning_train,shil,16,484,4-7-13,0.0,dry_bean_uci,dry_bean_uci,37,37
tuning_train,shil,16,485,4-7-14,0.0,dry_bean_uci,dry_bean_uci,37,37
tuning_train,shil,16,486,4-7-15,0.0,dry_bean_uci,dry_bean_uci,37,37
tuning_train,shil,16,487,4-8-9,0.025,dry_bean_uci,dry_bean_uci,37,37
tuning_train,shil,16,488,4-8-10,0.0,dry_bean_uci,dry_bean_uci,37,37
tuning_train,shil,16,489,4-8-11,0.0,dry_bean_uci,dry_bean_uci,37,37
tuning_train,shil,16,490,4-8-12,0.0,dry_bean_uci,dry_bean_uci,37,37
tuning_train,shil,16,491,4-8-13,0.0,dry_bean_uci,dry_bean_uci,37,37
tuning_train,shil,16,492,4-8-14,0.0,dry_bean_uci,dry_bean_uci,37,37
tuning_train,shil,16,493,4-8-15,0.0,dry_bean_uci,dry_bean_uci,37,37
tuning_train,shil,16,494,4-9-10,0.0,dry_bean_uci,dry_bean_uci,37,37
tuning_train,shil,16,495,4-9-11,0.0,dry_bean_uci,dry_bean_uci,37,37
tuning_train,shil,16,496,4-9-12,0.0,dry_bean_uci,dry_bean_uci,37,37
tuning_train,shil,16,497,4-9-13,0.0,dry_bean_uci,dry_bean_uci,37,37
tuning_train,shil,16,498,4-9-14,0.0,dry_bean_uci,dry_bean_uci,37,37
tuning_train,shil,16,499,4-9-15,0.0,dry_bean_uci,dry_bean_uci,37,37
tuning_train,shil,16,500,4-10-11,0.025,dry_bean_uci,dry_bean_uci,37,37
tuning_train,shil,16,501,4-10-12,0.0,dry_bean_uci,dry_bean_uci,37,37
tuning_train,shil,16,502,4-10-13,0.0,dry_bean_uci,dry_bean_uci,37,37
tuning_train,shil,16,503,4-10-14,0.0,dry_bean_uci,dry_bean_uci,37,37
tuning_train,shil,16,504,4-10-15,0.0,dry_bean_uci,dry_bean_uci,37,37
tuning_train,shil,16,505,4-11-12,0.0,dry_bean_uci,dry_bean_uci,37,37
tuning_train,shil,16,506,4-11-13,0.0,dry_bean_uci,dry_bean_uci,37,37
tuning_train,shil,16,507,4-11-14,0.075,dry_bean_uci,dry_bean_uci,37,37
tuning_train,shil,16,508,4-11-15,0.0,dry_bean_uci,dry_bean_uci,37,37
tuning_train,shil,16,509,4-12-13,0.0,dry_bean_uci,dry_bean_uci,37,37
tuning_train,shil,16,510,4-12-14,0.0,dry_bean_uci,dry_bean_uci,37,37
tuning_train,shil,16,511,4-12-15,0.0,dry_bean_uci,dry_bean_uci,37,37
tuning_train,shil,16,512,4-13-14,0.0,dry_bean_uci,dry_bean_uci,37,37
tuning_train,shil,16,513,4-13-15,0.0,dry_bean_uci,dry_bean_uci,37,37
tuning_train,shil,16,514,4-14-15,0.0,dry_bean_uci,dry_bean_uci,37,37
tuning_train,shil,16,515,5-6-7,0.0,dry_bean_uci,dry_bean_uci,37,37
tuning_train,shil,16,516,5-6-8,0.0,dry_bean_uci,dry_bean_uci,37,37
tuning_train,shil,16,517,5-6-9,0.0,dry_bean_uci,dry_bean_uci,37,37
tuning_train,shil,16,518,5-6-10,0.0,dry_bean_uci,dry_bean_uci,37,37
tuning_train,shil,16,519,5-6-11,0.0,dry_bean_uci,dry_bean_uci,37,37
tuning_train,shil,16,520,5-6-12,0.0,dry_bean_uci,dry_bean_uci,37,37
tuning_train,shil,16,521,5-6-13,0.0,dry_bean_uci,dry_bean_uci,37,37
tuning_train,shil,16,522,5-6-14,0.0,dry_bean_uci,dry_bean_uci,37,37
tuning_train,shil,16,523,5-6-15,0.0,dry_bean_uci,dry_bean_uci,37,37
tuning_train,shil,16,524,5-7-8,0.0,dry_bean_uci,dry_bean_uci,37,37
tuning_train,shil,16,525,5-7-9,0.0,dry_bean_uci,dry_bean_uci,37,37
tuning_train,shil,16,526,5-7-10,0.0,dry_bean_uci,dry_bean_uci,37,37
tuning_train,shil,16,527,5-7-11,0.0,dry_bean_uci,dry_bean_uci,37,37
tuning_train,shil,16,528,5-7-12,0.0,dry_bean_uci,dry_bean_uci,37,37
tuning_train,shil,16,529,5-7-13,0.0,dry_bean_uci,dry_bean_uci,37,37
tuning_train,shil,16,530,5-7-14,0.0,dry_bean_uci,dry_bean_uci,37,37
tuning_train,shil,16,531,5-7-15,0.0,dry_bean_uci,dry_bean_uci,37,37
tuning_train,shil,16,532,5-8-9,0.0,dry_bean_uci,dry_bean_uci,37,37
tuning_train,shil,16,533,5-8-10,0.0,dry_bean_uci,dry_bean_uci,37,37
tuning_train,shil,16,534,5-8-11,0.0,dry_bean_uci,dry_bean_uci,37,37
tuning_train,shil,16,535,5-8-12,0.0,dry_bean_uci,dry_bean_uci,37,37
tuning_train,shil,16,536,5-8-13,0.0,dry_bean_uci,dry_bean_uci,37,37
tuning_train,shil,16,537,5-8-14,0.0,dry_bean_uci,dry_bean_uci,37,37
tuning_train,shil,16,538,5-8-15,0.0,dry_bean_uci,dry_bean_uci,37,37
tuning_train,shil,16,539,5-9-10,0.05,dry_bean_uci,dry_bean_uci,37,37
tuning_train,shil,16,540,5-9-11,0.0,dry_bean_uci,dry_bean_uci,37,37
tuning_train,shil,16,541,5-9-12,0.0,dry_bean_uci,dry_bean_uci,37,37
tuning_train,shil,16,542,5-9-13,0.0,dry_bean_uci,dry_bean_uci,37,37
tuning_train,shil,16,543,5-9-14,0.0,dry_bean_uci,dry_bean_uci,37,37
tuning_train,shil,16,544,5-9-15,0.0,dry_bean_uci,dry_bean_uci,37,37
tuning_train,shil,16,545,5-10-11,0.0,dry_bean_uci,dry_bean_uci,37,37
tuning_train,shil,16,546,5-10-12,0.0,dry_bean_uci,dry_bean_uci,37,37
tuning_train,shil,16,547,5-10-13,0.0,dry_bean_uci,dry_bean_uci,37,37
tuning_train,shil,16,548,5-10-14,0.0,dry_bean_uci,dry_bean_uci,37,37
tuning_train,shil,16,549,5-10-15,0.0,dry_bean_uci,dry_bean_uci,37,37
tuning_train,shil,16,550,5-11-12,0.0,dry_bean_uci,dry_bean_uci,37,37
tuning_train,shil,16,551,5-11-13,0.0,dry_bean_uci,dry_bean_uci,37,37
tuning_train,shil,16,552,5-11-14,0.0,dry_bean_uci,dry_bean_uci,37,37
tuning_train,shil,16,553,5-11-15,0.0,dry_bean_uci,dry_bean_uci,37,37
tuning_train,shil,16,554,5-12-13,0.0,dry_bean_uci,dry_bean_uci,37,37
tuning_train,shil,16,555,5-12-14,0.0,dry_bean_uci,dry_bean_uci,37,37
tuning_train,shil,16,556,5-12-15,0.0,dry_bean_uci,dry_bean_uci,37,37
tuning_train,shil,16,557,5-13-14,0.0,dry_bean_uci,dry_bean_uci,37,37
tuning_train,shil,16,558,5-13-15,0.0,dry_bean_uci,dry_bean_uci,37,37
tuning_train,shil,16,559,5-14-15,0.025,dry_bean_uci,dry_bean_uci,37,37
tuning_train,shil,16,560,6-7-8,0.0,dry_bean_uci,dry_bean_uci,37,37
tuning_train,shil,16,561,6-7-9,0.0,dry_bean_uci,dry_bean_uci,37,37
tuning_train,shil,16,562,6-7-10,0.0,dry_bean_uci,dry_bean_uci,37,37
tuning_train,shil,16,563,6-7-11,0.0,dry_bean_uci,dry_bean_uci,37,37
tuning_train,shil,16,564,6-7-12,0.0,dry_bean_uci,dry_bean_uci,37,37
tuning_train,shil,16,565,6-7-13,0.0,dry_bean_uci,dry_bean_uci,37,37
tuning_train,shil,16,566,6-7-14,0.0,dry_bean_uci,dry_bean_uci,37,37
tuning_train,shil,16,567,6-7-15,0.0,dry_bean_uci,dry_bean_uci,37,37
tuning_train,shil,16,568,6-8-9,0.0,dry_bean_uci,dry_bean_uci,37,37
tuning_train,shil,16,569,6-8-10,0.0,dry_bean_uci,dry_bean_uci,37,37
tuning_train,shil,16,570,6-8-11,0.0,dry_bean_uci,dry_bean_uci,37,37
tuning_train,shil,16,571,6-8-12,0.0,dry_bean_uci,dry_bean_uci,37,37
tuning_train,shil,16,572,6-8-13,0.0,dry_bean_uci,dry_bean_uci,37,37
tuning_train,shil,16,573,6-8-14,0.0,dry_bean_uci,dry_bean_uci,37,37
tuning_train,shil,16,574,6-8-15,0.0,dry_bean_uci,dry_bean_uci,37,37
tuning_train,shil,16,575,6-9-10,0.0,dry_bean_uci,dry_bean_uci,37,37
tuning_train,shil,16,576,6-9-11,0.0,dry_bean_uci,dry_bean_uci,37,37
tuning_train,shil,16,577,6-9-12,0.0,dry_bean_uci,dry_bean_uci,37,37
tuning_train,shil,16,578,6-9-13,0.0,dry_bean_uci,dry_bean_uci,37,37
tuning_train,shil,16,579,6-9-14,0.0,dry_bean_uci,dry_bean_uci,37,37
tuning_train,shil,16,580,6-9-15,0.0,dry_bean_uci,dry_bean_uci,37,37
tuning_train,shil,16,581,6-10-11,0.0,dry_bean_uci,dry_bean_uci,37,37
tuning_train,shil,16,582,6-10-12,0.0,dry_bean_uci,dry_bean_uci,37,37
tuning_train,shil,16,583,6-10-13,0.0,dry_bean_uci,dry_bean_uci,37,37
tuning_train,shil,16,584,6-10-14,0.0,dry_bean_uci,dry_bean_uci,37,37
tuning_train,shil,16,585,6-10-15,0.0,dry_bean_uci,dry_bean_uci,37,37
tuning_train,shil,16,586,6-11-12,0.0,dry_bean_uci,dry_bean_uci,37,37
tuning_train,shil,16,587,6-11-13,0.0,dry_bean_uci,dry_bean_uci,37,37
tuning_train,shil,16,588,6-11-14,0.0,dry_bean_uci,dry_bean_uci,37,37
tuning_train,shil,16,589,6-11-15,0.0,dry_bean_uci,dry_bean_uci,37,37
tuning_train,shil,16,590,6-12-13,0.0,dry_bean_uci,dry_bean_uci,37,37
tuning_train,shil,16,591,6-12-14,0.0,dry_bean_uci,dry_bean_uci,37,37
tuning_train,shil,16,592,6-12-15,0.0,dry_bean_uci,dry_bean_uci,37,37
tuning_train,shil,16,593,6-13-14,0.0,dry_bean_uci,dry_bean_uci,37,37
tuning_train,shil,16,594,6-13-15,0.0,dry_bean_uci,dry_bean_uci,37,37
tuning_train,shil,16,595,6-14-15,0.0,dry_bean_uci,dry_bean_uci,37,37
tuning_train,shil,16,596,7-8-9,0.0,dry_bean_uci,dry_bean_uci,37,37
tuning_train,shil,16,597,7-8-10,0.0,dry_bean_uci,dry_bean_uci,37,37
tuning_train,shil,16,598,7-8-11,0.0,dry_bean_uci,dry_bean_uci,37,37
tuning_train,shil,16,599,7-8-12,0.0,dry_bean_uci,dry_bean_uci,37,37
tuning_train,shil,16,600,7-8-13,0.0,dry_bean_uci,dry_bean_uci,37,37
tuning_train,shil,16,601,7-8-14,0.0,dry_bean_uci,dry_bean_uci,37,37
tuning_train,shil,16,602,7-8-15,0.0,dry_bean_uci,dry_bean_uci,37,37
tuning_train,shil,16,603,7-9-10,0.0,dry_bean_uci,dry_bean_uci,37,37
tuning_train,shil,16,604,7-9-11,0.0,dry_bean_uci,dry_bean_uci,37,37
tuning_train,shil,16,605,7-9-12,0.0,dry_bean_uci,dry_bean_uci,37,37
tuning_train,shil,16,606,7-9-13,0.0,dry_bean_uci,dry_bean_uci,37,37
tuning_train,shil,16,607,7-9-14,0.0,dry_bean_uci,dry_bean_uci,37,37
tuning_train,shil,16,608,7-9-15,0.0,dry_bean_uci,dry_bean_uci,37,37
tuning_train,shil,16,609,7-10-11,0.0,dry_bean_uci,dry_bean_uci,37,37
tuning_train,shil,16,610,7-10-12,0.0,dry_bean_uci,dry_bean_uci,37,37
tuning_train,shil,16,611,7-10-13,0.0,dry_bean_uci,dry_bean_uci,37,37
tuning_train,shil,16,612,7-10-14,0.0,dry_bean_uci,dry_bean_uci,37,37
tuning_train,shil,16,613,7-10-15,0.0,dry_bean_uci,dry_bean_uci,37,37
tuning_train,shil,16,614,7-11-12,0.0,dry_bean_uci,dry_bean_uci,37,37
tuning_train,shil,16,615,7-11-13,0.0,dry_bean_uci,dry_bean_uci,37,37
tuning_train,shil,16,616,7-11-14,0.0,dry_bean_uci,dry_bean_uci,37,37
tuning_train,shil,16,617,7-11-15,0.0,dry_bean_uci,dry_bean_uci,37,37
tuning_train,shil,16,618,7-12-13,0.05,dry_bean_uci,dry_bean_uci,37,37
tuning_train,shil,16,619,7-12-14,0.0,dry_bean_uci,dry_bean_uci,37,37
tuning_train,shil,16,620,7-12-15,0.0,dry_bean_uci,dry_bean_uci,37,37
tuning_train,shil,16,621,7-13-14,0.0,dry_bean_uci,dry_bean_uci,37,37
tuning_train,shil,16,622,7-13-15,0.0,dry_bean_uci,dry_bean_uci,37,37
tuning_train,shil,16,623,7-14-15,0.0,dry_bean_uci,dry_bean_uci,37,37
tuning_train,shil,16,624,8-9-10,0.3,dry_bean_uci,dry_bean_uci,37,37
tuning_train,shil,16,625,8-9-11,0.0,dry_bean_uci,dry_bean_uci,37,37
tuning_train,shil,16,626,8-9-12,0.0,dry_bean_uci,dry_bean_uci,37,37
tuning_train,shil,16,627,8-9-13,0.0,dry_bean_uci,dry_bean_uci,37,37
tuning_train,shil,16,628,8-9-14,0.0,dry_bean_uci,dry_bean_uci,37,37
tuning_train,shil,16,629,8-9-15,0.025,dry_bean_uci,dry_bean_uci,37,37
tuning_train,shil,16,630,8-10-11,0.0,dry_bean_uci,dry_bean_uci,37,37
tuning_train,shil,16,631,8-10-12,0.0,dry_bean_uci,dry_bean_uci,37,37
tuning_train,shil,16,632,8-10-13,0.0,dry_bean_uci,dry_bean_uci,37,37
tuning_train,shil,16,633,8-10-14,0.0,dry_bean_uci,dry_bean_uci,37,37
tuning_train,shil,16,634,8-10-15,0.0,dry_bean_uci,dry_bean_uci,37,37
tuning_train,shil,16,635,8-11-12,0.0,dry_bean_uci,dry_bean_uci,37,37
tuning_train,shil,16,636,8-11-13,0.0,dry_bean_uci,dry_bean_uci,37,37
tuning_train,shil,16,637,8-11-14,0.0,dry_bean_uci,dry_bean_uci,37,37
tuning_train,shil,16,638,8-11-15,0.0,dry_bean_uci,dry_bean_uci,37,37
tuning_train,shil,16,639,8-12-13,0.0,dry_bean_uci,dry_bean_uci,37,37
tuning_train,shil,16,640,8-12-14,0.0,dry_bean_uci,dry_bean_uci,37,37
tuning_train,shil,16,641,8-12-15,0.1,dry_bean_uci,dry_bean_uci,37,37
tuning_train,shil,16,642,8-13-14,0.0,dry_bean_uci,dry_bean_uci,37,37
tuning_train,shil,16,643,8-13-15,0.0,dry_bean_uci,dry_bean_uci,37,37
tuning_train,shil,16,644,8-14-15,0.0,dry_bean_uci,dry_bean_uci,37,37
tuning_train,shil,16,645,9-10-11,0.0,dry_bean_uci,dry_bean_uci,37,37
tuning_train,shil,16,646,9-10-12,0.925,dry_bean_uci,dry_bean_uci,37,37
tuning_train,shil,16,647,9-10-13,0.15,dry_bean_uci,dry_bean_uci,37,37
tuning_train,shil,16,648,9-10-14,0.0,dry_bean_uci,dry_bean_uci,37,37
tuning_train,shil,16,649,9-10-15,0.625,dry_bean_uci,dry_bean_uci,37,37
tuning_train,shil,16,650,9-11-12,0.0,dry_bean_uci,dry_bean_uci,37,37
tuning_train,shil,16,651,9-11-13,0.0,dry_bean_uci,dry_bean_uci,37,37
tuning_train,shil,16,652,9-11-14,0.0,dry_bean_uci,dry_bean_uci,37,37
tuning_train,shil,16,653,9-11-15,0.0,dry_bean_uci,dry_bean_uci,37,37
tuning_train,shil,16,654,9-12-13,0.0,dry_bean_uci,dry_bean_uci,37,37
tuning_train,shil,16,655,9-12-14,0.0,dry_bean_uci,dry_bean_uci,37,37
tuning_train,shil,16,656,9-12-15,0.35,dry_bean_uci,dry_bean_uci,37,37
tuning_train,shil,16,657,9-13-14,0.0,dry_bean_uci,dry_bean_uci,37,37
tuning_train,shil,16,658,9-13-15,0.0,dry_bean_uci,dry_bean_uci,37,37
tuning_train,shil,16,659,9-14-15,0.0,dry_bean_uci,dry_bean_uci,37,37
tuning_train,shil,16,660,10-11-12,0.0,dry_bean_uci,dry_bean_uci,37,37
tuning_train,shil,16,661,10-11-13,0.0,dry_bean_uci,dry_bean_uci,37,37
tuning_train,shil,16,662,10-11-14,0.0,dry_bean_uci,dry_bean_uci,37,37
tuning_train,shil,16,663,10-11-15,0.0,dry_bean_uci,dry_bean_uci,37,37
tuning_train,shil,16,664,10-12-13,0.0,dry_bean_uci,dry_bean_uci,37,37
tuning_train,shil,16,665,10-12-14,0.0,dry_bean_uci,dry_bean_uci,37,37
tuning_train,shil,16,666,10-12-15,0.0,dry_bean_uci,dry_bean_uci,37,37
tuning_train,shil,16,667,10-13-14,0.0,dry_bean_uci,dry_bean_uci,37,37
tuning_train,shil,16,668,10-13-15,0.0,dry_bean_uci,dry_bean_uci,37,37
tuning_train,shil,16,669,10-14-15,0.0,dry_bean_uci,dry_bean_uci,37,37
tuning_train,shil,16,670,11-12-13,0.0,dry_bean_uci,dry_bean_uci,37,37
tuning_train,shil,16,671,11-12-14,0.0,dry_bean_uci,dry_bean_uci,37,37
tuning_train,shil,16,672,11-12-15,0.0,dry_bean_uci,dry_bean_uci,37,37
tuning_train,shil,16,673,11-13-14,0.0,dry_bean_uci,dry_bean_uci,37,37
tuning_train,shil,16,674,11-13-15,0.0,dry_bean_uci,dry_bean_uci,37,37
tuning_train,shil,16,675,11-14-15,0.0,dry_bean_uci,dry_bean_uci,37,37
tuning_train,shil,16,676,12-13-14,0.0,dry_bean_uci,dry_bean_uci,37,37
tuning_train,shil,16,677,12-13-15,0.0,dry_bean_uci,dry_bean_uci,37,37
tuning_train,shil,16,678,12-14-15,0.0,dry_bean_uci,dry_bean_uci,37,37
tuning_train,shil,16,679,13-14-15,0.0,dry_bean_uci,dry_bean_uci,37,37
final_development,shil,4,0,0-1,0.0,dry_bean_uci,dry_bean_uci,37,37
final_development,shil,4,1,0-2,0.0,dry_bean_uci,dry_bean_uci,37,37
final_development,shil,4,2,0-3,0.0,dry_bean_uci,dry_bean_uci,37,37
final_development,shil,4,3,0-4,0.0,dry_bean_uci,dry_bean_uci,37,37
final_development,shil,4,4,0-5,0.0,dry_bean_uci,dry_bean_uci,37,37
final_development,shil,4,5,0-6,0.0,dry_bean_uci,dry_bean_uci,37,37
final_development,shil,4,6,0-7,0.0,dry_bean_uci,dry_bean_uci,37,37
final_development,shil,4,7,0-8,0.0,dry_bean_uci,dry_bean_uci,37,37
final_development,shil,4,8,0-9,0.0,dry_bean_uci,dry_bean_uci,37,37
final_development,shil,4,9,0-10,0.0,dry_bean_uci,dry_bean_uci,37,37
final_development,shil,4,10,0-11,0.0,dry_bean_uci,dry_bean_uci,37,37
final_development,shil,4,11,0-12,0.025,dry_bean_uci,dry_bean_uci,37,37
final_development,shil,4,12,0-13,0.0,dry_bean_uci,dry_bean_uci,37,37
final_development,shil,4,13,0-14,0.0,dry_bean_uci,dry_bean_uci,37,37
final_development,shil,4,14,0-15,0.0,dry_bean_uci,dry_bean_uci,37,37
final_development,shil,4,15,1-2,0.0,dry_bean_uci,dry_bean_uci,37,37
final_development,shil,4,16,1-3,0.0,dry_bean_uci,dry_bean_uci,37,37
final_development,shil,4,17,1-4,0.0,dry_bean_uci,dry_bean_uci,37,37
final_development,shil,4,18,1-5,0.0,dry_bean_uci,dry_bean_uci,37,37
final_development,shil,4,19,1-6,0.0,dry_bean_uci,dry_bean_uci,37,37
final_development,shil,4,20,1-7,0.0,dry_bean_uci,dry_bean_uci,37,37
final_development,shil,4,21,1-8,0.0,dry_bean_uci,dry_bean_uci,37,37
final_development,shil,4,22,1-9,0.0,dry_bean_uci,dry_bean_uci,37,37
final_development,shil,4,23,1-10,0.0,dry_bean_uci,dry_bean_uci,37,37
final_development,shil,4,24,1-11,0.0,dry_bean_uci,dry_bean_uci,37,37
final_development,shil,4,25,1-12,0.2,dry_bean_uci,dry_bean_uci,37,37
final_development,shil,4,26,1-13,0.0,dry_bean_uci,dry_bean_uci,37,37
final_development,shil,4,27,1-14,0.0,dry_bean_uci,dry_bean_uci,37,37
final_development,shil,4,28,1-15,0.0,dry_bean_uci,dry_bean_uci,37,37
final_development,shil,4,29,2-3,0.0,dry_bean_uci,dry_bean_uci,37,37
final_development,shil,4,30,2-4,0.0,dry_bean_uci,dry_bean_uci,37,37
final_development,shil,4,31,2-5,0.0,dry_bean_uci,dry_bean_uci,37,37
final_development,shil,4,32,2-6,0.0,dry_bean_uci,dry_bean_uci,37,37
final_development,shil,4,33,2-7,0.0,dry_bean_uci,dry_bean_uci,37,37
final_development,shil,4,34,2-8,0.0,dry_bean_uci,dry_bean_uci,37,37
final_development,shil,4,35,2-9,0.0,dry_bean_uci,dry_bean_uci,37,37
final_development,shil,4,36,2-10,0.0,dry_bean_uci,dry_bean_uci,37,37
final_development,shil,4,37,2-11,0.0,dry_bean_uci,dry_bean_uci,37,37
final_development,shil,4,38,2-12,0.0,dry_bean_uci,dry_bean_uci,37,37
final_development,shil,4,39,2-13,0.0,dry_bean_uci,dry_bean_uci,37,37
final_development,shil,4,40,2-14,0.0,dry_bean_uci,dry_bean_uci,37,37
final_development,shil,4,41,2-15,0.0,dry_bean_uci,dry_bean_uci,37,37
final_development,shil,4,42,3-4,0.0,dry_bean_uci,dry_bean_uci,37,37
final_development,shil,4,43,3-5,0.0,dry_bean_uci,dry_bean_uci,37,37
final_development,shil,4,44,3-6,0.0,dry_bean_uci,dry_bean_uci,37,37
final_development,shil,4,45,3-7,0.0,dry_bean_uci,dry_bean_uci,37,37
final_development,shil,4,46,3-8,0.0,dry_bean_uci,dry_bean_uci,37,37
final_development,shil,4,47,3-9,0.0,dry_bean_uci,dry_bean_uci,37,37
final_development,shil,4,48,3-10,0.075,dry_bean_uci,dry_bean_uci,37,37
final_development,shil,4,49,3-11,0.0,dry_bean_uci,dry_bean_uci,37,37
final_development,shil,4,50,3-12,1.0,dry_bean_uci,dry_bean_uci,37,37
final_development,shil,4,51,3-13,0.0,dry_bean_uci,dry_bean_uci,37,37
final_development,shil,4,52,3-14,0.0,dry_bean_uci,dry_bean_uci,37,37
final_development,shil,4,53,3-15,0.0,dry_bean_uci,dry_bean_uci,37,37
final_development,shil,4,54,4-5,0.0,dry_bean_uci,dry_bean_uci,37,37
final_development,shil,4,55,4-6,0.0,dry_bean_uci,dry_bean_uci,37,37
final_development,shil,4,56,4-7,0.0,dry_bean_uci,dry_bean_uci,37,37
final_development,shil,4,57,4-8,0.0,dry_bean_uci,dry_bean_uci,37,37
final_development,shil,4,58,4-9,0.0,dry_bean_uci,dry_bean_uci,37,37
final_development,shil,4,59,4-10,0.0,dry_bean_uci,dry_bean_uci,37,37
final_development,shil,4,60,4-11,0.0,dry_bean_uci,dry_bean_uci,37,37
final_development,shil,4,61,4-12,0.0,dry_bean_uci,dry_bean_uci,37,37
final_development,shil,4,62,4-13,0.0,dry_bean_uci,dry_bean_uci,37,37
final_development,shil,4,63,4-14,0.0,dry_bean_uci,dry_bean_uci,37,37
final_development,shil,4,64,4-15,0.0,dry_bean_uci,dry_bean_uci,37,37
final_development,shil,4,65,5-6,0.0,dry_bean_uci,dry_bean_uci,37,37
final_development,shil,4,66,5-7,0.0,dry_bean_uci,dry_bean_uci,37,37
final_development,shil,4,67,5-8,0.0,dry_bean_uci,dry_bean_uci,37,37
final_development,shil,4,68,5-9,0.0,dry_bean_uci,dry_bean_uci,37,37
final_development,shil,4,69,5-10,0.0,dry_bean_uci,dry_bean_uci,37,37
final_development,shil,4,70,5-11,0.0,dry_bean_uci,dry_bean_uci,37,37
final_development,shil,4,71,5-12,0.0,dry_bean_uci,dry_bean_uci,37,37
final_development,shil,4,72,5-13,0.0,dry_bean_uci,dry_bean_uci,37,37
final_development,shil,4,73,5-14,0.0,dry_bean_uci,dry_bean_uci,37,37
final_development,shil,4,74,5-15,0.0,dry_bean_uci,dry_bean_uci,37,37
final_development,shil,4,75,6-7,0.0,dry_bean_uci,dry_bean_uci,37,37
final_development,shil,4,76,6-8,0.0,dry_bean_uci,dry_bean_uci,37,37
final_development,shil,4,77,6-9,0.0,dry_bean_uci,dry_bean_uci,37,37
final_development,shil,4,78,6-10,0.0,dry_bean_uci,dry_bean_uci,37,37
final_development,shil,4,79,6-11,0.0,dry_bean_uci,dry_bean_uci,37,37
final_development,shil,4,80,6-12,0.425,dry_bean_uci,dry_bean_uci,37,37
final_development,shil,4,81,6-13,0.0,dry_bean_uci,dry_bean_uci,37,37
final_development,shil,4,82,6-14,0.0,dry_bean_uci,dry_bean_uci,37,37
final_development,shil,4,83,6-15,0.0,dry_bean_uci,dry_bean_uci,37,37
final_development,shil,4,84,7-8,0.0,dry_bean_uci,dry_bean_uci,37,37
final_development,shil,4,85,7-9,0.0,dry_bean_uci,dry_bean_uci,37,37
final_development,shil,4,86,7-10,0.0,dry_bean_uci,dry_bean_uci,37,37
final_development,shil,4,87,7-11,0.0,dry_bean_uci,dry_bean_uci,37,37
final_development,shil,4,88,7-12,0.0,dry_bean_uci,dry_bean_uci,37,37
final_development,shil,4,89,7-13,0.0,dry_bean_uci,dry_bean_uci,37,37
final_development,shil,4,90,7-14,0.0,dry_bean_uci,dry_bean_uci,37,37
final_development,shil,4,91,7-15,0.0,dry_bean_uci,dry_bean_uci,37,37
final_development,shil,4,92,8-9,0.0,dry_bean_uci,dry_bean_uci,37,37
final_development,shil,4,93,8-10,0.025,dry_bean_uci,dry_bean_uci,37,37
final_development,shil,4,94,8-11,0.0,dry_bean_uci,dry_bean_uci,37,37
final_development,shil,4,95,8-12,0.0,dry_bean_uci,dry_bean_uci,37,37
final_development,shil,4,96,8-13,0.0,dry_bean_uci,dry_bean_uci,37,37
final_development,shil,4,97,8-14,0.0,dry_bean_uci,dry_bean_uci,37,37
final_development,shil,4,98,8-15,0.0,dry_bean_uci,dry_bean_uci,37,37
final_development,shil,4,99,9-10,0.075,dry_bean_uci,dry_bean_uci,37,37
final_development,shil,4,100,9-11,0.0,dry_bean_uci,dry_bean_uci,37,37
final_development,shil,4,101,9-12,0.05,dry_bean_uci,dry_bean_uci,37,37
final_development,shil,4,102,9-13,0.0,dry_bean_uci,dry_bean_uci,37,37
final_development,shil,4,103,9-14,0.0,dry_bean_uci,dry_bean_uci,37,37
final_development,shil,4,104,9-15,0.0,dry_bean_uci,dry_bean_uci,37,37
final_development,shil,4,105,10-11,0.0,dry_bean_uci,dry_bean_uci,37,37
final_development,shil,4,106,10-12,1.0,dry_bean_uci,dry_bean_uci,37,37
final_development,shil,4,107,10-13,0.225,dry_bean_uci,dry_bean_uci,37,37
final_development,shil,4,108,10-14,0.0,dry_bean_uci,dry_bean_uci,37,37
final_development,shil,4,109,10-15,0.45,dry_bean_uci,dry_bean_uci,37,37
final_development,shil,4,110,11-12,0.0,dry_bean_uci,dry_bean_uci,37,37
final_development,shil,4,111,11-13,0.0,dry_bean_uci,dry_bean_uci,37,37
final_development,shil,4,112,11-14,0.0,dry_bean_uci,dry_bean_uci,37,37
final_development,shil,4,113,11-15,0.0,dry_bean_uci,dry_bean_uci,37,37
final_development,shil,4,114,12-13,0.0,dry_bean_uci,dry_bean_uci,37,37
final_development,shil,4,115,12-14,0.0,dry_bean_uci,dry_bean_uci,37,37
final_development,shil,4,116,12-15,0.025,dry_bean_uci,dry_bean_uci,37,37
final_development,shil,4,117,13-14,0.0,dry_bean_uci,dry_bean_uci,37,37
final_development,shil,4,118,13-15,0.0,dry_bean_uci,dry_bean_uci,37,37
final_development,shil,4,119,14-15,0.0,dry_bean_uci,dry_bean_uci,37,37
final_development,shil,4,120,0-1-2,0.0,dry_bean_uci,dry_bean_uci,37,37
final_development,shil,4,121,0-1-3,0.0,dry_bean_uci,dry_bean_uci,37,37
final_development,shil,4,122,0-1-4,0.0,dry_bean_uci,dry_bean_uci,37,37
final_development,shil,4,123,0-1-5,0.0,dry_bean_uci,dry_bean_uci,37,37
final_development,shil,4,124,0-1-6,0.0,dry_bean_uci,dry_bean_uci,37,37
final_development,shil,4,125,0-1-7,0.0,dry_bean_uci,dry_bean_uci,37,37
final_development,shil,4,126,0-1-8,0.0,dry_bean_uci,dry_bean_uci,37,37
final_development,shil,4,127,0-1-9,0.0,dry_bean_uci,dry_bean_uci,37,37
final_development,shil,4,128,0-1-10,0.0,dry_bean_uci,dry_bean_uci,37,37
final_development,shil,4,129,0-1-11,0.0,dry_bean_uci,dry_bean_uci,37,37
final_development,shil,4,130,0-1-12,0.0,dry_bean_uci,dry_bean_uci,37,37
final_development,shil,4,131,0-1-13,0.0,dry_bean_uci,dry_bean_uci,37,37
final_development,shil,4,132,0-1-14,0.0,dry_bean_uci,dry_bean_uci,37,37
final_development,shil,4,133,0-1-15,0.0,dry_bean_uci,dry_bean_uci,37,37
final_development,shil,4,134,0-2-3,0.0,dry_bean_uci,dry_bean_uci,37,37
final_development,shil,4,135,0-2-4,0.0,dry_bean_uci,dry_bean_uci,37,37
final_development,shil,4,136,0-2-5,0.0,dry_bean_uci,dry_bean_uci,37,37
final_development,shil,4,137,0-2-6,0.0,dry_bean_uci,dry_bean_uci,37,37
final_development,shil,4,138,0-2-7,0.0,dry_bean_uci,dry_bean_uci,37,37
final_development,shil,4,139,0-2-8,0.0,dry_bean_uci,dry_bean_uci,37,37
final_development,shil,4,140,0-2-9,0.0,dry_bean_uci,dry_bean_uci,37,37
final_development,shil,4,141,0-2-10,0.0,dry_bean_uci,dry_bean_uci,37,37
final_development,shil,4,142,0-2-11,0.0,dry_bean_uci,dry_bean_uci,37,37
final_development,shil,4,143,0-2-12,0.0,dry_bean_uci,dry_bean_uci,37,37
final_development,shil,4,144,0-2-13,0.0,dry_bean_uci,dry_bean_uci,37,37
final_development,shil,4,145,0-2-14,0.0,dry_bean_uci,dry_bean_uci,37,37
final_development,shil,4,146,0-2-15,0.0,dry_bean_uci,dry_bean_uci,37,37
final_development,shil,4,147,0-3-4,0.0,dry_bean_uci,dry_bean_uci,37,37
final_development,shil,4,148,0-3-5,0.0,dry_bean_uci,dry_bean_uci,37,37
final_development,shil,4,149,0-3-6,0.0,dry_bean_uci,dry_bean_uci,37,37
final_development,shil,4,150,0-3-7,0.0,dry_bean_uci,dry_bean_uci,37,37
final_development,shil,4,151,0-3-8,0.0,dry_bean_uci,dry_bean_uci,37,37
final_development,shil,4,152,0-3-9,0.0,dry_bean_uci,dry_bean_uci,37,37
final_development,shil,4,153,0-3-10,0.0,dry_bean_uci,dry_bean_uci,37,37
final_development,shil,4,154,0-3-11,0.0,dry_bean_uci,dry_bean_uci,37,37
final_development,shil,4,155,0-3-12,0.0,dry_bean_uci,dry_bean_uci,37,37
final_development,shil,4,156,0-3-13,0.0,dry_bean_uci,dry_bean_uci,37,37
final_development,shil,4,157,0-3-14,0.0,dry_bean_uci,dry_bean_uci,37,37
final_development,shil,4,158,0-3-15,0.0,dry_bean_uci,dry_bean_uci,37,37
final_development,shil,4,159,0-4-5,0.0,dry_bean_uci,dry_bean_uci,37,37
final_development,shil,4,160,0-4-6,0.0,dry_bean_uci,dry_bean_uci,37,37
final_development,shil,4,161,0-4-7,0.0,dry_bean_uci,dry_bean_uci,37,37
final_development,shil,4,162,0-4-8,0.0,dry_bean_uci,dry_bean_uci,37,37
final_development,shil,4,163,0-4-9,0.0,dry_bean_uci,dry_bean_uci,37,37
final_development,shil,4,164,0-4-10,0.0,dry_bean_uci,dry_bean_uci,37,37
final_development,shil,4,165,0-4-11,0.0,dry_bean_uci,dry_bean_uci,37,37
final_development,shil,4,166,0-4-12,0.0,dry_bean_uci,dry_bean_uci,37,37
final_development,shil,4,167,0-4-13,0.0,dry_bean_uci,dry_bean_uci,37,37
final_development,shil,4,168,0-4-14,0.0,dry_bean_uci,dry_bean_uci,37,37
final_development,shil,4,169,0-4-15,0.0,dry_bean_uci,dry_bean_uci,37,37
final_development,shil,4,170,0-5-6,0.0,dry_bean_uci,dry_bean_uci,37,37
final_development,shil,4,171,0-5-7,0.0,dry_bean_uci,dry_bean_uci,37,37
final_development,shil,4,172,0-5-8,0.0,dry_bean_uci,dry_bean_uci,37,37
final_development,shil,4,173,0-5-9,0.0,dry_bean_uci,dry_bean_uci,37,37
final_development,shil,4,174,0-5-10,0.0,dry_bean_uci,dry_bean_uci,37,37
final_development,shil,4,175,0-5-11,0.0,dry_bean_uci,dry_bean_uci,37,37
final_development,shil,4,176,0-5-12,0.0,dry_bean_uci,dry_bean_uci,37,37
final_development,shil,4,177,0-5-13,0.0,dry_bean_uci,dry_bean_uci,37,37
final_development,shil,4,178,0-5-14,0.0,dry_bean_uci,dry_bean_uci,37,37
final_development,shil,4,179,0-5-15,0.0,dry_bean_uci,dry_bean_uci,37,37
final_development,shil,4,180,0-6-7,0.0,dry_bean_uci,dry_bean_uci,37,37
final_development,shil,4,181,0-6-8,0.0,dry_bean_uci,dry_bean_uci,37,37
final_development,shil,4,182,0-6-9,0.0,dry_bean_uci,dry_bean_uci,37,37
final_development,shil,4,183,0-6-10,0.0,dry_bean_uci,dry_bean_uci,37,37
final_development,shil,4,184,0-6-11,0.0,dry_bean_uci,dry_bean_uci,37,37
final_development,shil,4,185,0-6-12,0.0,dry_bean_uci,dry_bean_uci,37,37
final_development,shil,4,186,0-6-13,0.0,dry_bean_uci,dry_bean_uci,37,37
final_development,shil,4,187,0-6-14,0.0,dry_bean_uci,dry_bean_uci,37,37
final_development,shil,4,188,0-6-15,0.0,dry_bean_uci,dry_bean_uci,37,37
final_development,shil,4,189,0-7-8,0.0,dry_bean_uci,dry_bean_uci,37,37
final_development,shil,4,190,0-7-9,0.0,dry_bean_uci,dry_bean_uci,37,37
final_development,shil,4,191,0-7-10,0.0,dry_bean_uci,dry_bean_uci,37,37
final_development,shil,4,192,0-7-11,0.0,dry_bean_uci,dry_bean_uci,37,37
final_development,shil,4,193,0-7-12,0.0,dry_bean_uci,dry_bean_uci,37,37
final_development,shil,4,194,0-7-13,0.0,dry_bean_uci,dry_bean_uci,37,37
final_development,shil,4,195,0-7-14,0.0,dry_bean_uci,dry_bean_uci,37,37
final_development,shil,4,196,0-7-15,0.0,dry_bean_uci,dry_bean_uci,37,37
final_development,shil,4,197,0-8-9,0.0,dry_bean_uci,dry_bean_uci,37,37
final_development,shil,4,198,0-8-10,0.0,dry_bean_uci,dry_bean_uci,37,37
final_development,shil,4,199,0-8-11,0.0,dry_bean_uci,dry_bean_uci,37,37
final_development,shil,4,200,0-8-12,0.0,dry_bean_uci,dry_bean_uci,37,37
final_development,shil,4,201,0-8-13,0.0,dry_bean_uci,dry_bean_uci,37,37
final_development,shil,4,202,0-8-14,0.0,dry_bean_uci,dry_bean_uci,37,37
final_development,shil,4,203,0-8-15,0.0,dry_bean_uci,dry_bean_uci,37,37
final_development,shil,4,204,0-9-10,0.0,dry_bean_uci,dry_bean_uci,37,37
final_development,shil,4,205,0-9-11,0.0,dry_bean_uci,dry_bean_uci,37,37
final_development,shil,4,206,0-9-12,0.0,dry_bean_uci,dry_bean_uci,37,37
final_development,shil,4,207,0-9-13,0.0,dry_bean_uci,dry_bean_uci,37,37
final_development,shil,4,208,0-9-14,0.0,dry_bean_uci,dry_bean_uci,37,37
final_development,shil,4,209,0-9-15,0.0,dry_bean_uci,dry_bean_uci,37,37
final_development,shil,4,210,0-10-11,0.0,dry_bean_uci,dry_bean_uci,37,37
final_development,shil,4,211,0-10-12,0.0,dry_bean_uci,dry_bean_uci,37,37
final_development,shil,4,212,0-10-13,0.0,dry_bean_uci,dry_bean_uci,37,37
final_development,shil,4,213,0-10-14,0.0,dry_bean_uci,dry_bean_uci,37,37
final_development,shil,4,214,0-10-15,0.0,dry_bean_uci,dry_bean_uci,37,37
final_development,shil,4,215,0-11-12,0.0,dry_bean_uci,dry_bean_uci,37,37
final_development,shil,4,216,0-11-13,0.0,dry_bean_uci,dry_bean_uci,37,37
final_development,shil,4,217,0-11-14,0.0,dry_bean_uci,dry_bean_uci,37,37
final_development,shil,4,218,0-11-15,0.0,dry_bean_uci,dry_bean_uci,37,37
final_development,shil,4,219,0-12-13,0.0,dry_bean_uci,dry_bean_uci,37,37
final_development,shil,4,220,0-12-14,0.0,dry_bean_uci,dry_bean_uci,37,37
final_development,shil,4,221,0-12-15,0.0,dry_bean_uci,dry_bean_uci,37,37
final_development,shil,4,222,0-13-14,0.0,dry_bean_uci,dry_bean_uci,37,37
final_development,shil,4,223,0-13-15,0.0,dry_bean_uci,dry_bean_uci,37,37
final_development,shil,4,224,0-14-15,0.0,dry_bean_uci,dry_bean_uci,37,37
final_development,shil,4,225,1-2-3,0.0,dry_bean_uci,dry_bean_uci,37,37
final_development,shil,4,226,1-2-4,0.0,dry_bean_uci,dry_bean_uci,37,37
final_development,shil,4,227,1-2-5,0.0,dry_bean_uci,dry_bean_uci,37,37
final_development,shil,4,228,1-2-6,0.0,dry_bean_uci,dry_bean_uci,37,37
final_development,shil,4,229,1-2-7,0.0,dry_bean_uci,dry_bean_uci,37,37
final_development,shil,4,230,1-2-8,0.0,dry_bean_uci,dry_bean_uci,37,37
final_development,shil,4,231,1-2-9,0.0,dry_bean_uci,dry_bean_uci,37,37
final_development,shil,4,232,1-2-10,0.0,dry_bean_uci,dry_bean_uci,37,37
final_development,shil,4,233,1-2-11,0.0,dry_bean_uci,dry_bean_uci,37,37
final_development,shil,4,234,1-2-12,0.0,dry_bean_uci,dry_bean_uci,37,37
final_development,shil,4,235,1-2-13,0.0,dry_bean_uci,dry_bean_uci,37,37
final_development,shil,4,236,1-2-14,0.0,dry_bean_uci,dry_bean_uci,37,37
final_development,shil,4,237,1-2-15,0.0,dry_bean_uci,dry_bean_uci,37,37
final_development,shil,4,238,1-3-4,0.0,dry_bean_uci,dry_bean_uci,37,37
final_development,shil,4,239,1-3-5,0.0,dry_bean_uci,dry_bean_uci,37,37
final_development,shil,4,240,1-3-6,0.0,dry_bean_uci,dry_bean_uci,37,37
final_development,shil,4,241,1-3-7,0.0,dry_bean_uci,dry_bean_uci,37,37
final_development,shil,4,242,1-3-8,0.0,dry_bean_uci,dry_bean_uci,37,37
final_development,shil,4,243,1-3-9,0.0,dry_bean_uci,dry_bean_uci,37,37
final_development,shil,4,244,1-3-10,0.0,dry_bean_uci,dry_bean_uci,37,37
final_development,shil,4,245,1-3-11,0.0,dry_bean_uci,dry_bean_uci,37,37
final_development,shil,4,246,1-3-12,0.0,dry_bean_uci,dry_bean_uci,37,37
final_development,shil,4,247,1-3-13,0.0,dry_bean_uci,dry_bean_uci,37,37
final_development,shil,4,248,1-3-14,0.0,dry_bean_uci,dry_bean_uci,37,37
final_development,shil,4,249,1-3-15,0.0,dry_bean_uci,dry_bean_uci,37,37
final_development,shil,4,250,1-4-5,0.0,dry_bean_uci,dry_bean_uci,37,37
final_development,shil,4,251,1-4-6,0.0,dry_bean_uci,dry_bean_uci,37,37
final_development,shil,4,252,1-4-7,0.0,dry_bean_uci,dry_bean_uci,37,37
final_development,shil,4,253,1-4-8,0.0,dry_bean_uci,dry_bean_uci,37,37
final_development,shil,4,254,1-4-9,0.0,dry_bean_uci,dry_bean_uci,37,37
final_development,shil,4,255,1-4-10,0.0,dry_bean_uci,dry_bean_uci,37,37
final_development,shil,4,256,1-4-11,0.0,dry_bean_uci,dry_bean_uci,37,37
final_development,shil,4,257,1-4-12,0.0,dry_bean_uci,dry_bean_uci,37,37
final_development,shil,4,258,1-4-13,0.0,dry_bean_uci,dry_bean_uci,37,37
final_development,shil,4,259,1-4-14,0.0,dry_bean_uci,dry_bean_uci,37,37
final_development,shil,4,260,1-4-15,0.0,dry_bean_uci,dry_bean_uci,37,37
final_development,shil,4,261,1-5-6,0.0,dry_bean_uci,dry_bean_uci,37,37
final_development,shil,4,262,1-5-7,0.0,dry_bean_uci,dry_bean_uci,37,37
final_development,shil,4,263,1-5-8,0.0,dry_bean_uci,dry_bean_uci,37,37
final_development,shil,4,264,1-5-9,0.0,dry_bean_uci,dry_bean_uci,37,37
final_development,shil,4,265,1-5-10,0.0,dry_bean_uci,dry_bean_uci,37,37
final_development,shil,4,266,1-5-11,0.0,dry_bean_uci,dry_bean_uci,37,37
final_development,shil,4,267,1-5-12,0.0,dry_bean_uci,dry_bean_uci,37,37
final_development,shil,4,268,1-5-13,0.0,dry_bean_uci,dry_bean_uci,37,37
final_development,shil,4,269,1-5-14,0.0,dry_bean_uci,dry_bean_uci,37,37
final_development,shil,4,270,1-5-15,0.0,dry_bean_uci,dry_bean_uci,37,37
final_development,shil,4,271,1-6-7,0.0,dry_bean_uci,dry_bean_uci,37,37
final_development,shil,4,272,1-6-8,0.0,dry_bean_uci,dry_bean_uci,37,37
final_development,shil,4,273,1-6-9,0.0,dry_bean_uci,dry_bean_uci,37,37
final_development,shil,4,274,1-6-10,0.0,dry_bean_uci,dry_bean_uci,37,37
final_development,shil,4,275,1-6-11,0.0,dry_bean_uci,dry_bean_uci,37,37
final_development,shil,4,276,1-6-12,0.0,dry_bean_uci,dry_bean_uci,37,37
final_development,shil,4,277,1-6-13,0.0,dry_bean_uci,dry_bean_uci,37,37
final_development,shil,4,278,1-6-14,0.0,dry_bean_uci,dry_bean_uci,37,37
final_development,shil,4,279,1-6-15,0.0,dry_bean_uci,dry_bean_uci,37,37
final_development,shil,4,280,1-7-8,0.0,dry_bean_uci,dry_bean_uci,37,37
final_development,shil,4,281,1-7-9,0.0,dry_bean_uci,dry_bean_uci,37,37
final_development,shil,4,282,1-7-10,0.0,dry_bean_uci,dry_bean_uci,37,37
final_development,shil,4,283,1-7-11,0.0,dry_bean_uci,dry_bean_uci,37,37
final_development,shil,4,284,1-7-12,0.0,dry_bean_uci,dry_bean_uci,37,37
final_development,shil,4,285,1-7-13,0.0,dry_bean_uci,dry_bean_uci,37,37
final_development,shil,4,286,1-7-14,0.0,dry_bean_uci,dry_bean_uci,37,37
final_development,shil,4,287,1-7-15,0.0,dry_bean_uci,dry_bean_uci,37,37
final_development,shil,4,288,1-8-9,0.0,dry_bean_uci,dry_bean_uci,37,37
final_development,shil,4,289,1-8-10,0.0,dry_bean_uci,dry_bean_uci,37,37
final_development,shil,4,290,1-8-11,0.0,dry_bean_uci,dry_bean_uci,37,37
final_development,shil,4,291,1-8-12,0.0,dry_bean_uci,dry_bean_uci,37,37
final_development,shil,4,292,1-8-13,0.0,dry_bean_uci,dry_bean_uci,37,37
final_development,shil,4,293,1-8-14,0.0,dry_bean_uci,dry_bean_uci,37,37
final_development,shil,4,294,1-8-15,0.0,dry_bean_uci,dry_bean_uci,37,37
final_development,shil,4,295,1-9-10,0.15,dry_bean_uci,dry_bean_uci,37,37
final_development,shil,4,296,1-9-11,0.0,dry_bean_uci,dry_bean_uci,37,37
final_development,shil,4,297,1-9-12,0.0,dry_bean_uci,dry_bean_uci,37,37
final_development,shil,4,298,1-9-13,0.0,dry_bean_uci,dry_bean_uci,37,37
final_development,shil,4,299,1-9-14,0.0,dry_bean_uci,dry_bean_uci,37,37
final_development,shil,4,300,1-9-15,0.0,dry_bean_uci,dry_bean_uci,37,37
final_development,shil,4,301,1-10-11,0.0,dry_bean_uci,dry_bean_uci,37,37
final_development,shil,4,302,1-10-12,0.0,dry_bean_uci,dry_bean_uci,37,37
final_development,shil,4,303,1-10-13,0.0,dry_bean_uci,dry_bean_uci,37,37
final_development,shil,4,304,1-10-14,0.0,dry_bean_uci,dry_bean_uci,37,37
final_development,shil,4,305,1-10-15,0.0,dry_bean_uci,dry_bean_uci,37,37
final_development,shil,4,306,1-11-12,0.0,dry_bean_uci,dry_bean_uci,37,37
final_development,shil,4,307,1-11-13,0.0,dry_bean_uci,dry_bean_uci,37,37
final_development,shil,4,308,1-11-14,0.0,dry_bean_uci,dry_bean_uci,37,37
final_development,shil,4,309,1-11-15,0.0,dry_bean_uci,dry_bean_uci,37,37
final_development,shil,4,310,1-12-13,0.0,dry_bean_uci,dry_bean_uci,37,37
final_development,shil,4,311,1-12-14,0.0,dry_bean_uci,dry_bean_uci,37,37
final_development,shil,4,312,1-12-15,0.0,dry_bean_uci,dry_bean_uci,37,37
final_development,shil,4,313,1-13-14,0.0,dry_bean_uci,dry_bean_uci,37,37
final_development,shil,4,314,1-13-15,0.0,dry_bean_uci,dry_bean_uci,37,37
final_development,shil,4,315,1-14-15,0.0,dry_bean_uci,dry_bean_uci,37,37
final_development,shil,4,316,2-3-4,0.0,dry_bean_uci,dry_bean_uci,37,37
final_development,shil,4,317,2-3-5,0.0,dry_bean_uci,dry_bean_uci,37,37
final_development,shil,4,318,2-3-6,0.0,dry_bean_uci,dry_bean_uci,37,37
final_development,shil,4,319,2-3-7,0.0,dry_bean_uci,dry_bean_uci,37,37
final_development,shil,4,320,2-3-8,0.0,dry_bean_uci,dry_bean_uci,37,37
final_development,shil,4,321,2-3-9,0.0,dry_bean_uci,dry_bean_uci,37,37
final_development,shil,4,322,2-3-10,0.0,dry_bean_uci,dry_bean_uci,37,37
final_development,shil,4,323,2-3-11,0.0,dry_bean_uci,dry_bean_uci,37,37
final_development,shil,4,324,2-3-12,0.0,dry_bean_uci,dry_bean_uci,37,37
final_development,shil,4,325,2-3-13,0.0,dry_bean_uci,dry_bean_uci,37,37
final_development,shil,4,326,2-3-14,0.0,dry_bean_uci,dry_bean_uci,37,37
final_development,shil,4,327,2-3-15,0.0,dry_bean_uci,dry_bean_uci,37,37
final_development,shil,4,328,2-4-5,0.0,dry_bean_uci,dry_bean_uci,37,37
final_development,shil,4,329,2-4-6,0.0,dry_bean_uci,dry_bean_uci,37,37
final_development,shil,4,330,2-4-7,0.0,dry_bean_uci,dry_bean_uci,37,37
final_development,shil,4,331,2-4-8,0.0,dry_bean_uci,dry_bean_uci,37,37
final_development,shil,4,332,2-4-9,0.0,dry_bean_uci,dry_bean_uci,37,37
final_development,shil,4,333,2-4-10,0.0,dry_bean_uci,dry_bean_uci,37,37
final_development,shil,4,334,2-4-11,0.0,dry_bean_uci,dry_bean_uci,37,37
final_development,shil,4,335,2-4-12,0.0,dry_bean_uci,dry_bean_uci,37,37
final_development,shil,4,336,2-4-13,0.0,dry_bean_uci,dry_bean_uci,37,37
final_development,shil,4,337,2-4-14,0.0,dry_bean_uci,dry_bean_uci,37,37
final_development,shil,4,338,2-4-15,0.0,dry_bean_uci,dry_bean_uci,37,37
final_development,shil,4,339,2-5-6,0.0,dry_bean_uci,dry_bean_uci,37,37
final_development,shil,4,340,2-5-7,0.0,dry_bean_uci,dry_bean_uci,37,37
final_development,shil,4,341,2-5-8,0.0,dry_bean_uci,dry_bean_uci,37,37
final_development,shil,4,342,2-5-9,0.0,dry_bean_uci,dry_bean_uci,37,37
final_development,shil,4,343,2-5-10,0.0,dry_bean_uci,dry_bean_uci,37,37
final_development,shil,4,344,2-5-11,0.0,dry_bean_uci,dry_bean_uci,37,37
final_development,shil,4,345,2-5-12,0.0,dry_bean_uci,dry_bean_uci,37,37
final_development,shil,4,346,2-5-13,0.0,dry_bean_uci,dry_bean_uci,37,37
final_development,shil,4,347,2-5-14,0.0,dry_bean_uci,dry_bean_uci,37,37
final_development,shil,4,348,2-5-15,0.0,dry_bean_uci,dry_bean_uci,37,37
final_development,shil,4,349,2-6-7,0.0,dry_bean_uci,dry_bean_uci,37,37
final_development,shil,4,350,2-6-8,0.0,dry_bean_uci,dry_bean_uci,37,37
final_development,shil,4,351,2-6-9,0.0,dry_bean_uci,dry_bean_uci,37,37
final_development,shil,4,352,2-6-10,0.0,dry_bean_uci,dry_bean_uci,37,37
final_development,shil,4,353,2-6-11,0.0,dry_bean_uci,dry_bean_uci,37,37
final_development,shil,4,354,2-6-12,0.0,dry_bean_uci,dry_bean_uci,37,37
final_development,shil,4,355,2-6-13,0.0,dry_bean_uci,dry_bean_uci,37,37
final_development,shil,4,356,2-6-14,0.0,dry_bean_uci,dry_bean_uci,37,37
final_development,shil,4,357,2-6-15,0.0,dry_bean_uci,dry_bean_uci,37,37
final_development,shil,4,358,2-7-8,0.0,dry_bean_uci,dry_bean_uci,37,37
final_development,shil,4,359,2-7-9,0.0,dry_bean_uci,dry_bean_uci,37,37
final_development,shil,4,360,2-7-10,0.0,dry_bean_uci,dry_bean_uci,37,37
final_development,shil,4,361,2-7-11,0.0,dry_bean_uci,dry_bean_uci,37,37
final_development,shil,4,362,2-7-12,0.0,dry_bean_uci,dry_bean_uci,37,37
final_development,shil,4,363,2-7-13,0.0,dry_bean_uci,dry_bean_uci,37,37
final_development,shil,4,364,2-7-14,0.0,dry_bean_uci,dry_bean_uci,37,37
final_development,shil,4,365,2-7-15,0.0,dry_bean_uci,dry_bean_uci,37,37
final_development,shil,4,366,2-8-9,0.0,dry_bean_uci,dry_bean_uci,37,37
final_development,shil,4,367,2-8-10,0.0,dry_bean_uci,dry_bean_uci,37,37
final_development,shil,4,368,2-8-11,0.0,dry_bean_uci,dry_bean_uci,37,37
final_development,shil,4,369,2-8-12,0.0,dry_bean_uci,dry_bean_uci,37,37
final_development,shil,4,370,2-8-13,0.0,dry_bean_uci,dry_bean_uci,37,37
final_development,shil,4,371,2-8-14,0.0,dry_bean_uci,dry_bean_uci,37,37
final_development,shil,4,372,2-8-15,0.0,dry_bean_uci,dry_bean_uci,37,37
final_development,shil,4,373,2-9-10,0.0,dry_bean_uci,dry_bean_uci,37,37
final_development,shil,4,374,2-9-11,0.0,dry_bean_uci,dry_bean_uci,37,37
final_development,shil,4,375,2-9-12,0.0,dry_bean_uci,dry_bean_uci,37,37
final_development,shil,4,376,2-9-13,0.0,dry_bean_uci,dry_bean_uci,37,37
final_development,shil,4,377,2-9-14,0.0,dry_bean_uci,dry_bean_uci,37,37
final_development,shil,4,378,2-9-15,0.0,dry_bean_uci,dry_bean_uci,37,37
final_development,shil,4,379,2-10-11,0.0,dry_bean_uci,dry_bean_uci,37,37
final_development,shil,4,380,2-10-12,0.0,dry_bean_uci,dry_bean_uci,37,37
final_development,shil,4,381,2-10-13,0.0,dry_bean_uci,dry_bean_uci,37,37
final_development,shil,4,382,2-10-14,0.0,dry_bean_uci,dry_bean_uci,37,37
final_development,shil,4,383,2-10-15,0.0,dry_bean_uci,dry_bean_uci,37,37
final_development,shil,4,384,2-11-12,0.0,dry_bean_uci,dry_bean_uci,37,37
final_development,shil,4,385,2-11-13,0.0,dry_bean_uci,dry_bean_uci,37,37
final_development,shil,4,386,2-11-14,0.0,dry_bean_uci,dry_bean_uci,37,37
final_development,shil,4,387,2-11-15,0.0,dry_bean_uci,dry_bean_uci,37,37
final_development,shil,4,388,2-12-13,0.0,dry_bean_uci,dry_bean_uci,37,37
final_development,shil,4,389,2-12-14,0.0,dry_bean_uci,dry_bean_uci,37,37
final_development,shil,4,390,2-12-15,0.0,dry_bean_uci,dry_bean_uci,37,37
final_development,shil,4,391,2-13-14,0.0,dry_bean_uci,dry_bean_uci,37,37
final_development,shil,4,392,2-13-15,0.0,dry_bean_uci,dry_bean_uci,37,37
final_development,shil,4,393,2-14-15,0.0,dry_bean_uci,dry_bean_uci,37,37
final_development,shil,4,394,3-4-5,0.0,dry_bean_uci,dry_bean_uci,37,37
final_development,shil,4,395,3-4-6,0.0,dry_bean_uci,dry_bean_uci,37,37
final_development,shil,4,396,3-4-7,0.0,dry_bean_uci,dry_bean_uci,37,37
final_development,shil,4,397,3-4-8,0.0,dry_bean_uci,dry_bean_uci,37,37
final_development,shil,4,398,3-4-9,0.0,dry_bean_uci,dry_bean_uci,37,37
final_development,shil,4,399,3-4-10,0.0,dry_bean_uci,dry_bean_uci,37,37
final_development,shil,4,400,3-4-11,0.0,dry_bean_uci,dry_bean_uci,37,37
final_development,shil,4,401,3-4-12,0.0,dry_bean_uci,dry_bean_uci,37,37
final_development,shil,4,402,3-4-13,0.0,dry_bean_uci,dry_bean_uci,37,37
final_development,shil,4,403,3-4-14,0.0,dry_bean_uci,dry_bean_uci,37,37
final_development,shil,4,404,3-4-15,0.0,dry_bean_uci,dry_bean_uci,37,37
final_development,shil,4,405,3-5-6,0.0,dry_bean_uci,dry_bean_uci,37,37
final_development,shil,4,406,3-5-7,0.0,dry_bean_uci,dry_bean_uci,37,37
final_development,shil,4,407,3-5-8,0.0,dry_bean_uci,dry_bean_uci,37,37
final_development,shil,4,408,3-5-9,0.0,dry_bean_uci,dry_bean_uci,37,37
final_development,shil,4,409,3-5-10,0.0,dry_bean_uci,dry_bean_uci,37,37
final_development,shil,4,410,3-5-11,0.0,dry_bean_uci,dry_bean_uci,37,37
final_development,shil,4,411,3-5-12,0.0,dry_bean_uci,dry_bean_uci,37,37
final_development,shil,4,412,3-5-13,0.0,dry_bean_uci,dry_bean_uci,37,37
final_development,shil,4,413,3-5-14,0.0,dry_bean_uci,dry_bean_uci,37,37
final_development,shil,4,414,3-5-15,0.0,dry_bean_uci,dry_bean_uci,37,37
final_development,shil,4,415,3-6-7,0.0,dry_bean_uci,dry_bean_uci,37,37
final_development,shil,4,416,3-6-8,0.0,dry_bean_uci,dry_bean_uci,37,37
final_development,shil,4,417,3-6-9,0.0,dry_bean_uci,dry_bean_uci,37,37
final_development,shil,4,418,3-6-10,0.0,dry_bean_uci,dry_bean_uci,37,37
final_development,shil,4,419,3-6-11,0.0,dry_bean_uci,dry_bean_uci,37,37
final_development,shil,4,420,3-6-12,0.0,dry_bean_uci,dry_bean_uci,37,37
final_development,shil,4,421,3-6-13,0.0,dry_bean_uci,dry_bean_uci,37,37
final_development,shil,4,422,3-6-14,0.0,dry_bean_uci,dry_bean_uci,37,37
final_development,shil,4,423,3-6-15,0.0,dry_bean_uci,dry_bean_uci,37,37
final_development,shil,4,424,3-7-8,0.0,dry_bean_uci,dry_bean_uci,37,37
final_development,shil,4,425,3-7-9,0.0,dry_bean_uci,dry_bean_uci,37,37
final_development,shil,4,426,3-7-10,0.0,dry_bean_uci,dry_bean_uci,37,37
final_development,shil,4,427,3-7-11,0.0,dry_bean_uci,dry_bean_uci,37,37
final_development,shil,4,428,3-7-12,0.0,dry_bean_uci,dry_bean_uci,37,37
final_development,shil,4,429,3-7-13,0.0,dry_bean_uci,dry_bean_uci,37,37
final_development,shil,4,430,3-7-14,0.0,dry_bean_uci,dry_bean_uci,37,37
final_development,shil,4,431,3-7-15,0.0,dry_bean_uci,dry_bean_uci,37,37
final_development,shil,4,432,3-8-9,0.0,dry_bean_uci,dry_bean_uci,37,37
final_development,shil,4,433,3-8-10,0.0,dry_bean_uci,dry_bean_uci,37,37
final_development,shil,4,434,3-8-11,0.0,dry_bean_uci,dry_bean_uci,37,37
final_development,shil,4,435,3-8-12,0.0,dry_bean_uci,dry_bean_uci,37,37
final_development,shil,4,436,3-8-13,0.0,dry_bean_uci,dry_bean_uci,37,37
final_development,shil,4,437,3-8-14,0.0,dry_bean_uci,dry_bean_uci,37,37
final_development,shil,4,438,3-8-15,0.0,dry_bean_uci,dry_bean_uci,37,37
final_development,shil,4,439,3-9-10,0.0,dry_bean_uci,dry_bean_uci,37,37
final_development,shil,4,440,3-9-11,0.0,dry_bean_uci,dry_bean_uci,37,37
final_development,shil,4,441,3-9-12,0.0,dry_bean_uci,dry_bean_uci,37,37
final_development,shil,4,442,3-9-13,0.0,dry_bean_uci,dry_bean_uci,37,37
final_development,shil,4,443,3-9-14,0.0,dry_bean_uci,dry_bean_uci,37,37
final_development,shil,4,444,3-9-15,0.0,dry_bean_uci,dry_bean_uci,37,37
final_development,shil,4,445,3-10-11,0.0,dry_bean_uci,dry_bean_uci,37,37
final_development,shil,4,446,3-10-12,0.0,dry_bean_uci,dry_bean_uci,37,37
final_development,shil,4,447,3-10-13,0.0,dry_bean_uci,dry_bean_uci,37,37
final_development,shil,4,448,3-10-14,0.0,dry_bean_uci,dry_bean_uci,37,37
final_development,shil,4,449,3-10-15,0.0,dry_bean_uci,dry_bean_uci,37,37
final_development,shil,4,450,3-11-12,0.0,dry_bean_uci,dry_bean_uci,37,37
final_development,shil,4,451,3-11-13,0.0,dry_bean_uci,dry_bean_uci,37,37
final_development,shil,4,452,3-11-14,0.0,dry_bean_uci,dry_bean_uci,37,37
final_development,shil,4,453,3-11-15,0.0,dry_bean_uci,dry_bean_uci,37,37
final_development,shil,4,454,3-12-13,0.0,dry_bean_uci,dry_bean_uci,37,37
final_development,shil,4,455,3-12-14,0.0,dry_bean_uci,dry_bean_uci,37,37
final_development,shil,4,456,3-12-15,0.0,dry_bean_uci,dry_bean_uci,37,37
final_development,shil,4,457,3-13-14,0.0,dry_bean_uci,dry_bean_uci,37,37
final_development,shil,4,458,3-13-15,0.0,dry_bean_uci,dry_bean_uci,37,37
final_development,shil,4,459,3-14-15,0.0,dry_bean_uci,dry_bean_uci,37,37
final_development,shil,4,460,4-5-6,0.0,dry_bean_uci,dry_bean_uci,37,37
final_development,shil,4,461,4-5-7,0.0,dry_bean_uci,dry_bean_uci,37,37
final_development,shil,4,462,4-5-8,0.0,dry_bean_uci,dry_bean_uci,37,37
final_development,shil,4,463,4-5-9,0.0,dry_bean_uci,dry_bean_uci,37,37
final_development,shil,4,464,4-5-10,0.0,dry_bean_uci,dry_bean_uci,37,37
final_development,shil,4,465,4-5-11,0.0,dry_bean_uci,dry_bean_uci,37,37
final_development,shil,4,466,4-5-12,0.0,dry_bean_uci,dry_bean_uci,37,37
final_development,shil,4,467,4-5-13,0.0,dry_bean_uci,dry_bean_uci,37,37
final_development,shil,4,468,4-5-14,0.0,dry_bean_uci,dry_bean_uci,37,37
final_development,shil,4,469,4-5-15,0.0,dry_bean_uci,dry_bean_uci,37,37
final_development,shil,4,470,4-6-7,0.0,dry_bean_uci,dry_bean_uci,37,37
final_development,shil,4,471,4-6-8,0.0,dry_bean_uci,dry_bean_uci,37,37
final_development,shil,4,472,4-6-9,0.0,dry_bean_uci,dry_bean_uci,37,37
final_development,shil,4,473,4-6-10,0.0,dry_bean_uci,dry_bean_uci,37,37
final_development,shil,4,474,4-6-11,0.0,dry_bean_uci,dry_bean_uci,37,37
final_development,shil,4,475,4-6-12,0.0,dry_bean_uci,dry_bean_uci,37,37
final_development,shil,4,476,4-6-13,0.0,dry_bean_uci,dry_bean_uci,37,37
final_development,shil,4,477,4-6-14,0.0,dry_bean_uci,dry_bean_uci,37,37
final_development,shil,4,478,4-6-15,0.0,dry_bean_uci,dry_bean_uci,37,37
final_development,shil,4,479,4-7-8,0.0,dry_bean_uci,dry_bean_uci,37,37
final_development,shil,4,480,4-7-9,0.0,dry_bean_uci,dry_bean_uci,37,37
final_development,shil,4,481,4-7-10,0.0,dry_bean_uci,dry_bean_uci,37,37
final_development,shil,4,482,4-7-11,0.0,dry_bean_uci,dry_bean_uci,37,37
final_development,shil,4,483,4-7-12,0.0,dry_bean_uci,dry_bean_uci,37,37
final_development,shil,4,484,4-7-13,0.0,dry_bean_uci,dry_bean_uci,37,37
final_development,shil,4,485,4-7-14,0.0,dry_bean_uci,dry_bean_uci,37,37
final_development,shil,4,486,4-7-15,0.0,dry_bean_uci,dry_bean_uci,37,37
final_development,shil,4,487,4-8-9,0.0,dry_bean_uci,dry_bean_uci,37,37
final_development,shil,4,488,4-8-10,0.0,dry_bean_uci,dry_bean_uci,37,37
final_development,shil,4,489,4-8-11,0.0,dry_bean_uci,dry_bean_uci,37,37
final_development,shil,4,490,4-8-12,0.0,dry_bean_uci,dry_bean_uci,37,37
final_development,shil,4,491,4-8-13,0.0,dry_bean_uci,dry_bean_uci,37,37
final_development,shil,4,492,4-8-14,0.0,dry_bean_uci,dry_bean_uci,37,37
final_development,shil,4,493,4-8-15,0.0,dry_bean_uci,dry_bean_uci,37,37
final_development,shil,4,494,4-9-10,0.0,dry_bean_uci,dry_bean_uci,37,37
final_development,shil,4,495,4-9-11,0.0,dry_bean_uci,dry_bean_uci,37,37
final_development,shil,4,496,4-9-12,0.0,dry_bean_uci,dry_bean_uci,37,37
final_development,shil,4,497,4-9-13,0.0,dry_bean_uci,dry_bean_uci,37,37
final_development,shil,4,498,4-9-14,0.0,dry_bean_uci,dry_bean_uci,37,37
final_development,shil,4,499,4-9-15,0.0,dry_bean_uci,dry_bean_uci,37,37
final_development,shil,4,500,4-10-11,0.0,dry_bean_uci,dry_bean_uci,37,37
final_development,shil,4,501,4-10-12,0.0,dry_bean_uci,dry_bean_uci,37,37
final_development,shil,4,502,4-10-13,0.0,dry_bean_uci,dry_bean_uci,37,37
final_development,shil,4,503,4-10-14,0.0,dry_bean_uci,dry_bean_uci,37,37
final_development,shil,4,504,4-10-15,0.0,dry_bean_uci,dry_bean_uci,37,37
final_development,shil,4,505,4-11-12,0.0,dry_bean_uci,dry_bean_uci,37,37
final_development,shil,4,506,4-11-13,0.0,dry_bean_uci,dry_bean_uci,37,37
final_development,shil,4,507,4-11-14,0.0,dry_bean_uci,dry_bean_uci,37,37
final_development,shil,4,508,4-11-15,0.0,dry_bean_uci,dry_bean_uci,37,37
final_development,shil,4,509,4-12-13,0.0,dry_bean_uci,dry_bean_uci,37,37
final_development,shil,4,510,4-12-14,0.0,dry_bean_uci,dry_bean_uci,37,37
final_development,shil,4,511,4-12-15,0.0,dry_bean_uci,dry_bean_uci,37,37
final_development,shil,4,512,4-13-14,0.0,dry_bean_uci,dry_bean_uci,37,37
final_development,shil,4,513,4-13-15,0.0,dry_bean_uci,dry_bean_uci,37,37
final_development,shil,4,514,4-14-15,0.0,dry_bean_uci,dry_bean_uci,37,37
final_development,shil,4,515,5-6-7,0.0,dry_bean_uci,dry_bean_uci,37,37
final_development,shil,4,516,5-6-8,0.0,dry_bean_uci,dry_bean_uci,37,37
final_development,shil,4,517,5-6-9,0.0,dry_bean_uci,dry_bean_uci,37,37
final_development,shil,4,518,5-6-10,0.0,dry_bean_uci,dry_bean_uci,37,37
final_development,shil,4,519,5-6-11,0.0,dry_bean_uci,dry_bean_uci,37,37
final_development,shil,4,520,5-6-12,0.0,dry_bean_uci,dry_bean_uci,37,37
final_development,shil,4,521,5-6-13,0.0,dry_bean_uci,dry_bean_uci,37,37
final_development,shil,4,522,5-6-14,0.0,dry_bean_uci,dry_bean_uci,37,37
final_development,shil,4,523,5-6-15,0.0,dry_bean_uci,dry_bean_uci,37,37
final_development,shil,4,524,5-7-8,0.0,dry_bean_uci,dry_bean_uci,37,37
final_development,shil,4,525,5-7-9,0.0,dry_bean_uci,dry_bean_uci,37,37
final_development,shil,4,526,5-7-10,0.0,dry_bean_uci,dry_bean_uci,37,37
final_development,shil,4,527,5-7-11,0.0,dry_bean_uci,dry_bean_uci,37,37
final_development,shil,4,528,5-7-12,0.0,dry_bean_uci,dry_bean_uci,37,37
final_development,shil,4,529,5-7-13,0.0,dry_bean_uci,dry_bean_uci,37,37
final_development,shil,4,530,5-7-14,0.0,dry_bean_uci,dry_bean_uci,37,37
final_development,shil,4,531,5-7-15,0.0,dry_bean_uci,dry_bean_uci,37,37
final_development,shil,4,532,5-8-9,0.0,dry_bean_uci,dry_bean_uci,37,37
final_development,shil,4,533,5-8-10,0.0,dry_bean_uci,dry_bean_uci,37,37
final_development,shil,4,534,5-8-11,0.0,dry_bean_uci,dry_bean_uci,37,37
final_development,shil,4,535,5-8-12,0.0,dry_bean_uci,dry_bean_uci,37,37
final_development,shil,4,536,5-8-13,0.0,dry_bean_uci,dry_bean_uci,37,37
final_development,shil,4,537,5-8-14,0.0,dry_bean_uci,dry_bean_uci,37,37
final_development,shil,4,538,5-8-15,0.0,dry_bean_uci,dry_bean_uci,37,37
final_development,shil,4,539,5-9-10,0.0,dry_bean_uci,dry_bean_uci,37,37
final_development,shil,4,540,5-9-11,0.0,dry_bean_uci,dry_bean_uci,37,37
final_development,shil,4,541,5-9-12,0.0,dry_bean_uci,dry_bean_uci,37,37
final_development,shil,4,542,5-9-13,0.0,dry_bean_uci,dry_bean_uci,37,37
final_development,shil,4,543,5-9-14,0.0,dry_bean_uci,dry_bean_uci,37,37
final_development,shil,4,544,5-9-15,0.0,dry_bean_uci,dry_bean_uci,37,37
final_development,shil,4,545,5-10-11,0.0,dry_bean_uci,dry_bean_uci,37,37
final_development,shil,4,546,5-10-12,0.0,dry_bean_uci,dry_bean_uci,37,37
final_development,shil,4,547,5-10-13,0.0,dry_bean_uci,dry_bean_uci,37,37
final_development,shil,4,548,5-10-14,0.0,dry_bean_uci,dry_bean_uci,37,37
final_development,shil,4,549,5-10-15,0.0,dry_bean_uci,dry_bean_uci,37,37
final_development,shil,4,550,5-11-12,0.0,dry_bean_uci,dry_bean_uci,37,37
final_development,shil,4,551,5-11-13,0.0,dry_bean_uci,dry_bean_uci,37,37
final_development,shil,4,552,5-11-14,0.0,dry_bean_uci,dry_bean_uci,37,37
final_development,shil,4,553,5-11-15,0.0,dry_bean_uci,dry_bean_uci,37,37
final_development,shil,4,554,5-12-13,0.0,dry_bean_uci,dry_bean_uci,37,37
final_development,shil,4,555,5-12-14,0.0,dry_bean_uci,dry_bean_uci,37,37
final_development,shil,4,556,5-12-15,0.0,dry_bean_uci,dry_bean_uci,37,37
final_development,shil,4,557,5-13-14,0.0,dry_bean_uci,dry_bean_uci,37,37
final_development,shil,4,558,5-13-15,0.0,dry_bean_uci,dry_bean_uci,37,37
final_development,shil,4,559,5-14-15,0.0,dry_bean_uci,dry_bean_uci,37,37
final_development,shil,4,560,6-7-8,0.0,dry_bean_uci,dry_bean_uci,37,37
final_development,shil,4,561,6-7-9,0.0,dry_bean_uci,dry_bean_uci,37,37
final_development,shil,4,562,6-7-10,0.0,dry_bean_uci,dry_bean_uci,37,37
final_development,shil,4,563,6-7-11,0.0,dry_bean_uci,dry_bean_uci,37,37
final_development,shil,4,564,6-7-12,0.0,dry_bean_uci,dry_bean_uci,37,37
final_development,shil,4,565,6-7-13,0.0,dry_bean_uci,dry_bean_uci,37,37
final_development,shil,4,566,6-7-14,0.0,dry_bean_uci,dry_bean_uci,37,37
final_development,shil,4,567,6-7-15,0.0,dry_bean_uci,dry_bean_uci,37,37
final_development,shil,4,568,6-8-9,0.0,dry_bean_uci,dry_bean_uci,37,37
final_development,shil,4,569,6-8-10,0.0,dry_bean_uci,dry_bean_uci,37,37
final_development,shil,4,570,6-8-11,0.0,dry_bean_uci,dry_bean_uci,37,37
final_development,shil,4,571,6-8-12,0.0,dry_bean_uci,dry_bean_uci,37,37
final_development,shil,4,572,6-8-13,0.0,dry_bean_uci,dry_bean_uci,37,37
final_development,shil,4,573,6-8-14,0.0,dry_bean_uci,dry_bean_uci,37,37
final_development,shil,4,574,6-8-15,0.0,dry_bean_uci,dry_bean_uci,37,37
final_development,shil,4,575,6-9-10,0.0,dry_bean_uci,dry_bean_uci,37,37
final_development,shil,4,576,6-9-11,0.0,dry_bean_uci,dry_bean_uci,37,37
final_development,shil,4,577,6-9-12,0.0,dry_bean_uci,dry_bean_uci,37,37
final_development,shil,4,578,6-9-13,0.0,dry_bean_uci,dry_bean_uci,37,37
final_development,shil,4,579,6-9-14,0.0,dry_bean_uci,dry_bean_uci,37,37
final_development,shil,4,580,6-9-15,0.0,dry_bean_uci,dry_bean_uci,37,37
final_development,shil,4,581,6-10-11,0.0,dry_bean_uci,dry_bean_uci,37,37
final_development,shil,4,582,6-10-12,0.0,dry_bean_uci,dry_bean_uci,37,37
final_development,shil,4,583,6-10-13,0.0,dry_bean_uci,dry_bean_uci,37,37
final_development,shil,4,584,6-10-14,0.0,dry_bean_uci,dry_bean_uci,37,37
final_development,shil,4,585,6-10-15,0.0,dry_bean_uci,dry_bean_uci,37,37
final_development,shil,4,586,6-11-12,0.0,dry_bean_uci,dry_bean_uci,37,37
final_development,shil,4,587,6-11-13,0.0,dry_bean_uci,dry_bean_uci,37,37
final_development,shil,4,588,6-11-14,0.0,dry_bean_uci,dry_bean_uci,37,37
final_development,shil,4,589,6-11-15,0.0,dry_bean_uci,dry_bean_uci,37,37
final_development,shil,4,590,6-12-13,0.0,dry_bean_uci,dry_bean_uci,37,37
final_development,shil,4,591,6-12-14,0.0,dry_bean_uci,dry_bean_uci,37,37
final_development,shil,4,592,6-12-15,0.0,dry_bean_uci,dry_bean_uci,37,37
final_development,shil,4,593,6-13-14,0.0,dry_bean_uci,dry_bean_uci,37,37
final_development,shil,4,594,6-13-15,0.0,dry_bean_uci,dry_bean_uci,37,37
final_development,shil,4,595,6-14-15,0.0,dry_bean_uci,dry_bean_uci,37,37
final_development,shil,4,596,7-8-9,0.0,dry_bean_uci,dry_bean_uci,37,37
final_development,shil,4,597,7-8-10,0.0,dry_bean_uci,dry_bean_uci,37,37
final_development,shil,4,598,7-8-11,0.0,dry_bean_uci,dry_bean_uci,37,37
final_development,shil,4,599,7-8-12,0.0,dry_bean_uci,dry_bean_uci,37,37
final_development,shil,4,600,7-8-13,0.0,dry_bean_uci,dry_bean_uci,37,37
final_development,shil,4,601,7-8-14,0.0,dry_bean_uci,dry_bean_uci,37,37
final_development,shil,4,602,7-8-15,0.0,dry_bean_uci,dry_bean_uci,37,37
final_development,shil,4,603,7-9-10,0.0,dry_bean_uci,dry_bean_uci,37,37
final_development,shil,4,604,7-9-11,0.0,dry_bean_uci,dry_bean_uci,37,37
final_development,shil,4,605,7-9-12,0.0,dry_bean_uci,dry_bean_uci,37,37
final_development,shil,4,606,7-9-13,0.0,dry_bean_uci,dry_bean_uci,37,37
final_development,shil,4,607,7-9-14,0.0,dry_bean_uci,dry_bean_uci,37,37
final_development,shil,4,608,7-9-15,0.0,dry_bean_uci,dry_bean_uci,37,37
final_development,shil,4,609,7-10-11,0.0,dry_bean_uci,dry_bean_uci,37,37
final_development,shil,4,610,7-10-12,0.0,dry_bean_uci,dry_bean_uci,37,37
final_development,shil,4,611,7-10-13,0.0,dry_bean_uci,dry_bean_uci,37,37
final_development,shil,4,612,7-10-14,0.0,dry_bean_uci,dry_bean_uci,37,37
final_development,shil,4,613,7-10-15,0.0,dry_bean_uci,dry_bean_uci,37,37
final_development,shil,4,614,7-11-12,0.0,dry_bean_uci,dry_bean_uci,37,37
final_development,shil,4,615,7-11-13,0.0,dry_bean_uci,dry_bean_uci,37,37
final_development,shil,4,616,7-11-14,0.0,dry_bean_uci,dry_bean_uci,37,37
final_development,shil,4,617,7-11-15,0.0,dry_bean_uci,dry_bean_uci,37,37
final_development,shil,4,618,7-12-13,0.0,dry_bean_uci,dry_bean_uci,37,37
final_development,shil,4,619,7-12-14,0.0,dry_bean_uci,dry_bean_uci,37,37
final_development,shil,4,620,7-12-15,0.0,dry_bean_uci,dry_bean_uci,37,37
final_development,shil,4,621,7-13-14,0.0,dry_bean_uci,dry_bean_uci,37,37
final_development,shil,4,622,7-13-15,0.0,dry_bean_uci,dry_bean_uci,37,37
final_development,shil,4,623,7-14-15,0.0,dry_bean_uci,dry_bean_uci,37,37
final_development,shil,4,624,8-9-10,0.0,dry_bean_uci,dry_bean_uci,37,37
final_development,shil,4,625,8-9-11,0.0,dry_bean_uci,dry_bean_uci,37,37
final_development,shil,4,626,8-9-12,0.0,dry_bean_uci,dry_bean_uci,37,37
final_development,shil,4,627,8-9-13,0.0,dry_bean_uci,dry_bean_uci,37,37
final_development,shil,4,628,8-9-14,0.0,dry_bean_uci,dry_bean_uci,37,37
final_development,shil,4,629,8-9-15,0.0,dry_bean_uci,dry_bean_uci,37,37
final_development,shil,4,630,8-10-11,0.0,dry_bean_uci,dry_bean_uci,37,37
final_development,shil,4,631,8-10-12,0.0,dry_bean_uci,dry_bean_uci,37,37
final_development,shil,4,632,8-10-13,0.0,dry_bean_uci,dry_bean_uci,37,37
final_development,shil,4,633,8-10-14,0.0,dry_bean_uci,dry_bean_uci,37,37
final_development,shil,4,634,8-10-15,0.0,dry_bean_uci,dry_bean_uci,37,37
final_development,shil,4,635,8-11-12,0.0,dry_bean_uci,dry_bean_uci,37,37
final_development,shil,4,636,8-11-13,0.0,dry_bean_uci,dry_bean_uci,37,37
final_development,shil,4,637,8-11-14,0.0,dry_bean_uci,dry_bean_uci,37,37
final_development,shil,4,638,8-11-15,0.0,dry_bean_uci,dry_bean_uci,37,37
final_development,shil,4,639,8-12-13,0.0,dry_bean_uci,dry_bean_uci,37,37
final_development,shil,4,640,8-12-14,0.0,dry_bean_uci,dry_bean_uci,37,37
final_development,shil,4,641,8-12-15,0.0,dry_bean_uci,dry_bean_uci,37,37
final_development,shil,4,642,8-13-14,0.0,dry_bean_uci,dry_bean_uci,37,37
final_development,shil,4,643,8-13-15,0.0,dry_bean_uci,dry_bean_uci,37,37
final_development,shil,4,644,8-14-15,0.0,dry_bean_uci,dry_bean_uci,37,37
final_development,shil,4,645,9-10-11,0.0,dry_bean_uci,dry_bean_uci,37,37
final_development,shil,4,646,9-10-12,0.25,dry_bean_uci,dry_bean_uci,37,37
final_development,shil,4,647,9-10-13,0.0,dry_bean_uci,dry_bean_uci,37,37
final_development,shil,4,648,9-10-14,0.0,dry_bean_uci,dry_bean_uci,37,37
final_development,shil,4,649,9-10-15,0.025,dry_bean_uci,dry_bean_uci,37,37
final_development,shil,4,650,9-11-12,0.0,dry_bean_uci,dry_bean_uci,37,37
final_development,shil,4,651,9-11-13,0.0,dry_bean_uci,dry_bean_uci,37,37
final_development,shil,4,652,9-11-14,0.0,dry_bean_uci,dry_bean_uci,37,37
final_development,shil,4,653,9-11-15,0.0,dry_bean_uci,dry_bean_uci,37,37
final_development,shil,4,654,9-12-13,0.0,dry_bean_uci,dry_bean_uci,37,37
final_development,shil,4,655,9-12-14,0.0,dry_bean_uci,dry_bean_uci,37,37
final_development,shil,4,656,9-12-15,0.0,dry_bean_uci,dry_bean_uci,37,37
final_development,shil,4,657,9-13-14,0.0,dry_bean_uci,dry_bean_uci,37,37
final_development,shil,4,658,9-13-15,0.0,dry_bean_uci,dry_bean_uci,37,37
final_development,shil,4,659,9-14-15,0.0,dry_bean_uci,dry_bean_uci,37,37
final_development,shil,4,660,10-11-12,0.0,dry_bean_uci,dry_bean_uci,37,37
final_development,shil,4,661,10-11-13,0.0,dry_bean_uci,dry_bean_uci,37,37
final_development,shil,4,662,10-11-14,0.0,dry_bean_uci,dry_bean_uci,37,37
final_development,shil,4,663,10-11-15,0.0,dry_bean_uci,dry_bean_uci,37,37
final_development,shil,4,664,10-12-13,0.0,dry_bean_uci,dry_bean_uci,37,37
final_development,shil,4,665,10-12-14,0.0,dry_bean_uci,dry_bean_uci,37,37
final_development,shil,4,666,10-12-15,0.0,dry_bean_uci,dry_bean_uci,37,37
final_development,shil,4,667,10-13-14,0.0,dry_bean_uci,dry_bean_uci,37,37
final_development,shil,4,668,10-13-15,0.0,dry_bean_uci,dry_bean_uci,37,37
final_development,shil,4,669,10-14-15,0.0,dry_bean_uci,dry_bean_uci,37,37
final_development,shil,4,670,11-12-13,0.0,dry_bean_uci,dry_bean_uci,37,37
final_development,shil,4,671,11-12-14,0.0,dry_bean_uci,dry_bean_uci,37,37
final_development,shil,4,672,11-12-15,0.0,dry_bean_uci,dry_bean_uci,37,37
final_development,shil,4,673,11-13-14,0.0,dry_bean_uci,dry_bean_uci,37,37
final_development,shil,4,674,11-13-15,0.0,dry_bean_uci,dry_bean_uci,37,37
final_development,shil,4,675,11-14-15,0.0,dry_bean_uci,dry_bean_uci,37,37
final_development,shil,4,676,12-13-14,0.0,dry_bean_uci,dry_bean_uci,37,37
final_development,shil,4,677,12-13-15,0.0,dry_bean_uci,dry_bean_uci,37,37
final_development,shil,4,678,12-14-15,0.0,dry_bean_uci,dry_bean_uci,37,37
final_development,shil,4,679,13-14-15,0.0,dry_bean_uci,dry_bean_uci,37,37
