phase,base_method,half_index,half_rows,fit_rows,inner_val_rows,active_edges,selected_c,fit_seconds,warning_count,warnings,dataset,scenario,data_seed,split_seed
tuning_train,l1_fixed,0,4081,4081,0,668,1.0,63.190381235966925,0,,dry_bean_uci,dry_bean_uci,11,11
tuning_train,l1_fixed,1,4085,4085,0,679,1.0,57.21730193099938,0,,dry_bean_uci,dry_bean_uci,11,11
tuning_train,l1_fixed,2,4081,4081,0,674,1.0,57.186816282977816,0,,dry_bean_uci,dry_bean_uci,11,11
tuning_train,l1_fixed,3,4085,4085,0,672,1.0,63.319130299962126,0,,dry_bean_uci,dry_bean_uci,11,11
tuning_train,l1_fixed,4,4081,4081,0,680,1.0,59.72499744297238,0,,dry_bean_uci,dry_bean_uci,11,11
tuning_train,l1_fixed,5,4085,4085,0,680,1.0,62.95460936694872,0,,dry_bean_uci,dry_bean_uci,11,11
tuning_train,l1_fixed,6,4081,4081,0,680,1.0,64.26785036298679,0,,dry_bean_uci,dry_bean_uci,11,11
tuning_train,l1_fixed,7,4085,4085,0,678,1.0,56.962541515997145,0,,dry_bean_uci,dry_bean_uci,11,11
tuning_train,l1_fixed,8,4081,4081,0,679,1.0,55.441219668020494,0,,dry_bean_uci,dry_bean_uci,11,11
tuning_train,l1_fixed,9,4085,4085,0,680,1.0,72.41902290500002,0,,dry_bean_uci,dry_bean_uci,11,11
tuning_train,l1_fixed,10,4081,4081,0,678,1.0,55.4295183760114,0,,dry_bean_uci,dry_bean_uci,11,11
tuning_train,l1_fixed,11,4085,4085,0,660,1.0,68.69395586696919,0,,dry_bean_uci,dry_bean_uci,11,11
tuning_train,l1_fixed,12,4081,4081,0,676,1.0,59.84559188596904,0,,dry_bean_uci,dry_bean_uci,11,11
tuning_train,l1_fixed,13,4085,4085,0,673,1.0,59.05074870801764,0,,dry_bean_uci,dry_bean_uci,11,11
tuning_train,l1_fixed,14,4081,4081,0,680,1.0,61.1633857540437,0,,dry_bean_uci,dry_bean_uci,11,11
tuning_train,l1_fixed,15,4085,4085,0,677,1.0,59.04795207001735,0,,dry_bean_uci,dry_bean_uci,11,11
tuning_train,l1_fixed,16,4081,4081,0,680,1.0,66.5874414559803,0,,dry_bean_uci,dry_bean_uci,11,11
tuning_train,l1_fixed,17,4085,4085,0,680,1.0,56.68471155699808,0,,dry_bean_uci,dry_bean_uci,11,11
tuning_train,l1_fixed,18,4081,4081,0,679,1.0,64.99352924601408,0,,dry_bean_uci,dry_bean_uci,11,11
tuning_train,l1_fixed,19,4085,4085,0,680,1.0,58.13377535098698,0,,dry_bean_uci,dry_bean_uci,11,11
tuning_train,l1_fixed,20,4081,4081,0,677,1.0,64.28957984596491,0,,dry_bean_uci,dry_bean_uci,11,11
tuning_train,l1_fixed,21,4085,4085,0,677,1.0,58.25650834897533,0,,dry_bean_uci,dry_bean_uci,11,11
tuning_train,l1_fixed,22,4081,4081,0,680,1.0,58.440179318015,0,,dry_bean_uci,dry_bean_uci,11,11
tuning_train,l1_fixed,23,4085,4085,0,678,1.0,61.59093111095717,0,,dry_bean_uci,dry_bean_uci,11,11
tuning_train,l1_fixed,24,4081,4081,0,680,1.0,55.6174138210481,0,,dry_bean_uci,dry_bean_uci,11,11
tuning_train,l1_fixed,25,4085,4085,0,680,1.0,65.1857943359646,0,,dry_bean_uci,dry_bean_uci,11,11
tuning_train,l1_fixed,26,4081,4081,0,677,1.0,55.5454923940124,0,,dry_bean_uci,dry_bean_uci,11,11
tuning_train,l1_fixed,27,4085,4085,0,680,1.0,61.672308407956734,0,,dry_bean_uci,dry_bean_uci,11,11
tuning_train,l1_fixed,28,4081,4081,0,678,1.0,53.23393033398315,0,,dry_bean_uci,dry_bean_uci,11,11
tuning_train,l1_fixed,29,4085,4085,0,678,1.0,69.6094377770205,0,,dry_bean_uci,dry_bean_uci,11,11
tuning_train,l1_fixed,30,4081,4081,0,680,1.0,58.31647985399468,0,,dry_bean_uci,dry_bean_uci,11,11
tuning_train,l1_fixed,31,4085,4085,0,675,1.0,67.96540164097678,0,,dry_bean_uci,dry_bean_uci,11,11
tuning_train,l1_fixed,32,4081,4081,0,674,1.0,67.43333225802053,0,,dry_bean_uci,dry_bean_uci,11,11
tuning_train,l1_fixed,33,4085,4085,0,679,1.0,55.78731587500079,0,,dry_bean_uci,dry_bean_uci,11,11
tuning_train,l1_fixed,34,4081,4081,0,674,1.0,60.73140622500796,0,,dry_bean_uci,dry_bean_uci,11,11
tuning_train,l1_fixed,35,4085,4085,0,680,1.0,58.70205457200064,0,,dry_bean_uci,dry_bean_uci,11,11
tuning_train,l1_fixed,36,4081,4081,0,672,1.0,61.499896085006185,0,,dry_bean_uci,dry_bean_uci,11,11
tuning_train,l1_fixed,37,4085,4085,0,680,1.0,57.379212210013065,0,,dry_bean_uci,dry_bean_uci,11,11
tuning_train,l1_fixed,38,4081,4081,0,680,1.0,64.97552083997289,0,,dry_bean_uci,dry_bean_uci,11,11
tuning_train,l1_fixed,39,4085,4085,0,664,1.0,55.4049102839781,0,,dry_bean_uci,dry_bean_uci,11,11
final_development,l1_fixed,0,5443,5443,0,668,1.0,73.85067688301206,0,,dry_bean_uci,dry_bean_uci,11,11
final_development,l1_fixed,1,5445,5445,0,663,1.0,76.48681560298428,0,,dry_bean_uci,dry_bean_uci,11,11
final_development,l1_fixed,2,5443,5443,0,680,1.0,68.62372842000332,0,,dry_bean_uci,dry_bean_uci,11,11
final_development,l1_fixed,3,5445,5445,0,679,1.0,85.18740325700492,0,,dry_bean_uci,dry_bean_uci,11,11
final_development,l1_fixed,4,5443,5443,0,680,1.0,69.80069548002211,0,,dry_bean_uci,dry_bean_uci,11,11
final_development,l1_fixed,5,5445,5445,0,678,1.0,81.72627279098378,0,,dry_bean_uci,dry_bean_uci,11,11
final_development,l1_fixed,6,5443,5443,0,680,1.0,77.52117724198615,0,,dry_bean_uci,dry_bean_uci,11,11
final_development,l1_fixed,7,5445,5445,0,680,1.0,69.34910655202111,0,,dry_bean_uci,dry_bean_uci,11,11
final_development,l1_fixed,8,5443,5443,0,680,1.0,73.42213617695961,0,,dry_bean_uci,dry_bean_uci,11,11
final_development,l1_fixed,9,5445,5445,0,680,1.0,80.64086214301642,0,,dry_bean_uci,dry_bean_uci,11,11
final_development,l1_fixed,10,5443,5443,0,669,1.0,79.38482658501016,0,,dry_bean_uci,dry_bean_uci,11,11
final_development,l1_fixed,11,5445,5445,0,669,1.0,70.08859220601153,0,,dry_bean_uci,dry_bean_uci,11,11
final_development,l1_fixed,12,5443,5443,0,678,1.0,72.84210184001131,0,,dry_bean_uci,dry_bean_uci,11,11
final_development,l1_fixed,13,5445,5445,0,670,1.0,77.50825369096128,0,,dry_bean_uci,dry_bean_uci,11,11
final_development,l1_fixed,14,5443,5443,0,677,1.0,88.07722286402714,0,,dry_bean_uci,dry_bean_uci,11,11
final_development,l1_fixed,15,5445,5445,0,680,1.0,66.571774534008,0,,dry_bean_uci,dry_bean_uci,11,11
final_development,l1_fixed,16,5443,5443,0,676,1.0,71.38496220397064,0,,dry_bean_uci,dry_bean_uci,11,11
final_development,l1_fixed,17,5445,5445,0,680,1.0,78.12248804501723,0,,dry_bean_uci,dry_bean_uci,11,11
final_development,l1_fixed,18,5443,5443,0,671,1.0,71.9271837589913,0,,dry_bean_uci,dry_bean_uci,11,11
final_development,l1_fixed,19,5445,5445,0,678,1.0,80.52406812703703,0,,dry_bean_uci,dry_bean_uci,11,11
final_development,l1_fixed,20,5443,5443,0,680,1.0,79.29759292496601,0,,dry_bean_uci,dry_bean_uci,11,11
final_development,l1_fixed,21,5445,5445,0,673,1.0,72.99415315099759,0,,dry_bean_uci,dry_bean_uci,11,11
final_development,l1_fixed,22,5443,5443,0,669,1.0,77.36759873101255,0,,dry_bean_uci,dry_bean_uci,11,11
final_development,l1_fixed,23,5445,5445,0,674,1.0,71.20946212299168,0,,dry_bean_uci,dry_bean_uci,11,11
final_development,l1_fixed,24,5443,5443,0,680,1.0,75.10276833898388,0,,dry_bean_uci,dry_bean_uci,11,11
final_development,l1_fixed,25,5445,5445,0,680,1.0,73.90086953400169,0,,dry_bean_uci,dry_bean_uci,11,11
final_development,l1_fixed,26,5443,5443,0,677,1.0,92.05000053602272,0,,dry_bean_uci,dry_bean_uci,11,11
final_development,l1_fixed,27,5445,5445,0,678,1.0,63.602134284970816,0,,dry_bean_uci,dry_bean_uci,11,11
final_development,l1_fixed,28,5443,5443,0,679,1.0,79.06986513599986,0,,dry_bean_uci,dry_bean_uci,11,11
final_development,l1_fixed,29,5445,5445,0,673,1.0,71.91559941699961,0,,dry_bean_uci,dry_bean_uci,11,11
final_development,l1_fixed,30,5443,5443,0,671,1.0,71.3583522150293,0,,dry_bean_uci,dry_bean_uci,11,11
final_development,l1_fixed,31,5445,5445,0,662,1.0,80.01708973001223,0,,dry_bean_uci,dry_bean_uci,11,11
final_development,l1_fixed,32,5443,5443,0,678,1.0,65.27158117300132,0,,dry_bean_uci,dry_bean_uci,11,11
final_development,l1_fixed,33,5445,5445,0,666,1.0,90.48571807896953,0,,dry_bean_uci,dry_bean_uci,11,11
final_development,l1_fixed,34,5443,5443,0,663,1.0,79.08999451500131,0,,dry_bean_uci,dry_bean_uci,11,11
final_development,l1_fixed,35,5445,5445,0,673,1.0,71.27975172299193,0,,dry_bean_uci,dry_bean_uci,11,11
final_development,l1_fixed,36,5443,5443,0,671,1.0,68.20682715700241,0,,dry_bean_uci,dry_bean_uci,11,11
final_development,l1_fixed,37,5445,5445,0,680,1.0,84.38712631096132,0,,dry_bean_uci,dry_bean_uci,11,11
final_development,l1_fixed,38,5443,5443,0,672,1.0,70.17103554599453,0,,dry_bean_uci,dry_bean_uci,11,11
final_development,l1_fixed,39,5445,5445,0,679,1.0,79.6370631189784,0,,dry_bean_uci,dry_bean_uci,11,11
tuning_train,shil,0,4081,3264,817,680,,3.6605318859801623,0,,dry_bean_uci,dry_bean_uci,11,11
tuning_train,shil,1,4085,3268,817,680,,3.6961605100077577,0,,dry_bean_uci,dry_bean_uci,11,11
tuning_train,shil,2,4081,3264,817,680,,3.6503986259922394,0,,dry_bean_uci,dry_bean_uci,11,11
tuning_train,shil,3,4085,3268,817,680,,3.5792295740102418,0,,dry_bean_uci,dry_bean_uci,11,11
tuning_train,shil,4,4081,3264,817,680,,3.577330489002634,0,,dry_bean_uci,dry_bean_uci,11,11
tuning_train,shil,5,4085,3268,817,680,,3.632829034002498,0,,dry_bean_uci,dry_bean_uci,11,11
tuning_train,shil,6,4081,3264,817,680,,3.612693679984659,0,,dry_bean_uci,dry_bean_uci,11,11
tuning_train,shil,7,4085,3268,817,680,,3.626880806987174,0,,dry_bean_uci,dry_bean_uci,11,11
tuning_train,shil,8,4081,3264,817,680,,3.726388234004844,0,,dry_bean_uci,dry_bean_uci,11,11
tuning_train,shil,9,4085,3268,817,680,,3.737270574958529,0,,dry_bean_uci,dry_bean_uci,11,11
tuning_train,shil,10,4081,3264,817,680,,3.6141400540363975,0,,dry_bean_uci,dry_bean_uci,11,11
tuning_train,shil,11,4085,3268,817,680,,3.621492204954848,0,,dry_bean_uci,dry_bean_uci,11,11
tuning_train,shil,12,4081,3264,817,680,,2.542733023990877,0,,dry_bean_uci,dry_bean_uci,11,11
tuning_train,shil,13,4085,3268,817,680,,3.624340045033023,0,,dry_bean_uci,dry_bean_uci,11,11
tuning_train,shil,14,4081,3264,817,680,,3.57092097599525,0,,dry_bean_uci,dry_bean_uci,11,11
tuning_train,shil,15,4085,3268,817,680,,3.60546183004044,0,,dry_bean_uci,dry_bean_uci,11,11
tuning_train,shil,16,4081,3264,817,680,,3.5687768170028,0,,dry_bean_uci,dry_bean_uci,11,11
tuning_train,shil,17,4085,3268,817,680,,3.610507409961429,0,,dry_bean_uci,dry_bean_uci,11,11
tuning_train,shil,18,4081,3264,817,680,,3.6025945550063625,0,,dry_bean_uci,dry_bean_uci,11,11
tuning_train,shil,19,4085,3268,817,680,,3.5741666110116057,0,,dry_bean_uci,dry_bean_uci,11,11
tuning_train,shil,20,4081,3264,817,680,,3.578180172014981,0,,dry_bean_uci,dry_bean_uci,11,11
tuning_train,shil,21,4085,3268,817,680,,3.587497099011671,0,,dry_bean_uci,dry_bean_uci,11,11
tuning_train,shil,22,4081,3264,817,680,,3.5870326249860227,0,,dry_bean_uci,dry_bean_uci,11,11
tuning_train,shil,23,4085,3268,817,680,,3.555475094006397,0,,dry_bean_uci,dry_bean_uci,11,11
tuning_train,shil,24,4081,3264,817,680,,2.6973837400437333,0,,dry_bean_uci,dry_bean_uci,11,11
tuning_train,shil,25,4085,3268,817,680,,3.555556509993039,0,,dry_bean_uci,dry_bean_uci,11,11
tuning_train,shil,26,4081,3264,817,680,,3.548058897024021,0,,dry_bean_uci,dry_bean_uci,11,11
tuning_train,shil,27,4085,3268,817,680,,3.6054590599960648,0,,dry_bean_uci,dry_bean_uci,11,11
tuning_train,shil,28,4081,3264,817,680,,3.6007759899948724,0,,dry_bean_uci,dry_bean_uci,11,11
tuning_train,shil,29,4085,3268,817,680,,3.640070323948749,0,,dry_bean_uci,dry_bean_uci,11,11
tuning_train,shil,30,4081,3264,817,680,,3.611430136021226,0,,dry_bean_uci,dry_bean_uci,11,11
tuning_train,shil,31,4085,3268,817,680,,2.280130934959743,0,,dry_bean_uci,dry_bean_uci,11,11
tuning_train,shil,32,4081,3264,817,680,,3.5542234369786456,0,,dry_bean_uci,dry_bean_uci,11,11
tuning_train,shil,33,4085,3268,817,680,,3.5798610180499963,0,,dry_bean_uci,dry_bean_uci,11,11
tuning_train,shil,34,4081,3264,817,680,,2.5224172750022262,0,,dry_bean_uci,dry_bean_uci,11,11
tuning_train,shil,35,4085,3268,817,680,,3.618758155032992,0,,dry_bean_uci,dry_bean_uci,11,11
tuning_train,shil,36,4081,3264,817,680,,3.5561803249875084,0,,dry_bean_uci,dry_bean_uci,11,11
tuning_train,shil,37,4085,3268,817,680,,3.5896211700164717,0,,dry_bean_uci,dry_bean_uci,11,11
tuning_train,shil,38,4081,3264,817,680,,3.5986123330076225,0,,dry_bean_uci,dry_bean_uci,11,11
tuning_train,shil,39,4085,3268,817,680,,2.91061455901945,0,,dry_bean_uci,dry_bean_uci,11,11
final_development,shil,0,5443,4354,1089,680,,4.893722248030826,0,,dry_bean_uci,dry_bean_uci,11,11
final_development,shil,1,5445,4356,1089,680,,4.901814250973985,0,,dry_bean_uci,dry_bean_uci,11,11
final_development,shil,2,5443,4354,1089,680,,4.962915053009056,0,,dry_bean_uci,dry_bean_uci,11,11
final_development,shil,3,5445,4356,1089,680,,4.8910835920250975,0,,dry_bean_uci,dry_bean_uci,11,11
final_development,shil,4,5443,4354,1089,680,,4.920420770009514,0,,dry_bean_uci,dry_bean_uci,11,11
final_development,shil,5,5445,4356,1089,680,,4.889242965960875,0,,dry_bean_uci,dry_bean_uci,11,11
final_development,shil,6,5443,4354,1089,680,,4.867879002995323,0,,dry_bean_uci,dry_bean_uci,11,11
final_development,shil,7,5445,4356,1089,680,,4.88442535395734,0,,dry_bean_uci,dry_bean_uci,11,11
final_development,shil,8,5443,4354,1089,680,,4.874488166009542,0,,dry_bean_uci,dry_bean_uci,11,11
final_development,shil,9,5445,4356,1089,680,,4.498636892996728,0,,dry_bean_uci,dry_bean_uci,11,11
final_development,shil,10,5443,4354,1089,680,,4.894897122983821,0,,dry_bean_uci,dry_bean_uci,11,11
final_development,shil,11,5445,4356,1089,680,,4.910778468998615,0,,dry_bean_uci,dry_bean_uci,11,11
final_development,shil,12,5443,4354,1089,680,,4.906255844980478,0,,dry_bean_uci,dry_bean_uci,11,11
final_development,shil,13,5445,4356,1089,680,,4.894502120965626,0,,dry_bean_uci,dry_bean_uci,11,11
final_development,shil,14,5443,4354,1089,680,,4.862563347967807,0,,dry_bean_uci,dry_bean_uci,11,11
final_development,shil,15,5445,4356,1089,680,,4.864010173012503,0,,dry_bean_uci,dry_bean_uci,11,11
final_development,shil,16,5443,4354,1089,680,,4.861171361990273,0,,dry_bean_uci,dry_bean_uci,11,11
final_development,shil,17,5445,4356,1089,680,,4.887309393961914,0,,dry_bean_uci,dry_bean_uci,11,11
final_development,shil,18,5443,4354,1089,680,,4.878982377005741,0,,dry_bean_uci,dry_bean_uci,11,11
final_development,shil,19,5445,4356,1089,680,,4.866051320976112,0,,dry_bean_uci,dry_bean_uci,11,11
final_development,shil,20,5443,4354,1089,680,,4.864355199970305,0,,dry_bean_uci,dry_bean_uci,11,11
final_development,shil,21,5445,4356,1089,680,,4.882671605038922,0,,dry_bean_uci,dry_bean_uci,11,11
final_development,shil,22,5443,4354,1089,680,,4.654835794004612,0,,dry_bean_uci,dry_bean_uci,11,11
final_development,shil,23,5445,4356,1089,680,,4.837241650035139,0,,dry_bean_uci,dry_bean_uci,11,11
final_development,shil,24,5443,4354,1089,680,,4.880855746974703,0,,dry_bean_uci,dry_bean_uci,11,11
final_development,shil,25,5445,4356,1089,680,,4.8658327930024825,0,,dry_bean_uci,dry_bean_uci,11,11
final_development,shil,26,5443,4354,1089,680,,4.8800320029840805,0,,dry_bean_uci,dry_bean_uci,11,11
final_development,shil,27,5445,4356,1089,680,,4.9118389209616,0,,dry_bean_uci,dry_bean_uci,11,11
final_development,shil,28,5443,4354,1089,680,,4.9260497319628485,0,,dry_bean_uci,dry_bean_uci,11,11
final_development,shil,29,5445,4356,1089,680,,4.900337528029922,0,,dry_bean_uci,dry_bean_uci,11,11
final_development,shil,30,5443,4354,1089,680,,4.930428111983929,0,,dry_bean_uci,dry_bean_uci,11,11
final_development,shil,31,5445,4356,1089,680,,4.894504182972014,0,,dry_bean_uci,dry_bean_uci,11,11
final_development,shil,32,5443,4354,1089,680,,4.9097585619892925,0,,dry_bean_uci,dry_bean_uci,11,11
final_development,shil,33,5445,4356,1089,680,,4.897043065982871,0,,dry_bean_uci,dry_bean_uci,11,11
final_development,shil,34,5443,4354,1089,680,,4.895052540989127,0,,dry_bean_uci,dry_bean_uci,11,11
final_development,shil,35,5445,4356,1089,680,,4.885902916023042,0,,dry_bean_uci,dry_bean_uci,11,11
final_development,shil,36,5443,4354,1089,680,,4.874018426984549,0,,dry_bean_uci,dry_bean_uci,11,11
final_development,shil,37,5445,4356,1089,680,,4.885705215041526,0,,dry_bean_uci,dry_bean_uci,11,11
final_development,shil,38,5443,4354,1089,680,,4.922985857992899,0,,dry_bean_uci,dry_bean_uci,11,11
final_development,shil,39,5445,4356,1089,680,,4.892477613000665,0,,dry_bean_uci,dry_bean_uci,11,11
tuning_train,l1_fixed,0,4081,4081,0,680,1.0,57.091562785964925,0,,dry_bean_uci,dry_bean_uci,23,23
tuning_train,l1_fixed,1,4085,4085,0,680,1.0,51.985977073025424,0,,dry_bean_uci,dry_bean_uci,23,23
tuning_train,l1_fixed,2,4081,4081,0,680,1.0,55.27538258000277,0,,dry_bean_uci,dry_bean_uci,23,23
tuning_train,l1_fixed,3,4085,4085,0,680,1.0,57.09954393800581,0,,dry_bean_uci,dry_bean_uci,23,23
tuning_train,l1_fixed,4,4081,4081,0,680,1.0,55.84262133197626,0,,dry_bean_uci,dry_bean_uci,23,23
tuning_train,l1_fixed,5,4085,4085,0,680,1.0,58.112780623021536,0,,dry_bean_uci,dry_bean_uci,23,23
tuning_train,l1_fixed,6,4081,4081,0,680,1.0,54.47801868902752,0,,dry_bean_uci,dry_bean_uci,23,23
tuning_train,l1_fixed,7,4085,4085,0,680,1.0,61.12472214800073,0,,dry_bean_uci,dry_bean_uci,23,23
tuning_train,l1_fixed,8,4081,4081,0,680,1.0,55.93306458304869,0,,dry_bean_uci,dry_bean_uci,23,23
tuning_train,l1_fixed,9,4085,4085,0,677,1.0,61.46430055599194,0,,dry_bean_uci,dry_bean_uci,23,23
tuning_train,l1_fixed,10,4081,4081,0,671,1.0,54.54173893498955,0,,dry_bean_uci,dry_bean_uci,23,23
tuning_train,l1_fixed,11,4085,4085,0,680,1.0,56.40567208302673,0,,dry_bean_uci,dry_bean_uci,23,23
tuning_train,l1_fixed,12,4081,4081,0,680,1.0,54.75558656803332,0,,dry_bean_uci,dry_bean_uci,23,23
tuning_train,l1_fixed,13,4085,4085,0,680,1.0,56.38737614999991,0,,dry_bean_uci,dry_bean_uci,23,23
tuning_train,l1_fixed,14,4081,4081,0,676,1.0,56.69569344999036,0,,dry_bean_uci,dry_bean_uci,23,23
tuning_train,l1_fixed,15,4085,4085,0,680,1.0,56.19478370301658,0,,dry_bean_uci,dry_bean_uci,23,23
tuning_train,l1_fixed,16,4081,4081,0,678,1.0,54.976662361004855,0,,dry_bean_uci,dry_bean_uci,23,23
tuning_train,l1_fixed,17,4085,4085,0,678,1.0,63.76823241100647,0,,dry_bean_uci,dry_bean_uci,23,23
tuning_train,l1_fixed,18,4081,4081,0,677,1.0,62.08206433302257,0,,dry_bean_uci,dry_bean_uci,23,23
tuning_train,l1_fixed,19,4085,4085,0,669,1.0,51.58076225599507,0,,dry_bean_uci,dry_bean_uci,23,23
tuning_train,l1_fixed,20,4081,4081,0,679,1.0,49.89620496099815,0,,dry_bean_uci,dry_bean_uci,23,23
tuning_train,l1_fixed,21,4085,4085,0,676,1.0,66.06224317499436,0,,dry_bean_uci,dry_bean_uci,23,23
tuning_train,l1_fixed,22,4081,4081,0,680,1.0,57.97741801000666,0,,dry_bean_uci,dry_bean_uci,23,23
tuning_train,l1_fixed,23,4085,4085,0,680,1.0,52.23057237098692,0,,dry_bean_uci,dry_bean_uci,23,23
tuning_train,l1_fixed,24,4081,4081,0,680,1.0,51.59577416401589,0,,dry_bean_uci,dry_bean_uci,23,23
tuning_train,l1_fixed,25,4085,4085,0,680,1.0,61.84968701400794,0,,dry_bean_uci,dry_bean_uci,23,23
tuning_train,l1_fixed,26,4081,4081,0,680,1.0,63.306512423965614,0,,dry_bean_uci,dry_bean_uci,23,23
tuning_train,l1_fixed,27,4085,4085,0,680,1.0,52.2766382980044,0,,dry_bean_uci,dry_bean_uci,23,23
tuning_train,l1_fixed,28,4081,4081,0,680,1.0,58.01370585197583,0,,dry_bean_uci,dry_bean_uci,23,23
tuning_train,l1_fixed,29,4085,4085,0,680,1.0,53.98293867299799,0,,dry_bean_uci,dry_bean_uci,23,23
tuning_train,l1_fixed,30,4081,4081,0,680,1.0,54.37459183001192,0,,dry_bean_uci,dry_bean_uci,23,23
tuning_train,l1_fixed,31,4085,4085,0,678,1.0,57.120463541999925,0,,dry_bean_uci,dry_bean_uci,23,23
tuning_train,l1_fixed,32,4081,4081,0,680,1.0,63.38544217002345,0,,dry_bean_uci,dry_bean_uci,23,23
tuning_train,l1_fixed,33,4085,4085,0,680,1.0,52.60780885396525,0,,dry_bean_uci,dry_bean_uci,23,23
tuning_train,l1_fixed,34,4081,4081,0,680,1.0,59.46834794100141,0,,dry_bean_uci,dry_bean_uci,23,23
tuning_train,l1_fixed,35,4085,4085,0,678,1.0,55.53080813400448,0,,dry_bean_uci,dry_bean_uci,23,23
tuning_train,l1_fixed,36,4081,4081,0,680,1.0,51.841685988008976,0,,dry_bean_uci,dry_bean_uci,23,23
tuning_train,l1_fixed,37,4085,4085,0,680,1.0,62.02761390001979,0,,dry_bean_uci,dry_bean_uci,23,23
tuning_train,l1_fixed,38,4081,4081,0,679,1.0,54.97072847100208,0,,dry_bean_uci,dry_bean_uci,23,23
tuning_train,l1_fixed,39,4085,4085,0,680,1.0,53.57996297499631,0,,dry_bean_uci,dry_bean_uci,23,23
final_development,l1_fixed,0,5443,5443,0,678,1.0,76.77788592601428,0,,dry_bean_uci,dry_bean_uci,23,23
final_development,l1_fixed,1,5445,5445,0,680,1.0,71.81153609399917,0,,dry_bean_uci,dry_bean_uci,23,23
final_development,l1_fixed,2,5443,5443,0,680,1.0,70.85995248000836,0,,dry_bean_uci,dry_bean_uci,23,23
final_development,l1_fixed,3,5445,5445,0,680,1.0,69.96116588002769,0,,dry_bean_uci,dry_bean_uci,23,23
final_development,l1_fixed,4,5443,5443,0,672,1.0,76.17868900304893,0,,dry_bean_uci,dry_bean_uci,23,23
final_development,l1_fixed,5,5445,5445,0,676,1.0,67.11627244402189,0,,dry_bean_uci,dry_bean_uci,23,23
final_development,l1_fixed,6,5443,5443,0,679,1.0,75.50243228196632,0,,dry_bean_uci,dry_bean_uci,23,23
final_development,l1_fixed,7,5445,5445,0,671,1.0,66.7526821080246,0,,dry_bean_uci,dry_bean_uci,23,23
final_development,l1_fixed,8,5443,5443,0,675,1.0,77.67306191998068,0,,dry_bean_uci,dry_bean_uci,23,23
final_development,l1_fixed,9,5445,5445,0,679,1.0,64.05430105200503,0,,dry_bean_uci,dry_bean_uci,23,23
final_development,l1_fixed,10,5443,5443,0,680,1.0,65.72821926994948,0,,dry_bean_uci,dry_bean_uci,23,23
final_development,l1_fixed,11,5445,5445,0,673,1.0,75.2540173510206,0,,dry_bean_uci,dry_bean_uci,23,23
final_development,l1_fixed,12,5443,5443,0,678,1.0,71.61103000602452,0,,dry_bean_uci,dry_bean_uci,23,23
final_development,l1_fixed,13,5445,5445,0,680,1.0,71.71812322898768,0,,dry_bean_uci,dry_bean_uci,23,23
final_development,l1_fixed,14,5443,5443,0,680,1.0,67.16695492703002,0,,dry_bean_uci,dry_bean_uci,23,23
final_development,l1_fixed,15,5445,5445,0,680,1.0,75.84423243399942,0,,dry_bean_uci,dry_bean_uci,23,23
final_development,l1_fixed,16,5443,5443,0,680,1.0,84.67259459599154,0,,dry_bean_uci,dry_bean_uci,23,23
final_development,l1_fixed,17,5445,5445,0,670,1.0,65.95163304999005,0,,dry_bean_uci,dry_bean_uci,23,23
final_development,l1_fixed,18,5443,5443,0,663,1.0,79.00867832300719,0,,dry_bean_uci,dry_bean_uci,23,23
final_development,l1_fixed,19,5445,5445,0,680,1.0,68.77427146304399,0,,dry_bean_uci,dry_bean_uci,23,23
final_development,l1_fixed,20,5443,5443,0,679,1.0,65.36498136701994,0,,dry_bean_uci,dry_bean_uci,23,23
final_development,l1_fixed,21,5445,5445,0,680,1.0,77.60435600299388,0,,dry_bean_uci,dry_bean_uci,23,23
final_development,l1_fixed,22,5443,5443,0,680,1.0,72.62289262097329,0,,dry_bean_uci,dry_bean_uci,23,23
final_development,l1_fixed,23,5445,5445,0,680,1.0,71.36778324301122,0,,dry_bean_uci,dry_bean_uci,23,23
final_development,l1_fixed,24,5443,5443,0,680,1.0,68.70651801698841,0,,dry_bean_uci,dry_bean_uci,23,23
final_development,l1_fixed,25,5445,5445,0,680,1.0,83.64732651796658,0,,dry_bean_uci,dry_bean_uci,23,23
final_development,l1_fixed,26,5443,5443,0,680,1.0,68.06326049298514,0,,dry_bean_uci,dry_bean_uci,23,23
final_development,l1_fixed,27,5445,5445,0,677,1.0,77.62420747202123,0,,dry_bean_uci,dry_bean_uci,23,23
final_development,l1_fixed,28,5443,5443,0,678,1.0,77.67030848300783,0,,dry_bean_uci,dry_bean_uci,23,23
final_development,l1_fixed,29,5445,5445,0,676,1.0,69.8140700480435,0,,dry_bean_uci,dry_bean_uci,23,23
final_development,l1_fixed,30,5443,5443,0,680,1.0,66.90647332899971,0,,dry_bean_uci,dry_bean_uci,23,23
final_development,l1_fixed,31,5445,5445,0,679,1.0,79.72061743499944,0,,dry_bean_uci,dry_bean_uci,23,23
final_development,l1_fixed,32,5443,5443,0,667,1.0,76.98767143202713,0,,dry_bean_uci,dry_bean_uci,23,23
final_development,l1_fixed,33,5445,5445,0,678,1.0,71.97831615403993,0,,dry_bean_uci,dry_bean_uci,23,23
final_development,l1_fixed,34,5443,5443,0,680,1.0,73.43645942898002,0,,dry_bean_uci,dry_bean_uci,23,23
final_development,l1_fixed,35,5445,5445,0,680,1.0,69.52587046497501,0,,dry_bean_uci,dry_bean_uci,23,23
final_development,l1_fixed,36,5443,5443,0,678,1.0,68.16929171403171,0,,dry_bean_uci,dry_bean_uci,23,23
final_development,l1_fixed,37,5445,5445,0,673,1.0,81.42495450901333,0,,dry_bean_uci,dry_bean_uci,23,23
final_development,l1_fixed,38,5443,5443,0,672,1.0,66.90591792401392,0,,dry_bean_uci,dry_bean_uci,23,23
final_development,l1_fixed,39,5445,5445,0,674,1.0,74.37939736503176,0,,dry_bean_uci,dry_bean_uci,23,23
tuning_train,shil,0,4081,3264,817,680,,3.764458764984738,0,,dry_bean_uci,dry_bean_uci,23,23
tuning_train,shil,1,4085,3268,817,680,,3.74330806202488,0,,dry_bean_uci,dry_bean_uci,23,23
tuning_train,shil,2,4081,3264,817,680,,3.7076997549738735,0,,dry_bean_uci,dry_bean_uci,23,23
tuning_train,shil,3,4085,3268,817,680,,3.690890209982172,0,,dry_bean_uci,dry_bean_uci,23,23
tuning_train,shil,4,4081,3264,817,680,,3.6869640559889376,0,,dry_bean_uci,dry_bean_uci,23,23
tuning_train,shil,5,4085,3268,817,680,,3.770987462019548,0,,dry_bean_uci,dry_bean_uci,23,23
tuning_train,shil,6,4081,3264,817,680,,3.6642298999940977,0,,dry_bean_uci,dry_bean_uci,23,23
tuning_train,shil,7,4085,3268,817,680,,3.685277722019237,0,,dry_bean_uci,dry_bean_uci,23,23
tuning_train,shil,8,4081,3264,817,680,,3.7309592370293103,0,,dry_bean_uci,dry_bean_uci,23,23
tuning_train,shil,9,4085,3268,817,680,,3.682409177999944,0,,dry_bean_uci,dry_bean_uci,23,23
tuning_train,shil,10,4081,3264,817,680,,3.662731488002464,0,,dry_bean_uci,dry_bean_uci,23,23
tuning_train,shil,11,4085,3268,817,680,,3.680614283017349,0,,dry_bean_uci,dry_bean_uci,23,23
tuning_train,shil,12,4081,3264,817,680,,3.6673408889910206,0,,dry_bean_uci,dry_bean_uci,23,23
tuning_train,shil,13,4085,3268,817,680,,3.807679941994138,0,,dry_bean_uci,dry_bean_uci,23,23
tuning_train,shil,14,4081,3264,817,680,,3.6714081239770167,0,,dry_bean_uci,dry_bean_uci,23,23
tuning_train,shil,15,4085,3268,817,680,,3.70876460702857,0,,dry_bean_uci,dry_bean_uci,23,23
tuning_train,shil,16,4081,3264,817,680,,3.779565980017651,0,,dry_bean_uci,dry_bean_uci,23,23
tuning_train,shil,17,4085,3268,817,680,,2.0812958250171505,0,,dry_bean_uci,dry_bean_uci,23,23
tuning_train,shil,18,4081,3264,817,680,,3.6977979539660737,0,,dry_bean_uci,dry_bean_uci,23,23
tuning_train,shil,19,4085,3268,817,680,,3.276164871000219,0,,dry_bean_uci,dry_bean_uci,23,23
tuning_train,shil,20,4081,3264,817,680,,3.653506850998383,0,,dry_bean_uci,dry_bean_uci,23,23
tuning_train,shil,21,4085,3268,817,680,,3.703595444036182,0,,dry_bean_uci,dry_bean_uci,23,23
tuning_train,shil,22,4081,3264,817,680,,3.006613741978072,0,,dry_bean_uci,dry_bean_uci,23,23
tuning_train,shil,23,4085,3268,817,680,,3.6606484729563817,0,,dry_bean_uci,dry_bean_uci,23,23
tuning_train,shil,24,4081,3264,817,680,,3.6875721070100553,0,,dry_bean_uci,dry_bean_uci,23,23
tuning_train,shil,25,4085,3268,817,680,,3.7355576820555134,0,,dry_bean_uci,dry_bean_uci,23,23
tuning_train,shil,26,4081,3264,817,680,,3.696613865031395,0,,dry_bean_uci,dry_bean_uci,23,23
tuning_train,shil,27,4085,3268,817,680,,3.655197946995031,0,,dry_bean_uci,dry_bean_uci,23,23
tuning_train,shil,28,4081,3264,817,680,,3.6490601350087672,0,,dry_bean_uci,dry_bean_uci,23,23
tuning_train,shil,29,4085,3268,817,680,,3.710576185956597,0,,dry_bean_uci,dry_bean_uci,23,23
tuning_train,shil,30,4081,3264,817,680,,3.67647941200994,0,,dry_bean_uci,dry_bean_uci,23,23
tuning_train,shil,31,4085,3268,817,680,,3.679598119051661,0,,dry_bean_uci,dry_bean_uci,23,23
tuning_train,shil,32,4081,3264,817,680,,3.6949899719911623,0,,dry_bean_uci,dry_bean_uci,23,23
tuning_train,shil,33,4085,3268,817,680,,3.749529163993429,0,,dry_bean_uci,dry_bean_uci,23,23
tuning_train,shil,34,4081,3264,817,680,,3.636461666959804,0,,dry_bean_uci,dry_bean_uci,23,23
tuning_train,shil,35,4085,3268,817,680,,3.713046890043188,0,,dry_bean_uci,dry_bean_uci,23,23
tuning_train,shil,36,4081,3264,817,680,,3.696300745010376,0,,dry_bean_uci,dry_bean_uci,23,23
tuning_train,shil,37,4085,3268,817,680,,3.712105680955574,0,,dry_bean_uci,dry_bean_uci,23,23
tuning_train,shil,38,4081,3264,817,680,,3.707836084999144,0,,dry_bean_uci,dry_bean_uci,23,23
tuning_train,shil,39,4085,3268,817,680,,3.720790837018285,0,,dry_bean_uci,dry_bean_uci,23,23
final_development,shil,0,5443,4354,1089,680,,4.923800915013999,0,,dry_bean_uci,dry_bean_uci,23,23
final_development,shil,1,5445,4356,1089,680,,4.992741870984901,0,,dry_bean_uci,dry_bean_uci,23,23
final_development,shil,2,5443,4354,1089,680,,4.942504396953154,0,,dry_bean_uci,dry_bean_uci,23,23
final_development,shil,3,5445,4356,1089,680,,4.923913315986283,0,,dry_bean_uci,dry_bean_uci,23,23
final_development,shil,4,5443,4354,1089,680,,4.915204040997196,0,,dry_bean_uci,dry_bean_uci,23,23
final_development,shil,5,5445,4356,1089,680,,5.014314977976028,0,,dry_bean_uci,dry_bean_uci,23,23
final_development,shil,6,5443,4354,1089,680,,4.955359268991742,0,,dry_bean_uci,dry_bean_uci,23,23
final_development,shil,7,5445,4356,1089,680,,4.95244276500307,0,,dry_bean_uci,dry_bean_uci,23,23
final_development,shil,8,5443,4354,1089,680,,4.921025693009142,0,,dry_bean_uci,dry_bean_uci,23,23
final_development,shil,9,5445,4356,1089,680,,5.036710454034619,0,,dry_bean_uci,dry_bean_uci,23,23
final_development,shil,10,5443,4354,1089,680,,4.950973993050866,0,,dry_bean_uci,dry_bean_uci,23,23
final_development,shil,11,5445,4356,1089,680,,4.922940030985046,0,,dry_bean_uci,dry_bean_uci,23,23
final_development,shil,12,5443,4354,1089,680,,3.7146168280160055,0,,dry_bean_uci,dry_bean_uci,23,23
final_development,shil,13,5445,4356,1089,680,,4.934286890027579,0,,dry_bean_uci,dry_bean_uci,23,23
final_development,shil,14,5443,4354,1089,680,,4.949828623968642,0,,dry_bean_uci,dry_bean_uci,23,23
final_development,shil,15,5445,4356,1089,680,,4.931558066979051,0,,dry_bean_uci,dry_bean_uci,23,23
final_development,shil,16,5443,4354,1089,680,,4.91520752600627,0,,dry_bean_uci,dry_bean_uci,23,23
final_development,shil,17,5445,4356,1089,680,,4.990775379992556,0,,dry_bean_uci,dry_bean_uci,23,23
final_development,shil,18,5443,4354,1089,680,,4.937735121988226,0,,dry_bean_uci,dry_bean_uci,23,23
final_development,shil,19,5445,4356,1089,680,,4.9635279449867085,0,,dry_bean_uci,dry_bean_uci,23,23
final_development,shil,20,5443,4354,1089,680,,4.948831897985656,0,,dry_bean_uci,dry_bean_uci,23,23
final_development,shil,21,5445,4356,1089,680,,5.045090409985278,0,,dry_bean_uci,dry_bean_uci,23,23
final_development,shil,22,5443,4354,1089,680,,4.899083748052362,0,,dry_bean_uci,dry_bean_uci,23,23
final_development,shil,23,5445,4356,1089,680,,4.945012946031056,0,,dry_bean_uci,dry_bean_uci,23,23
final_development,shil,24,5443,4354,1089,680,,4.868357604020275,0,,dry_bean_uci,dry_bean_uci,23,23
final_development,shil,25,5445,4356,1089,680,,4.963780988997314,0,,dry_bean_uci,dry_bean_uci,23,23
final_development,shil,26,5443,4354,1089,680,,4.994788417010568,0,,dry_bean_uci,dry_bean_uci,23,23
final_development,shil,27,5445,4356,1089,680,,4.961010646016803,0,,dry_bean_uci,dry_bean_uci,23,23
final_development,shil,28,5443,4354,1089,680,,4.978456757031381,0,,dry_bean_uci,dry_bean_uci,23,23
final_development,shil,29,5445,4356,1089,680,,5.035171127005015,0,,dry_bean_uci,dry_bean_uci,23,23
final_development,shil,30,5443,4354,1089,680,,4.984156125981826,0,,dry_bean_uci,dry_bean_uci,23,23
final_development,shil,31,5445,4356,1089,680,,4.983143558027223,0,,dry_bean_uci,dry_bean_uci,23,23
final_development,shil,32,5443,4354,1089,680,,4.972021262976341,0,,dry_bean_uci,dry_bean_uci,23,23
final_development,shil,33,5445,4356,1089,680,,4.989088008995168,0,,dry_bean_uci,dry_bean_uci,23,23
final_development,shil,34,5443,4354,1089,680,,4.969524880987592,0,,dry_bean_uci,dry_bean_uci,23,23
final_development,shil,35,5445,4356,1089,680,,4.961948015959933,0,,dry_bean_uci,dry_bean_uci,23,23
final_development,shil,36,5443,4354,1089,680,,4.970256567990873,0,,dry_bean_uci,dry_bean_uci,23,23
final_development,shil,37,5445,4356,1089,680,,4.997249161009677,0,,dry_bean_uci,dry_bean_uci,23,23
final_development,shil,38,5443,4354,1089,680,,4.964752321015112,0,,dry_bean_uci,dry_bean_uci,23,23
final_development,shil,39,5445,4356,1089,680,,4.921584147959948,0,,dry_bean_uci,dry_bean_uci,23,23
tuning_train,l1_fixed,0,4081,4081,0,679,1.0,52.199630864022765,0,,dry_bean_uci,dry_bean_uci,37,37
tuning_train,l1_fixed,1,4085,4085,0,680,1.0,55.91457602201263,0,,dry_bean_uci,dry_bean_uci,37,37
tuning_train,l1_fixed,2,4081,4081,0,680,1.0,55.99331087601604,0,,dry_bean_uci,dry_bean_uci,37,37
tuning_train,l1_fixed,3,4085,4085,0,675,1.0,53.374053525039926,0,,dry_bean_uci,dry_bean_uci,37,37
tuning_train,l1_fixed,4,4081,4081,0,677,1.0,53.65322657802608,0,,dry_bean_uci,dry_bean_uci,37,37
tuning_train,l1_fixed,5,4085,4085,0,676,1.0,54.67461520497454,0,,dry_bean_uci,dry_bean_uci,37,37
tuning_train,l1_fixed,6,4081,4081,0,677,1.0,56.84327954798937,0,,dry_bean_uci,dry_bean_uci,37,37
tuning_train,l1_fixed,7,4085,4085,0,676,1.0,56.79451155901188,0,,dry_bean_uci,dry_bean_uci,37,37
tuning_train,l1_fixed,8,4081,4081,0,672,1.0,53.37767060397891,0,,dry_bean_uci,dry_bean_uci,37,37
tuning_train,l1_fixed,9,4085,4085,0,680,1.0,55.21522047702456,0,,dry_bean_uci,dry_bean_uci,37,37
tuning_train,l1_fixed,10,4081,4081,0,677,1.0,54.41245743801119,0,,dry_bean_uci,dry_bean_uci,37,37
tuning_train,l1_fixed,11,4085,4085,0,680,1.0,53.47562079603085,0,,dry_bean_uci,dry_bean_uci,37,37
tuning_train,l1_fixed,12,4081,4081,0,678,1.0,53.22596489300486,0,,dry_bean_uci,dry_bean_uci,37,37
tuning_train,l1_fixed,13,4085,4085,0,678,1.0,55.98626050102757,0,,dry_bean_uci,dry_bean_uci,37,37
tuning_train,l1_fixed,14,4081,4081,0,676,1.0,50.93478022800991,0,,dry_bean_uci,dry_bean_uci,37,37
tuning_train,l1_fixed,15,4085,4085,0,680,1.0,56.21545751101803,0,,dry_bean_uci,dry_bean_uci,37,37
tuning_train,l1_fixed,16,4081,4081,0,680,1.0,55.31498709501466,0,,dry_bean_uci,dry_bean_uci,37,37
tuning_train,l1_fixed,17,4085,4085,0,678,1.0,62.471876087016426,0,,dry_bean_uci,dry_bean_uci,37,37
tuning_train,l1_fixed,18,4081,4081,0,672,1.0,52.25085097795818,0,,dry_bean_uci,dry_bean_uci,37,37
tuning_train,l1_fixed,19,4085,4085,0,674,1.0,57.10317346797092,0,,dry_bean_uci,dry_bean_uci,37,37
tuning_train,l1_fixed,20,4081,4081,0,680,1.0,53.402582384005655,0,,dry_bean_uci,dry_bean_uci,37,37
tuning_train,l1_fixed,21,4085,4085,0,680,1.0,55.16182342398679,0,,dry_bean_uci,dry_bean_uci,37,37
tuning_train,l1_fixed,22,4081,4081,0,680,1.0,53.22012493602233,0,,dry_bean_uci,dry_bean_uci,37,37
tuning_train,l1_fixed,23,4085,4085,0,679,1.0,55.45645707799122,0,,dry_bean_uci,dry_bean_uci,37,37
tuning_train,l1_fixed,24,4081,4081,0,676,1.0,56.10040712996852,0,,dry_bean_uci,dry_bean_uci,37,37
tuning_train,l1_fixed,25,4085,4085,0,677,1.0,53.56247454101685,0,,dry_bean_uci,dry_bean_uci,37,37
tuning_train,l1_fixed,26,4081,4081,0,680,1.0,52.31307936797384,0,,dry_bean_uci,dry_bean_uci,37,37
tuning_train,l1_fixed,27,4085,4085,0,680,1.0,55.54407252301462,0,,dry_bean_uci,dry_bean_uci,37,37
tuning_train,l1_fixed,28,4081,4081,0,679,1.0,52.70254063099856,0,,dry_bean_uci,dry_bean_uci,37,37
tuning_train,l1_fixed,29,4085,4085,0,678,1.0,57.21877158002462,0,,dry_bean_uci,dry_bean_uci,37,37
tuning_train,l1_fixed,30,4081,4081,0,677,1.0,54.552863446995616,0,,dry_bean_uci,dry_bean_uci,37,37
tuning_train,l1_fixed,31,4085,4085,0,675,1.0,51.8852627640008,0,,dry_bean_uci,dry_bean_uci,37,37
tuning_train,l1_fixed,32,4081,4081,0,680,1.0,56.52503694203915,0,,dry_bean_uci,dry_bean_uci,37,37
tuning_train,l1_fixed,33,4085,4085,0,679,1.0,55.96636309399037,0,,dry_bean_uci,dry_bean_uci,37,37
tuning_train,l1_fixed,34,4081,4081,0,676,1.0,52.60213326202938,0,,dry_bean_uci,dry_bean_uci,37,37
tuning_train,l1_fixed,35,4085,4085,0,680,1.0,55.84349465504056,0,,dry_bean_uci,dry_bean_uci,37,37
tuning_train,l1_fixed,36,4081,4081,0,673,1.0,63.573498750978615,0,,dry_bean_uci,dry_bean_uci,37,37
tuning_train,l1_fixed,37,4085,4085,0,668,1.0,55.75262776698219,0,,dry_bean_uci,dry_bean_uci,37,37
tuning_train,l1_fixed,38,4081,4081,0,680,1.0,54.2044107010006,0,,dry_bean_uci,dry_bean_uci,37,37
tuning_train,l1_fixed,39,4085,4085,0,670,1.0,55.0321726470138,0,,dry_bean_uci,dry_bean_uci,37,37
final_development,l1_fixed,0,5443,5443,0,677,1.0,68.75162002700381,0,,dry_bean_uci,dry_bean_uci,37,37
final_development,l1_fixed,1,5445,5445,0,675,1.0,70.9182299739914,0,,dry_bean_uci,dry_bean_uci,37,37
final_development,l1_fixed,2,5443,5443,0,679,1.0,70.3880968640442,0,,dry_bean_uci,dry_bean_uci,37,37
final_development,l1_fixed,3,5445,5445,0,680,1.0,65.9087907380308,0,,dry_bean_uci,dry_bean_uci,37,37
final_development,l1_fixed,4,5443,5443,0,679,1.0,67.1278151810402,0,,dry_bean_uci,dry_bean_uci,37,37
final_development,l1_fixed,5,5445,5445,0,680,1.0,73.36696537700482,0,,dry_bean_uci,dry_bean_uci,37,37
final_development,l1_fixed,6,5443,5443,0,676,1.0,70.74990366504062,0,,dry_bean_uci,dry_bean_uci,37,37
final_development,l1_fixed,7,5445,5445,0,670,1.0,69.30508905701572,0,,dry_bean_uci,dry_bean_uci,37,37
final_development,l1_fixed,8,5443,5443,0,680,1.0,71.70131323300302,0,,dry_bean_uci,dry_bean_uci,37,37
final_development,l1_fixed,9,5445,5445,0,678,1.0,67.71370200900128,0,,dry_bean_uci,dry_bean_uci,37,37
final_development,l1_fixed,10,5443,5443,0,680,1.0,66.75013543199748,0,,dry_bean_uci,dry_bean_uci,37,37
final_development,l1_fixed,11,5445,5445,0,677,1.0,72.34660672600148,0,,dry_bean_uci,dry_bean_uci,37,37
final_development,l1_fixed,12,5443,5443,0,677,1.0,74.53727132000495,0,,dry_bean_uci,dry_bean_uci,37,37
final_development,l1_fixed,13,5445,5445,0,680,1.0,69.67531790601788,0,,dry_bean_uci,dry_bean_uci,37,37
final_development,l1_fixed,14,5443,5443,0,670,1.0,72.67912170896307,0,,dry_bean_uci,dry_bean_uci,37,37
final_development,l1_fixed,15,5445,5445,0,677,1.0,68.08088213403244,0,,dry_bean_uci,dry_bean_uci,37,37
final_development,l1_fixed,16,5443,5443,0,679,1.0,73.75348356098402,0,,dry_bean_uci,dry_bean_uci,37,37
final_development,l1_fixed,17,5445,5445,0,678,1.0,65.36530946701532,0,,dry_bean_uci,dry_bean_uci,37,37
final_development,l1_fixed,18,5443,5443,0,680,1.0,68.18316910701105,0,,dry_bean_uci,dry_bean_uci,37,37
final_development,l1_fixed,19,5445,5445,0,680,1.0,78.54756905999966,0,,dry_bean_uci,dry_bean_uci,37,37
final_development,l1_fixed,20,5443,5443,0,672,1.0,74.67455256497487,0,,dry_bean_uci,dry_bean_uci,37,37
final_development,l1_fixed,21,5445,5445,0,678,1.0,70.87167582503753,0,,dry_bean_uci,dry_bean_uci,37,37
final_development,l1_fixed,22,5443,5443,0,680,1.0,71.03327419498237,0,,dry_bean_uci,dry_bean_uci,37,37
final_development,l1_fixed,23,5445,5445,0,680,1.0,68.39456626097672,0,,dry_bean_uci,dry_bean_uci,37,37
final_development,l1_fixed,24,5443,5443,0,675,1.0,68.33202362898737,0,,dry_bean_uci,dry_bean_uci,37,37
final_development,l1_fixed,25,5445,5445,0,676,1.0,69.64060022000922,0,,dry_bean_uci,dry_bean_uci,37,37
final_development,l1_fixed,26,5443,5443,0,680,1.0,67.99000872700708,0,,dry_bean_uci,dry_bean_uci,37,37
final_development,l1_fixed,27,5445,5445,0,680,1.0,73.94871469703503,0,,dry_bean_uci,dry_bean_uci,37,37
final_development,l1_fixed,28,5443,5443,0,677,1.0,68.97990649897838,0,,dry_bean_uci,dry_bean_uci,37,37
final_development,l1_fixed,29,5445,5445,0,679,1.0,66.7353555369773,0,,dry_bean_uci,dry_bean_uci,37,37
final_development,l1_fixed,30,5443,5443,0,680,1.0,67.90793325204868,0,,dry_bean_uci,dry_bean_uci,37,37
final_development,l1_fixed,31,5445,5445,0,677,1.0,68.70145121100359,0,,dry_bean_uci,dry_bean_uci,37,37
final_development,l1_fixed,32,5443,5443,0,680,1.0,66.68239032500423,0,,dry_bean_uci,dry_bean_uci,37,37
final_development,l1_fixed,33,5445,5445,0,679,1.0,79.41087238700129,0,,dry_bean_uci,dry_bean_uci,37,37
final_development,l1_fixed,34,5443,5443,0,679,1.0,66.86184777796734,0,,dry_bean_uci,dry_bean_uci,37,37
final_development,l1_fixed,35,5445,5445,0,680,1.0,68.61576140200486,0,,dry_bean_uci,dry_bean_uci,37,37
final_development,l1_fixed,36,5443,5443,0,680,1.0,73.64823949098354,0,,dry_bean_uci,dry_bean_uci,37,37
final_development,l1_fixed,37,5445,5445,0,680,1.0,68.64535534603056,0,,dry_bean_uci,dry_bean_uci,37,37
final_development,l1_fixed,38,5443,5443,0,677,1.0,67.7496403180412,0,,dry_bean_uci,dry_bean_uci,37,37
final_development,l1_fixed,39,5445,5445,0,680,1.0,70.40874240704579,0,,dry_bean_uci,dry_bean_uci,37,37
tuning_train,shil,0,4081,3264,817,680,,3.555949217989109,0,,dry_bean_uci,dry_bean_uci,37,37
tuning_train,shil,1,4085,3268,817,680,,3.5951013200101443,0,,dry_bean_uci,dry_bean_uci,37,37
tuning_train,shil,2,4081,3264,817,680,,3.6064450980047695,0,,dry_bean_uci,dry_bean_uci,37,37
tuning_train,shil,3,4085,3268,817,680,,3.3891950830002315,0,,dry_bean_uci,dry_bean_uci,37,37
tuning_train,shil,4,4081,3264,817,680,,3.5394156739930622,0,,dry_bean_uci,dry_bean_uci,37,37
tuning_train,shil,5,4085,3268,817,680,,3.5899724749615416,0,,dry_bean_uci,dry_bean_uci,37,37
tuning_train,shil,6,4081,3264,817,680,,3.6047679240000434,0,,dry_bean_uci,dry_bean_uci,37,37
tuning_train,shil,7,4085,3268,817,680,,3.5404936440172605,0,,dry_bean_uci,dry_bean_uci,37,37
tuning_train,shil,8,4081,3264,817,680,,3.558043996978085,0,,dry_bean_uci,dry_bean_uci,37,37
tuning_train,shil,9,4085,3268,817,680,,3.586366443953011,0,,dry_bean_uci,dry_bean_uci,37,37
tuning_train,shil,10,4081,3264,817,680,,3.600749530014582,0,,dry_bean_uci,dry_bean_uci,37,37
tuning_train,shil,11,4085,3268,817,680,,3.527730492001865,0,,dry_bean_uci,dry_bean_uci,37,37
tuning_train,shil,12,4081,3264,817,680,,3.784249809978064,0,,dry_bean_uci,dry_bean_uci,37,37
tuning_train,shil,13,4085,3268,817,680,,3.5399840400204994,0,,dry_bean_uci,dry_bean_uci,37,37
tuning_train,shil,14,4081,3264,817,680,,3.547721667971928,0,,dry_bean_uci,dry_bean_uci,37,37
tuning_train,shil,15,4085,3268,817,680,,3.5495919240056537,0,,dry_bean_uci,dry_bean_uci,37,37
tuning_train,shil,16,4081,3264,817,680,,3.5862497240304947,0,,dry_bean_uci,dry_bean_uci,37,37
tuning_train,shil,17,4085,3268,817,680,,3.5466708590392955,0,,dry_bean_uci,dry_bean_uci,37,37
tuning_train,shil,18,4081,3264,817,680,,3.6071670670062304,0,,dry_bean_uci,dry_bean_uci,37,37
tuning_train,shil,19,4085,3268,817,680,,3.5855995580204763,0,,dry_bean_uci,dry_bean_uci,37,37
tuning_train,shil,20,4081,3264,817,680,,3.549395923037082,0,,dry_bean_uci,dry_bean_uci,37,37
tuning_train,shil,21,4085,3268,817,680,,3.530572079005651,0,,dry_bean_uci,dry_bean_uci,37,37
tuning_train,shil,22,4081,3264,817,680,,3.57014910702128,0,,dry_bean_uci,dry_bean_uci,37,37
tuning_train,shil,23,4085,3268,817,680,,3.6311497580027208,0,,dry_bean_uci,dry_bean_uci,37,37
tuning_train,shil,24,4081,3264,817,680,,3.590168825001456,0,,dry_bean_uci,dry_bean_uci,37,37
tuning_train,shil,25,4085,3268,817,680,,3.5897378039662726,0,,dry_bean_uci,dry_bean_uci,37,37
tuning_train,shil,26,4081,3264,817,680,,3.56558659899747,0,,dry_bean_uci,dry_bean_uci,37,37
tuning_train,shil,27,4085,3268,817,680,,3.5444188970141117,0,,dry_bean_uci,dry_bean_uci,37,37
tuning_train,shil,28,4081,3264,817,680,,3.565919963992201,0,,dry_bean_uci,dry_bean_uci,37,37
tuning_train,shil,29,4085,3268,817,680,,2.929818450007588,0,,dry_bean_uci,dry_bean_uci,37,37
tuning_train,shil,30,4081,3264,817,680,,3.5466933739953674,0,,dry_bean_uci,dry_bean_uci,37,37
tuning_train,shil,31,4085,3268,817,680,,3.595522654009983,0,,dry_bean_uci,dry_bean_uci,37,37
tuning_train,shil,32,4081,3264,817,680,,3.545629488013219,0,,dry_bean_uci,dry_bean_uci,37,37
tuning_train,shil,33,4085,3268,817,680,,3.557109356974252,0,,dry_bean_uci,dry_bean_uci,37,37
tuning_train,shil,34,4081,3264,817,680,,3.6161789179896,0,,dry_bean_uci,dry_bean_uci,37,37
tuning_train,shil,35,4085,3268,817,680,,3.5759011059999466,0,,dry_bean_uci,dry_bean_uci,37,37
tuning_train,shil,36,4081,3264,817,680,,3.573003263038117,0,,dry_bean_uci,dry_bean_uci,37,37
tuning_train,shil,37,4085,3268,817,680,,3.599025406991132,0,,dry_bean_uci,dry_bean_uci,37,37
tuning_train,shil,38,4081,3264,817,680,,3.566744815034326,0,,dry_bean_uci,dry_bean_uci,37,37
tuning_train,shil,39,4085,3268,817,680,,3.539329140970949,0,,dry_bean_uci,dry_bean_uci,37,37
final_development,shil,0,5443,4354,1089,680,,4.941750705009326,0,,dry_bean_uci,dry_bean_uci,37,37
final_development,shil,1,5445,4356,1089,680,,4.9570410620071925,0,,dry_bean_uci,dry_bean_uci,37,37
final_development,shil,2,5443,4354,1089,680,,4.931602060038131,0,,dry_bean_uci,dry_bean_uci,37,37
final_development,shil,3,5445,4356,1089,680,,4.977885059954133,0,,dry_bean_uci,dry_bean_uci,37,37
final_development,shil,4,5443,4354,1089,680,,4.970474959001876,0,,dry_bean_uci,dry_bean_uci,37,37
final_development,shil,5,5445,4356,1089,680,,5.079218932020012,0,,dry_bean_uci,dry_bean_uci,37,37
final_development,shil,6,5443,4354,1089,680,,4.915002036024816,0,,dry_bean_uci,dry_bean_uci,37,37
final_development,shil,7,5445,4356,1089,680,,5.006844595016446,0,,dry_bean_uci,dry_bean_uci,37,37
final_development,shil,8,5443,4354,1089,680,,4.990791224001441,0,,dry_bean_uci,dry_bean_uci,37,37
final_development,shil,9,5445,4356,1089,680,,4.98241739399964,0,,dry_bean_uci,dry_bean_uci,37,37
final_development,shil,10,5443,4354,1089,680,,4.988595916947816,0,,dry_bean_uci,dry_bean_uci,37,37
final_development,shil,11,5445,4356,1089,680,,4.952453026955482,0,,dry_bean_uci,dry_bean_uci,37,37
final_development,shil,12,5443,4354,1089,680,,4.9176069049863145,0,,dry_bean_uci,dry_bean_uci,37,37
final_development,shil,13,5445,4356,1089,680,,4.941584368003532,0,,dry_bean_uci,dry_bean_uci,37,37
final_development,shil,14,5443,4354,1089,680,,4.942878291010857,0,,dry_bean_uci,dry_bean_uci,37,37
final_development,shil,15,5445,4356,1089,680,,4.924914581992198,0,,dry_bean_uci,dry_bean_uci,37,37
final_development,shil,16,5443,4354,1089,680,,4.925876862020232,0,,dry_bean_uci,dry_bean_uci,37,37
final_development,shil,17,5445,4356,1089,680,,4.968612473981921,0,,dry_bean_uci,dry_bean_uci,37,37
final_development,shil,18,5443,4354,1089,680,,4.909245032991748,0,,dry_bean_uci,dry_bean_uci,37,37
final_development,shil,19,5445,4356,1089,680,,4.89116932102479,0,,dry_bean_uci,dry_bean_uci,37,37
final_development,shil,20,5443,4354,1089,680,,4.916469752963167,0,,dry_bean_uci,dry_bean_uci,37,37
final_development,shil,21,5445,4356,1089,680,,4.914211325987708,0,,dry_bean_uci,dry_bean_uci,37,37
final_development,shil,22,5443,4354,1089,680,,4.897788784990553,0,,dry_bean_uci,dry_bean_uci,37,37
final_development,shil,23,5445,4356,1089,680,,4.890770038007759,0,,dry_bean_uci,dry_bean_uci,37,37
final_development,shil,24,5443,4354,1089,680,,4.933735770988278,0,,dry_bean_uci,dry_bean_uci,37,37
final_development,shil,25,5445,4356,1089,680,,4.917658033024054,0,,dry_bean_uci,dry_bean_uci,37,37
final_development,shil,26,5443,4354,1089,680,,4.9024339010356925,0,,dry_bean_uci,dry_bean_uci,37,37
final_development,shil,27,5445,4356,1089,680,,4.923301175993402,0,,dry_bean_uci,dry_bean_uci,37,37
final_development,shil,28,5443,4354,1089,680,,4.879422092984896,0,,dry_bean_uci,dry_bean_uci,37,37
final_development,shil,29,5445,4356,1089,680,,4.855383128975518,0,,dry_bean_uci,dry_bean_uci,37,37
final_development,shil,30,5443,4354,1089,680,,4.906901689013466,0,,dry_bean_uci,dry_bean_uci,37,37
final_development,shil,31,5445,4356,1089,680,,4.894987580948509,0,,dry_bean_uci,dry_bean_uci,37,37
final_development,shil,32,5443,4354,1089,680,,4.8936320780194364,0,,dry_bean_uci,dry_bean_uci,37,37
final_development,shil,33,5445,4356,1089,680,,4.957764780963771,0,,dry_bean_uci,dry_bean_uci,37,37
final_development,shil,34,5443,4354,1089,680,,4.883315728977323,0,,dry_bean_uci,dry_bean_uci,37,37
final_development,shil,35,5445,4356,1089,680,,4.843896117992699,0,,dry_bean_uci,dry_bean_uci,37,37
final_development,shil,36,5443,4354,1089,680,,4.888430182996672,0,,dry_bean_uci,dry_bean_uci,37,37
final_development,shil,37,5445,4356,1089,680,,4.925741829036269,0,,dry_bean_uci,dry_bean_uci,37,37
final_development,shil,38,5443,4354,1089,680,,4.093977184034884,0,,dry_bean_uci,dry_bean_uci,37,37
final_development,shil,39,5445,4356,1089,680,,4.943212577956729,0,,dry_bean_uci,dry_bean_uci,37,37
tuning_train,l1_fixed,0,4081,4081,0,678,1.0,52.0114865800133,0,,dry_bean_uci,dry_bean_uci,53,53
tuning_train,l1_fixed,1,4085,4085,0,680,1.0,56.34952336800052,0,,dry_bean_uci,dry_bean_uci,53,53
tuning_train,l1_fixed,2,4081,4081,0,677,1.0,58.02551509300247,0,,dry_bean_uci,dry_bean_uci,53,53
tuning_train,l1_fixed,3,4085,4085,0,678,1.0,55.839370833011344,0,,dry_bean_uci,dry_bean_uci,53,53
tuning_train,l1_fixed,4,4081,4081,0,680,1.0,60.00612865702715,0,,dry_bean_uci,dry_bean_uci,53,53
tuning_train,l1_fixed,5,4085,4085,0,678,1.0,56.54592774499906,0,,dry_bean_uci,dry_bean_uci,53,53
tuning_train,l1_fixed,6,4081,4081,0,679,1.0,56.11431251000613,0,,dry_bean_uci,dry_bean_uci,53,53
tuning_train,l1_fixed,7,4085,4085,0,672,1.0,61.63527409697417,0,,dry_bean_uci,dry_bean_uci,53,53
tuning_train,l1_fixed,8,4081,4081,0,670,1.0,51.3634060829645,0,,dry_bean_uci,dry_bean_uci,53,53
tuning_train,l1_fixed,9,4085,4085,0,678,1.0,61.25427791295806,0,,dry_bean_uci,dry_bean_uci,53,53
tuning_train,l1_fixed,10,4081,4081,0,679,1.0,56.40627299103653,0,,dry_bean_uci,dry_bean_uci,53,53
tuning_train,l1_fixed,11,4085,4085,0,679,1.0,48.57061689795228,0,,dry_bean_uci,dry_bean_uci,53,53
tuning_train,l1_fixed,12,4081,4081,0,680,1.0,56.00858140195487,0,,dry_bean_uci,dry_bean_uci,53,53
tuning_train,l1_fixed,13,4085,4085,0,679,1.0,65.08732445101487,0,,dry_bean_uci,dry_bean_uci,53,53
tuning_train,l1_fixed,14,4081,4081,0,678,1.0,52.32437473197933,0,,dry_bean_uci,dry_bean_uci,53,53
tuning_train,l1_fixed,15,4085,4085,0,680,1.0,59.18389605503762,0,,dry_bean_uci,dry_bean_uci,53,53
tuning_train,l1_fixed,16,4081,4081,0,680,1.0,54.711760520003736,0,,dry_bean_uci,dry_bean_uci,53,53
tuning_train,l1_fixed,17,4085,4085,0,680,1.0,55.40641423000488,0,,dry_bean_uci,dry_bean_uci,53,53
tuning_train,l1_fixed,18,4081,4081,0,678,1.0,54.462615877971984,0,,dry_bean_uci,dry_bean_uci,53,53
tuning_train,l1_fixed,19,4085,4085,0,680,1.0,56.34884634299669,0,,dry_bean_uci,dry_bean_uci,53,53
tuning_train,l1_fixed,20,4081,4081,0,680,1.0,55.00501609203639,0,,dry_bean_uci,dry_bean_uci,53,53
tuning_train,l1_fixed,21,4085,4085,0,678,1.0,58.91194745898247,0,,dry_bean_uci,dry_bean_uci,53,53
tuning_train,l1_fixed,22,4081,4081,0,680,1.0,59.27128105500015,0,,dry_bean_uci,dry_bean_uci,53,53
tuning_train,l1_fixed,23,4085,4085,0,680,1.0,56.04220831603743,0,,dry_bean_uci,dry_bean_uci,53,53
tuning_train,l1_fixed,24,4081,4081,0,680,1.0,53.10476875299355,0,,dry_bean_uci,dry_bean_uci,53,53
tuning_train,l1_fixed,25,4085,4085,0,680,1.0,65.77723241702188,0,,dry_bean_uci,dry_bean_uci,53,53
tuning_train,l1_fixed,26,4081,4081,0,679,1.0,54.69457940099528,0,,dry_bean_uci,dry_bean_uci,53,53
tuning_train,l1_fixed,27,4085,4085,0,680,1.0,54.32826015702449,0,,dry_bean_uci,dry_bean_uci,53,53
tuning_train,l1_fixed,28,4081,4081,0,680,1.0,51.06588865199592,0,,dry_bean_uci,dry_bean_uci,53,53
tuning_train,l1_fixed,29,4085,4085,0,680,1.0,57.90462392702466,0,,dry_bean_uci,dry_bean_uci,53,53
tuning_train,l1_fixed,30,4081,4081,0,680,1.0,55.818348706001416,0,,dry_bean_uci,dry_bean_uci,53,53
tuning_train,l1_fixed,31,4085,4085,0,677,1.0,51.38035234500421,0,,dry_bean_uci,dry_bean_uci,53,53
tuning_train,l1_fixed,32,4081,4081,0,678,1.0,51.52285838901298,0,,dry_bean_uci,dry_bean_uci,53,53
tuning_train,l1_fixed,33,4085,4085,0,678,1.0,54.02760741603561,0,,dry_bean_uci,dry_bean_uci,53,53
tuning_train,l1_fixed,34,4081,4081,0,677,1.0,54.49460857297527,0,,dry_bean_uci,dry_bean_uci,53,53
tuning_train,l1_fixed,35,4085,4085,0,678,1.0,52.46984850597801,0,,dry_bean_uci,dry_bean_uci,53,53
tuning_train,l1_fixed,36,4081,4081,0,679,1.0,63.31978365598479,0,,dry_bean_uci,dry_bean_uci,53,53
tuning_train,l1_fixed,37,4085,4085,0,678,1.0,55.84871595498407,0,,dry_bean_uci,dry_bean_uci,53,53
tuning_train,l1_fixed,38,4081,4081,0,679,1.0,50.88071036996553,0,,dry_bean_uci,dry_bean_uci,53,53
tuning_train,l1_fixed,39,4085,4085,0,679,1.0,58.50979685701896,0,,dry_bean_uci,dry_bean_uci,53,53
final_development,l1_fixed,0,5443,5443,0,680,1.0,68.56439532100921,0,,dry_bean_uci,dry_bean_uci,53,53
final_development,l1_fixed,1,5445,5445,0,680,1.0,67.82603909104364,0,,dry_bean_uci,dry_bean_uci,53,53
final_development,l1_fixed,2,5443,5443,0,673,1.0,68.13368183100829,0,,dry_bean_uci,dry_bean_uci,53,53
final_development,l1_fixed,3,5445,5445,0,677,1.0,78.15479104901897,0,,dry_bean_uci,dry_bean_uci,53,53
final_development,l1_fixed,4,5443,5443,0,680,1.0,63.871064563980326,0,,dry_bean_uci,dry_bean_uci,53,53
final_development,l1_fixed,5,5445,5445,0,679,1.0,80.22084294300294,0,,dry_bean_uci,dry_bean_uci,53,53
final_development,l1_fixed,6,5443,5443,0,678,1.0,69.91949728300096,0,,dry_bean_uci,dry_bean_uci,53,53
final_development,l1_fixed,7,5445,5445,0,678,1.0,66.96510655595921,0,,dry_bean_uci,dry_bean_uci,53,53
final_development,l1_fixed,8,5443,5443,0,675,1.0,65.71516959095607,0,,dry_bean_uci,dry_bean_uci,53,53
final_development,l1_fixed,9,5445,5445,0,679,1.0,74.9905983050121,0,,dry_bean_uci,dry_bean_uci,53,53
final_development,l1_fixed,10,5443,5443,0,678,1.0,64.91195555799641,0,,dry_bean_uci,dry_bean_uci,53,53
final_development,l1_fixed,11,5445,5445,0,680,1.0,68.51079456496518,0,,dry_bean_uci,dry_bean_uci,53,53
final_development,l1_fixed,12,5443,5443,0,680,1.0,77.05629719101125,0,,dry_bean_uci,dry_bean_uci,53,53
final_development,l1_fixed,13,5445,5445,0,680,1.0,65.36387425800785,0,,dry_bean_uci,dry_bean_uci,53,53
final_development,l1_fixed,14,5443,5443,0,679,1.0,63.731559435953386,0,,dry_bean_uci,dry_bean_uci,53,53
final_development,l1_fixed,15,5445,5445,0,669,1.0,77.71067071496509,0,,dry_bean_uci,dry_bean_uci,53,53
final_development,l1_fixed,16,5443,5443,0,680,1.0,67.80580449994886,0,,dry_bean_uci,dry_bean_uci,53,53
final_development,l1_fixed,17,5445,5445,0,677,1.0,71.69461864599725,0,,dry_bean_uci,dry_bean_uci,53,53
final_development,l1_fixed,18,5443,5443,0,674,1.0,67.8329186970368,0,,dry_bean_uci,dry_bean_uci,53,53
final_development,l1_fixed,19,5445,5445,0,680,1.0,72.5480429599993,0,,dry_bean_uci,dry_bean_uci,53,53
final_development,l1_fixed,20,5443,5443,0,680,1.0,68.39328336599283,0,,dry_bean_uci,dry_bean_uci,53,53
final_development,l1_fixed,21,5445,5445,0,670,1.0,81.31040533498162,0,,dry_bean_uci,dry_bean_uci,53,53
final_development,l1_fixed,22,5443,5443,0,680,1.0,72.68799844896421,0,,dry_bean_uci,dry_bean_uci,53,53
final_development,l1_fixed,23,5445,5445,0,680,1.0,68.2402815700043,0,,dry_bean_uci,dry_bean_uci,53,53
final_development,l1_fixed,24,5443,5443,0,680,1.0,71.79405606799992,0,,dry_bean_uci,dry_bean_uci,53,53
final_development,l1_fixed,25,5445,5445,0,680,1.0,64.01405123900622,0,,dry_bean_uci,dry_bean_uci,53,53
final_development,l1_fixed,26,5443,5443,0,671,1.0,71.74000256304862,0,,dry_bean_uci,dry_bean_uci,53,53
final_development,l1_fixed,27,5445,5445,0,679,1.0,67.13389603904216,0,,dry_bean_uci,dry_bean_uci,53,53
final_development,l1_fixed,28,5443,5443,0,680,1.0,67.15851221099729,0,,dry_bean_uci,dry_bean_uci,53,53
final_development,l1_fixed,29,5445,5445,0,680,1.0,70.89438767801039,0,,dry_bean_uci,dry_bean_uci,53,53
final_development,l1_fixed,30,5443,5443,0,659,1.0,73.70807191997301,0,,dry_bean_uci,dry_bean_uci,53,53
final_development,l1_fixed,31,5445,5445,0,680,1.0,69.08322003402282,0,,dry_bean_uci,dry_bean_uci,53,53
final_development,l1_fixed,32,5443,5443,0,680,1.0,69.2278111599735,0,,dry_bean_uci,dry_bean_uci,53,53
final_development,l1_fixed,33,5445,5445,0,680,1.0,67.99813448596979,0,,dry_bean_uci,dry_bean_uci,53,53
final_development,l1_fixed,34,5443,5443,0,674,1.0,68.7613241809886,0,,dry_bean_uci,dry_bean_uci,53,53
final_development,l1_fixed,35,5445,5445,0,678,1.0,64.52098364802077,0,,dry_bean_uci,dry_bean_uci,53,53
final_development,l1_fixed,36,5443,5443,0,680,1.0,69.13080004503718,0,,dry_bean_uci,dry_bean_uci,53,53
final_development,l1_fixed,37,5445,5445,0,680,1.0,67.02191735501401,0,,dry_bean_uci,dry_bean_uci,53,53
final_development,l1_fixed,38,5443,5443,0,680,1.0,64.99034017295344,0,,dry_bean_uci,dry_bean_uci,53,53
final_development,l1_fixed,39,5445,5445,0,669,1.0,68.46208020398626,0,,dry_bean_uci,dry_bean_uci,53,53
tuning_train,shil,0,4081,3264,817,680,,3.8832451040507294,0,,dry_bean_uci,dry_bean_uci,53,53
tuning_train,shil,1,4085,3268,817,680,,3.893251354980748,0,,dry_bean_uci,dry_bean_uci,53,53
tuning_train,shil,2,4081,3264,817,680,,3.838859503972344,0,,dry_bean_uci,dry_bean_uci,53,53
tuning_train,shil,3,4085,3268,817,680,,3.8391475529642776,0,,dry_bean_uci,dry_bean_uci,53,53
tuning_train,shil,4,4081,3264,817,680,,3.8478267120081,0,,dry_bean_uci,dry_bean_uci,53,53
tuning_train,shil,5,4085,3268,817,680,,3.871720999013633,0,,dry_bean_uci,dry_bean_uci,53,53
tuning_train,shil,6,4081,3264,817,680,,3.855126784997992,0,,dry_bean_uci,dry_bean_uci,53,53
tuning_train,shil,7,4085,3268,817,680,,3.8545119460322894,0,,dry_bean_uci,dry_bean_uci,53,53
tuning_train,shil,8,4081,3264,817,680,,3.895189973991364,0,,dry_bean_uci,dry_bean_uci,53,53
tuning_train,shil,9,4085,3268,817,680,,3.8898202549899,0,,dry_bean_uci,dry_bean_uci,53,53
tuning_train,shil,10,4081,3264,817,680,,3.853139631974045,0,,dry_bean_uci,dry_bean_uci,53,53
tuning_train,shil,11,4085,3268,817,680,,3.85499397298554,0,,dry_bean_uci,dry_bean_uci,53,53
tuning_train,shil,12,4081,3264,817,680,,3.845150735985954,0,,dry_bean_uci,dry_bean_uci,53,53
tuning_train,shil,13,4085,3268,817,680,,3.874772430979647,0,,dry_bean_uci,dry_bean_uci,53,53
tuning_train,shil,14,4081,3264,817,680,,3.833867851994,0,,dry_bean_uci,dry_bean_uci,53,53
tuning_train,shil,15,4085,3268,817,680,,3.8264020750066265,0,,dry_bean_uci,dry_bean_uci,53,53
tuning_train,shil,16,4081,3264,817,680,,3.8253815920325,0,,dry_bean_uci,dry_bean_uci,53,53
tuning_train,shil,17,4085,3268,817,680,,3.860815135994926,0,,dry_bean_uci,dry_bean_uci,53,53
tuning_train,shil,18,4081,3264,817,680,,3.820052757975645,0,,dry_bean_uci,dry_bean_uci,53,53
tuning_train,shil,19,4085,3268,817,680,,3.872225283004809,0,,dry_bean_uci,dry_bean_uci,53,53
tuning_train,shil,20,4081,3264,817,680,,3.8373754339991137,0,,dry_bean_uci,dry_bean_uci,53,53
tuning_train,shil,21,4085,3268,817,680,,3.818867644004058,0,,dry_bean_uci,dry_bean_uci,53,53
tuning_train,shil,22,4081,3264,817,680,,3.826197951042559,0,,dry_bean_uci,dry_bean_uci,53,53
tuning_train,shil,23,4085,3268,817,680,,3.840638877998572,0,,dry_bean_uci,dry_bean_uci,53,53
tuning_train,shil,24,4081,3264,817,680,,3.871635945048183,0,,dry_bean_uci,dry_bean_uci,53,53
tuning_train,shil,25,4085,3268,817,680,,3.8667313889600337,0,,dry_bean_uci,dry_bean_uci,53,53
tuning_train,shil,26,4081,3264,817,680,,3.8803465479868464,0,,dry_bean_uci,dry_bean_uci,53,53
tuning_train,shil,27,4085,3268,817,680,,3.853072882979177,0,,dry_bean_uci,dry_bean_uci,53,53
tuning_train,shil,28,4081,3264,817,680,,3.854561821965035,0,,dry_bean_uci,dry_bean_uci,53,53
tuning_train,shil,29,4085,3268,817,680,,3.8455545900505967,0,,dry_bean_uci,dry_bean_uci,53,53
tuning_train,shil,30,4081,3264,817,680,,3.7789356330176815,0,,dry_bean_uci,dry_bean_uci,53,53
tuning_train,shil,31,4085,3268,817,680,,3.8227526880218647,0,,dry_bean_uci,dry_bean_uci,53,53
tuning_train,shil,32,4081,3264,817,680,,1.6265616599703208,0,,dry_bean_uci,dry_bean_uci,53,53
tuning_train,shil,33,4085,3268,817,680,,3.8582527940161526,0,,dry_bean_uci,dry_bean_uci,53,53
tuning_train,shil,34,4081,3264,817,680,,3.964869379997253,0,,dry_bean_uci,dry_bean_uci,53,53
tuning_train,shil,35,4085,3268,817,680,,3.893233260023408,0,,dry_bean_uci,dry_bean_uci,53,53
tuning_train,shil,36,4081,3264,817,680,,3.8250087670166977,0,,dry_bean_uci,dry_bean_uci,53,53
tuning_train,shil,37,4085,3268,817,680,,3.847571443999186,0,,dry_bean_uci,dry_bean_uci,53,53
tuning_train,shil,38,4081,3264,817,680,,3.82968389702728,0,,dry_bean_uci,dry_bean_uci,53,53
tuning_train,shil,39,4085,3268,817,680,,3.7831537880119863,0,,dry_bean_uci,dry_bean_uci,53,53
final_development,shil,0,5443,4354,1089,680,,5.035757668025326,0,,dry_bean_uci,dry_bean_uci,53,53
final_development,shil,1,5445,4356,1089,680,,5.174324128020089,0,,dry_bean_uci,dry_bean_uci,53,53
final_development,shil,2,5443,4354,1089,680,,5.158496243006084,0,,dry_bean_uci,dry_bean_uci,53,53
final_development,shil,3,5445,4356,1089,680,,5.184703592036385,0,,dry_bean_uci,dry_bean_uci,53,53
final_development,shil,4,5443,4354,1089,680,,5.145831872010604,0,,dry_bean_uci,dry_bean_uci,53,53
final_development,shil,5,5445,4356,1089,680,,5.12671759800287,0,,dry_bean_uci,dry_bean_uci,53,53
final_development,shil,6,5443,4354,1089,680,,5.159432681975886,0,,dry_bean_uci,dry_bean_uci,53,53
final_development,shil,7,5445,4356,1089,680,,5.1600859760073945,0,,dry_bean_uci,dry_bean_uci,53,53
final_development,shil,8,5443,4354,1089,680,,5.1822526110336185,0,,dry_bean_uci,dry_bean_uci,53,53
final_development,shil,9,5445,4356,1089,680,,5.121510743978433,0,,dry_bean_uci,dry_bean_uci,53,53
final_development,shil,10,5443,4354,1089,680,,5.141166397952475,0,,dry_bean_uci,dry_bean_uci,53,53
final_development,shil,11,5445,4356,1089,680,,5.224134027957916,0,,dry_bean_uci,dry_bean_uci,53,53
final_development,shil,12,5443,4354,1089,680,,5.20994047599379,0,,dry_bean_uci,dry_bean_uci,53,53
final_development,shil,13,5445,4356,1089,680,,5.160620144975837,0,,dry_bean_uci,dry_bean_uci,53,53
final_development,shil,14,5443,4354,1089,680,,5.191431173007004,0,,dry_bean_uci,dry_bean_uci,53,53
final_development,shil,15,5445,4356,1089,680,,5.160848441009875,0,,dry_bean_uci,dry_bean_uci,53,53
final_development,shil,16,5443,4354,1089,680,,5.157239136984572,0,,dry_bean_uci,dry_bean_uci,53,53
final_development,shil,17,5445,4356,1089,680,,5.181606111989822,0,,dry_bean_uci,dry_bean_uci,53,53
final_development,shil,18,5443,4354,1089,680,,5.199788391997572,0,,dry_bean_uci,dry_bean_uci,53,53
final_development,shil,19,5445,4356,1089,680,,5.165204746997915,0,,dry_bean_uci,dry_bean_uci,53,53
final_development,shil,20,5443,4354,1089,680,,5.174977315997239,0,,dry_bean_uci,dry_bean_uci,53,53
final_development,shil,21,5445,4356,1089,680,,5.143782377999742,0,,dry_bean_uci,dry_bean_uci,53,53
final_development,shil,22,5443,4354,1089,680,,5.161713256966323,0,,dry_bean_uci,dry_bean_uci,53,53
final_development,shil,23,5445,4356,1089,680,,5.22478443896398,0,,dry_bean_uci,dry_bean_uci,53,53
final_development,shil,24,5443,4354,1089,680,,5.176721557043493,0,,dry_bean_uci,dry_bean_uci,53,53
final_development,shil,25,5445,4356,1089,680,,5.221036619972438,0,,dry_bean_uci,dry_bean_uci,53,53
final_development,shil,26,5443,4354,1089,680,,5.155126986966934,0,,dry_bean_uci,dry_bean_uci,53,53
final_development,shil,27,5445,4356,1089,680,,5.156871607992798,0,,dry_bean_uci,dry_bean_uci,53,53
final_development,shil,28,5443,4354,1089,680,,5.1611181710031815,0,,dry_bean_uci,dry_bean_uci,53,53
final_development,shil,29,5445,4356,1089,680,,5.142921182035934,0,,dry_bean_uci,dry_bean_uci,53,53
final_development,shil,30,5443,4354,1089,680,,5.183108530007303,0,,dry_bean_uci,dry_bean_uci,53,53
final_development,shil,31,5445,4356,1089,680,,5.200476283032913,0,,dry_bean_uci,dry_bean_uci,53,53
final_development,shil,32,5443,4354,1089,680,,5.168494817975443,0,,dry_bean_uci,dry_bean_uci,53,53
final_development,shil,33,5445,4356,1089,680,,5.174432674015407,0,,dry_bean_uci,dry_bean_uci,53,53
final_development,shil,34,5443,4354,1089,680,,5.194118848012295,0,,dry_bean_uci,dry_bean_uci,53,53
final_development,shil,35,5445,4356,1089,680,,5.193605409003794,0,,dry_bean_uci,dry_bean_uci,53,53
final_development,shil,36,5443,4354,1089,680,,5.174973935994785,0,,dry_bean_uci,dry_bean_uci,53,53
final_development,shil,37,5445,4356,1089,680,,5.209972960001323,0,,dry_bean_uci,dry_bean_uci,53,53
final_development,shil,38,5443,4354,1089,680,,5.22059513500426,0,,dry_bean_uci,dry_bean_uci,53,53
final_development,shil,39,5445,4356,1089,680,,5.137084429967217,0,,dry_bean_uci,dry_bean_uci,53,53
tuning_train,l1_fixed,0,4081,4081,0,680,1.0,55.978736813005526,0,,dry_bean_uci,dry_bean_uci,71,71
tuning_train,l1_fixed,1,4085,4085,0,671,1.0,54.33023599704029,0,,dry_bean_uci,dry_bean_uci,71,71
tuning_train,l1_fixed,2,4081,4081,0,679,1.0,56.34084216796328,0,,dry_bean_uci,dry_bean_uci,71,71
tuning_train,l1_fixed,3,4085,4085,0,679,1.0,55.16427927900804,0,,dry_bean_uci,dry_bean_uci,71,71
tuning_train,l1_fixed,4,4081,4081,0,676,1.0,53.401304739993066,0,,dry_bean_uci,dry_bean_uci,71,71
tuning_train,l1_fixed,5,4085,4085,0,680,1.0,55.59029373299563,0,,dry_bean_uci,dry_bean_uci,71,71
tuning_train,l1_fixed,6,4081,4081,0,680,1.0,51.60011564102024,0,,dry_bean_uci,dry_bean_uci,71,71
tuning_train,l1_fixed,7,4085,4085,0,678,1.0,61.020563835976645,0,,dry_bean_uci,dry_bean_uci,71,71
tuning_train,l1_fixed,8,4081,4081,0,659,1.0,61.31404639896937,0,,dry_bean_uci,dry_bean_uci,71,71
tuning_train,l1_fixed,9,4085,4085,0,680,1.0,56.28353356698062,0,,dry_bean_uci,dry_bean_uci,71,71
tuning_train,l1_fixed,10,4081,4081,0,679,1.0,56.09955395903671,0,,dry_bean_uci,dry_bean_uci,71,71
tuning_train,l1_fixed,11,4085,4085,0,680,1.0,60.85729859297862,0,,dry_bean_uci,dry_bean_uci,71,71
tuning_train,l1_fixed,12,4081,4081,0,679,1.0,58.18765002203872,0,,dry_bean_uci,dry_bean_uci,71,71
tuning_train,l1_fixed,13,4085,4085,0,663,1.0,50.58149265602697,0,,dry_bean_uci,dry_bean_uci,71,71
tuning_train,l1_fixed,14,4081,4081,0,677,1.0,50.05501261400059,0,,dry_bean_uci,dry_bean_uci,71,71
tuning_train,l1_fixed,15,4085,4085,0,674,1.0,64.30568714399124,0,,dry_bean_uci,dry_bean_uci,71,71
tuning_train,l1_fixed,16,4081,4081,0,678,1.0,51.78404781402787,0,,dry_bean_uci,dry_bean_uci,71,71
tuning_train,l1_fixed,17,4085,4085,0,680,1.0,57.77403437701287,0,,dry_bean_uci,dry_bean_uci,71,71
tuning_train,l1_fixed,18,4081,4081,0,679,1.0,54.5062526249676,0,,dry_bean_uci,dry_bean_uci,71,71
tuning_train,l1_fixed,19,4085,4085,0,680,1.0,62.05285754002398,0,,dry_bean_uci,dry_bean_uci,71,71
tuning_train,l1_fixed,20,4081,4081,0,677,1.0,55.92518213397125,0,,dry_bean_uci,dry_bean_uci,71,71
tuning_train,l1_fixed,21,4085,4085,0,677,1.0,61.95497466099914,0,,dry_bean_uci,dry_bean_uci,71,71
tuning_train,l1_fixed,22,4081,4081,0,671,1.0,60.01020563900238,0,,dry_bean_uci,dry_bean_uci,71,71
tuning_train,l1_fixed,23,4085,4085,0,680,1.0,54.45479977695504,0,,dry_bean_uci,dry_bean_uci,71,71
tuning_train,l1_fixed,24,4081,4081,0,680,1.0,60.76319737004815,0,,dry_bean_uci,dry_bean_uci,71,71
tuning_train,l1_fixed,25,4085,4085,0,680,1.0,51.743572624982335,0,,dry_bean_uci,dry_bean_uci,71,71
tuning_train,l1_fixed,26,4081,4081,0,679,1.0,51.25311450799927,0,,dry_bean_uci,dry_bean_uci,71,71
tuning_train,l1_fixed,27,4085,4085,0,680,1.0,56.95177868602332,0,,dry_bean_uci,dry_bean_uci,71,71
tuning_train,l1_fixed,28,4081,4081,0,680,1.0,56.093351919960696,0,,dry_bean_uci,dry_bean_uci,71,71
tuning_train,l1_fixed,29,4085,4085,0,680,1.0,55.70788061601343,0,,dry_bean_uci,dry_bean_uci,71,71
tuning_train,l1_fixed,30,4081,4081,0,679,1.0,54.2653615649906,0,,dry_bean_uci,dry_bean_uci,71,71
tuning_train,l1_fixed,31,4085,4085,0,680,1.0,54.59722890303237,0,,dry_bean_uci,dry_bean_uci,71,71
tuning_train,l1_fixed,32,4081,4081,0,680,1.0,61.64144223101903,0,,dry_bean_uci,dry_bean_uci,71,71
tuning_train,l1_fixed,33,4085,4085,0,668,1.0,52.72697635402437,0,,dry_bean_uci,dry_bean_uci,71,71
tuning_train,l1_fixed,34,4081,4081,0,679,1.0,53.21662223798921,0,,dry_bean_uci,dry_bean_uci,71,71
tuning_train,l1_fixed,35,4085,4085,0,680,1.0,58.9637936350191,0,,dry_bean_uci,dry_bean_uci,71,71
tuning_train,l1_fixed,36,4081,4081,0,666,1.0,54.01464556198334,0,,dry_bean_uci,dry_bean_uci,71,71
tuning_train,l1_fixed,37,4085,4085,0,676,1.0,57.72721671598265,0,,dry_bean_uci,dry_bean_uci,71,71
tuning_train,l1_fixed,38,4081,4081,0,680,1.0,55.01755260000937,0,,dry_bean_uci,dry_bean_uci,71,71
tuning_train,l1_fixed,39,4085,4085,0,676,1.0,53.35600546596106,0,,dry_bean_uci,dry_bean_uci,71,71
final_development,l1_fixed,0,5443,5443,0,680,1.0,83.08692588401027,0,,dry_bean_uci,dry_bean_uci,71,71
final_development,l1_fixed,1,5445,5445,0,680,1.0,67.58468550199177,0,,dry_bean_uci,dry_bean_uci,71,71
final_development,l1_fixed,2,5443,5443,0,680,1.0,68.9908720329986,0,,dry_bean_uci,dry_bean_uci,71,71
final_development,l1_fixed,3,5445,5445,0,666,1.0,79.89684667496476,0,,dry_bean_uci,dry_bean_uci,71,71
final_development,l1_fixed,4,5443,5443,0,680,1.0,74.88925459602615,0,,dry_bean_uci,dry_bean_uci,71,71
final_development,l1_fixed,5,5445,5445,0,680,1.0,72.36992578697391,0,,dry_bean_uci,dry_bean_uci,71,71
final_development,l1_fixed,6,5443,5443,0,679,1.0,81.19480014097644,0,,dry_bean_uci,dry_bean_uci,71,71
final_development,l1_fixed,7,5445,5445,0,678,1.0,68.31335198204033,0,,dry_bean_uci,dry_bean_uci,71,71
final_development,l1_fixed,8,5443,5443,0,678,1.0,68.59348416299326,0,,dry_bean_uci,dry_bean_uci,71,71
final_development,l1_fixed,9,5445,5445,0,671,1.0,76.72488110198174,0,,dry_bean_uci,dry_bean_uci,71,71
final_development,l1_fixed,10,5443,5443,0,670,1.0,71.72565992100863,0,,dry_bean_uci,dry_bean_uci,71,71
final_development,l1_fixed,11,5445,5445,0,680,1.0,77.10297457303386,0,,dry_bean_uci,dry_bean_uci,71,71
final_development,l1_fixed,12,5443,5443,0,680,1.0,70.27348718099529,0,,dry_bean_uci,dry_bean_uci,71,71
final_development,l1_fixed,13,5445,5445,0,680,1.0,84.13236330199288,0,,dry_bean_uci,dry_bean_uci,71,71
final_development,l1_fixed,14,5443,5443,0,678,1.0,82.81955255701905,0,,dry_bean_uci,dry_bean_uci,71,71
final_development,l1_fixed,15,5445,5445,0,665,1.0,66.66252224100754,0,,dry_bean_uci,dry_bean_uci,71,71
final_development,l1_fixed,16,5443,5443,0,674,1.0,68.85303035599645,0,,dry_bean_uci,dry_bean_uci,71,71
final_development,l1_fixed,17,5445,5445,0,680,1.0,70.60555237700464,0,,dry_bean_uci,dry_bean_uci,71,71
final_development,l1_fixed,18,5443,5443,0,675,1.0,77.55514749197755,0,,dry_bean_uci,dry_bean_uci,71,71
final_development,l1_fixed,19,5445,5445,0,672,1.0,65.93343992804876,0,,dry_bean_uci,dry_bean_uci,71,71
final_development,l1_fixed,20,5443,5443,0,676,1.0,76.1734837529948,0,,dry_bean_uci,dry_bean_uci,71,71
final_development,l1_fixed,21,5445,5445,0,680,1.0,69.99685153795872,0,,dry_bean_uci,dry_bean_uci,71,71
final_development,l1_fixed,22,5443,5443,0,674,1.0,77.13446839398239,0,,dry_bean_uci,dry_bean_uci,71,71
final_development,l1_fixed,23,5445,5445,0,674,1.0,69.48034469102276,0,,dry_bean_uci,dry_bean_uci,71,71
final_development,l1_fixed,24,5443,5443,0,680,1.0,83.09062603203347,0,,dry_bean_uci,dry_bean_uci,71,71
final_development,l1_fixed,25,5445,5445,0,680,1.0,68.39337120798882,0,,dry_bean_uci,dry_bean_uci,71,71
final_development,l1_fixed,26,5443,5443,0,677,1.0,77.7898671249859,0,,dry_bean_uci,dry_bean_uci,71,71
final_development,l1_fixed,27,5445,5445,0,673,1.0,72.4918057989562,0,,dry_bean_uci,dry_bean_uci,71,71
final_development,l1_fixed,28,5443,5443,0,680,1.0,68.7999838720425,0,,dry_bean_uci,dry_bean_uci,71,71
final_development,l1_fixed,29,5445,5445,0,677,1.0,76.83986494201235,0,,dry_bean_uci,dry_bean_uci,71,71
final_development,l1_fixed,30,5443,5443,0,672,1.0,70.81742297502933,0,,dry_bean_uci,dry_bean_uci,71,71
final_development,l1_fixed,31,5445,5445,0,679,1.0,73.8669679290033,0,,dry_bean_uci,dry_bean_uci,71,71
final_development,l1_fixed,32,5443,5443,0,680,1.0,67.37346474296646,0,,dry_bean_uci,dry_bean_uci,71,71
final_development,l1_fixed,33,5445,5445,0,678,1.0,77.4634363949881,0,,dry_bean_uci,dry_bean_uci,71,71
final_development,l1_fixed,34,5443,5443,0,671,1.0,89.76049122196855,0,,dry_bean_uci,dry_bean_uci,71,71
final_development,l1_fixed,35,5445,5445,0,677,1.0,63.266116436978336,0,,dry_bean_uci,dry_bean_uci,71,71
final_development,l1_fixed,36,5443,5443,0,669,1.0,78.91366517002461,0,,dry_bean_uci,dry_bean_uci,71,71
final_development,l1_fixed,37,5445,5445,0,680,1.0,68.44185250904411,0,,dry_bean_uci,dry_bean_uci,71,71
final_development,l1_fixed,38,5443,5443,0,680,1.0,78.7034436390386,0,,dry_bean_uci,dry_bean_uci,71,71
final_development,l1_fixed,39,5445,5445,0,676,1.0,67.38053176598623,0,,dry_bean_uci,dry_bean_uci,71,71
tuning_train,shil,0,4081,3264,817,680,,3.648954038042575,0,,dry_bean_uci,dry_bean_uci,71,71
tuning_train,shil,1,4085,3268,817,680,,3.643687152012717,0,,dry_bean_uci,dry_bean_uci,71,71
tuning_train,shil,2,4081,3264,817,680,,3.641441932995804,0,,dry_bean_uci,dry_bean_uci,71,71
tuning_train,shil,3,4085,3268,817,680,,3.6697043370222673,0,,dry_bean_uci,dry_bean_uci,71,71
tuning_train,shil,4,4081,3264,817,680,,3.637608020042535,0,,dry_bean_uci,dry_bean_uci,71,71
tuning_train,shil,5,4085,3268,817,680,,3.632211613992695,0,,dry_bean_uci,dry_bean_uci,71,71
tuning_train,shil,6,4081,3264,817,680,,3.652817711990792,0,,dry_bean_uci,dry_bean_uci,71,71
tuning_train,shil,7,4085,3268,817,680,,3.8104875099961646,0,,dry_bean_uci,dry_bean_uci,71,71
tuning_train,shil,8,4081,3264,817,680,,3.634913076995872,0,,dry_bean_uci,dry_bean_uci,71,71
tuning_train,shil,9,4085,3268,817,680,,3.624114623991773,0,,dry_bean_uci,dry_bean_uci,71,71
tuning_train,shil,10,4081,3264,817,680,,3.652750990993809,0,,dry_bean_uci,dry_bean_uci,71,71
tuning_train,shil,11,4085,3268,817,680,,3.699242711008992,0,,dry_bean_uci,dry_bean_uci,71,71
tuning_train,shil,12,4081,3264,817,680,,3.639671718003228,0,,dry_bean_uci,dry_bean_uci,71,71
tuning_train,shil,13,4085,3268,817,680,,1.7742318460368551,0,,dry_bean_uci,dry_bean_uci,71,71
tuning_train,shil,14,4081,3264,817,680,,3.622667012037709,0,,dry_bean_uci,dry_bean_uci,71,71
tuning_train,shil,15,4085,3268,817,680,,3.6653204989852384,0,,dry_bean_uci,dry_bean_uci,71,71
tuning_train,shil,16,4081,3264,817,680,,3.198279035044834,0,,dry_bean_uci,dry_bean_uci,71,71
tuning_train,shil,17,4085,3268,817,680,,3.6339810289791785,0,,dry_bean_uci,dry_bean_uci,71,71
tuning_train,shil,18,4081,3264,817,680,,3.624285665981006,0,,dry_bean_uci,dry_bean_uci,71,71
tuning_train,shil,19,4085,3268,817,680,,3.674101734010037,0,,dry_bean_uci,dry_bean_uci,71,71
tuning_train,shil,20,4081,3264,817,680,,3.646403015998658,0,,dry_bean_uci,dry_bean_uci,71,71
tuning_train,shil,21,4085,3268,817,680,,2.346300533972681,0,,dry_bean_uci,dry_bean_uci,71,71
tuning_train,shil,22,4081,3264,817,680,,3.613857294956688,0,,dry_bean_uci,dry_bean_uci,71,71
tuning_train,shil,23,4085,3268,817,680,,3.6086245300248265,0,,dry_bean_uci,dry_bean_uci,71,71
tuning_train,shil,24,4081,3264,817,680,,3.6011852269875817,0,,dry_bean_uci,dry_bean_uci,71,71
tuning_train,shil,25,4085,3268,817,680,,3.688122535997536,0,,dry_bean_uci,dry_bean_uci,71,71
tuning_train,shil,26,4081,3264,817,680,,3.623305896995589,0,,dry_bean_uci,dry_bean_uci,71,71
tuning_train,shil,27,4085,3268,817,680,,3.694064587005414,0,,dry_bean_uci,dry_bean_uci,71,71
tuning_train,shil,28,4081,3264,817,680,,3.621214198996313,0,,dry_bean_uci,dry_bean_uci,71,71
tuning_train,shil,29,4085,3268,817,680,,3.6648642549989754,0,,dry_bean_uci,dry_bean_uci,71,71
tuning_train,shil,30,4081,3264,817,680,,3.6750394620466977,0,,dry_bean_uci,dry_bean_uci,71,71
tuning_train,shil,31,4085,3268,817,680,,3.662659875990357,0,,dry_bean_uci,dry_bean_uci,71,71
tuning_train,shil,32,4081,3264,817,680,,3.617644407961052,0,,dry_bean_uci,dry_bean_uci,71,71
tuning_train,shil,33,4085,3268,817,680,,3.618999620026443,0,,dry_bean_uci,dry_bean_uci,71,71
tuning_train,shil,34,4081,3264,817,680,,3.667483477969654,0,,dry_bean_uci,dry_bean_uci,71,71
tuning_train,shil,35,4085,3268,817,680,,3.68480870698113,0,,dry_bean_uci,dry_bean_uci,71,71
tuning_train,shil,36,4081,3264,817,680,,3.7049717199988654,0,,dry_bean_uci,dry_bean_uci,71,71
tuning_train,shil,37,4085,3268,817,680,,3.67731656198157,0,,dry_bean_uci,dry_bean_uci,71,71
tuning_train,shil,38,4081,3264,817,680,,3.691003800020553,0,,dry_bean_uci,dry_bean_uci,71,71
tuning_train,shil,39,4085,3268,817,680,,3.6503167299670167,0,,dry_bean_uci,dry_bean_uci,71,71
final_development,shil,0,5443,4354,1089,680,,5.032735519984271,0,,dry_bean_uci,dry_bean_uci,71,71
final_development,shil,1,5445,4356,1089,680,,5.034410134947393,0,,dry_bean_uci,dry_bean_uci,71,71
final_development,shil,2,5443,4354,1089,680,,5.077081381983589,0,,dry_bean_uci,dry_bean_uci,71,71
final_development,shil,3,5445,4356,1089,680,,4.9811235559755005,0,,dry_bean_uci,dry_bean_uci,71,71
final_development,shil,4,5443,4354,1089,680,,5.067966983013321,0,,dry_bean_uci,dry_bean_uci,71,71
final_development,shil,5,5445,4356,1089,680,,5.041191632975824,0,,dry_bean_uci,dry_bean_uci,71,71
final_development,shil,6,5443,4354,1089,680,,5.004093472962268,0,,dry_bean_uci,dry_bean_uci,71,71
final_development,shil,7,5445,4356,1089,680,,5.0532271370175295,0,,dry_bean_uci,dry_bean_uci,71,71
final_development,shil,8,5443,4354,1089,680,,5.056594445020892,0,,dry_bean_uci,dry_bean_uci,71,71
final_development,shil,9,5445,4356,1089,680,,5.042132601956837,0,,dry_bean_uci,dry_bean_uci,71,71
final_development,shil,10,5443,4354,1089,680,,4.997876580047887,0,,dry_bean_uci,dry_bean_uci,71,71
final_development,shil,11,5445,4356,1089,680,,4.987615090969484,0,,dry_bean_uci,dry_bean_uci,71,71
final_development,shil,12,5443,4354,1089,680,,4.987691212038044,0,,dry_bean_uci,dry_bean_uci,71,71
final_development,shil,13,5445,4356,1089,680,,4.999978277948685,0,,dry_bean_uci,dry_bean_uci,71,71
final_development,shil,14,5443,4354,1089,680,,5.018858481023926,0,,dry_bean_uci,dry_bean_uci,71,71
final_development,shil,15,5445,4356,1089,680,,5.01192674099002,0,,dry_bean_uci,dry_bean_uci,71,71
final_development,shil,16,5443,4354,1089,680,,5.042912288045045,0,,dry_bean_uci,dry_bean_uci,71,71
final_development,shil,17,5445,4356,1089,680,,5.018373316037469,0,,dry_bean_uci,dry_bean_uci,71,71
final_development,shil,18,5443,4354,1089,680,,5.014822006050963,0,,dry_bean_uci,dry_bean_uci,71,71
final_development,shil,19,5445,4356,1089,680,,4.995246557984501,0,,dry_bean_uci,dry_bean_uci,71,71
final_development,shil,20,5443,4354,1089,680,,5.0344602150144055,0,,dry_bean_uci,dry_bean_uci,71,71
final_development,shil,21,5445,4356,1089,680,,4.991102722007781,0,,dry_bean_uci,dry_bean_uci,71,71
final_development,shil,22,5443,4354,1089,680,,5.020627616031561,0,,dry_bean_uci,dry_bean_uci,71,71
final_development,shil,23,5445,4356,1089,680,,4.997321894974448,0,,dry_bean_uci,dry_bean_uci,71,71
final_development,shil,24,5443,4354,1089,680,,5.046284876996651,0,,dry_bean_uci,dry_bean_uci,71,71
final_development,shil,25,5445,4356,1089,680,,5.011264495027717,0,,dry_bean_uci,dry_bean_uci,71,71
final_development,shil,26,5443,4354,1089,680,,4.982456566998735,0,,dry_bean_uci,dry_bean_uci,71,71
final_development,shil,27,5445,4356,1089,680,,4.982958531996701,0,,dry_bean_uci,dry_bean_uci,71,71
final_development,shil,28,5443,4354,1089,680,,4.963104359980207,0,,dry_bean_uci,dry_bean_uci,71,71
final_development,shil,29,5445,4356,1089,680,,4.940869327983819,0,,dry_bean_uci,dry_bean_uci,71,71
final_development,shil,30,5443,4354,1089,680,,4.914240299025551,0,,dry_bean_uci,dry_bean_uci,71,71
final_development,shil,31,5445,4356,1089,680,,4.944230037974194,0,,dry_bean_uci,dry_bean_uci,71,71
final_development,shil,32,5443,4354,1089,680,,4.963309562008362,0,,dry_bean_uci,dry_bean_uci,71,71
final_development,shil,33,5445,4356,1089,680,,4.956235101039056,0,,dry_bean_uci,dry_bean_uci,71,71
final_development,shil,34,5443,4354,1089,680,,4.933995429018978,0,,dry_bean_uci,dry_bean_uci,71,71
final_development,shil,35,5445,4356,1089,680,,4.9658372640260495,0,,dry_bean_uci,dry_bean_uci,71,71
final_development,shil,36,5443,4354,1089,680,,4.955119091027882,0,,dry_bean_uci,dry_bean_uci,71,71
final_development,shil,37,5445,4356,1089,680,,4.941971217980608,0,,dry_bean_uci,dry_bean_uci,71,71
final_development,shil,38,5443,4354,1089,680,,4.925066272029653,0,,dry_bean_uci,dry_bean_uci,71,71
final_development,shil,39,5445,4356,1089,680,,4.933334544009995,0,,dry_bean_uci,dry_bean_uci,71,71
tuning_train,l1_fixed,0,4081,4081,0,680,1.0,48.18460918799974,0,,dry_bean_uci,dry_bean_uci,89,89
tuning_train,l1_fixed,1,4085,4085,0,680,1.0,53.11253693298204,0,,dry_bean_uci,dry_bean_uci,89,89
tuning_train,l1_fixed,2,4081,4081,0,680,1.0,51.74963297700742,0,,dry_bean_uci,dry_bean_uci,89,89
tuning_train,l1_fixed,3,4085,4085,0,677,1.0,53.60755658504786,0,,dry_bean_uci,dry_bean_uci,89,89
tuning_train,l1_fixed,4,4081,4081,0,679,1.0,59.11235710099572,0,,dry_bean_uci,dry_bean_uci,89,89
tuning_train,l1_fixed,5,4085,4085,0,675,1.0,51.0862009950215,0,,dry_bean_uci,dry_bean_uci,89,89
tuning_train,l1_fixed,6,4081,4081,0,673,1.0,52.08574888698058,0,,dry_bean_uci,dry_bean_uci,89,89
tuning_train,l1_fixed,7,4085,4085,0,663,1.0,53.39040209999075,0,,dry_bean_uci,dry_bean_uci,89,89
tuning_train,l1_fixed,8,4081,4081,0,680,1.0,51.13728564197663,0,,dry_bean_uci,dry_bean_uci,89,89
tuning_train,l1_fixed,9,4085,4085,0,676,1.0,59.002094561001286,0,,dry_bean_uci,dry_bean_uci,89,89
tuning_train,l1_fixed,10,4081,4081,0,676,1.0,49.45916931796819,0,,dry_bean_uci,dry_bean_uci,89,89
tuning_train,l1_fixed,11,4085,4085,0,668,1.0,58.815021560993046,0,,dry_bean_uci,dry_bean_uci,89,89
tuning_train,l1_fixed,12,4081,4081,0,661,1.0,52.18937094201101,0,,dry_bean_uci,dry_bean_uci,89,89
tuning_train,l1_fixed,13,4085,4085,0,679,1.0,52.94058218202554,0,,dry_bean_uci,dry_bean_uci,89,89
tuning_train,l1_fixed,14,4081,4081,0,680,1.0,54.41868413903285,0,,dry_bean_uci,dry_bean_uci,89,89
tuning_train,l1_fixed,15,4085,4085,0,680,1.0,54.36529300798429,0,,dry_bean_uci,dry_bean_uci,89,89
tuning_train,l1_fixed,16,4081,4081,0,679,1.0,48.905673583969474,0,,dry_bean_uci,dry_bean_uci,89,89
tuning_train,l1_fixed,17,4085,4085,0,672,1.0,52.6634030219866,0,,dry_bean_uci,dry_bean_uci,89,89
tuning_train,l1_fixed,18,4081,4081,0,680,1.0,52.62701375799952,0,,dry_bean_uci,dry_bean_uci,89,89
tuning_train,l1_fixed,19,4085,4085,0,680,1.0,54.64787790103583,0,,dry_bean_uci,dry_bean_uci,89,89
tuning_train,l1_fixed,20,4081,4081,0,679,1.0,50.54378446901683,0,,dry_bean_uci,dry_bean_uci,89,89
tuning_train,l1_fixed,21,4085,4085,0,680,1.0,57.40660270198714,0,,dry_bean_uci,dry_bean_uci,89,89
tuning_train,l1_fixed,22,4081,4081,0,680,1.0,50.26910970697645,0,,dry_bean_uci,dry_bean_uci,89,89
tuning_train,l1_fixed,23,4085,4085,0,678,1.0,59.74805669899797,0,,dry_bean_uci,dry_bean_uci,89,89
tuning_train,l1_fixed,24,4081,4081,0,670,1.0,56.127517193963286,0,,dry_bean_uci,dry_bean_uci,89,89
tuning_train,l1_fixed,25,4085,4085,0,680,1.0,51.30213402095251,0,,dry_bean_uci,dry_bean_uci,89,89
tuning_train,l1_fixed,26,4081,4081,0,677,1.0,51.84154718200443,0,,dry_bean_uci,dry_bean_uci,89,89
tuning_train,l1_fixed,27,4085,4085,0,672,1.0,51.79591122199781,0,,dry_bean_uci,dry_bean_uci,89,89
tuning_train,l1_fixed,28,4081,4081,0,680,1.0,53.5883242059499,0,,dry_bean_uci,dry_bean_uci,89,89
tuning_train,l1_fixed,29,4085,4085,0,680,1.0,54.39666931604734,0,,dry_bean_uci,dry_bean_uci,89,89
tuning_train,l1_fixed,30,4081,4081,0,677,1.0,49.86378646700177,0,,dry_bean_uci,dry_bean_uci,89,89
tuning_train,l1_fixed,31,4085,4085,0,678,1.0,56.689456509950105,0,,dry_bean_uci,dry_bean_uci,89,89
tuning_train,l1_fixed,32,4081,4081,0,680,1.0,52.72694368701195,0,,dry_bean_uci,dry_bean_uci,89,89
tuning_train,l1_fixed,33,4085,4085,0,677,1.0,51.16442264901707,0,,dry_bean_uci,dry_bean_uci,89,89
tuning_train,l1_fixed,34,4081,4081,0,680,1.0,60.70020611502696,0,,dry_bean_uci,dry_bean_uci,89,89
tuning_train,l1_fixed,35,4085,4085,0,680,1.0,51.21699673403055,0,,dry_bean_uci,dry_bean_uci,89,89
tuning_train,l1_fixed,36,4081,4081,0,679,1.0,53.03172169701429,0,,dry_bean_uci,dry_bean_uci,89,89
tuning_train,l1_fixed,37,4085,4085,0,679,1.0,52.39015026402194,0,,dry_bean_uci,dry_bean_uci,89,89
tuning_train,l1_fixed,38,4081,4081,0,665,1.0,65.9338679779903,0,,dry_bean_uci,dry_bean_uci,89,89
tuning_train,l1_fixed,39,4085,4085,0,676,1.0,48.16953180998098,0,,dry_bean_uci,dry_bean_uci,89,89
final_development,l1_fixed,0,5443,5443,0,677,1.0,70.84126455598744,0,,dry_bean_uci,dry_bean_uci,89,89
final_development,l1_fixed,1,5445,5445,0,671,1.0,75.69756872503785,0,,dry_bean_uci,dry_bean_uci,89,89
final_development,l1_fixed,2,5443,5443,0,673,1.0,73.94669249502476,0,,dry_bean_uci,dry_bean_uci,89,89
final_development,l1_fixed,3,5445,5445,0,680,1.0,76.82321284600766,0,,dry_bean_uci,dry_bean_uci,89,89
final_development,l1_fixed,4,5443,5443,0,669,1.0,68.59924708900508,0,,dry_bean_uci,dry_bean_uci,89,89
final_development,l1_fixed,5,5445,5445,0,680,1.0,79.11466668499634,0,,dry_bean_uci,dry_bean_uci,89,89
final_development,l1_fixed,6,5443,5443,0,678,1.0,63.3250061449944,0,,dry_bean_uci,dry_bean_uci,89,89
final_development,l1_fixed,7,5445,5445,0,679,1.0,81.83540301898029,0,,dry_bean_uci,dry_bean_uci,89,89
final_development,l1_fixed,8,5443,5443,0,673,1.0,67.52523782098433,0,,dry_bean_uci,dry_bean_uci,89,89
final_development,l1_fixed,9,5445,5445,0,670,1.0,72.31527109199669,0,,dry_bean_uci,dry_bean_uci,89,89
final_development,l1_fixed,10,5443,5443,0,679,1.0,72.14138895802898,0,,dry_bean_uci,dry_bean_uci,89,89
final_development,l1_fixed,11,5445,5445,0,669,1.0,71.89569180400576,0,,dry_bean_uci,dry_bean_uci,89,89
final_development,l1_fixed,12,5443,5443,0,679,1.0,65.52113324898528,0,,dry_bean_uci,dry_bean_uci,89,89
final_development,l1_fixed,13,5445,5445,0,668,1.0,91.03358053101692,0,,dry_bean_uci,dry_bean_uci,89,89
final_development,l1_fixed,14,5443,5443,0,680,1.0,76.15690976497717,0,,dry_bean_uci,dry_bean_uci,89,89
final_development,l1_fixed,15,5445,5445,0,680,1.0,71.34754153195536,0,,dry_bean_uci,dry_bean_uci,89,89
final_development,l1_fixed,16,5443,5443,0,680,1.0,74.1478368989774,0,,dry_bean_uci,dry_bean_uci,89,89
final_development,l1_fixed,17,5445,5445,0,680,1.0,76.20449486002326,0,,dry_bean_uci,dry_bean_uci,89,89
final_development,l1_fixed,18,5443,5443,0,678,1.0,80.15027589700185,0,,dry_bean_uci,dry_bean_uci,89,89
final_development,l1_fixed,19,5445,5445,0,679,1.0,67.0655274860328,0,,dry_bean_uci,dry_bean_uci,89,89
final_development,l1_fixed,20,5443,5443,0,677,1.0,68.70784895599354,0,,dry_bean_uci,dry_bean_uci,89,89
final_development,l1_fixed,21,5445,5445,0,680,1.0,75.41080478602089,0,,dry_bean_uci,dry_bean_uci,89,89
final_development,l1_fixed,22,5443,5443,0,680,1.0,66.96757484396221,0,,dry_bean_uci,dry_bean_uci,89,89
final_development,l1_fixed,23,5445,5445,0,678,1.0,74.8654911290505,0,,dry_bean_uci,dry_bean_uci,89,89
final_development,l1_fixed,24,5443,5443,0,674,1.0,85.52561469300417,0,,dry_bean_uci,dry_bean_uci,89,89
final_development,l1_fixed,25,5445,5445,0,678,1.0,67.27477437199559,0,,dry_bean_uci,dry_bean_uci,89,89
final_development,l1_fixed,26,5443,5443,0,676,1.0,69.52506412001094,0,,dry_bean_uci,dry_bean_uci,89,89
final_development,l1_fixed,27,5445,5445,0,677,1.0,82.832630452991,0,,dry_bean_uci,dry_bean_uci,89,89
final_development,l1_fixed,28,5443,5443,0,679,1.0,70.80223784502596,0,,dry_bean_uci,dry_bean_uci,89,89
final_development,l1_fixed,29,5445,5445,0,680,1.0,74.58563256001798,0,,dry_bean_uci,dry_bean_uci,89,89
final_development,l1_fixed,30,5443,5443,0,674,1.0,78.67249017202994,0,,dry_bean_uci,dry_bean_uci,89,89
final_development,l1_fixed,31,5445,5445,0,676,1.0,72.89650076895487,0,,dry_bean_uci,dry_bean_uci,89,89
final_development,l1_fixed,32,5443,5443,0,666,1.0,85.48539122898364,0,,dry_bean_uci,dry_bean_uci,89,89
final_development,l1_fixed,33,5445,5445,0,680,1.0,64.86858752300031,0,,dry_bean_uci,dry_bean_uci,89,89
final_development,l1_fixed,34,5443,5443,0,679,1.0,71.41283026599558,0,,dry_bean_uci,dry_bean_uci,89,89
final_development,l1_fixed,35,5445,5445,0,675,1.0,73.61537476204103,0,,dry_bean_uci,dry_bean_uci,89,89
final_development,l1_fixed,36,5443,5443,0,676,1.0,74.0481209710124,0,,dry_bean_uci,dry_bean_uci,89,89
final_development,l1_fixed,37,5445,5445,0,678,1.0,72.38209253700916,0,,dry_bean_uci,dry_bean_uci,89,89
final_development,l1_fixed,38,5443,5443,0,672,1.0,77.36112203501398,0,,dry_bean_uci,dry_bean_uci,89,89
final_development,l1_fixed,39,5445,5445,0,677,1.0,64.28372428496368,0,,dry_bean_uci,dry_bean_uci,89,89
tuning_train,shil,0,4081,3264,817,680,,3.879616553953383,0,,dry_bean_uci,dry_bean_uci,89,89
tuning_train,shil,1,4085,3268,817,680,,3.883590513956733,0,,dry_bean_uci,dry_bean_uci,89,89
tuning_train,shil,2,4081,3264,817,680,,3.833784821035806,0,,dry_bean_uci,dry_bean_uci,89,89
tuning_train,shil,3,4085,3268,817,680,,3.8588266790029593,0,,dry_bean_uci,dry_bean_uci,89,89
tuning_train,shil,4,4081,3264,817,680,,3.830487366009038,0,,dry_bean_uci,dry_bean_uci,89,89
tuning_train,shil,5,4085,3268,817,680,,3.915619448001962,0,,dry_bean_uci,dry_bean_uci,89,89
tuning_train,shil,6,4081,3264,817,680,,3.840634742984548,0,,dry_bean_uci,dry_bean_uci,89,89
tuning_train,shil,7,4085,3268,817,680,,3.846121234993916,0,,dry_bean_uci,dry_bean_uci,89,89
tuning_train,shil,8,4081,3264,817,680,,3.873686992970761,0,,dry_bean_uci,dry_bean_uci,89,89
tuning_train,shil,9,4085,3268,817,680,,3.89355620596325,0,,dry_bean_uci,dry_bean_uci,89,89
tuning_train,shil,10,4081,3264,817,680,,3.843571470992174,0,,dry_bean_uci,dry_bean_uci,89,89
tuning_train,shil,11,4085,3268,817,680,,3.853863244003151,0,,dry_bean_uci,dry_bean_uci,89,89
tuning_train,shil,12,4081,3264,817,680,,3.844865773979109,0,,dry_bean_uci,dry_bean_uci,89,89
tuning_train,shil,13,4085,3268,817,680,,3.875181754992809,0,,dry_bean_uci,dry_bean_uci,89,89
tuning_train,shil,14,4081,3264,817,680,,3.8582881379988976,0,,dry_bean_uci,dry_bean_uci,89,89
tuning_train,shil,15,4085,3268,817,680,,3.829095938010141,0,,dry_bean_uci,dry_bean_uci,89,89
tuning_train,shil,16,4081,3264,817,680,,3.829688268015161,0,,dry_bean_uci,dry_bean_uci,89,89
tuning_train,shil,17,4085,3268,817,680,,3.869525610003621,0,,dry_bean_uci,dry_bean_uci,89,89
tuning_train,shil,18,4081,3264,817,680,,3.834109395975247,0,,dry_bean_uci,dry_bean_uci,89,89
tuning_train,shil,19,4085,3268,817,680,,3.897649257967714,0,,dry_bean_uci,dry_bean_uci,89,89
tuning_train,shil,20,4081,3264,817,680,,3.820185809978284,0,,dry_bean_uci,dry_bean_uci,89,89
tuning_train,shil,21,4085,3268,817,680,,3.8222152320086025,0,,dry_bean_uci,dry_bean_uci,89,89
tuning_train,shil,22,4081,3264,817,680,,3.8156418220023625,0,,dry_bean_uci,dry_bean_uci,89,89
tuning_train,shil,23,4085,3268,817,680,,3.8429024170036423,0,,dry_bean_uci,dry_bean_uci,89,89
tuning_train,shil,24,4081,3264,817,680,,3.849843960022554,0,,dry_bean_uci,dry_bean_uci,89,89
tuning_train,shil,25,4085,3268,817,680,,3.878173404955305,0,,dry_bean_uci,dry_bean_uci,89,89
tuning_train,shil,26,4081,3264,817,680,,3.853675124002621,0,,dry_bean_uci,dry_bean_uci,89,89
tuning_train,shil,27,4085,3268,817,680,,3.847251915023662,0,,dry_bean_uci,dry_bean_uci,89,89
tuning_train,shil,28,4081,3264,817,680,,3.861016155045945,0,,dry_bean_uci,dry_bean_uci,89,89
tuning_train,shil,29,4085,3268,817,680,,3.831185229006224,0,,dry_bean_uci,dry_bean_uci,89,89
tuning_train,shil,30,4081,3264,817,680,,3.7937250770046376,0,,dry_bean_uci,dry_bean_uci,89,89
tuning_train,shil,31,4085,3268,817,680,,3.9292062660097145,0,,dry_bean_uci,dry_bean_uci,89,89
tuning_train,shil,32,4081,3264,817,680,,3.857403105008416,0,,dry_bean_uci,dry_bean_uci,89,89
tuning_train,shil,33,4085,3268,817,680,,3.890614111034665,0,,dry_bean_uci,dry_bean_uci,89,89
tuning_train,shil,34,4081,3264,817,680,,4.002236417960376,0,,dry_bean_uci,dry_bean_uci,89,89
tuning_train,shil,35,4085,3268,817,680,,3.85146854899358,0,,dry_bean_uci,dry_bean_uci,89,89
tuning_train,shil,36,4081,3264,817,680,,3.908656516985502,0,,dry_bean_uci,dry_bean_uci,89,89
tuning_train,shil,37,4085,3268,817,680,,3.8656181580154234,0,,dry_bean_uci,dry_bean_uci,89,89
tuning_train,shil,38,4081,3264,817,680,,3.815071735996753,0,,dry_bean_uci,dry_bean_uci,89,89
tuning_train,shil,39,4085,3268,817,680,,2.911216376989614,0,,dry_bean_uci,dry_bean_uci,89,89
final_development,shil,0,5443,4354,1089,680,,5.0965462650056,0,,dry_bean_uci,dry_bean_uci,89,89
final_development,shil,1,5445,4356,1089,680,,5.190888390992768,0,,dry_bean_uci,dry_bean_uci,89,89
final_development,shil,2,5443,4354,1089,680,,5.177246403007302,0,,dry_bean_uci,dry_bean_uci,89,89
final_development,shil,3,5445,4356,1089,680,,5.16706708498532,0,,dry_bean_uci,dry_bean_uci,89,89
final_development,shil,4,5443,4354,1089,680,,5.1272991970181465,0,,dry_bean_uci,dry_bean_uci,89,89
final_development,shil,5,5445,4356,1089,680,,5.123677494004369,0,,dry_bean_uci,dry_bean_uci,89,89
final_development,shil,6,5443,4354,1089,680,,5.148381351027638,0,,dry_bean_uci,dry_bean_uci,89,89
final_development,shil,7,5445,4356,1089,680,,5.172067078994587,0,,dry_bean_uci,dry_bean_uci,89,89
final_development,shil,8,5443,4354,1089,680,,5.19895503402222,0,,dry_bean_uci,dry_bean_uci,89,89
final_development,shil,9,5445,4356,1089,680,,5.156717565027066,0,,dry_bean_uci,dry_bean_uci,89,89
final_development,shil,10,5443,4354,1089,680,,5.146854048012756,0,,dry_bean_uci,dry_bean_uci,89,89
final_development,shil,11,5445,4356,1089,680,,5.175750101043377,0,,dry_bean_uci,dry_bean_uci,89,89
final_development,shil,12,5443,4354,1089,680,,5.145471731026191,0,,dry_bean_uci,dry_bean_uci,89,89
final_development,shil,13,5445,4356,1089,680,,5.151364029035904,0,,dry_bean_uci,dry_bean_uci,89,89
final_development,shil,14,5443,4354,1089,680,,5.165159152995329,0,,dry_bean_uci,dry_bean_uci,89,89
final_development,shil,15,5445,4356,1089,680,,5.159225588955451,0,,dry_bean_uci,dry_bean_uci,89,89
final_development,shil,16,5443,4354,1089,680,,5.164508201007266,0,,dry_bean_uci,dry_bean_uci,89,89
final_development,shil,17,5445,4356,1089,680,,5.146162132965401,0,,dry_bean_uci,dry_bean_uci,89,89
final_development,shil,18,5443,4354,1089,680,,5.192731094022747,0,,dry_bean_uci,dry_bean_uci,89,89
final_development,shil,19,5445,4356,1089,680,,5.214741608011536,0,,dry_bean_uci,dry_bean_uci,89,89
final_development,shil,20,5443,4354,1089,680,,5.166666726989206,0,,dry_bean_uci,dry_bean_uci,89,89
final_development,shil,21,5445,4356,1089,680,,5.12897093401989,0,,dry_bean_uci,dry_bean_uci,89,89
final_development,shil,22,5443,4354,1089,680,,5.125549190968741,0,,dry_bean_uci,dry_bean_uci,89,89
final_development,shil,23,5445,4356,1089,680,,5.197533689031843,0,,dry_bean_uci,dry_bean_uci,89,89
final_development,shil,24,5443,4354,1089,680,,5.194187587010674,0,,dry_bean_uci,dry_bean_uci,89,89
final_development,shil,25,5445,4356,1089,680,,5.183516463963315,0,,dry_bean_uci,dry_bean_uci,89,89
final_development,shil,26,5443,4354,1089,680,,5.158199614030309,0,,dry_bean_uci,dry_bean_uci,89,89
final_development,shil,27,5445,4356,1089,680,,5.1696365179959685,0,,dry_bean_uci,dry_bean_uci,89,89
final_development,shil,28,5443,4354,1089,680,,5.153418746020179,0,,dry_bean_uci,dry_bean_uci,89,89
final_development,shil,29,5445,4356,1089,680,,5.15776786999777,0,,dry_bean_uci,dry_bean_uci,89,89
final_development,shil,30,5443,4354,1089,680,,5.146613460965455,0,,dry_bean_uci,dry_bean_uci,89,89
final_development,shil,31,5445,4356,1089,680,,5.217966592987068,0,,dry_bean_uci,dry_bean_uci,89,89
final_development,shil,32,5443,4354,1089,680,,5.177660216984805,0,,dry_bean_uci,dry_bean_uci,89,89
final_development,shil,33,5445,4356,1089,680,,5.1478047290002,0,,dry_bean_uci,dry_bean_uci,89,89
final_development,shil,34,5443,4354,1089,680,,5.197197714995127,0,,dry_bean_uci,dry_bean_uci,89,89
final_development,shil,35,5445,4356,1089,680,,5.153054425027221,0,,dry_bean_uci,dry_bean_uci,89,89
final_development,shil,36,5443,4354,1089,680,,5.171046383969951,0,,dry_bean_uci,dry_bean_uci,89,89
final_development,shil,37,5445,4356,1089,680,,5.182905450987164,0,,dry_bean_uci,dry_bean_uci,89,89
final_development,shil,38,5443,4354,1089,680,,5.159715299028903,0,,dry_bean_uci,dry_bean_uci,89,89
final_development,shil,39,5445,4356,1089,680,,5.0917528459685855,0,,dry_bean_uci,dry_bean_uci,89,89
tuning_train,l1_fixed,0,4081,4081,0,680,1.0,60.5611556530348,0,,dry_bean_uci,dry_bean_uci,101,101
tuning_train,l1_fixed,1,4085,4085,0,680,1.0,55.508426079992205,0,,dry_bean_uci,dry_bean_uci,101,101
tuning_train,l1_fixed,2,4081,4081,0,680,1.0,54.34954969503451,0,,dry_bean_uci,dry_bean_uci,101,101
tuning_train,l1_fixed,3,4085,4085,0,680,1.0,56.87044817401329,0,,dry_bean_uci,dry_bean_uci,101,101
tuning_train,l1_fixed,4,4081,4081,0,679,1.0,58.64658879698254,0,,dry_bean_uci,dry_bean_uci,101,101
tuning_train,l1_fixed,5,4085,4085,0,680,1.0,56.2858331380412,0,,dry_bean_uci,dry_bean_uci,101,101
tuning_train,l1_fixed,6,4081,4081,0,677,1.0,51.09833624400199,0,,dry_bean_uci,dry_bean_uci,101,101
tuning_train,l1_fixed,7,4085,4085,0,680,1.0,66.2414850720088,0,,dry_bean_uci,dry_bean_uci,101,101
tuning_train,l1_fixed,8,4081,4081,0,664,1.0,50.22171121102292,0,,dry_bean_uci,dry_bean_uci,101,101
tuning_train,l1_fixed,9,4085,4085,0,680,1.0,60.131218908005394,0,,dry_bean_uci,dry_bean_uci,101,101
tuning_train,l1_fixed,10,4081,4081,0,680,1.0,58.05319124500966,0,,dry_bean_uci,dry_bean_uci,101,101
tuning_train,l1_fixed,11,4085,4085,0,678,1.0,52.13213823200204,0,,dry_bean_uci,dry_bean_uci,101,101
tuning_train,l1_fixed,12,4081,4081,0,676,1.0,56.81819268403342,0,,dry_bean_uci,dry_bean_uci,101,101
tuning_train,l1_fixed,13,4085,4085,0,680,1.0,52.70336543297162,0,,dry_bean_uci,dry_bean_uci,101,101
tuning_train,l1_fixed,14,4081,4081,0,680,1.0,52.98340460495092,0,,dry_bean_uci,dry_bean_uci,101,101
tuning_train,l1_fixed,15,4085,4085,0,680,1.0,63.580913509998936,0,,dry_bean_uci,dry_bean_uci,101,101
tuning_train,l1_fixed,16,4081,4081,0,677,1.0,61.95262440101942,0,,dry_bean_uci,dry_bean_uci,101,101
tuning_train,l1_fixed,17,4085,4085,0,676,1.0,56.45881030801684,0,,dry_bean_uci,dry_bean_uci,101,101
tuning_train,l1_fixed,18,4081,4081,0,680,1.0,57.96309994900366,0,,dry_bean_uci,dry_bean_uci,101,101
tuning_train,l1_fixed,19,4085,4085,0,680,1.0,51.73244614701253,0,,dry_bean_uci,dry_bean_uci,101,101
tuning_train,l1_fixed,20,4081,4081,0,680,1.0,54.37202213000273,0,,dry_bean_uci,dry_bean_uci,101,101
tuning_train,l1_fixed,21,4085,4085,0,680,1.0,55.86951891100034,0,,dry_bean_uci,dry_bean_uci,101,101
tuning_train,l1_fixed,22,4081,4081,0,680,1.0,50.91554739000276,0,,dry_bean_uci,dry_bean_uci,101,101
tuning_train,l1_fixed,23,4085,4085,0,679,1.0,59.45239201997174,0,,dry_bean_uci,dry_bean_uci,101,101
tuning_train,l1_fixed,24,4081,4081,0,678,1.0,54.6745592560037,0,,dry_bean_uci,dry_bean_uci,101,101
tuning_train,l1_fixed,25,4085,4085,0,680,1.0,58.9237192250439,0,,dry_bean_uci,dry_bean_uci,101,101
tuning_train,l1_fixed,26,4081,4081,0,680,1.0,54.862367674009874,0,,dry_bean_uci,dry_bean_uci,101,101
tuning_train,l1_fixed,27,4085,4085,0,667,1.0,54.93148694996489,0,,dry_bean_uci,dry_bean_uci,101,101
tuning_train,l1_fixed,28,4081,4081,0,675,1.0,50.949299120984506,0,,dry_bean_uci,dry_bean_uci,101,101
tuning_train,l1_fixed,29,4085,4085,0,680,1.0,59.89170088397805,0,,dry_bean_uci,dry_bean_uci,101,101
tuning_train,l1_fixed,30,4081,4081,0,680,1.0,57.29680620803265,0,,dry_bean_uci,dry_bean_uci,101,101
tuning_train,l1_fixed,31,4085,4085,0,680,1.0,52.8727302919724,0,,dry_bean_uci,dry_bean_uci,101,101
tuning_train,l1_fixed,32,4081,4081,0,680,1.0,58.54748842399568,0,,dry_bean_uci,dry_bean_uci,101,101
tuning_train,l1_fixed,33,4085,4085,0,678,1.0,57.14743320201524,0,,dry_bean_uci,dry_bean_uci,101,101
tuning_train,l1_fixed,34,4081,4081,0,674,1.0,52.52382132603088,0,,dry_bean_uci,dry_bean_uci,101,101
tuning_train,l1_fixed,35,4085,4085,0,680,1.0,56.482069468009286,0,,dry_bean_uci,dry_bean_uci,101,101
tuning_train,l1_fixed,36,4081,4081,0,680,1.0,52.34935730299912,0,,dry_bean_uci,dry_bean_uci,101,101
tuning_train,l1_fixed,37,4085,4085,0,680,1.0,59.263194150000345,0,,dry_bean_uci,dry_bean_uci,101,101
tuning_train,l1_fixed,38,4081,4081,0,680,1.0,56.29562370298663,0,,dry_bean_uci,dry_bean_uci,101,101
tuning_train,l1_fixed,39,4085,4085,0,680,1.0,56.88560478499858,0,,dry_bean_uci,dry_bean_uci,101,101
final_development,l1_fixed,0,5443,5443,0,678,1.0,68.47875642799772,0,,dry_bean_uci,dry_bean_uci,101,101
final_development,l1_fixed,1,5445,5445,0,680,1.0,67.31905023596482,0,,dry_bean_uci,dry_bean_uci,101,101
final_development,l1_fixed,2,5443,5443,0,680,1.0,67.72327375900932,0,,dry_bean_uci,dry_bean_uci,101,101
final_development,l1_fixed,3,5445,5445,0,668,1.0,74.76504330802709,0,,dry_bean_uci,dry_bean_uci,101,101
final_development,l1_fixed,4,5443,5443,0,680,1.0,64.98029124701861,0,,dry_bean_uci,dry_bean_uci,101,101
final_development,l1_fixed,5,5445,5445,0,676,1.0,73.35060940199764,0,,dry_bean_uci,dry_bean_uci,101,101
final_development,l1_fixed,6,5443,5443,0,678,1.0,74.4037356749759,0,,dry_bean_uci,dry_bean_uci,101,101
final_development,l1_fixed,7,5445,5445,0,674,1.0,65.03840486699482,0,,dry_bean_uci,dry_bean_uci,101,101
final_development,l1_fixed,8,5443,5443,0,679,1.0,73.61777498398442,0,,dry_bean_uci,dry_bean_uci,101,101
final_development,l1_fixed,9,5445,5445,0,680,1.0,67.57112396799494,0,,dry_bean_uci,dry_bean_uci,101,101
final_development,l1_fixed,10,5443,5443,0,679,1.0,68.35044968203874,0,,dry_bean_uci,dry_bean_uci,101,101
final_development,l1_fixed,11,5445,5445,0,680,1.0,70.79959670297103,0,,dry_bean_uci,dry_bean_uci,101,101
final_development,l1_fixed,12,5443,5443,0,680,1.0,84.08407799800625,0,,dry_bean_uci,dry_bean_uci,101,101
final_development,l1_fixed,13,5445,5445,0,676,1.0,64.12159184803022,0,,dry_bean_uci,dry_bean_uci,101,101
final_development,l1_fixed,14,5443,5443,0,675,1.0,69.06020275800256,0,,dry_bean_uci,dry_bean_uci,101,101
final_development,l1_fixed,15,5445,5445,0,677,1.0,68.19503486301983,0,,dry_bean_uci,dry_bean_uci,101,101
final_development,l1_fixed,16,5443,5443,0,669,1.0,62.27374924800824,0,,dry_bean_uci,dry_bean_uci,101,101
final_development,l1_fixed,17,5445,5445,0,680,1.0,76.9671422400279,0,,dry_bean_uci,dry_bean_uci,101,101
final_development,l1_fixed,18,5443,5443,0,680,1.0,69.43424321996281,0,,dry_bean_uci,dry_bean_uci,101,101
final_development,l1_fixed,19,5445,5445,0,680,1.0,70.98896357498597,0,,dry_bean_uci,dry_bean_uci,101,101
final_development,l1_fixed,20,5443,5443,0,678,1.0,72.40129878296284,0,,dry_bean_uci,dry_bean_uci,101,101
final_development,l1_fixed,21,5445,5445,0,680,1.0,65.70445184595883,0,,dry_bean_uci,dry_bean_uci,101,101
final_development,l1_fixed,22,5443,5443,0,680,1.0,65.71687767200638,0,,dry_bean_uci,dry_bean_uci,101,101
final_development,l1_fixed,23,5445,5445,0,680,1.0,73.26366481301375,0,,dry_bean_uci,dry_bean_uci,101,101
final_development,l1_fixed,24,5443,5443,0,680,1.0,67.5305988320033,0,,dry_bean_uci,dry_bean_uci,101,101
final_development,l1_fixed,25,5445,5445,0,671,1.0,76.76430638000602,0,,dry_bean_uci,dry_bean_uci,101,101
final_development,l1_fixed,26,5443,5443,0,680,1.0,69.93073012999957,0,,dry_bean_uci,dry_bean_uci,101,101
final_development,l1_fixed,27,5445,5445,0,678,1.0,65.66266804502811,0,,dry_bean_uci,dry_bean_uci,101,101
final_development,l1_fixed,28,5443,5443,0,677,1.0,67.56808715302031,0,,dry_bean_uci,dry_bean_uci,101,101
final_development,l1_fixed,29,5445,5445,0,677,1.0,80.13128860201687,0,,dry_bean_uci,dry_bean_uci,101,101
final_development,l1_fixed,30,5443,5443,0,673,1.0,75.40023946302244,0,,dry_bean_uci,dry_bean_uci,101,101
final_development,l1_fixed,31,5445,5445,0,680,1.0,63.83361724502174,0,,dry_bean_uci,dry_bean_uci,101,101
final_development,l1_fixed,32,5443,5443,0,680,1.0,74.8931607150007,0,,dry_bean_uci,dry_bean_uci,101,101
final_development,l1_fixed,33,5445,5445,0,676,1.0,65.18178728304338,0,,dry_bean_uci,dry_bean_uci,101,101
final_development,l1_fixed,34,5443,5443,0,671,1.0,67.61911034199875,0,,dry_bean_uci,dry_bean_uci,101,101
final_development,l1_fixed,35,5445,5445,0,678,1.0,75.02031420398271,0,,dry_bean_uci,dry_bean_uci,101,101
final_development,l1_fixed,36,5443,5443,0,674,1.0,63.14083368697902,0,,dry_bean_uci,dry_bean_uci,101,101
final_development,l1_fixed,37,5445,5445,0,680,1.0,73.72542739799246,0,,dry_bean_uci,dry_bean_uci,101,101
final_development,l1_fixed,38,5443,5443,0,677,1.0,74.02028480102308,0,,dry_bean_uci,dry_bean_uci,101,101
final_development,l1_fixed,39,5445,5445,0,675,1.0,68.87842083099531,0,,dry_bean_uci,dry_bean_uci,101,101
tuning_train,shil,0,4081,3264,817,680,,3.741220527037513,0,,dry_bean_uci,dry_bean_uci,101,101
tuning_train,shil,1,4085,3268,817,680,,3.726074256002903,0,,dry_bean_uci,dry_bean_uci,101,101
tuning_train,shil,2,4081,3264,817,680,,3.691448402008973,0,,dry_bean_uci,dry_bean_uci,101,101
tuning_train,shil,3,4085,3268,817,680,,3.690370423020795,0,,dry_bean_uci,dry_bean_uci,101,101
tuning_train,shil,4,4081,3264,817,680,,3.895390454970766,0,,dry_bean_uci,dry_bean_uci,101,101
tuning_train,shil,5,4085,3268,817,680,,3.929788926965557,0,,dry_bean_uci,dry_bean_uci,101,101
tuning_train,shil,6,4081,3264,817,680,,4.0434560609865,0,,dry_bean_uci,dry_bean_uci,101,101
tuning_train,shil,7,4085,3268,817,680,,3.934602911991533,0,,dry_bean_uci,dry_bean_uci,101,101
tuning_train,shil,8,4081,3264,817,680,,3.945711005013436,0,,dry_bean_uci,dry_bean_uci,101,101
tuning_train,shil,9,4085,3268,817,680,,3.9548466010019183,0,,dry_bean_uci,dry_bean_uci,101,101
tuning_train,shil,10,4081,3264,817,680,,3.9532274149823934,0,,dry_bean_uci,dry_bean_uci,101,101
tuning_train,shil,11,4085,3268,817,680,,3.91870648303302,0,,dry_bean_uci,dry_bean_uci,101,101
tuning_train,shil,12,4081,3264,817,680,,3.9112381230224855,0,,dry_bean_uci,dry_bean_uci,101,101
tuning_train,shil,13,4085,3268,817,680,,3.940383786975872,0,,dry_bean_uci,dry_bean_uci,101,101
tuning_train,shil,14,4081,3264,817,680,,3.923917663982138,0,,dry_bean_uci,dry_bean_uci,101,101
tuning_train,shil,15,4085,3268,817,680,,3.9672367380117066,0,,dry_bean_uci,dry_bean_uci,101,101
tuning_train,shil,16,4081,3264,817,680,,3.981486580974888,0,,dry_bean_uci,dry_bean_uci,101,101
tuning_train,shil,17,4085,3268,817,680,,3.9217517350334674,0,,dry_bean_uci,dry_bean_uci,101,101
tuning_train,shil,18,4081,3264,817,680,,3.931880499992985,0,,dry_bean_uci,dry_bean_uci,101,101
tuning_train,shil,19,4085,3268,817,680,,3.932038571976591,0,,dry_bean_uci,dry_bean_uci,101,101
tuning_train,shil,20,4081,3264,817,680,,3.9138628329965286,0,,dry_bean_uci,dry_bean_uci,101,101
tuning_train,shil,21,4085,3268,817,680,,3.919546078017447,0,,dry_bean_uci,dry_bean_uci,101,101
tuning_train,shil,22,4081,3264,817,680,,3.926513293001335,0,,dry_bean_uci,dry_bean_uci,101,101
tuning_train,shil,23,4085,3268,817,680,,3.981136753980536,0,,dry_bean_uci,dry_bean_uci,101,101
tuning_train,shil,24,4081,3264,817,680,,3.915424092963804,0,,dry_bean_uci,dry_bean_uci,101,101
tuning_train,shil,25,4085,3268,817,680,,3.834326568001416,0,,dry_bean_uci,dry_bean_uci,101,101
tuning_train,shil,26,4081,3264,817,680,,3.844516174984165,0,,dry_bean_uci,dry_bean_uci,101,101
tuning_train,shil,27,4085,3268,817,680,,3.9471332429675385,0,,dry_bean_uci,dry_bean_uci,101,101
tuning_train,shil,28,4081,3264,817,680,,3.894286861992441,0,,dry_bean_uci,dry_bean_uci,101,101
tuning_train,shil,29,4085,3268,817,680,,3.923800848016981,0,,dry_bean_uci,dry_bean_uci,101,101
tuning_train,shil,30,4081,3264,817,680,,3.8381228830548935,0,,dry_bean_uci,dry_bean_uci,101,101
tuning_train,shil,31,4085,3268,817,680,,2.229508907010313,0,,dry_bean_uci,dry_bean_uci,101,101
tuning_train,shil,32,4081,3264,817,680,,3.991055211983621,0,,dry_bean_uci,dry_bean_uci,101,101
tuning_train,shil,33,4085,3268,817,680,,3.980718948005233,0,,dry_bean_uci,dry_bean_uci,101,101
tuning_train,shil,34,4081,3264,817,680,,3.9367014900199138,0,,dry_bean_uci,dry_bean_uci,101,101
tuning_train,shil,35,4085,3268,817,680,,4.007368017977569,0,,dry_bean_uci,dry_bean_uci,101,101
tuning_train,shil,36,4081,3264,817,680,,3.944041340961121,0,,dry_bean_uci,dry_bean_uci,101,101
tuning_train,shil,37,4085,3268,817,680,,3.950076109962538,0,,dry_bean_uci,dry_bean_uci,101,101
tuning_train,shil,38,4081,3264,817,680,,3.967342582007405,0,,dry_bean_uci,dry_bean_uci,101,101
tuning_train,shil,39,4085,3268,817,680,,4.042471152031794,0,,dry_bean_uci,dry_bean_uci,101,101
final_development,shil,0,5443,4354,1089,680,,5.207861721981317,0,,dry_bean_uci,dry_bean_uci,101,101
final_development,shil,1,5445,4356,1089,680,,5.219491895986721,0,,dry_bean_uci,dry_bean_uci,101,101
final_development,shil,2,5443,4354,1089,680,,5.192041788017377,0,,dry_bean_uci,dry_bean_uci,101,101
final_development,shil,3,5445,4356,1089,680,,5.219935193017591,0,,dry_bean_uci,dry_bean_uci,101,101
final_development,shil,4,5443,4354,1089,680,,5.242890512978192,0,,dry_bean_uci,dry_bean_uci,101,101
final_development,shil,5,5445,4356,1089,680,,5.298725537024438,0,,dry_bean_uci,dry_bean_uci,101,101
final_development,shil,6,5443,4354,1089,680,,5.214462901989464,0,,dry_bean_uci,dry_bean_uci,101,101
final_development,shil,7,5445,4356,1089,680,,5.213684682967141,0,,dry_bean_uci,dry_bean_uci,101,101
final_development,shil,8,5443,4354,1089,680,,5.207345211005304,0,,dry_bean_uci,dry_bean_uci,101,101
final_development,shil,9,5445,4356,1089,680,,5.230579654977191,0,,dry_bean_uci,dry_bean_uci,101,101
final_development,shil,10,5443,4354,1089,680,,5.272399829002097,0,,dry_bean_uci,dry_bean_uci,101,101
final_development,shil,11,5445,4356,1089,680,,5.202043324999977,0,,dry_bean_uci,dry_bean_uci,101,101
final_development,shil,12,5443,4354,1089,680,,5.197984995029401,0,,dry_bean_uci,dry_bean_uci,101,101
final_development,shil,13,5445,4356,1089,680,,5.210482338967267,0,,dry_bean_uci,dry_bean_uci,101,101
final_development,shil,14,5443,4354,1089,680,,4.868525083991699,0,,dry_bean_uci,dry_bean_uci,101,101
final_development,shil,15,5445,4356,1089,680,,5.252001539978664,0,,dry_bean_uci,dry_bean_uci,101,101
final_development,shil,16,5443,4354,1089,680,,5.24061478395015,0,,dry_bean_uci,dry_bean_uci,101,101
final_development,shil,17,5445,4356,1089,680,,5.190502868033946,0,,dry_bean_uci,dry_bean_uci,101,101
final_development,shil,18,5443,4354,1089,680,,5.214648480003234,0,,dry_bean_uci,dry_bean_uci,101,101
final_development,shil,19,5445,4356,1089,680,,5.195811455021612,0,,dry_bean_uci,dry_bean_uci,101,101
final_development,shil,20,5443,4354,1089,680,,5.178393363021314,0,,dry_bean_uci,dry_bean_uci,101,101
final_development,shil,21,5445,4356,1089,680,,5.211778739991132,0,,dry_bean_uci,dry_bean_uci,101,101
final_development,shil,22,5443,4354,1089,680,,5.185909449995961,0,,dry_bean_uci,dry_bean_uci,101,101
final_development,shil,23,5445,4356,1089,680,,5.193804232985713,0,,dry_bean_uci,dry_bean_uci,101,101
final_development,shil,24,5443,4354,1089,680,,5.179344928008504,0,,dry_bean_uci,dry_bean_uci,101,101
final_development,shil,25,5445,4356,1089,680,,4.393953750026412,0,,dry_bean_uci,dry_bean_uci,101,101
final_development,shil,26,5443,4354,1089,680,,5.230948903947137,0,,dry_bean_uci,dry_bean_uci,101,101
final_development,shil,27,5445,4356,1089,680,,5.344569061999209,0,,dry_bean_uci,dry_bean_uci,101,101
final_development,shil,28,5443,4354,1089,680,,5.2916186429793015,0,,dry_bean_uci,dry_bean_uci,101,101
final_development,shil,29,5445,4356,1089,680,,5.230341947986744,0,,dry_bean_uci,dry_bean_uci,101,101
final_development,shil,30,5443,4354,1089,680,,5.223932917986531,0,,dry_bean_uci,dry_bean_uci,101,101
final_development,shil,31,5445,4356,1089,680,,5.210860588005744,0,,dry_bean_uci,dry_bean_uci,101,101
final_development,shil,32,5443,4354,1089,680,,5.342487871006597,0,,dry_bean_uci,dry_bean_uci,101,101
final_development,shil,33,5445,4356,1089,680,,5.28431748499861,0,,dry_bean_uci,dry_bean_uci,101,101
final_development,shil,34,5443,4354,1089,680,,5.228714563010726,0,,dry_bean_uci,dry_bean_uci,101,101
final_development,shil,35,5445,4356,1089,680,,5.191240128013305,0,,dry_bean_uci,dry_bean_uci,101,101
final_development,shil,36,5443,4354,1089,680,,5.165647442976479,0,,dry_bean_uci,dry_bean_uci,101,101
final_development,shil,37,5445,4356,1089,680,,5.215968937030993,0,,dry_bean_uci,dry_bean_uci,101,101
final_development,shil,38,5443,4354,1089,680,,5.2280919989570975,0,,dry_bean_uci,dry_bean_uci,101,101
final_development,shil,39,5445,4356,1089,680,,5.354677314986475,0,,dry_bean_uci,dry_bean_uci,101,101
tuning_train,l1_fixed,0,4081,4081,0,680,1.0,58.06447310198564,0,,dry_bean_uci,dry_bean_uci,131,131
tuning_train,l1_fixed,1,4085,4085,0,679,1.0,52.19390440400457,0,,dry_bean_uci,dry_bean_uci,131,131
tuning_train,l1_fixed,2,4081,4081,0,680,1.0,50.87441227596719,0,,dry_bean_uci,dry_bean_uci,131,131
tuning_train,l1_fixed,3,4085,4085,0,677,1.0,62.457304709008895,0,,dry_bean_uci,dry_bean_uci,131,131
tuning_train,l1_fixed,4,4081,4081,0,680,1.0,56.73827155603794,0,,dry_bean_uci,dry_bean_uci,131,131
tuning_train,l1_fixed,5,4085,4085,0,680,1.0,52.87530915398384,0,,dry_bean_uci,dry_bean_uci,131,131
tuning_train,l1_fixed,6,4081,4081,0,680,1.0,52.18836951500271,0,,dry_bean_uci,dry_bean_uci,131,131
tuning_train,l1_fixed,7,4085,4085,0,665,1.0,57.654599811008666,0,,dry_bean_uci,dry_bean_uci,131,131
tuning_train,l1_fixed,8,4081,4081,0,676,1.0,56.5632206479786,0,,dry_bean_uci,dry_bean_uci,131,131
tuning_train,l1_fixed,9,4085,4085,0,679,1.0,53.10912244900828,0,,dry_bean_uci,dry_bean_uci,131,131
tuning_train,l1_fixed,10,4081,4081,0,680,1.0,54.59006452799076,0,,dry_bean_uci,dry_bean_uci,131,131
tuning_train,l1_fixed,11,4085,4085,0,680,1.0,56.64153864304535,0,,dry_bean_uci,dry_bean_uci,131,131
tuning_train,l1_fixed,12,4081,4081,0,679,1.0,52.68866714596516,0,,dry_bean_uci,dry_bean_uci,131,131
tuning_train,l1_fixed,13,4085,4085,0,680,1.0,62.96135517203948,0,,dry_bean_uci,dry_bean_uci,131,131
tuning_train,l1_fixed,14,4081,4081,0,678,1.0,52.65020693500992,0,,dry_bean_uci,dry_bean_uci,131,131
tuning_train,l1_fixed,15,4085,4085,0,674,1.0,60.83465292898472,0,,dry_bean_uci,dry_bean_uci,131,131
tuning_train,l1_fixed,16,4081,4081,0,671,1.0,57.59984701900976,0,,dry_bean_uci,dry_bean_uci,131,131
tuning_train,l1_fixed,17,4085,4085,0,680,1.0,51.71054223901592,0,,dry_bean_uci,dry_bean_uci,131,131
tuning_train,l1_fixed,18,4081,4081,0,665,1.0,62.21860177302733,0,,dry_bean_uci,dry_bean_uci,131,131
tuning_train,l1_fixed,19,4085,4085,0,680,1.0,52.244865162007045,0,,dry_bean_uci,dry_bean_uci,131,131
tuning_train,l1_fixed,20,4081,4081,0,680,1.0,67.8903309580055,0,,dry_bean_uci,dry_bean_uci,131,131
tuning_train,l1_fixed,21,4085,4085,0,666,1.0,55.63619506097166,0,,dry_bean_uci,dry_bean_uci,131,131
tuning_train,l1_fixed,22,4081,4081,0,680,1.0,56.03798268298851,0,,dry_bean_uci,dry_bean_uci,131,131
tuning_train,l1_fixed,23,4085,4085,0,676,1.0,52.94380018499214,0,,dry_bean_uci,dry_bean_uci,131,131
tuning_train,l1_fixed,24,4081,4081,0,677,1.0,54.306494485004805,0,,dry_bean_uci,dry_bean_uci,131,131
tuning_train,l1_fixed,25,4085,4085,0,680,1.0,55.93694385199342,0,,dry_bean_uci,dry_bean_uci,131,131
tuning_train,l1_fixed,26,4081,4081,0,680,1.0,57.16203228698578,0,,dry_bean_uci,dry_bean_uci,131,131
tuning_train,l1_fixed,27,4085,4085,0,679,1.0,53.05653191602323,0,,dry_bean_uci,dry_bean_uci,131,131
tuning_train,l1_fixed,28,4081,4081,0,680,1.0,51.50400857900968,0,,dry_bean_uci,dry_bean_uci,131,131
tuning_train,l1_fixed,29,4085,4085,0,680,1.0,58.93985412397888,0,,dry_bean_uci,dry_bean_uci,131,131
tuning_train,l1_fixed,30,4081,4081,0,677,1.0,51.98632417496992,0,,dry_bean_uci,dry_bean_uci,131,131
tuning_train,l1_fixed,31,4085,4085,0,680,1.0,59.10435218102066,0,,dry_bean_uci,dry_bean_uci,131,131
tuning_train,l1_fixed,32,4081,4081,0,678,1.0,52.27248724095989,0,,dry_bean_uci,dry_bean_uci,131,131
tuning_train,l1_fixed,33,4085,4085,0,680,1.0,54.336396382015664,0,,dry_bean_uci,dry_bean_uci,131,131
tuning_train,l1_fixed,34,4081,4081,0,661,1.0,51.37317881302442,0,,dry_bean_uci,dry_bean_uci,131,131
tuning_train,l1_fixed,35,4085,4085,0,677,1.0,57.67627919698134,0,,dry_bean_uci,dry_bean_uci,131,131
tuning_train,l1_fixed,36,4081,4081,0,680,1.0,60.280784477014095,0,,dry_bean_uci,dry_bean_uci,131,131
tuning_train,l1_fixed,37,4085,4085,0,680,1.0,49.090343344025314,0,,dry_bean_uci,dry_bean_uci,131,131
tuning_train,l1_fixed,38,4081,4081,0,674,1.0,52.39677703200141,0,,dry_bean_uci,dry_bean_uci,131,131
tuning_train,l1_fixed,39,4085,4085,0,672,1.0,58.75693490897538,0,,dry_bean_uci,dry_bean_uci,131,131
final_development,l1_fixed,0,5443,5443,0,679,1.0,87.99087341700215,0,,dry_bean_uci,dry_bean_uci,131,131
final_development,l1_fixed,1,5445,5445,0,674,1.0,67.30585260200314,0,,dry_bean_uci,dry_bean_uci,131,131
final_development,l1_fixed,2,5443,5443,0,675,1.0,90.44370050996076,0,,dry_bean_uci,dry_bean_uci,131,131
final_development,l1_fixed,3,5445,5445,0,680,1.0,68.3474929369986,0,,dry_bean_uci,dry_bean_uci,131,131
final_development,l1_fixed,4,5443,5443,0,680,1.0,78.16812470799778,0,,dry_bean_uci,dry_bean_uci,131,131
final_development,l1_fixed,5,5445,5445,0,676,1.0,66.624258730968,0,,dry_bean_uci,dry_bean_uci,131,131
final_development,l1_fixed,6,5443,5443,0,676,1.0,70.17411491501844,0,,dry_bean_uci,dry_bean_uci,131,131
final_development,l1_fixed,7,5445,5445,0,680,1.0,81.27140860498184,0,,dry_bean_uci,dry_bean_uci,131,131
final_development,l1_fixed,8,5443,5443,0,679,1.0,83.33602519304259,0,,dry_bean_uci,dry_bean_uci,131,131
final_development,l1_fixed,9,5445,5445,0,666,1.0,66.49341524299234,0,,dry_bean_uci,dry_bean_uci,131,131
final_development,l1_fixed,10,5443,5443,0,669,1.0,71.40250545798335,0,,dry_bean_uci,dry_bean_uci,131,131
final_development,l1_fixed,11,5445,5445,0,680,1.0,73.13510206498904,0,,dry_bean_uci,dry_bean_uci,131,131
final_development,l1_fixed,12,5443,5443,0,680,1.0,78.37169414199889,0,,dry_bean_uci,dry_bean_uci,131,131
final_development,l1_fixed,13,5445,5445,0,680,1.0,69.10835505300201,0,,dry_bean_uci,dry_bean_uci,131,131
final_development,l1_fixed,14,5443,5443,0,679,1.0,65.74769473797642,0,,dry_bean_uci,dry_bean_uci,131,131
final_development,l1_fixed,15,5445,5445,0,671,1.0,79.66350307199173,0,,dry_bean_uci,dry_bean_uci,131,131
final_development,l1_fixed,16,5443,5443,0,680,1.0,65.15139456000179,0,,dry_bean_uci,dry_bean_uci,131,131
final_development,l1_fixed,17,5445,5445,0,679,1.0,80.19150510098552,0,,dry_bean_uci,dry_bean_uci,131,131
final_development,l1_fixed,18,5443,5443,0,680,1.0,75.80351327697281,0,,dry_bean_uci,dry_bean_uci,131,131
final_development,l1_fixed,19,5445,5445,0,676,1.0,75.77855865104357,0,,dry_bean_uci,dry_bean_uci,131,131
final_development,l1_fixed,20,5443,5443,0,680,1.0,74.05598384299083,0,,dry_bean_uci,dry_bean_uci,131,131
final_development,l1_fixed,21,5445,5445,0,680,1.0,72.3233764420147,0,,dry_bean_uci,dry_bean_uci,131,131
final_development,l1_fixed,22,5443,5443,0,680,1.0,69.319511417998,0,,dry_bean_uci,dry_bean_uci,131,131
final_development,l1_fixed,23,5445,5445,0,680,1.0,77.88695634301985,0,,dry_bean_uci,dry_bean_uci,131,131
final_development,l1_fixed,24,5443,5443,0,677,1.0,69.59502012602752,0,,dry_bean_uci,dry_bean_uci,131,131
final_development,l1_fixed,25,5445,5445,0,672,1.0,76.46638565999456,0,,dry_bean_uci,dry_bean_uci,131,131
final_development,l1_fixed,26,5443,5443,0,672,1.0,74.15437534498051,0,,dry_bean_uci,dry_bean_uci,131,131
final_development,l1_fixed,27,5445,5445,0,671,1.0,71.29303122201236,0,,dry_bean_uci,dry_bean_uci,131,131
final_development,l1_fixed,28,5443,5443,0,678,1.0,76.52064224501373,0,,dry_bean_uci,dry_bean_uci,131,131
final_development,l1_fixed,29,5445,5445,0,680,1.0,68.16302616801113,0,,dry_bean_uci,dry_bean_uci,131,131
final_development,l1_fixed,30,5443,5443,0,677,1.0,64.64905813103542,0,,dry_bean_uci,dry_bean_uci,131,131
final_development,l1_fixed,31,5445,5445,0,678,1.0,79.37955225701444,0,,dry_bean_uci,dry_bean_uci,131,131
final_development,l1_fixed,32,5443,5443,0,679,1.0,76.25286516500637,0,,dry_bean_uci,dry_bean_uci,131,131
final_development,l1_fixed,33,5445,5445,0,677,1.0,67.8928570059943,0,,dry_bean_uci,dry_bean_uci,131,131
final_development,l1_fixed,34,5443,5443,0,680,1.0,73.73510673700366,0,,dry_bean_uci,dry_bean_uci,131,131
final_development,l1_fixed,35,5445,5445,0,673,1.0,72.98659158800729,0,,dry_bean_uci,dry_bean_uci,131,131
final_development,l1_fixed,36,5443,5443,0,680,1.0,70.73387189599453,0,,dry_bean_uci,dry_bean_uci,131,131
final_development,l1_fixed,37,5445,5445,0,680,1.0,75.98981078097131,0,,dry_bean_uci,dry_bean_uci,131,131
final_development,l1_fixed,38,5443,5443,0,676,1.0,68.78260651603341,0,,dry_bean_uci,dry_bean_uci,131,131
final_development,l1_fixed,39,5445,5445,0,680,1.0,89.10071598098148,0,,dry_bean_uci,dry_bean_uci,131,131
tuning_train,shil,0,4081,3264,817,680,,3.627063889987767,0,,dry_bean_uci,dry_bean_uci,131,131
tuning_train,shil,1,4085,3268,817,680,,3.595901301014237,0,,dry_bean_uci,dry_bean_uci,131,131
tuning_train,shil,2,4081,3264,817,680,,3.5882653549779207,0,,dry_bean_uci,dry_bean_uci,131,131
tuning_train,shil,3,4085,3268,817,680,,3.583064150996506,0,,dry_bean_uci,dry_bean_uci,131,131
tuning_train,shil,4,4081,3264,817,680,,3.614292338956147,0,,dry_bean_uci,dry_bean_uci,131,131
tuning_train,shil,5,4085,3268,817,680,,3.626930687983986,0,,dry_bean_uci,dry_bean_uci,131,131
tuning_train,shil,6,4081,3264,817,680,,3.668164843984414,0,,dry_bean_uci,dry_bean_uci,131,131
tuning_train,shil,7,4085,3268,817,680,,3.028715213993564,0,,dry_bean_uci,dry_bean_uci,131,131
tuning_train,shil,8,4081,3264,817,680,,3.612178842013236,0,,dry_bean_uci,dry_bean_uci,131,131
tuning_train,shil,9,4085,3268,817,680,,3.5961900239926763,0,,dry_bean_uci,dry_bean_uci,131,131
tuning_train,shil,10,4081,3264,817,680,,2.8155330979498103,0,,dry_bean_uci,dry_bean_uci,131,131
tuning_train,shil,11,4085,3268,817,680,,3.682155004004017,0,,dry_bean_uci,dry_bean_uci,131,131
tuning_train,shil,12,4081,3264,817,680,,3.6797831439762376,0,,dry_bean_uci,dry_bean_uci,131,131
tuning_train,shil,13,4085,3268,817,680,,3.6508926949463785,0,,dry_bean_uci,dry_bean_uci,131,131
tuning_train,shil,14,4081,3264,817,680,,3.636324090010021,0,,dry_bean_uci,dry_bean_uci,131,131
tuning_train,shil,15,4085,3268,817,680,,3.715413809986785,0,,dry_bean_uci,dry_bean_uci,131,131
tuning_train,shil,16,4081,3264,817,680,,3.773078706988599,0,,dry_bean_uci,dry_bean_uci,131,131
tuning_train,shil,17,4085,3268,817,680,,3.734221812977921,0,,dry_bean_uci,dry_bean_uci,131,131
tuning_train,shil,18,4081,3264,817,680,,3.708438431029208,0,,dry_bean_uci,dry_bean_uci,131,131
tuning_train,shil,19,4085,3268,817,680,,3.7232605190365575,0,,dry_bean_uci,dry_bean_uci,131,131
tuning_train,shil,20,4081,3264,817,680,,3.731895313016139,0,,dry_bean_uci,dry_bean_uci,131,131
tuning_train,shil,21,4085,3268,817,680,,3.6937191439792514,0,,dry_bean_uci,dry_bean_uci,131,131
tuning_train,shil,22,4081,3264,817,680,,3.772032779001165,0,,dry_bean_uci,dry_bean_uci,131,131
tuning_train,shil,23,4085,3268,817,680,,3.729848095041234,0,,dry_bean_uci,dry_bean_uci,131,131
tuning_train,shil,24,4081,3264,817,680,,3.6873448489932334,0,,dry_bean_uci,dry_bean_uci,131,131
tuning_train,shil,25,4085,3268,817,680,,3.724477368989028,0,,dry_bean_uci,dry_bean_uci,131,131
tuning_train,shil,26,4081,3264,817,680,,3.78454188600881,0,,dry_bean_uci,dry_bean_uci,131,131
tuning_train,shil,27,4085,3268,817,680,,3.700648883008398,0,,dry_bean_uci,dry_bean_uci,131,131
tuning_train,shil,28,4081,3264,817,680,,3.653947120998055,0,,dry_bean_uci,dry_bean_uci,131,131
tuning_train,shil,29,4085,3268,817,680,,3.693345099978615,0,,dry_bean_uci,dry_bean_uci,131,131
tuning_train,shil,30,4081,3264,817,680,,3.687960014969576,0,,dry_bean_uci,dry_bean_uci,131,131
tuning_train,shil,31,4085,3268,817,680,,3.665859222994186,0,,dry_bean_uci,dry_bean_uci,131,131
tuning_train,shil,32,4081,3264,817,680,,3.6943607090506703,0,,dry_bean_uci,dry_bean_uci,131,131
tuning_train,shil,33,4085,3268,817,680,,3.7597958329715766,0,,dry_bean_uci,dry_bean_uci,131,131
tuning_train,shil,34,4081,3264,817,680,,3.716008295014035,0,,dry_bean_uci,dry_bean_uci,131,131
tuning_train,shil,35,4085,3268,817,680,,2.419736167998053,0,,dry_bean_uci,dry_bean_uci,131,131
tuning_train,shil,36,4081,3264,817,680,,3.6477386680198833,0,,dry_bean_uci,dry_bean_uci,131,131
tuning_train,shil,37,4085,3268,817,680,,3.7272335129673593,0,,dry_bean_uci,dry_bean_uci,131,131
tuning_train,shil,38,4081,3264,817,680,,3.719992970000021,0,,dry_bean_uci,dry_bean_uci,131,131
tuning_train,shil,39,4085,3268,817,680,,3.68090667296201,0,,dry_bean_uci,dry_bean_uci,131,131
final_development,shil,0,5443,4354,1089,680,,4.983423534955364,0,,dry_bean_uci,dry_bean_uci,131,131
final_development,shil,1,5445,4356,1089,680,,5.029122929961886,0,,dry_bean_uci,dry_bean_uci,131,131
final_development,shil,2,5443,4354,1089,680,,5.021215621032752,0,,dry_bean_uci,dry_bean_uci,131,131
final_development,shil,3,5445,4356,1089,680,,5.013378673000261,0,,dry_bean_uci,dry_bean_uci,131,131
final_development,shil,4,5443,4354,1089,680,,5.100113580992911,0,,dry_bean_uci,dry_bean_uci,131,131
final_development,shil,5,5445,4356,1089,680,,5.0820289850234985,0,,dry_bean_uci,dry_bean_uci,131,131
final_development,shil,6,5443,4354,1089,680,,5.091127064020839,0,,dry_bean_uci,dry_bean_uci,131,131
final_development,shil,7,5445,4356,1089,680,,5.033309204969555,0,,dry_bean_uci,dry_bean_uci,131,131
final_development,shil,8,5443,4354,1089,680,,5.0189554420067,0,,dry_bean_uci,dry_bean_uci,131,131
final_development,shil,9,5445,4356,1089,680,,5.016619782021735,0,,dry_bean_uci,dry_bean_uci,131,131
final_development,shil,10,5443,4354,1089,680,,5.050620113965124,0,,dry_bean_uci,dry_bean_uci,131,131
final_development,shil,11,5445,4356,1089,680,,5.009937924041878,0,,dry_bean_uci,dry_bean_uci,131,131
final_development,shil,12,5443,4354,1089,680,,5.037066598015372,0,,dry_bean_uci,dry_bean_uci,131,131
final_development,shil,13,5445,4356,1089,680,,5.023525880998932,0,,dry_bean_uci,dry_bean_uci,131,131
final_development,shil,14,5443,4354,1089,680,,5.065170918998774,0,,dry_bean_uci,dry_bean_uci,131,131
final_development,shil,15,5445,4356,1089,680,,5.0627675779978745,0,,dry_bean_uci,dry_bean_uci,131,131
final_development,shil,16,5443,4354,1089,680,,5.077869308996014,0,,dry_bean_uci,dry_bean_uci,131,131
final_development,shil,17,5445,4356,1089,680,,5.05939099000534,0,,dry_bean_uci,dry_bean_uci,131,131
final_development,shil,18,5443,4354,1089,680,,5.027958198974375,0,,dry_bean_uci,dry_bean_uci,131,131
final_development,shil,19,5445,4356,1089,680,,5.052599891030695,0,,dry_bean_uci,dry_bean_uci,131,131
final_development,shil,20,5443,4354,1089,680,,5.016180617036298,0,,dry_bean_uci,dry_bean_uci,131,131
final_development,shil,21,5445,4356,1089,680,,5.043136449996382,0,,dry_bean_uci,dry_bean_uci,131,131
final_development,shil,22,5443,4354,1089,680,,5.092312112974469,0,,dry_bean_uci,dry_bean_uci,131,131
final_development,shil,23,5445,4356,1089,680,,5.023518840025645,0,,dry_bean_uci,dry_bean_uci,131,131
final_development,shil,24,5443,4354,1089,680,,5.07687570003327,0,,dry_bean_uci,dry_bean_uci,131,131
final_development,shil,25,5445,4356,1089,680,,5.041956439963542,0,,dry_bean_uci,dry_bean_uci,131,131
final_development,shil,26,5443,4354,1089,680,,5.18771857599495,0,,dry_bean_uci,dry_bean_uci,131,131
final_development,shil,27,5445,4356,1089,680,,5.04540858900873,0,,dry_bean_uci,dry_bean_uci,131,131
final_development,shil,28,5443,4354,1089,680,,5.092221672995947,0,,dry_bean_uci,dry_bean_uci,131,131
final_development,shil,29,5445,4356,1089,680,,5.021851825993508,0,,dry_bean_uci,dry_bean_uci,131,131
final_development,shil,30,5443,4354,1089,680,,5.045581750979181,0,,dry_bean_uci,dry_bean_uci,131,131
final_development,shil,31,5445,4356,1089,680,,4.996853130985983,0,,dry_bean_uci,dry_bean_uci,131,131
final_development,shil,32,5443,4354,1089,680,,4.997607616998721,0,,dry_bean_uci,dry_bean_uci,131,131
final_development,shil,33,5445,4356,1089,680,,5.08245294902008,0,,dry_bean_uci,dry_bean_uci,131,131
final_development,shil,34,5443,4354,1089,680,,5.054332707019057,0,,dry_bean_uci,dry_bean_uci,131,131
final_development,shil,35,5445,4356,1089,680,,5.075086805038154,0,,dry_bean_uci,dry_bean_uci,131,131
final_development,shil,36,5443,4354,1089,680,,5.090688819997013,0,,dry_bean_uci,dry_bean_uci,131,131
final_development,shil,37,5445,4356,1089,680,,5.106154953013174,0,,dry_bean_uci,dry_bean_uci,131,131
final_development,shil,38,5443,4354,1089,680,,5.029225570033304,0,,dry_bean_uci,dry_bean_uci,131,131
final_development,shil,39,5445,4356,1089,680,,3.630419919034466,0,,dry_bean_uci,dry_bean_uci,131,131
tuning_train,l1_fixed,0,4081,4081,0,680,1.0,53.97100507497089,0,,dry_bean_uci,dry_bean_uci,157,157
tuning_train,l1_fixed,1,4085,4085,0,680,1.0,57.41867697803536,0,,dry_bean_uci,dry_bean_uci,157,157
tuning_train,l1_fixed,2,4081,4081,0,680,1.0,53.812452508020215,0,,dry_bean_uci,dry_bean_uci,157,157
tuning_train,l1_fixed,3,4085,4085,0,674,1.0,53.58569927501958,0,,dry_bean_uci,dry_bean_uci,157,157
tuning_train,l1_fixed,4,4081,4081,0,678,1.0,50.67588980501751,0,,dry_bean_uci,dry_bean_uci,157,157
tuning_train,l1_fixed,5,4085,4085,0,680,1.0,55.65262592298677,0,,dry_bean_uci,dry_bean_uci,157,157
tuning_train,l1_fixed,6,4081,4081,0,671,1.0,53.61438408202957,0,,dry_bean_uci,dry_bean_uci,157,157
tuning_train,l1_fixed,7,4085,4085,0,680,1.0,55.57825244200649,0,,dry_bean_uci,dry_bean_uci,157,157
tuning_train,l1_fixed,8,4081,4081,0,676,1.0,59.31160512700444,0,,dry_bean_uci,dry_bean_uci,157,157
tuning_train,l1_fixed,9,4085,4085,0,675,1.0,52.725685104960576,0,,dry_bean_uci,dry_bean_uci,157,157
tuning_train,l1_fixed,10,4081,4081,0,680,1.0,53.82481177500449,0,,dry_bean_uci,dry_bean_uci,157,157
tuning_train,l1_fixed,11,4085,4085,0,680,1.0,56.3721796820173,0,,dry_bean_uci,dry_bean_uci,157,157
tuning_train,l1_fixed,12,4081,4081,0,680,1.0,54.514323835028335,0,,dry_bean_uci,dry_bean_uci,157,157
tuning_train,l1_fixed,13,4085,4085,0,676,1.0,59.231380394950975,0,,dry_bean_uci,dry_bean_uci,157,157
tuning_train,l1_fixed,14,4081,4081,0,680,1.0,51.41425560601056,0,,dry_bean_uci,dry_bean_uci,157,157
tuning_train,l1_fixed,15,4085,4085,0,680,1.0,55.74825310701272,0,,dry_bean_uci,dry_bean_uci,157,157
tuning_train,l1_fixed,16,4081,4081,0,673,1.0,55.88913108099951,0,,dry_bean_uci,dry_bean_uci,157,157
tuning_train,l1_fixed,17,4085,4085,0,674,1.0,51.88031230197521,0,,dry_bean_uci,dry_bean_uci,157,157
tuning_train,l1_fixed,18,4081,4081,0,668,1.0,53.85658824897837,0,,dry_bean_uci,dry_bean_uci,157,157
tuning_train,l1_fixed,19,4085,4085,0,680,1.0,54.681860958982725,0,,dry_bean_uci,dry_bean_uci,157,157
tuning_train,l1_fixed,20,4081,4081,0,666,1.0,57.12207706301706,0,,dry_bean_uci,dry_bean_uci,157,157
tuning_train,l1_fixed,21,4085,4085,0,661,1.0,49.23164704203373,0,,dry_bean_uci,dry_bean_uci,157,157
tuning_train,l1_fixed,22,4081,4081,0,669,1.0,58.12031190301059,0,,dry_bean_uci,dry_bean_uci,157,157
tuning_train,l1_fixed,23,4085,4085,0,680,1.0,54.94530830800068,0,,dry_bean_uci,dry_bean_uci,157,157
tuning_train,l1_fixed,24,4081,4081,0,680,1.0,54.97021828300785,0,,dry_bean_uci,dry_bean_uci,157,157
tuning_train,l1_fixed,25,4085,4085,0,679,1.0,52.09874906402547,0,,dry_bean_uci,dry_bean_uci,157,157
tuning_train,l1_fixed,26,4081,4081,0,680,1.0,55.63077421498019,0,,dry_bean_uci,dry_bean_uci,157,157
tuning_train,l1_fixed,27,4085,4085,0,678,1.0,51.66818779497408,0,,dry_bean_uci,dry_bean_uci,157,157
tuning_train,l1_fixed,28,4081,4081,0,674,1.0,55.13267384300707,0,,dry_bean_uci,dry_bean_uci,157,157
tuning_train,l1_fixed,29,4085,4085,0,678,1.0,54.95406798401382,0,,dry_bean_uci,dry_bean_uci,157,157
tuning_train,l1_fixed,30,4081,4081,0,668,1.0,67.60939041699748,0,,dry_bean_uci,dry_bean_uci,157,157
tuning_train,l1_fixed,31,4085,4085,0,678,1.0,54.198183030996006,0,,dry_bean_uci,dry_bean_uci,157,157
tuning_train,l1_fixed,32,4081,4081,0,680,1.0,53.251823558995966,0,,dry_bean_uci,dry_bean_uci,157,157
tuning_train,l1_fixed,33,4085,4085,0,680,1.0,54.9176258299849,0,,dry_bean_uci,dry_bean_uci,157,157
tuning_train,l1_fixed,34,4081,4081,0,678,1.0,59.567900975001976,0,,dry_bean_uci,dry_bean_uci,157,157
tuning_train,l1_fixed,35,4085,4085,0,679,1.0,51.90826246194774,0,,dry_bean_uci,dry_bean_uci,157,157
tuning_train,l1_fixed,36,4081,4081,0,672,1.0,52.16621368500637,0,,dry_bean_uci,dry_bean_uci,157,157
tuning_train,l1_fixed,37,4085,4085,0,677,1.0,55.79096663498785,0,,dry_bean_uci,dry_bean_uci,157,157
tuning_train,l1_fixed,38,4081,4081,0,674,1.0,65.43806663004216,0,,dry_bean_uci,dry_bean_uci,157,157
tuning_train,l1_fixed,39,4085,4085,0,679,1.0,52.55903882998973,0,,dry_bean_uci,dry_bean_uci,157,157
final_development,l1_fixed,0,5443,5443,0,680,1.0,73.1571428150055,0,,dry_bean_uci,dry_bean_uci,157,157
final_development,l1_fixed,1,5445,5445,0,680,1.0,67.57439183595125,0,,dry_bean_uci,dry_bean_uci,157,157
final_development,l1_fixed,2,5443,5443,0,673,1.0,65.44413608300965,0,,dry_bean_uci,dry_bean_uci,157,157
final_development,l1_fixed,3,5445,5445,0,677,1.0,71.50272036099341,0,,dry_bean_uci,dry_bean_uci,157,157
final_development,l1_fixed,4,5443,5443,0,678,1.0,64.08986117399763,0,,dry_bean_uci,dry_bean_uci,157,157
final_development,l1_fixed,5,5445,5445,0,673,1.0,77.41946189798182,0,,dry_bean_uci,dry_bean_uci,157,157
final_development,l1_fixed,6,5443,5443,0,677,1.0,70.50534352799878,0,,dry_bean_uci,dry_bean_uci,157,157
final_development,l1_fixed,7,5445,5445,0,680,1.0,68.20327101397561,0,,dry_bean_uci,dry_bean_uci,157,157
final_development,l1_fixed,8,5443,5443,0,680,1.0,76.56566246197326,0,,dry_bean_uci,dry_bean_uci,157,157
final_development,l1_fixed,9,5445,5445,0,680,1.0,68.73098596103955,0,,dry_bean_uci,dry_bean_uci,157,157
final_development,l1_fixed,10,5443,5443,0,673,1.0,72.27176530699944,0,,dry_bean_uci,dry_bean_uci,157,157
final_development,l1_fixed,11,5445,5445,0,673,1.0,69.25075047899736,0,,dry_bean_uci,dry_bean_uci,157,157
final_development,l1_fixed,12,5443,5443,0,679,1.0,72.42763248999836,0,,dry_bean_uci,dry_bean_uci,157,157
final_development,l1_fixed,13,5445,5445,0,678,1.0,68.34520707797492,0,,dry_bean_uci,dry_bean_uci,157,157
final_development,l1_fixed,14,5443,5443,0,677,1.0,75.40404645400122,0,,dry_bean_uci,dry_bean_uci,157,157
final_development,l1_fixed,15,5445,5445,0,674,1.0,64.67776971904095,0,,dry_bean_uci,dry_bean_uci,157,157
final_development,l1_fixed,16,5443,5443,0,674,1.0,91.43551425496116,0,,dry_bean_uci,dry_bean_uci,157,157
final_development,l1_fixed,17,5445,5445,0,669,1.0,64.45711649901932,0,,dry_bean_uci,dry_bean_uci,157,157
final_development,l1_fixed,18,5443,5443,0,680,1.0,67.77185653802007,0,,dry_bean_uci,dry_bean_uci,157,157
final_development,l1_fixed,19,5445,5445,0,676,1.0,79.49217963597039,0,,dry_bean_uci,dry_bean_uci,157,157
final_development,l1_fixed,20,5443,5443,0,676,1.0,70.7669129819842,0,,dry_bean_uci,dry_bean_uci,157,157
final_development,l1_fixed,21,5445,5445,0,674,1.0,69.55951702001039,0,,dry_bean_uci,dry_bean_uci,157,157
final_development,l1_fixed,22,5443,5443,0,680,1.0,62.611821400001645,0,,dry_bean_uci,dry_bean_uci,157,157
final_development,l1_fixed,23,5445,5445,0,680,1.0,83.74374262598576,0,,dry_bean_uci,dry_bean_uci,157,157
final_development,l1_fixed,24,5443,5443,0,679,1.0,68.19813699700171,0,,dry_bean_uci,dry_bean_uci,157,157
final_development,l1_fixed,25,5445,5445,0,680,1.0,70.20575919403927,0,,dry_bean_uci,dry_bean_uci,157,157
final_development,l1_fixed,26,5443,5443,0,680,1.0,74.30498005496338,0,,dry_bean_uci,dry_bean_uci,157,157
final_development,l1_fixed,27,5445,5445,0,679,1.0,67.32147478999104,0,,dry_bean_uci,dry_bean_uci,157,157
final_development,l1_fixed,28,5443,5443,0,678,1.0,66.64556809799979,0,,dry_bean_uci,dry_bean_uci,157,157
final_development,l1_fixed,29,5445,5445,0,666,1.0,75.86035570601234,0,,dry_bean_uci,dry_bean_uci,157,157
final_development,l1_fixed,30,5443,5443,0,679,1.0,70.64568894403055,0,,dry_bean_uci,dry_bean_uci,157,157
final_development,l1_fixed,31,5445,5445,0,672,1.0,72.36928446398815,0,,dry_bean_uci,dry_bean_uci,157,157
final_development,l1_fixed,32,5443,5443,0,680,1.0,81.89640339894686,0,,dry_bean_uci,dry_bean_uci,157,157
final_development,l1_fixed,33,5445,5445,0,680,1.0,64.4081142389914,0,,dry_bean_uci,dry_bean_uci,157,157
final_development,l1_fixed,34,5443,5443,0,679,1.0,67.75668891100213,0,,dry_bean_uci,dry_bean_uci,157,157
final_development,l1_fixed,35,5445,5445,0,677,1.0,76.43374579498777,0,,dry_bean_uci,dry_bean_uci,157,157
final_development,l1_fixed,36,5443,5443,0,679,1.0,68.27061872801278,0,,dry_bean_uci,dry_bean_uci,157,157
final_development,l1_fixed,37,5445,5445,0,665,1.0,82.82793251198018,0,,dry_bean_uci,dry_bean_uci,157,157
final_development,l1_fixed,38,5443,5443,0,680,1.0,69.23121002403786,0,,dry_bean_uci,dry_bean_uci,157,157
final_development,l1_fixed,39,5445,5445,0,680,1.0,75.42540817300323,0,,dry_bean_uci,dry_bean_uci,157,157
tuning_train,shil,0,4081,3264,817,680,,3.87889777799137,0,,dry_bean_uci,dry_bean_uci,157,157
tuning_train,shil,1,4085,3268,817,680,,3.4096014539827597,0,,dry_bean_uci,dry_bean_uci,157,157
tuning_train,shil,2,4081,3264,817,680,,4.057757753995247,0,,dry_bean_uci,dry_bean_uci,157,157
tuning_train,shil,3,4085,3268,817,680,,3.892002551991027,0,,dry_bean_uci,dry_bean_uci,157,157
tuning_train,shil,4,4081,3264,817,680,,3.8867712130304426,0,,dry_bean_uci,dry_bean_uci,157,157
tuning_train,shil,5,4085,3268,817,680,,3.0391985939932056,0,,dry_bean_uci,dry_bean_uci,157,157
tuning_train,shil,6,4081,3264,817,680,,3.9185112129780464,0,,dry_bean_uci,dry_bean_uci,157,157
tuning_train,shil,7,4085,3268,817,680,,3.868982979969587,0,,dry_bean_uci,dry_bean_uci,157,157
tuning_train,shil,8,4081,3264,817,680,,3.797949146013707,0,,dry_bean_uci,dry_bean_uci,157,157
tuning_train,shil,9,4085,3268,817,680,,3.918288061977364,0,,dry_bean_uci,dry_bean_uci,157,157
tuning_train,shil,10,4081,3264,817,680,,3.9142374549992383,0,,dry_bean_uci,dry_bean_uci,157,157
tuning_train,shil,11,4085,3268,817,680,,3.6177070360281514,0,,dry_bean_uci,dry_bean_uci,157,157
tuning_train,shil,12,4081,3264,817,680,,3.935899158997927,0,,dry_bean_uci,dry_bean_uci,157,157
tuning_train,shil,13,4085,3268,817,680,,3.908259051968344,0,,dry_bean_uci,dry_bean_uci,157,157
tuning_train,shil,14,4081,3264,817,680,,3.89478351699654,0,,dry_bean_uci,dry_bean_uci,157,157
tuning_train,shil,15,4085,3268,817,680,,3.884463210997637,0,,dry_bean_uci,dry_bean_uci,157,157
tuning_train,shil,16,4081,3264,817,680,,3.880738487991039,0,,dry_bean_uci,dry_bean_uci,157,157
tuning_train,shil,17,4085,3268,817,680,,3.8838006680016406,0,,dry_bean_uci,dry_bean_uci,157,157
tuning_train,shil,18,4081,3264,817,680,,3.8672111839987338,0,,dry_bean_uci,dry_bean_uci,157,157
tuning_train,shil,19,4085,3268,817,680,,3.926576489000581,0,,dry_bean_uci,dry_bean_uci,157,157
tuning_train,shil,20,4081,3264,817,680,,3.876559333992191,0,,dry_bean_uci,dry_bean_uci,157,157
tuning_train,shil,21,4085,3268,817,680,,4.038072711031418,0,,dry_bean_uci,dry_bean_uci,157,157
tuning_train,shil,22,4081,3264,817,680,,3.848929819010664,0,,dry_bean_uci,dry_bean_uci,157,157
tuning_train,shil,23,4085,3268,817,680,,3.905656458984595,0,,dry_bean_uci,dry_bean_uci,157,157
tuning_train,shil,24,4081,3264,817,680,,3.882745317008812,0,,dry_bean_uci,dry_bean_uci,157,157
tuning_train,shil,25,4085,3268,817,680,,3.988169090996962,0,,dry_bean_uci,dry_bean_uci,157,157
tuning_train,shil,26,4081,3264,817,680,,3.955729580018669,0,,dry_bean_uci,dry_bean_uci,157,157
tuning_train,shil,27,4085,3268,817,680,,3.98579405102646,0,,dry_bean_uci,dry_bean_uci,157,157
tuning_train,shil,28,4081,3264,817,680,,3.939579372992739,0,,dry_bean_uci,dry_bean_uci,157,157
tuning_train,shil,29,4085,3268,817,680,,3.9831124889897183,0,,dry_bean_uci,dry_bean_uci,157,157
tuning_train,shil,30,4081,3264,817,680,,3.936824209988117,0,,dry_bean_uci,dry_bean_uci,157,157
tuning_train,shil,31,4085,3268,817,680,,3.995702109998092,0,,dry_bean_uci,dry_bean_uci,157,157
tuning_train,shil,32,4081,3264,817,680,,3.93724471796304,0,,dry_bean_uci,dry_bean_uci,157,157
tuning_train,shil,33,4085,3268,817,680,,3.969453608966433,0,,dry_bean_uci,dry_bean_uci,157,157
tuning_train,shil,34,4081,3264,817,680,,3.980816947005224,0,,dry_bean_uci,dry_bean_uci,157,157
tuning_train,shil,35,4085,3268,817,680,,3.9992560689570382,0,,dry_bean_uci,dry_bean_uci,157,157
tuning_train,shil,36,4081,3264,817,680,,3.926038542005699,0,,dry_bean_uci,dry_bean_uci,157,157
tuning_train,shil,37,4085,3268,817,680,,3.946510885027237,0,,dry_bean_uci,dry_bean_uci,157,157
tuning_train,shil,38,4081,3264,817,680,,4.0035876060137525,0,,dry_bean_uci,dry_bean_uci,157,157
tuning_train,shil,39,4085,3268,817,680,,3.9887490600231104,0,,dry_bean_uci,dry_bean_uci,157,157
final_development,shil,0,5443,4354,1089,680,,5.167961029976141,0,,dry_bean_uci,dry_bean_uci,157,157
final_development,shil,1,5445,4356,1089,680,,5.179670644982252,0,,dry_bean_uci,dry_bean_uci,157,157
final_development,shil,2,5443,4354,1089,680,,5.221587662003003,0,,dry_bean_uci,dry_bean_uci,157,157
final_development,shil,3,5445,4356,1089,680,,5.124736750032753,0,,dry_bean_uci,dry_bean_uci,157,157
final_development,shil,4,5443,4354,1089,680,,5.111792978015728,0,,dry_bean_uci,dry_bean_uci,157,157
final_development,shil,5,5445,4356,1089,680,,5.129355009004939,0,,dry_bean_uci,dry_bean_uci,157,157
final_development,shil,6,5443,4354,1089,680,,5.118324614013545,0,,dry_bean_uci,dry_bean_uci,157,157
final_development,shil,7,5445,4356,1089,680,,5.15783600800205,0,,dry_bean_uci,dry_bean_uci,157,157
final_development,shil,8,5443,4354,1089,680,,5.125109733024146,0,,dry_bean_uci,dry_bean_uci,157,157
final_development,shil,9,5445,4356,1089,680,,5.0679826329578646,0,,dry_bean_uci,dry_bean_uci,157,157
final_development,shil,10,5443,4354,1089,680,,5.02893785998458,0,,dry_bean_uci,dry_bean_uci,157,157
final_development,shil,11,5445,4356,1089,680,,5.088749961985741,0,,dry_bean_uci,dry_bean_uci,157,157
final_development,shil,12,5443,4354,1089,680,,5.095194530033041,0,,dry_bean_uci,dry_bean_uci,157,157
final_development,shil,13,5445,4356,1089,680,,5.092092651000712,0,,dry_bean_uci,dry_bean_uci,157,157
final_development,shil,14,5443,4354,1089,680,,5.0370736909681,0,,dry_bean_uci,dry_bean_uci,157,157
final_development,shil,15,5445,4356,1089,680,,5.044094466022216,0,,dry_bean_uci,dry_bean_uci,157,157
final_development,shil,16,5443,4354,1089,680,,4.983210892009083,0,,dry_bean_uci,dry_bean_uci,157,157
final_development,shil,17,5445,4356,1089,680,,4.988899654010311,0,,dry_bean_uci,dry_bean_uci,157,157
final_development,shil,18,5443,4354,1089,680,,4.973845585016534,0,,dry_bean_uci,dry_bean_uci,157,157
final_development,shil,19,5445,4356,1089,680,,5.0320079529774375,0,,dry_bean_uci,dry_bean_uci,157,157
final_development,shil,20,5443,4354,1089,680,,4.977495278988499,0,,dry_bean_uci,dry_bean_uci,157,157
final_development,shil,21,5445,4356,1089,680,,4.999222029990051,0,,dry_bean_uci,dry_bean_uci,157,157
final_development,shil,22,5443,4354,1089,680,,5.006142603000626,0,,dry_bean_uci,dry_bean_uci,157,157
final_development,shil,23,5445,4356,1089,680,,5.054836882976815,0,,dry_bean_uci,dry_bean_uci,157,157
final_development,shil,24,5443,4354,1089,680,,5.057468576997053,0,,dry_bean_uci,dry_bean_uci,157,157
final_development,shil,25,5445,4356,1089,680,,5.089373981987592,0,,dry_bean_uci,dry_bean_uci,157,157
final_development,shil,26,5443,4354,1089,680,,5.032108125044033,0,,dry_bean_uci,dry_bean_uci,157,157
final_development,shil,27,5445,4356,1089,680,,5.0385024940478615,0,,dry_bean_uci,dry_bean_uci,157,157
final_development,shil,28,5443,4354,1089,680,,5.037432154989801,0,,dry_bean_uci,dry_bean_uci,157,157
final_development,shil,29,5445,4356,1089,680,,5.181762355961837,0,,dry_bean_uci,dry_bean_uci,157,157
final_development,shil,30,5443,4354,1089,680,,5.054265491024125,0,,dry_bean_uci,dry_bean_uci,157,157
final_development,shil,31,5445,4356,1089,680,,5.070168107980862,0,,dry_bean_uci,dry_bean_uci,157,157
final_development,shil,32,5443,4354,1089,680,,5.02955908497097,0,,dry_bean_uci,dry_bean_uci,157,157
final_development,shil,33,5445,4356,1089,680,,4.981247710995376,0,,dry_bean_uci,dry_bean_uci,157,157
final_development,shil,34,5443,4354,1089,680,,4.436550408019684,0,,dry_bean_uci,dry_bean_uci,157,157
final_development,shil,35,5445,4356,1089,680,,5.015725211997051,0,,dry_bean_uci,dry_bean_uci,157,157
final_development,shil,36,5443,4354,1089,680,,5.047532655997202,0,,dry_bean_uci,dry_bean_uci,157,157
final_development,shil,37,5445,4356,1089,680,,5.152362132037524,0,,dry_bean_uci,dry_bean_uci,157,157
final_development,shil,38,5443,4354,1089,680,,4.826004119997378,0,,dry_bean_uci,dry_bean_uci,157,157
final_development,shil,39,5445,4356,1089,680,,4.825972152990289,0,,dry_bean_uci,dry_bean_uci,157,157
tuning_train,l1_fixed,0,4081,4081,0,680,1.0,53.387892582977656,0,,dry_bean_uci,dry_bean_uci,181,181
tuning_train,l1_fixed,1,4085,4085,0,680,1.0,52.29889166401699,0,,dry_bean_uci,dry_bean_uci,181,181
tuning_train,l1_fixed,2,4081,4081,0,671,1.0,53.01361285697203,0,,dry_bean_uci,dry_bean_uci,181,181
tuning_train,l1_fixed,3,4085,4085,0,680,1.0,50.782492038968485,0,,dry_bean_uci,dry_bean_uci,181,181
tuning_train,l1_fixed,4,4081,4081,0,680,1.0,53.88400948699564,0,,dry_bean_uci,dry_bean_uci,181,181
tuning_train,l1_fixed,5,4085,4085,0,680,1.0,51.27341837401036,0,,dry_bean_uci,dry_bean_uci,181,181
tuning_train,l1_fixed,6,4081,4081,0,678,1.0,52.91582503000973,0,,dry_bean_uci,dry_bean_uci,181,181
tuning_train,l1_fixed,7,4085,4085,0,676,1.0,51.45481047796784,0,,dry_bean_uci,dry_bean_uci,181,181
tuning_train,l1_fixed,8,4081,4081,0,674,1.0,51.32223105896264,0,,dry_bean_uci,dry_bean_uci,181,181
tuning_train,l1_fixed,9,4085,4085,0,673,1.0,51.90470128000016,0,,dry_bean_uci,dry_bean_uci,181,181
tuning_train,l1_fixed,10,4081,4081,0,680,1.0,54.626221734972205,0,,dry_bean_uci,dry_bean_uci,181,181
tuning_train,l1_fixed,11,4085,4085,0,675,1.0,52.81852435105248,0,,dry_bean_uci,dry_bean_uci,181,181
tuning_train,l1_fixed,12,4081,4081,0,680,1.0,54.92760574101703,0,,dry_bean_uci,dry_bean_uci,181,181
tuning_train,l1_fixed,13,4085,4085,0,678,1.0,51.36571109801298,0,,dry_bean_uci,dry_bean_uci,181,181
tuning_train,l1_fixed,14,4081,4081,0,678,1.0,51.92717003304279,0,,dry_bean_uci,dry_bean_uci,181,181
tuning_train,l1_fixed,15,4085,4085,0,679,1.0,49.924850334005896,0,,dry_bean_uci,dry_bean_uci,181,181
tuning_train,l1_fixed,16,4081,4081,0,680,1.0,53.21073500701459,0,,dry_bean_uci,dry_bean_uci,181,181
tuning_train,l1_fixed,17,4085,4085,0,671,1.0,51.76671426102985,0,,dry_bean_uci,dry_bean_uci,181,181
tuning_train,l1_fixed,18,4081,4081,0,680,1.0,50.95309132995317,0,,dry_bean_uci,dry_bean_uci,181,181
tuning_train,l1_fixed,19,4085,4085,0,678,1.0,52.73717132903403,0,,dry_bean_uci,dry_bean_uci,181,181
tuning_train,l1_fixed,20,4081,4081,0,680,1.0,53.45486342802178,0,,dry_bean_uci,dry_bean_uci,181,181
tuning_train,l1_fixed,21,4085,4085,0,668,1.0,51.01800674700644,0,,dry_bean_uci,dry_bean_uci,181,181
tuning_train,l1_fixed,22,4081,4081,0,680,1.0,54.35317402100191,0,,dry_bean_uci,dry_bean_uci,181,181
tuning_train,l1_fixed,23,4085,4085,0,680,1.0,54.83665634598583,0,,dry_bean_uci,dry_bean_uci,181,181
tuning_train,l1_fixed,24,4081,4081,0,674,1.0,57.49743326200405,0,,dry_bean_uci,dry_bean_uci,181,181
tuning_train,l1_fixed,25,4085,4085,0,679,1.0,53.12543630599976,0,,dry_bean_uci,dry_bean_uci,181,181
tuning_train,l1_fixed,26,4081,4081,0,680,1.0,49.74330112099415,0,,dry_bean_uci,dry_bean_uci,181,181
tuning_train,l1_fixed,27,4085,4085,0,679,1.0,55.49581567698624,0,,dry_bean_uci,dry_bean_uci,181,181
tuning_train,l1_fixed,28,4081,4081,0,679,1.0,52.54312954499619,0,,dry_bean_uci,dry_bean_uci,181,181
tuning_train,l1_fixed,29,4085,4085,0,680,1.0,54.43901872000424,0,,dry_bean_uci,dry_bean_uci,181,181
tuning_train,l1_fixed,30,4081,4081,0,676,1.0,49.899522560997866,0,,dry_bean_uci,dry_bean_uci,181,181
tuning_train,l1_fixed,31,4085,4085,0,678,1.0,53.69191207800759,0,,dry_bean_uci,dry_bean_uci,181,181
tuning_train,l1_fixed,32,4081,4081,0,680,1.0,55.54344297898933,0,,dry_bean_uci,dry_bean_uci,181,181
tuning_train,l1_fixed,33,4085,4085,0,677,1.0,55.17916954000248,0,,dry_bean_uci,dry_bean_uci,181,181
tuning_train,l1_fixed,34,4081,4081,0,673,1.0,49.68986064696219,0,,dry_bean_uci,dry_bean_uci,181,181
tuning_train,l1_fixed,35,4085,4085,0,678,1.0,52.37796798499767,0,,dry_bean_uci,dry_bean_uci,181,181
tuning_train,l1_fixed,36,4081,4081,0,676,1.0,53.85837586998241,0,,dry_bean_uci,dry_bean_uci,181,181
tuning_train,l1_fixed,37,4085,4085,0,679,1.0,55.76693620800506,0,,dry_bean_uci,dry_bean_uci,181,181
tuning_train,l1_fixed,38,4081,4081,0,680,1.0,52.39051569299773,0,,dry_bean_uci,dry_bean_uci,181,181
tuning_train,l1_fixed,39,4085,4085,0,669,1.0,51.02900105697336,0,,dry_bean_uci,dry_bean_uci,181,181
final_development,l1_fixed,0,5443,5443,0,674,1.0,65.91767792397877,0,,dry_bean_uci,dry_bean_uci,181,181
final_development,l1_fixed,1,5445,5445,0,680,1.0,65.15558196202619,0,,dry_bean_uci,dry_bean_uci,181,181
final_development,l1_fixed,2,5443,5443,0,680,1.0,67.40948184003355,0,,dry_bean_uci,dry_bean_uci,181,181
final_development,l1_fixed,3,5445,5445,0,680,1.0,67.58752836496569,0,,dry_bean_uci,dry_bean_uci,181,181
final_development,l1_fixed,4,5443,5443,0,680,1.0,68.99873627204215,0,,dry_bean_uci,dry_bean_uci,181,181
final_development,l1_fixed,5,5445,5445,0,678,1.0,66.38594132004073,0,,dry_bean_uci,dry_bean_uci,181,181
final_development,l1_fixed,6,5443,5443,0,680,1.0,65.15426054497948,0,,dry_bean_uci,dry_bean_uci,181,181
final_development,l1_fixed,7,5445,5445,0,680,1.0,74.92652554396773,0,,dry_bean_uci,dry_bean_uci,181,181
final_development,l1_fixed,8,5443,5443,0,677,1.0,62.70543362904573,0,,dry_bean_uci,dry_bean_uci,181,181
final_development,l1_fixed,9,5445,5445,0,676,1.0,74.87284372199792,0,,dry_bean_uci,dry_bean_uci,181,181
final_development,l1_fixed,10,5443,5443,0,679,1.0,63.2901199599728,0,,dry_bean_uci,dry_bean_uci,181,181
final_development,l1_fixed,11,5445,5445,0,668,1.0,72.03049656102667,0,,dry_bean_uci,dry_bean_uci,181,181
final_development,l1_fixed,12,5443,5443,0,667,1.0,72.39430907496717,0,,dry_bean_uci,dry_bean_uci,181,181
final_development,l1_fixed,13,5445,5445,0,680,1.0,67.82169444899773,0,,dry_bean_uci,dry_bean_uci,181,181
final_development,l1_fixed,14,5443,5443,0,680,1.0,63.856793561019,0,,dry_bean_uci,dry_bean_uci,181,181
final_development,l1_fixed,15,5445,5445,0,680,1.0,68.0883138590143,0,,dry_bean_uci,dry_bean_uci,181,181
final_development,l1_fixed,16,5443,5443,0,673,1.0,63.50407825695584,0,,dry_bean_uci,dry_bean_uci,181,181
final_development,l1_fixed,17,5445,5445,0,677,1.0,75.68494421098148,0,,dry_bean_uci,dry_bean_uci,181,181
final_development,l1_fixed,18,5443,5443,0,677,1.0,79.65276306198211,0,,dry_bean_uci,dry_bean_uci,181,181
final_development,l1_fixed,19,5445,5445,0,677,1.0,66.1628320759628,0,,dry_bean_uci,dry_bean_uci,181,181
final_development,l1_fixed,20,5443,5443,0,679,1.0,66.59664934600005,0,,dry_bean_uci,dry_bean_uci,181,181
final_development,l1_fixed,21,5445,5445,0,678,1.0,65.66280509502394,0,,dry_bean_uci,dry_bean_uci,181,181
final_development,l1_fixed,22,5443,5443,0,676,1.0,77.52163189800922,0,,dry_bean_uci,dry_bean_uci,181,181
final_development,l1_fixed,23,5445,5445,0,676,1.0,66.74723998596892,0,,dry_bean_uci,dry_bean_uci,181,181
final_development,l1_fixed,24,5443,5443,0,678,1.0,69.19578626396833,0,,dry_bean_uci,dry_bean_uci,181,181
final_development,l1_fixed,25,5445,5445,0,677,1.0,64.89888467796845,0,,dry_bean_uci,dry_bean_uci,181,181
final_development,l1_fixed,26,5443,5443,0,678,1.0,74.79718529502861,0,,dry_bean_uci,dry_bean_uci,181,181
final_development,l1_fixed,27,5445,5445,0,680,1.0,62.72577142203227,0,,dry_bean_uci,dry_bean_uci,181,181
final_development,l1_fixed,28,5443,5443,0,680,1.0,63.67120696103666,0,,dry_bean_uci,dry_bean_uci,181,181
final_development,l1_fixed,29,5445,5445,0,669,1.0,70.90918587101623,0,,dry_bean_uci,dry_bean_uci,181,181
final_development,l1_fixed,30,5443,5443,0,678,1.0,77.84301540302113,0,,dry_bean_uci,dry_bean_uci,181,181
final_development,l1_fixed,31,5445,5445,0,679,1.0,65.89148961601313,0,,dry_bean_uci,dry_bean_uci,181,181
final_development,l1_fixed,32,5443,5443,0,680,1.0,66.59846294601448,0,,dry_bean_uci,dry_bean_uci,181,181
final_development,l1_fixed,33,5445,5445,0,671,1.0,67.14720291900449,0,,dry_bean_uci,dry_bean_uci,181,181
final_development,l1_fixed,34,5443,5443,0,680,1.0,67.27052571199602,0,,dry_bean_uci,dry_bean_uci,181,181
final_development,l1_fixed,35,5445,5445,0,680,1.0,64.31514702003915,0,,dry_bean_uci,dry_bean_uci,181,181
final_development,l1_fixed,36,5443,5443,0,680,1.0,68.97276794200297,0,,dry_bean_uci,dry_bean_uci,181,181
final_development,l1_fixed,37,5445,5445,0,680,1.0,63.005131050013006,0,,dry_bean_uci,dry_bean_uci,181,181
final_development,l1_fixed,38,5443,5443,0,680,1.0,65.9026414519758,0,,dry_bean_uci,dry_bean_uci,181,181
final_development,l1_fixed,39,5445,5445,0,679,1.0,73.95838446798734,0,,dry_bean_uci,dry_bean_uci,181,181
tuning_train,shil,0,4081,3264,817,680,,3.659779134963173,0,,dry_bean_uci,dry_bean_uci,181,181
tuning_train,shil,1,4085,3268,817,680,,3.6311624289955935,0,,dry_bean_uci,dry_bean_uci,181,181
tuning_train,shil,2,4081,3264,817,680,,3.5770812099799514,0,,dry_bean_uci,dry_bean_uci,181,181
tuning_train,shil,3,4085,3268,817,680,,2.08447065402288,0,,dry_bean_uci,dry_bean_uci,181,181
tuning_train,shil,4,4081,3264,817,680,,1.0336918290122412,0,,dry_bean_uci,dry_bean_uci,181,181
tuning_train,shil,5,4085,3268,817,680,,3.2331872140057385,0,,dry_bean_uci,dry_bean_uci,181,181
tuning_train,shil,6,4081,3264,817,680,,3.5963745380286127,0,,dry_bean_uci,dry_bean_uci,181,181
tuning_train,shil,7,4085,3268,817,680,,3.691455245018005,0,,dry_bean_uci,dry_bean_uci,181,181
tuning_train,shil,8,4081,3264,817,680,,3.60273490898544,0,,dry_bean_uci,dry_bean_uci,181,181
tuning_train,shil,9,4085,3268,817,680,,3.5870440819999203,0,,dry_bean_uci,dry_bean_uci,181,181
tuning_train,shil,10,4081,3264,817,680,,3.618354805978015,0,,dry_bean_uci,dry_bean_uci,181,181
tuning_train,shil,11,4085,3268,817,680,,3.6263889159890814,0,,dry_bean_uci,dry_bean_uci,181,181
tuning_train,shil,12,4081,3264,817,680,,3.5709872459992766,0,,dry_bean_uci,dry_bean_uci,181,181
tuning_train,shil,13,4085,3268,817,680,,3.6087816689978354,0,,dry_bean_uci,dry_bean_uci,181,181
tuning_train,shil,14,4081,3264,817,680,,3.596970518003218,0,,dry_bean_uci,dry_bean_uci,181,181
tuning_train,shil,15,4085,3268,817,680,,3.63461097801337,0,,dry_bean_uci,dry_bean_uci,181,181
tuning_train,shil,16,4081,3264,817,680,,3.558939964044839,0,,dry_bean_uci,dry_bean_uci,181,181
tuning_train,shil,17,4085,3268,817,680,,3.620450002956204,0,,dry_bean_uci,dry_bean_uci,181,181
tuning_train,shil,18,4081,3264,817,680,,3.5601368080242537,0,,dry_bean_uci,dry_bean_uci,181,181
tuning_train,shil,19,4085,3268,817,680,,3.572756840963848,0,,dry_bean_uci,dry_bean_uci,181,181
tuning_train,shil,20,4081,3264,817,680,,3.546958041959442,0,,dry_bean_uci,dry_bean_uci,181,181
tuning_train,shil,21,4085,3268,817,680,,3.5870154459844343,0,,dry_bean_uci,dry_bean_uci,181,181
tuning_train,shil,22,4081,3264,817,680,,3.552569166989997,0,,dry_bean_uci,dry_bean_uci,181,181
tuning_train,shil,23,4085,3268,817,680,,3.5809429439832456,0,,dry_bean_uci,dry_bean_uci,181,181
tuning_train,shil,24,4081,3264,817,680,,3.586969076015521,0,,dry_bean_uci,dry_bean_uci,181,181
tuning_train,shil,25,4085,3268,817,680,,3.561294518993236,0,,dry_bean_uci,dry_bean_uci,181,181
tuning_train,shil,26,4081,3264,817,680,,3.5754068450187333,0,,dry_bean_uci,dry_bean_uci,181,181
tuning_train,shil,27,4085,3268,817,680,,3.59554210602073,0,,dry_bean_uci,dry_bean_uci,181,181
tuning_train,shil,28,4081,3264,817,680,,3.567662768997252,0,,dry_bean_uci,dry_bean_uci,181,181
tuning_train,shil,29,4085,3268,817,680,,3.582800864009186,0,,dry_bean_uci,dry_bean_uci,181,181
tuning_train,shil,30,4081,3264,817,680,,3.6102469119941816,0,,dry_bean_uci,dry_bean_uci,181,181
tuning_train,shil,31,4085,3268,817,680,,3.6593349180184314,0,,dry_bean_uci,dry_bean_uci,181,181
tuning_train,shil,32,4081,3264,817,680,,3.6250523619819432,0,,dry_bean_uci,dry_bean_uci,181,181
tuning_train,shil,33,4085,3268,817,680,,3.5926049019908533,0,,dry_bean_uci,dry_bean_uci,181,181
tuning_train,shil,34,4081,3264,817,680,,3.5826589689822868,0,,dry_bean_uci,dry_bean_uci,181,181
tuning_train,shil,35,4085,3268,817,680,,3.6464260279899454,0,,dry_bean_uci,dry_bean_uci,181,181
tuning_train,shil,36,4081,3264,817,680,,3.559671993018128,0,,dry_bean_uci,dry_bean_uci,181,181
tuning_train,shil,37,4085,3268,817,680,,3.578763046010863,0,,dry_bean_uci,dry_bean_uci,181,181
tuning_train,shil,38,4081,3264,817,680,,3.5551891869981773,0,,dry_bean_uci,dry_bean_uci,181,181
tuning_train,shil,39,4085,3268,817,680,,3.5690304309828207,0,,dry_bean_uci,dry_bean_uci,181,181
final_development,shil,0,5443,4354,1089,680,,4.967745758011006,0,,dry_bean_uci,dry_bean_uci,181,181
final_development,shil,1,5445,4356,1089,680,,5.0256075620418414,0,,dry_bean_uci,dry_bean_uci,181,181
final_development,shil,2,5443,4354,1089,680,,4.988284016959369,0,,dry_bean_uci,dry_bean_uci,181,181
final_development,shil,3,5445,4356,1089,680,,5.019673058006447,0,,dry_bean_uci,dry_bean_uci,181,181
final_development,shil,4,5443,4354,1089,680,,5.00765418302035,0,,dry_bean_uci,dry_bean_uci,181,181
final_development,shil,5,5445,4356,1089,680,,5.014248918974772,0,,dry_bean_uci,dry_bean_uci,181,181
final_development,shil,6,5443,4354,1089,680,,5.034648180007935,0,,dry_bean_uci,dry_bean_uci,181,181
final_development,shil,7,5445,4356,1089,680,,4.995810301043093,0,,dry_bean_uci,dry_bean_uci,181,181
final_development,shil,8,5443,4354,1089,680,,4.970028261013795,0,,dry_bean_uci,dry_bean_uci,181,181
final_development,shil,9,5445,4356,1089,680,,4.9667476270115,0,,dry_bean_uci,dry_bean_uci,181,181
final_development,shil,10,5443,4354,1089,680,,5.036099454970099,0,,dry_bean_uci,dry_bean_uci,181,181
final_development,shil,11,5445,4356,1089,680,,4.983707133040298,0,,dry_bean_uci,dry_bean_uci,181,181
final_development,shil,12,5443,4354,1089,680,,5.017005191999488,0,,dry_bean_uci,dry_bean_uci,181,181
final_development,shil,13,5445,4356,1089,680,,5.010690810042433,0,,dry_bean_uci,dry_bean_uci,181,181
final_development,shil,14,5443,4354,1089,680,,4.98860716400668,0,,dry_bean_uci,dry_bean_uci,181,181
final_development,shil,15,5445,4356,1089,680,,4.981591896037571,0,,dry_bean_uci,dry_bean_uci,181,181
final_development,shil,16,5443,4354,1089,680,,5.028987763973419,0,,dry_bean_uci,dry_bean_uci,181,181
final_development,shil,17,5445,4356,1089,680,,5.02907084004255,0,,dry_bean_uci,dry_bean_uci,181,181
final_development,shil,18,5443,4354,1089,680,,5.0262558910180815,0,,dry_bean_uci,dry_bean_uci,181,181
final_development,shil,19,5445,4356,1089,680,,4.970728299987968,0,,dry_bean_uci,dry_bean_uci,181,181
final_development,shil,20,5443,4354,1089,680,,5.03588141000364,0,,dry_bean_uci,dry_bean_uci,181,181
final_development,shil,21,5445,4356,1089,680,,4.995839720999356,0,,dry_bean_uci,dry_bean_uci,181,181
final_development,shil,22,5443,4354,1089,680,,5.009129638026934,0,,dry_bean_uci,dry_bean_uci,181,181
final_development,shil,23,5445,4356,1089,680,,5.030687509977724,0,,dry_bean_uci,dry_bean_uci,181,181
final_development,shil,24,5443,4354,1089,680,,5.037596129986923,0,,dry_bean_uci,dry_bean_uci,181,181
final_development,shil,25,5445,4356,1089,680,,4.98644410003908,0,,dry_bean_uci,dry_bean_uci,181,181
final_development,shil,26,5443,4354,1089,680,,5.019027433008887,0,,dry_bean_uci,dry_bean_uci,181,181
final_development,shil,27,5445,4356,1089,680,,4.966638912039343,0,,dry_bean_uci,dry_bean_uci,181,181
final_development,shil,28,5443,4354,1089,680,,4.969274052011315,0,,dry_bean_uci,dry_bean_uci,181,181
final_development,shil,29,5445,4356,1089,680,,5.051237353996839,0,,dry_bean_uci,dry_bean_uci,181,181
final_development,shil,30,5443,4354,1089,680,,5.007158988970332,0,,dry_bean_uci,dry_bean_uci,181,181
final_development,shil,31,5445,4356,1089,680,,4.974525447993074,0,,dry_bean_uci,dry_bean_uci,181,181
final_development,shil,32,5443,4354,1089,680,,4.956411360006314,0,,dry_bean_uci,dry_bean_uci,181,181
final_development,shil,33,5445,4356,1089,680,,4.973212590033654,0,,dry_bean_uci,dry_bean_uci,181,181
final_development,shil,34,5443,4354,1089,680,,4.964069422974717,0,,dry_bean_uci,dry_bean_uci,181,181
final_development,shil,35,5445,4356,1089,680,,4.994357694988139,0,,dry_bean_uci,dry_bean_uci,181,181
final_development,shil,36,5443,4354,1089,680,,5.018254827999044,0,,dry_bean_uci,dry_bean_uci,181,181
final_development,shil,37,5445,4356,1089,680,,4.999925857991912,0,,dry_bean_uci,dry_bean_uci,181,181
final_development,shil,38,5443,4354,1089,680,,4.997540592972655,0,,dry_bean_uci,dry_bean_uci,181,181
final_development,shil,39,5445,4356,1089,680,,5.053214457002468,0,,dry_bean_uci,dry_bean_uci,181,181
