unit_id,condition,seed,accuracy,budget_shortfall,candidate_average_precision,false_discovery_proportion,false_inclusions,group_f1,group_false_discovery_proportion,group_false_inclusions,group_precision,group_recall,group_tp,log_loss,macro_f1,method_id,policy_id,ranker_id,requested_k,roc_auc_ovr,score_family_id,selected_edge_count,status,support_f1,support_precision,support_recall,zero_padding_applied,chosen_k,one_se_ceiling,validation_log_loss,validation_log_loss_se,chosen_pi,chosen_q,final_support_size,tuning_support_size
E01_2003,E01,2003,0.5666666666666667,0,0.95,0.0,0,0.4,0.0,0,1.0,0.25,1,0.7010587417761979,0.5622895622895623,shil.fixed_k.k01,fixed_k,shil,1,0.638888888888889,shil.final_ranker_score,1,OK,0.4,1.0,0.25,False,,,,,,,,
E01_2003,E01,2003,0.5666666666666667,0,0.95,0.0,0,0.6666666666666666,0.0,0,1.0,0.5,2,0.7025484205250103,0.5622895622895623,shil.fixed_k.k02,fixed_k,shil,2,0.6822222222222223,shil.final_ranker_score,2,OK,0.6666666666666666,1.0,0.5,False,,,,,,,,
E01_2003,E01,2003,0.65,0,0.95,0.25,1,0.75,0.25,1,0.75,0.75,3,0.6821137182342433,0.6451703745423825,shil.fixed_k.k04,fixed_k,shil,4,0.7288888888888888,shil.final_ranker_score,4,OK,0.75,0.75,0.75,False,,,,,,,,
E01_2003,E01,2003,0.7333333333333333,0,0.95,0.5,4,0.6666666666666666,0.5,4,0.5,1.0,4,0.6109029825008001,0.7321428571428572,shil.fixed_k.k08,fixed_k,shil,8,0.7877777777777777,shil.final_ranker_score,8,OK,0.6666666666666666,0.5,1.0,False,,,,,,,,
E01_2003,E01,2003,0.6833333333333333,0,0.95,0.75,12,0.4,0.75,12,0.25,1.0,4,0.6985882826104474,0.6832453459294248,shil.fixed_k.k16,fixed_k,shil,16,0.7433333333333334,shil.final_ranker_score,16,OK,0.4,0.25,1.0,False,,,,,,,,
E01_2003,E01,2003,0.5666666666666667,0,0.95,0.0,0,0.4,0.0,0,1.0,0.25,1,0.7010587417761979,0.5622895622895623,shil.validation_one_se,validation_one_se,shil,,0.638888888888889,shil.final_ranker_score,1,OK,0.4,1.0,0.25,False,1,0.7297477098954077,0.7039508761987422,0.08277733131375409,,,,
E01_2003,E01,2003,0.5166666666666667,,0.8611111111111112,0.0,0,0.0,0.0,0,0.0,0.0,0,0.715176655202861,0.5055413469735721,shil.cpss_one_se,cpss_one_se,shil,,0.6,shil.final_development_selection_frequency,0,OK,0.0,0.0,0.0,False,,0.740847934235072,0.6930072408505938,0.058636065764759174,0.9,4,0,0
E01_2003,E01,2003,0.5166666666666667,0,1.0,0.0,0,0.4,0.0,0,1.0,0.25,1,0.7327720330239994,0.5055413469735721,l1.fixed_k.k01,fixed_k,l1,1,0.6422222222222221,l1.final_ranker_score,1,OK,0.4,1.0,0.25,False,,,,,,,,
E01_2003,E01,2003,0.5666666666666667,0,1.0,0.0,0,0.6666666666666666,0.0,0,1.0,0.5,2,0.7025484205250103,0.5622895622895623,l1.fixed_k.k02,fixed_k,l1,2,0.6822222222222223,l1.final_ranker_score,2,OK,0.6666666666666666,1.0,0.5,False,,,,,,,,
E01_2003,E01,2003,0.7,0,1.0,0.0,0,1.0,0.0,0,1.0,1.0,4,0.6144837337950386,0.6986607142857143,l1.fixed_k.k04,fixed_k,l1,4,0.7822222222222223,l1.final_ranker_score,4,OK,1.0,1.0,1.0,False,,,,,,,,
E01_2003,E01,2003,0.7166666666666667,0,1.0,0.5,4,0.6666666666666666,0.5,4,0.5,1.0,4,0.6630284544307109,0.7165879410947485,l1.fixed_k.k08,fixed_k,l1,8,0.7433333333333334,l1.final_ranker_score,8,OK,0.6666666666666666,0.5,1.0,False,,,,,,,,
E01_2003,E01,2003,0.6833333333333333,0,1.0,0.75,12,0.4,0.75,12,0.25,1.0,4,0.8568246036709304,0.6832453459294248,l1.fixed_k.k16,fixed_k,l1,16,0.7100000000000001,l1.final_ranker_score,16,OK,0.4,0.25,1.0,False,,,,,,,,
E01_2003,E01,2003,0.5666666666666667,0,1.0,0.0,0,0.6666666666666666,0.0,0,1.0,0.5,2,0.7025484205250103,0.5622895622895623,l1.validation_one_se,validation_one_se,l1,,0.6822222222222223,l1.final_ranker_score,2,OK,0.6666666666666666,1.0,0.5,False,2,0.6650716135821477,0.6541998988621365,0.08664803537293556,,,,
E01_2003,E01,2003,0.5166666666666667,,1.0,0.0,0,0.0,0.0,0,0.0,0.0,0,0.715176655202861,0.5055413469735721,l1.cpss_one_se,cpss_one_se,l1,,0.6,l1.final_development_selection_frequency,0,OK,0.0,0.0,0.0,False,,0.7516433066153531,0.6930072408505938,0.058636065764759174,0.9,4,0,0
E01_2003,E01,2003,0.5166666666666667,0,0.3630952380952381,0.0,0,0.4,0.0,0,1.0,0.25,1,0.7327720330239994,0.5055413469735721,tree.fixed_k.k01,fixed_k,tree,1,0.6422222222222221,tree.final_ranker_score,1,OK,0.4,1.0,0.25,False,,,,,,,,
E01_2003,E01,2003,0.55,0,0.3630952380952381,0.5,1,0.3333333333333333,0.5,1,0.5,0.25,1,0.7299314348880176,0.5396419437340154,tree.fixed_k.k02,fixed_k,tree,2,0.658888888888889,tree.final_ranker_score,2,OK,0.3333333333333333,0.5,0.25,False,,,,,,,,
E01_2003,E01,2003,0.5333333333333333,0,0.3630952380952381,0.75,3,0.25,0.75,3,0.25,0.25,1,0.763812541146537,0.5248868778280543,tree.fixed_k.k04,fixed_k,tree,4,0.6355555555555555,tree.final_ranker_score,4,OK,0.25,0.25,0.25,False,,,,,,,,
E01_2003,E01,2003,0.5666666666666667,0,0.3630952380952381,0.75,6,0.3333333333333333,0.75,6,0.25,0.5,2,0.7099162332985657,0.5588235294117647,tree.fixed_k.k08,fixed_k,tree,8,0.6977777777777778,tree.final_ranker_score,8,OK,0.3333333333333333,0.25,0.5,False,,,,,,,,
E01_2003,E01,2003,0.6166666666666667,0,0.3630952380952381,0.875,14,0.2,0.875,14,0.125,0.5,2,0.9056137570412192,0.613986013986014,tree.fixed_k.k16,fixed_k,tree,16,0.6322222222222222,tree.final_ranker_score,16,OK,0.2,0.125,0.5,False,,,,,,,,
E01_2003,E01,2003,0.5166666666666667,0,0.3630952380952381,0.0,0,0.4,0.0,0,1.0,0.25,1,0.7327720330239994,0.5055413469735721,tree.validation_one_se,validation_one_se,tree,,0.6422222222222221,tree.final_ranker_score,1,OK,0.4,1.0,0.25,False,1,0.7635721632040862,0.6980461978430494,0.06552596536103666,,,,
E01_2003,E01,2003,0.5166666666666667,,0.7507518796992482,0.0,0,0.0,0.0,0,0.0,0.0,0,0.715176655202861,0.5055413469735721,tree.cpss_one_se,cpss_one_se,tree,,0.6,tree.final_development_selection_frequency,0,OK,0.0,0.0,0.0,False,,0.7516433066153531,0.6930072408505938,0.058636065764759174,0.9,4,0,0
E01_2003,E01,2003,0.5666666666666667,0,0.95,0.0,0,0.4,0.0,0,1.0,0.25,1,0.7010587417761979,0.5622895622895623,screen.fixed_k.k01,fixed_k,screen,1,0.638888888888889,screen.final_ranker_score,1,OK,0.4,1.0,0.25,False,,,,,,,,
E01_2003,E01,2003,0.5666666666666667,0,0.95,0.0,0,0.6666666666666666,0.0,0,1.0,0.5,2,0.7025484205250103,0.5622895622895623,screen.fixed_k.k02,fixed_k,screen,2,0.6822222222222223,screen.final_ranker_score,2,OK,0.6666666666666666,1.0,0.5,False,,,,,,,,
E01_2003,E01,2003,0.65,0,0.95,0.25,1,0.75,0.25,1,0.75,0.75,3,0.6821137182342433,0.6451703745423825,screen.fixed_k.k04,fixed_k,screen,4,0.7288888888888888,screen.final_ranker_score,4,OK,0.75,0.75,0.75,False,,,,,,,,
E01_2003,E01,2003,0.7333333333333333,0,0.95,0.5,4,0.6666666666666666,0.5,4,0.5,1.0,4,0.6109029825008001,0.7321428571428572,screen.fixed_k.k08,fixed_k,screen,8,0.7877777777777777,screen.final_ranker_score,8,OK,0.6666666666666666,0.5,1.0,False,,,,,,,,
E01_2003,E01,2003,0.6833333333333333,0,0.95,0.75,12,0.4,0.75,12,0.25,1.0,4,0.6985882826104474,0.6832453459294248,screen.fixed_k.k16,fixed_k,screen,16,0.7433333333333334,screen.final_ranker_score,16,OK,0.4,0.25,1.0,False,,,,,,,,
E01_2003,E01,2003,0.5666666666666667,0,0.95,0.0,0,0.4,0.0,0,1.0,0.25,1,0.7010587417761979,0.5622895622895623,screen.validation_one_se,validation_one_se,screen,,0.638888888888889,screen.final_ranker_score,1,OK,0.4,1.0,0.25,False,1,0.7297477098954077,0.7039508761987422,0.08277733131375409,,,,
E01_2003,E01,2003,0.5166666666666667,,0.8611111111111112,0.0,0,0.0,0.0,0,0.0,0.0,0,0.715176655202861,0.5055413469735721,screen.cpss_one_se,cpss_one_se,screen,,0.6,screen.final_development_selection_frequency,0,OK,0.0,0.0,0.0,False,,0.740847934235072,0.6930072408505938,0.058636065764759174,0.9,4,0,0
E01_2011,E01,2011,0.6166666666666667,0,0.875,0.0,0,0.4,0.0,0,1.0,0.25,1,0.6594457731575066,0.6157059314954052,shil.fixed_k.k01,fixed_k,shil,1,0.6777777777777777,shil.final_ranker_score,1,OK,0.4,1.0,0.25,False,,,,,,,,
E01_2011,E01,2011,0.6666666666666666,0,0.875,0.0,0,0.6666666666666666,0.0,0,1.0,0.5,2,0.5457380773646744,0.6666666666666666,shil.fixed_k.k02,fixed_k,shil,2,0.7855555555555556,shil.final_ranker_score,2,OK,0.6666666666666666,1.0,0.5,False,,,,,,,,
E01_2011,E01,2011,0.7,0,0.875,0.25,1,0.75,0.25,1,0.75,0.75,3,0.49691920749770524,0.699666295884316,shil.fixed_k.k04,fixed_k,shil,4,0.84,shil.final_ranker_score,4,OK,0.75,0.75,0.75,False,,,,,,,,
E01_2011,E01,2011,0.75,0,0.875,0.5,4,0.6666666666666666,0.5,4,0.5,1.0,4,0.4915587791950507,0.7499305362600722,shil.fixed_k.k08,fixed_k,shil,8,0.85,shil.final_ranker_score,8,OK,0.6666666666666666,0.5,1.0,False,,,,,,,,
E01_2011,E01,2011,0.7166666666666667,0,0.875,0.75,12,0.4,0.75,12,0.25,1.0,4,0.563477984006621,0.7146853146853147,shil.fixed_k.k16,fixed_k,shil,16,0.7944444444444444,shil.final_ranker_score,16,OK,0.4,0.25,1.0,False,,,,,,,,
E01_2011,E01,2011,0.7,0,0.875,0.25,1,0.75,0.25,1,0.75,0.75,3,0.49691920749770524,0.699666295884316,shil.validation_one_se,validation_one_se,shil,,0.84,shil.final_ranker_score,4,OK,0.75,0.75,0.75,False,4,0.6822296526371562,0.6572161284436896,0.09495707715908755,,,,
E01_2011,E01,2011,0.7,,0.9166666666666666,0.0,0,0.8571428571428571,0.0,0,1.0,0.75,3,0.5130697794659201,0.6986607142857143,shil.cpss_one_se,cpss_one_se,shil,,0.8255555555555555,shil.final_development_selection_frequency,3,OK,0.8571428571428571,1.0,0.75,False,,0.6766829890477339,0.6076584785939385,0.0690245104537954,0.6,16,3,2
E01_2011,E01,2011,0.5666666666666667,0,1.0,0.0,0,0.4,0.0,0,1.0,0.25,1,0.7140970494242082,0.5588235294117647,l1.fixed_k.k01,fixed_k,l1,1,0.6088888888888889,l1.final_ranker_score,1,OK,0.4,1.0,0.25,False,,,,,,,,
E01_2011,E01,2011,0.6666666666666666,0,1.0,0.0,0,0.6666666666666666,0.0,0,1.0,0.5,2,0.6284961752347148,0.6651785714285714,l1.fixed_k.k02,fixed_k,l1,2,0.7411111111111112,l1.final_ranker_score,2,OK,0.6666666666666666,1.0,0.5,False,,,,,,,,
E01_2011,E01,2011,0.75,0,1.0,0.0,0,1.0,0.0,0,1.0,1.0,4,0.4587779673367736,0.7499305362600722,l1.fixed_k.k04,fixed_k,l1,4,0.87,l1.final_ranker_score,4,OK,1.0,1.0,1.0,False,,,,,,,,
E01_2011,E01,2011,0.7333333333333333,3,1.0,0.2,1,0.888888888888889,0.2,1,0.8,1.0,4,0.46567882022230833,0.7330367074527253,l1.fixed_k.k08,fixed_k,l1,8,0.8633333333333333,l1.final_ranker_score,5,OK,0.888888888888889,0.8,1.0,False,,,,,,,,
E01_2011,E01,2011,0.7333333333333333,11,1.0,0.2,1,0.888888888888889,0.2,1,0.8,1.0,4,0.46567882022230833,0.7330367074527253,l1.fixed_k.k16,fixed_k,l1,16,0.8633333333333333,l1.final_ranker_score,5,OK,0.888888888888889,0.8,1.0,False,,,,,,,,
E01_2011,E01,2011,0.6666666666666666,0,1.0,0.0,0,0.6666666666666666,0.0,0,1.0,0.5,2,0.6284961752347148,0.6651785714285714,l1.validation_one_se,validation_one_se,l1,,0.7411111111111112,l1.final_ranker_score,2,OK,0.6666666666666666,1.0,0.5,False,2,0.6766829890477339,0.6076584785939385,0.0690245104537954,,,,
E01_2011,E01,2011,0.5,,1.0,0.0,0,0.0,0.0,0,0.0,0.0,0,0.7612988538239008,0.4949494949494949,l1.cpss_one_se,cpss_one_se,l1,,0.518888888888889,l1.final_development_selection_frequency,0,OK,0.0,0.0,0.0,False,,0.7827675959073604,0.7298004774481889,0.052967118459171555,0.9,4,0,0
E01_2011,E01,2011,0.6166666666666667,0,0.615909090909091,0.0,0,0.4,0.0,0,1.0,0.25,1,0.6604004335049743,0.6157059314954052,tree.fixed_k.k01,fixed_k,tree,1,0.6833333333333333,tree.final_ranker_score,1,OK,0.4,1.0,0.25,False,,,,,,,,
E01_2011,E01,2011,0.65,0,0.615909090909091,0.5,1,0.3333333333333333,0.5,1,0.5,0.25,1,0.6595307372552549,0.6499027507641011,tree.fixed_k.k02,fixed_k,tree,2,0.6888888888888889,tree.final_ranker_score,2,OK,0.3333333333333333,0.5,0.25,False,,,,,,,,
E01_2011,E01,2011,0.6333333333333333,0,0.615909090909091,0.5,2,0.5,0.5,2,0.5,0.5,2,0.6007537973263973,0.6316964285714286,tree.fixed_k.k04,fixed_k,tree,4,0.7588888888888888,tree.final_ranker_score,4,OK,0.5,0.5,0.5,False,,,,,,,,
E01_2011,E01,2011,0.75,0,0.615909090909091,0.625,5,0.5,0.625,5,0.375,0.75,3,0.4722223330383718,0.7499305362600722,tree.fixed_k.k08,fixed_k,tree,8,0.8422222222222222,tree.final_ranker_score,8,OK,0.5,0.375,0.75,False,,,,,,,,
E01_2011,E01,2011,0.7166666666666667,0,0.615909090909091,0.75,12,0.4,0.75,12,0.25,1.0,4,0.6466271734168888,0.7159565580618212,tree.fixed_k.k16,fixed_k,tree,16,0.798888888888889,tree.final_ranker_score,16,OK,0.4,0.25,1.0,False,,,,,,,,
E01_2011,E01,2011,0.6166666666666667,0,0.615909090909091,0.0,0,0.4,0.0,0,1.0,0.25,1,0.6604004335049743,0.6157059314954052,tree.validation_one_se,validation_one_se,tree,,0.6833333333333333,tree.final_ranker_score,1,OK,0.4,1.0,0.25,False,1,0.7765536566502436,0.7243790247162222,0.05217463193402142,,,,
E01_2011,E01,2011,0.5,,0.9166666666666666,0.0,0,0.0,0.0,0,0.0,0.0,0,0.7612988538239008,0.4949494949494949,tree.cpss_one_se,cpss_one_se,tree,,0.518888888888889,tree.final_development_selection_frequency,0,OK,0.0,0.0,0.0,False,,0.7827675959073604,0.7298004774481889,0.052967118459171555,0.9,4,0,0
E01_2011,E01,2011,0.6166666666666667,0,0.875,0.0,0,0.4,0.0,0,1.0,0.25,1,0.6594457731575066,0.6157059314954052,screen.fixed_k.k01,fixed_k,screen,1,0.6777777777777777,screen.final_ranker_score,1,OK,0.4,1.0,0.25,False,,,,,,,,
E01_2011,E01,2011,0.6666666666666666,0,0.875,0.0,0,0.6666666666666666,0.0,0,1.0,0.5,2,0.5457380773646744,0.6666666666666666,screen.fixed_k.k02,fixed_k,screen,2,0.7855555555555556,screen.final_ranker_score,2,OK,0.6666666666666666,1.0,0.5,False,,,,,,,,
E01_2011,E01,2011,0.7,0,0.875,0.25,1,0.75,0.25,1,0.75,0.75,3,0.49691920749770524,0.699666295884316,screen.fixed_k.k04,fixed_k,screen,4,0.84,screen.final_ranker_score,4,OK,0.75,0.75,0.75,False,,,,,,,,
E01_2011,E01,2011,0.75,0,0.875,0.5,4,0.6666666666666666,0.5,4,0.5,1.0,4,0.4915587791950507,0.7499305362600722,screen.fixed_k.k08,fixed_k,screen,8,0.85,screen.final_ranker_score,8,OK,0.6666666666666666,0.5,1.0,False,,,,,,,,
E01_2011,E01,2011,0.7166666666666667,0,0.875,0.75,12,0.4,0.75,12,0.25,1.0,4,0.5634779840066212,0.7146853146853147,screen.fixed_k.k16,fixed_k,screen,16,0.7944444444444444,screen.final_ranker_score,16,OK,0.4,0.25,1.0,False,,,,,,,,
E01_2011,E01,2011,0.7,0,0.875,0.25,1,0.75,0.25,1,0.75,0.75,3,0.49691920749770524,0.699666295884316,screen.validation_one_se,validation_one_se,screen,,0.84,screen.final_ranker_score,4,OK,0.75,0.75,0.75,False,4,0.6822296526371562,0.6572161284436896,0.09495707715908755,,,,
E01_2011,E01,2011,0.5,,0.8928571428571428,0.0,0,0.0,0.0,0,0.0,0.0,0,0.7612988538239008,0.4949494949494949,screen.cpss_one_se,cpss_one_se,screen,,0.518888888888889,screen.final_development_selection_frequency,0,OK,0.0,0.0,0.0,False,,0.7661168750309134,0.7298004774481889,0.052967118459171555,0.9,4,0,0
E01_2017,E01,2017,0.5833333333333334,0,0.95,0.0,0,0.4,0.0,0,1.0,0.25,1,0.6414338837880386,0.5737425404944586,shil.fixed_k.k01,fixed_k,shil,1,0.6777777777777778,shil.final_ranker_score,1,OK,0.4,1.0,0.25,False,,,,,,,,
E01_2017,E01,2017,0.6833333333333333,0,0.95,0.0,0,0.6666666666666666,0.0,0,1.0,0.5,2,0.5673154978033641,0.6760443307757886,shil.fixed_k.k02,fixed_k,shil,2,0.7633333333333333,shil.final_ranker_score,2,OK,0.6666666666666666,1.0,0.5,False,,,,,,,,
E01_2017,E01,2017,0.75,0,0.95,0.25,1,0.75,0.25,1,0.75,0.75,3,0.5216853409616043,0.7413049726933026,shil.fixed_k.k04,fixed_k,shil,4,0.8322222222222222,shil.final_ranker_score,4,OK,0.75,0.75,0.75,False,,,,,,,,
E01_2017,E01,2017,0.6833333333333333,0,0.95,0.5,4,0.6666666666666666,0.5,4,0.5,1.0,4,0.7489536700058059,0.6723196320781835,shil.fixed_k.k08,fixed_k,shil,8,0.7722222222222221,shil.final_ranker_score,8,OK,0.6666666666666666,0.5,1.0,False,,,,,,,,
E01_2017,E01,2017,0.7,0,0.95,0.75,12,0.4,0.75,12,0.25,1.0,4,0.6964551682152177,0.6945701357466063,shil.fixed_k.k16,fixed_k,shil,16,0.8066666666666668,shil.final_ranker_score,16,OK,0.4,0.25,1.0,False,,,,,,,,
E01_2017,E01,2017,0.5833333333333334,0,0.95,0.0,0,0.4,0.0,0,1.0,0.25,1,0.6414338837880386,0.5737425404944586,shil.validation_one_se,validation_one_se,shil,,0.6777777777777778,shil.final_ranker_score,1,OK,0.4,1.0,0.25,False,1,0.7199649403707633,0.6618127806729361,0.05815215969782716,,,,
E01_2017,E01,2017,0.6666666666666666,,1.0,0.0,0,0.6666666666666666,0.0,0,1.0,0.5,2,0.596227945963301,0.6571428571428571,shil.cpss_one_se,cpss_one_se,shil,,0.7511111111111111,shil.final_development_selection_frequency,2,OK,0.6666666666666666,1.0,0.5,False,,0.7199649403707633,0.6618127806729361,0.05815215969782716,0.7,16,2,1
E01_2017,E01,2017,0.5833333333333334,0,1.0,0.0,0,0.4,0.0,0,1.0,0.25,1,0.6414338837880386,0.5737425404944586,l1.fixed_k.k01,fixed_k,l1,1,0.6777777777777778,l1.final_ranker_score,1,OK,0.4,1.0,0.25,False,,,,,,,,
E01_2017,E01,2017,0.6666666666666666,0,1.0,0.0,0,0.6666666666666666,0.0,0,1.0,0.5,2,0.596227945963301,0.6571428571428571,l1.fixed_k.k02,fixed_k,l1,2,0.7511111111111111,l1.final_ranker_score,2,OK,0.6666666666666666,1.0,0.5,False,,,,,,,,
E01_2017,E01,2017,0.7166666666666667,0,1.0,0.0,0,1.0,0.0,0,1.0,1.0,4,0.49377201150466493,0.706812302385743,l1.fixed_k.k04,fixed_k,l1,4,0.8777777777777778,l1.final_ranker_score,4,OK,1.0,1.0,1.0,False,,,,,,,,
E01_2017,E01,2017,0.75,0,1.0,0.5,4,0.6666666666666666,0.5,4,0.5,1.0,4,0.686776279736725,0.7442455242966752,l1.fixed_k.k08,fixed_k,l1,8,0.8055555555555556,l1.final_ranker_score,8,OK,0.6666666666666666,0.5,1.0,False,,,,,,,,
E01_2017,E01,2017,0.75,0,1.0,0.75,12,0.4,0.75,12,0.25,1.0,4,0.6828329241662272,0.7493734335839599,l1.fixed_k.k16,fixed_k,l1,16,0.8266666666666667,l1.final_ranker_score,16,OK,0.4,0.25,1.0,False,,,,,,,,
E01_2017,E01,2017,0.5833333333333334,0,1.0,0.0,0,0.4,0.0,0,1.0,0.25,1,0.6414338837880386,0.5737425404944586,l1.validation_one_se,validation_one_se,l1,,0.6777777777777778,l1.final_ranker_score,1,OK,0.4,1.0,0.25,False,1,0.6965466698543714,0.6618127806729361,0.05815215969782716,,,,
E01_2017,E01,2017,0.6166666666666667,,0.9166666666666666,0.0,0,0.0,0.0,0,0.0,0.0,0,0.6865447441900306,0.6113770768797522,l1.cpss_one_se,cpss_one_se,l1,,0.6,l1.final_development_selection_frequency,0,OK,0.0,0.0,0.0,False,,0.829957633850822,0.7861345967652268,0.04382303708559519,0.9,4,0,0
E01_2017,E01,2017,0.5666666666666667,0,0.65,0.0,0,0.4,0.0,0,1.0,0.25,1,0.6489610565284151,0.5588235294117647,tree.fixed_k.k01,fixed_k,tree,1,0.6577777777777778,tree.final_ranker_score,1,OK,0.4,1.0,0.25,False,,,,,,,,
E01_2017,E01,2017,0.6,0,0.65,0.5,1,0.3333333333333333,0.5,1,0.5,0.25,1,0.6901122940537779,0.5927601809954751,tree.fixed_k.k02,fixed_k,tree,2,0.6122222222222223,tree.final_ranker_score,2,OK,0.3333333333333333,0.5,0.25,False,,,,,,,,
E01_2017,E01,2017,0.6666666666666666,0,0.65,0.5,2,0.5,0.5,2,0.5,0.5,2,0.673918310577402,0.6474735605170387,tree.fixed_k.k04,fixed_k,tree,4,0.7055555555555556,tree.final_ranker_score,4,OK,0.5,0.5,0.5,False,,,,,,,,
E01_2017,E01,2017,0.7,0,0.65,0.625,5,0.5,0.625,5,0.375,0.75,3,0.6585265134585767,0.6914285714285715,tree.fixed_k.k08,fixed_k,tree,8,0.7288888888888889,tree.final_ranker_score,8,OK,0.5,0.375,0.75,False,,,,,,,,
E01_2017,E01,2017,0.7666666666666667,0,0.65,0.75,12,0.4,0.75,12,0.25,1.0,4,0.5269319073448552,0.7643097643097643,tree.fixed_k.k16,fixed_k,tree,16,0.8555555555555555,tree.final_ranker_score,16,OK,0.4,0.25,1.0,False,,,,,,,,
E01_2017,E01,2017,0.5666666666666667,0,0.65,0.0,0,0.4,0.0,0,1.0,0.25,1,0.6489610565284151,0.5588235294117647,tree.validation_one_se,validation_one_se,tree,,0.6577777777777778,tree.final_ranker_score,1,OK,0.4,1.0,0.25,False,1,0.6832233771401415,0.6618127806729361,0.05815215969782716,,,,
E01_2017,E01,2017,0.6166666666666667,,0.7595238095238095,0.0,0,0.0,0.0,0,0.0,0.0,0,0.6865447441900306,0.6113770768797522,tree.cpss_one_se,cpss_one_se,tree,,0.6,tree.final_development_selection_frequency,0,OK,0.0,0.0,0.0,False,,0.829957633850822,0.7861345967652268,0.04382303708559519,0.9,4,0,0
E01_2017,E01,2017,0.5833333333333334,0,0.95,0.0,0,0.4,0.0,0,1.0,0.25,1,0.6414338837880386,0.5737425404944586,screen.fixed_k.k01,fixed_k,screen,1,0.6777777777777778,screen.final_ranker_score,1,OK,0.4,1.0,0.25,False,,,,,,,,
E01_2017,E01,2017,0.6833333333333333,0,0.95,0.0,0,0.6666666666666666,0.0,0,1.0,0.5,2,0.5673154978033641,0.6760443307757886,screen.fixed_k.k02,fixed_k,screen,2,0.7633333333333333,screen.final_ranker_score,2,OK,0.6666666666666666,1.0,0.5,False,,,,,,,,
E01_2017,E01,2017,0.75,0,0.95,0.25,1,0.75,0.25,1,0.75,0.75,3,0.5216853409616043,0.7413049726933026,screen.fixed_k.k04,fixed_k,screen,4,0.8322222222222222,screen.final_ranker_score,4,OK,0.75,0.75,0.75,False,,,,,,,,
E01_2017,E01,2017,0.6833333333333333,0,0.95,0.5,4,0.6666666666666666,0.5,4,0.5,1.0,4,0.7489536700058059,0.6723196320781835,screen.fixed_k.k08,fixed_k,screen,8,0.7722222222222221,screen.final_ranker_score,8,OK,0.6666666666666666,0.5,1.0,False,,,,,,,,
E01_2017,E01,2017,0.7,0,0.95,0.75,12,0.4,0.75,12,0.25,1.0,4,0.6964551682152178,0.6945701357466063,screen.fixed_k.k16,fixed_k,screen,16,0.8066666666666668,screen.final_ranker_score,16,OK,0.4,0.25,1.0,False,,,,,,,,
E01_2017,E01,2017,0.5833333333333334,0,0.95,0.0,0,0.4,0.0,0,1.0,0.25,1,0.6414338837880386,0.5737425404944586,screen.validation_one_se,validation_one_se,screen,,0.6777777777777778,screen.final_ranker_score,1,OK,0.4,1.0,0.25,False,1,0.7199649403707633,0.6618127806729361,0.05815215969782716,,,,
E01_2017,E01,2017,0.5833333333333334,,1.0,0.0,0,0.4,0.0,0,1.0,0.25,1,0.6414338837880386,0.5737425404944586,screen.cpss_one_se,cpss_one_se,screen,,0.6777777777777778,screen.final_development_selection_frequency,1,OK,0.4,1.0,0.25,False,,0.7199649403707633,0.6618127806729361,0.05815215969782716,0.7,16,1,1
E01_2027,E01,2027,0.6,0,0.8875,0.0,0,0.4,0.0,0,1.0,0.25,1,0.7466603977925869,0.5982142857142857,shil.fixed_k.k01,fixed_k,shil,1,0.6100000000000001,shil.final_ranker_score,1,OK,0.4,1.0,0.25,False,,,,,,,,
E01_2027,E01,2027,0.6166666666666667,0,0.8875,0.0,0,0.6666666666666666,0.0,0,1.0,0.5,2,0.6313762652197588,0.613986013986014,shil.fixed_k.k02,fixed_k,shil,2,0.6988888888888889,shil.final_ranker_score,2,OK,0.6666666666666666,1.0,0.5,False,,,,,,,,
E01_2027,E01,2027,0.6166666666666667,0,0.8875,0.25,1,0.75,0.25,1,0.75,0.75,3,0.6699521871776158,0.6157059314954052,shil.fixed_k.k04,fixed_k,shil,4,0.6933333333333334,shil.final_ranker_score,4,OK,0.75,0.75,0.75,False,,,,,,,,
E01_2027,E01,2027,0.75,0,0.8875,0.5,4,0.6666666666666666,0.5,4,0.5,1.0,4,0.6021150832862865,0.7499305362600722,shil.fixed_k.k08,fixed_k,shil,8,0.7644444444444445,shil.final_ranker_score,8,OK,0.6666666666666666,0.5,1.0,False,,,,,,,,
E01_2027,E01,2027,0.6,0,0.8875,0.75,12,0.4,0.75,12,0.25,1.0,4,0.8286814423479356,0.5995550611790879,shil.fixed_k.k16,fixed_k,shil,16,0.6444444444444444,shil.final_ranker_score,16,OK,0.4,0.25,1.0,False,,,,,,,,
E01_2027,E01,2027,0.6,0,0.8875,0.0,0,0.4,0.0,0,1.0,0.25,1,0.7466603977925869,0.5982142857142857,shil.validation_one_se,validation_one_se,shil,,0.6100000000000001,shil.final_ranker_score,1,OK,0.4,1.0,0.25,False,1,0.7427417340045712,0.6730387716364015,0.06970296236816975,,,,
E01_2027,E01,2027,0.6,,0.7636986301369864,0.0,0,0.0,0.0,0,0.0,0.0,0,0.6731346673291685,0.6,shil.cpss_one_se,cpss_one_se,shil,,0.6133333333333333,shil.final_development_selection_frequency,0,OK,0.0,0.0,0.0,False,,0.7427417340045712,0.6889038494006046,0.041524417202495875,0.9,4,0,0
E01_2027,E01,2027,0.6,0,0.95,0.0,0,0.4,0.0,0,1.0,0.25,1,0.7466603977925869,0.5982142857142857,l1.fixed_k.k01,fixed_k,l1,1,0.6100000000000001,l1.final_ranker_score,1,OK,0.4,1.0,0.25,False,,,,,,,,
E01_2027,E01,2027,0.6166666666666667,0,0.95,0.0,0,0.6666666666666666,0.0,0,1.0,0.5,2,0.6313762652197588,0.613986013986014,l1.fixed_k.k02,fixed_k,l1,2,0.6988888888888889,l1.final_ranker_score,2,OK,0.6666666666666666,1.0,0.5,False,,,,,,,,
E01_2027,E01,2027,0.6166666666666667,0,0.95,0.25,1,0.75,0.25,1,0.75,0.75,3,0.632946706420264,0.6157059314954052,l1.fixed_k.k04,fixed_k,l1,4,0.7088888888888889,l1.final_ranker_score,4,OK,0.75,0.75,0.75,False,,,,,,,,
E01_2027,E01,2027,0.7166666666666667,0,0.95,0.5,4,0.6666666666666666,0.5,4,0.5,1.0,4,0.6024585032325801,0.7165879410947485,l1.fixed_k.k08,fixed_k,l1,8,0.7622222222222222,l1.final_ranker_score,8,OK,0.6666666666666666,0.5,1.0,False,,,,,,,,
E01_2027,E01,2027,0.6166666666666667,0,0.95,0.75,12,0.4,0.75,12,0.25,1.0,4,0.8796235581754973,0.6165601555987774,l1.fixed_k.k16,fixed_k,l1,16,0.6955555555555556,l1.final_ranker_score,16,OK,0.4,0.25,1.0,False,,,,,,,,
E01_2027,E01,2027,0.6,0,0.95,0.0,0,0.4,0.0,0,1.0,0.25,1,0.7466603977925869,0.5982142857142857,l1.validation_one_se,validation_one_se,l1,,0.6100000000000001,l1.final_ranker_score,1,OK,0.4,1.0,0.25,False,1,0.7427417340045712,0.6730387716364015,0.06970296236816975,,,,
E01_2027,E01,2027,0.6,,1.0,0.0,0,0.0,0.0,0,0.0,0.0,0,0.6731346673291685,0.6,l1.cpss_one_se,cpss_one_se,l1,,0.6133333333333333,l1.final_development_selection_frequency,0,OK,0.0,0.0,0.0,False,,0.7642454007585298,0.6889038494006046,0.041524417202495875,0.9,4,0,0
E01_2027,E01,2027,0.6,0,0.558695652173913,0.0,0,0.4,0.0,0,1.0,0.25,1,0.7466603977925869,0.5982142857142857,tree.fixed_k.k01,fixed_k,tree,1,0.6100000000000001,tree.final_ranker_score,1,OK,0.4,1.0,0.25,False,,,,,,,,
E01_2027,E01,2027,0.6166666666666667,0,0.558695652173913,0.0,0,0.6666666666666666,0.0,0,1.0,0.5,2,0.6313762652197588,0.613986013986014,tree.fixed_k.k02,fixed_k,tree,2,0.6988888888888889,tree.final_ranker_score,2,OK,0.6666666666666666,1.0,0.5,False,,,,,,,,
E01_2027,E01,2027,0.6,0,0.558695652173913,0.5,2,0.5,0.5,2,0.5,0.5,2,0.6797193912430849,0.595959595959596,tree.fixed_k.k04,fixed_k,tree,4,0.6733333333333333,tree.final_ranker_score,4,OK,0.5,0.5,0.5,False,,,,,,,,
E01_2027,E01,2027,0.6333333333333333,0,0.558695652173913,0.75,6,0.3333333333333333,0.75,6,0.25,0.5,2,0.7014242512090391,0.6333333333333333,tree.fixed_k.k08,fixed_k,tree,8,0.6644444444444445,tree.final_ranker_score,8,OK,0.3333333333333333,0.25,0.5,False,,,,,,,,
E01_2027,E01,2027,0.6833333333333333,0,0.558695652173913,0.8125,13,0.3,0.8125,13,0.1875,0.75,3,0.7905526183095181,0.6832453459294248,tree.fixed_k.k16,fixed_k,tree,16,0.6877777777777778,tree.final_ranker_score,16,OK,0.3,0.1875,0.75,False,,,,,,,,
E01_2027,E01,2027,0.6,0,0.558695652173913,0.0,0,0.4,0.0,0,1.0,0.25,1,0.7466603977925869,0.5982142857142857,tree.validation_one_se,validation_one_se,tree,,0.6100000000000001,tree.final_ranker_score,1,OK,0.4,1.0,0.25,False,1,0.7427417340045712,0.6730387716364015,0.06970296236816975,,,,
E01_2027,E01,2027,0.6,,0.52,0.0,0,0.0,0.0,0,0.0,0.0,0,0.6731346673291685,0.6,tree.cpss_one_se,cpss_one_se,tree,,0.6133333333333333,tree.final_development_selection_frequency,0,OK,0.0,0.0,0.0,False,,0.7304282666031005,0.6889038494006046,0.041524417202495875,0.9,4,0,0
E01_2027,E01,2027,0.6,0,0.8875,0.0,0,0.4,0.0,0,1.0,0.25,1,0.7466603977925869,0.5982142857142857,screen.fixed_k.k01,fixed_k,screen,1,0.6100000000000001,screen.final_ranker_score,1,OK,0.4,1.0,0.25,False,,,,,,,,
E01_2027,E01,2027,0.6166666666666667,0,0.8875,0.0,0,0.6666666666666666,0.0,0,1.0,0.5,2,0.6313762652197588,0.613986013986014,screen.fixed_k.k02,fixed_k,screen,2,0.6988888888888889,screen.final_ranker_score,2,OK,0.6666666666666666,1.0,0.5,False,,,,,,,,
E01_2027,E01,2027,0.6166666666666667,0,0.8875,0.25,1,0.75,0.25,1,0.75,0.75,3,0.6699521871776158,0.6157059314954052,screen.fixed_k.k04,fixed_k,screen,4,0.6933333333333334,screen.final_ranker_score,4,OK,0.75,0.75,0.75,False,,,,,,,,
E01_2027,E01,2027,0.75,0,0.8875,0.5,4,0.6666666666666666,0.5,4,0.5,1.0,4,0.6021150832862865,0.7499305362600722,screen.fixed_k.k08,fixed_k,screen,8,0.7644444444444445,screen.final_ranker_score,8,OK,0.6666666666666666,0.5,1.0,False,,,,,,,,
E01_2027,E01,2027,0.6,0,0.8875,0.75,12,0.4,0.75,12,0.25,1.0,4,0.8286814423479357,0.5995550611790879,screen.fixed_k.k16,fixed_k,screen,16,0.6444444444444444,screen.final_ranker_score,16,OK,0.4,0.25,1.0,False,,,,,,,,
E01_2027,E01,2027,0.6,0,0.8875,0.0,0,0.4,0.0,0,1.0,0.25,1,0.7466603977925869,0.5982142857142857,screen.validation_one_se,validation_one_se,screen,,0.6100000000000001,screen.final_ranker_score,1,OK,0.4,1.0,0.25,False,1,0.7427417340045712,0.6730387716364015,0.06970296236816975,,,,
E01_2027,E01,2027,0.6,,0.7636986301369864,0.0,0,0.0,0.0,0,0.0,0.0,0,0.6731346673291685,0.6,screen.cpss_one_se,cpss_one_se,screen,,0.6133333333333333,screen.final_development_selection_frequency,0,OK,0.0,0.0,0.0,False,,0.7427417340045712,0.6889038494006046,0.041524417202495875,0.9,4,0,0
E01_2029,E01,2029,0.6666666666666666,0,0.8041666666666667,0.0,0,0.4,0.0,0,1.0,0.25,1,0.6584077229896707,0.6651785714285714,shil.fixed_k.k01,fixed_k,shil,1,0.7166666666666667,shil.final_ranker_score,1,OK,0.4,1.0,0.25,False,,,,,,,,
E01_2029,E01,2029,0.7166666666666667,0,0.8041666666666667,0.5,1,0.3333333333333333,0.5,1,0.5,0.25,1,0.6650497554064585,0.7159565580618212,shil.fixed_k.k02,fixed_k,shil,2,0.76,shil.final_ranker_score,2,OK,0.3333333333333333,0.5,0.25,False,,,,,,,,
E01_2029,E01,2029,0.7,0,0.8041666666666667,0.25,1,0.75,0.25,1,0.75,0.75,3,0.6642867764044377,0.699666295884316,shil.fixed_k.k04,fixed_k,shil,4,0.8033333333333333,shil.final_ranker_score,4,OK,0.75,0.75,0.75,False,,,,,,,,
E01_2029,E01,2029,0.7333333333333333,0,0.8041666666666667,0.5,4,0.6666666666666666,0.5,4,0.5,1.0,4,0.6656036145694225,0.7333333333333333,shil.fixed_k.k08,fixed_k,shil,8,0.8011111111111111,shil.final_ranker_score,8,OK,0.6666666666666666,0.5,1.0,False,,,,,,,,
E01_2029,E01,2029,0.7333333333333333,0,0.8041666666666667,0.75,12,0.4,0.75,12,0.25,1.0,4,0.678692562476039,0.7330367074527253,shil.fixed_k.k16,fixed_k,shil,16,0.7833333333333333,shil.final_ranker_score,16,OK,0.4,0.25,1.0,False,,,,,,,,
E01_2029,E01,2029,0.7333333333333333,0,0.8041666666666667,0.5,4,0.6666666666666666,0.5,4,0.5,1.0,4,0.6656036145694225,0.7333333333333333,shil.validation_one_se,validation_one_se,shil,,0.8011111111111111,shil.final_ranker_score,8,OK,0.6666666666666666,0.5,1.0,False,8,0.9196463631647552,0.8314042334019398,0.1864959681552424,,,,
E01_2029,E01,2029,0.55,,0.95,0.0,0,0.0,0.0,0,0.0,0.0,0,0.7217671744910199,0.5488721804511278,shil.cpss_one_se,cpss_one_se,shil,,0.5599999999999999,shil.final_development_selection_frequency,0,OK,0.0,0.0,0.0,False,,0.9774905581937194,0.8999864695788682,0.0775040886148512,0.9,4,0,0
E01_2029,E01,2029,0.6833333333333333,0,0.95,0.0,0,0.4,0.0,0,1.0,0.25,1,0.6236706809214779,0.6825396825396826,l1.fixed_k.k01,fixed_k,l1,1,0.7188888888888889,l1.final_ranker_score,1,OK,0.4,1.0,0.25,False,,,,,,,,
E01_2029,E01,2029,0.7666666666666667,0,0.95,0.0,0,0.6666666666666666,0.0,0,1.0,0.5,2,0.6017956309812252,0.765625,l1.fixed_k.k02,fixed_k,l1,2,0.7866666666666666,l1.final_ranker_score,2,OK,0.6666666666666666,1.0,0.5,False,,,,,,,,
E01_2029,E01,2029,0.7,0,0.95,0.25,1,0.75,0.25,1,0.75,0.75,3,0.6642867764044377,0.699666295884316,l1.fixed_k.k04,fixed_k,l1,4,0.8033333333333333,l1.final_ranker_score,4,OK,0.75,0.75,0.75,False,,,,,,,,
E01_2029,E01,2029,0.7333333333333333,0,0.95,0.5,4,0.6666666666666666,0.5,4,0.5,1.0,4,0.6906877695449097,0.7330367074527253,l1.fixed_k.k08,fixed_k,l1,8,0.7811111111111111,l1.final_ranker_score,8,OK,0.6666666666666666,0.5,1.0,False,,,,,,,,
E01_2029,E01,2029,0.7166666666666667,0,0.95,0.75,12,0.4,0.75,12,0.25,1.0,4,0.9428912632335991,0.7146853146853147,l1.fixed_k.k16,fixed_k,l1,16,0.7388888888888889,l1.final_ranker_score,16,OK,0.4,0.25,1.0,False,,,,,,,,
E01_2029,E01,2029,0.7,0,0.95,0.25,1,0.75,0.25,1,0.75,0.75,3,0.6642867764044377,0.699666295884316,l1.validation_one_se,validation_one_se,l1,,0.8033333333333333,l1.final_ranker_score,4,OK,0.75,0.75,0.75,False,4,0.7760596977594847,0.6616125952731271,0.1144471024863576,,,,
E01_2029,E01,2029,0.55,,1.0,0.0,0,0.0,0.0,0,0.0,0.0,0,0.7217671744910199,0.5488721804511278,l1.cpss_one_se,cpss_one_se,l1,,0.5599999999999999,l1.final_development_selection_frequency,0,OK,0.0,0.0,0.0,False,,0.9774905581937194,0.8999864695788682,0.0775040886148512,0.9,4,0,0
E01_2029,E01,2029,0.55,0,0.1722689075630252,1.0,1,0.0,1.0,1,0.0,0.0,0,0.7632300103745226,0.5488721804511278,tree.fixed_k.k01,fixed_k,tree,1,0.5733333333333334,tree.final_ranker_score,1,OK,0.0,0.0,0.0,False,,,,,,,,
E01_2029,E01,2029,0.55,0,0.1722689075630252,1.0,2,0.0,1.0,2,0.0,0.0,0,0.7932208313555072,0.5498749652681301,tree.fixed_k.k02,fixed_k,tree,2,0.5555555555555555,tree.final_ranker_score,2,OK,0.0,0.0,0.0,False,,,,,,,,
E01_2029,E01,2029,0.6,0,0.1722689075630252,0.75,3,0.25,0.75,3,0.25,0.25,1,0.7679407965572828,0.5995550611790879,tree.fixed_k.k04,fixed_k,tree,4,0.5977777777777777,tree.final_ranker_score,4,OK,0.25,0.25,0.25,False,,,,,,,,
E01_2029,E01,2029,0.6166666666666667,0,0.1722689075630252,0.875,7,0.16666666666666666,0.875,7,0.125,0.25,1,0.7632450661096419,0.6165601555987774,tree.fixed_k.k08,fixed_k,tree,8,0.6244444444444444,tree.final_ranker_score,8,OK,0.16666666666666666,0.125,0.25,False,,,,,,,,
E01_2029,E01,2029,0.65,0,0.1722689075630252,0.9375,15,0.1,0.9375,15,0.0625,0.25,1,0.7437981334541325,0.6475524475524476,tree.fixed_k.k16,fixed_k,tree,16,0.6944444444444444,tree.final_ranker_score,16,OK,0.1,0.0625,0.25,False,,,,,,,,
E01_2029,E01,2029,0.55,0,0.1722689075630252,1.0,1,0.0,1.0,1,0.0,0.0,0,0.7632300103745226,0.5488721804511278,tree.validation_one_se,validation_one_se,tree,,0.5733333333333334,tree.final_ranker_score,1,OK,0.0,0.0,0.0,False,1,1.0485133995563127,0.9651259451202698,0.08338745443604283,,,,
E01_2029,E01,2029,0.55,,0.23793136687873528,0.0,0,0.0,0.0,0,0.0,0.0,0,0.7217671744910199,0.5488721804511278,tree.cpss_one_se,cpss_one_se,tree,,0.5599999999999999,tree.final_development_selection_frequency,0,OK,0.0,0.0,0.0,False,,0.9774905581937194,0.8999864695788682,0.0775040886148512,0.9,4,0,0
E01_2029,E01,2029,0.6666666666666666,0,0.8041666666666667,0.0,0,0.4,0.0,0,1.0,0.25,1,0.6584077229896707,0.6651785714285714,screen.fixed_k.k01,fixed_k,screen,1,0.7166666666666667,screen.final_ranker_score,1,OK,0.4,1.0,0.25,False,,,,,,,,
E01_2029,E01,2029,0.7166666666666667,0,0.8041666666666667,0.5,1,0.3333333333333333,0.5,1,0.5,0.25,1,0.6650497554064585,0.7159565580618212,screen.fixed_k.k02,fixed_k,screen,2,0.76,screen.final_ranker_score,2,OK,0.3333333333333333,0.5,0.25,False,,,,,,,,
E01_2029,E01,2029,0.7,0,0.8041666666666667,0.25,1,0.75,0.25,1,0.75,0.75,3,0.6642867764044377,0.699666295884316,screen.fixed_k.k04,fixed_k,screen,4,0.8033333333333333,screen.final_ranker_score,4,OK,0.75,0.75,0.75,False,,,,,,,,
E01_2029,E01,2029,0.7333333333333333,0,0.8041666666666667,0.5,4,0.6666666666666666,0.5,4,0.5,1.0,4,0.6656036145694225,0.7333333333333333,screen.fixed_k.k08,fixed_k,screen,8,0.8011111111111111,screen.final_ranker_score,8,OK,0.6666666666666666,0.5,1.0,False,,,,,,,,
E01_2029,E01,2029,0.7333333333333333,0,0.8041666666666667,0.75,12,0.4,0.75,12,0.25,1.0,4,0.7382478127777115,0.7330367074527253,screen.fixed_k.k16,fixed_k,screen,16,0.7744444444444444,screen.final_ranker_score,16,OK,0.4,0.25,1.0,False,,,,,,,,
E01_2029,E01,2029,0.7333333333333333,0,0.8041666666666667,0.5,4,0.6666666666666666,0.5,4,0.5,1.0,4,0.6656036145694225,0.7333333333333333,screen.validation_one_se,validation_one_se,screen,,0.8011111111111111,screen.final_ranker_score,8,OK,0.6666666666666666,0.5,1.0,False,8,0.9196463631647553,0.8314042334019398,0.1864959681552424,,,,
E01_2029,E01,2029,0.55,,0.95,0.0,0,0.0,0.0,0,0.0,0.0,0,0.7217671744910199,0.5488721804511278,screen.cpss_one_se,cpss_one_se,screen,,0.5599999999999999,screen.final_development_selection_frequency,0,OK,0.0,0.0,0.0,False,,0.9774905581937194,0.8999864695788682,0.0775040886148512,0.9,4,0,0
E02_2003,E02,2003,0.6166666666666667,0,0.5416666666666666,1.0,1,0.4,0.0,0,1.0,0.25,1,0.6955272874403734,0.6157059314954052,shil.fixed_k.k01,fixed_k,shil,1,0.6511111111111111,shil.final_ranker_score,1,OK,0.0,0.0,0.0,False,,,,,,,,
E02_2003,E02,2003,0.5666666666666667,0,0.5416666666666666,0.5,1,0.6666666666666666,0.0,0,1.0,0.5,2,0.671455360579657,0.5647321428571428,shil.fixed_k.k02,fixed_k,shil,2,0.6855555555555556,shil.final_ranker_score,2,OK,0.3333333333333333,0.5,0.25,False,,,,,,,,
E02_2003,E02,2003,0.5833333333333334,0,0.5416666666666666,0.5,2,0.5,0.5,2,0.5,0.5,2,0.6676806319878094,0.5804195804195804,shil.fixed_k.k04,fixed_k,shil,4,0.6933333333333334,shil.final_ranker_score,4,OK,0.5,0.5,0.5,False,,,,,,,,
E02_2003,E02,2003,0.7333333333333333,0,0.5416666666666666,0.5,4,0.6666666666666666,0.5,4,0.5,1.0,4,0.5824160062919422,0.7330367074527253,shil.fixed_k.k08,fixed_k,shil,8,0.7877777777777778,shil.final_ranker_score,8,OK,0.6666666666666666,0.5,1.0,False,,,,,,,,
E02_2003,E02,2003,0.6666666666666666,0,0.5416666666666666,0.75,12,0.4,0.75,12,0.25,1.0,4,0.6112544373933824,0.6632996632996633,shil.fixed_k.k16,fixed_k,shil,16,0.7788888888888889,shil.final_ranker_score,16,OK,0.4,0.25,1.0,False,,,,,,,,
E02_2003,E02,2003,0.5666666666666667,0,0.5416666666666666,0.5,1,0.6666666666666666,0.0,0,1.0,0.5,2,0.671455360579657,0.5647321428571428,shil.validation_one_se,validation_one_se,shil,,0.6855555555555556,shil.final_ranker_score,2,OK,0.3333333333333333,0.5,0.25,False,2,0.6795254206158821,0.6544328389724565,0.09394139735964782,,,,
E02_2003,E02,2003,0.5666666666666667,,0.6195512820512821,0.0,0,0.0,0.0,0,0.0,0.0,0,0.6775356937667961,0.5647321428571428,shil.cpss_one_se,cpss_one_se,shil,,0.6066666666666668,shil.final_development_selection_frequency,0,OK,0.0,0.0,0.0,False,,0.7886181454252893,0.7047215332186417,0.05959653254564596,0.9,4,0,0
E02_2003,E02,2003,0.5833333333333334,0,0.7507518796992482,0.0,0,0.4,0.0,0,1.0,0.25,1,0.6877485630006124,0.5804195804195804,l1.fixed_k.k01,fixed_k,l1,1,0.6733333333333333,l1.final_ranker_score,1,OK,0.4,1.0,0.25,False,,,,,,,,
E02_2003,E02,2003,0.6333333333333333,0,0.7507518796992482,0.0,0,0.6666666666666666,0.0,0,1.0,0.5,2,0.6353982537645889,0.6296296296296295,l1.fixed_k.k02,fixed_k,l1,2,0.7133333333333333,l1.final_ranker_score,2,OK,0.6666666666666666,1.0,0.5,False,,,,,,,,
E02_2003,E02,2003,0.6666666666666666,0,0.7507518796992482,0.25,1,0.75,0.25,1,0.75,0.75,3,0.6123855216383236,0.6662958843159066,l1.fixed_k.k04,fixed_k,l1,4,0.7477777777777778,l1.final_ranker_score,4,OK,0.75,0.75,0.75,False,,,,,,,,
E02_2003,E02,2003,0.7,0,0.7507518796992482,0.625,5,0.6666666666666666,0.5,4,0.5,1.0,4,0.5547369310947473,0.699666295884316,l1.fixed_k.k08,fixed_k,l1,8,0.8088888888888889,l1.final_ranker_score,8,OK,0.5,0.375,0.75,False,,,,,,,,
E02_2003,E02,2003,0.7,8,0.7507518796992482,0.625,5,0.6666666666666666,0.5,4,0.5,1.0,4,0.5547369310947473,0.699666295884316,l1.fixed_k.k16,fixed_k,l1,16,0.8088888888888889,l1.final_ranker_score,8,OK,0.5,0.375,0.75,False,,,,,,,,
E02_2003,E02,2003,0.5833333333333334,0,0.7507518796992482,0.0,0,0.4,0.0,0,1.0,0.25,1,0.6877485630006124,0.5804195804195804,l1.validation_one_se,validation_one_se,l1,,0.6733333333333333,l1.final_ranker_score,1,OK,0.4,1.0,0.25,False,1,0.7886181454252885,0.7441900851300135,0.08859552668291247,,,,
E02_2003,E02,2003,0.5666666666666667,,0.8214285714285714,0.0,0,0.0,0.0,0,0.0,0.0,0,0.6775356937667961,0.5647321428571428,l1.cpss_one_se,cpss_one_se,l1,,0.6066666666666668,l1.final_development_selection_frequency,0,OK,0.0,0.0,0.0,False,,0.7643180657642877,0.7047215332186417,0.05959653254564596,0.9,4,0,0
E02_2003,E02,2003,0.5,0,0.20114942528735633,1.0,1,0.4,0.0,0,1.0,0.25,1,0.6951318369770529,0.4949494949494949,tree.fixed_k.k01,fixed_k,tree,1,0.6199999999999999,tree.final_ranker_score,1,OK,0.0,0.0,0.0,False,,,,,,,,
E02_2003,E02,2003,0.6333333333333333,0,0.20114942528735633,1.0,2,0.3333333333333333,0.5,1,0.5,0.25,1,0.6924327276434823,0.6316964285714286,tree.fixed_k.k02,fixed_k,tree,2,0.6588888888888889,tree.final_ranker_score,2,OK,0.0,0.0,0.0,False,,,,,,,,
E02_2003,E02,2003,0.6,0,0.20114942528735633,1.0,4,0.25,0.75,3,0.25,0.25,1,0.7049873273288912,0.5995550611790879,tree.fixed_k.k04,fixed_k,tree,4,0.6644444444444445,tree.final_ranker_score,4,OK,0.0,0.0,0.0,False,,,,,,,,
E02_2003,E02,2003,0.6166666666666667,0,0.20114942528735633,0.75,6,0.3333333333333333,0.75,6,0.25,0.5,2,0.6921043327192474,0.6157059314954052,tree.fixed_k.k08,fixed_k,tree,8,0.7033333333333334,tree.final_ranker_score,8,OK,0.3333333333333333,0.25,0.5,False,,,,,,,,
E02_2003,E02,2003,0.6333333333333333,0,0.20114942528735633,0.8125,13,0.3,0.8125,13,0.1875,0.75,3,0.7023553964965514,0.6316964285714286,tree.fixed_k.k16,fixed_k,tree,16,0.7044444444444444,tree.final_ranker_score,16,OK,0.3,0.1875,0.75,False,,,,,,,,
E02_2003,E02,2003,0.6,0,0.20114942528735633,1.0,4,0.25,0.75,3,0.25,0.25,1,0.7049873273288912,0.5995550611790879,tree.validation_one_se,validation_one_se,tree,,0.6644444444444445,tree.final_ranker_score,4,OK,0.0,0.0,0.0,False,4,0.7320278512621542,0.6276657024320931,0.10436214883006113,,,,
E02_2003,E02,2003,0.5666666666666667,,0.5093457943925234,0.0,0,0.0,0.0,0,0.0,0.0,0,0.6775356937667961,0.5647321428571428,tree.cpss_one_se,cpss_one_se,tree,,0.6066666666666668,tree.final_development_selection_frequency,0,OK,0.0,0.0,0.0,False,,0.7643180657642877,0.7047215332186417,0.05959653254564596,0.9,4,0,0
E02_2003,E02,2003,0.6166666666666667,0,0.5416666666666666,1.0,1,0.4,0.0,0,1.0,0.25,1,0.6955272874403734,0.6157059314954052,screen.fixed_k.k01,fixed_k,screen,1,0.6511111111111111,screen.final_ranker_score,1,OK,0.0,0.0,0.0,False,,,,,,,,
E02_2003,E02,2003,0.5666666666666667,0,0.5416666666666666,0.5,1,0.6666666666666666,0.0,0,1.0,0.5,2,0.671455360579657,0.5647321428571428,screen.fixed_k.k02,fixed_k,screen,2,0.6855555555555556,screen.final_ranker_score,2,OK,0.3333333333333333,0.5,0.25,False,,,,,,,,
E02_2003,E02,2003,0.5833333333333334,0,0.5416666666666666,0.5,2,0.5,0.5,2,0.5,0.5,2,0.6676806319878094,0.5804195804195804,screen.fixed_k.k04,fixed_k,screen,4,0.6933333333333334,screen.final_ranker_score,4,OK,0.5,0.5,0.5,False,,,,,,,,
E02_2003,E02,2003,0.7333333333333333,0,0.5416666666666666,0.5,4,0.6666666666666666,0.5,4,0.5,1.0,4,0.5824160062919422,0.7330367074527253,screen.fixed_k.k08,fixed_k,screen,8,0.7877777777777778,screen.final_ranker_score,8,OK,0.6666666666666666,0.5,1.0,False,,,,,,,,
E02_2003,E02,2003,0.6666666666666666,0,0.5416666666666666,0.75,12,0.4,0.75,12,0.25,1.0,4,0.6112544373933824,0.6632996632996633,screen.fixed_k.k16,fixed_k,screen,16,0.7788888888888889,screen.final_ranker_score,16,OK,0.4,0.25,1.0,False,,,,,,,,
E02_2003,E02,2003,0.5666666666666667,0,0.5416666666666666,0.5,1,0.6666666666666666,0.0,0,1.0,0.5,2,0.671455360579657,0.5647321428571428,screen.validation_one_se,validation_one_se,screen,,0.6855555555555556,screen.final_ranker_score,2,OK,0.3333333333333333,0.5,0.25,False,2,0.6795254206158821,0.6544328389724565,0.09394139735964782,,,,
E02_2003,E02,2003,0.5666666666666667,,0.6193181818181818,0.0,0,0.0,0.0,0,0.0,0.0,0,0.6775356937667961,0.5647321428571428,screen.cpss_one_se,cpss_one_se,screen,,0.6066666666666668,screen.final_development_selection_frequency,0,OK,0.0,0.0,0.0,False,,0.7886181454252893,0.7047215332186417,0.05959653254564596,0.9,4,0,0
E02_2011,E02,2011,0.6166666666666667,0,0.5401785714285714,0.0,0,0.4,0.0,0,1.0,0.25,1,0.6678674956577715,0.6157059314954052,shil.fixed_k.k01,fixed_k,shil,1,0.6644444444444444,shil.final_ranker_score,1,OK,0.4,1.0,0.25,False,,,,,,,,
E02_2011,E02,2011,0.6,0,0.5401785714285714,0.5,1,0.3333333333333333,0.5,1,0.5,0.25,1,0.6574522367956935,0.5995550611790879,shil.fixed_k.k02,fixed_k,shil,2,0.6788888888888889,shil.final_ranker_score,2,OK,0.3333333333333333,0.5,0.25,False,,,,,,,,
E02_2011,E02,2011,0.6833333333333333,0,0.5401785714285714,0.5,2,0.5,0.5,2,0.5,0.5,2,0.5489864308442225,0.6825396825396826,shil.fixed_k.k04,fixed_k,shil,4,0.7811111111111112,shil.final_ranker_score,4,OK,0.5,0.5,0.5,False,,,,,,,,
E02_2011,E02,2011,0.7166666666666667,0,0.5401785714285714,0.625,5,0.5,0.625,5,0.375,0.75,3,0.5096811003108386,0.7159565580618212,shil.fixed_k.k08,fixed_k,shil,8,0.8366666666666667,shil.final_ranker_score,8,OK,0.5,0.375,0.75,False,,,,,,,,
E02_2011,E02,2011,0.75,0,0.5401785714285714,0.75,12,0.4,0.75,12,0.25,1.0,4,0.5256587585710747,0.7442455242966752,shil.fixed_k.k16,fixed_k,shil,16,0.8277777777777777,shil.final_ranker_score,16,OK,0.4,0.25,1.0,False,,,,,,,,
E02_2011,E02,2011,0.7166666666666667,0,0.5401785714285714,0.625,5,0.5,0.625,5,0.375,0.75,3,0.5096811003108386,0.7159565580618212,shil.validation_one_se,validation_one_se,shil,,0.8366666666666667,shil.final_ranker_score,8,OK,0.5,0.375,0.75,False,8,0.5702816051726093,0.49519191156381964,0.07508969360878961,,,,
E02_2011,E02,2011,0.45,,0.6147186147186147,0.0,0,0.0,0.0,0,0.0,0.0,0,0.7735870697721907,0.4461538461538462,shil.cpss_one_se,cpss_one_se,shil,,0.49777777777777776,shil.final_development_selection_frequency,0,OK,0.0,0.0,0.0,False,,0.7622603070231689,0.7314063786952423,0.04909036675976568,0.9,4,0,0
E02_2011,E02,2011,0.6,0,0.9166666666666666,0.0,0,0.4,0.0,0,1.0,0.25,1,0.7088027403276148,0.595959595959596,l1.fixed_k.k01,fixed_k,l1,1,0.6144444444444445,l1.final_ranker_score,1,OK,0.4,1.0,0.25,False,,,,,,,,
E02_2011,E02,2011,0.6166666666666667,0,0.9166666666666666,0.0,0,0.6666666666666666,0.0,0,1.0,0.5,2,0.6423924624012466,0.6165601555987774,l1.fixed_k.k02,fixed_k,l1,2,0.6966666666666668,l1.final_ranker_score,2,OK,0.6666666666666666,1.0,0.5,False,,,,,,,,
E02_2011,E02,2011,0.7666666666666667,0,0.9166666666666666,0.25,1,1.0,0.0,0,1.0,1.0,4,0.4217171675522915,0.7664071190211346,l1.fixed_k.k04,fixed_k,l1,4,0.8866666666666667,l1.final_ranker_score,4,OK,0.75,0.75,0.75,False,,,,,,,,
E02_2011,E02,2011,0.7,0,0.9166666666666666,0.5,4,0.6666666666666666,0.5,4,0.5,1.0,4,0.5200761424632712,0.7,l1.fixed_k.k08,fixed_k,l1,8,0.8444444444444444,l1.final_ranker_score,8,OK,0.6666666666666666,0.5,1.0,False,,,,,,,,
E02_2011,E02,2011,0.65,0,0.9166666666666666,0.75,12,0.4,0.75,12,0.25,1.0,4,0.7539241259091285,0.6499027507641011,l1.fixed_k.k16,fixed_k,l1,16,0.7822222222222223,l1.final_ranker_score,16,OK,0.4,0.25,1.0,False,,,,,,,,
E02_2011,E02,2011,0.6166666666666667,0,0.9166666666666666,0.0,0,0.6666666666666666,0.0,0,1.0,0.5,2,0.6423924624012466,0.6165601555987774,l1.validation_one_se,validation_one_se,l1,,0.6966666666666668,l1.final_ranker_score,2,OK,0.6666666666666666,1.0,0.5,False,2,0.668732493764653,0.6035083120784983,0.06522418168615471,,,,
E02_2011,E02,2011,0.45,,0.6882518796992481,0.0,0,0.0,0.0,0,0.0,0.0,0,0.7735870697721907,0.4461538461538462,l1.cpss_one_se,cpss_one_se,l1,,0.49777777777777776,l1.final_development_selection_frequency,0,OK,0.0,0.0,0.0,False,,0.7804967454550079,0.7314063786952423,0.04909036675976568,0.9,4,0,0
E02_2011,E02,2011,0.5166666666666667,0,0.21664915966386553,1.0,1,0.0,1.0,1,0.0,0.0,0,0.773844739897588,0.5165323701028064,tree.fixed_k.k01,fixed_k,tree,1,0.5055555555555556,tree.final_ranker_score,1,OK,0.0,0.0,0.0,False,,,,,,,,
E02_2011,E02,2011,0.65,0,0.21664915966386553,1.0,2,0.3333333333333333,0.5,1,0.5,0.25,1,0.6839799970386776,0.6499027507641011,tree.fixed_k.k02,fixed_k,tree,2,0.6644444444444444,tree.final_ranker_score,2,OK,0.0,0.0,0.0,False,,,,,,,,
E02_2011,E02,2011,0.6,0,0.21664915966386553,1.0,4,0.25,0.75,3,0.25,0.25,1,0.7244462308219782,0.5995550611790879,tree.fixed_k.k04,fixed_k,tree,4,0.6322222222222222,tree.final_ranker_score,4,OK,0.0,0.0,0.0,False,,,,,,,,
E02_2011,E02,2011,0.7333333333333333,0,0.21664915966386553,0.625,5,0.5,0.625,5,0.375,0.75,3,0.5182252836708796,0.7330367074527253,tree.fixed_k.k08,fixed_k,tree,8,0.8244444444444444,tree.final_ranker_score,8,OK,0.5,0.375,0.75,False,,,,,,,,
E02_2011,E02,2011,0.7666666666666667,0,0.21664915966386553,0.8125,13,0.4,0.75,12,0.25,1.0,4,0.48229099053806024,0.7666666666666667,tree.fixed_k.k16,fixed_k,tree,16,0.8488888888888889,tree.final_ranker_score,16,OK,0.3,0.1875,0.75,False,,,,,,,,
E02_2011,E02,2011,0.5166666666666667,0,0.21664915966386553,1.0,1,0.0,1.0,1,0.0,0.0,0,0.773844739897588,0.5165323701028064,tree.validation_one_se,validation_one_se,tree,,0.5055555555555556,tree.final_ranker_score,1,OK,0.0,0.0,0.0,False,1,0.8061170635304225,0.7379991973221774,0.06811786620824505,,,,
E02_2011,E02,2011,0.45,,0.5773809523809523,0.0,0,0.0,0.0,0,0.0,0.0,0,0.7735870697721907,0.4461538461538462,tree.cpss_one_se,cpss_one_se,tree,,0.49777777777777776,tree.final_development_selection_frequency,0,OK,0.0,0.0,0.0,False,,0.7804967454550079,0.7314063786952423,0.04909036675976568,0.9,4,0,0
E02_2011,E02,2011,0.6166666666666667,0,0.5401785714285714,0.0,0,0.4,0.0,0,1.0,0.25,1,0.6678674956577715,0.6157059314954052,screen.fixed_k.k01,fixed_k,screen,1,0.6644444444444444,screen.final_ranker_score,1,OK,0.4,1.0,0.25,False,,,,,,,,
E02_2011,E02,2011,0.6,0,0.5401785714285714,0.5,1,0.3333333333333333,0.5,1,0.5,0.25,1,0.6574522367956935,0.5995550611790879,screen.fixed_k.k02,fixed_k,screen,2,0.6788888888888889,screen.final_ranker_score,2,OK,0.3333333333333333,0.5,0.25,False,,,,,,,,
E02_2011,E02,2011,0.6833333333333333,0,0.5401785714285714,0.5,2,0.5,0.5,2,0.5,0.5,2,0.5489864308442225,0.6825396825396826,screen.fixed_k.k04,fixed_k,screen,4,0.7811111111111112,screen.final_ranker_score,4,OK,0.5,0.5,0.5,False,,,,,,,,
E02_2011,E02,2011,0.7166666666666667,0,0.5401785714285714,0.625,5,0.5,0.625,5,0.375,0.75,3,0.5096811003108386,0.7159565580618212,screen.fixed_k.k08,fixed_k,screen,8,0.8366666666666667,screen.final_ranker_score,8,OK,0.5,0.375,0.75,False,,,,,,,,
E02_2011,E02,2011,0.75,0,0.5401785714285714,0.75,12,0.4,0.75,12,0.25,1.0,4,0.5256587585710747,0.7442455242966752,screen.fixed_k.k16,fixed_k,screen,16,0.8277777777777777,screen.final_ranker_score,16,OK,0.4,0.25,1.0,False,,,,,,,,
E02_2011,E02,2011,0.7166666666666667,0,0.5401785714285714,0.625,5,0.5,0.625,5,0.375,0.75,3,0.5096811003108386,0.7159565580618212,screen.validation_one_se,validation_one_se,screen,,0.8366666666666667,screen.final_ranker_score,8,OK,0.5,0.375,0.75,False,8,0.5702816051726093,0.49519191156381964,0.07508969360878961,,,,
E02_2011,E02,2011,0.45,,0.573051948051948,0.0,0,0.0,0.0,0,0.0,0.0,0,0.7735870697721907,0.4461538461538462,screen.cpss_one_se,cpss_one_se,screen,,0.49777777777777776,screen.final_development_selection_frequency,0,OK,0.0,0.0,0.0,False,,0.7804967454550079,0.7314063786952423,0.04909036675976568,0.9,4,0,0
E02_2017,E02,2017,0.6,0,0.5313852813852814,0.0,0,0.4,0.0,0,1.0,0.25,1,0.6468524672579097,0.5885714285714285,shil.fixed_k.k01,fixed_k,shil,1,0.6699999999999999,shil.final_ranker_score,1,OK,0.4,1.0,0.25,False,,,,,,,,
E02_2017,E02,2017,0.6,0,0.5313852813852814,0.5,1,0.3333333333333333,0.5,1,0.5,0.25,1,0.6431208382921674,0.5885714285714285,shil.fixed_k.k02,fixed_k,shil,2,0.6755555555555556,shil.final_ranker_score,2,OK,0.3333333333333333,0.5,0.25,False,,,,,,,,
E02_2017,E02,2017,0.6333333333333333,0,0.5313852813852814,0.75,3,0.5,0.5,2,0.5,0.5,2,0.6707080995065092,0.6228571428571429,shil.fixed_k.k04,fixed_k,shil,4,0.6977777777777778,shil.final_ranker_score,4,OK,0.25,0.25,0.25,False,,,,,,,,
E02_2017,E02,2017,0.7333333333333333,0,0.5313852813852814,0.625,5,0.6666666666666666,0.5,4,0.5,1.0,4,0.5235241499708654,0.7222222222222222,shil.fixed_k.k08,fixed_k,shil,8,0.8644444444444443,shil.final_ranker_score,8,OK,0.5,0.375,0.75,False,,,,,,,,
E02_2017,E02,2017,0.7,0,0.5313852813852814,0.75,12,0.4,0.75,12,0.25,1.0,4,0.5337478451531477,0.6914285714285715,shil.fixed_k.k16,fixed_k,shil,16,0.8444444444444444,shil.final_ranker_score,16,OK,0.4,0.25,1.0,False,,,,,,,,
E02_2017,E02,2017,0.6,0,0.5313852813852814,0.0,0,0.4,0.0,0,1.0,0.25,1,0.6468524672579097,0.5885714285714285,shil.validation_one_se,validation_one_se,shil,,0.6699999999999999,shil.final_ranker_score,1,OK,0.4,1.0,0.25,False,1,0.6688397418282352,0.6642841635473371,0.05986269194241513,,,,
E02_2017,E02,2017,0.7166666666666667,,0.43214285714285716,0.6,3,0.4444444444444445,0.6,3,0.4,0.5,2,0.5983539864456874,0.7127569698676429,shil.cpss_one_se,cpss_one_se,shil,,0.7644444444444445,shil.final_development_selection_frequency,5,OK,0.4444444444444445,0.4,0.5,False,,0.7707023881286731,0.6758642049464602,0.09483818318221292,0.6,16,5,2
E02_2017,E02,2017,0.6,0,0.9166666666666666,0.0,0,0.4,0.0,0,1.0,0.25,1,0.6468524672579097,0.5885714285714285,l1.fixed_k.k01,fixed_k,l1,1,0.6699999999999999,l1.final_ranker_score,1,OK,0.4,1.0,0.25,False,,,,,,,,
E02_2017,E02,2017,0.7166666666666667,0,0.9166666666666666,0.0,0,0.6666666666666666,0.0,0,1.0,0.5,2,0.592710547200777,0.7127569698676429,l1.fixed_k.k02,fixed_k,l1,2,0.7666666666666666,l1.final_ranker_score,2,OK,0.6666666666666666,1.0,0.5,False,,,,,,,,
E02_2017,E02,2017,0.7333333333333333,0,0.9166666666666666,0.25,1,1.0,0.0,0,1.0,1.0,4,0.5266187190833675,0.7257142857142858,l1.fixed_k.k04,fixed_k,l1,4,0.8477777777777777,l1.final_ranker_score,4,OK,0.75,0.75,0.75,False,,,,,,,,
E02_2017,E02,2017,0.6333333333333333,0,0.9166666666666666,0.5,4,0.6666666666666666,0.5,4,0.5,1.0,4,0.7963668531799539,0.6228571428571429,l1.fixed_k.k08,fixed_k,l1,8,0.7733333333333334,l1.final_ranker_score,8,OK,0.6666666666666666,0.5,1.0,False,,,,,,,,
E02_2017,E02,2017,0.6666666666666666,0,0.9166666666666666,0.75,12,0.4,0.75,12,0.25,1.0,4,0.9294286081985705,0.6632996632996633,l1.fixed_k.k16,fixed_k,l1,16,0.7577777777777779,l1.final_ranker_score,16,OK,0.4,0.25,1.0,False,,,,,,,,
E02_2017,E02,2017,0.7166666666666667,0,0.9166666666666666,0.0,0,0.6666666666666666,0.0,0,1.0,0.5,2,0.592710547200777,0.7127569698676429,l1.validation_one_se,validation_one_se,l1,,0.7666666666666666,l1.final_ranker_score,2,OK,0.6666666666666666,1.0,0.5,False,2,0.7687113245601807,0.7437977600180953,0.07802706829132573,,,,
E02_2017,E02,2017,0.6,,0.9166666666666666,0.0,0,0.0,0.0,0,0.0,0.0,0,0.6921287916758575,0.5982142857142857,l1.cpss_one_se,cpss_one_se,l1,,0.5944444444444444,l1.final_development_selection_frequency,0,OK,0.0,0.0,0.0,False,,0.8274403056629194,0.7847511689484217,0.04268913671449772,0.9,4,0,0
E02_2017,E02,2017,0.6,0,0.39746732026143794,0.0,0,0.4,0.0,0,1.0,0.25,1,0.6468524672579097,0.5885714285714285,tree.fixed_k.k01,fixed_k,tree,1,0.6699999999999999,tree.final_ranker_score,1,OK,0.4,1.0,0.25,False,,,,,,,,
E02_2017,E02,2017,0.6166666666666667,0,0.39746732026143794,0.5,1,0.6666666666666666,0.0,0,1.0,0.5,2,0.6769660307528202,0.5977849023608277,tree.fixed_k.k02,fixed_k,tree,2,0.6855555555555556,tree.final_ranker_score,2,OK,0.3333333333333333,0.5,0.25,False,,,,,,,,
E02_2017,E02,2017,0.6,0,0.39746732026143794,0.75,3,0.5,0.5,2,0.5,0.5,2,0.7192542437600411,0.5885714285714285,tree.fixed_k.k04,fixed_k,tree,4,0.6522222222222223,tree.final_ranker_score,4,OK,0.25,0.25,0.25,False,,,,,,,,
E02_2017,E02,2017,0.55,0,0.39746732026143794,0.875,7,0.3333333333333333,0.75,6,0.25,0.5,2,0.7417626223398132,0.5343489508479448,tree.fixed_k.k08,fixed_k,tree,8,0.6222222222222222,tree.final_ranker_score,8,OK,0.16666666666666666,0.125,0.25,False,,,,,,,,
E02_2017,E02,2017,0.6333333333333333,0,0.39746732026143794,0.8125,13,0.3,0.8125,13,0.1875,0.75,3,0.7160777318856165,0.6329254727474972,tree.fixed_k.k16,fixed_k,tree,16,0.7355555555555556,tree.final_ranker_score,16,OK,0.3,0.1875,0.75,False,,,,,,,,
E02_2017,E02,2017,0.6166666666666667,0,0.39746732026143794,0.5,1,0.6666666666666666,0.0,0,1.0,0.5,2,0.6769660307528202,0.5977849023608277,tree.validation_one_se,validation_one_se,tree,,0.6855555555555556,tree.final_ranker_score,2,OK,0.3333333333333333,0.5,0.25,False,2,0.6925839174293735,0.6899660699002435,0.0586271706653688,,,,
E02_2017,E02,2017,0.6,,0.3854166666666667,0.0,0,0.0,0.0,0,0.0,0.0,0,0.6921287916758575,0.5982142857142857,tree.cpss_one_se,cpss_one_se,tree,,0.5944444444444444,tree.final_development_selection_frequency,0,OK,0.0,0.0,0.0,False,,0.8274403056629194,0.7847511689484217,0.04268913671449772,0.9,4,0,0
E02_2017,E02,2017,0.6,0,0.5313852813852814,0.0,0,0.4,0.0,0,1.0,0.25,1,0.6468524672579097,0.5885714285714285,screen.fixed_k.k01,fixed_k,screen,1,0.6699999999999999,screen.final_ranker_score,1,OK,0.4,1.0,0.25,False,,,,,,,,
E02_2017,E02,2017,0.6,0,0.5313852813852814,0.5,1,0.3333333333333333,0.5,1,0.5,0.25,1,0.6431208382921674,0.5885714285714285,screen.fixed_k.k02,fixed_k,screen,2,0.6755555555555556,screen.final_ranker_score,2,OK,0.3333333333333333,0.5,0.25,False,,,,,,,,
E02_2017,E02,2017,0.6333333333333333,0,0.5313852813852814,0.75,3,0.5,0.5,2,0.5,0.5,2,0.6707080995065092,0.6228571428571429,screen.fixed_k.k04,fixed_k,screen,4,0.6977777777777778,screen.final_ranker_score,4,OK,0.25,0.25,0.25,False,,,,,,,,
E02_2017,E02,2017,0.7333333333333333,0,0.5313852813852814,0.625,5,0.6666666666666666,0.5,4,0.5,1.0,4,0.5235241499708654,0.7222222222222222,screen.fixed_k.k08,fixed_k,screen,8,0.8644444444444443,screen.final_ranker_score,8,OK,0.5,0.375,0.75,False,,,,,,,,
E02_2017,E02,2017,0.7333333333333333,0,0.5313852813852814,0.75,12,0.4,0.75,12,0.25,1.0,4,0.5326129352698405,0.7222222222222222,screen.fixed_k.k16,fixed_k,screen,16,0.8488888888888889,screen.final_ranker_score,16,OK,0.4,0.25,1.0,False,,,,,,,,
E02_2017,E02,2017,0.6,0,0.5313852813852814,0.0,0,0.4,0.0,0,1.0,0.25,1,0.6468524672579097,0.5885714285714285,screen.validation_one_se,validation_one_se,screen,,0.6699999999999999,screen.final_ranker_score,1,OK,0.4,1.0,0.25,False,1,0.709293712835637,0.6642841635473371,0.05986269194241513,,,,
E02_2017,E02,2017,0.7166666666666667,,0.43214285714285716,0.6,3,0.4444444444444445,0.6,3,0.4,0.5,2,0.5983539864456874,0.7127569698676429,screen.cpss_one_se,cpss_one_se,screen,,0.7644444444444445,screen.final_development_selection_frequency,5,OK,0.4444444444444445,0.4,0.5,False,,0.7707023881286731,0.6758642049464602,0.09483818318221292,0.6,16,5,2
E02_2027,E02,2027,0.6,0,0.75,0.0,0,0.4,0.0,0,1.0,0.25,1,0.7517943746359559,0.5995550611790879,shil.fixed_k.k01,fixed_k,shil,1,0.61,shil.final_ranker_score,1,OK,0.4,1.0,0.25,False,,,,,,,,
E02_2027,E02,2027,0.7166666666666667,0,0.75,0.0,0,0.6666666666666666,0.0,0,1.0,0.5,2,0.6150615554359364,0.7146853146853147,shil.fixed_k.k02,fixed_k,shil,2,0.7322222222222222,shil.final_ranker_score,2,OK,0.6666666666666666,1.0,0.5,False,,,,,,,,
E02_2027,E02,2027,0.7,0,0.75,0.5,2,0.5,0.5,2,0.5,0.5,2,0.6205125626972879,0.696969696969697,shil.fixed_k.k04,fixed_k,shil,4,0.7277777777777777,shil.final_ranker_score,4,OK,0.5,0.5,0.5,False,,,,,,,,
E02_2027,E02,2027,0.7,0,0.75,0.5,4,0.6666666666666666,0.5,4,0.5,1.0,4,0.5786627707675579,0.699666295884316,shil.fixed_k.k08,fixed_k,shil,8,0.7588888888888888,shil.final_ranker_score,8,OK,0.6666666666666666,0.5,1.0,False,,,,,,,,
E02_2027,E02,2027,0.7333333333333333,0,0.75,0.75,12,0.4,0.75,12,0.25,1.0,4,0.6346809028175711,0.7330367074527253,shil.fixed_k.k16,fixed_k,shil,16,0.7488888888888889,shil.final_ranker_score,16,OK,0.4,0.25,1.0,False,,,,,,,,
E02_2027,E02,2027,0.6,0,0.75,0.0,0,0.4,0.0,0,1.0,0.25,1,0.7517943746359559,0.5995550611790879,shil.validation_one_se,validation_one_se,shil,,0.61,shil.final_ranker_score,1,OK,0.4,1.0,0.25,False,1,0.7013680259635519,0.6402961662878565,0.061071859675695346,,,,
E02_2027,E02,2027,0.5666666666666667,,0.6257518796992481,0.0,0,0.0,0.0,0,0.0,0.0,0,0.6675300778012404,0.5666666666666667,shil.cpss_one_se,cpss_one_se,shil,,0.6277777777777778,shil.final_development_selection_frequency,0,OK,0.0,0.0,0.0,False,,0.7013680259635519,0.686092278476499,0.04271444621774522,0.9,4,0,0
E02_2027,E02,2027,0.6,0,1.0,0.0,0,0.4,0.0,0,1.0,0.25,1,0.7517943746359559,0.5995550611790879,l1.fixed_k.k01,fixed_k,l1,1,0.61,l1.final_ranker_score,1,OK,0.4,1.0,0.25,False,,,,,,,,
E02_2027,E02,2027,0.7166666666666667,0,1.0,0.0,0,0.6666666666666666,0.0,0,1.0,0.5,2,0.6150615554359364,0.7146853146853147,l1.fixed_k.k02,fixed_k,l1,2,0.7322222222222222,l1.final_ranker_score,2,OK,0.6666666666666666,1.0,0.5,False,,,,,,,,
E02_2027,E02,2027,0.6833333333333333,0,1.0,0.0,0,1.0,0.0,0,1.0,1.0,4,0.5554852860895176,0.6832453459294248,l1.fixed_k.k04,fixed_k,l1,4,0.7744444444444445,l1.final_ranker_score,4,OK,1.0,1.0,1.0,False,,,,,,,,
E02_2027,E02,2027,0.6833333333333333,2,1.0,0.3333333333333333,2,0.8,0.3333333333333333,2,0.6666666666666666,1.0,4,0.5673959959468089,0.6832453459294248,l1.fixed_k.k08,fixed_k,l1,8,0.7766666666666667,l1.final_ranker_score,6,OK,0.8,0.6666666666666666,1.0,False,,,,,,,,
E02_2027,E02,2027,0.6833333333333333,10,1.0,0.3333333333333333,2,0.8,0.3333333333333333,2,0.6666666666666666,1.0,4,0.5673959959468089,0.6832453459294248,l1.fixed_k.k16,fixed_k,l1,16,0.7766666666666667,l1.final_ranker_score,6,OK,0.8,0.6666666666666666,1.0,False,,,,,,,,
E02_2027,E02,2027,0.6,0,1.0,0.0,0,0.4,0.0,0,1.0,0.25,1,0.7517943746359559,0.5995550611790879,l1.validation_one_se,validation_one_se,l1,,0.61,l1.final_ranker_score,1,OK,0.4,1.0,0.25,False,1,0.7197240813633009,0.6402961662878565,0.061071859675695346,,,,
E02_2027,E02,2027,0.5666666666666667,,0.7986111111111112,0.0,0,0.0,0.0,0,0.0,0.0,0,0.6675300778012404,0.5666666666666667,l1.cpss_one_se,cpss_one_se,l1,,0.6277777777777778,l1.final_development_selection_frequency,0,OK,0.0,0.0,0.0,False,,0.7013680259635519,0.686092278476499,0.04271444621774522,0.9,4,0,0
E02_2027,E02,2027,0.6833333333333333,0,0.5499311294765841,0.0,0,0.4,0.0,0,1.0,0.25,1,0.5572035215063872,0.6825396825396826,tree.fixed_k.k01,fixed_k,tree,1,0.7744444444444445,tree.final_ranker_score,1,OK,0.4,1.0,0.25,False,,,,,,,,
E02_2027,E02,2027,0.7166666666666667,0,0.5499311294765841,0.0,0,0.6666666666666666,0.0,0,1.0,0.5,2,0.6150615554359364,0.7146853146853147,tree.fixed_k.k02,fixed_k,tree,2,0.7322222222222222,tree.final_ranker_score,2,OK,0.6666666666666666,1.0,0.5,False,,,,,,,,
E02_2027,E02,2027,0.7166666666666667,0,0.5499311294765841,0.5,2,0.5,0.5,2,0.5,0.5,2,0.6106614497029028,0.7146853146853147,tree.fixed_k.k04,fixed_k,tree,4,0.7344444444444445,tree.final_ranker_score,4,OK,0.5,0.5,0.5,False,,,,,,,,
E02_2027,E02,2027,0.6666666666666666,0,0.5499311294765841,0.75,6,0.3333333333333333,0.75,6,0.25,0.5,2,0.6491759235319242,0.6651785714285714,tree.fixed_k.k08,fixed_k,tree,8,0.7111111111111112,tree.final_ranker_score,8,OK,0.3333333333333333,0.25,0.5,False,,,,,,,,
E02_2027,E02,2027,0.5333333333333333,0,0.5499311294765841,0.875,14,0.2,0.875,14,0.125,0.5,2,0.7204135092598511,0.52,tree.fixed_k.k16,fixed_k,tree,16,0.6677777777777777,tree.final_ranker_score,16,OK,0.2,0.125,0.5,False,,,,,,,,
E02_2027,E02,2027,0.6833333333333333,0,0.5499311294765841,0.0,0,0.4,0.0,0,1.0,0.25,1,0.5572035215063872,0.6825396825396826,tree.validation_one_se,validation_one_se,tree,,0.7744444444444445,tree.final_ranker_score,1,OK,0.4,1.0,0.25,False,1,0.7307181727775893,0.7053143881246722,0.042891480143629715,,,,
E02_2027,E02,2027,0.5666666666666667,,0.5098982211626628,0.0,0,0.0,0.0,0,0.0,0.0,0,0.6675300778012404,0.5666666666666667,tree.cpss_one_se,cpss_one_se,tree,,0.6277777777777778,tree.final_development_selection_frequency,0,OK,0.0,0.0,0.0,False,,0.7288067246942442,0.686092278476499,0.04271444621774522,0.9,4,0,0
E02_2027,E02,2027,0.6,0,0.75,0.0,0,0.4,0.0,0,1.0,0.25,1,0.7517943746359559,0.5995550611790879,screen.fixed_k.k01,fixed_k,screen,1,0.61,screen.final_ranker_score,1,OK,0.4,1.0,0.25,False,,,,,,,,
E02_2027,E02,2027,0.7166666666666667,0,0.75,0.0,0,0.6666666666666666,0.0,0,1.0,0.5,2,0.6150615554359364,0.7146853146853147,screen.fixed_k.k02,fixed_k,screen,2,0.7322222222222222,screen.final_ranker_score,2,OK,0.6666666666666666,1.0,0.5,False,,,,,,,,
E02_2027,E02,2027,0.7,0,0.75,0.5,2,0.5,0.5,2,0.5,0.5,2,0.6205125626972879,0.696969696969697,screen.fixed_k.k04,fixed_k,screen,4,0.7277777777777777,screen.final_ranker_score,4,OK,0.5,0.5,0.5,False,,,,,,,,
E02_2027,E02,2027,0.7,0,0.75,0.5,4,0.6666666666666666,0.5,4,0.5,1.0,4,0.5786627707675579,0.699666295884316,screen.fixed_k.k08,fixed_k,screen,8,0.7588888888888888,screen.final_ranker_score,8,OK,0.6666666666666666,0.5,1.0,False,,,,,,,,
E02_2027,E02,2027,0.7,0,0.75,0.75,12,0.4,0.75,12,0.25,1.0,4,0.6105906209442394,0.699666295884316,screen.fixed_k.k16,fixed_k,screen,16,0.7522222222222222,screen.final_ranker_score,16,OK,0.4,0.25,1.0,False,,,,,,,,
E02_2027,E02,2027,0.6,0,0.75,0.0,0,0.4,0.0,0,1.0,0.25,1,0.7517943746359559,0.5995550611790879,screen.validation_one_se,validation_one_se,screen,,0.61,screen.final_ranker_score,1,OK,0.4,1.0,0.25,False,1,0.7013680259635519,0.6402961662878565,0.061071859675695346,,,,
E02_2027,E02,2027,0.5666666666666667,,0.6257518796992481,0.0,0,0.0,0.0,0,0.0,0.0,0,0.6675300778012404,0.5666666666666667,screen.cpss_one_se,cpss_one_se,screen,,0.6277777777777778,screen.final_development_selection_frequency,0,OK,0.0,0.0,0.0,False,,0.7013680259635519,0.686092278476499,0.04271444621774522,0.9,4,0,0
E02_2029,E02,2029,0.6333333333333333,0,0.39017857142857143,1.0,1,0.4,0.0,0,1.0,0.25,1,0.6785128774725523,0.6316964285714286,shil.fixed_k.k01,fixed_k,shil,1,0.6644444444444444,shil.final_ranker_score,1,OK,0.0,0.0,0.0,False,,,,,,,,
E02_2029,E02,2029,0.65,0,0.39017857142857143,0.5,1,0.3333333333333333,0.5,1,0.5,0.25,1,0.6725823619708005,0.6475524475524476,shil.fixed_k.k02,fixed_k,shil,2,0.6822222222222222,shil.final_ranker_score,2,OK,0.3333333333333333,0.5,0.25,False,,,,,,,,
E02_2029,E02,2029,0.7,0,0.39017857142857143,0.75,3,0.5,0.5,2,0.5,0.5,2,0.691548213086356,0.6986607142857143,shil.fixed_k.k04,fixed_k,shil,4,0.7233333333333333,shil.final_ranker_score,4,OK,0.25,0.25,0.25,False,,,,,,,,
E02_2029,E02,2029,0.6833333333333333,0,0.39017857142857143,0.625,5,0.5,0.625,5,0.375,0.75,3,0.674629044473223,0.6832453459294248,shil.fixed_k.k08,fixed_k,shil,8,0.7422222222222221,shil.final_ranker_score,8,OK,0.5,0.375,0.75,False,,,,,,,,
E02_2029,E02,2029,0.65,0,0.39017857142857143,0.75,12,0.4,0.75,12,0.25,1.0,4,0.7223478945733244,0.6475524475524476,shil.fixed_k.k16,fixed_k,shil,16,0.7188888888888889,shil.final_ranker_score,16,OK,0.4,0.25,1.0,False,,,,,,,,
E02_2029,E02,2029,0.7,0,0.39017857142857143,0.75,3,0.5,0.5,2,0.5,0.5,2,0.691548213086356,0.6986607142857143,shil.validation_one_se,validation_one_se,shil,,0.7233333333333333,shil.final_ranker_score,4,OK,0.25,0.25,0.25,False,4,0.8252025424921268,0.7092049437551998,0.11599759873692693,,,,
E02_2029,E02,2029,0.5,,0.4472222222222222,0.0,0,0.0,0.0,0,0.0,0.0,0,0.7234954846791382,0.5,shil.cpss_one_se,cpss_one_se,shil,,0.5555555555555556,shil.final_development_selection_frequency,0,OK,0.0,0.0,0.0,False,,0.9532358956378069,0.8783180213318577,0.07491787430594916,0.9,4,0,0
E02_2029,E02,2029,0.5333333333333333,0,0.8041666666666667,0.0,0,0.4,0.0,0,1.0,0.25,1,0.6987253605881404,0.5333333333333333,l1.fixed_k.k01,fixed_k,l1,1,0.5988888888888888,l1.final_ranker_score,1,OK,0.4,1.0,0.25,False,,,,,,,,
E02_2029,E02,2029,0.6666666666666666,0,0.8041666666666667,0.5,1,0.6666666666666666,0.0,0,1.0,0.5,2,0.6725895452283074,0.6662958843159066,l1.fixed_k.k02,fixed_k,l1,2,0.6900000000000001,l1.final_ranker_score,2,OK,0.3333333333333333,0.5,0.25,False,,,,,,,,
E02_2029,E02,2029,0.6166666666666667,0,0.8041666666666667,0.25,1,1.0,0.0,0,1.0,1.0,4,0.7006628294403082,0.6157059314954052,l1.fixed_k.k04,fixed_k,l1,4,0.7311111111111112,l1.final_ranker_score,4,OK,0.75,0.75,0.75,False,,,,,,,,
E02_2029,E02,2029,0.6833333333333333,0,0.8041666666666667,0.5,4,0.6666666666666666,0.5,4,0.5,1.0,4,0.7359989443658074,0.6811188811188811,l1.fixed_k.k08,fixed_k,l1,8,0.7466666666666667,l1.final_ranker_score,8,OK,0.6666666666666666,0.5,1.0,False,,,,,,,,
E02_2029,E02,2029,0.5666666666666667,0,0.8041666666666667,0.75,12,0.4,0.75,12,0.25,1.0,4,0.9982708595151182,0.5661846496106786,l1.fixed_k.k16,fixed_k,l1,16,0.6777777777777778,l1.final_ranker_score,16,OK,0.4,0.25,1.0,False,,,,,,,,
E02_2029,E02,2029,0.6833333333333333,0,0.8041666666666667,0.5,4,0.6666666666666666,0.5,4,0.5,1.0,4,0.7359989443658074,0.6811188811188811,l1.validation_one_se,validation_one_se,l1,,0.7466666666666667,l1.final_ranker_score,8,OK,0.6666666666666666,0.5,1.0,False,8,0.6568970821128642,0.5618774666891235,0.09501961542374068,,,,
E02_2029,E02,2029,0.5,,0.6708333333333333,0.0,0,0.0,0.0,0,0.0,0.0,0,0.7234954846791382,0.5,l1.cpss_one_se,cpss_one_se,l1,,0.5555555555555556,l1.final_development_selection_frequency,0,OK,0.0,0.0,0.0,False,,0.9532358956378069,0.8783180213318577,0.07491787430594916,0.9,4,0,0
E02_2029,E02,2029,0.6333333333333333,0,0.06780069786535303,1.0,1,0.4,0.0,0,1.0,0.25,1,0.6785128774725523,0.6316964285714286,tree.fixed_k.k01,fixed_k,tree,1,0.6644444444444444,tree.final_ranker_score,1,OK,0.0,0.0,0.0,False,,,,,,,,
E02_2029,E02,2029,0.6,0,0.06780069786535303,1.0,2,0.3333333333333333,0.5,1,0.5,0.25,1,0.6813989148010459,0.5982142857142857,tree.fixed_k.k02,fixed_k,tree,2,0.6555555555555554,tree.final_ranker_score,2,OK,0.0,0.0,0.0,False,,,,,,,,
E02_2029,E02,2029,0.6,0,0.06780069786535303,1.0,4,0.25,0.75,3,0.25,0.25,1,0.7220860346082738,0.5995550611790879,tree.fixed_k.k04,fixed_k,tree,4,0.6277777777777778,tree.final_ranker_score,4,OK,0.0,0.0,0.0,False,,,,,,,,
E02_2029,E02,2029,0.5666666666666667,0,0.06780069786535303,1.0,8,0.16666666666666666,0.875,7,0.125,0.25,1,0.7416642270123636,0.5647321428571428,tree.fixed_k.k08,fixed_k,tree,8,0.6033333333333333,tree.final_ranker_score,8,OK,0.0,0.0,0.0,False,,,,,,,,
E02_2029,E02,2029,0.5833333333333334,0,0.06780069786535303,0.9375,15,0.1,0.9375,15,0.0625,0.25,1,0.7064218208697378,0.5832175604334537,tree.fixed_k.k16,fixed_k,tree,16,0.6477777777777778,tree.final_ranker_score,16,OK,0.1,0.0625,0.25,False,,,,,,,,
E02_2029,E02,2029,0.5666666666666667,0,0.06780069786535303,1.0,8,0.16666666666666666,0.875,7,0.125,0.25,1,0.7416642270123636,0.5647321428571428,tree.validation_one_se,validation_one_se,tree,,0.6033333333333333,tree.final_ranker_score,8,OK,0.0,0.0,0.0,False,8,0.8631816237041795,0.7591933016817863,0.10398832202239312,,,,
E02_2029,E02,2029,0.5,,0.15098180076628354,0.0,0,0.0,0.0,0,0.0,0.0,0,0.7234954846791382,0.5,tree.cpss_one_se,cpss_one_se,tree,,0.5555555555555556,tree.final_development_selection_frequency,0,OK,0.0,0.0,0.0,False,,0.9532358956378069,0.8783180213318577,0.07491787430594916,0.9,4,0,0
E02_2029,E02,2029,0.6333333333333333,0,0.39017857142857143,1.0,1,0.4,0.0,0,1.0,0.25,1,0.6785128774725523,0.6316964285714286,screen.fixed_k.k01,fixed_k,screen,1,0.6644444444444444,screen.final_ranker_score,1,OK,0.0,0.0,0.0,False,,,,,,,,
E02_2029,E02,2029,0.65,0,0.39017857142857143,0.5,1,0.3333333333333333,0.5,1,0.5,0.25,1,0.6725823619708005,0.6475524475524476,screen.fixed_k.k02,fixed_k,screen,2,0.6822222222222222,screen.final_ranker_score,2,OK,0.3333333333333333,0.5,0.25,False,,,,,,,,
E02_2029,E02,2029,0.7,0,0.39017857142857143,0.75,3,0.5,0.5,2,0.5,0.5,2,0.691548213086356,0.6986607142857143,screen.fixed_k.k04,fixed_k,screen,4,0.7233333333333333,screen.final_ranker_score,4,OK,0.25,0.25,0.25,False,,,,,,,,
E02_2029,E02,2029,0.6833333333333333,0,0.39017857142857143,0.625,5,0.5,0.625,5,0.375,0.75,3,0.674629044473223,0.6832453459294248,screen.fixed_k.k08,fixed_k,screen,8,0.7422222222222221,screen.final_ranker_score,8,OK,0.5,0.375,0.75,False,,,,,,,,
E02_2029,E02,2029,0.65,0,0.39017857142857143,0.75,12,0.4,0.75,12,0.25,1.0,4,0.7223478945733244,0.6475524475524476,screen.fixed_k.k16,fixed_k,screen,16,0.7188888888888889,screen.final_ranker_score,16,OK,0.4,0.25,1.0,False,,,,,,,,
E02_2029,E02,2029,0.7,0,0.39017857142857143,0.75,3,0.5,0.5,2,0.5,0.5,2,0.691548213086356,0.6986607142857143,screen.validation_one_se,validation_one_se,screen,,0.7233333333333333,screen.final_ranker_score,4,OK,0.25,0.25,0.25,False,4,0.8252025424921268,0.7092049437551998,0.11599759873692693,,,,
E02_2029,E02,2029,0.5,,0.4131944444444444,0.0,0,0.0,0.0,0,0.0,0.0,0,0.7234954846791382,0.5,screen.cpss_one_se,cpss_one_se,screen,,0.5555555555555556,screen.final_development_selection_frequency,0,OK,0.0,0.0,0.0,False,,0.9532358956378069,0.8783180213318577,0.07491787430594916,0.9,4,0,0
E03_2003,E03,2003,0.6611111111111111,0,1.0,0.0,0,0.4,0.0,0,1.0,0.25,1,0.6086172901574,0.6611006512546683,shil.fixed_k.k01,fixed_k,shil,1,0.7195061728395061,shil.final_ranker_score,1,OK,0.4,1.0,0.25,False,,,,,,,,
E03_2003,E03,2003,0.6777777777777778,0,1.0,0.0,0,0.6666666666666666,0.0,0,1.0,0.5,2,0.5614503154980613,0.6776185770750989,shil.fixed_k.k02,fixed_k,shil,2,0.7666666666666667,shil.final_ranker_score,2,OK,0.6666666666666666,1.0,0.5,False,,,,,,,,
E03_2003,E03,2003,0.7444444444444445,0,1.0,0.0,0,1.0,0.0,0,1.0,1.0,4,0.49788512328615414,0.7439386442355269,shil.fixed_k.k04,fixed_k,shil,4,0.8262962962962964,shil.final_ranker_score,4,OK,1.0,1.0,1.0,False,,,,,,,,
E03_2003,E03,2003,0.7388888888888889,0,1.0,0.5,4,0.6666666666666666,0.5,4,0.5,1.0,4,0.48842052011188347,0.7382344750765804,shil.fixed_k.k08,fixed_k,shil,8,0.8330864197530865,shil.final_ranker_score,8,OK,0.6666666666666666,0.5,1.0,False,,,,,,,,
E03_2003,E03,2003,0.7277777777777777,0,1.0,0.75,12,0.4,0.75,12,0.25,1.0,4,0.5565143697678793,0.7263504079923055,shil.fixed_k.k16,fixed_k,shil,16,0.8060493827160493,shil.final_ranker_score,16,OK,0.4,0.25,1.0,False,,,,,,,,
E03_2003,E03,2003,0.7444444444444445,0,1.0,0.0,0,1.0,0.0,0,1.0,1.0,4,0.49788512328615414,0.7439386442355269,shil.validation_one_se,validation_one_se,shil,,0.8262962962962964,shil.final_ranker_score,4,OK,1.0,1.0,1.0,False,4,0.5340747267761379,0.4885541849733855,0.045520541802752355,,,,
E03_2003,E03,2003,0.7444444444444445,,1.0,0.0,0,1.0,0.0,0,1.0,1.0,4,0.49788512328615414,0.7439386442355269,shil.cpss_one_se,cpss_one_se,shil,,0.8262962962962964,shil.final_development_selection_frequency,4,OK,1.0,1.0,1.0,False,,0.5340747267761379,0.5104424328849815,0.040043594721063024,0.9,8,4,3
E03_2003,E03,2003,0.6611111111111111,0,1.0,0.0,0,0.4,0.0,0,1.0,0.25,1,0.6086172901574,0.6611006512546683,l1.fixed_k.k01,fixed_k,l1,1,0.7195061728395061,l1.final_ranker_score,1,OK,0.4,1.0,0.25,False,,,,,,,,
E03_2003,E03,2003,0.6777777777777778,0,1.0,0.0,0,0.6666666666666666,0.0,0,1.0,0.5,2,0.5614503154980613,0.6776185770750989,l1.fixed_k.k02,fixed_k,l1,2,0.7666666666666667,l1.final_ranker_score,2,OK,0.6666666666666666,1.0,0.5,False,,,,,,,,
E03_2003,E03,2003,0.7444444444444445,0,1.0,0.0,0,1.0,0.0,0,1.0,1.0,4,0.49788512328615414,0.7439386442355269,l1.fixed_k.k04,fixed_k,l1,4,0.8262962962962964,l1.final_ranker_score,4,OK,1.0,1.0,1.0,False,,,,,,,,
E03_2003,E03,2003,0.7555555555555555,0,1.0,0.5,4,0.6666666666666666,0.5,4,0.5,1.0,4,0.5113592872931192,0.7550717466600693,l1.fixed_k.k08,fixed_k,l1,8,0.8279012345679012,l1.final_ranker_score,8,OK,0.6666666666666666,0.5,1.0,False,,,,,,,,
E03_2003,E03,2003,0.7222222222222222,0,1.0,0.75,12,0.4,0.75,12,0.25,1.0,4,0.5729701074739312,0.7219132369299222,l1.fixed_k.k16,fixed_k,l1,16,0.8058024691358023,l1.final_ranker_score,16,OK,0.4,0.25,1.0,False,,,,,,,,
E03_2003,E03,2003,0.7444444444444445,0,1.0,0.0,0,1.0,0.0,0,1.0,1.0,4,0.49788512328615414,0.7439386442355269,l1.validation_one_se,validation_one_se,l1,,0.8262962962962964,l1.final_ranker_score,4,OK,1.0,1.0,1.0,False,4,0.5340747267761379,0.4885541849733855,0.045520541802752355,,,,
E03_2003,E03,2003,0.7444444444444445,,1.0,0.0,0,1.0,0.0,0,1.0,1.0,4,0.49788512328615414,0.7439386442355269,l1.cpss_one_se,cpss_one_se,l1,,0.8262962962962964,l1.final_development_selection_frequency,4,OK,1.0,1.0,1.0,False,,0.5340747267761379,0.4885541849733855,0.045520541802752355,0.9,4,4,4
E03_2003,E03,2003,0.6555555555555556,0,1.0,0.0,0,0.4,0.0,0,1.0,0.25,1,0.6340676758972362,0.6555555555555556,tree.fixed_k.k01,fixed_k,tree,1,0.6846913580246914,tree.final_ranker_score,1,OK,0.4,1.0,0.25,False,,,,,,,,
E03_2003,E03,2003,0.6777777777777778,0,1.0,0.0,0,0.6666666666666666,0.0,0,1.0,0.5,2,0.5614503154980613,0.6776185770750989,tree.fixed_k.k02,fixed_k,tree,2,0.7666666666666667,tree.final_ranker_score,2,OK,0.6666666666666666,1.0,0.5,False,,,,,,,,
E03_2003,E03,2003,0.7444444444444445,0,1.0,0.0,0,1.0,0.0,0,1.0,1.0,4,0.49788512328615425,0.7439386442355269,tree.fixed_k.k04,fixed_k,tree,4,0.8262962962962964,tree.final_ranker_score,4,OK,1.0,1.0,1.0,False,,,,,,,,
E03_2003,E03,2003,0.7555555555555555,0,1.0,0.5,4,0.6666666666666666,0.5,4,0.5,1.0,4,0.4933061736773728,0.7550717466600693,tree.fixed_k.k08,fixed_k,tree,8,0.8297530864197531,tree.final_ranker_score,8,OK,0.6666666666666666,0.5,1.0,False,,,,,,,,
E03_2003,E03,2003,0.7444444444444445,0,1.0,0.75,12,0.4,0.75,12,0.25,1.0,4,0.4861695540148475,0.7439386442355269,tree.fixed_k.k16,fixed_k,tree,16,0.8362962962962963,tree.final_ranker_score,16,OK,0.4,0.25,1.0,False,,,,,,,,
E03_2003,E03,2003,0.7444444444444445,0,1.0,0.0,0,1.0,0.0,0,1.0,1.0,4,0.49788512328615425,0.7439386442355269,tree.validation_one_se,validation_one_se,tree,,0.8262962962962964,tree.final_ranker_score,4,OK,1.0,1.0,1.0,False,4,0.5340747267761379,0.4885541849733855,0.045520541802752355,,,,
E03_2003,E03,2003,0.6777777777777778,,1.0,0.0,0,0.6666666666666666,0.0,0,1.0,0.5,2,0.5614503154980613,0.6776185770750989,tree.cpss_one_se,cpss_one_se,tree,,0.7666666666666667,tree.final_development_selection_frequency,2,OK,0.6666666666666666,1.0,0.5,False,,0.5683675427852497,0.552024810108863,0.038102439024527014,0.6,4,2,2
E03_2003,E03,2003,0.6611111111111111,0,1.0,0.0,0,0.4,0.0,0,1.0,0.25,1,0.6086172901574,0.6611006512546683,screen.fixed_k.k01,fixed_k,screen,1,0.7195061728395061,screen.final_ranker_score,1,OK,0.4,1.0,0.25,False,,,,,,,,
E03_2003,E03,2003,0.6777777777777778,0,1.0,0.0,0,0.6666666666666666,0.0,0,1.0,0.5,2,0.5614503154980613,0.6776185770750989,screen.fixed_k.k02,fixed_k,screen,2,0.7666666666666667,screen.final_ranker_score,2,OK,0.6666666666666666,1.0,0.5,False,,,,,,,,
E03_2003,E03,2003,0.7444444444444445,0,1.0,0.0,0,1.0,0.0,0,1.0,1.0,4,0.49788512328615414,0.7439386442355269,screen.fixed_k.k04,fixed_k,screen,4,0.8262962962962964,screen.final_ranker_score,4,OK,1.0,1.0,1.0,False,,,,,,,,
E03_2003,E03,2003,0.7388888888888889,0,1.0,0.5,4,0.6666666666666666,0.5,4,0.5,1.0,4,0.48842052011188347,0.7382344750765804,screen.fixed_k.k08,fixed_k,screen,8,0.8330864197530865,screen.final_ranker_score,8,OK,0.6666666666666666,0.5,1.0,False,,,,,,,,
E03_2003,E03,2003,0.7277777777777777,0,1.0,0.75,12,0.4,0.75,12,0.25,1.0,4,0.5565143697678793,0.7263504079923055,screen.fixed_k.k16,fixed_k,screen,16,0.8060493827160493,screen.final_ranker_score,16,OK,0.4,0.25,1.0,False,,,,,,,,
E03_2003,E03,2003,0.7444444444444445,0,1.0,0.0,0,1.0,0.0,0,1.0,1.0,4,0.49788512328615414,0.7439386442355269,screen.validation_one_se,validation_one_se,screen,,0.8262962962962964,screen.final_ranker_score,4,OK,1.0,1.0,1.0,False,4,0.5340747267761379,0.4885541849733855,0.045520541802752355,,,,
E03_2003,E03,2003,0.7444444444444445,,1.0,0.0,0,1.0,0.0,0,1.0,1.0,4,0.49788512328615414,0.7439386442355269,screen.cpss_one_se,cpss_one_se,screen,,0.8262962962962964,screen.final_development_selection_frequency,4,OK,1.0,1.0,1.0,False,,0.5340747267761379,0.5104424328849815,0.040043594721063024,0.9,8,4,3
E03_2011,E03,2011,0.5888888888888889,0,1.0,0.0,0,0.4,0.0,0,1.0,0.25,1,0.6530675956337861,0.5888381281639709,shil.fixed_k.k01,fixed_k,shil,1,0.6543209876543211,shil.final_ranker_score,1,OK,0.4,1.0,0.25,False,,,,,,,,
E03_2011,E03,2011,0.6888888888888889,0,1.0,0.0,0,0.6666666666666666,0.0,0,1.0,0.5,2,0.5770282105755478,0.686411149825784,shil.fixed_k.k02,fixed_k,shil,2,0.7664197530864199,shil.final_ranker_score,2,OK,0.6666666666666666,1.0,0.5,False,,,,,,,,
E03_2011,E03,2011,0.7722222222222223,0,1.0,0.0,0,1.0,0.0,0,1.0,1.0,4,0.47261518638326455,0.7710278924017251,shil.fixed_k.k04,fixed_k,shil,4,0.8539506172839506,shil.final_ranker_score,4,OK,1.0,1.0,1.0,False,,,,,,,,
E03_2011,E03,2011,0.7722222222222223,0,1.0,0.5,4,0.6666666666666666,0.5,4,0.5,1.0,4,0.4725987295370753,0.771651350598719,shil.fixed_k.k08,fixed_k,shil,8,0.8566666666666667,shil.final_ranker_score,8,OK,0.6666666666666666,0.5,1.0,False,,,,,,,,
E03_2011,E03,2011,0.7611111111111111,0,1.0,0.75,12,0.4,0.75,12,0.25,1.0,4,0.4745230970948934,0.7602156200625794,shil.fixed_k.k16,fixed_k,shil,16,0.8591358024691358,shil.final_ranker_score,16,OK,0.4,0.25,1.0,False,,,,,,,,
E03_2011,E03,2011,0.7722222222222223,0,1.0,0.0,0,1.0,0.0,0,1.0,1.0,4,0.47261518638326455,0.7710278924017251,shil.validation_one_se,validation_one_se,shil,,0.8539506172839506,shil.final_ranker_score,4,OK,1.0,1.0,1.0,False,4,0.46542926505824556,0.42592406381166115,0.03950520124658442,,,,
E03_2011,E03,2011,0.7722222222222223,,1.0,0.0,0,1.0,0.0,0,1.0,1.0,4,0.47261518638326455,0.7710278924017251,shil.cpss_one_se,cpss_one_se,shil,,0.8539506172839506,shil.final_development_selection_frequency,4,OK,1.0,1.0,1.0,False,,0.46542926505824556,0.42592406381166115,0.03950520124658442,0.6,8,4,4
E03_2011,E03,2011,0.5888888888888889,0,1.0,0.0,0,0.4,0.0,0,1.0,0.25,1,0.6530675956337861,0.5888381281639709,l1.fixed_k.k01,fixed_k,l1,1,0.6543209876543211,l1.final_ranker_score,1,OK,0.4,1.0,0.25,False,,,,,,,,
E03_2011,E03,2011,0.6888888888888889,0,1.0,0.0,0,0.6666666666666666,0.0,0,1.0,0.5,2,0.5770282105755478,0.686411149825784,l1.fixed_k.k02,fixed_k,l1,2,0.7664197530864199,l1.final_ranker_score,2,OK,0.6666666666666666,1.0,0.5,False,,,,,,,,
E03_2011,E03,2011,0.7722222222222223,0,1.0,0.0,0,1.0,0.0,0,1.0,1.0,4,0.47261518638326455,0.7710278924017251,l1.fixed_k.k04,fixed_k,l1,4,0.8539506172839506,l1.final_ranker_score,4,OK,1.0,1.0,1.0,False,,,,,,,,
E03_2011,E03,2011,0.7444444444444445,0,1.0,0.5,4,0.6666666666666666,0.5,4,0.5,1.0,4,0.4936673592531822,0.7433035714285714,l1.fixed_k.k08,fixed_k,l1,8,0.8449382716049383,l1.final_ranker_score,8,OK,0.6666666666666666,0.5,1.0,False,,,,,,,,
E03_2011,E03,2011,0.7444444444444445,0,1.0,0.75,12,0.4,0.75,12,0.25,1.0,4,0.5185971631017696,0.7441601779755284,l1.fixed_k.k16,fixed_k,l1,16,0.837037037037037,l1.final_ranker_score,16,OK,0.4,0.25,1.0,False,,,,,,,,
E03_2011,E03,2011,0.7722222222222223,0,1.0,0.0,0,1.0,0.0,0,1.0,1.0,4,0.47261518638326455,0.7710278924017251,l1.validation_one_se,validation_one_se,l1,,0.8539506172839506,l1.final_ranker_score,4,OK,1.0,1.0,1.0,False,4,0.46542926505824556,0.42592406381166115,0.03950520124658442,,,,
E03_2011,E03,2011,0.7722222222222223,,1.0,0.0,0,1.0,0.0,0,1.0,1.0,4,0.47261518638326455,0.7710278924017251,l1.cpss_one_se,cpss_one_se,l1,,0.8539506172839506,l1.final_development_selection_frequency,4,OK,1.0,1.0,1.0,False,,0.46542926505824556,0.42592406381166115,0.03950520124658442,0.8,4,4,4
E03_2011,E03,2011,0.6611111111111111,0,1.0,0.0,0,0.4,0.0,0,1.0,0.25,1,0.6311323340080967,0.6587412587412587,tree.fixed_k.k01,fixed_k,tree,1,0.7055555555555555,tree.final_ranker_score,1,OK,0.4,1.0,0.25,False,,,,,,,,
E03_2011,E03,2011,0.6888888888888889,0,1.0,0.0,0,0.6666666666666666,0.0,0,1.0,0.5,2,0.5770282105755478,0.686411149825784,tree.fixed_k.k02,fixed_k,tree,2,0.7664197530864199,tree.final_ranker_score,2,OK,0.6666666666666666,1.0,0.5,False,,,,,,,,
E03_2011,E03,2011,0.7722222222222223,0,1.0,0.0,0,1.0,0.0,0,1.0,1.0,4,0.47261518638326455,0.7710278924017251,tree.fixed_k.k04,fixed_k,tree,4,0.8539506172839506,tree.final_ranker_score,4,OK,1.0,1.0,1.0,False,,,,,,,,
E03_2011,E03,2011,0.7666666666666667,0,1.0,0.5,4,0.6666666666666666,0.5,4,0.5,1.0,4,0.4737224034712663,0.7659442724458204,tree.fixed_k.k08,fixed_k,tree,8,0.8567901234567902,tree.final_ranker_score,8,OK,0.6666666666666666,0.5,1.0,False,,,,,,,,
E03_2011,E03,2011,0.7777777777777778,0,1.0,0.75,12,0.4,0.75,12,0.25,1.0,4,0.46667223360050275,0.7770897832817337,tree.fixed_k.k16,fixed_k,tree,16,0.8614814814814815,tree.final_ranker_score,16,OK,0.4,0.25,1.0,False,,,,,,,,
E03_2011,E03,2011,0.7666666666666667,0,1.0,0.5,4,0.6666666666666666,0.5,4,0.5,1.0,4,0.4737224034712663,0.7659442724458204,tree.validation_one_se,validation_one_se,tree,,0.8567901234567902,tree.final_ranker_score,8,OK,0.6666666666666666,0.5,1.0,False,8,0.474299475302855,0.43445445054678933,0.03984502475606566,,,,
E03_2011,E03,2011,0.6888888888888889,,1.0,0.0,0,0.6666666666666666,0.0,0,1.0,0.5,2,0.5770282105755478,0.686411149825784,tree.cpss_one_se,cpss_one_se,tree,,0.7664197530864199,tree.final_development_selection_frequency,2,OK,0.6666666666666666,1.0,0.5,False,,0.5948259461921324,0.5576385977531728,0.03718734843895957,0.7,4,2,2
E03_2011,E03,2011,0.5888888888888889,0,1.0,0.0,0,0.4,0.0,0,1.0,0.25,1,0.6530675956337861,0.5888381281639709,screen.fixed_k.k01,fixed_k,screen,1,0.6543209876543211,screen.final_ranker_score,1,OK,0.4,1.0,0.25,False,,,,,,,,
E03_2011,E03,2011,0.6888888888888889,0,1.0,0.0,0,0.6666666666666666,0.0,0,1.0,0.5,2,0.5770282105755478,0.686411149825784,screen.fixed_k.k02,fixed_k,screen,2,0.7664197530864199,screen.final_ranker_score,2,OK,0.6666666666666666,1.0,0.5,False,,,,,,,,
E03_2011,E03,2011,0.7722222222222223,0,1.0,0.0,0,1.0,0.0,0,1.0,1.0,4,0.47261518638326455,0.7710278924017251,screen.fixed_k.k04,fixed_k,screen,4,0.8539506172839506,screen.final_ranker_score,4,OK,1.0,1.0,1.0,False,,,,,,,,
E03_2011,E03,2011,0.7722222222222223,0,1.0,0.5,4,0.6666666666666666,0.5,4,0.5,1.0,4,0.4725987295370753,0.771651350598719,screen.fixed_k.k08,fixed_k,screen,8,0.8566666666666667,screen.final_ranker_score,8,OK,0.6666666666666666,0.5,1.0,False,,,,,,,,
E03_2011,E03,2011,0.7611111111111111,0,1.0,0.75,12,0.4,0.75,12,0.25,1.0,4,0.4745230970948934,0.7602156200625794,screen.fixed_k.k16,fixed_k,screen,16,0.8591358024691358,screen.final_ranker_score,16,OK,0.4,0.25,1.0,False,,,,,,,,
E03_2011,E03,2011,0.7722222222222223,0,1.0,0.0,0,1.0,0.0,0,1.0,1.0,4,0.47261518638326455,0.7710278924017251,screen.validation_one_se,validation_one_se,screen,,0.8539506172839506,screen.final_ranker_score,4,OK,1.0,1.0,1.0,False,4,0.46542926505824556,0.42592406381166115,0.03950520124658442,,,,
E03_2011,E03,2011,0.7722222222222223,,1.0,0.0,0,1.0,0.0,0,1.0,1.0,4,0.47261518638326455,0.7710278924017251,screen.cpss_one_se,cpss_one_se,screen,,0.8539506172839506,screen.final_development_selection_frequency,4,OK,1.0,1.0,1.0,False,,0.46542926505824556,0.42592406381166115,0.03950520124658442,0.6,8,4,4
E03_2017,E03,2017,0.5833333333333334,0,1.0,0.0,0,0.4,0.0,0,1.0,0.25,1,0.6374716720312746,0.5833204728541004,shil.fixed_k.k01,fixed_k,shil,1,0.6703703703703703,shil.final_ranker_score,1,OK,0.4,1.0,0.25,False,,,,,,,,
E03_2017,E03,2017,0.6833333333333333,0,1.0,0.0,0,0.6666666666666666,0.0,0,1.0,0.5,2,0.6001245842950393,0.6833235593691163,shil.fixed_k.k02,fixed_k,shil,2,0.7409876543209876,shil.final_ranker_score,2,OK,0.6666666666666666,1.0,0.5,False,,,,,,,,
E03_2017,E03,2017,0.7944444444444444,0,1.0,0.0,0,1.0,0.0,0,1.0,1.0,4,0.49275351680317375,0.7944380999413563,shil.fixed_k.k04,fixed_k,shil,4,0.8458024691358025,shil.final_ranker_score,4,OK,1.0,1.0,1.0,False,,,,,,,,
E03_2017,E03,2017,0.7666666666666667,0,1.0,0.5,4,0.6666666666666666,0.5,4,0.5,1.0,4,0.5277548258878015,0.7664071190211346,shil.fixed_k.k08,fixed_k,shil,8,0.8281481481481481,shil.final_ranker_score,8,OK,0.6666666666666666,0.5,1.0,False,,,,,,,,
E03_2017,E03,2017,0.7611111111111111,0,1.0,0.75,12,0.4,0.75,12,0.25,1.0,4,0.5497008626397704,0.7610447346485134,shil.fixed_k.k16,fixed_k,shil,16,0.8180246913580246,shil.final_ranker_score,16,OK,0.4,0.25,1.0,False,,,,,,,,
E03_2017,E03,2017,0.7944444444444444,0,1.0,0.0,0,1.0,0.0,0,1.0,1.0,4,0.49275351680317375,0.7944380999413563,shil.validation_one_se,validation_one_se,shil,,0.8458024691358025,shil.final_ranker_score,4,OK,1.0,1.0,1.0,False,4,0.523183549669022,0.479628600592253,0.04355494907676909,,,,
E03_2017,E03,2017,0.7388888888888889,,1.0,0.0,0,0.8571428571428571,0.0,0,1.0,0.75,3,0.5207519105608864,0.738816337871631,shil.cpss_one_se,cpss_one_se,shil,,0.8202469135802469,shil.final_development_selection_frequency,3,OK,0.8571428571428571,1.0,0.75,False,,0.523183549669022,0.5018416860014326,0.03618624909653629,0.8,4,3,3
E03_2017,E03,2017,0.5833333333333334,0,1.0,0.0,0,0.4,0.0,0,1.0,0.25,1,0.6374716720312746,0.5833204728541004,l1.fixed_k.k01,fixed_k,l1,1,0.6703703703703703,l1.final_ranker_score,1,OK,0.4,1.0,0.25,False,,,,,,,,
E03_2017,E03,2017,0.6777777777777778,0,1.0,0.0,0,0.6666666666666666,0.0,0,1.0,0.5,2,0.5721220025332051,0.677737992344734,l1.fixed_k.k02,fixed_k,l1,2,0.7618518518518519,l1.final_ranker_score,2,OK,0.6666666666666666,1.0,0.5,False,,,,,,,,
E03_2017,E03,2017,0.7944444444444444,0,1.0,0.0,0,1.0,0.0,0,1.0,1.0,4,0.49275351680317375,0.7944380999413563,l1.fixed_k.k04,fixed_k,l1,4,0.8458024691358025,l1.final_ranker_score,4,OK,1.0,1.0,1.0,False,,,,,,,,
E03_2017,E03,2017,0.7722222222222223,0,1.0,0.5,4,0.6666666666666666,0.5,4,0.5,1.0,4,0.5264970269016381,0.7721589330369547,l1.fixed_k.k08,fixed_k,l1,8,0.8227160493827161,l1.final_ranker_score,8,OK,0.6666666666666666,0.5,1.0,False,,,,,,,,
E03_2017,E03,2017,0.7611111111111111,0,1.0,0.75,12,0.4,0.75,12,0.25,1.0,4,0.5385307207965903,0.760926640926641,l1.fixed_k.k16,fixed_k,l1,16,0.8207407407407408,l1.final_ranker_score,16,OK,0.4,0.25,1.0,False,,,,,,,,
E03_2017,E03,2017,0.7944444444444444,0,1.0,0.0,0,1.0,0.0,0,1.0,1.0,4,0.49275351680317375,0.7944380999413563,l1.validation_one_se,validation_one_se,l1,,0.8458024691358025,l1.final_ranker_score,4,OK,1.0,1.0,1.0,False,4,0.523183549669022,0.479628600592253,0.04355494907676909,,,,
E03_2017,E03,2017,0.7944444444444444,,1.0,0.0,0,1.0,0.0,0,1.0,1.0,4,0.49275351680317375,0.7944380999413563,l1.cpss_one_se,cpss_one_se,l1,,0.8458024691358025,l1.final_development_selection_frequency,4,OK,1.0,1.0,1.0,False,,0.523183549669022,0.479628600592253,0.04355494907676909,0.9,4,4,4
E03_2017,E03,2017,0.5833333333333334,0,1.0,0.0,0,0.4,0.0,0,1.0,0.25,1,0.6374716720312746,0.5833204728541004,tree.fixed_k.k01,fixed_k,tree,1,0.6703703703703703,tree.final_ranker_score,1,OK,0.4,1.0,0.25,False,,,,,,,,
E03_2017,E03,2017,0.6833333333333333,0,1.0,0.0,0,0.6666666666666666,0.0,0,1.0,0.5,2,0.6001245842950393,0.6833235593691163,tree.fixed_k.k02,fixed_k,tree,2,0.7409876543209876,tree.final_ranker_score,2,OK,0.6666666666666666,1.0,0.5,False,,,,,,,,
E03_2017,E03,2017,0.7944444444444444,0,1.0,0.0,0,1.0,0.0,0,1.0,1.0,4,0.49275351680317375,0.7944380999413563,tree.fixed_k.k04,fixed_k,tree,4,0.8458024691358025,tree.final_ranker_score,4,OK,1.0,1.0,1.0,False,,,,,,,,
E03_2017,E03,2017,0.7888888888888889,0,1.0,0.5,4,0.6666666666666666,0.5,4,0.5,1.0,4,0.5235449557012217,0.7887845849802371,tree.fixed_k.k08,fixed_k,tree,8,0.8311111111111111,tree.final_ranker_score,8,OK,0.6666666666666666,0.5,1.0,False,,,,,,,,
E03_2017,E03,2017,0.7666666666666667,0,1.0,0.75,12,0.4,0.75,12,0.25,1.0,4,0.5425820782393015,0.7665513833992095,tree.fixed_k.k16,fixed_k,tree,16,0.8187654320987654,tree.final_ranker_score,16,OK,0.4,0.25,1.0,False,,,,,,,,
E03_2017,E03,2017,0.6833333333333333,0,1.0,0.0,0,0.6666666666666666,0.0,0,1.0,0.5,2,0.6001245842950393,0.6833235593691163,tree.validation_one_se,validation_one_se,tree,,0.7409876543209876,tree.final_ranker_score,2,OK,0.6666666666666666,1.0,0.5,False,2,0.5394706537127316,0.5192027660751591,0.03115862504039601,,,,
E03_2017,E03,2017,0.7944444444444444,,1.0,0.0,0,1.0,0.0,0,1.0,1.0,4,0.49275351680317375,0.7944380999413563,tree.cpss_one_se,cpss_one_se,tree,,0.8458024691358025,tree.final_development_selection_frequency,4,OK,1.0,1.0,1.0,False,,0.523183549669022,0.5018416860014326,0.03618624909653629,0.6,8,4,3
E03_2017,E03,2017,0.5833333333333334,0,1.0,0.0,0,0.4,0.0,0,1.0,0.25,1,0.6374716720312746,0.5833204728541004,screen.fixed_k.k01,fixed_k,screen,1,0.6703703703703703,screen.final_ranker_score,1,OK,0.4,1.0,0.25,False,,,,,,,,
E03_2017,E03,2017,0.6833333333333333,0,1.0,0.0,0,0.6666666666666666,0.0,0,1.0,0.5,2,0.6001245842950393,0.6833235593691163,screen.fixed_k.k02,fixed_k,screen,2,0.7409876543209876,screen.final_ranker_score,2,OK,0.6666666666666666,1.0,0.5,False,,,,,,,,
E03_2017,E03,2017,0.7944444444444444,0,1.0,0.0,0,1.0,0.0,0,1.0,1.0,4,0.49275351680317375,0.7944380999413563,screen.fixed_k.k04,fixed_k,screen,4,0.8458024691358025,screen.final_ranker_score,4,OK,1.0,1.0,1.0,False,,,,,,,,
E03_2017,E03,2017,0.7666666666666667,0,1.0,0.5,4,0.6666666666666666,0.5,4,0.5,1.0,4,0.5277548258878015,0.7664071190211346,screen.fixed_k.k08,fixed_k,screen,8,0.8281481481481481,screen.final_ranker_score,8,OK,0.6666666666666666,0.5,1.0,False,,,,,,,,
E03_2017,E03,2017,0.7611111111111111,0,1.0,0.75,12,0.4,0.75,12,0.25,1.0,4,0.5497008626397704,0.7610447346485134,screen.fixed_k.k16,fixed_k,screen,16,0.8180246913580246,screen.final_ranker_score,16,OK,0.4,0.25,1.0,False,,,,,,,,
E03_2017,E03,2017,0.7944444444444444,0,1.0,0.0,0,1.0,0.0,0,1.0,1.0,4,0.49275351680317375,0.7944380999413563,screen.validation_one_se,validation_one_se,screen,,0.8458024691358025,screen.final_ranker_score,4,OK,1.0,1.0,1.0,False,4,0.523183549669022,0.479628600592253,0.04355494907676909,,,,
E03_2017,E03,2017,0.7388888888888889,,1.0,0.0,0,0.8571428571428571,0.0,0,1.0,0.75,3,0.5207519105608864,0.738816337871631,screen.cpss_one_se,cpss_one_se,screen,,0.8202469135802469,screen.final_development_selection_frequency,3,OK,0.8571428571428571,1.0,0.75,False,,0.523183549669022,0.5018416860014326,0.03618624909653629,0.8,4,3,3
E03_2027,E03,2027,0.5777777777777777,0,1.0,0.0,0,0.4,0.0,0,1.0,0.25,1,0.6489613694050835,0.5777256451413755,shil.fixed_k.k01,fixed_k,shil,1,0.650246913580247,shil.final_ranker_score,1,OK,0.4,1.0,0.25,False,,,,,,,,
E03_2027,E03,2027,0.6277777777777778,0,1.0,0.0,0,0.6666666666666666,0.0,0,1.0,0.5,2,0.5949951031516056,0.6276743539872187,shil.fixed_k.k02,fixed_k,shil,2,0.7223456790123456,shil.final_ranker_score,2,OK,0.6666666666666666,1.0,0.5,False,,,,,,,,
E03_2027,E03,2027,0.7555555555555555,0,1.0,0.0,0,1.0,0.0,0,1.0,1.0,4,0.5016761631896404,0.7552836484983314,shil.fixed_k.k04,fixed_k,shil,4,0.8285185185185185,shil.final_ranker_score,4,OK,1.0,1.0,1.0,False,,,,,,,,
E03_2027,E03,2027,0.7388888888888889,0,1.0,0.5,4,0.6666666666666666,0.5,4,0.5,1.0,4,0.5167760426785097,0.738816337871631,shil.fixed_k.k08,fixed_k,shil,8,0.8260493827160494,shil.final_ranker_score,8,OK,0.6666666666666666,0.5,1.0,False,,,,,,,,
E03_2027,E03,2027,0.7055555555555556,0,1.0,0.75,12,0.4,0.75,12,0.25,1.0,4,0.5284295424833176,0.7054737427063074,shil.fixed_k.k16,fixed_k,shil,16,0.8127160493827161,shil.final_ranker_score,16,OK,0.4,0.25,1.0,False,,,,,,,,
E03_2027,E03,2027,0.7555555555555555,0,1.0,0.0,0,1.0,0.0,0,1.0,1.0,4,0.5016761631896404,0.7552836484983314,shil.validation_one_se,validation_one_se,shil,,0.8285185185185185,shil.final_ranker_score,4,OK,1.0,1.0,1.0,False,4,0.6182882994409209,0.5725917285727504,0.04569657086817052,,,,
E03_2027,E03,2027,0.7555555555555555,,1.0,0.0,0,1.0,0.0,0,1.0,1.0,4,0.5016761631896404,0.7552836484983314,shil.cpss_one_se,cpss_one_se,shil,,0.8285185185185185,shil.final_development_selection_frequency,4,OK,1.0,1.0,1.0,False,,0.6182882994409209,0.6128746604877254,0.04332009144117471,0.6,4,4,3
E03_2027,E03,2027,0.5777777777777777,0,1.0,0.0,0,0.4,0.0,0,1.0,0.25,1,0.6489613694050835,0.5777256451413755,l1.fixed_k.k01,fixed_k,l1,1,0.650246913580247,l1.final_ranker_score,1,OK,0.4,1.0,0.25,False,,,,,,,,
E03_2027,E03,2027,0.6277777777777778,0,1.0,0.0,0,0.6666666666666666,0.0,0,1.0,0.5,2,0.5949951031516056,0.6276743539872187,l1.fixed_k.k02,fixed_k,l1,2,0.7223456790123456,l1.final_ranker_score,2,OK,0.6666666666666666,1.0,0.5,False,,,,,,,,
E03_2027,E03,2027,0.7555555555555555,0,1.0,0.0,0,1.0,0.0,0,1.0,1.0,4,0.5016761631896404,0.7552836484983314,l1.fixed_k.k04,fixed_k,l1,4,0.8285185185185185,l1.final_ranker_score,4,OK,1.0,1.0,1.0,False,,,,,,,,
E03_2027,E03,2027,0.7166666666666667,0,1.0,0.5,4,0.6666666666666666,0.5,4,0.5,1.0,4,0.5519199592241206,0.7162375197057278,l1.fixed_k.k08,fixed_k,l1,8,0.7896296296296296,l1.final_ranker_score,8,OK,0.6666666666666666,0.5,1.0,False,,,,,,,,
E03_2027,E03,2027,0.6777777777777778,0,1.0,0.75,12,0.4,0.75,12,0.25,1.0,4,0.622030450356309,0.6771400296882731,l1.fixed_k.k16,fixed_k,l1,16,0.7620987654320988,l1.final_ranker_score,16,OK,0.4,0.25,1.0,False,,,,,,,,
E03_2027,E03,2027,0.7555555555555555,0,1.0,0.0,0,1.0,0.0,0,1.0,1.0,4,0.5016761631896404,0.7552836484983314,l1.validation_one_se,validation_one_se,l1,,0.8285185185185185,l1.final_ranker_score,4,OK,1.0,1.0,1.0,False,4,0.6182882994409209,0.5725917285727504,0.04569657086817052,,,,
E03_2027,E03,2027,0.7555555555555555,,1.0,0.0,0,1.0,0.0,0,1.0,1.0,4,0.5016761631896404,0.7552836484983314,l1.cpss_one_se,cpss_one_se,l1,,0.8285185185185185,l1.final_development_selection_frequency,4,OK,1.0,1.0,1.0,False,,0.6182882994409209,0.6128746604877254,0.04332009144117471,0.8,4,4,3
E03_2027,E03,2027,0.5777777777777777,0,0.9166666666666666,0.0,0,0.4,0.0,0,1.0,0.25,1,0.6489613694050835,0.5777256451413755,tree.fixed_k.k01,fixed_k,tree,1,0.650246913580247,tree.final_ranker_score,1,OK,0.4,1.0,0.25,False,,,,,,,,
E03_2027,E03,2027,0.6277777777777778,0,0.9166666666666666,0.0,0,0.6666666666666666,0.0,0,1.0,0.5,2,0.5949951031516056,0.6276743539872187,tree.fixed_k.k02,fixed_k,tree,2,0.7223456790123456,tree.final_ranker_score,2,OK,0.6666666666666666,1.0,0.5,False,,,,,,,,
E03_2027,E03,2027,0.6555555555555556,0,0.9166666666666666,0.25,1,0.75,0.25,1,0.75,0.75,3,0.567726718659636,0.6555130262995432,tree.fixed_k.k04,fixed_k,tree,4,0.7574074074074074,tree.final_ranker_score,4,OK,0.75,0.75,0.75,False,,,,,,,,
E03_2027,E03,2027,0.7555555555555555,0,0.9166666666666666,0.5,4,0.6666666666666666,0.5,4,0.5,1.0,4,0.5128414153258579,0.7555555555555555,tree.fixed_k.k08,fixed_k,tree,8,0.8175308641975308,tree.final_ranker_score,8,OK,0.6666666666666666,0.5,1.0,False,,,,,,,,
E03_2027,E03,2027,0.7166666666666667,0,0.9166666666666666,0.75,12,0.4,0.75,12,0.25,1.0,4,0.5395173810778929,0.7165879410947485,tree.fixed_k.k16,fixed_k,tree,16,0.8003703703703704,tree.final_ranker_score,16,OK,0.4,0.25,1.0,False,,,,,,,,
E03_2027,E03,2027,0.6555555555555556,0,0.9166666666666666,0.25,1,0.75,0.25,1,0.75,0.75,3,0.567726718659636,0.6555130262995432,tree.validation_one_se,validation_one_se,tree,,0.7574074074074074,tree.final_ranker_score,4,OK,0.75,0.75,0.75,False,4,0.6182882994409209,0.5725917285727504,0.04569657086817052,,,,
E03_2027,E03,2027,0.6277777777777778,,1.0,0.0,0,0.6666666666666666,0.0,0,1.0,0.5,2,0.5949951031516056,0.6276743539872187,tree.cpss_one_se,cpss_one_se,tree,,0.7223456790123456,tree.final_development_selection_frequency,2,OK,0.6666666666666666,1.0,0.5,False,,0.6561947519289002,0.6509524679738946,0.040425210253478845,0.8,4,2,2
E03_2027,E03,2027,0.5777777777777777,0,1.0,0.0,0,0.4,0.0,0,1.0,0.25,1,0.6489613694050835,0.5777256451413755,screen.fixed_k.k01,fixed_k,screen,1,0.650246913580247,screen.final_ranker_score,1,OK,0.4,1.0,0.25,False,,,,,,,,
E03_2027,E03,2027,0.6277777777777778,0,1.0,0.0,0,0.6666666666666666,0.0,0,1.0,0.5,2,0.5949951031516056,0.6276743539872187,screen.fixed_k.k02,fixed_k,screen,2,0.7223456790123456,screen.final_ranker_score,2,OK,0.6666666666666666,1.0,0.5,False,,,,,,,,
E03_2027,E03,2027,0.7555555555555555,0,1.0,0.0,0,1.0,0.0,0,1.0,1.0,4,0.5016761631896404,0.7552836484983314,screen.fixed_k.k04,fixed_k,screen,4,0.8285185185185185,screen.final_ranker_score,4,OK,1.0,1.0,1.0,False,,,,,,,,
E03_2027,E03,2027,0.7388888888888889,0,1.0,0.5,4,0.6666666666666666,0.5,4,0.5,1.0,4,0.5167760426785097,0.738816337871631,screen.fixed_k.k08,fixed_k,screen,8,0.8260493827160494,screen.final_ranker_score,8,OK,0.6666666666666666,0.5,1.0,False,,,,,,,,
E03_2027,E03,2027,0.7055555555555556,0,1.0,0.75,12,0.4,0.75,12,0.25,1.0,4,0.5284295424833176,0.7054737427063074,screen.fixed_k.k16,fixed_k,screen,16,0.8127160493827161,screen.final_ranker_score,16,OK,0.4,0.25,1.0,False,,,,,,,,
E03_2027,E03,2027,0.7555555555555555,0,1.0,0.0,0,1.0,0.0,0,1.0,1.0,4,0.5016761631896404,0.7552836484983314,screen.validation_one_se,validation_one_se,screen,,0.8285185185185185,screen.final_ranker_score,4,OK,1.0,1.0,1.0,False,4,0.6182882994409209,0.5725917285727504,0.04569657086817052,,,,
E03_2027,E03,2027,0.7555555555555555,,1.0,0.0,0,1.0,0.0,0,1.0,1.0,4,0.5016761631896404,0.7552836484983314,screen.cpss_one_se,cpss_one_se,screen,,0.8285185185185185,screen.final_development_selection_frequency,4,OK,1.0,1.0,1.0,False,,0.6182882994409209,0.6128746604877254,0.04332009144117471,0.6,4,4,3
E03_2029,E03,2029,0.6722222222222223,0,1.0,0.0,0,0.4,0.0,0,1.0,0.25,1,0.6080733002849431,0.6717257580909399,shil.fixed_k.k01,fixed_k,shil,1,0.7250617283950618,shil.final_ranker_score,1,OK,0.4,1.0,0.25,False,,,,,,,,
E03_2029,E03,2029,0.7111111111111111,0,1.0,0.0,0,0.6666666666666666,0.0,0,1.0,0.5,2,0.5871213680795956,0.7109683794466404,shil.fixed_k.k02,fixed_k,shil,2,0.7645679012345679,shil.final_ranker_score,2,OK,0.6666666666666666,1.0,0.5,False,,,,,,,,
E03_2029,E03,2029,0.7777777777777778,0,1.0,0.0,0,1.0,0.0,0,1.0,1.0,4,0.4647695138230872,0.7773379515091539,shil.fixed_k.k04,fixed_k,shil,4,0.8602469135802469,shil.final_ranker_score,4,OK,1.0,1.0,1.0,False,,,,,,,,
E03_2029,E03,2029,0.7444444444444445,0,1.0,0.5,4,0.6666666666666666,0.5,4,0.5,1.0,4,0.46224400855949266,0.7439386442355269,shil.fixed_k.k08,fixed_k,shil,8,0.861358024691358,shil.final_ranker_score,8,OK,0.6666666666666666,0.5,1.0,False,,,,,,,,
E03_2029,E03,2029,0.7222222222222222,0,1.0,0.75,12,0.4,0.75,12,0.25,1.0,4,0.48828583004781445,0.7219132369299222,shil.fixed_k.k16,fixed_k,shil,16,0.8407407407407408,shil.final_ranker_score,16,OK,0.4,0.25,1.0,False,,,,,,,,
E03_2029,E03,2029,0.7777777777777778,0,1.0,0.0,0,1.0,0.0,0,1.0,1.0,4,0.4647695138230872,0.7773379515091539,shil.validation_one_se,validation_one_se,shil,,0.8602469135802469,shil.final_ranker_score,4,OK,1.0,1.0,1.0,False,4,0.5753621201377981,0.5372724080670156,0.03808971207078248,,,,
E03_2029,E03,2029,0.7777777777777778,,1.0,0.0,0,1.0,0.0,0,1.0,1.0,4,0.4647695138230871,0.7773379515091539,shil.cpss_one_se,cpss_one_se,shil,,0.8602469135802469,shil.final_development_selection_frequency,4,OK,1.0,1.0,1.0,False,,0.5753621201377981,0.5549482123433799,0.03281059542189012,0.6,4,4,3
E03_2029,E03,2029,0.6055555555555555,0,1.0,0.0,0,0.4,0.0,0,1.0,0.25,1,0.671174485057459,0.6052509652509652,l1.fixed_k.k01,fixed_k,l1,1,0.6277777777777778,l1.final_ranker_score,1,OK,0.4,1.0,0.25,False,,,,,,,,
E03_2029,E03,2029,0.7111111111111111,0,1.0,0.0,0,0.6666666666666666,0.0,0,1.0,0.5,2,0.5871213680795955,0.7109683794466404,l1.fixed_k.k02,fixed_k,l1,2,0.7645679012345679,l1.final_ranker_score,2,OK,0.6666666666666666,1.0,0.5,False,,,,,,,,
E03_2029,E03,2029,0.7777777777777778,0,1.0,0.0,0,1.0,0.0,0,1.0,1.0,4,0.4647695138230872,0.7773379515091539,l1.fixed_k.k04,fixed_k,l1,4,0.8602469135802469,l1.final_ranker_score,4,OK,1.0,1.0,1.0,False,,,,,,,,
E03_2029,E03,2029,0.7555555555555555,0,1.0,0.5,4,0.6666666666666666,0.5,4,0.5,1.0,4,0.4678664215518183,0.7552836484983314,l1.fixed_k.k08,fixed_k,l1,8,0.8580246913580247,l1.final_ranker_score,8,OK,0.6666666666666666,0.5,1.0,False,,,,,,,,
E03_2029,E03,2029,0.7388888888888889,0,1.0,0.75,12,0.4,0.75,12,0.25,1.0,4,0.5512024698909029,0.7382344750765804,l1.fixed_k.k16,fixed_k,l1,16,0.8277777777777777,l1.final_ranker_score,16,OK,0.4,0.25,1.0,False,,,,,,,,
E03_2029,E03,2029,0.7777777777777778,0,1.0,0.0,0,1.0,0.0,0,1.0,1.0,4,0.4647695138230872,0.7773379515091539,l1.validation_one_se,validation_one_se,l1,,0.8602469135802469,l1.final_ranker_score,4,OK,1.0,1.0,1.0,False,4,0.5753621201377981,0.5372724080670156,0.03808971207078248,,,,
E03_2029,E03,2029,0.7777777777777778,,1.0,0.0,0,1.0,0.0,0,1.0,1.0,4,0.4647695138230871,0.7773379515091539,l1.cpss_one_se,cpss_one_se,l1,,0.8602469135802469,l1.final_development_selection_frequency,4,OK,1.0,1.0,1.0,False,,0.5753621201377981,0.5372724080670156,0.03808971207078248,0.8,4,4,4
E03_2029,E03,2029,0.6722222222222223,0,1.0,0.0,0,0.4,0.0,0,1.0,0.25,1,0.6080733002849431,0.6717257580909399,tree.fixed_k.k01,fixed_k,tree,1,0.7250617283950618,tree.final_ranker_score,1,OK,0.4,1.0,0.25,False,,,,,,,,
E03_2029,E03,2029,0.7111111111111111,0,1.0,0.0,0,0.6666666666666666,0.0,0,1.0,0.5,2,0.5871213680795956,0.7109683794466404,tree.fixed_k.k02,fixed_k,tree,2,0.7645679012345679,tree.final_ranker_score,2,OK,0.6666666666666666,1.0,0.5,False,,,,,,,,
E03_2029,E03,2029,0.7777777777777778,0,1.0,0.0,0,1.0,0.0,0,1.0,1.0,4,0.4647695138230871,0.7773379515091539,tree.fixed_k.k04,fixed_k,tree,4,0.8602469135802469,tree.final_ranker_score,4,OK,1.0,1.0,1.0,False,,,,,,,,
E03_2029,E03,2029,0.7722222222222223,0,1.0,0.5,4,0.6666666666666666,0.5,4,0.5,1.0,4,0.4623422805961517,0.772046332046332,tree.fixed_k.k08,fixed_k,tree,8,0.8623456790123457,tree.final_ranker_score,8,OK,0.6666666666666666,0.5,1.0,False,,,,,,,,
E03_2029,E03,2029,0.7611111111111111,0,1.0,0.75,12,0.4,0.75,12,0.25,1.0,4,0.48592239807942644,0.7607492813205156,tree.fixed_k.k16,fixed_k,tree,16,0.8490123456790123,tree.final_ranker_score,16,OK,0.4,0.25,1.0,False,,,,,,,,
E03_2029,E03,2029,0.7777777777777778,0,1.0,0.0,0,1.0,0.0,0,1.0,1.0,4,0.4647695138230871,0.7773379515091539,tree.validation_one_se,validation_one_se,tree,,0.8602469135802469,tree.final_ranker_score,4,OK,1.0,1.0,1.0,False,4,0.5753621201377981,0.5372724080670156,0.03808971207078248,,,,
E03_2029,E03,2029,0.7777777777777778,,1.0,0.0,0,1.0,0.0,0,1.0,1.0,4,0.4647695138230871,0.7773379515091539,tree.cpss_one_se,cpss_one_se,tree,,0.8602469135802469,tree.final_development_selection_frequency,4,OK,1.0,1.0,1.0,False,,0.58775880776527,0.5549482123433799,0.03281059542189012,0.6,16,4,3
E03_2029,E03,2029,0.6722222222222223,0,1.0,0.0,0,0.4,0.0,0,1.0,0.25,1,0.6080733002849431,0.6717257580909399,screen.fixed_k.k01,fixed_k,screen,1,0.7250617283950618,screen.final_ranker_score,1,OK,0.4,1.0,0.25,False,,,,,,,,
E03_2029,E03,2029,0.7111111111111111,0,1.0,0.0,0,0.6666666666666666,0.0,0,1.0,0.5,2,0.5871213680795956,0.7109683794466404,screen.fixed_k.k02,fixed_k,screen,2,0.7645679012345679,screen.final_ranker_score,2,OK,0.6666666666666666,1.0,0.5,False,,,,,,,,
E03_2029,E03,2029,0.7777777777777778,0,1.0,0.0,0,1.0,0.0,0,1.0,1.0,4,0.4647695138230872,0.7773379515091539,screen.fixed_k.k04,fixed_k,screen,4,0.8602469135802469,screen.final_ranker_score,4,OK,1.0,1.0,1.0,False,,,,,,,,
E03_2029,E03,2029,0.7444444444444445,0,1.0,0.5,4,0.6666666666666666,0.5,4,0.5,1.0,4,0.46224400855949266,0.7439386442355269,screen.fixed_k.k08,fixed_k,screen,8,0.861358024691358,screen.final_ranker_score,8,OK,0.6666666666666666,0.5,1.0,False,,,,,,,,
E03_2029,E03,2029,0.7222222222222222,0,1.0,0.75,12,0.4,0.75,12,0.25,1.0,4,0.48828583004781456,0.7219132369299222,screen.fixed_k.k16,fixed_k,screen,16,0.8407407407407408,screen.final_ranker_score,16,OK,0.4,0.25,1.0,False,,,,,,,,
E03_2029,E03,2029,0.7777777777777778,0,1.0,0.0,0,1.0,0.0,0,1.0,1.0,4,0.4647695138230872,0.7773379515091539,screen.validation_one_se,validation_one_se,screen,,0.8602469135802469,screen.final_ranker_score,4,OK,1.0,1.0,1.0,False,4,0.5753621201377981,0.5372724080670156,0.03808971207078248,,,,
E03_2029,E03,2029,0.7777777777777778,,1.0,0.0,0,1.0,0.0,0,1.0,1.0,4,0.4647695138230871,0.7773379515091539,screen.cpss_one_se,cpss_one_se,screen,,0.8602469135802469,screen.final_development_selection_frequency,4,OK,1.0,1.0,1.0,False,,0.5753621201377981,0.5549482123433799,0.03281059542189012,0.6,4,4,3
E04_2003,E04,2003,0.6611111111111111,0,0.6428571428571428,0.0,0,0.4,0.0,0,1.0,0.25,1,0.6106003440081167,0.6610169491525424,shil.fixed_k.k01,fixed_k,shil,1,0.7193827160493828,shil.final_ranker_score,1,OK,0.4,1.0,0.25,False,,,,,,,,
E04_2003,E04,2003,0.6333333333333333,0,0.6428571428571428,0.5,1,0.3333333333333333,0.5,1,0.5,0.25,1,0.612002082718917,0.6332880602543524,shil.fixed_k.k02,fixed_k,shil,2,0.7162962962962962,shil.final_ranker_score,2,OK,0.3333333333333333,0.5,0.25,False,,,,,,,,
E04_2003,E04,2003,0.6666666666666666,0,0.6428571428571428,0.5,2,0.5,0.5,2,0.5,0.5,2,0.558824814540391,0.6666666666666666,shil.fixed_k.k04,fixed_k,shil,4,0.7685185185185185,shil.final_ranker_score,4,OK,0.5,0.5,0.5,False,,,,,,,,
E04_2003,E04,2003,0.7222222222222222,0,0.6428571428571428,0.5,4,0.6666666666666666,0.5,4,0.5,1.0,4,0.4944396400219197,0.7216724393864424,shil.fixed_k.k08,fixed_k,shil,8,0.8297530864197531,shil.final_ranker_score,8,OK,0.6666666666666666,0.5,1.0,False,,,,,,,,
E04_2003,E04,2003,0.7444444444444445,0,0.6428571428571428,0.75,12,0.4,0.75,12,0.25,1.0,4,0.5115693291610438,0.7441601779755284,shil.fixed_k.k16,fixed_k,shil,16,0.8249382716049383,shil.final_ranker_score,16,OK,0.4,0.25,1.0,False,,,,,,,,
E04_2003,E04,2003,0.7222222222222222,0,0.6428571428571428,0.5,4,0.6666666666666666,0.5,4,0.5,1.0,4,0.4944396400219197,0.7216724393864424,shil.validation_one_se,validation_one_se,shil,,0.8297530864197531,shil.final_ranker_score,8,OK,0.6666666666666666,0.5,1.0,False,8,0.5565807052865359,0.5362207547559608,0.041686733097811283,,,,
E04_2003,E04,2003,0.7277777777777777,,0.4511904761904762,0.42857142857142855,3,0.7272727272727273,0.42857142857142855,3,0.5714285714285714,1.0,4,0.49561523105947913,0.7270955165692008,shil.cpss_one_se,cpss_one_se,shil,,0.8282716049382717,shil.final_development_selection_frequency,7,OK,0.7272727272727273,0.5714285714285714,1.0,False,,0.5439801029788213,0.5363774936974643,0.04189964709077383,0.7,8,7,6
E04_2003,E04,2003,0.6388888888888888,0,1.0,0.0,0,0.4,0.0,0,1.0,0.25,1,0.6238886679930744,0.6388777431402204,l1.fixed_k.k01,fixed_k,l1,1,0.692469135802469,l1.final_ranker_score,1,OK,0.4,1.0,0.25,False,,,,,,,,
E04_2003,E04,2003,0.6111111111111112,0,1.0,0.0,0,0.6666666666666666,0.0,0,1.0,0.5,2,0.6372870985413027,0.6111111111111112,l1.fixed_k.k02,fixed_k,l1,2,0.6818518518518518,l1.final_ranker_score,2,OK,0.6666666666666666,1.0,0.5,False,,,,,,,,
E04_2003,E04,2003,0.7333333333333333,0,1.0,0.0,0,1.0,0.0,0,1.0,1.0,4,0.49443945977707354,0.7325077399380805,l1.fixed_k.k04,fixed_k,l1,4,0.8300000000000001,l1.final_ranker_score,4,OK,1.0,1.0,1.0,False,,,,,,,,
E04_2003,E04,2003,0.7333333333333333,0,1.0,0.5,4,0.6666666666666666,0.5,4,0.5,1.0,4,0.5059118386482508,0.7328055418109847,l1.fixed_k.k08,fixed_k,l1,8,0.8249382716049383,l1.final_ranker_score,8,OK,0.6666666666666666,0.5,1.0,False,,,,,,,,
E04_2003,E04,2003,0.7388888888888889,0,1.0,0.75,12,0.4,0.75,12,0.25,1.0,4,0.5376264083988858,0.7384934005131216,l1.fixed_k.k16,fixed_k,l1,16,0.8129629629629629,l1.final_ranker_score,16,OK,0.4,0.25,1.0,False,,,,,,,,
E04_2003,E04,2003,0.7333333333333333,0,1.0,0.0,0,1.0,0.0,0,1.0,1.0,4,0.49443945977707354,0.7325077399380805,l1.validation_one_se,validation_one_se,l1,,0.8300000000000001,l1.final_ranker_score,4,OK,1.0,1.0,1.0,False,4,0.5429692166862596,0.49780382352175095,0.045165393164508676,,,,
E04_2003,E04,2003,0.7333333333333333,,1.0,0.0,0,1.0,0.0,0,1.0,1.0,4,0.4944394597770737,0.7325077399380805,l1.cpss_one_se,cpss_one_se,l1,,0.8300000000000001,l1.final_development_selection_frequency,4,OK,1.0,1.0,1.0,False,,0.5429692166862597,0.4978038235217511,0.045165393164508655,0.6,4,4,4
E04_2003,E04,2003,0.6388888888888888,0,0.775,0.0,0,0.4,0.0,0,1.0,0.25,1,0.6238886679930744,0.6388777431402204,tree.fixed_k.k01,fixed_k,tree,1,0.692469135802469,tree.final_ranker_score,1,OK,0.4,1.0,0.25,False,,,,,,,,
E04_2003,E04,2003,0.6777777777777778,0,0.775,0.0,0,0.6666666666666666,0.0,0,1.0,0.5,2,0.5557441740194409,0.677737992344734,tree.fixed_k.k02,fixed_k,tree,2,0.7708641975308641,tree.final_ranker_score,2,OK,0.6666666666666666,1.0,0.5,False,,,,,,,,
E04_2003,E04,2003,0.6611111111111111,0,0.775,0.5,2,0.5,0.5,2,0.5,0.5,2,0.5586888834511515,0.6611006512546683,tree.fixed_k.k04,fixed_k,tree,4,0.7687654320987654,tree.final_ranker_score,4,OK,0.5,0.5,0.5,False,,,,,,,,
E04_2003,E04,2003,0.7277777777777777,0,0.775,0.5,4,0.6666666666666666,0.5,4,0.5,1.0,4,0.4968198252712267,0.7270955165692008,tree.fixed_k.k08,fixed_k,tree,8,0.8270370370370371,tree.final_ranker_score,8,OK,0.6666666666666666,0.5,1.0,False,,,,,,,,
E04_2003,E04,2003,0.7444444444444445,0,0.775,0.75,12,0.4,0.75,12,0.25,1.0,4,0.5088577686159443,0.7439386442355269,tree.fixed_k.k16,fixed_k,tree,16,0.8214814814814815,tree.final_ranker_score,16,OK,0.4,0.25,1.0,False,,,,,,,,
E04_2003,E04,2003,0.6611111111111111,0,0.775,0.5,2,0.5,0.5,2,0.5,0.5,2,0.5586888834511515,0.6611006512546683,tree.validation_one_se,validation_one_se,tree,,0.7687654320987654,tree.final_ranker_score,4,OK,0.5,0.5,0.5,False,4,0.5439801029788213,0.5357074357571869,0.04170735534765824,,,,
E04_2003,E04,2003,0.7277777777777777,,0.6011904761904762,0.42857142857142855,3,0.7272727272727273,0.42857142857142855,3,0.5714285714285714,1.0,4,0.49561523105947913,0.7270955165692008,tree.cpss_one_se,cpss_one_se,tree,,0.8282716049382717,tree.final_development_selection_frequency,7,OK,0.7272727272727273,0.5714285714285714,1.0,False,,0.5552852253021802,0.5158425487278063,0.039442676574373794,0.6,16,7,6
E04_2003,E04,2003,0.6611111111111111,0,0.6428571428571428,0.0,0,0.4,0.0,0,1.0,0.25,1,0.6106003440081167,0.6610169491525424,screen.fixed_k.k01,fixed_k,screen,1,0.7193827160493828,screen.final_ranker_score,1,OK,0.4,1.0,0.25,False,,,,,,,,
E04_2003,E04,2003,0.6333333333333333,0,0.6428571428571428,0.5,1,0.3333333333333333,0.5,1,0.5,0.25,1,0.612002082718917,0.6332880602543524,screen.fixed_k.k02,fixed_k,screen,2,0.7162962962962962,screen.final_ranker_score,2,OK,0.3333333333333333,0.5,0.25,False,,,,,,,,
E04_2003,E04,2003,0.6666666666666666,0,0.6428571428571428,0.5,2,0.5,0.5,2,0.5,0.5,2,0.558824814540391,0.6666666666666666,screen.fixed_k.k04,fixed_k,screen,4,0.7685185185185185,screen.final_ranker_score,4,OK,0.5,0.5,0.5,False,,,,,,,,
E04_2003,E04,2003,0.7222222222222222,0,0.6428571428571428,0.5,4,0.6666666666666666,0.5,4,0.5,1.0,4,0.4944396400219197,0.7216724393864424,screen.fixed_k.k08,fixed_k,screen,8,0.8297530864197531,screen.final_ranker_score,8,OK,0.6666666666666666,0.5,1.0,False,,,,,,,,
E04_2003,E04,2003,0.7444444444444445,0,0.6428571428571428,0.75,12,0.4,0.75,12,0.25,1.0,4,0.5115693291610438,0.7441601779755284,screen.fixed_k.k16,fixed_k,screen,16,0.8249382716049383,screen.final_ranker_score,16,OK,0.4,0.25,1.0,False,,,,,,,,
E04_2003,E04,2003,0.7222222222222222,0,0.6428571428571428,0.5,4,0.6666666666666666,0.5,4,0.5,1.0,4,0.4944396400219197,0.7216724393864424,screen.validation_one_se,validation_one_se,screen,,0.8297530864197531,screen.final_ranker_score,8,OK,0.6666666666666666,0.5,1.0,False,8,0.5565807052865359,0.5362207547559608,0.041686733097811283,,,,
E04_2003,E04,2003,0.7277777777777777,,0.4511904761904762,0.42857142857142855,3,0.7272727272727273,0.42857142857142855,3,0.5714285714285714,1.0,4,0.49561523105947913,0.7270955165692008,screen.cpss_one_se,cpss_one_se,screen,,0.8282716049382717,screen.final_development_selection_frequency,7,OK,0.7272727272727273,0.5714285714285714,1.0,False,,0.5439801029788213,0.5363774936974643,0.04189964709077383,0.7,8,7,6
E04_2011,E04,2011,0.6055555555555555,0,0.5178571428571428,1.0,1,0.4,0.0,0,1.0,0.25,1,0.6722248031245188,0.6052509652509652,shil.fixed_k.k01,fixed_k,shil,1,0.6392592592592592,shil.final_ranker_score,1,OK,0.0,0.0,0.0,False,,,,,,,,
E04_2011,E04,2011,0.6055555555555555,0,0.5178571428571428,0.5,1,0.3333333333333333,0.5,1,0.5,0.25,1,0.6640837719471635,0.6054459572103362,shil.fixed_k.k02,fixed_k,shil,2,0.6438271604938273,shil.final_ranker_score,2,OK,0.3333333333333333,0.5,0.25,False,,,,,,,,
E04_2011,E04,2011,0.6888888888888889,0,0.5178571428571428,0.5,2,0.5,0.5,2,0.5,0.5,2,0.5887293090775008,0.6869954042976028,shil.fixed_k.k04,fixed_k,shil,4,0.7575308641975309,shil.final_ranker_score,4,OK,0.5,0.5,0.5,False,,,,,,,,
E04_2011,E04,2011,0.75,0,0.5178571428571428,0.5,4,0.6666666666666666,0.5,4,0.5,1.0,4,0.48097846708821523,0.7496213409168186,shil.fixed_k.k08,fixed_k,shil,8,0.8481481481481482,shil.final_ranker_score,8,OK,0.6666666666666666,0.5,1.0,False,,,,,,,,
E04_2011,E04,2011,0.7444444444444445,0,0.5178571428571428,0.75,12,0.4,0.75,12,0.25,1.0,4,0.5171755805153802,0.7436532507739938,shil.fixed_k.k16,fixed_k,shil,16,0.827037037037037,shil.final_ranker_score,16,OK,0.4,0.25,1.0,False,,,,,,,,
E04_2011,E04,2011,0.7444444444444445,0,0.5178571428571428,0.75,12,0.4,0.75,12,0.25,1.0,4,0.5171755805153802,0.7436532507739938,shil.validation_one_se,validation_one_se,shil,,0.827037037037037,shil.final_ranker_score,16,OK,0.4,0.25,1.0,False,16,0.5059069821582536,0.46045019157855793,0.04545679057969563,,,,
E04_2011,E04,2011,0.75,,0.4,0.6,6,0.5714285714285715,0.6,6,0.4,1.0,4,0.4910956877961765,0.7496213409168186,shil.cpss_one_se,cpss_one_se,shil,,0.8445679012345678,shil.final_development_selection_frequency,10,OK,0.5714285714285715,0.4,1.0,False,,0.47977998990648024,0.4387318460678172,0.041048143838663065,0.7,16,10,10
E04_2011,E04,2011,0.5888888888888889,0,1.0,0.0,0,0.4,0.0,0,1.0,0.25,1,0.6547150234167369,0.5888381281639709,l1.fixed_k.k01,fixed_k,l1,1,0.6512345679012346,l1.final_ranker_score,1,OK,0.4,1.0,0.25,False,,,,,,,,
E04_2011,E04,2011,0.6722222222222223,0,1.0,0.0,0,0.6666666666666666,0.0,0,1.0,0.5,2,0.5776834830802033,0.671400724032303,l1.fixed_k.k02,fixed_k,l1,2,0.7664197530864197,l1.final_ranker_score,2,OK,0.6666666666666666,1.0,0.5,False,,,,,,,,
E04_2011,E04,2011,0.75,0,1.0,0.0,0,1.0,0.0,0,1.0,1.0,4,0.4762266035947485,0.7496213409168186,l1.fixed_k.k04,fixed_k,l1,4,0.8525925925925926,l1.final_ranker_score,4,OK,1.0,1.0,1.0,False,,,,,,,,
E04_2011,E04,2011,0.7388888888888889,0,1.0,0.5,4,0.6666666666666666,0.5,4,0.5,1.0,4,0.505087628714557,0.7379100963474705,l1.fixed_k.k08,fixed_k,l1,8,0.8419753086419753,l1.final_ranker_score,8,OK,0.6666666666666666,0.5,1.0,False,,,,,,,,
E04_2011,E04,2011,0.7666666666666667,0,1.0,0.75,12,0.4,0.75,12,0.25,1.0,4,0.5127780874646829,0.764808362369338,l1.fixed_k.k16,fixed_k,l1,16,0.8423456790123458,l1.final_ranker_score,16,OK,0.4,0.25,1.0,False,,,,,,,,
E04_2011,E04,2011,0.75,0,1.0,0.0,0,1.0,0.0,0,1.0,1.0,4,0.4762266035947485,0.7496213409168186,l1.validation_one_se,validation_one_se,l1,,0.8525925925925926,l1.final_ranker_score,4,OK,1.0,1.0,1.0,False,4,0.4724427441727888,0.43297332297208957,0.03946942120069924,,,,
E04_2011,E04,2011,0.75,,1.0,0.0,0,1.0,0.0,0,1.0,1.0,4,0.4762266035947486,0.7496213409168186,l1.cpss_one_se,cpss_one_se,l1,,0.8525925925925926,l1.final_development_selection_frequency,4,OK,1.0,1.0,1.0,False,,0.47244274417278886,0.4329733229720896,0.039469421200699246,0.6,8,4,4
E04_2011,E04,2011,0.6277777777777778,0,0.6,0.0,0,0.4,0.0,0,1.0,0.25,1,0.631915457543565,0.6268448900027848,tree.fixed_k.k01,fixed_k,tree,1,0.7033333333333333,tree.final_ranker_score,1,OK,0.4,1.0,0.25,False,,,,,,,,
E04_2011,E04,2011,0.6722222222222223,0,0.6,0.5,1,0.6666666666666666,0.0,0,1.0,0.5,2,0.5996481891849448,0.6709935252021437,tree.fixed_k.k02,fixed_k,tree,2,0.7460493827160495,tree.final_ranker_score,2,OK,0.3333333333333333,0.5,0.25,False,,,,,,,,
E04_2011,E04,2011,0.6888888888888889,0,0.6,0.5,2,0.5,0.5,2,0.5,0.5,2,0.5881218299748947,0.6875,tree.fixed_k.k04,fixed_k,tree,4,0.7593827160493828,tree.final_ranker_score,4,OK,0.5,0.5,0.5,False,,,,,,,,
E04_2011,E04,2011,0.7666666666666667,0,0.6,0.625,5,0.6666666666666666,0.5,4,0.5,1.0,4,0.4890123072990736,0.7664071190211346,tree.fixed_k.k08,fixed_k,tree,8,0.8485185185185184,tree.final_ranker_score,8,OK,0.5,0.375,0.75,False,,,,,,,,
E04_2011,E04,2011,0.7666666666666667,0,0.6,0.75,12,0.4,0.75,12,0.25,1.0,4,0.4898277698336545,0.7665513833992095,tree.fixed_k.k16,fixed_k,tree,16,0.845432098765432,tree.final_ranker_score,16,OK,0.4,0.25,1.0,False,,,,,,,,
E04_2011,E04,2011,0.7666666666666667,0,0.6,0.75,12,0.4,0.75,12,0.25,1.0,4,0.4898277698336545,0.7665513833992095,tree.validation_one_se,validation_one_se,tree,,0.845432098765432,tree.final_ranker_score,16,OK,0.4,0.25,1.0,False,16,0.4915001093536033,0.4488519817234028,0.042648127630200476,,,,
E04_2011,E04,2011,0.6888888888888889,,0.475,0.6,3,0.4444444444444445,0.6,3,0.4,0.5,2,0.5885964620251896,0.6869954042976028,tree.cpss_one_se,cpss_one_se,tree,,0.7581481481481482,tree.final_development_selection_frequency,5,OK,0.4444444444444445,0.4,0.5,False,,0.6147612879585238,0.574734985924715,0.04002630203380881,0.8,8,5,5
E04_2011,E04,2011,0.6055555555555555,0,0.5178571428571428,1.0,1,0.4,0.0,0,1.0,0.25,1,0.6722248031245188,0.6052509652509652,screen.fixed_k.k01,fixed_k,screen,1,0.6392592592592592,screen.final_ranker_score,1,OK,0.0,0.0,0.0,False,,,,,,,,
E04_2011,E04,2011,0.6055555555555555,0,0.5178571428571428,0.5,1,0.3333333333333333,0.5,1,0.5,0.25,1,0.6640837719471635,0.6054459572103362,screen.fixed_k.k02,fixed_k,screen,2,0.6438271604938273,screen.final_ranker_score,2,OK,0.3333333333333333,0.5,0.25,False,,,,,,,,
E04_2011,E04,2011,0.6888888888888889,0,0.5178571428571428,0.5,2,0.5,0.5,2,0.5,0.5,2,0.5887293090775008,0.6869954042976028,screen.fixed_k.k04,fixed_k,screen,4,0.7575308641975309,screen.final_ranker_score,4,OK,0.5,0.5,0.5,False,,,,,,,,
E04_2011,E04,2011,0.75,0,0.5178571428571428,0.5,4,0.6666666666666666,0.5,4,0.5,1.0,4,0.48097846708821523,0.7496213409168186,screen.fixed_k.k08,fixed_k,screen,8,0.8481481481481482,screen.final_ranker_score,8,OK,0.6666666666666666,0.5,1.0,False,,,,,,,,
E04_2011,E04,2011,0.7444444444444445,0,0.5178571428571428,0.75,12,0.4,0.75,12,0.25,1.0,4,0.5171755805153802,0.7436532507739938,screen.fixed_k.k16,fixed_k,screen,16,0.827037037037037,screen.final_ranker_score,16,OK,0.4,0.25,1.0,False,,,,,,,,
E04_2011,E04,2011,0.7444444444444445,0,0.5178571428571428,0.75,12,0.4,0.75,12,0.25,1.0,4,0.5171755805153802,0.7436532507739938,screen.validation_one_se,validation_one_se,screen,,0.827037037037037,screen.final_ranker_score,16,OK,0.4,0.25,1.0,False,16,0.5059069821582536,0.46045019157855793,0.04545679057969563,,,,
E04_2011,E04,2011,0.75,,0.4,0.6,6,0.5714285714285715,0.6,6,0.4,1.0,4,0.4910956877961765,0.7496213409168186,screen.cpss_one_se,cpss_one_se,screen,,0.8445679012345678,screen.final_development_selection_frequency,10,OK,0.5714285714285715,0.4,1.0,False,,0.47977998990648024,0.4387318460678172,0.041048143838663065,0.7,16,10,10
E04_2017,E04,2017,0.6111111111111112,0,0.575,0.0,0,0.4,0.0,0,1.0,0.25,1,0.6350109436845893,0.6110630942091617,shil.fixed_k.k01,fixed_k,shil,1,0.6744444444444444,shil.final_ranker_score,1,OK,0.4,1.0,0.25,False,,,,,,,,
E04_2017,E04,2017,0.6111111111111112,0,0.575,0.5,1,0.3333333333333333,0.5,1,0.5,0.25,1,0.6348085189190861,0.6110630942091617,shil.fixed_k.k02,fixed_k,shil,2,0.6756790123456791,shil.final_ranker_score,2,OK,0.3333333333333333,0.5,0.25,False,,,,,,,,
E04_2017,E04,2017,0.5888888888888889,0,0.575,0.75,3,0.25,0.75,3,0.25,0.25,1,0.6367303730543284,0.5888381281639709,shil.fixed_k.k04,fixed_k,shil,4,0.6722222222222223,shil.final_ranker_score,4,OK,0.25,0.25,0.25,False,,,,,,,,
E04_2017,E04,2017,0.75,0,0.575,0.625,5,0.5,0.625,5,0.375,0.75,3,0.510888754277349,0.7496213409168186,shil.fixed_k.k08,fixed_k,shil,8,0.8274074074074074,shil.final_ranker_score,8,OK,0.5,0.375,0.75,False,,,,,,,,
E04_2017,E04,2017,0.7888888888888889,0,0.575,0.75,12,0.4,0.75,12,0.25,1.0,4,0.5077521045783533,0.7886540600667409,shil.fixed_k.k16,fixed_k,shil,16,0.8425925925925926,shil.final_ranker_score,16,OK,0.4,0.25,1.0,False,,,,,,,,
E04_2017,E04,2017,0.5888888888888889,0,0.575,0.75,3,0.25,0.75,3,0.25,0.25,1,0.6367303730543284,0.5888381281639709,shil.validation_one_se,validation_one_se,shil,,0.6722222222222223,shil.final_ranker_score,4,OK,0.25,0.25,0.25,False,4,0.546227343045749,0.5085506331560745,0.0376767098896745,,,,
E04_2017,E04,2017,0.7444444444444445,,0.42658730158730157,0.5714285714285714,4,0.5454545454545454,0.5714285714285714,4,0.42857142857142855,0.75,3,0.5127796424245167,0.7439386442355269,shil.cpss_one_se,cpss_one_se,shil,,0.8264197530864197,shil.final_development_selection_frequency,7,OK,0.5454545454545454,0.42857142857142855,0.75,False,,0.5371965400449361,0.507604214987478,0.036491748415010086,0.8,8,7,5
E04_2017,E04,2017,0.6111111111111112,0,1.0,0.0,0,0.4,0.0,0,1.0,0.25,1,0.6350109436845893,0.6110630942091617,l1.fixed_k.k01,fixed_k,l1,1,0.6744444444444444,l1.final_ranker_score,1,OK,0.4,1.0,0.25,False,,,,,,,,
E04_2017,E04,2017,0.6944444444444444,0,1.0,0.0,0,0.6666666666666666,0.0,0,1.0,0.5,2,0.5972692367927865,0.6943595443178661,l1.fixed_k.k02,fixed_k,l1,2,0.744320987654321,l1.final_ranker_score,2,OK,0.6666666666666666,1.0,0.5,False,,,,,,,,
E04_2017,E04,2017,0.8222222222222222,0,1.0,0.0,0,1.0,0.0,0,1.0,1.0,4,0.48848003568817294,0.8221343873517787,l1.fixed_k.k04,fixed_k,l1,4,0.8501234567901235,l1.final_ranker_score,4,OK,1.0,1.0,1.0,False,,,,,,,,
E04_2017,E04,2017,0.7944444444444444,0,1.0,0.5,4,0.6666666666666666,0.5,4,0.5,1.0,4,0.49914419766685136,0.7943873298138372,l1.fixed_k.k08,fixed_k,l1,8,0.8406172839506172,l1.final_ranker_score,8,OK,0.6666666666666666,0.5,1.0,False,,,,,,,,
E04_2017,E04,2017,0.7722222222222223,0,1.0,0.75,12,0.4,0.75,12,0.25,1.0,4,0.5164569545323677,0.7721589330369547,l1.fixed_k.k16,fixed_k,l1,16,0.8319753086419753,l1.final_ranker_score,16,OK,0.4,0.25,1.0,False,,,,,,,,
E04_2017,E04,2017,0.8222222222222222,0,1.0,0.0,0,1.0,0.0,0,1.0,1.0,4,0.48848003568817294,0.8221343873517787,l1.validation_one_se,validation_one_se,l1,,0.8501234567901235,l1.final_ranker_score,4,OK,1.0,1.0,1.0,False,4,0.5310417948353628,0.48708358274933017,0.04395821208603264,,,,
E04_2017,E04,2017,0.8222222222222222,,1.0,0.0,0,1.0,0.0,0,1.0,1.0,4,0.48848003568817294,0.8221343873517787,l1.cpss_one_se,cpss_one_se,l1,,0.8501234567901235,l1.final_development_selection_frequency,4,OK,1.0,1.0,1.0,False,,0.5310417948353628,0.48708358274933017,0.04395821208603264,0.7,4,4,4
E04_2017,E04,2017,0.6111111111111112,0,0.6678571428571429,0.0,0,0.4,0.0,0,1.0,0.25,1,0.6350109436845893,0.6110630942091617,tree.fixed_k.k01,fixed_k,tree,1,0.6744444444444444,tree.final_ranker_score,1,OK,0.4,1.0,0.25,False,,,,,,,,
E04_2017,E04,2017,0.6111111111111112,0,0.6678571428571429,0.5,1,0.3333333333333333,0.5,1,0.5,0.25,1,0.6350601802314307,0.6110630942091617,tree.fixed_k.k02,fixed_k,tree,2,0.6748148148148148,tree.final_ranker_score,2,OK,0.3333333333333333,0.5,0.25,False,,,,,,,,
E04_2017,E04,2017,0.6888888888888889,0,0.6678571428571429,0.5,2,0.5,0.5,2,0.5,0.5,2,0.5977787893415754,0.6887351778656126,tree.fixed_k.k04,fixed_k,tree,4,0.7435802469135803,tree.final_ranker_score,4,OK,0.5,0.5,0.5,False,,,,,,,,
E04_2017,E04,2017,0.8222222222222222,0,0.6678571428571429,0.5,4,0.6666666666666666,0.5,4,0.5,1.0,4,0.48289879566581445,0.8221343873517787,tree.fixed_k.k08,fixed_k,tree,8,0.8555555555555555,tree.final_ranker_score,8,OK,0.6666666666666666,0.5,1.0,False,,,,,,,,
E04_2017,E04,2017,0.7666666666666667,0,0.6678571428571429,0.75,12,0.4,0.75,12,0.25,1.0,4,0.48580092443075945,0.766637856525497,tree.fixed_k.k16,fixed_k,tree,16,0.8493827160493828,tree.final_ranker_score,16,OK,0.4,0.25,1.0,False,,,,,,,,
E04_2017,E04,2017,0.6111111111111112,0,0.6678571428571429,0.5,1,0.3333333333333333,0.5,1,0.5,0.25,1,0.6350601802314307,0.6110630942091617,tree.validation_one_se,validation_one_se,tree,,0.6748148148148148,tree.final_ranker_score,2,OK,0.3333333333333333,0.5,0.25,False,2,0.5478206865275419,0.5440091225714223,0.03303185410998466,,,,
E04_2017,E04,2017,0.8111111111111111,,0.41825396825396827,0.6,6,0.5714285714285715,0.6,6,0.4,1.0,4,0.4793073580400809,0.8110177865612648,tree.cpss_one_se,cpss_one_se,tree,,0.8564197530864197,tree.final_development_selection_frequency,10,OK,0.5714285714285715,0.4,1.0,False,,0.5383508647912056,0.5270767234221471,0.03898946124500554,0.7,16,10,6
E04_2017,E04,2017,0.6111111111111112,0,0.575,0.0,0,0.4,0.0,0,1.0,0.25,1,0.6350109436845893,0.6110630942091617,screen.fixed_k.k01,fixed_k,screen,1,0.6744444444444444,screen.final_ranker_score,1,OK,0.4,1.0,0.25,False,,,,,,,,
E04_2017,E04,2017,0.6111111111111112,0,0.575,0.5,1,0.3333333333333333,0.5,1,0.5,0.25,1,0.6348085189190861,0.6110630942091617,screen.fixed_k.k02,fixed_k,screen,2,0.6756790123456791,screen.final_ranker_score,2,OK,0.3333333333333333,0.5,0.25,False,,,,,,,,
E04_2017,E04,2017,0.5888888888888889,0,0.575,0.75,3,0.25,0.75,3,0.25,0.25,1,0.6367303730543284,0.5888381281639709,screen.fixed_k.k04,fixed_k,screen,4,0.6722222222222223,screen.final_ranker_score,4,OK,0.25,0.25,0.25,False,,,,,,,,
E04_2017,E04,2017,0.75,0,0.575,0.625,5,0.5,0.625,5,0.375,0.75,3,0.510888754277349,0.7496213409168186,screen.fixed_k.k08,fixed_k,screen,8,0.8274074074074074,screen.final_ranker_score,8,OK,0.5,0.375,0.75,False,,,,,,,,
E04_2017,E04,2017,0.7888888888888889,0,0.575,0.75,12,0.4,0.75,12,0.25,1.0,4,0.5077521045783533,0.7886540600667409,screen.fixed_k.k16,fixed_k,screen,16,0.8425925925925926,screen.final_ranker_score,16,OK,0.4,0.25,1.0,False,,,,,,,,
E04_2017,E04,2017,0.5888888888888889,0,0.575,0.75,3,0.25,0.75,3,0.25,0.25,1,0.6367303730543284,0.5888381281639709,screen.validation_one_se,validation_one_se,screen,,0.6722222222222223,screen.final_ranker_score,4,OK,0.25,0.25,0.25,False,4,0.546227343045749,0.5085506331560745,0.0376767098896745,,,,
E04_2017,E04,2017,0.7444444444444445,,0.42658730158730157,0.5714285714285714,4,0.5454545454545454,0.5714285714285714,4,0.42857142857142855,0.75,3,0.5127796424245167,0.7439386442355269,screen.cpss_one_se,cpss_one_se,screen,,0.8264197530864197,screen.final_development_selection_frequency,7,OK,0.5454545454545454,0.42857142857142855,0.75,False,,0.5371965400449361,0.507604214987478,0.036491748415010086,0.8,8,7,5
E04_2027,E04,2027,0.5944444444444444,0,0.6527777777777777,0.0,0,0.4,0.0,0,1.0,0.25,1,0.6472726546268466,0.5941312741312741,shil.fixed_k.k01,fixed_k,shil,1,0.6504938271604938,shil.final_ranker_score,1,OK,0.4,1.0,0.25,False,,,,,,,,
E04_2027,E04,2027,0.65,0,0.6527777777777777,0.5,1,0.6666666666666666,0.0,0,1.0,0.5,2,0.6067536702335679,0.6497297297297298,shil.fixed_k.k02,fixed_k,shil,2,0.7119753086419753,shil.final_ranker_score,2,OK,0.3333333333333333,0.5,0.25,False,,,,,,,,
E04_2027,E04,2027,0.6388888888888888,0,0.6527777777777777,0.5,2,0.5,0.5,2,0.5,0.5,2,0.6013596071730376,0.6383419368798492,shil.fixed_k.k04,fixed_k,shil,4,0.7219753086419752,shil.final_ranker_score,4,OK,0.5,0.5,0.5,False,,,,,,,,
E04_2027,E04,2027,0.6777777777777778,0,0.6527777777777777,0.625,5,0.5,0.625,5,0.375,0.75,3,0.5646373559836744,0.6776185770750989,shil.fixed_k.k08,fixed_k,shil,8,0.7616049382716049,shil.final_ranker_score,8,OK,0.5,0.375,0.75,False,,,,,,,,
E04_2027,E04,2027,0.7333333333333333,0,0.6527777777777777,0.75,12,0.4,0.75,12,0.25,1.0,4,0.5035709096937712,0.7333004074577109,shil.fixed_k.k16,fixed_k,shil,16,0.8243209876543209,shil.final_ranker_score,16,OK,0.4,0.25,1.0,False,,,,,,,,
E04_2027,E04,2027,0.65,0,0.6527777777777777,0.5,1,0.6666666666666666,0.0,0,1.0,0.5,2,0.6067536702335679,0.6497297297297298,shil.validation_one_se,validation_one_se,shil,,0.7119753086419753,shil.final_ranker_score,2,OK,0.3333333333333333,0.5,0.25,False,2,0.662384528463791,0.6440572342427231,0.040034169521998904,,,,
E04_2027,E04,2027,0.7555555555555555,,0.4857142857142857,0.6,6,0.5714285714285715,0.6,6,0.4,1.0,4,0.49980327915834,0.7555253735029015,shil.cpss_one_se,cpss_one_se,shil,,0.8275308641975309,shil.final_development_selection_frequency,10,OK,0.5714285714285715,0.4,1.0,False,,0.6173017798718269,0.5710675261520337,0.046234253719793145,0.6,16,10,8
E04_2027,E04,2027,0.5944444444444444,0,1.0,0.0,0,0.4,0.0,0,1.0,0.25,1,0.6472726546268466,0.5941312741312741,l1.fixed_k.k01,fixed_k,l1,1,0.6504938271604938,l1.final_ranker_score,1,OK,0.4,1.0,0.25,False,,,,,,,,
E04_2027,E04,2027,0.6222222222222222,0,1.0,0.0,0,0.6666666666666666,0.0,0,1.0,0.5,2,0.6146333026996348,0.622175577231757,l1.fixed_k.k02,fixed_k,l1,2,0.6980246913580247,l1.final_ranker_score,2,OK,0.6666666666666666,1.0,0.5,False,,,,,,,,
E04_2027,E04,2027,0.7722222222222223,0,1.0,0.0,0,1.0,0.0,0,1.0,1.0,4,0.5002831713084225,0.772046332046332,l1.fixed_k.k04,fixed_k,l1,4,0.8296296296296297,l1.final_ranker_score,4,OK,1.0,1.0,1.0,False,,,,,,,,
E04_2027,E04,2027,0.7166666666666667,0,1.0,0.5,4,0.6666666666666666,0.5,4,0.5,1.0,4,0.5579472840416028,0.7165879410947485,l1.fixed_k.k08,fixed_k,l1,8,0.7877777777777778,l1.final_ranker_score,8,OK,0.6666666666666666,0.5,1.0,False,,,,,,,,
E04_2027,E04,2027,0.6666666666666666,0,1.0,0.75,12,0.4,0.75,12,0.25,1.0,4,0.6182746371948957,0.6656346749226006,l1.fixed_k.k16,fixed_k,l1,16,0.7604938271604939,l1.final_ranker_score,16,OK,0.4,0.25,1.0,False,,,,,,,,
E04_2027,E04,2027,0.7722222222222223,0,1.0,0.0,0,1.0,0.0,0,1.0,1.0,4,0.5002831713084225,0.772046332046332,l1.validation_one_se,validation_one_se,l1,,0.8296296296296297,l1.final_ranker_score,4,OK,1.0,1.0,1.0,False,4,0.6145588963623875,0.5685087913591659,0.046050105003221625,,,,
E04_2027,E04,2027,0.7666666666666667,,1.0,0.2,1,0.888888888888889,0.2,1,0.8,1.0,4,0.5034641420984106,0.7665513833992095,l1.cpss_one_se,cpss_one_se,l1,,0.8260493827160494,l1.final_development_selection_frequency,5,OK,0.888888888888889,0.8,1.0,False,,0.6145588963623876,0.568508791359166,0.04605010500322164,0.7,8,5,4
E04_2027,E04,2027,0.5944444444444444,0,0.6488095238095238,0.0,0,0.4,0.0,0,1.0,0.25,1,0.6472726546268466,0.5941312741312741,tree.fixed_k.k01,fixed_k,tree,1,0.6504938271604938,tree.final_ranker_score,1,OK,0.4,1.0,0.25,False,,,,,,,,
E04_2027,E04,2027,0.65,0,0.6488095238095238,0.5,1,0.6666666666666666,0.0,0,1.0,0.5,2,0.6067536702335679,0.6497297297297298,tree.fixed_k.k02,fixed_k,tree,2,0.7119753086419753,tree.final_ranker_score,2,OK,0.3333333333333333,0.5,0.25,False,,,,,,,,
E04_2027,E04,2027,0.6388888888888888,0,0.6488095238095238,0.5,2,0.5,0.5,2,0.5,0.5,2,0.6024631705798927,0.6383419368798492,tree.fixed_k.k04,fixed_k,tree,4,0.72,tree.final_ranker_score,4,OK,0.5,0.5,0.5,False,,,,,,,,
E04_2027,E04,2027,0.7555555555555555,0,0.6488095238095238,0.5,4,0.6666666666666666,0.5,4,0.5,1.0,4,0.5013196675208327,0.7555253735029015,tree.fixed_k.k08,fixed_k,tree,8,0.8276543209876543,tree.final_ranker_score,8,OK,0.6666666666666666,0.5,1.0,False,,,,,,,,
E04_2027,E04,2027,0.75,0,0.6488095238095238,0.75,12,0.4,0.75,12,0.25,1.0,4,0.5093896497016784,0.7499922837124602,tree.fixed_k.k16,fixed_k,tree,16,0.8150617283950617,tree.final_ranker_score,16,OK,0.4,0.25,1.0,False,,,,,,,,
E04_2027,E04,2027,0.65,0,0.6488095238095238,0.5,1,0.6666666666666666,0.0,0,1.0,0.5,2,0.6067536702335679,0.6497297297297298,tree.validation_one_se,validation_one_se,tree,,0.7119753086419753,tree.final_ranker_score,2,OK,0.3333333333333333,0.5,0.25,False,2,0.6649661365574593,0.6475712622859032,0.04071729246195184,,,,
E04_2027,E04,2027,0.4722222222222222,,0.7857142857142857,0.0,0,0.0,0.0,0,0.0,0.0,0,0.7126235594631545,0.47142283082439496,tree.cpss_one_se,cpss_one_se,tree,,0.47481481481481486,tree.final_development_selection_frequency,0,OK,0.0,0.0,0.0,False,,0.684091403764722,0.6805707243678962,0.03077151226935877,0.9,4,0,1
E04_2027,E04,2027,0.5944444444444444,0,0.6527777777777777,0.0,0,0.4,0.0,0,1.0,0.25,1,0.6472726546268466,0.5941312741312741,screen.fixed_k.k01,fixed_k,screen,1,0.6504938271604938,screen.final_ranker_score,1,OK,0.4,1.0,0.25,False,,,,,,,,
E04_2027,E04,2027,0.65,0,0.6527777777777777,0.5,1,0.6666666666666666,0.0,0,1.0,0.5,2,0.6067536702335679,0.6497297297297298,screen.fixed_k.k02,fixed_k,screen,2,0.7119753086419753,screen.final_ranker_score,2,OK,0.3333333333333333,0.5,0.25,False,,,,,,,,
E04_2027,E04,2027,0.6388888888888888,0,0.6527777777777777,0.5,2,0.5,0.5,2,0.5,0.5,2,0.6013596071730376,0.6383419368798492,screen.fixed_k.k04,fixed_k,screen,4,0.7219753086419752,screen.final_ranker_score,4,OK,0.5,0.5,0.5,False,,,,,,,,
E04_2027,E04,2027,0.6777777777777778,0,0.6527777777777777,0.625,5,0.5,0.625,5,0.375,0.75,3,0.5646373559836744,0.6776185770750989,screen.fixed_k.k08,fixed_k,screen,8,0.7616049382716049,screen.final_ranker_score,8,OK,0.5,0.375,0.75,False,,,,,,,,
E04_2027,E04,2027,0.7333333333333333,0,0.6527777777777777,0.75,12,0.4,0.75,12,0.25,1.0,4,0.5035709096937712,0.7333004074577109,screen.fixed_k.k16,fixed_k,screen,16,0.8243209876543209,screen.final_ranker_score,16,OK,0.4,0.25,1.0,False,,,,,,,,
E04_2027,E04,2027,0.65,0,0.6527777777777777,0.5,1,0.6666666666666666,0.0,0,1.0,0.5,2,0.6067536702335679,0.6497297297297298,screen.validation_one_se,validation_one_se,screen,,0.7119753086419753,screen.final_ranker_score,2,OK,0.3333333333333333,0.5,0.25,False,2,0.662384528463791,0.6440572342427231,0.040034169521998904,,,,
E04_2027,E04,2027,0.7555555555555555,,0.4857142857142857,0.6,6,0.5714285714285715,0.6,6,0.4,1.0,4,0.49980327915834,0.7555253735029015,screen.cpss_one_se,cpss_one_se,screen,,0.8275308641975309,screen.final_development_selection_frequency,10,OK,0.5714285714285715,0.4,1.0,False,,0.6173017798718269,0.5710675261520337,0.046234253719793145,0.6,16,10,8
E04_2029,E04,2029,0.6833333333333333,0,0.4083333333333333,1.0,1,0.4,0.0,0,1.0,0.25,1,0.6058655532849615,0.6825396825396826,shil.fixed_k.k01,fixed_k,shil,1,0.725925925925926,shil.final_ranker_score,1,OK,0.0,0.0,0.0,False,,,,,,,,
E04_2029,E04,2029,0.6833333333333333,0,0.4083333333333333,0.5,1,0.3333333333333333,0.5,1,0.5,0.25,1,0.6011548320758954,0.6830888030888032,shil.fixed_k.k02,fixed_k,shil,2,0.7297530864197531,shil.final_ranker_score,2,OK,0.3333333333333333,0.5,0.25,False,,,,,,,,
E04_2029,E04,2029,0.6555555555555556,0,0.4083333333333333,0.75,3,0.25,0.75,3,0.25,0.25,1,0.6147022136465365,0.6551724137931034,shil.fixed_k.k04,fixed_k,shil,4,0.7140740740740741,shil.final_ranker_score,4,OK,0.25,0.25,0.25,False,,,,,,,,
E04_2029,E04,2029,0.7111111111111111,0,0.4083333333333333,0.75,6,0.3333333333333333,0.75,6,0.25,0.5,2,0.5980422329949988,0.7109683794466404,shil.fixed_k.k08,fixed_k,shil,8,0.7523456790123457,shil.final_ranker_score,8,OK,0.3333333333333333,0.25,0.5,False,,,,,,,,
E04_2029,E04,2029,0.7611111111111111,0,0.4083333333333333,0.75,12,0.4,0.75,12,0.25,1.0,4,0.4785380479085715,0.7611037377696843,shil.fixed_k.k16,fixed_k,shil,16,0.8517283950617283,shil.final_ranker_score,16,OK,0.4,0.25,1.0,False,,,,,,,,
E04_2029,E04,2029,0.7111111111111111,0,0.4083333333333333,0.75,6,0.3333333333333333,0.75,6,0.25,0.5,2,0.5980422329949988,0.7109683794466404,shil.validation_one_se,validation_one_se,shil,,0.7523456790123457,shil.final_ranker_score,8,OK,0.3333333333333333,0.25,0.5,False,8,0.629808786101153,0.5903475729665391,0.03175473101884612,,,,
E04_2029,E04,2029,0.7055555555555556,,0.5166666666666666,0.6666666666666666,4,0.4,0.6666666666666666,4,0.3333333333333333,0.5,2,0.5967874259817031,0.7054737427063074,shil.cpss_one_se,cpss_one_se,shil,,0.7537037037037037,shil.final_development_selection_frequency,6,OK,0.4,0.3333333333333333,0.5,False,,0.5873560877097264,0.5816129462856451,0.0302908546238408,0.8,8,6,5
E04_2029,E04,2029,0.6055555555555555,0,1.0,0.0,0,0.4,0.0,0,1.0,0.25,1,0.6647226220321527,0.6055433809685484,l1.fixed_k.k01,fixed_k,l1,1,0.6375308641975309,l1.final_ranker_score,1,OK,0.4,1.0,0.25,False,,,,,,,,
E04_2029,E04,2029,0.6777777777777778,0,1.0,0.0,0,0.6666666666666666,0.0,0,1.0,0.5,2,0.5824511120316456,0.6774193548387097,l1.fixed_k.k02,fixed_k,l1,2,0.7344444444444445,l1.final_ranker_score,2,OK,0.6666666666666666,1.0,0.5,False,,,,,,,,
E04_2029,E04,2029,0.7944444444444444,0,1.0,0.0,0,1.0,0.0,0,1.0,1.0,4,0.4534910076470818,0.7939292676134782,l1.fixed_k.k04,fixed_k,l1,4,0.8679012345679012,l1.final_ranker_score,4,OK,1.0,1.0,1.0,False,,,,,,,,
E04_2029,E04,2029,0.7555555555555555,0,1.0,0.5,4,0.6666666666666666,0.5,4,0.5,1.0,4,0.4850425497847591,0.7555253735029015,l1.fixed_k.k08,fixed_k,l1,8,0.8453086419753086,l1.final_ranker_score,8,OK,0.6666666666666666,0.5,1.0,False,,,,,,,,
E04_2029,E04,2029,0.7166666666666667,0,1.0,0.75,12,0.4,0.75,12,0.25,1.0,4,0.5603029248166542,0.7159565580618212,l1.fixed_k.k16,fixed_k,l1,16,0.8138271604938272,l1.final_ranker_score,16,OK,0.4,0.25,1.0,False,,,,,,,,
E04_2029,E04,2029,0.7944444444444444,0,1.0,0.0,0,1.0,0.0,0,1.0,1.0,4,0.4534910076470818,0.7939292676134782,l1.validation_one_se,validation_one_se,l1,,0.8679012345679012,l1.final_ranker_score,4,OK,1.0,1.0,1.0,False,4,0.5862989158449423,0.5472485293148215,0.03905038653012083,,,,
E04_2029,E04,2029,0.7944444444444444,,0.9166666666666666,0.25,1,1.0,0.0,0,1.0,1.0,4,0.4593616169515531,0.7941331025316065,l1.cpss_one_se,cpss_one_se,l1,,0.857037037037037,l1.final_development_selection_frequency,4,OK,0.75,0.75,0.75,False,,0.5862989158449423,0.5472485293148215,0.03905038653012083,0.6,8,4,4
E04_2029,E04,2029,0.6722222222222223,0,0.5404761904761904,0.0,0,0.4,0.0,0,1.0,0.25,1,0.6001088225870514,0.671969111969112,tree.fixed_k.k01,fixed_k,tree,1,0.7341975308641975,tree.final_ranker_score,1,OK,0.4,1.0,0.25,False,,,,,,,,
E04_2029,E04,2029,0.6555555555555556,0,0.5404761904761904,0.5,1,0.3333333333333333,0.5,1,0.5,0.25,1,0.6167219505885633,0.655385375494071,tree.fixed_k.k02,fixed_k,tree,2,0.7091358024691358,tree.final_ranker_score,2,OK,0.3333333333333333,0.5,0.25,False,,,,,,,,
E04_2029,E04,2029,0.6555555555555556,0,0.5404761904761904,0.75,3,0.25,0.75,3,0.25,0.25,1,0.6147022136465367,0.6551724137931034,tree.fixed_k.k04,fixed_k,tree,4,0.7140740740740741,tree.final_ranker_score,4,OK,0.25,0.25,0.25,False,,,,,,,,
E04_2029,E04,2029,0.7444444444444445,0,0.5404761904761904,0.625,5,0.5,0.625,5,0.375,0.75,3,0.5628188287444861,0.7441601779755284,tree.fixed_k.k08,fixed_k,tree,8,0.7949382716049381,tree.final_ranker_score,8,OK,0.5,0.375,0.75,False,,,,,,,,
E04_2029,E04,2029,0.8,0,0.5404761904761904,0.75,12,0.4,0.75,12,0.25,1.0,4,0.46310856846962706,0.8,tree.fixed_k.k16,fixed_k,tree,16,0.861111111111111,tree.final_ranker_score,16,OK,0.4,0.25,1.0,False,,,,,,,,
E04_2029,E04,2029,0.7444444444444445,0,0.5404761904761904,0.625,5,0.5,0.625,5,0.375,0.75,3,0.5628188287444861,0.7441601779755284,tree.validation_one_se,validation_one_se,tree,,0.7949382716049381,tree.final_ranker_score,8,OK,0.5,0.375,0.75,False,8,0.5819720188067528,0.5426537758845489,0.039318242922203914,,,,
E04_2029,E04,2029,0.5055555555555555,,0.36736111111111114,0.0,0,0.0,0.0,0,0.0,0.0,0,0.693036200998052,0.5054181717143651,tree.cpss_one_se,cpss_one_se,tree,,0.5564197530864198,tree.final_development_selection_frequency,0,OK,0.0,0.0,0.0,False,,0.6932919714032142,0.6682858052501008,0.028274146650989828,0.7,4,0,1
E04_2029,E04,2029,0.6833333333333333,0,0.4083333333333333,1.0,1,0.4,0.0,0,1.0,0.25,1,0.6058655532849615,0.6825396825396826,screen.fixed_k.k01,fixed_k,screen,1,0.725925925925926,screen.final_ranker_score,1,OK,0.0,0.0,0.0,False,,,,,,,,
E04_2029,E04,2029,0.6833333333333333,0,0.4083333333333333,0.5,1,0.3333333333333333,0.5,1,0.5,0.25,1,0.6011548320758954,0.6830888030888032,screen.fixed_k.k02,fixed_k,screen,2,0.7297530864197531,screen.final_ranker_score,2,OK,0.3333333333333333,0.5,0.25,False,,,,,,,,
E04_2029,E04,2029,0.6555555555555556,0,0.4083333333333333,0.75,3,0.25,0.75,3,0.25,0.25,1,0.6147022136465365,0.6551724137931034,screen.fixed_k.k04,fixed_k,screen,4,0.7140740740740741,screen.final_ranker_score,4,OK,0.25,0.25,0.25,False,,,,,,,,
E04_2029,E04,2029,0.7111111111111111,0,0.4083333333333333,0.75,6,0.3333333333333333,0.75,6,0.25,0.5,2,0.5980422329949988,0.7109683794466404,screen.fixed_k.k08,fixed_k,screen,8,0.7523456790123457,screen.final_ranker_score,8,OK,0.3333333333333333,0.25,0.5,False,,,,,,,,
E04_2029,E04,2029,0.7611111111111111,0,0.4083333333333333,0.75,12,0.4,0.75,12,0.25,1.0,4,0.47853804790857113,0.7611037377696843,screen.fixed_k.k16,fixed_k,screen,16,0.8517283950617283,screen.final_ranker_score,16,OK,0.4,0.25,1.0,False,,,,,,,,
E04_2029,E04,2029,0.7111111111111111,0,0.4083333333333333,0.75,6,0.3333333333333333,0.75,6,0.25,0.5,2,0.5980422329949988,0.7109683794466404,screen.validation_one_se,validation_one_se,screen,,0.7523456790123457,screen.final_ranker_score,8,OK,0.3333333333333333,0.25,0.5,False,8,0.629808786101153,0.5903475729665391,0.03175473101884612,,,,
E04_2029,E04,2029,0.7055555555555556,,0.5166666666666666,0.6666666666666666,4,0.4,0.6666666666666666,4,0.3333333333333333,0.5,2,0.5967874259817031,0.7054737427063074,screen.cpss_one_se,cpss_one_se,screen,,0.7537037037037037,screen.final_development_selection_frequency,6,OK,0.4,0.3333333333333333,0.5,False,,0.5873560877097264,0.5816129462856451,0.0302908546238408,0.8,8,6,5
E05_2003,E05,2003,0.6392857142857142,0,1.0,0.0,0,0.4,0.0,0,1.0,0.25,1,0.6148723915672445,0.6389910130718954,shil.fixed_k.k01,fixed_k,shil,1,0.7093367346938776,shil.final_ranker_score,1,OK,0.4,1.0,0.25,False,,,,,,,,
E05_2003,E05,2003,0.7035714285714286,0,1.0,0.0,0,0.6666666666666666,0.0,0,1.0,0.5,2,0.565294065033167,0.7033292483660131,shil.fixed_k.k02,fixed_k,shil,2,0.772295918367347,shil.final_ranker_score,2,OK,0.6666666666666666,1.0,0.5,False,,,,,,,,
E05_2003,E05,2003,0.7571428571428571,0,1.0,0.0,0,1.0,0.0,0,1.0,1.0,4,0.49658893406762206,0.7571149749333469,shil.fixed_k.k04,fixed_k,shil,4,0.8347448979591837,shil.final_ranker_score,4,OK,1.0,1.0,1.0,False,,,,,,,,
E05_2003,E05,2003,0.7535714285714286,0,1.0,0.5,4,0.6666666666666666,0.5,4,0.5,1.0,4,0.49324498946556616,0.7535588550436247,shil.fixed_k.k08,fixed_k,shil,8,0.8374999999999999,shil.final_ranker_score,8,OK,0.6666666666666666,0.5,1.0,False,,,,,,,,
E05_2003,E05,2003,0.7589285714285714,0,1.0,0.75,12,0.4,0.75,12,0.25,1.0,4,0.49529742271954963,0.758921652726003,shil.fixed_k.k16,fixed_k,shil,16,0.8366709183673469,shil.final_ranker_score,16,OK,0.4,0.25,1.0,False,,,,,,,,
E05_2003,E05,2003,0.7571428571428571,0,1.0,0.0,0,1.0,0.0,0,1.0,1.0,4,0.49658893406762206,0.7571149749333469,shil.validation_one_se,validation_one_se,shil,,0.8347448979591837,shil.final_ranker_score,4,OK,1.0,1.0,1.0,False,4,0.5310061809158527,0.5077909532966277,0.023215227619224968,,,,
E05_2003,E05,2003,0.7571428571428571,,1.0,0.0,0,1.0,0.0,0,1.0,1.0,4,0.49658893406762206,0.7571149749333469,shil.cpss_one_se,cpss_one_se,shil,,0.8347448979591837,shil.final_development_selection_frequency,4,OK,1.0,1.0,1.0,False,,0.5310061809158527,0.5077909532966277,0.023215227619224968,0.9,4,4,4
E05_2003,E05,2003,0.6392857142857142,0,1.0,0.0,0,0.4,0.0,0,1.0,0.25,1,0.6148723915672445,0.6389910130718954,l1.fixed_k.k01,fixed_k,l1,1,0.7093367346938776,l1.final_ranker_score,1,OK,0.4,1.0,0.25,False,,,,,,,,
E05_2003,E05,2003,0.6821428571428572,0,1.0,0.0,0,0.6666666666666666,0.0,0,1.0,0.5,2,0.5744031904153877,0.6819440721879746,l1.fixed_k.k02,fixed_k,l1,2,0.7573341836734694,l1.final_ranker_score,2,OK,0.6666666666666666,1.0,0.5,False,,,,,,,,
E05_2003,E05,2003,0.7571428571428571,0,1.0,0.0,0,1.0,0.0,0,1.0,1.0,4,0.49658893406762206,0.7571149749333469,l1.fixed_k.k04,fixed_k,l1,4,0.8347448979591837,l1.final_ranker_score,4,OK,1.0,1.0,1.0,False,,,,,,,,
E05_2003,E05,2003,0.75,0,1.0,0.5,4,0.6666666666666666,0.5,4,0.5,1.0,4,0.5019254108966303,0.7499968111838161,l1.fixed_k.k08,fixed_k,l1,8,0.8292219387755102,l1.final_ranker_score,8,OK,0.6666666666666666,0.5,1.0,False,,,,,,,,
E05_2003,E05,2003,0.75,8,1.0,0.5,4,0.6666666666666666,0.5,4,0.5,1.0,4,0.5019254108966303,0.7499968111838161,l1.fixed_k.k16,fixed_k,l1,16,0.8292219387755102,l1.final_ranker_score,8,OK,0.6666666666666666,0.5,1.0,False,,,,,,,,
E05_2003,E05,2003,0.7571428571428571,0,1.0,0.0,0,1.0,0.0,0,1.0,1.0,4,0.49658893406762206,0.7571149749333469,l1.validation_one_se,validation_one_se,l1,,0.8347448979591837,l1.final_ranker_score,4,OK,1.0,1.0,1.0,False,4,0.5310061809158527,0.5077909532966277,0.023215227619224968,,,,
E05_2003,E05,2003,0.7571428571428571,,1.0,0.0,0,1.0,0.0,0,1.0,1.0,4,0.49658893406762206,0.7571149749333469,l1.cpss_one_se,cpss_one_se,l1,,0.8347448979591837,l1.final_development_selection_frequency,4,OK,1.0,1.0,1.0,False,,0.5310061809158527,0.5077909532966277,0.023215227619224968,0.9,4,4,4
E05_2003,E05,2003,0.6392857142857142,0,1.0,0.0,0,0.4,0.0,0,1.0,0.25,1,0.6148723915672445,0.6389910130718954,tree.fixed_k.k01,fixed_k,tree,1,0.7093367346938776,tree.final_ranker_score,1,OK,0.4,1.0,0.25,False,,,,,,,,
E05_2003,E05,2003,0.7035714285714286,0,1.0,0.0,0,0.6666666666666666,0.0,0,1.0,0.5,2,0.565294065033167,0.7033292483660131,tree.fixed_k.k02,fixed_k,tree,2,0.772295918367347,tree.final_ranker_score,2,OK,0.6666666666666666,1.0,0.5,False,,,,,,,,
E05_2003,E05,2003,0.7571428571428571,0,1.0,0.0,0,1.0,0.0,0,1.0,1.0,4,0.49658893406762206,0.7571149749333469,tree.fixed_k.k04,fixed_k,tree,4,0.8347448979591837,tree.final_ranker_score,4,OK,1.0,1.0,1.0,False,,,,,,,,
E05_2003,E05,2003,0.7482142857142857,0,1.0,0.5,4,0.6666666666666666,0.5,4,0.5,1.0,4,0.49944252135164086,0.7481492349745948,tree.fixed_k.k08,fixed_k,tree,8,0.8328698979591836,tree.final_ranker_score,8,OK,0.6666666666666666,0.5,1.0,False,,,,,,,,
E05_2003,E05,2003,0.7625,0,1.0,0.75,12,0.4,0.75,12,0.25,1.0,4,0.5033476083079309,0.7624931837967288,tree.fixed_k.k16,fixed_k,tree,16,0.8298852040816327,tree.final_ranker_score,16,OK,0.4,0.25,1.0,False,,,,,,,,
E05_2003,E05,2003,0.7571428571428571,0,1.0,0.0,0,1.0,0.0,0,1.0,1.0,4,0.49658893406762206,0.7571149749333469,tree.validation_one_se,validation_one_se,tree,,0.8347448979591837,tree.final_ranker_score,4,OK,1.0,1.0,1.0,False,4,0.5310061809158527,0.5077909532966277,0.023215227619224968,,,,
E05_2003,E05,2003,0.7571428571428571,,1.0,0.0,0,1.0,0.0,0,1.0,1.0,4,0.49658893406762206,0.7571149749333469,tree.cpss_one_se,cpss_one_se,tree,,0.8347448979591837,tree.final_development_selection_frequency,4,OK,1.0,1.0,1.0,False,,0.5310061809158527,0.5077909532966277,0.023215227619224968,0.9,4,4,4
E05_2003,E05,2003,0.6392857142857142,0,1.0,0.0,0,0.4,0.0,0,1.0,0.25,1,0.6148723915672445,0.6389910130718954,screen.fixed_k.k01,fixed_k,screen,1,0.7093367346938776,screen.final_ranker_score,1,OK,0.4,1.0,0.25,False,,,,,,,,
E05_2003,E05,2003,0.7035714285714286,0,1.0,0.0,0,0.6666666666666666,0.0,0,1.0,0.5,2,0.565294065033167,0.7033292483660131,screen.fixed_k.k02,fixed_k,screen,2,0.772295918367347,screen.final_ranker_score,2,OK,0.6666666666666666,1.0,0.5,False,,,,,,,,
E05_2003,E05,2003,0.7571428571428571,0,1.0,0.0,0,1.0,0.0,0,1.0,1.0,4,0.49658893406762206,0.7571149749333469,screen.fixed_k.k04,fixed_k,screen,4,0.8347448979591837,screen.final_ranker_score,4,OK,1.0,1.0,1.0,False,,,,,,,,
E05_2003,E05,2003,0.7535714285714286,0,1.0,0.5,4,0.6666666666666666,0.5,4,0.5,1.0,4,0.49324498946556616,0.7535588550436247,screen.fixed_k.k08,fixed_k,screen,8,0.8374999999999999,screen.final_ranker_score,8,OK,0.6666666666666666,0.5,1.0,False,,,,,,,,
E05_2003,E05,2003,0.7589285714285714,0,1.0,0.75,12,0.4,0.75,12,0.25,1.0,4,0.49529742271954963,0.758921652726003,screen.fixed_k.k16,fixed_k,screen,16,0.8366709183673469,screen.final_ranker_score,16,OK,0.4,0.25,1.0,False,,,,,,,,
E05_2003,E05,2003,0.7571428571428571,0,1.0,0.0,0,1.0,0.0,0,1.0,1.0,4,0.49658893406762206,0.7571149749333469,screen.validation_one_se,validation_one_se,screen,,0.8347448979591837,screen.final_ranker_score,4,OK,1.0,1.0,1.0,False,4,0.5310061809158527,0.5077909532966277,0.023215227619224968,,,,
E05_2003,E05,2003,0.7571428571428571,,1.0,0.0,0,1.0,0.0,0,1.0,1.0,4,0.49658893406762206,0.7571149749333469,screen.cpss_one_se,cpss_one_se,screen,,0.8347448979591837,screen.final_development_selection_frequency,4,OK,1.0,1.0,1.0,False,,0.5310061809158527,0.5077909532966277,0.023215227619224968,0.9,4,4,4
E05_2011,E05,2011,0.6339285714285714,0,1.0,0.0,0,0.4,0.0,0,1.0,0.25,1,0.6373848201583476,0.6335909048836459,shil.fixed_k.k01,fixed_k,shil,1,0.672359693877551,shil.final_ranker_score,1,OK,0.4,1.0,0.25,False,,,,,,,,
E05_2011,E05,2011,0.6625,0,1.0,0.0,0,0.6666666666666666,0.0,0,1.0,0.5,2,0.5776665805604992,0.6622576785001995,shil.fixed_k.k02,fixed_k,shil,2,0.7463775510204081,shil.final_ranker_score,2,OK,0.6666666666666666,1.0,0.5,False,,,,,,,,
E05_2011,E05,2011,0.7607142857142857,0,1.0,0.0,0,1.0,0.0,0,1.0,1.0,4,0.48449913740710693,0.7607112335616526,shil.fixed_k.k04,fixed_k,shil,4,0.8415178571428571,shil.final_ranker_score,4,OK,1.0,1.0,1.0,False,,,,,,,,
E05_2011,E05,2011,0.75,0,1.0,0.5,4,0.6666666666666666,0.5,4,0.5,1.0,4,0.49685221388231104,0.7499202551834131,shil.fixed_k.k08,fixed_k,shil,8,0.836811224489796,shil.final_ranker_score,8,OK,0.6666666666666666,0.5,1.0,False,,,,,,,,
E05_2011,E05,2011,0.7392857142857143,0,1.0,0.75,12,0.4,0.75,12,0.25,1.0,4,0.5068452537566414,0.7392557819137402,shil.fixed_k.k16,fixed_k,shil,16,0.8298979591836735,shil.final_ranker_score,16,OK,0.4,0.25,1.0,False,,,,,,,,
E05_2011,E05,2011,0.7607142857142857,0,1.0,0.0,0,1.0,0.0,0,1.0,1.0,4,0.48449913740710693,0.7607112335616526,shil.validation_one_se,validation_one_se,shil,,0.8415178571428571,shil.final_ranker_score,4,OK,1.0,1.0,1.0,False,4,0.5109047314764548,0.4877611747115386,0.02314355676491619,,,,
E05_2011,E05,2011,0.7607142857142857,,1.0,0.0,0,1.0,0.0,0,1.0,1.0,4,0.48449913740710693,0.7607112335616526,shil.cpss_one_se,cpss_one_se,shil,,0.8415178571428571,shil.final_development_selection_frequency,4,OK,1.0,1.0,1.0,False,,0.5109047314764549,0.48776117471153874,0.02314355676491619,0.9,4,4,4
E05_2011,E05,2011,0.6339285714285714,0,1.0,0.0,0,0.4,0.0,0,1.0,0.25,1,0.6373848201583476,0.6335909048836459,l1.fixed_k.k01,fixed_k,l1,1,0.672359693877551,l1.final_ranker_score,1,OK,0.4,1.0,0.25,False,,,,,,,,
E05_2011,E05,2011,0.6625,0,1.0,0.0,0,0.6666666666666666,0.0,0,1.0,0.5,2,0.5776665805604992,0.6622576785001995,l1.fixed_k.k02,fixed_k,l1,2,0.7463775510204081,l1.final_ranker_score,2,OK,0.6666666666666666,1.0,0.5,False,,,,,,,,
E05_2011,E05,2011,0.7607142857142857,0,1.0,0.0,0,1.0,0.0,0,1.0,1.0,4,0.48449913740710693,0.7607112335616526,l1.fixed_k.k04,fixed_k,l1,4,0.8415178571428571,l1.final_ranker_score,4,OK,1.0,1.0,1.0,False,,,,,,,,
E05_2011,E05,2011,0.7446428571428572,0,1.0,0.5,4,0.6666666666666666,0.5,4,0.5,1.0,4,0.4979437014298447,0.7445768836976387,l1.fixed_k.k08,fixed_k,l1,8,0.835,l1.final_ranker_score,8,OK,0.6666666666666666,0.5,1.0,False,,,,,,,,
E05_2011,E05,2011,0.7357142857142858,0,1.0,0.75,12,0.4,0.75,12,0.25,1.0,4,0.5083735670206759,0.7357008010612787,l1.fixed_k.k16,fixed_k,l1,16,0.8292729591836734,l1.final_ranker_score,16,OK,0.4,0.25,1.0,False,,,,,,,,
E05_2011,E05,2011,0.7607142857142857,0,1.0,0.0,0,1.0,0.0,0,1.0,1.0,4,0.48449913740710693,0.7607112335616526,l1.validation_one_se,validation_one_se,l1,,0.8415178571428571,l1.final_ranker_score,4,OK,1.0,1.0,1.0,False,4,0.5109047314764548,0.4877611747115386,0.02314355676491619,,,,
E05_2011,E05,2011,0.7607142857142857,,1.0,0.0,0,1.0,0.0,0,1.0,1.0,4,0.48449913740710693,0.7607112335616526,l1.cpss_one_se,cpss_one_se,l1,,0.8415178571428571,l1.final_development_selection_frequency,4,OK,1.0,1.0,1.0,False,,0.5109047314764549,0.48776117471153874,0.02314355676491619,0.9,4,4,4
E05_2011,E05,2011,0.6339285714285714,0,1.0,0.0,0,0.4,0.0,0,1.0,0.25,1,0.6373848201583476,0.6335909048836459,tree.fixed_k.k01,fixed_k,tree,1,0.672359693877551,tree.final_ranker_score,1,OK,0.4,1.0,0.25,False,,,,,,,,
E05_2011,E05,2011,0.6625,0,1.0,0.0,0,0.6666666666666666,0.0,0,1.0,0.5,2,0.5776665805604992,0.6622576785001995,tree.fixed_k.k02,fixed_k,tree,2,0.7463775510204081,tree.final_ranker_score,2,OK,0.6666666666666666,1.0,0.5,False,,,,,,,,
E05_2011,E05,2011,0.7607142857142857,0,1.0,0.0,0,1.0,0.0,0,1.0,1.0,4,0.48449913740710693,0.7607112335616526,tree.fixed_k.k04,fixed_k,tree,4,0.8415178571428571,tree.final_ranker_score,4,OK,1.0,1.0,1.0,False,,,,,,,,
E05_2011,E05,2011,0.7428571428571429,0,1.0,0.5,4,0.6666666666666666,0.5,4,0.5,1.0,4,0.4926872084095097,0.7428538629319252,tree.fixed_k.k08,fixed_k,tree,8,0.8372066326530613,tree.final_ranker_score,8,OK,0.6666666666666666,0.5,1.0,False,,,,,,,,
E05_2011,E05,2011,0.7446428571428572,0,1.0,0.75,12,0.4,0.75,12,0.25,1.0,4,0.4949253765793336,0.7446420428636571,tree.fixed_k.k16,fixed_k,tree,16,0.8361479591836735,tree.final_ranker_score,16,OK,0.4,0.25,1.0,False,,,,,,,,
E05_2011,E05,2011,0.7607142857142857,0,1.0,0.0,0,1.0,0.0,0,1.0,1.0,4,0.48449913740710693,0.7607112335616526,tree.validation_one_se,validation_one_se,tree,,0.8415178571428571,tree.final_ranker_score,4,OK,1.0,1.0,1.0,False,4,0.5109047314764548,0.4877611747115386,0.02314355676491619,,,,
E05_2011,E05,2011,0.7607142857142857,,1.0,0.0,0,1.0,0.0,0,1.0,1.0,4,0.48449913740710693,0.7607112335616526,tree.cpss_one_se,cpss_one_se,tree,,0.8415178571428571,tree.final_development_selection_frequency,4,OK,1.0,1.0,1.0,False,,0.5109047314764549,0.48776117471153874,0.02314355676491619,0.9,4,4,4
E05_2011,E05,2011,0.6339285714285714,0,1.0,0.0,0,0.4,0.0,0,1.0,0.25,1,0.6373848201583476,0.6335909048836459,screen.fixed_k.k01,fixed_k,screen,1,0.672359693877551,screen.final_ranker_score,1,OK,0.4,1.0,0.25,False,,,,,,,,
E05_2011,E05,2011,0.6625,0,1.0,0.0,0,0.6666666666666666,0.0,0,1.0,0.5,2,0.5776665805604992,0.6622576785001995,screen.fixed_k.k02,fixed_k,screen,2,0.7463775510204081,screen.final_ranker_score,2,OK,0.6666666666666666,1.0,0.5,False,,,,,,,,
E05_2011,E05,2011,0.7607142857142857,0,1.0,0.0,0,1.0,0.0,0,1.0,1.0,4,0.48449913740710693,0.7607112335616526,screen.fixed_k.k04,fixed_k,screen,4,0.8415178571428571,screen.final_ranker_score,4,OK,1.0,1.0,1.0,False,,,,,,,,
E05_2011,E05,2011,0.75,0,1.0,0.5,4,0.6666666666666666,0.5,4,0.5,1.0,4,0.49685221388231104,0.7499202551834131,screen.fixed_k.k08,fixed_k,screen,8,0.836811224489796,screen.final_ranker_score,8,OK,0.6666666666666666,0.5,1.0,False,,,,,,,,
E05_2011,E05,2011,0.7392857142857143,0,1.0,0.75,12,0.4,0.75,12,0.25,1.0,4,0.5068452537566414,0.7392557819137402,screen.fixed_k.k16,fixed_k,screen,16,0.8298979591836735,screen.final_ranker_score,16,OK,0.4,0.25,1.0,False,,,,,,,,
E05_2011,E05,2011,0.7607142857142857,0,1.0,0.0,0,1.0,0.0,0,1.0,1.0,4,0.48449913740710693,0.7607112335616526,screen.validation_one_se,validation_one_se,screen,,0.8415178571428571,screen.final_ranker_score,4,OK,1.0,1.0,1.0,False,4,0.5109047314764548,0.4877611747115386,0.02314355676491619,,,,
E05_2011,E05,2011,0.7607142857142857,,1.0,0.0,0,1.0,0.0,0,1.0,1.0,4,0.48449913740710693,0.7607112335616526,screen.cpss_one_se,cpss_one_se,screen,,0.8415178571428571,screen.final_development_selection_frequency,4,OK,1.0,1.0,1.0,False,,0.5109047314764549,0.48776117471153874,0.02314355676491619,0.9,4,4,4
E05_2017,E05,2017,0.6214285714285714,0,1.0,0.0,0,0.4,0.0,0,1.0,0.25,1,0.6441335299373551,0.6213078149920255,shil.fixed_k.k01,fixed_k,shil,1,0.6588010204081632,shil.final_ranker_score,1,OK,0.4,1.0,0.25,False,,,,,,,,
E05_2017,E05,2017,0.6857142857142857,0,1.0,0.0,0,0.6666666666666666,0.0,0,1.0,0.5,2,0.5700788009883813,0.6856782028549195,shil.fixed_k.k02,fixed_k,shil,2,0.7626658163265306,shil.final_ranker_score,2,OK,0.6666666666666666,1.0,0.5,False,,,,,,,,
E05_2017,E05,2017,0.775,0,1.0,0.0,0,1.0,0.0,0,1.0,1.0,4,0.46522216900996793,0.7749885198224399,shil.fixed_k.k04,fixed_k,shil,4,0.8561352040816326,shil.final_ranker_score,4,OK,1.0,1.0,1.0,False,,,,,,,,
E05_2017,E05,2017,0.7589285714285714,0,1.0,0.5,4,0.6666666666666666,0.5,4,0.5,1.0,4,0.47206818924739563,0.7589093518297059,shil.fixed_k.k08,fixed_k,shil,8,0.8516198979591836,shil.final_ranker_score,8,OK,0.6666666666666666,0.5,1.0,False,,,,,,,,
E05_2017,E05,2017,0.7571428571428571,0,1.0,0.75,12,0.4,0.75,12,0.25,1.0,4,0.47049458428572627,0.7571397594357071,shil.fixed_k.k16,fixed_k,shil,16,0.853329081632653,shil.final_ranker_score,16,OK,0.4,0.25,1.0,False,,,,,,,,
E05_2017,E05,2017,0.775,0,1.0,0.0,0,1.0,0.0,0,1.0,1.0,4,0.46522216900996793,0.7749885198224399,shil.validation_one_se,validation_one_se,shil,,0.8561352040816326,shil.final_ranker_score,4,OK,1.0,1.0,1.0,False,4,0.5057223049320265,0.4841401455342773,0.021582159397749236,,,,
E05_2017,E05,2017,0.775,,1.0,0.0,0,1.0,0.0,0,1.0,1.0,4,0.46522216900996793,0.7749885198224399,shil.cpss_one_se,cpss_one_se,shil,,0.8561352040816326,shil.final_development_selection_frequency,4,OK,1.0,1.0,1.0,False,,0.5057223049320265,0.4841401455342773,0.021582159397749236,0.9,4,4,4
E05_2017,E05,2017,0.6214285714285714,0,1.0,0.0,0,0.4,0.0,0,1.0,0.25,1,0.6441335299373551,0.6213078149920255,l1.fixed_k.k01,fixed_k,l1,1,0.6588010204081632,l1.final_ranker_score,1,OK,0.4,1.0,0.25,False,,,,,,,,
E05_2017,E05,2017,0.6857142857142857,0,1.0,0.0,0,0.6666666666666666,0.0,0,1.0,0.5,2,0.5700788009883813,0.6856782028549195,l1.fixed_k.k02,fixed_k,l1,2,0.7626658163265306,l1.final_ranker_score,2,OK,0.6666666666666666,1.0,0.5,False,,,,,,,,
E05_2017,E05,2017,0.775,0,1.0,0.0,0,1.0,0.0,0,1.0,1.0,4,0.46522216900996793,0.7749885198224399,l1.fixed_k.k04,fixed_k,l1,4,0.8561352040816326,l1.final_ranker_score,4,OK,1.0,1.0,1.0,False,,,,,,,,
E05_2017,E05,2017,0.75,0,1.0,0.5,4,0.6666666666666666,0.5,4,0.5,1.0,4,0.4832689386257229,0.7499202551834131,l1.fixed_k.k08,fixed_k,l1,8,0.8430229591836735,l1.final_ranker_score,8,OK,0.6666666666666666,0.5,1.0,False,,,,,,,,
E05_2017,E05,2017,0.7446428571428572,0,1.0,0.75,12,0.4,0.75,12,0.25,1.0,4,0.4949077450550943,0.7446355284430994,l1.fixed_k.k16,fixed_k,l1,16,0.8356632653061224,l1.final_ranker_score,16,OK,0.4,0.25,1.0,False,,,,,,,,
E05_2017,E05,2017,0.775,0,1.0,0.0,0,1.0,0.0,0,1.0,1.0,4,0.46522216900996793,0.7749885198224399,l1.validation_one_se,validation_one_se,l1,,0.8561352040816326,l1.final_ranker_score,4,OK,1.0,1.0,1.0,False,4,0.5057223049320264,0.4841401455342772,0.021582159397749236,,,,
E05_2017,E05,2017,0.775,,1.0,0.0,0,1.0,0.0,0,1.0,1.0,4,0.46522216900996793,0.7749885198224399,l1.cpss_one_se,cpss_one_se,l1,,0.8561352040816326,l1.final_development_selection_frequency,4,OK,1.0,1.0,1.0,False,,0.5057223049320265,0.4841401455342773,0.021582159397749236,0.9,4,4,4
E05_2017,E05,2017,0.6303571428571428,0,1.0,0.0,0,0.4,0.0,0,1.0,0.25,1,0.6232783042406083,0.6302616428350435,tree.fixed_k.k01,fixed_k,tree,1,0.6828571428571429,tree.final_ranker_score,1,OK,0.4,1.0,0.25,False,,,,,,,,
E05_2017,E05,2017,0.6857142857142857,0,1.0,0.0,0,0.6666666666666666,0.0,0,1.0,0.5,2,0.5700788009883813,0.6856782028549195,tree.fixed_k.k02,fixed_k,tree,2,0.7626658163265306,tree.final_ranker_score,2,OK,0.6666666666666666,1.0,0.5,False,,,,,,,,
E05_2017,E05,2017,0.775,0,1.0,0.0,0,1.0,0.0,0,1.0,1.0,4,0.46522216900996793,0.7749885198224399,tree.fixed_k.k04,fixed_k,tree,4,0.8561352040816326,tree.final_ranker_score,4,OK,1.0,1.0,1.0,False,,,,,,,,
E05_2017,E05,2017,0.7732142857142857,0,1.0,0.5,4,0.6666666666666666,0.5,4,0.5,1.0,4,0.4683309475583346,0.7732135625432479,tree.fixed_k.k08,fixed_k,tree,8,0.8545408163265307,tree.final_ranker_score,8,OK,0.6666666666666666,0.5,1.0,False,,,,,,,,
E05_2017,E05,2017,0.7696428571428572,0,1.0,0.75,12,0.4,0.75,12,0.25,1.0,4,0.47428831115322295,0.7695833426363314,tree.fixed_k.k16,fixed_k,tree,16,0.8512244897959185,tree.final_ranker_score,16,OK,0.4,0.25,1.0,False,,,,,,,,
E05_2017,E05,2017,0.775,0,1.0,0.0,0,1.0,0.0,0,1.0,1.0,4,0.46522216900996793,0.7749885198224399,tree.validation_one_se,validation_one_se,tree,,0.8561352040816326,tree.final_ranker_score,4,OK,1.0,1.0,1.0,False,4,0.5057223049320265,0.4841401455342773,0.021582159397749236,,,,
E05_2017,E05,2017,0.775,,1.0,0.0,0,1.0,0.0,0,1.0,1.0,4,0.46522216900996793,0.7749885198224399,tree.cpss_one_se,cpss_one_se,tree,,0.8561352040816326,tree.final_development_selection_frequency,4,OK,1.0,1.0,1.0,False,,0.5057223049320265,0.4841401455342773,0.021582159397749236,0.9,4,4,4
E05_2017,E05,2017,0.6214285714285714,0,1.0,0.0,0,0.4,0.0,0,1.0,0.25,1,0.6441335299373551,0.6213078149920255,screen.fixed_k.k01,fixed_k,screen,1,0.6588010204081632,screen.final_ranker_score,1,OK,0.4,1.0,0.25,False,,,,,,,,
E05_2017,E05,2017,0.6857142857142857,0,1.0,0.0,0,0.6666666666666666,0.0,0,1.0,0.5,2,0.5700788009883813,0.6856782028549195,screen.fixed_k.k02,fixed_k,screen,2,0.7626658163265306,screen.final_ranker_score,2,OK,0.6666666666666666,1.0,0.5,False,,,,,,,,
E05_2017,E05,2017,0.775,0,1.0,0.0,0,1.0,0.0,0,1.0,1.0,4,0.46522216900996793,0.7749885198224399,screen.fixed_k.k04,fixed_k,screen,4,0.8561352040816326,screen.final_ranker_score,4,OK,1.0,1.0,1.0,False,,,,,,,,
E05_2017,E05,2017,0.7589285714285714,0,1.0,0.5,4,0.6666666666666666,0.5,4,0.5,1.0,4,0.47206818924739563,0.7589093518297059,screen.fixed_k.k08,fixed_k,screen,8,0.8516198979591836,screen.final_ranker_score,8,OK,0.6666666666666666,0.5,1.0,False,,,,,,,,
E05_2017,E05,2017,0.7571428571428571,0,1.0,0.75,12,0.4,0.75,12,0.25,1.0,4,0.47049458428572627,0.7571397594357071,screen.fixed_k.k16,fixed_k,screen,16,0.853329081632653,screen.final_ranker_score,16,OK,0.4,0.25,1.0,False,,,,,,,,
E05_2017,E05,2017,0.775,0,1.0,0.0,0,1.0,0.0,0,1.0,1.0,4,0.46522216900996793,0.7749885198224399,screen.validation_one_se,validation_one_se,screen,,0.8561352040816326,screen.final_ranker_score,4,OK,1.0,1.0,1.0,False,4,0.5057223049320265,0.4841401455342773,0.021582159397749236,,,,
E05_2017,E05,2017,0.775,,1.0,0.0,0,1.0,0.0,0,1.0,1.0,4,0.46522216900996793,0.7749885198224399,screen.cpss_one_se,cpss_one_se,screen,,0.8561352040816326,screen.final_development_selection_frequency,4,OK,1.0,1.0,1.0,False,,0.5057223049320265,0.4841401455342773,0.021582159397749236,0.9,4,4,4
E05_2027,E05,2027,0.6285714285714286,0,1.0,0.0,0,0.4,0.0,0,1.0,0.25,1,0.6192566701960479,0.6283391405342624,shil.fixed_k.k01,fixed_k,shil,1,0.6999489795918368,shil.final_ranker_score,1,OK,0.4,1.0,0.25,False,,,,,,,,
E05_2027,E05,2027,0.7196428571428571,0,1.0,0.0,0,0.6666666666666666,0.0,0,1.0,0.5,2,0.5434402077345193,0.7196348109480183,shil.fixed_k.k02,fixed_k,shil,2,0.7933418367346938,shil.final_ranker_score,2,OK,0.6666666666666666,1.0,0.5,False,,,,,,,,
E05_2027,E05,2027,0.7767857142857143,0,1.0,0.0,0,1.0,0.0,0,1.0,1.0,4,0.4456022184283942,0.7767793080796324,shil.fixed_k.k04,fixed_k,shil,4,0.8703954081632653,shil.final_ranker_score,4,OK,1.0,1.0,1.0,False,,,,,,,,
E05_2027,E05,2027,0.7732142857142857,0,1.0,0.5,4,0.6666666666666666,0.5,4,0.5,1.0,4,0.4548369290285629,0.7732135625432479,shil.fixed_k.k08,fixed_k,shil,8,0.8633035714285715,shil.final_ranker_score,8,OK,0.6666666666666666,0.5,1.0,False,,,,,,,,
E05_2027,E05,2027,0.7678571428571429,0,1.0,0.75,12,0.4,0.75,12,0.25,1.0,4,0.46448286473363043,0.7678571428571429,shil.fixed_k.k16,fixed_k,shil,16,0.8566454081632652,shil.final_ranker_score,16,OK,0.4,0.25,1.0,False,,,,,,,,
E05_2027,E05,2027,0.7767857142857143,0,1.0,0.0,0,1.0,0.0,0,1.0,1.0,4,0.4456022184283942,0.7767793080796324,shil.validation_one_se,validation_one_se,shil,,0.8703954081632653,shil.final_ranker_score,4,OK,1.0,1.0,1.0,False,4,0.5425380185253444,0.5180575666086641,0.024480451916680374,,,,
E05_2027,E05,2027,0.7767857142857143,,1.0,0.0,0,1.0,0.0,0,1.0,1.0,4,0.4456022184283942,0.7767793080796324,shil.cpss_one_se,cpss_one_se,shil,,0.8703954081632653,shil.final_development_selection_frequency,4,OK,1.0,1.0,1.0,False,,0.5425380185253444,0.5180575666086641,0.024480451916680374,0.9,4,4,4
E05_2027,E05,2027,0.6285714285714286,0,1.0,0.0,0,0.4,0.0,0,1.0,0.25,1,0.6192566701960479,0.6283391405342624,l1.fixed_k.k01,fixed_k,l1,1,0.6999489795918368,l1.final_ranker_score,1,OK,0.4,1.0,0.25,False,,,,,,,,
E05_2027,E05,2027,0.6910714285714286,0,1.0,0.0,0,0.6666666666666666,0.0,0,1.0,0.5,2,0.5589135820905716,0.6910467990114008,l1.fixed_k.k02,fixed_k,l1,2,0.776670918367347,l1.final_ranker_score,2,OK,0.6666666666666666,1.0,0.5,False,,,,,,,,
E05_2027,E05,2027,0.7767857142857143,0,1.0,0.0,0,1.0,0.0,0,1.0,1.0,4,0.44560221842839426,0.7767793080796324,l1.fixed_k.k04,fixed_k,l1,4,0.8703954081632653,l1.final_ranker_score,4,OK,1.0,1.0,1.0,False,,,,,,,,
E05_2027,E05,2027,0.7714285714285715,0,1.0,0.5,4,0.6666666666666666,0.5,4,0.5,1.0,4,0.45673311134271355,0.7714285714285715,l1.fixed_k.k08,fixed_k,l1,8,0.8598086734693877,l1.final_ranker_score,8,OK,0.6666666666666666,0.5,1.0,False,,,,,,,,
E05_2027,E05,2027,0.7375,5,1.0,0.6363636363636364,7,0.5333333333333333,0.6363636363636364,7,0.36363636363636365,1.0,4,0.4779760279002649,0.7374991629437594,l1.fixed_k.k16,fixed_k,l1,16,0.8444642857142857,l1.final_ranker_score,11,OK,0.5333333333333333,0.36363636363636365,1.0,False,,,,,,,,
E05_2027,E05,2027,0.7767857142857143,0,1.0,0.0,0,1.0,0.0,0,1.0,1.0,4,0.44560221842839426,0.7767793080796324,l1.validation_one_se,validation_one_se,l1,,0.8703954081632653,l1.final_ranker_score,4,OK,1.0,1.0,1.0,False,4,0.5425380185253444,0.5180575666086641,0.024480451916680374,,,,
E05_2027,E05,2027,0.7767857142857143,,1.0,0.0,0,1.0,0.0,0,1.0,1.0,4,0.4456022184283942,0.7767793080796324,l1.cpss_one_se,cpss_one_se,l1,,0.8703954081632653,l1.final_development_selection_frequency,4,OK,1.0,1.0,1.0,False,,0.5425380185253444,0.5180575666086641,0.024480451916680374,0.9,4,4,4
E05_2027,E05,2027,0.6285714285714286,0,1.0,0.0,0,0.4,0.0,0,1.0,0.25,1,0.6192566701960479,0.6283391405342624,tree.fixed_k.k01,fixed_k,tree,1,0.6999489795918368,tree.final_ranker_score,1,OK,0.4,1.0,0.25,False,,,,,,,,
E05_2027,E05,2027,0.7196428571428571,0,1.0,0.0,0,0.6666666666666666,0.0,0,1.0,0.5,2,0.5434402077345193,0.7196348109480183,tree.fixed_k.k02,fixed_k,tree,2,0.7933418367346938,tree.final_ranker_score,2,OK,0.6666666666666666,1.0,0.5,False,,,,,,,,
E05_2027,E05,2027,0.7767857142857143,0,1.0,0.0,0,1.0,0.0,0,1.0,1.0,4,0.4456022184283942,0.7767793080796324,tree.fixed_k.k04,fixed_k,tree,4,0.8703954081632653,tree.final_ranker_score,4,OK,1.0,1.0,1.0,False,,,,,,,,
E05_2027,E05,2027,0.7696428571428572,0,1.0,0.5,4,0.6666666666666666,0.5,4,0.5,1.0,4,0.45384992123897333,0.769642122583299,tree.fixed_k.k08,fixed_k,tree,8,0.863826530612245,tree.final_ranker_score,8,OK,0.6666666666666666,0.5,1.0,False,,,,,,,,
E05_2027,E05,2027,0.7714285714285715,0,1.0,0.75,12,0.4,0.75,12,0.25,1.0,4,0.45911439924586545,0.7714169090259707,tree.fixed_k.k16,fixed_k,tree,16,0.8606122448979592,tree.final_ranker_score,16,OK,0.4,0.25,1.0,False,,,,,,,,
E05_2027,E05,2027,0.7767857142857143,0,1.0,0.0,0,1.0,0.0,0,1.0,1.0,4,0.4456022184283942,0.7767793080796324,tree.validation_one_se,validation_one_se,tree,,0.8703954081632653,tree.final_ranker_score,4,OK,1.0,1.0,1.0,False,4,0.5425380185253444,0.5180575666086641,0.024480451916680374,,,,
E05_2027,E05,2027,0.7767857142857143,,1.0,0.0,0,1.0,0.0,0,1.0,1.0,4,0.4456022184283942,0.7767793080796324,tree.cpss_one_se,cpss_one_se,tree,,0.8703954081632653,tree.final_development_selection_frequency,4,OK,1.0,1.0,1.0,False,,0.5425380185253444,0.5180575666086641,0.024480451916680374,0.9,4,4,4
E05_2027,E05,2027,0.6285714285714286,0,1.0,0.0,0,0.4,0.0,0,1.0,0.25,1,0.6192566701960479,0.6283391405342624,screen.fixed_k.k01,fixed_k,screen,1,0.6999489795918368,screen.final_ranker_score,1,OK,0.4,1.0,0.25,False,,,,,,,,
E05_2027,E05,2027,0.7196428571428571,0,1.0,0.0,0,0.6666666666666666,0.0,0,1.0,0.5,2,0.5434402077345193,0.7196348109480183,screen.fixed_k.k02,fixed_k,screen,2,0.7933418367346938,screen.final_ranker_score,2,OK,0.6666666666666666,1.0,0.5,False,,,,,,,,
E05_2027,E05,2027,0.7767857142857143,0,1.0,0.0,0,1.0,0.0,0,1.0,1.0,4,0.4456022184283942,0.7767793080796324,screen.fixed_k.k04,fixed_k,screen,4,0.8703954081632653,screen.final_ranker_score,4,OK,1.0,1.0,1.0,False,,,,,,,,
E05_2027,E05,2027,0.7732142857142857,0,1.0,0.5,4,0.6666666666666666,0.5,4,0.5,1.0,4,0.4548369290285629,0.7732135625432479,screen.fixed_k.k08,fixed_k,screen,8,0.8633035714285715,screen.final_ranker_score,8,OK,0.6666666666666666,0.5,1.0,False,,,,,,,,
E05_2027,E05,2027,0.7678571428571429,0,1.0,0.75,12,0.4,0.75,12,0.25,1.0,4,0.46448286473363043,0.7678571428571429,screen.fixed_k.k16,fixed_k,screen,16,0.8566454081632652,screen.final_ranker_score,16,OK,0.4,0.25,1.0,False,,,,,,,,
E05_2027,E05,2027,0.7767857142857143,0,1.0,0.0,0,1.0,0.0,0,1.0,1.0,4,0.4456022184283942,0.7767793080796324,screen.validation_one_se,validation_one_se,screen,,0.8703954081632653,screen.final_ranker_score,4,OK,1.0,1.0,1.0,False,4,0.5425380185253444,0.5180575666086641,0.024480451916680374,,,,
E05_2027,E05,2027,0.7767857142857143,,1.0,0.0,0,1.0,0.0,0,1.0,1.0,4,0.4456022184283942,0.7767793080796324,screen.cpss_one_se,cpss_one_se,screen,,0.8703954081632653,screen.final_development_selection_frequency,4,OK,1.0,1.0,1.0,False,,0.5425380185253444,0.5180575666086641,0.024480451916680374,0.9,4,4,4
E05_2029,E05,2029,0.6446428571428572,0,1.0,0.0,0,0.4,0.0,0,1.0,0.25,1,0.6280678333116041,0.6441424324384737,shil.fixed_k.k01,fixed_k,shil,1,0.698469387755102,shil.final_ranker_score,1,OK,0.4,1.0,0.25,False,,,,,,,,
E05_2029,E05,2029,0.6714285714285714,0,1.0,0.0,0,0.6666666666666666,0.0,0,1.0,0.5,2,0.5820734419837429,0.671277627482007,shil.fixed_k.k02,fixed_k,shil,2,0.7448086734693877,shil.final_ranker_score,2,OK,0.6666666666666666,1.0,0.5,False,,,,,,,,
E05_2029,E05,2029,0.7535714285714286,0,1.0,0.0,0,1.0,0.0,0,1.0,1.0,4,0.4695110740852562,0.7535682853097616,shil.fixed_k.k04,fixed_k,shil,4,0.8493239795918368,shil.final_ranker_score,4,OK,1.0,1.0,1.0,False,,,,,,,,
E05_2029,E05,2029,0.7517857142857143,0,1.0,0.5,4,0.6666666666666666,0.5,4,0.5,1.0,4,0.4728060892381511,0.7517785905845513,shil.fixed_k.k08,fixed_k,shil,8,0.8469897959183674,shil.final_ranker_score,8,OK,0.6666666666666666,0.5,1.0,False,,,,,,,,
E05_2029,E05,2029,0.7428571428571429,0,1.0,0.75,12,0.4,0.75,12,0.25,1.0,4,0.48652680763917006,0.742844022654217,shil.fixed_k.k16,fixed_k,shil,16,0.8378954081632652,shil.final_ranker_score,16,OK,0.4,0.25,1.0,False,,,,,,,,
E05_2029,E05,2029,0.7535714285714286,0,1.0,0.0,0,1.0,0.0,0,1.0,1.0,4,0.4695110740852562,0.7535682853097616,shil.validation_one_se,validation_one_se,shil,,0.8493239795918368,shil.final_ranker_score,4,OK,1.0,1.0,1.0,False,4,0.49905937131495404,0.47936568045334277,0.019693690861611296,,,,
E05_2029,E05,2029,0.7535714285714286,,1.0,0.0,0,1.0,0.0,0,1.0,1.0,4,0.4695110740852562,0.7535682853097616,shil.cpss_one_se,cpss_one_se,shil,,0.8493239795918368,shil.final_development_selection_frequency,4,OK,1.0,1.0,1.0,False,,0.49905937131495404,0.4793656804533427,0.019693690861611296,0.9,4,4,4
E05_2029,E05,2029,0.5625,0,1.0,0.0,0,0.4,0.0,0,1.0,0.25,1,0.6652313653337063,0.5616263279814682,l1.fixed_k.k01,fixed_k,l1,1,0.6085586734693877,l1.final_ranker_score,1,OK,0.4,1.0,0.25,False,,,,,,,,
E05_2029,E05,2029,0.6714285714285714,0,1.0,0.0,0,0.6666666666666666,0.0,0,1.0,0.5,2,0.582073441983743,0.671277627482007,l1.fixed_k.k02,fixed_k,l1,2,0.7448086734693877,l1.final_ranker_score,2,OK,0.6666666666666666,1.0,0.5,False,,,,,,,,
E05_2029,E05,2029,0.7535714285714286,0,1.0,0.0,0,1.0,0.0,0,1.0,1.0,4,0.4695110740852562,0.7535682853097616,l1.fixed_k.k04,fixed_k,l1,4,0.8493239795918368,l1.final_ranker_score,4,OK,1.0,1.0,1.0,False,,,,,,,,
E05_2029,E05,2029,0.7321428571428571,0,1.0,0.5,4,0.6666666666666666,0.5,4,0.5,1.0,4,0.48512325212940643,0.7321394405540886,l1.fixed_k.k08,fixed_k,l1,8,0.8374744897959185,l1.final_ranker_score,8,OK,0.6666666666666666,0.5,1.0,False,,,,,,,,
E05_2029,E05,2029,0.7285714285714285,0,1.0,0.75,12,0.4,0.75,12,0.25,1.0,4,0.5117602636459415,0.7285679664281433,l1.fixed_k.k16,fixed_k,l1,16,0.8232015306122449,l1.final_ranker_score,16,OK,0.4,0.25,1.0,False,,,,,,,,
E05_2029,E05,2029,0.7535714285714286,0,1.0,0.0,0,1.0,0.0,0,1.0,1.0,4,0.4695110740852562,0.7535682853097616,l1.validation_one_se,validation_one_se,l1,,0.8493239795918368,l1.final_ranker_score,4,OK,1.0,1.0,1.0,False,4,0.49905937131495404,0.47936568045334277,0.019693690861611296,,,,
E05_2029,E05,2029,0.7535714285714286,,1.0,0.0,0,1.0,0.0,0,1.0,1.0,4,0.4695110740852562,0.7535682853097616,l1.cpss_one_se,cpss_one_se,l1,,0.8493239795918368,l1.final_development_selection_frequency,4,OK,1.0,1.0,1.0,False,,0.49905937131495404,0.4793656804533427,0.019693690861611296,0.9,4,4,4
E05_2029,E05,2029,0.6446428571428572,0,1.0,0.0,0,0.4,0.0,0,1.0,0.25,1,0.6280678333116041,0.6441424324384737,tree.fixed_k.k01,fixed_k,tree,1,0.698469387755102,tree.final_ranker_score,1,OK,0.4,1.0,0.25,False,,,,,,,,
E05_2029,E05,2029,0.6767857142857143,0,1.0,0.0,0,0.6666666666666666,0.0,0,1.0,0.5,2,0.585200169332381,0.6767022094354728,tree.fixed_k.k02,fixed_k,tree,2,0.7483290816326531,tree.final_ranker_score,2,OK,0.6666666666666666,1.0,0.5,False,,,,,,,,
E05_2029,E05,2029,0.7535714285714286,0,1.0,0.0,0,1.0,0.0,0,1.0,1.0,4,0.4695110740852562,0.7535682853097616,tree.fixed_k.k04,fixed_k,tree,4,0.8493239795918368,tree.final_ranker_score,4,OK,1.0,1.0,1.0,False,,,,,,,,
E05_2029,E05,2029,0.7589285714285714,0,1.0,0.5,4,0.6666666666666666,0.5,4,0.5,1.0,4,0.4699144111218612,0.758921652726003,tree.fixed_k.k08,fixed_k,tree,8,0.849451530612245,tree.final_ranker_score,8,OK,0.6666666666666666,0.5,1.0,False,,,,,,,,
E05_2029,E05,2029,0.7303571428571428,0,1.0,0.75,12,0.4,0.75,12,0.25,1.0,4,0.4779247847463127,0.7302874785898144,tree.fixed_k.k16,fixed_k,tree,16,0.8438137755102041,tree.final_ranker_score,16,OK,0.4,0.25,1.0,False,,,,,,,,
E05_2029,E05,2029,0.7535714285714286,0,1.0,0.0,0,1.0,0.0,0,1.0,1.0,4,0.4695110740852562,0.7535682853097616,tree.validation_one_se,validation_one_se,tree,,0.8493239795918368,tree.final_ranker_score,4,OK,1.0,1.0,1.0,False,4,0.4973735393461607,0.4793656804533427,0.019693690861611296,,,,
E05_2029,E05,2029,0.7535714285714286,,1.0,0.0,0,1.0,0.0,0,1.0,1.0,4,0.4695110740852562,0.7535682853097616,tree.cpss_one_se,cpss_one_se,tree,,0.8493239795918368,tree.final_development_selection_frequency,4,OK,1.0,1.0,1.0,False,,0.49905937131495404,0.4793656804533427,0.019693690861611296,0.9,4,4,4
E05_2029,E05,2029,0.6446428571428572,0,1.0,0.0,0,0.4,0.0,0,1.0,0.25,1,0.6280678333116041,0.6441424324384737,screen.fixed_k.k01,fixed_k,screen,1,0.698469387755102,screen.final_ranker_score,1,OK,0.4,1.0,0.25,False,,,,,,,,
E05_2029,E05,2029,0.6714285714285714,0,1.0,0.0,0,0.6666666666666666,0.0,0,1.0,0.5,2,0.5820734419837429,0.671277627482007,screen.fixed_k.k02,fixed_k,screen,2,0.7448086734693877,screen.final_ranker_score,2,OK,0.6666666666666666,1.0,0.5,False,,,,,,,,
E05_2029,E05,2029,0.7535714285714286,0,1.0,0.0,0,1.0,0.0,0,1.0,1.0,4,0.4695110740852562,0.7535682853097616,screen.fixed_k.k04,fixed_k,screen,4,0.8493239795918368,screen.final_ranker_score,4,OK,1.0,1.0,1.0,False,,,,,,,,
E05_2029,E05,2029,0.7517857142857143,0,1.0,0.5,4,0.6666666666666666,0.5,4,0.5,1.0,4,0.4728060892381511,0.7517785905845513,screen.fixed_k.k08,fixed_k,screen,8,0.8469897959183674,screen.final_ranker_score,8,OK,0.6666666666666666,0.5,1.0,False,,,,,,,,
E05_2029,E05,2029,0.7428571428571429,0,1.0,0.75,12,0.4,0.75,12,0.25,1.0,4,0.48652680763917006,0.742844022654217,screen.fixed_k.k16,fixed_k,screen,16,0.8378954081632652,screen.final_ranker_score,16,OK,0.4,0.25,1.0,False,,,,,,,,
E05_2029,E05,2029,0.7535714285714286,0,1.0,0.0,0,1.0,0.0,0,1.0,1.0,4,0.4695110740852562,0.7535682853097616,screen.validation_one_se,validation_one_se,screen,,0.8493239795918368,screen.final_ranker_score,4,OK,1.0,1.0,1.0,False,4,0.49905937131495404,0.47936568045334277,0.019693690861611296,,,,
E05_2029,E05,2029,0.7535714285714286,,1.0,0.0,0,1.0,0.0,0,1.0,1.0,4,0.4695110740852562,0.7535682853097616,screen.cpss_one_se,cpss_one_se,screen,,0.8493239795918368,screen.final_development_selection_frequency,4,OK,1.0,1.0,1.0,False,,0.49905937131495404,0.4793656804533427,0.019693690861611296,0.9,4,4,4
E06_2003,E06,2003,0.6482142857142857,0,0.6,0.0,0,0.4,0.0,0,1.0,0.25,1,0.6169230062265224,0.6477188904039162,shil.fixed_k.k01,fixed_k,shil,1,0.7042219387755102,shil.final_ranker_score,1,OK,0.4,1.0,0.25,False,,,,,,,,
E06_2003,E06,2003,0.6482142857142857,0,0.6,0.5,1,0.3333333333333333,0.5,1,0.5,0.25,1,0.6175654091581939,0.6476198689754081,shil.fixed_k.k02,fixed_k,shil,2,0.7029974489795918,shil.final_ranker_score,2,OK,0.3333333333333333,0.5,0.25,False,,,,,,,,
E06_2003,E06,2003,0.7053571428571429,0,0.6,0.5,2,0.5,0.5,2,0.5,0.5,2,0.5662343749835139,0.7050175744399644,shil.fixed_k.k04,fixed_k,shil,4,0.7711989795918368,shil.final_ranker_score,4,OK,0.5,0.5,0.5,False,,,,,,,,
E06_2003,E06,2003,0.7464285714285714,0,0.6,0.625,5,0.5,0.625,5,0.375,0.75,3,0.5259931826229359,0.7463994591215828,shil.fixed_k.k08,fixed_k,shil,8,0.812219387755102,shil.final_ranker_score,8,OK,0.5,0.375,0.75,False,,,,,,,,
E06_2003,E06,2003,0.7678571428571429,0,0.6,0.75,12,0.4,0.75,12,0.25,1.0,4,0.49509177799447496,0.7678452982295014,shil.fixed_k.k16,fixed_k,shil,16,0.837436224489796,shil.final_ranker_score,16,OK,0.4,0.25,1.0,False,,,,,,,,
E06_2003,E06,2003,0.7678571428571429,0,0.6,0.75,12,0.4,0.75,12,0.25,1.0,4,0.49509177799447496,0.7678452982295014,shil.validation_one_se,validation_one_se,shil,,0.837436224489796,shil.final_ranker_score,16,OK,0.4,0.25,1.0,False,16,0.5520984198180079,0.527798412759698,0.024300007058309897,,,,
E06_2003,E06,2003,0.7696428571428572,,0.4,0.6,6,0.5714285714285715,0.6,6,0.4,1.0,4,0.4980835498754868,0.7696244917483857,shil.cpss_one_se,cpss_one_se,shil,,0.834579081632653,shil.final_development_selection_frequency,10,OK,0.5714285714285715,0.4,1.0,False,,0.53597409412216,0.5125749701142246,0.023399124007935448,0.9,16,10,10
E06_2003,E06,2003,0.6214285714285714,0,1.0,0.0,0,0.4,0.0,0,1.0,0.25,1,0.6427303886451351,0.6211192810457516,l1.fixed_k.k01,fixed_k,l1,1,0.6626913265306122,l1.final_ranker_score,1,OK,0.4,1.0,0.25,False,,,,,,,,
E06_2003,E06,2003,0.6982142857142857,0,1.0,0.0,0,0.6666666666666666,0.0,0,1.0,0.5,2,0.5766561138301686,0.6980977992146205,l1.fixed_k.k02,fixed_k,l1,2,0.755357142857143,l1.final_ranker_score,2,OK,0.6666666666666666,1.0,0.5,False,,,,,,,,
E06_2003,E06,2003,0.7625,0,1.0,0.0,0,1.0,0.0,0,1.0,1.0,4,0.49586603913216354,0.7624992426634014,l1.fixed_k.k04,fixed_k,l1,4,0.835688775510204,l1.final_ranker_score,4,OK,1.0,1.0,1.0,False,,,,,,,,
E06_2003,E06,2003,0.7535714285714286,0,1.0,0.5,4,0.6666666666666666,0.5,4,0.5,1.0,4,0.5044603312978719,0.7535588550436247,l1.fixed_k.k08,fixed_k,l1,8,0.828954081632653,l1.final_ranker_score,8,OK,0.6666666666666666,0.5,1.0,False,,,,,,,,
E06_2003,E06,2003,0.7482142857142857,0,1.0,0.75,12,0.4,0.75,12,0.25,1.0,4,0.5092998450703783,0.7482070595138253,l1.fixed_k.k16,fixed_k,l1,16,0.828877551020408,l1.final_ranker_score,16,OK,0.4,0.25,1.0,False,,,,,,,,
E06_2003,E06,2003,0.7625,0,1.0,0.0,0,1.0,0.0,0,1.0,1.0,4,0.49586603913216354,0.7624992426634014,l1.validation_one_se,validation_one_se,l1,,0.835688775510204,l1.final_ranker_score,4,OK,1.0,1.0,1.0,False,4,0.536517932399936,0.5130199211766583,0.023498011223277663,,,,
E06_2003,E06,2003,0.7625,,1.0,0.0,0,1.0,0.0,0,1.0,1.0,4,0.49586603913216354,0.7624992426634014,l1.cpss_one_se,cpss_one_se,l1,,0.835688775510204,l1.final_development_selection_frequency,4,OK,1.0,1.0,1.0,False,,0.536517932399936,0.5130199211766583,0.023498011223277663,0.9,4,4,4
E06_2003,E06,2003,0.6535714285714286,0,0.8928571428571428,0.0,0,0.4,0.0,0,1.0,0.25,1,0.6352573501920791,0.6535537527424868,tree.fixed_k.k01,fixed_k,tree,1,0.6976275510204082,tree.final_ranker_score,1,OK,0.4,1.0,0.25,False,,,,,,,,
E06_2003,E06,2003,0.7107142857142857,0,0.8928571428571428,0.0,0,0.6666666666666666,0.0,0,1.0,0.5,2,0.5647681235413633,0.7103448275862069,tree.fixed_k.k02,fixed_k,tree,2,0.7727295918367347,tree.final_ranker_score,2,OK,0.6666666666666666,1.0,0.5,False,,,,,,,,
E06_2003,E06,2003,0.7339285714285714,0,0.8928571428571428,0.25,1,0.75,0.25,1,0.75,0.75,3,0.5391933951330772,0.7338869912709576,tree.fixed_k.k04,fixed_k,tree,4,0.7949872448979592,tree.final_ranker_score,4,OK,0.75,0.75,0.75,False,,,,,,,,
E06_2003,E06,2003,0.7642857142857142,0,0.8928571428571428,0.5,4,0.6666666666666666,0.5,4,0.5,1.0,4,0.49775625132900386,0.764282707687598,tree.fixed_k.k08,fixed_k,tree,8,0.8347321428571429,tree.final_ranker_score,8,OK,0.6666666666666666,0.5,1.0,False,,,,,,,,
E06_2003,E06,2003,0.7625,0,0.8928571428571428,0.75,12,0.4,0.75,12,0.25,1.0,4,0.5017249098099549,0.7624386400824192,tree.fixed_k.k16,fixed_k,tree,16,0.8313903061224488,tree.final_ranker_score,16,OK,0.4,0.25,1.0,False,,,,,,,,
E06_2003,E06,2003,0.7625,0,0.8928571428571428,0.75,12,0.4,0.75,12,0.25,1.0,4,0.5017249098099549,0.7624386400824192,tree.validation_one_se,validation_one_se,tree,,0.8313903061224488,tree.final_ranker_score,16,OK,0.4,0.25,1.0,False,16,0.536098151918093,0.5125742255690741,0.023523926349018898,,,,
E06_2003,E06,2003,0.7696428571428572,,0.4,0.6,6,0.5714285714285715,0.6,6,0.4,1.0,4,0.4980835498754868,0.7696244917483857,tree.cpss_one_se,cpss_one_se,tree,,0.834579081632653,tree.final_development_selection_frequency,10,OK,0.5714285714285715,0.4,1.0,False,,0.53597409412216,0.5125749701142246,0.023399124007935448,0.9,16,10,10
E06_2003,E06,2003,0.6482142857142857,0,0.6,0.0,0,0.4,0.0,0,1.0,0.25,1,0.6169230062265224,0.6477188904039162,screen.fixed_k.k01,fixed_k,screen,1,0.7042219387755102,screen.final_ranker_score,1,OK,0.4,1.0,0.25,False,,,,,,,,
E06_2003,E06,2003,0.6482142857142857,0,0.6,0.5,1,0.3333333333333333,0.5,1,0.5,0.25,1,0.6175654091581939,0.6476198689754081,screen.fixed_k.k02,fixed_k,screen,2,0.7029974489795918,screen.final_ranker_score,2,OK,0.3333333333333333,0.5,0.25,False,,,,,,,,
E06_2003,E06,2003,0.7053571428571429,0,0.6,0.5,2,0.5,0.5,2,0.5,0.5,2,0.5662343749835139,0.7050175744399644,screen.fixed_k.k04,fixed_k,screen,4,0.7711989795918368,screen.final_ranker_score,4,OK,0.5,0.5,0.5,False,,,,,,,,
E06_2003,E06,2003,0.7464285714285714,0,0.6,0.625,5,0.5,0.625,5,0.375,0.75,3,0.5259931826229359,0.7463994591215828,screen.fixed_k.k08,fixed_k,screen,8,0.812219387755102,screen.final_ranker_score,8,OK,0.5,0.375,0.75,False,,,,,,,,
E06_2003,E06,2003,0.7678571428571429,0,0.6,0.75,12,0.4,0.75,12,0.25,1.0,4,0.49509177799447496,0.7678452982295014,screen.fixed_k.k16,fixed_k,screen,16,0.837436224489796,screen.final_ranker_score,16,OK,0.4,0.25,1.0,False,,,,,,,,
E06_2003,E06,2003,0.7678571428571429,0,0.6,0.75,12,0.4,0.75,12,0.25,1.0,4,0.49509177799447496,0.7678452982295014,screen.validation_one_se,validation_one_se,screen,,0.837436224489796,screen.final_ranker_score,16,OK,0.4,0.25,1.0,False,16,0.5520984198180079,0.527798412759698,0.024300007058309897,,,,
E06_2003,E06,2003,0.7696428571428572,,0.4,0.6,6,0.5714285714285715,0.6,6,0.4,1.0,4,0.4980835498754868,0.7696244917483857,screen.cpss_one_se,cpss_one_se,screen,,0.834579081632653,screen.final_development_selection_frequency,10,OK,0.5714285714285715,0.4,1.0,False,,0.53597409412216,0.5125749701142246,0.023399124007935448,0.9,16,10,10
E06_2011,E06,2011,0.6375,0,0.575,0.0,0,0.4,0.0,0,1.0,0.25,1,0.6367124298561913,0.6369895165075887,shil.fixed_k.k01,fixed_k,shil,1,0.6746428571428571,shil.final_ranker_score,1,OK,0.4,1.0,0.25,False,,,,,,,,
E06_2011,E06,2011,0.6392857142857142,0,0.575,0.5,1,0.3333333333333333,0.5,1,0.5,0.25,1,0.6368647392234004,0.6388250319284802,shil.fixed_k.k02,fixed_k,shil,2,0.6742729591836735,shil.final_ranker_score,2,OK,0.3333333333333333,0.5,0.25,False,,,,,,,,
E06_2011,E06,2011,0.6321428571428571,0,0.575,0.75,3,0.25,0.75,3,0.25,0.25,1,0.6364513896174986,0.6314659578818238,shil.fixed_k.k04,fixed_k,shil,4,0.6751913265306123,shil.final_ranker_score,4,OK,0.25,0.25,0.25,False,,,,,,,,
E06_2011,E06,2011,0.7017857142857142,0,0.575,0.625,5,0.5,0.625,5,0.375,0.75,3,0.5331303781930963,0.7017391110218114,shil.fixed_k.k08,fixed_k,shil,8,0.7970280612244898,shil.final_ranker_score,8,OK,0.5,0.375,0.75,False,,,,,,,,
E06_2011,E06,2011,0.7535714285714286,0,0.575,0.75,12,0.4,0.75,12,0.25,1.0,4,0.48500175577915894,0.7535431363294256,shil.fixed_k.k16,fixed_k,shil,16,0.8426658163265305,shil.final_ranker_score,16,OK,0.4,0.25,1.0,False,,,,,,,,
E06_2011,E06,2011,0.7017857142857142,0,0.575,0.625,5,0.5,0.625,5,0.375,0.75,3,0.5331303781930963,0.7017391110218114,shil.validation_one_se,validation_one_se,shil,,0.7970280612244898,shil.final_ranker_score,8,OK,0.5,0.375,0.75,False,8,0.5120470845628698,0.4889876360894316,0.023059448473438254,,,,
E06_2011,E06,2011,0.7053571428571429,,0.5694444444444444,0.5714285714285714,4,0.5454545454545454,0.5714285714285714,4,0.42857142857142855,0.75,3,0.5333943149849963,0.7053336522363072,shil.cpss_one_se,cpss_one_se,shil,,0.7966071428571428,shil.final_development_selection_frequency,7,OK,0.5454545454545454,0.42857142857142855,0.75,False,,0.5120470845628701,0.4889876360894318,0.02305944847343822,0.7,8,7,8
E06_2011,E06,2011,0.6375,0,1.0,0.0,0,0.4,0.0,0,1.0,0.25,1,0.6367124298561913,0.6369895165075887,l1.fixed_k.k01,fixed_k,l1,1,0.6746428571428571,l1.final_ranker_score,1,OK,0.4,1.0,0.25,False,,,,,,,,
E06_2011,E06,2011,0.6607142857142857,0,1.0,0.0,0,0.6666666666666666,0.0,0,1.0,0.5,2,0.5940205080808529,0.6606969743354253,l1.fixed_k.k02,fixed_k,l1,2,0.7362500000000001,l1.final_ranker_score,2,OK,0.6666666666666666,1.0,0.5,False,,,,,,,,
E06_2011,E06,2011,0.7517857142857143,0,1.0,0.0,0,1.0,0.0,0,1.0,1.0,4,0.48330710350355993,0.7517849227835548,l1.fixed_k.k04,fixed_k,l1,4,0.8422193877551021,l1.final_ranker_score,4,OK,1.0,1.0,1.0,False,,,,,,,,
E06_2011,E06,2011,0.7375,0,1.0,0.5,4,0.6666666666666666,0.5,4,0.5,1.0,4,0.49894532524262447,0.7374790719923463,l1.fixed_k.k08,fixed_k,l1,8,0.833966836734694,l1.final_ranker_score,8,OK,0.6666666666666666,0.5,1.0,False,,,,,,,,
E06_2011,E06,2011,0.7303571428571428,0,1.0,0.75,12,0.4,0.75,12,0.25,1.0,4,0.5121645484467605,0.7303494041601959,l1.fixed_k.k16,fixed_k,l1,16,0.826390306122449,l1.final_ranker_score,16,OK,0.4,0.25,1.0,False,,,,,,,,
E06_2011,E06,2011,0.7517857142857143,0,1.0,0.0,0,1.0,0.0,0,1.0,1.0,4,0.48330710350355993,0.7517849227835548,l1.validation_one_se,validation_one_se,l1,,0.8422193877551021,l1.final_ranker_score,4,OK,1.0,1.0,1.0,False,4,0.5114729561684075,0.488395170435257,0.023077785733150506,,,,
E06_2011,E06,2011,0.7517857142857143,,1.0,0.0,0,1.0,0.0,0,1.0,1.0,4,0.48330710350355993,0.7517849227835548,l1.cpss_one_se,cpss_one_se,l1,,0.8422193877551021,l1.final_development_selection_frequency,4,OK,1.0,1.0,1.0,False,,0.5114729561684075,0.488395170435257,0.023077785733150506,0.9,4,4,4
E06_2011,E06,2011,0.6285714285714286,0,0.5527777777777778,1.0,1,0.4,0.0,0,1.0,0.25,1,0.6424957678027048,0.627997291738525,tree.fixed_k.k01,fixed_k,tree,1,0.6725382653061225,tree.final_ranker_score,1,OK,0.0,0.0,0.0,False,,,,,,,,
E06_2011,E06,2011,0.6589285714285714,0,0.5527777777777778,0.5,1,0.6666666666666666,0.0,0,1.0,0.5,2,0.5869414566255401,0.6587446678854356,tree.fixed_k.k02,fixed_k,tree,2,0.7389158163265306,tree.final_ranker_score,2,OK,0.3333333333333333,0.5,0.25,False,,,,,,,,
E06_2011,E06,2011,0.6714285714285714,0,0.5527777777777778,0.5,2,0.5,0.5,2,0.5,0.5,2,0.5774762202111635,0.6713237639553429,tree.fixed_k.k04,fixed_k,tree,4,0.7474872448979591,tree.final_ranker_score,4,OK,0.5,0.5,0.5,False,,,,,,,,
E06_2011,E06,2011,0.7017857142857142,0,0.5527777777777778,0.625,5,0.5,0.625,5,0.375,0.75,3,0.5331303781930969,0.7017391110218114,tree.fixed_k.k08,fixed_k,tree,8,0.7970280612244898,tree.final_ranker_score,8,OK,0.5,0.375,0.75,False,,,,,,,,
E06_2011,E06,2011,0.7535714285714286,0,0.5527777777777778,0.75,12,0.4,0.75,12,0.25,1.0,4,0.4922807826854972,0.7534173143929241,tree.fixed_k.k16,fixed_k,tree,16,0.8362499999999999,tree.final_ranker_score,16,OK,0.4,0.25,1.0,False,,,,,,,,
E06_2011,E06,2011,0.7017857142857142,0,0.5527777777777778,0.625,5,0.5,0.625,5,0.375,0.75,3,0.5331303781930969,0.7017391110218114,tree.validation_one_se,validation_one_se,tree,,0.7970280612244898,tree.final_ranker_score,8,OK,0.5,0.375,0.75,False,8,0.5161266786728046,0.49270901591307226,0.023417662759732356,,,,
E06_2011,E06,2011,0.7553571428571428,,0.6190476190476191,0.42857142857142855,3,0.7272727272727273,0.42857142857142855,3,0.5714285714285714,1.0,4,0.4842575708521246,0.7553501216552772,tree.cpss_one_se,cpss_one_se,tree,,0.8420790816326529,tree.final_development_selection_frequency,7,OK,0.7272727272727273,0.5714285714285714,1.0,False,,0.5120470845628701,0.4889876360894318,0.02305944847343822,0.7,8,7,8
E06_2011,E06,2011,0.6375,0,0.575,0.0,0,0.4,0.0,0,1.0,0.25,1,0.6367124298561913,0.6369895165075887,screen.fixed_k.k01,fixed_k,screen,1,0.6746428571428571,screen.final_ranker_score,1,OK,0.4,1.0,0.25,False,,,,,,,,
E06_2011,E06,2011,0.6392857142857142,0,0.575,0.5,1,0.3333333333333333,0.5,1,0.5,0.25,1,0.6368647392234004,0.6388250319284802,screen.fixed_k.k02,fixed_k,screen,2,0.6742729591836735,screen.final_ranker_score,2,OK,0.3333333333333333,0.5,0.25,False,,,,,,,,
E06_2011,E06,2011,0.6321428571428571,0,0.575,0.75,3,0.25,0.75,3,0.25,0.25,1,0.6364513896174986,0.6314659578818238,screen.fixed_k.k04,fixed_k,screen,4,0.6751913265306123,screen.final_ranker_score,4,OK,0.25,0.25,0.25,False,,,,,,,,
E06_2011,E06,2011,0.7017857142857142,0,0.575,0.625,5,0.5,0.625,5,0.375,0.75,3,0.5331303781930963,0.7017391110218114,screen.fixed_k.k08,fixed_k,screen,8,0.7970280612244898,screen.final_ranker_score,8,OK,0.5,0.375,0.75,False,,,,,,,,
E06_2011,E06,2011,0.7535714285714286,0,0.575,0.75,12,0.4,0.75,12,0.25,1.0,4,0.48500175577915894,0.7535431363294256,screen.fixed_k.k16,fixed_k,screen,16,0.8426658163265305,screen.final_ranker_score,16,OK,0.4,0.25,1.0,False,,,,,,,,
E06_2011,E06,2011,0.7017857142857142,0,0.575,0.625,5,0.5,0.625,5,0.375,0.75,3,0.5331303781930963,0.7017391110218114,screen.validation_one_se,validation_one_se,screen,,0.7970280612244898,screen.final_ranker_score,8,OK,0.5,0.375,0.75,False,8,0.5120470845628698,0.4889876360894316,0.023059448473438254,,,,
E06_2011,E06,2011,0.7053571428571429,,0.5694444444444444,0.5714285714285714,4,0.5454545454545454,0.5714285714285714,4,0.42857142857142855,0.75,3,0.5333943149849963,0.7053336522363072,screen.cpss_one_se,cpss_one_se,screen,,0.7966071428571428,screen.final_development_selection_frequency,7,OK,0.5454545454545454,0.42857142857142855,0.75,False,,0.5120470845628701,0.4889876360894318,0.02305944847343822,0.7,8,7,8
E06_2017,E06,2017,0.6089285714285714,0,0.56875,0.0,0,0.4,0.0,0,1.0,0.25,1,0.6435296576970879,0.6088275351733069,shil.fixed_k.k01,fixed_k,shil,1,0.6603954081632654,shil.final_ranker_score,1,OK,0.4,1.0,0.25,False,,,,,,,,
E06_2017,E06,2017,0.6125,0,0.56875,0.5,1,0.3333333333333333,0.5,1,0.5,0.25,1,0.6438208031881171,0.6123504285773529,shil.fixed_k.k02,fixed_k,shil,2,0.6609311224489796,shil.final_ranker_score,2,OK,0.3333333333333333,0.5,0.25,False,,,,,,,,
E06_2017,E06,2017,0.6678571428571428,0,0.56875,0.5,2,0.5,0.5,2,0.5,0.5,2,0.5699285499301981,0.6678401959283637,shil.fixed_k.k04,fixed_k,shil,4,0.7618494897959184,shil.final_ranker_score,4,OK,0.5,0.5,0.5,False,,,,,,,,
E06_2017,E06,2017,0.7482142857142857,0,0.56875,0.625,5,0.5,0.625,5,0.375,0.75,3,0.5170515756784141,0.7482070595138253,shil.fixed_k.k08,fixed_k,shil,8,0.8173214285714286,shil.final_ranker_score,8,OK,0.5,0.375,0.75,False,,,,,,,,
E06_2017,E06,2017,0.7767857142857143,0,0.56875,0.75,12,0.4,0.75,12,0.25,1.0,4,0.4622347867715828,0.7767793080796324,shil.fixed_k.k16,fixed_k,shil,16,0.8591454081632655,shil.final_ranker_score,16,OK,0.4,0.25,1.0,False,,,,,,,,
E06_2017,E06,2017,0.7767857142857143,0,0.56875,0.75,12,0.4,0.75,12,0.25,1.0,4,0.4622347867715828,0.7767793080796324,shil.validation_one_se,validation_one_se,shil,,0.8591454081632655,shil.final_ranker_score,16,OK,0.4,0.25,1.0,False,16,0.5239549232466184,0.5006240509105783,0.023330872336040143,,,,
E06_2017,E06,2017,0.7678571428571429,,0.4,0.6,6,0.5714285714285715,0.6,6,0.4,1.0,4,0.4629041708340935,0.7678571428571429,shil.cpss_one_se,cpss_one_se,shil,,0.8577678571428571,shil.final_development_selection_frequency,10,OK,0.5714285714285715,0.4,1.0,False,,0.5002785268216641,0.4784490474496796,0.021829479371984494,0.9,16,10,10
E06_2017,E06,2017,0.6089285714285714,0,0.95,0.0,0,0.4,0.0,0,1.0,0.25,1,0.6435296576970879,0.6088275351733069,l1.fixed_k.k01,fixed_k,l1,1,0.6603954081632654,l1.final_ranker_score,1,OK,0.4,1.0,0.25,False,,,,,,,,
E06_2017,E06,2017,0.6660714285714285,0,0.95,0.0,0,0.6666666666666666,0.0,0,1.0,0.5,2,0.6018526662918076,0.66606184488713,l1.fixed_k.k02,fixed_k,l1,2,0.722359693877551,l1.final_ranker_score,2,OK,0.6666666666666666,1.0,0.5,False,,,,,,,,
E06_2017,E06,2017,0.7732142857142857,0,0.95,0.25,1,1.0,0.0,0,1.0,1.0,4,0.46529824651287743,0.7731962050546122,l1.fixed_k.k04,fixed_k,l1,4,0.8562882653061225,l1.final_ranker_score,4,OK,0.75,0.75,0.75,False,,,,,,,,
E06_2017,E06,2017,0.7732142857142857,0,0.95,0.5,4,0.6666666666666666,0.5,4,0.5,1.0,4,0.467884925696428,0.7732077770089065,l1.fixed_k.k08,fixed_k,l1,8,0.8531122448979591,l1.final_ranker_score,8,OK,0.6666666666666666,0.5,1.0,False,,,,,,,,
E06_2017,E06,2017,0.7714285714285715,0,0.95,0.75,12,0.4,0.75,12,0.25,1.0,4,0.47732624064452106,0.771425655939489,l1.fixed_k.k16,fixed_k,l1,16,0.8464158163265306,l1.final_ranker_score,16,OK,0.4,0.25,1.0,False,,,,,,,,
E06_2017,E06,2017,0.7732142857142857,0,0.95,0.25,1,1.0,0.0,0,1.0,1.0,4,0.46529824651287743,0.7731962050546122,l1.validation_one_se,validation_one_se,l1,,0.8562882653061225,l1.final_ranker_score,4,OK,0.75,0.75,0.75,False,4,0.504367940557555,0.4825841432125006,0.02178379734505436,,,,
E06_2017,E06,2017,0.7196428571428571,,0.95,0.0,0,0.8571428571428571,0.0,0,1.0,0.75,3,0.5494522466675058,0.7196419631440152,l1.cpss_one_se,cpss_one_se,l1,,0.7915178571428573,l1.final_development_selection_frequency,3,OK,0.8571428571428571,1.0,0.75,False,,0.5027289180303468,0.4825841432125006,0.02178379734505436,0.7,4,3,4
E06_2017,E06,2017,0.6214285714285714,0,0.5845238095238094,1.0,1,0.4,0.0,0,1.0,0.25,1,0.6268365648041467,0.6214092555742641,tree.fixed_k.k01,fixed_k,tree,1,0.6801403061224489,tree.final_ranker_score,1,OK,0.0,0.0,0.0,False,,,,,,,,
E06_2017,E06,2017,0.625,0,0.5845238095238094,0.5,1,0.3333333333333333,0.5,1,0.5,0.25,1,0.6223406330126845,0.6249808663707332,tree.fixed_k.k02,fixed_k,tree,2,0.6844642857142856,tree.final_ranker_score,2,OK,0.3333333333333333,0.5,0.25,False,,,,,,,,
E06_2017,E06,2017,0.7571428571428571,0,0.5845238095238094,0.5,2,0.75,0.25,1,0.75,0.75,3,0.5271536080300425,0.7570312898780052,tree.fixed_k.k04,fixed_k,tree,4,0.8086862244897959,tree.final_ranker_score,4,OK,0.5,0.5,0.5,False,,,,,,,,
E06_2017,E06,2017,0.7732142857142857,0,0.5845238095238094,0.5,4,0.6666666666666666,0.5,4,0.5,1.0,4,0.4631314944670306,0.7732135625432479,tree.fixed_k.k08,fixed_k,tree,8,0.857563775510204,tree.final_ranker_score,8,OK,0.6666666666666666,0.5,1.0,False,,,,,,,,
E06_2017,E06,2017,0.7696428571428572,0,0.5845238095238094,0.75,12,0.4,0.75,12,0.25,1.0,4,0.4675940525130453,0.7695833426363314,tree.fixed_k.k16,fixed_k,tree,16,0.8552806122448979,tree.final_ranker_score,16,OK,0.4,0.25,1.0,False,,,,,,,,
E06_2017,E06,2017,0.7732142857142857,0,0.5845238095238094,0.5,4,0.6666666666666666,0.5,4,0.5,1.0,4,0.4631314944670306,0.7732135625432479,tree.validation_one_se,validation_one_se,tree,,0.857563775510204,tree.final_ranker_score,8,OK,0.6666666666666666,0.5,1.0,False,8,0.5016874795055437,0.4797349470183259,0.021952532487217763,,,,
E06_2017,E06,2017,0.7714285714285715,,0.6111111111111112,0.5555555555555556,5,0.6153846153846153,0.5555555555555556,5,0.4444444444444444,1.0,4,0.464170378448041,0.771425655939489,tree.cpss_one_se,cpss_one_se,tree,,0.857015306122449,tree.final_development_selection_frequency,9,OK,0.6153846153846153,0.4444444444444444,1.0,False,,0.5002785268216641,0.4786835091218869,0.021887710002046475,0.6,8,9,9
E06_2017,E06,2017,0.6089285714285714,0,0.56875,0.0,0,0.4,0.0,0,1.0,0.25,1,0.6435296576970879,0.6088275351733069,screen.fixed_k.k01,fixed_k,screen,1,0.6603954081632654,screen.final_ranker_score,1,OK,0.4,1.0,0.25,False,,,,,,,,
E06_2017,E06,2017,0.6125,0,0.56875,0.5,1,0.3333333333333333,0.5,1,0.5,0.25,1,0.6438208031881171,0.6123504285773529,screen.fixed_k.k02,fixed_k,screen,2,0.6609311224489796,screen.final_ranker_score,2,OK,0.3333333333333333,0.5,0.25,False,,,,,,,,
E06_2017,E06,2017,0.6678571428571428,0,0.56875,0.5,2,0.5,0.5,2,0.5,0.5,2,0.5699285499301981,0.6678401959283637,screen.fixed_k.k04,fixed_k,screen,4,0.7618494897959184,screen.final_ranker_score,4,OK,0.5,0.5,0.5,False,,,,,,,,
E06_2017,E06,2017,0.7482142857142857,0,0.56875,0.625,5,0.5,0.625,5,0.375,0.75,3,0.5170515756784141,0.7482070595138253,screen.fixed_k.k08,fixed_k,screen,8,0.8173214285714286,screen.final_ranker_score,8,OK,0.5,0.375,0.75,False,,,,,,,,
E06_2017,E06,2017,0.7767857142857143,0,0.56875,0.75,12,0.4,0.75,12,0.25,1.0,4,0.4622347867715828,0.7767793080796324,screen.fixed_k.k16,fixed_k,screen,16,0.8591454081632655,screen.final_ranker_score,16,OK,0.4,0.25,1.0,False,,,,,,,,
E06_2017,E06,2017,0.7767857142857143,0,0.56875,0.75,12,0.4,0.75,12,0.25,1.0,4,0.4622347867715828,0.7767793080796324,screen.validation_one_se,validation_one_se,screen,,0.8591454081632655,screen.final_ranker_score,16,OK,0.4,0.25,1.0,False,16,0.5239549232466184,0.5006240509105783,0.023330872336040143,,,,
E06_2017,E06,2017,0.7678571428571429,,0.4,0.6,6,0.5714285714285715,0.6,6,0.4,1.0,4,0.4629041708340935,0.7678571428571429,screen.cpss_one_se,cpss_one_se,screen,,0.8577678571428571,screen.final_development_selection_frequency,10,OK,0.5714285714285715,0.4,1.0,False,,0.5002785268216641,0.4784490474496796,0.021829479371984494,0.9,16,10,10
E06_2027,E06,2027,0.6375,0,0.6,0.0,0,0.4,0.0,0,1.0,0.25,1,0.6176413472488174,0.6374988440651915,shil.fixed_k.k01,fixed_k,shil,1,0.7023214285714285,shil.final_ranker_score,1,OK,0.4,1.0,0.25,False,,,,,,,,
E06_2027,E06,2027,0.6303571428571428,0,0.6,0.5,1,0.3333333333333333,0.5,1,0.5,0.25,1,0.6177167321915596,0.6303276728055489,shil.fixed_k.k02,fixed_k,shil,2,0.7010331632653062,shil.final_ranker_score,2,OK,0.3333333333333333,0.5,0.25,False,,,,,,,,
E06_2027,E06,2027,0.7142857142857143,0,0.6,0.5,2,0.5,0.5,2,0.5,0.5,2,0.5417576404889026,0.7142711362824634,shil.fixed_k.k04,fixed_k,shil,4,0.7945535714285714,shil.final_ranker_score,4,OK,0.5,0.5,0.5,False,,,,,,,,
E06_2027,E06,2027,0.7732142857142857,0,0.6,0.625,5,0.5,0.625,5,0.375,0.75,3,0.47232561522107214,0.7731556939132875,shil.fixed_k.k08,fixed_k,shil,8,0.8546811224489796,shil.final_ranker_score,8,OK,0.5,0.375,0.75,False,,,,,,,,
E06_2027,E06,2027,0.7642857142857142,0,0.6,0.75,12,0.4,0.75,12,0.25,1.0,4,0.4544812010818043,0.764282707687598,shil.fixed_k.k16,fixed_k,shil,16,0.8645025510204082,shil.final_ranker_score,16,OK,0.4,0.25,1.0,False,,,,,,,,
E06_2027,E06,2027,0.7642857142857142,0,0.6,0.75,12,0.4,0.75,12,0.25,1.0,4,0.4544812010818043,0.764282707687598,shil.validation_one_se,validation_one_se,shil,,0.8645025510204082,shil.final_ranker_score,16,OK,0.4,0.25,1.0,False,16,0.5422782434289775,0.5180694040286119,0.02420883940036552,,,,
E06_2027,E06,2027,0.7875,,0.4,0.6,6,0.5714285714285715,0.6,6,0.4,1.0,4,0.4425059655407862,0.7874993223830433,shil.cpss_one_se,cpss_one_se,shil,,0.8723086734693878,shil.final_development_selection_frequency,10,OK,0.5714285714285715,0.4,1.0,False,,0.539860888819986,0.5159929364934428,0.02386795232654312,0.9,16,10,10
E06_2027,E06,2027,0.6375,0,1.0,0.0,0,0.4,0.0,0,1.0,0.25,1,0.6176413472488174,0.6374988440651915,l1.fixed_k.k01,fixed_k,l1,1,0.7023214285714285,l1.final_ranker_score,1,OK,0.4,1.0,0.25,False,,,,,,,,
E06_2027,E06,2027,0.7160714285714286,0,1.0,0.0,0,0.6666666666666666,0.0,0,1.0,0.5,2,0.5411555896144898,0.7160487921549868,l1.fixed_k.k02,fixed_k,l1,2,0.7955229591836734,l1.final_ranker_score,2,OK,0.6666666666666666,1.0,0.5,False,,,,,,,,
E06_2027,E06,2027,0.7839285714285714,0,1.0,0.0,0,1.0,0.0,0,1.0,1.0,4,0.4425022801585484,0.7839278824230944,l1.fixed_k.k04,fixed_k,l1,4,0.8721811224489796,l1.final_ranker_score,4,OK,1.0,1.0,1.0,False,,,,,,,,
E06_2027,E06,2027,0.7767857142857143,0,1.0,0.5,4,0.6666666666666666,0.5,4,0.5,1.0,4,0.4464439535133048,0.7767850025031968,l1.fixed_k.k08,fixed_k,l1,8,0.8674617346938777,l1.final_ranker_score,8,OK,0.6666666666666666,0.5,1.0,False,,,,,,,,
E06_2027,E06,2027,0.7678571428571429,0,1.0,0.75,12,0.4,0.75,12,0.25,1.0,4,0.4663325777746619,0.7678571428571429,l1.fixed_k.k16,fixed_k,l1,16,0.8548852040816326,l1.final_ranker_score,16,OK,0.4,0.25,1.0,False,,,,,,,,
E06_2027,E06,2027,0.7839285714285714,0,1.0,0.0,0,1.0,0.0,0,1.0,1.0,4,0.4425022801585484,0.7839278824230944,l1.validation_one_se,validation_one_se,l1,,0.8721811224489796,l1.final_ranker_score,4,OK,1.0,1.0,1.0,False,4,0.5361927679465966,0.5124253914409697,0.02376737650562698,,,,
E06_2027,E06,2027,0.7285714285714285,,1.0,0.0,0,0.8571428571428571,0.0,0,1.0,0.75,3,0.5138099173718254,0.7285679664281433,l1.cpss_one_se,cpss_one_se,l1,,0.8173469387755101,l1.final_development_selection_frequency,3,OK,0.8571428571428571,1.0,0.75,False,,0.5361927679465968,0.5124253914409698,0.02376737650562701,0.9,4,3,4
E06_2027,E06,2027,0.6303571428571428,0,0.6349206349206349,0.0,0,0.4,0.0,0,1.0,0.25,1,0.6248226836006924,0.6298366005767038,tree.fixed_k.k01,fixed_k,tree,1,0.6994387755102041,tree.final_ranker_score,1,OK,0.4,1.0,0.25,False,,,,,,,,
E06_2027,E06,2027,0.6982142857142857,0,0.6349206349206349,0.5,1,0.6666666666666666,0.0,0,1.0,0.5,2,0.5498172245954299,0.698205624523663,tree.fixed_k.k02,fixed_k,tree,2,0.7858801020408164,tree.final_ranker_score,2,OK,0.3333333333333333,0.5,0.25,False,,,,,,,,
E06_2027,E06,2027,0.7142857142857143,0,0.6349206349206349,0.5,2,0.5,0.5,2,0.5,0.5,2,0.5417576404889025,0.7142711362824634,tree.fixed_k.k04,fixed_k,tree,4,0.7945535714285714,tree.final_ranker_score,4,OK,0.5,0.5,0.5,False,,,,,,,,
E06_2027,E06,2027,0.7857142857142857,0,0.6349206349206349,0.625,5,0.6666666666666666,0.5,4,0.5,1.0,4,0.44439651250161993,0.7857142857142857,tree.fixed_k.k08,fixed_k,tree,8,0.8706122448979592,tree.final_ranker_score,8,OK,0.5,0.375,0.75,False,,,,,,,,
E06_2027,E06,2027,0.7785714285714286,0,0.6349206349206349,0.75,12,0.4,0.75,12,0.25,1.0,4,0.4484046508247154,0.77856860419138,tree.fixed_k.k16,fixed_k,tree,16,0.868201530612245,tree.final_ranker_score,16,OK,0.4,0.25,1.0,False,,,,,,,,
E06_2027,E06,2027,0.7785714285714286,0,0.6349206349206349,0.75,12,0.4,0.75,12,0.25,1.0,4,0.4484046508247154,0.77856860419138,tree.validation_one_se,validation_one_se,tree,,0.868201530612245,tree.final_ranker_score,16,OK,0.4,0.25,1.0,False,16,0.5501970178331228,0.5258272124581067,0.02436980537501608,,,,
E06_2027,E06,2027,0.7732142857142857,,0.45714285714285713,0.5714285714285714,4,0.5454545454545454,0.5714285714285714,4,0.42857142857142855,0.75,3,0.47285204728613145,0.7731556939132875,tree.cpss_one_se,cpss_one_se,tree,,0.8549107142857142,tree.final_development_selection_frequency,7,OK,0.5454545454545454,0.42857142857142855,0.75,False,,0.539860888819986,0.5166000854147766,0.023902296427896798,0.6,8,7,8
E06_2027,E06,2027,0.6375,0,0.6,0.0,0,0.4,0.0,0,1.0,0.25,1,0.6176413472488174,0.6374988440651915,screen.fixed_k.k01,fixed_k,screen,1,0.7023214285714285,screen.final_ranker_score,1,OK,0.4,1.0,0.25,False,,,,,,,,
E06_2027,E06,2027,0.6303571428571428,0,0.6,0.5,1,0.3333333333333333,0.5,1,0.5,0.25,1,0.6177167321915596,0.6303276728055489,screen.fixed_k.k02,fixed_k,screen,2,0.7010331632653062,screen.final_ranker_score,2,OK,0.3333333333333333,0.5,0.25,False,,,,,,,,
E06_2027,E06,2027,0.7142857142857143,0,0.6,0.5,2,0.5,0.5,2,0.5,0.5,2,0.5417576404889026,0.7142711362824634,screen.fixed_k.k04,fixed_k,screen,4,0.7945535714285714,screen.final_ranker_score,4,OK,0.5,0.5,0.5,False,,,,,,,,
E06_2027,E06,2027,0.7732142857142857,0,0.6,0.625,5,0.5,0.625,5,0.375,0.75,3,0.47232561522107214,0.7731556939132875,screen.fixed_k.k08,fixed_k,screen,8,0.8546811224489796,screen.final_ranker_score,8,OK,0.5,0.375,0.75,False,,,,,,,,
E06_2027,E06,2027,0.7642857142857142,0,0.6,0.75,12,0.4,0.75,12,0.25,1.0,4,0.4544812010818043,0.764282707687598,screen.fixed_k.k16,fixed_k,screen,16,0.8645025510204082,screen.final_ranker_score,16,OK,0.4,0.25,1.0,False,,,,,,,,
E06_2027,E06,2027,0.7642857142857142,0,0.6,0.75,12,0.4,0.75,12,0.25,1.0,4,0.4544812010818043,0.764282707687598,screen.validation_one_se,validation_one_se,screen,,0.8645025510204082,screen.final_ranker_score,16,OK,0.4,0.25,1.0,False,16,0.5422782434289775,0.5180694040286119,0.02420883940036552,,,,
E06_2027,E06,2027,0.7875,,0.4,0.6,6,0.5714285714285715,0.6,6,0.4,1.0,4,0.4425059655407862,0.7874993223830433,screen.cpss_one_se,cpss_one_se,screen,,0.8723086734693878,screen.final_development_selection_frequency,10,OK,0.5714285714285715,0.4,1.0,False,,0.539860888819986,0.5159929364934428,0.02386795232654312,0.9,16,10,10
E06_2029,E06,2029,0.6375,0,0.8041666666666667,0.0,0,0.4,0.0,0,1.0,0.25,1,0.6296580043891071,0.6369895165075887,shil.fixed_k.k01,fixed_k,shil,1,0.693405612244898,shil.final_ranker_score,1,OK,0.4,1.0,0.25,False,,,,,,,,
E06_2029,E06,2029,0.6375,0,0.8041666666666667,0.5,1,0.3333333333333333,0.5,1,0.5,0.25,1,0.6307528838133972,0.6370822279473501,shil.fixed_k.k02,fixed_k,shil,2,0.6920535714285715,shil.final_ranker_score,2,OK,0.3333333333333333,0.5,0.25,False,,,,,,,,
E06_2029,E06,2029,0.7053571428571429,0,0.8041666666666667,0.25,1,0.75,0.25,1,0.75,0.75,3,0.5412793666116832,0.7053336522363072,shil.fixed_k.k04,fixed_k,shil,4,0.7865433673469386,shil.final_ranker_score,4,OK,0.75,0.75,0.75,False,,,,,,,,
E06_2029,E06,2029,0.7607142857142857,0,0.8041666666666667,0.5,4,0.6666666666666666,0.5,4,0.5,1.0,4,0.47208800003470414,0.7607142857142857,shil.fixed_k.k08,fixed_k,shil,8,0.8471173469387755,shil.final_ranker_score,8,OK,0.6666666666666666,0.5,1.0,False,,,,,,,,
E06_2029,E06,2029,0.7517857142857143,0,0.8041666666666667,0.75,12,0.4,0.75,12,0.25,1.0,4,0.47616561788490047,0.7517849227835548,shil.fixed_k.k16,fixed_k,shil,16,0.8434948979591836,shil.final_ranker_score,16,OK,0.4,0.25,1.0,False,,,,,,,,
E06_2029,E06,2029,0.7607142857142857,0,0.8041666666666667,0.5,4,0.6666666666666666,0.5,4,0.5,1.0,4,0.47208800003470414,0.7607142857142857,shil.validation_one_se,validation_one_se,shil,,0.8471173469387755,shil.final_ranker_score,8,OK,0.6666666666666666,0.5,1.0,False,8,0.4959749815336168,0.4763856292276622,0.01958935230595461,,,,
E06_2029,E06,2029,0.7589285714285714,,0.4,0.6,6,0.5714285714285715,0.6,6,0.4,1.0,4,0.4730078083680766,0.7589278027034525,shil.cpss_one_se,cpss_one_se,shil,,0.8466326530612245,shil.final_development_selection_frequency,10,OK,0.5714285714285715,0.4,1.0,False,,0.4984120097048464,0.47864034749158263,0.019771662213263774,0.9,16,10,10
E06_2029,E06,2029,0.5660714285714286,0,1.0,0.0,0,0.4,0.0,0,1.0,0.25,1,0.6665178635978027,0.565571336902493,l1.fixed_k.k01,fixed_k,l1,1,0.6058801020408163,l1.final_ranker_score,1,OK,0.4,1.0,0.25,False,,,,,,,,
E06_2029,E06,2029,0.5982142857142857,0,1.0,0.0,0,0.6666666666666666,0.0,0,1.0,0.5,2,0.6346021804403189,0.5979976454147803,l1.fixed_k.k02,fixed_k,l1,2,0.6746683673469387,l1.final_ranker_score,2,OK,0.6666666666666666,1.0,0.5,False,,,,,,,,
E06_2029,E06,2029,0.7517857142857143,0,1.0,0.0,0,1.0,0.0,0,1.0,1.0,4,0.4718574164282594,0.7517849227835548,l1.fixed_k.k04,fixed_k,l1,4,0.8467219387755103,l1.final_ranker_score,4,OK,1.0,1.0,1.0,False,,,,,,,,
E06_2029,E06,2029,0.7285714285714285,0,1.0,0.5,4,0.6666666666666666,0.5,4,0.5,1.0,4,0.4903311304432426,0.7285714285714285,l1.fixed_k.k08,fixed_k,l1,8,0.8339030612244899,l1.final_ranker_score,8,OK,0.6666666666666666,0.5,1.0,False,,,,,,,,
E06_2029,E06,2029,0.7303571428571428,0,1.0,0.75,12,0.4,0.75,12,0.25,1.0,4,0.5072011549055689,0.7303356453798932,l1.fixed_k.k16,fixed_k,l1,16,0.8264668367346939,l1.final_ranker_score,16,OK,0.4,0.25,1.0,False,,,,,,,,
E06_2029,E06,2029,0.7517857142857143,0,1.0,0.0,0,1.0,0.0,0,1.0,1.0,4,0.4718574164282594,0.7517849227835548,l1.validation_one_se,validation_one_se,l1,,0.8467219387755103,l1.final_ranker_score,4,OK,1.0,1.0,1.0,False,4,0.49542367623725514,0.47577933733073446,0.0196443389065207,,,,
E06_2029,E06,2029,0.7517857142857143,,1.0,0.0,0,1.0,0.0,0,1.0,1.0,4,0.4718574164282594,0.7517849227835548,l1.cpss_one_se,cpss_one_se,l1,,0.8467219387755103,l1.final_development_selection_frequency,4,OK,1.0,1.0,1.0,False,,0.49542367623725503,0.47577933733073435,0.0196443389065207,0.9,4,4,4
E06_2029,E06,2029,0.5625,0,0.95,0.0,0,0.4,0.0,0,1.0,0.25,1,0.6717685704348029,0.5623869685728775,tree.fixed_k.k01,fixed_k,tree,1,0.6067091836734695,tree.final_ranker_score,1,OK,0.4,1.0,0.25,False,,,,,,,,
E06_2029,E06,2029,0.6303571428571428,0,0.95,0.0,0,0.6666666666666666,0.0,0,1.0,0.5,2,0.614302263669264,0.6299311388428643,tree.fixed_k.k02,fixed_k,tree,2,0.7047321428571429,tree.final_ranker_score,2,OK,0.6666666666666666,1.0,0.5,False,,,,,,,,
E06_2029,E06,2029,0.7428571428571429,0,0.95,0.25,1,1.0,0.0,0,1.0,1.0,4,0.4774103412033483,0.742844022654217,tree.fixed_k.k04,fixed_k,tree,4,0.8441836734693877,tree.final_ranker_score,4,OK,0.75,0.75,0.75,False,,,,,,,,
E06_2029,E06,2029,0.7535714285714286,0,0.95,0.5,4,0.6666666666666666,0.5,4,0.5,1.0,4,0.47277912044179077,0.7535714285714286,tree.fixed_k.k08,fixed_k,tree,8,0.8469897959183672,tree.final_ranker_score,8,OK,0.6666666666666666,0.5,1.0,False,,,,,,,,
E06_2029,E06,2029,0.7517857142857143,0,0.95,0.75,12,0.4,0.75,12,0.25,1.0,4,0.47976703983690155,0.7517849227835548,tree.fixed_k.k16,fixed_k,tree,16,0.8428316326530613,tree.final_ranker_score,16,OK,0.4,0.25,1.0,False,,,,,,,,
E06_2029,E06,2029,0.7428571428571429,0,0.95,0.25,1,1.0,0.0,0,1.0,1.0,4,0.4774103412033483,0.742844022654217,tree.validation_one_se,validation_one_se,tree,,0.8441836734693877,tree.final_ranker_score,4,OK,0.75,0.75,0.75,False,4,0.4959749815336168,0.48452256530248466,0.019850540650773765,,,,
E06_2029,E06,2029,0.7553571428571428,,0.8166666666666667,0.42857142857142855,3,0.7272727272727273,0.42857142857142855,3,0.5714285714285714,1.0,4,0.47197633847676834,0.7553563627435036,tree.cpss_one_se,cpss_one_se,tree,,0.8468877551020408,tree.final_development_selection_frequency,7,OK,0.7272727272727273,0.5714285714285714,1.0,False,,0.49531423793340806,0.475669951122528,0.01964428681088003,0.8,8,7,6
E06_2029,E06,2029,0.6375,0,0.8041666666666667,0.0,0,0.4,0.0,0,1.0,0.25,1,0.6296580043891071,0.6369895165075887,screen.fixed_k.k01,fixed_k,screen,1,0.693405612244898,screen.final_ranker_score,1,OK,0.4,1.0,0.25,False,,,,,,,,
E06_2029,E06,2029,0.6375,0,0.8041666666666667,0.5,1,0.3333333333333333,0.5,1,0.5,0.25,1,0.6307528838133972,0.6370822279473501,screen.fixed_k.k02,fixed_k,screen,2,0.6920535714285715,screen.final_ranker_score,2,OK,0.3333333333333333,0.5,0.25,False,,,,,,,,
E06_2029,E06,2029,0.7053571428571429,0,0.8041666666666667,0.25,1,0.75,0.25,1,0.75,0.75,3,0.5412793666116832,0.7053336522363072,screen.fixed_k.k04,fixed_k,screen,4,0.7865433673469386,screen.final_ranker_score,4,OK,0.75,0.75,0.75,False,,,,,,,,
E06_2029,E06,2029,0.7607142857142857,0,0.8041666666666667,0.5,4,0.6666666666666666,0.5,4,0.5,1.0,4,0.47208800003470414,0.7607142857142857,screen.fixed_k.k08,fixed_k,screen,8,0.8471173469387755,screen.final_ranker_score,8,OK,0.6666666666666666,0.5,1.0,False,,,,,,,,
E06_2029,E06,2029,0.7517857142857143,0,0.8041666666666667,0.75,12,0.4,0.75,12,0.25,1.0,4,0.47616561788490047,0.7517849227835548,screen.fixed_k.k16,fixed_k,screen,16,0.8434948979591836,screen.final_ranker_score,16,OK,0.4,0.25,1.0,False,,,,,,,,
E06_2029,E06,2029,0.7607142857142857,0,0.8041666666666667,0.5,4,0.6666666666666666,0.5,4,0.5,1.0,4,0.47208800003470414,0.7607142857142857,screen.validation_one_se,validation_one_se,screen,,0.8471173469387755,screen.final_ranker_score,8,OK,0.6666666666666666,0.5,1.0,False,8,0.4959749815336168,0.4763856292276622,0.01958935230595461,,,,
E06_2029,E06,2029,0.7589285714285714,,0.4,0.6,6,0.5714285714285715,0.6,6,0.4,1.0,4,0.4730078083680766,0.7589278027034525,screen.cpss_one_se,cpss_one_se,screen,,0.8466326530612245,screen.final_development_selection_frequency,10,OK,0.5714285714285715,0.4,1.0,False,,0.4984120097048464,0.47864034749158263,0.019771662213263774,0.9,16,10,10
E07_2003,E07,2003,0.6821428571428572,0,1.0,0.0,0,0.4,0.0,0,1.0,0.25,1,0.5869696603121767,0.6814562002275313,shil.fixed_k.k01,fixed_k,shil,1,0.7535714285714286,shil.final_ranker_score,1,OK,0.4,1.0,0.25,False,,,,,,,,
E07_2003,E07,2003,0.7553571428571428,0,1.0,0.0,0,0.6666666666666666,0.0,0,1.0,0.5,2,0.4858153278028981,0.7553376385234792,shil.fixed_k.k02,fixed_k,shil,2,0.8437627551020408,shil.final_ranker_score,2,OK,0.6666666666666666,1.0,0.5,False,,,,,,,,
E07_2003,E07,2003,0.8875,0,1.0,0.0,0,1.0,0.0,0,1.0,1.0,4,0.24494214660445315,0.8874910308538627,shil.fixed_k.k04,fixed_k,shil,4,0.9638265306122449,shil.final_ranker_score,4,OK,1.0,1.0,1.0,False,,,,,,,,
E07_2003,E07,2003,0.8857142857142857,0,1.0,0.5,4,0.6666666666666666,0.5,4,0.5,1.0,4,0.24947014548637025,0.8857011646745162,shil.fixed_k.k08,fixed_k,shil,8,0.9621683673469387,shil.final_ranker_score,8,OK,0.6666666666666666,0.5,1.0,False,,,,,,,,
E07_2003,E07,2003,0.8875,0,1.0,0.75,12,0.4,0.75,12,0.25,1.0,4,0.25294279875537434,0.8874824191279886,shil.fixed_k.k16,fixed_k,shil,16,0.9611224489795919,shil.final_ranker_score,16,OK,0.4,0.25,1.0,False,,,,,,,,
E07_2003,E07,2003,0.8875,0,1.0,0.0,0,1.0,0.0,0,1.0,1.0,4,0.24494214660445315,0.8874910308538627,shil.validation_one_se,validation_one_se,shil,,0.9638265306122449,shil.final_ranker_score,4,OK,1.0,1.0,1.0,False,4,0.2766986106352073,0.258296150620017,0.018402460015190292,,,,
E07_2003,E07,2003,0.8875,,1.0,0.0,0,1.0,0.0,0,1.0,1.0,4,0.24494214660445315,0.8874910308538627,shil.cpss_one_se,cpss_one_se,shil,,0.9638265306122449,shil.final_development_selection_frequency,4,OK,1.0,1.0,1.0,False,,0.2766986106352073,0.258296150620017,0.018402460015190292,0.9,4,4,4
E07_2003,E07,2003,0.6821428571428572,0,1.0,0.0,0,0.4,0.0,0,1.0,0.25,1,0.5869696603121767,0.6814562002275313,l1.fixed_k.k01,fixed_k,l1,1,0.7535714285714286,l1.final_ranker_score,1,OK,0.4,1.0,0.25,False,,,,,,,,
E07_2003,E07,2003,0.7428571428571429,0,1.0,0.0,0,0.6666666666666666,0.0,0,1.0,0.5,2,0.5019970695317579,0.7426470588235294,l1.fixed_k.k02,fixed_k,l1,2,0.8288775510204083,l1.final_ranker_score,2,OK,0.6666666666666666,1.0,0.5,False,,,,,,,,
E07_2003,E07,2003,0.8875,0,1.0,0.0,0,1.0,0.0,0,1.0,1.0,4,0.24494214660445315,0.8874910308538627,l1.fixed_k.k04,fixed_k,l1,4,0.9638265306122449,l1.final_ranker_score,4,OK,1.0,1.0,1.0,False,,,,,,,,
E07_2003,E07,2003,0.8839285714285714,0,1.0,0.5,4,0.6666666666666666,0.5,4,0.5,1.0,4,0.2638173459855096,0.8839104324336391,l1.fixed_k.k08,fixed_k,l1,8,0.9572576530612246,l1.final_ranker_score,8,OK,0.6666666666666666,0.5,1.0,False,,,,,,,,
E07_2003,E07,2003,0.8696428571428572,0,1.0,0.75,12,0.4,0.75,12,0.25,1.0,4,0.2889757414108055,0.8696224856562409,l1.fixed_k.k16,fixed_k,l1,16,0.950063775510204,l1.final_ranker_score,16,OK,0.4,0.25,1.0,False,,,,,,,,
E07_2003,E07,2003,0.8875,0,1.0,0.0,0,1.0,0.0,0,1.0,1.0,4,0.24494214660445315,0.8874910308538627,l1.validation_one_se,validation_one_se,l1,,0.9638265306122449,l1.final_ranker_score,4,OK,1.0,1.0,1.0,False,4,0.2766986106352073,0.258296150620017,0.018402460015190292,,,,
E07_2003,E07,2003,0.8875,,1.0,0.0,0,1.0,0.0,0,1.0,1.0,4,0.24494214660445315,0.8874910308538627,l1.cpss_one_se,cpss_one_se,l1,,0.9638265306122449,l1.final_development_selection_frequency,4,OK,1.0,1.0,1.0,False,,0.2766986106352073,0.258296150620017,0.018402460015190292,0.9,4,4,4
E07_2003,E07,2003,0.6821428571428572,0,1.0,0.0,0,0.4,0.0,0,1.0,0.25,1,0.5869696603121767,0.6814562002275313,tree.fixed_k.k01,fixed_k,tree,1,0.7535714285714286,tree.final_ranker_score,1,OK,0.4,1.0,0.25,False,,,,,,,,
E07_2003,E07,2003,0.7553571428571428,0,1.0,0.0,0,0.6666666666666666,0.0,0,1.0,0.5,2,0.4858153278028981,0.7553376385234792,tree.fixed_k.k02,fixed_k,tree,2,0.8437627551020408,tree.final_ranker_score,2,OK,0.6666666666666666,1.0,0.5,False,,,,,,,,
E07_2003,E07,2003,0.8875,0,1.0,0.0,0,1.0,0.0,0,1.0,1.0,4,0.24494214660445315,0.8874910308538627,tree.fixed_k.k04,fixed_k,tree,4,0.9638265306122449,tree.final_ranker_score,4,OK,1.0,1.0,1.0,False,,,,,,,,
E07_2003,E07,2003,0.8821428571428571,0,1.0,0.5,4,0.6666666666666666,0.5,4,0.5,1.0,4,0.24641315424150168,0.8821187997550521,tree.fixed_k.k08,fixed_k,tree,8,0.9633545918367347,tree.final_ranker_score,8,OK,0.6666666666666666,0.5,1.0,False,,,,,,,,
E07_2003,E07,2003,0.8785714285714286,0,1.0,0.75,12,0.4,0.75,12,0.25,1.0,4,0.2648037926501881,0.8785574874666735,tree.fixed_k.k16,fixed_k,tree,16,0.9563775510204081,tree.final_ranker_score,16,OK,0.4,0.25,1.0,False,,,,,,,,
E07_2003,E07,2003,0.8875,0,1.0,0.0,0,1.0,0.0,0,1.0,1.0,4,0.24494214660445315,0.8874910308538627,tree.validation_one_se,validation_one_se,tree,,0.9638265306122449,tree.final_ranker_score,4,OK,1.0,1.0,1.0,False,4,0.2766986106352073,0.258296150620017,0.018402460015190292,,,,
E07_2003,E07,2003,0.8875,,1.0,0.0,0,1.0,0.0,0,1.0,1.0,4,0.24494214660445315,0.8874910308538627,tree.cpss_one_se,cpss_one_se,tree,,0.9638265306122449,tree.final_development_selection_frequency,4,OK,1.0,1.0,1.0,False,,0.2766986106352073,0.258296150620017,0.018402460015190292,0.9,4,4,4
E07_2003,E07,2003,0.6821428571428572,0,1.0,0.0,0,0.4,0.0,0,1.0,0.25,1,0.5869696603121767,0.6814562002275313,screen.fixed_k.k01,fixed_k,screen,1,0.7535714285714286,screen.final_ranker_score,1,OK,0.4,1.0,0.25,False,,,,,,,,
E07_2003,E07,2003,0.7553571428571428,0,1.0,0.0,0,0.6666666666666666,0.0,0,1.0,0.5,2,0.4858153278028981,0.7553376385234792,screen.fixed_k.k02,fixed_k,screen,2,0.8437627551020408,screen.final_ranker_score,2,OK,0.6666666666666666,1.0,0.5,False,,,,,,,,
E07_2003,E07,2003,0.8875,0,1.0,0.0,0,1.0,0.0,0,1.0,1.0,4,0.24494214660445315,0.8874910308538627,screen.fixed_k.k04,fixed_k,screen,4,0.9638265306122449,screen.final_ranker_score,4,OK,1.0,1.0,1.0,False,,,,,,,,
E07_2003,E07,2003,0.8857142857142857,0,1.0,0.5,4,0.6666666666666666,0.5,4,0.5,1.0,4,0.24947014548637025,0.8857011646745162,screen.fixed_k.k08,fixed_k,screen,8,0.9621683673469387,screen.final_ranker_score,8,OK,0.6666666666666666,0.5,1.0,False,,,,,,,,
E07_2003,E07,2003,0.8875,0,1.0,0.75,12,0.4,0.75,12,0.25,1.0,4,0.25294279875537434,0.8874824191279886,screen.fixed_k.k16,fixed_k,screen,16,0.9611224489795919,screen.final_ranker_score,16,OK,0.4,0.25,1.0,False,,,,,,,,
E07_2003,E07,2003,0.8875,0,1.0,0.0,0,1.0,0.0,0,1.0,1.0,4,0.24494214660445315,0.8874910308538627,screen.validation_one_se,validation_one_se,screen,,0.9638265306122449,screen.final_ranker_score,4,OK,1.0,1.0,1.0,False,4,0.2766986106352073,0.258296150620017,0.018402460015190292,,,,
E07_2003,E07,2003,0.8875,,1.0,0.0,0,1.0,0.0,0,1.0,1.0,4,0.24494214660445315,0.8874910308538627,screen.cpss_one_se,cpss_one_se,screen,,0.9638265306122449,screen.final_development_selection_frequency,4,OK,1.0,1.0,1.0,False,,0.2766986106352073,0.258296150620017,0.018402460015190292,0.9,4,4,4
E07_2011,E07,2011,0.6589285714285714,0,1.0,0.0,0,0.4,0.0,0,1.0,0.25,1,0.6014956346438465,0.6589013792553615,shil.fixed_k.k01,fixed_k,shil,1,0.7305102040816326,shil.final_ranker_score,1,OK,0.4,1.0,0.25,False,,,,,,,,
E07_2011,E07,2011,0.7464285714285714,0,1.0,0.0,0,0.6666666666666666,0.0,0,1.0,0.5,2,0.5088499432075327,0.7464253370578706,shil.fixed_k.k02,fixed_k,shil,2,0.8268367346938775,shil.final_ranker_score,2,OK,0.6666666666666666,1.0,0.5,False,,,,,,,,
E07_2011,E07,2011,0.8928571428571429,0,1.0,0.0,0,1.0,0.0,0,1.0,1.0,4,0.24181370561917948,0.8928557762216355,shil.fixed_k.k04,fixed_k,shil,4,0.9645535714285715,shil.final_ranker_score,4,OK,1.0,1.0,1.0,False,,,,,,,,
E07_2011,E07,2011,0.8875,0,1.0,0.5,4,0.6666666666666666,0.5,4,0.5,1.0,4,0.24479698197367844,0.8874996412616112,shil.fixed_k.k08,fixed_k,shil,8,0.9638775510204081,shil.final_ranker_score,8,OK,0.6666666666666666,0.5,1.0,False,,,,,,,,
E07_2011,E07,2011,0.8964285714285715,0,1.0,0.75,12,0.4,0.75,12,0.25,1.0,4,0.2524839649347432,0.896427250347581,shil.fixed_k.k16,fixed_k,shil,16,0.9621428571428572,shil.final_ranker_score,16,OK,0.4,0.25,1.0,False,,,,,,,,
E07_2011,E07,2011,0.8928571428571429,0,1.0,0.0,0,1.0,0.0,0,1.0,1.0,4,0.24181370561917948,0.8928557762216355,shil.validation_one_se,validation_one_se,shil,,0.9645535714285715,shil.final_ranker_score,4,OK,1.0,1.0,1.0,False,4,0.2526669250812699,0.23379106862299465,0.018875856458275296,,,,
E07_2011,E07,2011,0.8928571428571429,,1.0,0.0,0,1.0,0.0,0,1.0,1.0,4,0.24181370561917948,0.8928557762216355,shil.cpss_one_se,cpss_one_se,shil,,0.9645535714285715,shil.final_development_selection_frequency,4,OK,1.0,1.0,1.0,False,,0.2526669250812699,0.23379106862299465,0.018875856458275296,0.9,4,4,4
E07_2011,E07,2011,0.6589285714285714,0,1.0,0.0,0,0.4,0.0,0,1.0,0.25,1,0.6014956346438465,0.6589013792553615,l1.fixed_k.k01,fixed_k,l1,1,0.7305102040816326,l1.final_ranker_score,1,OK,0.4,1.0,0.25,False,,,,,,,,
E07_2011,E07,2011,0.7482142857142857,0,1.0,0.0,0,0.6666666666666666,0.0,0,1.0,0.5,2,0.5102416727018906,0.748213482823606,l1.fixed_k.k02,fixed_k,l1,2,0.8264540816326531,l1.final_ranker_score,2,OK,0.6666666666666666,1.0,0.5,False,,,,,,,,
E07_2011,E07,2011,0.8928571428571429,0,1.0,0.0,0,1.0,0.0,0,1.0,1.0,4,0.24181370561917948,0.8928557762216355,l1.fixed_k.k04,fixed_k,l1,4,0.9645535714285715,l1.final_ranker_score,4,OK,1.0,1.0,1.0,False,,,,,,,,
E07_2011,E07,2011,0.8767857142857143,0,1.0,0.5,4,0.6666666666666666,0.5,4,0.5,1.0,4,0.25120702977297354,0.87676645904494,l1.fixed_k.k08,fixed_k,l1,8,0.9620025510204081,l1.final_ranker_score,8,OK,0.6666666666666666,0.5,1.0,False,,,,,,,,
E07_2011,E07,2011,0.8910714285714286,0,1.0,0.75,12,0.4,0.75,12,0.25,1.0,4,0.26440884725716984,0.8910293831484725,l1.fixed_k.k16,fixed_k,l1,16,0.9583418367346939,l1.final_ranker_score,16,OK,0.4,0.25,1.0,False,,,,,,,,
E07_2011,E07,2011,0.8928571428571429,0,1.0,0.0,0,1.0,0.0,0,1.0,1.0,4,0.24181370561917948,0.8928557762216355,l1.validation_one_se,validation_one_se,l1,,0.9645535714285715,l1.final_ranker_score,4,OK,1.0,1.0,1.0,False,4,0.2526669250812699,0.23379106862299465,0.018875856458275296,,,,
E07_2011,E07,2011,0.8928571428571429,,1.0,0.0,0,1.0,0.0,0,1.0,1.0,4,0.24181370561917948,0.8928557762216355,l1.cpss_one_se,cpss_one_se,l1,,0.9645535714285715,l1.final_development_selection_frequency,4,OK,1.0,1.0,1.0,False,,0.2526669250812699,0.23379106862299465,0.018875856458275296,0.9,4,4,4
E07_2011,E07,2011,0.6589285714285714,0,1.0,0.0,0,0.4,0.0,0,1.0,0.25,1,0.6014956346438465,0.6589013792553615,tree.fixed_k.k01,fixed_k,tree,1,0.7305102040816326,tree.final_ranker_score,1,OK,0.4,1.0,0.25,False,,,,,,,,
E07_2011,E07,2011,0.7464285714285714,0,1.0,0.0,0,0.6666666666666666,0.0,0,1.0,0.5,2,0.5088499432075327,0.7464253370578706,tree.fixed_k.k02,fixed_k,tree,2,0.8268367346938775,tree.final_ranker_score,2,OK,0.6666666666666666,1.0,0.5,False,,,,,,,,
E07_2011,E07,2011,0.8928571428571429,0,1.0,0.0,0,1.0,0.0,0,1.0,1.0,4,0.24181370561917948,0.8928557762216355,tree.fixed_k.k04,fixed_k,tree,4,0.9645535714285715,tree.final_ranker_score,4,OK,1.0,1.0,1.0,False,,,,,,,,
E07_2011,E07,2011,0.8946428571428572,0,1.0,0.5,4,0.6666666666666666,0.5,4,0.5,1.0,4,0.24226174039000137,0.8946425211815088,tree.fixed_k.k08,fixed_k,tree,8,0.9644260204081632,tree.final_ranker_score,8,OK,0.6666666666666666,0.5,1.0,False,,,,,,,,
E07_2011,E07,2011,0.8928571428571429,0,1.0,0.75,12,0.4,0.75,12,0.25,1.0,4,0.2439383088369599,0.8928571428571429,tree.fixed_k.k16,fixed_k,tree,16,0.964655612244898,tree.final_ranker_score,16,OK,0.4,0.25,1.0,False,,,,,,,,
E07_2011,E07,2011,0.8928571428571429,0,1.0,0.0,0,1.0,0.0,0,1.0,1.0,4,0.24181370561917948,0.8928557762216355,tree.validation_one_se,validation_one_se,tree,,0.9645535714285715,tree.final_ranker_score,4,OK,1.0,1.0,1.0,False,4,0.2523843971549203,0.23379106862299465,0.018875856458275296,,,,
E07_2011,E07,2011,0.8928571428571429,,1.0,0.0,0,1.0,0.0,0,1.0,1.0,4,0.24181370561917948,0.8928557762216355,tree.cpss_one_se,cpss_one_se,tree,,0.9645535714285715,tree.final_development_selection_frequency,4,OK,1.0,1.0,1.0,False,,0.2526669250812699,0.23379106862299465,0.018875856458275296,0.9,4,4,4
E07_2011,E07,2011,0.6589285714285714,0,1.0,0.0,0,0.4,0.0,0,1.0,0.25,1,0.6014956346438465,0.6589013792553615,screen.fixed_k.k01,fixed_k,screen,1,0.7305102040816326,screen.final_ranker_score,1,OK,0.4,1.0,0.25,False,,,,,,,,
E07_2011,E07,2011,0.7464285714285714,0,1.0,0.0,0,0.6666666666666666,0.0,0,1.0,0.5,2,0.5088499432075327,0.7464253370578706,screen.fixed_k.k02,fixed_k,screen,2,0.8268367346938775,screen.final_ranker_score,2,OK,0.6666666666666666,1.0,0.5,False,,,,,,,,
E07_2011,E07,2011,0.8928571428571429,0,1.0,0.0,0,1.0,0.0,0,1.0,1.0,4,0.24181370561917948,0.8928557762216355,screen.fixed_k.k04,fixed_k,screen,4,0.9645535714285715,screen.final_ranker_score,4,OK,1.0,1.0,1.0,False,,,,,,,,
E07_2011,E07,2011,0.8875,0,1.0,0.5,4,0.6666666666666666,0.5,4,0.5,1.0,4,0.24479698197367844,0.8874996412616112,screen.fixed_k.k08,fixed_k,screen,8,0.9638775510204081,screen.final_ranker_score,8,OK,0.6666666666666666,0.5,1.0,False,,,,,,,,
E07_2011,E07,2011,0.8964285714285715,0,1.0,0.75,12,0.4,0.75,12,0.25,1.0,4,0.2524839649347432,0.896427250347581,screen.fixed_k.k16,fixed_k,screen,16,0.9621428571428572,screen.final_ranker_score,16,OK,0.4,0.25,1.0,False,,,,,,,,
E07_2011,E07,2011,0.8928571428571429,0,1.0,0.0,0,1.0,0.0,0,1.0,1.0,4,0.24181370561917948,0.8928557762216355,screen.validation_one_se,validation_one_se,screen,,0.9645535714285715,screen.final_ranker_score,4,OK,1.0,1.0,1.0,False,4,0.2526669250812699,0.23379106862299465,0.018875856458275296,,,,
E07_2011,E07,2011,0.8928571428571429,,1.0,0.0,0,1.0,0.0,0,1.0,1.0,4,0.24181370561917948,0.8928557762216355,screen.cpss_one_se,cpss_one_se,screen,,0.9645535714285715,screen.final_development_selection_frequency,4,OK,1.0,1.0,1.0,False,,0.2526669250812699,0.23379106862299465,0.018875856458275296,0.9,4,4,4
E07_2017,E07,2017,0.6535714285714286,0,1.0,0.0,0,0.4,0.0,0,1.0,0.25,1,0.5865541268819771,0.6534122811495074,shil.fixed_k.k01,fixed_k,shil,1,0.739655612244898,shil.final_ranker_score,1,OK,0.4,1.0,0.25,False,,,,,,,,
E07_2017,E07,2017,0.7875,0,1.0,0.0,0,0.6666666666666666,0.0,0,1.0,0.5,2,0.46025234333784265,0.7874939012918101,shil.fixed_k.k02,fixed_k,shil,2,0.862563775510204,shil.final_ranker_score,2,OK,0.6666666666666666,1.0,0.5,False,,,,,,,,
E07_2017,E07,2017,0.8928571428571429,0,1.0,0.0,0,1.0,0.0,0,1.0,1.0,4,0.2319617018023398,0.892822966507177,shil.fixed_k.k04,fixed_k,shil,4,0.9676658163265306,shil.final_ranker_score,4,OK,1.0,1.0,1.0,False,,,,,,,,
E07_2017,E07,2017,0.8892857142857142,0,1.0,0.5,4,0.6666666666666666,0.5,4,0.5,1.0,4,0.2376535558022567,0.889250398724083,shil.fixed_k.k08,fixed_k,shil,8,0.965688775510204,shil.final_ranker_score,8,OK,0.6666666666666666,0.5,1.0,False,,,,,,,,
E07_2017,E07,2017,0.8839285714285714,0,1.0,0.75,12,0.4,0.75,12,0.25,1.0,4,0.24393035664973003,0.8838452333466295,shil.fixed_k.k16,fixed_k,shil,16,0.9641454081632652,shil.final_ranker_score,16,OK,0.4,0.25,1.0,False,,,,,,,,
E07_2017,E07,2017,0.8928571428571429,0,1.0,0.0,0,1.0,0.0,0,1.0,1.0,4,0.2319617018023398,0.892822966507177,shil.validation_one_se,validation_one_se,shil,,0.9676658163265306,shil.final_ranker_score,4,OK,1.0,1.0,1.0,False,4,0.24063435046248458,0.2221067254245084,0.01852762503797618,,,,
E07_2017,E07,2017,0.8928571428571429,,1.0,0.0,0,1.0,0.0,0,1.0,1.0,4,0.2319617018023398,0.892822966507177,shil.cpss_one_se,cpss_one_se,shil,,0.9676658163265306,shil.final_development_selection_frequency,4,OK,1.0,1.0,1.0,False,,0.24063435046248458,0.2221067254245084,0.01852762503797618,0.9,4,4,4
E07_2017,E07,2017,0.6535714285714286,0,1.0,0.0,0,0.4,0.0,0,1.0,0.25,1,0.5865541268819771,0.6534122811495074,l1.fixed_k.k01,fixed_k,l1,1,0.739655612244898,l1.final_ranker_score,1,OK,0.4,1.0,0.25,False,,,,,,,,
E07_2017,E07,2017,0.7607142857142857,0,1.0,0.0,0,0.6666666666666666,0.0,0,1.0,0.5,2,0.49801110332874005,0.7606379585326954,l1.fixed_k.k02,fixed_k,l1,2,0.8329464285714285,l1.final_ranker_score,2,OK,0.6666666666666666,1.0,0.5,False,,,,,,,,
E07_2017,E07,2017,0.8928571428571429,0,1.0,0.0,0,1.0,0.0,0,1.0,1.0,4,0.2319617018023398,0.892822966507177,l1.fixed_k.k04,fixed_k,l1,4,0.9676658163265306,l1.final_ranker_score,4,OK,1.0,1.0,1.0,False,,,,,,,,
E07_2017,E07,2017,0.8839285714285714,0,1.0,0.5,4,0.6666666666666666,0.5,4,0.5,1.0,4,0.25061276973356233,0.8838985834989268,l1.fixed_k.k08,fixed_k,l1,8,0.9619387755102041,l1.final_ranker_score,8,OK,0.6666666666666666,0.5,1.0,False,,,,,,,,
E07_2017,E07,2017,0.8875,0,1.0,0.75,12,0.4,0.75,12,0.25,1.0,4,0.24704978217322454,0.8874565760385863,l1.fixed_k.k16,fixed_k,l1,16,0.9635841836734694,l1.final_ranker_score,16,OK,0.4,0.25,1.0,False,,,,,,,,
E07_2017,E07,2017,0.8928571428571429,0,1.0,0.0,0,1.0,0.0,0,1.0,1.0,4,0.2319617018023398,0.892822966507177,l1.validation_one_se,validation_one_se,l1,,0.9676658163265306,l1.final_ranker_score,4,OK,1.0,1.0,1.0,False,4,0.24063435046248452,0.22210672542450835,0.01852762503797618,,,,
E07_2017,E07,2017,0.8928571428571429,,1.0,0.0,0,1.0,0.0,0,1.0,1.0,4,0.2319617018023398,0.892822966507177,l1.cpss_one_se,cpss_one_se,l1,,0.9676658163265306,l1.final_development_selection_frequency,4,OK,1.0,1.0,1.0,False,,0.24063435046248458,0.2221067254245084,0.01852762503797618,0.9,4,4,4
E07_2017,E07,2017,0.6535714285714286,0,1.0,0.0,0,0.4,0.0,0,1.0,0.25,1,0.5865541268819771,0.6534122811495074,tree.fixed_k.k01,fixed_k,tree,1,0.739655612244898,tree.final_ranker_score,1,OK,0.4,1.0,0.25,False,,,,,,,,
E07_2017,E07,2017,0.7607142857142857,0,1.0,0.0,0,0.6666666666666666,0.0,0,1.0,0.5,2,0.49801110332874005,0.7606379585326954,tree.fixed_k.k02,fixed_k,tree,2,0.8329464285714285,tree.final_ranker_score,2,OK,0.6666666666666666,1.0,0.5,False,,,,,,,,
E07_2017,E07,2017,0.8928571428571429,0,1.0,0.0,0,1.0,0.0,0,1.0,1.0,4,0.2319617018023398,0.892822966507177,tree.fixed_k.k04,fixed_k,tree,4,0.9676658163265306,tree.final_ranker_score,4,OK,1.0,1.0,1.0,False,,,,,,,,
E07_2017,E07,2017,0.8892857142857142,0,1.0,0.5,4,0.6666666666666666,0.5,4,0.5,1.0,4,0.2332904156727159,0.889250398724083,tree.fixed_k.k08,fixed_k,tree,8,0.9670408163265306,tree.final_ranker_score,8,OK,0.6666666666666666,0.5,1.0,False,,,,,,,,
E07_2017,E07,2017,0.8982142857142857,0,1.0,0.75,12,0.4,0.75,12,0.25,1.0,4,0.2395312740684754,0.8981983792110374,tree.fixed_k.k16,fixed_k,tree,16,0.9654591836734694,tree.final_ranker_score,16,OK,0.4,0.25,1.0,False,,,,,,,,
E07_2017,E07,2017,0.8928571428571429,0,1.0,0.0,0,1.0,0.0,0,1.0,1.0,4,0.2319617018023398,0.892822966507177,tree.validation_one_se,validation_one_se,tree,,0.9676658163265306,tree.final_ranker_score,4,OK,1.0,1.0,1.0,False,4,0.23937704960799766,0.2221067254245084,0.01852762503797618,,,,
E07_2017,E07,2017,0.8928571428571429,,1.0,0.0,0,1.0,0.0,0,1.0,1.0,4,0.2319617018023398,0.892822966507177,tree.cpss_one_se,cpss_one_se,tree,,0.9676658163265306,tree.final_development_selection_frequency,4,OK,1.0,1.0,1.0,False,,0.24063435046248458,0.2221067254245084,0.01852762503797618,0.9,4,4,4
E07_2017,E07,2017,0.6535714285714286,0,1.0,0.0,0,0.4,0.0,0,1.0,0.25,1,0.5865541268819771,0.6534122811495074,screen.fixed_k.k01,fixed_k,screen,1,0.739655612244898,screen.final_ranker_score,1,OK,0.4,1.0,0.25,False,,,,,,,,
E07_2017,E07,2017,0.7875,0,1.0,0.0,0,0.6666666666666666,0.0,0,1.0,0.5,2,0.46025234333784265,0.7874939012918101,screen.fixed_k.k02,fixed_k,screen,2,0.862563775510204,screen.final_ranker_score,2,OK,0.6666666666666666,1.0,0.5,False,,,,,,,,
E07_2017,E07,2017,0.8928571428571429,0,1.0,0.0,0,1.0,0.0,0,1.0,1.0,4,0.2319617018023398,0.892822966507177,screen.fixed_k.k04,fixed_k,screen,4,0.9676658163265306,screen.final_ranker_score,4,OK,1.0,1.0,1.0,False,,,,,,,,
E07_2017,E07,2017,0.8892857142857142,0,1.0,0.5,4,0.6666666666666666,0.5,4,0.5,1.0,4,0.2376535558022567,0.889250398724083,screen.fixed_k.k08,fixed_k,screen,8,0.965688775510204,screen.final_ranker_score,8,OK,0.6666666666666666,0.5,1.0,False,,,,,,,,
E07_2017,E07,2017,0.8839285714285714,0,1.0,0.75,12,0.4,0.75,12,0.25,1.0,4,0.24393035664973003,0.8838452333466295,screen.fixed_k.k16,fixed_k,screen,16,0.9641454081632652,screen.final_ranker_score,16,OK,0.4,0.25,1.0,False,,,,,,,,
E07_2017,E07,2017,0.8928571428571429,0,1.0,0.0,0,1.0,0.0,0,1.0,1.0,4,0.2319617018023398,0.892822966507177,screen.validation_one_se,validation_one_se,screen,,0.9676658163265306,screen.final_ranker_score,4,OK,1.0,1.0,1.0,False,4,0.24063435046248458,0.2221067254245084,0.01852762503797618,,,,
E07_2017,E07,2017,0.8928571428571429,,1.0,0.0,0,1.0,0.0,0,1.0,1.0,4,0.2319617018023398,0.892822966507177,screen.cpss_one_se,cpss_one_se,screen,,0.9676658163265306,screen.final_development_selection_frequency,4,OK,1.0,1.0,1.0,False,,0.24063435046248458,0.2221067254245084,0.01852762503797618,0.9,4,4,4
E07_2027,E07,2027,0.6839285714285714,0,1.0,0.0,0,0.4,0.0,0,1.0,0.25,1,0.5802265365007226,0.6838469119893851,shil.fixed_k.k01,fixed_k,shil,1,0.7495535714285715,shil.final_ranker_score,1,OK,0.4,1.0,0.25,False,,,,,,,,
E07_2027,E07,2027,0.7767857142857143,0,1.0,0.0,0,0.6666666666666666,0.0,0,1.0,0.5,2,0.4611861494659486,0.7767508316031523,shil.fixed_k.k02,fixed_k,shil,2,0.8628188775510203,shil.final_ranker_score,2,OK,0.6666666666666666,1.0,0.5,False,,,,,,,,
E07_2027,E07,2027,0.8892857142857142,0,1.0,0.0,0,1.0,0.0,0,1.0,1.0,4,0.22889108844699352,0.88928430209569,shil.fixed_k.k04,fixed_k,shil,4,0.9678316326530613,shil.final_ranker_score,4,OK,1.0,1.0,1.0,False,,,,,,,,
E07_2027,E07,2027,0.8892857142857142,0,1.0,0.5,4,0.6666666666666666,0.5,4,0.5,1.0,4,0.2348966340894653,0.88928430209569,shil.fixed_k.k08,fixed_k,shil,8,0.9660204081632653,shil.final_ranker_score,8,OK,0.6666666666666666,0.5,1.0,False,,,,,,,,
E07_2027,E07,2027,0.8857142857142857,0,1.0,0.75,12,0.4,0.75,12,0.25,1.0,4,0.2429146583233843,0.8857128279697446,shil.fixed_k.k16,fixed_k,shil,16,0.963545918367347,shil.final_ranker_score,16,OK,0.4,0.25,1.0,False,,,,,,,,
E07_2027,E07,2027,0.8892857142857142,0,1.0,0.0,0,1.0,0.0,0,1.0,1.0,4,0.22889108844699352,0.88928430209569,shil.validation_one_se,validation_one_se,shil,,0.9678316326530613,shil.final_ranker_score,4,OK,1.0,1.0,1.0,False,4,0.23486475107581792,0.21780668422613408,0.017058066849683827,,,,
E07_2027,E07,2027,0.8892857142857142,,1.0,0.0,0,1.0,0.0,0,1.0,1.0,4,0.22889108844699352,0.88928430209569,shil.cpss_one_se,cpss_one_se,shil,,0.9678316326530613,shil.final_development_selection_frequency,4,OK,1.0,1.0,1.0,False,,0.23486475107581792,0.21780668422613408,0.017058066849683827,0.9,4,4,4
E07_2027,E07,2027,0.6839285714285714,0,1.0,0.0,0,0.4,0.0,0,1.0,0.25,1,0.5802265365007226,0.6838469119893851,l1.fixed_k.k01,fixed_k,l1,1,0.7495535714285715,l1.final_ranker_score,1,OK,0.4,1.0,0.25,False,,,,,,,,
E07_2027,E07,2027,0.7446428571428572,0,1.0,0.0,0,0.6666666666666666,0.0,0,1.0,0.5,2,0.4899797571577409,0.7442113769719968,l1.fixed_k.k02,fixed_k,l1,2,0.8381632653061225,l1.final_ranker_score,2,OK,0.6666666666666666,1.0,0.5,False,,,,,,,,
E07_2027,E07,2027,0.8892857142857142,0,1.0,0.0,0,1.0,0.0,0,1.0,1.0,4,0.22889108844699352,0.88928430209569,l1.fixed_k.k04,fixed_k,l1,4,0.9678316326530613,l1.final_ranker_score,4,OK,1.0,1.0,1.0,False,,,,,,,,
E07_2027,E07,2027,0.8892857142857142,0,1.0,0.5,4,0.6666666666666666,0.5,4,0.5,1.0,4,0.23981460085083534,0.8892631149214125,l1.fixed_k.k08,fixed_k,l1,8,0.9638775510204081,l1.final_ranker_score,8,OK,0.6666666666666666,0.5,1.0,False,,,,,,,,
E07_2027,E07,2027,0.875,0,1.0,0.75,12,0.4,0.75,12,0.25,1.0,4,0.24377407432955614,0.8749744845886915,l1.fixed_k.k16,fixed_k,l1,16,0.962283163265306,l1.final_ranker_score,16,OK,0.4,0.25,1.0,False,,,,,,,,
E07_2027,E07,2027,0.8892857142857142,0,1.0,0.0,0,1.0,0.0,0,1.0,1.0,4,0.22889108844699352,0.88928430209569,l1.validation_one_se,validation_one_se,l1,,0.9678316326530613,l1.final_ranker_score,4,OK,1.0,1.0,1.0,False,4,0.23486475107581792,0.21780668422613408,0.017058066849683827,,,,
E07_2027,E07,2027,0.8892857142857142,,1.0,0.0,0,1.0,0.0,0,1.0,1.0,4,0.22889108844699352,0.88928430209569,l1.cpss_one_se,cpss_one_se,l1,,0.9678316326530613,l1.final_development_selection_frequency,4,OK,1.0,1.0,1.0,False,,0.23486475107581792,0.21780668422613408,0.017058066849683827,0.9,4,4,4
E07_2027,E07,2027,0.6839285714285714,0,1.0,0.0,0,0.4,0.0,0,1.0,0.25,1,0.5802265365007226,0.6838469119893851,tree.fixed_k.k01,fixed_k,tree,1,0.7495535714285715,tree.final_ranker_score,1,OK,0.4,1.0,0.25,False,,,,,,,,
E07_2027,E07,2027,0.7767857142857143,0,1.0,0.0,0,0.6666666666666666,0.0,0,1.0,0.5,2,0.4611861494659486,0.7767508316031523,tree.fixed_k.k02,fixed_k,tree,2,0.8628188775510203,tree.final_ranker_score,2,OK,0.6666666666666666,1.0,0.5,False,,,,,,,,
E07_2027,E07,2027,0.8892857142857142,0,1.0,0.0,0,1.0,0.0,0,1.0,1.0,4,0.22889108844699352,0.88928430209569,tree.fixed_k.k04,fixed_k,tree,4,0.9678316326530613,tree.final_ranker_score,4,OK,1.0,1.0,1.0,False,,,,,,,,
E07_2027,E07,2027,0.8928571428571429,0,1.0,0.5,4,0.6666666666666666,0.5,4,0.5,1.0,4,0.22900989820347606,0.8928557762216355,tree.fixed_k.k08,fixed_k,tree,8,0.9675510204081634,tree.final_ranker_score,8,OK,0.6666666666666666,0.5,1.0,False,,,,,,,,
E07_2027,E07,2027,0.8946428571428572,0,1.0,0.75,12,0.4,0.75,12,0.25,1.0,4,0.22775620170849942,0.8946344574663159,tree.fixed_k.k16,fixed_k,tree,16,0.9680102040816327,tree.final_ranker_score,16,OK,0.4,0.25,1.0,False,,,,,,,,
E07_2027,E07,2027,0.8892857142857142,0,1.0,0.0,0,1.0,0.0,0,1.0,1.0,4,0.22889108844699352,0.88928430209569,tree.validation_one_se,validation_one_se,tree,,0.9678316326530613,tree.final_ranker_score,4,OK,1.0,1.0,1.0,False,4,0.23486475107581792,0.21780668422613408,0.017058066849683827,,,,
E07_2027,E07,2027,0.8892857142857142,,1.0,0.0,0,1.0,0.0,0,1.0,1.0,4,0.22889108844699352,0.88928430209569,tree.cpss_one_se,cpss_one_se,tree,,0.9678316326530613,tree.final_development_selection_frequency,4,OK,1.0,1.0,1.0,False,,0.23486475107581792,0.21780668422613408,0.017058066849683827,0.9,4,4,4
E07_2027,E07,2027,0.6839285714285714,0,1.0,0.0,0,0.4,0.0,0,1.0,0.25,1,0.5802265365007226,0.6838469119893851,screen.fixed_k.k01,fixed_k,screen,1,0.7495535714285715,screen.final_ranker_score,1,OK,0.4,1.0,0.25,False,,,,,,,,
E07_2027,E07,2027,0.7767857142857143,0,1.0,0.0,0,0.6666666666666666,0.0,0,1.0,0.5,2,0.4611861494659486,0.7767508316031523,screen.fixed_k.k02,fixed_k,screen,2,0.8628188775510203,screen.final_ranker_score,2,OK,0.6666666666666666,1.0,0.5,False,,,,,,,,
E07_2027,E07,2027,0.8892857142857142,0,1.0,0.0,0,1.0,0.0,0,1.0,1.0,4,0.22889108844699352,0.88928430209569,screen.fixed_k.k04,fixed_k,screen,4,0.9678316326530613,screen.final_ranker_score,4,OK,1.0,1.0,1.0,False,,,,,,,,
E07_2027,E07,2027,0.8892857142857142,0,1.0,0.5,4,0.6666666666666666,0.5,4,0.5,1.0,4,0.2348966340894653,0.88928430209569,screen.fixed_k.k08,fixed_k,screen,8,0.9660204081632653,screen.final_ranker_score,8,OK,0.6666666666666666,0.5,1.0,False,,,,,,,,
E07_2027,E07,2027,0.8857142857142857,0,1.0,0.75,12,0.4,0.75,12,0.25,1.0,4,0.2429146583233843,0.8857128279697446,screen.fixed_k.k16,fixed_k,screen,16,0.963545918367347,screen.final_ranker_score,16,OK,0.4,0.25,1.0,False,,,,,,,,
E07_2027,E07,2027,0.8892857142857142,0,1.0,0.0,0,1.0,0.0,0,1.0,1.0,4,0.22889108844699352,0.88928430209569,screen.validation_one_se,validation_one_se,screen,,0.9678316326530613,screen.final_ranker_score,4,OK,1.0,1.0,1.0,False,4,0.23486475107581792,0.21780668422613408,0.017058066849683827,,,,
E07_2027,E07,2027,0.8892857142857142,,1.0,0.0,0,1.0,0.0,0,1.0,1.0,4,0.22889108844699352,0.88928430209569,screen.cpss_one_se,cpss_one_se,screen,,0.9678316326530613,screen.final_development_selection_frequency,4,OK,1.0,1.0,1.0,False,,0.23486475107581792,0.21780668422613408,0.017058066849683827,0.9,4,4,4
E07_2029,E07,2029,0.6642857142857143,0,1.0,0.0,0,0.4,0.0,0,1.0,0.25,1,0.6025215501091308,0.6642814321611246,shil.fixed_k.k01,fixed_k,shil,1,0.7334056122448981,shil.final_ranker_score,1,OK,0.4,1.0,0.25,False,,,,,,,,
E07_2029,E07,2029,0.7410714285714286,0,1.0,0.0,0,0.6666666666666666,0.0,0,1.0,0.5,2,0.5184677382585724,0.7410706029037082,shil.fixed_k.k02,fixed_k,shil,2,0.8236607142857143,shil.final_ranker_score,2,OK,0.6666666666666666,1.0,0.5,False,,,,,,,,
E07_2029,E07,2029,0.8821428571428571,0,1.0,0.0,0,1.0,0.0,0,1.0,1.0,4,0.25239377047642697,0.882141353843799,shil.fixed_k.k04,fixed_k,shil,4,0.9604336734693878,shil.final_ranker_score,4,OK,1.0,1.0,1.0,False,,,,,,,,
E07_2029,E07,2029,0.8857142857142857,0,1.0,0.5,4,0.6666666666666666,0.5,4,0.5,1.0,4,0.25289659456017677,0.8857128279697446,shil.fixed_k.k08,fixed_k,shil,8,0.9601658163265305,shil.final_ranker_score,8,OK,0.6666666666666666,0.5,1.0,False,,,,,,,,
E07_2029,E07,2029,0.8732142857142857,0,1.0,0.75,12,0.4,0.75,12,0.25,1.0,4,0.25941813735643593,0.8732106469892311,shil.fixed_k.k16,fixed_k,shil,16,0.9585076530612245,shil.final_ranker_score,16,OK,0.4,0.25,1.0,False,,,,,,,,
E07_2029,E07,2029,0.8821428571428571,0,1.0,0.0,0,1.0,0.0,0,1.0,1.0,4,0.25239377047642697,0.882141353843799,shil.validation_one_se,validation_one_se,shil,,0.9604336734693878,shil.final_ranker_score,4,OK,1.0,1.0,1.0,False,4,0.28905013001183744,0.2672699518535213,0.02178017815831613,,,,
E07_2029,E07,2029,0.8821428571428571,,1.0,0.0,0,1.0,0.0,0,1.0,1.0,4,0.25239377047642697,0.882141353843799,shil.cpss_one_se,cpss_one_se,shil,,0.9604336734693878,shil.final_development_selection_frequency,4,OK,1.0,1.0,1.0,False,,0.28905013001183744,0.2672699518535213,0.02178017815831613,0.9,4,4,4
E07_2029,E07,2029,0.6642857142857143,0,1.0,0.0,0,0.4,0.0,0,1.0,0.25,1,0.6025215501091308,0.6642814321611246,l1.fixed_k.k01,fixed_k,l1,1,0.7334056122448981,l1.final_ranker_score,1,OK,0.4,1.0,0.25,False,,,,,,,,
E07_2029,E07,2029,0.7410714285714286,0,1.0,0.0,0,0.6666666666666666,0.0,0,1.0,0.5,2,0.5184677382585724,0.7410706029037082,l1.fixed_k.k02,fixed_k,l1,2,0.8236607142857143,l1.final_ranker_score,2,OK,0.6666666666666666,1.0,0.5,False,,,,,,,,
E07_2029,E07,2029,0.8821428571428571,0,1.0,0.0,0,1.0,0.0,0,1.0,1.0,4,0.25239377047642697,0.882141353843799,l1.fixed_k.k04,fixed_k,l1,4,0.9604336734693878,l1.final_ranker_score,4,OK,1.0,1.0,1.0,False,,,,,,,,
E07_2029,E07,2029,0.8892857142857142,0,1.0,0.5,4,0.6666666666666666,0.5,4,0.5,1.0,4,0.2588822902293668,0.88928430209569,l1.fixed_k.k08,fixed_k,l1,8,0.9585204081632654,l1.final_ranker_score,8,OK,0.6666666666666666,0.5,1.0,False,,,,,,,,
E07_2029,E07,2029,0.8839285714285714,0,1.0,0.75,12,0.4,0.75,12,0.25,1.0,4,0.2685132275076412,0.8839104324336391,l1.fixed_k.k16,fixed_k,l1,16,0.9563392857142856,l1.final_ranker_score,16,OK,0.4,0.25,1.0,False,,,,,,,,
E07_2029,E07,2029,0.8821428571428571,0,1.0,0.0,0,1.0,0.0,0,1.0,1.0,4,0.25239377047642697,0.882141353843799,l1.validation_one_se,validation_one_se,l1,,0.9604336734693878,l1.final_ranker_score,4,OK,1.0,1.0,1.0,False,4,0.28905013001183744,0.2672699518535213,0.02178017815831613,,,,
E07_2029,E07,2029,0.8821428571428571,,1.0,0.0,0,1.0,0.0,0,1.0,1.0,4,0.25239377047642697,0.882141353843799,l1.cpss_one_se,cpss_one_se,l1,,0.9604336734693878,l1.final_development_selection_frequency,4,OK,1.0,1.0,1.0,False,,0.28905013001183744,0.2672699518535213,0.02178017815831613,0.9,4,4,4
E07_2029,E07,2029,0.6642857142857143,0,1.0,0.0,0,0.4,0.0,0,1.0,0.25,1,0.6025215501091308,0.6642814321611246,tree.fixed_k.k01,fixed_k,tree,1,0.7334056122448981,tree.final_ranker_score,1,OK,0.4,1.0,0.25,False,,,,,,,,
E07_2029,E07,2029,0.7410714285714286,0,1.0,0.0,0,0.6666666666666666,0.0,0,1.0,0.5,2,0.5184677382585724,0.7410706029037082,tree.fixed_k.k02,fixed_k,tree,2,0.8236607142857143,tree.final_ranker_score,2,OK,0.6666666666666666,1.0,0.5,False,,,,,,,,
E07_2029,E07,2029,0.8821428571428571,0,1.0,0.0,0,1.0,0.0,0,1.0,1.0,4,0.25239377047642697,0.882141353843799,tree.fixed_k.k04,fixed_k,tree,4,0.9604336734693878,tree.final_ranker_score,4,OK,1.0,1.0,1.0,False,,,,,,,,
E07_2029,E07,2029,0.8875,0,1.0,0.5,4,0.6666666666666666,0.5,4,0.5,1.0,4,0.25160330453159474,0.8874996412616112,tree.fixed_k.k08,fixed_k,tree,8,0.9607270408163265,tree.final_ranker_score,8,OK,0.6666666666666666,0.5,1.0,False,,,,,,,,
E07_2029,E07,2029,0.8821428571428571,0,1.0,0.75,12,0.4,0.75,12,0.25,1.0,4,0.25979998135778654,0.8821368437165161,tree.fixed_k.k16,fixed_k,tree,16,0.9583290816326531,tree.final_ranker_score,16,OK,0.4,0.25,1.0,False,,,,,,,,
E07_2029,E07,2029,0.8821428571428571,0,1.0,0.0,0,1.0,0.0,0,1.0,1.0,4,0.25239377047642697,0.882141353843799,tree.validation_one_se,validation_one_se,tree,,0.9604336734693878,tree.final_ranker_score,4,OK,1.0,1.0,1.0,False,4,0.28905013001183744,0.2672699518535213,0.02178017815831613,,,,
E07_2029,E07,2029,0.8821428571428571,,1.0,0.0,0,1.0,0.0,0,1.0,1.0,4,0.25239377047642697,0.882141353843799,tree.cpss_one_se,cpss_one_se,tree,,0.9604336734693878,tree.final_development_selection_frequency,4,OK,1.0,1.0,1.0,False,,0.28905013001183744,0.2672699518535213,0.02178017815831613,0.9,4,4,4
E07_2029,E07,2029,0.6642857142857143,0,1.0,0.0,0,0.4,0.0,0,1.0,0.25,1,0.6025215501091308,0.6642814321611246,screen.fixed_k.k01,fixed_k,screen,1,0.7334056122448981,screen.final_ranker_score,1,OK,0.4,1.0,0.25,False,,,,,,,,
E07_2029,E07,2029,0.7410714285714286,0,1.0,0.0,0,0.6666666666666666,0.0,0,1.0,0.5,2,0.5184677382585724,0.7410706029037082,screen.fixed_k.k02,fixed_k,screen,2,0.8236607142857143,screen.final_ranker_score,2,OK,0.6666666666666666,1.0,0.5,False,,,,,,,,
E07_2029,E07,2029,0.8821428571428571,0,1.0,0.0,0,1.0,0.0,0,1.0,1.0,4,0.25239377047642697,0.882141353843799,screen.fixed_k.k04,fixed_k,screen,4,0.9604336734693878,screen.final_ranker_score,4,OK,1.0,1.0,1.0,False,,,,,,,,
E07_2029,E07,2029,0.8857142857142857,0,1.0,0.5,4,0.6666666666666666,0.5,4,0.5,1.0,4,0.25289659456017677,0.8857128279697446,screen.fixed_k.k08,fixed_k,screen,8,0.9601658163265305,screen.final_ranker_score,8,OK,0.6666666666666666,0.5,1.0,False,,,,,,,,
E07_2029,E07,2029,0.8732142857142857,0,1.0,0.75,12,0.4,0.75,12,0.25,1.0,4,0.25941813735643593,0.8732106469892311,screen.fixed_k.k16,fixed_k,screen,16,0.9585076530612245,screen.final_ranker_score,16,OK,0.4,0.25,1.0,False,,,,,,,,
E07_2029,E07,2029,0.8821428571428571,0,1.0,0.0,0,1.0,0.0,0,1.0,1.0,4,0.25239377047642697,0.882141353843799,screen.validation_one_se,validation_one_se,screen,,0.9604336734693878,screen.final_ranker_score,4,OK,1.0,1.0,1.0,False,4,0.28905013001183744,0.2672699518535213,0.02178017815831613,,,,
E07_2029,E07,2029,0.8821428571428571,,1.0,0.0,0,1.0,0.0,0,1.0,1.0,4,0.25239377047642697,0.882141353843799,screen.cpss_one_se,cpss_one_se,screen,,0.9604336734693878,screen.final_development_selection_frequency,4,OK,1.0,1.0,1.0,False,,0.28905013001183744,0.2672699518535213,0.02178017815831613,0.9,4,4,4
E08_2003,E08,2003,0.6839285714285714,0,0.6,0.0,0,0.4,0.0,0,1.0,0.25,1,0.5916035277231515,0.6831921143218771,shil.fixed_k.k01,fixed_k,shil,1,0.7453061224489796,shil.final_ranker_score,1,OK,0.4,1.0,0.25,False,,,,,,,,
E08_2003,E08,2003,0.6821428571428572,0,0.6,0.5,1,0.3333333333333333,0.5,1,0.5,0.25,1,0.590731960549633,0.6813462226996061,shil.fixed_k.k02,fixed_k,shil,2,0.746454081632653,shil.final_ranker_score,2,OK,0.3333333333333333,0.5,0.25,False,,,,,,,,
E08_2003,E08,2003,0.6839285714285714,0,0.6,0.75,3,0.25,0.75,3,0.25,0.25,1,0.5914686333821062,0.6831921143218771,shil.fixed_k.k04,fixed_k,shil,4,0.7463520408163267,shil.final_ranker_score,4,OK,0.25,0.25,0.25,False,,,,,,,,
E08_2003,E08,2003,0.8964285714285715,0,0.6,0.5,4,0.6666666666666666,0.5,4,0.5,1.0,4,0.24256822814693468,0.8964285714285715,shil.fixed_k.k08,fixed_k,shil,8,0.9636352040816326,shil.final_ranker_score,8,OK,0.6666666666666666,0.5,1.0,False,,,,,,,,
E08_2003,E08,2003,0.8928571428571429,0,0.6,0.75,12,0.4,0.75,12,0.25,1.0,4,0.24248391839818342,0.8928557762216355,shil.fixed_k.k16,fixed_k,shil,16,0.96375,shil.final_ranker_score,16,OK,0.4,0.25,1.0,False,,,,,,,,
E08_2003,E08,2003,0.8964285714285715,0,0.6,0.5,4,0.6666666666666666,0.5,4,0.5,1.0,4,0.24256822814693468,0.8964285714285715,shil.validation_one_se,validation_one_se,shil,,0.9636352040816326,shil.final_ranker_score,8,OK,0.6666666666666666,0.5,1.0,False,8,0.2780721677393684,0.2591591314293416,0.018913036310026794,,,,
E08_2003,E08,2003,0.8946428571428572,,0.4,0.6,6,0.5714285714285715,0.6,6,0.4,1.0,4,0.24244853170080885,0.8946425211815088,shil.cpss_one_se,cpss_one_se,shil,,0.9638520408163265,shil.final_development_selection_frequency,10,OK,0.5714285714285715,0.4,1.0,False,,0.2808095801483846,0.26170400829918317,0.019105571849201395,0.9,16,10,10
E08_2003,E08,2003,0.6517857142857143,0,1.0,0.0,0,0.4,0.0,0,1.0,0.25,1,0.606459684081546,0.6516957504967802,l1.fixed_k.k01,fixed_k,l1,1,0.7279719387755104,l1.final_ranker_score,1,OK,0.4,1.0,0.25,False,,,,,,,,
E08_2003,E08,2003,0.7553571428571428,0,1.0,0.0,0,0.6666666666666666,0.0,0,1.0,0.5,2,0.492060223094852,0.7553189114370549,l1.fixed_k.k02,fixed_k,l1,2,0.8393239795918368,l1.final_ranker_score,2,OK,0.6666666666666666,1.0,0.5,False,,,,,,,,
E08_2003,E08,2003,0.8910714285714286,0,1.0,0.0,0,1.0,0.0,0,1.0,1.0,4,0.24683767345143326,0.8910627441600893,l1.fixed_k.k04,fixed_k,l1,4,0.9627423469387756,l1.final_ranker_score,4,OK,1.0,1.0,1.0,False,,,,,,,,
E08_2003,E08,2003,0.8910714285714286,0,1.0,0.5,4,0.6666666666666666,0.5,4,0.5,1.0,4,0.24819188911634693,0.89107108122156,l1.fixed_k.k08,fixed_k,l1,8,0.9621683673469387,l1.final_ranker_score,8,OK,0.6666666666666666,0.5,1.0,False,,,,,,,,
E08_2003,E08,2003,0.8928571428571429,0,1.0,0.75,12,0.4,0.75,12,0.25,1.0,4,0.2592058114428644,0.8928448418823589,l1.fixed_k.k16,fixed_k,l1,16,0.9588265306122449,l1.final_ranker_score,16,OK,0.4,0.25,1.0,False,,,,,,,,
E08_2003,E08,2003,0.8910714285714286,0,1.0,0.0,0,1.0,0.0,0,1.0,1.0,4,0.24683767345143326,0.8910627441600893,l1.validation_one_se,validation_one_se,l1,,0.9627423469387756,l1.final_ranker_score,4,OK,1.0,1.0,1.0,False,4,0.27483445635752024,0.25632574737056696,0.018508708986953257,,,,
E08_2003,E08,2003,0.8910714285714286,,1.0,0.0,0,1.0,0.0,0,1.0,1.0,4,0.24683767345143326,0.8910627441600893,l1.cpss_one_se,cpss_one_se,l1,,0.9627423469387756,l1.final_development_selection_frequency,4,OK,1.0,1.0,1.0,False,,0.27483445635752024,0.25632574737056696,0.01850870898695326,0.9,4,4,4
E08_2003,E08,2003,0.6517857142857143,0,0.75,0.0,0,0.4,0.0,0,1.0,0.25,1,0.606459684081546,0.6516957504967802,tree.fixed_k.k01,fixed_k,tree,1,0.7279719387755104,tree.final_ranker_score,1,OK,0.4,1.0,0.25,False,,,,,,,,
E08_2003,E08,2003,0.7553571428571428,0,0.75,0.0,0,0.6666666666666666,0.0,0,1.0,0.5,2,0.492060223094852,0.7553189114370549,tree.fixed_k.k02,fixed_k,tree,2,0.8393239795918368,tree.final_ranker_score,2,OK,0.6666666666666666,1.0,0.5,False,,,,,,,,
E08_2003,E08,2003,0.7607142857142857,0,0.75,0.5,2,0.5,0.5,2,0.5,0.5,2,0.4908528835740101,0.7606868135372683,tree.fixed_k.k04,fixed_k,tree,4,0.8399617346938776,tree.final_ranker_score,4,OK,0.5,0.5,0.5,False,,,,,,,,
E08_2003,E08,2003,0.8928571428571429,0,0.75,0.5,4,0.6666666666666666,0.5,4,0.5,1.0,4,0.24565529220914842,0.8928557762216355,tree.fixed_k.k08,fixed_k,tree,8,0.9628316326530613,tree.final_ranker_score,8,OK,0.6666666666666666,0.5,1.0,False,,,,,,,,
E08_2003,E08,2003,0.8910714285714286,0,0.75,0.75,12,0.4,0.75,12,0.25,1.0,4,0.246823941636495,0.89107108122156,tree.fixed_k.k16,fixed_k,tree,16,0.9625127551020408,tree.final_ranker_score,16,OK,0.4,0.25,1.0,False,,,,,,,,
E08_2003,E08,2003,0.8928571428571429,0,0.75,0.5,4,0.6666666666666666,0.5,4,0.5,1.0,4,0.24565529220914842,0.8928557762216355,tree.validation_one_se,validation_one_se,tree,,0.9628316326530613,tree.final_ranker_score,8,OK,0.6666666666666666,0.5,1.0,False,8,0.2780721677393684,0.2591591314293416,0.018913036310026797,,,,
E08_2003,E08,2003,0.8928571428571429,,0.46785714285714286,0.42857142857142855,3,0.7272727272727273,0.42857142857142855,3,0.5714285714285714,1.0,4,0.2452123708285125,0.8928557762216355,tree.cpss_one_se,cpss_one_se,tree,,0.9630102040816326,tree.final_development_selection_frequency,7,OK,0.7272727272727273,0.5714285714285714,1.0,False,,0.27428553822978935,0.25578923365463035,0.018496304575158988,0.9,8,7,7
E08_2003,E08,2003,0.6839285714285714,0,0.6,0.0,0,0.4,0.0,0,1.0,0.25,1,0.5916035277231515,0.6831921143218771,screen.fixed_k.k01,fixed_k,screen,1,0.7453061224489796,screen.final_ranker_score,1,OK,0.4,1.0,0.25,False,,,,,,,,
E08_2003,E08,2003,0.6821428571428572,0,0.6,0.5,1,0.3333333333333333,0.5,1,0.5,0.25,1,0.590731960549633,0.6813462226996061,screen.fixed_k.k02,fixed_k,screen,2,0.746454081632653,screen.final_ranker_score,2,OK,0.3333333333333333,0.5,0.25,False,,,,,,,,
E08_2003,E08,2003,0.6839285714285714,0,0.6,0.75,3,0.25,0.75,3,0.25,0.25,1,0.5914686333821062,0.6831921143218771,screen.fixed_k.k04,fixed_k,screen,4,0.7463520408163267,screen.final_ranker_score,4,OK,0.25,0.25,0.25,False,,,,,,,,
E08_2003,E08,2003,0.8964285714285715,0,0.6,0.5,4,0.6666666666666666,0.5,4,0.5,1.0,4,0.24256822814693468,0.8964285714285715,screen.fixed_k.k08,fixed_k,screen,8,0.9636352040816326,screen.final_ranker_score,8,OK,0.6666666666666666,0.5,1.0,False,,,,,,,,
E08_2003,E08,2003,0.8928571428571429,0,0.6,0.75,12,0.4,0.75,12,0.25,1.0,4,0.24248391839818342,0.8928557762216355,screen.fixed_k.k16,fixed_k,screen,16,0.96375,screen.final_ranker_score,16,OK,0.4,0.25,1.0,False,,,,,,,,
E08_2003,E08,2003,0.8964285714285715,0,0.6,0.5,4,0.6666666666666666,0.5,4,0.5,1.0,4,0.24256822814693468,0.8964285714285715,screen.validation_one_se,validation_one_se,screen,,0.9636352040816326,screen.final_ranker_score,8,OK,0.6666666666666666,0.5,1.0,False,8,0.2780721677393684,0.2591591314293416,0.018913036310026794,,,,
E08_2003,E08,2003,0.8946428571428572,,0.4,0.6,6,0.5714285714285715,0.6,6,0.4,1.0,4,0.24244853170080885,0.8946425211815088,screen.cpss_one_se,cpss_one_se,screen,,0.9638520408163265,screen.final_development_selection_frequency,10,OK,0.5714285714285715,0.4,1.0,False,,0.2808095801483846,0.26170400829918317,0.019105571849201395,0.9,16,10,10
E08_2011,E08,2011,0.6482142857142857,0,0.575,0.0,0,0.4,0.0,0,1.0,0.25,1,0.6009854190582408,0.6479617072197846,shil.fixed_k.k01,fixed_k,shil,1,0.7312500000000001,shil.final_ranker_score,1,OK,0.4,1.0,0.25,False,,,,,,,,
E08_2011,E08,2011,0.6517857142857143,0,0.575,0.5,1,0.3333333333333333,0.5,1,0.5,0.25,1,0.6012683898725276,0.6515357000398883,shil.fixed_k.k02,fixed_k,shil,2,0.7308163265306122,shil.final_ranker_score,2,OK,0.3333333333333333,0.5,0.25,False,,,,,,,,
E08_2011,E08,2011,0.65,0,0.575,0.75,3,0.25,0.75,3,0.25,0.25,1,0.6013270055524194,0.6498392118830074,shil.fixed_k.k04,fixed_k,shil,4,0.7304336734693879,shil.final_ranker_score,4,OK,0.25,0.25,0.25,False,,,,,,,,
E08_2011,E08,2011,0.8178571428571428,0,0.575,0.625,5,0.5,0.625,5,0.375,0.75,3,0.38860609676118246,0.8178571428571428,shil.fixed_k.k08,fixed_k,shil,8,0.9070918367346938,shil.final_ranker_score,8,OK,0.5,0.375,0.75,False,,,,,,,,
E08_2011,E08,2011,0.8875,0,0.575,0.75,12,0.4,0.75,12,0.25,1.0,4,0.24548009994382036,0.8874996412616112,shil.fixed_k.k16,fixed_k,shil,16,0.963545918367347,shil.final_ranker_score,16,OK,0.4,0.25,1.0,False,,,,,,,,
E08_2011,E08,2011,0.8178571428571428,0,0.575,0.625,5,0.5,0.625,5,0.375,0.75,3,0.38860609676118246,0.8178571428571428,shil.validation_one_se,validation_one_se,shil,,0.9070918367346938,shil.final_ranker_score,8,OK,0.5,0.375,0.75,False,8,0.24914158007258666,0.23040448121491255,0.0187370988576741,,,,
E08_2011,E08,2011,0.8910714285714286,,0.4,0.6,6,0.5714285714285715,0.6,6,0.4,1.0,4,0.241184784376154,0.8910627441600893,shil.cpss_one_se,cpss_one_se,shil,,0.9642984693877551,shil.final_development_selection_frequency,10,OK,0.5714285714285715,0.4,1.0,False,,0.24842299524346623,0.22974039718445224,0.018682598059013986,0.9,16,10,10
E08_2011,E08,2011,0.6482142857142857,0,1.0,0.0,0,0.4,0.0,0,1.0,0.25,1,0.6009854190582408,0.6479617072197846,l1.fixed_k.k01,fixed_k,l1,1,0.7312500000000001,l1.final_ranker_score,1,OK,0.4,1.0,0.25,False,,,,,,,,
E08_2011,E08,2011,0.7392857142857143,0,1.0,0.0,0,0.6666666666666666,0.0,0,1.0,0.5,2,0.5082188667436881,0.7392025518341307,l1.fixed_k.k02,fixed_k,l1,2,0.8274234693877552,l1.final_ranker_score,2,OK,0.6666666666666666,1.0,0.5,False,,,,,,,,
E08_2011,E08,2011,0.9,0,1.0,0.0,0,1.0,0.0,0,1.0,1.0,4,0.24044378981398382,0.8999885190902017,l1.fixed_k.k04,fixed_k,l1,4,0.9647831632653062,l1.final_ranker_score,4,OK,1.0,1.0,1.0,False,,,,,,,,
E08_2011,E08,2011,0.8839285714285714,0,1.0,0.5,4,0.6666666666666666,0.5,4,0.5,1.0,4,0.24357021453632355,0.8839193175476361,l1.fixed_k.k08,fixed_k,l1,8,0.9639413265306123,l1.final_ranker_score,8,OK,0.6666666666666666,0.5,1.0,False,,,,,,,,
E08_2011,E08,2011,0.8892857142857142,0,1.0,0.75,12,0.4,0.75,12,0.25,1.0,4,0.2568309405281197,0.8892730032784375,l1.fixed_k.k16,fixed_k,l1,16,0.9594005102040816,l1.final_ranker_score,16,OK,0.4,0.25,1.0,False,,,,,,,,
E08_2011,E08,2011,0.9,0,1.0,0.0,0,1.0,0.0,0,1.0,1.0,4,0.24044378981398382,0.8999885190902017,l1.validation_one_se,validation_one_se,l1,,0.9647831632653062,l1.final_ranker_score,4,OK,1.0,1.0,1.0,False,4,0.24898116319902447,0.2306728344977331,0.018308328701291374,,,,
E08_2011,E08,2011,0.9,,1.0,0.0,0,1.0,0.0,0,1.0,1.0,4,0.24044378981398376,0.8999885190902017,l1.cpss_one_se,cpss_one_se,l1,,0.9647831632653062,l1.final_development_selection_frequency,4,OK,1.0,1.0,1.0,False,,0.24898116319902447,0.2306728344977331,0.018308328701291378,0.9,4,4,4
E08_2011,E08,2011,0.6035714285714285,0,0.7678571428571428,0.0,0,0.4,0.0,0,1.0,0.25,1,0.6391344202182571,0.6035714285714285,tree.fixed_k.k01,fixed_k,tree,1,0.673201530612245,tree.final_ranker_score,1,OK,0.4,1.0,0.25,False,,,,,,,,
E08_2011,E08,2011,0.7392857142857143,0,0.7678571428571428,0.0,0,0.6666666666666666,0.0,0,1.0,0.5,2,0.5082188667436881,0.7392025518341307,tree.fixed_k.k02,fixed_k,tree,2,0.8274234693877552,tree.final_ranker_score,2,OK,0.6666666666666666,1.0,0.5,False,,,,,,,,
E08_2011,E08,2011,0.7428571428571429,0,0.7678571428571428,0.5,2,0.5,0.5,2,0.5,0.5,2,0.5086644522017607,0.7427751196172249,tree.fixed_k.k04,fixed_k,tree,4,0.8272066326530613,tree.final_ranker_score,4,OK,0.5,0.5,0.5,False,,,,,,,,
E08_2011,E08,2011,0.8964285714285715,0,0.7678571428571428,0.5,4,0.6666666666666666,0.5,4,0.5,1.0,4,0.24212782639697492,0.8964232869023929,tree.fixed_k.k08,fixed_k,tree,8,0.9642091836734693,tree.final_ranker_score,8,OK,0.6666666666666666,0.5,1.0,False,,,,,,,,
E08_2011,E08,2011,0.8982142857142857,0,0.7678571428571428,0.75,12,0.4,0.75,12,0.25,1.0,4,0.24498465145779674,0.8982113644843124,tree.fixed_k.k16,fixed_k,tree,16,0.9640816326530612,tree.final_ranker_score,16,OK,0.4,0.25,1.0,False,,,,,,,,
E08_2011,E08,2011,0.8964285714285715,0,0.7678571428571428,0.5,4,0.6666666666666666,0.5,4,0.5,1.0,4,0.24212782639697492,0.8964232869023929,tree.validation_one_se,validation_one_se,tree,,0.9642091836734693,tree.final_ranker_score,8,OK,0.6666666666666666,0.5,1.0,False,8,0.249696129952715,0.2318001572650364,0.018664278600922193,,,,
E08_2011,E08,2011,0.8928571428571429,,0.46785714285714286,0.42857142857142855,3,0.7272727272727273,0.42857142857142855,3,0.5714285714285714,1.0,4,0.24216554706511734,0.8928516761059238,tree.cpss_one_se,cpss_one_se,tree,,0.9642219387755102,tree.final_development_selection_frequency,7,OK,0.7272727272727273,0.5714285714285714,1.0,False,,0.24842299524346623,0.23149298067765572,0.01859470406060311,0.8,8,7,7
E08_2011,E08,2011,0.6482142857142857,0,0.575,0.0,0,0.4,0.0,0,1.0,0.25,1,0.6009854190582408,0.6479617072197846,screen.fixed_k.k01,fixed_k,screen,1,0.7312500000000001,screen.final_ranker_score,1,OK,0.4,1.0,0.25,False,,,,,,,,
E08_2011,E08,2011,0.6517857142857143,0,0.575,0.5,1,0.3333333333333333,0.5,1,0.5,0.25,1,0.6012683898725276,0.6515357000398883,screen.fixed_k.k02,fixed_k,screen,2,0.7308163265306122,screen.final_ranker_score,2,OK,0.3333333333333333,0.5,0.25,False,,,,,,,,
E08_2011,E08,2011,0.65,0,0.575,0.75,3,0.25,0.75,3,0.25,0.25,1,0.6013270055524194,0.6498392118830074,screen.fixed_k.k04,fixed_k,screen,4,0.7304336734693879,screen.final_ranker_score,4,OK,0.25,0.25,0.25,False,,,,,,,,
E08_2011,E08,2011,0.8178571428571428,0,0.575,0.625,5,0.5,0.625,5,0.375,0.75,3,0.38860609676118246,0.8178571428571428,screen.fixed_k.k08,fixed_k,screen,8,0.9070918367346938,screen.final_ranker_score,8,OK,0.5,0.375,0.75,False,,,,,,,,
E08_2011,E08,2011,0.8875,0,0.575,0.75,12,0.4,0.75,12,0.25,1.0,4,0.24548009994382036,0.8874996412616112,screen.fixed_k.k16,fixed_k,screen,16,0.963545918367347,screen.final_ranker_score,16,OK,0.4,0.25,1.0,False,,,,,,,,
E08_2011,E08,2011,0.8178571428571428,0,0.575,0.625,5,0.5,0.625,5,0.375,0.75,3,0.38860609676118246,0.8178571428571428,screen.validation_one_se,validation_one_se,screen,,0.9070918367346938,screen.final_ranker_score,8,OK,0.5,0.375,0.75,False,8,0.24914158007258666,0.23040448121491255,0.0187370988576741,,,,
E08_2011,E08,2011,0.8910714285714286,,0.4,0.6,6,0.5714285714285715,0.6,6,0.4,1.0,4,0.241184784376154,0.8910627441600893,screen.cpss_one_se,cpss_one_se,screen,,0.9642984693877551,screen.final_development_selection_frequency,10,OK,0.5714285714285715,0.4,1.0,False,,0.24842299524346623,0.22974039718445224,0.018682598059013986,0.9,16,10,10
E08_2017,E08,2017,0.6535714285714286,0,0.575,0.0,0,0.4,0.0,0,1.0,0.25,1,0.582659802308116,0.653213141127951,shil.fixed_k.k01,fixed_k,shil,1,0.7441964285714286,shil.final_ranker_score,1,OK,0.4,1.0,0.25,False,,,,,,,,
E08_2017,E08,2017,0.65,0,0.575,0.5,1,0.3333333333333333,0.5,1,0.5,0.25,1,0.5831413790795168,0.6497140522875817,shil.fixed_k.k02,fixed_k,shil,2,0.7429974489795919,shil.final_ranker_score,2,OK,0.3333333333333333,0.5,0.25,False,,,,,,,,
E08_2017,E08,2017,0.65,0,0.575,0.75,3,0.25,0.75,3,0.25,0.25,1,0.5840773506843315,0.6496380188715383,shil.fixed_k.k04,fixed_k,shil,4,0.740140306122449,shil.final_ranker_score,4,OK,0.25,0.25,0.25,False,,,,,,,,
E08_2017,E08,2017,0.8267857142857142,0,0.575,0.625,5,0.5,0.625,5,0.375,0.75,3,0.3610238593362722,0.8267851619424806,shil.fixed_k.k08,fixed_k,shil,8,0.9199234693877549,shil.final_ranker_score,8,OK,0.5,0.375,0.75,False,,,,,,,,
E08_2017,E08,2017,0.8964285714285715,0,0.575,0.75,12,0.4,0.75,12,0.25,1.0,4,0.2377119855594659,0.8964166804862803,shil.fixed_k.k16,fixed_k,shil,16,0.9654591836734694,shil.final_ranker_score,16,OK,0.4,0.25,1.0,False,,,,,,,,
E08_2017,E08,2017,0.8964285714285715,0,0.575,0.75,12,0.4,0.75,12,0.25,1.0,4,0.2377119855594659,0.8964166804862803,shil.validation_one_se,validation_one_se,shil,,0.9654591836734694,shil.final_ranker_score,16,OK,0.4,0.25,1.0,False,16,0.2469156356680282,0.22713691761984306,0.01977871804818515,,,,
E08_2017,E08,2017,0.8946428571428572,,0.4,0.6,6,0.5714285714285715,0.6,6,0.4,1.0,4,0.23116524807797711,0.8946344574663159,shil.cpss_one_se,cpss_one_se,shil,,0.9674489795918367,shil.final_development_selection_frequency,10,OK,0.5714285714285715,0.4,1.0,False,,0.24287112035152056,0.22365291806022855,0.019218202291292015,0.9,16,10,10
E08_2017,E08,2017,0.6535714285714286,0,1.0,0.0,0,0.4,0.0,0,1.0,0.25,1,0.582659802308116,0.653213141127951,l1.fixed_k.k01,fixed_k,l1,1,0.7441964285714286,l1.final_ranker_score,1,OK,0.4,1.0,0.25,False,,,,,,,,
E08_2017,E08,2017,0.7767857142857143,0,1.0,0.0,0,0.6666666666666666,0.0,0,1.0,0.5,2,0.4577561475380376,0.7767850025031968,l1.fixed_k.k02,fixed_k,l1,2,0.8644642857142857,l1.final_ranker_score,2,OK,0.6666666666666666,1.0,0.5,False,,,,,,,,
E08_2017,E08,2017,0.8964285714285715,0,1.0,0.0,0,1.0,0.0,0,1.0,1.0,4,0.23044722617818028,0.896427250347581,l1.fixed_k.k04,fixed_k,l1,4,0.9681122448979592,l1.final_ranker_score,4,OK,1.0,1.0,1.0,False,,,,,,,,
E08_2017,E08,2017,0.8892857142857142,0,1.0,0.5,4,0.6666666666666666,0.5,4,0.5,1.0,4,0.23634687860371015,0.88928430209569,l1.fixed_k.k08,fixed_k,l1,8,0.9653698979591837,l1.final_ranker_score,8,OK,0.6666666666666666,0.5,1.0,False,,,,,,,,
E08_2017,E08,2017,0.8821428571428571,0,1.0,0.75,12,0.4,0.75,12,0.25,1.0,4,0.2615143218604895,0.8821368437165161,l1.fixed_k.k16,fixed_k,l1,16,0.9583801020408163,l1.final_ranker_score,16,OK,0.4,0.25,1.0,False,,,,,,,,
E08_2017,E08,2017,0.8964285714285715,0,1.0,0.0,0,1.0,0.0,0,1.0,1.0,4,0.23044722617818028,0.896427250347581,l1.validation_one_se,validation_one_se,l1,,0.9681122448979592,l1.final_ranker_score,4,OK,1.0,1.0,1.0,False,4,0.24474196438609228,0.22581536913840158,0.0189265952476907,,,,
E08_2017,E08,2017,0.8964285714285715,,1.0,0.0,0,1.0,0.0,0,1.0,1.0,4,0.23044722617818028,0.896427250347581,l1.cpss_one_se,cpss_one_se,l1,,0.9681122448979592,l1.final_development_selection_frequency,4,OK,1.0,1.0,1.0,False,,0.2447419643860922,0.2258153691384015,0.01892659524769069,0.9,4,4,4
E08_2017,E08,2017,0.6535714285714286,0,0.6,0.0,0,0.4,0.0,0,1.0,0.25,1,0.582659802308116,0.653213141127951,tree.fixed_k.k01,fixed_k,tree,1,0.7441964285714286,tree.final_ranker_score,1,OK,0.4,1.0,0.25,False,,,,,,,,
E08_2017,E08,2017,0.6571428571428571,0,0.6,0.5,1,0.3333333333333333,0.5,1,0.5,0.25,1,0.5820877143792346,0.656788263384364,tree.fixed_k.k02,fixed_k,tree,2,0.7443494897959184,tree.final_ranker_score,2,OK,0.3333333333333333,0.5,0.25,False,,,,,,,,
E08_2017,E08,2017,0.7785714285714286,0,0.6,0.5,2,0.5,0.5,2,0.5,0.5,2,0.45789756236727086,0.77856860419138,tree.fixed_k.k04,fixed_k,tree,4,0.8645280612244899,tree.final_ranker_score,4,OK,0.5,0.5,0.5,False,,,,,,,,
E08_2017,E08,2017,0.8267857142857142,0,0.6,0.625,5,0.5,0.625,5,0.375,0.75,3,0.3610238593362729,0.8267851619424806,tree.fixed_k.k08,fixed_k,tree,8,0.9199234693877549,tree.final_ranker_score,8,OK,0.5,0.375,0.75,False,,,,,,,,
E08_2017,E08,2017,0.8946428571428572,0,0.6,0.75,12,0.4,0.75,12,0.25,1.0,4,0.2349033517571972,0.8946344574663159,tree.fixed_k.k16,fixed_k,tree,16,0.9665178571428572,tree.final_ranker_score,16,OK,0.4,0.25,1.0,False,,,,,,,,
E08_2017,E08,2017,0.8946428571428572,0,0.6,0.75,12,0.4,0.75,12,0.25,1.0,4,0.2349033517571972,0.8946344574663159,tree.validation_one_se,validation_one_se,tree,,0.9665178571428572,tree.final_ranker_score,16,OK,0.4,0.25,1.0,False,16,0.24609823857398924,0.22599212288118567,0.020106115692803576,,,,
E08_2017,E08,2017,0.8946428571428572,,0.4,0.6,6,0.5714285714285715,0.6,6,0.4,1.0,4,0.23116524807797711,0.8946344574663159,tree.cpss_one_se,cpss_one_se,tree,,0.9674489795918367,tree.final_development_selection_frequency,10,OK,0.5714285714285715,0.4,1.0,False,,0.24287112035152056,0.22365291806022855,0.019218202291292015,0.9,16,10,10
E08_2017,E08,2017,0.6535714285714286,0,0.575,0.0,0,0.4,0.0,0,1.0,0.25,1,0.582659802308116,0.653213141127951,screen.fixed_k.k01,fixed_k,screen,1,0.7441964285714286,screen.final_ranker_score,1,OK,0.4,1.0,0.25,False,,,,,,,,
E08_2017,E08,2017,0.65,0,0.575,0.5,1,0.3333333333333333,0.5,1,0.5,0.25,1,0.5831413790795168,0.6497140522875817,screen.fixed_k.k02,fixed_k,screen,2,0.7429974489795919,screen.final_ranker_score,2,OK,0.3333333333333333,0.5,0.25,False,,,,,,,,
E08_2017,E08,2017,0.65,0,0.575,0.75,3,0.25,0.75,3,0.25,0.25,1,0.5840773506843315,0.6496380188715383,screen.fixed_k.k04,fixed_k,screen,4,0.740140306122449,screen.final_ranker_score,4,OK,0.25,0.25,0.25,False,,,,,,,,
E08_2017,E08,2017,0.8267857142857142,0,0.575,0.625,5,0.5,0.625,5,0.375,0.75,3,0.3610238593362722,0.8267851619424806,screen.fixed_k.k08,fixed_k,screen,8,0.9199234693877549,screen.final_ranker_score,8,OK,0.5,0.375,0.75,False,,,,,,,,
E08_2017,E08,2017,0.8964285714285715,0,0.575,0.75,12,0.4,0.75,12,0.25,1.0,4,0.2377119855594659,0.8964166804862803,screen.fixed_k.k16,fixed_k,screen,16,0.9654591836734694,screen.final_ranker_score,16,OK,0.4,0.25,1.0,False,,,,,,,,
E08_2017,E08,2017,0.8964285714285715,0,0.575,0.75,12,0.4,0.75,12,0.25,1.0,4,0.2377119855594659,0.8964166804862803,screen.validation_one_se,validation_one_se,screen,,0.9654591836734694,screen.final_ranker_score,16,OK,0.4,0.25,1.0,False,16,0.2469156356680282,0.22713691761984306,0.01977871804818515,,,,
E08_2017,E08,2017,0.8946428571428572,,0.4,0.6,6,0.5714285714285715,0.6,6,0.4,1.0,4,0.23116524807797711,0.8946344574663159,screen.cpss_one_se,cpss_one_se,screen,,0.9674489795918367,screen.final_development_selection_frequency,10,OK,0.5714285714285715,0.4,1.0,False,,0.24287112035152056,0.22365291806022855,0.019218202291292015,0.9,16,10,10
E08_2027,E08,2027,0.6696428571428571,0,0.6,0.0,0,0.4,0.0,0,1.0,0.25,1,0.5785300491187658,0.6692621289175358,shil.fixed_k.k01,fixed_k,shil,1,0.7517984693877551,shil.final_ranker_score,1,OK,0.4,1.0,0.25,False,,,,,,,,
E08_2027,E08,2027,0.6696428571428571,0,0.6,0.5,1,0.3333333333333333,0.5,1,0.5,0.25,1,0.5783162922617026,0.6693381336754853,shil.fixed_k.k02,fixed_k,shil,2,0.7515816326530611,shil.final_ranker_score,2,OK,0.3333333333333333,0.5,0.25,False,,,,,,,,
E08_2027,E08,2027,0.6660714285714285,0,0.6,0.75,3,0.25,0.75,3,0.25,0.25,1,0.5786612255006223,0.6657634107963014,shil.fixed_k.k04,fixed_k,shil,4,0.7511224489795919,shil.final_ranker_score,4,OK,0.25,0.25,0.25,False,,,,,,,,
E08_2027,E08,2027,0.8928571428571429,0,0.6,0.5,4,0.6666666666666666,0.5,4,0.5,1.0,4,0.22567131822992723,0.8928571428571429,shil.fixed_k.k08,fixed_k,shil,8,0.9689158163265306,shil.final_ranker_score,8,OK,0.6666666666666666,0.5,1.0,False,,,,,,,,
E08_2027,E08,2027,0.8964285714285715,0,0.6,0.75,12,0.4,0.75,12,0.25,1.0,4,0.2299511645492798,0.8964285714285715,shil.fixed_k.k16,fixed_k,shil,16,0.9675892857142857,shil.final_ranker_score,16,OK,0.4,0.25,1.0,False,,,,,,,,
E08_2027,E08,2027,0.8964285714285715,0,0.6,0.75,12,0.4,0.75,12,0.25,1.0,4,0.2299511645492798,0.8964285714285715,shil.validation_one_se,validation_one_se,shil,,0.9675892857142857,shil.final_ranker_score,16,OK,0.4,0.25,1.0,False,16,0.23690904372575655,0.2189895450440046,0.01791949868175194,,,,
E08_2027,E08,2027,0.8892857142857142,,0.4,0.6,6,0.5714285714285715,0.6,6,0.4,1.0,4,0.2256330219789058,0.88928430209569,shil.cpss_one_se,cpss_one_se,shil,,0.969017857142857,shil.final_development_selection_frequency,10,OK,0.5714285714285715,0.4,1.0,False,,0.2348121241896078,0.21741252524349455,0.01739959894611325,0.9,16,10,10
E08_2027,E08,2027,0.6696428571428571,0,1.0,0.0,0,0.4,0.0,0,1.0,0.25,1,0.5785300491187658,0.6692621289175358,l1.fixed_k.k01,fixed_k,l1,1,0.7517984693877551,l1.final_ranker_score,1,OK,0.4,1.0,0.25,False,,,,,,,,
E08_2027,E08,2027,0.7839285714285714,0,1.0,0.0,0,0.6666666666666666,0.0,0,1.0,0.5,2,0.45765713872118313,0.783845169851888,l1.fixed_k.k02,fixed_k,l1,2,0.8656505102040816,l1.final_ranker_score,2,OK,0.6666666666666666,1.0,0.5,False,,,,,,,,
E08_2027,E08,2027,0.8946428571428572,0,1.0,0.0,0,1.0,0.0,0,1.0,1.0,4,0.22544111944624423,0.8946425211815088,l1.fixed_k.k04,fixed_k,l1,4,0.9689923469387756,l1.final_ranker_score,4,OK,1.0,1.0,1.0,False,,,,,,,,
E08_2027,E08,2027,0.8857142857142857,0,1.0,0.5,4,0.6666666666666666,0.5,4,0.5,1.0,4,0.2323085489323324,0.8857128279697446,l1.fixed_k.k08,fixed_k,l1,8,0.9665051020408163,l1.final_ranker_score,8,OK,0.6666666666666666,0.5,1.0,False,,,,,,,,
E08_2027,E08,2027,0.8839285714285714,0,1.0,0.75,12,0.4,0.75,12,0.25,1.0,4,0.24440209471342733,0.8839193175476361,l1.fixed_k.k16,fixed_k,l1,16,0.9632525510204082,l1.final_ranker_score,16,OK,0.4,0.25,1.0,False,,,,,,,,
E08_2027,E08,2027,0.8946428571428572,0,1.0,0.0,0,1.0,0.0,0,1.0,1.0,4,0.22544111944624423,0.8946425211815088,l1.validation_one_se,validation_one_se,l1,,0.9689923469387756,l1.final_ranker_score,4,OK,1.0,1.0,1.0,False,4,0.2371890947233132,0.22013643242999067,0.01705266229332253,,,,
E08_2027,E08,2027,0.8946428571428572,,1.0,0.0,0,1.0,0.0,0,1.0,1.0,4,0.22544111944624423,0.8946425211815088,l1.cpss_one_se,cpss_one_se,l1,,0.9689923469387756,l1.final_development_selection_frequency,4,OK,1.0,1.0,1.0,False,,0.23572824636870163,0.22013643242999067,0.01705266229332253,0.9,4,4,4
E08_2027,E08,2027,0.6642857142857143,0,0.6845238095238095,0.0,0,0.4,0.0,0,1.0,0.25,1,0.5939428421333973,0.6638569604086846,tree.fixed_k.k01,fixed_k,tree,1,0.7388520408163266,tree.final_ranker_score,1,OK,0.4,1.0,0.25,False,,,,,,,,
E08_2027,E08,2027,0.7732142857142857,0,0.6845238095238095,0.5,1,0.6666666666666666,0.0,0,1.0,0.5,2,0.47125411231084596,0.7731962050546122,tree.fixed_k.k02,fixed_k,tree,2,0.8573724489795918,tree.final_ranker_score,2,OK,0.3333333333333333,0.5,0.25,False,,,,,,,,
E08_2027,E08,2027,0.7803571428571429,0,0.6845238095238095,0.5,2,0.5,0.5,2,0.5,0.5,2,0.4578599356280631,0.7803003964671997,tree.fixed_k.k04,fixed_k,tree,4,0.8658418367346937,tree.final_ranker_score,4,OK,0.5,0.5,0.5,False,,,,,,,,
E08_2027,E08,2027,0.8946428571428572,0,0.6845238095238095,0.5,4,0.6666666666666666,0.5,4,0.5,1.0,4,0.22614768457838696,0.8946425211815088,tree.fixed_k.k08,fixed_k,tree,8,0.9688520408163265,tree.final_ranker_score,8,OK,0.6666666666666666,0.5,1.0,False,,,,,,,,
E08_2027,E08,2027,0.8857142857142857,0,0.6845238095238095,0.75,12,0.4,0.75,12,0.25,1.0,4,0.22722700302855658,0.8857084545129854,tree.fixed_k.k16,fixed_k,tree,16,0.9682015306122449,tree.final_ranker_score,16,OK,0.4,0.25,1.0,False,,,,,,,,
E08_2027,E08,2027,0.8946428571428572,0,0.6845238095238095,0.5,4,0.6666666666666666,0.5,4,0.5,1.0,4,0.22614768457838696,0.8946425211815088,tree.validation_one_se,validation_one_se,tree,,0.9688520408163265,tree.final_ranker_score,8,OK,0.6666666666666666,0.5,1.0,False,8,0.2343649965791704,0.2170444705849536,0.017320525994216802,,,,
E08_2027,E08,2027,0.8946428571428572,,0.5178571428571428,0.42857142857142855,3,0.7272727272727273,0.42857142857142855,3,0.5714285714285714,1.0,4,0.22635820978084067,0.8946425211815088,tree.cpss_one_se,cpss_one_se,tree,,0.9686607142857142,tree.final_development_selection_frequency,7,OK,0.7272727272727273,0.5714285714285714,1.0,False,,0.23450666114274826,0.21808736683947486,0.017017207670654698,0.8,8,7,7
E08_2027,E08,2027,0.6696428571428571,0,0.6,0.0,0,0.4,0.0,0,1.0,0.25,1,0.5785300491187658,0.6692621289175358,screen.fixed_k.k01,fixed_k,screen,1,0.7517984693877551,screen.final_ranker_score,1,OK,0.4,1.0,0.25,False,,,,,,,,
E08_2027,E08,2027,0.6696428571428571,0,0.6,0.5,1,0.3333333333333333,0.5,1,0.5,0.25,1,0.5783162922617026,0.6693381336754853,screen.fixed_k.k02,fixed_k,screen,2,0.7515816326530611,screen.final_ranker_score,2,OK,0.3333333333333333,0.5,0.25,False,,,,,,,,
E08_2027,E08,2027,0.6660714285714285,0,0.6,0.75,3,0.25,0.75,3,0.25,0.25,1,0.5786612255006223,0.6657634107963014,screen.fixed_k.k04,fixed_k,screen,4,0.7511224489795919,screen.final_ranker_score,4,OK,0.25,0.25,0.25,False,,,,,,,,
E08_2027,E08,2027,0.8928571428571429,0,0.6,0.5,4,0.6666666666666666,0.5,4,0.5,1.0,4,0.22567131822992723,0.8928571428571429,screen.fixed_k.k08,fixed_k,screen,8,0.9689158163265306,screen.final_ranker_score,8,OK,0.6666666666666666,0.5,1.0,False,,,,,,,,
E08_2027,E08,2027,0.8964285714285715,0,0.6,0.75,12,0.4,0.75,12,0.25,1.0,4,0.2299511645492798,0.8964285714285715,screen.fixed_k.k16,fixed_k,screen,16,0.9675892857142857,screen.final_ranker_score,16,OK,0.4,0.25,1.0,False,,,,,,,,
E08_2027,E08,2027,0.8964285714285715,0,0.6,0.75,12,0.4,0.75,12,0.25,1.0,4,0.2299511645492798,0.8964285714285715,screen.validation_one_se,validation_one_se,screen,,0.9675892857142857,screen.final_ranker_score,16,OK,0.4,0.25,1.0,False,16,0.23690904372575655,0.2189895450440046,0.01791949868175194,,,,
E08_2027,E08,2027,0.8892857142857142,,0.4,0.6,6,0.5714285714285715,0.6,6,0.4,1.0,4,0.2256330219789058,0.88928430209569,screen.cpss_one_se,cpss_one_se,screen,,0.969017857142857,screen.final_development_selection_frequency,10,OK,0.5714285714285715,0.4,1.0,False,,0.2348121241896078,0.21741252524349455,0.01739959894611325,0.9,16,10,10
E08_2029,E08,2029,0.6553571428571429,0,0.6,0.0,0,0.4,0.0,0,1.0,0.25,1,0.6031068674596217,0.6553560438649357,shil.fixed_k.k01,fixed_k,shil,1,0.730982142857143,shil.final_ranker_score,1,OK,0.4,1.0,0.25,False,,,,,,,,
E08_2029,E08,2029,0.6535714285714286,0,0.6,0.5,1,0.3333333333333333,0.5,1,0.5,0.25,1,0.6032700048731001,0.6535670097832881,shil.fixed_k.k02,fixed_k,shil,2,0.7305867346938776,shil.final_ranker_score,2,OK,0.3333333333333333,0.5,0.25,False,,,,,,,,
E08_2029,E08,2029,0.7464285714285714,0,0.6,0.5,2,0.5,0.5,2,0.5,0.5,2,0.5186373525914315,0.7463994591215828,shil.fixed_k.k04,fixed_k,shil,4,0.8220280612244898,shil.final_ranker_score,4,OK,0.5,0.5,0.5,False,,,,,,,,
E08_2029,E08,2029,0.8232142857142857,0,0.6,0.625,5,0.5,0.625,5,0.375,0.75,3,0.39559341976744483,0.8232092119990688,shil.fixed_k.k08,fixed_k,shil,8,0.9030357142857142,shil.final_ranker_score,8,OK,0.5,0.375,0.75,False,,,,,,,,
E08_2029,E08,2029,0.8839285714285714,0,0.6,0.75,12,0.4,0.75,12,0.25,1.0,4,0.258841309078986,0.8839193175476361,shil.fixed_k.k16,fixed_k,shil,16,0.9585076530612244,shil.final_ranker_score,16,OK,0.4,0.25,1.0,False,,,,,,,,
E08_2029,E08,2029,0.8839285714285714,0,0.6,0.75,12,0.4,0.75,12,0.25,1.0,4,0.258841309078986,0.8839193175476361,shil.validation_one_se,validation_one_se,shil,,0.9585076530612244,shil.final_ranker_score,16,OK,0.4,0.25,1.0,False,16,0.2952163284744964,0.2717404059543432,0.023475922520153254,,,,
E08_2029,E08,2029,0.8767857142857143,,0.4,0.6,6,0.5714285714285715,0.6,6,0.4,1.0,4,0.2567091370502267,0.8767853213817646,shil.cpss_one_se,cpss_one_se,shil,,0.9593239795918367,shil.final_development_selection_frequency,10,OK,0.5714285714285715,0.4,1.0,False,,0.29775684837994804,0.2744146110970788,0.023342237282869206,0.9,16,10,10
E08_2029,E08,2029,0.6375,0,1.0,0.0,0,0.4,0.0,0,1.0,0.25,1,0.6186756225384097,0.6374063453889557,l1.fixed_k.k01,fixed_k,l1,1,0.7026275510204082,l1.final_ranker_score,1,OK,0.4,1.0,0.25,False,,,,,,,,
E08_2029,E08,2029,0.7125,0,1.0,0.0,0,0.6666666666666666,0.0,0,1.0,0.5,2,0.5399365836622528,0.7123449818301317,l1.fixed_k.k02,fixed_k,l1,2,0.7948979591836733,l1.final_ranker_score,2,OK,0.6666666666666666,1.0,0.5,False,,,,,,,,
E08_2029,E08,2029,0.8857142857142857,0,1.0,0.0,0,1.0,0.0,0,1.0,1.0,4,0.25273711524281595,0.8857142857142857,l1.fixed_k.k04,fixed_k,l1,4,0.9602933673469387,l1.final_ranker_score,4,OK,1.0,1.0,1.0,False,,,,,,,,
E08_2029,E08,2029,0.8785714285714286,0,1.0,0.5,4,0.6666666666666666,0.5,4,0.5,1.0,4,0.2638891572952301,0.8785698797178535,l1.fixed_k.k08,fixed_k,l1,8,0.9573852040816326,l1.final_ranker_score,8,OK,0.6666666666666666,0.5,1.0,False,,,,,,,,
E08_2029,E08,2029,0.8767857142857143,0,1.0,0.75,12,0.4,0.75,12,0.25,1.0,4,0.27443202880080286,0.876775890935183,l1.fixed_k.k16,fixed_k,l1,16,0.9544642857142858,l1.final_ranker_score,16,OK,0.4,0.25,1.0,False,,,,,,,,
E08_2029,E08,2029,0.8857142857142857,0,1.0,0.0,0,1.0,0.0,0,1.0,1.0,4,0.25273711524281595,0.8857142857142857,l1.validation_one_se,validation_one_se,l1,,0.9602933673469387,l1.final_ranker_score,4,OK,1.0,1.0,1.0,False,4,0.28594106645779144,0.26421218248999107,0.021728883967800382,,,,
E08_2029,E08,2029,0.8857142857142857,,1.0,0.0,0,1.0,0.0,0,1.0,1.0,4,0.252737115242816,0.8857142857142857,l1.cpss_one_se,cpss_one_se,l1,,0.9602933673469387,l1.final_development_selection_frequency,4,OK,1.0,1.0,1.0,False,,0.28594106645779144,0.26421218248999107,0.021728883967800382,0.9,4,4,4
E08_2029,E08,2029,0.6375,0,0.7678571428571428,0.0,0,0.4,0.0,0,1.0,0.25,1,0.6186756225384097,0.6374063453889557,tree.fixed_k.k01,fixed_k,tree,1,0.7026275510204082,tree.final_ranker_score,1,OK,0.4,1.0,0.25,False,,,,,,,,
E08_2029,E08,2029,0.7446428571428572,0,0.7678571428571428,0.0,0,0.6666666666666666,0.0,0,1.0,0.5,2,0.5177822004889866,0.7446029513540062,tree.fixed_k.k02,fixed_k,tree,2,0.8225127551020408,tree.final_ranker_score,2,OK,0.6666666666666666,1.0,0.5,False,,,,,,,,
E08_2029,E08,2029,0.7464285714285714,0,0.7678571428571428,0.5,2,0.5,0.5,2,0.5,0.5,2,0.5186373525914314,0.7463994591215828,tree.fixed_k.k04,fixed_k,tree,4,0.8220280612244898,tree.final_ranker_score,4,OK,0.5,0.5,0.5,False,,,,,,,,
E08_2029,E08,2029,0.8803571428571428,0,0.7678571428571428,0.5,4,0.6666666666666666,0.5,4,0.5,1.0,4,0.2575321313447032,0.8803567613417135,tree.fixed_k.k08,fixed_k,tree,8,0.9591454081632653,tree.final_ranker_score,8,OK,0.6666666666666666,0.5,1.0,False,,,,,,,,
E08_2029,E08,2029,0.8803571428571428,0,0.7678571428571428,0.75,12,0.4,0.75,12,0.25,1.0,4,0.25762853267401126,0.880353709130683,tree.fixed_k.k16,fixed_k,tree,16,0.958826530612245,tree.final_ranker_score,16,OK,0.4,0.25,1.0,False,,,,,,,,
E08_2029,E08,2029,0.8803571428571428,0,0.7678571428571428,0.5,4,0.6666666666666666,0.5,4,0.5,1.0,4,0.2575321313447032,0.8803567613417135,tree.validation_one_se,validation_one_se,tree,,0.9591454081632653,tree.final_ranker_score,8,OK,0.6666666666666666,0.5,1.0,False,8,0.295931233167561,0.27276066714216995,0.023170566025391037,,,,
E08_2029,E08,2029,0.8767857142857143,,0.4,0.6,6,0.5714285714285715,0.6,6,0.4,1.0,4,0.2567091370502267,0.8767853213817646,tree.cpss_one_se,cpss_one_se,tree,,0.9593239795918367,tree.final_development_selection_frequency,10,OK,0.5714285714285715,0.4,1.0,False,,0.29775684837994804,0.2744146110970788,0.023342237282869206,0.9,16,10,10
E08_2029,E08,2029,0.6553571428571429,0,0.6,0.0,0,0.4,0.0,0,1.0,0.25,1,0.6031068674596217,0.6553560438649357,screen.fixed_k.k01,fixed_k,screen,1,0.730982142857143,screen.final_ranker_score,1,OK,0.4,1.0,0.25,False,,,,,,,,
E08_2029,E08,2029,0.6535714285714286,0,0.6,0.5,1,0.3333333333333333,0.5,1,0.5,0.25,1,0.6032700048731001,0.6535670097832881,screen.fixed_k.k02,fixed_k,screen,2,0.7305867346938776,screen.final_ranker_score,2,OK,0.3333333333333333,0.5,0.25,False,,,,,,,,
E08_2029,E08,2029,0.7464285714285714,0,0.6,0.5,2,0.5,0.5,2,0.5,0.5,2,0.5186373525914315,0.7463994591215828,screen.fixed_k.k04,fixed_k,screen,4,0.8220280612244898,screen.final_ranker_score,4,OK,0.5,0.5,0.5,False,,,,,,,,
E08_2029,E08,2029,0.8232142857142857,0,0.6,0.625,5,0.5,0.625,5,0.375,0.75,3,0.39559341976744483,0.8232092119990688,screen.fixed_k.k08,fixed_k,screen,8,0.9030357142857142,screen.final_ranker_score,8,OK,0.5,0.375,0.75,False,,,,,,,,
E08_2029,E08,2029,0.8839285714285714,0,0.6,0.75,12,0.4,0.75,12,0.25,1.0,4,0.258841309078986,0.8839193175476361,screen.fixed_k.k16,fixed_k,screen,16,0.9585076530612244,screen.final_ranker_score,16,OK,0.4,0.25,1.0,False,,,,,,,,
E08_2029,E08,2029,0.8839285714285714,0,0.6,0.75,12,0.4,0.75,12,0.25,1.0,4,0.258841309078986,0.8839193175476361,screen.validation_one_se,validation_one_se,screen,,0.9585076530612244,screen.final_ranker_score,16,OK,0.4,0.25,1.0,False,16,0.2952163284744964,0.2717404059543432,0.023475922520153254,,,,
E08_2029,E08,2029,0.8767857142857143,,0.4,0.6,6,0.5714285714285715,0.6,6,0.4,1.0,4,0.2567091370502267,0.8767853213817646,screen.cpss_one_se,cpss_one_se,screen,,0.9593239795918367,screen.final_development_selection_frequency,10,OK,0.5714285714285715,0.4,1.0,False,,0.29775684837994804,0.2744146110970788,0.023342237282869206,0.9,16,10,10
