dataset,scenario,data_seed,split_seed,model,rank,edge,order,is_true_edge
S01,S01,1103,1103,L1-full,1,0-1,2,True
S01,S01,1103,1103,L1-full,2,2-3,2,True
S01,S01,1103,1103,L1-full,3,4-5,2,True
S01,S01,1103,1103,L1-full,4,3-11-12,3,False
S01,S01,1103,1103,L1-full,5,6-9-13,3,False
S01,S01,1103,1103,L1-full,6,6-8-10,3,False
S01,S01,1103,1103,L1-full,7,4-9-14,3,False
S01,S01,1103,1103,L1-full,8,0-3-8,3,False
S01,S01,1103,1103,L1-full,9,8-15,2,False
S01,S01,1103,1103,L1-full,10,7-10-11,3,False
S01,S01,1103,1103,L1-full,11,7-10-14,3,False
S01,S01,1103,1103,L1-full,12,10-11-12,3,False
S01,S01,1103,1103,L1-full,13,7-8,2,False
S01,S01,1103,1103,L1-full,14,0-8-11,3,False
S01,S01,1103,1103,L1-full,15,1-6-9,3,False
S01,S01,1103,1103,L1-full,16,9-11-15,3,False
S01,S01,1103,1103,L1-full,17,2-12-15,3,False
S01,S01,1103,1103,L1-full,18,0-5-12,3,False
S01,S01,1103,1103,L1-full,19,9-14-15,3,False
S01,S01,1103,1103,L1-full,20,7-13-14,3,False
S01,S01,1103,1103,L1-full,21,10-15,2,False
S01,S01,1103,1103,L1-full,22,2-7,2,False
S01,S01,1103,1103,L1-full,23,4-11-12,3,False
S01,S01,1103,1103,L1-full,24,6-9-10,3,False
S01,S01,1103,1103,L1-full,25,3-13,2,False
S01,S01,1103,1103,L1-full,26,4-8-13,3,False
S01,S01,1103,1103,L1-full,27,1-7-8,3,False
S01,S01,1103,1103,L1-full,28,2-10,2,False
S01,S01,1103,1103,L1-full,29,4-6-10,3,False
S01,S01,1103,1103,L1-full,30,12-13-14,3,False
S01,S01,1103,1103,L1-top8,1,0-1,2,True
S01,S01,1103,1103,L1-top8,2,2-3,2,True
S01,S01,1103,1103,L1-top8,3,4-5,2,True
S01,S01,1103,1103,L1-top8,4,3-11-12,3,False
S01,S01,1103,1103,L1-top8,5,6-9-13,3,False
S01,S01,1103,1103,L1-top8,6,6-8-10,3,False
S01,S01,1103,1103,L1-top8,7,4-9-14,3,False
S01,S01,1103,1103,L1-top8,8,0-3-8,3,False
S01,S01,1103,1103,L1-match,1,0-1,2,True
S01,S01,1103,1103,L1-match,2,2-3,2,True
S01,S01,1103,1103,L1-match,3,4-5,2,True
S01,S01,1103,1103,SHIL-k8,1,0-1,2,True
S01,S01,1103,1103,SHIL-k8,2,2-3,2,True
S01,S01,1103,1103,SHIL-k8,3,4-5,2,True
S01,S01,1103,1103,SHIL-k8,4,6-8-10,3,False
S01,S01,1103,1103,SHIL-k8,5,0-2-14,3,False
S01,S01,1103,1103,SHIL-k8,6,1-6-7,3,False
S01,S01,1103,1103,SHIL-k8,7,0-3-9,3,False
S01,S01,1103,1103,SHIL-k8,8,5-7-15,3,False
S01,S01,1103,1103,SC-L1,1,0-1,2,True
S01,S01,1103,1103,SC-L1,2,2-3,2,True
S01,S01,1103,1103,SC-L1,3,4-5,2,True
S01,S01,1103,1103,SC-SHIL,1,0-1,2,True
S01,S01,1103,1103,SC-SHIL,2,2-3,2,True
S01,S01,1103,1103,SC-SHIL,3,4-5,2,True
S01,S01,1129,1129,L1-full,1,0-1,2,True
S01,S01,1129,1129,L1-full,2,2-3,2,True
S01,S01,1129,1129,L1-full,3,4-5,2,True
S01,S01,1129,1129,L1-full,4,10-11,2,False
S01,S01,1129,1129,L1-full,5,8-14-15,3,False
S01,S01,1129,1129,L1-full,6,6-7-11,3,False
S01,S01,1129,1129,L1-full,7,3-12,2,False
S01,S01,1129,1129,L1-full,8,2-7-12,3,False
S01,S01,1129,1129,L1-full,9,1-11-14,3,False
S01,S01,1129,1129,L1-full,10,3-7-14,3,False
S01,S01,1129,1129,L1-full,11,8-9-14,3,False
S01,S01,1129,1129,L1-full,12,0-9-10,3,False
S01,S01,1129,1129,L1-full,13,0-9-14,3,False
S01,S01,1129,1129,L1-full,14,2-6-11,3,False
S01,S01,1129,1129,L1-full,15,3-10,2,False
S01,S01,1129,1129,L1-full,16,6-7,2,False
S01,S01,1129,1129,L1-full,17,3-5-12,3,False
S01,S01,1129,1129,L1-full,18,8-11-15,3,False
S01,S01,1129,1129,L1-full,19,1-10-11,3,False
S01,S01,1129,1129,L1-full,20,2-14-15,3,False
S01,S01,1129,1129,L1-full,21,6-8-11,3,False
S01,S01,1129,1129,L1-full,22,1-3-15,3,False
S01,S01,1129,1129,L1-full,23,6-14,2,False
S01,S01,1129,1129,L1-full,24,9-10-15,3,False
S01,S01,1129,1129,L1-full,25,5-12-13,3,False
S01,S01,1129,1129,L1-full,26,7-10-11,3,False
S01,S01,1129,1129,L1-full,27,7-13-14,3,False
S01,S01,1129,1129,L1-full,28,8-11-13,3,False
S01,S01,1129,1129,L1-full,29,7-8-15,3,False
S01,S01,1129,1129,L1-full,30,2-5-15,3,False
S01,S01,1129,1129,L1-full,31,4-7-9,3,False
S01,S01,1129,1129,L1-full,32,1-9-13,3,False
S01,S01,1129,1129,L1-full,33,6-14-15,3,False
S01,S01,1129,1129,L1-full,34,1-9-12,3,False
S01,S01,1129,1129,L1-full,35,11-12-14,3,False
S01,S01,1129,1129,L1-full,36,3-7-9,3,False
S01,S01,1129,1129,L1-full,37,6-12-13,3,False
S01,S01,1129,1129,L1-top8,1,0-1,2,True
S01,S01,1129,1129,L1-top8,2,2-3,2,True
S01,S01,1129,1129,L1-top8,3,4-5,2,True
S01,S01,1129,1129,L1-top8,4,10-11,2,False
S01,S01,1129,1129,L1-top8,5,8-14-15,3,False
S01,S01,1129,1129,L1-top8,6,6-7-11,3,False
S01,S01,1129,1129,L1-top8,7,3-12,2,False
S01,S01,1129,1129,L1-top8,8,2-7-12,3,False
S01,S01,1129,1129,L1-match,1,0-1,2,True
S01,S01,1129,1129,L1-match,2,2-3,2,True
S01,S01,1129,1129,L1-match,3,4-5,2,True
S01,S01,1129,1129,SHIL-k8,1,0-1,2,True
S01,S01,1129,1129,SHIL-k8,2,2-3,2,True
S01,S01,1129,1129,SHIL-k8,3,4-5,2,True
S01,S01,1129,1129,SHIL-k8,4,8-9-12,3,False
S01,S01,1129,1129,SHIL-k8,5,0-7-14,3,False
S01,S01,1129,1129,SHIL-k8,6,2-12-14,3,False
S01,S01,1129,1129,SHIL-k8,7,6-7-14,3,False
S01,S01,1129,1129,SHIL-k8,8,6-12-13,3,False
S01,S01,1129,1129,SC-L1,1,0-1,2,True
S01,S01,1129,1129,SC-L1,2,2-3,2,True
S01,S01,1129,1129,SC-L1,3,4-5,2,True
S01,S01,1129,1129,SC-SHIL,1,0-1,2,True
S01,S01,1129,1129,SC-SHIL,2,2-3,2,True
S01,S01,1129,1129,SC-SHIL,3,4-5,2,True
S01,S01,1151,1151,L1-full,1,0-1,2,True
S01,S01,1151,1151,L1-full,2,2-3,2,True
S01,S01,1151,1151,L1-full,3,4-5,2,True
S01,S01,1151,1151,L1-full,4,0-4-10,3,False
S01,S01,1151,1151,L1-full,5,0-3-9,3,False
S01,S01,1151,1151,L1-full,6,5-10-11,3,False
S01,S01,1151,1151,L1-full,7,5-8-10,3,False
S01,S01,1151,1151,L1-full,8,3-14,2,False
S01,S01,1151,1151,L1-full,9,2-8-9,3,False
S01,S01,1151,1151,L1-full,10,2-8-11,3,False
S01,S01,1151,1151,L1-full,11,2-8-13,3,False
S01,S01,1151,1151,L1-full,12,3-8-15,3,False
S01,S01,1151,1151,L1-full,13,1-5-13,3,False
S01,S01,1151,1151,L1-full,14,0-2-15,3,False
S01,S01,1151,1151,L1-full,15,6-15,2,False
S01,S01,1151,1151,L1-full,16,4-5-7,3,False
S01,S01,1151,1151,L1-full,17,1-14,2,False
S01,S01,1151,1151,L1-full,18,1-5-7,3,False
S01,S01,1151,1151,L1-full,19,1-9-13,3,False
S01,S01,1151,1151,L1-full,20,3-4-14,3,False
S01,S01,1151,1151,L1-full,21,1-9-12,3,False
S01,S01,1151,1151,L1-full,22,0-10-13,3,False
S01,S01,1151,1151,L1-full,23,1-6-13,3,False
S01,S01,1151,1151,L1-full,24,2-5-12,3,False
S01,S01,1151,1151,L1-full,25,1-6-10,3,False
S01,S01,1151,1151,L1-full,26,9-11-14,3,False
S01,S01,1151,1151,L1-full,27,4-7,2,False
S01,S01,1151,1151,L1-full,28,6-8-15,3,False
S01,S01,1151,1151,L1-full,29,5-8-13,3,False
S01,S01,1151,1151,L1-full,30,11-13,2,False
S01,S01,1151,1151,L1-full,31,7-11,2,False
S01,S01,1151,1151,L1-full,32,8-9-14,3,False
S01,S01,1151,1151,L1-full,33,5-9-11,3,False
S01,S01,1151,1151,L1-full,34,2-4-10,3,False
S01,S01,1151,1151,L1-full,35,1-8-11,3,False
S01,S01,1151,1151,L1-full,36,7-12-13,3,False
S01,S01,1151,1151,L1-full,37,6-7-14,3,False
S01,S01,1151,1151,L1-full,38,8-9-13,3,False
S01,S01,1151,1151,L1-full,39,2-8-12,3,False
S01,S01,1151,1151,L1-full,40,0-3-13,3,False
S01,S01,1151,1151,L1-full,41,2-4-6,3,False
S01,S01,1151,1151,L1-full,42,3-13,2,False
S01,S01,1151,1151,L1-full,43,3-4-15,3,False
S01,S01,1151,1151,L1-full,44,3-4,2,False
S01,S01,1151,1151,L1-full,45,4-6-9,3,False
S01,S01,1151,1151,L1-full,46,13-15,2,False
S01,S01,1151,1151,L1-full,47,3-12-15,3,False
S01,S01,1151,1151,L1-full,48,0-6-10,3,False
S01,S01,1151,1151,L1-full,49,2-5-9,3,False
S01,S01,1151,1151,L1-full,50,6-9,2,False
S01,S01,1151,1151,L1-full,51,3-13-14,3,False
S01,S01,1151,1151,L1-full,52,5-6-8,3,False
S01,S01,1151,1151,L1-full,53,7-12-15,3,False
S01,S01,1151,1151,L1-full,54,5-8-9,3,False
S01,S01,1151,1151,L1-full,55,10-12-13,3,False
S01,S01,1151,1151,L1-full,56,1-11-14,3,False
S01,S01,1151,1151,L1-full,57,3-9-10,3,False
S01,S01,1151,1151,L1-full,58,5-7-12,3,False
S01,S01,1151,1151,L1-full,59,8-14-15,3,False
S01,S01,1151,1151,L1-full,60,3-10-14,3,False
S01,S01,1151,1151,L1-full,61,4-9-13,3,False
S01,S01,1151,1151,L1-full,62,6-12,2,False
S01,S01,1151,1151,L1-full,63,4-6-10,3,False
S01,S01,1151,1151,L1-full,64,8-14,2,False
S01,S01,1151,1151,L1-full,65,2-5-11,3,False
S01,S01,1151,1151,L1-full,66,0-3,2,False
S01,S01,1151,1151,L1-full,67,1-10-14,3,False
S01,S01,1151,1151,L1-full,68,2-13,2,False
S01,S01,1151,1151,L1-full,69,1-4-7,3,False
S01,S01,1151,1151,L1-full,70,2-7,2,False
S01,S01,1151,1151,L1-full,71,5-8,2,False
S01,S01,1151,1151,L1-full,72,4-12-14,3,False
S01,S01,1151,1151,L1-full,73,2-7-15,3,False
S01,S01,1151,1151,L1-full,74,8-15,2,False
S01,S01,1151,1151,L1-full,75,6-7-8,3,False
S01,S01,1151,1151,L1-full,76,4-14,2,False
S01,S01,1151,1151,L1-full,77,4-6-8,3,False
S01,S01,1151,1151,L1-full,78,3-5-12,3,False
S01,S01,1151,1151,L1-full,79,2-6-7,3,False
S01,S01,1151,1151,L1-full,80,1-4-15,3,False
S01,S01,1151,1151,L1-full,81,7-8,2,False
S01,S01,1151,1151,L1-full,82,1-9-14,3,False
S01,S01,1151,1151,L1-full,83,0-2-12,3,False
S01,S01,1151,1151,L1-full,84,0-3-12,3,False
S01,S01,1151,1151,L1-full,85,6-7-13,3,False
S01,S01,1151,1151,L1-full,86,4-9,2,False
S01,S01,1151,1151,L1-full,87,7-10-14,3,False
S01,S01,1151,1151,L1-full,88,3-11,2,False
S01,S01,1151,1151,L1-full,89,0-12,2,False
S01,S01,1151,1151,L1-full,90,0-10-11,3,False
S01,S01,1151,1151,L1-full,91,4-13,2,False
S01,S01,1151,1151,L1-full,92,9-10-14,3,False
S01,S01,1151,1151,L1-full,93,0-5-9,3,False
S01,S01,1151,1151,L1-full,94,10-11-15,3,False
S01,S01,1151,1151,L1-full,95,1-12,2,False
S01,S01,1151,1151,L1-full,96,1-10-12,3,False
S01,S01,1151,1151,L1-full,97,2-14-15,3,False
S01,S01,1151,1151,L1-full,98,1-2,2,False
S01,S01,1151,1151,L1-full,99,5-7-15,3,False
S01,S01,1151,1151,L1-full,100,0-9-14,3,False
S01,S01,1151,1151,L1-full,101,4-8-14,3,False
S01,S01,1151,1151,L1-full,102,2-5-7,3,False
S01,S01,1151,1151,L1-full,103,6-8-10,3,False
S01,S01,1151,1151,L1-full,104,3-7-10,3,False
S01,S01,1151,1151,L1-full,105,8-10-12,3,False
S01,S01,1151,1151,L1-full,106,7-9-13,3,False
S01,S01,1151,1151,L1-full,107,0-12-15,3,False
S01,S01,1151,1151,L1-full,108,4-10-14,3,False
S01,S01,1151,1151,L1-full,109,1-8-9,3,False
S01,S01,1151,1151,L1-full,110,1-10-13,3,False
S01,S01,1151,1151,L1-full,111,10-12-15,3,False
S01,S01,1151,1151,L1-full,112,3-4-6,3,False
S01,S01,1151,1151,L1-full,113,7-11-15,3,False
S01,S01,1151,1151,L1-full,114,4-6-13,3,False
S01,S01,1151,1151,L1-full,115,1-8-12,3,False
S01,S01,1151,1151,L1-full,116,0-5-6,3,False
S01,S01,1151,1151,L1-full,117,8-10-14,3,False
S01,S01,1151,1151,L1-full,118,5-7-13,3,False
S01,S01,1151,1151,L1-full,119,3-7-8,3,False
S01,S01,1151,1151,L1-full,120,7-13-15,3,False
S01,S01,1151,1151,L1-full,121,2-10-12,3,False
S01,S01,1151,1151,L1-full,122,1-6-9,3,False
S01,S01,1151,1151,L1-full,123,3-5-8,3,False
S01,S01,1151,1151,L1-full,124,1-3-5,3,False
S01,S01,1151,1151,L1-full,125,9-12,2,False
S01,S01,1151,1151,L1-full,126,7-12,2,False
S01,S01,1151,1151,L1-full,127,11-14,2,False
S01,S01,1151,1151,L1-full,128,4-7-9,3,False
S01,S01,1151,1151,L1-full,129,5-12-13,3,False
S01,S01,1151,1151,L1-full,130,5-11-13,3,False
S01,S01,1151,1151,L1-full,131,2-11-12,3,False
S01,S01,1151,1151,L1-full,132,4-11-13,3,False
S01,S01,1151,1151,L1-full,133,2-4-15,3,False
S01,S01,1151,1151,L1-full,134,0-3-7,3,False
S01,S01,1151,1151,L1-full,135,6-11,2,False
S01,S01,1151,1151,L1-full,136,9-10-15,3,False
S01,S01,1151,1151,L1-full,137,2-14,2,False
S01,S01,1151,1151,L1-full,138,10-13,2,False
S01,S01,1151,1151,L1-full,139,1-11,2,False
S01,S01,1151,1151,L1-full,140,1-6-12,3,False
S01,S01,1151,1151,L1-full,141,9-12-14,3,False
S01,S01,1151,1151,L1-full,142,4-12,2,False
S01,S01,1151,1151,L1-full,143,12-15,2,False
S01,S01,1151,1151,L1-full,144,7-8-11,3,False
S01,S01,1151,1151,L1-full,145,9-14,2,False
S01,S01,1151,1151,L1-full,146,4-15,2,False
S01,S01,1151,1151,L1-full,147,10-13-14,3,False
S01,S01,1151,1151,L1-full,148,4-8,2,False
S01,S01,1151,1151,L1-full,149,2-7-9,3,False
S01,S01,1151,1151,L1-full,150,4-13-14,3,False
S01,S01,1151,1151,L1-full,151,9-10-12,3,False
S01,S01,1151,1151,L1-full,152,0-10-15,3,False
S01,S01,1151,1151,L1-full,153,4-14-15,3,False
S01,S01,1151,1151,L1-full,154,1-2-7,3,False
S01,S01,1151,1151,L1-full,155,4-5-10,3,False
S01,S01,1151,1151,L1-full,156,3-4-8,3,False
S01,S01,1151,1151,L1-full,157,5-6-12,3,False
S01,S01,1151,1151,L1-full,158,0-4-13,3,False
S01,S01,1151,1151,L1-full,159,0-2,2,False
S01,S01,1151,1151,L1-full,160,0-3-11,3,False
S01,S01,1151,1151,L1-full,161,2-10,2,False
S01,S01,1151,1151,L1-full,162,2-8-10,3,False
S01,S01,1151,1151,L1-full,163,3-13-15,3,False
S01,S01,1151,1151,L1-full,164,2-13-15,3,False
S01,S01,1151,1151,L1-full,165,0-7-13,3,False
S01,S01,1151,1151,L1-full,166,11-12-14,3,False
S01,S01,1151,1151,L1-full,167,2-5-14,3,False
S01,S01,1151,1151,L1-full,168,5-11,2,False
S01,S01,1151,1151,L1-full,169,5-7-9,3,False
S01,S01,1151,1151,L1-full,170,11-13-14,3,False
S01,S01,1151,1151,L1-full,171,7-9-10,3,False
S01,S01,1151,1151,L1-full,172,2-9-15,3,False
S01,S01,1151,1151,L1-full,173,3-6,2,False
S01,S01,1151,1151,L1-full,174,6-8-12,3,False
S01,S01,1151,1151,L1-full,175,2-3-5,3,False
S01,S01,1151,1151,L1-full,176,1-11-12,3,False
S01,S01,1151,1151,L1-full,177,3-9-13,3,False
S01,S01,1151,1151,L1-full,178,1-14-15,3,False
S01,S01,1151,1151,L1-full,179,2-5,2,False
S01,S01,1151,1151,L1-full,180,3-7-13,3,False
S01,S01,1151,1151,L1-full,181,3-7-15,3,False
S01,S01,1151,1151,L1-full,182,5-9-15,3,False
S01,S01,1151,1151,L1-full,183,7-14,2,False
S01,S01,1151,1151,L1-full,184,8-12-13,3,False
S01,S01,1151,1151,L1-full,185,0-8-10,3,False
S01,S01,1151,1151,L1-full,186,1-6-15,3,False
S01,S01,1151,1151,L1-full,187,6-9-13,3,False
S01,S01,1151,1151,L1-full,188,7-14-15,3,False
S01,S01,1151,1151,L1-full,189,4-13-15,3,False
S01,S01,1151,1151,L1-full,190,1-13,2,False
S01,S01,1151,1151,L1-full,191,7-15,2,False
S01,S01,1151,1151,L1-full,192,2-9-13,3,False
S01,S01,1151,1151,L1-full,193,6-8,2,False
S01,S01,1151,1151,L1-full,194,0-9-11,3,False
S01,S01,1151,1151,L1-full,195,4-11-15,3,False
S01,S01,1151,1151,L1-full,196,6-9-11,3,False
S01,S01,1151,1151,L1-full,197,5-13-15,3,False
S01,S01,1151,1151,L1-full,198,3-12-13,3,False
S01,S01,1151,1151,L1-full,199,1-2-13,3,False
S01,S01,1151,1151,L1-full,200,2-6,2,False
S01,S01,1151,1151,L1-full,201,0-5-13,3,False
S01,S01,1151,1151,L1-full,202,2-5-15,3,False
S01,S01,1151,1151,L1-full,203,1-6,2,False
S01,S01,1151,1151,L1-full,204,2-4-14,3,False
S01,S01,1151,1151,L1-full,205,11-12-15,3,False
S01,S01,1151,1151,L1-full,206,2-4-5,3,False
S01,S01,1151,1151,L1-full,207,5-6-15,3,False
S01,S01,1151,1151,L1-full,208,3-7-9,3,False
S01,S01,1151,1151,L1-full,209,6-7-15,3,False
S01,S01,1151,1151,L1-full,210,0-7-12,3,False
S01,S01,1151,1151,L1-full,211,2-5-8,3,False
S01,S01,1151,1151,L1-full,212,7-8-13,3,False
S01,S01,1151,1151,L1-full,213,6-9-15,3,False
S01,S01,1151,1151,L1-full,214,5-6,2,False
S01,S01,1151,1151,L1-full,215,0-5-12,3,False
S01,S01,1151,1151,L1-full,216,6-8-14,3,False
S01,S01,1151,1151,L1-full,217,7-8-12,3,False
S01,S01,1151,1151,L1-full,218,7-10,2,False
S01,S01,1151,1151,L1-full,219,5-8-14,3,False
S01,S01,1151,1151,L1-full,220,6-7-11,3,False
S01,S01,1151,1151,L1-full,221,0-11,2,False
S01,S01,1151,1151,L1-full,222,6-8-13,3,False
S01,S01,1151,1151,L1-full,223,0-7-11,3,False
S01,S01,1151,1151,L1-full,224,5-11-12,3,False
S01,S01,1151,1151,L1-full,225,4-7-15,3,False
S01,S01,1151,1151,L1-full,226,8-10-11,3,False
S01,S01,1151,1151,L1-full,227,1-5-10,3,False
S01,S01,1151,1151,L1-full,228,4-7-10,3,False
S01,S01,1151,1151,L1-full,229,8-9-12,3,False
S01,S01,1151,1151,L1-full,230,10-14-15,3,False
S01,S01,1151,1151,L1-full,231,4-9-11,3,False
S01,S01,1151,1151,L1-full,232,3-9,2,False
S01,S01,1151,1151,L1-full,233,4-12-15,3,False
S01,S01,1151,1151,L1-full,234,1-3,2,False
S01,S01,1151,1151,L1-full,235,2-10-14,3,False
S01,S01,1151,1151,L1-full,236,2-12,2,False
S01,S01,1151,1151,L1-full,237,7-9-12,3,False
S01,S01,1151,1151,L1-full,238,8-9-15,3,False
S01,S01,1151,1151,L1-full,239,1-13-15,3,False
S01,S01,1151,1151,L1-full,240,3-6-11,3,False
S01,S01,1151,1151,L1-full,241,0-1-5,3,False
S01,S01,1151,1151,L1-full,242,0-1-4,3,False
S01,S01,1151,1151,L1-full,243,2-12-13,3,False
S01,S01,1151,1151,L1-full,244,3-12,2,False
S01,S01,1151,1151,L1-full,245,1-7-14,3,False
S01,S01,1151,1151,L1-full,246,3-10-15,3,False
S01,S01,1151,1151,L1-full,247,11-12-13,3,False
S01,S01,1151,1151,L1-full,248,1-7-12,3,False
S01,S01,1151,1151,L1-full,249,2-9,2,False
S01,S01,1151,1151,L1-full,250,1-2-11,3,False
S01,S01,1151,1151,L1-full,251,2-11-15,3,False
S01,S01,1151,1151,L1-full,252,0-11-15,3,False
S01,S01,1151,1151,L1-full,253,1-9-10,3,False
S01,S01,1151,1151,L1-full,254,2-4-12,3,False
S01,S01,1151,1151,L1-full,255,4-10-11,3,False
S01,S01,1151,1151,L1-full,256,2-4-8,3,False
S01,S01,1151,1151,L1-full,257,10-11-14,3,False
S01,S01,1151,1151,L1-full,258,4-11,2,False
S01,S01,1151,1151,L1-full,259,5-12,2,False
S01,S01,1151,1151,L1-full,260,7-8-10,3,False
S01,S01,1151,1151,L1-full,261,10-13-15,3,False
S01,S01,1151,1151,L1-full,262,2-11,2,False
S01,S01,1151,1151,L1-full,263,0-8-14,3,False
S01,S01,1151,1151,L1-full,264,0-13-14,3,False
S01,S01,1151,1151,L1-full,265,5-7-11,3,False
S01,S01,1151,1151,L1-full,266,6-12-13,3,False
S01,S01,1151,1151,L1-full,267,6-12-15,3,False
S01,S01,1151,1151,L1-full,268,7-10-12,3,False
S01,S01,1151,1151,L1-full,269,1-12-14,3,False
S01,S01,1151,1151,L1-full,270,2-4,2,False
S01,S01,1151,1151,L1-full,271,0-3-10,3,False
S01,S01,1151,1151,L1-full,272,9-13,2,False
S01,S01,1151,1151,L1-full,273,8-13-14,3,False
S01,S01,1151,1151,L1-full,274,0-13,2,False
S01,S01,1151,1151,L1-full,275,0-10-14,3,False
S01,S01,1151,1151,L1-full,276,8-11,2,False
S01,S01,1151,1151,L1-full,277,2-6-8,3,False
S01,S01,1151,1151,L1-full,278,4-8-9,3,False
S01,S01,1151,1151,L1-full,279,0-4-11,3,False
S01,S01,1151,1151,L1-full,280,3-5-6,3,False
S01,S01,1151,1151,L1-full,281,4-8-12,3,False
S01,S01,1151,1151,L1-full,282,6-11-15,3,False
S01,S01,1151,1151,L1-full,283,3-11-15,3,False
S01,S01,1151,1151,L1-full,284,9-10-13,3,False
S01,S01,1151,1151,L1-full,285,6-14-15,3,False
S01,S01,1151,1151,L1-full,286,13-14-15,3,False
S01,S01,1151,1151,L1-full,287,1-7-15,3,False
S01,S01,1151,1151,L1-full,288,0-6-13,3,False
S01,S01,1151,1151,L1-full,289,3-10-13,3,False
S01,S01,1151,1151,L1-full,290,9-11-13,3,False
S01,S01,1151,1151,L1-full,291,6-9-14,3,False
S01,S01,1151,1151,L1-full,292,1-6-7,3,False
S01,S01,1151,1151,L1-full,293,3-8-11,3,False
S01,S01,1151,1151,L1-full,294,8-11-12,3,False
S01,S01,1151,1151,L1-full,295,3-8-10,3,False
S01,S01,1151,1151,L1-full,296,1-4-5,3,False
S01,S01,1151,1151,L1-full,297,7-9-11,3,False
S01,S01,1151,1151,L1-full,298,8-11-15,3,False
S01,S01,1151,1151,L1-full,299,0-6-9,3,False
S01,S01,1151,1151,L1-full,300,7-9-15,3,False
S01,S01,1151,1151,L1-full,301,3-9-14,3,False
S01,S01,1151,1151,L1-full,302,3-8-14,3,False
S01,S01,1151,1151,L1-full,303,3-9-11,3,False
S01,S01,1151,1151,L1-full,304,10-14,2,False
S01,S01,1151,1151,L1-top8,1,0-1,2,True
S01,S01,1151,1151,L1-top8,2,2-3,2,True
S01,S01,1151,1151,L1-top8,3,4-5,2,True
S01,S01,1151,1151,L1-top8,4,0-4-10,3,False
S01,S01,1151,1151,L1-top8,5,0-3-9,3,False
S01,S01,1151,1151,L1-top8,6,5-10-11,3,False
S01,S01,1151,1151,L1-top8,7,5-8-10,3,False
S01,S01,1151,1151,L1-top8,8,3-14,2,False
S01,S01,1151,1151,L1-match,1,0-1,2,True
S01,S01,1151,1151,L1-match,2,2-3,2,True
S01,S01,1151,1151,L1-match,3,4-5,2,True
S01,S01,1151,1151,SHIL-k8,1,0-1,2,True
S01,S01,1151,1151,SHIL-k8,2,2-3,2,True
S01,S01,1151,1151,SHIL-k8,3,4-5,2,True
S01,S01,1151,1151,SHIL-k8,4,2-11,2,False
S01,S01,1151,1151,SHIL-k8,5,1-2-13,3,False
S01,S01,1151,1151,SHIL-k8,6,9-10-15,3,False
S01,S01,1151,1151,SHIL-k8,7,2-7-8,3,False
S01,S01,1151,1151,SHIL-k8,8,11-13,2,False
S01,S01,1151,1151,SC-L1,1,0-1,2,True
S01,S01,1151,1151,SC-L1,2,2-3,2,True
S01,S01,1151,1151,SC-L1,3,4-5,2,True
S01,S01,1151,1151,SC-SHIL,1,0-1,2,True
S01,S01,1151,1151,SC-SHIL,2,2-3,2,True
S01,S01,1151,1151,SC-SHIL,3,4-5,2,True
S01,S01,1171,1171,L1-full,1,0-1,2,True
S01,S01,1171,1171,L1-full,2,2-3,2,True
S01,S01,1171,1171,L1-full,3,4-5,2,True
S01,S01,1171,1171,L1-full,4,3-4-8,3,False
S01,S01,1171,1171,L1-full,5,5-12-14,3,False
S01,S01,1171,1171,L1-full,6,6-7-11,3,False
S01,S01,1171,1171,L1-full,7,7-9-11,3,False
S01,S01,1171,1171,L1-full,8,5-12,2,False
S01,S01,1171,1171,L1-full,9,8-9-12,3,False
S01,S01,1171,1171,L1-full,10,6-9-11,3,False
S01,S01,1171,1171,L1-full,11,7-13,2,False
S01,S01,1171,1171,L1-full,12,5-6-8,3,False
S01,S01,1171,1171,L1-full,13,8-12-13,3,False
S01,S01,1171,1171,L1-full,14,9-14,2,False
S01,S01,1171,1171,L1-full,15,5-11-13,3,False
S01,S01,1171,1171,L1-full,16,6-11-15,3,False
S01,S01,1171,1171,L1-full,17,7-11,2,False
S01,S01,1171,1171,L1-full,18,1-2-6,3,False
S01,S01,1171,1171,L1-full,19,6-11,2,False
S01,S01,1171,1171,L1-full,20,12-14-15,3,False
S01,S01,1171,1171,L1-full,21,1-4-12,3,False
S01,S01,1171,1171,L1-full,22,7-9-12,3,False
S01,S01,1171,1171,L1-full,23,5-6,2,False
S01,S01,1171,1171,L1-full,24,6-8-10,3,False
S01,S01,1171,1171,L1-full,25,4-13,2,False
S01,S01,1171,1171,L1-full,26,10-11-14,3,False
S01,S01,1171,1171,L1-full,27,7-9,2,False
S01,S01,1171,1171,L1-full,28,3-9-15,3,False
S01,S01,1171,1171,L1-top8,1,0-1,2,True
S01,S01,1171,1171,L1-top8,2,2-3,2,True
S01,S01,1171,1171,L1-top8,3,4-5,2,True
S01,S01,1171,1171,L1-top8,4,3-4-8,3,False
S01,S01,1171,1171,L1-top8,5,5-12-14,3,False
S01,S01,1171,1171,L1-top8,6,6-7-11,3,False
S01,S01,1171,1171,L1-top8,7,7-9-11,3,False
S01,S01,1171,1171,L1-top8,8,5-12,2,False
S01,S01,1171,1171,L1-match,1,0-1,2,True
S01,S01,1171,1171,L1-match,2,2-3,2,True
S01,S01,1171,1171,L1-match,3,4-5,2,True
S01,S01,1171,1171,SHIL-k8,1,0-1,2,True
S01,S01,1171,1171,SHIL-k8,2,2-3,2,True
S01,S01,1171,1171,SHIL-k8,3,4-5,2,True
S01,S01,1171,1171,SHIL-k8,4,0-4-13,3,False
S01,S01,1171,1171,SHIL-k8,5,3-5-10,3,False
S01,S01,1171,1171,SHIL-k8,6,0-2-7,3,False
S01,S01,1171,1171,SHIL-k8,7,5-12-14,3,False
S01,S01,1171,1171,SHIL-k8,8,5-10-13,3,False
S01,S01,1171,1171,SC-L1,1,0-1,2,True
S01,S01,1171,1171,SC-L1,2,2-3,2,True
S01,S01,1171,1171,SC-L1,3,4-5,2,True
S01,S01,1171,1171,SC-SHIL,1,0-1,2,True
S01,S01,1171,1171,SC-SHIL,2,2-3,2,True
S01,S01,1171,1171,SC-SHIL,3,4-5,2,True
S01,S01,1181,1181,L1-full,1,0-1,2,True
S01,S01,1181,1181,L1-full,2,2-3,2,True
S01,S01,1181,1181,L1-full,3,4-5,2,True
S01,S01,1181,1181,L1-full,4,2-6-11,3,False
S01,S01,1181,1181,L1-full,5,1-13-14,3,False
S01,S01,1181,1181,L1-full,6,10-12-15,3,False
S01,S01,1181,1181,L1-full,7,3-14-15,3,False
S01,S01,1181,1181,L1-full,8,9-14-15,3,False
S01,S01,1181,1181,L1-full,9,6-14-15,3,False
S01,S01,1181,1181,L1-full,10,3-11-12,3,False
S01,S01,1181,1181,L1-full,11,2-12-15,3,False
S01,S01,1181,1181,L1-full,12,2-10-15,3,False
S01,S01,1181,1181,L1-full,13,8-11-13,3,False
S01,S01,1181,1181,L1-full,14,8-10-12,3,False
S01,S01,1181,1181,L1-full,15,8-14,2,False
S01,S01,1181,1181,L1-full,16,5-12-13,3,False
S01,S01,1181,1181,L1-full,17,8-13-15,3,False
S01,S01,1181,1181,L1-full,18,5-10-11,3,False
S01,S01,1181,1181,L1-full,19,10-13,2,False
S01,S01,1181,1181,L1-full,20,0-6-12,3,False
S01,S01,1181,1181,L1-full,21,1-12-15,3,False
S01,S01,1181,1181,L1-full,22,9-13-15,3,False
S01,S01,1181,1181,L1-full,23,4-8-11,3,False
S01,S01,1181,1181,L1-full,24,4-11-14,3,False
S01,S01,1181,1181,L1-full,25,0-2-9,3,False
S01,S01,1181,1181,L1-full,26,7-10-12,3,False
S01,S01,1181,1181,L1-full,27,4-8,2,False
S01,S01,1181,1181,L1-full,28,8-9-10,3,False
S01,S01,1181,1181,L1-full,29,9-13-14,3,False
S01,S01,1181,1181,L1-full,30,0-6-14,3,False
S01,S01,1181,1181,L1-full,31,10-11-13,3,False
S01,S01,1181,1181,L1-full,32,7-11-13,3,False
S01,S01,1181,1181,L1-full,33,4-6,2,False
S01,S01,1181,1181,L1-full,34,3-11-15,3,False
S01,S01,1181,1181,L1-full,35,0-7-9,3,False
S01,S01,1181,1181,L1-full,36,4-8-14,3,False
S01,S01,1181,1181,L1-full,37,6-7-9,3,False
S01,S01,1181,1181,L1-full,38,3-9-13,3,False
S01,S01,1181,1181,L1-top8,1,0-1,2,True
S01,S01,1181,1181,L1-top8,2,2-3,2,True
S01,S01,1181,1181,L1-top8,3,4-5,2,True
S01,S01,1181,1181,L1-top8,4,2-6-11,3,False
S01,S01,1181,1181,L1-top8,5,1-13-14,3,False
S01,S01,1181,1181,L1-top8,6,10-12-15,3,False
S01,S01,1181,1181,L1-top8,7,3-14-15,3,False
S01,S01,1181,1181,L1-top8,8,9-14-15,3,False
S01,S01,1181,1181,L1-match,1,0-1,2,True
S01,S01,1181,1181,L1-match,2,2-3,2,True
S01,S01,1181,1181,L1-match,3,4-5,2,True
S01,S01,1181,1181,SHIL-k8,1,0-1,2,True
S01,S01,1181,1181,SHIL-k8,2,2-3,2,True
S01,S01,1181,1181,SHIL-k8,3,4-5,2,True
S01,S01,1181,1181,SHIL-k8,4,2-9-13,3,False
S01,S01,1181,1181,SHIL-k8,5,1-5-6,3,False
S01,S01,1181,1181,SHIL-k8,6,8-9-10,3,False
S01,S01,1181,1181,SHIL-k8,7,9-15,2,False
S01,S01,1181,1181,SHIL-k8,8,2-10-15,3,False
S01,S01,1181,1181,SC-L1,1,0-1,2,True
S01,S01,1181,1181,SC-L1,2,2-3,2,True
S01,S01,1181,1181,SC-L1,3,4-5,2,True
S01,S01,1181,1181,SC-SHIL,1,0-1,2,True
S01,S01,1181,1181,SC-SHIL,2,2-3,2,True
S01,S01,1181,1181,SC-SHIL,3,4-5,2,True
S01,S01,1201,1201,L1-full,1,0-1,2,True
S01,S01,1201,1201,L1-full,2,2-3,2,True
S01,S01,1201,1201,L1-full,3,4-5,2,True
S01,S01,1201,1201,L1-full,4,3-9-15,3,False
S01,S01,1201,1201,L1-full,5,5-6,2,False
S01,S01,1201,1201,L1-full,6,5-14,2,False
S01,S01,1201,1201,L1-full,7,4-6-7,3,False
S01,S01,1201,1201,L1-full,8,4-7-10,3,False
S01,S01,1201,1201,L1-full,9,9-12-14,3,False
S01,S01,1201,1201,L1-full,10,7-10-13,3,False
S01,S01,1201,1201,L1-full,11,4-10,2,False
S01,S01,1201,1201,L1-full,12,2-6-13,3,False
S01,S01,1201,1201,L1-full,13,7-10,2,False
S01,S01,1201,1201,L1-full,14,3-5-9,3,False
S01,S01,1201,1201,L1-full,15,12-13-14,3,False
S01,S01,1201,1201,L1-full,16,10-14,2,False
S01,S01,1201,1201,L1-full,17,11-13,2,False
S01,S01,1201,1201,L1-full,18,11-13-14,3,False
S01,S01,1201,1201,L1-full,19,10-11-15,3,False
S01,S01,1201,1201,L1-full,20,12-15,2,False
S01,S01,1201,1201,L1-full,21,7-12-15,3,False
S01,S01,1201,1201,L1-full,22,0-5-9,3,False
S01,S01,1201,1201,L1-full,23,0-4-15,3,False
S01,S01,1201,1201,L1-full,24,8-11,2,False
S01,S01,1201,1201,L1-full,25,1-3-5,3,False
S01,S01,1201,1201,L1-full,26,10-12-15,3,False
S01,S01,1201,1201,L1-full,27,4-12-13,3,False
S01,S01,1201,1201,L1-full,28,4-14,2,False
S01,S01,1201,1201,L1-full,29,5-14-15,3,False
S01,S01,1201,1201,L1-full,30,5-7,2,False
S01,S01,1201,1201,L1-full,31,6-13-15,3,False
S01,S01,1201,1201,L1-full,32,3-14-15,3,False
S01,S01,1201,1201,L1-full,33,1-3-13,3,False
S01,S01,1201,1201,L1-full,34,7-9-11,3,False
S01,S01,1201,1201,L1-full,35,2-11,2,False
S01,S01,1201,1201,L1-full,36,4-6-15,3,False
S01,S01,1201,1201,L1-full,37,7-12,2,False
S01,S01,1201,1201,L1-full,38,7-11-12,3,False
S01,S01,1201,1201,L1-full,39,5-8-12,3,False
S01,S01,1201,1201,L1-full,40,12-13,2,False
S01,S01,1201,1201,L1-full,41,1-12-14,3,False
S01,S01,1201,1201,L1-full,42,3-6-13,3,False
S01,S01,1201,1201,L1-full,43,3-9-14,3,False
S01,S01,1201,1201,L1-full,44,8-10-14,3,False
S01,S01,1201,1201,L1-top8,1,0-1,2,True
S01,S01,1201,1201,L1-top8,2,2-3,2,True
S01,S01,1201,1201,L1-top8,3,4-5,2,True
S01,S01,1201,1201,L1-top8,4,3-9-15,3,False
S01,S01,1201,1201,L1-top8,5,5-6,2,False
S01,S01,1201,1201,L1-top8,6,5-14,2,False
S01,S01,1201,1201,L1-top8,7,4-6-7,3,False
S01,S01,1201,1201,L1-top8,8,4-7-10,3,False
S01,S01,1201,1201,L1-match,1,0-1,2,True
S01,S01,1201,1201,L1-match,2,2-3,2,True
S01,S01,1201,1201,L1-match,3,4-5,2,True
S01,S01,1201,1201,SHIL-k8,1,0-1,2,True
S01,S01,1201,1201,SHIL-k8,2,2-3,2,True
S01,S01,1201,1201,SHIL-k8,3,4-5,2,True
S01,S01,1201,1201,SHIL-k8,4,0-12-15,3,False
S01,S01,1201,1201,SHIL-k8,5,5-7,2,False
S01,S01,1201,1201,SHIL-k8,6,4-9-14,3,False
S01,S01,1201,1201,SHIL-k8,7,0-5,2,False
S01,S01,1201,1201,SHIL-k8,8,8-12-13,3,False
S01,S01,1201,1201,SC-L1,1,0-1,2,True
S01,S01,1201,1201,SC-L1,2,2-3,2,True
S01,S01,1201,1201,SC-L1,3,4-5,2,True
S01,S01,1201,1201,SC-SHIL,1,0-1,2,True
S01,S01,1201,1201,SC-SHIL,2,2-3,2,True
S01,S01,1201,1201,SC-SHIL,3,4-5,2,True
S01,S01,1213,1213,L1-full,1,0-1,2,True
S01,S01,1213,1213,L1-full,2,2-3,2,True
S01,S01,1213,1213,L1-full,3,4-5,2,True
S01,S01,1213,1213,L1-full,4,9-10-11,3,False
S01,S01,1213,1213,L1-full,5,5-9-12,3,False
S01,S01,1213,1213,L1-full,6,2-7-12,3,False
S01,S01,1213,1213,L1-full,7,1-15,2,False
S01,S01,1213,1213,L1-full,8,2-6-10,3,False
S01,S01,1213,1213,L1-full,9,4-6-10,3,False
S01,S01,1213,1213,L1-full,10,5-11-12,3,False
S01,S01,1213,1213,L1-full,11,6-9-12,3,False
S01,S01,1213,1213,L1-full,12,7-12-15,3,False
S01,S01,1213,1213,L1-full,13,3-5-7,3,False
S01,S01,1213,1213,L1-full,14,10-11,2,False
S01,S01,1213,1213,L1-full,15,5-8-13,3,False
S01,S01,1213,1213,L1-full,16,6-15,2,False
S01,S01,1213,1213,L1-full,17,9-11-14,3,False
S01,S01,1213,1213,L1-full,18,8-10-14,3,False
S01,S01,1213,1213,L1-full,19,1-7-9,3,False
S01,S01,1213,1213,L1-full,20,3-6-9,3,False
S01,S01,1213,1213,L1-full,21,11-12,2,False
S01,S01,1213,1213,L1-full,22,6-7-15,3,False
S01,S01,1213,1213,L1-full,23,4-7-9,3,False
S01,S01,1213,1213,L1-full,24,0-4-12,3,False
S01,S01,1213,1213,L1-full,25,5-8-14,3,False
S01,S01,1213,1213,L1-full,26,4-6-15,3,False
S01,S01,1213,1213,L1-full,27,5-12-15,3,False
S01,S01,1213,1213,L1-full,28,4-8-13,3,False
S01,S01,1213,1213,L1-full,29,4-9,2,False
S01,S01,1213,1213,L1-full,30,5-7-12,3,False
S01,S01,1213,1213,L1-full,31,6-9-11,3,False
S01,S01,1213,1213,L1-full,32,1-10-11,3,False
S01,S01,1213,1213,L1-top8,1,0-1,2,True
S01,S01,1213,1213,L1-top8,2,2-3,2,True
S01,S01,1213,1213,L1-top8,3,4-5,2,True
S01,S01,1213,1213,L1-top8,4,9-10-11,3,False
S01,S01,1213,1213,L1-top8,5,5-9-12,3,False
S01,S01,1213,1213,L1-top8,6,2-7-12,3,False
S01,S01,1213,1213,L1-top8,7,1-15,2,False
S01,S01,1213,1213,L1-top8,8,2-6-10,3,False
S01,S01,1213,1213,L1-match,1,0-1,2,True
S01,S01,1213,1213,L1-match,2,2-3,2,True
S01,S01,1213,1213,L1-match,3,4-5,2,True
S01,S01,1213,1213,SHIL-k8,1,0-1,2,True
S01,S01,1213,1213,SHIL-k8,2,2-3,2,True
S01,S01,1213,1213,SHIL-k8,3,4-5,2,True
S01,S01,1213,1213,SHIL-k8,4,1-9-12,3,False
S01,S01,1213,1213,SHIL-k8,5,4-6-10,3,False
S01,S01,1213,1213,SHIL-k8,6,2-7-8,3,False
S01,S01,1213,1213,SHIL-k8,7,6-15,2,False
S01,S01,1213,1213,SHIL-k8,8,10-13-14,3,False
S01,S01,1213,1213,SC-L1,1,0-1,2,True
S01,S01,1213,1213,SC-L1,2,2-3,2,True
S01,S01,1213,1213,SC-L1,3,4-5,2,True
S01,S01,1213,1213,SC-SHIL,1,0-1,2,True
S01,S01,1213,1213,SC-SHIL,2,2-3,2,True
S01,S01,1213,1213,SC-SHIL,3,4-5,2,True
S01,S01,1231,1231,L1-full,1,0-1,2,True
S01,S01,1231,1231,L1-full,2,2-3,2,True
S01,S01,1231,1231,L1-full,3,4-5,2,True
S01,S01,1231,1231,L1-full,4,8-9-12,3,False
S01,S01,1231,1231,L1-full,5,8-10,2,False
S01,S01,1231,1231,L1-full,6,0-2-9,3,False
S01,S01,1231,1231,L1-full,7,1-4,2,False
S01,S01,1231,1231,L1-full,8,3-11-13,3,False
S01,S01,1231,1231,L1-full,9,1-5-7,3,False
S01,S01,1231,1231,L1-full,10,6-9-12,3,False
S01,S01,1231,1231,L1-full,11,5-10-13,3,False
S01,S01,1231,1231,L1-full,12,2-8-9,3,False
S01,S01,1231,1231,L1-full,13,6-11,2,False
S01,S01,1231,1231,L1-full,14,2-11,2,False
S01,S01,1231,1231,L1-full,15,1-8-9,3,False
S01,S01,1231,1231,L1-full,16,5-10-12,3,False
S01,S01,1231,1231,L1-full,17,2-4-11,3,False
S01,S01,1231,1231,L1-full,18,8-10-11,3,False
S01,S01,1231,1231,L1-full,19,4-11,2,False
S01,S01,1231,1231,L1-full,20,1-7-14,3,False
S01,S01,1231,1231,L1-full,21,8-9-14,3,False
S01,S01,1231,1231,L1-full,22,1-6-9,3,False
S01,S01,1231,1231,L1-full,23,10-11-15,3,False
S01,S01,1231,1231,L1-full,24,2-6-9,3,False
S01,S01,1231,1231,L1-full,25,4-11-15,3,False
S01,S01,1231,1231,L1-full,26,2-4-7,3,False
S01,S01,1231,1231,L1-full,27,0-5-6,3,False
S01,S01,1231,1231,L1-full,28,3-6-13,3,False
S01,S01,1231,1231,L1-full,29,7-9-13,3,False
S01,S01,1231,1231,L1-full,30,1-8-11,3,False
S01,S01,1231,1231,L1-full,31,1-11-13,3,False
S01,S01,1231,1231,L1-full,32,4-7-12,3,False
S01,S01,1231,1231,L1-full,33,4-8-15,3,False
S01,S01,1231,1231,L1-full,34,0-3-14,3,False
S01,S01,1231,1231,L1-full,35,1-7-11,3,False
S01,S01,1231,1231,L1-top8,1,0-1,2,True
S01,S01,1231,1231,L1-top8,2,2-3,2,True
S01,S01,1231,1231,L1-top8,3,4-5,2,True
S01,S01,1231,1231,L1-top8,4,8-9-12,3,False
S01,S01,1231,1231,L1-top8,5,8-10,2,False
S01,S01,1231,1231,L1-top8,6,0-2-9,3,False
S01,S01,1231,1231,L1-top8,7,1-4,2,False
S01,S01,1231,1231,L1-top8,8,3-11-13,3,False
S01,S01,1231,1231,L1-match,1,0-1,2,True
S01,S01,1231,1231,L1-match,2,2-3,2,True
S01,S01,1231,1231,L1-match,3,4-5,2,True
S01,S01,1231,1231,SHIL-k8,1,0-1,2,True
S01,S01,1231,1231,SHIL-k8,2,2-3,2,True
S01,S01,1231,1231,SHIL-k8,3,4-5,2,True
S01,S01,1231,1231,SHIL-k8,4,2-11,2,False
S01,S01,1231,1231,SHIL-k8,5,2-8-11,3,False
S01,S01,1231,1231,SHIL-k8,6,8-9-12,3,False
S01,S01,1231,1231,SHIL-k8,7,9-13-15,3,False
S01,S01,1231,1231,SHIL-k8,8,6-9-12,3,False
S01,S01,1231,1231,SC-L1,1,0-1,2,True
S01,S01,1231,1231,SC-L1,2,2-3,2,True
S01,S01,1231,1231,SC-L1,3,4-5,2,True
S01,S01,1231,1231,SC-SHIL,1,0-1,2,True
S01,S01,1231,1231,SC-SHIL,2,2-3,2,True
S01,S01,1231,1231,SC-SHIL,3,4-5,2,True
S01,S01,1249,1249,L1-full,1,0-1,2,True
S01,S01,1249,1249,L1-full,2,2-3,2,True
S01,S01,1249,1249,L1-full,3,4-5,2,True
S01,S01,1249,1249,L1-full,4,2-5-15,3,False
S01,S01,1249,1249,L1-full,5,2-9-14,3,False
S01,S01,1249,1249,L1-full,6,8-9-13,3,False
S01,S01,1249,1249,L1-full,7,4-10-14,3,False
S01,S01,1249,1249,L1-full,8,2-14-15,3,False
S01,S01,1249,1249,L1-full,9,3-5,2,False
S01,S01,1249,1249,L1-full,10,3-5-7,3,False
S01,S01,1249,1249,L1-full,11,1-2-11,3,False
S01,S01,1249,1249,L1-full,12,4-8-10,3,False
S01,S01,1249,1249,L1-full,13,0-7-14,3,False
S01,S01,1249,1249,L1-full,14,2-6,2,False
S01,S01,1249,1249,L1-full,15,0-3-12,3,False
S01,S01,1249,1249,L1-full,16,3-11-13,3,False
S01,S01,1249,1249,L1-full,17,0-4-11,3,False
S01,S01,1249,1249,L1-full,18,0-3-11,3,False
S01,S01,1249,1249,L1-full,19,7-11,2,False
S01,S01,1249,1249,L1-full,20,1-9-10,3,False
S01,S01,1249,1249,L1-full,21,1-13-15,3,False
S01,S01,1249,1249,L1-full,22,3-8-15,3,False
S01,S01,1249,1249,L1-full,23,1-6-11,3,False
S01,S01,1249,1249,L1-full,24,1-13,2,False
S01,S01,1249,1249,L1-full,25,7-11-12,3,False
S01,S01,1249,1249,L1-full,26,2-5-6,3,False
S01,S01,1249,1249,L1-full,27,2-7-9,3,False
S01,S01,1249,1249,L1-top8,1,0-1,2,True
S01,S01,1249,1249,L1-top8,2,2-3,2,True
S01,S01,1249,1249,L1-top8,3,4-5,2,True
S01,S01,1249,1249,L1-top8,4,2-5-15,3,False
S01,S01,1249,1249,L1-top8,5,2-9-14,3,False
S01,S01,1249,1249,L1-top8,6,8-9-13,3,False
S01,S01,1249,1249,L1-top8,7,4-10-14,3,False
S01,S01,1249,1249,L1-top8,8,2-14-15,3,False
S01,S01,1249,1249,L1-match,1,0-1,2,True
S01,S01,1249,1249,L1-match,2,2-3,2,True
S01,S01,1249,1249,L1-match,3,4-5,2,True
S01,S01,1249,1249,SHIL-k8,1,0-1,2,True
S01,S01,1249,1249,SHIL-k8,2,4-5,2,True
S01,S01,1249,1249,SHIL-k8,3,2-3,2,True
S01,S01,1249,1249,SHIL-k8,4,1-6-9,3,False
S01,S01,1249,1249,SHIL-k8,5,0-7-15,3,False
S01,S01,1249,1249,SHIL-k8,6,11-12,2,False
S01,S01,1249,1249,SHIL-k8,7,7-8-10,3,False
S01,S01,1249,1249,SHIL-k8,8,3-11,2,False
S01,S01,1249,1249,SC-L1,1,0-1,2,True
S01,S01,1249,1249,SC-L1,2,2-3,2,True
S01,S01,1249,1249,SC-L1,3,4-5,2,True
S01,S01,1249,1249,SC-SHIL,1,0-1,2,True
S01,S01,1249,1249,SC-SHIL,2,2-3,2,True
S01,S01,1249,1249,SC-SHIL,3,4-5,2,True
S01,S01,1277,1277,L1-full,1,0-1,2,True
S01,S01,1277,1277,L1-full,2,2-3,2,True
S01,S01,1277,1277,L1-full,3,4-5,2,True
S01,S01,1277,1277,L1-full,4,0-7-11,3,False
S01,S01,1277,1277,L1-full,5,9-10-14,3,False
S01,S01,1277,1277,L1-full,6,5-12-14,3,False
S01,S01,1277,1277,L1-full,7,13-15,2,False
S01,S01,1277,1277,L1-full,8,5-10-14,3,False
S01,S01,1277,1277,L1-full,9,9-13-14,3,False
S01,S01,1277,1277,L1-full,10,3-12-14,3,False
S01,S01,1277,1277,L1-full,11,3-4-14,3,False
S01,S01,1277,1277,L1-full,12,3-7-14,3,False
S01,S01,1277,1277,L1-full,13,1-8,2,False
S01,S01,1277,1277,L1-full,14,2-7-12,3,False
S01,S01,1277,1277,L1-full,15,2-12-14,3,False
S01,S01,1277,1277,L1-full,16,9-12-13,3,False
S01,S01,1277,1277,L1-full,17,6-10,2,False
S01,S01,1277,1277,L1-full,18,7-11-13,3,False
S01,S01,1277,1277,L1-full,19,5-11-12,3,False
S01,S01,1277,1277,L1-full,20,6-11-15,3,False
S01,S01,1277,1277,L1-full,21,11-13,2,False
S01,S01,1277,1277,L1-full,22,2-5,2,False
S01,S01,1277,1277,L1-full,23,1-5-14,3,False
S01,S01,1277,1277,L1-full,24,7-14,2,False
S01,S01,1277,1277,L1-full,25,9-12-15,3,False
S01,S01,1277,1277,L1-full,26,1-12-14,3,False
S01,S01,1277,1277,L1-full,27,8-9-15,3,False
S01,S01,1277,1277,L1-full,28,6-7-12,3,False
S01,S01,1277,1277,L1-full,29,5-8-14,3,False
S01,S01,1277,1277,L1-full,30,1-6-10,3,False
S01,S01,1277,1277,L1-full,31,3-10-11,3,False
S01,S01,1277,1277,L1-full,32,2-11-12,3,False
S01,S01,1277,1277,L1-full,33,3-11-14,3,False
S01,S01,1277,1277,L1-full,34,3-8-15,3,False
S01,S01,1277,1277,L1-top8,1,0-1,2,True
S01,S01,1277,1277,L1-top8,2,2-3,2,True
S01,S01,1277,1277,L1-top8,3,4-5,2,True
S01,S01,1277,1277,L1-top8,4,0-7-11,3,False
S01,S01,1277,1277,L1-top8,5,9-10-14,3,False
S01,S01,1277,1277,L1-top8,6,5-12-14,3,False
S01,S01,1277,1277,L1-top8,7,13-15,2,False
S01,S01,1277,1277,L1-top8,8,5-10-14,3,False
S01,S01,1277,1277,L1-match,1,0-1,2,True
S01,S01,1277,1277,L1-match,2,2-3,2,True
S01,S01,1277,1277,L1-match,3,4-5,2,True
S01,S01,1277,1277,SHIL-k8,1,0-1,2,True
S01,S01,1277,1277,SHIL-k8,2,2-3,2,True
S01,S01,1277,1277,SHIL-k8,3,4-5,2,True
S01,S01,1277,1277,SHIL-k8,4,4-6-15,3,False
S01,S01,1277,1277,SHIL-k8,5,0-5-14,3,False
S01,S01,1277,1277,SHIL-k8,6,5-9,2,False
S01,S01,1277,1277,SHIL-k8,7,4-11-15,3,False
S01,S01,1277,1277,SHIL-k8,8,0-10-14,3,False
S01,S01,1277,1277,SC-L1,1,0-1,2,True
S01,S01,1277,1277,SC-L1,2,2-3,2,True
S01,S01,1277,1277,SC-L1,3,4-5,2,True
S01,S01,1277,1277,SC-SHIL,1,0-1,2,True
S01,S01,1277,1277,SC-SHIL,2,2-3,2,True
S01,S01,1277,1277,SC-SHIL,3,4-5,2,True
S02,S02,1103,1103,L1-full,1,0-1-2,3,True
S02,S02,1103,1103,L1-full,2,3-4-5,3,True
S02,S02,1103,1103,L1-full,3,6-7-8,3,True
S02,S02,1103,1103,L1-full,4,5-12-14,3,False
S02,S02,1103,1103,L1-full,5,3-8-14,3,False
S02,S02,1103,1103,L1-full,6,0-9-14,3,False
S02,S02,1103,1103,L1-full,7,0-9,2,False
S02,S02,1103,1103,L1-full,8,7-10-13,3,False
S02,S02,1103,1103,L1-full,9,3-11-12,3,False
S02,S02,1103,1103,L1-full,10,4-9,2,False
S02,S02,1103,1103,L1-full,11,6-10-15,3,False
S02,S02,1103,1103,L1-full,12,8-11-13,3,False
S02,S02,1103,1103,L1-full,13,2-5-12,3,False
S02,S02,1103,1103,L1-full,14,4-6,2,False
S02,S02,1103,1103,L1-full,15,6-9-10,3,False
S02,S02,1103,1103,L1-full,16,1-3-13,3,False
S02,S02,1103,1103,L1-full,17,6-9-11,3,False
S02,S02,1103,1103,L1-full,18,7-9-15,3,False
S02,S02,1103,1103,L1-full,19,2-5-15,3,False
S02,S02,1103,1103,L1-full,20,5-12-13,3,False
S02,S02,1103,1103,L1-full,21,4-9-14,3,False
S02,S02,1103,1103,L1-full,22,12-14-15,3,False
S02,S02,1103,1103,L1-full,23,9-11-15,3,False
S02,S02,1103,1103,L1-full,24,5-8-15,3,False
S02,S02,1103,1103,L1-full,25,5-6-10,3,False
S02,S02,1103,1103,L1-full,26,6-12-15,3,False
S02,S02,1103,1103,L1-full,27,9-15,2,False
S02,S02,1103,1103,L1-full,28,0-7-15,3,False
S02,S02,1103,1103,L1-full,29,10-11-15,3,False
S02,S02,1103,1103,L1-full,30,7-10-14,3,False
S02,S02,1103,1103,L1-full,31,1-4,2,False
S02,S02,1103,1103,L1-full,32,2-14,2,False
S02,S02,1103,1103,L1-full,33,6-8-15,3,False
S02,S02,1103,1103,L1-full,34,4-7-13,3,False
S02,S02,1103,1103,L1-full,35,1-10,2,False
S02,S02,1103,1103,L1-full,36,4-11-14,3,False
S02,S02,1103,1103,L1-full,37,13-14,2,False
S02,S02,1103,1103,L1-full,38,4-11-12,3,False
S02,S02,1103,1103,L1-full,39,3-6-13,3,False
S02,S02,1103,1103,L1-full,40,0-3-7,3,False
S02,S02,1103,1103,L1-full,41,0-12,2,False
S02,S02,1103,1103,L1-full,42,1-11-15,3,False
S02,S02,1103,1103,L1-full,43,1-8-14,3,False
S02,S02,1103,1103,L1-full,44,5-7-12,3,False
S02,S02,1103,1103,L1-full,45,3-11,2,False
S02,S02,1103,1103,L1-full,46,2-3-7,3,False
S02,S02,1103,1103,L1-full,47,7-12-15,3,False
S02,S02,1103,1103,L1-top8,1,0-1-2,3,True
S02,S02,1103,1103,L1-top8,2,3-4-5,3,True
S02,S02,1103,1103,L1-top8,3,6-7-8,3,True
S02,S02,1103,1103,L1-top8,4,5-12-14,3,False
S02,S02,1103,1103,L1-top8,5,3-8-14,3,False
S02,S02,1103,1103,L1-top8,6,0-9-14,3,False
S02,S02,1103,1103,L1-top8,7,0-9,2,False
S02,S02,1103,1103,L1-top8,8,7-10-13,3,False
S02,S02,1103,1103,L1-match,1,0-1-2,3,True
S02,S02,1103,1103,L1-match,2,3-4-5,3,True
S02,S02,1103,1103,L1-match,3,6-7-8,3,True
S02,S02,1103,1103,SHIL-k8,1,0-1-2,3,True
S02,S02,1103,1103,SHIL-k8,2,3-4-5,3,True
S02,S02,1103,1103,SHIL-k8,3,6-7-8,3,True
S02,S02,1103,1103,SHIL-k8,4,5-6-10,3,False
S02,S02,1103,1103,SHIL-k8,5,4-9,2,False
S02,S02,1103,1103,SHIL-k8,6,1-2-13,3,False
S02,S02,1103,1103,SHIL-k8,7,2-6-12,3,False
S02,S02,1103,1103,SHIL-k8,8,0-9-14,3,False
S02,S02,1103,1103,SC-L1,1,0-1-2,3,True
S02,S02,1103,1103,SC-L1,2,3-4-5,3,True
S02,S02,1103,1103,SC-L1,3,6-7-8,3,True
S02,S02,1103,1103,SC-SHIL,1,0-1-2,3,True
S02,S02,1103,1103,SC-SHIL,2,3-4-5,3,True
S02,S02,1103,1103,SC-SHIL,3,6-7-8,3,True
S02,S02,1129,1129,L1-full,1,3-4-5,3,True
S02,S02,1129,1129,L1-full,2,0-1-2,3,True
S02,S02,1129,1129,L1-full,3,6-7-8,3,True
S02,S02,1129,1129,L1-full,4,8-12-15,3,False
S02,S02,1129,1129,L1-full,5,6-11-14,3,False
S02,S02,1129,1129,L1-full,6,0-13-15,3,False
S02,S02,1129,1129,L1-full,7,2-10-12,3,False
S02,S02,1129,1129,L1-full,8,7-8-15,3,False
S02,S02,1129,1129,L1-full,9,2-4,2,False
S02,S02,1129,1129,L1-full,10,12-14-15,3,False
S02,S02,1129,1129,L1-full,11,4-9-13,3,False
S02,S02,1129,1129,L1-full,12,3-11,2,False
S02,S02,1129,1129,L1-full,13,4-6-9,3,False
S02,S02,1129,1129,L1-full,14,2-6-12,3,False
S02,S02,1129,1129,L1-full,15,3-11-13,3,False
S02,S02,1129,1129,L1-full,16,8-12-13,3,False
S02,S02,1129,1129,L1-full,17,4-11-15,3,False
S02,S02,1129,1129,L1-full,18,2-3-7,3,False
S02,S02,1129,1129,L1-full,19,6-12-14,3,False
S02,S02,1129,1129,L1-full,20,1-8-10,3,False
S02,S02,1129,1129,L1-full,21,8-10-12,3,False
S02,S02,1129,1129,L1-full,22,1-3-11,3,False
S02,S02,1129,1129,L1-full,23,5-7-15,3,False
S02,S02,1129,1129,L1-full,24,8-9-13,3,False
S02,S02,1129,1129,L1-full,25,13-14-15,3,False
S02,S02,1129,1129,L1-full,26,4-8-9,3,False
S02,S02,1129,1129,L1-full,27,2-7-9,3,False
S02,S02,1129,1129,L1-full,28,8-10-15,3,False
S02,S02,1129,1129,L1-full,29,11-13-14,3,False
S02,S02,1129,1129,L1-full,30,6-13-15,3,False
S02,S02,1129,1129,L1-full,31,4-11-12,3,False
S02,S02,1129,1129,L1-full,32,0-7-11,3,False
S02,S02,1129,1129,L1-full,33,11-12,2,False
S02,S02,1129,1129,L1-full,34,2-6-13,3,False
S02,S02,1129,1129,L1-full,35,9-12-13,3,False
S02,S02,1129,1129,L1-full,36,2-8-13,3,False
S02,S02,1129,1129,L1-full,37,0-1-11,3,False
S02,S02,1129,1129,L1-full,38,2-9-14,3,False
S02,S02,1129,1129,L1-full,39,3-8-11,3,False
S02,S02,1129,1129,L1-full,40,6-14-15,3,False
S02,S02,1129,1129,L1-full,41,3-8-14,3,False
S02,S02,1129,1129,L1-full,42,4-10-14,3,False
S02,S02,1129,1129,L1-full,43,0-6-12,3,False
S02,S02,1129,1129,L1-full,44,9-11-15,3,False
S02,S02,1129,1129,L1-full,45,8-9-10,3,False
S02,S02,1129,1129,L1-full,46,1-4-14,3,False
S02,S02,1129,1129,L1-full,47,3-5,2,False
S02,S02,1129,1129,L1-full,48,0-2-10,3,False
S02,S02,1129,1129,L1-full,49,5-6-10,3,False
S02,S02,1129,1129,L1-full,50,3-4,2,False
S02,S02,1129,1129,L1-top8,1,3-4-5,3,True
S02,S02,1129,1129,L1-top8,2,0-1-2,3,True
S02,S02,1129,1129,L1-top8,3,6-7-8,3,True
S02,S02,1129,1129,L1-top8,4,8-12-15,3,False
S02,S02,1129,1129,L1-top8,5,6-11-14,3,False
S02,S02,1129,1129,L1-top8,6,0-13-15,3,False
S02,S02,1129,1129,L1-top8,7,2-10-12,3,False
S02,S02,1129,1129,L1-top8,8,7-8-15,3,False
S02,S02,1129,1129,L1-match,1,3-4-5,3,True
S02,S02,1129,1129,L1-match,2,0-1-2,3,True
S02,S02,1129,1129,L1-match,3,6-7-8,3,True
S02,S02,1129,1129,SHIL-k8,1,3-4-5,3,True
S02,S02,1129,1129,SHIL-k8,2,0-1-2,3,True
S02,S02,1129,1129,SHIL-k8,3,6-7-8,3,True
S02,S02,1129,1129,SHIL-k8,4,7-12-14,3,False
S02,S02,1129,1129,SHIL-k8,5,3-14-15,3,False
S02,S02,1129,1129,SHIL-k8,6,2-10-12,3,False
S02,S02,1129,1129,SHIL-k8,7,3-4-10,3,False
S02,S02,1129,1129,SHIL-k8,8,0-3-5,3,False
S02,S02,1129,1129,SC-L1,1,0-1-2,3,True
S02,S02,1129,1129,SC-L1,2,3-4-5,3,True
S02,S02,1129,1129,SC-L1,3,6-7-8,3,True
S02,S02,1129,1129,SC-SHIL,1,0-1-2,3,True
S02,S02,1129,1129,SC-SHIL,2,3-4-5,3,True
S02,S02,1129,1129,SC-SHIL,3,6-7-8,3,True
S02,S02,1151,1151,L1-full,1,0-1-2,3,True
S02,S02,1151,1151,L1-full,2,3-4-5,3,True
S02,S02,1151,1151,L1-full,3,6-7-8,3,True
S02,S02,1151,1151,L1-full,4,0-3-5,3,False
S02,S02,1151,1151,L1-full,5,5-11-14,3,False
S02,S02,1151,1151,L1-full,6,2-3-12,3,False
S02,S02,1151,1151,L1-full,7,1-3,2,False
S02,S02,1151,1151,L1-full,8,3-5-13,3,False
S02,S02,1151,1151,L1-full,9,4-8-11,3,False
S02,S02,1151,1151,L1-full,10,4-11,2,False
S02,S02,1151,1151,L1-full,11,11-15,2,False
S02,S02,1151,1151,L1-full,12,1-2-12,3,False
S02,S02,1151,1151,L1-full,13,7-11-15,3,False
S02,S02,1151,1151,L1-full,14,12-13,2,False
S02,S02,1151,1151,L1-full,15,3-14,2,False
S02,S02,1151,1151,L1-full,16,4-6-9,3,False
S02,S02,1151,1151,L1-full,17,5-9-12,3,False
S02,S02,1151,1151,L1-full,18,4-12-14,3,False
S02,S02,1151,1151,L1-full,19,9-11-13,3,False
S02,S02,1151,1151,L1-full,20,10-11-15,3,False
S02,S02,1151,1151,L1-full,21,0-4-10,3,False
S02,S02,1151,1151,L1-full,22,9-10-11,3,False
S02,S02,1151,1151,L1-full,23,6-9-12,3,False
S02,S02,1151,1151,L1-full,24,3-6-13,3,False
S02,S02,1151,1151,L1-full,25,5-6-9,3,False
S02,S02,1151,1151,L1-full,26,7-12,2,False
S02,S02,1151,1151,L1-full,27,12-14,2,False
S02,S02,1151,1151,L1-full,28,3-8-15,3,False
S02,S02,1151,1151,L1-full,29,1-6-9,3,False
S02,S02,1151,1151,L1-full,30,2-5,2,False
S02,S02,1151,1151,L1-full,31,9-12,2,False
S02,S02,1151,1151,L1-full,32,3-9-12,3,False
S02,S02,1151,1151,L1-full,33,4-9-13,3,False
S02,S02,1151,1151,L1-full,34,6-7-15,3,False
S02,S02,1151,1151,L1-full,35,4-9-15,3,False
S02,S02,1151,1151,L1-full,36,7-9-15,3,False
S02,S02,1151,1151,L1-full,37,1-12-14,3,False
S02,S02,1151,1151,L1-full,38,11-12,2,False
S02,S02,1151,1151,L1-full,39,0-1-9,3,False
S02,S02,1151,1151,L1-full,40,3-10-13,3,False
S02,S02,1151,1151,L1-full,41,3-11-14,3,False
S02,S02,1151,1151,L1-full,42,9-14,2,False
S02,S02,1151,1151,L1-full,43,7-10-14,3,False
S02,S02,1151,1151,L1-full,44,2-4-8,3,False
S02,S02,1151,1151,L1-full,45,2-7-15,3,False
S02,S02,1151,1151,L1-full,46,8-11,2,False
S02,S02,1151,1151,L1-full,47,2-9-15,3,False
S02,S02,1151,1151,L1-full,48,1-13-14,3,False
S02,S02,1151,1151,L1-full,49,3-9,2,False
S02,S02,1151,1151,L1-full,50,3-8,2,False
S02,S02,1151,1151,L1-full,51,2-13-14,3,False
S02,S02,1151,1151,L1-full,52,5-7-11,3,False
S02,S02,1151,1151,L1-full,53,9-12-13,3,False
S02,S02,1151,1151,L1-full,54,1-5-12,3,False
S02,S02,1151,1151,L1-full,55,0-10-11,3,False
S02,S02,1151,1151,L1-full,56,3-7-11,3,False
S02,S02,1151,1151,L1-full,57,0-5-10,3,False
S02,S02,1151,1151,L1-full,58,3-10,2,False
S02,S02,1151,1151,L1-full,59,0-2-8,3,False
S02,S02,1151,1151,L1-full,60,3-7-13,3,False
S02,S02,1151,1151,L1-full,61,11-12-13,3,False
S02,S02,1151,1151,L1-full,62,4-9-12,3,False
S02,S02,1151,1151,L1-full,63,1-2,2,False
S02,S02,1151,1151,L1-full,64,5-10-15,3,False
S02,S02,1151,1151,L1-full,65,4-8-14,3,False
S02,S02,1151,1151,L1-full,66,10-13-14,3,False
S02,S02,1151,1151,L1-full,67,0-4-13,3,False
S02,S02,1151,1151,L1-full,68,1-11-13,3,False
S02,S02,1151,1151,L1-full,69,2-11-13,3,False
S02,S02,1151,1151,L1-full,70,0-8-10,3,False
S02,S02,1151,1151,L1-full,71,0-9-14,3,False
S02,S02,1151,1151,L1-full,72,5-13-14,3,False
S02,S02,1151,1151,L1-top8,1,0-1-2,3,True
S02,S02,1151,1151,L1-top8,2,3-4-5,3,True
S02,S02,1151,1151,L1-top8,3,6-7-8,3,True
S02,S02,1151,1151,L1-top8,4,0-3-5,3,False
S02,S02,1151,1151,L1-top8,5,5-11-14,3,False
S02,S02,1151,1151,L1-top8,6,2-3-12,3,False
S02,S02,1151,1151,L1-top8,7,1-3,2,False
S02,S02,1151,1151,L1-top8,8,3-5-13,3,False
S02,S02,1151,1151,L1-match,1,0-1-2,3,True
S02,S02,1151,1151,L1-match,2,3-4-5,3,True
S02,S02,1151,1151,L1-match,3,6-7-8,3,True
S02,S02,1151,1151,SHIL-k8,1,0-1-2,3,True
S02,S02,1151,1151,SHIL-k8,2,3-4-5,3,True
S02,S02,1151,1151,SHIL-k8,3,6-7-8,3,True
S02,S02,1151,1151,SHIL-k8,4,1-4-9,3,False
S02,S02,1151,1151,SHIL-k8,5,6-14,2,False
S02,S02,1151,1151,SHIL-k8,6,4-7-9,3,False
S02,S02,1151,1151,SHIL-k8,7,2-11-13,3,False
S02,S02,1151,1151,SHIL-k8,8,2-3-9,3,False
S02,S02,1151,1151,SC-L1,1,0-1-2,3,True
S02,S02,1151,1151,SC-L1,2,3-4-5,3,True
S02,S02,1151,1151,SC-L1,3,6-7-8,3,True
S02,S02,1151,1151,SC-SHIL,1,0-1-2,3,True
S02,S02,1151,1151,SC-SHIL,2,3-4-5,3,True
S02,S02,1151,1151,SC-SHIL,3,6-7-8,3,True
S02,S02,1171,1171,L1-full,1,0-1-2,3,True
S02,S02,1171,1171,L1-full,2,3-4-5,3,True
S02,S02,1171,1171,L1-full,3,6-7-8,3,True
S02,S02,1171,1171,L1-full,4,0-1,2,False
S02,S02,1171,1171,L1-full,5,7-12-15,3,False
S02,S02,1171,1171,L1-full,6,13-14-15,3,False
S02,S02,1171,1171,L1-full,7,2-10-14,3,False
S02,S02,1171,1171,L1-full,8,0-8-14,3,False
S02,S02,1171,1171,L1-full,9,8-12,2,False
S02,S02,1171,1171,L1-full,10,9-11,2,False
S02,S02,1171,1171,L1-full,11,2-5-8,3,False
S02,S02,1171,1171,L1-full,12,1-10-13,3,False
S02,S02,1171,1171,L1-full,13,6-8,2,False
S02,S02,1171,1171,L1-full,14,0-6-10,3,False
S02,S02,1171,1171,L1-full,15,3-6-10,3,False
S02,S02,1171,1171,L1-full,16,0-8,2,False
S02,S02,1171,1171,L1-full,17,8-13-15,3,False
S02,S02,1171,1171,L1-full,18,7-10-14,3,False
S02,S02,1171,1171,L1-full,19,3-7-13,3,False
S02,S02,1171,1171,L1-full,20,3-6-12,3,False
S02,S02,1171,1171,L1-full,21,7-12,2,False
S02,S02,1171,1171,L1-full,22,0-7-11,3,False
S02,S02,1171,1171,L1-full,23,7-8-9,3,False
S02,S02,1171,1171,L1-full,24,7-11-14,3,False
S02,S02,1171,1171,L1-full,25,4-7-9,3,False
S02,S02,1171,1171,L1-full,26,1-6-9,3,False
S02,S02,1171,1171,L1-full,27,12-13,2,False
S02,S02,1171,1171,L1-full,28,3-12-14,3,False
S02,S02,1171,1171,L1-full,29,0-5-6,3,False
S02,S02,1171,1171,L1-full,30,3-6-9,3,False
S02,S02,1171,1171,L1-full,31,6-11-15,3,False
S02,S02,1171,1171,L1-full,32,3-10-12,3,False
S02,S02,1171,1171,L1-full,33,3-7-9,3,False
S02,S02,1171,1171,L1-full,34,2-4-13,3,False
S02,S02,1171,1171,L1-full,35,5-11-12,3,False
S02,S02,1171,1171,L1-full,36,9-12,2,False
S02,S02,1171,1171,L1-full,37,10-13,2,False
S02,S02,1171,1171,L1-full,38,1-8-12,3,False
S02,S02,1171,1171,L1-full,39,6-9-11,3,False
S02,S02,1171,1171,L1-full,40,2-4-8,3,False
S02,S02,1171,1171,L1-full,41,9-10-13,3,False
S02,S02,1171,1171,L1-full,42,1-5-9,3,False
S02,S02,1171,1171,L1-full,43,3-13,2,False
S02,S02,1171,1171,L1-full,44,5-9,2,False
S02,S02,1171,1171,L1-full,45,8-13-14,3,False
S02,S02,1171,1171,L1-full,46,0-11-14,3,False
S02,S02,1171,1171,L1-full,47,9-12-15,3,False
S02,S02,1171,1171,L1-full,48,6-11,2,False
S02,S02,1171,1171,L1-full,49,3-11-12,3,False
S02,S02,1171,1171,L1-full,50,6-9-10,3,False
S02,S02,1171,1171,L1-full,51,7-10-11,3,False
S02,S02,1171,1171,L1-full,52,9-10-15,3,False
S02,S02,1171,1171,L1-full,53,0-14-15,3,False
S02,S02,1171,1171,L1-full,54,6-12-15,3,False
S02,S02,1171,1171,L1-full,55,0-6,2,False
S02,S02,1171,1171,L1-full,56,0-2-10,3,False
S02,S02,1171,1171,L1-full,57,4-6-9,3,False
S02,S02,1171,1171,L1-full,58,7-11-15,3,False
S02,S02,1171,1171,L1-full,59,3-15,2,False
S02,S02,1171,1171,L1-full,60,3-5,2,False
S02,S02,1171,1171,L1-top8,1,0-1-2,3,True
S02,S02,1171,1171,L1-top8,2,3-4-5,3,True
S02,S02,1171,1171,L1-top8,3,6-7-8,3,True
S02,S02,1171,1171,L1-top8,4,0-1,2,False
S02,S02,1171,1171,L1-top8,5,7-12-15,3,False
S02,S02,1171,1171,L1-top8,6,13-14-15,3,False
S02,S02,1171,1171,L1-top8,7,2-10-14,3,False
S02,S02,1171,1171,L1-top8,8,0-8-14,3,False
S02,S02,1171,1171,L1-match,1,0-1-2,3,True
S02,S02,1171,1171,L1-match,2,3-4-5,3,True
S02,S02,1171,1171,L1-match,3,6-7-8,3,True
S02,S02,1171,1171,SHIL-k8,1,0-1-2,3,True
S02,S02,1171,1171,SHIL-k8,2,3-4-5,3,True
S02,S02,1171,1171,SHIL-k8,3,6-7-8,3,True
S02,S02,1171,1171,SHIL-k8,4,5-8-14,3,False
S02,S02,1171,1171,SHIL-k8,5,5-11-14,3,False
S02,S02,1171,1171,SHIL-k8,6,1-12-14,3,False
S02,S02,1171,1171,SHIL-k8,7,1-3-13,3,False
S02,S02,1171,1171,SHIL-k8,8,2-5-9,3,False
S02,S02,1171,1171,SC-L1,1,0-1-2,3,True
S02,S02,1171,1171,SC-L1,2,3-4-5,3,True
S02,S02,1171,1171,SC-L1,3,6-7-8,3,True
S02,S02,1171,1171,SC-SHIL,1,0-1-2,3,True
S02,S02,1171,1171,SC-SHIL,2,3-4-5,3,True
S02,S02,1171,1171,SC-SHIL,3,6-7-8,3,True
S02,S02,1181,1181,L1-full,1,0-1-2,3,True
S02,S02,1181,1181,L1-full,2,3-4-5,3,True
S02,S02,1181,1181,L1-full,3,6-7-8,3,True
S02,S02,1181,1181,L1-full,4,11-12-14,3,False
S02,S02,1181,1181,L1-full,5,5-14,2,False
S02,S02,1181,1181,L1-full,6,1-10-12,3,False
S02,S02,1181,1181,L1-full,7,5-15,2,False
S02,S02,1181,1181,L1-full,8,1-13-14,3,False
S02,S02,1181,1181,L1-full,9,2-8-9,3,False
S02,S02,1181,1181,L1-full,10,2-10-15,3,False
S02,S02,1181,1181,L1-full,11,7-8,2,False
S02,S02,1181,1181,L1-full,12,2-9-13,3,False
S02,S02,1181,1181,L1-full,13,2-9-14,3,False
S02,S02,1181,1181,L1-full,14,0-10-14,3,False
S02,S02,1181,1181,L1-full,15,6-14,2,False
S02,S02,1181,1181,L1-full,16,2-4-10,3,False
S02,S02,1181,1181,L1-full,17,1-5-13,3,False
S02,S02,1181,1181,L1-full,18,0-7,2,False
S02,S02,1181,1181,L1-full,19,10-11-12,3,False
S02,S02,1181,1181,L1-full,20,4-15,2,False
S02,S02,1181,1181,L1-full,21,6-10,2,False
S02,S02,1181,1181,L1-full,22,2-6-14,3,False
S02,S02,1181,1181,L1-full,23,3-5-15,3,False
S02,S02,1181,1181,L1-full,24,13-14-15,3,False
S02,S02,1181,1181,L1-full,25,4-9-11,3,False
S02,S02,1181,1181,L1-full,26,10-15,2,False
S02,S02,1181,1181,L1-full,27,1-5-7,3,False
S02,S02,1181,1181,L1-full,28,1-8-9,3,False
S02,S02,1181,1181,L1-full,29,5-6,2,False
S02,S02,1181,1181,L1-full,30,12-13,2,False
S02,S02,1181,1181,L1-full,31,7-11-15,3,False
S02,S02,1181,1181,L1-full,32,2-7-11,3,False
S02,S02,1181,1181,L1-full,33,0-5-9,3,False
S02,S02,1181,1181,L1-full,34,5-6-9,3,False
S02,S02,1181,1181,L1-full,35,0-4-15,3,False
S02,S02,1181,1181,L1-full,36,9-13,2,False
S02,S02,1181,1181,L1-full,37,3-13-14,3,False
S02,S02,1181,1181,L1-full,38,3-13,2,False
S02,S02,1181,1181,L1-full,39,4-11-12,3,False
S02,S02,1181,1181,L1-full,40,7-9,2,False
S02,S02,1181,1181,L1-full,41,3-7,2,False
S02,S02,1181,1181,L1-full,42,2-3-7,3,False
S02,S02,1181,1181,L1-full,43,4-8-14,3,False
S02,S02,1181,1181,L1-full,44,8-9-12,3,False
S02,S02,1181,1181,L1-full,45,3-7-12,3,False
S02,S02,1181,1181,L1-full,46,1-12-14,3,False
S02,S02,1181,1181,L1-full,47,0-3-12,3,False
S02,S02,1181,1181,L1-full,48,8-9-10,3,False
S02,S02,1181,1181,L1-full,49,0-14-15,3,False
S02,S02,1181,1181,L1-full,50,6-11-13,3,False
S02,S02,1181,1181,L1-full,51,2-8,2,False
S02,S02,1181,1181,L1-full,52,10-13-15,3,False
S02,S02,1181,1181,L1-full,53,5-10-12,3,False
S02,S02,1181,1181,L1-full,54,3-10-15,3,False
S02,S02,1181,1181,L1-full,55,2-11,2,False
S02,S02,1181,1181,L1-full,56,8-14,2,False
S02,S02,1181,1181,L1-full,57,4-11-14,3,False
S02,S02,1181,1181,L1-full,58,1-10-13,3,False
S02,S02,1181,1181,L1-full,59,9-11-15,3,False
S02,S02,1181,1181,L1-top8,1,0-1-2,3,True
S02,S02,1181,1181,L1-top8,2,3-4-5,3,True
S02,S02,1181,1181,L1-top8,3,6-7-8,3,True
S02,S02,1181,1181,L1-top8,4,11-12-14,3,False
S02,S02,1181,1181,L1-top8,5,5-14,2,False
S02,S02,1181,1181,L1-top8,6,1-10-12,3,False
S02,S02,1181,1181,L1-top8,7,5-15,2,False
S02,S02,1181,1181,L1-top8,8,1-13-14,3,False
S02,S02,1181,1181,L1-match,1,0-1-2,3,True
S02,S02,1181,1181,L1-match,2,3-4-5,3,True
S02,S02,1181,1181,L1-match,3,6-7-8,3,True
S02,S02,1181,1181,SHIL-k8,1,0-1-2,3,True
S02,S02,1181,1181,SHIL-k8,2,3-4-5,3,True
S02,S02,1181,1181,SHIL-k8,3,6-7-8,3,True
S02,S02,1181,1181,SHIL-k8,4,2-10-14,3,False
S02,S02,1181,1181,SHIL-k8,5,0-3-5,3,False
S02,S02,1181,1181,SHIL-k8,6,8-14,2,False
S02,S02,1181,1181,SHIL-k8,7,2-3-8,3,False
S02,S02,1181,1181,SHIL-k8,8,2-8,2,False
S02,S02,1181,1181,SC-L1,1,0-1-2,3,True
S02,S02,1181,1181,SC-L1,2,3-4-5,3,True
S02,S02,1181,1181,SC-L1,3,6-7-8,3,True
S02,S02,1181,1181,SC-SHIL,1,0-1-2,3,True
S02,S02,1181,1181,SC-SHIL,2,3-4-5,3,True
S02,S02,1181,1181,SC-SHIL,3,6-7-8,3,True
S02,S02,1201,1201,L1-full,1,3-4-5,3,True
S02,S02,1201,1201,L1-full,2,0-1-2,3,True
S02,S02,1201,1201,L1-full,3,6-7-8,3,True
S02,S02,1201,1201,L1-full,4,0-5-10,3,False
S02,S02,1201,1201,L1-full,5,0-13-14,3,False
S02,S02,1201,1201,L1-full,6,0-12-14,3,False
S02,S02,1201,1201,L1-full,7,2-10-15,3,False
S02,S02,1201,1201,L1-full,8,7-9-15,3,False
S02,S02,1201,1201,L1-full,9,2-13-14,3,False
S02,S02,1201,1201,L1-full,10,2-7-15,3,False
S02,S02,1201,1201,L1-full,11,11-12-15,3,False
S02,S02,1201,1201,L1-full,12,3-8-9,3,False
S02,S02,1201,1201,L1-full,13,0-3-5,3,False
S02,S02,1201,1201,L1-full,14,4-8-15,3,False
S02,S02,1201,1201,L1-full,15,4-9-14,3,False
S02,S02,1201,1201,L1-full,16,0-14,2,False
S02,S02,1201,1201,L1-full,17,6-12-15,3,False
S02,S02,1201,1201,L1-full,18,0-8-11,3,False
S02,S02,1201,1201,L1-full,19,2-3,2,False
S02,S02,1201,1201,L1-full,20,5-8,2,False
S02,S02,1201,1201,L1-full,21,8-14-15,3,False
S02,S02,1201,1201,L1-full,22,9-13-15,3,False
S02,S02,1201,1201,L1-full,23,1-8-12,3,False
S02,S02,1201,1201,L1-full,24,1-5,2,False
S02,S02,1201,1201,L1-full,25,2-5-15,3,False
S02,S02,1201,1201,L1-full,26,7-11-13,3,False
S02,S02,1201,1201,L1-full,27,4-7-10,3,False
S02,S02,1201,1201,L1-full,28,10-13-15,3,False
S02,S02,1201,1201,L1-full,29,5-10-15,3,False
S02,S02,1201,1201,L1-full,30,0-10-11,3,False
S02,S02,1201,1201,L1-full,31,11-15,2,False
S02,S02,1201,1201,L1-full,32,3-9-11,3,False
S02,S02,1201,1201,L1-full,33,2-4-13,3,False
S02,S02,1201,1201,L1-full,34,0-11-14,3,False
S02,S02,1201,1201,L1-full,35,5-6,2,False
S02,S02,1201,1201,L1-full,36,2-11,2,False
S02,S02,1201,1201,L1-full,37,0-12-13,3,False
S02,S02,1201,1201,L1-full,38,2-7-9,3,False
S02,S02,1201,1201,L1-full,39,9-13,2,False
S02,S02,1201,1201,L1-full,40,6-12-14,3,False
S02,S02,1201,1201,L1-full,41,5-7-13,3,False
S02,S02,1201,1201,L1-full,42,4-14,2,False
S02,S02,1201,1201,L1-full,43,3-13-15,3,False
S02,S02,1201,1201,L1-full,44,3-11-15,3,False
S02,S02,1201,1201,L1-full,45,3-9-12,3,False
S02,S02,1201,1201,L1-full,46,4-6-7,3,False
S02,S02,1201,1201,L1-full,47,7-10-13,3,False
S02,S02,1201,1201,L1-full,48,6-11,2,False
S02,S02,1201,1201,L1-full,49,1-3-8,3,False
S02,S02,1201,1201,L1-full,50,3-8,2,False
S02,S02,1201,1201,L1-full,51,2-5-12,3,False
S02,S02,1201,1201,L1-full,52,2-6-11,3,False
S02,S02,1201,1201,L1-full,53,10-15,2,False
S02,S02,1201,1201,L1-full,54,10-11-14,3,False
S02,S02,1201,1201,L1-full,55,3-4-11,3,False
S02,S02,1201,1201,L1-full,56,3-9,2,False
S02,S02,1201,1201,L1-full,57,12-14,2,False
S02,S02,1201,1201,L1-top8,1,3-4-5,3,True
S02,S02,1201,1201,L1-top8,2,0-1-2,3,True
S02,S02,1201,1201,L1-top8,3,6-7-8,3,True
S02,S02,1201,1201,L1-top8,4,0-5-10,3,False
S02,S02,1201,1201,L1-top8,5,0-13-14,3,False
S02,S02,1201,1201,L1-top8,6,0-12-14,3,False
S02,S02,1201,1201,L1-top8,7,2-10-15,3,False
S02,S02,1201,1201,L1-top8,8,7-9-15,3,False
S02,S02,1201,1201,L1-match,1,3-4-5,3,True
S02,S02,1201,1201,L1-match,2,0-1-2,3,True
S02,S02,1201,1201,L1-match,3,6-7-8,3,True
S02,S02,1201,1201,SHIL-k8,1,0-1-2,3,True
S02,S02,1201,1201,SHIL-k8,2,3-4-5,3,True
S02,S02,1201,1201,SHIL-k8,3,6-7-8,3,True
S02,S02,1201,1201,SHIL-k8,4,7-10,2,False
S02,S02,1201,1201,SHIL-k8,5,1-3-10,3,False
S02,S02,1201,1201,SHIL-k8,6,0-12-14,3,False
S02,S02,1201,1201,SHIL-k8,7,5-6-13,3,False
S02,S02,1201,1201,SHIL-k8,8,1-6-14,3,False
S02,S02,1201,1201,SC-L1,1,0-1-2,3,True
S02,S02,1201,1201,SC-L1,2,3-4-5,3,True
S02,S02,1201,1201,SC-L1,3,6-7-8,3,True
S02,S02,1201,1201,SC-SHIL,1,0-1-2,3,True
S02,S02,1201,1201,SC-SHIL,2,3-4-5,3,True
S02,S02,1201,1201,SC-SHIL,3,6-7-8,3,True
S02,S02,1213,1213,L1-full,1,0-1-2,3,True
S02,S02,1213,1213,L1-full,2,3-4-5,3,True
S02,S02,1213,1213,L1-full,3,6-7-8,3,True
S02,S02,1213,1213,L1-full,4,1-3-9,3,False
S02,S02,1213,1213,L1-full,5,0-4-11,3,False
S02,S02,1213,1213,L1-full,6,2-5-9,3,False
S02,S02,1213,1213,L1-full,7,0-6-12,3,False
S02,S02,1213,1213,L1-full,8,6-9-14,3,False
S02,S02,1213,1213,L1-full,9,2-11,2,False
S02,S02,1213,1213,L1-full,10,0-5-6,3,False
S02,S02,1213,1213,L1-full,11,6-8,2,False
S02,S02,1213,1213,L1-full,12,3-6-14,3,False
S02,S02,1213,1213,L1-full,13,2-5-12,3,False
S02,S02,1213,1213,L1-full,14,10-13-14,3,False
S02,S02,1213,1213,L1-full,15,7-9-15,3,False
S02,S02,1213,1213,L1-full,16,3-8-12,3,False
S02,S02,1213,1213,L1-full,17,0-2-10,3,False
S02,S02,1213,1213,L1-full,18,7-10-11,3,False
S02,S02,1213,1213,L1-full,19,10-13,2,False
S02,S02,1213,1213,L1-full,20,3-14-15,3,False
S02,S02,1213,1213,L1-full,21,3-10-13,3,False
S02,S02,1213,1213,L1-full,22,3-8-13,3,False
S02,S02,1213,1213,L1-full,23,5-11-12,3,False
S02,S02,1213,1213,L1-full,24,9-10-11,3,False
S02,S02,1213,1213,L1-full,25,3-9-14,3,False
S02,S02,1213,1213,L1-full,26,1-9-10,3,False
S02,S02,1213,1213,L1-full,27,2-7-8,3,False
S02,S02,1213,1213,L1-full,28,1-3-14,3,False
S02,S02,1213,1213,L1-full,29,4-6,2,False
S02,S02,1213,1213,L1-full,30,3-9-12,3,False
S02,S02,1213,1213,L1-full,31,4-11-12,3,False
S02,S02,1213,1213,L1-full,32,9-13-15,3,False
S02,S02,1213,1213,L1-full,33,7-14-15,3,False
S02,S02,1213,1213,L1-full,34,1-10-13,3,False
S02,S02,1213,1213,L1-full,35,1-11,2,False
S02,S02,1213,1213,L1-full,36,8-13,2,False
S02,S02,1213,1213,L1-full,37,9-10-15,3,False
S02,S02,1213,1213,L1-full,38,0-4-15,3,False
S02,S02,1213,1213,L1-full,39,8-12-15,3,False
S02,S02,1213,1213,L1-full,40,3-5-10,3,False
S02,S02,1213,1213,L1-full,41,10-12,2,False
S02,S02,1213,1213,L1-full,42,5-10-13,3,False
S02,S02,1213,1213,L1-full,43,1-5-11,3,False
S02,S02,1213,1213,L1-full,44,0-3,2,False
S02,S02,1213,1213,L1-full,45,4-7,2,False
S02,S02,1213,1213,L1-full,46,1-5-13,3,False
S02,S02,1213,1213,L1-full,47,0-14,2,False
S02,S02,1213,1213,L1-full,48,8-12,2,False
S02,S02,1213,1213,L1-full,49,11-12-15,3,False
S02,S02,1213,1213,L1-full,50,4-12,2,False
S02,S02,1213,1213,L1-full,51,3-4-6,3,False
S02,S02,1213,1213,L1-full,52,3-13,2,False
S02,S02,1213,1213,L1-full,53,3-5-11,3,False
S02,S02,1213,1213,L1-full,54,2-9-13,3,False
S02,S02,1213,1213,L1-full,55,0-9-12,3,False
S02,S02,1213,1213,L1-top8,1,0-1-2,3,True
S02,S02,1213,1213,L1-top8,2,3-4-5,3,True
S02,S02,1213,1213,L1-top8,3,6-7-8,3,True
S02,S02,1213,1213,L1-top8,4,1-3-9,3,False
S02,S02,1213,1213,L1-top8,5,0-4-11,3,False
S02,S02,1213,1213,L1-top8,6,2-5-9,3,False
S02,S02,1213,1213,L1-top8,7,0-6-12,3,False
S02,S02,1213,1213,L1-top8,8,6-9-14,3,False
S02,S02,1213,1213,L1-match,1,0-1-2,3,True
S02,S02,1213,1213,L1-match,2,3-4-5,3,True
S02,S02,1213,1213,L1-match,3,6-7-8,3,True
S02,S02,1213,1213,SHIL-k8,1,0-1-2,3,True
S02,S02,1213,1213,SHIL-k8,2,3-4-5,3,True
S02,S02,1213,1213,SHIL-k8,3,6-7-8,3,True
S02,S02,1213,1213,SHIL-k8,4,0-6-12,3,False
S02,S02,1213,1213,SHIL-k8,5,11-12-15,3,False
S02,S02,1213,1213,SHIL-k8,6,4-5-8,3,False
S02,S02,1213,1213,SHIL-k8,7,9-13-14,3,False
S02,S02,1213,1213,SHIL-k8,8,2-11,2,False
S02,S02,1213,1213,SC-L1,1,0-1-2,3,True
S02,S02,1213,1213,SC-L1,2,3-4-5,3,True
S02,S02,1213,1213,SC-L1,3,6-7-8,3,True
S02,S02,1213,1213,SC-SHIL,1,0-1-2,3,True
S02,S02,1213,1213,SC-SHIL,2,3-4-5,3,True
S02,S02,1213,1213,SC-SHIL,3,6-7-8,3,True
S02,S02,1231,1231,L1-full,1,0-1-2,3,True
S02,S02,1231,1231,L1-full,2,3-4-5,3,True
S02,S02,1231,1231,L1-full,3,6-7-8,3,True
S02,S02,1231,1231,L1-full,4,12-13,2,False
S02,S02,1231,1231,L1-full,5,5-6-12,3,False
S02,S02,1231,1231,L1-full,6,1-12-15,3,False
S02,S02,1231,1231,L1-full,7,2-5-14,3,False
S02,S02,1231,1231,L1-full,8,8-10-14,3,False
S02,S02,1231,1231,L1-full,9,11-12-15,3,False
S02,S02,1231,1231,L1-full,10,11-14-15,3,False
S02,S02,1231,1231,L1-full,11,11-13-15,3,False
S02,S02,1231,1231,L1-full,12,5-11-14,3,False
S02,S02,1231,1231,L1-full,13,6-8-9,3,False
S02,S02,1231,1231,L1-full,14,0-5-12,3,False
S02,S02,1231,1231,L1-full,15,1-5-12,3,False
S02,S02,1231,1231,L1-full,16,0-5-10,3,False
S02,S02,1231,1231,L1-full,17,0-7-15,3,False
S02,S02,1231,1231,L1-full,18,2-10-12,3,False
S02,S02,1231,1231,L1-full,19,0-8-15,3,False
S02,S02,1231,1231,L1-full,20,4-6,2,False
S02,S02,1231,1231,L1-full,21,4-8-10,3,False
S02,S02,1231,1231,L1-full,22,0-2,2,False
S02,S02,1231,1231,L1-full,23,9-13,2,False
S02,S02,1231,1231,L1-full,24,9-10-12,3,False
S02,S02,1231,1231,L1-full,25,4-9-11,3,False
S02,S02,1231,1231,L1-full,26,1-9-13,3,False
S02,S02,1231,1231,L1-full,27,11-12,2,False
S02,S02,1231,1231,L1-full,28,5-10-13,3,False
S02,S02,1231,1231,L1-full,29,2-12-13,3,False
S02,S02,1231,1231,L1-full,30,10-14-15,3,False
S02,S02,1231,1231,L1-full,31,0-10-15,3,False
S02,S02,1231,1231,L1-full,32,2-9-10,3,False
S02,S02,1231,1231,L1-full,33,0-6-15,3,False
S02,S02,1231,1231,L1-full,34,7-9-10,3,False
S02,S02,1231,1231,L1-full,35,0-8,2,False
S02,S02,1231,1231,L1-full,36,5-10-15,3,False
S02,S02,1231,1231,L1-full,37,1-8-11,3,False
S02,S02,1231,1231,L1-full,38,4-8-13,3,False
S02,S02,1231,1231,L1-full,39,10-12-14,3,False
S02,S02,1231,1231,L1-full,40,0-4-14,3,False
S02,S02,1231,1231,L1-full,41,5-10,2,False
S02,S02,1231,1231,L1-full,42,9-12-15,3,False
S02,S02,1231,1231,L1-full,43,10-13,2,False
S02,S02,1231,1231,L1-full,44,1-7-10,3,False
S02,S02,1231,1231,L1-full,45,3-10-14,3,False
S02,S02,1231,1231,L1-full,46,1-8-10,3,False
S02,S02,1231,1231,L1-full,47,2-6-14,3,False
S02,S02,1231,1231,L1-full,48,0-13-15,3,False
S02,S02,1231,1231,L1-full,49,7-10-12,3,False
S02,S02,1231,1231,L1-full,50,13-15,2,False
S02,S02,1231,1231,L1-full,51,0-3-15,3,False
S02,S02,1231,1231,L1-full,52,0-9,2,False
S02,S02,1231,1231,L1-full,53,5-7-15,3,False
S02,S02,1231,1231,L1-full,54,4-8-14,3,False
S02,S02,1231,1231,L1-full,55,0-9-12,3,False
S02,S02,1231,1231,L1-top8,1,0-1-2,3,True
S02,S02,1231,1231,L1-top8,2,3-4-5,3,True
S02,S02,1231,1231,L1-top8,3,6-7-8,3,True
S02,S02,1231,1231,L1-top8,4,12-13,2,False
S02,S02,1231,1231,L1-top8,5,5-6-12,3,False
S02,S02,1231,1231,L1-top8,6,1-12-15,3,False
S02,S02,1231,1231,L1-top8,7,2-5-14,3,False
S02,S02,1231,1231,L1-top8,8,8-10-14,3,False
S02,S02,1231,1231,L1-match,1,0-1-2,3,True
S02,S02,1231,1231,L1-match,2,3-4-5,3,True
S02,S02,1231,1231,L1-match,3,6-7-8,3,True
S02,S02,1231,1231,SHIL-k8,1,3-4-5,3,True
S02,S02,1231,1231,SHIL-k8,2,0-1-2,3,True
S02,S02,1231,1231,SHIL-k8,3,6-7-8,3,True
S02,S02,1231,1231,SHIL-k8,4,1-8-10,3,False
S02,S02,1231,1231,SHIL-k8,5,7-10,2,False
S02,S02,1231,1231,SHIL-k8,6,2-13-15,3,False
S02,S02,1231,1231,SHIL-k8,7,4-7-12,3,False
S02,S02,1231,1231,SHIL-k8,8,5-15,2,False
S02,S02,1231,1231,SC-L1,1,0-1-2,3,True
S02,S02,1231,1231,SC-L1,2,3-4-5,3,True
S02,S02,1231,1231,SC-L1,3,6-7-8,3,True
S02,S02,1231,1231,SC-SHIL,1,0-1-2,3,True
S02,S02,1231,1231,SC-SHIL,2,3-4-5,3,True
S02,S02,1231,1231,SC-SHIL,3,6-7-8,3,True
S02,S02,1249,1249,L1-full,1,0-1-2,3,True
S02,S02,1249,1249,L1-full,2,3-4-5,3,True
S02,S02,1249,1249,L1-full,3,6-7-8,3,True
S02,S02,1249,1249,L1-full,4,2-7,2,False
S02,S02,1249,1249,L1-full,5,1-4,2,False
S02,S02,1249,1249,L1-full,6,11-13-14,3,False
S02,S02,1249,1249,L1-full,7,4-8-14,3,False
S02,S02,1249,1249,L1-full,8,8-9-14,3,False
S02,S02,1249,1249,L1-full,9,3-4-10,3,False
S02,S02,1249,1249,L1-full,10,6-9-12,3,False
S02,S02,1249,1249,L1-full,11,5-9-13,3,False
S02,S02,1249,1249,L1-full,12,2-8-10,3,False
S02,S02,1249,1249,L1-full,13,0-12-13,3,False
S02,S02,1249,1249,L1-full,14,2-10-13,3,False
S02,S02,1249,1249,L1-full,15,2-5-9,3,False
S02,S02,1249,1249,L1-full,16,2-3-5,3,False
S02,S02,1249,1249,L1-full,17,2-14-15,3,False
S02,S02,1249,1249,L1-full,18,0-5-12,3,False
S02,S02,1249,1249,L1-full,19,0-5-14,3,False
S02,S02,1249,1249,L1-full,20,3-13,2,False
S02,S02,1249,1249,L1-full,21,0-1,2,False
S02,S02,1249,1249,L1-full,22,0-3-9,3,False
S02,S02,1249,1249,L1-full,23,2-4-15,3,False
S02,S02,1249,1249,L1-full,24,2-5-12,3,False
S02,S02,1249,1249,L1-full,25,3-9-14,3,False
S02,S02,1249,1249,L1-full,26,9-12-15,3,False
S02,S02,1249,1249,L1-full,27,4-7-14,3,False
S02,S02,1249,1249,L1-full,28,9-11-12,3,False
S02,S02,1249,1249,L1-full,29,1-9,2,False
S02,S02,1249,1249,L1-full,30,4-6,2,False
S02,S02,1249,1249,L1-full,31,7-9-14,3,False
S02,S02,1249,1249,L1-full,32,3-6-12,3,False
S02,S02,1249,1249,L1-full,33,5-6-9,3,False
S02,S02,1249,1249,L1-full,34,8-12,2,False
S02,S02,1249,1249,L1-full,35,0-7-15,3,False
S02,S02,1249,1249,L1-full,36,1-13-15,3,False
S02,S02,1249,1249,L1-full,37,9-13,2,False
S02,S02,1249,1249,L1-full,38,5-14,2,False
S02,S02,1249,1249,L1-full,39,6-9-13,3,False
S02,S02,1249,1249,L1-full,40,6-9-10,3,False
S02,S02,1249,1249,L1-full,41,4-9-15,3,False
S02,S02,1249,1249,L1-full,42,3-9-15,3,False
S02,S02,1249,1249,L1-full,43,1-12-13,3,False
S02,S02,1249,1249,L1-full,44,5-11-12,3,False
S02,S02,1249,1249,L1-full,45,0-7-13,3,False
S02,S02,1249,1249,L1-full,46,0-9-14,3,False
S02,S02,1249,1249,L1-full,47,2-8-15,3,False
S02,S02,1249,1249,L1-full,48,1-6,2,False
S02,S02,1249,1249,L1-top8,1,0-1-2,3,True
S02,S02,1249,1249,L1-top8,2,3-4-5,3,True
S02,S02,1249,1249,L1-top8,3,6-7-8,3,True
S02,S02,1249,1249,L1-top8,4,2-7,2,False
S02,S02,1249,1249,L1-top8,5,1-4,2,False
S02,S02,1249,1249,L1-top8,6,11-13-14,3,False
S02,S02,1249,1249,L1-top8,7,4-8-14,3,False
S02,S02,1249,1249,L1-top8,8,8-9-14,3,False
S02,S02,1249,1249,L1-match,1,0-1-2,3,True
S02,S02,1249,1249,L1-match,2,3-4-5,3,True
S02,S02,1249,1249,L1-match,3,6-7-8,3,True
S02,S02,1249,1249,SHIL-k8,1,0-1-2,3,True
S02,S02,1249,1249,SHIL-k8,2,3-4-5,3,True
S02,S02,1249,1249,SHIL-k8,3,6-7-8,3,True
S02,S02,1249,1249,SHIL-k8,4,2-3-14,3,False
S02,S02,1249,1249,SHIL-k8,5,4-5-13,3,False
S02,S02,1249,1249,SHIL-k8,6,3-6-13,3,False
S02,S02,1249,1249,SHIL-k8,7,7-9-10,3,False
S02,S02,1249,1249,SHIL-k8,8,6-13-14,3,False
S02,S02,1249,1249,SC-L1,1,0-1-2,3,True
S02,S02,1249,1249,SC-L1,2,3-4-5,3,True
S02,S02,1249,1249,SC-L1,3,6-7-8,3,True
S02,S02,1249,1249,SC-SHIL,1,0-1-2,3,True
S02,S02,1249,1249,SC-SHIL,2,3-4-5,3,True
S02,S02,1249,1249,SC-SHIL,3,6-7-8,3,True
S02,S02,1277,1277,L1-full,1,0-1-2,3,True
S02,S02,1277,1277,L1-full,2,3-4-5,3,True
S02,S02,1277,1277,L1-full,3,6-7-8,3,True
S02,S02,1277,1277,L1-full,4,13-15,2,False
S02,S02,1277,1277,L1-full,5,9-12-13,3,False
S02,S02,1277,1277,L1-full,6,9-11-12,3,False
S02,S02,1277,1277,L1-full,7,7-12-15,3,False
S02,S02,1277,1277,L1-full,8,0-2-14,3,False
S02,S02,1277,1277,L1-full,9,1-14-15,3,False
S02,S02,1277,1277,L1-full,10,4-10-11,3,False
S02,S02,1277,1277,L1-full,11,4-15,2,False
S02,S02,1277,1277,L1-full,12,5-8-11,3,False
S02,S02,1277,1277,L1-full,13,0-2,2,False
S02,S02,1277,1277,L1-full,14,2-6-13,3,False
S02,S02,1277,1277,L1-full,15,1-4-13,3,False
S02,S02,1277,1277,L1-full,16,3-12-15,3,False
S02,S02,1277,1277,L1-full,17,0-11-13,3,False
S02,S02,1277,1277,L1-full,18,3-7-8,3,False
S02,S02,1277,1277,L1-full,19,4-13,2,False
S02,S02,1277,1277,L1-full,20,5-9-13,3,False
S02,S02,1277,1277,L1-full,21,5-12-15,3,False
S02,S02,1277,1277,L1-full,22,8-13-15,3,False
S02,S02,1277,1277,L1-full,23,7-12-13,3,False
S02,S02,1277,1277,L1-full,24,0-2-15,3,False
S02,S02,1277,1277,L1-full,25,1-13,2,False
S02,S02,1277,1277,L1-full,26,3-8-11,3,False
S02,S02,1277,1277,L1-full,27,9-12,2,False
S02,S02,1277,1277,L1-full,28,9-14,2,False
S02,S02,1277,1277,L1-full,29,9-15,2,False
S02,S02,1277,1277,L1-full,30,2-3-5,3,False
S02,S02,1277,1277,L1-full,31,5-8-14,3,False
S02,S02,1277,1277,L1-full,32,1-4-12,3,False
S02,S02,1277,1277,L1-full,33,0-8-9,3,False
S02,S02,1277,1277,L1-full,34,2-6-9,3,False
S02,S02,1277,1277,L1-full,35,2-7,2,False
S02,S02,1277,1277,L1-full,36,0-6-10,3,False
S02,S02,1277,1277,L1-full,37,2-3-11,3,False
S02,S02,1277,1277,L1-full,38,8-10-15,3,False
S02,S02,1277,1277,L1-full,39,3-9-13,3,False
S02,S02,1277,1277,L1-full,40,1-5-11,3,False
S02,S02,1277,1277,L1-full,41,4-7-9,3,False
S02,S02,1277,1277,L1-full,42,2-5-6,3,False
S02,S02,1277,1277,L1-full,43,5-7-12,3,False
S02,S02,1277,1277,L1-full,44,10-11-13,3,False
S02,S02,1277,1277,L1-full,45,2-11-15,3,False
S02,S02,1277,1277,L1-full,46,0-13,2,False
S02,S02,1277,1277,L1-full,47,5-8,2,False
S02,S02,1277,1277,L1-full,48,6-10,2,False
S02,S02,1277,1277,L1-full,49,9-10-12,3,False
S02,S02,1277,1277,L1-full,50,7-14,2,False
S02,S02,1277,1277,L1-full,51,8-11-13,3,False
S02,S02,1277,1277,L1-full,52,7-10,2,False
S02,S02,1277,1277,L1-full,53,9-10-13,3,False
S02,S02,1277,1277,L1-top8,1,0-1-2,3,True
S02,S02,1277,1277,L1-top8,2,3-4-5,3,True
S02,S02,1277,1277,L1-top8,3,6-7-8,3,True
S02,S02,1277,1277,L1-top8,4,13-15,2,False
S02,S02,1277,1277,L1-top8,5,9-12-13,3,False
S02,S02,1277,1277,L1-top8,6,9-11-12,3,False
S02,S02,1277,1277,L1-top8,7,7-12-15,3,False
S02,S02,1277,1277,L1-top8,8,0-2-14,3,False
S02,S02,1277,1277,L1-match,1,0-1-2,3,True
S02,S02,1277,1277,L1-match,2,3-4-5,3,True
S02,S02,1277,1277,L1-match,3,6-7-8,3,True
S02,S02,1277,1277,SHIL-k8,1,0-1-2,3,True
S02,S02,1277,1277,SHIL-k8,2,3-4-5,3,True
S02,S02,1277,1277,SHIL-k8,3,6-7-8,3,True
S02,S02,1277,1277,SHIL-k8,4,1-3-13,3,False
S02,S02,1277,1277,SHIL-k8,5,0-5-11,3,False
S02,S02,1277,1277,SHIL-k8,6,0-6-10,3,False
S02,S02,1277,1277,SHIL-k8,7,5-14-15,3,False
S02,S02,1277,1277,SHIL-k8,8,5-6-9,3,False
S02,S02,1277,1277,SC-L1,1,0-1-2,3,True
S02,S02,1277,1277,SC-L1,2,3-4-5,3,True
S02,S02,1277,1277,SC-L1,3,6-7-8,3,True
S02,S02,1277,1277,SC-SHIL,1,0-1-2,3,True
S02,S02,1277,1277,SC-SHIL,2,3-4-5,3,True
S02,S02,1277,1277,SC-SHIL,3,6-7-8,3,True
S03,S03,1103,1103,L1-full,1,0-1,2,True
S03,S03,1103,1103,L1-full,2,4-5-6,3,True
S03,S03,1103,1103,L1-full,3,7-8-9,3,True
S03,S03,1103,1103,L1-full,4,2-3,2,True
S03,S03,1103,1103,L1-full,5,2-9-14,3,False
S03,S03,1103,1103,L1-full,6,2-3-12,3,False
S03,S03,1103,1103,L1-full,7,3-4,2,False
S03,S03,1103,1103,L1-full,8,1-6-9,3,False
S03,S03,1103,1103,L1-full,9,6-8-14,3,False
S03,S03,1103,1103,L1-full,10,3-9-13,3,False
S03,S03,1103,1103,L1-full,11,6-15,2,False
S03,S03,1103,1103,L1-full,12,12-14-15,3,False
S03,S03,1103,1103,L1-full,13,5-12,2,False
S03,S03,1103,1103,L1-full,14,5-8,2,False
S03,S03,1103,1103,L1-full,15,2-6-11,3,False
S03,S03,1103,1103,L1-full,16,1-8-11,3,False
S03,S03,1103,1103,L1-full,17,2-11-12,3,False
S03,S03,1103,1103,L1-full,18,3-11-12,3,False
S03,S03,1103,1103,L1-full,19,10-12-13,3,False
S03,S03,1103,1103,L1-full,20,3-4-10,3,False
S03,S03,1103,1103,L1-full,21,5-9-13,3,False
S03,S03,1103,1103,L1-full,22,9-13,2,False
S03,S03,1103,1103,L1-full,23,2-7,2,False
S03,S03,1103,1103,L1-full,24,5-12-14,3,False
S03,S03,1103,1103,L1-full,25,0-11-13,3,False
S03,S03,1103,1103,L1-full,26,2-5-9,3,False
S03,S03,1103,1103,L1-full,27,9-12,2,False
S03,S03,1103,1103,L1-full,28,1-9-11,3,False
S03,S03,1103,1103,L1-full,29,3-5-12,3,False
S03,S03,1103,1103,L1-full,30,1-9-14,3,False
S03,S03,1103,1103,L1-full,31,4-8,2,False
S03,S03,1103,1103,L1-full,32,2-11-14,3,False
S03,S03,1103,1103,L1-full,33,5-11,2,False
S03,S03,1103,1103,L1-full,34,1-4-13,3,False
S03,S03,1103,1103,L1-full,35,1-5-11,3,False
S03,S03,1103,1103,L1-full,36,0-9-11,3,False
S03,S03,1103,1103,L1-full,37,6-10-13,3,False
S03,S03,1103,1103,L1-full,38,7-13-15,3,False
S03,S03,1103,1103,L1-full,39,6-7-9,3,False
S03,S03,1103,1103,L1-full,40,6-9-15,3,False
S03,S03,1103,1103,L1-full,41,0-9-13,3,False
S03,S03,1103,1103,L1-top8,1,0-1,2,True
S03,S03,1103,1103,L1-top8,2,4-5-6,3,True
S03,S03,1103,1103,L1-top8,3,7-8-9,3,True
S03,S03,1103,1103,L1-top8,4,2-3,2,True
S03,S03,1103,1103,L1-top8,5,2-9-14,3,False
S03,S03,1103,1103,L1-top8,6,2-3-12,3,False
S03,S03,1103,1103,L1-top8,7,3-4,2,False
S03,S03,1103,1103,L1-top8,8,1-6-9,3,False
S03,S03,1103,1103,L1-match,1,0-1,2,True
S03,S03,1103,1103,L1-match,2,4-5-6,3,True
S03,S03,1103,1103,L1-match,3,7-8-9,3,True
S03,S03,1103,1103,L1-match,4,2-3,2,True
S03,S03,1103,1103,SHIL-k8,1,0-1,2,True
S03,S03,1103,1103,SHIL-k8,2,2-3,2,True
S03,S03,1103,1103,SHIL-k8,3,4-5-6,3,True
S03,S03,1103,1103,SHIL-k8,4,7-8-9,3,True
S03,S03,1103,1103,SHIL-k8,5,2-4-13,3,False
S03,S03,1103,1103,SHIL-k8,6,9-13,2,False
S03,S03,1103,1103,SHIL-k8,7,2-11-14,3,False
S03,S03,1103,1103,SHIL-k8,8,6-8-14,3,False
S03,S03,1103,1103,SC-L1,1,0-1,2,True
S03,S03,1103,1103,SC-L1,2,2-3,2,True
S03,S03,1103,1103,SC-L1,3,4-5-6,3,True
S03,S03,1103,1103,SC-L1,4,7-8-9,3,True
S03,S03,1103,1103,SC-SHIL,1,0-1,2,True
S03,S03,1103,1103,SC-SHIL,2,2-3,2,True
S03,S03,1103,1103,SC-SHIL,3,4-5-6,3,True
S03,S03,1103,1103,SC-SHIL,4,7-8-9,3,True
S03,S03,1129,1129,L1-full,1,0-1,2,True
S03,S03,1129,1129,L1-full,2,4-5-6,3,True
S03,S03,1129,1129,L1-full,3,2-3,2,True
S03,S03,1129,1129,L1-full,4,7-8-9,3,True
S03,S03,1129,1129,L1-full,5,6-7,2,False
S03,S03,1129,1129,L1-full,6,1-2-14,3,False
S03,S03,1129,1129,L1-full,7,7-11-13,3,False
S03,S03,1129,1129,L1-full,8,5-12,2,False
S03,S03,1129,1129,L1-full,9,4-10-15,3,False
S03,S03,1129,1129,L1-full,10,4-14,2,False
S03,S03,1129,1129,L1-full,11,5-7-8,3,False
S03,S03,1129,1129,L1-full,12,0-4-6,3,False
S03,S03,1129,1129,L1-full,13,11-12-15,3,False
S03,S03,1129,1129,L1-full,14,9-10-14,3,False
S03,S03,1129,1129,L1-full,15,4-5-10,3,False
S03,S03,1129,1129,L1-full,16,2-10-13,3,False
S03,S03,1129,1129,L1-full,17,8-14,2,False
S03,S03,1129,1129,L1-full,18,12-13-14,3,False
S03,S03,1129,1129,L1-full,19,7-11-15,3,False
S03,S03,1129,1129,L1-full,20,3-13-15,3,False
S03,S03,1129,1129,L1-full,21,2-12-15,3,False
S03,S03,1129,1129,L1-full,22,2-15,2,False
S03,S03,1129,1129,L1-full,23,11-12-14,3,False
S03,S03,1129,1129,L1-full,24,0-5-8,3,False
S03,S03,1129,1129,L1-full,25,6-10-11,3,False
S03,S03,1129,1129,L1-full,26,3-4-11,3,False
S03,S03,1129,1129,L1-full,27,11-12,2,False
S03,S03,1129,1129,L1-full,28,3-5,2,False
S03,S03,1129,1129,L1-full,29,4-12-13,3,False
S03,S03,1129,1129,L1-full,30,6-7-14,3,False
S03,S03,1129,1129,L1-full,31,5-9-12,3,False
S03,S03,1129,1129,L1-full,32,5-13-14,3,False
S03,S03,1129,1129,L1-full,33,5-10,2,False
S03,S03,1129,1129,L1-full,34,3-5-15,3,False
S03,S03,1129,1129,L1-full,35,0-7,2,False
S03,S03,1129,1129,L1-full,36,1-4-13,3,False
S03,S03,1129,1129,L1-full,37,1-13,2,False
S03,S03,1129,1129,L1-full,38,4-14-15,3,False
S03,S03,1129,1129,L1-full,39,7-13-15,3,False
S03,S03,1129,1129,L1-full,40,0-3-7,3,False
S03,S03,1129,1129,L1-full,41,7-9-14,3,False
S03,S03,1129,1129,L1-full,42,2-7-13,3,False
S03,S03,1129,1129,L1-full,43,4-8-14,3,False
S03,S03,1129,1129,L1-full,44,8-13-15,3,False
S03,S03,1129,1129,L1-full,45,2-4-10,3,False
S03,S03,1129,1129,L1-full,46,4-10-12,3,False
S03,S03,1129,1129,L1-full,47,0-9-14,3,False
S03,S03,1129,1129,L1-full,48,11-15,2,False
S03,S03,1129,1129,L1-full,49,3-9-15,3,False
S03,S03,1129,1129,L1-full,50,5-7-10,3,False
S03,S03,1129,1129,L1-full,51,3-6-9,3,False
S03,S03,1129,1129,L1-full,52,2-5-9,3,False
S03,S03,1129,1129,L1-full,53,2-5-7,3,False
S03,S03,1129,1129,L1-full,54,0-7-12,3,False
S03,S03,1129,1129,L1-full,55,0-13,2,False
S03,S03,1129,1129,L1-top8,1,0-1,2,True
S03,S03,1129,1129,L1-top8,2,4-5-6,3,True
S03,S03,1129,1129,L1-top8,3,2-3,2,True
S03,S03,1129,1129,L1-top8,4,7-8-9,3,True
S03,S03,1129,1129,L1-top8,5,6-7,2,False
S03,S03,1129,1129,L1-top8,6,1-2-14,3,False
S03,S03,1129,1129,L1-top8,7,7-11-13,3,False
S03,S03,1129,1129,L1-top8,8,5-12,2,False
S03,S03,1129,1129,L1-match,1,0-1,2,True
S03,S03,1129,1129,L1-match,2,4-5-6,3,True
S03,S03,1129,1129,L1-match,3,2-3,2,True
S03,S03,1129,1129,L1-match,4,7-8-9,3,True
S03,S03,1129,1129,SHIL-k8,1,0-1,2,True
S03,S03,1129,1129,SHIL-k8,2,2-3,2,True
S03,S03,1129,1129,SHIL-k8,3,4-5-6,3,True
S03,S03,1129,1129,SHIL-k8,4,7-8-9,3,True
S03,S03,1129,1129,SHIL-k8,5,11-12-15,3,False
S03,S03,1129,1129,SHIL-k8,6,0-2-11,3,False
S03,S03,1129,1129,SHIL-k8,7,5-15,2,False
S03,S03,1129,1129,SHIL-k8,8,3-8-11,3,False
S03,S03,1129,1129,SC-L1,1,0-1,2,True
S03,S03,1129,1129,SC-L1,2,2-3,2,True
S03,S03,1129,1129,SC-L1,3,4-5-6,3,True
S03,S03,1129,1129,SC-L1,4,7-8-9,3,True
S03,S03,1129,1129,SC-SHIL,1,0-1,2,True
S03,S03,1129,1129,SC-SHIL,2,2-3,2,True
S03,S03,1129,1129,SC-SHIL,3,4-5-6,3,True
S03,S03,1129,1129,SC-SHIL,4,7-8-9,3,True
S03,S03,1151,1151,L1-full,1,0-1,2,True
S03,S03,1151,1151,L1-full,2,2-3,2,True
S03,S03,1151,1151,L1-full,3,4-5-6,3,True
S03,S03,1151,1151,L1-full,4,7-8-9,3,True
S03,S03,1151,1151,L1-full,5,0-5-11,3,False
S03,S03,1151,1151,L1-full,6,4-6,2,False
S03,S03,1151,1151,L1-full,7,7-8-11,3,False
S03,S03,1151,1151,L1-full,8,0-3-5,3,False
S03,S03,1151,1151,L1-full,9,11-12-13,3,False
S03,S03,1151,1151,L1-full,10,10-13-14,3,False
S03,S03,1151,1151,L1-full,11,1-9-12,3,False
S03,S03,1151,1151,L1-full,12,3-7-12,3,False
S03,S03,1151,1151,L1-full,13,0-3-14,3,False
S03,S03,1151,1151,L1-full,14,13-14-15,3,False
S03,S03,1151,1151,L1-full,15,2-9-15,3,False
S03,S03,1151,1151,L1-full,16,5-8-13,3,False
S03,S03,1151,1151,L1-full,17,9-10-14,3,False
S03,S03,1151,1151,L1-full,18,0-12,2,False
S03,S03,1151,1151,L1-full,19,3-10-12,3,False
S03,S03,1151,1151,L1-full,20,7-13-15,3,False
S03,S03,1151,1151,L1-full,21,11-12-15,3,False
S03,S03,1151,1151,L1-full,22,3-13,2,False
S03,S03,1151,1151,L1-full,23,0-8-9,3,False
S03,S03,1151,1151,L1-full,24,3-5-11,3,False
S03,S03,1151,1151,L1-full,25,5-11-15,3,False
S03,S03,1151,1151,L1-full,26,7-11-15,3,False
S03,S03,1151,1151,L1-full,27,3-14,2,False
S03,S03,1151,1151,L1-full,28,5-11-14,3,False
S03,S03,1151,1151,L1-full,29,4-14,2,False
S03,S03,1151,1151,L1-full,30,5-8-14,3,False
S03,S03,1151,1151,L1-full,31,12-13-14,3,False
S03,S03,1151,1151,L1-full,32,0-6-13,3,False
S03,S03,1151,1151,L1-full,33,7-8-15,3,False
S03,S03,1151,1151,L1-full,34,8-10-14,3,False
S03,S03,1151,1151,L1-full,35,4-7-12,3,False
S03,S03,1151,1151,L1-full,36,10-13,2,False
S03,S03,1151,1151,L1-full,37,4-9-10,3,False
S03,S03,1151,1151,L1-full,38,3-7,2,False
S03,S03,1151,1151,L1-top8,1,0-1,2,True
S03,S03,1151,1151,L1-top8,2,2-3,2,True
S03,S03,1151,1151,L1-top8,3,4-5-6,3,True
S03,S03,1151,1151,L1-top8,4,7-8-9,3,True
S03,S03,1151,1151,L1-top8,5,0-5-11,3,False
S03,S03,1151,1151,L1-top8,6,4-6,2,False
S03,S03,1151,1151,L1-top8,7,7-8-11,3,False
S03,S03,1151,1151,L1-top8,8,0-3-5,3,False
S03,S03,1151,1151,L1-match,1,0-1,2,True
S03,S03,1151,1151,L1-match,2,2-3,2,True
S03,S03,1151,1151,L1-match,3,4-5-6,3,True
S03,S03,1151,1151,L1-match,4,7-8-9,3,True
S03,S03,1151,1151,SHIL-k8,1,0-1,2,True
S03,S03,1151,1151,SHIL-k8,2,2-3,2,True
S03,S03,1151,1151,SHIL-k8,3,4-5-6,3,True
S03,S03,1151,1151,SHIL-k8,4,7-8-9,3,True
S03,S03,1151,1151,SHIL-k8,5,9-11-15,3,False
S03,S03,1151,1151,SHIL-k8,6,2-10-11,3,False
S03,S03,1151,1151,SHIL-k8,7,1-14,2,False
S03,S03,1151,1151,SHIL-k8,8,2-11-14,3,False
S03,S03,1151,1151,SC-L1,1,0-1,2,True
S03,S03,1151,1151,SC-L1,2,2-3,2,True
S03,S03,1151,1151,SC-L1,3,4-5-6,3,True
S03,S03,1151,1151,SC-L1,4,7-8-9,3,True
S03,S03,1151,1151,SC-SHIL,1,0-1,2,True
S03,S03,1151,1151,SC-SHIL,2,2-3,2,True
S03,S03,1151,1151,SC-SHIL,3,4-5-6,3,True
S03,S03,1151,1151,SC-SHIL,4,7-8-9,3,True
S03,S03,1171,1171,L1-full,1,0-1,2,True
S03,S03,1171,1171,L1-full,2,4-5-6,3,True
S03,S03,1171,1171,L1-full,3,2-3,2,True
S03,S03,1171,1171,L1-full,4,7-8-9,3,True
S03,S03,1171,1171,L1-full,5,12-13,2,False
S03,S03,1171,1171,L1-full,6,5-8,2,False
S03,S03,1171,1171,L1-full,7,1-6-15,3,False
S03,S03,1171,1171,L1-full,8,9-14,2,False
S03,S03,1171,1171,L1-full,9,0-4-7,3,False
S03,S03,1171,1171,L1-full,10,1-14,2,False
S03,S03,1171,1171,L1-full,11,0-11-14,3,False
S03,S03,1171,1171,L1-full,12,2-10-12,3,False
S03,S03,1171,1171,L1-full,13,2-6,2,False
S03,S03,1171,1171,L1-full,14,0-10-14,3,False
S03,S03,1171,1171,L1-full,15,5-9-14,3,False
S03,S03,1171,1171,L1-full,16,9-15,2,False
S03,S03,1171,1171,L1-full,17,13-14-15,3,False
S03,S03,1171,1171,L1-full,18,5-8-15,3,False
S03,S03,1171,1171,L1-full,19,0-2-7,3,False
S03,S03,1171,1171,L1-full,20,3-13-14,3,False
S03,S03,1171,1171,L1-full,21,9-10-13,3,False
S03,S03,1171,1171,L1-full,22,3-9-10,3,False
S03,S03,1171,1171,L1-full,23,1-15,2,False
S03,S03,1171,1171,L1-full,24,2-11-15,3,False
S03,S03,1171,1171,L1-full,25,7-9,2,False
S03,S03,1171,1171,L1-full,26,4-6,2,False
S03,S03,1171,1171,L1-full,27,2-5-15,3,False
S03,S03,1171,1171,L1-full,28,2-4-8,3,False
S03,S03,1171,1171,L1-full,29,3-5-10,3,False
S03,S03,1171,1171,L1-full,30,2-5-14,3,False
S03,S03,1171,1171,L1-full,31,0-4-12,3,False
S03,S03,1171,1171,L1-full,32,7-13-15,3,False
S03,S03,1171,1171,L1-full,33,3-4,2,False
S03,S03,1171,1171,L1-full,34,3-9-14,3,False
S03,S03,1171,1171,L1-full,35,2-4-15,3,False
S03,S03,1171,1171,L1-full,36,3-11-14,3,False
S03,S03,1171,1171,L1-full,37,0-4-11,3,False
S03,S03,1171,1171,L1-full,38,4-12-15,3,False
S03,S03,1171,1171,L1-full,39,1-8-11,3,False
S03,S03,1171,1171,L1-full,40,5-7-8,3,False
S03,S03,1171,1171,L1-top8,1,0-1,2,True
S03,S03,1171,1171,L1-top8,2,4-5-6,3,True
S03,S03,1171,1171,L1-top8,3,2-3,2,True
S03,S03,1171,1171,L1-top8,4,7-8-9,3,True
S03,S03,1171,1171,L1-top8,5,12-13,2,False
S03,S03,1171,1171,L1-top8,6,5-8,2,False
S03,S03,1171,1171,L1-top8,7,1-6-15,3,False
S03,S03,1171,1171,L1-top8,8,9-14,2,False
S03,S03,1171,1171,L1-match,1,0-1,2,True
S03,S03,1171,1171,L1-match,2,4-5-6,3,True
S03,S03,1171,1171,L1-match,3,2-3,2,True
S03,S03,1171,1171,L1-match,4,7-8-9,3,True
S03,S03,1171,1171,SHIL-k8,1,0-1,2,True
S03,S03,1171,1171,SHIL-k8,2,2-3,2,True
S03,S03,1171,1171,SHIL-k8,3,4-5-6,3,True
S03,S03,1171,1171,SHIL-k8,4,7-8-9,3,True
S03,S03,1171,1171,SHIL-k8,5,2-8-12,3,False
S03,S03,1171,1171,SHIL-k8,6,5-7-8,3,False
S03,S03,1171,1171,SHIL-k8,7,0-11-14,3,False
S03,S03,1171,1171,SHIL-k8,8,1-14,2,False
S03,S03,1171,1171,SC-L1,1,0-1,2,True
S03,S03,1171,1171,SC-L1,2,2-3,2,True
S03,S03,1171,1171,SC-L1,3,4-5-6,3,True
S03,S03,1171,1171,SC-L1,4,7-8-9,3,True
S03,S03,1171,1171,SC-SHIL,1,0-1,2,True
S03,S03,1171,1171,SC-SHIL,2,2-3,2,True
S03,S03,1171,1171,SC-SHIL,3,4-5-6,3,True
S03,S03,1171,1171,SC-SHIL,4,7-8-9,3,True
S03,S03,1181,1181,L1-full,1,0-1,2,True
S03,S03,1181,1181,L1-full,2,4-5-6,3,True
S03,S03,1181,1181,L1-full,3,2-3,2,True
S03,S03,1181,1181,L1-full,4,7-8-9,3,True
S03,S03,1181,1181,L1-full,5,0-1-3,3,False
S03,S03,1181,1181,L1-full,6,1-6-13,3,False
S03,S03,1181,1181,L1-full,7,0-4-14,3,False
S03,S03,1181,1181,L1-full,8,3-9-14,3,False
S03,S03,1181,1181,L1-full,9,3-6-8,3,False
S03,S03,1181,1181,L1-full,10,5-10-12,3,False
S03,S03,1181,1181,L1-full,11,2-10-15,3,False
S03,S03,1181,1181,L1-full,12,2-9-15,3,False
S03,S03,1181,1181,L1-full,13,4-6-12,3,False
S03,S03,1181,1181,L1-full,14,4-5-14,3,False
S03,S03,1181,1181,L1-full,15,11-12-14,3,False
S03,S03,1181,1181,L1-full,16,1-12-13,3,False
S03,S03,1181,1181,L1-full,17,1-9-10,3,False
S03,S03,1181,1181,L1-full,18,4-8-13,3,False
S03,S03,1181,1181,L1-full,19,0-3-14,3,False
S03,S03,1181,1181,L1-full,20,3-5,2,False
S03,S03,1181,1181,L1-full,21,2-3-12,3,False
S03,S03,1181,1181,L1-full,22,0-3-9,3,False
S03,S03,1181,1181,L1-full,23,0-1-2,3,False
S03,S03,1181,1181,L1-full,24,2-4-5,3,False
S03,S03,1181,1181,L1-full,25,6-9-14,3,False
S03,S03,1181,1181,L1-full,26,2-5,2,False
S03,S03,1181,1181,L1-full,27,0-3-10,3,False
S03,S03,1181,1181,L1-full,28,0-2-6,3,False
S03,S03,1181,1181,L1-full,29,1-14,2,False
S03,S03,1181,1181,L1-full,30,2-4-13,3,False
S03,S03,1181,1181,L1-full,31,0-6-12,3,False
S03,S03,1181,1181,L1-full,32,7-8-11,3,False
S03,S03,1181,1181,L1-full,33,6-7-12,3,False
S03,S03,1181,1181,L1-full,34,9-11,2,False
S03,S03,1181,1181,L1-full,35,0-7-9,3,False
S03,S03,1181,1181,L1-full,36,7-9,2,False
S03,S03,1181,1181,L1-full,37,2-5-8,3,False
S03,S03,1181,1181,L1-full,38,4-10-15,3,False
S03,S03,1181,1181,L1-full,39,6-10,2,False
S03,S03,1181,1181,L1-full,40,0-5-7,3,False
S03,S03,1181,1181,L1-full,41,2-13-15,3,False
S03,S03,1181,1181,L1-full,42,3-14-15,3,False
S03,S03,1181,1181,L1-full,43,0-2,2,False
S03,S03,1181,1181,L1-full,44,2-3-6,3,False
S03,S03,1181,1181,L1-full,45,6-7-13,3,False
S03,S03,1181,1181,L1-full,46,4-9-11,3,False
S03,S03,1181,1181,L1-full,47,7-8-14,3,False
S03,S03,1181,1181,L1-full,48,0-2-15,3,False
S03,S03,1181,1181,L1-full,49,10-12-15,3,False
S03,S03,1181,1181,L1-full,50,7-13-14,3,False
S03,S03,1181,1181,L1-full,51,6-9-10,3,False
S03,S03,1181,1181,L1-full,52,5-10-13,3,False
S03,S03,1181,1181,L1-full,53,0-2-11,3,False
S03,S03,1181,1181,L1-full,54,2-8-11,3,False
S03,S03,1181,1181,L1-full,55,2-3-5,3,False
S03,S03,1181,1181,L1-full,56,0-10-12,3,False
S03,S03,1181,1181,L1-full,57,5-8-11,3,False
S03,S03,1181,1181,L1-full,58,4-11-12,3,False
S03,S03,1181,1181,L1-full,59,5-7-14,3,False
S03,S03,1181,1181,L1-full,60,2-8-9,3,False
S03,S03,1181,1181,L1-full,61,1-6-15,3,False
S03,S03,1181,1181,L1-full,62,9-13-14,3,False
S03,S03,1181,1181,L1-full,63,2-10-14,3,False
S03,S03,1181,1181,L1-full,64,1-8-12,3,False
S03,S03,1181,1181,L1-full,65,7-10-14,3,False
S03,S03,1181,1181,L1-full,66,8-12-15,3,False
S03,S03,1181,1181,L1-full,67,4-10-12,3,False
S03,S03,1181,1181,L1-full,68,2-7-11,3,False
S03,S03,1181,1181,L1-full,69,1-3-13,3,False
S03,S03,1181,1181,L1-full,70,0-7-15,3,False
S03,S03,1181,1181,L1-full,71,1-3-7,3,False
S03,S03,1181,1181,L1-full,72,8-10-15,3,False
S03,S03,1181,1181,L1-full,73,6-11-12,3,False
S03,S03,1181,1181,L1-full,74,1-2-6,3,False
S03,S03,1181,1181,L1-full,75,3-12-13,3,False
S03,S03,1181,1181,L1-full,76,10-11-14,3,False
S03,S03,1181,1181,L1-full,77,0-12-13,3,False
S03,S03,1181,1181,L1-full,78,2-5-10,3,False
S03,S03,1181,1181,L1-full,79,4-8-14,3,False
S03,S03,1181,1181,L1-full,80,9-14,2,False
S03,S03,1181,1181,L1-full,81,0-3-13,3,False
S03,S03,1181,1181,L1-full,82,5-8-10,3,False
S03,S03,1181,1181,L1-full,83,7-11-15,3,False
S03,S03,1181,1181,L1-full,84,2-5-13,3,False
S03,S03,1181,1181,L1-full,85,3-7-12,3,False
S03,S03,1181,1181,L1-full,86,2-7-13,3,False
S03,S03,1181,1181,L1-full,87,9-11-12,3,False
S03,S03,1181,1181,L1-full,88,4-6-13,3,False
S03,S03,1181,1181,L1-full,89,5-8,2,False
S03,S03,1181,1181,L1-full,90,1-8-9,3,False
S03,S03,1181,1181,L1-full,91,4-5-12,3,False
S03,S03,1181,1181,L1-full,92,4-9,2,False
S03,S03,1181,1181,L1-full,93,5-6-12,3,False
S03,S03,1181,1181,L1-full,94,0-5-15,3,False
S03,S03,1181,1181,L1-full,95,6-13-14,3,False
S03,S03,1181,1181,L1-full,96,1-5-11,3,False
S03,S03,1181,1181,L1-full,97,4-8-10,3,False
S03,S03,1181,1181,L1-full,98,1-4,2,False
S03,S03,1181,1181,L1-full,99,2-7-15,3,False
S03,S03,1181,1181,L1-full,100,5-8-12,3,False
S03,S03,1181,1181,L1-full,101,10-15,2,False
S03,S03,1181,1181,L1-full,102,0-7-8,3,False
S03,S03,1181,1181,L1-full,103,2-3-15,3,False
S03,S03,1181,1181,L1-full,104,3-4-10,3,False
S03,S03,1181,1181,L1-full,105,1-9-11,3,False
S03,S03,1181,1181,L1-full,106,4-5-13,3,False
S03,S03,1181,1181,L1-full,107,5-11-14,3,False
S03,S03,1181,1181,L1-full,108,1-3-6,3,False
S03,S03,1181,1181,L1-full,109,3-6,2,False
S03,S03,1181,1181,L1-full,110,14-15,2,False
S03,S03,1181,1181,L1-full,111,3-8-12,3,False
S03,S03,1181,1181,L1-full,112,3-11,2,False
S03,S03,1181,1181,L1-full,113,2-7-14,3,False
S03,S03,1181,1181,L1-full,114,9-10-11,3,False
S03,S03,1181,1181,L1-full,115,5-12-14,3,False
S03,S03,1181,1181,L1-full,116,5-7-15,3,False
S03,S03,1181,1181,L1-full,117,3-11-14,3,False
S03,S03,1181,1181,L1-full,118,8-12,2,False
S03,S03,1181,1181,L1-full,119,8-10,2,False
S03,S03,1181,1181,L1-full,120,4-7-11,3,False
S03,S03,1181,1181,L1-full,121,2-10,2,False
S03,S03,1181,1181,L1-full,122,3-10-15,3,False
S03,S03,1181,1181,L1-full,123,1-5-6,3,False
S03,S03,1181,1181,L1-full,124,4-9-10,3,False
S03,S03,1181,1181,L1-full,125,1-9-13,3,False
S03,S03,1181,1181,L1-full,126,5-6,2,False
S03,S03,1181,1181,L1-full,127,3-4-8,3,False
S03,S03,1181,1181,L1-full,128,9-13-15,3,False
S03,S03,1181,1181,L1-full,129,6-7-9,3,False
S03,S03,1181,1181,L1-full,130,9-10,2,False
S03,S03,1181,1181,L1-full,131,1-9-14,3,False
S03,S03,1181,1181,L1-full,132,0-3-7,3,False
S03,S03,1181,1181,L1-full,133,1-8-15,3,False
S03,S03,1181,1181,L1-full,134,5-9,2,False
S03,S03,1181,1181,L1-full,135,2-3-9,3,False
S03,S03,1181,1181,L1-full,136,1-3-8,3,False
S03,S03,1181,1181,L1-full,137,1-6-10,3,False
S03,S03,1181,1181,L1-full,138,1-2-12,3,False
S03,S03,1181,1181,L1-full,139,5-6-7,3,False
S03,S03,1181,1181,L1-full,140,0-10-13,3,False
S03,S03,1181,1181,L1-full,141,1-2-9,3,False
S03,S03,1181,1181,L1-full,142,0-5-8,3,False
S03,S03,1181,1181,L1-full,143,2-6-10,3,False
S03,S03,1181,1181,L1-full,144,12-14-15,3,False
S03,S03,1181,1181,L1-full,145,3-4-5,3,False
S03,S03,1181,1181,L1-full,146,2-7-10,3,False
S03,S03,1181,1181,L1-full,147,12-13-15,3,False
S03,S03,1181,1181,L1-full,148,5-12,2,False
S03,S03,1181,1181,L1-full,149,5-7-9,3,False
S03,S03,1181,1181,L1-full,150,2-12-14,3,False
S03,S03,1181,1181,L1-full,151,5-10,2,False
S03,S03,1181,1181,L1-full,152,11-12,2,False
S03,S03,1181,1181,L1-full,153,2-11,2,False
S03,S03,1181,1181,L1-full,154,4-9-13,3,False
S03,S03,1181,1181,L1-full,155,9-15,2,False
S03,S03,1181,1181,L1-full,156,10-13-15,3,False
S03,S03,1181,1181,L1-full,157,1-7-8,3,False
S03,S03,1181,1181,L1-full,158,1-6-7,3,False
S03,S03,1181,1181,L1-full,159,8-13-14,3,False
S03,S03,1181,1181,L1-full,160,3-9-15,3,False
S03,S03,1181,1181,L1-full,161,2-11-15,3,False
S03,S03,1181,1181,L1-full,162,7-10,2,False
S03,S03,1181,1181,L1-full,163,2-10-12,3,False
S03,S03,1181,1181,L1-full,164,2-7,2,False
S03,S03,1181,1181,L1-full,165,5-8-15,3,False
S03,S03,1181,1181,L1-full,166,8-13-15,3,False
S03,S03,1181,1181,L1-full,167,5-8-13,3,False
S03,S03,1181,1181,L1-full,168,10-12-14,3,False
S03,S03,1181,1181,L1-full,169,0-6-8,3,False
S03,S03,1181,1181,L1-full,170,6-7-14,3,False
S03,S03,1181,1181,L1-full,171,2-3-4,3,False
S03,S03,1181,1181,L1-full,172,3-13-15,3,False
S03,S03,1181,1181,L1-full,173,8-14,2,False
S03,S03,1181,1181,L1-full,174,1-2-5,3,False
S03,S03,1181,1181,L1-full,175,3-6-12,3,False
S03,S03,1181,1181,L1-full,176,3-9-13,3,False
S03,S03,1181,1181,L1-full,177,6-11-15,3,False
S03,S03,1181,1181,L1-full,178,0-3,2,False
S03,S03,1181,1181,L1-full,179,4-6,2,False
S03,S03,1181,1181,L1-full,180,4-10-13,3,False
S03,S03,1181,1181,L1-full,181,1-2-3,3,False
S03,S03,1181,1181,L1-full,182,6-7,2,False
S03,S03,1181,1181,L1-full,183,0-6,2,False
S03,S03,1181,1181,L1-full,184,6-9-12,3,False
S03,S03,1181,1181,L1-full,185,10-13,2,False
S03,S03,1181,1181,L1-full,186,7-15,2,False
S03,S03,1181,1181,L1-full,187,8-9-10,3,False
S03,S03,1181,1181,L1-full,188,4-8-12,3,False
S03,S03,1181,1181,L1-full,189,0-6-11,3,False
S03,S03,1181,1181,L1-full,190,6-12-14,3,False
S03,S03,1181,1181,L1-full,191,6-8-10,3,False
S03,S03,1181,1181,L1-full,192,3-12-15,3,False
S03,S03,1181,1181,L1-full,193,2-13,2,False
S03,S03,1181,1181,L1-full,194,2-4-8,3,False
S03,S03,1181,1181,L1-full,195,1-6-14,3,False
S03,S03,1181,1181,L1-full,196,5-10-11,3,False
S03,S03,1181,1181,L1-full,197,1-4-12,3,False
S03,S03,1181,1181,L1-full,198,7-8-15,3,False
S03,S03,1181,1181,L1-full,199,7-12-13,3,False
S03,S03,1181,1181,L1-full,200,4-11-14,3,False
S03,S03,1181,1181,L1-full,201,0-5-12,3,False
S03,S03,1181,1181,L1-full,202,8-10-13,3,False
S03,S03,1181,1181,L1-full,203,13-15,2,False
S03,S03,1181,1181,L1-full,204,0-8-13,3,False
S03,S03,1181,1181,L1-full,205,5-9-12,3,False
S03,S03,1181,1181,L1-full,206,5-9-10,3,False
S03,S03,1181,1181,L1-full,207,3-8-11,3,False
S03,S03,1181,1181,L1-full,208,4-14,2,False
S03,S03,1181,1181,L1-full,209,6-8-13,3,False
S03,S03,1181,1181,L1-full,210,5-11-13,3,False
S03,S03,1181,1181,L1-full,211,6-15,2,False
S03,S03,1181,1181,L1-full,212,2-9,2,False
S03,S03,1181,1181,L1-full,213,2-12-13,3,False
S03,S03,1181,1181,L1-full,214,1-2-4,3,False
S03,S03,1181,1181,L1-full,215,0-7-12,3,False
S03,S03,1181,1181,L1-full,216,10-11-15,3,False
S03,S03,1181,1181,L1-full,217,6-12-13,3,False
S03,S03,1181,1181,L1-full,218,8-14-15,3,False
S03,S03,1181,1181,L1-full,219,2-4-11,3,False
S03,S03,1181,1181,L1-full,220,5-15,2,False
S03,S03,1181,1181,L1-full,221,0-9-11,3,False
S03,S03,1181,1181,L1-full,222,6-12,2,False
S03,S03,1181,1181,L1-full,223,3-5-10,3,False
S03,S03,1181,1181,L1-full,224,3-4-11,3,False
S03,S03,1181,1181,L1-full,225,6-13,2,False
S03,S03,1181,1181,L1-full,226,4-5-7,3,False
S03,S03,1181,1181,L1-full,227,2-9-13,3,False
S03,S03,1181,1181,L1-full,228,2-12,2,False
S03,S03,1181,1181,L1-full,229,3-4-14,3,False
S03,S03,1181,1181,L1-full,230,0-8-9,3,False
S03,S03,1181,1181,L1-full,231,8-11-13,3,False
S03,S03,1181,1181,L1-full,232,6-14,2,False
S03,S03,1181,1181,L1-full,233,1-11-13,3,False
S03,S03,1181,1181,L1-full,234,13-14-15,3,False
S03,S03,1181,1181,L1-full,235,2-6-15,3,False
S03,S03,1181,1181,L1-full,236,3-4-9,3,False
S03,S03,1181,1181,L1-full,237,4-12-14,3,False
S03,S03,1181,1181,L1-full,238,1-3-11,3,False
S03,S03,1181,1181,L1-full,239,9-11-13,3,False
S03,S03,1181,1181,L1-full,240,0-8-14,3,False
S03,S03,1181,1181,L1-full,241,6-9,2,False
S03,S03,1181,1181,L1-full,242,0-6-14,3,False
S03,S03,1181,1181,L1-full,243,11-14,2,False
S03,S03,1181,1181,L1-full,244,0-10,2,False
S03,S03,1181,1181,L1-full,245,2-9-12,3,False
S03,S03,1181,1181,L1-full,246,3-4-12,3,False
S03,S03,1181,1181,L1-full,247,12-13,2,False
S03,S03,1181,1181,L1-full,248,0-11-15,3,False
S03,S03,1181,1181,L1-full,249,0-1-13,3,False
S03,S03,1181,1181,L1-full,250,7-9-13,3,False
S03,S03,1181,1181,L1-full,251,4-6-11,3,False
S03,S03,1181,1181,L1-full,252,4-7-12,3,False
S03,S03,1181,1181,L1-full,253,5-8-14,3,False
S03,S03,1181,1181,L1-full,254,0-1-4,3,False
S03,S03,1181,1181,L1-full,255,4-5-9,3,False
S03,S03,1181,1181,L1-full,256,2-5-15,3,False
S03,S03,1181,1181,L1-full,257,3-12,2,False
S03,S03,1181,1181,L1-full,258,3-5-15,3,False
S03,S03,1181,1181,L1-full,259,7-9-15,3,False
S03,S03,1181,1181,L1-full,260,7-8-13,3,False
S03,S03,1181,1181,L1-full,261,1-7-12,3,False
S03,S03,1181,1181,L1-full,262,1-9,2,False
S03,S03,1181,1181,L1-full,263,2-6-14,3,False
S03,S03,1181,1181,L1-full,264,5-12-15,3,False
S03,S03,1181,1181,L1-full,265,6-10-14,3,False
S03,S03,1181,1181,L1-full,266,1-4-11,3,False
S03,S03,1181,1181,L1-full,267,7-9-14,3,False
S03,S03,1181,1181,L1-full,268,7-10-11,3,False
S03,S03,1181,1181,L1-full,269,0-11-14,3,False
S03,S03,1181,1181,L1-full,270,9-12,2,False
S03,S03,1181,1181,L1-full,271,6-11,2,False
S03,S03,1181,1181,L1-full,272,4-11-13,3,False
S03,S03,1181,1181,L1-full,273,0-9-15,3,False
S03,S03,1181,1181,L1-full,274,1-11-12,3,False
S03,S03,1181,1181,L1-full,275,5-13-14,3,False
S03,S03,1181,1181,L1-full,276,3-7-14,3,False
S03,S03,1181,1181,L1-full,277,8-11-15,3,False
S03,S03,1181,1181,L1-full,278,0-4-7,3,False
S03,S03,1181,1181,L1-full,279,13-14,2,False
S03,S03,1181,1181,L1-full,280,1-3-5,3,False
S03,S03,1181,1181,L1-full,281,0-2-4,3,False
S03,S03,1181,1181,L1-full,282,10-14,2,False
S03,S03,1181,1181,L1-full,283,3-12-14,3,False
S03,S03,1181,1181,L1-full,284,3-8-15,3,False
S03,S03,1181,1181,L1-full,285,1-4-13,3,False
S03,S03,1181,1181,L1-full,286,3-7-15,3,False
S03,S03,1181,1181,L1-full,287,5-7,2,False
S03,S03,1181,1181,L1-full,288,8-15,2,False
S03,S03,1181,1181,L1-full,289,0-8-12,3,False
S03,S03,1181,1181,L1-full,290,1-7-13,3,False
S03,S03,1181,1181,L1-full,291,8-9-13,3,False
S03,S03,1181,1181,L1-full,292,7-12,2,False
S03,S03,1181,1181,L1-full,293,12-15,2,False
S03,S03,1181,1181,L1-full,294,0-11-13,3,False
S03,S03,1181,1181,L1-full,295,0-15,2,False
S03,S03,1181,1181,L1-full,296,11-15,2,False
S03,S03,1181,1181,L1-full,297,7-13-15,3,False
S03,S03,1181,1181,L1-full,298,8-11-12,3,False
S03,S03,1181,1181,L1-full,299,2-11-12,3,False
S03,S03,1181,1181,L1-full,300,0-2-14,3,False
S03,S03,1181,1181,L1-full,301,2-7-9,3,False
S03,S03,1181,1181,L1-full,302,11-12-15,3,False
S03,S03,1181,1181,L1-full,303,4-7-14,3,False
S03,S03,1181,1181,L1-full,304,5-9-11,3,False
S03,S03,1181,1181,L1-full,305,2-11-13,3,False
S03,S03,1181,1181,L1-full,306,3-10-12,3,False
S03,S03,1181,1181,L1-full,307,7-11-13,3,False
S03,S03,1181,1181,L1-full,308,7-11-14,3,False
S03,S03,1181,1181,L1-top8,1,0-1,2,True
S03,S03,1181,1181,L1-top8,2,4-5-6,3,True
S03,S03,1181,1181,L1-top8,3,2-3,2,True
S03,S03,1181,1181,L1-top8,4,7-8-9,3,True
S03,S03,1181,1181,L1-top8,5,0-1-3,3,False
S03,S03,1181,1181,L1-top8,6,1-6-13,3,False
S03,S03,1181,1181,L1-top8,7,0-4-14,3,False
S03,S03,1181,1181,L1-top8,8,3-9-14,3,False
S03,S03,1181,1181,L1-match,1,0-1,2,True
S03,S03,1181,1181,L1-match,2,4-5-6,3,True
S03,S03,1181,1181,L1-match,3,2-3,2,True
S03,S03,1181,1181,L1-match,4,7-8-9,3,True
S03,S03,1181,1181,SHIL-k8,1,0-1,2,True
S03,S03,1181,1181,SHIL-k8,2,2-3,2,True
S03,S03,1181,1181,SHIL-k8,3,4-5-6,3,True
S03,S03,1181,1181,SHIL-k8,4,7-8-9,3,True
S03,S03,1181,1181,SHIL-k8,5,1-10-15,3,False
S03,S03,1181,1181,SHIL-k8,6,4-8-14,3,False
S03,S03,1181,1181,SHIL-k8,7,0-11-15,3,False
S03,S03,1181,1181,SHIL-k8,8,6-9-10,3,False
S03,S03,1181,1181,SC-L1,1,0-1,2,True
S03,S03,1181,1181,SC-L1,2,2-3,2,True
S03,S03,1181,1181,SC-L1,3,4-5-6,3,True
S03,S03,1181,1181,SC-L1,4,7-8-9,3,True
S03,S03,1181,1181,SC-SHIL,1,0-1,2,True
S03,S03,1181,1181,SC-SHIL,2,2-3,2,True
S03,S03,1181,1181,SC-SHIL,3,4-5-6,3,True
S03,S03,1181,1181,SC-SHIL,4,7-8-9,3,True
S03,S03,1201,1201,L1-full,1,0-1,2,True
S03,S03,1201,1201,L1-full,2,4-5-6,3,True
S03,S03,1201,1201,L1-full,3,2-3,2,True
S03,S03,1201,1201,L1-full,4,7-8-9,3,True
S03,S03,1201,1201,L1-full,5,9-11-13,3,False
S03,S03,1201,1201,L1-full,6,10-13-15,3,False
S03,S03,1201,1201,L1-full,7,6-8-9,3,False
S03,S03,1201,1201,L1-full,8,2-12,2,False
S03,S03,1201,1201,L1-full,9,8-14-15,3,False
S03,S03,1201,1201,L1-full,10,2-4-12,3,False
S03,S03,1201,1201,L1-full,11,2-12-13,3,False
S03,S03,1201,1201,L1-full,12,4-8-14,3,False
S03,S03,1201,1201,L1-full,13,8-10-12,3,False
S03,S03,1201,1201,L1-full,14,5-10-13,3,False
S03,S03,1201,1201,L1-full,15,1-12,2,False
S03,S03,1201,1201,L1-full,16,3-10-13,3,False
S03,S03,1201,1201,L1-full,17,0-6-11,3,False
S03,S03,1201,1201,L1-full,18,0-13,2,False
S03,S03,1201,1201,L1-full,19,6-14,2,False
S03,S03,1201,1201,L1-full,20,5-10-12,3,False
S03,S03,1201,1201,L1-full,21,8-12-14,3,False
S03,S03,1201,1201,L1-full,22,7-15,2,False
S03,S03,1201,1201,L1-full,23,2-11-13,3,False
S03,S03,1201,1201,L1-full,24,6-10-12,3,False
S03,S03,1201,1201,L1-full,25,4-12-15,3,False
S03,S03,1201,1201,L1-full,26,2-8-10,3,False
S03,S03,1201,1201,L1-full,27,4-8-15,3,False
S03,S03,1201,1201,L1-full,28,5-9-10,3,False
S03,S03,1201,1201,L1-full,29,0-4-5,3,False
S03,S03,1201,1201,L1-top8,1,0-1,2,True
S03,S03,1201,1201,L1-top8,2,4-5-6,3,True
S03,S03,1201,1201,L1-top8,3,2-3,2,True
S03,S03,1201,1201,L1-top8,4,7-8-9,3,True
S03,S03,1201,1201,L1-top8,5,9-11-13,3,False
S03,S03,1201,1201,L1-top8,6,10-13-15,3,False
S03,S03,1201,1201,L1-top8,7,6-8-9,3,False
S03,S03,1201,1201,L1-top8,8,2-12,2,False
S03,S03,1201,1201,L1-match,1,0-1,2,True
S03,S03,1201,1201,L1-match,2,4-5-6,3,True
S03,S03,1201,1201,L1-match,3,2-3,2,True
S03,S03,1201,1201,L1-match,4,7-8-9,3,True
S03,S03,1201,1201,SHIL-k8,1,0-1,2,True
S03,S03,1201,1201,SHIL-k8,2,2-3,2,True
S03,S03,1201,1201,SHIL-k8,3,4-5-6,3,True
S03,S03,1201,1201,SHIL-k8,4,7-8-9,3,True
S03,S03,1201,1201,SHIL-k8,5,9-11-13,3,False
S03,S03,1201,1201,SHIL-k8,6,2-12,2,False
S03,S03,1201,1201,SHIL-k8,7,6-8-11,3,False
S03,S03,1201,1201,SHIL-k8,8,0-6-11,3,False
S03,S03,1201,1201,SC-L1,1,0-1,2,True
S03,S03,1201,1201,SC-L1,2,2-3,2,True
S03,S03,1201,1201,SC-L1,3,4-5-6,3,True
S03,S03,1201,1201,SC-L1,4,7-8-9,3,True
S03,S03,1201,1201,SC-SHIL,1,0-1,2,True
S03,S03,1201,1201,SC-SHIL,2,2-3,2,True
S03,S03,1201,1201,SC-SHIL,3,4-5-6,3,True
S03,S03,1201,1201,SC-SHIL,4,7-8-9,3,True
S03,S03,1213,1213,L1-full,1,0-1,2,True
S03,S03,1213,1213,L1-full,2,4-5-6,3,True
S03,S03,1213,1213,L1-full,3,2-3,2,True
S03,S03,1213,1213,L1-full,4,7-8-9,3,True
S03,S03,1213,1213,L1-full,5,3-12-14,3,False
S03,S03,1213,1213,L1-full,6,0-12-15,3,False
S03,S03,1213,1213,L1-full,7,3-10-13,3,False
S03,S03,1213,1213,L1-full,8,6-10-13,3,False
S03,S03,1213,1213,L1-full,9,0-10-15,3,False
S03,S03,1213,1213,L1-full,10,5-13-14,3,False
S03,S03,1213,1213,L1-full,11,12-14-15,3,False
S03,S03,1213,1213,L1-full,12,1-3-14,3,False
S03,S03,1213,1213,L1-full,13,6-10-12,3,False
S03,S03,1213,1213,L1-full,14,3-8-10,3,False
S03,S03,1213,1213,L1-full,15,7-13-15,3,False
S03,S03,1213,1213,L1-full,16,3-5,2,False
S03,S03,1213,1213,L1-full,17,4-11-14,3,False
S03,S03,1213,1213,L1-full,18,10-12-15,3,False
S03,S03,1213,1213,L1-full,19,6-12-13,3,False
S03,S03,1213,1213,L1-full,20,6-15,2,False
S03,S03,1213,1213,L1-full,21,5-8-12,3,False
S03,S03,1213,1213,L1-full,22,7-12-15,3,False
S03,S03,1213,1213,L1-full,23,0-8-15,3,False
S03,S03,1213,1213,L1-full,24,13-15,2,False
S03,S03,1213,1213,L1-full,25,4-7-11,3,False
S03,S03,1213,1213,L1-full,26,1-3-12,3,False
S03,S03,1213,1213,L1-full,27,5-10-12,3,False
S03,S03,1213,1213,L1-full,28,3-6-14,3,False
S03,S03,1213,1213,L1-full,29,7-14,2,False
S03,S03,1213,1213,L1-full,30,2-14-15,3,False
S03,S03,1213,1213,L1-full,31,5-11-13,3,False
S03,S03,1213,1213,L1-full,32,12-15,2,False
S03,S03,1213,1213,L1-full,33,2-7-10,3,False
S03,S03,1213,1213,L1-full,34,1-9-12,3,False
S03,S03,1213,1213,L1-full,35,13-14-15,3,False
S03,S03,1213,1213,L1-full,36,4-8-12,3,False
S03,S03,1213,1213,L1-full,37,8-12-15,3,False
S03,S03,1213,1213,L1-full,38,3-10-11,3,False
S03,S03,1213,1213,L1-full,39,0-10-11,3,False
S03,S03,1213,1213,L1-full,40,8-14-15,3,False
S03,S03,1213,1213,L1-full,41,3-7-14,3,False
S03,S03,1213,1213,L1-top8,1,0-1,2,True
S03,S03,1213,1213,L1-top8,2,4-5-6,3,True
S03,S03,1213,1213,L1-top8,3,2-3,2,True
S03,S03,1213,1213,L1-top8,4,7-8-9,3,True
S03,S03,1213,1213,L1-top8,5,3-12-14,3,False
S03,S03,1213,1213,L1-top8,6,0-12-15,3,False
S03,S03,1213,1213,L1-top8,7,3-10-13,3,False
S03,S03,1213,1213,L1-top8,8,6-10-13,3,False
S03,S03,1213,1213,L1-match,1,0-1,2,True
S03,S03,1213,1213,L1-match,2,4-5-6,3,True
S03,S03,1213,1213,L1-match,3,2-3,2,True
S03,S03,1213,1213,L1-match,4,7-8-9,3,True
S03,S03,1213,1213,SHIL-k8,1,0-1,2,True
S03,S03,1213,1213,SHIL-k8,2,2-3,2,True
S03,S03,1213,1213,SHIL-k8,3,4-5-6,3,True
S03,S03,1213,1213,SHIL-k8,4,7-8-9,3,True
S03,S03,1213,1213,SHIL-k8,5,1-5-8,3,False
S03,S03,1213,1213,SHIL-k8,6,1-2-7,3,False
S03,S03,1213,1213,SHIL-k8,7,5-11-15,3,False
S03,S03,1213,1213,SHIL-k8,8,3-15,2,False
S03,S03,1213,1213,SC-L1,1,0-1,2,True
S03,S03,1213,1213,SC-L1,2,2-3,2,True
S03,S03,1213,1213,SC-L1,3,4-5-6,3,True
S03,S03,1213,1213,SC-L1,4,7-8-9,3,True
S03,S03,1213,1213,SC-SHIL,1,0-1,2,True
S03,S03,1213,1213,SC-SHIL,2,2-3,2,True
S03,S03,1213,1213,SC-SHIL,3,4-5-6,3,True
S03,S03,1213,1213,SC-SHIL,4,7-8-9,3,True
S03,S03,1231,1231,L1-full,1,0-1,2,True
S03,S03,1231,1231,L1-full,2,2-3,2,True
S03,S03,1231,1231,L1-full,3,4-5-6,3,True
S03,S03,1231,1231,L1-full,4,7-8-9,3,True
S03,S03,1231,1231,L1-full,5,1-3-8,3,False
S03,S03,1231,1231,L1-full,6,2-11,2,False
S03,S03,1231,1231,L1-full,7,1-8,2,False
S03,S03,1231,1231,L1-full,8,10-12-13,3,False
S03,S03,1231,1231,L1-full,9,2-7-10,3,False
S03,S03,1231,1231,L1-full,10,7-10-12,3,False
S03,S03,1231,1231,L1-full,11,0-7-15,3,False
S03,S03,1231,1231,L1-full,12,6-8-10,3,False
S03,S03,1231,1231,L1-full,13,1-13-15,3,False
S03,S03,1231,1231,L1-full,14,0-4-8,3,False
S03,S03,1231,1231,L1-full,15,6-10,2,False
S03,S03,1231,1231,L1-full,16,7-14-15,3,False
S03,S03,1231,1231,L1-full,17,0-9-13,3,False
S03,S03,1231,1231,L1-full,18,3-11-12,3,False
S03,S03,1231,1231,L1-full,19,0-13-15,3,False
S03,S03,1231,1231,L1-full,20,1-2-5,3,False
S03,S03,1231,1231,L1-full,21,4-9-15,3,False
S03,S03,1231,1231,L1-full,22,11-14,2,False
S03,S03,1231,1231,L1-full,23,7-11-14,3,False
S03,S03,1231,1231,L1-full,24,0-10-12,3,False
S03,S03,1231,1231,L1-full,25,5-7-8,3,False
S03,S03,1231,1231,L1-full,26,0-5-15,3,False
S03,S03,1231,1231,L1-full,27,9-11-15,3,False
S03,S03,1231,1231,L1-full,28,0-10-13,3,False
S03,S03,1231,1231,L1-full,29,5-8-12,3,False
S03,S03,1231,1231,L1-full,30,1-2-12,3,False
S03,S03,1231,1231,L1-full,31,5-10,2,False
S03,S03,1231,1231,L1-full,32,0-5-12,3,False
S03,S03,1231,1231,L1-full,33,1-4-13,3,False
S03,S03,1231,1231,L1-full,34,0-3-11,3,False
S03,S03,1231,1231,L1-full,35,10-11-15,3,False
S03,S03,1231,1231,L1-full,36,0-2-7,3,False
S03,S03,1231,1231,L1-full,37,0-14,2,False
S03,S03,1231,1231,L1-full,38,4-7-12,3,False
S03,S03,1231,1231,L1-top8,1,0-1,2,True
S03,S03,1231,1231,L1-top8,2,2-3,2,True
S03,S03,1231,1231,L1-top8,3,4-5-6,3,True
S03,S03,1231,1231,L1-top8,4,7-8-9,3,True
S03,S03,1231,1231,L1-top8,5,1-3-8,3,False
S03,S03,1231,1231,L1-top8,6,2-11,2,False
S03,S03,1231,1231,L1-top8,7,1-8,2,False
S03,S03,1231,1231,L1-top8,8,10-12-13,3,False
S03,S03,1231,1231,L1-match,1,0-1,2,True
S03,S03,1231,1231,L1-match,2,2-3,2,True
S03,S03,1231,1231,L1-match,3,4-5-6,3,True
S03,S03,1231,1231,L1-match,4,7-8-9,3,True
S03,S03,1231,1231,SHIL-k8,1,2-3,2,True
S03,S03,1231,1231,SHIL-k8,2,0-1,2,True
S03,S03,1231,1231,SHIL-k8,3,7-8-9,3,True
S03,S03,1231,1231,SHIL-k8,4,4-5-6,3,True
S03,S03,1231,1231,SHIL-k8,5,7-11-14,3,False
S03,S03,1231,1231,SHIL-k8,6,3-7-9,3,False
S03,S03,1231,1231,SHIL-k8,7,3-4-12,3,False
S03,S03,1231,1231,SHIL-k8,8,1-3-8,3,False
S03,S03,1231,1231,SC-L1,1,0-1,2,True
S03,S03,1231,1231,SC-L1,2,2-3,2,True
S03,S03,1231,1231,SC-L1,3,4-5-6,3,True
S03,S03,1231,1231,SC-L1,4,7-8-9,3,True
S03,S03,1231,1231,SC-SHIL,1,0-1,2,True
S03,S03,1231,1231,SC-SHIL,2,2-3,2,True
S03,S03,1231,1231,SC-SHIL,3,4-5-6,3,True
S03,S03,1231,1231,SC-SHIL,4,7-8-9,3,True
S03,S03,1249,1249,L1-full,1,0-1,2,True
S03,S03,1249,1249,L1-full,2,4-5-6,3,True
S03,S03,1249,1249,L1-full,3,2-3,2,True
S03,S03,1249,1249,L1-full,4,7-8-9,3,True
S03,S03,1249,1249,L1-full,5,0-11,2,False
S03,S03,1249,1249,L1-full,6,8-10-15,3,False
S03,S03,1249,1249,L1-full,7,2-6,2,False
S03,S03,1249,1249,L1-full,8,2-5-8,3,False
S03,S03,1249,1249,L1-full,9,9-12-14,3,False
S03,S03,1249,1249,L1-full,10,2-5-14,3,False
S03,S03,1249,1249,L1-full,11,9-13,2,False
S03,S03,1249,1249,L1-full,12,2-12,2,False
S03,S03,1249,1249,L1-full,13,3-5-15,3,False
S03,S03,1249,1249,L1-full,14,5-6-7,3,False
S03,S03,1249,1249,L1-full,15,4-14-15,3,False
S03,S03,1249,1249,L1-full,16,6-12,2,False
S03,S03,1249,1249,L1-full,17,2-8-11,3,False
S03,S03,1249,1249,L1-full,18,0-9-15,3,False
S03,S03,1249,1249,L1-full,19,0-6-7,3,False
S03,S03,1249,1249,L1-full,20,0-7,2,False
S03,S03,1249,1249,L1-full,21,6-7,2,False
S03,S03,1249,1249,L1-full,22,7-9-15,3,False
S03,S03,1249,1249,L1-full,23,0-12,2,False
S03,S03,1249,1249,L1-full,24,7-9-12,3,False
S03,S03,1249,1249,L1-full,25,7-10-11,3,False
S03,S03,1249,1249,L1-full,26,6-14,2,False
S03,S03,1249,1249,L1-full,27,1-4-15,3,False
S03,S03,1249,1249,L1-full,28,1-7-14,3,False
S03,S03,1249,1249,L1-full,29,2-10-12,3,False
S03,S03,1249,1249,L1-full,30,1-4-13,3,False
S03,S03,1249,1249,L1-full,31,6-8-10,3,False
S03,S03,1249,1249,L1-top8,1,0-1,2,True
S03,S03,1249,1249,L1-top8,2,4-5-6,3,True
S03,S03,1249,1249,L1-top8,3,2-3,2,True
S03,S03,1249,1249,L1-top8,4,7-8-9,3,True
S03,S03,1249,1249,L1-top8,5,0-11,2,False
S03,S03,1249,1249,L1-top8,6,8-10-15,3,False
S03,S03,1249,1249,L1-top8,7,2-6,2,False
S03,S03,1249,1249,L1-top8,8,2-5-8,3,False
S03,S03,1249,1249,L1-match,1,0-1,2,True
S03,S03,1249,1249,L1-match,2,4-5-6,3,True
S03,S03,1249,1249,L1-match,3,2-3,2,True
S03,S03,1249,1249,L1-match,4,7-8-9,3,True
S03,S03,1249,1249,SHIL-k8,1,0-1,2,True
S03,S03,1249,1249,SHIL-k8,2,2-3,2,True
S03,S03,1249,1249,SHIL-k8,3,4-5-6,3,True
S03,S03,1249,1249,SHIL-k8,4,7-8-9,3,True
S03,S03,1249,1249,SHIL-k8,5,1-5-10,3,False
S03,S03,1249,1249,SHIL-k8,6,2-5-8,3,False
S03,S03,1249,1249,SHIL-k8,7,2-6,2,False
S03,S03,1249,1249,SHIL-k8,8,4-8,2,False
S03,S03,1249,1249,SC-L1,1,0-1,2,True
S03,S03,1249,1249,SC-L1,2,2-3,2,True
S03,S03,1249,1249,SC-L1,3,4-5-6,3,True
S03,S03,1249,1249,SC-L1,4,7-8-9,3,True
S03,S03,1249,1249,SC-SHIL,1,0-1,2,True
S03,S03,1249,1249,SC-SHIL,2,2-3,2,True
S03,S03,1249,1249,SC-SHIL,3,4-5-6,3,True
S03,S03,1249,1249,SC-SHIL,4,7-8-9,3,True
S03,S03,1277,1277,L1-full,1,0-1,2,True
S03,S03,1277,1277,L1-full,2,2-3,2,True
S03,S03,1277,1277,L1-full,3,4-5-6,3,True
S03,S03,1277,1277,L1-full,4,7-8-9,3,True
S03,S03,1277,1277,L1-full,5,2-12-14,3,False
S03,S03,1277,1277,L1-full,6,13-15,2,False
S03,S03,1277,1277,L1-full,7,2-7-14,3,False
S03,S03,1277,1277,L1-full,8,8-14-15,3,False
S03,S03,1277,1277,L1-full,9,5-10-14,3,False
S03,S03,1277,1277,L1-full,10,0-11,2,False
S03,S03,1277,1277,L1-full,11,5-7-15,3,False
S03,S03,1277,1277,L1-full,12,2-14,2,False
S03,S03,1277,1277,L1-full,13,12-14,2,False
S03,S03,1277,1277,L1-full,14,4-9-14,3,False
S03,S03,1277,1277,L1-full,15,4-8-13,3,False
S03,S03,1277,1277,L1-full,16,1-10-14,3,False
S03,S03,1277,1277,L1-full,17,6-8-12,3,False
S03,S03,1277,1277,L1-full,18,0-3-5,3,False
S03,S03,1277,1277,L1-full,19,0-3-15,3,False
S03,S03,1277,1277,L1-full,20,1-10-11,3,False
S03,S03,1277,1277,L1-full,21,3-11-14,3,False
S03,S03,1277,1277,L1-full,22,1-4-11,3,False
S03,S03,1277,1277,L1-full,23,0-8-13,3,False
S03,S03,1277,1277,L1-full,24,11-15,2,False
S03,S03,1277,1277,L1-full,25,5-14,2,False
S03,S03,1277,1277,L1-full,26,6-8-15,3,False
S03,S03,1277,1277,L1-full,27,2-15,2,False
S03,S03,1277,1277,L1-full,28,3-12-15,3,False
S03,S03,1277,1277,L1-full,29,11-14,2,False
S03,S03,1277,1277,L1-full,30,4-10,2,False
S03,S03,1277,1277,L1-full,31,9-12-14,3,False
S03,S03,1277,1277,L1-full,32,11-12-15,3,False
S03,S03,1277,1277,L1-full,33,0-9-15,3,False
S03,S03,1277,1277,L1-full,34,5-6-15,3,False
S03,S03,1277,1277,L1-full,35,1-9-11,3,False
S03,S03,1277,1277,L1-full,36,2-4-9,3,False
S03,S03,1277,1277,L1-full,37,8-11-14,3,False
S03,S03,1277,1277,L1-full,38,4-7-8,3,False
S03,S03,1277,1277,L1-top8,1,0-1,2,True
S03,S03,1277,1277,L1-top8,2,2-3,2,True
S03,S03,1277,1277,L1-top8,3,4-5-6,3,True
S03,S03,1277,1277,L1-top8,4,7-8-9,3,True
S03,S03,1277,1277,L1-top8,5,2-12-14,3,False
S03,S03,1277,1277,L1-top8,6,13-15,2,False
S03,S03,1277,1277,L1-top8,7,2-7-14,3,False
S03,S03,1277,1277,L1-top8,8,8-14-15,3,False
S03,S03,1277,1277,L1-match,1,0-1,2,True
S03,S03,1277,1277,L1-match,2,2-3,2,True
S03,S03,1277,1277,L1-match,3,4-5-6,3,True
S03,S03,1277,1277,L1-match,4,7-8-9,3,True
S03,S03,1277,1277,SHIL-k8,1,0-1,2,True
S03,S03,1277,1277,SHIL-k8,2,2-3,2,True
S03,S03,1277,1277,SHIL-k8,3,4-5-6,3,True
S03,S03,1277,1277,SHIL-k8,4,7-8-9,3,True
S03,S03,1277,1277,SHIL-k8,5,3-10,2,False
S03,S03,1277,1277,SHIL-k8,6,1-9-11,3,False
S03,S03,1277,1277,SHIL-k8,7,1-10-11,3,False
S03,S03,1277,1277,SHIL-k8,8,6-7-15,3,False
S03,S03,1277,1277,SC-L1,1,0-1,2,True
S03,S03,1277,1277,SC-L1,2,2-3,2,True
S03,S03,1277,1277,SC-L1,3,4-5-6,3,True
S03,S03,1277,1277,SC-L1,4,7-8-9,3,True
S03,S03,1277,1277,SC-SHIL,1,0-1,2,True
S03,S03,1277,1277,SC-SHIL,2,2-3,2,True
S03,S03,1277,1277,SC-SHIL,3,4-5-6,3,True
S03,S03,1277,1277,SC-SHIL,4,7-8-9,3,True
S04,S04,1103,1103,L1-full,1,4-5-6,3,True
S04,S04,1103,1103,L1-full,2,0-1,2,True
S04,S04,1103,1103,L1-full,3,2-3,2,True
S04,S04,1103,1103,L1-full,4,7-8-9,3,True
S04,S04,1103,1103,L1-full,5,3-5-7,3,False
S04,S04,1103,1103,L1-full,6,0-10,2,False
S04,S04,1103,1103,L1-full,7,6-11-12,3,False
S04,S04,1103,1103,L1-full,8,0-9-10,3,False
S04,S04,1103,1103,L1-full,9,3-9,2,False
S04,S04,1103,1103,L1-full,10,10-13,2,False
S04,S04,1103,1103,L1-full,11,1-6-11,3,False
S04,S04,1103,1103,L1-full,12,1-3-8,3,False
S04,S04,1103,1103,L1-full,13,5-9,2,False
S04,S04,1103,1103,L1-full,14,11-12,2,False
S04,S04,1103,1103,L1-full,15,2-14,2,False
S04,S04,1103,1103,L1-full,16,6-7,2,False
S04,S04,1103,1103,L1-full,17,5-9-12,3,False
S04,S04,1103,1103,L1-full,18,0-7-15,3,False
S04,S04,1103,1103,L1-full,19,8-12-14,3,False
S04,S04,1103,1103,L1-full,20,11-14-15,3,False
S04,S04,1103,1103,L1-full,21,5-11,2,False
S04,S04,1103,1103,L1-full,22,8-9-15,3,False
S04,S04,1103,1103,L1-full,23,1-4-8,3,False
S04,S04,1103,1103,L1-full,24,6-14,2,False
S04,S04,1103,1103,L1-full,25,6-8-12,3,False
S04,S04,1103,1103,L1-full,26,4-5-11,3,False
S04,S04,1103,1103,L1-full,27,3-14,2,False
S04,S04,1103,1103,L1-full,28,8-9,2,False
S04,S04,1103,1103,L1-full,29,6-11-13,3,False
S04,S04,1103,1103,L1-full,30,10-14-15,3,False
S04,S04,1103,1103,L1-full,31,7-8-10,3,False
S04,S04,1103,1103,L1-full,32,0-2-13,3,False
S04,S04,1103,1103,L1-full,33,13-14,2,False
S04,S04,1103,1103,L1-full,34,0-5-12,3,False
S04,S04,1103,1103,L1-full,35,5-11-15,3,False
S04,S04,1103,1103,L1-full,36,5-13,2,False
S04,S04,1103,1103,L1-full,37,1-2-14,3,False
S04,S04,1103,1103,L1-full,38,0-2-4,3,False
S04,S04,1103,1103,L1-full,39,2-11-14,3,False
S04,S04,1103,1103,L1-full,40,11-13-15,3,False
S04,S04,1103,1103,L1-full,41,0-9-13,3,False
S04,S04,1103,1103,L1-full,42,0-7-9,3,False
S04,S04,1103,1103,L1-full,43,11-15,2,False
S04,S04,1103,1103,L1-full,44,4-11-13,3,False
S04,S04,1103,1103,L1-full,45,9-12-15,3,False
S04,S04,1103,1103,L1-full,46,11-12-14,3,False
S04,S04,1103,1103,L1-full,47,1-11-13,3,False
S04,S04,1103,1103,L1-full,48,5-13-15,3,False
S04,S04,1103,1103,L1-full,49,2-12,2,False
S04,S04,1103,1103,L1-full,50,3-7-12,3,False
S04,S04,1103,1103,L1-full,51,6-10-12,3,False
S04,S04,1103,1103,L1-full,52,10-12-13,3,False
S04,S04,1103,1103,L1-full,53,6-11-14,3,False
S04,S04,1103,1103,L1-full,54,3-5-12,3,False
S04,S04,1103,1103,L1-full,55,5-7-9,3,False
S04,S04,1103,1103,L1-full,56,4-15,2,False
S04,S04,1103,1103,L1-full,57,3-8-13,3,False
S04,S04,1103,1103,L1-full,58,1-5-11,3,False
S04,S04,1103,1103,L1-full,59,4-11-12,3,False
S04,S04,1103,1103,L1-full,60,4-7,2,False
S04,S04,1103,1103,L1-full,61,8-13-15,3,False
S04,S04,1103,1103,L1-full,62,8-10-11,3,False
S04,S04,1103,1103,L1-full,63,7-13-15,3,False
S04,S04,1103,1103,L1-full,64,5-7-12,3,False
S04,S04,1103,1103,L1-full,65,5-8-10,3,False
S04,S04,1103,1103,L1-full,66,3-11-14,3,False
S04,S04,1103,1103,L1-full,67,4-5-7,3,False
S04,S04,1103,1103,L1-full,68,4-7-14,3,False
S04,S04,1103,1103,L1-full,69,5-6-10,3,False
S04,S04,1103,1103,L1-full,70,0-3-10,3,False
S04,S04,1103,1103,L1-full,71,8-11-12,3,False
S04,S04,1103,1103,L1-full,72,1-6-7,3,False
S04,S04,1103,1103,L1-full,73,4-8-11,3,False
S04,S04,1103,1103,L1-full,74,2-9,2,False
S04,S04,1103,1103,L1-full,75,0-8-12,3,False
S04,S04,1103,1103,L1-full,76,2-5-15,3,False
S04,S04,1103,1103,L1-full,77,7-12,2,False
S04,S04,1103,1103,L1-full,78,4-13-15,3,False
S04,S04,1103,1103,L1-full,79,3-13,2,False
S04,S04,1103,1103,L1-full,80,4-6,2,False
S04,S04,1103,1103,L1-full,81,0-1-7,3,False
S04,S04,1103,1103,L1-full,82,2-4-13,3,False
S04,S04,1103,1103,L1-full,83,7-9-13,3,False
S04,S04,1103,1103,L1-full,84,2-5-7,3,False
S04,S04,1103,1103,L1-full,85,1-9-11,3,False
S04,S04,1103,1103,L1-full,86,8-10,2,False
S04,S04,1103,1103,L1-full,87,1-13-15,3,False
S04,S04,1103,1103,L1-full,88,3-4-8,3,False
S04,S04,1103,1103,L1-full,89,5-9-10,3,False
S04,S04,1103,1103,L1-full,90,0-12-15,3,False
S04,S04,1103,1103,L1-full,91,0-10-11,3,False
S04,S04,1103,1103,L1-full,92,2-10-14,3,False
S04,S04,1103,1103,L1-full,93,4-11,2,False
S04,S04,1103,1103,L1-full,94,2-7-15,3,False
S04,S04,1103,1103,L1-full,95,4-10-12,3,False
S04,S04,1103,1103,L1-full,96,1-12-13,3,False
S04,S04,1103,1103,L1-full,97,2-6-13,3,False
S04,S04,1103,1103,L1-full,98,1-15,2,False
S04,S04,1103,1103,L1-full,99,0-7-13,3,False
S04,S04,1103,1103,L1-full,100,5-8-14,3,False
S04,S04,1103,1103,L1-full,101,8-11-15,3,False
S04,S04,1103,1103,L1-full,102,12-13-15,3,False
S04,S04,1103,1103,L1-full,103,1-2-10,3,False
S04,S04,1103,1103,L1-full,104,4-10-14,3,False
S04,S04,1103,1103,L1-full,105,6-7-9,3,False
S04,S04,1103,1103,L1-full,106,4-5-15,3,False
S04,S04,1103,1103,L1-full,107,6-13-14,3,False
S04,S04,1103,1103,L1-full,108,4-7-10,3,False
S04,S04,1103,1103,L1-full,109,7-8-15,3,False
S04,S04,1103,1103,L1-full,110,2-4-15,3,False
S04,S04,1103,1103,L1-full,111,5-10-14,3,False
S04,S04,1103,1103,L1-full,112,5-6-9,3,False
S04,S04,1103,1103,L1-full,113,2-4-14,3,False
S04,S04,1103,1103,L1-full,114,7-8-11,3,False
S04,S04,1103,1103,L1-full,115,6-11-15,3,False
S04,S04,1103,1103,L1-full,116,3-8-12,3,False
S04,S04,1103,1103,L1-full,117,5-6-11,3,False
S04,S04,1103,1103,L1-full,118,0-12-13,3,False
S04,S04,1103,1103,L1-full,119,2-10,2,False
S04,S04,1103,1103,L1-full,120,8-15,2,False
S04,S04,1103,1103,L1-full,121,0-3-4,3,False
S04,S04,1103,1103,L1-full,122,6-10-15,3,False
S04,S04,1103,1103,L1-full,123,0-11-14,3,False
S04,S04,1103,1103,L1-full,124,6-12-15,3,False
S04,S04,1103,1103,L1-full,125,9-11,2,False
S04,S04,1103,1103,L1-full,126,3-10-12,3,False
S04,S04,1103,1103,L1-full,127,4-7-15,3,False
S04,S04,1103,1103,L1-full,128,13-15,2,False
S04,S04,1103,1103,L1-full,129,7-9-15,3,False
S04,S04,1103,1103,L1-full,130,7-12-13,3,False
S04,S04,1103,1103,L1-full,131,5-10-12,3,False
S04,S04,1103,1103,L1-full,132,4-8-12,3,False
S04,S04,1103,1103,L1-full,133,2-5-14,3,False
S04,S04,1103,1103,L1-full,134,9-11-12,3,False
S04,S04,1103,1103,L1-full,135,3-5-15,3,False
S04,S04,1103,1103,L1-full,136,2-5-13,3,False
S04,S04,1103,1103,L1-full,137,0-8-9,3,False
S04,S04,1103,1103,L1-top8,1,4-5-6,3,True
S04,S04,1103,1103,L1-top8,2,0-1,2,True
S04,S04,1103,1103,L1-top8,3,2-3,2,True
S04,S04,1103,1103,L1-top8,4,7-8-9,3,True
S04,S04,1103,1103,L1-top8,5,3-5-7,3,False
S04,S04,1103,1103,L1-top8,6,0-10,2,False
S04,S04,1103,1103,L1-top8,7,6-11-12,3,False
S04,S04,1103,1103,L1-top8,8,0-9-10,3,False
S04,S04,1103,1103,L1-match,1,4-5-6,3,True
S04,S04,1103,1103,L1-match,2,0-1,2,True
S04,S04,1103,1103,L1-match,3,2-3,2,True
S04,S04,1103,1103,L1-match,4,7-8-9,3,True
S04,S04,1103,1103,SHIL-k8,1,0-1,2,True
S04,S04,1103,1103,SHIL-k8,2,4-5-6,3,True
S04,S04,1103,1103,SHIL-k8,3,2-3,2,True
S04,S04,1103,1103,SHIL-k8,4,7-8-9,3,True
S04,S04,1103,1103,SHIL-k8,5,1-15,2,False
S04,S04,1103,1103,SHIL-k8,6,2-4-6,3,False
S04,S04,1103,1103,SHIL-k8,7,0-8-15,3,False
S04,S04,1103,1103,SHIL-k8,8,0-10,2,False
S04,S04,1103,1103,SC-L1,1,0-1,2,True
S04,S04,1103,1103,SC-L1,2,2-3,2,True
S04,S04,1103,1103,SC-L1,3,4-5-6,3,True
S04,S04,1103,1103,SC-L1,4,7-8-9,3,True
S04,S04,1103,1103,SC-SHIL,1,0-1,2,True
S04,S04,1103,1103,SC-SHIL,2,2-3,2,True
S04,S04,1103,1103,SC-SHIL,3,4-5-6,3,True
S04,S04,1103,1103,SC-SHIL,4,7-8-9,3,True
S04,S04,1129,1129,L1-full,1,0-1,2,True
S04,S04,1129,1129,L1-full,2,2-3,2,True
S04,S04,1129,1129,L1-full,3,4-5-6,3,True
S04,S04,1129,1129,L1-full,4,7-8-9,3,True
S04,S04,1129,1129,L1-full,5,1-5-15,3,False
S04,S04,1129,1129,L1-full,6,4-5-11,3,False
S04,S04,1129,1129,L1-full,7,4-6,2,False
S04,S04,1129,1129,L1-full,8,6-10,2,False
S04,S04,1129,1129,L1-full,9,9-11-12,3,False
S04,S04,1129,1129,L1-full,10,4-11-14,3,False
S04,S04,1129,1129,L1-full,11,3-4-15,3,False
S04,S04,1129,1129,L1-full,12,8-12-15,3,False
S04,S04,1129,1129,L1-full,13,8-12,2,False
S04,S04,1129,1129,L1-full,14,5-13-14,3,False
S04,S04,1129,1129,L1-full,15,6-11-14,3,False
S04,S04,1129,1129,L1-full,16,2-8-11,3,False
S04,S04,1129,1129,L1-full,17,3-7-13,3,False
S04,S04,1129,1129,L1-full,18,5-8-10,3,False
S04,S04,1129,1129,L1-full,19,6-11-12,3,False
S04,S04,1129,1129,L1-full,20,6-15,2,False
S04,S04,1129,1129,L1-full,21,0-14-15,3,False
S04,S04,1129,1129,L1-full,22,0-4-10,3,False
S04,S04,1129,1129,L1-full,23,0-4-7,3,False
S04,S04,1129,1129,L1-full,24,6-8-11,3,False
S04,S04,1129,1129,L1-full,25,8-13-15,3,False
S04,S04,1129,1129,L1-full,26,3-5-11,3,False
S04,S04,1129,1129,L1-full,27,2-4-6,3,False
S04,S04,1129,1129,L1-full,28,2-9-10,3,False
S04,S04,1129,1129,L1-full,29,0-2-8,3,False
S04,S04,1129,1129,L1-full,30,0-9-13,3,False
S04,S04,1129,1129,L1-full,31,0-2-9,3,False
S04,S04,1129,1129,L1-full,32,4-12-13,3,False
S04,S04,1129,1129,L1-full,33,1-3-11,3,False
S04,S04,1129,1129,L1-full,34,6-7-10,3,False
S04,S04,1129,1129,L1-full,35,12-13-15,3,False
S04,S04,1129,1129,L1-full,36,1-6-11,3,False
S04,S04,1129,1129,L1-full,37,1-13-15,3,False
S04,S04,1129,1129,L1-full,38,0-2-12,3,False
S04,S04,1129,1129,L1-full,39,3-6-13,3,False
S04,S04,1129,1129,L1-full,40,1-7-8,3,False
S04,S04,1129,1129,L1-full,41,0-5,2,False
S04,S04,1129,1129,L1-full,42,3-9,2,False
S04,S04,1129,1129,L1-full,43,6-10-13,3,False
S04,S04,1129,1129,L1-full,44,7-10-14,3,False
S04,S04,1129,1129,L1-full,45,11-13,2,False
S04,S04,1129,1129,L1-full,46,11-15,2,False
S04,S04,1129,1129,L1-full,47,8-10-12,3,False
S04,S04,1129,1129,L1-full,48,4-10-11,3,False
S04,S04,1129,1129,L1-full,49,5-7,2,False
S04,S04,1129,1129,L1-full,50,1-10-12,3,False
S04,S04,1129,1129,L1-full,51,3-8-15,3,False
S04,S04,1129,1129,L1-full,52,6-8-14,3,False
S04,S04,1129,1129,L1-full,53,6-14-15,3,False
S04,S04,1129,1129,L1-full,54,2-6-8,3,False
S04,S04,1129,1129,L1-full,55,0-8-12,3,False
S04,S04,1129,1129,L1-full,56,1-12-14,3,False
S04,S04,1129,1129,L1-full,57,1-5-11,3,False
S04,S04,1129,1129,L1-full,58,1-12-15,3,False
S04,S04,1129,1129,L1-full,59,4-5-14,3,False
S04,S04,1129,1129,L1-full,60,3-10-11,3,False
S04,S04,1129,1129,L1-full,61,4-10,2,False
S04,S04,1129,1129,L1-full,62,0-3-11,3,False
S04,S04,1129,1129,L1-full,63,1-7-11,3,False
S04,S04,1129,1129,L1-full,64,6-9-14,3,False
S04,S04,1129,1129,L1-full,65,3-13-14,3,False
S04,S04,1129,1129,L1-full,66,9-11-14,3,False
S04,S04,1129,1129,L1-full,67,8-11-15,3,False
S04,S04,1129,1129,L1-full,68,0-2-5,3,False
S04,S04,1129,1129,L1-full,69,5-7-13,3,False
S04,S04,1129,1129,L1-full,70,4-7,2,False
S04,S04,1129,1129,L1-full,71,5-9-15,3,False
S04,S04,1129,1129,L1-full,72,7-13,2,False
S04,S04,1129,1129,L1-full,73,10-15,2,False
S04,S04,1129,1129,L1-full,74,7-12,2,False
S04,S04,1129,1129,L1-full,75,2-11-15,3,False
S04,S04,1129,1129,L1-full,76,2-10-15,3,False
S04,S04,1129,1129,L1-full,77,7-9,2,False
S04,S04,1129,1129,L1-full,78,2-12,2,False
S04,S04,1129,1129,L1-full,79,5-10-12,3,False
S04,S04,1129,1129,L1-full,80,1-11,2,False
S04,S04,1129,1129,L1-full,81,4-7-13,3,False
S04,S04,1129,1129,L1-full,82,4-7-11,3,False
S04,S04,1129,1129,L1-full,83,8-9-13,3,False
S04,S04,1129,1129,L1-full,84,1-9-14,3,False
S04,S04,1129,1129,L1-full,85,7-10-13,3,False
S04,S04,1129,1129,L1-full,86,0-6-7,3,False
S04,S04,1129,1129,L1-full,87,3-8-13,3,False
S04,S04,1129,1129,L1-full,88,2-3-14,3,False
S04,S04,1129,1129,L1-full,89,2-7,2,False
S04,S04,1129,1129,L1-full,90,2-11,2,False
S04,S04,1129,1129,L1-full,91,7-8-13,3,False
S04,S04,1129,1129,L1-full,92,3-11,2,False
S04,S04,1129,1129,L1-full,93,0-6-14,3,False
S04,S04,1129,1129,L1-full,94,8-11,2,False
S04,S04,1129,1129,L1-full,95,1-11-13,3,False
S04,S04,1129,1129,L1-full,96,1-7-13,3,False
S04,S04,1129,1129,L1-full,97,1-4-7,3,False
S04,S04,1129,1129,L1-full,98,3-10-14,3,False
S04,S04,1129,1129,L1-full,99,11-12-15,3,False
S04,S04,1129,1129,L1-full,100,5-6-14,3,False
S04,S04,1129,1129,L1-full,101,4-5-8,3,False
S04,S04,1129,1129,L1-full,102,7-8-12,3,False
S04,S04,1129,1129,L1-full,103,0-8-13,3,False
S04,S04,1129,1129,L1-full,104,1-9-12,3,False
S04,S04,1129,1129,L1-full,105,0-1-3,3,False
S04,S04,1129,1129,L1-full,106,6-12-13,3,False
S04,S04,1129,1129,L1-full,107,7-8-14,3,False
S04,S04,1129,1129,L1-full,108,0-9-11,3,False
S04,S04,1129,1129,L1-full,109,4-10-15,3,False
S04,S04,1129,1129,L1-full,110,0-6-10,3,False
S04,S04,1129,1129,L1-full,111,7-13-15,3,False
S04,S04,1129,1129,L1-full,112,2-4-13,3,False
S04,S04,1129,1129,L1-full,113,2-6-14,3,False
S04,S04,1129,1129,L1-full,114,8-13-14,3,False
S04,S04,1129,1129,L1-full,115,0-9-14,3,False
S04,S04,1129,1129,L1-full,116,4-10-14,3,False
S04,S04,1129,1129,L1-full,117,1-3-6,3,False
S04,S04,1129,1129,L1-full,118,7-11-14,3,False
S04,S04,1129,1129,L1-full,119,6-7-14,3,False
S04,S04,1129,1129,L1-full,120,3-7-10,3,False
S04,S04,1129,1129,L1-full,121,9-10-15,3,False
S04,S04,1129,1129,L1-full,122,12-14-15,3,False
S04,S04,1129,1129,L1-full,123,7-14,2,False
S04,S04,1129,1129,L1-full,124,7-13-14,3,False
S04,S04,1129,1129,L1-full,125,8-11-13,3,False
S04,S04,1129,1129,L1-full,126,14-15,2,False
S04,S04,1129,1129,L1-full,127,4-15,2,False
S04,S04,1129,1129,L1-full,128,6-10-14,3,False
S04,S04,1129,1129,L1-full,129,7-14-15,3,False
S04,S04,1129,1129,L1-full,130,5-12-15,3,False
S04,S04,1129,1129,L1-full,131,1-4-11,3,False
S04,S04,1129,1129,L1-full,132,12-13,2,False
S04,S04,1129,1129,L1-full,133,6-10-12,3,False
S04,S04,1129,1129,L1-full,134,0-12-13,3,False
S04,S04,1129,1129,L1-full,135,6-9-11,3,False
S04,S04,1129,1129,L1-full,136,5-7-10,3,False
S04,S04,1129,1129,L1-full,137,1-3-15,3,False
S04,S04,1129,1129,L1-full,138,6-7,2,False
S04,S04,1129,1129,L1-full,139,0-15,2,False
S04,S04,1129,1129,L1-full,140,2-14-15,3,False
S04,S04,1129,1129,L1-full,141,4-8-12,3,False
S04,S04,1129,1129,L1-full,142,10-13-14,3,False
S04,S04,1129,1129,L1-full,143,2-4,2,False
S04,S04,1129,1129,L1-full,144,9-14,2,False
S04,S04,1129,1129,L1-full,145,7-12-15,3,False
S04,S04,1129,1129,L1-full,146,2-8-14,3,False
S04,S04,1129,1129,L1-full,147,0-12,2,False
S04,S04,1129,1129,L1-full,148,12-14,2,False
S04,S04,1129,1129,L1-full,149,4-10-13,3,False
S04,S04,1129,1129,L1-full,150,0-6-9,3,False
S04,S04,1129,1129,L1-full,151,5-6-13,3,False
S04,S04,1129,1129,L1-full,152,6-13,2,False
S04,S04,1129,1129,L1-top8,1,0-1,2,True
S04,S04,1129,1129,L1-top8,2,2-3,2,True
S04,S04,1129,1129,L1-top8,3,4-5-6,3,True
S04,S04,1129,1129,L1-top8,4,7-8-9,3,True
S04,S04,1129,1129,L1-top8,5,1-5-15,3,False
S04,S04,1129,1129,L1-top8,6,4-5-11,3,False
S04,S04,1129,1129,L1-top8,7,4-6,2,False
S04,S04,1129,1129,L1-top8,8,6-10,2,False
S04,S04,1129,1129,L1-match,1,0-1,2,True
S04,S04,1129,1129,L1-match,2,2-3,2,True
S04,S04,1129,1129,L1-match,3,4-5-6,3,True
S04,S04,1129,1129,L1-match,4,7-8-9,3,True
S04,S04,1129,1129,SHIL-k8,1,0-1,2,True
S04,S04,1129,1129,SHIL-k8,2,2-3,2,True
S04,S04,1129,1129,SHIL-k8,3,4-5-6,3,True
S04,S04,1129,1129,SHIL-k8,4,7-8-9,3,True
S04,S04,1129,1129,SHIL-k8,5,4-6-13,3,False
S04,S04,1129,1129,SHIL-k8,6,6-14-15,3,False
S04,S04,1129,1129,SHIL-k8,7,1-6-11,3,False
S04,S04,1129,1129,SHIL-k8,8,2-13,2,False
S04,S04,1129,1129,SC-L1,1,0-1,2,True
S04,S04,1129,1129,SC-L1,2,2-3,2,True
S04,S04,1129,1129,SC-L1,3,4-5-6,3,True
S04,S04,1129,1129,SC-L1,4,7-8-9,3,True
S04,S04,1129,1129,SC-SHIL,1,0-1,2,True
S04,S04,1129,1129,SC-SHIL,2,2-3,2,True
S04,S04,1129,1129,SC-SHIL,3,4-5-6,3,True
S04,S04,1129,1129,SC-SHIL,4,7-8-9,3,True
S04,S04,1151,1151,L1-full,1,0-1,2,True
S04,S04,1151,1151,L1-full,2,4-5-6,3,True
S04,S04,1151,1151,L1-full,3,2-3,2,True
S04,S04,1151,1151,L1-full,4,7-8-9,3,True
S04,S04,1151,1151,L1-full,5,0-15,2,False
S04,S04,1151,1151,L1-full,6,7-9-10,3,False
S04,S04,1151,1151,L1-full,7,1-3-5,3,False
S04,S04,1151,1151,L1-full,8,0-2-6,3,False
S04,S04,1151,1151,L1-full,9,0-3-8,3,False
S04,S04,1151,1151,L1-full,10,7-10-12,3,False
S04,S04,1151,1151,L1-full,11,4-6-9,3,False
S04,S04,1151,1151,L1-full,12,10-11-12,3,False
S04,S04,1151,1151,L1-full,13,5-8-15,3,False
S04,S04,1151,1151,L1-full,14,0-3,2,False
S04,S04,1151,1151,L1-full,15,11-12-15,3,False
S04,S04,1151,1151,L1-full,16,7-8,2,False
S04,S04,1151,1151,L1-full,17,4-6-12,3,False
S04,S04,1151,1151,L1-full,18,5-12-14,3,False
S04,S04,1151,1151,L1-full,19,2-7-11,3,False
S04,S04,1151,1151,L1-full,20,9-11-12,3,False
S04,S04,1151,1151,L1-full,21,1-3-7,3,False
S04,S04,1151,1151,L1-full,22,1-13,2,False
S04,S04,1151,1151,L1-full,23,1-8-10,3,False
S04,S04,1151,1151,L1-full,24,2-5-15,3,False
S04,S04,1151,1151,L1-full,25,3-6-11,3,False
S04,S04,1151,1151,L1-full,26,1-9-12,3,False
S04,S04,1151,1151,L1-full,27,2-11-13,3,False
S04,S04,1151,1151,L1-full,28,1-11,2,False
S04,S04,1151,1151,L1-full,29,0-8,2,False
S04,S04,1151,1151,L1-full,30,4-9-15,3,False
S04,S04,1151,1151,L1-full,31,7-11-12,3,False
S04,S04,1151,1151,L1-full,32,4-8-13,3,False
S04,S04,1151,1151,L1-full,33,4-8-15,3,False
S04,S04,1151,1151,L1-full,34,0-7-10,3,False
S04,S04,1151,1151,L1-full,35,3-5-6,3,False
S04,S04,1151,1151,L1-full,36,7-10-11,3,False
S04,S04,1151,1151,L1-full,37,1-8-15,3,False
S04,S04,1151,1151,L1-full,38,1-7-12,3,False
S04,S04,1151,1151,L1-full,39,2-10-13,3,False
S04,S04,1151,1151,L1-full,40,8-11,2,False
S04,S04,1151,1151,L1-full,41,10-13,2,False
S04,S04,1151,1151,L1-full,42,1-7-15,3,False
S04,S04,1151,1151,L1-full,43,3-9-12,3,False
S04,S04,1151,1151,L1-full,44,3-9-13,3,False
S04,S04,1151,1151,L1-full,45,7-13,2,False
S04,S04,1151,1151,L1-full,46,8-11-15,3,False
S04,S04,1151,1151,L1-full,47,1-3-15,3,False
S04,S04,1151,1151,L1-full,48,4-6-14,3,False
S04,S04,1151,1151,L1-full,49,9-13-14,3,False
S04,S04,1151,1151,L1-full,50,3-7-11,3,False
S04,S04,1151,1151,L1-full,51,3-9-11,3,False
S04,S04,1151,1151,L1-full,52,2-9-13,3,False
S04,S04,1151,1151,L1-full,53,3-4-10,3,False
S04,S04,1151,1151,L1-full,54,5-11-13,3,False
S04,S04,1151,1151,L1-full,55,3-10-11,3,False
S04,S04,1151,1151,L1-full,56,3-6-10,3,False
S04,S04,1151,1151,L1-full,57,12-13-14,3,False
S04,S04,1151,1151,L1-full,58,5-6-9,3,False
S04,S04,1151,1151,L1-full,59,4-14,2,False
S04,S04,1151,1151,L1-full,60,0-4-7,3,False
S04,S04,1151,1151,L1-full,61,5-14-15,3,False
S04,S04,1151,1151,L1-full,62,3-10-15,3,False
S04,S04,1151,1151,L1-full,63,3-11-13,3,False
S04,S04,1151,1151,L1-full,64,2-3-8,3,False
S04,S04,1151,1151,L1-full,65,0-11,2,False
S04,S04,1151,1151,L1-full,66,4-10-12,3,False
S04,S04,1151,1151,L1-full,67,8-10-15,3,False
S04,S04,1151,1151,L1-full,68,0-8-13,3,False
S04,S04,1151,1151,L1-full,69,8-14-15,3,False
S04,S04,1151,1151,L1-full,70,0-2,2,False
S04,S04,1151,1151,L1-full,71,4-8,2,False
S04,S04,1151,1151,L1-full,72,1-4-6,3,False
S04,S04,1151,1151,L1-full,73,4-12-15,3,False
S04,S04,1151,1151,L1-full,74,5-8-13,3,False
S04,S04,1151,1151,L1-full,75,1-2-12,3,False
S04,S04,1151,1151,L1-full,76,4-6-8,3,False
S04,S04,1151,1151,L1-full,77,1-4-10,3,False
S04,S04,1151,1151,L1-full,78,6-8-13,3,False
S04,S04,1151,1151,L1-full,79,11-13,2,False
S04,S04,1151,1151,L1-full,80,1-2-15,3,False
S04,S04,1151,1151,L1-full,81,3-5-7,3,False
S04,S04,1151,1151,L1-full,82,1-4,2,False
S04,S04,1151,1151,L1-full,83,5-7-14,3,False
S04,S04,1151,1151,L1-full,84,0-4-13,3,False
S04,S04,1151,1151,L1-full,85,1-4-9,3,False
S04,S04,1151,1151,L1-full,86,6-8-9,3,False
S04,S04,1151,1151,L1-full,87,7-12,2,False
S04,S04,1151,1151,L1-full,88,10-13-15,3,False
S04,S04,1151,1151,L1-full,89,8-9-14,3,False
S04,S04,1151,1151,L1-full,90,2-11-12,3,False
S04,S04,1151,1151,L1-full,91,10-15,2,False
S04,S04,1151,1151,L1-full,92,3-12-13,3,False
S04,S04,1151,1151,L1-full,93,9-10-12,3,False
S04,S04,1151,1151,L1-full,94,6-11-12,3,False
S04,S04,1151,1151,L1-full,95,8-15,2,False
S04,S04,1151,1151,L1-full,96,11-15,2,False
S04,S04,1151,1151,L1-full,97,5-9-13,3,False
S04,S04,1151,1151,L1-full,98,1-10-12,3,False
S04,S04,1151,1151,L1-full,99,5-12-15,3,False
S04,S04,1151,1151,L1-full,100,1-14-15,3,False
S04,S04,1151,1151,L1-full,101,6-10-11,3,False
S04,S04,1151,1151,L1-full,102,2-9-15,3,False
S04,S04,1151,1151,L1-full,103,4-13-14,3,False
S04,S04,1151,1151,L1-full,104,11-14-15,3,False
S04,S04,1151,1151,L1-full,105,1-2-11,3,False
S04,S04,1151,1151,L1-full,106,12-14-15,3,False
S04,S04,1151,1151,L1-full,107,0-10-13,3,False
S04,S04,1151,1151,L1-full,108,6-7-15,3,False
S04,S04,1151,1151,L1-full,109,4-10,2,False
S04,S04,1151,1151,L1-full,110,6-9,2,False
S04,S04,1151,1151,L1-full,111,2-8-14,3,False
S04,S04,1151,1151,L1-full,112,6-9-13,3,False
S04,S04,1151,1151,L1-full,113,4-9-12,3,False
S04,S04,1151,1151,L1-full,114,2-5-9,3,False
S04,S04,1151,1151,L1-full,115,0-3-6,3,False
S04,S04,1151,1151,L1-full,116,1-12-14,3,False
S04,S04,1151,1151,L1-full,117,0-1-14,3,False
S04,S04,1151,1151,L1-full,118,1-13-15,3,False
S04,S04,1151,1151,L1-full,119,0-10-15,3,False
S04,S04,1151,1151,L1-full,120,0-3-13,3,False
S04,S04,1151,1151,L1-full,121,6-12,2,False
S04,S04,1151,1151,L1-full,122,6-15,2,False
S04,S04,1151,1151,L1-full,123,5-10-15,3,False
S04,S04,1151,1151,L1-full,124,2-14-15,3,False
S04,S04,1151,1151,L1-full,125,0-4-6,3,False
S04,S04,1151,1151,L1-full,126,10-14-15,3,False
S04,S04,1151,1151,L1-full,127,0-5-13,3,False
S04,S04,1151,1151,L1-full,128,9-10-11,3,False
S04,S04,1151,1151,L1-full,129,1-9-11,3,False
S04,S04,1151,1151,L1-full,130,14-15,2,False
S04,S04,1151,1151,L1-full,131,2-15,2,False
S04,S04,1151,1151,L1-full,132,1-5,2,False
S04,S04,1151,1151,L1-full,133,13-15,2,False
S04,S04,1151,1151,L1-full,134,0-9-11,3,False
S04,S04,1151,1151,L1-full,135,1-10-13,3,False
S04,S04,1151,1151,L1-full,136,3-8-9,3,False
S04,S04,1151,1151,L1-full,137,1-6-9,3,False
S04,S04,1151,1151,L1-full,138,7-8-10,3,False
S04,S04,1151,1151,L1-full,139,1-8-13,3,False
S04,S04,1151,1151,L1-full,140,2-3-9,3,False
S04,S04,1151,1151,L1-full,141,0-11-15,3,False
S04,S04,1151,1151,L1-full,142,2-5-6,3,False
S04,S04,1151,1151,L1-full,143,2-10-11,3,False
S04,S04,1151,1151,L1-full,144,6-8,2,False
S04,S04,1151,1151,L1-full,145,5-9-11,3,False
S04,S04,1151,1151,L1-full,146,13-14-15,3,False
S04,S04,1151,1151,L1-full,147,3-12-15,3,False
S04,S04,1151,1151,L1-full,148,2-3-7,3,False
S04,S04,1151,1151,L1-full,149,10-12,2,False
S04,S04,1151,1151,L1-top8,1,0-1,2,True
S04,S04,1151,1151,L1-top8,2,4-5-6,3,True
S04,S04,1151,1151,L1-top8,3,2-3,2,True
S04,S04,1151,1151,L1-top8,4,7-8-9,3,True
S04,S04,1151,1151,L1-top8,5,0-15,2,False
S04,S04,1151,1151,L1-top8,6,7-9-10,3,False
S04,S04,1151,1151,L1-top8,7,1-3-5,3,False
S04,S04,1151,1151,L1-top8,8,0-2-6,3,False
S04,S04,1151,1151,L1-match,1,0-1,2,True
S04,S04,1151,1151,L1-match,2,4-5-6,3,True
S04,S04,1151,1151,L1-match,3,2-3,2,True
S04,S04,1151,1151,L1-match,4,7-8-9,3,True
S04,S04,1151,1151,SHIL-k8,1,0-1,2,True
S04,S04,1151,1151,SHIL-k8,2,2-3,2,True
S04,S04,1151,1151,SHIL-k8,3,4-5-6,3,True
S04,S04,1151,1151,SHIL-k8,4,7-8-9,3,True
S04,S04,1151,1151,SHIL-k8,5,3-10-14,3,False
S04,S04,1151,1151,SHIL-k8,6,9-11-14,3,False
S04,S04,1151,1151,SHIL-k8,7,8-10-15,3,False
S04,S04,1151,1151,SHIL-k8,8,0-3,2,False
S04,S04,1151,1151,SC-L1,1,0-1,2,True
S04,S04,1151,1151,SC-L1,2,2-3,2,True
S04,S04,1151,1151,SC-L1,3,4-5-6,3,True
S04,S04,1151,1151,SC-L1,4,7-8-9,3,True
S04,S04,1151,1151,SC-SHIL,1,0-1,2,True
S04,S04,1151,1151,SC-SHIL,2,2-3,2,True
S04,S04,1151,1151,SC-SHIL,3,4-5-6,3,True
S04,S04,1151,1151,SC-SHIL,4,7-8-9,3,True
S04,S04,1171,1171,L1-full,1,0-1,2,True
S04,S04,1171,1171,L1-full,2,4-5-6,3,True
S04,S04,1171,1171,L1-full,3,2-3,2,True
S04,S04,1171,1171,L1-full,4,7-8-9,3,True
S04,S04,1171,1171,L1-full,5,2-7-15,3,False
S04,S04,1171,1171,L1-full,6,0-5-13,3,False
S04,S04,1171,1171,L1-full,7,4-10-15,3,False
S04,S04,1171,1171,L1-full,8,1-2-10,3,False
S04,S04,1171,1171,L1-full,9,6-7-14,3,False
S04,S04,1171,1171,L1-full,10,1-8-12,3,False
S04,S04,1171,1171,L1-full,11,4-9-10,3,False
S04,S04,1171,1171,L1-full,12,4-14-15,3,False
S04,S04,1171,1171,L1-full,13,4-8-14,3,False
S04,S04,1171,1171,L1-full,14,10-12,2,False
S04,S04,1171,1171,L1-full,15,2-6-10,3,False
S04,S04,1171,1171,L1-full,16,7-9,2,False
S04,S04,1171,1171,L1-full,17,6-14,2,False
S04,S04,1171,1171,L1-full,18,0-5-15,3,False
S04,S04,1171,1171,L1-full,19,1-13,2,False
S04,S04,1171,1171,L1-full,20,2-5-7,3,False
S04,S04,1171,1171,L1-full,21,13-14,2,False
S04,S04,1171,1171,L1-full,22,2-13,2,False
S04,S04,1171,1171,L1-full,23,11-14,2,False
S04,S04,1171,1171,L1-full,24,5-7-14,3,False
S04,S04,1171,1171,L1-full,25,2-4-11,3,False
S04,S04,1171,1171,L1-full,26,0-11-12,3,False
S04,S04,1171,1171,L1-full,27,1-7,2,False
S04,S04,1171,1171,L1-full,28,4-7-13,3,False
S04,S04,1171,1171,L1-full,29,1-13-15,3,False
S04,S04,1171,1171,L1-full,30,1-6-7,3,False
S04,S04,1171,1171,L1-full,31,6-12,2,False
S04,S04,1171,1171,L1-full,32,5-8-13,3,False
S04,S04,1171,1171,L1-full,33,1-4-8,3,False
S04,S04,1171,1171,L1-full,34,1-11-13,3,False
S04,S04,1171,1171,L1-full,35,7-12-15,3,False
S04,S04,1171,1171,L1-full,36,10-11-12,3,False
S04,S04,1171,1171,L1-full,37,4-10,2,False
S04,S04,1171,1171,L1-full,38,0-2-15,3,False
S04,S04,1171,1171,L1-full,39,6-9-12,3,False
S04,S04,1171,1171,L1-full,40,4-8,2,False
S04,S04,1171,1171,L1-full,41,3-4-11,3,False
S04,S04,1171,1171,L1-full,42,8-11-14,3,False
S04,S04,1171,1171,L1-full,43,1-10-11,3,False
S04,S04,1171,1171,L1-full,44,11-12,2,False
S04,S04,1171,1171,L1-full,45,8-14,2,False
S04,S04,1171,1171,L1-full,46,1-9-13,3,False
S04,S04,1171,1171,L1-full,47,6-7-10,3,False
S04,S04,1171,1171,L1-full,48,3-7-10,3,False
S04,S04,1171,1171,L1-full,49,1-10,2,False
S04,S04,1171,1171,L1-full,50,5-7-10,3,False
S04,S04,1171,1171,L1-full,51,1-9-11,3,False
S04,S04,1171,1171,L1-full,52,0-5-11,3,False
S04,S04,1171,1171,L1-full,53,2-4-7,3,False
S04,S04,1171,1171,L1-full,54,0-9-15,3,False
S04,S04,1171,1171,L1-full,55,3-6-13,3,False
S04,S04,1171,1171,L1-full,56,5-10-15,3,False
S04,S04,1171,1171,L1-full,57,7-10-15,3,False
S04,S04,1171,1171,L1-full,58,10-12-14,3,False
S04,S04,1171,1171,L1-full,59,0-2-12,3,False
S04,S04,1171,1171,L1-full,60,6-13,2,False
S04,S04,1171,1171,L1-full,61,1-6-9,3,False
S04,S04,1171,1171,L1-full,62,2-12,2,False
S04,S04,1171,1171,L1-full,63,5-8-10,3,False
S04,S04,1171,1171,L1-full,64,7-14,2,False
S04,S04,1171,1171,L1-full,65,1-2-12,3,False
S04,S04,1171,1171,L1-full,66,2-4-8,3,False
S04,S04,1171,1171,L1-full,67,3-5-9,3,False
S04,S04,1171,1171,L1-full,68,0-11-15,3,False
S04,S04,1171,1171,L1-full,69,1-4-9,3,False
S04,S04,1171,1171,L1-full,70,7-10-12,3,False
S04,S04,1171,1171,L1-full,71,7-10-13,3,False
S04,S04,1171,1171,L1-full,72,4-9,2,False
S04,S04,1171,1171,L1-full,73,6-9-11,3,False
S04,S04,1171,1171,L1-full,74,10-11-15,3,False
S04,S04,1171,1171,L1-full,75,3-9-10,3,False
S04,S04,1171,1171,L1-full,76,1-12-14,3,False
S04,S04,1171,1171,L1-full,77,1-7-12,3,False
S04,S04,1171,1171,L1-full,78,4-6-8,3,False
S04,S04,1171,1171,L1-full,79,3-5-14,3,False
S04,S04,1171,1171,L1-full,80,4-12,2,False
S04,S04,1171,1171,L1-full,81,2-9-11,3,False
S04,S04,1171,1171,L1-full,82,9-10-15,3,False
S04,S04,1171,1171,L1-full,83,3-11-12,3,False
S04,S04,1171,1171,L1-full,84,5-7-9,3,False
S04,S04,1171,1171,L1-full,85,1-12,2,False
S04,S04,1171,1171,L1-full,86,3-10-15,3,False
S04,S04,1171,1171,L1-full,87,5-13-15,3,False
S04,S04,1171,1171,L1-full,88,0-4-15,3,False
S04,S04,1171,1171,L1-full,89,7-10-14,3,False
S04,S04,1171,1171,L1-full,90,9-11-14,3,False
S04,S04,1171,1171,L1-full,91,0-3-8,3,False
S04,S04,1171,1171,L1-full,92,0-4-12,3,False
S04,S04,1171,1171,L1-full,93,4-10-14,3,False
S04,S04,1171,1171,L1-full,94,1-4-14,3,False
S04,S04,1171,1171,L1-full,95,5-10-12,3,False
S04,S04,1171,1171,L1-full,96,8-12-14,3,False
S04,S04,1171,1171,L1-full,97,8-11-13,3,False
S04,S04,1171,1171,L1-full,98,9-12,2,False
S04,S04,1171,1171,L1-full,99,11-12-14,3,False
S04,S04,1171,1171,L1-full,100,4-6,2,False
S04,S04,1171,1171,L1-full,101,3-6-11,3,False
S04,S04,1171,1171,L1-full,102,9-10,2,False
S04,S04,1171,1171,L1-full,103,7-11-15,3,False
S04,S04,1171,1171,L1-full,104,8-13,2,False
S04,S04,1171,1171,L1-full,105,7-8-12,3,False
S04,S04,1171,1171,L1-full,106,0-3,2,False
S04,S04,1171,1171,L1-full,107,1-4-12,3,False
S04,S04,1171,1171,L1-full,108,2-15,2,False
S04,S04,1171,1171,L1-full,109,2-8,2,False
S04,S04,1171,1171,L1-full,110,11-13-14,3,False
S04,S04,1171,1171,L1-full,111,2-3-15,3,False
S04,S04,1171,1171,L1-full,112,6-12-14,3,False
S04,S04,1171,1171,L1-full,113,10-14-15,3,False
S04,S04,1171,1171,L1-full,114,1-8-15,3,False
S04,S04,1171,1171,L1-full,115,11-14-15,3,False
S04,S04,1171,1171,L1-full,116,6-10-13,3,False
S04,S04,1171,1171,L1-full,117,2-13-15,3,False
S04,S04,1171,1171,L1-full,118,2-10-14,3,False
S04,S04,1171,1171,L1-full,119,0-4-7,3,False
S04,S04,1171,1171,L1-full,120,0-7,2,False
S04,S04,1171,1171,L1-full,121,1-14,2,False
S04,S04,1171,1171,L1-full,122,7-10,2,False
S04,S04,1171,1171,L1-full,123,6-8-12,3,False
S04,S04,1171,1171,L1-full,124,1-4-15,3,False
S04,S04,1171,1171,L1-full,125,3-6-9,3,False
S04,S04,1171,1171,L1-full,126,4-5-7,3,False
S04,S04,1171,1171,L1-full,127,6-13-14,3,False
S04,S04,1171,1171,L1-full,128,4-8-10,3,False
S04,S04,1171,1171,L1-full,129,5-6-15,3,False
S04,S04,1171,1171,L1-full,130,7-13-15,3,False
S04,S04,1171,1171,L1-top8,1,0-1,2,True
S04,S04,1171,1171,L1-top8,2,4-5-6,3,True
S04,S04,1171,1171,L1-top8,3,2-3,2,True
S04,S04,1171,1171,L1-top8,4,7-8-9,3,True
S04,S04,1171,1171,L1-top8,5,2-7-15,3,False
S04,S04,1171,1171,L1-top8,6,0-5-13,3,False
S04,S04,1171,1171,L1-top8,7,4-10-15,3,False
S04,S04,1171,1171,L1-top8,8,1-2-10,3,False
S04,S04,1171,1171,L1-match,1,0-1,2,True
S04,S04,1171,1171,L1-match,2,4-5-6,3,True
S04,S04,1171,1171,L1-match,3,2-3,2,True
S04,S04,1171,1171,L1-match,4,7-8-9,3,True
S04,S04,1171,1171,SHIL-k8,1,0-1,2,True
S04,S04,1171,1171,SHIL-k8,2,2-3,2,True
S04,S04,1171,1171,SHIL-k8,3,4-5-6,3,True
S04,S04,1171,1171,SHIL-k8,4,7-8-9,3,True
S04,S04,1171,1171,SHIL-k8,5,1-2-7,3,False
S04,S04,1171,1171,SHIL-k8,6,1-9-11,3,False
S04,S04,1171,1171,SHIL-k8,7,1-5-9,3,False
S04,S04,1171,1171,SHIL-k8,8,8-9-10,3,False
S04,S04,1171,1171,SC-L1,1,0-1,2,True
S04,S04,1171,1171,SC-L1,2,2-3,2,True
S04,S04,1171,1171,SC-L1,3,4-5-6,3,True
S04,S04,1171,1171,SC-L1,4,7-8-9,3,True
S04,S04,1171,1171,SC-SHIL,1,0-1,2,True
S04,S04,1171,1171,SC-SHIL,2,2-3,2,True
S04,S04,1171,1171,SC-SHIL,3,4-5-6,3,True
S04,S04,1171,1171,SC-SHIL,4,7-8-9,3,True
S04,S04,1181,1181,L1-full,1,0-1,2,True
S04,S04,1181,1181,L1-full,2,2-3,2,True
S04,S04,1181,1181,L1-full,3,4-5-6,3,True
S04,S04,1181,1181,L1-full,4,7-8-9,3,True
S04,S04,1181,1181,L1-full,5,2-13-14,3,False
S04,S04,1181,1181,L1-full,6,0-11,2,False
S04,S04,1181,1181,L1-full,7,2-14-15,3,False
S04,S04,1181,1181,L1-top8,1,0-1,2,True
S04,S04,1181,1181,L1-top8,2,2-3,2,True
S04,S04,1181,1181,L1-top8,3,4-5-6,3,True
S04,S04,1181,1181,L1-top8,4,7-8-9,3,True
S04,S04,1181,1181,L1-top8,5,2-13-14,3,False
S04,S04,1181,1181,L1-top8,6,0-11,2,False
S04,S04,1181,1181,L1-top8,7,2-14-15,3,False
S04,S04,1181,1181,L1-match,1,0-1,2,True
S04,S04,1181,1181,L1-match,2,2-3,2,True
S04,S04,1181,1181,L1-match,3,4-5-6,3,True
S04,S04,1181,1181,L1-match,4,7-8-9,3,True
S04,S04,1181,1181,SHIL-k8,1,0-1,2,True
S04,S04,1181,1181,SHIL-k8,2,2-3,2,True
S04,S04,1181,1181,SHIL-k8,3,4-5-6,3,True
S04,S04,1181,1181,SHIL-k8,4,7-8-9,3,True
S04,S04,1181,1181,SHIL-k8,5,5-12-15,3,False
S04,S04,1181,1181,SHIL-k8,6,4-5-15,3,False
S04,S04,1181,1181,SHIL-k8,7,10-11-15,3,False
S04,S04,1181,1181,SHIL-k8,8,3-14,2,False
S04,S04,1181,1181,SC-L1,1,0-1,2,True
S04,S04,1181,1181,SC-L1,2,2-3,2,True
S04,S04,1181,1181,SC-L1,3,4-5-6,3,True
S04,S04,1181,1181,SC-L1,4,7-8-9,3,True
S04,S04,1181,1181,SC-SHIL,1,0-1,2,True
S04,S04,1181,1181,SC-SHIL,2,2-3,2,True
S04,S04,1181,1181,SC-SHIL,3,4-5-6,3,True
S04,S04,1181,1181,SC-SHIL,4,7-8-9,3,True
S04,S04,1201,1201,L1-full,1,0-1,2,True
S04,S04,1201,1201,L1-full,2,4-5-6,3,True
S04,S04,1201,1201,L1-full,3,2-3,2,True
S04,S04,1201,1201,L1-full,4,7-8-9,3,True
S04,S04,1201,1201,L1-full,5,5-8-11,3,False
S04,S04,1201,1201,L1-full,6,11-12-15,3,False
S04,S04,1201,1201,L1-full,7,1-3-8,3,False
S04,S04,1201,1201,L1-full,8,0-5-8,3,False
S04,S04,1201,1201,L1-full,9,4-8-10,3,False
S04,S04,1201,1201,L1-full,10,0-5-9,3,False
S04,S04,1201,1201,L1-full,11,3-4,2,False
S04,S04,1201,1201,L1-full,12,3-6,2,False
S04,S04,1201,1201,L1-full,13,8-10-11,3,False
S04,S04,1201,1201,L1-full,14,2-5-6,3,False
S04,S04,1201,1201,L1-full,15,1-7-13,3,False
S04,S04,1201,1201,L1-full,16,5-9,2,False
S04,S04,1201,1201,L1-full,17,6-9-10,3,False
S04,S04,1201,1201,L1-full,18,7-12-14,3,False
S04,S04,1201,1201,L1-full,19,10-15,2,False
S04,S04,1201,1201,L1-full,20,3-13-14,3,False
S04,S04,1201,1201,L1-full,21,4-11-15,3,False
S04,S04,1201,1201,L1-full,22,0-5-11,3,False
S04,S04,1201,1201,L1-full,23,1-13-14,3,False
S04,S04,1201,1201,L1-full,24,0-4-8,3,False
S04,S04,1201,1201,L1-full,25,2-12,2,False
S04,S04,1201,1201,L1-full,26,9-14,2,False
S04,S04,1201,1201,L1-full,27,14-15,2,False
S04,S04,1201,1201,L1-full,28,0-8-12,3,False
S04,S04,1201,1201,L1-full,29,5-9-10,3,False
S04,S04,1201,1201,L1-full,30,5-11-15,3,False
S04,S04,1201,1201,L1-full,31,5-10-12,3,False
S04,S04,1201,1201,L1-full,32,10-11-14,3,False
S04,S04,1201,1201,L1-full,33,3-6-10,3,False
S04,S04,1201,1201,L1-full,34,1-2-6,3,False
S04,S04,1201,1201,L1-full,35,1-3-10,3,False
S04,S04,1201,1201,L1-full,36,7-8,2,False
S04,S04,1201,1201,L1-full,37,6-8-14,3,False
S04,S04,1201,1201,L1-full,38,7-9-10,3,False
S04,S04,1201,1201,L1-full,39,2-8-13,3,False
S04,S04,1201,1201,L1-full,40,4-13,2,False
S04,S04,1201,1201,L1-full,41,6-9,2,False
S04,S04,1201,1201,L1-full,42,4-8,2,False
S04,S04,1201,1201,L1-full,43,2-9-12,3,False
S04,S04,1201,1201,L1-full,44,2-11-13,3,False
S04,S04,1201,1201,L1-full,45,0-5-13,3,False
S04,S04,1201,1201,L1-full,46,5-8-10,3,False
S04,S04,1201,1201,L1-full,47,11-12-13,3,False
S04,S04,1201,1201,L1-full,48,7-11-15,3,False
S04,S04,1201,1201,L1-full,49,3-7-9,3,False
S04,S04,1201,1201,L1-full,50,6-13-14,3,False
S04,S04,1201,1201,L1-full,51,3-10,2,False
S04,S04,1201,1201,L1-full,52,0-5-14,3,False
S04,S04,1201,1201,L1-full,53,1-14-15,3,False
S04,S04,1201,1201,L1-full,54,7-9,2,False
S04,S04,1201,1201,L1-full,55,2-9-14,3,False
S04,S04,1201,1201,L1-full,56,12-13-15,3,False
S04,S04,1201,1201,L1-full,57,3-5,2,False
S04,S04,1201,1201,L1-full,58,4-5-10,3,False
S04,S04,1201,1201,L1-full,59,0-10-13,3,False
S04,S04,1201,1201,L1-full,60,2-13-15,3,False
S04,S04,1201,1201,L1-full,61,1-4-9,3,False
S04,S04,1201,1201,L1-full,62,3-5-11,3,False
S04,S04,1201,1201,L1-full,63,7-8-13,3,False
S04,S04,1201,1201,L1-full,64,5-12-13,3,False
S04,S04,1201,1201,L1-full,65,0-3-5,3,False
S04,S04,1201,1201,L1-full,66,3-7,2,False
S04,S04,1201,1201,L1-full,67,11-12-14,3,False
S04,S04,1201,1201,L1-full,68,8-11-13,3,False
S04,S04,1201,1201,L1-full,69,9-10,2,False
S04,S04,1201,1201,L1-full,70,8-10-15,3,False
S04,S04,1201,1201,L1-full,71,3-11-14,3,False
S04,S04,1201,1201,L1-full,72,2-5-8,3,False
S04,S04,1201,1201,L1-full,73,7-10-12,3,False
S04,S04,1201,1201,L1-full,74,2-3-5,3,False
S04,S04,1201,1201,L1-full,75,2-8-9,3,False
S04,S04,1201,1201,L1-full,76,0-15,2,False
S04,S04,1201,1201,L1-full,77,0-10-12,3,False
S04,S04,1201,1201,L1-full,78,1-2-15,3,False
S04,S04,1201,1201,L1-full,79,9-11-14,3,False
S04,S04,1201,1201,L1-full,80,6-7-15,3,False
S04,S04,1201,1201,L1-full,81,7-13,2,False
S04,S04,1201,1201,L1-full,82,4-7-10,3,False
S04,S04,1201,1201,L1-full,83,7-11,2,False
S04,S04,1201,1201,L1-full,84,3-6-12,3,False
S04,S04,1201,1201,L1-full,85,7-14,2,False
S04,S04,1201,1201,L1-full,86,1-2-4,3,False
S04,S04,1201,1201,L1-full,87,5-6,2,False
S04,S04,1201,1201,L1-full,88,1-7-11,3,False
S04,S04,1201,1201,L1-full,89,6-12,2,False
S04,S04,1201,1201,L1-full,90,0-13,2,False
S04,S04,1201,1201,L1-full,91,5-8-15,3,False
S04,S04,1201,1201,L1-full,92,2-13,2,False
S04,S04,1201,1201,L1-full,93,1-5-7,3,False
S04,S04,1201,1201,L1-full,94,3-7-15,3,False
S04,S04,1201,1201,L1-full,95,6-9-12,3,False
S04,S04,1201,1201,L1-full,96,1-4,2,False
S04,S04,1201,1201,L1-full,97,1-10-14,3,False
S04,S04,1201,1201,L1-full,98,4-7-12,3,False
S04,S04,1201,1201,L1-full,99,1-9-11,3,False
S04,S04,1201,1201,L1-full,100,4-7-15,3,False
S04,S04,1201,1201,L1-full,101,5-10-15,3,False
S04,S04,1201,1201,L1-full,102,2-12-15,3,False
S04,S04,1201,1201,L1-full,103,10-12-15,3,False
S04,S04,1201,1201,L1-full,104,10-11-13,3,False
S04,S04,1201,1201,L1-full,105,4-6-14,3,False
S04,S04,1201,1201,L1-full,106,1-3-14,3,False
S04,S04,1201,1201,L1-full,107,8-15,2,False
S04,S04,1201,1201,L1-full,108,3-4-15,3,False
S04,S04,1201,1201,L1-full,109,1-10-12,3,False
S04,S04,1201,1201,L1-full,110,0-11-15,3,False
S04,S04,1201,1201,L1-full,111,12-13-14,3,False
S04,S04,1201,1201,L1-full,112,1-3-13,3,False
S04,S04,1201,1201,L1-full,113,5-11-14,3,False
S04,S04,1201,1201,L1-full,114,2-9,2,False
S04,S04,1201,1201,L1-full,115,4-11-12,3,False
S04,S04,1201,1201,L1-full,116,12-14-15,3,False
S04,S04,1201,1201,L1-full,117,4-7,2,False
S04,S04,1201,1201,L1-full,118,1-13,2,False
S04,S04,1201,1201,L1-full,119,2-3-4,3,False
S04,S04,1201,1201,L1-full,120,8-11-12,3,False
S04,S04,1201,1201,L1-full,121,12-14,2,False
S04,S04,1201,1201,L1-full,122,12-13,2,False
S04,S04,1201,1201,L1-full,123,3-10-13,3,False
S04,S04,1201,1201,L1-full,124,6-13,2,False
S04,S04,1201,1201,L1-top8,1,0-1,2,True
S04,S04,1201,1201,L1-top8,2,4-5-6,3,True
S04,S04,1201,1201,L1-top8,3,2-3,2,True
S04,S04,1201,1201,L1-top8,4,7-8-9,3,True
S04,S04,1201,1201,L1-top8,5,5-8-11,3,False
S04,S04,1201,1201,L1-top8,6,11-12-15,3,False
S04,S04,1201,1201,L1-top8,7,1-3-8,3,False
S04,S04,1201,1201,L1-top8,8,0-5-8,3,False
S04,S04,1201,1201,L1-match,1,0-1,2,True
S04,S04,1201,1201,L1-match,2,4-5-6,3,True
S04,S04,1201,1201,L1-match,3,2-3,2,True
S04,S04,1201,1201,L1-match,4,7-8-9,3,True
S04,S04,1201,1201,SHIL-k8,1,0-1,2,True
S04,S04,1201,1201,SHIL-k8,2,2-3,2,True
S04,S04,1201,1201,SHIL-k8,3,4-5-6,3,True
S04,S04,1201,1201,SHIL-k8,4,7-8-9,3,True
S04,S04,1201,1201,SHIL-k8,5,9-11-14,3,False
S04,S04,1201,1201,SHIL-k8,6,8-10-13,3,False
S04,S04,1201,1201,SHIL-k8,7,1-6-7,3,False
S04,S04,1201,1201,SHIL-k8,8,0-5-8,3,False
S04,S04,1201,1201,SC-L1,1,0-1,2,True
S04,S04,1201,1201,SC-L1,2,2-3,2,True
S04,S04,1201,1201,SC-L1,3,4-5-6,3,True
S04,S04,1201,1201,SC-L1,4,7-8-9,3,True
S04,S04,1201,1201,SC-SHIL,1,0-1,2,True
S04,S04,1201,1201,SC-SHIL,2,2-3,2,True
S04,S04,1201,1201,SC-SHIL,3,4-5-6,3,True
S04,S04,1201,1201,SC-SHIL,4,7-8-9,3,True
S04,S04,1213,1213,L1-full,1,0-1,2,True
S04,S04,1213,1213,L1-full,2,4-5-6,3,True
S04,S04,1213,1213,L1-full,3,2-3,2,True
S04,S04,1213,1213,L1-full,4,7-8-9,3,True
S04,S04,1213,1213,L1-full,5,0-5-9,3,False
S04,S04,1213,1213,L1-full,6,10-13-15,3,False
S04,S04,1213,1213,L1-full,7,3-5-7,3,False
S04,S04,1213,1213,L1-full,8,8-11-12,3,False
S04,S04,1213,1213,L1-full,9,1-4-15,3,False
S04,S04,1213,1213,L1-full,10,7-12-15,3,False
S04,S04,1213,1213,L1-full,11,2-5-8,3,False
S04,S04,1213,1213,L1-full,12,3-7,2,False
S04,S04,1213,1213,L1-full,13,6-7,2,False
S04,S04,1213,1213,L1-full,14,3-8-15,3,False
S04,S04,1213,1213,L1-full,15,8-10-11,3,False
S04,S04,1213,1213,L1-full,16,2-4,2,False
S04,S04,1213,1213,L1-full,17,3-7-11,3,False
S04,S04,1213,1213,L1-full,18,7-8,2,False
S04,S04,1213,1213,L1-full,19,4-13-14,3,False
S04,S04,1213,1213,L1-full,20,0-9-14,3,False
S04,S04,1213,1213,L1-full,21,1-8,2,False
S04,S04,1213,1213,L1-full,22,9-10-12,3,False
S04,S04,1213,1213,L1-full,23,6-11-15,3,False
S04,S04,1213,1213,L1-full,24,1-7-15,3,False
S04,S04,1213,1213,L1-full,25,3-13,2,False
S04,S04,1213,1213,L1-full,26,4-5-9,3,False
S04,S04,1213,1213,L1-full,27,2-8-13,3,False
S04,S04,1213,1213,L1-full,28,1-7-8,3,False
S04,S04,1213,1213,L1-full,29,7-9-15,3,False
S04,S04,1213,1213,L1-full,30,1-3-11,3,False
S04,S04,1213,1213,L1-full,31,0-2-11,3,False
S04,S04,1213,1213,L1-full,32,13-14,2,False
S04,S04,1213,1213,L1-full,33,2-14-15,3,False
S04,S04,1213,1213,L1-full,34,3-11-13,3,False
S04,S04,1213,1213,L1-full,35,0-8-14,3,False
S04,S04,1213,1213,L1-full,36,1-14,2,False
S04,S04,1213,1213,L1-full,37,6-9-15,3,False
S04,S04,1213,1213,L1-full,38,5-9-12,3,False
S04,S04,1213,1213,L1-full,39,1-4-11,3,False
S04,S04,1213,1213,L1-full,40,3-9-14,3,False
S04,S04,1213,1213,L1-full,41,3-5-15,3,False
S04,S04,1213,1213,L1-full,42,7-9-11,3,False
S04,S04,1213,1213,L1-full,43,5-12-14,3,False
S04,S04,1213,1213,L1-full,44,9-11,2,False
S04,S04,1213,1213,L1-full,45,0-12-14,3,False
S04,S04,1213,1213,L1-full,46,3-10-11,3,False
S04,S04,1213,1213,L1-full,47,0-8-13,3,False
S04,S04,1213,1213,L1-full,48,5-6,2,False
S04,S04,1213,1213,L1-full,49,0-8-11,3,False
S04,S04,1213,1213,L1-full,50,7-8-15,3,False
S04,S04,1213,1213,L1-full,51,2-15,2,False
S04,S04,1213,1213,L1-full,52,1-13-14,3,False
S04,S04,1213,1213,L1-full,53,3-4-8,3,False
S04,S04,1213,1213,L1-full,54,1-8-14,3,False
S04,S04,1213,1213,L1-full,55,5-7-15,3,False
S04,S04,1213,1213,L1-full,56,2-4-14,3,False
S04,S04,1213,1213,L1-full,57,5-10,2,False
S04,S04,1213,1213,L1-full,58,4-5,2,False
S04,S04,1213,1213,L1-full,59,5-12-15,3,False
S04,S04,1213,1213,L1-full,60,3-8-11,3,False
S04,S04,1213,1213,L1-full,61,6-9-12,3,False
S04,S04,1213,1213,L1-full,62,10-12-14,3,False
S04,S04,1213,1213,L1-full,63,0-3-13,3,False
S04,S04,1213,1213,L1-full,64,4-10,2,False
S04,S04,1213,1213,L1-full,65,2-5-6,3,False
S04,S04,1213,1213,L1-full,66,1-3-15,3,False
S04,S04,1213,1213,L1-full,67,8-12,2,False
S04,S04,1213,1213,L1-full,68,2-6-11,3,False
S04,S04,1213,1213,L1-full,69,10-12-15,3,False
S04,S04,1213,1213,L1-full,70,3-15,2,False
S04,S04,1213,1213,L1-full,71,1-9-15,3,False
S04,S04,1213,1213,L1-full,72,1-9-11,3,False
S04,S04,1213,1213,L1-full,73,6-14,2,False
S04,S04,1213,1213,L1-full,74,2-7-12,3,False
S04,S04,1213,1213,L1-full,75,0-1-5,3,False
S04,S04,1213,1213,L1-full,76,1-11-12,3,False
S04,S04,1213,1213,L1-full,77,8-11-14,3,False
S04,S04,1213,1213,L1-full,78,6-8-12,3,False
S04,S04,1213,1213,L1-full,79,5-11,2,False
S04,S04,1213,1213,L1-full,80,7-8-11,3,False
S04,S04,1213,1213,L1-full,81,3-4,2,False
S04,S04,1213,1213,L1-full,82,1-10-13,3,False
S04,S04,1213,1213,L1-full,83,3-6-9,3,False
S04,S04,1213,1213,L1-full,84,1-2-8,3,False
S04,S04,1213,1213,L1-full,85,5-9-10,3,False
S04,S04,1213,1213,L1-full,86,1-7-12,3,False
S04,S04,1213,1213,L1-full,87,2-3-15,3,False
S04,S04,1213,1213,L1-full,88,3-14-15,3,False
S04,S04,1213,1213,L1-full,89,4-9,2,False
S04,S04,1213,1213,L1-full,90,1-6-11,3,False
S04,S04,1213,1213,L1-full,91,2-8-10,3,False
S04,S04,1213,1213,L1-full,92,1-9-14,3,False
S04,S04,1213,1213,L1-full,93,3-6-10,3,False
S04,S04,1213,1213,L1-full,94,2-13,2,False
S04,S04,1213,1213,L1-full,95,6-8-10,3,False
S04,S04,1213,1213,L1-full,96,9-13-15,3,False
S04,S04,1213,1213,L1-full,97,6-8-15,3,False
S04,S04,1213,1213,L1-full,98,1-2-15,3,False
S04,S04,1213,1213,L1-full,99,0-15,2,False
S04,S04,1213,1213,L1-full,100,4-5-13,3,False
S04,S04,1213,1213,L1-full,101,7-15,2,False
S04,S04,1213,1213,L1-full,102,1-6-13,3,False
S04,S04,1213,1213,L1-full,103,7-11,2,False
S04,S04,1213,1213,L1-full,104,5-8-15,3,False
S04,S04,1213,1213,L1-full,105,0-7-12,3,False
S04,S04,1213,1213,L1-full,106,2-9-11,3,False
S04,S04,1213,1213,L1-full,107,1-12,2,False
S04,S04,1213,1213,L1-full,108,0-14,2,False
S04,S04,1213,1213,L1-full,109,2-14,2,False
S04,S04,1213,1213,L1-full,110,1-8-9,3,False
S04,S04,1213,1213,L1-full,111,3-9,2,False
S04,S04,1213,1213,L1-full,112,8-9-12,3,False
S04,S04,1213,1213,L1-full,113,12-13-15,3,False
S04,S04,1213,1213,L1-full,114,3-13-15,3,False
S04,S04,1213,1213,L1-full,115,12-15,2,False
S04,S04,1213,1213,L1-full,116,1-7-14,3,False
S04,S04,1213,1213,L1-full,117,3-4-12,3,False
S04,S04,1213,1213,L1-full,118,6-7-13,3,False
S04,S04,1213,1213,L1-full,119,6-9,2,False
S04,S04,1213,1213,L1-full,120,1-4-7,3,False
S04,S04,1213,1213,L1-full,121,8-14,2,False
S04,S04,1213,1213,L1-full,122,9-11-12,3,False
S04,S04,1213,1213,L1-full,123,4-8-10,3,False
S04,S04,1213,1213,L1-full,124,9-12-14,3,False
S04,S04,1213,1213,L1-full,125,0-1-3,3,False
S04,S04,1213,1213,L1-full,126,9-10-13,3,False
S04,S04,1213,1213,L1-full,127,8-10-15,3,False
S04,S04,1213,1213,L1-full,128,5-11-14,3,False
S04,S04,1213,1213,L1-full,129,0-3,2,False
S04,S04,1213,1213,L1-full,130,6-12,2,False
S04,S04,1213,1213,L1-full,131,2-9-15,3,False
S04,S04,1213,1213,L1-full,132,2-5-7,3,False
S04,S04,1213,1213,L1-top8,1,0-1,2,True
S04,S04,1213,1213,L1-top8,2,4-5-6,3,True
S04,S04,1213,1213,L1-top8,3,2-3,2,True
S04,S04,1213,1213,L1-top8,4,7-8-9,3,True
S04,S04,1213,1213,L1-top8,5,0-5-9,3,False
S04,S04,1213,1213,L1-top8,6,10-13-15,3,False
S04,S04,1213,1213,L1-top8,7,3-5-7,3,False
S04,S04,1213,1213,L1-top8,8,8-11-12,3,False
S04,S04,1213,1213,L1-match,1,0-1,2,True
S04,S04,1213,1213,L1-match,2,4-5-6,3,True
S04,S04,1213,1213,L1-match,3,2-3,2,True
S04,S04,1213,1213,L1-match,4,7-8-9,3,True
S04,S04,1213,1213,SHIL-k8,1,0-1,2,True
S04,S04,1213,1213,SHIL-k8,2,2-3,2,True
S04,S04,1213,1213,SHIL-k8,3,7-8-9,3,True
S04,S04,1213,1213,SHIL-k8,4,4-5-6,3,True
S04,S04,1213,1213,SHIL-k8,5,7-8,2,False
S04,S04,1213,1213,SHIL-k8,6,2-9-11,3,False
S04,S04,1213,1213,SHIL-k8,7,3-4-14,3,False
S04,S04,1213,1213,SHIL-k8,8,3-7-14,3,False
S04,S04,1213,1213,SC-L1,1,0-1,2,True
S04,S04,1213,1213,SC-L1,2,2-3,2,True
S04,S04,1213,1213,SC-L1,3,4-5-6,3,True
S04,S04,1213,1213,SC-L1,4,7-8-9,3,True
S04,S04,1213,1213,SC-SHIL,1,0-1,2,True
S04,S04,1213,1213,SC-SHIL,2,2-3,2,True
S04,S04,1213,1213,SC-SHIL,3,4-5-6,3,True
S04,S04,1213,1213,SC-SHIL,4,7-8-9,3,True
S04,S04,1231,1231,L1-full,1,4-5-6,3,True
S04,S04,1231,1231,L1-full,2,0-1,2,True
S04,S04,1231,1231,L1-full,3,2-3,2,True
S04,S04,1231,1231,L1-full,4,7-8-9,3,True
S04,S04,1231,1231,L1-full,5,0-15,2,False
S04,S04,1231,1231,L1-full,6,7-12-13,3,False
S04,S04,1231,1231,L1-full,7,7-15,2,False
S04,S04,1231,1231,L1-full,8,2-6-11,3,False
S04,S04,1231,1231,L1-full,9,10-12,2,False
S04,S04,1231,1231,L1-full,10,3-12-14,3,False
S04,S04,1231,1231,L1-full,11,2-5-7,3,False
S04,S04,1231,1231,L1-full,12,4-7-13,3,False
S04,S04,1231,1231,L1-full,13,2-7,2,False
S04,S04,1231,1231,L1-full,14,3-14,2,False
S04,S04,1231,1231,L1-full,15,5-6,2,False
S04,S04,1231,1231,L1-full,16,5-7,2,False
S04,S04,1231,1231,L1-full,17,9-12-14,3,False
S04,S04,1231,1231,L1-full,18,2-4,2,False
S04,S04,1231,1231,L1-full,19,13-14,2,False
S04,S04,1231,1231,L1-full,20,4-11-12,3,False
S04,S04,1231,1231,L1-full,21,7-11-13,3,False
S04,S04,1231,1231,L1-full,22,4-6-14,3,False
S04,S04,1231,1231,L1-full,23,9-10-12,3,False
S04,S04,1231,1231,L1-full,24,2-12-15,3,False
S04,S04,1231,1231,L1-full,25,12-13-15,3,False
S04,S04,1231,1231,L1-full,26,6-8-12,3,False
S04,S04,1231,1231,L1-full,27,6-7-14,3,False
S04,S04,1231,1231,L1-full,28,7-10-15,3,False
S04,S04,1231,1231,L1-full,29,8-10-11,3,False
S04,S04,1231,1231,L1-full,30,3-8-12,3,False
S04,S04,1231,1231,L1-full,31,4-8-13,3,False
S04,S04,1231,1231,L1-full,32,4-6-9,3,False
S04,S04,1231,1231,L1-full,33,2-10,2,False
S04,S04,1231,1231,L1-full,34,0-4-10,3,False
S04,S04,1231,1231,L1-full,35,4-8-10,3,False
S04,S04,1231,1231,L1-full,36,4-12-15,3,False
S04,S04,1231,1231,L1-full,37,1-3-5,3,False
S04,S04,1231,1231,L1-full,38,4-6-8,3,False
S04,S04,1231,1231,L1-full,39,2-5-8,3,False
S04,S04,1231,1231,L1-full,40,3-4-9,3,False
S04,S04,1231,1231,L1-full,41,13-15,2,False
S04,S04,1231,1231,L1-full,42,1-3-8,3,False
S04,S04,1231,1231,L1-full,43,3-9-13,3,False
S04,S04,1231,1231,L1-full,44,10-11-15,3,False
S04,S04,1231,1231,L1-full,45,6-10-13,3,False
S04,S04,1231,1231,L1-full,46,7-8-10,3,False
S04,S04,1231,1231,L1-full,47,3-6-15,3,False
S04,S04,1231,1231,L1-full,48,2-7-15,3,False
S04,S04,1231,1231,L1-full,49,3-5-15,3,False
S04,S04,1231,1231,L1-full,50,1-11-15,3,False
S04,S04,1231,1231,L1-full,51,5-8-14,3,False
S04,S04,1231,1231,L1-full,52,4-5-11,3,False
S04,S04,1231,1231,L1-full,53,7-11-12,3,False
S04,S04,1231,1231,L1-full,54,4-9-13,3,False
S04,S04,1231,1231,L1-full,55,0-4-12,3,False
S04,S04,1231,1231,L1-full,56,5-12,2,False
S04,S04,1231,1231,L1-full,57,4-8-12,3,False
S04,S04,1231,1231,L1-full,58,1-4-10,3,False
S04,S04,1231,1231,L1-full,59,1-8-14,3,False
S04,S04,1231,1231,L1-full,60,0-6-7,3,False
S04,S04,1231,1231,L1-full,61,0-7-15,3,False
S04,S04,1231,1231,L1-full,62,2-3-11,3,False
S04,S04,1231,1231,L1-full,63,9-11-14,3,False
S04,S04,1231,1231,L1-full,64,9-11-15,3,False
S04,S04,1231,1231,L1-full,65,4-13-15,3,False
S04,S04,1231,1231,L1-full,66,6-11-15,3,False
S04,S04,1231,1231,L1-full,67,1-12-14,3,False
S04,S04,1231,1231,L1-full,68,8-11-12,3,False
S04,S04,1231,1231,L1-full,69,3-10-12,3,False
S04,S04,1231,1231,L1-full,70,5-7-12,3,False
S04,S04,1231,1231,L1-full,71,7-8-15,3,False
S04,S04,1231,1231,L1-full,72,7-9-13,3,False
S04,S04,1231,1231,L1-full,73,4-6-11,3,False
S04,S04,1231,1231,L1-full,74,3-7-9,3,False
S04,S04,1231,1231,L1-full,75,1-10-13,3,False
S04,S04,1231,1231,L1-full,76,8-10-14,3,False
S04,S04,1231,1231,L1-full,77,0-3-8,3,False
S04,S04,1231,1231,L1-full,78,1-2-4,3,False
S04,S04,1231,1231,L1-full,79,9-10-11,3,False
S04,S04,1231,1231,L1-full,80,1-9-15,3,False
S04,S04,1231,1231,L1-full,81,1-3-15,3,False
S04,S04,1231,1231,L1-full,82,2-11,2,False
S04,S04,1231,1231,L1-full,83,4-8,2,False
S04,S04,1231,1231,L1-full,84,9-14,2,False
S04,S04,1231,1231,L1-full,85,1-7-8,3,False
S04,S04,1231,1231,L1-full,86,1-8-13,3,False
S04,S04,1231,1231,L1-full,87,4-5-7,3,False
S04,S04,1231,1231,L1-full,88,1-4-9,3,False
S04,S04,1231,1231,L1-full,89,9-15,2,False
S04,S04,1231,1231,L1-full,90,7-10-12,3,False
S04,S04,1231,1231,L1-full,91,4-5-10,3,False
S04,S04,1231,1231,L1-full,92,1-9-12,3,False
S04,S04,1231,1231,L1-full,93,4-5-9,3,False
S04,S04,1231,1231,L1-full,94,10-13-15,3,False
S04,S04,1231,1231,L1-full,95,10-13-14,3,False
S04,S04,1231,1231,L1-full,96,0-9-11,3,False
S04,S04,1231,1231,L1-full,97,1-5-11,3,False
S04,S04,1231,1231,L1-full,98,0-5-11,3,False
S04,S04,1231,1231,L1-full,99,0-5-12,3,False
S04,S04,1231,1231,L1-full,100,5-8-12,3,False
S04,S04,1231,1231,L1-full,101,5-12-15,3,False
S04,S04,1231,1231,L1-full,102,2-10-12,3,False
S04,S04,1231,1231,L1-full,103,6-11-12,3,False
S04,S04,1231,1231,L1-full,104,2-7-13,3,False
S04,S04,1231,1231,L1-full,105,0-6-8,3,False
S04,S04,1231,1231,L1-full,106,1-3,2,False
S04,S04,1231,1231,L1-full,107,10-12-13,3,False
S04,S04,1231,1231,L1-full,108,0-8-15,3,False
S04,S04,1231,1231,L1-full,109,2-9-12,3,False
S04,S04,1231,1231,L1-full,110,1-11,2,False
S04,S04,1231,1231,L1-full,111,1-14,2,False
S04,S04,1231,1231,L1-full,112,4-6-12,3,False
S04,S04,1231,1231,L1-full,113,2-5-9,3,False
S04,S04,1231,1231,L1-full,114,3-7,2,False
S04,S04,1231,1231,L1-full,115,0-3-14,3,False
S04,S04,1231,1231,L1-full,116,6-10-15,3,False
S04,S04,1231,1231,L1-full,117,2-4-7,3,False
S04,S04,1231,1231,L1-full,118,0-13-14,3,False
S04,S04,1231,1231,L1-full,119,4-5,2,False
S04,S04,1231,1231,L1-full,120,5-9-14,3,False
S04,S04,1231,1231,L1-full,121,8-11-13,3,False
S04,S04,1231,1231,L1-full,122,11-14,2,False
S04,S04,1231,1231,L1-full,123,8-10-13,3,False
S04,S04,1231,1231,L1-full,124,10-11-13,3,False
S04,S04,1231,1231,L1-full,125,5-10-14,3,False
S04,S04,1231,1231,L1-full,126,2-5-14,3,False
S04,S04,1231,1231,L1-full,127,6-14-15,3,False
S04,S04,1231,1231,L1-full,128,3-4-10,3,False
S04,S04,1231,1231,L1-full,129,1-15,2,False
S04,S04,1231,1231,L1-full,130,2-6-13,3,False
S04,S04,1231,1231,L1-full,131,6-8-11,3,False
S04,S04,1231,1231,L1-full,132,10-14-15,3,False
S04,S04,1231,1231,L1-full,133,11-12-14,3,False
S04,S04,1231,1231,L1-full,134,4-13,2,False
S04,S04,1231,1231,L1-full,135,2-12-13,3,False
S04,S04,1231,1231,L1-full,136,5-10,2,False
S04,S04,1231,1231,L1-full,137,2-14,2,False
S04,S04,1231,1231,L1-full,138,0-8-11,3,False
S04,S04,1231,1231,L1-full,139,0-2-5,3,False
S04,S04,1231,1231,L1-top8,1,4-5-6,3,True
S04,S04,1231,1231,L1-top8,2,0-1,2,True
S04,S04,1231,1231,L1-top8,3,2-3,2,True
S04,S04,1231,1231,L1-top8,4,7-8-9,3,True
S04,S04,1231,1231,L1-top8,5,0-15,2,False
S04,S04,1231,1231,L1-top8,6,7-12-13,3,False
S04,S04,1231,1231,L1-top8,7,7-15,2,False
S04,S04,1231,1231,L1-top8,8,2-6-11,3,False
S04,S04,1231,1231,L1-match,1,4-5-6,3,True
S04,S04,1231,1231,L1-match,2,0-1,2,True
S04,S04,1231,1231,L1-match,3,2-3,2,True
S04,S04,1231,1231,L1-match,4,7-8-9,3,True
S04,S04,1231,1231,SHIL-k8,1,2-3,2,True
S04,S04,1231,1231,SHIL-k8,2,0-1,2,True
S04,S04,1231,1231,SHIL-k8,3,4-5-6,3,True
S04,S04,1231,1231,SHIL-k8,4,7-8-9,3,True
S04,S04,1231,1231,SHIL-k8,5,0-3-7,3,False
S04,S04,1231,1231,SHIL-k8,6,5-6,2,False
S04,S04,1231,1231,SHIL-k8,7,3-7-9,3,False
S04,S04,1231,1231,SHIL-k8,8,8-10-15,3,False
S04,S04,1231,1231,SC-L1,1,0-1,2,True
S04,S04,1231,1231,SC-L1,2,2-3,2,True
S04,S04,1231,1231,SC-L1,3,4-5-6,3,True
S04,S04,1231,1231,SC-L1,4,7-8-9,3,True
S04,S04,1231,1231,SC-SHIL,1,0-1,2,True
S04,S04,1231,1231,SC-SHIL,2,2-3,2,True
S04,S04,1231,1231,SC-SHIL,3,4-5-6,3,True
S04,S04,1231,1231,SC-SHIL,4,7-8-9,3,True
S04,S04,1249,1249,L1-full,1,0-1,2,True
S04,S04,1249,1249,L1-full,2,7-8-9,3,True
S04,S04,1249,1249,L1-full,3,2-3,2,True
S04,S04,1249,1249,L1-full,4,4-5-6,3,True
S04,S04,1249,1249,L1-full,5,4-6,2,False
S04,S04,1249,1249,L1-full,6,2-4,2,False
S04,S04,1249,1249,L1-full,7,2-13-14,3,False
S04,S04,1249,1249,L1-full,8,8-11-13,3,False
S04,S04,1249,1249,L1-full,9,2-7-8,3,False
S04,S04,1249,1249,L1-full,10,9-10-12,3,False
S04,S04,1249,1249,L1-full,11,1-4,2,False
S04,S04,1249,1249,L1-full,12,8-10-11,3,False
S04,S04,1249,1249,L1-full,13,7-9-15,3,False
S04,S04,1249,1249,L1-full,14,4-6-15,3,False
S04,S04,1249,1249,L1-full,15,6-10-15,3,False
S04,S04,1249,1249,L1-full,16,0-11-13,3,False
S04,S04,1249,1249,L1-full,17,2-5-10,3,False
S04,S04,1249,1249,L1-full,18,9-10-14,3,False
S04,S04,1249,1249,L1-full,19,1-8-10,3,False
S04,S04,1249,1249,L1-full,20,11-13,2,False
S04,S04,1249,1249,L1-full,21,3-6-9,3,False
S04,S04,1249,1249,L1-full,22,8-13,2,False
S04,S04,1249,1249,L1-full,23,1-2-12,3,False
S04,S04,1249,1249,L1-full,24,3-7-13,3,False
S04,S04,1249,1249,L1-full,25,0-4-9,3,False
S04,S04,1249,1249,L1-full,26,0-4-10,3,False
S04,S04,1249,1249,L1-full,27,3-10,2,False
S04,S04,1249,1249,L1-full,28,7-9-13,3,False
S04,S04,1249,1249,L1-full,29,12-13-14,3,False
S04,S04,1249,1249,L1-full,30,3-12-15,3,False
S04,S04,1249,1249,L1-full,31,3-6-15,3,False
S04,S04,1249,1249,L1-full,32,5-9,2,False
S04,S04,1249,1249,L1-full,33,5-6-14,3,False
S04,S04,1249,1249,L1-full,34,5-7,2,False
S04,S04,1249,1249,L1-full,35,3-10-15,3,False
S04,S04,1249,1249,L1-full,36,2-6-8,3,False
S04,S04,1249,1249,L1-full,37,4-8-11,3,False
S04,S04,1249,1249,L1-full,38,0-11,2,False
S04,S04,1249,1249,L1-full,39,1-2-7,3,False
S04,S04,1249,1249,L1-full,40,0-6-11,3,False
S04,S04,1249,1249,L1-full,41,2-7-14,3,False
S04,S04,1249,1249,L1-full,42,8-11-14,3,False
S04,S04,1249,1249,L1-full,43,3-10-12,3,False
S04,S04,1249,1249,L1-full,44,7-13-14,3,False
S04,S04,1249,1249,L1-full,45,0-3-4,3,False
S04,S04,1249,1249,L1-full,46,1-8-12,3,False
S04,S04,1249,1249,L1-full,47,7-10-12,3,False
S04,S04,1249,1249,L1-full,48,7-9-14,3,False
S04,S04,1249,1249,L1-full,49,7-15,2,False
S04,S04,1249,1249,L1-full,50,0-9-10,3,False
S04,S04,1249,1249,L1-full,51,1-3-11,3,False
S04,S04,1249,1249,L1-full,52,1-9,2,False
S04,S04,1249,1249,L1-full,53,1-3-6,3,False
S04,S04,1249,1249,L1-full,54,5-13-14,3,False
S04,S04,1249,1249,L1-full,55,4-9-14,3,False
S04,S04,1249,1249,L1-full,56,0-8-11,3,False
S04,S04,1249,1249,L1-full,57,4-15,2,False
S04,S04,1249,1249,L1-full,58,13-14,2,False
S04,S04,1249,1249,L1-full,59,2-9-13,3,False
S04,S04,1249,1249,L1-full,60,3-10-14,3,False
S04,S04,1249,1249,L1-full,61,8-13-14,3,False
S04,S04,1249,1249,L1-full,62,2-5-9,3,False
S04,S04,1249,1249,L1-full,63,0-6-10,3,False
S04,S04,1249,1249,L1-full,64,5-14-15,3,False
S04,S04,1249,1249,L1-full,65,3-12-14,3,False
S04,S04,1249,1249,L1-full,66,2-8,2,False
S04,S04,1249,1249,L1-full,67,4-9-12,3,False
S04,S04,1249,1249,L1-full,68,12-13-15,3,False
S04,S04,1249,1249,L1-full,69,5-6-7,3,False
S04,S04,1249,1249,L1-full,70,3-4,2,False
S04,S04,1249,1249,L1-full,71,7-10,2,False
S04,S04,1249,1249,L1-full,72,6-8-9,3,False
S04,S04,1249,1249,L1-full,73,0-13-14,3,False
S04,S04,1249,1249,L1-full,74,4-8,2,False
S04,S04,1249,1249,L1-full,75,11-15,2,False
S04,S04,1249,1249,L1-full,76,2-5-15,3,False
S04,S04,1249,1249,L1-full,77,8-15,2,False
S04,S04,1249,1249,L1-full,78,10-14,2,False
S04,S04,1249,1249,L1-full,79,2-6-11,3,False
S04,S04,1249,1249,L1-full,80,1-8-15,3,False
S04,S04,1249,1249,L1-full,81,5-11-12,3,False
S04,S04,1249,1249,L1-full,82,6-13-15,3,False
S04,S04,1249,1249,L1-full,83,6-7,2,False
S04,S04,1249,1249,L1-full,84,3-15,2,False
S04,S04,1249,1249,L1-full,85,4-7-12,3,False
S04,S04,1249,1249,L1-full,86,1-6-11,3,False
S04,S04,1249,1249,L1-full,87,10-13-15,3,False
S04,S04,1249,1249,L1-full,88,11-14,2,False
S04,S04,1249,1249,L1-full,89,0-8-9,3,False
S04,S04,1249,1249,L1-full,90,6-9-11,3,False
S04,S04,1249,1249,L1-full,91,7-12-15,3,False
S04,S04,1249,1249,L1-full,92,6-11-13,3,False
S04,S04,1249,1249,L1-full,93,5-8-9,3,False
S04,S04,1249,1249,L1-full,94,3-4-6,3,False
S04,S04,1249,1249,L1-full,95,3-5-7,3,False
S04,S04,1249,1249,L1-full,96,0-1-6,3,False
S04,S04,1249,1249,L1-full,97,5-7-15,3,False
S04,S04,1249,1249,L1-full,98,6-11-14,3,False
S04,S04,1249,1249,L1-full,99,3-5-13,3,False
S04,S04,1249,1249,L1-full,100,9-13-15,3,False
S04,S04,1249,1249,L1-full,101,0-6-9,3,False
S04,S04,1249,1249,L1-full,102,0-4-14,3,False
S04,S04,1249,1249,L1-full,103,6-9-13,3,False
S04,S04,1249,1249,L1-full,104,6-8-15,3,False
S04,S04,1249,1249,L1-full,105,0-2-15,3,False
S04,S04,1249,1249,L1-full,106,7-14,2,False
S04,S04,1249,1249,L1-full,107,6-9-12,3,False
S04,S04,1249,1249,L1-full,108,1-6,2,False
S04,S04,1249,1249,L1-full,109,7-9-10,3,False
S04,S04,1249,1249,L1-full,110,6-11,2,False
S04,S04,1249,1249,L1-full,111,10-11-15,3,False
S04,S04,1249,1249,L1-full,112,4-5-7,3,False
S04,S04,1249,1249,L1-full,113,2-5-14,3,False
S04,S04,1249,1249,L1-full,114,3-11,2,False
S04,S04,1249,1249,L1-full,115,1-9-12,3,False
S04,S04,1249,1249,L1-full,116,1-10-11,3,False
S04,S04,1249,1249,L1-full,117,4-6-14,3,False
S04,S04,1249,1249,L1-full,118,2-8-15,3,False
S04,S04,1249,1249,L1-full,119,10-15,2,False
S04,S04,1249,1249,L1-full,120,7-13-15,3,False
S04,S04,1249,1249,L1-full,121,3-14-15,3,False
S04,S04,1249,1249,L1-full,122,2-13-15,3,False
S04,S04,1249,1249,L1-full,123,3-8,2,False
S04,S04,1249,1249,L1-full,124,1-6-10,3,False
S04,S04,1249,1249,L1-full,125,2-4-8,3,False
S04,S04,1249,1249,L1-full,126,2-13,2,False
S04,S04,1249,1249,L1-full,127,1-10-14,3,False
S04,S04,1249,1249,L1-full,128,3-11-13,3,False
S04,S04,1249,1249,L1-full,129,6-9,2,False
S04,S04,1249,1249,L1-full,130,3-4-7,3,False
S04,S04,1249,1249,L1-full,131,4-7-11,3,False
S04,S04,1249,1249,L1-full,132,1-3-12,3,False
S04,S04,1249,1249,L1-full,133,6-10-14,3,False
S04,S04,1249,1249,L1-full,134,1-12,2,False
S04,S04,1249,1249,L1-full,135,0-1-5,3,False
S04,S04,1249,1249,L1-full,136,3-9-15,3,False
S04,S04,1249,1249,L1-full,137,5-8,2,False
S04,S04,1249,1249,L1-top8,1,0-1,2,True
S04,S04,1249,1249,L1-top8,2,7-8-9,3,True
S04,S04,1249,1249,L1-top8,3,2-3,2,True
S04,S04,1249,1249,L1-top8,4,4-5-6,3,True
S04,S04,1249,1249,L1-top8,5,4-6,2,False
S04,S04,1249,1249,L1-top8,6,2-4,2,False
S04,S04,1249,1249,L1-top8,7,2-13-14,3,False
S04,S04,1249,1249,L1-top8,8,8-11-13,3,False
S04,S04,1249,1249,L1-match,1,0-1,2,True
S04,S04,1249,1249,L1-match,2,7-8-9,3,True
S04,S04,1249,1249,L1-match,3,2-3,2,True
S04,S04,1249,1249,L1-match,4,4-5-6,3,True
S04,S04,1249,1249,SHIL-k8,1,0-1,2,True
S04,S04,1249,1249,SHIL-k8,2,7-8-9,3,True
S04,S04,1249,1249,SHIL-k8,3,2-3,2,True
S04,S04,1249,1249,SHIL-k8,4,4-5-6,3,True
S04,S04,1249,1249,SHIL-k8,5,4-8,2,False
S04,S04,1249,1249,SHIL-k8,6,0-5-13,3,False
S04,S04,1249,1249,SHIL-k8,7,1-2-8,3,False
S04,S04,1249,1249,SHIL-k8,8,3-10-15,3,False
S04,S04,1249,1249,SC-L1,1,0-1,2,True
S04,S04,1249,1249,SC-L1,2,2-3,2,True
S04,S04,1249,1249,SC-L1,3,4-5-6,3,True
S04,S04,1249,1249,SC-L1,4,7-8-9,3,True
S04,S04,1249,1249,SC-SHIL,1,0-1,2,True
S04,S04,1249,1249,SC-SHIL,2,2-3,2,True
S04,S04,1249,1249,SC-SHIL,3,4-5-6,3,True
S04,S04,1249,1249,SC-SHIL,4,7-8-9,3,True
S04,S04,1277,1277,L1-full,1,0-1,2,True
S04,S04,1277,1277,L1-full,2,4-5-6,3,True
S04,S04,1277,1277,L1-full,3,2-3,2,True
S04,S04,1277,1277,L1-full,4,7-8-9,3,True
S04,S04,1277,1277,L1-full,5,2-12,2,False
S04,S04,1277,1277,L1-full,6,1-3,2,False
S04,S04,1277,1277,L1-full,7,5-8-9,3,False
S04,S04,1277,1277,L1-full,8,2-4-7,3,False
S04,S04,1277,1277,L1-full,9,1-10-15,3,False
S04,S04,1277,1277,L1-full,10,1-5-7,3,False
S04,S04,1277,1277,L1-full,11,10-14,2,False
S04,S04,1277,1277,L1-full,12,6-12,2,False
S04,S04,1277,1277,L1-full,13,2-3-11,3,False
S04,S04,1277,1277,L1-full,14,3-14,2,False
S04,S04,1277,1277,L1-full,15,0-9-15,3,False
S04,S04,1277,1277,L1-full,16,5-7-10,3,False
S04,S04,1277,1277,L1-full,17,7-10-15,3,False
S04,S04,1277,1277,L1-full,18,2-4-11,3,False
S04,S04,1277,1277,L1-full,19,10-11-12,3,False
S04,S04,1277,1277,L1-full,20,3-8-9,3,False
S04,S04,1277,1277,L1-full,21,4-10-12,3,False
S04,S04,1277,1277,L1-full,22,4-14,2,False
S04,S04,1277,1277,L1-full,23,1-6,2,False
S04,S04,1277,1277,L1-full,24,3-4-10,3,False
S04,S04,1277,1277,L1-full,25,4-8-15,3,False
S04,S04,1277,1277,L1-full,26,5-12-15,3,False
S04,S04,1277,1277,L1-full,27,1-6-13,3,False
S04,S04,1277,1277,L1-full,28,1-13-15,3,False
S04,S04,1277,1277,L1-full,29,10-11-14,3,False
S04,S04,1277,1277,L1-full,30,1-5-9,3,False
S04,S04,1277,1277,L1-full,31,1-13,2,False
S04,S04,1277,1277,L1-full,32,5-7-15,3,False
S04,S04,1277,1277,L1-full,33,6-10-12,3,False
S04,S04,1277,1277,L1-full,34,2-4-8,3,False
S04,S04,1277,1277,L1-full,35,0-3-12,3,False
S04,S04,1277,1277,L1-full,36,0-12,2,False
S04,S04,1277,1277,L1-full,37,4-8,2,False
S04,S04,1277,1277,L1-full,38,1-2-9,3,False
S04,S04,1277,1277,L1-full,39,0-4-14,3,False
S04,S04,1277,1277,L1-full,40,8-14-15,3,False
S04,S04,1277,1277,L1-full,41,9-15,2,False
S04,S04,1277,1277,L1-full,42,9-12-15,3,False
S04,S04,1277,1277,L1-full,43,5-8-12,3,False
S04,S04,1277,1277,L1-full,44,0-6-14,3,False
S04,S04,1277,1277,L1-full,45,2-6-10,3,False
S04,S04,1277,1277,L1-full,46,0-4-13,3,False
S04,S04,1277,1277,L1-full,47,6-11,2,False
S04,S04,1277,1277,L1-full,48,11-13-14,3,False
S04,S04,1277,1277,L1-full,49,5-9-10,3,False
S04,S04,1277,1277,L1-full,50,7-11-15,3,False
S04,S04,1277,1277,L1-full,51,0-8-10,3,False
S04,S04,1277,1277,L1-full,52,4-10-15,3,False
S04,S04,1277,1277,L1-full,53,2-8-10,3,False
S04,S04,1277,1277,L1-full,54,3-4-15,3,False
S04,S04,1277,1277,L1-full,55,1-2-10,3,False
S04,S04,1277,1277,L1-full,56,0-9-11,3,False
S04,S04,1277,1277,L1-full,57,5-14,2,False
S04,S04,1277,1277,L1-full,58,1-4,2,False
S04,S04,1277,1277,L1-full,59,0-14-15,3,False
S04,S04,1277,1277,L1-full,60,7-10-13,3,False
S04,S04,1277,1277,L1-full,61,8-10-12,3,False
S04,S04,1277,1277,L1-full,62,2-9-11,3,False
S04,S04,1277,1277,L1-full,63,1-2-13,3,False
S04,S04,1277,1277,L1-full,64,11-12-15,3,False
S04,S04,1277,1277,L1-full,65,0-7-11,3,False
S04,S04,1277,1277,L1-full,66,10-12-15,3,False
S04,S04,1277,1277,L1-full,67,0-3,2,False
S04,S04,1277,1277,L1-full,68,2-14,2,False
S04,S04,1277,1277,L1-full,69,0-9-10,3,False
S04,S04,1277,1277,L1-full,70,1-3-9,3,False
S04,S04,1277,1277,L1-full,71,2-13,2,False
S04,S04,1277,1277,L1-full,72,9-10-14,3,False
S04,S04,1277,1277,L1-full,73,2-3-9,3,False
S04,S04,1277,1277,L1-full,74,5-9-13,3,False
S04,S04,1277,1277,L1-full,75,5-8-14,3,False
S04,S04,1277,1277,L1-full,76,3-7-11,3,False
S04,S04,1277,1277,L1-full,77,1-8-15,3,False
S04,S04,1277,1277,L1-full,78,3-12-15,3,False
S04,S04,1277,1277,L1-full,79,7-14-15,3,False
S04,S04,1277,1277,L1-full,80,2-10-15,3,False
S04,S04,1277,1277,L1-full,81,6-9-15,3,False
S04,S04,1277,1277,L1-full,82,7-12-14,3,False
S04,S04,1277,1277,L1-full,83,1-2-15,3,False
S04,S04,1277,1277,L1-full,84,3-10-11,3,False
S04,S04,1277,1277,L1-full,85,0-2-7,3,False
S04,S04,1277,1277,L1-full,86,6-7-10,3,False
S04,S04,1277,1277,L1-full,87,1-9-13,3,False
S04,S04,1277,1277,L1-full,88,6-8-9,3,False
S04,S04,1277,1277,L1-full,89,3-6-9,3,False
S04,S04,1277,1277,L1-full,90,4-6,2,False
S04,S04,1277,1277,L1-full,91,3-7-13,3,False
S04,S04,1277,1277,L1-full,92,12-13-15,3,False
S04,S04,1277,1277,L1-full,93,2-5-15,3,False
S04,S04,1277,1277,L1-full,94,6-9,2,False
S04,S04,1277,1277,L1-full,95,1-2-3,3,False
S04,S04,1277,1277,L1-full,96,2-4,2,False
S04,S04,1277,1277,L1-full,97,0-11-12,3,False
S04,S04,1277,1277,L1-full,98,1-8-14,3,False
S04,S04,1277,1277,L1-full,99,3-9-14,3,False
S04,S04,1277,1277,L1-full,100,8-12-15,3,False
S04,S04,1277,1277,L1-full,101,4-10-13,3,False
S04,S04,1277,1277,L1-full,102,8-9-14,3,False
S04,S04,1277,1277,L1-full,103,5-6-8,3,False
S04,S04,1277,1277,L1-full,104,0-3-5,3,False
S04,S04,1277,1277,L1-full,105,0-4-10,3,False
S04,S04,1277,1277,L1-full,106,2-6-14,3,False
S04,S04,1277,1277,L1-full,107,0-15,2,False
S04,S04,1277,1277,L1-full,108,10-13-14,3,False
S04,S04,1277,1277,L1-full,109,4-7-12,3,False
S04,S04,1277,1277,L1-full,110,11-14,2,False
S04,S04,1277,1277,L1-full,111,8-11-12,3,False
S04,S04,1277,1277,L1-full,112,10-11,2,False
S04,S04,1277,1277,L1-full,113,1-9-15,3,False
S04,S04,1277,1277,L1-full,114,8-9-11,3,False
S04,S04,1277,1277,L1-full,115,3-4-13,3,False
S04,S04,1277,1277,L1-full,116,5-8,2,False
S04,S04,1277,1277,L1-full,117,6-7,2,False
S04,S04,1277,1277,L1-full,118,3-7-8,3,False
S04,S04,1277,1277,L1-full,119,0-4-8,3,False
S04,S04,1277,1277,L1-full,120,3-9-15,3,False
S04,S04,1277,1277,L1-full,121,11-12,2,False
S04,S04,1277,1277,L1-full,122,5-13-14,3,False
S04,S04,1277,1277,L1-full,123,5-10-15,3,False
S04,S04,1277,1277,L1-full,124,6-15,2,False
S04,S04,1277,1277,L1-full,125,4-11-15,3,False
S04,S04,1277,1277,L1-full,126,4-11,2,False
S04,S04,1277,1277,L1-full,127,4-5-11,3,False
S04,S04,1277,1277,L1-full,128,3-7-9,3,False
S04,S04,1277,1277,L1-full,129,4-12,2,False
S04,S04,1277,1277,L1-full,130,4-5,2,False
S04,S04,1277,1277,L1-full,131,7-10-12,3,False
S04,S04,1277,1277,L1-full,132,4-5-13,3,False
S04,S04,1277,1277,L1-full,133,6-11-14,3,False
S04,S04,1277,1277,L1-full,134,4-8-9,3,False
S04,S04,1277,1277,L1-top8,1,0-1,2,True
S04,S04,1277,1277,L1-top8,2,4-5-6,3,True
S04,S04,1277,1277,L1-top8,3,2-3,2,True
S04,S04,1277,1277,L1-top8,4,7-8-9,3,True
S04,S04,1277,1277,L1-top8,5,2-12,2,False
S04,S04,1277,1277,L1-top8,6,1-3,2,False
S04,S04,1277,1277,L1-top8,7,5-8-9,3,False
S04,S04,1277,1277,L1-top8,8,2-4-7,3,False
S04,S04,1277,1277,L1-match,1,0-1,2,True
S04,S04,1277,1277,L1-match,2,4-5-6,3,True
S04,S04,1277,1277,L1-match,3,2-3,2,True
S04,S04,1277,1277,L1-match,4,7-8-9,3,True
S04,S04,1277,1277,SHIL-k8,1,0-1,2,True
S04,S04,1277,1277,SHIL-k8,2,2-3,2,True
S04,S04,1277,1277,SHIL-k8,3,4-5-6,3,True
S04,S04,1277,1277,SHIL-k8,4,7-8-9,3,True
S04,S04,1277,1277,SHIL-k8,5,2-12,2,False
S04,S04,1277,1277,SHIL-k8,6,2-3-11,3,False
S04,S04,1277,1277,SHIL-k8,7,3-5-10,3,False
S04,S04,1277,1277,SHIL-k8,8,0-3-8,3,False
S04,S04,1277,1277,SC-L1,1,0-1,2,True
S04,S04,1277,1277,SC-L1,2,2-3,2,True
S04,S04,1277,1277,SC-L1,3,4-5-6,3,True
S04,S04,1277,1277,SC-L1,4,7-8-9,3,True
S04,S04,1277,1277,SC-SHIL,1,0-1,2,True
S04,S04,1277,1277,SC-SHIL,2,2-3,2,True
S04,S04,1277,1277,SC-SHIL,3,4-5-6,3,True
S04,S04,1277,1277,SC-SHIL,4,7-8-9,3,True
S05,S05,1103,1103,L1-full,1,0-1,2,True
S05,S05,1103,1103,L1-full,2,4-5-6,3,True
S05,S05,1103,1103,L1-full,3,2-3,2,True
S05,S05,1103,1103,L1-full,4,7-8-9,3,True
S05,S05,1103,1103,L1-full,5,3-9-15,3,False
S05,S05,1103,1103,L1-full,6,5-7-13,3,False
S05,S05,1103,1103,L1-full,7,5-11,2,False
S05,S05,1103,1103,L1-full,8,1-2-13,3,False
S05,S05,1103,1103,L1-full,9,11-13-14,3,False
S05,S05,1103,1103,L1-full,10,3-14-15,3,False
S05,S05,1103,1103,L1-full,11,2-5-11,3,False
S05,S05,1103,1103,L1-full,12,2-10-15,3,False
S05,S05,1103,1103,L1-full,13,4-12-14,3,False
S05,S05,1103,1103,L1-full,14,7-15,2,False
S05,S05,1103,1103,L1-full,15,11-12-14,3,False
S05,S05,1103,1103,L1-full,16,0-6-9,3,False
S05,S05,1103,1103,L1-full,17,6-12-14,3,False
S05,S05,1103,1103,L1-full,18,6-7-11,3,False
S05,S05,1103,1103,L1-full,19,0-4-12,3,False
S05,S05,1103,1103,L1-full,20,5-8,2,False
S05,S05,1103,1103,L1-full,21,4-13-14,3,False
S05,S05,1103,1103,L1-full,22,0-10-12,3,False
S05,S05,1103,1103,L1-full,23,7-9-10,3,False
S05,S05,1103,1103,L1-full,24,0-11,2,False
S05,S05,1103,1103,L1-full,25,0-4-15,3,False
S05,S05,1103,1103,L1-full,26,3-8-10,3,False
S05,S05,1103,1103,L1-full,27,0-2-13,3,False
S05,S05,1103,1103,L1-full,28,5-6-12,3,False
S05,S05,1103,1103,L1-full,29,1-2-11,3,False
S05,S05,1103,1103,L1-full,30,3-5-13,3,False
S05,S05,1103,1103,L1-full,31,5-7,2,False
S05,S05,1103,1103,L1-full,32,3-6-11,3,False
S05,S05,1103,1103,L1-full,33,9-12-14,3,False
S05,S05,1103,1103,L1-full,34,4-9-10,3,False
S05,S05,1103,1103,L1-full,35,7-11,2,False
S05,S05,1103,1103,L1-full,36,7-14,2,False
S05,S05,1103,1103,L1-full,37,2-14-15,3,False
S05,S05,1103,1103,L1-full,38,0-10-15,3,False
S05,S05,1103,1103,L1-full,39,0-5-12,3,False
S05,S05,1103,1103,L1-full,40,1-3,2,False
S05,S05,1103,1103,L1-full,41,2-6-10,3,False
S05,S05,1103,1103,L1-full,42,2-4-5,3,False
S05,S05,1103,1103,L1-full,43,7-9-14,3,False
S05,S05,1103,1103,L1-full,44,5-10-12,3,False
S05,S05,1103,1103,L1-full,45,10-12-13,3,False
S05,S05,1103,1103,L1-full,46,8-10-12,3,False
S05,S05,1103,1103,L1-full,47,0-11-15,3,False
S05,S05,1103,1103,L1-full,48,2-10,2,False
S05,S05,1103,1103,L1-full,49,2-5,2,False
S05,S05,1103,1103,L1-full,50,6-8-13,3,False
S05,S05,1103,1103,L1-full,51,2-8,2,False
S05,S05,1103,1103,L1-full,52,3-6-12,3,False
S05,S05,1103,1103,L1-full,53,6-13,2,False
S05,S05,1103,1103,L1-full,54,8-10-14,3,False
S05,S05,1103,1103,L1-full,55,5-6-14,3,False
S05,S05,1103,1103,L1-full,56,4-14,2,False
S05,S05,1103,1103,L1-full,57,2-6,2,False
S05,S05,1103,1103,L1-full,58,2-6-7,3,False
S05,S05,1103,1103,L1-full,59,1-12-14,3,False
S05,S05,1103,1103,L1-full,60,2-6-8,3,False
S05,S05,1103,1103,L1-full,61,2-10-12,3,False
S05,S05,1103,1103,L1-full,62,3-12-15,3,False
S05,S05,1103,1103,L1-full,63,0-4-8,3,False
S05,S05,1103,1103,L1-full,64,0-6-10,3,False
S05,S05,1103,1103,L1-full,65,1-9-12,3,False
S05,S05,1103,1103,L1-full,66,6-7-8,3,False
S05,S05,1103,1103,L1-full,67,5-9-12,3,False
S05,S05,1103,1103,L1-full,68,4-10-11,3,False
S05,S05,1103,1103,L1-full,69,2-13,2,False
S05,S05,1103,1103,L1-full,70,7-8-13,3,False
S05,S05,1103,1103,L1-full,71,5-11-14,3,False
S05,S05,1103,1103,L1-full,72,12-14,2,False
S05,S05,1103,1103,L1-full,73,0-2-7,3,False
S05,S05,1103,1103,L1-full,74,2-8-12,3,False
S05,S05,1103,1103,L1-full,75,8-9-10,3,False
S05,S05,1103,1103,L1-full,76,1-5-8,3,False
S05,S05,1103,1103,L1-full,77,4-6-11,3,False
S05,S05,1103,1103,L1-full,78,7-9-15,3,False
S05,S05,1103,1103,L1-full,79,5-11-13,3,False
S05,S05,1103,1103,L1-full,80,2-4-14,3,False
S05,S05,1103,1103,L1-full,81,10-11-14,3,False
S05,S05,1103,1103,L1-full,82,3-4,2,False
S05,S05,1103,1103,L1-full,83,0-11-13,3,False
S05,S05,1103,1103,L1-full,84,3-10-11,3,False
S05,S05,1103,1103,L1-full,85,1-3-4,3,False
S05,S05,1103,1103,L1-full,86,1-4-10,3,False
S05,S05,1103,1103,L1-full,87,0-13-14,3,False
S05,S05,1103,1103,L1-full,88,7-10-13,3,False
S05,S05,1103,1103,L1-full,89,4-6-13,3,False
S05,S05,1103,1103,L1-full,90,9-12,2,False
S05,S05,1103,1103,L1-full,91,1-9-15,3,False
S05,S05,1103,1103,L1-full,92,0-6-12,3,False
S05,S05,1103,1103,L1-full,93,2-3-6,3,False
S05,S05,1103,1103,L1-full,94,4-7-15,3,False
S05,S05,1103,1103,L1-full,95,9-14,2,False
S05,S05,1103,1103,L1-full,96,0-6-13,3,False
S05,S05,1103,1103,L1-full,97,5-9-10,3,False
S05,S05,1103,1103,L1-full,98,0-5-13,3,False
S05,S05,1103,1103,L1-full,99,2-10-14,3,False
S05,S05,1103,1103,L1-full,100,9-11-12,3,False
S05,S05,1103,1103,L1-full,101,8-13-15,3,False
S05,S05,1103,1103,L1-full,102,5-7-10,3,False
S05,S05,1103,1103,L1-full,103,4-7-8,3,False
S05,S05,1103,1103,L1-full,104,7-8-11,3,False
S05,S05,1103,1103,L1-full,105,3-7-8,3,False
S05,S05,1103,1103,L1-full,106,4-7-10,3,False
S05,S05,1103,1103,L1-full,107,5-12-15,3,False
S05,S05,1103,1103,L1-full,108,1-7-13,3,False
S05,S05,1103,1103,L1-full,109,3-7-12,3,False
S05,S05,1103,1103,L1-full,110,4-10-15,3,False
S05,S05,1103,1103,L1-full,111,5-8-12,3,False
S05,S05,1103,1103,L1-full,112,4-14-15,3,False
S05,S05,1103,1103,L1-full,113,2-4-15,3,False
S05,S05,1103,1103,L1-top8,1,0-1,2,True
S05,S05,1103,1103,L1-top8,2,4-5-6,3,True
S05,S05,1103,1103,L1-top8,3,2-3,2,True
S05,S05,1103,1103,L1-top8,4,7-8-9,3,True
S05,S05,1103,1103,L1-top8,5,3-9-15,3,False
S05,S05,1103,1103,L1-top8,6,5-7-13,3,False
S05,S05,1103,1103,L1-top8,7,5-11,2,False
S05,S05,1103,1103,L1-top8,8,1-2-13,3,False
S05,S05,1103,1103,L1-match,1,0-1,2,True
S05,S05,1103,1103,L1-match,2,4-5-6,3,True
S05,S05,1103,1103,L1-match,3,2-3,2,True
S05,S05,1103,1103,L1-match,4,7-8-9,3,True
S05,S05,1103,1103,SHIL-k8,1,0-1,2,True
S05,S05,1103,1103,SHIL-k8,2,4-5-6,3,True
S05,S05,1103,1103,SHIL-k8,3,2-3,2,True
S05,S05,1103,1103,SHIL-k8,4,7-8-9,3,True
S05,S05,1103,1103,SHIL-k8,5,5-7-13,3,False
S05,S05,1103,1103,SHIL-k8,6,2-3-15,3,False
S05,S05,1103,1103,SHIL-k8,7,1-3-4,3,False
S05,S05,1103,1103,SHIL-k8,8,0-2-13,3,False
S05,S05,1103,1103,SC-L1,1,0-1,2,True
S05,S05,1103,1103,SC-L1,2,2-3,2,True
S05,S05,1103,1103,SC-L1,3,4-5-6,3,True
S05,S05,1103,1103,SC-L1,4,7-8-9,3,True
S05,S05,1103,1103,SC-SHIL,1,0-1,2,True
S05,S05,1103,1103,SC-SHIL,2,2-3,2,True
S05,S05,1103,1103,SC-SHIL,3,4-5-6,3,True
S05,S05,1103,1103,SC-SHIL,4,7-8-9,3,True
S05,S05,1129,1129,L1-full,1,0-1,2,True
S05,S05,1129,1129,L1-full,2,4-5-6,3,True
S05,S05,1129,1129,L1-full,3,2-3,2,True
S05,S05,1129,1129,L1-full,4,7-8-9,3,True
S05,S05,1129,1129,L1-full,5,2-13-14,3,False
S05,S05,1129,1129,L1-full,6,7-11-14,3,False
S05,S05,1129,1129,L1-full,7,10-12,2,False
S05,S05,1129,1129,L1-full,8,8-12-15,3,False
S05,S05,1129,1129,L1-full,9,2-5-7,3,False
S05,S05,1129,1129,L1-full,10,3-5-12,3,False
S05,S05,1129,1129,L1-full,11,6-8-12,3,False
S05,S05,1129,1129,L1-full,12,9-11-13,3,False
S05,S05,1129,1129,L1-full,13,5-8-15,3,False
S05,S05,1129,1129,L1-full,14,2-11-15,3,False
S05,S05,1129,1129,L1-full,15,5-8-11,3,False
S05,S05,1129,1129,L1-full,16,1-7,2,False
S05,S05,1129,1129,L1-full,17,6-14,2,False
S05,S05,1129,1129,L1-full,18,1-4-11,3,False
S05,S05,1129,1129,L1-full,19,6-12-13,3,False
S05,S05,1129,1129,L1-full,20,7-11-15,3,False
S05,S05,1129,1129,L1-full,21,3-4,2,False
S05,S05,1129,1129,L1-full,22,2-5-15,3,False
S05,S05,1129,1129,L1-full,23,0-1-7,3,False
S05,S05,1129,1129,L1-full,24,1-13-14,3,False
S05,S05,1129,1129,L1-full,25,9-11,2,False
S05,S05,1129,1129,L1-full,26,4-8-14,3,False
S05,S05,1129,1129,L1-full,27,0-10,2,False
S05,S05,1129,1129,L1-full,28,8-10-13,3,False
S05,S05,1129,1129,L1-full,29,1-2-9,3,False
S05,S05,1129,1129,L1-full,30,8-13,2,False
S05,S05,1129,1129,L1-full,31,3-5-14,3,False
S05,S05,1129,1129,L1-full,32,5-10-12,3,False
S05,S05,1129,1129,L1-full,33,4-12-13,3,False
S05,S05,1129,1129,L1-full,34,2-7-13,3,False
S05,S05,1129,1129,L1-full,35,10-11-15,3,False
S05,S05,1129,1129,L1-full,36,9-13-15,3,False
S05,S05,1129,1129,L1-full,37,11-12,2,False
S05,S05,1129,1129,L1-full,38,2-11,2,False
S05,S05,1129,1129,L1-full,39,1-11-15,3,False
S05,S05,1129,1129,L1-full,40,1-13-15,3,False
S05,S05,1129,1129,L1-full,41,2-8-10,3,False
S05,S05,1129,1129,L1-full,42,9-15,2,False
S05,S05,1129,1129,L1-full,43,3-4-8,3,False
S05,S05,1129,1129,L1-full,44,11-15,2,False
S05,S05,1129,1129,L1-full,45,11-13-14,3,False
S05,S05,1129,1129,L1-full,46,1-10-15,3,False
S05,S05,1129,1129,L1-full,47,1-9-10,3,False
S05,S05,1129,1129,L1-full,48,8-11,2,False
S05,S05,1129,1129,L1-full,49,1-7-15,3,False
S05,S05,1129,1129,L1-full,50,1-5-14,3,False
S05,S05,1129,1129,L1-full,51,6-14-15,3,False
S05,S05,1129,1129,L1-full,52,0-12-15,3,False
S05,S05,1129,1129,L1-full,53,5-9-14,3,False
S05,S05,1129,1129,L1-full,54,0-2-8,3,False
S05,S05,1129,1129,L1-full,55,3-10,2,False
S05,S05,1129,1129,L1-full,56,8-9-12,3,False
S05,S05,1129,1129,L1-full,57,0-2-6,3,False
S05,S05,1129,1129,L1-full,58,0-4,2,False
S05,S05,1129,1129,L1-full,59,4-9-10,3,False
S05,S05,1129,1129,L1-full,60,5-13-15,3,False
S05,S05,1129,1129,L1-full,61,7-9-12,3,False
S05,S05,1129,1129,L1-full,62,3-9-14,3,False
S05,S05,1129,1129,L1-full,63,5-10-15,3,False
S05,S05,1129,1129,L1-full,64,1-9-12,3,False
S05,S05,1129,1129,L1-full,65,1-5,2,False
S05,S05,1129,1129,L1-full,66,7-12,2,False
S05,S05,1129,1129,L1-full,67,7-9,2,False
S05,S05,1129,1129,L1-full,68,4-8-12,3,False
S05,S05,1129,1129,L1-full,69,5-12-15,3,False
S05,S05,1129,1129,L1-full,70,6-13,2,False
S05,S05,1129,1129,L1-full,71,2-5-13,3,False
S05,S05,1129,1129,L1-full,72,0-14-15,3,False
S05,S05,1129,1129,L1-full,73,12-14-15,3,False
S05,S05,1129,1129,L1-full,74,4-10,2,False
S05,S05,1129,1129,L1-full,75,5-7-9,3,False
S05,S05,1129,1129,L1-full,76,3-8-15,3,False
S05,S05,1129,1129,L1-full,77,13-15,2,False
S05,S05,1129,1129,L1-full,78,2-6-13,3,False
S05,S05,1129,1129,L1-full,79,2-7-15,3,False
S05,S05,1129,1129,L1-full,80,7-15,2,False
S05,S05,1129,1129,L1-full,81,3-4-14,3,False
S05,S05,1129,1129,L1-full,82,7-13-15,3,False
S05,S05,1129,1129,L1-full,83,6-7-15,3,False
S05,S05,1129,1129,L1-full,84,0-6-15,3,False
S05,S05,1129,1129,L1-full,85,4-9-15,3,False
S05,S05,1129,1129,L1-full,86,2-6-14,3,False
S05,S05,1129,1129,L1-full,87,1-2-12,3,False
S05,S05,1129,1129,L1-full,88,2-4-9,3,False
S05,S05,1129,1129,L1-full,89,7-10-13,3,False
S05,S05,1129,1129,L1-full,90,6-9-13,3,False
S05,S05,1129,1129,L1-full,91,0-3-15,3,False
S05,S05,1129,1129,L1-full,92,0-10-11,3,False
S05,S05,1129,1129,L1-full,93,10-13-14,3,False
S05,S05,1129,1129,L1-full,94,3-7-12,3,False
S05,S05,1129,1129,L1-full,95,4-8-10,3,False
S05,S05,1129,1129,L1-full,96,3-5-11,3,False
S05,S05,1129,1129,L1-full,97,3-10-14,3,False
S05,S05,1129,1129,L1-full,98,5-12-14,3,False
S05,S05,1129,1129,L1-full,99,8-15,2,False
S05,S05,1129,1129,L1-full,100,2-3-4,3,False
S05,S05,1129,1129,L1-full,101,7-11-13,3,False
S05,S05,1129,1129,L1-full,102,4-10-15,3,False
S05,S05,1129,1129,L1-full,103,0-13-14,3,False
S05,S05,1129,1129,L1-full,104,4-7-8,3,False
S05,S05,1129,1129,L1-full,105,7-11-12,3,False
S05,S05,1129,1129,L1-full,106,8-9-15,3,False
S05,S05,1129,1129,L1-full,107,1-9-14,3,False
S05,S05,1129,1129,L1-full,108,1-14,2,False
S05,S05,1129,1129,L1-full,109,5-9-10,3,False
S05,S05,1129,1129,L1-full,110,0-9-10,3,False
S05,S05,1129,1129,L1-full,111,2-7,2,False
S05,S05,1129,1129,L1-full,112,4-9,2,False
S05,S05,1129,1129,L1-full,113,4-12-14,3,False
S05,S05,1129,1129,L1-full,114,4-8-13,3,False
S05,S05,1129,1129,L1-full,115,2-4-8,3,False
S05,S05,1129,1129,L1-top8,1,0-1,2,True
S05,S05,1129,1129,L1-top8,2,4-5-6,3,True
S05,S05,1129,1129,L1-top8,3,2-3,2,True
S05,S05,1129,1129,L1-top8,4,7-8-9,3,True
S05,S05,1129,1129,L1-top8,5,2-13-14,3,False
S05,S05,1129,1129,L1-top8,6,7-11-14,3,False
S05,S05,1129,1129,L1-top8,7,10-12,2,False
S05,S05,1129,1129,L1-top8,8,8-12-15,3,False
S05,S05,1129,1129,L1-match,1,0-1,2,True
S05,S05,1129,1129,L1-match,2,4-5-6,3,True
S05,S05,1129,1129,L1-match,3,2-3,2,True
S05,S05,1129,1129,L1-match,4,7-8-9,3,True
S05,S05,1129,1129,SHIL-k8,1,0-1,2,True
S05,S05,1129,1129,SHIL-k8,2,4-5-6,3,True
S05,S05,1129,1129,SHIL-k8,3,2-3,2,True
S05,S05,1129,1129,SHIL-k8,4,7-8-9,3,True
S05,S05,1129,1129,SHIL-k8,5,0-1-7,3,False
S05,S05,1129,1129,SHIL-k8,6,1-9-12,3,False
S05,S05,1129,1129,SHIL-k8,7,0-5-11,3,False
S05,S05,1129,1129,SHIL-k8,8,0-2-8,3,False
S05,S05,1129,1129,SC-L1,1,0-1,2,True
S05,S05,1129,1129,SC-L1,2,2-3,2,True
S05,S05,1129,1129,SC-L1,3,4-5-6,3,True
S05,S05,1129,1129,SC-L1,4,7-8-9,3,True
S05,S05,1129,1129,SC-SHIL,1,0-1,2,True
S05,S05,1129,1129,SC-SHIL,2,2-3,2,True
S05,S05,1129,1129,SC-SHIL,3,4-5-6,3,True
S05,S05,1129,1129,SC-SHIL,4,7-8-9,3,True
S05,S05,1151,1151,L1-full,1,0-1,2,True
S05,S05,1151,1151,L1-full,2,4-5-6,3,True
S05,S05,1151,1151,L1-full,3,2-3,2,True
S05,S05,1151,1151,L1-full,4,7-8-9,3,True
S05,S05,1151,1151,L1-full,5,2-4-5,3,False
S05,S05,1151,1151,L1-full,6,0-5-6,3,False
S05,S05,1151,1151,L1-full,7,6-11-13,3,False
S05,S05,1151,1151,L1-full,8,1-3-12,3,False
S05,S05,1151,1151,L1-full,9,2-5-11,3,False
S05,S05,1151,1151,L1-full,10,5-11-12,3,False
S05,S05,1151,1151,L1-full,11,0-6,2,False
S05,S05,1151,1151,L1-full,12,4-6,2,False
S05,S05,1151,1151,L1-full,13,14-15,2,False
S05,S05,1151,1151,L1-full,14,1-11-15,3,False
S05,S05,1151,1151,L1-full,15,10-11-12,3,False
S05,S05,1151,1151,L1-full,16,1-14-15,3,False
S05,S05,1151,1151,L1-full,17,3-13-15,3,False
S05,S05,1151,1151,L1-full,18,4-8-14,3,False
S05,S05,1151,1151,L1-full,19,8-9,2,False
S05,S05,1151,1151,L1-full,20,4-12-15,3,False
S05,S05,1151,1151,L1-full,21,6-9-15,3,False
S05,S05,1151,1151,L1-full,22,0-2-7,3,False
S05,S05,1151,1151,L1-full,23,7-11-14,3,False
S05,S05,1151,1151,L1-full,24,1-10-15,3,False
S05,S05,1151,1151,L1-full,25,3-11,2,False
S05,S05,1151,1151,L1-full,26,2-13,2,False
S05,S05,1151,1151,L1-full,27,1-6-7,3,False
S05,S05,1151,1151,L1-full,28,0-4-13,3,False
S05,S05,1151,1151,L1-full,29,2-10-12,3,False
S05,S05,1151,1151,L1-full,30,9-13-15,3,False
S05,S05,1151,1151,L1-full,31,0-7-10,3,False
S05,S05,1151,1151,L1-full,32,5-7-9,3,False
S05,S05,1151,1151,L1-full,33,0-9-10,3,False
S05,S05,1151,1151,L1-full,34,9-10-14,3,False
S05,S05,1151,1151,L1-full,35,10-15,2,False
S05,S05,1151,1151,L1-full,36,5-11-14,3,False
S05,S05,1151,1151,L1-full,37,0-7-11,3,False
S05,S05,1151,1151,L1-full,38,5-8-15,3,False
S05,S05,1151,1151,L1-full,39,6-9-12,3,False
S05,S05,1151,1151,L1-full,40,1-4-7,3,False
S05,S05,1151,1151,L1-full,41,1-3-7,3,False
S05,S05,1151,1151,L1-full,42,4-11-13,3,False
S05,S05,1151,1151,L1-full,43,3-9-11,3,False
S05,S05,1151,1151,L1-full,44,5-10-14,3,False
S05,S05,1151,1151,L1-full,45,2-8-10,3,False
S05,S05,1151,1151,L1-full,46,6-7-9,3,False
S05,S05,1151,1151,L1-full,47,0-7-15,3,False
S05,S05,1151,1151,L1-full,48,1-7-15,3,False
S05,S05,1151,1151,L1-full,49,5-10,2,False
S05,S05,1151,1151,L1-full,50,8-12-13,3,False
S05,S05,1151,1151,L1-full,51,1-8-10,3,False
S05,S05,1151,1151,L1-full,52,3-6-13,3,False
S05,S05,1151,1151,L1-full,53,4-11-15,3,False
S05,S05,1151,1151,L1-full,54,2-13-15,3,False
S05,S05,1151,1151,L1-full,55,3-9,2,False
S05,S05,1151,1151,L1-full,56,0-6-15,3,False
S05,S05,1151,1151,L1-full,57,1-10-14,3,False
S05,S05,1151,1151,L1-full,58,0-7-13,3,False
S05,S05,1151,1151,L1-full,59,7-9-12,3,False
S05,S05,1151,1151,L1-full,60,2-11,2,False
S05,S05,1151,1151,L1-full,61,6-11,2,False
S05,S05,1151,1151,L1-full,62,4-8-13,3,False
S05,S05,1151,1151,L1-full,63,0-3-4,3,False
S05,S05,1151,1151,L1-full,64,3-8-13,3,False
S05,S05,1151,1151,L1-full,65,3-7-12,3,False
S05,S05,1151,1151,L1-full,66,11-12,2,False
S05,S05,1151,1151,L1-full,67,2-11-12,3,False
S05,S05,1151,1151,L1-full,68,8-12-14,3,False
S05,S05,1151,1151,L1-full,69,7-13,2,False
S05,S05,1151,1151,L1-full,70,6-8-14,3,False
S05,S05,1151,1151,L1-full,71,2-9-13,3,False
S05,S05,1151,1151,L1-full,72,6-7-11,3,False
S05,S05,1151,1151,L1-full,73,5-7-15,3,False
S05,S05,1151,1151,L1-full,74,2-11-13,3,False
S05,S05,1151,1151,L1-full,75,2-4-13,3,False
S05,S05,1151,1151,L1-full,76,10-13-15,3,False
S05,S05,1151,1151,L1-full,77,11-13-14,3,False
S05,S05,1151,1151,L1-full,78,10-11-14,3,False
S05,S05,1151,1151,L1-full,79,13-15,2,False
S05,S05,1151,1151,L1-full,80,0-10-15,3,False
S05,S05,1151,1151,L1-full,81,4-10-13,3,False
S05,S05,1151,1151,L1-full,82,9-13,2,False
S05,S05,1151,1151,L1-full,83,4-9-10,3,False
S05,S05,1151,1151,L1-full,84,8-9-14,3,False
S05,S05,1151,1151,L1-full,85,2-4-15,3,False
S05,S05,1151,1151,L1-full,86,5-7-11,3,False
S05,S05,1151,1151,L1-full,87,4-13-15,3,False
S05,S05,1151,1151,L1-full,88,4-5-9,3,False
S05,S05,1151,1151,L1-full,89,1-9,2,False
S05,S05,1151,1151,L1-full,90,7-9,2,False
S05,S05,1151,1151,L1-full,91,8-11-14,3,False
S05,S05,1151,1151,L1-full,92,3-7-15,3,False
S05,S05,1151,1151,L1-full,93,2-6-13,3,False
S05,S05,1151,1151,L1-full,94,11-14-15,3,False
S05,S05,1151,1151,L1-full,95,2-12,2,False
S05,S05,1151,1151,L1-full,96,4-6-7,3,False
S05,S05,1151,1151,L1-full,97,3-4-6,3,False
S05,S05,1151,1151,L1-full,98,1-12-14,3,False
S05,S05,1151,1151,L1-full,99,1-11,2,False
S05,S05,1151,1151,L1-full,100,8-15,2,False
S05,S05,1151,1151,L1-full,101,1-6-13,3,False
S05,S05,1151,1151,L1-top8,1,0-1,2,True
S05,S05,1151,1151,L1-top8,2,4-5-6,3,True
S05,S05,1151,1151,L1-top8,3,2-3,2,True
S05,S05,1151,1151,L1-top8,4,7-8-9,3,True
S05,S05,1151,1151,L1-top8,5,2-4-5,3,False
S05,S05,1151,1151,L1-top8,6,0-5-6,3,False
S05,S05,1151,1151,L1-top8,7,6-11-13,3,False
S05,S05,1151,1151,L1-top8,8,1-3-12,3,False
S05,S05,1151,1151,L1-match,1,0-1,2,True
S05,S05,1151,1151,L1-match,2,4-5-6,3,True
S05,S05,1151,1151,L1-match,3,2-3,2,True
S05,S05,1151,1151,L1-match,4,7-8-9,3,True
S05,S05,1151,1151,SHIL-k8,1,0-1,2,True
S05,S05,1151,1151,SHIL-k8,2,4-5-6,3,True
S05,S05,1151,1151,SHIL-k8,3,2-3,2,True
S05,S05,1151,1151,SHIL-k8,4,7-8-9,3,True
S05,S05,1151,1151,SHIL-k8,5,2-10-12,3,False
S05,S05,1151,1151,SHIL-k8,6,5-11-12,3,False
S05,S05,1151,1151,SHIL-k8,7,10-11-12,3,False
S05,S05,1151,1151,SHIL-k8,8,1-2-9,3,False
S05,S05,1151,1151,SC-L1,1,0-1,2,True
S05,S05,1151,1151,SC-L1,2,2-3,2,True
S05,S05,1151,1151,SC-L1,3,4-5-6,3,True
S05,S05,1151,1151,SC-L1,4,7-8-9,3,True
S05,S05,1151,1151,SC-SHIL,1,0-1,2,True
S05,S05,1151,1151,SC-SHIL,2,2-3,2,True
S05,S05,1151,1151,SC-SHIL,3,4-5-6,3,True
S05,S05,1151,1151,SC-SHIL,4,7-8-9,3,True
S05,S05,1171,1171,L1-full,1,0-1,2,True
S05,S05,1171,1171,L1-full,2,4-5-6,3,True
S05,S05,1171,1171,L1-full,3,2-3,2,True
S05,S05,1171,1171,L1-full,4,7-8-9,3,True
S05,S05,1171,1171,L1-full,5,8-11-13,3,False
S05,S05,1171,1171,L1-full,6,7-11,2,False
S05,S05,1171,1171,L1-full,7,11-13-14,3,False
S05,S05,1171,1171,L1-full,8,1-2-15,3,False
S05,S05,1171,1171,L1-full,9,2-10-14,3,False
S05,S05,1171,1171,L1-full,10,2-14-15,3,False
S05,S05,1171,1171,L1-full,11,0-5-12,3,False
S05,S05,1171,1171,L1-full,12,6-13,2,False
S05,S05,1171,1171,L1-full,13,5-6-10,3,False
S05,S05,1171,1171,L1-full,14,5-11-14,3,False
S05,S05,1171,1171,L1-full,15,3-13,2,False
S05,S05,1171,1171,L1-full,16,7-15,2,False
S05,S05,1171,1171,L1-full,17,5-7-12,3,False
S05,S05,1171,1171,L1-full,18,2-9-11,3,False
S05,S05,1171,1171,L1-full,19,10-11,2,False
S05,S05,1171,1171,L1-full,20,2-6-12,3,False
S05,S05,1171,1171,L1-full,21,6-10-13,3,False
S05,S05,1171,1171,L1-full,22,1-3-9,3,False
S05,S05,1171,1171,L1-full,23,8-9-10,3,False
S05,S05,1171,1171,L1-full,24,3-8-11,3,False
S05,S05,1171,1171,L1-full,25,7-10-12,3,False
S05,S05,1171,1171,L1-full,26,4-5-10,3,False
S05,S05,1171,1171,L1-full,27,7-9-10,3,False
S05,S05,1171,1171,L1-full,28,0-2-14,3,False
S05,S05,1171,1171,L1-full,29,0-2-6,3,False
S05,S05,1171,1171,L1-full,30,0-9-13,3,False
S05,S05,1171,1171,L1-full,31,1-4-6,3,False
S05,S05,1171,1171,L1-full,32,9-12-14,3,False
S05,S05,1171,1171,L1-full,33,0-15,2,False
S05,S05,1171,1171,L1-full,34,6-14-15,3,False
S05,S05,1171,1171,L1-full,35,4-5-7,3,False
S05,S05,1171,1171,L1-full,36,0-4-14,3,False
S05,S05,1171,1171,L1-full,37,0-8-11,3,False
S05,S05,1171,1171,L1-full,38,8-11,2,False
S05,S05,1171,1171,L1-full,39,1-10,2,False
S05,S05,1171,1171,L1-full,40,0-9-14,3,False
S05,S05,1171,1171,L1-full,41,0-6-8,3,False
S05,S05,1171,1171,L1-full,42,10-14-15,3,False
S05,S05,1171,1171,L1-full,43,4-7-11,3,False
S05,S05,1171,1171,L1-full,44,0-2-11,3,False
S05,S05,1171,1171,L1-full,45,5-15,2,False
S05,S05,1171,1171,L1-full,46,4-7-10,3,False
S05,S05,1171,1171,L1-full,47,5-9-10,3,False
S05,S05,1171,1171,L1-full,48,3-4-10,3,False
S05,S05,1171,1171,L1-full,49,0-12-15,3,False
S05,S05,1171,1171,L1-full,50,6-11-12,3,False
S05,S05,1171,1171,L1-full,51,0-10,2,False
S05,S05,1171,1171,L1-full,52,7-14,2,False
S05,S05,1171,1171,L1-full,53,5-14,2,False
S05,S05,1171,1171,L1-full,54,3-6-15,3,False
S05,S05,1171,1171,L1-full,55,0-8-10,3,False
S05,S05,1171,1171,L1-full,56,2-5-8,3,False
S05,S05,1171,1171,L1-full,57,6-13-14,3,False
S05,S05,1171,1171,L1-full,58,1-9-15,3,False
S05,S05,1171,1171,L1-full,59,2-4,2,False
S05,S05,1171,1171,L1-full,60,3-4-9,3,False
S05,S05,1171,1171,L1-full,61,7-9-11,3,False
S05,S05,1171,1171,L1-full,62,1-12,2,False
S05,S05,1171,1171,L1-full,63,6-9-11,3,False
S05,S05,1171,1171,L1-full,64,4-12,2,False
S05,S05,1171,1171,L1-full,65,3-6-10,3,False
S05,S05,1171,1171,L1-full,66,2-13-15,3,False
S05,S05,1171,1171,L1-full,67,5-6-13,3,False
S05,S05,1171,1171,L1-full,68,3-12-13,3,False
S05,S05,1171,1171,L1-full,69,8-14-15,3,False
S05,S05,1171,1171,L1-full,70,0-4-13,3,False
S05,S05,1171,1171,L1-full,71,2-10-13,3,False
S05,S05,1171,1171,L1-full,72,10-13,2,False
S05,S05,1171,1171,L1-full,73,1-5-7,3,False
S05,S05,1171,1171,L1-full,74,3-7-12,3,False
S05,S05,1171,1171,L1-full,75,2-5-10,3,False
S05,S05,1171,1171,L1-full,76,7-11-12,3,False
S05,S05,1171,1171,L1-full,77,0-13,2,False
S05,S05,1171,1171,L1-full,78,0-4-15,3,False
S05,S05,1171,1171,L1-full,79,9-10-14,3,False
S05,S05,1171,1171,L1-full,80,6-7-10,3,False
S05,S05,1171,1171,L1-full,81,3-10-14,3,False
S05,S05,1171,1171,L1-full,82,6-15,2,False
S05,S05,1171,1171,L1-full,83,11-12-14,3,False
S05,S05,1171,1171,L1-full,84,5-6-12,3,False
S05,S05,1171,1171,L1-full,85,1-8-10,3,False
S05,S05,1171,1171,L1-full,86,7-10-13,3,False
S05,S05,1171,1171,L1-full,87,2-5-9,3,False
S05,S05,1171,1171,L1-full,88,8-10-12,3,False
S05,S05,1171,1171,L1-full,89,3-9-15,3,False
S05,S05,1171,1171,L1-full,90,1-5-10,3,False
S05,S05,1171,1171,L1-full,91,3-14-15,3,False
S05,S05,1171,1171,L1-full,92,8-11-12,3,False
S05,S05,1171,1171,L1-full,93,10-12-14,3,False
S05,S05,1171,1171,L1-full,94,2-10-11,3,False
S05,S05,1171,1171,L1-full,95,1-10-15,3,False
S05,S05,1171,1171,L1-full,96,1-6-9,3,False
S05,S05,1171,1171,L1-full,97,0-6-13,3,False
S05,S05,1171,1171,L1-full,98,7-8-10,3,False
S05,S05,1171,1171,L1-full,99,7-8-11,3,False
S05,S05,1171,1171,L1-full,100,2-9-12,3,False
S05,S05,1171,1171,L1-full,101,3-6-8,3,False
S05,S05,1171,1171,L1-full,102,2-5-11,3,False
S05,S05,1171,1171,L1-full,103,1-8-9,3,False
S05,S05,1171,1171,L1-full,104,0-6,2,False
S05,S05,1171,1171,L1-full,105,6-10-12,3,False
S05,S05,1171,1171,L1-full,106,6-8-12,3,False
S05,S05,1171,1171,L1-full,107,6-9-14,3,False
S05,S05,1171,1171,L1-full,108,2-12-13,3,False
S05,S05,1171,1171,L1-full,109,0-5-9,3,False
S05,S05,1171,1171,L1-full,110,5-10-13,3,False
S05,S05,1171,1171,L1-full,111,0-6-15,3,False
S05,S05,1171,1171,L1-full,112,0-3-10,3,False
S05,S05,1171,1171,L1-full,113,5-14-15,3,False
S05,S05,1171,1171,L1-top8,1,0-1,2,True
S05,S05,1171,1171,L1-top8,2,4-5-6,3,True
S05,S05,1171,1171,L1-top8,3,2-3,2,True
S05,S05,1171,1171,L1-top8,4,7-8-9,3,True
S05,S05,1171,1171,L1-top8,5,8-11-13,3,False
S05,S05,1171,1171,L1-top8,6,7-11,2,False
S05,S05,1171,1171,L1-top8,7,11-13-14,3,False
S05,S05,1171,1171,L1-top8,8,1-2-15,3,False
S05,S05,1171,1171,L1-match,1,0-1,2,True
S05,S05,1171,1171,L1-match,2,4-5-6,3,True
S05,S05,1171,1171,L1-match,3,2-3,2,True
S05,S05,1171,1171,L1-match,4,7-8-9,3,True
S05,S05,1171,1171,SHIL-k8,1,0-1,2,True
S05,S05,1171,1171,SHIL-k8,2,4-5-6,3,True
S05,S05,1171,1171,SHIL-k8,3,2-3,2,True
S05,S05,1171,1171,SHIL-k8,4,7-8-9,3,True
S05,S05,1171,1171,SHIL-k8,5,1-4-6,3,False
S05,S05,1171,1171,SHIL-k8,6,1-6-11,3,False
S05,S05,1171,1171,SHIL-k8,7,5-15,2,False
S05,S05,1171,1171,SHIL-k8,8,5-6-10,3,False
S05,S05,1171,1171,SC-L1,1,0-1,2,True
S05,S05,1171,1171,SC-L1,2,2-3,2,True
S05,S05,1171,1171,SC-L1,3,4-5-6,3,True
S05,S05,1171,1171,SC-L1,4,7-8-9,3,True
S05,S05,1171,1171,SC-SHIL,1,0-1,2,True
S05,S05,1171,1171,SC-SHIL,2,2-3,2,True
S05,S05,1171,1171,SC-SHIL,3,4-5-6,3,True
S05,S05,1171,1171,SC-SHIL,4,7-8-9,3,True
S05,S05,1181,1181,L1-full,1,0-1,2,True
S05,S05,1181,1181,L1-full,2,4-5-6,3,True
S05,S05,1181,1181,L1-full,3,2-3,2,True
S05,S05,1181,1181,L1-full,4,7-8-9,3,True
S05,S05,1181,1181,L1-full,5,3-9-13,3,False
S05,S05,1181,1181,L1-full,6,0-9,2,False
S05,S05,1181,1181,L1-full,7,0-2-12,3,False
S05,S05,1181,1181,L1-full,8,1-3-6,3,False
S05,S05,1181,1181,L1-full,9,2-5-8,3,False
S05,S05,1181,1181,L1-full,10,2-9-15,3,False
S05,S05,1181,1181,L1-full,11,5-6,2,False
S05,S05,1181,1181,L1-full,12,1-2-11,3,False
S05,S05,1181,1181,L1-full,13,7-8,2,False
S05,S05,1181,1181,L1-full,14,6-7-15,3,False
S05,S05,1181,1181,L1-full,15,7-9-13,3,False
S05,S05,1181,1181,L1-full,16,0-6-11,3,False
S05,S05,1181,1181,L1-full,17,1-11-14,3,False
S05,S05,1181,1181,L1-full,18,5-6-9,3,False
S05,S05,1181,1181,L1-full,19,2-11,2,False
S05,S05,1181,1181,L1-full,20,2-11-15,3,False
S05,S05,1181,1181,L1-full,21,0-11,2,False
S05,S05,1181,1181,L1-full,22,12-14,2,False
S05,S05,1181,1181,L1-full,23,8-12,2,False
S05,S05,1181,1181,L1-full,24,7-10-13,3,False
S05,S05,1181,1181,L1-full,25,2-10-11,3,False
S05,S05,1181,1181,L1-full,26,7-11-15,3,False
S05,S05,1181,1181,L1-full,27,1-4-10,3,False
S05,S05,1181,1181,L1-full,28,2-8-12,3,False
S05,S05,1181,1181,L1-full,29,4-12-13,3,False
S05,S05,1181,1181,L1-full,30,6-13,2,False
S05,S05,1181,1181,L1-full,31,1-6-14,3,False
S05,S05,1181,1181,L1-full,32,0-11-15,3,False
S05,S05,1181,1181,L1-full,33,9-10-13,3,False
S05,S05,1181,1181,L1-full,34,3-7-15,3,False
S05,S05,1181,1181,L1-full,35,2-4-12,3,False
S05,S05,1181,1181,L1-full,36,2-6-7,3,False
S05,S05,1181,1181,L1-full,37,8-15,2,False
S05,S05,1181,1181,L1-full,38,4-15,2,False
S05,S05,1181,1181,L1-full,39,2-14-15,3,False
S05,S05,1181,1181,L1-full,40,0-8-13,3,False
S05,S05,1181,1181,L1-full,41,6-9-11,3,False
S05,S05,1181,1181,L1-full,42,3-7-8,3,False
S05,S05,1181,1181,L1-full,43,3-6,2,False
S05,S05,1181,1181,L1-full,44,0-9-10,3,False
S05,S05,1181,1181,L1-full,45,0-3-15,3,False
S05,S05,1181,1181,L1-full,46,5-9-13,3,False
S05,S05,1181,1181,L1-full,47,2-13-14,3,False
S05,S05,1181,1181,L1-full,48,2-10-14,3,False
S05,S05,1181,1181,L1-full,49,3-9-11,3,False
S05,S05,1181,1181,L1-full,50,10-11,2,False
S05,S05,1181,1181,L1-full,51,3-4-15,3,False
S05,S05,1181,1181,L1-full,52,5-8-12,3,False
S05,S05,1181,1181,L1-full,53,2-7-11,3,False
S05,S05,1181,1181,L1-full,54,3-13,2,False
S05,S05,1181,1181,L1-full,55,12-13-14,3,False
S05,S05,1181,1181,L1-full,56,1-4-15,3,False
S05,S05,1181,1181,L1-full,57,4-12-14,3,False
S05,S05,1181,1181,L1-full,58,9-13-14,3,False
S05,S05,1181,1181,L1-full,59,3-12-14,3,False
S05,S05,1181,1181,L1-full,60,4-8-12,3,False
S05,S05,1181,1181,L1-full,61,2-4-8,3,False
S05,S05,1181,1181,L1-full,62,5-9,2,False
S05,S05,1181,1181,L1-full,63,6-8,2,False
S05,S05,1181,1181,L1-full,64,7-12-15,3,False
S05,S05,1181,1181,L1-full,65,1-4-8,3,False
S05,S05,1181,1181,L1-full,66,7-10-11,3,False
S05,S05,1181,1181,L1-full,67,2-4-7,3,False
S05,S05,1181,1181,L1-full,68,1-4-7,3,False
S05,S05,1181,1181,L1-full,69,1-8-11,3,False
S05,S05,1181,1181,L1-full,70,7-12,2,False
S05,S05,1181,1181,L1-full,71,1-13-14,3,False
S05,S05,1181,1181,L1-full,72,1-7-12,3,False
S05,S05,1181,1181,L1-full,73,2-7-10,3,False
S05,S05,1181,1181,L1-full,74,0-10,2,False
S05,S05,1181,1181,L1-full,75,2-11-13,3,False
S05,S05,1181,1181,L1-full,76,6-12-13,3,False
S05,S05,1181,1181,L1-full,77,7-15,2,False
S05,S05,1181,1181,L1-full,78,6-7-8,3,False
S05,S05,1181,1181,L1-full,79,8-10-11,3,False
S05,S05,1181,1181,L1-full,80,11-14-15,3,False
S05,S05,1181,1181,L1-full,81,3-14-15,3,False
S05,S05,1181,1181,L1-full,82,5-10-15,3,False
S05,S05,1181,1181,L1-full,83,4-6-10,3,False
S05,S05,1181,1181,L1-full,84,3-13-15,3,False
S05,S05,1181,1181,L1-full,85,1-7-13,3,False
S05,S05,1181,1181,L1-full,86,5-10-13,3,False
S05,S05,1181,1181,L1-full,87,6-7-12,3,False
S05,S05,1181,1181,L1-full,88,0-7-9,3,False
S05,S05,1181,1181,L1-full,89,5-8-10,3,False
S05,S05,1181,1181,L1-full,90,2-5-9,3,False
S05,S05,1181,1181,L1-full,91,0-15,2,False
S05,S05,1181,1181,L1-full,92,2-5-7,3,False
S05,S05,1181,1181,L1-full,93,0-11-14,3,False
S05,S05,1181,1181,L1-full,94,4-11-15,3,False
S05,S05,1181,1181,L1-full,95,1-4-13,3,False
S05,S05,1181,1181,L1-full,96,3-12-15,3,False
S05,S05,1181,1181,L1-full,97,9-11-14,3,False
S05,S05,1181,1181,L1-full,98,0-4-15,3,False
S05,S05,1181,1181,L1-full,99,6-11-13,3,False
S05,S05,1181,1181,L1-full,100,8-11-12,3,False
S05,S05,1181,1181,L1-full,101,3-10-13,3,False
S05,S05,1181,1181,L1-full,102,1-5-7,3,False
S05,S05,1181,1181,L1-full,103,1-9-10,3,False
S05,S05,1181,1181,L1-full,104,4-7,2,False
S05,S05,1181,1181,L1-full,105,0-6-14,3,False
S05,S05,1181,1181,L1-full,106,1-5,2,False
S05,S05,1181,1181,L1-full,107,1-8,2,False
S05,S05,1181,1181,L1-full,108,10-13,2,False
S05,S05,1181,1181,L1-top8,1,0-1,2,True
S05,S05,1181,1181,L1-top8,2,4-5-6,3,True
S05,S05,1181,1181,L1-top8,3,2-3,2,True
S05,S05,1181,1181,L1-top8,4,7-8-9,3,True
S05,S05,1181,1181,L1-top8,5,3-9-13,3,False
S05,S05,1181,1181,L1-top8,6,0-9,2,False
S05,S05,1181,1181,L1-top8,7,0-2-12,3,False
S05,S05,1181,1181,L1-top8,8,1-3-6,3,False
S05,S05,1181,1181,L1-match,1,0-1,2,True
S05,S05,1181,1181,L1-match,2,4-5-6,3,True
S05,S05,1181,1181,L1-match,3,2-3,2,True
S05,S05,1181,1181,L1-match,4,7-8-9,3,True
S05,S05,1181,1181,SHIL-k8,1,0-1,2,True
S05,S05,1181,1181,SHIL-k8,2,4-5-6,3,True
S05,S05,1181,1181,SHIL-k8,3,2-3,2,True
S05,S05,1181,1181,SHIL-k8,4,7-8-9,3,True
S05,S05,1181,1181,SHIL-k8,5,3-9-13,3,False
S05,S05,1181,1181,SHIL-k8,6,4-5-11,3,False
S05,S05,1181,1181,SHIL-k8,7,2-8-12,3,False
S05,S05,1181,1181,SHIL-k8,8,0-1-7,3,False
S05,S05,1181,1181,SC-L1,1,0-1,2,True
S05,S05,1181,1181,SC-L1,2,2-3,2,True
S05,S05,1181,1181,SC-L1,3,4-5-6,3,True
S05,S05,1181,1181,SC-L1,4,7-8-9,3,True
S05,S05,1181,1181,SC-SHIL,1,0-1,2,True
S05,S05,1181,1181,SC-SHIL,2,2-3,2,True
S05,S05,1181,1181,SC-SHIL,3,4-5-6,3,True
S05,S05,1181,1181,SC-SHIL,4,7-8-9,3,True
S05,S05,1201,1201,L1-full,1,0-1,2,True
S05,S05,1201,1201,L1-full,2,4-5-6,3,True
S05,S05,1201,1201,L1-full,3,2-3,2,True
S05,S05,1201,1201,L1-full,4,7-8-9,3,True
S05,S05,1201,1201,L1-full,5,7-11,2,False
S05,S05,1201,1201,L1-full,6,0-11,2,False
S05,S05,1201,1201,L1-full,7,7-8,2,False
S05,S05,1201,1201,L1-full,8,1-8-15,3,False
S05,S05,1201,1201,L1-full,9,1-13,2,False
S05,S05,1201,1201,L1-full,10,7-11-12,3,False
S05,S05,1201,1201,L1-full,11,3-11-13,3,False
S05,S05,1201,1201,L1-full,12,5-7-12,3,False
S05,S05,1201,1201,L1-full,13,2-10-15,3,False
S05,S05,1201,1201,L1-full,14,1-5-10,3,False
S05,S05,1201,1201,L1-full,15,2-6-10,3,False
S05,S05,1201,1201,L1-full,16,4-8-15,3,False
S05,S05,1201,1201,L1-full,17,0-3-8,3,False
S05,S05,1201,1201,L1-full,18,8-9-13,3,False
S05,S05,1201,1201,L1-full,19,5-6-10,3,False
S05,S05,1201,1201,L1-full,20,0-15,2,False
S05,S05,1201,1201,L1-full,21,9-10-11,3,False
S05,S05,1201,1201,L1-full,22,5-7-8,3,False
S05,S05,1201,1201,L1-full,23,5-10-12,3,False
S05,S05,1201,1201,L1-full,24,1-4-10,3,False
S05,S05,1201,1201,L1-full,25,1-2-10,3,False
S05,S05,1201,1201,L1-full,26,1-14,2,False
S05,S05,1201,1201,L1-full,27,3-9-13,3,False
S05,S05,1201,1201,L1-full,28,0-2-14,3,False
S05,S05,1201,1201,L1-full,29,3-6-15,3,False
S05,S05,1201,1201,L1-full,30,5-8-14,3,False
S05,S05,1201,1201,L1-full,31,1-12-15,3,False
S05,S05,1201,1201,L1-full,32,2-8-11,3,False
S05,S05,1201,1201,L1-full,33,0-4-8,3,False
S05,S05,1201,1201,L1-full,34,9-11-13,3,False
S05,S05,1201,1201,L1-full,35,4-6,2,False
S05,S05,1201,1201,L1-full,36,2-6-13,3,False
S05,S05,1201,1201,L1-full,37,7-14-15,3,False
S05,S05,1201,1201,L1-full,38,10-13-15,3,False
S05,S05,1201,1201,L1-full,39,7-11-14,3,False
S05,S05,1201,1201,L1-full,40,9-10,2,False
S05,S05,1201,1201,L1-full,41,2-4-15,3,False
S05,S05,1201,1201,L1-full,42,0-1-4,3,False
S05,S05,1201,1201,L1-full,43,2-4-9,3,False
S05,S05,1201,1201,L1-full,44,9-13-14,3,False
S05,S05,1201,1201,L1-full,45,0-13,2,False
S05,S05,1201,1201,L1-full,46,5-7-10,3,False
S05,S05,1201,1201,L1-full,47,1-8-13,3,False
S05,S05,1201,1201,L1-full,48,6-8-10,3,False
S05,S05,1201,1201,L1-full,49,5-10-14,3,False
S05,S05,1201,1201,L1-full,50,8-9-11,3,False
S05,S05,1201,1201,L1-full,51,11-15,2,False
S05,S05,1201,1201,L1-full,52,1-2,2,False
S05,S05,1201,1201,L1-full,53,6-7-10,3,False
S05,S05,1201,1201,L1-full,54,0-12-14,3,False
S05,S05,1201,1201,L1-full,55,0-4-6,3,False
S05,S05,1201,1201,L1-full,56,5-11-12,3,False
S05,S05,1201,1201,L1-full,57,3-12-14,3,False
S05,S05,1201,1201,L1-full,58,4-11-13,3,False
S05,S05,1201,1201,L1-full,59,6-10-13,3,False
S05,S05,1201,1201,L1-full,60,0-10-13,3,False
S05,S05,1201,1201,L1-full,61,3-10-13,3,False
S05,S05,1201,1201,L1-full,62,2-12-15,3,False
S05,S05,1201,1201,L1-full,63,3-8,2,False
S05,S05,1201,1201,L1-full,64,4-5-9,3,False
S05,S05,1201,1201,L1-full,65,12-14-15,3,False
S05,S05,1201,1201,L1-full,66,1-5-15,3,False
S05,S05,1201,1201,L1-full,67,12-13,2,False
S05,S05,1201,1201,L1-full,68,1-12,2,False
S05,S05,1201,1201,L1-full,69,3-4-7,3,False
S05,S05,1201,1201,L1-full,70,6-13,2,False
S05,S05,1201,1201,L1-full,71,1-2-13,3,False
S05,S05,1201,1201,L1-full,72,4-12-15,3,False
S05,S05,1201,1201,L1-full,73,5-7,2,False
S05,S05,1201,1201,L1-full,74,0-5-11,3,False
S05,S05,1201,1201,L1-full,75,9-14-15,3,False
S05,S05,1201,1201,L1-full,76,4-6-8,3,False
S05,S05,1201,1201,L1-full,77,4-10-14,3,False
S05,S05,1201,1201,L1-full,78,1-5-12,3,False
S05,S05,1201,1201,L1-full,79,3-10,2,False
S05,S05,1201,1201,L1-full,80,3-14-15,3,False
S05,S05,1201,1201,L1-full,81,0-3-12,3,False
S05,S05,1201,1201,L1-full,82,3-9-12,3,False
S05,S05,1201,1201,L1-full,83,4-11-15,3,False
S05,S05,1201,1201,L1-full,84,1-8-12,3,False
S05,S05,1201,1201,L1-full,85,5-8-10,3,False
S05,S05,1201,1201,L1-full,86,5-8-15,3,False
S05,S05,1201,1201,L1-full,87,4-7-15,3,False
S05,S05,1201,1201,L1-full,88,12-15,2,False
S05,S05,1201,1201,L1-full,89,1-5-14,3,False
S05,S05,1201,1201,L1-full,90,4-8-13,3,False
S05,S05,1201,1201,L1-full,91,2-8-14,3,False
S05,S05,1201,1201,L1-full,92,0-12-15,3,False
S05,S05,1201,1201,L1-full,93,2-6-12,3,False
S05,S05,1201,1201,L1-full,94,11-14,2,False
S05,S05,1201,1201,L1-full,95,1-8-10,3,False
S05,S05,1201,1201,L1-full,96,2-11-13,3,False
S05,S05,1201,1201,L1-full,97,1-10-14,3,False
S05,S05,1201,1201,L1-full,98,2-12-14,3,False
S05,S05,1201,1201,L1-full,99,2-6-14,3,False
S05,S05,1201,1201,L1-full,100,10-11-14,3,False
S05,S05,1201,1201,L1-full,101,6-11-12,3,False
S05,S05,1201,1201,L1-full,102,0-5-7,3,False
S05,S05,1201,1201,L1-full,103,5-6,2,False
S05,S05,1201,1201,L1-full,104,4-11-14,3,False
S05,S05,1201,1201,L1-full,105,2-12-13,3,False
S05,S05,1201,1201,L1-full,106,9-12,2,False
S05,S05,1201,1201,L1-full,107,4-7-12,3,False
S05,S05,1201,1201,L1-full,108,8-11,2,False
S05,S05,1201,1201,L1-full,109,2-10-13,3,False
S05,S05,1201,1201,L1-full,110,7-11-15,3,False
S05,S05,1201,1201,L1-full,111,4-7-8,3,False
S05,S05,1201,1201,L1-full,112,9-14,2,False
S05,S05,1201,1201,L1-full,113,0-5-9,3,False
S05,S05,1201,1201,L1-full,114,8-15,2,False
S05,S05,1201,1201,L1-full,115,1-10-11,3,False
S05,S05,1201,1201,L1-full,116,2-5-7,3,False
S05,S05,1201,1201,L1-top8,1,0-1,2,True
S05,S05,1201,1201,L1-top8,2,4-5-6,3,True
S05,S05,1201,1201,L1-top8,3,2-3,2,True
S05,S05,1201,1201,L1-top8,4,7-8-9,3,True
S05,S05,1201,1201,L1-top8,5,7-11,2,False
S05,S05,1201,1201,L1-top8,6,0-11,2,False
S05,S05,1201,1201,L1-top8,7,7-8,2,False
S05,S05,1201,1201,L1-top8,8,1-8-15,3,False
S05,S05,1201,1201,L1-match,1,0-1,2,True
S05,S05,1201,1201,L1-match,2,4-5-6,3,True
S05,S05,1201,1201,L1-match,3,2-3,2,True
S05,S05,1201,1201,L1-match,4,7-8-9,3,True
S05,S05,1201,1201,SHIL-k8,1,0-1,2,True
S05,S05,1201,1201,SHIL-k8,2,4-5-6,3,True
S05,S05,1201,1201,SHIL-k8,3,2-3,2,True
S05,S05,1201,1201,SHIL-k8,4,7-8-9,3,True
S05,S05,1201,1201,SHIL-k8,5,5-7-12,3,False
S05,S05,1201,1201,SHIL-k8,6,2-12-15,3,False
S05,S05,1201,1201,SHIL-k8,7,8-9-11,3,False
S05,S05,1201,1201,SHIL-k8,8,2-6-10,3,False
S05,S05,1201,1201,SC-L1,1,0-1,2,True
S05,S05,1201,1201,SC-L1,2,2-3,2,True
S05,S05,1201,1201,SC-L1,3,4-5-6,3,True
S05,S05,1201,1201,SC-L1,4,7-8-9,3,True
S05,S05,1201,1201,SC-SHIL,1,0-1,2,True
S05,S05,1201,1201,SC-SHIL,2,2-3,2,True
S05,S05,1201,1201,SC-SHIL,3,4-5-6,3,True
S05,S05,1201,1201,SC-SHIL,4,7-8-9,3,True
S05,S05,1213,1213,L1-full,1,0-1,2,True
S05,S05,1213,1213,L1-full,2,4-5-6,3,True
S05,S05,1213,1213,L1-full,3,2-3,2,True
S05,S05,1213,1213,L1-full,4,7-8-9,3,True
S05,S05,1213,1213,L1-full,5,6-10-14,3,False
S05,S05,1213,1213,L1-full,6,2-3-15,3,False
S05,S05,1213,1213,L1-full,7,2-9-10,3,False
S05,S05,1213,1213,L1-full,8,0-10,2,False
S05,S05,1213,1213,L1-full,9,1-6-13,3,False
S05,S05,1213,1213,L1-full,10,1-4-6,3,False
S05,S05,1213,1213,L1-full,11,6-7-10,3,False
S05,S05,1213,1213,L1-full,12,4-7-13,3,False
S05,S05,1213,1213,L1-full,13,1-4-11,3,False
S05,S05,1213,1213,L1-full,14,4-7-11,3,False
S05,S05,1213,1213,L1-full,15,8-13-14,3,False
S05,S05,1213,1213,L1-full,16,7-12-14,3,False
S05,S05,1213,1213,L1-full,17,7-11,2,False
S05,S05,1213,1213,L1-full,18,6-12-13,3,False
S05,S05,1213,1213,L1-full,19,2-9-12,3,False
S05,S05,1213,1213,L1-full,20,7-9-10,3,False
S05,S05,1213,1213,L1-full,21,2-14-15,3,False
S05,S05,1213,1213,L1-full,22,6-13,2,False
S05,S05,1213,1213,L1-full,23,5-9-12,3,False
S05,S05,1213,1213,L1-full,24,10-12,2,False
S05,S05,1213,1213,L1-full,25,3-8-15,3,False
S05,S05,1213,1213,L1-full,26,3-5-13,3,False
S05,S05,1213,1213,L1-full,27,1-2-15,3,False
S05,S05,1213,1213,L1-full,28,2-9-13,3,False
S05,S05,1213,1213,L1-full,29,0-3-11,3,False
S05,S05,1213,1213,L1-full,30,2-10-12,3,False
S05,S05,1213,1213,L1-full,31,8-10-14,3,False
S05,S05,1213,1213,L1-full,32,1-6-11,3,False
S05,S05,1213,1213,L1-full,33,10-13,2,False
S05,S05,1213,1213,L1-full,34,6-11-14,3,False
S05,S05,1213,1213,L1-full,35,1-9,2,False
S05,S05,1213,1213,L1-full,36,0-5,2,False
S05,S05,1213,1213,L1-full,37,6-11,2,False
S05,S05,1213,1213,L1-full,38,3-12-15,3,False
S05,S05,1213,1213,L1-full,39,11-12-13,3,False
S05,S05,1213,1213,L1-full,40,1-7-8,3,False
S05,S05,1213,1213,L1-full,41,6-12,2,False
S05,S05,1213,1213,L1-full,42,1-6-15,3,False
S05,S05,1213,1213,L1-full,43,3-6-14,3,False
S05,S05,1213,1213,L1-full,44,6-8-15,3,False
S05,S05,1213,1213,L1-full,45,5-6-11,3,False
S05,S05,1213,1213,L1-full,46,6-8-10,3,False
S05,S05,1213,1213,L1-full,47,8-13,2,False
S05,S05,1213,1213,L1-full,48,3-9-14,3,False
S05,S05,1213,1213,L1-full,49,6-7,2,False
S05,S05,1213,1213,L1-full,50,7-14-15,3,False
S05,S05,1213,1213,L1-full,51,4-7-9,3,False
S05,S05,1213,1213,L1-full,52,5-7-13,3,False
S05,S05,1213,1213,L1-full,53,13-15,2,False
S05,S05,1213,1213,L1-full,54,6-7-13,3,False
S05,S05,1213,1213,L1-full,55,3-4-7,3,False
S05,S05,1213,1213,L1-full,56,1-12-15,3,False
S05,S05,1213,1213,L1-full,57,5-11-13,3,False
S05,S05,1213,1213,L1-full,58,2-4,2,False
S05,S05,1213,1213,L1-full,59,6-7-11,3,False
S05,S05,1213,1213,L1-full,60,3-12-14,3,False
S05,S05,1213,1213,L1-full,61,3-4-5,3,False
S05,S05,1213,1213,L1-full,62,8-12,2,False
S05,S05,1213,1213,L1-full,63,4-11-15,3,False
S05,S05,1213,1213,L1-full,64,1-11,2,False
S05,S05,1213,1213,L1-full,65,6-8-13,3,False
S05,S05,1213,1213,L1-full,66,0-10-11,3,False
S05,S05,1213,1213,L1-full,67,1-5,2,False
S05,S05,1213,1213,L1-full,68,0-2-13,3,False
S05,S05,1213,1213,L1-full,69,0-3-12,3,False
S05,S05,1213,1213,L1-full,70,13-14,2,False
S05,S05,1213,1213,L1-full,71,1-14,2,False
S05,S05,1213,1213,L1-full,72,3-12,2,False
S05,S05,1213,1213,L1-full,73,8-9-13,3,False
S05,S05,1213,1213,L1-full,74,1-7-13,3,False
S05,S05,1213,1213,L1-full,75,9-10-12,3,False
S05,S05,1213,1213,L1-full,76,6-12-15,3,False
S05,S05,1213,1213,L1-full,77,4-13-14,3,False
S05,S05,1213,1213,L1-full,78,2-8-11,3,False
S05,S05,1213,1213,L1-full,79,5-13-15,3,False
S05,S05,1213,1213,L1-full,80,9-14,2,False
S05,S05,1213,1213,L1-full,81,2-7-12,3,False
S05,S05,1213,1213,L1-full,82,5-7-11,3,False
S05,S05,1213,1213,L1-full,83,8-15,2,False
S05,S05,1213,1213,L1-full,84,10-11-15,3,False
S05,S05,1213,1213,L1-full,85,1-12,2,False
S05,S05,1213,1213,L1-full,86,2-5,2,False
S05,S05,1213,1213,L1-full,87,3-4-15,3,False
S05,S05,1213,1213,L1-full,88,11-14,2,False
S05,S05,1213,1213,L1-full,89,3-7,2,False
S05,S05,1213,1213,L1-full,90,2-9-11,3,False
S05,S05,1213,1213,L1-full,91,3-6-9,3,False
S05,S05,1213,1213,L1-full,92,5-13,2,False
S05,S05,1213,1213,L1-full,93,7-10-15,3,False
S05,S05,1213,1213,L1-full,94,1-9-11,3,False
S05,S05,1213,1213,L1-full,95,0-11-12,3,False
S05,S05,1213,1213,L1-full,96,5-12,2,False
S05,S05,1213,1213,L1-full,97,6-14,2,False
S05,S05,1213,1213,L1-full,98,4-6-7,3,False
S05,S05,1213,1213,L1-full,99,4-6-10,3,False
S05,S05,1213,1213,L1-full,100,10-14-15,3,False
S05,S05,1213,1213,L1-full,101,0-6-10,3,False
S05,S05,1213,1213,L1-full,102,1-5-15,3,False
S05,S05,1213,1213,L1-full,103,0-3-7,3,False
S05,S05,1213,1213,L1-full,104,7-10-12,3,False
S05,S05,1213,1213,L1-full,105,3-5-12,3,False
S05,S05,1213,1213,L1-full,106,5-11-14,3,False
S05,S05,1213,1213,L1-full,107,8-10-12,3,False
S05,S05,1213,1213,L1-top8,1,0-1,2,True
S05,S05,1213,1213,L1-top8,2,4-5-6,3,True
S05,S05,1213,1213,L1-top8,3,2-3,2,True
S05,S05,1213,1213,L1-top8,4,7-8-9,3,True
S05,S05,1213,1213,L1-top8,5,6-10-14,3,False
S05,S05,1213,1213,L1-top8,6,2-3-15,3,False
S05,S05,1213,1213,L1-top8,7,2-9-10,3,False
S05,S05,1213,1213,L1-top8,8,0-10,2,False
S05,S05,1213,1213,L1-match,1,0-1,2,True
S05,S05,1213,1213,L1-match,2,4-5-6,3,True
S05,S05,1213,1213,L1-match,3,2-3,2,True
S05,S05,1213,1213,L1-match,4,7-8-9,3,True
S05,S05,1213,1213,SHIL-k8,1,0-1,2,True
S05,S05,1213,1213,SHIL-k8,2,4-5-6,3,True
S05,S05,1213,1213,SHIL-k8,3,2-3,2,True
S05,S05,1213,1213,SHIL-k8,4,7-8-9,3,True
S05,S05,1213,1213,SHIL-k8,5,2-9-10,3,False
S05,S05,1213,1213,SHIL-k8,6,1-6-13,3,False
S05,S05,1213,1213,SHIL-k8,7,1-7-8,3,False
S05,S05,1213,1213,SHIL-k8,8,1-6-11,3,False
S05,S05,1213,1213,SC-L1,1,0-1,2,True
S05,S05,1213,1213,SC-L1,2,2-3,2,True
S05,S05,1213,1213,SC-L1,3,4-5-6,3,True
S05,S05,1213,1213,SC-L1,4,7-8-9,3,True
S05,S05,1213,1213,SC-SHIL,1,0-1,2,True
S05,S05,1213,1213,SC-SHIL,2,2-3,2,True
S05,S05,1213,1213,SC-SHIL,3,4-5-6,3,True
S05,S05,1213,1213,SC-SHIL,4,7-8-9,3,True
S05,S05,1231,1231,L1-full,1,0-1,2,True
S05,S05,1231,1231,L1-full,2,2-3,2,True
S05,S05,1231,1231,L1-full,3,4-5-6,3,True
S05,S05,1231,1231,L1-full,4,7-8-9,3,True
S05,S05,1231,1231,L1-full,5,2-6-11,3,False
S05,S05,1231,1231,L1-full,6,6-10,2,False
S05,S05,1231,1231,L1-full,7,7-12-15,3,False
S05,S05,1231,1231,L1-full,8,4-8-13,3,False
S05,S05,1231,1231,L1-full,9,3-8-12,3,False
S05,S05,1231,1231,L1-full,10,3-7-8,3,False
S05,S05,1231,1231,L1-full,11,5-7,2,False
S05,S05,1231,1231,L1-full,12,5-6-15,3,False
S05,S05,1231,1231,L1-full,13,0-3-8,3,False
S05,S05,1231,1231,L1-full,14,8-11,2,False
S05,S05,1231,1231,L1-full,15,9-10-12,3,False
S05,S05,1231,1231,L1-full,16,1-4-14,3,False
S05,S05,1231,1231,L1-full,17,4-11-14,3,False
S05,S05,1231,1231,L1-full,18,9-10-15,3,False
S05,S05,1231,1231,L1-full,19,6-9-15,3,False
S05,S05,1231,1231,L1-full,20,0-2-12,3,False
S05,S05,1231,1231,L1-full,21,8-9-10,3,False
S05,S05,1231,1231,L1-full,22,3-4-10,3,False
S05,S05,1231,1231,L1-full,23,4-11-12,3,False
S05,S05,1231,1231,L1-full,24,8-13,2,False
S05,S05,1231,1231,L1-full,25,11-12,2,False
S05,S05,1231,1231,L1-full,26,8-10-15,3,False
S05,S05,1231,1231,L1-full,27,5-10-11,3,False
S05,S05,1231,1231,L1-full,28,4-5-15,3,False
S05,S05,1231,1231,L1-full,29,2-4-8,3,False
S05,S05,1231,1231,L1-full,30,4-7-14,3,False
S05,S05,1231,1231,L1-full,31,1-9-12,3,False
S05,S05,1231,1231,L1-full,32,2-7-15,3,False
S05,S05,1231,1231,L1-full,33,1-2-14,3,False
S05,S05,1231,1231,L1-full,34,6-10-12,3,False
S05,S05,1231,1231,L1-full,35,8-9-14,3,False
S05,S05,1231,1231,L1-full,36,2-12-13,3,False
S05,S05,1231,1231,L1-full,37,9-11,2,False
S05,S05,1231,1231,L1-full,38,4-12-14,3,False
S05,S05,1231,1231,L1-full,39,3-7,2,False
S05,S05,1231,1231,L1-full,40,12-15,2,False
S05,S05,1231,1231,L1-full,41,12-13,2,False
S05,S05,1231,1231,L1-full,42,1-6-8,3,False
S05,S05,1231,1231,L1-full,43,1-11-14,3,False
S05,S05,1231,1231,L1-full,44,6-9-10,3,False
S05,S05,1231,1231,L1-full,45,5-9,2,False
S05,S05,1231,1231,L1-full,46,0-7-10,3,False
S05,S05,1231,1231,L1-full,47,3-10-12,3,False
S05,S05,1231,1231,L1-full,48,2-7-13,3,False
S05,S05,1231,1231,L1-full,49,5-9-10,3,False
S05,S05,1231,1231,L1-full,50,0-4,2,False
S05,S05,1231,1231,L1-full,51,2-12-14,3,False
S05,S05,1231,1231,L1-full,52,9-10,2,False
S05,S05,1231,1231,L1-full,53,2-9-11,3,False
S05,S05,1231,1231,L1-full,54,12-13-14,3,False
S05,S05,1231,1231,L1-full,55,9-12-13,3,False
S05,S05,1231,1231,L1-full,56,13-15,2,False
S05,S05,1231,1231,L1-full,57,2-6,2,False
S05,S05,1231,1231,L1-full,58,1-3-11,3,False
S05,S05,1231,1231,L1-full,59,0-3-10,3,False
S05,S05,1231,1231,L1-full,60,7-8-15,3,False
S05,S05,1231,1231,L1-full,61,2-5,2,False
S05,S05,1231,1231,L1-full,62,1-10-13,3,False
S05,S05,1231,1231,L1-full,63,8-13-15,3,False
S05,S05,1231,1231,L1-full,64,8-11-14,3,False
S05,S05,1231,1231,L1-full,65,12-14,2,False
S05,S05,1231,1231,L1-full,66,0-11-15,3,False
S05,S05,1231,1231,L1-full,67,4-8-14,3,False
S05,S05,1231,1231,L1-full,68,1-3-5,3,False
S05,S05,1231,1231,L1-full,69,1-8-15,3,False
S05,S05,1231,1231,L1-full,70,4-10-14,3,False
S05,S05,1231,1231,L1-full,71,0-4-9,3,False
S05,S05,1231,1231,L1-full,72,9-15,2,False
S05,S05,1231,1231,L1-full,73,0-4-15,3,False
S05,S05,1231,1231,L1-full,74,1-7-12,3,False
S05,S05,1231,1231,L1-full,75,0-3-14,3,False
S05,S05,1231,1231,L1-full,76,0-10-14,3,False
S05,S05,1231,1231,L1-full,77,5-9-15,3,False
S05,S05,1231,1231,L1-full,78,2-11-15,3,False
S05,S05,1231,1231,L1-full,79,3-12-14,3,False
S05,S05,1231,1231,L1-full,80,6-10-15,3,False
S05,S05,1231,1231,L1-full,81,1-7-15,3,False
S05,S05,1231,1231,L1-full,82,0-3-7,3,False
S05,S05,1231,1231,L1-full,83,1-6-9,3,False
S05,S05,1231,1231,L1-full,84,1-5-11,3,False
S05,S05,1231,1231,L1-full,85,1-4-9,3,False
S05,S05,1231,1231,L1-full,86,3-5-15,3,False
S05,S05,1231,1231,L1-full,87,6-9-13,3,False
S05,S05,1231,1231,L1-full,88,1-3,2,False
S05,S05,1231,1231,L1-full,89,0-5-11,3,False
S05,S05,1231,1231,L1-full,90,3-7-12,3,False
S05,S05,1231,1231,L1-full,91,0-6-14,3,False
S05,S05,1231,1231,L1-full,92,0-9-12,3,False
S05,S05,1231,1231,L1-full,93,0-5-6,3,False
S05,S05,1231,1231,L1-full,94,5-12-13,3,False
S05,S05,1231,1231,L1-full,95,2-10-13,3,False
S05,S05,1231,1231,L1-full,96,5-10-14,3,False
S05,S05,1231,1231,L1-full,97,5-8,2,False
S05,S05,1231,1231,L1-full,98,7-13-14,3,False
S05,S05,1231,1231,L1-full,99,7-10,2,False
S05,S05,1231,1231,L1-full,100,8-9-13,3,False
S05,S05,1231,1231,L1-full,101,3-6-14,3,False
S05,S05,1231,1231,L1-full,102,0-6-13,3,False
S05,S05,1231,1231,L1-full,103,8-11-12,3,False
S05,S05,1231,1231,L1-full,104,3-7-9,3,False
S05,S05,1231,1231,L1-full,105,6-9-11,3,False
S05,S05,1231,1231,L1-full,106,13-14-15,3,False
S05,S05,1231,1231,L1-full,107,1-12-14,3,False
S05,S05,1231,1231,L1-full,108,0-8-9,3,False
S05,S05,1231,1231,L1-full,109,10-11-15,3,False
S05,S05,1231,1231,L1-full,110,3-7-14,3,False
S05,S05,1231,1231,L1-full,111,3-9-13,3,False
S05,S05,1231,1231,L1-full,112,8-13-14,3,False
S05,S05,1231,1231,L1-full,113,4-8-15,3,False
S05,S05,1231,1231,L1-full,114,10-14-15,3,False
S05,S05,1231,1231,L1-full,115,6-11-13,3,False
S05,S05,1231,1231,L1-full,116,2-9-12,3,False
S05,S05,1231,1231,L1-full,117,0-14-15,3,False
S05,S05,1231,1231,L1-full,118,6-7-8,3,False
S05,S05,1231,1231,L1-full,119,2-4-6,3,False
S05,S05,1231,1231,L1-full,120,2-5-14,3,False
S05,S05,1231,1231,L1-full,121,8-10,2,False
S05,S05,1231,1231,L1-full,122,3-11-15,3,False
S05,S05,1231,1231,L1-full,123,2-7-12,3,False
S05,S05,1231,1231,L1-full,124,8-12,2,False
S05,S05,1231,1231,L1-full,125,0-2-15,3,False
S05,S05,1231,1231,L1-full,126,2-4-13,3,False
S05,S05,1231,1231,L1-full,127,1-4,2,False
S05,S05,1231,1231,L1-full,128,3-4-14,3,False
S05,S05,1231,1231,L1-full,129,5-12-15,3,False
S05,S05,1231,1231,L1-full,130,0-4-5,3,False
S05,S05,1231,1231,L1-full,131,8-9-11,3,False
S05,S05,1231,1231,L1-full,132,14-15,2,False
S05,S05,1231,1231,L1-top8,1,0-1,2,True
S05,S05,1231,1231,L1-top8,2,2-3,2,True
S05,S05,1231,1231,L1-top8,3,4-5-6,3,True
S05,S05,1231,1231,L1-top8,4,7-8-9,3,True
S05,S05,1231,1231,L1-top8,5,2-6-11,3,False
S05,S05,1231,1231,L1-top8,6,6-10,2,False
S05,S05,1231,1231,L1-top8,7,7-12-15,3,False
S05,S05,1231,1231,L1-top8,8,4-8-13,3,False
S05,S05,1231,1231,L1-match,1,0-1,2,True
S05,S05,1231,1231,L1-match,2,2-3,2,True
S05,S05,1231,1231,L1-match,3,4-5-6,3,True
S05,S05,1231,1231,L1-match,4,7-8-9,3,True
S05,S05,1231,1231,SHIL-k8,1,0-1,2,True
S05,S05,1231,1231,SHIL-k8,2,2-3,2,True
S05,S05,1231,1231,SHIL-k8,3,4-5-6,3,True
S05,S05,1231,1231,SHIL-k8,4,7-8-9,3,True
S05,S05,1231,1231,SHIL-k8,5,2-3-8,3,False
S05,S05,1231,1231,SHIL-k8,6,1-6-14,3,False
S05,S05,1231,1231,SHIL-k8,7,0-10-14,3,False
S05,S05,1231,1231,SHIL-k8,8,6-9-10,3,False
S05,S05,1231,1231,SC-L1,1,0-1,2,True
S05,S05,1231,1231,SC-L1,2,2-3,2,True
S05,S05,1231,1231,SC-L1,3,4-5-6,3,True
S05,S05,1231,1231,SC-L1,4,7-8-9,3,True
S05,S05,1231,1231,SC-SHIL,1,0-1,2,True
S05,S05,1231,1231,SC-SHIL,2,2-3,2,True
S05,S05,1231,1231,SC-SHIL,3,4-5-6,3,True
S05,S05,1231,1231,SC-SHIL,4,7-8-9,3,True
S05,S05,1249,1249,L1-full,1,0-1,2,True
S05,S05,1249,1249,L1-full,2,4-5-6,3,True
S05,S05,1249,1249,L1-full,3,2-3,2,True
S05,S05,1249,1249,L1-full,4,7-8-9,3,True
S05,S05,1249,1249,L1-full,5,1-5-14,3,False
S05,S05,1249,1249,L1-full,6,3-4-12,3,False
S05,S05,1249,1249,L1-full,7,5-8-15,3,False
S05,S05,1249,1249,L1-full,8,11-12,2,False
S05,S05,1249,1249,L1-full,9,2-4-7,3,False
S05,S05,1249,1249,L1-full,10,5-12-15,3,False
S05,S05,1249,1249,L1-full,11,3-10,2,False
S05,S05,1249,1249,L1-full,12,4-8-9,3,False
S05,S05,1249,1249,L1-full,13,7-11-13,3,False
S05,S05,1249,1249,L1-full,14,3-5-14,3,False
S05,S05,1249,1249,L1-full,15,2-6,2,False
S05,S05,1249,1249,L1-full,16,10-14-15,3,False
S05,S05,1249,1249,L1-full,17,4-7-12,3,False
S05,S05,1249,1249,L1-full,18,4-12-13,3,False
S05,S05,1249,1249,L1-full,19,8-9,2,False
S05,S05,1249,1249,L1-full,20,2-6-8,3,False
S05,S05,1249,1249,L1-full,21,1-9,2,False
S05,S05,1249,1249,L1-full,22,2-5-15,3,False
S05,S05,1249,1249,L1-full,23,5-9-14,3,False
S05,S05,1249,1249,L1-full,24,4-9-11,3,False
S05,S05,1249,1249,L1-full,25,11-13-15,3,False
S05,S05,1249,1249,L1-full,26,2-12-15,3,False
S05,S05,1249,1249,L1-full,27,7-9-12,3,False
S05,S05,1249,1249,L1-full,28,11-13,2,False
S05,S05,1249,1249,L1-full,29,0-12-14,3,False
S05,S05,1249,1249,L1-full,30,5-10-15,3,False
S05,S05,1249,1249,L1-full,31,8-9-15,3,False
S05,S05,1249,1249,L1-full,32,3-10-11,3,False
S05,S05,1249,1249,L1-full,33,2-4-6,3,False
S05,S05,1249,1249,L1-full,34,3-12-14,3,False
S05,S05,1249,1249,L1-full,35,5-7-14,3,False
S05,S05,1249,1249,L1-full,36,7-10-11,3,False
S05,S05,1249,1249,L1-full,37,8-10-11,3,False
S05,S05,1249,1249,L1-full,38,5-12,2,False
S05,S05,1249,1249,L1-full,39,3-4-11,3,False
S05,S05,1249,1249,L1-full,40,0-9-11,3,False
S05,S05,1249,1249,L1-full,41,2-6-12,3,False
S05,S05,1249,1249,L1-full,42,3-4-15,3,False
S05,S05,1249,1249,L1-full,43,12-13-15,3,False
S05,S05,1249,1249,L1-full,44,5-14,2,False
S05,S05,1249,1249,L1-full,45,1-5-15,3,False
S05,S05,1249,1249,L1-full,46,3-10-13,3,False
S05,S05,1249,1249,L1-full,47,4-10-14,3,False
S05,S05,1249,1249,L1-full,48,8-11-14,3,False
S05,S05,1249,1249,L1-full,49,2-11-13,3,False
S05,S05,1249,1249,L1-full,50,3-11-13,3,False
S05,S05,1249,1249,L1-full,51,1-6-12,3,False
S05,S05,1249,1249,L1-full,52,6-7-10,3,False
S05,S05,1249,1249,L1-full,53,3-10-12,3,False
S05,S05,1249,1249,L1-full,54,0-6-12,3,False
S05,S05,1249,1249,L1-full,55,0-5-8,3,False
S05,S05,1249,1249,L1-full,56,2-11-12,3,False
S05,S05,1249,1249,L1-full,57,1-5,2,False
S05,S05,1249,1249,L1-full,58,3-10-14,3,False
S05,S05,1249,1249,L1-full,59,3-13,2,False
S05,S05,1249,1249,L1-full,60,7-9,2,False
S05,S05,1249,1249,L1-full,61,11-14,2,False
S05,S05,1249,1249,L1-full,62,4-5-15,3,False
S05,S05,1249,1249,L1-full,63,4-11-12,3,False
S05,S05,1249,1249,L1-full,64,2-4-11,3,False
S05,S05,1249,1249,L1-full,65,4-9-14,3,False
S05,S05,1249,1249,L1-full,66,0-3-8,3,False
S05,S05,1249,1249,L1-full,67,4-7-15,3,False
S05,S05,1249,1249,L1-full,68,6-9-13,3,False
S05,S05,1249,1249,L1-full,69,0-11-15,3,False
S05,S05,1249,1249,L1-full,70,10-13-15,3,False
S05,S05,1249,1249,L1-full,71,12-14,2,False
S05,S05,1249,1249,L1-full,72,2-4-12,3,False
S05,S05,1249,1249,L1-full,73,0-2-15,3,False
S05,S05,1249,1249,L1-full,74,5-12-14,3,False
S05,S05,1249,1249,L1-full,75,7-10-15,3,False
S05,S05,1249,1249,L1-full,76,5-6,2,False
S05,S05,1249,1249,L1-full,77,4-7-11,3,False
S05,S05,1249,1249,L1-full,78,5-11-13,3,False
S05,S05,1249,1249,L1-full,79,2-5-14,3,False
S05,S05,1249,1249,L1-full,80,2-9-15,3,False
S05,S05,1249,1249,L1-full,81,3-11,2,False
S05,S05,1249,1249,L1-full,82,4-11-13,3,False
S05,S05,1249,1249,L1-full,83,9-15,2,False
S05,S05,1249,1249,L1-full,84,0-2-12,3,False
S05,S05,1249,1249,L1-full,85,3-11-15,3,False
S05,S05,1249,1249,L1-full,86,0-2,2,False
S05,S05,1249,1249,L1-full,87,13-15,2,False
S05,S05,1249,1249,L1-full,88,10-13-14,3,False
S05,S05,1249,1249,L1-full,89,4-13-14,3,False
S05,S05,1249,1249,L1-full,90,4-6-14,3,False
S05,S05,1249,1249,L1-full,91,0-11-14,3,False
S05,S05,1249,1249,L1-full,92,6-12-14,3,False
S05,S05,1249,1249,L1-full,93,0-5-12,3,False
S05,S05,1249,1249,L1-full,94,1-3-8,3,False
S05,S05,1249,1249,L1-full,95,6-10-15,3,False
S05,S05,1249,1249,L1-full,96,11-12-13,3,False
S05,S05,1249,1249,L1-full,97,0-3-15,3,False
S05,S05,1249,1249,L1-full,98,2-10-12,3,False
S05,S05,1249,1249,L1-full,99,3-9-10,3,False
S05,S05,1249,1249,L1-full,100,0-3-10,3,False
S05,S05,1249,1249,L1-full,101,6-15,2,False
S05,S05,1249,1249,L1-full,102,1-2-11,3,False
S05,S05,1249,1249,L1-full,103,1-2-4,3,False
S05,S05,1249,1249,L1-full,104,9-12-14,3,False
S05,S05,1249,1249,L1-full,105,0-1-8,3,False
S05,S05,1249,1249,L1-full,106,4-10-13,3,False
S05,S05,1249,1249,L1-full,107,8-13-14,3,False
S05,S05,1249,1249,L1-full,108,10-15,2,False
S05,S05,1249,1249,L1-full,109,2-8-13,3,False
S05,S05,1249,1249,L1-full,110,6-7-15,3,False
S05,S05,1249,1249,L1-full,111,2-3-6,3,False
S05,S05,1249,1249,L1-top8,1,0-1,2,True
S05,S05,1249,1249,L1-top8,2,4-5-6,3,True
S05,S05,1249,1249,L1-top8,3,2-3,2,True
S05,S05,1249,1249,L1-top8,4,7-8-9,3,True
S05,S05,1249,1249,L1-top8,5,1-5-14,3,False
S05,S05,1249,1249,L1-top8,6,3-4-12,3,False
S05,S05,1249,1249,L1-top8,7,5-8-15,3,False
S05,S05,1249,1249,L1-top8,8,11-12,2,False
S05,S05,1249,1249,L1-match,1,0-1,2,True
S05,S05,1249,1249,L1-match,2,4-5-6,3,True
S05,S05,1249,1249,L1-match,3,2-3,2,True
S05,S05,1249,1249,L1-match,4,7-8-9,3,True
S05,S05,1249,1249,SHIL-k8,1,0-1,2,True
S05,S05,1249,1249,SHIL-k8,2,4-5-6,3,True
S05,S05,1249,1249,SHIL-k8,3,2-3,2,True
S05,S05,1249,1249,SHIL-k8,4,7-8-9,3,True
S05,S05,1249,1249,SHIL-k8,5,1-5-14,3,False
S05,S05,1249,1249,SHIL-k8,6,3-4-15,3,False
S05,S05,1249,1249,SHIL-k8,7,3-4-12,3,False
S05,S05,1249,1249,SHIL-k8,8,8-9-15,3,False
S05,S05,1249,1249,SC-L1,1,0-1,2,True
S05,S05,1249,1249,SC-L1,2,2-3,2,True
S05,S05,1249,1249,SC-L1,3,4-5-6,3,True
S05,S05,1249,1249,SC-L1,4,7-8-9,3,True
S05,S05,1249,1249,SC-SHIL,1,0-1,2,True
S05,S05,1249,1249,SC-SHIL,2,2-3,2,True
S05,S05,1249,1249,SC-SHIL,3,4-5-6,3,True
S05,S05,1249,1249,SC-SHIL,4,7-8-9,3,True
S05,S05,1277,1277,L1-full,1,0-1,2,True
S05,S05,1277,1277,L1-full,2,4-5-6,3,True
S05,S05,1277,1277,L1-full,3,2-3,2,True
S05,S05,1277,1277,L1-full,4,7-8-9,3,True
S05,S05,1277,1277,L1-full,5,3-10,2,False
S05,S05,1277,1277,L1-full,6,7-8-10,3,False
S05,S05,1277,1277,L1-full,7,8-12-13,3,False
S05,S05,1277,1277,L1-full,8,6-11-15,3,False
S05,S05,1277,1277,L1-full,9,5-9-14,3,False
S05,S05,1277,1277,L1-full,10,1-2-15,3,False
S05,S05,1277,1277,L1-full,11,2-14-15,3,False
S05,S05,1277,1277,L1-full,12,1-5-15,3,False
S05,S05,1277,1277,L1-full,13,1-2-10,3,False
S05,S05,1277,1277,L1-full,14,8-11-15,3,False
S05,S05,1277,1277,L1-full,15,2-7,2,False
S05,S05,1277,1277,L1-full,16,5-6,2,False
S05,S05,1277,1277,L1-full,17,11-13,2,False
S05,S05,1277,1277,L1-full,18,2-7-11,3,False
S05,S05,1277,1277,L1-full,19,1-9-14,3,False
S05,S05,1277,1277,L1-full,20,0-8-10,3,False
S05,S05,1277,1277,L1-full,21,3-12-14,3,False
S05,S05,1277,1277,L1-full,22,3-4-14,3,False
S05,S05,1277,1277,L1-full,23,11-13-15,3,False
S05,S05,1277,1277,L1-full,24,5-6-15,3,False
S05,S05,1277,1277,L1-full,25,1-3-4,3,False
S05,S05,1277,1277,L1-full,26,5-12,2,False
S05,S05,1277,1277,L1-full,27,6-11-14,3,False
S05,S05,1277,1277,L1-full,28,6-10-12,3,False
S05,S05,1277,1277,L1-full,29,9-11-13,3,False
S05,S05,1277,1277,L1-full,30,0-3-6,3,False
S05,S05,1277,1277,L1-full,31,1-5-13,3,False
S05,S05,1277,1277,L1-full,32,9-12-13,3,False
S05,S05,1277,1277,L1-full,33,0-3-11,3,False
S05,S05,1277,1277,L1-full,34,2-11-12,3,False
S05,S05,1277,1277,L1-full,35,5-6-8,3,False
S05,S05,1277,1277,L1-full,36,2-4-13,3,False
S05,S05,1277,1277,L1-full,37,4-10-13,3,False
S05,S05,1277,1277,L1-full,38,6-7-13,3,False
S05,S05,1277,1277,L1-full,39,5-9-12,3,False
S05,S05,1277,1277,L1-full,40,2-10-13,3,False
S05,S05,1277,1277,L1-full,41,4-8-13,3,False
S05,S05,1277,1277,L1-full,42,8-10-12,3,False
S05,S05,1277,1277,L1-full,43,0-4-11,3,False
S05,S05,1277,1277,L1-full,44,7-10-11,3,False
S05,S05,1277,1277,L1-full,45,9-10,2,False
S05,S05,1277,1277,L1-full,46,5-9-13,3,False
S05,S05,1277,1277,L1-full,47,1-4-10,3,False
S05,S05,1277,1277,L1-full,48,4-8,2,False
S05,S05,1277,1277,L1-full,49,4-11-15,3,False
S05,S05,1277,1277,L1-full,50,2-10-12,3,False
S05,S05,1277,1277,L1-full,51,7-8-14,3,False
S05,S05,1277,1277,L1-full,52,2-6-14,3,False
S05,S05,1277,1277,L1-full,53,5-7-14,3,False
S05,S05,1277,1277,L1-full,54,2-13,2,False
S05,S05,1277,1277,L1-full,55,0-2-5,3,False
S05,S05,1277,1277,L1-full,56,0-4-9,3,False
S05,S05,1277,1277,L1-full,57,1-13,2,False
S05,S05,1277,1277,L1-full,58,4-7-13,3,False
S05,S05,1277,1277,L1-full,59,7-12-15,3,False
S05,S05,1277,1277,L1-full,60,1-5-14,3,False
S05,S05,1277,1277,L1-full,61,5-10-15,3,False
S05,S05,1277,1277,L1-full,62,8-13-14,3,False
S05,S05,1277,1277,L1-full,63,1-7-13,3,False
S05,S05,1277,1277,L1-full,64,4-7-11,3,False
S05,S05,1277,1277,L1-full,65,0-14-15,3,False
S05,S05,1277,1277,L1-full,66,5-7-9,3,False
S05,S05,1277,1277,L1-full,67,10-14,2,False
S05,S05,1277,1277,L1-full,68,0-8-13,3,False
S05,S05,1277,1277,L1-full,69,9-12,2,False
S05,S05,1277,1277,L1-full,70,4-6,2,False
S05,S05,1277,1277,L1-full,71,0-10-13,3,False
S05,S05,1277,1277,L1-full,72,3-5-9,3,False
S05,S05,1277,1277,L1-full,73,1-7-12,3,False
S05,S05,1277,1277,L1-full,74,4-11-14,3,False
S05,S05,1277,1277,L1-full,75,3-10-13,3,False
S05,S05,1277,1277,L1-full,76,2-8-13,3,False
S05,S05,1277,1277,L1-full,77,3-7-12,3,False
S05,S05,1277,1277,L1-full,78,0-13-15,3,False
S05,S05,1277,1277,L1-full,79,0-3-5,3,False
S05,S05,1277,1277,L1-full,80,3-5-14,3,False
S05,S05,1277,1277,L1-full,81,3-10-15,3,False
S05,S05,1277,1277,L1-full,82,11-12-14,3,False
S05,S05,1277,1277,L1-full,83,6-9,2,False
S05,S05,1277,1277,L1-full,84,3-9-15,3,False
S05,S05,1277,1277,L1-full,85,13-14-15,3,False
S05,S05,1277,1277,L1-full,86,3-4-6,3,False
S05,S05,1277,1277,L1-full,87,6-11-12,3,False
S05,S05,1277,1277,L1-full,88,2-11-15,3,False
S05,S05,1277,1277,L1-full,89,3-7,2,False
S05,S05,1277,1277,L1-full,90,9-15,2,False
S05,S05,1277,1277,L1-full,91,2-8-14,3,False
S05,S05,1277,1277,L1-full,92,0-9-10,3,False
S05,S05,1277,1277,L1-full,93,7-10,2,False
S05,S05,1277,1277,L1-full,94,9-13,2,False
S05,S05,1277,1277,L1-full,95,9-12-15,3,False
S05,S05,1277,1277,L1-full,96,4-10-14,3,False
S05,S05,1277,1277,L1-full,97,2-6-8,3,False
S05,S05,1277,1277,L1-full,98,3-8-15,3,False
S05,S05,1277,1277,L1-full,99,3-12-15,3,False
S05,S05,1277,1277,L1-full,100,1-2-5,3,False
S05,S05,1277,1277,L1-full,101,4-8-9,3,False
S05,S05,1277,1277,L1-full,102,8-14-15,3,False
S05,S05,1277,1277,L1-full,103,5-9-15,3,False
S05,S05,1277,1277,L1-full,104,3-9-14,3,False
S05,S05,1277,1277,L1-full,105,6-12-15,3,False
S05,S05,1277,1277,L1-full,106,0-3-8,3,False
S05,S05,1277,1277,L1-full,107,0-5-14,3,False
S05,S05,1277,1277,L1-full,108,1-9-12,3,False
S05,S05,1277,1277,L1-full,109,7-13-15,3,False
S05,S05,1277,1277,L1-full,110,8-12,2,False
S05,S05,1277,1277,L1-full,111,7-11-13,3,False
S05,S05,1277,1277,L1-full,112,0-11-15,3,False
S05,S05,1277,1277,L1-top8,1,0-1,2,True
S05,S05,1277,1277,L1-top8,2,4-5-6,3,True
S05,S05,1277,1277,L1-top8,3,2-3,2,True
S05,S05,1277,1277,L1-top8,4,7-8-9,3,True
S05,S05,1277,1277,L1-top8,5,3-10,2,False
S05,S05,1277,1277,L1-top8,6,7-8-10,3,False
S05,S05,1277,1277,L1-top8,7,8-12-13,3,False
S05,S05,1277,1277,L1-top8,8,6-11-15,3,False
S05,S05,1277,1277,L1-match,1,0-1,2,True
S05,S05,1277,1277,L1-match,2,4-5-6,3,True
S05,S05,1277,1277,L1-match,3,2-3,2,True
S05,S05,1277,1277,L1-match,4,7-8-9,3,True
S05,S05,1277,1277,SHIL-k8,1,0-1,2,True
S05,S05,1277,1277,SHIL-k8,2,4-5-6,3,True
S05,S05,1277,1277,SHIL-k8,3,2-3,2,True
S05,S05,1277,1277,SHIL-k8,4,7-8-9,3,True
S05,S05,1277,1277,SHIL-k8,5,7-8-10,3,False
S05,S05,1277,1277,SHIL-k8,6,8-12-13,3,False
S05,S05,1277,1277,SHIL-k8,7,1-5-13,3,False
S05,S05,1277,1277,SHIL-k8,8,0-3-6,3,False
S05,S05,1277,1277,SC-L1,1,0-1,2,True
S05,S05,1277,1277,SC-L1,2,2-3,2,True
S05,S05,1277,1277,SC-L1,3,4-5-6,3,True
S05,S05,1277,1277,SC-L1,4,7-8-9,3,True
S05,S05,1277,1277,SC-SHIL,1,0-1,2,True
S05,S05,1277,1277,SC-SHIL,2,2-3,2,True
S05,S05,1277,1277,SC-SHIL,3,4-5-6,3,True
S05,S05,1277,1277,SC-SHIL,4,7-8-9,3,True
S06,S06,1103,1103,L1-full,1,0-1,2,True
S06,S06,1103,1103,L1-full,2,2-3,2,True
S06,S06,1103,1103,L1-full,3,4-5-6,3,True
S06,S06,1103,1103,L1-full,4,7-8-9,3,True
S06,S06,1103,1103,L1-full,5,2-21-24,3,False
S06,S06,1103,1103,L1-full,6,6-11-26,3,False
S06,S06,1103,1103,L1-full,7,3-27-30,3,False
S06,S06,1103,1103,L1-full,8,17-26-31,3,False
S06,S06,1103,1103,L1-full,9,21-28-29,3,False
S06,S06,1103,1103,L1-full,10,8-17,2,False
S06,S06,1103,1103,L1-full,11,11-17-28,3,False
S06,S06,1103,1103,L1-full,12,9-19,2,False
S06,S06,1103,1103,L1-full,13,16-25,2,False
S06,S06,1103,1103,L1-full,14,3-14-23,3,False
S06,S06,1103,1103,L1-full,15,18-28-30,3,False
S06,S06,1103,1103,L1-full,16,2-19-22,3,False
S06,S06,1103,1103,L1-full,17,5-8-31,3,False
S06,S06,1103,1103,L1-full,18,4-30-31,3,False
S06,S06,1103,1103,L1-full,19,2-8-31,3,False
S06,S06,1103,1103,L1-full,20,9-21-23,3,False
S06,S06,1103,1103,L1-full,21,25-27-30,3,False
S06,S06,1103,1103,L1-full,22,14-25-28,3,False
S06,S06,1103,1103,L1-full,23,13-28-30,3,False
S06,S06,1103,1103,L1-full,24,3-4-12,3,False
S06,S06,1103,1103,L1-full,25,12-13-28,3,False
S06,S06,1103,1103,L1-full,26,4-13,2,False
S06,S06,1103,1103,L1-full,27,3-7-20,3,False
S06,S06,1103,1103,L1-full,28,1-21-31,3,False
S06,S06,1103,1103,L1-full,29,5-10-15,3,False
S06,S06,1103,1103,L1-full,30,14-15-24,3,False
S06,S06,1103,1103,L1-full,31,4-10-16,3,False
S06,S06,1103,1103,L1-full,32,8-12-30,3,False
S06,S06,1103,1103,L1-full,33,10-26-31,3,False
S06,S06,1103,1103,L1-full,34,1-14-25,3,False
S06,S06,1103,1103,L1-full,35,10-18-22,3,False
S06,S06,1103,1103,L1-full,36,7-17-18,3,False
S06,S06,1103,1103,L1-full,37,13-22-25,3,False
S06,S06,1103,1103,L1-full,38,5-18-26,3,False
S06,S06,1103,1103,L1-full,39,8-15-28,3,False
S06,S06,1103,1103,L1-full,40,5-30,2,False
S06,S06,1103,1103,L1-full,41,13-25-27,3,False
S06,S06,1103,1103,L1-full,42,7-13-25,3,False
S06,S06,1103,1103,L1-full,43,10-16-25,3,False
S06,S06,1103,1103,L1-full,44,15-16-28,3,False
S06,S06,1103,1103,L1-full,45,7-10-18,3,False
S06,S06,1103,1103,L1-full,46,9-20-26,3,False
S06,S06,1103,1103,L1-full,47,13-23-26,3,False
S06,S06,1103,1103,L1-full,48,0-3-28,3,False
S06,S06,1103,1103,L1-full,49,24-27-30,3,False
S06,S06,1103,1103,L1-full,50,20-23-27,3,False
S06,S06,1103,1103,L1-full,51,21-25-28,3,False
S06,S06,1103,1103,L1-full,52,5-21-30,3,False
S06,S06,1103,1103,L1-full,53,2-17-25,3,False
S06,S06,1103,1103,L1-full,54,6-24-28,3,False
S06,S06,1103,1103,L1-full,55,16-21-29,3,False
S06,S06,1103,1103,L1-full,56,2-13-18,3,False
S06,S06,1103,1103,L1-full,57,10-11-27,3,False
S06,S06,1103,1103,L1-full,58,1-13-29,3,False
S06,S06,1103,1103,L1-full,59,4-27-31,3,False
S06,S06,1103,1103,L1-full,60,0-11,2,False
S06,S06,1103,1103,L1-full,61,13-14-20,3,False
S06,S06,1103,1103,L1-full,62,12-26-31,3,False
S06,S06,1103,1103,L1-full,63,5-9-27,3,False
S06,S06,1103,1103,L1-full,64,1-4,2,False
S06,S06,1103,1103,L1-full,65,19-26,2,False
S06,S06,1103,1103,L1-full,66,6-13-18,3,False
S06,S06,1103,1103,L1-full,67,12-19-25,3,False
S06,S06,1103,1103,L1-full,68,5-9-26,3,False
S06,S06,1103,1103,L1-full,69,9-25-27,3,False
S06,S06,1103,1103,L1-full,70,11-17-20,3,False
S06,S06,1103,1103,L1-full,71,5-27-29,3,False
S06,S06,1103,1103,L1-full,72,4-17-24,3,False
S06,S06,1103,1103,L1-full,73,19-22-27,3,False
S06,S06,1103,1103,L1-full,74,14-15-25,3,False
S06,S06,1103,1103,L1-full,75,10-22-31,3,False
S06,S06,1103,1103,L1-full,76,13-15-17,3,False
S06,S06,1103,1103,L1-full,77,2-10-22,3,False
S06,S06,1103,1103,L1-full,78,6-12-23,3,False
S06,S06,1103,1103,L1-full,79,13-26-30,3,False
S06,S06,1103,1103,L1-full,80,7-21-22,3,False
S06,S06,1103,1103,L1-full,81,7-23-31,3,False
S06,S06,1103,1103,L1-full,82,7-27,2,False
S06,S06,1103,1103,L1-full,83,5-17,2,False
S06,S06,1103,1103,L1-full,84,12-23-28,3,False
S06,S06,1103,1103,L1-full,85,3-7-16,3,False
S06,S06,1103,1103,L1-full,86,17-27-31,3,False
S06,S06,1103,1103,L1-full,87,6-9-19,3,False
S06,S06,1103,1103,L1-full,88,21-29,2,False
S06,S06,1103,1103,L1-full,89,1-24-27,3,False
S06,S06,1103,1103,L1-full,90,9-12-31,3,False
S06,S06,1103,1103,L1-full,91,13-20-29,3,False
S06,S06,1103,1103,L1-full,92,18-23-30,3,False
S06,S06,1103,1103,L1-full,93,10-16-17,3,False
S06,S06,1103,1103,L1-full,94,7-16-29,3,False
S06,S06,1103,1103,L1-full,95,21-29-30,3,False
S06,S06,1103,1103,L1-full,96,0-6-13,3,False
S06,S06,1103,1103,L1-full,97,4-17-20,3,False
S06,S06,1103,1103,L1-full,98,2-13-16,3,False
S06,S06,1103,1103,L1-full,99,9-19-31,3,False
S06,S06,1103,1103,L1-full,100,13-24-28,3,False
S06,S06,1103,1103,L1-full,101,25-27,2,False
S06,S06,1103,1103,L1-full,102,15-16-23,3,False
S06,S06,1103,1103,L1-full,103,19-20-21,3,False
S06,S06,1103,1103,L1-full,104,9-10-13,3,False
S06,S06,1103,1103,L1-full,105,7-24-29,3,False
S06,S06,1103,1103,L1-full,106,19-24,2,False
S06,S06,1103,1103,L1-full,107,15-22-27,3,False
S06,S06,1103,1103,L1-full,108,6-9-15,3,False
S06,S06,1103,1103,L1-full,109,13-15-16,3,False
S06,S06,1103,1103,L1-full,110,1-11-20,3,False
S06,S06,1103,1103,L1-full,111,2-13-26,3,False
S06,S06,1103,1103,L1-full,112,0-28-30,3,False
S06,S06,1103,1103,L1-full,113,19-21-26,3,False
S06,S06,1103,1103,L1-full,114,8-18-26,3,False
S06,S06,1103,1103,L1-full,115,19-25-30,3,False
S06,S06,1103,1103,L1-full,116,15-18-21,3,False
S06,S06,1103,1103,L1-full,117,1-2-31,3,False
S06,S06,1103,1103,L1-full,118,11-24-31,3,False
S06,S06,1103,1103,L1-full,119,14-26-31,3,False
S06,S06,1103,1103,L1-full,120,5-15-30,3,False
S06,S06,1103,1103,L1-full,121,3-12-20,3,False
S06,S06,1103,1103,L1-full,122,18-24-25,3,False
S06,S06,1103,1103,L1-full,123,1-22-24,3,False
S06,S06,1103,1103,L1-full,124,12-15-20,3,False
S06,S06,1103,1103,L1-full,125,11-22-30,3,False
S06,S06,1103,1103,L1-full,126,12-26-29,3,False
S06,S06,1103,1103,L1-full,127,3-17-21,3,False
S06,S06,1103,1103,L1-full,128,14-25-26,3,False
S06,S06,1103,1103,L1-full,129,11-13-31,3,False
S06,S06,1103,1103,L1-full,130,6-20-25,3,False
S06,S06,1103,1103,L1-full,131,5-12-28,3,False
S06,S06,1103,1103,L1-full,132,4-22-24,3,False
S06,S06,1103,1103,L1-full,133,2-6-7,3,False
S06,S06,1103,1103,L1-full,134,8-13-25,3,False
S06,S06,1103,1103,L1-full,135,5-18-19,3,False
S06,S06,1103,1103,L1-full,136,10-20-23,3,False
S06,S06,1103,1103,L1-full,137,13-18-30,3,False
S06,S06,1103,1103,L1-full,138,8-15-18,3,False
S06,S06,1103,1103,L1-full,139,6-9-25,3,False
S06,S06,1103,1103,L1-full,140,8-9,2,False
S06,S06,1103,1103,L1-full,141,14-27-29,3,False
S06,S06,1103,1103,L1-full,142,14-21-22,3,False
S06,S06,1103,1103,L1-full,143,9-18-28,3,False
S06,S06,1103,1103,L1-full,144,8-20-26,3,False
S06,S06,1103,1103,L1-full,145,9-21-29,3,False
S06,S06,1103,1103,L1-full,146,11-17-27,3,False
S06,S06,1103,1103,L1-full,147,6-12-30,3,False
S06,S06,1103,1103,L1-full,148,13-27-29,3,False
S06,S06,1103,1103,L1-full,149,10-24-26,3,False
S06,S06,1103,1103,L1-full,150,11-28-30,3,False
S06,S06,1103,1103,L1-full,151,19-22-26,3,False
S06,S06,1103,1103,L1-full,152,4-14-15,3,False
S06,S06,1103,1103,L1-full,153,20-26-28,3,False
S06,S06,1103,1103,L1-full,154,14-16-27,3,False
S06,S06,1103,1103,L1-full,155,10-19-21,3,False
S06,S06,1103,1103,L1-full,156,13-16-23,3,False
S06,S06,1103,1103,L1-full,157,11-15-29,3,False
S06,S06,1103,1103,L1-full,158,2-10-12,3,False
S06,S06,1103,1103,L1-full,159,15-24,2,False
S06,S06,1103,1103,L1-full,160,4-12-15,3,False
S06,S06,1103,1103,L1-full,161,12-20-24,3,False
S06,S06,1103,1103,L1-full,162,25-26-27,3,False
S06,S06,1103,1103,L1-full,163,7-25,2,False
S06,S06,1103,1103,L1-full,164,3-23,2,False
S06,S06,1103,1103,L1-full,165,11-18-22,3,False
S06,S06,1103,1103,L1-full,166,9-16-30,3,False
S06,S06,1103,1103,L1-full,167,8-20-22,3,False
S06,S06,1103,1103,L1-full,168,6-8-23,3,False
S06,S06,1103,1103,L1-full,169,9-16-20,3,False
S06,S06,1103,1103,L1-full,170,12-30,2,False
S06,S06,1103,1103,L1-full,171,2-17-22,3,False
S06,S06,1103,1103,L1-full,172,3-13-21,3,False
S06,S06,1103,1103,L1-full,173,9-19-25,3,False
S06,S06,1103,1103,L1-full,174,4-15-26,3,False
S06,S06,1103,1103,L1-full,175,0-5-21,3,False
S06,S06,1103,1103,L1-full,176,0-21-28,3,False
S06,S06,1103,1103,L1-full,177,11-14-26,3,False
S06,S06,1103,1103,L1-full,178,24-28-29,3,False
S06,S06,1103,1103,L1-full,179,18-20-24,3,False
S06,S06,1103,1103,L1-full,180,3-11-19,3,False
S06,S06,1103,1103,L1-full,181,21-24-28,3,False
S06,S06,1103,1103,L1-full,182,1-12-21,3,False
S06,S06,1103,1103,L1-full,183,5-18-30,3,False
S06,S06,1103,1103,L1-full,184,12-18-27,3,False
S06,S06,1103,1103,L1-full,185,10-19-29,3,False
S06,S06,1103,1103,L1-full,186,1-9-26,3,False
S06,S06,1103,1103,L1-full,187,21-25-29,3,False
S06,S06,1103,1103,L1-full,188,6-7-24,3,False
S06,S06,1103,1103,L1-full,189,3-8-16,3,False
S06,S06,1103,1103,L1-full,190,1-18-27,3,False
S06,S06,1103,1103,L1-full,191,1-17-27,3,False
S06,S06,1103,1103,L1-full,192,7-12-31,3,False
S06,S06,1103,1103,L1-top8,1,0-1,2,True
S06,S06,1103,1103,L1-top8,2,2-3,2,True
S06,S06,1103,1103,L1-top8,3,4-5-6,3,True
S06,S06,1103,1103,L1-top8,4,7-8-9,3,True
S06,S06,1103,1103,L1-top8,5,2-21-24,3,False
S06,S06,1103,1103,L1-top8,6,6-11-26,3,False
S06,S06,1103,1103,L1-top8,7,3-27-30,3,False
S06,S06,1103,1103,L1-top8,8,17-26-31,3,False
S06,S06,1103,1103,L1-match,1,0-1,2,True
S06,S06,1103,1103,L1-match,2,2-3,2,True
S06,S06,1103,1103,L1-match,3,4-5-6,3,True
S06,S06,1103,1103,L1-match,4,7-8-9,3,True
S06,S06,1103,1103,SHIL-k8,1,0-1,2,True
S06,S06,1103,1103,SHIL-k8,2,2-3,2,True
S06,S06,1103,1103,SHIL-k8,3,4-5-6,3,True
S06,S06,1103,1103,SHIL-k8,4,7-8-9,3,True
S06,S06,1103,1103,SHIL-k8,5,7-17-24,3,False
S06,S06,1103,1103,SHIL-k8,6,2-4-28,3,False
S06,S06,1103,1103,SHIL-k8,7,3-11-20,3,False
S06,S06,1103,1103,SHIL-k8,8,14-25-28,3,False
S06,S06,1103,1103,SC-L1,1,0-1,2,True
S06,S06,1103,1103,SC-L1,2,2-3,2,True
S06,S06,1103,1103,SC-L1,3,4-5-6,3,True
S06,S06,1103,1103,SC-L1,4,7-8-9,3,True
S06,S06,1103,1103,SC-SHIL,1,0-1,2,True
S06,S06,1103,1103,SC-SHIL,2,2-3,2,True
S06,S06,1103,1103,SC-SHIL,3,4-5-6,3,True
S06,S06,1103,1103,SC-SHIL,4,7-8-9,3,True
S06,S06,1129,1129,L1-full,1,0-1,2,True
S06,S06,1129,1129,L1-full,2,2-3,2,True
S06,S06,1129,1129,L1-full,3,4-5-6,3,True
S06,S06,1129,1129,L1-full,4,7-8-9,3,True
S06,S06,1129,1129,L1-full,5,9-11-31,3,False
S06,S06,1129,1129,L1-full,6,4-15-24,3,False
S06,S06,1129,1129,L1-full,7,7-13,2,False
S06,S06,1129,1129,L1-full,8,1-12-27,3,False
S06,S06,1129,1129,L1-full,9,22-24-31,3,False
S06,S06,1129,1129,L1-full,10,4-5,2,False
S06,S06,1129,1129,L1-full,11,10-12-17,3,False
S06,S06,1129,1129,L1-full,12,13-22-29,3,False
S06,S06,1129,1129,L1-full,13,5-11-25,3,False
S06,S06,1129,1129,L1-full,14,25-30-31,3,False
S06,S06,1129,1129,L1-full,15,1-2-25,3,False
S06,S06,1129,1129,L1-full,16,12-13,2,False
S06,S06,1129,1129,L1-full,17,10-25-30,3,False
S06,S06,1129,1129,L1-full,18,2-7-13,3,False
S06,S06,1129,1129,L1-full,19,6-9-27,3,False
S06,S06,1129,1129,L1-full,20,3-10-14,3,False
S06,S06,1129,1129,L1-full,21,11-30,2,False
S06,S06,1129,1129,L1-full,22,9-10-23,3,False
S06,S06,1129,1129,L1-full,23,15-16-27,3,False
S06,S06,1129,1129,L1-full,24,8-17-29,3,False
S06,S06,1129,1129,L1-full,25,6-25-28,3,False
S06,S06,1129,1129,L1-full,26,17-21-29,3,False
S06,S06,1129,1129,L1-full,27,6-28,2,False
S06,S06,1129,1129,L1-full,28,8-9-17,3,False
S06,S06,1129,1129,L1-full,29,14-18-27,3,False
S06,S06,1129,1129,L1-full,30,9-11-30,3,False
S06,S06,1129,1129,L1-full,31,23-24-27,3,False
S06,S06,1129,1129,L1-full,32,1-9-12,3,False
S06,S06,1129,1129,L1-full,33,1-17,2,False
S06,S06,1129,1129,L1-full,34,10-11-17,3,False
S06,S06,1129,1129,L1-full,35,16-20-24,3,False
S06,S06,1129,1129,L1-full,36,14-16,2,False
S06,S06,1129,1129,L1-full,37,8-14-27,3,False
S06,S06,1129,1129,L1-full,38,9-13-29,3,False
S06,S06,1129,1129,L1-full,39,15-19-29,3,False
S06,S06,1129,1129,L1-full,40,13-21-24,3,False
S06,S06,1129,1129,L1-full,41,19-25-31,3,False
S06,S06,1129,1129,L1-full,42,6-20-21,3,False
S06,S06,1129,1129,L1-full,43,2-20,2,False
S06,S06,1129,1129,L1-full,44,9-11-15,3,False
S06,S06,1129,1129,L1-full,45,4-18-30,3,False
S06,S06,1129,1129,L1-full,46,10-13-31,3,False
S06,S06,1129,1129,L1-full,47,4-17-29,3,False
S06,S06,1129,1129,L1-full,48,4-8-9,3,False
S06,S06,1129,1129,L1-full,49,4-7-22,3,False
S06,S06,1129,1129,L1-full,50,1-4-28,3,False
S06,S06,1129,1129,L1-full,51,17-18-20,3,False
S06,S06,1129,1129,L1-full,52,6-11,2,False
S06,S06,1129,1129,L1-full,53,8-10-20,3,False
S06,S06,1129,1129,L1-full,54,4-14-29,3,False
S06,S06,1129,1129,L1-full,55,24-26,2,False
S06,S06,1129,1129,L1-full,56,8-18,2,False
S06,S06,1129,1129,L1-full,57,14-17-23,3,False
S06,S06,1129,1129,L1-full,58,5-27-28,3,False
S06,S06,1129,1129,L1-full,59,8-22-30,3,False
S06,S06,1129,1129,L1-full,60,13-21-27,3,False
S06,S06,1129,1129,L1-full,61,5-11-20,3,False
S06,S06,1129,1129,L1-full,62,5-25-29,3,False
S06,S06,1129,1129,L1-full,63,14-19-20,3,False
S06,S06,1129,1129,L1-full,64,9-14-29,3,False
S06,S06,1129,1129,L1-full,65,9-16,2,False
S06,S06,1129,1129,L1-full,66,15-18,2,False
S06,S06,1129,1129,L1-full,67,6-8-17,3,False
S06,S06,1129,1129,L1-full,68,24-25-27,3,False
S06,S06,1129,1129,L1-full,69,10-15-28,3,False
S06,S06,1129,1129,L1-full,70,0-10,2,False
S06,S06,1129,1129,L1-full,71,11-19-21,3,False
S06,S06,1129,1129,L1-full,72,12-13-21,3,False
S06,S06,1129,1129,L1-full,73,6-27-28,3,False
S06,S06,1129,1129,L1-full,74,5-23-25,3,False
S06,S06,1129,1129,L1-full,75,6-10-28,3,False
S06,S06,1129,1129,L1-full,76,13-18-23,3,False
S06,S06,1129,1129,L1-full,77,17-28-31,3,False
S06,S06,1129,1129,L1-full,78,9-31,2,False
S06,S06,1129,1129,L1-full,79,13-16-24,3,False
S06,S06,1129,1129,L1-full,80,5-27-31,3,False
S06,S06,1129,1129,L1-full,81,10-14-19,3,False
S06,S06,1129,1129,L1-full,82,6-24,2,False
S06,S06,1129,1129,L1-full,83,4-5-11,3,False
S06,S06,1129,1129,L1-full,84,24-26-28,3,False
S06,S06,1129,1129,L1-full,85,13-15-30,3,False
S06,S06,1129,1129,L1-full,86,0-18-21,3,False
S06,S06,1129,1129,L1-full,87,4-6-17,3,False
S06,S06,1129,1129,L1-full,88,4-9-16,3,False
S06,S06,1129,1129,L1-full,89,19-20-27,3,False
S06,S06,1129,1129,L1-full,90,26-28-29,3,False
S06,S06,1129,1129,L1-full,91,7-28,2,False
S06,S06,1129,1129,L1-full,92,12-15-19,3,False
S06,S06,1129,1129,L1-full,93,14-23-31,3,False
S06,S06,1129,1129,L1-full,94,2-26-30,3,False
S06,S06,1129,1129,L1-full,95,6-11-14,3,False
S06,S06,1129,1129,L1-full,96,23-25-30,3,False
S06,S06,1129,1129,L1-full,97,6-8-12,3,False
S06,S06,1129,1129,L1-full,98,20-30,2,False
S06,S06,1129,1129,L1-full,99,4-12-20,3,False
S06,S06,1129,1129,L1-full,100,16-18-24,3,False
S06,S06,1129,1129,L1-full,101,16-21-23,3,False
S06,S06,1129,1129,L1-full,102,6-22-30,3,False
S06,S06,1129,1129,L1-full,103,14-22,2,False
S06,S06,1129,1129,L1-full,104,23-28,2,False
S06,S06,1129,1129,L1-full,105,10-19-24,3,False
S06,S06,1129,1129,L1-full,106,16-20-27,3,False
S06,S06,1129,1129,L1-full,107,6-14-30,3,False
S06,S06,1129,1129,L1-full,108,12-31,2,False
S06,S06,1129,1129,L1-full,109,10-22-23,3,False
S06,S06,1129,1129,L1-full,110,3-14-23,3,False
S06,S06,1129,1129,L1-full,111,14-15-29,3,False
S06,S06,1129,1129,L1-full,112,0-25-30,3,False
S06,S06,1129,1129,L1-full,113,0-5-23,3,False
S06,S06,1129,1129,L1-full,114,5-20-29,3,False
S06,S06,1129,1129,L1-full,115,10-12-16,3,False
S06,S06,1129,1129,L1-full,116,15-24,2,False
S06,S06,1129,1129,L1-full,117,1-12-19,3,False
S06,S06,1129,1129,L1-full,118,15-24-29,3,False
S06,S06,1129,1129,L1-full,119,9-25-27,3,False
S06,S06,1129,1129,L1-full,120,16-23-31,3,False
S06,S06,1129,1129,L1-full,121,9-28-29,3,False
S06,S06,1129,1129,L1-full,122,10-15-22,3,False
S06,S06,1129,1129,L1-full,123,1-13-14,3,False
S06,S06,1129,1129,L1-full,124,13-22-30,3,False
S06,S06,1129,1129,L1-full,125,11-15,2,False
S06,S06,1129,1129,L1-full,126,6-15-31,3,False
S06,S06,1129,1129,L1-full,127,11-14-31,3,False
S06,S06,1129,1129,L1-full,128,2-8-28,3,False
S06,S06,1129,1129,L1-full,129,17-21-30,3,False
S06,S06,1129,1129,L1-full,130,3-16-30,3,False
S06,S06,1129,1129,L1-full,131,1-30-31,3,False
S06,S06,1129,1129,L1-full,132,4-20-27,3,False
S06,S06,1129,1129,L1-full,133,4-9-10,3,False
S06,S06,1129,1129,L1-full,134,14-21-25,3,False
S06,S06,1129,1129,L1-full,135,13-22-27,3,False
S06,S06,1129,1129,L1-full,136,10-16-19,3,False
S06,S06,1129,1129,L1-full,137,14-18-24,3,False
S06,S06,1129,1129,L1-full,138,15-16-20,3,False
S06,S06,1129,1129,L1-full,139,2-4,2,False
S06,S06,1129,1129,L1-full,140,6-7,2,False
S06,S06,1129,1129,L1-full,141,15-16-28,3,False
S06,S06,1129,1129,L1-full,142,18-19-26,3,False
S06,S06,1129,1129,L1-full,143,1-11-22,3,False
S06,S06,1129,1129,L1-full,144,12-19-26,3,False
S06,S06,1129,1129,L1-full,145,7-15-28,3,False
S06,S06,1129,1129,L1-full,146,0-10-11,3,False
S06,S06,1129,1129,L1-full,147,20-22-31,3,False
S06,S06,1129,1129,L1-full,148,12-27-31,3,False
S06,S06,1129,1129,L1-full,149,2-5-29,3,False
S06,S06,1129,1129,L1-full,150,12-13-30,3,False
S06,S06,1129,1129,L1-full,151,14-16-29,3,False
S06,S06,1129,1129,L1-full,152,11-17-26,3,False
S06,S06,1129,1129,L1-full,153,18-20-28,3,False
S06,S06,1129,1129,L1-full,154,4-10-15,3,False
S06,S06,1129,1129,L1-full,155,13-22-24,3,False
S06,S06,1129,1129,L1-full,156,7-22-28,3,False
S06,S06,1129,1129,L1-full,157,18-19-27,3,False
S06,S06,1129,1129,L1-full,158,14-15-30,3,False
S06,S06,1129,1129,L1-full,159,12-23,2,False
S06,S06,1129,1129,L1-full,160,11-21-22,3,False
S06,S06,1129,1129,L1-full,161,7-18-25,3,False
S06,S06,1129,1129,L1-full,162,21-26-27,3,False
S06,S06,1129,1129,L1-full,163,11-17-30,3,False
S06,S06,1129,1129,L1-full,164,5-13-20,3,False
S06,S06,1129,1129,L1-full,165,1-14-20,3,False
S06,S06,1129,1129,L1-full,166,3-4-23,3,False
S06,S06,1129,1129,L1-full,167,25-27-28,3,False
S06,S06,1129,1129,L1-full,168,3-23-29,3,False
S06,S06,1129,1129,L1-full,169,0-18-22,3,False
S06,S06,1129,1129,L1-full,170,5-15-22,3,False
S06,S06,1129,1129,L1-full,171,12-24-30,3,False
S06,S06,1129,1129,L1-full,172,17-19-23,3,False
S06,S06,1129,1129,L1-full,173,6-10-25,3,False
S06,S06,1129,1129,L1-full,174,3-4-20,3,False
S06,S06,1129,1129,L1-full,175,4-12-30,3,False
S06,S06,1129,1129,L1-full,176,9-15-18,3,False
S06,S06,1129,1129,L1-full,177,20-21-27,3,False
S06,S06,1129,1129,L1-full,178,21-24-26,3,False
S06,S06,1129,1129,L1-full,179,7-13-20,3,False
S06,S06,1129,1129,L1-full,180,9-13-14,3,False
S06,S06,1129,1129,L1-full,181,3-4-8,3,False
S06,S06,1129,1129,L1-full,182,13-18-26,3,False
S06,S06,1129,1129,L1-full,183,8-12-22,3,False
S06,S06,1129,1129,L1-full,184,6-14-20,3,False
S06,S06,1129,1129,L1-full,185,11-18-21,3,False
S06,S06,1129,1129,L1-full,186,11-12-29,3,False
S06,S06,1129,1129,L1-full,187,19-25-27,3,False
S06,S06,1129,1129,L1-full,188,4-20-21,3,False
S06,S06,1129,1129,L1-full,189,17-26-30,3,False
S06,S06,1129,1129,L1-full,190,0-5-17,3,False
S06,S06,1129,1129,L1-full,191,10-20-23,3,False
S06,S06,1129,1129,L1-full,192,8-9-26,3,False
S06,S06,1129,1129,L1-full,193,8-20-24,3,False
S06,S06,1129,1129,L1-top8,1,0-1,2,True
S06,S06,1129,1129,L1-top8,2,2-3,2,True
S06,S06,1129,1129,L1-top8,3,4-5-6,3,True
S06,S06,1129,1129,L1-top8,4,7-8-9,3,True
S06,S06,1129,1129,L1-top8,5,9-11-31,3,False
S06,S06,1129,1129,L1-top8,6,4-15-24,3,False
S06,S06,1129,1129,L1-top8,7,7-13,2,False
S06,S06,1129,1129,L1-top8,8,1-12-27,3,False
S06,S06,1129,1129,L1-match,1,0-1,2,True
S06,S06,1129,1129,L1-match,2,2-3,2,True
S06,S06,1129,1129,L1-match,3,4-5-6,3,True
S06,S06,1129,1129,L1-match,4,7-8-9,3,True
S06,S06,1129,1129,SHIL-k8,1,0-1,2,True
S06,S06,1129,1129,SHIL-k8,2,2-3,2,True
S06,S06,1129,1129,SHIL-k8,3,7-8-9,3,True
S06,S06,1129,1129,SHIL-k8,4,4-5-6,3,True
S06,S06,1129,1129,SHIL-k8,5,0-18-21,3,False
S06,S06,1129,1129,SHIL-k8,6,0-8-20,3,False
S06,S06,1129,1129,SHIL-k8,7,2-10-15,3,False
S06,S06,1129,1129,SHIL-k8,8,14-18-24,3,False
S06,S06,1129,1129,SC-L1,1,0-1,2,True
S06,S06,1129,1129,SC-L1,2,2-3,2,True
S06,S06,1129,1129,SC-L1,3,4-5-6,3,True
S06,S06,1129,1129,SC-L1,4,7-8-9,3,True
S06,S06,1129,1129,SC-SHIL,1,0-1,2,True
S06,S06,1129,1129,SC-SHIL,2,2-3,2,True
S06,S06,1129,1129,SC-SHIL,3,4-5-6,3,True
S06,S06,1129,1129,SC-SHIL,4,7-8-9,3,True
S06,S06,1151,1151,L1-full,1,0-1,2,True
S06,S06,1151,1151,L1-full,2,4-5-6,3,True
S06,S06,1151,1151,L1-full,3,2-3,2,True
S06,S06,1151,1151,L1-full,4,7-8-9,3,True
S06,S06,1151,1151,L1-full,5,10-20-29,3,False
S06,S06,1151,1151,L1-full,6,4-6-11,3,False
S06,S06,1151,1151,L1-full,7,16-18,2,False
S06,S06,1151,1151,L1-full,8,15-23-29,3,False
S06,S06,1151,1151,L1-full,9,1-5-11,3,False
S06,S06,1151,1151,L1-full,10,21-23-26,3,False
S06,S06,1151,1151,L1-full,11,14-23-30,3,False
S06,S06,1151,1151,L1-full,12,22-27-30,3,False
S06,S06,1151,1151,L1-full,13,8-10-27,3,False
S06,S06,1151,1151,L1-full,14,7-16-29,3,False
S06,S06,1151,1151,L1-full,15,12-15-30,3,False
S06,S06,1151,1151,L1-full,16,5-12-17,3,False
S06,S06,1151,1151,L1-full,17,6-15-28,3,False
S06,S06,1151,1151,L1-full,18,24-27-30,3,False
S06,S06,1151,1151,L1-full,19,7-24-28,3,False
S06,S06,1151,1151,L1-full,20,12-23-25,3,False
S06,S06,1151,1151,L1-full,21,21-23-30,3,False
S06,S06,1151,1151,L1-full,22,7-22-28,3,False
S06,S06,1151,1151,L1-full,23,20-27,2,False
S06,S06,1151,1151,L1-full,24,20-22-24,3,False
S06,S06,1151,1151,L1-full,25,4-10-28,3,False
S06,S06,1151,1151,L1-full,26,6-13-30,3,False
S06,S06,1151,1151,L1-full,27,10-21-23,3,False
S06,S06,1151,1151,L1-full,28,12-13-27,3,False
S06,S06,1151,1151,L1-full,29,9-13-30,3,False
S06,S06,1151,1151,L1-full,30,15-28-30,3,False
S06,S06,1151,1151,L1-full,31,2-15-17,3,False
S06,S06,1151,1151,L1-full,32,12-13-23,3,False
S06,S06,1151,1151,L1-full,33,3-13-20,3,False
S06,S06,1151,1151,L1-full,34,15-24-26,3,False
S06,S06,1151,1151,L1-full,35,13-15-28,3,False
S06,S06,1151,1151,L1-full,36,12-29-30,3,False
S06,S06,1151,1151,L1-full,37,15-17,2,False
S06,S06,1151,1151,L1-full,38,11-19-21,3,False
S06,S06,1151,1151,L1-full,39,4-22,2,False
S06,S06,1151,1151,L1-full,40,11-18-31,3,False
S06,S06,1151,1151,L1-full,41,10-12-28,3,False
S06,S06,1151,1151,L1-full,42,21-27-29,3,False
S06,S06,1151,1151,L1-full,43,2-16-23,3,False
S06,S06,1151,1151,L1-full,44,17-21-23,3,False
S06,S06,1151,1151,L1-full,45,18-30,2,False
S06,S06,1151,1151,L1-full,46,4-27-30,3,False
S06,S06,1151,1151,L1-full,47,1-18-22,3,False
S06,S06,1151,1151,L1-full,48,8-15-29,3,False
S06,S06,1151,1151,L1-full,49,7-18-28,3,False
S06,S06,1151,1151,L1-full,50,11-16-31,3,False
S06,S06,1151,1151,L1-full,51,6-20-29,3,False
S06,S06,1151,1151,L1-full,52,6-16-27,3,False
S06,S06,1151,1151,L1-full,53,12-18-20,3,False
S06,S06,1151,1151,L1-full,54,11-19-26,3,False
S06,S06,1151,1151,L1-full,55,21-23-28,3,False
S06,S06,1151,1151,L1-full,56,9-10-20,3,False
S06,S06,1151,1151,L1-full,57,3-6-13,3,False
S06,S06,1151,1151,L1-full,58,0-13-26,3,False
S06,S06,1151,1151,L1-full,59,20-25-28,3,False
S06,S06,1151,1151,L1-full,60,13-18-31,3,False
S06,S06,1151,1151,L1-full,61,3-13-28,3,False
S06,S06,1151,1151,L1-full,62,7-16-30,3,False
S06,S06,1151,1151,L1-full,63,4-18-24,3,False
S06,S06,1151,1151,L1-full,64,8-20-30,3,False
S06,S06,1151,1151,L1-full,65,14-16-22,3,False
S06,S06,1151,1151,L1-full,66,18-20-26,3,False
S06,S06,1151,1151,L1-full,67,14-21-22,3,False
S06,S06,1151,1151,L1-full,68,20-22-29,3,False
S06,S06,1151,1151,L1-full,69,3-10-19,3,False
S06,S06,1151,1151,L1-full,70,4-6,2,False
S06,S06,1151,1151,L1-full,71,10-12-13,3,False
S06,S06,1151,1151,L1-full,72,0-4-5,3,False
S06,S06,1151,1151,L1-full,73,2-12-29,3,False
S06,S06,1151,1151,L1-full,74,12-26,2,False
S06,S06,1151,1151,L1-full,75,1-6-20,3,False
S06,S06,1151,1151,L1-full,76,3-28-30,3,False
S06,S06,1151,1151,L1-full,77,1-17-23,3,False
S06,S06,1151,1151,L1-full,78,3-10-21,3,False
S06,S06,1151,1151,L1-full,79,3-7-31,3,False
S06,S06,1151,1151,L1-full,80,1-19-29,3,False
S06,S06,1151,1151,L1-full,81,16-18-28,3,False
S06,S06,1151,1151,L1-full,82,14-23,2,False
S06,S06,1151,1151,L1-full,83,2-11-17,3,False
S06,S06,1151,1151,L1-full,84,0-10-24,3,False
S06,S06,1151,1151,L1-full,85,19-24-25,3,False
S06,S06,1151,1151,L1-full,86,15-20-21,3,False
S06,S06,1151,1151,L1-full,87,6-19-27,3,False
S06,S06,1151,1151,L1-full,88,10-17-28,3,False
S06,S06,1151,1151,L1-full,89,26-28-30,3,False
S06,S06,1151,1151,L1-full,90,8-23-30,3,False
S06,S06,1151,1151,L1-full,91,11-28-30,3,False
S06,S06,1151,1151,L1-full,92,5-24-27,3,False
S06,S06,1151,1151,L1-full,93,12-16-18,3,False
S06,S06,1151,1151,L1-full,94,0-10-13,3,False
S06,S06,1151,1151,L1-full,95,12-16-20,3,False
S06,S06,1151,1151,L1-full,96,9-28-29,3,False
S06,S06,1151,1151,L1-full,97,2-11-13,3,False
S06,S06,1151,1151,L1-full,98,18-19-22,3,False
S06,S06,1151,1151,L1-full,99,8-9-28,3,False
S06,S06,1151,1151,L1-full,100,7-20-29,3,False
S06,S06,1151,1151,L1-full,101,1-17-31,3,False
S06,S06,1151,1151,L1-full,102,5-9-15,3,False
S06,S06,1151,1151,L1-full,103,23-30-31,3,False
S06,S06,1151,1151,L1-full,104,3-5-7,3,False
S06,S06,1151,1151,L1-full,105,23-26-30,3,False
S06,S06,1151,1151,L1-full,106,3-25-30,3,False
S06,S06,1151,1151,L1-full,107,3-6-12,3,False
S06,S06,1151,1151,L1-full,108,2-22-31,3,False
S06,S06,1151,1151,L1-full,109,20-24-31,3,False
S06,S06,1151,1151,L1-full,110,1-6,2,False
S06,S06,1151,1151,L1-full,111,16-21-23,3,False
S06,S06,1151,1151,L1-full,112,7-25-30,3,False
S06,S06,1151,1151,L1-full,113,6-13-31,3,False
S06,S06,1151,1151,L1-full,114,0-11-15,3,False
S06,S06,1151,1151,L1-full,115,9-16-30,3,False
S06,S06,1151,1151,L1-full,116,10-27-30,3,False
S06,S06,1151,1151,L1-full,117,10-23-27,3,False
S06,S06,1151,1151,L1-full,118,1-13-31,3,False
S06,S06,1151,1151,L1-full,119,10-17-21,3,False
S06,S06,1151,1151,L1-full,120,27-28,2,False
S06,S06,1151,1151,L1-full,121,4-11-18,3,False
S06,S06,1151,1151,L1-full,122,23-25-31,3,False
S06,S06,1151,1151,L1-full,123,15-19-24,3,False
S06,S06,1151,1151,L1-full,124,3-10-28,3,False
S06,S06,1151,1151,L1-full,125,1-7-14,3,False
S06,S06,1151,1151,L1-full,126,21-22-31,3,False
S06,S06,1151,1151,L1-full,127,14-15-26,3,False
S06,S06,1151,1151,L1-full,128,5-22-31,3,False
S06,S06,1151,1151,L1-full,129,4-15-22,3,False
S06,S06,1151,1151,L1-full,130,1-8-26,3,False
S06,S06,1151,1151,L1-full,131,8-9-11,3,False
S06,S06,1151,1151,L1-full,132,8-10-13,3,False
S06,S06,1151,1151,L1-full,133,16-25,2,False
S06,S06,1151,1151,L1-full,134,17-24-29,3,False
S06,S06,1151,1151,L1-full,135,6-13,2,False
S06,S06,1151,1151,L1-full,136,2-10-19,3,False
S06,S06,1151,1151,L1-full,137,17-18-20,3,False
S06,S06,1151,1151,L1-full,138,10-18-28,3,False
S06,S06,1151,1151,L1-full,139,14-23-28,3,False
S06,S06,1151,1151,L1-full,140,8-23,2,False
S06,S06,1151,1151,L1-full,141,20-27-29,3,False
S06,S06,1151,1151,L1-full,142,1-12-16,3,False
S06,S06,1151,1151,L1-full,143,11-16-18,3,False
S06,S06,1151,1151,L1-full,144,5-24-26,3,False
S06,S06,1151,1151,L1-full,145,3-11-14,3,False
S06,S06,1151,1151,L1-full,146,15-25-28,3,False
S06,S06,1151,1151,L1-full,147,8-19-21,3,False
S06,S06,1151,1151,L1-full,148,13-15-16,3,False
S06,S06,1151,1151,L1-full,149,12-23-29,3,False
S06,S06,1151,1151,L1-full,150,1-15-28,3,False
S06,S06,1151,1151,L1-full,151,6-9-31,3,False
S06,S06,1151,1151,L1-full,152,10-13-17,3,False
S06,S06,1151,1151,L1-full,153,24-28-30,3,False
S06,S06,1151,1151,L1-full,154,10-27,2,False
S06,S06,1151,1151,L1-full,155,7-25,2,False
S06,S06,1151,1151,L1-full,156,14-19-22,3,False
S06,S06,1151,1151,L1-full,157,11-21-24,3,False
S06,S06,1151,1151,L1-full,158,15-16-25,3,False
S06,S06,1151,1151,L1-full,159,18-28-30,3,False
S06,S06,1151,1151,L1-full,160,3-5-16,3,False
S06,S06,1151,1151,L1-full,161,4-23-31,3,False
S06,S06,1151,1151,L1-full,162,2-26-27,3,False
S06,S06,1151,1151,L1-full,163,11-20-25,3,False
S06,S06,1151,1151,L1-full,164,1-3-5,3,False
S06,S06,1151,1151,L1-full,165,2-11-20,3,False
S06,S06,1151,1151,L1-full,166,21-27,2,False
S06,S06,1151,1151,L1-full,167,0-3-24,3,False
S06,S06,1151,1151,L1-full,168,11-12-21,3,False
S06,S06,1151,1151,L1-full,169,14-24-27,3,False
S06,S06,1151,1151,L1-full,170,26-27-29,3,False
S06,S06,1151,1151,L1-full,171,17-23-29,3,False
S06,S06,1151,1151,L1-full,172,16-28,2,False
S06,S06,1151,1151,L1-full,173,5-23-25,3,False
S06,S06,1151,1151,L1-full,174,8-20-21,3,False
S06,S06,1151,1151,L1-full,175,17-29-30,3,False
S06,S06,1151,1151,L1-full,176,24-26-31,3,False
S06,S06,1151,1151,L1-full,177,0-22-24,3,False
S06,S06,1151,1151,L1-full,178,9-18-19,3,False
S06,S06,1151,1151,L1-full,179,8-21-30,3,False
S06,S06,1151,1151,L1-full,180,3-13-19,3,False
S06,S06,1151,1151,L1-full,181,0-6,2,False
S06,S06,1151,1151,L1-full,182,15-17-29,3,False
S06,S06,1151,1151,L1-full,183,10-20-23,3,False
S06,S06,1151,1151,L1-full,184,6-13-15,3,False
S06,S06,1151,1151,L1-full,185,8-16-22,3,False
S06,S06,1151,1151,L1-full,186,17-19-21,3,False
S06,S06,1151,1151,L1-full,187,5-14-22,3,False
S06,S06,1151,1151,L1-top8,1,0-1,2,True
S06,S06,1151,1151,L1-top8,2,4-5-6,3,True
S06,S06,1151,1151,L1-top8,3,2-3,2,True
S06,S06,1151,1151,L1-top8,4,7-8-9,3,True
S06,S06,1151,1151,L1-top8,5,10-20-29,3,False
S06,S06,1151,1151,L1-top8,6,4-6-11,3,False
S06,S06,1151,1151,L1-top8,7,16-18,2,False
S06,S06,1151,1151,L1-top8,8,15-23-29,3,False
S06,S06,1151,1151,L1-match,1,0-1,2,True
S06,S06,1151,1151,L1-match,2,4-5-6,3,True
S06,S06,1151,1151,L1-match,3,2-3,2,True
S06,S06,1151,1151,L1-match,4,7-8-9,3,True
S06,S06,1151,1151,SHIL-k8,1,0-1,2,True
S06,S06,1151,1151,SHIL-k8,2,2-3,2,True
S06,S06,1151,1151,SHIL-k8,3,7-8-9,3,True
S06,S06,1151,1151,SHIL-k8,4,4-5-6,3,True
S06,S06,1151,1151,SHIL-k8,5,9-13-18,3,False
S06,S06,1151,1151,SHIL-k8,6,2-5,2,False
S06,S06,1151,1151,SHIL-k8,7,17-22-31,3,False
S06,S06,1151,1151,SHIL-k8,8,22-24-30,3,False
S06,S06,1151,1151,SC-L1,1,0-1,2,True
S06,S06,1151,1151,SC-L1,2,2-3,2,True
S06,S06,1151,1151,SC-L1,3,4-5-6,3,True
S06,S06,1151,1151,SC-L1,4,7-8-9,3,True
S06,S06,1151,1151,SC-SHIL,1,0-1,2,True
S06,S06,1151,1151,SC-SHIL,2,2-3,2,True
S06,S06,1151,1151,SC-SHIL,3,4-5-6,3,True
S06,S06,1151,1151,SC-SHIL,4,7-8-9,3,True
S06,S06,1171,1171,L1-full,1,0-1,2,True
S06,S06,1171,1171,L1-full,2,4-5-6,3,True
S06,S06,1171,1171,L1-full,3,2-3,2,True
S06,S06,1171,1171,L1-full,4,7-8-9,3,True
S06,S06,1171,1171,L1-full,5,11-16,2,False
S06,S06,1171,1171,L1-full,6,4-15-20,3,False
S06,S06,1171,1171,L1-full,7,0-24-31,3,False
S06,S06,1171,1171,L1-full,8,2-20-26,3,False
S06,S06,1171,1171,L1-full,9,4-12-31,3,False
S06,S06,1171,1171,L1-full,10,11-17-28,3,False
S06,S06,1171,1171,L1-full,11,7-14-21,3,False
S06,S06,1171,1171,L1-full,12,7-22-25,3,False
S06,S06,1171,1171,L1-full,13,8-10-25,3,False
S06,S06,1171,1171,L1-full,14,10-25,2,False
S06,S06,1171,1171,L1-full,15,13-14-17,3,False
S06,S06,1171,1171,L1-full,16,18-23-31,3,False
S06,S06,1171,1171,L1-full,17,11-21-27,3,False
S06,S06,1171,1171,L1-full,18,5-28,2,False
S06,S06,1171,1171,L1-full,19,9-10-23,3,False
S06,S06,1171,1171,L1-full,20,15-26-27,3,False
S06,S06,1171,1171,L1-full,21,3-25,2,False
S06,S06,1171,1171,L1-full,22,11-16-29,3,False
S06,S06,1171,1171,L1-full,23,20-26-31,3,False
S06,S06,1171,1171,L1-full,24,5-15-17,3,False
S06,S06,1171,1171,L1-full,25,14-20-24,3,False
S06,S06,1171,1171,L1-full,26,3-24-28,3,False
S06,S06,1171,1171,L1-full,27,17-28-29,3,False
S06,S06,1171,1171,L1-full,28,17-19-22,3,False
S06,S06,1171,1171,L1-full,29,12-21-24,3,False
S06,S06,1171,1171,L1-full,30,16-23-25,3,False
S06,S06,1171,1171,L1-full,31,13-15-16,3,False
S06,S06,1171,1171,L1-full,32,4-21-29,3,False
S06,S06,1171,1171,L1-full,33,4-7-26,3,False
S06,S06,1171,1171,L1-full,34,6-20-29,3,False
S06,S06,1171,1171,L1-full,35,10-19-29,3,False
S06,S06,1171,1171,L1-full,36,23-27,2,False
S06,S06,1171,1171,L1-full,37,2-11-26,3,False
S06,S06,1171,1171,L1-full,38,14-24,2,False
S06,S06,1171,1171,L1-full,39,2-15-24,3,False
S06,S06,1171,1171,L1-full,40,10-11-17,3,False
S06,S06,1171,1171,L1-full,41,5-20-24,3,False
S06,S06,1171,1171,L1-full,42,9-18-31,3,False
S06,S06,1171,1171,L1-full,43,10-11-26,3,False
S06,S06,1171,1171,L1-full,44,5-9-23,3,False
S06,S06,1171,1171,L1-full,45,12-19-25,3,False
S06,S06,1171,1171,L1-full,46,19-21-31,3,False
S06,S06,1171,1171,L1-full,47,10-15-19,3,False
S06,S06,1171,1171,L1-full,48,0-16-30,3,False
S06,S06,1171,1171,L1-full,49,4-14-23,3,False
S06,S06,1171,1171,L1-full,50,19-29,2,False
S06,S06,1171,1171,L1-full,51,10-22-30,3,False
S06,S06,1171,1171,L1-full,52,13-22,2,False
S06,S06,1171,1171,L1-full,53,25-29-31,3,False
S06,S06,1171,1171,L1-full,54,9-12-15,3,False
S06,S06,1171,1171,L1-full,55,4-12-17,3,False
S06,S06,1171,1171,L1-full,56,6-20-21,3,False
S06,S06,1171,1171,L1-full,57,0-5-21,3,False
S06,S06,1171,1171,L1-full,58,22-24,2,False
S06,S06,1171,1171,L1-full,59,14-15-25,3,False
S06,S06,1171,1171,L1-full,60,13-21-25,3,False
S06,S06,1171,1171,L1-full,61,1-5-12,3,False
S06,S06,1171,1171,L1-full,62,12-22-23,3,False
S06,S06,1171,1171,L1-full,63,23-26-27,3,False
S06,S06,1171,1171,L1-full,64,12-15-25,3,False
S06,S06,1171,1171,L1-full,65,15-24-27,3,False
S06,S06,1171,1171,L1-full,66,12-18-27,3,False
S06,S06,1171,1171,L1-full,67,3-7-17,3,False
S06,S06,1171,1171,L1-full,68,6-20-28,3,False
S06,S06,1171,1171,L1-full,69,4-14,2,False
S06,S06,1171,1171,L1-full,70,25-26-27,3,False
S06,S06,1171,1171,L1-full,71,14-26-28,3,False
S06,S06,1171,1171,L1-full,72,1-16-30,3,False
S06,S06,1171,1171,L1-full,73,5-12-31,3,False
S06,S06,1171,1171,L1-full,74,15-17-21,3,False
S06,S06,1171,1171,L1-full,75,8-22-26,3,False
S06,S06,1171,1171,L1-full,76,20-27-29,3,False
S06,S06,1171,1171,L1-full,77,7-30,2,False
S06,S06,1171,1171,L1-full,78,1-16,2,False
S06,S06,1171,1171,L1-full,79,15-24-25,3,False
S06,S06,1171,1171,L1-full,80,7-17-21,3,False
S06,S06,1171,1171,L1-full,81,26-29-30,3,False
S06,S06,1171,1171,L1-full,82,20-26-27,3,False
S06,S06,1171,1171,L1-full,83,2-19-29,3,False
S06,S06,1171,1171,L1-full,84,5-7-8,3,False
S06,S06,1171,1171,L1-full,85,13-17-31,3,False
S06,S06,1171,1171,L1-full,86,10-20-26,3,False
S06,S06,1171,1171,L1-full,87,9-27-28,3,False
S06,S06,1171,1171,L1-full,88,17-24-31,3,False
S06,S06,1171,1171,L1-full,89,9-10-22,3,False
S06,S06,1171,1171,L1-full,90,6-30-31,3,False
S06,S06,1171,1171,L1-full,91,24-27,2,False
S06,S06,1171,1171,L1-full,92,12-19-20,3,False
S06,S06,1171,1171,L1-full,93,13-20,2,False
S06,S06,1171,1171,L1-full,94,11-17,2,False
S06,S06,1171,1171,L1-full,95,6-20-31,3,False
S06,S06,1171,1171,L1-full,96,12-13-25,3,False
S06,S06,1171,1171,L1-full,97,7-14-19,3,False
S06,S06,1171,1171,L1-full,98,7-10-31,3,False
S06,S06,1171,1171,L1-full,99,2-16-25,3,False
S06,S06,1171,1171,L1-full,100,4-11-19,3,False
S06,S06,1171,1171,L1-full,101,23-24-26,3,False
S06,S06,1171,1171,L1-full,102,30-31,2,False
S06,S06,1171,1171,L1-full,103,18-20-30,3,False
S06,S06,1171,1171,L1-full,104,2-20-31,3,False
S06,S06,1171,1171,L1-full,105,2-8-12,3,False
S06,S06,1171,1171,L1-full,106,6-8-30,3,False
S06,S06,1171,1171,L1-full,107,3-13-14,3,False
S06,S06,1171,1171,L1-full,108,7-15-21,3,False
S06,S06,1171,1171,L1-full,109,4-10-17,3,False
S06,S06,1171,1171,L1-full,110,4-22-24,3,False
S06,S06,1171,1171,L1-full,111,2-7-17,3,False
S06,S06,1171,1171,L1-full,112,18-26-30,3,False
S06,S06,1171,1171,L1-full,113,7-15,2,False
S06,S06,1171,1171,L1-full,114,15-20-30,3,False
S06,S06,1171,1171,L1-full,115,9-29,2,False
S06,S06,1171,1171,L1-full,116,2-5-17,3,False
S06,S06,1171,1171,L1-full,117,13-23-27,3,False
S06,S06,1171,1171,L1-full,118,3-12-27,3,False
S06,S06,1171,1171,L1-full,119,5-9-20,3,False
S06,S06,1171,1171,L1-full,120,2-14-25,3,False
S06,S06,1171,1171,L1-full,121,17-27,2,False
S06,S06,1171,1171,L1-full,122,9-11-26,3,False
S06,S06,1171,1171,L1-full,123,9-20-23,3,False
S06,S06,1171,1171,L1-full,124,10-18-30,3,False
S06,S06,1171,1171,L1-full,125,13-19-20,3,False
S06,S06,1171,1171,L1-full,126,19-21-28,3,False
S06,S06,1171,1171,L1-full,127,9-11-27,3,False
S06,S06,1171,1171,L1-full,128,9-25-26,3,False
S06,S06,1171,1171,L1-full,129,19-27-28,3,False
S06,S06,1171,1171,L1-full,130,12-27-30,3,False
S06,S06,1171,1171,L1-full,131,13-17-25,3,False
S06,S06,1171,1171,L1-full,132,17-19-31,3,False
S06,S06,1171,1171,L1-full,133,8-23-31,3,False
S06,S06,1171,1171,L1-full,134,21-29-30,3,False
S06,S06,1171,1171,L1-full,135,17-25-31,3,False
S06,S06,1171,1171,L1-full,136,18-25-29,3,False
S06,S06,1171,1171,L1-full,137,2-14-30,3,False
S06,S06,1171,1171,L1-full,138,4-7-28,3,False
S06,S06,1171,1171,L1-full,139,3-26-27,3,False
S06,S06,1171,1171,L1-full,140,9-22-30,3,False
S06,S06,1171,1171,L1-full,141,16-17,2,False
S06,S06,1171,1171,L1-full,142,1-12,2,False
S06,S06,1171,1171,L1-full,143,4-7-25,3,False
S06,S06,1171,1171,L1-full,144,18-19-28,3,False
S06,S06,1171,1171,L1-full,145,5-14-22,3,False
S06,S06,1171,1171,L1-full,146,8-27-31,3,False
S06,S06,1171,1171,L1-full,147,13-22-29,3,False
S06,S06,1171,1171,L1-full,148,4-9-28,3,False
S06,S06,1171,1171,L1-full,149,5-15-24,3,False
S06,S06,1171,1171,L1-full,150,13-24-28,3,False
S06,S06,1171,1171,L1-full,151,22-23-30,3,False
S06,S06,1171,1171,L1-full,152,3-15-19,3,False
S06,S06,1171,1171,L1-full,153,8-27,2,False
S06,S06,1171,1171,L1-full,154,7-10-12,3,False
S06,S06,1171,1171,L1-full,155,5-9-27,3,False
S06,S06,1171,1171,L1-full,156,3-10,2,False
S06,S06,1171,1171,L1-full,157,20-22-25,3,False
S06,S06,1171,1171,L1-full,158,1-7-25,3,False
S06,S06,1171,1171,L1-full,159,4-5-31,3,False
S06,S06,1171,1171,L1-full,160,1-13-24,3,False
S06,S06,1171,1171,L1-full,161,20-21-27,3,False
S06,S06,1171,1171,L1-full,162,10-19-26,3,False
S06,S06,1171,1171,L1-full,163,6-18-28,3,False
S06,S06,1171,1171,L1-full,164,6-27-28,3,False
S06,S06,1171,1171,L1-full,165,13-16-30,3,False
S06,S06,1171,1171,L1-full,166,16-26-31,3,False
S06,S06,1171,1171,L1-full,167,10-21-30,3,False
S06,S06,1171,1171,L1-full,168,26-27-29,3,False
S06,S06,1171,1171,L1-full,169,0-22-26,3,False
S06,S06,1171,1171,L1-full,170,13-20-28,3,False
S06,S06,1171,1171,L1-full,171,0-20-27,3,False
S06,S06,1171,1171,L1-full,172,19-22-29,3,False
S06,S06,1171,1171,L1-full,173,10-17-24,3,False
S06,S06,1171,1171,L1-full,174,13-16-18,3,False
S06,S06,1171,1171,L1-full,175,3-10-20,3,False
S06,S06,1171,1171,L1-full,176,2-5-28,3,False
S06,S06,1171,1171,L1-full,177,17-24-25,3,False
S06,S06,1171,1171,L1-full,178,16-17-22,3,False
S06,S06,1171,1171,L1-full,179,3-5-15,3,False
S06,S06,1171,1171,L1-full,180,5-7-10,3,False
S06,S06,1171,1171,L1-full,181,16-20-27,3,False
S06,S06,1171,1171,L1-full,182,2-14-21,3,False
S06,S06,1171,1171,L1-full,183,22-26-28,3,False
S06,S06,1171,1171,L1-full,184,21-23-31,3,False
S06,S06,1171,1171,L1-full,185,24-27-29,3,False
S06,S06,1171,1171,L1-full,186,22-27-29,3,False
S06,S06,1171,1171,L1-full,187,10-17-26,3,False
S06,S06,1171,1171,L1-full,188,10-12-17,3,False
S06,S06,1171,1171,L1-full,189,14-17-30,3,False
S06,S06,1171,1171,L1-full,190,18-20-22,3,False
S06,S06,1171,1171,L1-full,191,13-19-26,3,False
S06,S06,1171,1171,L1-full,192,9-11-19,3,False
S06,S06,1171,1171,L1-full,193,14-27-31,3,False
S06,S06,1171,1171,L1-full,194,15-19-31,3,False
S06,S06,1171,1171,L1-full,195,5-14-16,3,False
S06,S06,1171,1171,L1-full,196,6-7-10,3,False
S06,S06,1171,1171,L1-full,197,8-15-23,3,False
S06,S06,1171,1171,L1-full,198,7-11-30,3,False
S06,S06,1171,1171,L1-full,199,14-16-20,3,False
S06,S06,1171,1171,L1-top8,1,0-1,2,True
S06,S06,1171,1171,L1-top8,2,4-5-6,3,True
S06,S06,1171,1171,L1-top8,3,2-3,2,True
S06,S06,1171,1171,L1-top8,4,7-8-9,3,True
S06,S06,1171,1171,L1-top8,5,11-16,2,False
S06,S06,1171,1171,L1-top8,6,4-15-20,3,False
S06,S06,1171,1171,L1-top8,7,0-24-31,3,False
S06,S06,1171,1171,L1-top8,8,2-20-26,3,False
S06,S06,1171,1171,L1-match,1,0-1,2,True
S06,S06,1171,1171,L1-match,2,4-5-6,3,True
S06,S06,1171,1171,L1-match,3,2-3,2,True
S06,S06,1171,1171,L1-match,4,7-8-9,3,True
S06,S06,1171,1171,SHIL-k8,1,0-1,2,True
S06,S06,1171,1171,SHIL-k8,2,2-3,2,True
S06,S06,1171,1171,SHIL-k8,3,4-5-6,3,True
S06,S06,1171,1171,SHIL-k8,4,7-8-9,3,True
S06,S06,1171,1171,SHIL-k8,5,2-23-24,3,False
S06,S06,1171,1171,SHIL-k8,6,6-30-31,3,False
S06,S06,1171,1171,SHIL-k8,7,22-24-27,3,False
S06,S06,1171,1171,SHIL-k8,8,21-25,2,False
S06,S06,1171,1171,SC-L1,1,0-1,2,True
S06,S06,1171,1171,SC-L1,2,2-3,2,True
S06,S06,1171,1171,SC-L1,3,4-5-6,3,True
S06,S06,1171,1171,SC-L1,4,7-8-9,3,True
S06,S06,1171,1171,SC-SHIL,1,0-1,2,True
S06,S06,1171,1171,SC-SHIL,2,2-3,2,True
S06,S06,1171,1171,SC-SHIL,3,4-5-6,3,True
S06,S06,1171,1171,SC-SHIL,4,7-8-9,3,True
S06,S06,1181,1181,L1-full,1,0-1,2,True
S06,S06,1181,1181,L1-full,2,2-3,2,True
S06,S06,1181,1181,L1-full,3,4-5-6,3,True
S06,S06,1181,1181,L1-full,4,7-8-9,3,True
S06,S06,1181,1181,L1-full,5,7-16-20,3,False
S06,S06,1181,1181,L1-full,6,10-15-20,3,False
S06,S06,1181,1181,L1-full,7,8-16-28,3,False
S06,S06,1181,1181,L1-full,8,3-19-20,3,False
S06,S06,1181,1181,L1-full,9,4-13-17,3,False
S06,S06,1181,1181,L1-full,10,19-27-30,3,False
S06,S06,1181,1181,L1-full,11,3-9,2,False
S06,S06,1181,1181,L1-full,12,4-9-24,3,False
S06,S06,1181,1181,L1-full,13,10-12-17,3,False
S06,S06,1181,1181,L1-full,14,11-30,2,False
S06,S06,1181,1181,L1-full,15,12-13-25,3,False
S06,S06,1181,1181,L1-full,16,14-16-30,3,False
S06,S06,1181,1181,L1-full,17,2-14-24,3,False
S06,S06,1181,1181,L1-full,18,10-22-30,3,False
S06,S06,1181,1181,L1-full,19,4-11-22,3,False
S06,S06,1181,1181,L1-full,20,2-17-27,3,False
S06,S06,1181,1181,L1-full,21,9-27-31,3,False
S06,S06,1181,1181,L1-full,22,26-27,2,False
S06,S06,1181,1181,L1-full,23,14-18-21,3,False
S06,S06,1181,1181,L1-full,24,6-12-23,3,False
S06,S06,1181,1181,L1-full,25,3-4-11,3,False
S06,S06,1181,1181,L1-full,26,9-21-26,3,False
S06,S06,1181,1181,L1-full,27,12-19-21,3,False
S06,S06,1181,1181,L1-full,28,12-17-30,3,False
S06,S06,1181,1181,L1-full,29,11-13-22,3,False
S06,S06,1181,1181,L1-full,30,10-14-16,3,False
S06,S06,1181,1181,L1-full,31,8-28,2,False
S06,S06,1181,1181,L1-full,32,6-20-27,3,False
S06,S06,1181,1181,L1-full,33,5-9-19,3,False
S06,S06,1181,1181,L1-full,34,11-13-21,3,False
S06,S06,1181,1181,L1-full,35,5-9-10,3,False
S06,S06,1181,1181,L1-full,36,10-16-22,3,False
S06,S06,1181,1181,L1-full,37,7-18-25,3,False
S06,S06,1181,1181,L1-full,38,3-10-14,3,False
S06,S06,1181,1181,L1-full,39,12-17-29,3,False
S06,S06,1181,1181,L1-full,40,5-9-27,3,False
S06,S06,1181,1181,L1-full,41,20-23,2,False
S06,S06,1181,1181,L1-full,42,13-14-19,3,False
S06,S06,1181,1181,L1-full,43,11-25-30,3,False
S06,S06,1181,1181,L1-full,44,17-26-30,3,False
S06,S06,1181,1181,L1-full,45,5-17-26,3,False
S06,S06,1181,1181,L1-full,46,15-17-27,3,False
S06,S06,1181,1181,L1-full,47,8-25-26,3,False
S06,S06,1181,1181,L1-full,48,5-10-25,3,False
S06,S06,1181,1181,L1-full,49,4-20-31,3,False
S06,S06,1181,1181,L1-full,50,12-18-27,3,False
S06,S06,1181,1181,L1-full,51,7-18-21,3,False
S06,S06,1181,1181,L1-full,52,1-3-12,3,False
S06,S06,1181,1181,L1-full,53,4-12-15,3,False
S06,S06,1181,1181,L1-full,54,16-27-29,3,False
S06,S06,1181,1181,L1-full,55,16-23-26,3,False
S06,S06,1181,1181,L1-full,56,21-25-29,3,False
S06,S06,1181,1181,L1-full,57,2-27,2,False
S06,S06,1181,1181,L1-full,58,18-22-24,3,False
S06,S06,1181,1181,L1-full,59,4-21-28,3,False
S06,S06,1181,1181,L1-full,60,1-13-18,3,False
S06,S06,1181,1181,L1-full,61,15-25-27,3,False
S06,S06,1181,1181,L1-full,62,17-25-30,3,False
S06,S06,1181,1181,L1-full,63,16-25-30,3,False
S06,S06,1181,1181,L1-full,64,9-15-28,3,False
S06,S06,1181,1181,L1-full,65,24-28-30,3,False
S06,S06,1181,1181,L1-full,66,19-20,2,False
S06,S06,1181,1181,L1-full,67,6-10,2,False
S06,S06,1181,1181,L1-full,68,7-27-29,3,False
S06,S06,1181,1181,L1-full,69,18-19-20,3,False
S06,S06,1181,1181,L1-full,70,9-26-27,3,False
S06,S06,1181,1181,L1-full,71,20-21-24,3,False
S06,S06,1181,1181,L1-full,72,12-13-21,3,False
S06,S06,1181,1181,L1-full,73,9-17,2,False
S06,S06,1181,1181,L1-full,74,13-14,2,False
S06,S06,1181,1181,L1-full,75,12-23-30,3,False
S06,S06,1181,1181,L1-full,76,16-19-21,3,False
S06,S06,1181,1181,L1-full,77,24-26-29,3,False
S06,S06,1181,1181,L1-full,78,12-19,2,False
S06,S06,1181,1181,L1-full,79,3-7-25,3,False
S06,S06,1181,1181,L1-full,80,21-23-30,3,False
S06,S06,1181,1181,L1-full,81,17-22-28,3,False
S06,S06,1181,1181,L1-full,82,3-21,2,False
S06,S06,1181,1181,L1-full,83,1-2-8,3,False
S06,S06,1181,1181,L1-full,84,6-11-25,3,False
S06,S06,1181,1181,L1-full,85,2-6-17,3,False
S06,S06,1181,1181,L1-full,86,11-13-31,3,False
S06,S06,1181,1181,L1-full,87,9-25-28,3,False
S06,S06,1181,1181,L1-full,88,14-25-28,3,False
S06,S06,1181,1181,L1-full,89,8-17,2,False
S06,S06,1181,1181,L1-full,90,17-24-25,3,False
S06,S06,1181,1181,L1-full,91,13-15-23,3,False
S06,S06,1181,1181,L1-full,92,10-11-30,3,False
S06,S06,1181,1181,L1-full,93,9-19-27,3,False
S06,S06,1181,1181,L1-full,94,1-19-27,3,False
S06,S06,1181,1181,L1-full,95,12-19-26,3,False
S06,S06,1181,1181,L1-full,96,22-23-25,3,False
S06,S06,1181,1181,L1-full,97,11-12-24,3,False
S06,S06,1181,1181,L1-full,98,23-26-30,3,False
S06,S06,1181,1181,L1-full,99,5-8-18,3,False
S06,S06,1181,1181,L1-full,100,3-17-24,3,False
S06,S06,1181,1181,L1-full,101,20-23-27,3,False
S06,S06,1181,1181,L1-full,102,21-26,2,False
S06,S06,1181,1181,L1-full,103,16-21-24,3,False
S06,S06,1181,1181,L1-full,104,13-21,2,False
S06,S06,1181,1181,L1-full,105,16-22-26,3,False
S06,S06,1181,1181,L1-full,106,1-5-19,3,False
S06,S06,1181,1181,L1-full,107,9-16-31,3,False
S06,S06,1181,1181,L1-full,108,1-24-29,3,False
S06,S06,1181,1181,L1-full,109,3-4-10,3,False
S06,S06,1181,1181,L1-full,110,12-15-23,3,False
S06,S06,1181,1181,L1-full,111,11-26-29,3,False
S06,S06,1181,1181,L1-full,112,23-26,2,False
S06,S06,1181,1181,L1-full,113,15-21-22,3,False
S06,S06,1181,1181,L1-full,114,10-16,2,False
S06,S06,1181,1181,L1-full,115,0-19-25,3,False
S06,S06,1181,1181,L1-full,116,20-30-31,3,False
S06,S06,1181,1181,L1-full,117,13-14-24,3,False
S06,S06,1181,1181,L1-full,118,10-12-28,3,False
S06,S06,1181,1181,L1-full,119,4-10-26,3,False
S06,S06,1181,1181,L1-full,120,17-30-31,3,False
S06,S06,1181,1181,L1-full,121,25-30-31,3,False
S06,S06,1181,1181,L1-full,122,24-28-31,3,False
S06,S06,1181,1181,L1-full,123,3-28-29,3,False
S06,S06,1181,1181,L1-full,124,24-31,2,False
S06,S06,1181,1181,L1-full,125,0-26-28,3,False
S06,S06,1181,1181,L1-full,126,21-29-30,3,False
S06,S06,1181,1181,L1-full,127,4-12-24,3,False
S06,S06,1181,1181,L1-full,128,9-17-20,3,False
S06,S06,1181,1181,L1-full,129,0-11-19,3,False
S06,S06,1181,1181,L1-full,130,5-12-23,3,False
S06,S06,1181,1181,L1-full,131,8-19-22,3,False
S06,S06,1181,1181,L1-full,132,11-13-18,3,False
S06,S06,1181,1181,L1-full,133,17-18-24,3,False
S06,S06,1181,1181,L1-full,134,6-24-30,3,False
S06,S06,1181,1181,L1-full,135,14-26-28,3,False
S06,S06,1181,1181,L1-full,136,2-12-25,3,False
S06,S06,1181,1181,L1-full,137,11-22-29,3,False
S06,S06,1181,1181,L1-full,138,25-26-28,3,False
S06,S06,1181,1181,L1-full,139,14-28-29,3,False
S06,S06,1181,1181,L1-full,140,9-15-27,3,False
S06,S06,1181,1181,L1-full,141,0-5-18,3,False
S06,S06,1181,1181,L1-full,142,2-12-30,3,False
S06,S06,1181,1181,L1-full,143,9-26-28,3,False
S06,S06,1181,1181,L1-full,144,4-8-22,3,False
S06,S06,1181,1181,L1-full,145,14-21-31,3,False
S06,S06,1181,1181,L1-full,146,13-16-20,3,False
S06,S06,1181,1181,L1-full,147,7-8-24,3,False
S06,S06,1181,1181,L1-full,148,5-17-18,3,False
S06,S06,1181,1181,L1-full,149,6-16-18,3,False
S06,S06,1181,1181,L1-full,150,4-16-19,3,False
S06,S06,1181,1181,L1-full,151,17-19,2,False
S06,S06,1181,1181,L1-full,152,13-22-23,3,False
S06,S06,1181,1181,L1-full,153,5-13-19,3,False
S06,S06,1181,1181,L1-full,154,2-9-25,3,False
S06,S06,1181,1181,L1-full,155,10-17,2,False
S06,S06,1181,1181,L1-full,156,4-29-30,3,False
S06,S06,1181,1181,L1-full,157,1-3-15,3,False
S06,S06,1181,1181,L1-full,158,14-15-22,3,False
S06,S06,1181,1181,L1-full,159,21-28,2,False
S06,S06,1181,1181,L1-full,160,10-18-28,3,False
S06,S06,1181,1181,L1-full,161,14-19-20,3,False
S06,S06,1181,1181,L1-full,162,3-23-24,3,False
S06,S06,1181,1181,L1-full,163,2-15-24,3,False
S06,S06,1181,1181,L1-full,164,20-26-30,3,False
S06,S06,1181,1181,L1-full,165,13-18-23,3,False
S06,S06,1181,1181,L1-full,166,24-25-26,3,False
S06,S06,1181,1181,L1-full,167,20-28,2,False
S06,S06,1181,1181,L1-full,168,6-11-17,3,False
S06,S06,1181,1181,L1-full,169,6-8-28,3,False
S06,S06,1181,1181,L1-full,170,9-12-24,3,False
S06,S06,1181,1181,L1-full,171,11-16-31,3,False
S06,S06,1181,1181,L1-full,172,13-25-28,3,False
S06,S06,1181,1181,L1-full,173,11-22-26,3,False
S06,S06,1181,1181,L1-full,174,6-20-25,3,False
S06,S06,1181,1181,L1-full,175,0-25-30,3,False
S06,S06,1181,1181,L1-full,176,6-9-25,3,False
S06,S06,1181,1181,L1-full,177,12-19-25,3,False
S06,S06,1181,1181,L1-full,178,14-25,2,False
S06,S06,1181,1181,L1-full,179,18-26-28,3,False
S06,S06,1181,1181,L1-full,180,10-15-28,3,False
S06,S06,1181,1181,L1-full,181,14-23-30,3,False
S06,S06,1181,1181,L1-full,182,13-21-31,3,False
S06,S06,1181,1181,L1-full,183,0-7-12,3,False
S06,S06,1181,1181,L1-full,184,6-16-19,3,False
S06,S06,1181,1181,L1-full,185,8-16-18,3,False
S06,S06,1181,1181,L1-full,186,9-24-30,3,False
S06,S06,1181,1181,L1-full,187,13-19-21,3,False
S06,S06,1181,1181,L1-top8,1,0-1,2,True
S06,S06,1181,1181,L1-top8,2,2-3,2,True
S06,S06,1181,1181,L1-top8,3,4-5-6,3,True
S06,S06,1181,1181,L1-top8,4,7-8-9,3,True
S06,S06,1181,1181,L1-top8,5,7-16-20,3,False
S06,S06,1181,1181,L1-top8,6,10-15-20,3,False
S06,S06,1181,1181,L1-top8,7,8-16-28,3,False
S06,S06,1181,1181,L1-top8,8,3-19-20,3,False
S06,S06,1181,1181,L1-match,1,0-1,2,True
S06,S06,1181,1181,L1-match,2,2-3,2,True
S06,S06,1181,1181,L1-match,3,4-5-6,3,True
S06,S06,1181,1181,L1-match,4,7-8-9,3,True
S06,S06,1181,1181,SHIL-k8,1,0-1,2,True
S06,S06,1181,1181,SHIL-k8,2,2-3,2,True
S06,S06,1181,1181,SHIL-k8,3,4-5-6,3,True
S06,S06,1181,1181,SHIL-k8,4,7-8-9,3,True
S06,S06,1181,1181,SHIL-k8,5,9-26-27,3,False
S06,S06,1181,1181,SHIL-k8,6,7-8-12,3,False
S06,S06,1181,1181,SHIL-k8,7,5-9-27,3,False
S06,S06,1181,1181,SHIL-k8,8,8-9-10,3,False
S06,S06,1181,1181,SC-L1,1,0-1,2,True
S06,S06,1181,1181,SC-L1,2,2-3,2,True
S06,S06,1181,1181,SC-L1,3,4-5-6,3,True
S06,S06,1181,1181,SC-L1,4,7-8-9,3,True
S06,S06,1181,1181,SC-SHIL,1,0-1,2,True
S06,S06,1181,1181,SC-SHIL,2,2-3,2,True
S06,S06,1181,1181,SC-SHIL,3,4-5-6,3,True
S06,S06,1181,1181,SC-SHIL,4,7-8-9,3,True
S06,S06,1201,1201,L1-full,1,0-1,2,True
S06,S06,1201,1201,L1-full,2,2-3,2,True
S06,S06,1201,1201,L1-full,3,4-5-6,3,True
S06,S06,1201,1201,L1-full,4,7-8-9,3,True
S06,S06,1201,1201,L1-full,5,6-14-21,3,False
S06,S06,1201,1201,L1-full,6,7-8-25,3,False
S06,S06,1201,1201,L1-full,7,1-18-26,3,False
S06,S06,1201,1201,L1-full,8,9-17-27,3,False
S06,S06,1201,1201,L1-full,9,5-13-26,3,False
S06,S06,1201,1201,L1-full,10,14-16-17,3,False
S06,S06,1201,1201,L1-full,11,14-22-28,3,False
S06,S06,1201,1201,L1-full,12,6-21-25,3,False
S06,S06,1201,1201,L1-full,13,0-22,2,False
S06,S06,1201,1201,L1-full,14,12-23-28,3,False
S06,S06,1201,1201,L1-full,15,6-17-20,3,False
S06,S06,1201,1201,L1-full,16,5-16,2,False
S06,S06,1201,1201,L1-full,17,3-14-25,3,False
S06,S06,1201,1201,L1-full,18,1-5-25,3,False
S06,S06,1201,1201,L1-full,19,4-16-21,3,False
S06,S06,1201,1201,L1-full,20,17-29-30,3,False
S06,S06,1201,1201,L1-full,21,13-17-27,3,False
S06,S06,1201,1201,L1-full,22,7-31,2,False
S06,S06,1201,1201,L1-full,23,2-21-24,3,False
S06,S06,1201,1201,L1-full,24,1-16-21,3,False
S06,S06,1201,1201,L1-full,25,8-16-17,3,False
S06,S06,1201,1201,L1-full,26,0-6-21,3,False
S06,S06,1201,1201,L1-full,27,7-9-31,3,False
S06,S06,1201,1201,L1-full,28,6-7,2,False
S06,S06,1201,1201,L1-full,29,3-18-25,3,False
S06,S06,1201,1201,L1-full,30,1-2-7,3,False
S06,S06,1201,1201,L1-full,31,2-4-19,3,False
S06,S06,1201,1201,L1-full,32,23-24,2,False
S06,S06,1201,1201,L1-full,33,14-23-29,3,False
S06,S06,1201,1201,L1-full,34,11-15-31,3,False
S06,S06,1201,1201,L1-full,35,13-24,2,False
S06,S06,1201,1201,L1-full,36,1-18-20,3,False
S06,S06,1201,1201,L1-full,37,20-21-31,3,False
S06,S06,1201,1201,L1-full,38,18-21-31,3,False
S06,S06,1201,1201,L1-full,39,13-21-30,3,False
S06,S06,1201,1201,L1-full,40,8-23-31,3,False
S06,S06,1201,1201,L1-full,41,7-10-27,3,False
S06,S06,1201,1201,L1-full,42,6-8-15,3,False
S06,S06,1201,1201,L1-full,43,0-9-28,3,False
S06,S06,1201,1201,L1-full,44,15-16-20,3,False
S06,S06,1201,1201,L1-full,45,13-20-28,3,False
S06,S06,1201,1201,L1-full,46,6-14-17,3,False
S06,S06,1201,1201,L1-full,47,12-15-26,3,False
S06,S06,1201,1201,L1-full,48,16-23-31,3,False
S06,S06,1201,1201,L1-full,49,17-29-31,3,False
S06,S06,1201,1201,L1-full,50,11-15-16,3,False
S06,S06,1201,1201,L1-full,51,15-19,2,False
S06,S06,1201,1201,L1-full,52,16-20-22,3,False
S06,S06,1201,1201,L1-full,53,11-12-22,3,False
S06,S06,1201,1201,L1-full,54,22-23-30,3,False
S06,S06,1201,1201,L1-full,55,11-13-22,3,False
S06,S06,1201,1201,L1-full,56,18-19-22,3,False
S06,S06,1201,1201,L1-full,57,11-23-31,3,False
S06,S06,1201,1201,L1-full,58,21-23-24,3,False
S06,S06,1201,1201,L1-full,59,10-21-26,3,False
S06,S06,1201,1201,L1-full,60,10-16-21,3,False
S06,S06,1201,1201,L1-full,61,11-27-30,3,False
S06,S06,1201,1201,L1-full,62,7-20,2,False
S06,S06,1201,1201,L1-full,63,15-28-30,3,False
S06,S06,1201,1201,L1-full,64,1-19-20,3,False
S06,S06,1201,1201,L1-full,65,13-18,2,False
S06,S06,1201,1201,L1-full,66,17-18-28,3,False
S06,S06,1201,1201,L1-full,67,11-16-26,3,False
S06,S06,1201,1201,L1-full,68,7-10-30,3,False
S06,S06,1201,1201,L1-full,69,10-23-31,3,False
S06,S06,1201,1201,L1-full,70,1-21,2,False
S06,S06,1201,1201,L1-full,71,1-2-14,3,False
S06,S06,1201,1201,L1-full,72,15-29-30,3,False
S06,S06,1201,1201,L1-full,73,3-5-16,3,False
S06,S06,1201,1201,L1-full,74,6-11-22,3,False
S06,S06,1201,1201,L1-full,75,5-18-29,3,False
S06,S06,1201,1201,L1-full,76,18-25-30,3,False
S06,S06,1201,1201,L1-full,77,4-10-16,3,False
S06,S06,1201,1201,L1-full,78,8-13-25,3,False
S06,S06,1201,1201,L1-full,79,12-16-31,3,False
S06,S06,1201,1201,L1-full,80,11-16-29,3,False
S06,S06,1201,1201,L1-full,81,3-10-18,3,False
S06,S06,1201,1201,L1-full,82,10-12-15,3,False
S06,S06,1201,1201,L1-full,83,6-24,2,False
S06,S06,1201,1201,L1-full,84,6-12-14,3,False
S06,S06,1201,1201,L1-full,85,6-14-18,3,False
S06,S06,1201,1201,L1-full,86,3-8-20,3,False
S06,S06,1201,1201,L1-full,87,10-22-31,3,False
S06,S06,1201,1201,L1-full,88,1-29-30,3,False
S06,S06,1201,1201,L1-full,89,5-27-31,3,False
S06,S06,1201,1201,L1-full,90,15-23,2,False
S06,S06,1201,1201,L1-full,91,5-20-28,3,False
S06,S06,1201,1201,L1-full,92,4-13-22,3,False
S06,S06,1201,1201,L1-full,93,14-31,2,False
S06,S06,1201,1201,L1-full,94,5-6-17,3,False
S06,S06,1201,1201,L1-full,95,16-27-30,3,False
S06,S06,1201,1201,L1-full,96,0-11-16,3,False
S06,S06,1201,1201,L1-full,97,15-16-21,3,False
S06,S06,1201,1201,L1-full,98,8-14-20,3,False
S06,S06,1201,1201,L1-full,99,13-20-21,3,False
S06,S06,1201,1201,L1-full,100,9-10-24,3,False
S06,S06,1201,1201,L1-full,101,4-11-13,3,False
S06,S06,1201,1201,L1-full,102,9-22-30,3,False
S06,S06,1201,1201,L1-full,103,15-17-23,3,False
S06,S06,1201,1201,L1-full,104,5-16-25,3,False
S06,S06,1201,1201,L1-full,105,0-2-20,3,False
S06,S06,1201,1201,L1-full,106,3-11-22,3,False
S06,S06,1201,1201,L1-full,107,11-13,2,False
S06,S06,1201,1201,L1-full,108,18-21-25,3,False
S06,S06,1201,1201,L1-full,109,12-23-31,3,False
S06,S06,1201,1201,L1-full,110,6-12-22,3,False
S06,S06,1201,1201,L1-full,111,7-9-10,3,False
S06,S06,1201,1201,L1-full,112,24-30-31,3,False
S06,S06,1201,1201,L1-full,113,1-7-25,3,False
S06,S06,1201,1201,L1-full,114,8-13-24,3,False
S06,S06,1201,1201,L1-full,115,8-11-17,3,False
S06,S06,1201,1201,L1-full,116,21-24,2,False
S06,S06,1201,1201,L1-full,117,11-20,2,False
S06,S06,1201,1201,L1-full,118,8-23,2,False
S06,S06,1201,1201,L1-full,119,4-12-25,3,False
S06,S06,1201,1201,L1-full,120,4-17-18,3,False
S06,S06,1201,1201,L1-full,121,0-12-23,3,False
S06,S06,1201,1201,L1-full,122,0-18-21,3,False
S06,S06,1201,1201,L1-full,123,7-27-28,3,False
S06,S06,1201,1201,L1-full,124,25-27,2,False
S06,S06,1201,1201,L1-full,125,21-23-28,3,False
S06,S06,1201,1201,L1-full,126,5-7-29,3,False
S06,S06,1201,1201,L1-full,127,2-9-11,3,False
S06,S06,1201,1201,L1-full,128,4-15-19,3,False
S06,S06,1201,1201,L1-full,129,17-20-27,3,False
S06,S06,1201,1201,L1-full,130,11-23-27,3,False
S06,S06,1201,1201,L1-full,131,15-16-25,3,False
S06,S06,1201,1201,L1-full,132,19-24-25,3,False
S06,S06,1201,1201,L1-full,133,20-21-23,3,False
S06,S06,1201,1201,L1-full,134,17-22-25,3,False
S06,S06,1201,1201,L1-full,135,0-12-25,3,False
S06,S06,1201,1201,L1-full,136,1-7-12,3,False
S06,S06,1201,1201,L1-full,137,6-26-27,3,False
S06,S06,1201,1201,L1-full,138,11-17-21,3,False
S06,S06,1201,1201,L1-full,139,10-28-29,3,False
S06,S06,1201,1201,L1-full,140,18-21-29,3,False
S06,S06,1201,1201,L1-full,141,3-17-31,3,False
S06,S06,1201,1201,L1-full,142,18-19-27,3,False
S06,S06,1201,1201,L1-full,143,5-10-21,3,False
S06,S06,1201,1201,L1-full,144,9-14-16,3,False
S06,S06,1201,1201,L1-full,145,6-14-24,3,False
S06,S06,1201,1201,L1-full,146,9-12-20,3,False
S06,S06,1201,1201,L1-full,147,14-22-24,3,False
S06,S06,1201,1201,L1-full,148,11-13-27,3,False
S06,S06,1201,1201,L1-full,149,7-11-17,3,False
S06,S06,1201,1201,L1-full,150,1-5-9,3,False
S06,S06,1201,1201,L1-full,151,8-18-25,3,False
S06,S06,1201,1201,L1-full,152,2-17-18,3,False
S06,S06,1201,1201,L1-full,153,11-26-31,3,False
S06,S06,1201,1201,L1-full,154,1-2-18,3,False
S06,S06,1201,1201,L1-full,155,9-20,2,False
S06,S06,1201,1201,L1-full,156,12-24-29,3,False
S06,S06,1201,1201,L1-full,157,13-19-30,3,False
S06,S06,1201,1201,L1-full,158,7-22-26,3,False
S06,S06,1201,1201,L1-full,159,5-30,2,False
S06,S06,1201,1201,L1-full,160,9-23-25,3,False
S06,S06,1201,1201,L1-full,161,10-18-20,3,False
S06,S06,1201,1201,L1-full,162,6-18-30,3,False
S06,S06,1201,1201,L1-full,163,4-5-22,3,False
S06,S06,1201,1201,L1-full,164,15-18-19,3,False
S06,S06,1201,1201,L1-full,165,5-24-25,3,False
S06,S06,1201,1201,L1-full,166,15-22-24,3,False
S06,S06,1201,1201,L1-full,167,9-25-26,3,False
S06,S06,1201,1201,L1-full,168,19-21-24,3,False
S06,S06,1201,1201,L1-full,169,7-14-18,3,False
S06,S06,1201,1201,L1-full,170,6-16-28,3,False
S06,S06,1201,1201,L1-full,171,4-16-22,3,False
S06,S06,1201,1201,L1-full,172,12-20-29,3,False
S06,S06,1201,1201,L1-full,173,2-5-26,3,False
S06,S06,1201,1201,L1-full,174,13-14-21,3,False
S06,S06,1201,1201,L1-full,175,3-23-29,3,False
S06,S06,1201,1201,L1-full,176,6-26-30,3,False
S06,S06,1201,1201,L1-full,177,4-19,2,False
S06,S06,1201,1201,L1-full,178,20-27,2,False
S06,S06,1201,1201,L1-full,179,20-21-28,3,False
S06,S06,1201,1201,L1-full,180,10-24-28,3,False
S06,S06,1201,1201,L1-full,181,6-12-26,3,False
S06,S06,1201,1201,L1-full,182,5-20-23,3,False
S06,S06,1201,1201,L1-full,183,18-19-31,3,False
S06,S06,1201,1201,L1-full,184,7-10-16,3,False
S06,S06,1201,1201,L1-full,185,1-11-15,3,False
S06,S06,1201,1201,L1-full,186,6-16-20,3,False
S06,S06,1201,1201,L1-full,187,10-15-21,3,False
S06,S06,1201,1201,L1-full,188,7-29,2,False
S06,S06,1201,1201,L1-full,189,6-8-21,3,False
S06,S06,1201,1201,L1-top8,1,0-1,2,True
S06,S06,1201,1201,L1-top8,2,2-3,2,True
S06,S06,1201,1201,L1-top8,3,4-5-6,3,True
S06,S06,1201,1201,L1-top8,4,7-8-9,3,True
S06,S06,1201,1201,L1-top8,5,6-14-21,3,False
S06,S06,1201,1201,L1-top8,6,7-8-25,3,False
S06,S06,1201,1201,L1-top8,7,1-18-26,3,False
S06,S06,1201,1201,L1-top8,8,9-17-27,3,False
S06,S06,1201,1201,L1-match,1,0-1,2,True
S06,S06,1201,1201,L1-match,2,2-3,2,True
S06,S06,1201,1201,L1-match,3,4-5-6,3,True
S06,S06,1201,1201,L1-match,4,7-8-9,3,True
S06,S06,1201,1201,SHIL-k8,1,0-1,2,True
S06,S06,1201,1201,SHIL-k8,2,2-3,2,True
S06,S06,1201,1201,SHIL-k8,3,4-5-6,3,True
S06,S06,1201,1201,SHIL-k8,4,7-8-9,3,True
S06,S06,1201,1201,SHIL-k8,5,18-19-31,3,False
S06,S06,1201,1201,SHIL-k8,6,2-9-11,3,False
S06,S06,1201,1201,SHIL-k8,7,0-22,2,False
S06,S06,1201,1201,SHIL-k8,8,6-11-19,3,False
S06,S06,1201,1201,SC-L1,1,0-1,2,True
S06,S06,1201,1201,SC-L1,2,2-3,2,True
S06,S06,1201,1201,SC-L1,3,4-5-6,3,True
S06,S06,1201,1201,SC-L1,4,7-8-9,3,True
S06,S06,1201,1201,SC-SHIL,1,0-1,2,True
S06,S06,1201,1201,SC-SHIL,2,2-3,2,True
S06,S06,1201,1201,SC-SHIL,3,4-5-6,3,True
S06,S06,1201,1201,SC-SHIL,4,7-8-9,3,True
S06,S06,1213,1213,L1-full,1,0-1,2,True
S06,S06,1213,1213,L1-full,2,2-3,2,True
S06,S06,1213,1213,L1-full,3,4-5-6,3,True
S06,S06,1213,1213,L1-full,4,7-8-9,3,True
S06,S06,1213,1213,L1-full,5,3-21-26,3,False
S06,S06,1213,1213,L1-full,6,11-28-30,3,False
S06,S06,1213,1213,L1-full,7,4-12-21,3,False
S06,S06,1213,1213,L1-full,8,6-12-17,3,False
S06,S06,1213,1213,L1-full,9,11-15-23,3,False
S06,S06,1213,1213,L1-full,10,3-5-22,3,False
S06,S06,1213,1213,L1-full,11,5-20-22,3,False
S06,S06,1213,1213,L1-full,12,10-16-27,3,False
S06,S06,1213,1213,L1-full,13,7-25,2,False
S06,S06,1213,1213,L1-full,14,14-17-25,3,False
S06,S06,1213,1213,L1-full,15,13-14-31,3,False
S06,S06,1213,1213,L1-full,16,11-29-31,3,False
S06,S06,1213,1213,L1-full,17,10-25-27,3,False
S06,S06,1213,1213,L1-full,18,14-27-28,3,False
S06,S06,1213,1213,L1-full,19,1-19-25,3,False
S06,S06,1213,1213,L1-full,20,0-18-21,3,False
S06,S06,1213,1213,L1-full,21,10-24-25,3,False
S06,S06,1213,1213,L1-full,22,13-25-29,3,False
S06,S06,1213,1213,L1-full,23,4-13-21,3,False
S06,S06,1213,1213,L1-full,24,10-23-26,3,False
S06,S06,1213,1213,L1-full,25,7-9-10,3,False
S06,S06,1213,1213,L1-full,26,5-15-29,3,False
S06,S06,1213,1213,L1-full,27,19-22,2,False
S06,S06,1213,1213,L1-full,28,3-13-28,3,False
S06,S06,1213,1213,L1-full,29,7-10-23,3,False
S06,S06,1213,1213,L1-full,30,18-19-27,3,False
S06,S06,1213,1213,L1-full,31,13-15-22,3,False
S06,S06,1213,1213,L1-full,32,10-20-22,3,False
S06,S06,1213,1213,L1-full,33,10-17-30,3,False
S06,S06,1213,1213,L1-full,34,1-22-28,3,False
S06,S06,1213,1213,L1-full,35,1-24-29,3,False
S06,S06,1213,1213,L1-full,36,19-21,2,False
S06,S06,1213,1213,L1-full,37,0-4-23,3,False
S06,S06,1213,1213,L1-full,38,1-3-22,3,False
S06,S06,1213,1213,L1-full,39,18-27-30,3,False
S06,S06,1213,1213,L1-full,40,4-6-17,3,False
S06,S06,1213,1213,L1-full,41,9-12-13,3,False
S06,S06,1213,1213,L1-full,42,5-28-31,3,False
S06,S06,1213,1213,L1-full,43,11-17-28,3,False
S06,S06,1213,1213,L1-full,44,9-18-25,3,False
S06,S06,1213,1213,L1-full,45,4-11-24,3,False
S06,S06,1213,1213,L1-full,46,5-10-16,3,False
S06,S06,1213,1213,L1-full,47,5-22-26,3,False
S06,S06,1213,1213,L1-full,48,12-21-26,3,False
S06,S06,1213,1213,L1-full,49,12-24-27,3,False
S06,S06,1213,1213,L1-full,50,12-24-25,3,False
S06,S06,1213,1213,L1-full,51,19-25-27,3,False
S06,S06,1213,1213,L1-full,52,14-17-28,3,False
S06,S06,1213,1213,L1-full,53,6-9-25,3,False
S06,S06,1213,1213,L1-full,54,20-26-30,3,False
S06,S06,1213,1213,L1-full,55,7-9-13,3,False
S06,S06,1213,1213,L1-full,56,16-18-27,3,False
S06,S06,1213,1213,L1-full,57,6-28,2,False
S06,S06,1213,1213,L1-full,58,17-24-26,3,False
S06,S06,1213,1213,L1-full,59,15-30-31,3,False
S06,S06,1213,1213,L1-full,60,0-19-30,3,False
S06,S06,1213,1213,L1-full,61,7-15-22,3,False
S06,S06,1213,1213,L1-full,62,11-23-25,3,False
S06,S06,1213,1213,L1-full,63,1-5-20,3,False
S06,S06,1213,1213,L1-full,64,6-13-25,3,False
S06,S06,1213,1213,L1-full,65,0-8,2,False
S06,S06,1213,1213,L1-full,66,12-18,2,False
S06,S06,1213,1213,L1-full,67,21-25-30,3,False
S06,S06,1213,1213,L1-full,68,5-6-26,3,False
S06,S06,1213,1213,L1-full,69,4-11-19,3,False
S06,S06,1213,1213,L1-full,70,15-19-20,3,False
S06,S06,1213,1213,L1-full,71,4-19-22,3,False
S06,S06,1213,1213,L1-full,72,15-16-29,3,False
S06,S06,1213,1213,L1-full,73,6-21-29,3,False
S06,S06,1213,1213,L1-full,74,13-28,2,False
S06,S06,1213,1213,L1-full,75,14-24-29,3,False
S06,S06,1213,1213,L1-full,76,4-20-27,3,False
S06,S06,1213,1213,L1-full,77,1-16,2,False
S06,S06,1213,1213,L1-full,78,20-22-30,3,False
S06,S06,1213,1213,L1-full,79,4-20-21,3,False
S06,S06,1213,1213,L1-full,80,24-25-30,3,False
S06,S06,1213,1213,L1-full,81,22-27-31,3,False
S06,S06,1213,1213,L1-full,82,10-12-15,3,False
S06,S06,1213,1213,L1-full,83,13-21,2,False
S06,S06,1213,1213,L1-full,84,7-21-29,3,False
S06,S06,1213,1213,L1-full,85,9-13-17,3,False
S06,S06,1213,1213,L1-full,86,0-11-15,3,False
S06,S06,1213,1213,L1-full,87,13-20-25,3,False
S06,S06,1213,1213,L1-full,88,2-10-11,3,False
S06,S06,1213,1213,L1-full,89,16-17-27,3,False
S06,S06,1213,1213,L1-full,90,12-14-18,3,False
S06,S06,1213,1213,L1-full,91,0-23-30,3,False
S06,S06,1213,1213,L1-full,92,7-17-31,3,False
S06,S06,1213,1213,L1-full,93,11-15,2,False
S06,S06,1213,1213,L1-full,94,22-29-31,3,False
S06,S06,1213,1213,L1-full,95,1-4-22,3,False
S06,S06,1213,1213,L1-full,96,6-18-30,3,False
S06,S06,1213,1213,L1-full,97,0-12-16,3,False
S06,S06,1213,1213,L1-full,98,8-21-23,3,False
S06,S06,1213,1213,L1-full,99,3-14-20,3,False
S06,S06,1213,1213,L1-full,100,4-11-30,3,False
S06,S06,1213,1213,L1-full,101,15-18-20,3,False
S06,S06,1213,1213,L1-full,102,9-14-28,3,False
S06,S06,1213,1213,L1-full,103,22-24-31,3,False
S06,S06,1213,1213,L1-full,104,24-26-30,3,False
S06,S06,1213,1213,L1-full,105,23-28-30,3,False
S06,S06,1213,1213,L1-full,106,3-11-19,3,False
S06,S06,1213,1213,L1-full,107,6-22-29,3,False
S06,S06,1213,1213,L1-full,108,5-21-30,3,False
S06,S06,1213,1213,L1-full,109,9-13-15,3,False
S06,S06,1213,1213,L1-full,110,8-19-27,3,False
S06,S06,1213,1213,L1-full,111,6-12-29,3,False
S06,S06,1213,1213,L1-full,112,6-7-30,3,False
S06,S06,1213,1213,L1-full,113,3-7-16,3,False
S06,S06,1213,1213,L1-full,114,10-20-28,3,False
S06,S06,1213,1213,L1-full,115,8-10-17,3,False
S06,S06,1213,1213,L1-full,116,5-9-16,3,False
S06,S06,1213,1213,L1-full,117,2-25-26,3,False
S06,S06,1213,1213,L1-full,118,3-26,2,False
S06,S06,1213,1213,L1-full,119,13-18-30,3,False
S06,S06,1213,1213,L1-full,120,10-13-20,3,False
S06,S06,1213,1213,L1-full,121,12-21,2,False
S06,S06,1213,1213,L1-full,122,14-23-26,3,False
S06,S06,1213,1213,L1-full,123,3-19-20,3,False
S06,S06,1213,1213,L1-full,124,18-23-26,3,False
S06,S06,1213,1213,L1-full,125,9-10-26,3,False
S06,S06,1213,1213,L1-full,126,5-23-28,3,False
S06,S06,1213,1213,L1-full,127,27-30,2,False
S06,S06,1213,1213,L1-full,128,11-13,2,False
S06,S06,1213,1213,L1-full,129,11-23-29,3,False
S06,S06,1213,1213,L1-full,130,0-17-27,3,False
S06,S06,1213,1213,L1-full,131,17-25-28,3,False
S06,S06,1213,1213,L1-full,132,10-26-31,3,False
S06,S06,1213,1213,L1-full,133,18-19-30,3,False
S06,S06,1213,1213,L1-full,134,7-11-22,3,False
S06,S06,1213,1213,L1-full,135,4-14-17,3,False
S06,S06,1213,1213,L1-full,136,13-19-29,3,False
S06,S06,1213,1213,L1-full,137,20-24-31,3,False
S06,S06,1213,1213,L1-full,138,26-27-28,3,False
S06,S06,1213,1213,L1-full,139,8-11-30,3,False
S06,S06,1213,1213,L1-full,140,2-12,2,False
S06,S06,1213,1213,L1-full,141,15-24-27,3,False
S06,S06,1213,1213,L1-full,142,4-15-26,3,False
S06,S06,1213,1213,L1-full,143,6-21-30,3,False
S06,S06,1213,1213,L1-full,144,12-28,2,False
S06,S06,1213,1213,L1-full,145,1-21-24,3,False
S06,S06,1213,1213,L1-full,146,10-18-19,3,False
S06,S06,1213,1213,L1-full,147,16-19-26,3,False
S06,S06,1213,1213,L1-full,148,12-22-25,3,False
S06,S06,1213,1213,L1-full,149,10-12-23,3,False
S06,S06,1213,1213,L1-full,150,0-12-22,3,False
S06,S06,1213,1213,L1-full,151,5-9-12,3,False
S06,S06,1213,1213,L1-full,152,9-12-28,3,False
S06,S06,1213,1213,L1-full,153,6-8-30,3,False
S06,S06,1213,1213,L1-full,154,0-28-31,3,False
S06,S06,1213,1213,L1-full,155,20-27-28,3,False
S06,S06,1213,1213,L1-full,156,8-24-27,3,False
S06,S06,1213,1213,L1-full,157,10-24-31,3,False
S06,S06,1213,1213,L1-full,158,5-19-23,3,False
S06,S06,1213,1213,L1-full,159,9-15-17,3,False
S06,S06,1213,1213,L1-full,160,3-12-31,3,False
S06,S06,1213,1213,L1-full,161,8-16,2,False
S06,S06,1213,1213,L1-full,162,6-12,2,False
S06,S06,1213,1213,L1-full,163,7-20-24,3,False
S06,S06,1213,1213,L1-full,164,19-24,2,False
S06,S06,1213,1213,L1-full,165,6-12-21,3,False
S06,S06,1213,1213,L1-full,166,21-30-31,3,False
S06,S06,1213,1213,L1-full,167,15-19-21,3,False
S06,S06,1213,1213,L1-full,168,12-25-29,3,False
S06,S06,1213,1213,L1-full,169,6-17-31,3,False
S06,S06,1213,1213,L1-full,170,3-6-28,3,False
S06,S06,1213,1213,L1-full,171,8-31,2,False
S06,S06,1213,1213,L1-full,172,0-12,2,False
S06,S06,1213,1213,L1-full,173,22-25-27,3,False
S06,S06,1213,1213,L1-full,174,1-13-21,3,False
S06,S06,1213,1213,L1-full,175,13-17-29,3,False
S06,S06,1213,1213,L1-full,176,7-10-15,3,False
S06,S06,1213,1213,L1-full,177,0-5-12,3,False
S06,S06,1213,1213,L1-full,178,12-18-30,3,False
S06,S06,1213,1213,L1-full,179,12-19-26,3,False
S06,S06,1213,1213,L1-full,180,7-12-28,3,False
S06,S06,1213,1213,L1-full,181,0-11-14,3,False
S06,S06,1213,1213,L1-full,182,15-19-23,3,False
S06,S06,1213,1213,L1-full,183,4-21-29,3,False
S06,S06,1213,1213,L1-full,184,10-23-28,3,False
S06,S06,1213,1213,L1-full,185,20-24-26,3,False
S06,S06,1213,1213,L1-full,186,9-18-31,3,False
S06,S06,1213,1213,L1-full,187,1-17-20,3,False
S06,S06,1213,1213,L1-full,188,4-9-10,3,False
S06,S06,1213,1213,L1-full,189,4-6-18,3,False
S06,S06,1213,1213,L1-full,190,23-24-31,3,False
S06,S06,1213,1213,L1-full,191,10-16-17,3,False
S06,S06,1213,1213,L1-full,192,6-8-10,3,False
S06,S06,1213,1213,L1-full,193,15-30,2,False
S06,S06,1213,1213,L1-full,194,3-17-19,3,False
S06,S06,1213,1213,L1-full,195,1-5-16,3,False
S06,S06,1213,1213,L1-full,196,8-18-25,3,False
S06,S06,1213,1213,L1-full,197,7-12-16,3,False
S06,S06,1213,1213,L1-full,198,26-27-31,3,False
S06,S06,1213,1213,L1-full,199,11-16-21,3,False
S06,S06,1213,1213,L1-full,200,8-9-15,3,False
S06,S06,1213,1213,L1-full,201,3-6-14,3,False
S06,S06,1213,1213,L1-full,202,13-29-30,3,False
S06,S06,1213,1213,L1-full,203,10-13-25,3,False
S06,S06,1213,1213,L1-full,204,5-8-9,3,False
S06,S06,1213,1213,L1-full,205,0-21-23,3,False
S06,S06,1213,1213,L1-full,206,6-16-25,3,False
S06,S06,1213,1213,L1-full,207,24-26-28,3,False
S06,S06,1213,1213,L1-full,208,7-9,2,False
S06,S06,1213,1213,L1-full,209,12-19-20,3,False
S06,S06,1213,1213,L1-full,210,10-11-17,3,False
S06,S06,1213,1213,L1-full,211,7-13-23,3,False
S06,S06,1213,1213,L1-full,212,1-9-16,3,False
S06,S06,1213,1213,L1-full,213,4-10-19,3,False
S06,S06,1213,1213,L1-full,214,17-18,2,False
S06,S06,1213,1213,L1-full,215,22-26,2,False
S06,S06,1213,1213,L1-full,216,3-10-31,3,False
S06,S06,1213,1213,L1-top8,1,0-1,2,True
S06,S06,1213,1213,L1-top8,2,2-3,2,True
S06,S06,1213,1213,L1-top8,3,4-5-6,3,True
S06,S06,1213,1213,L1-top8,4,7-8-9,3,True
S06,S06,1213,1213,L1-top8,5,3-21-26,3,False
S06,S06,1213,1213,L1-top8,6,11-28-30,3,False
S06,S06,1213,1213,L1-top8,7,4-12-21,3,False
S06,S06,1213,1213,L1-top8,8,6-12-17,3,False
S06,S06,1213,1213,L1-match,1,0-1,2,True
S06,S06,1213,1213,L1-match,2,2-3,2,True
S06,S06,1213,1213,L1-match,3,4-5-6,3,True
S06,S06,1213,1213,L1-match,4,7-8-9,3,True
S06,S06,1213,1213,SHIL-k8,1,0-1,2,True
S06,S06,1213,1213,SHIL-k8,2,2-3,2,True
S06,S06,1213,1213,SHIL-k8,3,4-5-6,3,True
S06,S06,1213,1213,SHIL-k8,4,7-8-9,3,True
S06,S06,1213,1213,SHIL-k8,5,15-19-20,3,False
S06,S06,1213,1213,SHIL-k8,6,7-10-15,3,False
S06,S06,1213,1213,SHIL-k8,7,13-14-31,3,False
S06,S06,1213,1213,SHIL-k8,8,5-7-28,3,False
S06,S06,1213,1213,SC-L1,1,0-1,2,True
S06,S06,1213,1213,SC-L1,2,2-3,2,True
S06,S06,1213,1213,SC-L1,3,4-5-6,3,True
S06,S06,1213,1213,SC-L1,4,7-8-9,3,True
S06,S06,1213,1213,SC-SHIL,1,0-1,2,True
S06,S06,1213,1213,SC-SHIL,2,2-3,2,True
S06,S06,1213,1213,SC-SHIL,3,4-5-6,3,True
S06,S06,1213,1213,SC-SHIL,4,7-8-9,3,True
S06,S06,1231,1231,L1-full,1,0-1,2,True
S06,S06,1231,1231,L1-full,2,4-5-6,3,True
S06,S06,1231,1231,L1-full,3,2-3,2,True
S06,S06,1231,1231,L1-full,4,7-8-9,3,True
S06,S06,1231,1231,L1-full,5,10-25-29,3,False
S06,S06,1231,1231,L1-full,6,18-25-29,3,False
S06,S06,1231,1231,L1-full,7,0-5-16,3,False
S06,S06,1231,1231,L1-full,8,2-17-30,3,False
S06,S06,1231,1231,L1-full,9,0-22,2,False
S06,S06,1231,1231,L1-full,10,5-12-24,3,False
S06,S06,1231,1231,L1-full,11,5-17-21,3,False
S06,S06,1231,1231,L1-full,12,15-21-29,3,False
S06,S06,1231,1231,L1-full,13,6-9-16,3,False
S06,S06,1231,1231,L1-full,14,20-21-27,3,False
S06,S06,1231,1231,L1-full,15,0-7-22,3,False
S06,S06,1231,1231,L1-full,16,1-7-21,3,False
S06,S06,1231,1231,L1-full,17,12-21,2,False
S06,S06,1231,1231,L1-full,18,1-16-21,3,False
S06,S06,1231,1231,L1-full,19,2-27,2,False
S06,S06,1231,1231,L1-full,20,4-25-27,3,False
S06,S06,1231,1231,L1-full,21,19-23-25,3,False
S06,S06,1231,1231,L1-full,22,14-16-29,3,False
S06,S06,1231,1231,L1-full,23,3-6-10,3,False
S06,S06,1231,1231,L1-full,24,7-17-31,3,False
S06,S06,1231,1231,L1-full,25,7-11-19,3,False
S06,S06,1231,1231,L1-full,26,12-19-30,3,False
S06,S06,1231,1231,L1-full,27,15-26-29,3,False
S06,S06,1231,1231,L1-full,28,9-10-16,3,False
S06,S06,1231,1231,L1-full,29,8-11-20,3,False
S06,S06,1231,1231,L1-full,30,0-15-23,3,False
S06,S06,1231,1231,L1-full,31,6-8-26,3,False
S06,S06,1231,1231,L1-full,32,17-18-25,3,False
S06,S06,1231,1231,L1-full,33,1-10-26,3,False
S06,S06,1231,1231,L1-full,34,3-9-17,3,False
S06,S06,1231,1231,L1-full,35,4-10-29,3,False
S06,S06,1231,1231,L1-full,36,12-22-28,3,False
S06,S06,1231,1231,L1-full,37,24-29-30,3,False
S06,S06,1231,1231,L1-full,38,10-16-22,3,False
S06,S06,1231,1231,L1-full,39,11-12-20,3,False
S06,S06,1231,1231,L1-full,40,7-15-24,3,False
S06,S06,1231,1231,L1-full,41,16-19-25,3,False
S06,S06,1231,1231,L1-full,42,0-3-13,3,False
S06,S06,1231,1231,L1-full,43,20-22-30,3,False
S06,S06,1231,1231,L1-full,44,0-18-30,3,False
S06,S06,1231,1231,L1-full,45,2-4-25,3,False
S06,S06,1231,1231,L1-full,46,0-28-30,3,False
S06,S06,1231,1231,L1-full,47,0-6-8,3,False
S06,S06,1231,1231,L1-full,48,5-7-10,3,False
S06,S06,1231,1231,L1-full,49,4-14-17,3,False
S06,S06,1231,1231,L1-full,50,0-9-31,3,False
S06,S06,1231,1231,L1-full,51,8-21,2,False
S06,S06,1231,1231,L1-full,52,18-21-27,3,False
S06,S06,1231,1231,L1-full,53,7-22-28,3,False
S06,S06,1231,1231,L1-full,54,13-22-23,3,False
S06,S06,1231,1231,L1-full,55,4-23-31,3,False
S06,S06,1231,1231,L1-full,56,0-22-30,3,False
S06,S06,1231,1231,L1-full,57,10-30,2,False
S06,S06,1231,1231,L1-full,58,7-10,2,False
S06,S06,1231,1231,L1-full,59,4-13-16,3,False
S06,S06,1231,1231,L1-full,60,10-30-31,3,False
S06,S06,1231,1231,L1-full,61,5-24,2,False
S06,S06,1231,1231,L1-full,62,11-19-23,3,False
S06,S06,1231,1231,L1-full,63,8-10-16,3,False
S06,S06,1231,1231,L1-full,64,11-16-29,3,False
S06,S06,1231,1231,L1-full,65,10-13-16,3,False
S06,S06,1231,1231,L1-full,66,17-22,2,False
S06,S06,1231,1231,L1-full,67,22-27,2,False
S06,S06,1231,1231,L1-full,68,3-4-31,3,False
S06,S06,1231,1231,L1-full,69,1-23,2,False
S06,S06,1231,1231,L1-full,70,7-12-21,3,False
S06,S06,1231,1231,L1-full,71,14-19-28,3,False
S06,S06,1231,1231,L1-full,72,8-15-24,3,False
S06,S06,1231,1231,L1-full,73,1-3-17,3,False
S06,S06,1231,1231,L1-full,74,16-29,2,False
S06,S06,1231,1231,L1-full,75,12-17-24,3,False
S06,S06,1231,1231,L1-full,76,12-16-28,3,False
S06,S06,1231,1231,L1-full,77,13-26,2,False
S06,S06,1231,1231,L1-full,78,5-27-29,3,False
S06,S06,1231,1231,L1-full,79,23-28,2,False
S06,S06,1231,1231,L1-full,80,20-22-31,3,False
S06,S06,1231,1231,L1-full,81,28-29,2,False
S06,S06,1231,1231,L1-full,82,10-11-17,3,False
S06,S06,1231,1231,L1-full,83,21-23-24,3,False
S06,S06,1231,1231,L1-full,84,13-24-25,3,False
S06,S06,1231,1231,L1-full,85,0-11-23,3,False
S06,S06,1231,1231,L1-full,86,6-7-29,3,False
S06,S06,1231,1231,L1-full,87,1-7-16,3,False
S06,S06,1231,1231,L1-full,88,1-17-24,3,False
S06,S06,1231,1231,L1-full,89,12-19-27,3,False
S06,S06,1231,1231,L1-full,90,1-3-8,3,False
S06,S06,1231,1231,L1-full,91,10-19-30,3,False
S06,S06,1231,1231,L1-full,92,12-19,2,False
S06,S06,1231,1231,L1-full,93,2-6-19,3,False
S06,S06,1231,1231,L1-full,94,6-11-22,3,False
S06,S06,1231,1231,L1-full,95,1-16-30,3,False
S06,S06,1231,1231,L1-full,96,7-20-23,3,False
S06,S06,1231,1231,L1-full,97,10-17-21,3,False
S06,S06,1231,1231,L1-full,98,19-28,2,False
S06,S06,1231,1231,L1-full,99,4-14-21,3,False
S06,S06,1231,1231,L1-full,100,15-27,2,False
S06,S06,1231,1231,L1-full,101,3-13-15,3,False
S06,S06,1231,1231,L1-full,102,6-24-30,3,False
S06,S06,1231,1231,L1-full,103,14-15-20,3,False
S06,S06,1231,1231,L1-full,104,15-19-30,3,False
S06,S06,1231,1231,L1-full,105,3-19-21,3,False
S06,S06,1231,1231,L1-full,106,9-23-24,3,False
S06,S06,1231,1231,L1-full,107,25-28-31,3,False
S06,S06,1231,1231,L1-full,108,5-21-28,3,False
S06,S06,1231,1231,L1-full,109,8-10-13,3,False
S06,S06,1231,1231,L1-full,110,22-25,2,False
S06,S06,1231,1231,L1-full,111,17-20-21,3,False
S06,S06,1231,1231,L1-full,112,2-22-30,3,False
S06,S06,1231,1231,L1-full,113,4-5-17,3,False
S06,S06,1231,1231,L1-full,114,11-24-29,3,False
S06,S06,1231,1231,L1-full,115,18-19-22,3,False
S06,S06,1231,1231,L1-full,116,5-17-18,3,False
S06,S06,1231,1231,L1-full,117,21-26-29,3,False
S06,S06,1231,1231,L1-full,118,15-23-24,3,False
S06,S06,1231,1231,L1-full,119,13-18-24,3,False
S06,S06,1231,1231,L1-full,120,6-21-22,3,False
S06,S06,1231,1231,L1-full,121,5-23-27,3,False
S06,S06,1231,1231,L1-full,122,13-16-17,3,False
S06,S06,1231,1231,L1-full,123,5-20-23,3,False
S06,S06,1231,1231,L1-full,124,3-10-16,3,False
S06,S06,1231,1231,L1-full,125,16-17,2,False
S06,S06,1231,1231,L1-full,126,2-6-10,3,False
S06,S06,1231,1231,L1-full,127,2-14-24,3,False
S06,S06,1231,1231,L1-full,128,15-21,2,False
S06,S06,1231,1231,L1-full,129,7-16-18,3,False
S06,S06,1231,1231,L1-full,130,7-19-26,3,False
S06,S06,1231,1231,L1-full,131,17-25,2,False
S06,S06,1231,1231,L1-full,132,4-19-30,3,False
S06,S06,1231,1231,L1-full,133,10-23-30,3,False
S06,S06,1231,1231,L1-full,134,20-25-26,3,False
S06,S06,1231,1231,L1-full,135,10-24-25,3,False
S06,S06,1231,1231,L1-full,136,15-27-28,3,False
S06,S06,1231,1231,L1-full,137,17-27-30,3,False
S06,S06,1231,1231,L1-full,138,19-26-28,3,False
S06,S06,1231,1231,L1-full,139,15-20-28,3,False
S06,S06,1231,1231,L1-full,140,5-11-12,3,False
S06,S06,1231,1231,L1-full,141,13-14-19,3,False
S06,S06,1231,1231,L1-full,142,5-7-24,3,False
S06,S06,1231,1231,L1-full,143,10-25-31,3,False
S06,S06,1231,1231,L1-full,144,6-13-28,3,False
S06,S06,1231,1231,L1-full,145,11-15-25,3,False
S06,S06,1231,1231,L1-full,146,9-23-30,3,False
S06,S06,1231,1231,L1-full,147,19-25-31,3,False
S06,S06,1231,1231,L1-full,148,11-29-31,3,False
S06,S06,1231,1231,L1-full,149,11-21,2,False
S06,S06,1231,1231,L1-full,150,5-23-24,3,False
S06,S06,1231,1231,L1-full,151,4-24-25,3,False
S06,S06,1231,1231,L1-full,152,19-23-29,3,False
S06,S06,1231,1231,L1-full,153,19-20-24,3,False
S06,S06,1231,1231,L1-full,154,10-19-22,3,False
S06,S06,1231,1231,L1-full,155,9-12-31,3,False
S06,S06,1231,1231,L1-full,156,14-24-27,3,False
S06,S06,1231,1231,L1-full,157,18-21-22,3,False
S06,S06,1231,1231,L1-full,158,7-15,2,False
S06,S06,1231,1231,L1-full,159,14-19-25,3,False
S06,S06,1231,1231,L1-full,160,3-14-24,3,False
S06,S06,1231,1231,L1-full,161,15-19-24,3,False
S06,S06,1231,1231,L1-full,162,11-22-28,3,False
S06,S06,1231,1231,L1-full,163,1-2-9,3,False
S06,S06,1231,1231,L1-full,164,3-14-26,3,False
S06,S06,1231,1231,L1-full,165,3-20-26,3,False
S06,S06,1231,1231,L1-full,166,7-26-27,3,False
S06,S06,1231,1231,L1-full,167,2-12-30,3,False
S06,S06,1231,1231,L1-full,168,15-23-30,3,False
S06,S06,1231,1231,L1-full,169,16-21,2,False
S06,S06,1231,1231,L1-full,170,8-29-31,3,False
S06,S06,1231,1231,L1-full,171,4-14-24,3,False
S06,S06,1231,1231,L1-full,172,23-24,2,False
S06,S06,1231,1231,L1-full,173,8-17-31,3,False
S06,S06,1231,1231,L1-full,174,9-11-23,3,False
S06,S06,1231,1231,L1-full,175,18-24-28,3,False
S06,S06,1231,1231,L1-full,176,4-29-30,3,False
S06,S06,1231,1231,L1-full,177,3-25-26,3,False
S06,S06,1231,1231,L1-full,178,8-21-24,3,False
S06,S06,1231,1231,L1-full,179,4-17-27,3,False
S06,S06,1231,1231,L1-full,180,14-18-30,3,False
S06,S06,1231,1231,L1-full,181,10-14-30,3,False
S06,S06,1231,1231,L1-full,182,0-2-5,3,False
S06,S06,1231,1231,L1-full,183,0-5-25,3,False
S06,S06,1231,1231,L1-full,184,4-15-20,3,False
S06,S06,1231,1231,L1-full,185,24-25,2,False
S06,S06,1231,1231,L1-full,186,2-8-10,3,False
S06,S06,1231,1231,L1-full,187,12-14-17,3,False
S06,S06,1231,1231,L1-full,188,3-19-22,3,False
S06,S06,1231,1231,L1-full,189,28-29-31,3,False
S06,S06,1231,1231,L1-full,190,1-10,2,False
S06,S06,1231,1231,L1-full,191,5-18-21,3,False
S06,S06,1231,1231,L1-full,192,18-19-23,3,False
S06,S06,1231,1231,L1-full,193,18-25-31,3,False
S06,S06,1231,1231,L1-full,194,16-27-30,3,False
S06,S06,1231,1231,L1-full,195,6-8-23,3,False
S06,S06,1231,1231,L1-full,196,6-16-24,3,False
S06,S06,1231,1231,L1-full,197,1-15-30,3,False
S06,S06,1231,1231,L1-full,198,6-21-31,3,False
S06,S06,1231,1231,L1-full,199,10-14-29,3,False
S06,S06,1231,1231,L1-full,200,13-15-21,3,False
S06,S06,1231,1231,L1-full,201,11-19-22,3,False
S06,S06,1231,1231,L1-full,202,12-26-28,3,False
S06,S06,1231,1231,L1-full,203,14-21-30,3,False
S06,S06,1231,1231,L1-full,204,16-22-26,3,False
S06,S06,1231,1231,L1-full,205,19-20-23,3,False
S06,S06,1231,1231,L1-full,206,22-28-30,3,False
S06,S06,1231,1231,L1-full,207,0-24,2,False
S06,S06,1231,1231,L1-full,208,8-26,2,False
S06,S06,1231,1231,L1-full,209,3-5-21,3,False
S06,S06,1231,1231,L1-full,210,24-31,2,False
S06,S06,1231,1231,L1-full,211,2-15-20,3,False
S06,S06,1231,1231,L1-full,212,17-21-26,3,False
S06,S06,1231,1231,L1-top8,1,0-1,2,True
S06,S06,1231,1231,L1-top8,2,4-5-6,3,True
S06,S06,1231,1231,L1-top8,3,2-3,2,True
S06,S06,1231,1231,L1-top8,4,7-8-9,3,True
S06,S06,1231,1231,L1-top8,5,10-25-29,3,False
S06,S06,1231,1231,L1-top8,6,18-25-29,3,False
S06,S06,1231,1231,L1-top8,7,0-5-16,3,False
S06,S06,1231,1231,L1-top8,8,2-17-30,3,False
S06,S06,1231,1231,L1-match,1,0-1,2,True
S06,S06,1231,1231,L1-match,2,4-5-6,3,True
S06,S06,1231,1231,L1-match,3,2-3,2,True
S06,S06,1231,1231,L1-match,4,7-8-9,3,True
S06,S06,1231,1231,SHIL-k8,1,0-1,2,True
S06,S06,1231,1231,SHIL-k8,2,2-3,2,True
S06,S06,1231,1231,SHIL-k8,3,4-5-6,3,True
S06,S06,1231,1231,SHIL-k8,4,7-8-9,3,True
S06,S06,1231,1231,SHIL-k8,5,15-26-29,3,False
S06,S06,1231,1231,SHIL-k8,6,17-18-20,3,False
S06,S06,1231,1231,SHIL-k8,7,8-21-24,3,False
S06,S06,1231,1231,SHIL-k8,8,0-27,2,False
S06,S06,1231,1231,SC-L1,1,0-1,2,True
S06,S06,1231,1231,SC-L1,2,2-3,2,True
S06,S06,1231,1231,SC-L1,3,4-5-6,3,True
S06,S06,1231,1231,SC-L1,4,7-8-9,3,True
S06,S06,1231,1231,SC-SHIL,1,0-1,2,True
S06,S06,1231,1231,SC-SHIL,2,2-3,2,True
S06,S06,1231,1231,SC-SHIL,3,4-5-6,3,True
S06,S06,1231,1231,SC-SHIL,4,7-8-9,3,True
S06,S06,1249,1249,L1-full,1,0-1,2,True
S06,S06,1249,1249,L1-full,2,2-3,2,True
S06,S06,1249,1249,L1-full,3,4-5-6,3,True
S06,S06,1249,1249,L1-full,4,7-8-9,3,True
S06,S06,1249,1249,L1-full,5,17-22-29,3,False
S06,S06,1249,1249,L1-full,6,16-20-23,3,False
S06,S06,1249,1249,L1-full,7,4-17-30,3,False
S06,S06,1249,1249,L1-full,8,22-27-30,3,False
S06,S06,1249,1249,L1-full,9,13-16-25,3,False
S06,S06,1249,1249,L1-full,10,10-25-31,3,False
S06,S06,1249,1249,L1-full,11,17-18-29,3,False
S06,S06,1249,1249,L1-full,12,4-19-28,3,False
S06,S06,1249,1249,L1-full,13,4-7-15,3,False
S06,S06,1249,1249,L1-full,14,15-30-31,3,False
S06,S06,1249,1249,L1-full,15,0-7-26,3,False
S06,S06,1249,1249,L1-full,16,29-31,2,False
S06,S06,1249,1249,L1-full,17,5-30,2,False
S06,S06,1249,1249,L1-full,18,7-19-29,3,False
S06,S06,1249,1249,L1-full,19,10-13-16,3,False
S06,S06,1249,1249,L1-full,20,18-27-31,3,False
S06,S06,1249,1249,L1-full,21,8-17-19,3,False
S06,S06,1249,1249,L1-full,22,20-23-29,3,False
S06,S06,1249,1249,L1-full,23,1-24,2,False
S06,S06,1249,1249,L1-full,24,12-20-24,3,False
S06,S06,1249,1249,L1-full,25,5-28-29,3,False
S06,S06,1249,1249,L1-full,26,0-7-22,3,False
S06,S06,1249,1249,L1-full,27,1-4-31,3,False
S06,S06,1249,1249,L1-full,28,19-25-27,3,False
S06,S06,1249,1249,L1-full,29,14-16-17,3,False
S06,S06,1249,1249,L1-full,30,2-12-20,3,False
S06,S06,1249,1249,L1-full,31,10-17-18,3,False
S06,S06,1249,1249,L1-full,32,8-12-21,3,False
S06,S06,1249,1249,L1-full,33,4-12-25,3,False
S06,S06,1249,1249,L1-full,34,12-30-31,3,False
S06,S06,1249,1249,L1-full,35,7-12-29,3,False
S06,S06,1249,1249,L1-full,36,15-24,2,False
S06,S06,1249,1249,L1-full,37,14-20,2,False
S06,S06,1249,1249,L1-full,38,8-18-25,3,False
S06,S06,1249,1249,L1-full,39,7-21-27,3,False
S06,S06,1249,1249,L1-full,40,16-23-24,3,False
S06,S06,1249,1249,L1-full,41,12-26-28,3,False
S06,S06,1249,1249,L1-full,42,21-23-25,3,False
S06,S06,1249,1249,L1-full,43,1-16-26,3,False
S06,S06,1249,1249,L1-full,44,7-22-24,3,False
S06,S06,1249,1249,L1-full,45,11-15-30,3,False
S06,S06,1249,1249,L1-full,46,13-14-15,3,False
S06,S06,1249,1249,L1-full,47,19-23-30,3,False
S06,S06,1249,1249,L1-full,48,12-18-21,3,False
S06,S06,1249,1249,L1-full,49,17-22-31,3,False
S06,S06,1249,1249,L1-full,50,3-26-27,3,False
S06,S06,1249,1249,L1-full,51,12-23,2,False
S06,S06,1249,1249,L1-full,52,2-6-30,3,False
S06,S06,1249,1249,L1-full,53,9-13-22,3,False
S06,S06,1249,1249,L1-full,54,4-14-21,3,False
S06,S06,1249,1249,L1-full,55,3-4-19,3,False
S06,S06,1249,1249,L1-full,56,11-28,2,False
S06,S06,1249,1249,L1-full,57,23-24-28,3,False
S06,S06,1249,1249,L1-full,58,2-12-21,3,False
S06,S06,1249,1249,L1-full,59,5-7-17,3,False
S06,S06,1249,1249,L1-full,60,4-12-24,3,False
S06,S06,1249,1249,L1-full,61,8-13-25,3,False
S06,S06,1249,1249,L1-full,62,25-30-31,3,False
S06,S06,1249,1249,L1-full,63,6-18-31,3,False
S06,S06,1249,1249,L1-full,64,3-6-21,3,False
S06,S06,1249,1249,L1-full,65,15-18-29,3,False
S06,S06,1249,1249,L1-full,66,14-24-28,3,False
S06,S06,1249,1249,L1-full,67,10-24-25,3,False
S06,S06,1249,1249,L1-full,68,9-13,2,False
S06,S06,1249,1249,L1-full,69,4-5-25,3,False
S06,S06,1249,1249,L1-full,70,25-26,2,False
S06,S06,1249,1249,L1-full,71,4-15-28,3,False
S06,S06,1249,1249,L1-full,72,11-19-23,3,False
S06,S06,1249,1249,L1-full,73,12-13,2,False
S06,S06,1249,1249,L1-full,74,8-17-28,3,False
S06,S06,1249,1249,L1-full,75,7-30-31,3,False
S06,S06,1249,1249,L1-full,76,2-25-27,3,False
S06,S06,1249,1249,L1-full,77,6-25,2,False
S06,S06,1249,1249,L1-full,78,0-2-8,3,False
S06,S06,1249,1249,L1-full,79,13-20-21,3,False
S06,S06,1249,1249,L1-full,80,13-19-26,3,False
S06,S06,1249,1249,L1-full,81,5-17-23,3,False
S06,S06,1249,1249,L1-full,82,1-7-30,3,False
S06,S06,1249,1249,L1-full,83,1-10-11,3,False
S06,S06,1249,1249,L1-full,84,6-25-31,3,False
S06,S06,1249,1249,L1-full,85,18-21-29,3,False
S06,S06,1249,1249,L1-full,86,17-28-30,3,False
S06,S06,1249,1249,L1-full,87,7-11-27,3,False
S06,S06,1249,1249,L1-full,88,16-26,2,False
S06,S06,1249,1249,L1-full,89,14-17-25,3,False
S06,S06,1249,1249,L1-full,90,6-11-16,3,False
S06,S06,1249,1249,L1-full,91,17-19-25,3,False
S06,S06,1249,1249,L1-full,92,4-19-30,3,False
S06,S06,1249,1249,L1-full,93,1-19-21,3,False
S06,S06,1249,1249,L1-full,94,6-20,2,False
S06,S06,1249,1249,L1-full,95,2-12-24,3,False
S06,S06,1249,1249,L1-full,96,14-26-31,3,False
S06,S06,1249,1249,L1-full,97,0-21-23,3,False
S06,S06,1249,1249,L1-full,98,12-14-31,3,False
S06,S06,1249,1249,L1-full,99,12-23-25,3,False
S06,S06,1249,1249,L1-full,100,14-28,2,False
S06,S06,1249,1249,L1-full,101,22-24-30,3,False
S06,S06,1249,1249,L1-full,102,18-24-29,3,False
S06,S06,1249,1249,L1-full,103,10-27,2,False
S06,S06,1249,1249,L1-full,104,8-30,2,False
S06,S06,1249,1249,L1-full,105,0-29-30,3,False
S06,S06,1249,1249,L1-full,106,17-20-30,3,False
S06,S06,1249,1249,L1-full,107,1-16-22,3,False
S06,S06,1249,1249,L1-full,108,13-21-27,3,False
S06,S06,1249,1249,L1-full,109,5-11-25,3,False
S06,S06,1249,1249,L1-full,110,20-24-30,3,False
S06,S06,1249,1249,L1-full,111,6-16-24,3,False
S06,S06,1249,1249,L1-full,112,13-20-31,3,False
S06,S06,1249,1249,L1-full,113,16-23-30,3,False
S06,S06,1249,1249,L1-full,114,5-24-26,3,False
S06,S06,1249,1249,L1-full,115,15-24-27,3,False
S06,S06,1249,1249,L1-full,116,19-22,2,False
S06,S06,1249,1249,L1-full,117,4-13-15,3,False
S06,S06,1249,1249,L1-full,118,5-23-30,3,False
S06,S06,1249,1249,L1-full,119,13-21-29,3,False
S06,S06,1249,1249,L1-full,120,6-10-27,3,False
S06,S06,1249,1249,L1-full,121,1-15-20,3,False
S06,S06,1249,1249,L1-full,122,0-2-12,3,False
S06,S06,1249,1249,L1-full,123,12-16-18,3,False
S06,S06,1249,1249,L1-full,124,14-17-21,3,False
S06,S06,1249,1249,L1-full,125,12-21-31,3,False
S06,S06,1249,1249,L1-full,126,12-17-20,3,False
S06,S06,1249,1249,L1-full,127,3-19-27,3,False
S06,S06,1249,1249,L1-full,128,9-21,2,False
S06,S06,1249,1249,L1-full,129,6-14-22,3,False
S06,S06,1249,1249,L1-full,130,8-23,2,False
S06,S06,1249,1249,L1-full,131,12-14-21,3,False
S06,S06,1249,1249,L1-full,132,4-20-24,3,False
S06,S06,1249,1249,L1-full,133,11-12-13,3,False
S06,S06,1249,1249,L1-full,134,13-18-25,3,False
S06,S06,1249,1249,L1-full,135,24-30,2,False
S06,S06,1249,1249,L1-full,136,13-16-21,3,False
S06,S06,1249,1249,L1-full,137,5-8-31,3,False
S06,S06,1249,1249,L1-full,138,8-11-21,3,False
S06,S06,1249,1249,L1-full,139,3-22-30,3,False
S06,S06,1249,1249,L1-full,140,17-22-27,3,False
S06,S06,1249,1249,L1-full,141,1-11-21,3,False
S06,S06,1249,1249,L1-full,142,14-20-23,3,False
S06,S06,1249,1249,L1-full,143,5-26-29,3,False
S06,S06,1249,1249,L1-full,144,7-13-23,3,False
S06,S06,1249,1249,L1-full,145,18-23,2,False
S06,S06,1249,1249,L1-full,146,9-10-21,3,False
S06,S06,1249,1249,L1-full,147,3-9,2,False
S06,S06,1249,1249,L1-full,148,25-26-30,3,False
S06,S06,1249,1249,L1-full,149,18-19-29,3,False
S06,S06,1249,1249,L1-full,150,11-25-31,3,False
S06,S06,1249,1249,L1-full,151,16-27-28,3,False
S06,S06,1249,1249,L1-full,152,7-12-16,3,False
S06,S06,1249,1249,L1-full,153,9-10-24,3,False
S06,S06,1249,1249,L1-full,154,2-11-26,3,False
S06,S06,1249,1249,L1-full,155,5-11-16,3,False
S06,S06,1249,1249,L1-full,156,12-29-31,3,False
S06,S06,1249,1249,L1-full,157,4-12-15,3,False
S06,S06,1249,1249,L1-full,158,9-24-29,3,False
S06,S06,1249,1249,L1-full,159,11-16-29,3,False
S06,S06,1249,1249,L1-full,160,1-24-26,3,False
S06,S06,1249,1249,L1-full,161,12-27-29,3,False
S06,S06,1249,1249,L1-full,162,13-25,2,False
S06,S06,1249,1249,L1-full,163,9-21-28,3,False
S06,S06,1249,1249,L1-full,164,8-15-16,3,False
S06,S06,1249,1249,L1-full,165,8-13-19,3,False
S06,S06,1249,1249,L1-full,166,17-19-26,3,False
S06,S06,1249,1249,L1-full,167,2-13-28,3,False
S06,S06,1249,1249,L1-full,168,20-22-23,3,False
S06,S06,1249,1249,L1-full,169,25-27,2,False
S06,S06,1249,1249,L1-full,170,9-24-27,3,False
S06,S06,1249,1249,L1-full,171,4-11-25,3,False
S06,S06,1249,1249,L1-full,172,23-27-30,3,False
S06,S06,1249,1249,L1-full,173,21-23-30,3,False
S06,S06,1249,1249,L1-full,174,13-19-31,3,False
S06,S06,1249,1249,L1-full,175,10-28-30,3,False
S06,S06,1249,1249,L1-full,176,23-25-28,3,False
S06,S06,1249,1249,L1-full,177,8-23-28,3,False
S06,S06,1249,1249,L1-full,178,14-17-19,3,False
S06,S06,1249,1249,L1-full,179,7-22-30,3,False
S06,S06,1249,1249,L1-full,180,1-15-23,3,False
S06,S06,1249,1249,L1-full,181,3-5-31,3,False
S06,S06,1249,1249,L1-full,182,10-19-22,3,False
S06,S06,1249,1249,L1-full,183,3-18-30,3,False
S06,S06,1249,1249,L1-full,184,9-16-28,3,False
S06,S06,1249,1249,L1-full,185,11-28-30,3,False
S06,S06,1249,1249,L1-full,186,14-21-29,3,False
S06,S06,1249,1249,L1-full,187,20-21-27,3,False
S06,S06,1249,1249,L1-full,188,4-7-30,3,False
S06,S06,1249,1249,L1-full,189,5-13,2,False
S06,S06,1249,1249,L1-full,190,11-16-30,3,False
S06,S06,1249,1249,L1-full,191,3-10,2,False
S06,S06,1249,1249,L1-full,192,16-24,2,False
S06,S06,1249,1249,L1-full,193,8-11-17,3,False
S06,S06,1249,1249,L1-top8,1,0-1,2,True
S06,S06,1249,1249,L1-top8,2,2-3,2,True
S06,S06,1249,1249,L1-top8,3,4-5-6,3,True
S06,S06,1249,1249,L1-top8,4,7-8-9,3,True
S06,S06,1249,1249,L1-top8,5,17-22-29,3,False
S06,S06,1249,1249,L1-top8,6,16-20-23,3,False
S06,S06,1249,1249,L1-top8,7,4-17-30,3,False
S06,S06,1249,1249,L1-top8,8,22-27-30,3,False
S06,S06,1249,1249,L1-match,1,0-1,2,True
S06,S06,1249,1249,L1-match,2,2-3,2,True
S06,S06,1249,1249,L1-match,3,4-5-6,3,True
S06,S06,1249,1249,L1-match,4,7-8-9,3,True
S06,S06,1249,1249,SHIL-k8,1,0-1,2,True
S06,S06,1249,1249,SHIL-k8,2,2-3,2,True
S06,S06,1249,1249,SHIL-k8,3,4-5-6,3,True
S06,S06,1249,1249,SHIL-k8,4,7-8-9,3,True
S06,S06,1249,1249,SHIL-k8,5,5-14-26,3,False
S06,S06,1249,1249,SHIL-k8,6,8-29,2,False
S06,S06,1249,1249,SHIL-k8,7,9-16-17,3,False
S06,S06,1249,1249,SHIL-k8,8,15-19-29,3,False
S06,S06,1249,1249,SC-L1,1,0-1,2,True
S06,S06,1249,1249,SC-L1,2,2-3,2,True
S06,S06,1249,1249,SC-L1,3,4-5-6,3,True
S06,S06,1249,1249,SC-L1,4,7-8-9,3,True
S06,S06,1249,1249,SC-SHIL,1,0-1,2,True
S06,S06,1249,1249,SC-SHIL,2,2-3,2,True
S06,S06,1249,1249,SC-SHIL,3,4-5-6,3,True
S06,S06,1249,1249,SC-SHIL,4,7-8-9,3,True
S06,S06,1277,1277,L1-full,1,0-1,2,True
S06,S06,1277,1277,L1-full,2,2-3,2,True
S06,S06,1277,1277,L1-full,3,4-5-6,3,True
S06,S06,1277,1277,L1-full,4,7-8-9,3,True
S06,S06,1277,1277,L1-full,5,14-15-23,3,False
S06,S06,1277,1277,L1-full,6,9-25-30,3,False
S06,S06,1277,1277,L1-full,7,5-13-25,3,False
S06,S06,1277,1277,L1-full,8,4-11-31,3,False
S06,S06,1277,1277,L1-full,9,16-19-20,3,False
S06,S06,1277,1277,L1-full,10,8-15-30,3,False
S06,S06,1277,1277,L1-full,11,4-10-19,3,False
S06,S06,1277,1277,L1-full,12,1-29,2,False
S06,S06,1277,1277,L1-full,13,2-17-25,3,False
S06,S06,1277,1277,L1-full,14,7-19-24,3,False
S06,S06,1277,1277,L1-full,15,20-25-29,3,False
S06,S06,1277,1277,L1-full,16,17-20,2,False
S06,S06,1277,1277,L1-full,17,12-23-26,3,False
S06,S06,1277,1277,L1-full,18,13-16-24,3,False
S06,S06,1277,1277,L1-full,19,12-18,2,False
S06,S06,1277,1277,L1-full,20,11-22-29,3,False
S06,S06,1277,1277,L1-full,21,21-25-30,3,False
S06,S06,1277,1277,L1-full,22,4-10-18,3,False
S06,S06,1277,1277,L1-full,23,8-12-24,3,False
S06,S06,1277,1277,L1-full,24,18-19-31,3,False
S06,S06,1277,1277,L1-full,25,0-3-17,3,False
S06,S06,1277,1277,L1-full,26,20-23-25,3,False
S06,S06,1277,1277,L1-full,27,6-16-20,3,False
S06,S06,1277,1277,L1-full,28,11-17-23,3,False
S06,S06,1277,1277,L1-full,29,4-11-24,3,False
S06,S06,1277,1277,L1-full,30,4-18-27,3,False
S06,S06,1277,1277,L1-full,31,2-16-29,3,False
S06,S06,1277,1277,L1-full,32,4-7-15,3,False
S06,S06,1277,1277,L1-full,33,14-18-29,3,False
S06,S06,1277,1277,L1-full,34,6-25-28,3,False
S06,S06,1277,1277,L1-full,35,11-13-31,3,False
S06,S06,1277,1277,L1-full,36,13-22-28,3,False
S06,S06,1277,1277,L1-full,37,5-19-27,3,False
S06,S06,1277,1277,L1-full,38,0-3-20,3,False
S06,S06,1277,1277,L1-full,39,4-21,2,False
S06,S06,1277,1277,L1-full,40,7-15-28,3,False
S06,S06,1277,1277,L1-full,41,25-27-31,3,False
S06,S06,1277,1277,L1-full,42,11-24-27,3,False
S06,S06,1277,1277,L1-full,43,13-20-31,3,False
S06,S06,1277,1277,L1-full,44,21-22-26,3,False
S06,S06,1277,1277,L1-full,45,20-26-30,3,False
S06,S06,1277,1277,L1-full,46,3-7-26,3,False
S06,S06,1277,1277,L1-full,47,1-13-24,3,False
S06,S06,1277,1277,L1-full,48,1-10-30,3,False
S06,S06,1277,1277,L1-full,49,5-17-23,3,False
S06,S06,1277,1277,L1-full,50,6-13-15,3,False
S06,S06,1277,1277,L1-full,51,19-20-24,3,False
S06,S06,1277,1277,L1-full,52,10-19-26,3,False
S06,S06,1277,1277,L1-full,53,3-23-25,3,False
S06,S06,1277,1277,L1-full,54,13-20-28,3,False
S06,S06,1277,1277,L1-full,55,20-31,2,False
S06,S06,1277,1277,L1-full,56,20-21,2,False
S06,S06,1277,1277,L1-full,57,0-7-26,3,False
S06,S06,1277,1277,L1-full,58,7-19-31,3,False
S06,S06,1277,1277,L1-full,59,24-29,2,False
S06,S06,1277,1277,L1-full,60,9-17-19,3,False
S06,S06,1277,1277,L1-full,61,2-11-15,3,False
S06,S06,1277,1277,L1-full,62,10-16-25,3,False
S06,S06,1277,1277,L1-full,63,4-9-26,3,False
S06,S06,1277,1277,L1-full,64,16-17-28,3,False
S06,S06,1277,1277,L1-full,65,9-25-29,3,False
S06,S06,1277,1277,L1-full,66,4-21-27,3,False
S06,S06,1277,1277,L1-full,67,17-24-30,3,False
S06,S06,1277,1277,L1-full,68,12-21-30,3,False
S06,S06,1277,1277,L1-full,69,22-23-28,3,False
S06,S06,1277,1277,L1-full,70,12-14-31,3,False
S06,S06,1277,1277,L1-full,71,5-12-18,3,False
S06,S06,1277,1277,L1-full,72,4-20-29,3,False
S06,S06,1277,1277,L1-full,73,3-7-15,3,False
S06,S06,1277,1277,L1-full,74,6-11-14,3,False
S06,S06,1277,1277,L1-full,75,2-29,2,False
S06,S06,1277,1277,L1-full,76,19-22,2,False
S06,S06,1277,1277,L1-full,77,5-9-11,3,False
S06,S06,1277,1277,L1-full,78,13-20-21,3,False
S06,S06,1277,1277,L1-full,79,3-7,2,False
S06,S06,1277,1277,L1-full,80,19-20-30,3,False
S06,S06,1277,1277,L1-full,81,9-15-21,3,False
S06,S06,1277,1277,L1-full,82,4-13-20,3,False
S06,S06,1277,1277,L1-full,83,9-10-17,3,False
S06,S06,1277,1277,L1-full,84,8-14-24,3,False
S06,S06,1277,1277,L1-full,85,18-22-26,3,False
S06,S06,1277,1277,L1-full,86,7-17-31,3,False
S06,S06,1277,1277,L1-full,87,7-19-28,3,False
S06,S06,1277,1277,L1-full,88,9-19-22,3,False
S06,S06,1277,1277,L1-full,89,11-28-30,3,False
S06,S06,1277,1277,L1-full,90,10-17-31,3,False
S06,S06,1277,1277,L1-full,91,1-4-30,3,False
S06,S06,1277,1277,L1-full,92,9-19-24,3,False
S06,S06,1277,1277,L1-full,93,4-9-29,3,False
S06,S06,1277,1277,L1-full,94,10-26-29,3,False
S06,S06,1277,1277,L1-full,95,5-7-17,3,False
S06,S06,1277,1277,L1-full,96,1-2-22,3,False
S06,S06,1277,1277,L1-full,97,17-18-22,3,False
S06,S06,1277,1277,L1-full,98,10-16-29,3,False
S06,S06,1277,1277,L1-full,99,18-29-30,3,False
S06,S06,1277,1277,L1-full,100,6-7-18,3,False
S06,S06,1277,1277,L1-full,101,1-10-23,3,False
S06,S06,1277,1277,L1-full,102,4-21-23,3,False
S06,S06,1277,1277,L1-full,103,10-13-15,3,False
S06,S06,1277,1277,L1-full,104,11-12-19,3,False
S06,S06,1277,1277,L1-full,105,5-21,2,False
S06,S06,1277,1277,L1-full,106,15-30,2,False
S06,S06,1277,1277,L1-full,107,10-29-30,3,False
S06,S06,1277,1277,L1-full,108,4-21-30,3,False
S06,S06,1277,1277,L1-full,109,7-26-28,3,False
S06,S06,1277,1277,L1-full,110,1-4-23,3,False
S06,S06,1277,1277,L1-full,111,6-15-31,3,False
S06,S06,1277,1277,L1-full,112,9-15-27,3,False
S06,S06,1277,1277,L1-full,113,7-12-21,3,False
S06,S06,1277,1277,L1-full,114,9-21-26,3,False
S06,S06,1277,1277,L1-full,115,10-13-22,3,False
S06,S06,1277,1277,L1-full,116,9-10-31,3,False
S06,S06,1277,1277,L1-full,117,19-28,2,False
S06,S06,1277,1277,L1-full,118,12-15-28,3,False
S06,S06,1277,1277,L1-full,119,18-23-25,3,False
S06,S06,1277,1277,L1-full,120,12-22-28,3,False
S06,S06,1277,1277,L1-full,121,10-11-17,3,False
S06,S06,1277,1277,L1-full,122,1-17-29,3,False
S06,S06,1277,1277,L1-full,123,21-23-28,3,False
S06,S06,1277,1277,L1-full,124,25-28-29,3,False
S06,S06,1277,1277,L1-full,125,11-16-28,3,False
S06,S06,1277,1277,L1-full,126,3-23,2,False
S06,S06,1277,1277,L1-full,127,4-17-25,3,False
S06,S06,1277,1277,L1-full,128,7-14-26,3,False
S06,S06,1277,1277,L1-full,129,7-10-30,3,False
S06,S06,1277,1277,L1-full,130,5-28-31,3,False
S06,S06,1277,1277,L1-full,131,6-23-26,3,False
S06,S06,1277,1277,L1-full,132,2-17-29,3,False
S06,S06,1277,1277,L1-full,133,12-27-28,3,False
S06,S06,1277,1277,L1-full,134,19-23-24,3,False
S06,S06,1277,1277,L1-full,135,9-19-26,3,False
S06,S06,1277,1277,L1-full,136,9-10-19,3,False
S06,S06,1277,1277,L1-full,137,1-10-20,3,False
S06,S06,1277,1277,L1-full,138,6-20-25,3,False
S06,S06,1277,1277,L1-full,139,7-13-22,3,False
S06,S06,1277,1277,L1-full,140,10-18-26,3,False
S06,S06,1277,1277,L1-full,141,7-23-24,3,False
S06,S06,1277,1277,L1-full,142,24-26-29,3,False
S06,S06,1277,1277,L1-full,143,4-17-27,3,False
S06,S06,1277,1277,L1-full,144,5-25-30,3,False
S06,S06,1277,1277,L1-full,145,21-23-29,3,False
S06,S06,1277,1277,L1-full,146,6-13-23,3,False
S06,S06,1277,1277,L1-full,147,13-22-25,3,False
S06,S06,1277,1277,L1-full,148,5-7-10,3,False
S06,S06,1277,1277,L1-full,149,9-11-27,3,False
S06,S06,1277,1277,L1-full,150,12-23-27,3,False
S06,S06,1277,1277,L1-full,151,5-23-26,3,False
S06,S06,1277,1277,L1-full,152,20-27,2,False
S06,S06,1277,1277,L1-full,153,24-27-31,3,False
S06,S06,1277,1277,L1-full,154,15-20-25,3,False
S06,S06,1277,1277,L1-full,155,3-21-28,3,False
S06,S06,1277,1277,L1-full,156,17-21-23,3,False
S06,S06,1277,1277,L1-full,157,4-5-8,3,False
S06,S06,1277,1277,L1-full,158,7-24-27,3,False
S06,S06,1277,1277,L1-full,159,17-27,2,False
S06,S06,1277,1277,L1-full,160,18-30-31,3,False
S06,S06,1277,1277,L1-full,161,11-13-21,3,False
S06,S06,1277,1277,L1-full,162,18-20-30,3,False
S06,S06,1277,1277,L1-full,163,22-28-30,3,False
S06,S06,1277,1277,L1-full,164,11-22-30,3,False
S06,S06,1277,1277,L1-full,165,6-26-29,3,False
S06,S06,1277,1277,L1-full,166,3-8-22,3,False
S06,S06,1277,1277,L1-full,167,10-16-17,3,False
S06,S06,1277,1277,L1-full,168,7-17-25,3,False
S06,S06,1277,1277,L1-full,169,8-17-20,3,False
S06,S06,1277,1277,L1-full,170,9-14-19,3,False
S06,S06,1277,1277,L1-full,171,5-15-18,3,False
S06,S06,1277,1277,L1-full,172,3-25-26,3,False
S06,S06,1277,1277,L1-top8,1,0-1,2,True
S06,S06,1277,1277,L1-top8,2,2-3,2,True
S06,S06,1277,1277,L1-top8,3,4-5-6,3,True
S06,S06,1277,1277,L1-top8,4,7-8-9,3,True
S06,S06,1277,1277,L1-top8,5,14-15-23,3,False
S06,S06,1277,1277,L1-top8,6,9-25-30,3,False
S06,S06,1277,1277,L1-top8,7,5-13-25,3,False
S06,S06,1277,1277,L1-top8,8,4-11-31,3,False
S06,S06,1277,1277,L1-match,1,0-1,2,True
S06,S06,1277,1277,L1-match,2,2-3,2,True
S06,S06,1277,1277,L1-match,3,4-5-6,3,True
S06,S06,1277,1277,L1-match,4,7-8-9,3,True
S06,S06,1277,1277,SHIL-k8,1,0-1,2,True
S06,S06,1277,1277,SHIL-k8,2,2-3,2,True
S06,S06,1277,1277,SHIL-k8,3,4-5-6,3,True
S06,S06,1277,1277,SHIL-k8,4,7-8-9,3,True
S06,S06,1277,1277,SHIL-k8,5,19-20,2,False
S06,S06,1277,1277,SHIL-k8,6,1-3-21,3,False
S06,S06,1277,1277,SHIL-k8,7,1-20-26,3,False
S06,S06,1277,1277,SHIL-k8,8,17-22,2,False
S06,S06,1277,1277,SC-L1,1,0-1,2,True
S06,S06,1277,1277,SC-L1,2,2-3,2,True
S06,S06,1277,1277,SC-L1,3,4-5-6,3,True
S06,S06,1277,1277,SC-L1,4,7-8-9,3,True
S06,S06,1277,1277,SC-SHIL,1,0-1,2,True
S06,S06,1277,1277,SC-SHIL,2,2-3,2,True
S06,S06,1277,1277,SC-SHIL,3,4-5-6,3,True
S06,S06,1277,1277,SC-SHIL,4,7-8-9,3,True
S07,S07,1103,1103,L1-full,1,0-1,2,True
S07,S07,1103,1103,L1-full,2,4-5-6,3,True
S07,S07,1103,1103,L1-full,3,7-8-9,3,True
S07,S07,1103,1103,L1-full,4,2-3,2,True
S07,S07,1103,1103,L1-full,5,12-14-15,3,False
S07,S07,1103,1103,L1-full,6,0-5-13,3,False
S07,S07,1103,1103,L1-full,7,5-12-15,3,False
S07,S07,1103,1103,L1-full,8,0-2-15,3,False
S07,S07,1103,1103,L1-full,9,6-10-15,3,False
S07,S07,1103,1103,L1-full,10,1-3-9,3,False
S07,S07,1103,1103,L1-full,11,0-8-11,3,False
S07,S07,1103,1103,L1-full,12,2-4-6,3,False
S07,S07,1103,1103,L1-full,13,7-13-15,3,False
S07,S07,1103,1103,L1-full,14,5-13-15,3,False
S07,S07,1103,1103,L1-full,15,1-5-13,3,False
S07,S07,1103,1103,L1-full,16,10-13,2,False
S07,S07,1103,1103,L1-full,17,3-6-8,3,False
S07,S07,1103,1103,L1-full,18,3-11-12,3,False
S07,S07,1103,1103,L1-full,19,2-9-10,3,False
S07,S07,1103,1103,L1-full,20,4-13,2,False
S07,S07,1103,1103,L1-full,21,8-10-14,3,False
S07,S07,1103,1103,L1-full,22,5-9-13,3,False
S07,S07,1103,1103,L1-full,23,2-5-13,3,False
S07,S07,1103,1103,L1-full,24,2-8-15,3,False
S07,S07,1103,1103,L1-full,25,3-8-10,3,False
S07,S07,1103,1103,L1-full,26,0-5-10,3,False
S07,S07,1103,1103,L1-full,27,2-9-14,3,False
S07,S07,1103,1103,L1-full,28,5-6-15,3,False
S07,S07,1103,1103,L1-full,29,2-6,2,False
S07,S07,1103,1103,L1-full,30,10-11-12,3,False
S07,S07,1103,1103,L1-full,31,3-7-15,3,False
S07,S07,1103,1103,L1-full,32,3-4-8,3,False
S07,S07,1103,1103,L1-full,33,0-10-12,3,False
S07,S07,1103,1103,L1-full,34,1-2-6,3,False
S07,S07,1103,1103,L1-full,35,0-7-12,3,False
S07,S07,1103,1103,L1-full,36,4-8-13,3,False
S07,S07,1103,1103,L1-full,37,0-7,2,False
S07,S07,1103,1103,L1-full,38,6-11-14,3,False
S07,S07,1103,1103,L1-full,39,2-4-11,3,False
S07,S07,1103,1103,L1-full,40,4-9-14,3,False
S07,S07,1103,1103,L1-full,41,5-10-14,3,False
S07,S07,1103,1103,L1-full,42,8-12-14,3,False
S07,S07,1103,1103,L1-full,43,2-4-13,3,False
S07,S07,1103,1103,L1-full,44,5-12-14,3,False
S07,S07,1103,1103,L1-full,45,4-9-11,3,False
S07,S07,1103,1103,L1-full,46,13-14,2,False
S07,S07,1103,1103,L1-full,47,4-12-13,3,False
S07,S07,1103,1103,L1-full,48,1-5-15,3,False
S07,S07,1103,1103,L1-full,49,4-14,2,False
S07,S07,1103,1103,L1-full,50,8-9-14,3,False
S07,S07,1103,1103,L1-full,51,1-5-6,3,False
S07,S07,1103,1103,L1-full,52,0-15,2,False
S07,S07,1103,1103,L1-full,53,1-4-8,3,False
S07,S07,1103,1103,L1-full,54,2-6-12,3,False
S07,S07,1103,1103,L1-full,55,1-7-9,3,False
S07,S07,1103,1103,L1-full,56,1-4-6,3,False
S07,S07,1103,1103,L1-full,57,3-6-14,3,False
S07,S07,1103,1103,L1-full,58,3-14-15,3,False
S07,S07,1103,1103,L1-full,59,10-15,2,False
S07,S07,1103,1103,L1-full,60,9-13-15,3,False
S07,S07,1103,1103,L1-full,61,0-4-9,3,False
S07,S07,1103,1103,L1-full,62,12-15,2,False
S07,S07,1103,1103,L1-full,63,2-10,2,False
S07,S07,1103,1103,L1-full,64,2-11-12,3,False
S07,S07,1103,1103,L1-full,65,5-10-13,3,False
S07,S07,1103,1103,L1-full,66,6-7-8,3,False
S07,S07,1103,1103,L1-full,67,3-12,2,False
S07,S07,1103,1103,L1-full,68,0-6-7,3,False
S07,S07,1103,1103,L1-full,69,1-7-10,3,False
S07,S07,1103,1103,L1-full,70,9-11-15,3,False
S07,S07,1103,1103,L1-full,71,0-4-13,3,False
S07,S07,1103,1103,L1-full,72,4-10-13,3,False
S07,S07,1103,1103,L1-full,73,0-2-14,3,False
S07,S07,1103,1103,L1-full,74,9-14,2,False
S07,S07,1103,1103,L1-full,75,5-6-10,3,False
S07,S07,1103,1103,L1-full,76,8-11-14,3,False
S07,S07,1103,1103,L1-full,77,1-3-6,3,False
S07,S07,1103,1103,L1-full,78,3-7-10,3,False
S07,S07,1103,1103,L1-full,79,6-7-12,3,False
S07,S07,1103,1103,L1-full,80,6-11,2,False
S07,S07,1103,1103,L1-full,81,5-15,2,False
S07,S07,1103,1103,L1-full,82,7-9-14,3,False
S07,S07,1103,1103,L1-full,83,1-2-4,3,False
S07,S07,1103,1103,L1-full,84,4-8-10,3,False
S07,S07,1103,1103,L1-full,85,6-8-11,3,False
S07,S07,1103,1103,L1-full,86,5-13,2,False
S07,S07,1103,1103,L1-full,87,4-9,2,False
S07,S07,1103,1103,L1-full,88,2-3-5,3,False
S07,S07,1103,1103,L1-full,89,0-3-8,3,False
S07,S07,1103,1103,L1-full,90,1-2-14,3,False
S07,S07,1103,1103,L1-full,91,2-4-12,3,False
S07,S07,1103,1103,L1-full,92,11-14,2,False
S07,S07,1103,1103,L1-full,93,3-4-5,3,False
S07,S07,1103,1103,L1-full,94,3-7-14,3,False
S07,S07,1103,1103,L1-full,95,9-11,2,False
S07,S07,1103,1103,L1-full,96,8-9-11,3,False
S07,S07,1103,1103,L1-full,97,1-5-14,3,False
S07,S07,1103,1103,L1-full,98,5-14-15,3,False
S07,S07,1103,1103,L1-full,99,3-4,2,False
S07,S07,1103,1103,L1-full,100,9-12-15,3,False
S07,S07,1103,1103,L1-full,101,1-8-12,3,False
S07,S07,1103,1103,L1-full,102,7-14,2,False
S07,S07,1103,1103,L1-full,103,10-12-15,3,False
S07,S07,1103,1103,L1-full,104,0-7-13,3,False
S07,S07,1103,1103,L1-full,105,1-2-11,3,False
S07,S07,1103,1103,L1-full,106,6-10-13,3,False
S07,S07,1103,1103,L1-full,107,1-11-14,3,False
S07,S07,1103,1103,L1-full,108,8-11-13,3,False
S07,S07,1103,1103,L1-full,109,5-7-8,3,False
S07,S07,1103,1103,L1-full,110,1-6-10,3,False
S07,S07,1103,1103,L1-full,111,0-4-15,3,False
S07,S07,1103,1103,L1-full,112,7-10-14,3,False
S07,S07,1103,1103,L1-full,113,4-7-12,3,False
S07,S07,1103,1103,L1-full,114,7-15,2,False
S07,S07,1103,1103,L1-full,115,12-14,2,False
S07,S07,1103,1103,L1-full,116,5-10,2,False
S07,S07,1103,1103,L1-full,117,3-5-7,3,False
S07,S07,1103,1103,L1-full,118,4-10,2,False
S07,S07,1103,1103,L1-full,119,9-11-12,3,False
S07,S07,1103,1103,L1-full,120,7-12-13,3,False
S07,S07,1103,1103,L1-full,121,8-11-12,3,False
S07,S07,1103,1103,L1-full,122,0-4-12,3,False
S07,S07,1103,1103,L1-full,123,1-10-15,3,False
S07,S07,1103,1103,L1-full,124,0-1-12,3,False
S07,S07,1103,1103,L1-full,125,1-9-13,3,False
S07,S07,1103,1103,L1-full,126,1-10-14,3,False
S07,S07,1103,1103,L1-top8,1,0-1,2,True
S07,S07,1103,1103,L1-top8,2,4-5-6,3,True
S07,S07,1103,1103,L1-top8,3,7-8-9,3,True
S07,S07,1103,1103,L1-top8,4,2-3,2,True
S07,S07,1103,1103,L1-top8,5,12-14-15,3,False
S07,S07,1103,1103,L1-top8,6,0-5-13,3,False
S07,S07,1103,1103,L1-top8,7,5-12-15,3,False
S07,S07,1103,1103,L1-top8,8,0-2-15,3,False
S07,S07,1103,1103,L1-match,1,0-1,2,True
S07,S07,1103,1103,L1-match,2,4-5-6,3,True
S07,S07,1103,1103,L1-match,3,7-8-9,3,True
S07,S07,1103,1103,L1-match,4,2-3,2,True
S07,S07,1103,1103,SHIL-k8,1,0-1,2,True
S07,S07,1103,1103,SHIL-k8,2,2-3,2,True
S07,S07,1103,1103,SHIL-k8,3,4-5-6,3,True
S07,S07,1103,1103,SHIL-k8,4,7-8-9,3,True
S07,S07,1103,1103,SHIL-k8,5,5-13-15,3,False
S07,S07,1103,1103,SHIL-k8,6,3-6-8,3,False
S07,S07,1103,1103,SHIL-k8,7,3-4-7,3,False
S07,S07,1103,1103,SHIL-k8,8,7-13-15,3,False
S07,S07,1103,1103,SC-L1,1,0-1,2,True
S07,S07,1103,1103,SC-L1,2,2-3,2,True
S07,S07,1103,1103,SC-L1,3,4-5-6,3,True
S07,S07,1103,1103,SC-L1,4,7-8-9,3,True
S07,S07,1103,1103,SC-SHIL,1,0-1,2,True
S07,S07,1103,1103,SC-SHIL,2,2-3,2,True
S07,S07,1103,1103,SC-SHIL,3,4-5-6,3,True
S07,S07,1103,1103,SC-SHIL,4,7-8-9,3,True
S07,S07,1129,1129,L1-full,1,0-1,2,True
S07,S07,1129,1129,L1-full,2,4-5-6,3,True
S07,S07,1129,1129,L1-full,3,2-3,2,True
S07,S07,1129,1129,L1-full,4,7-8-9,3,True
S07,S07,1129,1129,L1-full,5,0-11-13,3,False
S07,S07,1129,1129,L1-full,6,5-11-13,3,False
S07,S07,1129,1129,L1-full,7,9-13-14,3,False
S07,S07,1129,1129,L1-full,8,1-3-6,3,False
S07,S07,1129,1129,L1-full,9,7-8-10,3,False
S07,S07,1129,1129,L1-full,10,6-11-14,3,False
S07,S07,1129,1129,L1-full,11,2-10,2,False
S07,S07,1129,1129,L1-full,12,5-7-10,3,False
S07,S07,1129,1129,L1-full,13,7-8-12,3,False
S07,S07,1129,1129,L1-full,14,2-6-8,3,False
S07,S07,1129,1129,L1-full,15,8-12-15,3,False
S07,S07,1129,1129,L1-full,16,1-3-11,3,False
S07,S07,1129,1129,L1-full,17,3-8-14,3,False
S07,S07,1129,1129,L1-full,18,0-5-8,3,False
S07,S07,1129,1129,L1-full,19,4-14-15,3,False
S07,S07,1129,1129,L1-full,20,2-7-13,3,False
S07,S07,1129,1129,L1-full,21,2-10-11,3,False
S07,S07,1129,1129,L1-full,22,3-5-15,3,False
S07,S07,1129,1129,L1-full,23,1-5-10,3,False
S07,S07,1129,1129,L1-full,24,6-8-15,3,False
S07,S07,1129,1129,L1-full,25,4-7-13,3,False
S07,S07,1129,1129,L1-full,26,3-11-13,3,False
S07,S07,1129,1129,L1-full,27,0-4-6,3,False
S07,S07,1129,1129,L1-full,28,6-9-13,3,False
S07,S07,1129,1129,L1-full,29,5-12,2,False
S07,S07,1129,1129,L1-full,30,0-2-14,3,False
S07,S07,1129,1129,L1-full,31,3-10-13,3,False
S07,S07,1129,1129,L1-full,32,1-6-8,3,False
S07,S07,1129,1129,L1-full,33,0-1-15,3,False
S07,S07,1129,1129,L1-full,34,5-11-14,3,False
S07,S07,1129,1129,L1-full,35,4-9-13,3,False
S07,S07,1129,1129,L1-full,36,9-10-14,3,False
S07,S07,1129,1129,L1-full,37,4-9-14,3,False
S07,S07,1129,1129,L1-full,38,3-8-15,3,False
S07,S07,1129,1129,L1-full,39,2-7-10,3,False
S07,S07,1129,1129,L1-full,40,5-10-11,3,False
S07,S07,1129,1129,L1-full,41,7-11-12,3,False
S07,S07,1129,1129,L1-full,42,6-8-13,3,False
S07,S07,1129,1129,L1-full,43,2-4-14,3,False
S07,S07,1129,1129,L1-full,44,11-15,2,False
S07,S07,1129,1129,L1-full,45,7-9,2,False
S07,S07,1129,1129,L1-full,46,0-6-13,3,False
S07,S07,1129,1129,L1-full,47,0-4-15,3,False
S07,S07,1129,1129,L1-full,48,7-11-14,3,False
S07,S07,1129,1129,L1-full,49,8-9-14,3,False
S07,S07,1129,1129,L1-full,50,1-5-8,3,False
S07,S07,1129,1129,L1-full,51,1-10-15,3,False
S07,S07,1129,1129,L1-full,52,0-2-13,3,False
S07,S07,1129,1129,L1-full,53,2-3-15,3,False
S07,S07,1129,1129,L1-full,54,2-8-13,3,False
S07,S07,1129,1129,L1-full,55,0-6-10,3,False
S07,S07,1129,1129,L1-full,56,10-11-12,3,False
S07,S07,1129,1129,L1-full,57,5-10-15,3,False
S07,S07,1129,1129,L1-full,58,7-9-14,3,False
S07,S07,1129,1129,L1-full,59,4-12-13,3,False
S07,S07,1129,1129,L1-full,60,3-10-15,3,False
S07,S07,1129,1129,L1-full,61,8-15,2,False
S07,S07,1129,1129,L1-full,62,3-5-10,3,False
S07,S07,1129,1129,L1-full,63,1-9-14,3,False
S07,S07,1129,1129,L1-full,64,0-5-15,3,False
S07,S07,1129,1129,L1-full,65,6-7-8,3,False
S07,S07,1129,1129,L1-full,66,6-7-13,3,False
S07,S07,1129,1129,L1-full,67,0-1-12,3,False
S07,S07,1129,1129,L1-full,68,1-2-12,3,False
S07,S07,1129,1129,L1-full,69,0-6-11,3,False
S07,S07,1129,1129,L1-full,70,4-8-9,3,False
S07,S07,1129,1129,L1-full,71,1-4-5,3,False
S07,S07,1129,1129,L1-full,72,2-9-11,3,False
S07,S07,1129,1129,L1-full,73,5-9-10,3,False
S07,S07,1129,1129,L1-full,74,9-15,2,False
S07,S07,1129,1129,L1-full,75,9-11-14,3,False
S07,S07,1129,1129,L1-full,76,1-9,2,False
S07,S07,1129,1129,L1-full,77,0-3-11,3,False
S07,S07,1129,1129,L1-full,78,5-11,2,False
S07,S07,1129,1129,L1-full,79,12-15,2,False
S07,S07,1129,1129,L1-full,80,0-3-14,3,False
S07,S07,1129,1129,L1-full,81,8-11-13,3,False
S07,S07,1129,1129,L1-full,82,5-15,2,False
S07,S07,1129,1129,L1-full,83,1-4-7,3,False
S07,S07,1129,1129,L1-full,84,4-7-12,3,False
S07,S07,1129,1129,L1-full,85,2-11,2,False
S07,S07,1129,1129,L1-full,86,6-10-13,3,False
S07,S07,1129,1129,L1-full,87,1-6-9,3,False
S07,S07,1129,1129,L1-full,88,3-11,2,False
S07,S07,1129,1129,L1-full,89,2-14-15,3,False
S07,S07,1129,1129,L1-full,90,2-4-12,3,False
S07,S07,1129,1129,L1-full,91,2-7-9,3,False
S07,S07,1129,1129,L1-full,92,3-13-15,3,False
S07,S07,1129,1129,L1-full,93,5-10-14,3,False
S07,S07,1129,1129,L1-full,94,8-9-12,3,False
S07,S07,1129,1129,L1-full,95,7-9-13,3,False
S07,S07,1129,1129,L1-full,96,4-8-14,3,False
S07,S07,1129,1129,L1-full,97,1-5,2,False
S07,S07,1129,1129,L1-full,98,1-11-14,3,False
S07,S07,1129,1129,L1-full,99,3-12,2,False
S07,S07,1129,1129,L1-full,100,7-13,2,False
S07,S07,1129,1129,L1-full,101,7-9-15,3,False
S07,S07,1129,1129,L1-full,102,7-10,2,False
S07,S07,1129,1129,L1-full,103,4-7-14,3,False
S07,S07,1129,1129,L1-full,104,3-8-9,3,False
S07,S07,1129,1129,L1-full,105,7-10-15,3,False
S07,S07,1129,1129,L1-full,106,3-11-15,3,False
S07,S07,1129,1129,L1-full,107,11-14-15,3,False
S07,S07,1129,1129,L1-full,108,3-10-12,3,False
S07,S07,1129,1129,L1-full,109,9-12-14,3,False
S07,S07,1129,1129,L1-full,110,1-8,2,False
S07,S07,1129,1129,L1-top8,1,0-1,2,True
S07,S07,1129,1129,L1-top8,2,4-5-6,3,True
S07,S07,1129,1129,L1-top8,3,2-3,2,True
S07,S07,1129,1129,L1-top8,4,7-8-9,3,True
S07,S07,1129,1129,L1-top8,5,0-11-13,3,False
S07,S07,1129,1129,L1-top8,6,5-11-13,3,False
S07,S07,1129,1129,L1-top8,7,9-13-14,3,False
S07,S07,1129,1129,L1-top8,8,1-3-6,3,False
S07,S07,1129,1129,L1-match,1,0-1,2,True
S07,S07,1129,1129,L1-match,2,4-5-6,3,True
S07,S07,1129,1129,L1-match,3,2-3,2,True
S07,S07,1129,1129,L1-match,4,7-8-9,3,True
S07,S07,1129,1129,SHIL-k8,1,0-1,2,True
S07,S07,1129,1129,SHIL-k8,2,2-3,2,True
S07,S07,1129,1129,SHIL-k8,3,4-5-6,3,True
S07,S07,1129,1129,SHIL-k8,4,7-8-9,3,True
S07,S07,1129,1129,SHIL-k8,5,3-8-11,3,False
S07,S07,1129,1129,SHIL-k8,6,2-10-11,3,False
S07,S07,1129,1129,SHIL-k8,7,0-6-10,3,False
S07,S07,1129,1129,SHIL-k8,8,4-6-9,3,False
S07,S07,1129,1129,SC-L1,1,0-1,2,True
S07,S07,1129,1129,SC-L1,2,2-3,2,True
S07,S07,1129,1129,SC-L1,3,4-5-6,3,True
S07,S07,1129,1129,SC-L1,4,7-8-9,3,True
S07,S07,1129,1129,SC-SHIL,1,0-1,2,True
S07,S07,1129,1129,SC-SHIL,2,2-3,2,True
S07,S07,1129,1129,SC-SHIL,3,4-5-6,3,True
S07,S07,1129,1129,SC-SHIL,4,7-8-9,3,True
S07,S07,1151,1151,L1-full,1,4-5-6,3,True
S07,S07,1151,1151,L1-full,2,0-1,2,True
S07,S07,1151,1151,L1-full,3,2-3,2,True
S07,S07,1151,1151,L1-full,4,7-8-9,3,True
S07,S07,1151,1151,L1-full,5,0-3-5,3,False
S07,S07,1151,1151,L1-full,6,0-5-11,3,False
S07,S07,1151,1151,L1-full,7,1-3-10,3,False
S07,S07,1151,1151,L1-full,8,3-11-15,3,False
S07,S07,1151,1151,L1-full,9,7-11-15,3,False
S07,S07,1151,1151,L1-full,10,10-13-14,3,False
S07,S07,1151,1151,L1-full,11,4-14,2,False
S07,S07,1151,1151,L1-full,12,1-8-10,3,False
S07,S07,1151,1151,L1-full,13,9-11-14,3,False
S07,S07,1151,1151,L1-full,14,2-9-12,3,False
S07,S07,1151,1151,L1-full,15,0-1-3,3,False
S07,S07,1151,1151,L1-full,16,2-13,2,False
S07,S07,1151,1151,L1-full,17,1-9-14,3,False
S07,S07,1151,1151,L1-full,18,7-10-15,3,False
S07,S07,1151,1151,L1-full,19,5-14-15,3,False
S07,S07,1151,1151,L1-full,20,1-4,2,False
S07,S07,1151,1151,L1-full,21,5-8-13,3,False
S07,S07,1151,1151,L1-full,22,3-11-13,3,False
S07,S07,1151,1151,L1-full,23,0-5-6,3,False
S07,S07,1151,1151,L1-full,24,2-12-13,3,False
S07,S07,1151,1151,L1-full,25,1-3-5,3,False
S07,S07,1151,1151,L1-full,26,6-11-15,3,False
S07,S07,1151,1151,L1-full,27,2-15,2,False
S07,S07,1151,1151,L1-full,28,3-4-14,3,False
S07,S07,1151,1151,L1-full,29,1-9-12,3,False
S07,S07,1151,1151,L1-full,30,0-2-7,3,False
S07,S07,1151,1151,L1-full,31,7-10-12,3,False
S07,S07,1151,1151,L1-full,32,0-5-9,3,False
S07,S07,1151,1151,L1-full,33,5-6-12,3,False
S07,S07,1151,1151,L1-full,34,7-9-11,3,False
S07,S07,1151,1151,L1-full,35,6-14,2,False
S07,S07,1151,1151,L1-full,36,2-11-13,3,False
S07,S07,1151,1151,L1-full,37,4-6-9,3,False
S07,S07,1151,1151,L1-full,38,2-8,2,False
S07,S07,1151,1151,L1-full,39,1-10-12,3,False
S07,S07,1151,1151,L1-full,40,5-11,2,False
S07,S07,1151,1151,L1-full,41,0-9-12,3,False
S07,S07,1151,1151,L1-full,42,10-14-15,3,False
S07,S07,1151,1151,L1-full,43,4-5-9,3,False
S07,S07,1151,1151,L1-full,44,5-9-11,3,False
S07,S07,1151,1151,L1-full,45,2-12-15,3,False
S07,S07,1151,1151,L1-full,46,4-6-10,3,False
S07,S07,1151,1151,L1-full,47,0-4-10,3,False
S07,S07,1151,1151,L1-full,48,1-5-15,3,False
S07,S07,1151,1151,L1-full,49,8-10-14,3,False
S07,S07,1151,1151,L1-full,50,0-1-12,3,False
S07,S07,1151,1151,L1-full,51,0-7-15,3,False
S07,S07,1151,1151,L1-full,52,7-9-13,3,False
S07,S07,1151,1151,L1-full,53,2-5-8,3,False
S07,S07,1151,1151,L1-full,54,2-8-11,3,False
S07,S07,1151,1151,L1-full,55,6-13-14,3,False
S07,S07,1151,1151,L1-full,56,4-11-14,3,False
S07,S07,1151,1151,L1-full,57,5-6-7,3,False
S07,S07,1151,1151,L1-full,58,3-7-8,3,False
S07,S07,1151,1151,L1-full,59,0-8-11,3,False
S07,S07,1151,1151,L1-full,60,3-10-11,3,False
S07,S07,1151,1151,L1-full,61,6-7-12,3,False
S07,S07,1151,1151,L1-full,62,11-12-13,3,False
S07,S07,1151,1151,L1-full,63,1-2-5,3,False
S07,S07,1151,1151,L1-full,64,3-9-12,3,False
S07,S07,1151,1151,L1-full,65,0-11-13,3,False
S07,S07,1151,1151,L1-full,66,5-11-15,3,False
S07,S07,1151,1151,L1-full,67,1-6-9,3,False
S07,S07,1151,1151,L1-full,68,10-11,2,False
S07,S07,1151,1151,L1-full,69,3-9,2,False
S07,S07,1151,1151,L1-full,70,3-4-11,3,False
S07,S07,1151,1151,L1-full,71,7-11-13,3,False
S07,S07,1151,1151,L1-full,72,0-5-7,3,False
S07,S07,1151,1151,L1-full,73,3-8-15,3,False
S07,S07,1151,1151,L1-full,74,14-15,2,False
S07,S07,1151,1151,L1-full,75,3-8-14,3,False
S07,S07,1151,1151,L1-full,76,6-9,2,False
S07,S07,1151,1151,L1-full,77,1-7-11,3,False
S07,S07,1151,1151,L1-full,78,5-6-13,3,False
S07,S07,1151,1151,L1-full,79,1-13-14,3,False
S07,S07,1151,1151,L1-full,80,1-2-6,3,False
S07,S07,1151,1151,L1-full,81,1-4-11,3,False
S07,S07,1151,1151,L1-full,82,8-14,2,False
S07,S07,1151,1151,L1-full,83,0-2-15,3,False
S07,S07,1151,1151,L1-full,84,3-7-14,3,False
S07,S07,1151,1151,L1-full,85,3-6-9,3,False
S07,S07,1151,1151,L1-full,86,4-10-12,3,False
S07,S07,1151,1151,L1-full,87,10-12,2,False
S07,S07,1151,1151,L1-full,88,0-6,2,False
S07,S07,1151,1151,L1-full,89,0-1-9,3,False
S07,S07,1151,1151,L1-full,90,12-13-14,3,False
S07,S07,1151,1151,L1-full,91,2-9-13,3,False
S07,S07,1151,1151,L1-full,92,0-8-14,3,False
S07,S07,1151,1151,L1-full,93,6-9-12,3,False
S07,S07,1151,1151,L1-full,94,4-12,2,False
S07,S07,1151,1151,L1-full,95,4-8,2,False
S07,S07,1151,1151,L1-full,96,3-7-12,3,False
S07,S07,1151,1151,L1-full,97,0-8,2,False
S07,S07,1151,1151,L1-full,98,2-7-13,3,False
S07,S07,1151,1151,L1-full,99,3-5-6,3,False
S07,S07,1151,1151,L1-full,100,7-10-14,3,False
S07,S07,1151,1151,L1-full,101,3-12-13,3,False
S07,S07,1151,1151,L1-full,102,5-10-15,3,False
S07,S07,1151,1151,L1-full,103,1-2-9,3,False
S07,S07,1151,1151,L1-full,104,1-7,2,False
S07,S07,1151,1151,L1-full,105,2-8-12,3,False
S07,S07,1151,1151,L1-full,106,8-12,2,False
S07,S07,1151,1151,L1-full,107,2-5-6,3,False
S07,S07,1151,1151,L1-full,108,0-2-12,3,False
S07,S07,1151,1151,L1-full,109,7-9-15,3,False
S07,S07,1151,1151,L1-full,110,2-11-14,3,False
S07,S07,1151,1151,L1-full,111,1-6-12,3,False
S07,S07,1151,1151,L1-full,112,4-9-11,3,False
S07,S07,1151,1151,L1-full,113,1-11,2,False
S07,S07,1151,1151,L1-full,114,3-5-13,3,False
S07,S07,1151,1151,L1-full,115,4-8-15,3,False
S07,S07,1151,1151,L1-full,116,2-4-13,3,False
S07,S07,1151,1151,L1-full,117,0-13-15,3,False
S07,S07,1151,1151,L1-full,118,12-14-15,3,False
S07,S07,1151,1151,L1-full,119,2-4-7,3,False
S07,S07,1151,1151,L1-full,120,0-9-13,3,False
S07,S07,1151,1151,L1-top8,1,4-5-6,3,True
S07,S07,1151,1151,L1-top8,2,0-1,2,True
S07,S07,1151,1151,L1-top8,3,2-3,2,True
S07,S07,1151,1151,L1-top8,4,7-8-9,3,True
S07,S07,1151,1151,L1-top8,5,0-3-5,3,False
S07,S07,1151,1151,L1-top8,6,0-5-11,3,False
S07,S07,1151,1151,L1-top8,7,1-3-10,3,False
S07,S07,1151,1151,L1-top8,8,3-11-15,3,False
S07,S07,1151,1151,L1-match,1,4-5-6,3,True
S07,S07,1151,1151,L1-match,2,0-1,2,True
S07,S07,1151,1151,L1-match,3,2-3,2,True
S07,S07,1151,1151,L1-match,4,7-8-9,3,True
S07,S07,1151,1151,SHIL-k8,1,0-1,2,True
S07,S07,1151,1151,SHIL-k8,2,2-3,2,True
S07,S07,1151,1151,SHIL-k8,3,4-5-6,3,True
S07,S07,1151,1151,SHIL-k8,4,7-8-9,3,True
S07,S07,1151,1151,SHIL-k8,5,0-8-14,3,False
S07,S07,1151,1151,SHIL-k8,6,4-6-10,3,False
S07,S07,1151,1151,SHIL-k8,7,7-11-15,3,False
S07,S07,1151,1151,SHIL-k8,8,0-9-13,3,False
S07,S07,1151,1151,SC-L1,1,0-1,2,True
S07,S07,1151,1151,SC-L1,2,2-3,2,True
S07,S07,1151,1151,SC-L1,3,4-5-6,3,True
S07,S07,1151,1151,SC-L1,4,7-8-9,3,True
S07,S07,1151,1151,SC-SHIL,1,0-1,2,True
S07,S07,1151,1151,SC-SHIL,2,2-3,2,True
S07,S07,1151,1151,SC-SHIL,3,4-5-6,3,True
S07,S07,1151,1151,SC-SHIL,4,7-8-9,3,True
S07,S07,1171,1171,L1-full,1,4-5-6,3,True
S07,S07,1171,1171,L1-full,2,2-3,2,True
S07,S07,1171,1171,L1-full,3,0-1,2,True
S07,S07,1171,1171,L1-full,4,7-8-9,3,True
S07,S07,1171,1171,L1-full,5,4-5-14,3,False
S07,S07,1171,1171,L1-full,6,3-6-10,3,False
S07,S07,1171,1171,L1-full,7,2-5-15,3,False
S07,S07,1171,1171,L1-full,8,3-5,2,False
S07,S07,1171,1171,L1-full,9,2-7-14,3,False
S07,S07,1171,1171,L1-full,10,0-2-4,3,False
S07,S07,1171,1171,L1-full,11,1-14,2,False
S07,S07,1171,1171,L1-full,12,3-8,2,False
S07,S07,1171,1171,L1-full,13,1-3-6,3,False
S07,S07,1171,1171,L1-full,14,5-9,2,False
S07,S07,1171,1171,L1-full,15,8-12,2,False
S07,S07,1171,1171,L1-full,16,7-10-11,3,False
S07,S07,1171,1171,L1-full,17,1-7,2,False
S07,S07,1171,1171,L1-full,18,0-5-7,3,False
S07,S07,1171,1171,L1-full,19,4-6,2,False
S07,S07,1171,1171,L1-full,20,1-6-15,3,False
S07,S07,1171,1171,L1-full,21,2-13,2,False
S07,S07,1171,1171,L1-full,22,7-11-13,3,False
S07,S07,1171,1171,L1-full,23,8-10-14,3,False
S07,S07,1171,1171,L1-full,24,7-12,2,False
S07,S07,1171,1171,L1-full,25,1-3-5,3,False
S07,S07,1171,1171,L1-full,26,2-11-14,3,False
S07,S07,1171,1171,L1-full,27,5-9-13,3,False
S07,S07,1171,1171,L1-full,28,2-14-15,3,False
S07,S07,1171,1171,L1-full,29,0-10-14,3,False
S07,S07,1171,1171,L1-full,30,3-8-13,3,False
S07,S07,1171,1171,L1-full,31,4-7-11,3,False
S07,S07,1171,1171,L1-full,32,1-7-10,3,False
S07,S07,1171,1171,L1-full,33,3-7-9,3,False
S07,S07,1171,1171,L1-full,34,1-4-13,3,False
S07,S07,1171,1171,L1-full,35,11-13,2,False
S07,S07,1171,1171,L1-full,36,0-3-10,3,False
S07,S07,1171,1171,L1-full,37,8-11-13,3,False
S07,S07,1171,1171,L1-full,38,3-6-7,3,False
S07,S07,1171,1171,L1-full,39,2-12-14,3,False
S07,S07,1171,1171,L1-full,40,7-12-15,3,False
S07,S07,1171,1171,L1-full,41,5-8-13,3,False
S07,S07,1171,1171,L1-full,42,0-4-5,3,False
S07,S07,1171,1171,L1-full,43,2-10,2,False
S07,S07,1171,1171,L1-full,44,3-13-15,3,False
S07,S07,1171,1171,L1-full,45,12-13,2,False
S07,S07,1171,1171,L1-full,46,4-9-10,3,False
S07,S07,1171,1171,L1-full,47,5-12-14,3,False
S07,S07,1171,1171,L1-full,48,2-4-8,3,False
S07,S07,1171,1171,L1-full,49,3-4-15,3,False
S07,S07,1171,1171,L1-full,50,4-12-15,3,False
S07,S07,1171,1171,L1-full,51,4-9,2,False
S07,S07,1171,1171,L1-full,52,5-9-15,3,False
S07,S07,1171,1171,L1-full,53,0-3-5,3,False
S07,S07,1171,1171,L1-full,54,8-12-13,3,False
S07,S07,1171,1171,L1-full,55,5-9-12,3,False
S07,S07,1171,1171,L1-full,56,2-11,2,False
S07,S07,1171,1171,L1-full,57,6-10-14,3,False
S07,S07,1171,1171,L1-full,58,0-2-6,3,False
S07,S07,1171,1171,L1-full,59,2-9-12,3,False
S07,S07,1171,1171,L1-full,60,5-6-9,3,False
S07,S07,1171,1171,L1-full,61,9-14-15,3,False
S07,S07,1171,1171,L1-full,62,2-11-15,3,False
S07,S07,1171,1171,L1-full,63,1-6-9,3,False
S07,S07,1171,1171,L1-full,64,9-15,2,False
S07,S07,1171,1171,L1-full,65,1-7-9,3,False
S07,S07,1171,1171,L1-full,66,1-5,2,False
S07,S07,1171,1171,L1-full,67,0-4,2,False
S07,S07,1171,1171,L1-full,68,1-6,2,False
S07,S07,1171,1171,L1-full,69,6-7-13,3,False
S07,S07,1171,1171,L1-full,70,6-9-14,3,False
S07,S07,1171,1171,L1-full,71,2-5-6,3,False
S07,S07,1171,1171,L1-full,72,9-10,2,False
S07,S07,1171,1171,L1-full,73,4-11,2,False
S07,S07,1171,1171,L1-full,74,9-12,2,False
S07,S07,1171,1171,L1-full,75,5-10-13,3,False
S07,S07,1171,1171,L1-full,76,1-7-8,3,False
S07,S07,1171,1171,L1-full,77,0-9-11,3,False
S07,S07,1171,1171,L1-full,78,5-11-15,3,False
S07,S07,1171,1171,L1-full,79,0-12,2,False
S07,S07,1171,1171,L1-full,80,0-9,2,False
S07,S07,1171,1171,L1-full,81,1-10-14,3,False
S07,S07,1171,1171,L1-full,82,2-6-11,3,False
S07,S07,1171,1171,L1-full,83,2-6-7,3,False
S07,S07,1171,1171,L1-full,84,2-4,2,False
S07,S07,1171,1171,L1-full,85,6-7-9,3,False
S07,S07,1171,1171,L1-full,86,12-13-15,3,False
S07,S07,1171,1171,L1-full,87,4-11-12,3,False
S07,S07,1171,1171,L1-full,88,10-11-12,3,False
S07,S07,1171,1171,L1-full,89,0-9-13,3,False
S07,S07,1171,1171,L1-full,90,6-12-15,3,False
S07,S07,1171,1171,L1-full,91,4-6-13,3,False
S07,S07,1171,1171,L1-full,92,7-11-15,3,False
S07,S07,1171,1171,L1-full,93,0-4-9,3,False
S07,S07,1171,1171,L1-full,94,3-5-14,3,False
S07,S07,1171,1171,L1-full,95,0-15,2,False
S07,S07,1171,1171,L1-full,96,6-12,2,False
S07,S07,1171,1171,L1-full,97,2-8-12,3,False
S07,S07,1171,1171,L1-full,98,7-15,2,False
S07,S07,1171,1171,L1-full,99,0-6,2,False
S07,S07,1171,1171,L1-full,100,6-9,2,False
S07,S07,1171,1171,L1-full,101,10-12,2,False
S07,S07,1171,1171,L1-full,102,6-8,2,False
S07,S07,1171,1171,L1-full,103,6-9-13,3,False
S07,S07,1171,1171,L1-full,104,12-14,2,False
S07,S07,1171,1171,L1-full,105,0-7,2,False
S07,S07,1171,1171,L1-full,106,0-6-7,3,False
S07,S07,1171,1171,L1-full,107,9-10-15,3,False
S07,S07,1171,1171,L1-full,108,5-11-14,3,False
S07,S07,1171,1171,L1-full,109,3-6-9,3,False
S07,S07,1171,1171,L1-full,110,4-12-13,3,False
S07,S07,1171,1171,L1-full,111,12-15,2,False
S07,S07,1171,1171,L1-full,112,1-4-5,3,False
S07,S07,1171,1171,L1-full,113,6-9-10,3,False
S07,S07,1171,1171,L1-full,114,5-8-15,3,False
S07,S07,1171,1171,L1-full,115,4-8-14,3,False
S07,S07,1171,1171,L1-full,116,1-6-8,3,False
S07,S07,1171,1171,L1-full,117,4-7,2,False
S07,S07,1171,1171,L1-full,118,4-5-7,3,False
S07,S07,1171,1171,L1-full,119,5-11,2,False
S07,S07,1171,1171,L1-full,120,0-3-15,3,False
S07,S07,1171,1171,L1-full,121,0-2-8,3,False
S07,S07,1171,1171,L1-full,122,9-13-14,3,False
S07,S07,1171,1171,L1-full,123,0-2-12,3,False
S07,S07,1171,1171,L1-full,124,6-11,2,False
S07,S07,1171,1171,L1-full,125,3-10-15,3,False
S07,S07,1171,1171,L1-full,126,0-3-14,3,False
S07,S07,1171,1171,L1-full,127,0-3-8,3,False
S07,S07,1171,1171,L1-full,128,2-5-11,3,False
S07,S07,1171,1171,L1-full,129,1-6-12,3,False
S07,S07,1171,1171,L1-full,130,0-2-14,3,False
S07,S07,1171,1171,L1-top8,1,4-5-6,3,True
S07,S07,1171,1171,L1-top8,2,2-3,2,True
S07,S07,1171,1171,L1-top8,3,0-1,2,True
S07,S07,1171,1171,L1-top8,4,7-8-9,3,True
S07,S07,1171,1171,L1-top8,5,4-5-14,3,False
S07,S07,1171,1171,L1-top8,6,3-6-10,3,False
S07,S07,1171,1171,L1-top8,7,2-5-15,3,False
S07,S07,1171,1171,L1-top8,8,3-5,2,False
S07,S07,1171,1171,L1-match,1,4-5-6,3,True
S07,S07,1171,1171,L1-match,2,2-3,2,True
S07,S07,1171,1171,L1-match,3,0-1,2,True
S07,S07,1171,1171,L1-match,4,7-8-9,3,True
S07,S07,1171,1171,SHIL-k8,1,0-1,2,True
S07,S07,1171,1171,SHIL-k8,2,2-3,2,True
S07,S07,1171,1171,SHIL-k8,3,4-5-6,3,True
S07,S07,1171,1171,SHIL-k8,4,7-8-9,3,True
S07,S07,1171,1171,SHIL-k8,5,4-11,2,False
S07,S07,1171,1171,SHIL-k8,6,5-9-15,3,False
S07,S07,1171,1171,SHIL-k8,7,3-8-13,3,False
S07,S07,1171,1171,SHIL-k8,8,5-12-14,3,False
S07,S07,1171,1171,SC-L1,1,0-1,2,True
S07,S07,1171,1171,SC-L1,2,2-3,2,True
S07,S07,1171,1171,SC-L1,3,4-5-6,3,True
S07,S07,1171,1171,SC-L1,4,7-8-9,3,True
S07,S07,1171,1171,SC-SHIL,1,0-1,2,True
S07,S07,1171,1171,SC-SHIL,2,2-3,2,True
S07,S07,1171,1171,SC-SHIL,3,4-5-6,3,True
S07,S07,1171,1171,SC-SHIL,4,7-8-9,3,True
S07,S07,1181,1181,L1-full,1,0-1,2,True
S07,S07,1181,1181,L1-full,2,2-3,2,True
S07,S07,1181,1181,L1-full,3,4-5-6,3,True
S07,S07,1181,1181,L1-full,4,7-8-9,3,True
S07,S07,1181,1181,L1-full,5,1-5-11,3,False
S07,S07,1181,1181,L1-full,6,2-10-15,3,False
S07,S07,1181,1181,L1-full,7,1-5-7,3,False
S07,S07,1181,1181,L1-full,8,0-4-15,3,False
S07,S07,1181,1181,L1-full,9,4-5-14,3,False
S07,S07,1181,1181,L1-full,10,6-9-14,3,False
S07,S07,1181,1181,L1-full,11,2-6-11,3,False
S07,S07,1181,1181,L1-full,12,0-3-10,3,False
S07,S07,1181,1181,L1-full,13,2-5-8,3,False
S07,S07,1181,1181,L1-full,14,6-7,2,False
S07,S07,1181,1181,L1-full,15,1-9-10,3,False
S07,S07,1181,1181,L1-full,16,2-4-10,3,False
S07,S07,1181,1181,L1-full,17,7-8-14,3,False
S07,S07,1181,1181,L1-full,18,2-3-14,3,False
S07,S07,1181,1181,L1-full,19,6-10-11,3,False
S07,S07,1181,1181,L1-full,20,3-4-8,3,False
S07,S07,1181,1181,L1-full,21,8-12-15,3,False
S07,S07,1181,1181,L1-full,22,8-9,2,False
S07,S07,1181,1181,L1-full,23,3-8-13,3,False
S07,S07,1181,1181,L1-full,24,11-14-15,3,False
S07,S07,1181,1181,L1-full,25,7-15,2,False
S07,S07,1181,1181,L1-full,26,11-12,2,False
S07,S07,1181,1181,L1-full,27,2-3-12,3,False
S07,S07,1181,1181,L1-full,28,6-13-14,3,False
S07,S07,1181,1181,L1-full,29,9-11-14,3,False
S07,S07,1181,1181,L1-full,30,9-13-14,3,False
S07,S07,1181,1181,L1-full,31,1-9-15,3,False
S07,S07,1181,1181,L1-full,32,6-9,2,False
S07,S07,1181,1181,L1-full,33,1-9-13,3,False
S07,S07,1181,1181,L1-full,34,1-14-15,3,False
S07,S07,1181,1181,L1-full,35,5-14,2,False
S07,S07,1181,1181,L1-full,36,4-7-15,3,False
S07,S07,1181,1181,L1-full,37,7-8-12,3,False
S07,S07,1181,1181,L1-full,38,9-10-15,3,False
S07,S07,1181,1181,L1-full,39,8-14,2,False
S07,S07,1181,1181,L1-full,40,1-3-5,3,False
S07,S07,1181,1181,L1-full,41,6-8-12,3,False
S07,S07,1181,1181,L1-full,42,2-4-11,3,False
S07,S07,1181,1181,L1-full,43,1-6-13,3,False
S07,S07,1181,1181,L1-full,44,2-3-9,3,False
S07,S07,1181,1181,L1-full,45,0-9-11,3,False
S07,S07,1181,1181,L1-full,46,7-9,2,False
S07,S07,1181,1181,L1-full,47,2-7,2,False
S07,S07,1181,1181,L1-full,48,3-11-14,3,False
S07,S07,1181,1181,L1-full,49,1-2-6,3,False
S07,S07,1181,1181,L1-full,50,0-2-6,3,False
S07,S07,1181,1181,L1-full,51,2-9-12,3,False
S07,S07,1181,1181,L1-full,52,6-9-10,3,False
S07,S07,1181,1181,L1-full,53,7-9-12,3,False
S07,S07,1181,1181,L1-full,54,7-12-14,3,False
S07,S07,1181,1181,L1-full,55,6-7-13,3,False
S07,S07,1181,1181,L1-full,56,1-5,2,False
S07,S07,1181,1181,L1-full,57,3-4-10,3,False
S07,S07,1181,1181,L1-full,58,0-7-9,3,False
S07,S07,1181,1181,L1-full,59,2-3-5,3,False
S07,S07,1181,1181,L1-full,60,5-9-13,3,False
S07,S07,1181,1181,L1-full,61,6-8-10,3,False
S07,S07,1181,1181,L1-full,62,10-14-15,3,False
S07,S07,1181,1181,L1-full,63,5-10-13,3,False
S07,S07,1181,1181,L1-full,64,6-12,2,False
S07,S07,1181,1181,L1-full,65,0-10-12,3,False
S07,S07,1181,1181,L1-full,66,7-11-12,3,False
S07,S07,1181,1181,L1-full,67,0-4-7,3,False
S07,S07,1181,1181,L1-full,68,12-14-15,3,False
S07,S07,1181,1181,L1-full,69,6-7-11,3,False
S07,S07,1181,1181,L1-full,70,1-7,2,False
S07,S07,1181,1181,L1-full,71,0-8-9,3,False
S07,S07,1181,1181,L1-full,72,3-4-15,3,False
S07,S07,1181,1181,L1-full,73,1-3-11,3,False
S07,S07,1181,1181,L1-full,74,6-10-12,3,False
S07,S07,1181,1181,L1-full,75,6-11,2,False
S07,S07,1181,1181,L1-full,76,2-9,2,False
S07,S07,1181,1181,L1-full,77,0-5-15,3,False
S07,S07,1181,1181,L1-full,78,1-4-13,3,False
S07,S07,1181,1181,L1-full,79,3-7-15,3,False
S07,S07,1181,1181,L1-full,80,7-9-11,3,False
S07,S07,1181,1181,L1-full,81,8-10-13,3,False
S07,S07,1181,1181,L1-full,82,2-4-15,3,False
S07,S07,1181,1181,L1-full,83,2-9-14,3,False
S07,S07,1181,1181,L1-full,84,1-4-14,3,False
S07,S07,1181,1181,L1-full,85,7-10-12,3,False
S07,S07,1181,1181,L1-full,86,1-12,2,False
S07,S07,1181,1181,L1-full,87,3-14-15,3,False
S07,S07,1181,1181,L1-full,88,6-8-13,3,False
S07,S07,1181,1181,L1-full,89,9-10-12,3,False
S07,S07,1181,1181,L1-full,90,11-14,2,False
S07,S07,1181,1181,L1-full,91,7-10-14,3,False
S07,S07,1181,1181,L1-full,92,5-8-11,3,False
S07,S07,1181,1181,L1-full,93,0-9-15,3,False
S07,S07,1181,1181,L1-full,94,10-13,2,False
S07,S07,1181,1181,L1-full,95,0-8-15,3,False
S07,S07,1181,1181,L1-full,96,11-12-14,3,False
S07,S07,1181,1181,L1-full,97,1-13,2,False
S07,S07,1181,1181,L1-full,98,6-7-12,3,False
S07,S07,1181,1181,L1-full,99,1-2-14,3,False
S07,S07,1181,1181,L1-full,100,3-7-14,3,False
S07,S07,1181,1181,L1-full,101,13-15,2,False
S07,S07,1181,1181,L1-full,102,1-6-14,3,False
S07,S07,1181,1181,L1-full,103,1-3-7,3,False
S07,S07,1181,1181,L1-full,104,0-3-6,3,False
S07,S07,1181,1181,L1-full,105,3-10,2,False
S07,S07,1181,1181,L1-full,106,7-13-15,3,False
S07,S07,1181,1181,L1-full,107,0-10-11,3,False
S07,S07,1181,1181,L1-full,108,5-8-13,3,False
S07,S07,1181,1181,L1-full,109,2-7-14,3,False
S07,S07,1181,1181,L1-full,110,1-10,2,False
S07,S07,1181,1181,L1-full,111,3-6-12,3,False
S07,S07,1181,1181,L1-full,112,2-6-15,3,False
S07,S07,1181,1181,L1-full,113,2-5-15,3,False
S07,S07,1181,1181,L1-full,114,1-4-11,3,False
S07,S07,1181,1181,L1-full,115,2-14-15,3,False
S07,S07,1181,1181,L1-full,116,6-8-11,3,False
S07,S07,1181,1181,L1-top8,1,0-1,2,True
S07,S07,1181,1181,L1-top8,2,2-3,2,True
S07,S07,1181,1181,L1-top8,3,4-5-6,3,True
S07,S07,1181,1181,L1-top8,4,7-8-9,3,True
S07,S07,1181,1181,L1-top8,5,1-5-11,3,False
S07,S07,1181,1181,L1-top8,6,2-10-15,3,False
S07,S07,1181,1181,L1-top8,7,1-5-7,3,False
S07,S07,1181,1181,L1-top8,8,0-4-15,3,False
S07,S07,1181,1181,L1-match,1,0-1,2,True
S07,S07,1181,1181,L1-match,2,2-3,2,True
S07,S07,1181,1181,L1-match,3,4-5-6,3,True
S07,S07,1181,1181,L1-match,4,7-8-9,3,True
S07,S07,1181,1181,SHIL-k8,1,0-1,2,True
S07,S07,1181,1181,SHIL-k8,2,2-3,2,True
S07,S07,1181,1181,SHIL-k8,3,4-5-6,3,True
S07,S07,1181,1181,SHIL-k8,4,7-8-9,3,True
S07,S07,1181,1181,SHIL-k8,5,2-10-15,3,False
S07,S07,1181,1181,SHIL-k8,6,4-13-14,3,False
S07,S07,1181,1181,SHIL-k8,7,6-10-11,3,False
S07,S07,1181,1181,SHIL-k8,8,9-10-15,3,False
S07,S07,1181,1181,SC-L1,1,0-1,2,True
S07,S07,1181,1181,SC-L1,2,2-3,2,True
S07,S07,1181,1181,SC-L1,3,4-5-6,3,True
S07,S07,1181,1181,SC-L1,4,7-8-9,3,True
S07,S07,1181,1181,SC-SHIL,1,0-1,2,True
S07,S07,1181,1181,SC-SHIL,2,2-3,2,True
S07,S07,1181,1181,SC-SHIL,3,4-5-6,3,True
S07,S07,1181,1181,SC-SHIL,4,7-8-9,3,True
S07,S07,1201,1201,L1-full,1,0-1,2,True
S07,S07,1201,1201,L1-full,2,4-5-6,3,True
S07,S07,1201,1201,L1-full,3,2-3,2,True
S07,S07,1201,1201,L1-full,4,7-8-9,3,True
S07,S07,1201,1201,L1-full,5,11-12-15,3,False
S07,S07,1201,1201,L1-full,6,3-11,2,False
S07,S07,1201,1201,L1-full,7,0-11-15,3,False
S07,S07,1201,1201,L1-full,8,2-4-12,3,False
S07,S07,1201,1201,L1-full,9,0-8-11,3,False
S07,S07,1201,1201,L1-full,10,2-6-14,3,False
S07,S07,1201,1201,L1-full,11,3-6-14,3,False
S07,S07,1201,1201,L1-full,12,3-7,2,False
S07,S07,1201,1201,L1-full,13,7-12-15,3,False
S07,S07,1201,1201,L1-full,14,0-12-14,3,False
S07,S07,1201,1201,L1-full,15,0-3-15,3,False
S07,S07,1201,1201,L1-full,16,4-8-12,3,False
S07,S07,1201,1201,L1-full,17,6-13-14,3,False
S07,S07,1201,1201,L1-full,18,1-5-11,3,False
S07,S07,1201,1201,L1-full,19,0-4-13,3,False
S07,S07,1201,1201,L1-full,20,4-10-12,3,False
S07,S07,1201,1201,L1-full,21,4-6-14,3,False
S07,S07,1201,1201,L1-full,22,0-7-12,3,False
S07,S07,1201,1201,L1-full,23,5-10-12,3,False
S07,S07,1201,1201,L1-full,24,4-5-11,3,False
S07,S07,1201,1201,L1-full,25,12-13-14,3,False
S07,S07,1201,1201,L1-full,26,6-7,2,False
S07,S07,1201,1201,L1-full,27,3-5-14,3,False
S07,S07,1201,1201,L1-full,28,1-3-12,3,False
S07,S07,1201,1201,L1-full,29,8-10-12,3,False
S07,S07,1201,1201,L1-full,30,5-7-9,3,False
S07,S07,1201,1201,L1-full,31,6-14,2,False
S07,S07,1201,1201,L1-full,32,0-1-2,3,False
S07,S07,1201,1201,L1-full,33,4-5-13,3,False
S07,S07,1201,1201,L1-full,34,7-8-15,3,False
S07,S07,1201,1201,L1-full,35,1-12-13,3,False
S07,S07,1201,1201,L1-full,36,4-11-12,3,False
S07,S07,1201,1201,L1-full,37,1-3-8,3,False
S07,S07,1201,1201,L1-full,38,3-10,2,False
S07,S07,1201,1201,L1-full,39,1-2-9,3,False
S07,S07,1201,1201,L1-full,40,0-2-9,3,False
S07,S07,1201,1201,L1-full,41,8-13-14,3,False
S07,S07,1201,1201,L1-full,42,1-15,2,False
S07,S07,1201,1201,L1-full,43,8-10,2,False
S07,S07,1201,1201,L1-full,44,6-7-10,3,False
S07,S07,1201,1201,L1-full,45,3-6-12,3,False
S07,S07,1201,1201,L1-full,46,5-12-13,3,False
S07,S07,1201,1201,L1-full,47,6-8-14,3,False
S07,S07,1201,1201,L1-full,48,1-5-14,3,False
S07,S07,1201,1201,L1-full,49,0-10-11,3,False
S07,S07,1201,1201,L1-full,50,0-2-15,3,False
S07,S07,1201,1201,L1-full,51,0-13-14,3,False
S07,S07,1201,1201,L1-full,52,1-5-10,3,False
S07,S07,1201,1201,L1-full,53,2-3-13,3,False
S07,S07,1201,1201,L1-full,54,10-12-15,3,False
S07,S07,1201,1201,L1-full,55,6-11-13,3,False
S07,S07,1201,1201,L1-full,56,10-11-14,3,False
S07,S07,1201,1201,L1-full,57,4-10-11,3,False
S07,S07,1201,1201,L1-full,58,2-9-11,3,False
S07,S07,1201,1201,L1-full,59,0-10-15,3,False
S07,S07,1201,1201,L1-full,60,0-6-10,3,False
S07,S07,1201,1201,L1-full,61,5-6-10,3,False
S07,S07,1201,1201,L1-full,62,2-5-12,3,False
S07,S07,1201,1201,L1-full,63,2-12-13,3,False
S07,S07,1201,1201,L1-full,64,4-9-15,3,False
S07,S07,1201,1201,L1-full,65,2-4-8,3,False
S07,S07,1201,1201,L1-full,66,1-10-14,3,False
S07,S07,1201,1201,L1-full,67,9-11-12,3,False
S07,S07,1201,1201,L1-full,68,6-12-14,3,False
S07,S07,1201,1201,L1-full,69,0-1-3,3,False
S07,S07,1201,1201,L1-full,70,10-14,2,False
S07,S07,1201,1201,L1-full,71,2-9-14,3,False
S07,S07,1201,1201,L1-full,72,2-4-6,3,False
S07,S07,1201,1201,L1-full,73,10-13-14,3,False
S07,S07,1201,1201,L1-full,74,1-6-15,3,False
S07,S07,1201,1201,L1-full,75,1-13-14,3,False
S07,S07,1201,1201,L1-full,76,1-6-13,3,False
S07,S07,1201,1201,L1-full,77,7-10-12,3,False
S07,S07,1201,1201,L1-full,78,1-3-6,3,False
S07,S07,1201,1201,L1-full,79,2-9-13,3,False
S07,S07,1201,1201,L1-full,80,5-9-11,3,False
S07,S07,1201,1201,L1-full,81,1-6,2,False
S07,S07,1201,1201,L1-full,82,1-4-15,3,False
S07,S07,1201,1201,L1-full,83,3-4-8,3,False
S07,S07,1201,1201,L1-full,84,6-11-15,3,False
S07,S07,1201,1201,L1-full,85,0-10,2,False
S07,S07,1201,1201,L1-full,86,12-15,2,False
S07,S07,1201,1201,L1-full,87,2-4-14,3,False
S07,S07,1201,1201,L1-full,88,12-13-15,3,False
S07,S07,1201,1201,L1-full,89,8-13-15,3,False
S07,S07,1201,1201,L1-full,90,5-6-9,3,False
S07,S07,1201,1201,L1-full,91,3-7-11,3,False
S07,S07,1201,1201,L1-full,92,3-9-15,3,False
S07,S07,1201,1201,L1-full,93,5-12-15,3,False
S07,S07,1201,1201,L1-full,94,2-5-11,3,False
S07,S07,1201,1201,L1-full,95,9-10,2,False
S07,S07,1201,1201,L1-full,96,5-8-9,3,False
S07,S07,1201,1201,L1-full,97,9-12-14,3,False
S07,S07,1201,1201,L1-full,98,6-9-15,3,False
S07,S07,1201,1201,L1-full,99,6-11-14,3,False
S07,S07,1201,1201,L1-full,100,8-9-10,3,False
S07,S07,1201,1201,L1-full,101,1-6-7,3,False
S07,S07,1201,1201,L1-full,102,1-5,2,False
S07,S07,1201,1201,L1-full,103,4-12-15,3,False
S07,S07,1201,1201,L1-full,104,1-5-9,3,False
S07,S07,1201,1201,L1-full,105,3-14,2,False
S07,S07,1201,1201,L1-full,106,3-5-6,3,False
S07,S07,1201,1201,L1-full,107,1-2-5,3,False
S07,S07,1201,1201,L1-full,108,4-7-8,3,False
S07,S07,1201,1201,L1-full,109,3-9-14,3,False
S07,S07,1201,1201,L1-full,110,0-2-11,3,False
S07,S07,1201,1201,L1-full,111,5-12,2,False
S07,S07,1201,1201,L1-full,112,5-6-15,3,False
S07,S07,1201,1201,L1-full,113,13-14-15,3,False
S07,S07,1201,1201,L1-full,114,0-6-11,3,False
S07,S07,1201,1201,L1-full,115,0-10-13,3,False
S07,S07,1201,1201,L1-full,116,0-11-14,3,False
S07,S07,1201,1201,L1-full,117,2-11-14,3,False
S07,S07,1201,1201,L1-full,118,1-11-12,3,False
S07,S07,1201,1201,L1-full,119,1-5-13,3,False
S07,S07,1201,1201,L1-full,120,5-10-14,3,False
S07,S07,1201,1201,L1-full,121,8-11-13,3,False
S07,S07,1201,1201,L1-full,122,6-10-12,3,False
S07,S07,1201,1201,L1-full,123,2-3-14,3,False
S07,S07,1201,1201,L1-full,124,2-12-15,3,False
S07,S07,1201,1201,L1-top8,1,0-1,2,True
S07,S07,1201,1201,L1-top8,2,4-5-6,3,True
S07,S07,1201,1201,L1-top8,3,2-3,2,True
S07,S07,1201,1201,L1-top8,4,7-8-9,3,True
S07,S07,1201,1201,L1-top8,5,11-12-15,3,False
S07,S07,1201,1201,L1-top8,6,3-11,2,False
S07,S07,1201,1201,L1-top8,7,0-11-15,3,False
S07,S07,1201,1201,L1-top8,8,2-4-12,3,False
S07,S07,1201,1201,L1-match,1,0-1,2,True
S07,S07,1201,1201,L1-match,2,4-5-6,3,True
S07,S07,1201,1201,L1-match,3,2-3,2,True
S07,S07,1201,1201,L1-match,4,7-8-9,3,True
S07,S07,1201,1201,SHIL-k8,1,0-1,2,True
S07,S07,1201,1201,SHIL-k8,2,2-3,2,True
S07,S07,1201,1201,SHIL-k8,3,4-5-6,3,True
S07,S07,1201,1201,SHIL-k8,4,7-8-9,3,True
S07,S07,1201,1201,SHIL-k8,5,6-7-10,3,False
S07,S07,1201,1201,SHIL-k8,6,1-10-11,3,False
S07,S07,1201,1201,SHIL-k8,7,4-11-13,3,False
S07,S07,1201,1201,SHIL-k8,8,6-8-11,3,False
S07,S07,1201,1201,SC-L1,1,0-1,2,True
S07,S07,1201,1201,SC-L1,2,2-3,2,True
S07,S07,1201,1201,SC-L1,3,4-5-6,3,True
S07,S07,1201,1201,SC-L1,4,7-8-9,3,True
S07,S07,1201,1201,SC-SHIL,1,0-1,2,True
S07,S07,1201,1201,SC-SHIL,2,2-3,2,True
S07,S07,1201,1201,SC-SHIL,3,4-5-6,3,True
S07,S07,1201,1201,SC-SHIL,4,7-8-9,3,True
S07,S07,1213,1213,L1-full,1,0-1,2,True
S07,S07,1213,1213,L1-full,2,2-3,2,True
S07,S07,1213,1213,L1-full,3,7-8-9,3,True
S07,S07,1213,1213,L1-full,4,4-5-6,3,True
S07,S07,1213,1213,L1-full,5,4-11-13,3,False
S07,S07,1213,1213,L1-full,6,1-2-4,3,False
S07,S07,1213,1213,L1-full,7,0-9-14,3,False
S07,S07,1213,1213,L1-full,8,8-15,2,False
S07,S07,1213,1213,L1-full,9,0-7-10,3,False
S07,S07,1213,1213,L1-full,10,1-9-10,3,False
S07,S07,1213,1213,L1-full,11,8-12,2,False
S07,S07,1213,1213,L1-full,12,3-8,2,False
S07,S07,1213,1213,L1-full,13,6-10-13,3,False
S07,S07,1213,1213,L1-full,14,2-3-7,3,False
S07,S07,1213,1213,L1-full,15,4-10-14,3,False
S07,S07,1213,1213,L1-full,16,0-2-8,3,False
S07,S07,1213,1213,L1-full,17,2-12,2,False
S07,S07,1213,1213,L1-full,18,1-12,2,False
S07,S07,1213,1213,L1-full,19,2-7-11,3,False
S07,S07,1213,1213,L1-full,20,5-7,2,False
S07,S07,1213,1213,L1-full,21,1-3-12,3,False
S07,S07,1213,1213,L1-full,22,0-8,2,False
S07,S07,1213,1213,L1-full,23,4-11-14,3,False
S07,S07,1213,1213,L1-full,24,3-6-14,3,False
S07,S07,1213,1213,L1-full,25,6-8-14,3,False
S07,S07,1213,1213,L1-full,26,11-15,2,False
S07,S07,1213,1213,L1-full,27,0-1-8,3,False
S07,S07,1213,1213,L1-full,28,6-7-10,3,False
S07,S07,1213,1213,L1-full,29,0-2-7,3,False
S07,S07,1213,1213,L1-full,30,3-5-13,3,False
S07,S07,1213,1213,L1-full,31,6-9-10,3,False
S07,S07,1213,1213,L1-full,32,1-3-14,3,False
S07,S07,1213,1213,L1-full,33,9-11,2,False
S07,S07,1213,1213,L1-full,34,2-10-12,3,False
S07,S07,1213,1213,L1-full,35,7-9,2,False
S07,S07,1213,1213,L1-full,36,4-12-13,3,False
S07,S07,1213,1213,L1-full,37,8-10-14,3,False
S07,S07,1213,1213,L1-full,38,4-13-14,3,False
S07,S07,1213,1213,L1-full,39,3-10-15,3,False
S07,S07,1213,1213,L1-full,40,1-2-9,3,False
S07,S07,1213,1213,L1-full,41,2-13,2,False
S07,S07,1213,1213,L1-full,42,4-8,2,False
S07,S07,1213,1213,L1-full,43,2-6-12,3,False
S07,S07,1213,1213,L1-full,44,0-7-13,3,False
S07,S07,1213,1213,L1-full,45,9-13,2,False
S07,S07,1213,1213,L1-full,46,1-5-10,3,False
S07,S07,1213,1213,L1-full,47,5-7-11,3,False
S07,S07,1213,1213,L1-full,48,7-9-14,3,False
S07,S07,1213,1213,L1-full,49,7-10,2,False
S07,S07,1213,1213,L1-full,50,4-7-11,3,False
S07,S07,1213,1213,L1-full,51,7-9-10,3,False
S07,S07,1213,1213,L1-full,52,1-4-12,3,False
S07,S07,1213,1213,L1-full,53,2-4-5,3,False
S07,S07,1213,1213,L1-full,54,0-7-14,3,False
S07,S07,1213,1213,L1-full,55,0-5-15,3,False
S07,S07,1213,1213,L1-full,56,3-4,2,False
S07,S07,1213,1213,L1-full,57,3-12-15,3,False
S07,S07,1213,1213,L1-full,58,3-8-10,3,False
S07,S07,1213,1213,L1-full,59,0-2-14,3,False
S07,S07,1213,1213,L1-full,60,4-9-12,3,False
S07,S07,1213,1213,L1-full,61,9-10,2,False
S07,S07,1213,1213,L1-full,62,6-10-14,3,False
S07,S07,1213,1213,L1-full,63,6-9-15,3,False
S07,S07,1213,1213,L1-full,64,0-14-15,3,False
S07,S07,1213,1213,L1-full,65,1-5-8,3,False
S07,S07,1213,1213,L1-full,66,6-11-13,3,False
S07,S07,1213,1213,L1-full,67,10-13-14,3,False
S07,S07,1213,1213,L1-full,68,4-8-13,3,False
S07,S07,1213,1213,L1-full,69,0-2-10,3,False
S07,S07,1213,1213,L1-full,70,3-5-12,3,False
S07,S07,1213,1213,L1-full,71,9-14,2,False
S07,S07,1213,1213,L1-full,72,6-15,2,False
S07,S07,1213,1213,L1-full,73,5-9,2,False
S07,S07,1213,1213,L1-full,74,11-14,2,False
S07,S07,1213,1213,L1-full,75,5-14,2,False
S07,S07,1213,1213,L1-full,76,1-9-14,3,False
S07,S07,1213,1213,L1-full,77,3-5-8,3,False
S07,S07,1213,1213,L1-full,78,2-12-15,3,False
S07,S07,1213,1213,L1-full,79,4-9-15,3,False
S07,S07,1213,1213,L1-full,80,0-12-14,3,False
S07,S07,1213,1213,L1-full,81,3-6-9,3,False
S07,S07,1213,1213,L1-full,82,3-6-7,3,False
S07,S07,1213,1213,L1-full,83,4-12-15,3,False
S07,S07,1213,1213,L1-full,84,10-13,2,False
S07,S07,1213,1213,L1-full,85,7-15,2,False
S07,S07,1213,1213,L1-full,86,2-4-6,3,False
S07,S07,1213,1213,L1-full,87,4-7-10,3,False
S07,S07,1213,1213,L1-full,88,0-13,2,False
S07,S07,1213,1213,L1-full,89,0-7-15,3,False
S07,S07,1213,1213,L1-full,90,4-5-9,3,False
S07,S07,1213,1213,L1-full,91,6-11-12,3,False
S07,S07,1213,1213,L1-full,92,1-11-15,3,False
S07,S07,1213,1213,L1-full,93,0-10,2,False
S07,S07,1213,1213,L1-full,94,1-12-15,3,False
S07,S07,1213,1213,L1-full,95,1-11-13,3,False
S07,S07,1213,1213,L1-full,96,8-14-15,3,False
S07,S07,1213,1213,L1-full,97,2-5-9,3,False
S07,S07,1213,1213,L1-full,98,1-7-10,3,False
S07,S07,1213,1213,L1-full,99,0-1-9,3,False
S07,S07,1213,1213,L1-full,100,3-8-13,3,False
S07,S07,1213,1213,L1-full,101,0-5-10,3,False
S07,S07,1213,1213,L1-full,102,6-8-12,3,False
S07,S07,1213,1213,L1-full,103,4-11,2,False
S07,S07,1213,1213,L1-full,104,9-13-14,3,False
S07,S07,1213,1213,L1-full,105,3-5,2,False
S07,S07,1213,1213,L1-full,106,10-13-15,3,False
S07,S07,1213,1213,L1-full,107,0-8-15,3,False
S07,S07,1213,1213,L1-full,108,12-14-15,3,False
S07,S07,1213,1213,L1-full,109,1-4-10,3,False
S07,S07,1213,1213,L1-full,110,1-6-11,3,False
S07,S07,1213,1213,L1-full,111,8-13-14,3,False
S07,S07,1213,1213,L1-full,112,7-11-14,3,False
S07,S07,1213,1213,L1-full,113,8-11,2,False
S07,S07,1213,1213,L1-full,114,8-13,2,False
S07,S07,1213,1213,L1-full,115,8-10-15,3,False
S07,S07,1213,1213,L1-full,116,9-10-15,3,False
S07,S07,1213,1213,L1-full,117,1-3-11,3,False
S07,S07,1213,1213,L1-full,118,1-7-14,3,False
S07,S07,1213,1213,L1-full,119,1-4-14,3,False
S07,S07,1213,1213,L1-full,120,5-11-12,3,False
S07,S07,1213,1213,L1-full,121,3-5-11,3,False
S07,S07,1213,1213,L1-full,122,1-8-15,3,False
S07,S07,1213,1213,L1-full,123,3-4-6,3,False
S07,S07,1213,1213,L1-full,124,6-8-11,3,False
S07,S07,1213,1213,L1-full,125,4-5-8,3,False
S07,S07,1213,1213,L1-full,126,8-10-12,3,False
S07,S07,1213,1213,L1-full,127,1-5-14,3,False
S07,S07,1213,1213,L1-full,128,2-3-4,3,False
S07,S07,1213,1213,L1-full,129,2-6-15,3,False
S07,S07,1213,1213,L1-full,130,2-4-12,3,False
S07,S07,1213,1213,L1-full,131,3-11-15,3,False
S07,S07,1213,1213,L1-full,132,4-5,2,False
S07,S07,1213,1213,L1-full,133,3-13,2,False
S07,S07,1213,1213,L1-full,134,0-1-7,3,False
S07,S07,1213,1213,L1-full,135,11-12-13,3,False
S07,S07,1213,1213,L1-full,136,2-10-13,3,False
S07,S07,1213,1213,L1-full,137,4-8-14,3,False
S07,S07,1213,1213,L1-full,138,10-15,2,False
S07,S07,1213,1213,L1-full,139,5-15,2,False
S07,S07,1213,1213,L1-full,140,2-6-10,3,False
S07,S07,1213,1213,L1-full,141,0-10-14,3,False
S07,S07,1213,1213,L1-full,142,1-5-9,3,False
S07,S07,1213,1213,L1-full,143,2-12-14,3,False
S07,S07,1213,1213,L1-full,144,4-5-15,3,False
S07,S07,1213,1213,L1-top8,1,0-1,2,True
S07,S07,1213,1213,L1-top8,2,2-3,2,True
S07,S07,1213,1213,L1-top8,3,7-8-9,3,True
S07,S07,1213,1213,L1-top8,4,4-5-6,3,True
S07,S07,1213,1213,L1-top8,5,4-11-13,3,False
S07,S07,1213,1213,L1-top8,6,1-2-4,3,False
S07,S07,1213,1213,L1-top8,7,0-9-14,3,False
S07,S07,1213,1213,L1-top8,8,8-15,2,False
S07,S07,1213,1213,L1-match,1,0-1,2,True
S07,S07,1213,1213,L1-match,2,2-3,2,True
S07,S07,1213,1213,L1-match,3,7-8-9,3,True
S07,S07,1213,1213,L1-match,4,4-5-6,3,True
S07,S07,1213,1213,SHIL-k8,1,0-1,2,True
S07,S07,1213,1213,SHIL-k8,2,2-3,2,True
S07,S07,1213,1213,SHIL-k8,3,7-8-9,3,True
S07,S07,1213,1213,SHIL-k8,4,4-5-6,3,True
S07,S07,1213,1213,SHIL-k8,5,4-11-13,3,False
S07,S07,1213,1213,SHIL-k8,6,7-9,2,False
S07,S07,1213,1213,SHIL-k8,7,1-3-12,3,False
S07,S07,1213,1213,SHIL-k8,8,1-4-9,3,False
S07,S07,1213,1213,SC-L1,1,0-1,2,True
S07,S07,1213,1213,SC-L1,2,2-3,2,True
S07,S07,1213,1213,SC-L1,3,4-5-6,3,True
S07,S07,1213,1213,SC-L1,4,7-8-9,3,True
S07,S07,1213,1213,SC-SHIL,1,0-1,2,True
S07,S07,1213,1213,SC-SHIL,2,2-3,2,True
S07,S07,1213,1213,SC-SHIL,3,4-5-6,3,True
S07,S07,1213,1213,SC-SHIL,4,7-8-9,3,True
S07,S07,1231,1231,L1-full,1,0-1,2,True
S07,S07,1231,1231,L1-full,2,4-5-6,3,True
S07,S07,1231,1231,L1-full,3,2-3,2,True
S07,S07,1231,1231,L1-full,4,7-8-9,3,True
S07,S07,1231,1231,L1-full,5,6-8-10,3,False
S07,S07,1231,1231,L1-full,6,2-3-6,3,False
S07,S07,1231,1231,L1-full,7,1-4-13,3,False
S07,S07,1231,1231,L1-full,8,6-10,2,False
S07,S07,1231,1231,L1-full,9,3-10-14,3,False
S07,S07,1231,1231,L1-full,10,1-6,2,False
S07,S07,1231,1231,L1-full,11,4-9-13,3,False
S07,S07,1231,1231,L1-full,12,0-4-8,3,False
S07,S07,1231,1231,L1-full,13,0-7-15,3,False
S07,S07,1231,1231,L1-full,14,0-2-13,3,False
S07,S07,1231,1231,L1-full,15,8-13-14,3,False
S07,S07,1231,1231,L1-full,16,0-3-7,3,False
S07,S07,1231,1231,L1-full,17,6-10-13,3,False
S07,S07,1231,1231,L1-full,18,3-5-12,3,False
S07,S07,1231,1231,L1-full,19,1-2-7,3,False
S07,S07,1231,1231,L1-full,20,1-9-15,3,False
S07,S07,1231,1231,L1-full,21,11-14-15,3,False
S07,S07,1231,1231,L1-full,22,3-4-10,3,False
S07,S07,1231,1231,L1-full,23,1-8-10,3,False
S07,S07,1231,1231,L1-full,24,1-7-12,3,False
S07,S07,1231,1231,L1-full,25,11-14,2,False
S07,S07,1231,1231,L1-full,26,3-10-11,3,False
S07,S07,1231,1231,L1-full,27,3-11-15,3,False
S07,S07,1231,1231,L1-full,28,4-9-14,3,False
S07,S07,1231,1231,L1-full,29,3-8-13,3,False
S07,S07,1231,1231,L1-full,30,2-5-8,3,False
S07,S07,1231,1231,L1-full,31,0-13-15,3,False
S07,S07,1231,1231,L1-full,32,0-8-13,3,False
S07,S07,1231,1231,L1-full,33,1-5-11,3,False
S07,S07,1231,1231,L1-full,34,8-9,2,False
S07,S07,1231,1231,L1-full,35,7-11-14,3,False
S07,S07,1231,1231,L1-full,36,11-12-14,3,False
S07,S07,1231,1231,L1-full,37,2-13,2,False
S07,S07,1231,1231,L1-full,38,10-11,2,False
S07,S07,1231,1231,L1-full,39,1-5-7,3,False
S07,S07,1231,1231,L1-full,40,5-11-14,3,False
S07,S07,1231,1231,L1-full,41,2-5,2,False
S07,S07,1231,1231,L1-full,42,7-11-12,3,False
S07,S07,1231,1231,L1-full,43,1-11-14,3,False
S07,S07,1231,1231,L1-full,44,8-10-14,3,False
S07,S07,1231,1231,L1-full,45,6-8-13,3,False
S07,S07,1231,1231,L1-full,46,0-12,2,False
S07,S07,1231,1231,L1-full,47,4-6,2,False
S07,S07,1231,1231,L1-full,48,7-10-11,3,False
S07,S07,1231,1231,L1-full,49,0-6-8,3,False
S07,S07,1231,1231,L1-full,50,6-7-10,3,False
S07,S07,1231,1231,L1-full,51,2-10-15,3,False
S07,S07,1231,1231,L1-full,52,7-14-15,3,False
S07,S07,1231,1231,L1-full,53,2-6-7,3,False
S07,S07,1231,1231,L1-full,54,10-12-15,3,False
S07,S07,1231,1231,L1-full,55,11-12-15,3,False
S07,S07,1231,1231,L1-full,56,8-10-11,3,False
S07,S07,1231,1231,L1-full,57,4-8-10,3,False
S07,S07,1231,1231,L1-full,58,0-12-13,3,False
S07,S07,1231,1231,L1-full,59,4-11-12,3,False
S07,S07,1231,1231,L1-full,60,4-5-15,3,False
S07,S07,1231,1231,L1-full,61,4-13-15,3,False
S07,S07,1231,1231,L1-full,62,5-6-12,3,False
S07,S07,1231,1231,L1-full,63,3-8,2,False
S07,S07,1231,1231,L1-full,64,2-11-13,3,False
S07,S07,1231,1231,L1-full,65,2-6-15,3,False
S07,S07,1231,1231,L1-full,66,3-4-13,3,False
S07,S07,1231,1231,L1-full,67,2-12-15,3,False
S07,S07,1231,1231,L1-full,68,7-10,2,False
S07,S07,1231,1231,L1-full,69,11-12-13,3,False
S07,S07,1231,1231,L1-full,70,7-12,2,False
S07,S07,1231,1231,L1-full,71,0-1-8,3,False
S07,S07,1231,1231,L1-full,72,10-12-14,3,False
S07,S07,1231,1231,L1-full,73,1-5-10,3,False
S07,S07,1231,1231,L1-full,74,3-12-14,3,False
S07,S07,1231,1231,L1-full,75,5-8,2,False
S07,S07,1231,1231,L1-full,76,11-13-15,3,False
S07,S07,1231,1231,L1-full,77,13-14-15,3,False
S07,S07,1231,1231,L1-full,78,1-2-14,3,False
S07,S07,1231,1231,L1-full,79,2-7-10,3,False
S07,S07,1231,1231,L1-full,80,5-10-13,3,False
S07,S07,1231,1231,L1-full,81,9-10-14,3,False
S07,S07,1231,1231,L1-full,82,1-14-15,3,False
S07,S07,1231,1231,L1-full,83,1-5,2,False
S07,S07,1231,1231,L1-full,84,1-2-12,3,False
S07,S07,1231,1231,L1-full,85,2-3-13,3,False
S07,S07,1231,1231,L1-full,86,2-7,2,False
S07,S07,1231,1231,L1-full,87,1-3-12,3,False
S07,S07,1231,1231,L1-full,88,0-3-8,3,False
S07,S07,1231,1231,L1-full,89,0-13-14,3,False
S07,S07,1231,1231,L1-full,90,12-14,2,False
S07,S07,1231,1231,L1-full,91,8-9-14,3,False
S07,S07,1231,1231,L1-full,92,1-8-14,3,False
S07,S07,1231,1231,L1-full,93,0-11-12,3,False
S07,S07,1231,1231,L1-full,94,2-4-15,3,False
S07,S07,1231,1231,L1-full,95,4-7-15,3,False
S07,S07,1231,1231,L1-full,96,0-7-13,3,False
S07,S07,1231,1231,L1-full,97,0-14-15,3,False
S07,S07,1231,1231,L1-full,98,3-8-11,3,False
S07,S07,1231,1231,L1-full,99,8-9-15,3,False
S07,S07,1231,1231,L1-full,100,2-9-15,3,False
S07,S07,1231,1231,L1-full,101,6-13,2,False
S07,S07,1231,1231,L1-full,102,7-8-12,3,False
S07,S07,1231,1231,L1-full,103,2-9-14,3,False
S07,S07,1231,1231,L1-full,104,0-3-4,3,False
S07,S07,1231,1231,L1-full,105,7-11,2,False
S07,S07,1231,1231,L1-full,106,6-10-14,3,False
S07,S07,1231,1231,L1-full,107,5-7-9,3,False
S07,S07,1231,1231,L1-full,108,0-5-12,3,False
S07,S07,1231,1231,L1-full,109,4-8-12,3,False
S07,S07,1231,1231,L1-full,110,1-9-13,3,False
S07,S07,1231,1231,L1-full,111,1-12,2,False
S07,S07,1231,1231,L1-full,112,4-11,2,False
S07,S07,1231,1231,L1-full,113,0-9-14,3,False
S07,S07,1231,1231,L1-full,114,4-7-13,3,False
S07,S07,1231,1231,L1-full,115,4-8-14,3,False
S07,S07,1231,1231,L1-full,116,5-10,2,False
S07,S07,1231,1231,L1-full,117,7-9-10,3,False
S07,S07,1231,1231,L1-full,118,1-12-14,3,False
S07,S07,1231,1231,L1-full,119,0-5,2,False
S07,S07,1231,1231,L1-full,120,3-10,2,False
S07,S07,1231,1231,L1-full,121,4-6-12,3,False
S07,S07,1231,1231,L1-full,122,6-7-9,3,False
S07,S07,1231,1231,L1-full,123,0-5-7,3,False
S07,S07,1231,1231,L1-full,124,2-7-8,3,False
S07,S07,1231,1231,L1-full,125,1-3-8,3,False
S07,S07,1231,1231,L1-full,126,9-11-15,3,False
S07,S07,1231,1231,L1-full,127,1-11-12,3,False
S07,S07,1231,1231,L1-full,128,8-9-13,3,False
S07,S07,1231,1231,L1-full,129,2-10-12,3,False
S07,S07,1231,1231,L1-full,130,7-9-11,3,False
S07,S07,1231,1231,L1-full,131,1-6-11,3,False
S07,S07,1231,1231,L1-top8,1,0-1,2,True
S07,S07,1231,1231,L1-top8,2,4-5-6,3,True
S07,S07,1231,1231,L1-top8,3,2-3,2,True
S07,S07,1231,1231,L1-top8,4,7-8-9,3,True
S07,S07,1231,1231,L1-top8,5,6-8-10,3,False
S07,S07,1231,1231,L1-top8,6,2-3-6,3,False
S07,S07,1231,1231,L1-top8,7,1-4-13,3,False
S07,S07,1231,1231,L1-top8,8,6-10,2,False
S07,S07,1231,1231,L1-match,1,0-1,2,True
S07,S07,1231,1231,L1-match,2,4-5-6,3,True
S07,S07,1231,1231,L1-match,3,2-3,2,True
S07,S07,1231,1231,L1-match,4,7-8-9,3,True
S07,S07,1231,1231,SHIL-k8,1,0-1,2,True
S07,S07,1231,1231,SHIL-k8,2,2-3,2,True
S07,S07,1231,1231,SHIL-k8,3,4-5-6,3,True
S07,S07,1231,1231,SHIL-k8,4,7-8-9,3,True
S07,S07,1231,1231,SHIL-k8,5,8-15,2,False
S07,S07,1231,1231,SHIL-k8,6,5-12-15,3,False
S07,S07,1231,1231,SHIL-k8,7,4-10,2,False
S07,S07,1231,1231,SHIL-k8,8,4-9-15,3,False
S07,S07,1231,1231,SC-L1,1,0-1,2,True
S07,S07,1231,1231,SC-L1,2,2-3,2,True
S07,S07,1231,1231,SC-L1,3,4-5-6,3,True
S07,S07,1231,1231,SC-L1,4,7-8-9,3,True
S07,S07,1231,1231,SC-SHIL,1,0-1,2,True
S07,S07,1231,1231,SC-SHIL,2,2-3,2,True
S07,S07,1231,1231,SC-SHIL,3,4-5-6,3,True
S07,S07,1231,1231,SC-SHIL,4,7-8-9,3,True
S07,S07,1249,1249,L1-full,1,0-1,2,True
S07,S07,1249,1249,L1-full,2,4-5-6,3,True
S07,S07,1249,1249,L1-full,3,2-3,2,True
S07,S07,1249,1249,L1-full,4,7-8-9,3,True
S07,S07,1249,1249,L1-full,5,2-5-14,3,False
S07,S07,1249,1249,L1-full,6,4-7-10,3,False
S07,S07,1249,1249,L1-full,7,4-9-14,3,False
S07,S07,1249,1249,L1-full,8,4-7-15,3,False
S07,S07,1249,1249,L1-full,9,7-10-11,3,False
S07,S07,1249,1249,L1-full,10,4-14-15,3,False
S07,S07,1249,1249,L1-full,11,1-2-12,3,False
S07,S07,1249,1249,L1-full,12,9-10-12,3,False
S07,S07,1249,1249,L1-full,13,11-12,2,False
S07,S07,1249,1249,L1-full,14,1-12-15,3,False
S07,S07,1249,1249,L1-full,15,5-13-15,3,False
S07,S07,1249,1249,L1-full,16,5-8-11,3,False
S07,S07,1249,1249,L1-full,17,6-9-13,3,False
S07,S07,1249,1249,L1-full,18,6-8-10,3,False
S07,S07,1249,1249,L1-full,19,3-6-12,3,False
S07,S07,1249,1249,L1-full,20,1-8-13,3,False
S07,S07,1249,1249,L1-full,21,8-10-14,3,False
S07,S07,1249,1249,L1-full,22,1-6-9,3,False
S07,S07,1249,1249,L1-full,23,3-5-15,3,False
S07,S07,1249,1249,L1-full,24,5-11-14,3,False
S07,S07,1249,1249,L1-full,25,4-5-12,3,False
S07,S07,1249,1249,L1-full,26,8-9-14,3,False
S07,S07,1249,1249,L1-full,27,2-5-13,3,False
S07,S07,1249,1249,L1-full,28,4-5,2,False
S07,S07,1249,1249,L1-full,29,6-10-11,3,False
S07,S07,1249,1249,L1-full,30,2-4-15,3,False
S07,S07,1249,1249,L1-full,31,0-3-10,3,False
S07,S07,1249,1249,L1-full,32,10-12,2,False
S07,S07,1249,1249,L1-full,33,1-3-10,3,False
S07,S07,1249,1249,L1-full,34,3-13-15,3,False
S07,S07,1249,1249,L1-full,35,8-10-15,3,False
S07,S07,1249,1249,L1-full,36,2-9,2,False
S07,S07,1249,1249,L1-full,37,0-4-10,3,False
S07,S07,1249,1249,L1-full,38,10-12-15,3,False
S07,S07,1249,1249,L1-full,39,3-6-13,3,False
S07,S07,1249,1249,L1-full,40,2-7-13,3,False
S07,S07,1249,1249,L1-full,41,3-5-7,3,False
S07,S07,1249,1249,L1-full,42,1-13,2,False
S07,S07,1249,1249,L1-full,43,6-12-14,3,False
S07,S07,1249,1249,L1-full,44,8-13-15,3,False
S07,S07,1249,1249,L1-full,45,3-4-10,3,False
S07,S07,1249,1249,L1-full,46,0-12-14,3,False
S07,S07,1249,1249,L1-full,47,5-13,2,False
S07,S07,1249,1249,L1-full,48,2-11-13,3,False
S07,S07,1249,1249,L1-full,49,0-5-11,3,False
S07,S07,1249,1249,L1-full,50,0-2-5,3,False
S07,S07,1249,1249,L1-full,51,0-4-14,3,False
S07,S07,1249,1249,L1-full,52,0-4-6,3,False
S07,S07,1249,1249,L1-full,53,3-5-6,3,False
S07,S07,1249,1249,L1-full,54,9-14-15,3,False
S07,S07,1249,1249,L1-full,55,1-5-13,3,False
S07,S07,1249,1249,L1-full,56,5-10-11,3,False
S07,S07,1249,1249,L1-full,57,2-12,2,False
S07,S07,1249,1249,L1-full,58,0-12-13,3,False
S07,S07,1249,1249,L1-full,59,5-11-12,3,False
S07,S07,1249,1249,L1-full,60,3-7,2,False
S07,S07,1249,1249,L1-full,61,3-7-10,3,False
S07,S07,1249,1249,L1-full,62,9-13,2,False
S07,S07,1249,1249,L1-full,63,3-8,2,False
S07,S07,1249,1249,L1-full,64,7-15,2,False
S07,S07,1249,1249,L1-full,65,2-14-15,3,False
S07,S07,1249,1249,L1-full,66,4-8-12,3,False
S07,S07,1249,1249,L1-full,67,4-5-8,3,False
S07,S07,1249,1249,L1-full,68,6-10-15,3,False
S07,S07,1249,1249,L1-full,69,4-8-14,3,False
S07,S07,1249,1249,L1-full,70,7-9-11,3,False
S07,S07,1249,1249,L1-full,71,3-4-8,3,False
S07,S07,1249,1249,L1-full,72,6-13-14,3,False
S07,S07,1249,1249,L1-full,73,1-7,2,False
S07,S07,1249,1249,L1-full,74,2-8-15,3,False
S07,S07,1249,1249,L1-full,75,2-4-5,3,False
S07,S07,1249,1249,L1-full,76,2-5-8,3,False
S07,S07,1249,1249,L1-full,77,0-8-11,3,False
S07,S07,1249,1249,L1-full,78,8-11-13,3,False
S07,S07,1249,1249,L1-full,79,1-12-13,3,False
S07,S07,1249,1249,L1-full,80,0-4-8,3,False
S07,S07,1249,1249,L1-full,81,5-12-15,3,False
S07,S07,1249,1249,L1-full,82,6-11-12,3,False
S07,S07,1249,1249,L1-full,83,1-5-15,3,False
S07,S07,1249,1249,L1-full,84,4-5-11,3,False
S07,S07,1249,1249,L1-full,85,5-8,2,False
S07,S07,1249,1249,L1-full,86,2-7,2,False
S07,S07,1249,1249,L1-full,87,7-11-14,3,False
S07,S07,1249,1249,L1-full,88,2-5-7,3,False
S07,S07,1249,1249,L1-full,89,8-14-15,3,False
S07,S07,1249,1249,L1-full,90,1-9-12,3,False
S07,S07,1249,1249,L1-full,91,4-11-14,3,False
S07,S07,1249,1249,L1-full,92,7-12-13,3,False
S07,S07,1249,1249,L1-full,93,0-3-6,3,False
S07,S07,1249,1249,L1-full,94,2-8-11,3,False
S07,S07,1249,1249,L1-full,95,6-7-8,3,False
S07,S07,1249,1249,L1-full,96,8-11-15,3,False
S07,S07,1249,1249,L1-full,97,5-6,2,False
S07,S07,1249,1249,L1-full,98,1-14-15,3,False
S07,S07,1249,1249,L1-full,99,2-3-9,3,False
S07,S07,1249,1249,L1-full,100,4-5-7,3,False
S07,S07,1249,1249,L1-full,101,1-12,2,False
S07,S07,1249,1249,L1-full,102,3-5-13,3,False
S07,S07,1249,1249,L1-full,103,6-7-10,3,False
S07,S07,1249,1249,L1-full,104,8-10-12,3,False
S07,S07,1249,1249,L1-full,105,1-9-14,3,False
S07,S07,1249,1249,L1-full,106,6-8,2,False
S07,S07,1249,1249,L1-full,107,2-8-13,3,False
S07,S07,1249,1249,L1-full,108,2-3-5,3,False
S07,S07,1249,1249,L1-full,109,0-14,2,False
S07,S07,1249,1249,L1-full,110,3-7-14,3,False
S07,S07,1249,1249,L1-full,111,4-7-9,3,False
S07,S07,1249,1249,L1-full,112,8-12,2,False
S07,S07,1249,1249,L1-full,113,3-7-15,3,False
S07,S07,1249,1249,L1-full,114,1-3-6,3,False
S07,S07,1249,1249,L1-full,115,0-9-13,3,False
S07,S07,1249,1249,L1-full,116,3-7-13,3,False
S07,S07,1249,1249,L1-full,117,2-5-9,3,False
S07,S07,1249,1249,L1-full,118,10-11-14,3,False
S07,S07,1249,1249,L1-top8,1,0-1,2,True
S07,S07,1249,1249,L1-top8,2,4-5-6,3,True
S07,S07,1249,1249,L1-top8,3,2-3,2,True
S07,S07,1249,1249,L1-top8,4,7-8-9,3,True
S07,S07,1249,1249,L1-top8,5,2-5-14,3,False
S07,S07,1249,1249,L1-top8,6,4-7-10,3,False
S07,S07,1249,1249,L1-top8,7,4-9-14,3,False
S07,S07,1249,1249,L1-top8,8,4-7-15,3,False
S07,S07,1249,1249,L1-match,1,0-1,2,True
S07,S07,1249,1249,L1-match,2,4-5-6,3,True
S07,S07,1249,1249,L1-match,3,2-3,2,True
S07,S07,1249,1249,L1-match,4,7-8-9,3,True
S07,S07,1249,1249,SHIL-k8,1,0-1,2,True
S07,S07,1249,1249,SHIL-k8,2,2-3,2,True
S07,S07,1249,1249,SHIL-k8,3,4-5-6,3,True
S07,S07,1249,1249,SHIL-k8,4,7-8-9,3,True
S07,S07,1249,1249,SHIL-k8,5,9-10-12,3,False
S07,S07,1249,1249,SHIL-k8,6,4-7-10,3,False
S07,S07,1249,1249,SHIL-k8,7,0-4-6,3,False
S07,S07,1249,1249,SHIL-k8,8,8-13-15,3,False
S07,S07,1249,1249,SC-L1,1,0-1,2,True
S07,S07,1249,1249,SC-L1,2,2-3,2,True
S07,S07,1249,1249,SC-L1,3,4-5-6,3,True
S07,S07,1249,1249,SC-L1,4,7-8-9,3,True
S07,S07,1249,1249,SC-SHIL,1,0-1,2,True
S07,S07,1249,1249,SC-SHIL,2,2-3,2,True
S07,S07,1249,1249,SC-SHIL,3,4-5-6,3,True
S07,S07,1249,1249,SC-SHIL,4,7-8-9,3,True
S07,S07,1277,1277,L1-full,1,0-1,2,True
S07,S07,1277,1277,L1-full,2,2-3,2,True
S07,S07,1277,1277,L1-full,3,7-8-9,3,True
S07,S07,1277,1277,L1-full,4,4-5-6,3,True
S07,S07,1277,1277,L1-full,5,11-13-15,3,False
S07,S07,1277,1277,L1-full,6,5-12-15,3,False
S07,S07,1277,1277,L1-full,7,5-10-14,3,False
S07,S07,1277,1277,L1-full,8,7-11-12,3,False
S07,S07,1277,1277,L1-full,9,1-12-14,3,False
S07,S07,1277,1277,L1-full,10,2-4-15,3,False
S07,S07,1277,1277,L1-full,11,6-12-14,3,False
S07,S07,1277,1277,L1-full,12,5-8-9,3,False
S07,S07,1277,1277,L1-full,13,0-3-13,3,False
S07,S07,1277,1277,L1-full,14,8-9,2,False
S07,S07,1277,1277,L1-full,15,4-13-14,3,False
S07,S07,1277,1277,L1-full,16,3-8-15,3,False
S07,S07,1277,1277,L1-full,17,1-8-15,3,False
S07,S07,1277,1277,L1-full,18,2-12-14,3,False
S07,S07,1277,1277,L1-full,19,0-9-15,3,False
S07,S07,1277,1277,L1-full,20,2-7,2,False
S07,S07,1277,1277,L1-full,21,2-5-14,3,False
S07,S07,1277,1277,L1-full,22,6-7-12,3,False
S07,S07,1277,1277,L1-full,23,6-8-13,3,False
S07,S07,1277,1277,L1-full,24,7-8-15,3,False
S07,S07,1277,1277,L1-full,25,0-3-8,3,False
S07,S07,1277,1277,L1-full,26,4-6-13,3,False
S07,S07,1277,1277,L1-full,27,4-6-12,3,False
S07,S07,1277,1277,L1-full,28,2-12-15,3,False
S07,S07,1277,1277,L1-full,29,1-14,2,False
S07,S07,1277,1277,L1-full,30,0-3-6,3,False
S07,S07,1277,1277,L1-full,31,4-15,2,False
S07,S07,1277,1277,L1-full,32,1-9-15,3,False
S07,S07,1277,1277,L1-full,33,5-8-11,3,False
S07,S07,1277,1277,L1-full,34,1-10-11,3,False
S07,S07,1277,1277,L1-full,35,1-10-14,3,False
S07,S07,1277,1277,L1-full,36,0-9-13,3,False
S07,S07,1277,1277,L1-full,37,8-9-10,3,False
S07,S07,1277,1277,L1-full,38,6-8-14,3,False
S07,S07,1277,1277,L1-full,39,5-9-13,3,False
S07,S07,1277,1277,L1-full,40,9-12-14,3,False
S07,S07,1277,1277,L1-full,41,6-7,2,False
S07,S07,1277,1277,L1-full,42,2-5-10,3,False
S07,S07,1277,1277,L1-full,43,2-6-12,3,False
S07,S07,1277,1277,L1-full,44,4-8-13,3,False
S07,S07,1277,1277,L1-full,45,6-9-15,3,False
S07,S07,1277,1277,L1-full,46,0-7-10,3,False
S07,S07,1277,1277,L1-full,47,5-8,2,False
S07,S07,1277,1277,L1-full,48,9-12-13,3,False
S07,S07,1277,1277,L1-full,49,4-12-14,3,False
S07,S07,1277,1277,L1-full,50,3-11-14,3,False
S07,S07,1277,1277,L1-full,51,0-2-3,3,False
S07,S07,1277,1277,L1-full,52,2-9-12,3,False
S07,S07,1277,1277,L1-full,53,4-7-12,3,False
S07,S07,1277,1277,L1-full,54,0-3,2,False
S07,S07,1277,1277,L1-full,55,3-4-9,3,False
S07,S07,1277,1277,L1-full,56,4-12-15,3,False
S07,S07,1277,1277,L1-full,57,2-11,2,False
S07,S07,1277,1277,L1-full,58,0-3-11,3,False
S07,S07,1277,1277,L1-full,59,9-15,2,False
S07,S07,1277,1277,L1-full,60,7-10-11,3,False
S07,S07,1277,1277,L1-full,61,0-1-6,3,False
S07,S07,1277,1277,L1-full,62,9-12-15,3,False
S07,S07,1277,1277,L1-full,63,4-6-14,3,False
S07,S07,1277,1277,L1-full,64,3-5-6,3,False
S07,S07,1277,1277,L1-full,65,9-10-14,3,False
S07,S07,1277,1277,L1-full,66,3-8-14,3,False
S07,S07,1277,1277,L1-full,67,6-7-9,3,False
S07,S07,1277,1277,L1-full,68,7-13-14,3,False
S07,S07,1277,1277,L1-full,69,1-5-8,3,False
S07,S07,1277,1277,L1-full,70,2-3-15,3,False
S07,S07,1277,1277,L1-full,71,0-1-7,3,False
S07,S07,1277,1277,L1-full,72,1-5-11,3,False
S07,S07,1277,1277,L1-full,73,3-4-13,3,False
S07,S07,1277,1277,L1-full,74,2-5-9,3,False
S07,S07,1277,1277,L1-full,75,1-2-11,3,False
S07,S07,1277,1277,L1-full,76,3-5-9,3,False
S07,S07,1277,1277,L1-full,77,1-12,2,False
S07,S07,1277,1277,L1-full,78,6-8,2,False
S07,S07,1277,1277,L1-full,79,12-13-15,3,False
S07,S07,1277,1277,L1-full,80,2-3-10,3,False
S07,S07,1277,1277,L1-full,81,2-14,2,False
S07,S07,1277,1277,L1-full,82,3-8-10,3,False
S07,S07,1277,1277,L1-full,83,0-6-10,3,False
S07,S07,1277,1277,L1-full,84,3-6-11,3,False
S07,S07,1277,1277,L1-full,85,11-14-15,3,False
S07,S07,1277,1277,L1-full,86,3-7-12,3,False
S07,S07,1277,1277,L1-full,87,3-4-14,3,False
S07,S07,1277,1277,L1-full,88,11-12,2,False
S07,S07,1277,1277,L1-full,89,10-14,2,False
S07,S07,1277,1277,L1-full,90,0-6-8,3,False
S07,S07,1277,1277,L1-full,91,5-12-14,3,False
S07,S07,1277,1277,L1-full,92,8-10-15,3,False
S07,S07,1277,1277,L1-full,93,2-6-15,3,False
S07,S07,1277,1277,L1-full,94,8-10-11,3,False
S07,S07,1277,1277,L1-full,95,0-2-9,3,False
S07,S07,1277,1277,L1-full,96,7-8-14,3,False
S07,S07,1277,1277,L1-full,97,6-11-15,3,False
S07,S07,1277,1277,L1-full,98,4-5-10,3,False
S07,S07,1277,1277,L1-full,99,1-2,2,False
S07,S07,1277,1277,L1-full,100,2-7-11,3,False
S07,S07,1277,1277,L1-full,101,10-13-14,3,False
S07,S07,1277,1277,L1-full,102,5-10,2,False
S07,S07,1277,1277,L1-full,103,1-5-15,3,False
S07,S07,1277,1277,L1-full,104,1-6-9,3,False
S07,S07,1277,1277,L1-full,105,4-11-15,3,False
S07,S07,1277,1277,L1-full,106,3-5-11,3,False
S07,S07,1277,1277,L1-full,107,6-10,2,False
S07,S07,1277,1277,L1-full,108,8-10-12,3,False
S07,S07,1277,1277,L1-full,109,6-11,2,False
S07,S07,1277,1277,L1-full,110,4-10,2,False
S07,S07,1277,1277,L1-full,111,4-10-14,3,False
S07,S07,1277,1277,L1-full,112,0-5-11,3,False
S07,S07,1277,1277,L1-full,113,7-11-14,3,False
S07,S07,1277,1277,L1-full,114,0-14,2,False
S07,S07,1277,1277,L1-full,115,1-2-8,3,False
S07,S07,1277,1277,L1-full,116,1-7,2,False
S07,S07,1277,1277,L1-full,117,5-12-13,3,False
S07,S07,1277,1277,L1-full,118,1-11-13,3,False
S07,S07,1277,1277,L1-full,119,3-5-14,3,False
S07,S07,1277,1277,L1-full,120,3-9,2,False
S07,S07,1277,1277,L1-full,121,6-9-13,3,False
S07,S07,1277,1277,L1-full,122,10-11-13,3,False
S07,S07,1277,1277,L1-full,123,2-7-10,3,False
S07,S07,1277,1277,L1-full,124,4-8-15,3,False
S07,S07,1277,1277,L1-full,125,4-6-7,3,False
S07,S07,1277,1277,L1-full,126,3-9-14,3,False
S07,S07,1277,1277,L1-full,127,3-4-12,3,False
S07,S07,1277,1277,L1-full,128,0-13-14,3,False
S07,S07,1277,1277,L1-full,129,7-12,2,False
S07,S07,1277,1277,L1-full,130,13-14,2,False
S07,S07,1277,1277,L1-full,131,2-13,2,False
S07,S07,1277,1277,L1-full,132,1-13-15,3,False
S07,S07,1277,1277,L1-full,133,3-7-8,3,False
S07,S07,1277,1277,L1-top8,1,0-1,2,True
S07,S07,1277,1277,L1-top8,2,2-3,2,True
S07,S07,1277,1277,L1-top8,3,7-8-9,3,True
S07,S07,1277,1277,L1-top8,4,4-5-6,3,True
S07,S07,1277,1277,L1-top8,5,11-13-15,3,False
S07,S07,1277,1277,L1-top8,6,5-12-15,3,False
S07,S07,1277,1277,L1-top8,7,5-10-14,3,False
S07,S07,1277,1277,L1-top8,8,7-11-12,3,False
S07,S07,1277,1277,L1-match,1,0-1,2,True
S07,S07,1277,1277,L1-match,2,2-3,2,True
S07,S07,1277,1277,L1-match,3,7-8-9,3,True
S07,S07,1277,1277,L1-match,4,4-5-6,3,True
S07,S07,1277,1277,SHIL-k8,1,0-1,2,True
S07,S07,1277,1277,SHIL-k8,2,2-3,2,True
S07,S07,1277,1277,SHIL-k8,3,7-8-9,3,True
S07,S07,1277,1277,SHIL-k8,4,4-5-6,3,True
S07,S07,1277,1277,SHIL-k8,5,6-12-14,3,False
S07,S07,1277,1277,SHIL-k8,6,7-8-15,3,False
S07,S07,1277,1277,SHIL-k8,7,6-7-12,3,False
S07,S07,1277,1277,SHIL-k8,8,11-13-15,3,False
S07,S07,1277,1277,SC-L1,1,0-1,2,True
S07,S07,1277,1277,SC-L1,2,2-3,2,True
S07,S07,1277,1277,SC-L1,3,4-5-6,3,True
S07,S07,1277,1277,SC-L1,4,7-8-9,3,True
S07,S07,1277,1277,SC-SHIL,1,0-1,2,True
S07,S07,1277,1277,SC-SHIL,2,2-3,2,True
S07,S07,1277,1277,SC-SHIL,3,4-5-6,3,True
S07,S07,1277,1277,SC-SHIL,4,7-8-9,3,True
S08,S08,1103,1103,L1-full,1,0-1,2,True
S08,S08,1103,1103,L1-full,2,4-5-6,3,True
S08,S08,1103,1103,L1-full,3,2-3,2,True
S08,S08,1103,1103,L1-full,4,7-8-9,3,True
S08,S08,1103,1103,L1-full,5,8-10,2,False
S08,S08,1103,1103,L1-full,6,1-3-4,3,False
S08,S08,1103,1103,L1-full,7,3-15,2,False
S08,S08,1103,1103,L1-full,8,5-10-12,3,False
S08,S08,1103,1103,L1-full,9,5-8-14,3,False
S08,S08,1103,1103,L1-full,10,1-2-6,3,False
S08,S08,1103,1103,L1-full,11,2-10-15,3,False
S08,S08,1103,1103,L1-full,12,7-9-14,3,False
S08,S08,1103,1103,L1-full,13,5-6,2,False
S08,S08,1103,1103,L1-full,14,2-5-6,3,False
S08,S08,1103,1103,L1-full,15,3-4-9,3,False
S08,S08,1103,1103,L1-full,16,0-2-7,3,False
S08,S08,1103,1103,L1-full,17,0-14,2,False
S08,S08,1103,1103,L1-full,18,8-10-14,3,False
S08,S08,1103,1103,L1-full,19,3-12,2,False
S08,S08,1103,1103,L1-full,20,4-5,2,False
S08,S08,1103,1103,L1-full,21,0-3-4,3,False
S08,S08,1103,1103,L1-full,22,8-11,2,False
S08,S08,1103,1103,L1-full,23,1-14-15,3,False
S08,S08,1103,1103,L1-full,24,3-5-10,3,False
S08,S08,1103,1103,L1-full,25,1-3-13,3,False
S08,S08,1103,1103,L1-full,26,3-8-10,3,False
S08,S08,1103,1103,L1-full,27,2-6-11,3,False
S08,S08,1103,1103,L1-full,28,0-4-14,3,False
S08,S08,1103,1103,L1-full,29,4-11-12,3,False
S08,S08,1103,1103,L1-full,30,8-9-12,3,False
S08,S08,1103,1103,L1-full,31,1-5-13,3,False
S08,S08,1103,1103,L1-full,32,1-2,2,False
S08,S08,1103,1103,L1-full,33,1-13,2,False
S08,S08,1103,1103,L1-full,34,2-8-12,3,False
S08,S08,1103,1103,L1-full,35,5-7-8,3,False
S08,S08,1103,1103,L1-full,36,5-6-8,3,False
S08,S08,1103,1103,L1-full,37,4-6,2,False
S08,S08,1103,1103,L1-full,38,10-15,2,False
S08,S08,1103,1103,L1-full,39,7-14-15,3,False
S08,S08,1103,1103,L1-full,40,4-7-14,3,False
S08,S08,1103,1103,L1-full,41,12-13-15,3,False
S08,S08,1103,1103,L1-full,42,13-14-15,3,False
S08,S08,1103,1103,L1-full,43,6-14-15,3,False
S08,S08,1103,1103,L1-full,44,7-11,2,False
S08,S08,1103,1103,L1-full,45,1-3-9,3,False
S08,S08,1103,1103,L1-full,46,6-12,2,False
S08,S08,1103,1103,L1-full,47,5-12-14,3,False
S08,S08,1103,1103,L1-full,48,0-8-9,3,False
S08,S08,1103,1103,L1-full,49,2-10-12,3,False
S08,S08,1103,1103,L1-full,50,3-4-11,3,False
S08,S08,1103,1103,L1-full,51,8-9-13,3,False
S08,S08,1103,1103,L1-full,52,0-4-10,3,False
S08,S08,1103,1103,L1-full,53,0-5-7,3,False
S08,S08,1103,1103,L1-full,54,3-14-15,3,False
S08,S08,1103,1103,L1-full,55,1-10-13,3,False
S08,S08,1103,1103,L1-full,56,1-2-14,3,False
S08,S08,1103,1103,L1-full,57,2-3-9,3,False
S08,S08,1103,1103,L1-full,58,4-5-15,3,False
S08,S08,1103,1103,L1-full,59,1-2-11,3,False
S08,S08,1103,1103,L1-full,60,5-9-14,3,False
S08,S08,1103,1103,L1-full,61,2-4-8,3,False
S08,S08,1103,1103,L1-full,62,4-9-14,3,False
S08,S08,1103,1103,L1-full,63,8-12,2,False
S08,S08,1103,1103,L1-full,64,2-9-14,3,False
S08,S08,1103,1103,L1-full,65,3-6-13,3,False
S08,S08,1103,1103,L1-full,66,2-7-10,3,False
S08,S08,1103,1103,L1-full,67,0-13,2,False
S08,S08,1103,1103,L1-full,68,5-9-15,3,False
S08,S08,1103,1103,L1-full,69,4-6-9,3,False
S08,S08,1103,1103,L1-full,70,7-11-15,3,False
S08,S08,1103,1103,L1-full,71,0-10-13,3,False
S08,S08,1103,1103,L1-full,72,0-5-14,3,False
S08,S08,1103,1103,L1-full,73,0-6-7,3,False
S08,S08,1103,1103,L1-full,74,2-3-4,3,False
S08,S08,1103,1103,L1-full,75,9-10,2,False
S08,S08,1103,1103,L1-full,76,0-12,2,False
S08,S08,1103,1103,L1-full,77,2-4-14,3,False
S08,S08,1103,1103,L1-full,78,1-10-14,3,False
S08,S08,1103,1103,L1-full,79,4-12,2,False
S08,S08,1103,1103,L1-full,80,5-6-10,3,False
S08,S08,1103,1103,L1-full,81,1-4-12,3,False
S08,S08,1103,1103,L1-full,82,2-6,2,False
S08,S08,1103,1103,L1-full,83,1-8,2,False
S08,S08,1103,1103,L1-full,84,11-13-15,3,False
S08,S08,1103,1103,L1-full,85,1-12-13,3,False
S08,S08,1103,1103,L1-full,86,5-14-15,3,False
S08,S08,1103,1103,L1-full,87,6-7-11,3,False
S08,S08,1103,1103,L1-full,88,1-3-5,3,False
S08,S08,1103,1103,L1-full,89,0-3-7,3,False
S08,S08,1103,1103,L1-full,90,10-14-15,3,False
S08,S08,1103,1103,L1-full,91,9-11-15,3,False
S08,S08,1103,1103,L1-full,92,7-9-11,3,False
S08,S08,1103,1103,L1-full,93,1-10-15,3,False
S08,S08,1103,1103,L1-full,94,10-11-15,3,False
S08,S08,1103,1103,L1-full,95,2-5-14,3,False
S08,S08,1103,1103,L1-full,96,1-3-8,3,False
S08,S08,1103,1103,L1-full,97,2-6-15,3,False
S08,S08,1103,1103,L1-full,98,4-6-11,3,False
S08,S08,1103,1103,L1-full,99,6-9-13,3,False
S08,S08,1103,1103,L1-full,100,0-12-13,3,False
S08,S08,1103,1103,L1-full,101,7-11-12,3,False
S08,S08,1103,1103,L1-full,102,2-14,2,False
S08,S08,1103,1103,L1-full,103,5-11-12,3,False
S08,S08,1103,1103,L1-full,104,0-9-11,3,False
S08,S08,1103,1103,L1-full,105,1-4-7,3,False
S08,S08,1103,1103,L1-full,106,2-10-11,3,False
S08,S08,1103,1103,L1-full,107,0-4-8,3,False
S08,S08,1103,1103,L1-full,108,0-11-14,3,False
S08,S08,1103,1103,L1-full,109,0-8-10,3,False
S08,S08,1103,1103,L1-full,110,8-9-14,3,False
S08,S08,1103,1103,L1-full,111,0-13-14,3,False
S08,S08,1103,1103,L1-full,112,6-10-15,3,False
S08,S08,1103,1103,L1-full,113,7-8-12,3,False
S08,S08,1103,1103,L1-full,114,6-12-14,3,False
S08,S08,1103,1103,L1-full,115,6-10-11,3,False
S08,S08,1103,1103,L1-full,116,4-13-15,3,False
S08,S08,1103,1103,L1-full,117,2-5-12,3,False
S08,S08,1103,1103,L1-full,118,0-6-15,3,False
S08,S08,1103,1103,L1-full,119,5-7-9,3,False
S08,S08,1103,1103,L1-full,120,7-9,2,False
S08,S08,1103,1103,L1-full,121,3-5-13,3,False
S08,S08,1103,1103,L1-full,122,0-1-14,3,False
S08,S08,1103,1103,L1-full,123,6-10-14,3,False
S08,S08,1103,1103,L1-full,124,0-1-3,3,False
S08,S08,1103,1103,L1-full,125,1-9-11,3,False
S08,S08,1103,1103,L1-full,126,7-12-14,3,False
S08,S08,1103,1103,L1-full,127,4-9-12,3,False
S08,S08,1103,1103,L1-full,128,6-8-12,3,False
S08,S08,1103,1103,L1-full,129,2-11-14,3,False
S08,S08,1103,1103,L1-full,130,2-9-10,3,False
S08,S08,1103,1103,L1-full,131,0-9,2,False
S08,S08,1103,1103,L1-full,132,11-14,2,False
S08,S08,1103,1103,L1-full,133,4-6-15,3,False
S08,S08,1103,1103,L1-full,134,11-12-15,3,False
S08,S08,1103,1103,L1-full,135,2-4-13,3,False
S08,S08,1103,1103,L1-full,136,3-12-15,3,False
S08,S08,1103,1103,L1-full,137,1-3-15,3,False
S08,S08,1103,1103,L1-full,138,4-8-11,3,False
S08,S08,1103,1103,L1-full,139,5-13-15,3,False
S08,S08,1103,1103,L1-full,140,0-3-10,3,False
S08,S08,1103,1103,L1-full,141,3-5-8,3,False
S08,S08,1103,1103,L1-full,142,5-8-12,3,False
S08,S08,1103,1103,L1-full,143,2-12-15,3,False
S08,S08,1103,1103,L1-full,144,10-12-13,3,False
S08,S08,1103,1103,L1-full,145,4-11-14,3,False
S08,S08,1103,1103,L1-full,146,0-1-8,3,False
S08,S08,1103,1103,L1-full,147,0-1-9,3,False
S08,S08,1103,1103,L1-full,148,7-12-15,3,False
S08,S08,1103,1103,L1-full,149,3-11-13,3,False
S08,S08,1103,1103,L1-full,150,7-8-10,3,False
S08,S08,1103,1103,L1-full,151,7-14,2,False
S08,S08,1103,1103,L1-full,152,0-6-14,3,False
S08,S08,1103,1103,L1-full,153,4-7-15,3,False
S08,S08,1103,1103,L1-full,154,3-6-15,3,False
S08,S08,1103,1103,L1-full,155,0-9-10,3,False
S08,S08,1103,1103,L1-full,156,3-4-8,3,False
S08,S08,1103,1103,L1-full,157,6-11-12,3,False
S08,S08,1103,1103,L1-full,158,5-6-14,3,False
S08,S08,1103,1103,L1-full,159,4-10-12,3,False
S08,S08,1103,1103,L1-full,160,1-11,2,False
S08,S08,1103,1103,L1-full,161,2-5-10,3,False
S08,S08,1103,1103,L1-full,162,2-4-12,3,False
S08,S08,1103,1103,L1-full,163,2-10,2,False
S08,S08,1103,1103,L1-full,164,6-12-13,3,False
S08,S08,1103,1103,L1-full,165,7-8-13,3,False
S08,S08,1103,1103,L1-full,166,0-1-13,3,False
S08,S08,1103,1103,L1-full,167,12-14,2,False
S08,S08,1103,1103,L1-full,168,7-8,2,False
S08,S08,1103,1103,L1-full,169,2-5-15,3,False
S08,S08,1103,1103,L1-full,170,0-1-7,3,False
S08,S08,1103,1103,L1-full,171,3-4-14,3,False
S08,S08,1103,1103,L1-full,172,0-3-8,3,False
S08,S08,1103,1103,L1-full,173,2-14-15,3,False
S08,S08,1103,1103,L1-full,174,1-12-14,3,False
S08,S08,1103,1103,L1-full,175,7-13-14,3,False
S08,S08,1103,1103,L1-full,176,2-8,2,False
S08,S08,1103,1103,L1-full,177,6-7-13,3,False
S08,S08,1103,1103,L1-full,178,0-5-11,3,False
S08,S08,1103,1103,L1-full,179,0-5,2,False
S08,S08,1103,1103,L1-full,180,14-15,2,False
S08,S08,1103,1103,L1-full,181,3-7-15,3,False
S08,S08,1103,1103,L1-full,182,5-11-15,3,False
S08,S08,1103,1103,L1-full,183,7-9-15,3,False
S08,S08,1103,1103,L1-full,184,10-11-14,3,False
S08,S08,1103,1103,L1-full,185,0-4-7,3,False
S08,S08,1103,1103,L1-full,186,2-13-14,3,False
S08,S08,1103,1103,L1-full,187,5-9-10,3,False
S08,S08,1103,1103,L1-full,188,1-5-11,3,False
S08,S08,1103,1103,L1-full,189,10-11-13,3,False
S08,S08,1103,1103,L1-full,190,2-3-11,3,False
S08,S08,1103,1103,L1-full,191,8-10-11,3,False
S08,S08,1103,1103,L1-full,192,3-4-6,3,False
S08,S08,1103,1103,L1-full,193,11-13,2,False
S08,S08,1103,1103,L1-full,194,1-15,2,False
S08,S08,1103,1103,L1-full,195,5-9-11,3,False
S08,S08,1103,1103,L1-full,196,3-4-13,3,False
S08,S08,1103,1103,L1-full,197,1-6-8,3,False
S08,S08,1103,1103,L1-full,198,4-8-15,3,False
S08,S08,1103,1103,L1-full,199,3-7-12,3,False
S08,S08,1103,1103,L1-full,200,9-13-15,3,False
S08,S08,1103,1103,L1-full,201,6-13,2,False
S08,S08,1103,1103,L1-full,202,0-2,2,False
S08,S08,1103,1103,L1-full,203,5-9-13,3,False
S08,S08,1103,1103,L1-full,204,1-8-13,3,False
S08,S08,1103,1103,L1-full,205,3-10-15,3,False
S08,S08,1103,1103,L1-full,206,6-10,2,False
S08,S08,1103,1103,L1-full,207,6-8-14,3,False
S08,S08,1103,1103,L1-full,208,9-10-13,3,False
S08,S08,1103,1103,L1-full,209,5-11,2,False
S08,S08,1103,1103,L1-full,210,8-14-15,3,False
S08,S08,1103,1103,L1-full,211,6-7,2,False
S08,S08,1103,1103,L1-full,212,9-11,2,False
S08,S08,1103,1103,L1-full,213,3-5-15,3,False
S08,S08,1103,1103,L1-full,214,8-9-15,3,False
S08,S08,1103,1103,L1-full,215,3-5-6,3,False
S08,S08,1103,1103,L1-full,216,11-12,2,False
S08,S08,1103,1103,L1-full,217,2-7-11,3,False
S08,S08,1103,1103,L1-full,218,5-8-13,3,False
S08,S08,1103,1103,L1-full,219,1-10,2,False
S08,S08,1103,1103,L1-full,220,0-11-12,3,False
S08,S08,1103,1103,L1-full,221,6-8-9,3,False
S08,S08,1103,1103,L1-full,222,1-11-14,3,False
S08,S08,1103,1103,L1-full,223,4-6-7,3,False
S08,S08,1103,1103,L1-full,224,0-11,2,False
S08,S08,1103,1103,L1-full,225,4-9-10,3,False
S08,S08,1103,1103,L1-full,226,9-10-15,3,False
S08,S08,1103,1103,L1-full,227,4-14,2,False
S08,S08,1103,1103,L1-full,228,11-13-14,3,False
S08,S08,1103,1103,L1-full,229,9-14,2,False
S08,S08,1103,1103,L1-full,230,6-7-15,3,False
S08,S08,1103,1103,L1-full,231,3-9-10,3,False
S08,S08,1103,1103,L1-full,232,4-7,2,False
S08,S08,1103,1103,L1-full,233,4-5-14,3,False
S08,S08,1103,1103,L1-full,234,5-6-9,3,False
S08,S08,1103,1103,L1-full,235,8-13-15,3,False
S08,S08,1103,1103,L1-full,236,12-13,2,False
S08,S08,1103,1103,L1-full,237,0-12-15,3,False
S08,S08,1103,1103,L1-full,238,3-5-14,3,False
S08,S08,1103,1103,L1-full,239,5-8-9,3,False
S08,S08,1103,1103,L1-full,240,8-13,2,False
S08,S08,1103,1103,L1-full,241,1-4,2,False
S08,S08,1103,1103,L1-full,242,11-12-14,3,False
S08,S08,1103,1103,L1-top8,1,0-1,2,True
S08,S08,1103,1103,L1-top8,2,4-5-6,3,True
S08,S08,1103,1103,L1-top8,3,2-3,2,True
S08,S08,1103,1103,L1-top8,4,7-8-9,3,True
S08,S08,1103,1103,L1-top8,5,8-10,2,False
S08,S08,1103,1103,L1-top8,6,1-3-4,3,False
S08,S08,1103,1103,L1-top8,7,3-15,2,False
S08,S08,1103,1103,L1-top8,8,5-10-12,3,False
S08,S08,1103,1103,L1-match,1,0-1,2,True
S08,S08,1103,1103,L1-match,2,4-5-6,3,True
S08,S08,1103,1103,L1-match,3,2-3,2,True
S08,S08,1103,1103,L1-match,4,7-8-9,3,True
S08,S08,1103,1103,SHIL-k8,1,0-1,2,True
S08,S08,1103,1103,SHIL-k8,2,2-3,2,True
S08,S08,1103,1103,SHIL-k8,3,4-5-6,3,True
S08,S08,1103,1103,SHIL-k8,4,7-8-9,3,True
S08,S08,1103,1103,SHIL-k8,5,5-9-14,3,False
S08,S08,1103,1103,SHIL-k8,6,2-10-15,3,False
S08,S08,1103,1103,SHIL-k8,7,2-10-12,3,False
S08,S08,1103,1103,SHIL-k8,8,7-8-10,3,False
S08,S08,1103,1103,SC-L1,1,0-1,2,True
S08,S08,1103,1103,SC-L1,2,2-3,2,True
S08,S08,1103,1103,SC-L1,3,4-5-6,3,True
S08,S08,1103,1103,SC-L1,4,7-8-9,3,True
S08,S08,1103,1103,SC-SHIL,1,0-1,2,True
S08,S08,1103,1103,SC-SHIL,2,2-3,2,True
S08,S08,1103,1103,SC-SHIL,3,4-5-6,3,True
S08,S08,1103,1103,SC-SHIL,4,7-8-9,3,True
S08,S08,1129,1129,L1-full,1,0-1,2,True
S08,S08,1129,1129,L1-full,2,4-5-6,3,True
S08,S08,1129,1129,L1-full,3,2-3,2,True
S08,S08,1129,1129,L1-full,4,7-8-9,3,True
S08,S08,1129,1129,L1-full,5,1-11-12,3,False
S08,S08,1129,1129,L1-full,6,4-10-15,3,False
S08,S08,1129,1129,L1-full,7,4-14-15,3,False
S08,S08,1129,1129,L1-full,8,3-5-15,3,False
S08,S08,1129,1129,L1-full,9,8-9,2,False
S08,S08,1129,1129,L1-full,10,11-13-15,3,False
S08,S08,1129,1129,L1-full,11,4-5,2,False
S08,S08,1129,1129,L1-full,12,0-9-12,3,False
S08,S08,1129,1129,L1-full,13,5-11,2,False
S08,S08,1129,1129,L1-full,14,5-13,2,False
S08,S08,1129,1129,L1-full,15,0-13-15,3,False
S08,S08,1129,1129,L1-full,16,13-14-15,3,False
S08,S08,1129,1129,L1-full,17,10-15,2,False
S08,S08,1129,1129,L1-full,18,2-5,2,False
S08,S08,1129,1129,L1-full,19,6-7-9,3,False
S08,S08,1129,1129,L1-full,20,10-13-15,3,False
S08,S08,1129,1129,L1-full,21,1-6-7,3,False
S08,S08,1129,1129,L1-full,22,8-13-15,3,False
S08,S08,1129,1129,L1-top8,1,0-1,2,True
S08,S08,1129,1129,L1-top8,2,4-5-6,3,True
S08,S08,1129,1129,L1-top8,3,2-3,2,True
S08,S08,1129,1129,L1-top8,4,7-8-9,3,True
S08,S08,1129,1129,L1-top8,5,1-11-12,3,False
S08,S08,1129,1129,L1-top8,6,4-10-15,3,False
S08,S08,1129,1129,L1-top8,7,4-14-15,3,False
S08,S08,1129,1129,L1-top8,8,3-5-15,3,False
S08,S08,1129,1129,L1-match,1,0-1,2,True
S08,S08,1129,1129,L1-match,2,4-5-6,3,True
S08,S08,1129,1129,L1-match,3,2-3,2,True
S08,S08,1129,1129,L1-match,4,7-8-9,3,True
S08,S08,1129,1129,SHIL-k8,1,0-1,2,True
S08,S08,1129,1129,SHIL-k8,2,2-3,2,True
S08,S08,1129,1129,SHIL-k8,3,4-5-6,3,True
S08,S08,1129,1129,SHIL-k8,4,7-8-9,3,True
S08,S08,1129,1129,SHIL-k8,5,7-8-10,3,False
S08,S08,1129,1129,SHIL-k8,6,4-5-7,3,False
S08,S08,1129,1129,SHIL-k8,7,2-4,2,False
S08,S08,1129,1129,SHIL-k8,8,6-8-9,3,False
S08,S08,1129,1129,SC-L1,1,0-1,2,True
S08,S08,1129,1129,SC-L1,2,2-3,2,True
S08,S08,1129,1129,SC-L1,3,4-5-6,3,True
S08,S08,1129,1129,SC-L1,4,7-8-9,3,True
S08,S08,1129,1129,SC-SHIL,1,0-1,2,True
S08,S08,1129,1129,SC-SHIL,2,2-3,2,True
S08,S08,1129,1129,SC-SHIL,3,4-5-6,3,True
S08,S08,1129,1129,SC-SHIL,4,7-8-9,3,True
S08,S08,1151,1151,L1-full,1,0-1,2,True
S08,S08,1151,1151,L1-full,2,4-5-6,3,True
S08,S08,1151,1151,L1-full,3,7-8-9,3,True
S08,S08,1151,1151,L1-full,4,2-3,2,True
S08,S08,1151,1151,L1-full,5,14-15,2,False
S08,S08,1151,1151,L1-full,6,1-13-15,3,False
S08,S08,1151,1151,L1-full,7,0-1-9,3,False
S08,S08,1151,1151,L1-full,8,2-14,2,False
S08,S08,1151,1151,L1-full,9,7-8-10,3,False
S08,S08,1151,1151,L1-full,10,12-14-15,3,False
S08,S08,1151,1151,L1-full,11,10-11,2,False
S08,S08,1151,1151,L1-full,12,9-10-15,3,False
S08,S08,1151,1151,L1-full,13,1-12-13,3,False
S08,S08,1151,1151,L1-full,14,2-5-13,3,False
S08,S08,1151,1151,L1-full,15,10-13-15,3,False
S08,S08,1151,1151,L1-full,16,12-13-14,3,False
S08,S08,1151,1151,L1-full,17,13-15,2,False
S08,S08,1151,1151,L1-full,18,4-10-15,3,False
S08,S08,1151,1151,L1-full,19,7-14-15,3,False
S08,S08,1151,1151,L1-full,20,4-9-10,3,False
S08,S08,1151,1151,L1-full,21,6-8-10,3,False
S08,S08,1151,1151,L1-full,22,1-9,2,False
S08,S08,1151,1151,L1-full,23,3-4-5,3,False
S08,S08,1151,1151,L1-full,24,4-10-14,3,False
S08,S08,1151,1151,L1-full,25,0-1-2,3,False
S08,S08,1151,1151,L1-top8,1,0-1,2,True
S08,S08,1151,1151,L1-top8,2,4-5-6,3,True
S08,S08,1151,1151,L1-top8,3,7-8-9,3,True
S08,S08,1151,1151,L1-top8,4,2-3,2,True
S08,S08,1151,1151,L1-top8,5,14-15,2,False
S08,S08,1151,1151,L1-top8,6,1-13-15,3,False
S08,S08,1151,1151,L1-top8,7,0-1-9,3,False
S08,S08,1151,1151,L1-top8,8,2-14,2,False
S08,S08,1151,1151,L1-match,1,0-1,2,True
S08,S08,1151,1151,L1-match,2,4-5-6,3,True
S08,S08,1151,1151,L1-match,3,7-8-9,3,True
S08,S08,1151,1151,L1-match,4,2-3,2,True
S08,S08,1151,1151,SHIL-k8,1,2-3,2,True
S08,S08,1151,1151,SHIL-k8,2,0-1,2,True
S08,S08,1151,1151,SHIL-k8,3,4-5-6,3,True
S08,S08,1151,1151,SHIL-k8,4,7-8-9,3,True
S08,S08,1151,1151,SHIL-k8,5,0-2,2,False
S08,S08,1151,1151,SHIL-k8,6,3-5-6,3,False
S08,S08,1151,1151,SHIL-k8,7,4-5-7,3,False
S08,S08,1151,1151,SHIL-k8,8,2-10-14,3,False
S08,S08,1151,1151,SC-L1,1,0-1,2,True
S08,S08,1151,1151,SC-L1,2,2-3,2,True
S08,S08,1151,1151,SC-L1,3,4-5-6,3,True
S08,S08,1151,1151,SC-L1,4,7-8-9,3,True
S08,S08,1151,1151,SC-SHIL,1,0-1,2,True
S08,S08,1151,1151,SC-SHIL,2,2-3,2,True
S08,S08,1151,1151,SC-SHIL,3,4-5-6,3,True
S08,S08,1151,1151,SC-SHIL,4,7-8-9,3,True
S08,S08,1171,1171,L1-full,1,0-1,2,True
S08,S08,1171,1171,L1-full,2,4-5-6,3,True
S08,S08,1171,1171,L1-full,3,2-3,2,True
S08,S08,1171,1171,L1-full,4,7-8-9,3,True
S08,S08,1171,1171,L1-full,5,2-3-4,3,False
S08,S08,1171,1171,L1-full,6,5-6-8,3,False
S08,S08,1171,1171,L1-full,7,5-6-11,3,False
S08,S08,1171,1171,L1-full,8,0-7-8,3,False
S08,S08,1171,1171,L1-full,9,5-10-15,3,False
S08,S08,1171,1171,L1-full,10,3-7,2,False
S08,S08,1171,1171,L1-full,11,9-10-15,3,False
S08,S08,1171,1171,L1-full,12,3-12-14,3,False
S08,S08,1171,1171,L1-full,13,14-15,2,False
S08,S08,1171,1171,L1-full,14,4-5-11,3,False
S08,S08,1171,1171,L1-full,15,12-14,2,False
S08,S08,1171,1171,L1-full,16,7-11,2,False
S08,S08,1171,1171,L1-full,17,8-11-12,3,False
S08,S08,1171,1171,L1-full,18,4-9-11,3,False
S08,S08,1171,1171,L1-full,19,6-7-8,3,False
S08,S08,1171,1171,L1-full,20,2-4-11,3,False
S08,S08,1171,1171,L1-full,21,0-4-15,3,False
S08,S08,1171,1171,L1-full,22,9-14-15,3,False
S08,S08,1171,1171,L1-full,23,11-15,2,False
S08,S08,1171,1171,L1-full,24,12-13-15,3,False
S08,S08,1171,1171,L1-full,25,0-3-15,3,False
S08,S08,1171,1171,L1-full,26,13-15,2,False
S08,S08,1171,1171,L1-full,27,10-11-15,3,False
S08,S08,1171,1171,L1-full,28,3-13,2,False
S08,S08,1171,1171,L1-full,29,1-10-11,3,False
S08,S08,1171,1171,L1-full,30,2-3-5,3,False
S08,S08,1171,1171,L1-full,31,3-9-14,3,False
S08,S08,1171,1171,L1-full,32,7-13-14,3,False
S08,S08,1171,1171,L1-full,33,11-13-15,3,False
S08,S08,1171,1171,L1-full,34,3-4-11,3,False
S08,S08,1171,1171,L1-full,35,3-10-14,3,False
S08,S08,1171,1171,L1-full,36,2-5-11,3,False
S08,S08,1171,1171,L1-full,37,9-13,2,False
S08,S08,1171,1171,L1-full,38,8-13,2,False
S08,S08,1171,1171,L1-full,39,3-5-11,3,False
S08,S08,1171,1171,L1-full,40,7-13-15,3,False
S08,S08,1171,1171,L1-top8,1,0-1,2,True
S08,S08,1171,1171,L1-top8,2,4-5-6,3,True
S08,S08,1171,1171,L1-top8,3,2-3,2,True
S08,S08,1171,1171,L1-top8,4,7-8-9,3,True
S08,S08,1171,1171,L1-top8,5,2-3-4,3,False
S08,S08,1171,1171,L1-top8,6,5-6-8,3,False
S08,S08,1171,1171,L1-top8,7,5-6-11,3,False
S08,S08,1171,1171,L1-top8,8,0-7-8,3,False
S08,S08,1171,1171,L1-match,1,0-1,2,True
S08,S08,1171,1171,L1-match,2,4-5-6,3,True
S08,S08,1171,1171,L1-match,3,2-3,2,True
S08,S08,1171,1171,L1-match,4,7-8-9,3,True
S08,S08,1171,1171,L1-match,5,2-3-4,3,False
S08,S08,1171,1171,SHIL-k8,1,0-1,2,True
S08,S08,1171,1171,SHIL-k8,2,2-3,2,True
S08,S08,1171,1171,SHIL-k8,3,4-5-6,3,True
S08,S08,1171,1171,SHIL-k8,4,7-8-9,3,True
S08,S08,1171,1171,SHIL-k8,5,0-2,2,False
S08,S08,1171,1171,SHIL-k8,6,1-3,2,False
S08,S08,1171,1171,SHIL-k8,7,7-10-12,3,False
S08,S08,1171,1171,SHIL-k8,8,4-6-7,3,False
S08,S08,1171,1171,SC-L1,1,0-1,2,True
S08,S08,1171,1171,SC-L1,2,2-3,2,True
S08,S08,1171,1171,SC-L1,3,4-5-6,3,True
S08,S08,1171,1171,SC-L1,4,7-8-9,3,True
S08,S08,1171,1171,SC-SHIL,1,0-1,2,True
S08,S08,1171,1171,SC-SHIL,2,0-2,2,False
S08,S08,1171,1171,SC-SHIL,3,2-3,2,True
S08,S08,1171,1171,SC-SHIL,4,4-5-6,3,True
S08,S08,1171,1171,SC-SHIL,5,7-8-9,3,True
S08,S08,1181,1181,L1-full,1,0-1,2,True
S08,S08,1181,1181,L1-full,2,4-5-6,3,True
S08,S08,1181,1181,L1-full,3,2-3,2,True
S08,S08,1181,1181,L1-full,4,7-8-9,3,True
S08,S08,1181,1181,L1-full,5,11-12,2,False
S08,S08,1181,1181,L1-full,6,8-9-14,3,False
S08,S08,1181,1181,L1-full,7,1-2-3,3,False
S08,S08,1181,1181,L1-full,8,10-11-15,3,False
S08,S08,1181,1181,L1-full,9,0-4-13,3,False
S08,S08,1181,1181,L1-full,10,4-10-11,3,False
S08,S08,1181,1181,L1-full,11,8-14,2,False
S08,S08,1181,1181,L1-full,12,14-15,2,False
S08,S08,1181,1181,L1-full,13,8-9-10,3,False
S08,S08,1181,1181,L1-full,14,2-5-9,3,False
S08,S08,1181,1181,L1-full,15,5-15,2,False
S08,S08,1181,1181,L1-full,16,3-6,2,False
S08,S08,1181,1181,L1-full,17,11-12-14,3,False
S08,S08,1181,1181,L1-full,18,2-3-13,3,False
S08,S08,1181,1181,L1-full,19,3-8-13,3,False
S08,S08,1181,1181,L1-full,20,1-2-15,3,False
S08,S08,1181,1181,L1-full,21,4-8,2,False
S08,S08,1181,1181,L1-full,22,11-14-15,3,False
S08,S08,1181,1181,L1-top8,1,0-1,2,True
S08,S08,1181,1181,L1-top8,2,4-5-6,3,True
S08,S08,1181,1181,L1-top8,3,2-3,2,True
S08,S08,1181,1181,L1-top8,4,7-8-9,3,True
S08,S08,1181,1181,L1-top8,5,11-12,2,False
S08,S08,1181,1181,L1-top8,6,8-9-14,3,False
S08,S08,1181,1181,L1-top8,7,1-2-3,3,False
S08,S08,1181,1181,L1-top8,8,10-11-15,3,False
S08,S08,1181,1181,L1-match,1,0-1,2,True
S08,S08,1181,1181,L1-match,2,4-5-6,3,True
S08,S08,1181,1181,L1-match,3,2-3,2,True
S08,S08,1181,1181,L1-match,4,7-8-9,3,True
S08,S08,1181,1181,SHIL-k8,1,2-3,2,True
S08,S08,1181,1181,SHIL-k8,2,0-1,2,True
S08,S08,1181,1181,SHIL-k8,3,7-8-9,3,True
S08,S08,1181,1181,SHIL-k8,4,4-5-6,3,True
S08,S08,1181,1181,SHIL-k8,5,6-8-9,3,False
S08,S08,1181,1181,SHIL-k8,6,4-5-7,3,False
S08,S08,1181,1181,SHIL-k8,7,4-8,2,False
S08,S08,1181,1181,SHIL-k8,8,0-3-11,3,False
S08,S08,1181,1181,SC-L1,1,0-1,2,True
S08,S08,1181,1181,SC-L1,2,2-3,2,True
S08,S08,1181,1181,SC-L1,3,4-5-6,3,True
S08,S08,1181,1181,SC-L1,4,7-8-9,3,True
S08,S08,1181,1181,SC-SHIL,1,0-1,2,True
S08,S08,1181,1181,SC-SHIL,2,2-3,2,True
S08,S08,1181,1181,SC-SHIL,3,4-5-6,3,True
S08,S08,1181,1181,SC-SHIL,4,7-8-9,3,True
S08,S08,1201,1201,L1-full,1,4-5-6,3,True
S08,S08,1201,1201,L1-full,2,0-1,2,True
S08,S08,1201,1201,L1-full,3,2-3,2,True
S08,S08,1201,1201,L1-full,4,7-8-9,3,True
S08,S08,1201,1201,L1-full,5,3-4-5,3,False
S08,S08,1201,1201,L1-full,6,7-9-13,3,False
S08,S08,1201,1201,L1-full,7,11-12-14,3,False
S08,S08,1201,1201,L1-full,8,0-6-11,3,False
S08,S08,1201,1201,L1-full,9,12-13-15,3,False
S08,S08,1201,1201,L1-full,10,6-11,2,False
S08,S08,1201,1201,L1-full,11,6-7-8,3,False
S08,S08,1201,1201,L1-full,12,5-11-12,3,False
S08,S08,1201,1201,L1-full,13,11-12-13,3,False
S08,S08,1201,1201,L1-full,14,8-11-15,3,False
S08,S08,1201,1201,L1-full,15,6-10-13,3,False
S08,S08,1201,1201,L1-full,16,11-12-15,3,False
S08,S08,1201,1201,L1-full,17,4-11,2,False
S08,S08,1201,1201,L1-full,18,1-2-9,3,False
S08,S08,1201,1201,L1-full,19,5-13,2,False
S08,S08,1201,1201,L1-full,20,6-8-11,3,False
S08,S08,1201,1201,L1-full,21,6-13-15,3,False
S08,S08,1201,1201,L1-full,22,3-9-10,3,False
S08,S08,1201,1201,L1-full,23,7-11-15,3,False
S08,S08,1201,1201,L1-full,24,0-13,2,False
S08,S08,1201,1201,L1-full,25,6-10,2,False
S08,S08,1201,1201,L1-full,26,1-9-14,3,False
S08,S08,1201,1201,L1-full,27,0-2-9,3,False
S08,S08,1201,1201,L1-full,28,9-11,2,False
S08,S08,1201,1201,L1-top8,1,4-5-6,3,True
S08,S08,1201,1201,L1-top8,2,0-1,2,True
S08,S08,1201,1201,L1-top8,3,2-3,2,True
S08,S08,1201,1201,L1-top8,4,7-8-9,3,True
S08,S08,1201,1201,L1-top8,5,3-4-5,3,False
S08,S08,1201,1201,L1-top8,6,7-9-13,3,False
S08,S08,1201,1201,L1-top8,7,11-12-14,3,False
S08,S08,1201,1201,L1-top8,8,0-6-11,3,False
S08,S08,1201,1201,L1-match,1,4-5-6,3,True
S08,S08,1201,1201,L1-match,2,0-1,2,True
S08,S08,1201,1201,L1-match,3,2-3,2,True
S08,S08,1201,1201,L1-match,4,7-8-9,3,True
S08,S08,1201,1201,SHIL-k8,1,0-1,2,True
S08,S08,1201,1201,SHIL-k8,2,2-3,2,True
S08,S08,1201,1201,SHIL-k8,3,7-8-9,3,True
S08,S08,1201,1201,SHIL-k8,4,4-5-6,3,True
S08,S08,1201,1201,SHIL-k8,5,0-2,2,False
S08,S08,1201,1201,SHIL-k8,6,3-5-6,3,False
S08,S08,1201,1201,SHIL-k8,7,4-5-7,3,False
S08,S08,1201,1201,SHIL-k8,8,2-4,2,False
S08,S08,1201,1201,SC-L1,1,0-1,2,True
S08,S08,1201,1201,SC-L1,2,2-3,2,True
S08,S08,1201,1201,SC-L1,3,4-5-6,3,True
S08,S08,1201,1201,SC-L1,4,7-8-9,3,True
S08,S08,1201,1201,SC-SHIL,1,0-1,2,True
S08,S08,1201,1201,SC-SHIL,2,2-3,2,True
S08,S08,1201,1201,SC-SHIL,3,4-5-6,3,True
S08,S08,1201,1201,SC-SHIL,4,7-8-9,3,True
S08,S08,1213,1213,L1-full,1,0-1,2,True
S08,S08,1213,1213,L1-full,2,4-5-6,3,True
S08,S08,1213,1213,L1-full,3,2-3,2,True
S08,S08,1213,1213,L1-full,4,7-8-9,3,True
S08,S08,1213,1213,L1-full,5,0-7-15,3,False
S08,S08,1213,1213,L1-full,6,0-6-7,3,False
S08,S08,1213,1213,L1-full,7,2-9-11,3,False
S08,S08,1213,1213,L1-full,8,1-6-11,3,False
S08,S08,1213,1213,L1-full,9,1-3-14,3,False
S08,S08,1213,1213,L1-full,10,1-10-11,3,False
S08,S08,1213,1213,L1-full,11,1-4-8,3,False
S08,S08,1213,1213,L1-full,12,2-9-14,3,False
S08,S08,1213,1213,L1-full,13,0-2-4,3,False
S08,S08,1213,1213,L1-full,14,7-13-15,3,False
S08,S08,1213,1213,L1-full,15,0-3-12,3,False
S08,S08,1213,1213,L1-full,16,1-11,2,False
S08,S08,1213,1213,L1-full,17,8-11-15,3,False
S08,S08,1213,1213,L1-full,18,0-14-15,3,False
S08,S08,1213,1213,L1-full,19,4-6-15,3,False
S08,S08,1213,1213,L1-full,20,3-11-15,3,False
S08,S08,1213,1213,L1-full,21,2-7-8,3,False
S08,S08,1213,1213,L1-full,22,2-13-15,3,False
S08,S08,1213,1213,L1-full,23,1-12-15,3,False
S08,S08,1213,1213,L1-full,24,2-11,2,False
S08,S08,1213,1213,L1-full,25,9-10,2,False
S08,S08,1213,1213,L1-full,26,0-5-15,3,False
S08,S08,1213,1213,L1-full,27,6-9-11,3,False
S08,S08,1213,1213,L1-full,28,0-2-10,3,False
S08,S08,1213,1213,L1-full,29,9-11-15,3,False
S08,S08,1213,1213,L1-full,30,6-7-10,3,False
S08,S08,1213,1213,L1-full,31,7-10-15,3,False
S08,S08,1213,1213,L1-full,32,2-7,2,False
S08,S08,1213,1213,L1-full,33,8-12-14,3,False
S08,S08,1213,1213,L1-full,34,7-10-12,3,False
S08,S08,1213,1213,L1-full,35,8-13,2,False
S08,S08,1213,1213,L1-full,36,6-7,2,False
S08,S08,1213,1213,L1-full,37,9-10-15,3,False
S08,S08,1213,1213,L1-full,38,5-13,2,False
S08,S08,1213,1213,L1-full,39,6-13-14,3,False
S08,S08,1213,1213,L1-full,40,5-6-11,3,False
S08,S08,1213,1213,L1-full,41,11-12-15,3,False
S08,S08,1213,1213,L1-full,42,0-7-13,3,False
S08,S08,1213,1213,L1-full,43,3-8,2,False
S08,S08,1213,1213,L1-full,44,1-10-14,3,False
S08,S08,1213,1213,L1-full,45,4-9-12,3,False
S08,S08,1213,1213,L1-full,46,7-8,2,False
S08,S08,1213,1213,L1-full,47,3-8-11,3,False
S08,S08,1213,1213,L1-full,48,7-8-14,3,False
S08,S08,1213,1213,L1-full,49,0-14,2,False
S08,S08,1213,1213,L1-full,50,0-9-14,3,False
S08,S08,1213,1213,L1-full,51,0-1-5,3,False
S08,S08,1213,1213,L1-full,52,1-10,2,False
S08,S08,1213,1213,L1-full,53,1-11-14,3,False
S08,S08,1213,1213,L1-full,54,1-5-14,3,False
S08,S08,1213,1213,L1-full,55,3-6-7,3,False
S08,S08,1213,1213,L1-full,56,0-3-7,3,False
S08,S08,1213,1213,L1-full,57,1-9-10,3,False
S08,S08,1213,1213,L1-full,58,3-8-14,3,False
S08,S08,1213,1213,L1-full,59,2-10-12,3,False
S08,S08,1213,1213,L1-full,60,7-15,2,False
S08,S08,1213,1213,L1-full,61,12-13-14,3,False
S08,S08,1213,1213,L1-full,62,9-11-12,3,False
S08,S08,1213,1213,L1-full,63,2-4-9,3,False
S08,S08,1213,1213,L1-full,64,1-2-7,3,False
S08,S08,1213,1213,L1-full,65,4-8,2,False
S08,S08,1213,1213,L1-full,66,1-3-8,3,False
S08,S08,1213,1213,L1-full,67,1-2-11,3,False
S08,S08,1213,1213,L1-full,68,2-4-5,3,False
S08,S08,1213,1213,L1-full,69,1-8-14,3,False
S08,S08,1213,1213,L1-full,70,2-4,2,False
S08,S08,1213,1213,L1-full,71,8-9,2,False
S08,S08,1213,1213,L1-full,72,5-10,2,False
S08,S08,1213,1213,L1-full,73,3-4-11,3,False
S08,S08,1213,1213,L1-full,74,1-7-9,3,False
S08,S08,1213,1213,L1-full,75,5-10-14,3,False
S08,S08,1213,1213,L1-full,76,1-6-7,3,False
S08,S08,1213,1213,L1-full,77,4-5-7,3,False
S08,S08,1213,1213,L1-full,78,4-15,2,False
S08,S08,1213,1213,L1-full,79,0-5-11,3,False
S08,S08,1213,1213,L1-full,80,9-10-14,3,False
S08,S08,1213,1213,L1-full,81,6-10-11,3,False
S08,S08,1213,1213,L1-full,82,1-3-11,3,False
S08,S08,1213,1213,L1-full,83,5-7,2,False
S08,S08,1213,1213,L1-full,84,6-7-14,3,False
S08,S08,1213,1213,L1-full,85,5-8-9,3,False
S08,S08,1213,1213,L1-full,86,0-7-11,3,False
S08,S08,1213,1213,L1-full,87,6-9-14,3,False
S08,S08,1213,1213,L1-full,88,0-4-9,3,False
S08,S08,1213,1213,L1-full,89,4-12-14,3,False
S08,S08,1213,1213,L1-full,90,1-13,2,False
S08,S08,1213,1213,L1-full,91,3-10-11,3,False
S08,S08,1213,1213,L1-full,92,5-15,2,False
S08,S08,1213,1213,L1-full,93,0-1-4,3,False
S08,S08,1213,1213,L1-full,94,2-8,2,False
S08,S08,1213,1213,L1-full,95,2-5-8,3,False
S08,S08,1213,1213,L1-full,96,2-6-15,3,False
S08,S08,1213,1213,L1-full,97,13-14,2,False
S08,S08,1213,1213,L1-full,98,7-12,2,False
S08,S08,1213,1213,L1-full,99,4-7-14,3,False
S08,S08,1213,1213,L1-full,100,0-10-12,3,False
S08,S08,1213,1213,L1-full,101,3-4-8,3,False
S08,S08,1213,1213,L1-full,102,5-14-15,3,False
S08,S08,1213,1213,L1-full,103,1-8,2,False
S08,S08,1213,1213,L1-full,104,3-7-9,3,False
S08,S08,1213,1213,L1-full,105,0-1-9,3,False
S08,S08,1213,1213,L1-full,106,5-6-14,3,False
S08,S08,1213,1213,L1-full,107,1-9-15,3,False
S08,S08,1213,1213,L1-full,108,2-5,2,False
S08,S08,1213,1213,L1-full,109,2-7-9,3,False
S08,S08,1213,1213,L1-full,110,9-11-14,3,False
S08,S08,1213,1213,L1-full,111,3-4-14,3,False
S08,S08,1213,1213,L1-full,112,0-4,2,False
S08,S08,1213,1213,L1-full,113,7-9-13,3,False
S08,S08,1213,1213,L1-full,114,5-12-15,3,False
S08,S08,1213,1213,L1-full,115,12-13,2,False
S08,S08,1213,1213,L1-full,116,3-5-6,3,False
S08,S08,1213,1213,L1-full,117,1-2-12,3,False
S08,S08,1213,1213,L1-full,118,4-12-13,3,False
S08,S08,1213,1213,L1-full,119,1-12-13,3,False
S08,S08,1213,1213,L1-full,120,7-8-10,3,False
S08,S08,1213,1213,L1-full,121,4-10,2,False
S08,S08,1213,1213,L1-full,122,3-7-11,3,False
S08,S08,1213,1213,L1-full,123,0-5-14,3,False
S08,S08,1213,1213,L1-full,124,3-4-9,3,False
S08,S08,1213,1213,L1-full,125,4-10-15,3,False
S08,S08,1213,1213,L1-full,126,9-10-11,3,False
S08,S08,1213,1213,L1-full,127,2-10-13,3,False
S08,S08,1213,1213,L1-full,128,1-5-9,3,False
S08,S08,1213,1213,L1-full,129,5-7-14,3,False
S08,S08,1213,1213,L1-full,130,0-6-9,3,False
S08,S08,1213,1213,L1-full,131,3-4-5,3,False
S08,S08,1213,1213,L1-full,132,0-7-8,3,False
S08,S08,1213,1213,L1-full,133,1-2-14,3,False
S08,S08,1213,1213,L1-full,134,2-10-15,3,False
S08,S08,1213,1213,L1-full,135,4-8-12,3,False
S08,S08,1213,1213,L1-full,136,0-3-13,3,False
S08,S08,1213,1213,L1-full,137,6-9-10,3,False
S08,S08,1213,1213,L1-full,138,2-11-12,3,False
S08,S08,1213,1213,L1-full,139,3-4-7,3,False
S08,S08,1213,1213,L1-full,140,0-5-10,3,False
S08,S08,1213,1213,L1-full,141,6-8-12,3,False
S08,S08,1213,1213,L1-full,142,1-6-8,3,False
S08,S08,1213,1213,L1-full,143,9-14-15,3,False
S08,S08,1213,1213,L1-full,144,7-8-13,3,False
S08,S08,1213,1213,L1-full,145,3-9-15,3,False
S08,S08,1213,1213,L1-full,146,2-4-7,3,False
S08,S08,1213,1213,L1-full,147,6-10-15,3,False
S08,S08,1213,1213,L1-full,148,8-14,2,False
S08,S08,1213,1213,L1-full,149,4-10-12,3,False
S08,S08,1213,1213,L1-full,150,4-6-8,3,False
S08,S08,1213,1213,L1-full,151,2-8-12,3,False
S08,S08,1213,1213,L1-full,152,5-9-14,3,False
S08,S08,1213,1213,L1-full,153,4-11-15,3,False
S08,S08,1213,1213,L1-full,154,10-13-15,3,False
S08,S08,1213,1213,L1-full,155,3-11,2,False
S08,S08,1213,1213,L1-full,156,4-8-9,3,False
S08,S08,1213,1213,L1-full,157,6-12,2,False
S08,S08,1213,1213,L1-full,158,0-8,2,False
S08,S08,1213,1213,L1-full,159,8-14-15,3,False
S08,S08,1213,1213,L1-full,160,2-9,2,False
S08,S08,1213,1213,L1-full,161,3-10-13,3,False
S08,S08,1213,1213,L1-full,162,10-15,2,False
S08,S08,1213,1213,L1-full,163,1-8-10,3,False
S08,S08,1213,1213,L1-full,164,4-8-14,3,False
S08,S08,1213,1213,L1-full,165,10-14,2,False
S08,S08,1213,1213,L1-full,166,5-7-11,3,False
S08,S08,1213,1213,L1-full,167,4-11-13,3,False
S08,S08,1213,1213,L1-full,168,0-4-7,3,False
S08,S08,1213,1213,L1-full,169,7-11,2,False
S08,S08,1213,1213,L1-full,170,3-10-12,3,False
S08,S08,1213,1213,L1-full,171,7-13,2,False
S08,S08,1213,1213,L1-full,172,14-15,2,False
S08,S08,1213,1213,L1-full,173,2-13,2,False
S08,S08,1213,1213,L1-full,174,4-13-14,3,False
S08,S08,1213,1213,L1-full,175,11-14-15,3,False
S08,S08,1213,1213,L1-full,176,4-6-12,3,False
S08,S08,1213,1213,L1-full,177,4-7-8,3,False
S08,S08,1213,1213,L1-full,178,11-14,2,False
S08,S08,1213,1213,L1-full,179,0-3-15,3,False
S08,S08,1213,1213,L1-full,180,5-6-13,3,False
S08,S08,1213,1213,L1-full,181,9-11,2,False
S08,S08,1213,1213,L1-full,182,2-7-10,3,False
S08,S08,1213,1213,L1-full,183,13-15,2,False
S08,S08,1213,1213,L1-full,184,6-12-13,3,False
S08,S08,1213,1213,L1-full,185,2-4-11,3,False
S08,S08,1213,1213,L1-full,186,4-7-11,3,False
S08,S08,1213,1213,L1-full,187,5-6-7,3,False
S08,S08,1213,1213,L1-full,188,0-11,2,False
S08,S08,1213,1213,L1-full,189,4-6-13,3,False
S08,S08,1213,1213,L1-full,190,6-7-15,3,False
S08,S08,1213,1213,L1-full,191,9-13-14,3,False
S08,S08,1213,1213,L1-full,192,0-12-15,3,False
S08,S08,1213,1213,L1-full,193,11-13-14,3,False
S08,S08,1213,1213,L1-full,194,2-12-13,3,False
S08,S08,1213,1213,L1-full,195,6-10-13,3,False
S08,S08,1213,1213,L1-full,196,8-9-11,3,False
S08,S08,1213,1213,L1-full,197,1-4,2,False
S08,S08,1213,1213,L1-full,198,2-13-14,3,False
S08,S08,1213,1213,L1-full,199,2-9-12,3,False
S08,S08,1213,1213,L1-full,200,1-4-13,3,False
S08,S08,1213,1213,L1-full,201,7-11-15,3,False
S08,S08,1213,1213,L1-full,202,11-15,2,False
S08,S08,1213,1213,L1-full,203,8-11,2,False
S08,S08,1213,1213,L1-full,204,3-5-15,3,False
S08,S08,1213,1213,L1-full,205,1-3-15,3,False
S08,S08,1213,1213,L1-full,206,7-11-13,3,False
S08,S08,1213,1213,L1-full,207,1-4-14,3,False
S08,S08,1213,1213,L1-full,208,6-10,2,False
S08,S08,1213,1213,L1-full,209,1-13-14,3,False
S08,S08,1213,1213,L1-top8,1,0-1,2,True
S08,S08,1213,1213,L1-top8,2,4-5-6,3,True
S08,S08,1213,1213,L1-top8,3,2-3,2,True
S08,S08,1213,1213,L1-top8,4,7-8-9,3,True
S08,S08,1213,1213,L1-top8,5,0-7-15,3,False
S08,S08,1213,1213,L1-top8,6,0-6-7,3,False
S08,S08,1213,1213,L1-top8,7,2-9-11,3,False
S08,S08,1213,1213,L1-top8,8,1-6-11,3,False
S08,S08,1213,1213,L1-match,1,0-1,2,True
S08,S08,1213,1213,L1-match,2,4-5-6,3,True
S08,S08,1213,1213,L1-match,3,2-3,2,True
S08,S08,1213,1213,L1-match,4,7-8-9,3,True
S08,S08,1213,1213,L1-match,5,0-7-15,3,False
S08,S08,1213,1213,L1-match,6,0-6-7,3,False
S08,S08,1213,1213,SHIL-k8,1,0-1,2,True
S08,S08,1213,1213,SHIL-k8,2,2-3,2,True
S08,S08,1213,1213,SHIL-k8,3,4-5-6,3,True
S08,S08,1213,1213,SHIL-k8,4,7-8-9,3,True
S08,S08,1213,1213,SHIL-k8,5,1-10-14,3,False
S08,S08,1213,1213,SHIL-k8,6,1-10,2,False
S08,S08,1213,1213,SHIL-k8,7,7-8-10,3,False
S08,S08,1213,1213,SHIL-k8,8,0-7-15,3,False
S08,S08,1213,1213,SC-L1,1,0-1,2,True
S08,S08,1213,1213,SC-L1,2,2-3,2,True
S08,S08,1213,1213,SC-L1,3,4-5-6,3,True
S08,S08,1213,1213,SC-L1,4,7-8-9,3,True
S08,S08,1213,1213,SC-SHIL,1,0-1,2,True
S08,S08,1213,1213,SC-SHIL,2,0-2,2,False
S08,S08,1213,1213,SC-SHIL,3,2-3,2,True
S08,S08,1213,1213,SC-SHIL,4,2-4,2,False
S08,S08,1213,1213,SC-SHIL,5,4-5-6,3,True
S08,S08,1213,1213,SC-SHIL,6,7-8-9,3,True
S08,S08,1231,1231,L1-full,1,0-1,2,True
S08,S08,1231,1231,L1-full,2,4-5-6,3,True
S08,S08,1231,1231,L1-full,3,2-3,2,True
S08,S08,1231,1231,L1-full,4,7-8-9,3,True
S08,S08,1231,1231,L1-full,5,4-13-15,3,False
S08,S08,1231,1231,L1-full,6,5-12-15,3,False
S08,S08,1231,1231,L1-full,7,0-7,2,False
S08,S08,1231,1231,L1-full,8,0-10-11,3,False
S08,S08,1231,1231,L1-full,9,5-11-12,3,False
S08,S08,1231,1231,L1-full,10,10-11,2,False
S08,S08,1231,1231,L1-full,11,6-12,2,False
S08,S08,1231,1231,L1-full,12,2-14-15,3,False
S08,S08,1231,1231,L1-full,13,2-13-14,3,False
S08,S08,1231,1231,L1-full,14,8-9,2,False
S08,S08,1231,1231,L1-full,15,1-2-14,3,False
S08,S08,1231,1231,L1-full,16,1-3-14,3,False
S08,S08,1231,1231,L1-full,17,2-12,2,False
S08,S08,1231,1231,L1-full,18,7-15,2,False
S08,S08,1231,1231,L1-full,19,3-15,2,False
S08,S08,1231,1231,L1-full,20,9-10-11,3,False
S08,S08,1231,1231,L1-full,21,4-13-14,3,False
S08,S08,1231,1231,L1-full,22,9-10,2,False
S08,S08,1231,1231,L1-full,23,2-14,2,False
S08,S08,1231,1231,L1-full,24,9-14-15,3,False
S08,S08,1231,1231,L1-top8,1,0-1,2,True
S08,S08,1231,1231,L1-top8,2,4-5-6,3,True
S08,S08,1231,1231,L1-top8,3,2-3,2,True
S08,S08,1231,1231,L1-top8,4,7-8-9,3,True
S08,S08,1231,1231,L1-top8,5,4-13-15,3,False
S08,S08,1231,1231,L1-top8,6,5-12-15,3,False
S08,S08,1231,1231,L1-top8,7,0-7,2,False
S08,S08,1231,1231,L1-top8,8,0-10-11,3,False
S08,S08,1231,1231,L1-match,1,0-1,2,True
S08,S08,1231,1231,L1-match,2,4-5-6,3,True
S08,S08,1231,1231,L1-match,3,2-3,2,True
S08,S08,1231,1231,L1-match,4,7-8-9,3,True
S08,S08,1231,1231,SHIL-k8,1,0-1,2,True
S08,S08,1231,1231,SHIL-k8,2,2-3,2,True
S08,S08,1231,1231,SHIL-k8,3,7-8-9,3,True
S08,S08,1231,1231,SHIL-k8,4,4-5-6,3,True
S08,S08,1231,1231,SHIL-k8,5,4-5-7,3,False
S08,S08,1231,1231,SHIL-k8,6,7-8-10,3,False
S08,S08,1231,1231,SHIL-k8,7,5-11-12,3,False
S08,S08,1231,1231,SHIL-k8,8,7-8-12,3,False
S08,S08,1231,1231,SC-L1,1,0-1,2,True
S08,S08,1231,1231,SC-L1,2,2-3,2,True
S08,S08,1231,1231,SC-L1,3,4-5-6,3,True
S08,S08,1231,1231,SC-L1,4,7-8-9,3,True
S08,S08,1231,1231,SC-SHIL,1,0-1,2,True
S08,S08,1231,1231,SC-SHIL,2,2-3,2,True
S08,S08,1231,1231,SC-SHIL,3,4-5-6,3,True
S08,S08,1231,1231,SC-SHIL,4,7-8-9,3,True
S08,S08,1249,1249,L1-full,1,4-5-6,3,True
S08,S08,1249,1249,L1-full,2,0-1,2,True
S08,S08,1249,1249,L1-full,3,2-3,2,True
S08,S08,1249,1249,L1-full,4,7-8-9,3,True
S08,S08,1249,1249,L1-full,5,6-7-8,3,False
S08,S08,1249,1249,L1-full,6,10-11-15,3,False
S08,S08,1249,1249,L1-full,7,7-8-10,3,False
S08,S08,1249,1249,L1-full,8,8-9-10,3,False
S08,S08,1249,1249,L1-full,9,2-9-10,3,False
S08,S08,1249,1249,L1-full,10,4-14,2,False
S08,S08,1249,1249,L1-full,11,7-12,2,False
S08,S08,1249,1249,L1-full,12,0-1-12,3,False
S08,S08,1249,1249,L1-full,13,5-12-13,3,False
S08,S08,1249,1249,L1-full,14,1-5,2,False
S08,S08,1249,1249,L1-full,15,5-7-15,3,False
S08,S08,1249,1249,L1-full,16,3-7-12,3,False
S08,S08,1249,1249,L1-full,17,4-10,2,False
S08,S08,1249,1249,L1-full,18,11-12-14,3,False
S08,S08,1249,1249,L1-full,19,3-13-14,3,False
S08,S08,1249,1249,L1-full,20,0-9-13,3,False
S08,S08,1249,1249,L1-full,21,5-11,2,False
S08,S08,1249,1249,L1-full,22,8-11-12,3,False
S08,S08,1249,1249,L1-full,23,2-11-12,3,False
S08,S08,1249,1249,L1-full,24,3-4-12,3,False
S08,S08,1249,1249,L1-full,25,0-2-14,3,False
S08,S08,1249,1249,L1-full,26,5-9-12,3,False
S08,S08,1249,1249,L1-full,27,0-2-3,3,False
S08,S08,1249,1249,L1-full,28,0-8-13,3,False
S08,S08,1249,1249,L1-full,29,7-13,2,False
S08,S08,1249,1249,L1-full,30,0-9-15,3,False
S08,S08,1249,1249,L1-full,31,13-14-15,3,False
S08,S08,1249,1249,L1-full,32,6-13-15,3,False
S08,S08,1249,1249,L1-full,33,10-11-14,3,False
S08,S08,1249,1249,L1-full,34,3-5-9,3,False
S08,S08,1249,1249,L1-full,35,1-2-8,3,False
S08,S08,1249,1249,L1-full,36,5-12-15,3,False
S08,S08,1249,1249,L1-full,37,7-14,2,False
S08,S08,1249,1249,L1-full,38,6-11,2,False
S08,S08,1249,1249,L1-top8,1,4-5-6,3,True
S08,S08,1249,1249,L1-top8,2,0-1,2,True
S08,S08,1249,1249,L1-top8,3,2-3,2,True
S08,S08,1249,1249,L1-top8,4,7-8-9,3,True
S08,S08,1249,1249,L1-top8,5,6-7-8,3,False
S08,S08,1249,1249,L1-top8,6,10-11-15,3,False
S08,S08,1249,1249,L1-top8,7,7-8-10,3,False
S08,S08,1249,1249,L1-top8,8,8-9-10,3,False
S08,S08,1249,1249,L1-match,1,4-5-6,3,True
S08,S08,1249,1249,L1-match,2,0-1,2,True
S08,S08,1249,1249,L1-match,3,2-3,2,True
S08,S08,1249,1249,L1-match,4,7-8-9,3,True
S08,S08,1249,1249,SHIL-k8,1,0-1,2,True
S08,S08,1249,1249,SHIL-k8,2,2-3,2,True
S08,S08,1249,1249,SHIL-k8,3,4-5-6,3,True
S08,S08,1249,1249,SHIL-k8,4,7-8-9,3,True
S08,S08,1249,1249,SHIL-k8,5,0-2,2,False
S08,S08,1249,1249,SHIL-k8,6,3-4-6,3,False
S08,S08,1249,1249,SHIL-k8,7,4-5-7,3,False
S08,S08,1249,1249,SHIL-k8,8,0-8-13,3,False
S08,S08,1249,1249,SC-L1,1,0-1,2,True
S08,S08,1249,1249,SC-L1,2,2-3,2,True
S08,S08,1249,1249,SC-L1,3,4-5-6,3,True
S08,S08,1249,1249,SC-L1,4,7-8-9,3,True
S08,S08,1249,1249,SC-SHIL,1,0-1,2,True
S08,S08,1249,1249,SC-SHIL,2,2-3,2,True
S08,S08,1249,1249,SC-SHIL,3,4-5-6,3,True
S08,S08,1249,1249,SC-SHIL,4,7-8-9,3,True
S08,S08,1277,1277,L1-full,1,4-5-6,3,True
S08,S08,1277,1277,L1-full,2,0-1,2,True
S08,S08,1277,1277,L1-full,3,2-3,2,True
S08,S08,1277,1277,L1-full,4,7-8-9,3,True
S08,S08,1277,1277,L1-full,5,3-14-15,3,False
S08,S08,1277,1277,L1-full,6,1-4,2,False
S08,S08,1277,1277,L1-full,7,1-9-11,3,False
S08,S08,1277,1277,L1-full,8,1-3-13,3,False
S08,S08,1277,1277,L1-full,9,3-7-15,3,False
S08,S08,1277,1277,L1-full,10,1-6-9,3,False
S08,S08,1277,1277,L1-full,11,7-8-13,3,False
S08,S08,1277,1277,L1-full,12,8-11,2,False
S08,S08,1277,1277,L1-full,13,1-2,2,False
S08,S08,1277,1277,L1-full,14,0-9-11,3,False
S08,S08,1277,1277,L1-full,15,1-7-9,3,False
S08,S08,1277,1277,L1-full,16,5-11,2,False
S08,S08,1277,1277,L1-full,17,5-7-12,3,False
S08,S08,1277,1277,L1-full,18,4-5-11,3,False
S08,S08,1277,1277,L1-full,19,7-11-14,3,False
S08,S08,1277,1277,L1-full,20,11-13,2,False
S08,S08,1277,1277,L1-full,21,2-14,2,False
S08,S08,1277,1277,L1-full,22,4-14,2,False
S08,S08,1277,1277,L1-full,23,0-11,2,False
S08,S08,1277,1277,L1-full,24,7-12-15,3,False
S08,S08,1277,1277,L1-full,25,6-7,2,False
S08,S08,1277,1277,L1-full,26,5-9,2,False
S08,S08,1277,1277,L1-full,27,0-14-15,3,False
S08,S08,1277,1277,L1-full,28,0-9-14,3,False
S08,S08,1277,1277,L1-full,29,1-10-15,3,False
S08,S08,1277,1277,L1-full,30,1-3-15,3,False
S08,S08,1277,1277,L1-full,31,0-15,2,False
S08,S08,1277,1277,L1-full,32,1-4-15,3,False
S08,S08,1277,1277,L1-full,33,2-9-13,3,False
S08,S08,1277,1277,L1-full,34,4-13-14,3,False
S08,S08,1277,1277,L1-full,35,4-13,2,False
S08,S08,1277,1277,L1-full,36,8-10-14,3,False
S08,S08,1277,1277,L1-full,37,0-3-7,3,False
S08,S08,1277,1277,L1-full,38,2-4-10,3,False
S08,S08,1277,1277,L1-full,39,4-6-10,3,False
S08,S08,1277,1277,L1-full,40,9-13,2,False
S08,S08,1277,1277,L1-full,41,0-8-13,3,False
S08,S08,1277,1277,L1-full,42,10-13,2,False
S08,S08,1277,1277,L1-full,43,10-13-14,3,False
S08,S08,1277,1277,L1-full,44,1-11-15,3,False
S08,S08,1277,1277,L1-full,45,3-5-6,3,False
S08,S08,1277,1277,L1-full,46,7-9-12,3,False
S08,S08,1277,1277,L1-full,47,13-15,2,False
S08,S08,1277,1277,L1-full,48,7-12-13,3,False
S08,S08,1277,1277,L1-full,49,3-8-15,3,False
S08,S08,1277,1277,L1-full,50,6-8-12,3,False
S08,S08,1277,1277,L1-full,51,1-2-12,3,False
S08,S08,1277,1277,L1-full,52,5-12-14,3,False
S08,S08,1277,1277,L1-full,53,1-6-15,3,False
S08,S08,1277,1277,L1-full,54,2-8,2,False
S08,S08,1277,1277,L1-full,55,1-8-13,3,False
S08,S08,1277,1277,L1-full,56,6-13-14,3,False
S08,S08,1277,1277,L1-full,57,0-5-7,3,False
S08,S08,1277,1277,L1-full,58,3-13-14,3,False
S08,S08,1277,1277,L1-full,59,5-15,2,False
S08,S08,1277,1277,L1-full,60,0-6-8,3,False
S08,S08,1277,1277,L1-full,61,0-6-11,3,False
S08,S08,1277,1277,L1-full,62,2-7-11,3,False
S08,S08,1277,1277,L1-full,63,0-5-10,3,False
S08,S08,1277,1277,L1-full,64,1-13,2,False
S08,S08,1277,1277,L1-full,65,2-11-12,3,False
S08,S08,1277,1277,L1-full,66,3-4-11,3,False
S08,S08,1277,1277,L1-full,67,3-4-15,3,False
S08,S08,1277,1277,L1-full,68,1-5-9,3,False
S08,S08,1277,1277,L1-full,69,5-10-11,3,False
S08,S08,1277,1277,L1-full,70,8-9-15,3,False
S08,S08,1277,1277,L1-full,71,0-4-13,3,False
S08,S08,1277,1277,L1-full,72,8-10,2,False
S08,S08,1277,1277,L1-full,73,2-10,2,False
S08,S08,1277,1277,L1-full,74,9-12,2,False
S08,S08,1277,1277,L1-full,75,1-11-13,3,False
S08,S08,1277,1277,L1-full,76,6-11,2,False
S08,S08,1277,1277,L1-full,77,9-13-14,3,False
S08,S08,1277,1277,L1-full,78,1-11-14,3,False
S08,S08,1277,1277,L1-full,79,5-8-15,3,False
S08,S08,1277,1277,L1-full,80,6-10-11,3,False
S08,S08,1277,1277,L1-full,81,0-4-9,3,False
S08,S08,1277,1277,L1-full,82,2-6-14,3,False
S08,S08,1277,1277,L1-full,83,0-13,2,False
S08,S08,1277,1277,L1-full,84,0-3-14,3,False
S08,S08,1277,1277,L1-full,85,0-12-15,3,False
S08,S08,1277,1277,L1-full,86,0-10-12,3,False
S08,S08,1277,1277,L1-full,87,3-9-13,3,False
S08,S08,1277,1277,L1-full,88,9-11,2,False
S08,S08,1277,1277,L1-full,89,5-10,2,False
S08,S08,1277,1277,L1-full,90,0-10,2,False
S08,S08,1277,1277,L1-full,91,5-11-13,3,False
S08,S08,1277,1277,L1-full,92,0-4-15,3,False
S08,S08,1277,1277,L1-full,93,1-12-14,3,False
S08,S08,1277,1277,L1-full,94,0-12-14,3,False
S08,S08,1277,1277,L1-full,95,2-6,2,False
S08,S08,1277,1277,L1-full,96,3-10-13,3,False
S08,S08,1277,1277,L1-full,97,9-10-11,3,False
S08,S08,1277,1277,L1-full,98,0-2-10,3,False
S08,S08,1277,1277,L1-full,99,2-6-10,3,False
S08,S08,1277,1277,L1-full,100,3-5-14,3,False
S08,S08,1277,1277,L1-full,101,0-10-11,3,False
S08,S08,1277,1277,L1-full,102,2-5-11,3,False
S08,S08,1277,1277,L1-full,103,1-7-14,3,False
S08,S08,1277,1277,L1-full,104,0-3-8,3,False
S08,S08,1277,1277,L1-full,105,5-9-11,3,False
S08,S08,1277,1277,L1-full,106,9-10-15,3,False
S08,S08,1277,1277,L1-full,107,0-1-10,3,False
S08,S08,1277,1277,L1-full,108,3-10-14,3,False
S08,S08,1277,1277,L1-full,109,1-12,2,False
S08,S08,1277,1277,L1-full,110,2-10-12,3,False
S08,S08,1277,1277,L1-full,111,2-9-11,3,False
S08,S08,1277,1277,L1-full,112,6-11-15,3,False
S08,S08,1277,1277,L1-full,113,6-10-12,3,False
S08,S08,1277,1277,L1-full,114,0-3-13,3,False
S08,S08,1277,1277,L1-full,115,13-14-15,3,False
S08,S08,1277,1277,L1-full,116,6-9,2,False
S08,S08,1277,1277,L1-full,117,0-2-13,3,False
S08,S08,1277,1277,L1-full,118,0-13-14,3,False
S08,S08,1277,1277,L1-full,119,14-15,2,False
S08,S08,1277,1277,L1-full,120,0-7,2,False
S08,S08,1277,1277,L1-full,121,12-13-14,3,False
S08,S08,1277,1277,L1-full,122,1-2-14,3,False
S08,S08,1277,1277,L1-full,123,10-12-13,3,False
S08,S08,1277,1277,L1-full,124,0-2-8,3,False
S08,S08,1277,1277,L1-full,125,2-13,2,False
S08,S08,1277,1277,L1-full,126,3-8,2,False
S08,S08,1277,1277,L1-full,127,3-9-12,3,False
S08,S08,1277,1277,L1-full,128,3-6-9,3,False
S08,S08,1277,1277,L1-full,129,4-7-11,3,False
S08,S08,1277,1277,L1-full,130,7-12,2,False
S08,S08,1277,1277,L1-full,131,0-7-15,3,False
S08,S08,1277,1277,L1-full,132,0-8-15,3,False
S08,S08,1277,1277,L1-full,133,5-8-9,3,False
S08,S08,1277,1277,L1-full,134,7-14-15,3,False
S08,S08,1277,1277,L1-full,135,2-8-9,3,False
S08,S08,1277,1277,L1-full,136,2-5-15,3,False
S08,S08,1277,1277,L1-full,137,0-5-15,3,False
S08,S08,1277,1277,L1-full,138,0-10-15,3,False
S08,S08,1277,1277,L1-full,139,9-11-12,3,False
S08,S08,1277,1277,L1-full,140,3-9-15,3,False
S08,S08,1277,1277,L1-full,141,1-4-5,3,False
S08,S08,1277,1277,L1-full,142,2-12-14,3,False
S08,S08,1277,1277,L1-full,143,11-15,2,False
S08,S08,1277,1277,L1-full,144,8-9-10,3,False
S08,S08,1277,1277,L1-full,145,1-11-12,3,False
S08,S08,1277,1277,L1-full,146,1-6-11,3,False
S08,S08,1277,1277,L1-full,147,4-6-8,3,False
S08,S08,1277,1277,L1-full,148,2-6-11,3,False
S08,S08,1277,1277,L1-full,149,5-10-15,3,False
S08,S08,1277,1277,L1-full,150,6-8-9,3,False
S08,S08,1277,1277,L1-full,151,1-2-8,3,False
S08,S08,1277,1277,L1-full,152,0-1-9,3,False
S08,S08,1277,1277,L1-full,153,4-5-15,3,False
S08,S08,1277,1277,L1-full,154,2-10-14,3,False
S08,S08,1277,1277,L1-full,155,3-4-10,3,False
S08,S08,1277,1277,L1-full,156,8-15,2,False
S08,S08,1277,1277,L1-full,157,4-10,2,False
S08,S08,1277,1277,L1-full,158,1-6-13,3,False
S08,S08,1277,1277,L1-full,159,3-4-6,3,False
S08,S08,1277,1277,L1-full,160,1-6-8,3,False
S08,S08,1277,1277,L1-full,161,6-7-12,3,False
S08,S08,1277,1277,L1-full,162,10-11-14,3,False
S08,S08,1277,1277,L1-full,163,2-9-12,3,False
S08,S08,1277,1277,L1-full,164,6-11-14,3,False
S08,S08,1277,1277,L1-full,165,5-8-12,3,False
S08,S08,1277,1277,L1-full,166,0-9-15,3,False
S08,S08,1277,1277,L1-full,167,7-9-11,3,False
S08,S08,1277,1277,L1-full,168,3-11-12,3,False
S08,S08,1277,1277,L1-full,169,3-4-5,3,False
S08,S08,1277,1277,L1-full,170,3-7,2,False
S08,S08,1277,1277,L1-full,171,6-14-15,3,False
S08,S08,1277,1277,L1-full,172,1-5-15,3,False
S08,S08,1277,1277,L1-full,173,7-10-11,3,False
S08,S08,1277,1277,L1-full,174,4-8-13,3,False
S08,S08,1277,1277,L1-full,175,11-13-15,3,False
S08,S08,1277,1277,L1-full,176,1-3-10,3,False
S08,S08,1277,1277,L1-full,177,3-14,2,False
S08,S08,1277,1277,L1-full,178,4-7,2,False
S08,S08,1277,1277,L1-full,179,2-8-15,3,False
S08,S08,1277,1277,L1-full,180,9-11-13,3,False
S08,S08,1277,1277,L1-full,181,5-9-13,3,False
S08,S08,1277,1277,L1-full,182,0-8-10,3,False
S08,S08,1277,1277,L1-full,183,11-14-15,3,False
S08,S08,1277,1277,L1-full,184,1-13-15,3,False
S08,S08,1277,1277,L1-full,185,2-4-8,3,False
S08,S08,1277,1277,L1-full,186,8-12-14,3,False
S08,S08,1277,1277,L1-full,187,6-8-14,3,False
S08,S08,1277,1277,L1-full,188,6-11-13,3,False
S08,S08,1277,1277,L1-full,189,3-9-10,3,False
S08,S08,1277,1277,L1-full,190,7-10-15,3,False
S08,S08,1277,1277,L1-full,191,4-5,2,False
S08,S08,1277,1277,L1-full,192,2-3-5,3,False
S08,S08,1277,1277,L1-full,193,10-15,2,False
S08,S08,1277,1277,L1-full,194,9-11-14,3,False
S08,S08,1277,1277,L1-full,195,2-4,2,False
S08,S08,1277,1277,L1-full,196,1-7-8,3,False
S08,S08,1277,1277,L1-full,197,13-14,2,False
S08,S08,1277,1277,L1-full,198,1-4-12,3,False
S08,S08,1277,1277,L1-full,199,4-7-15,3,False
S08,S08,1277,1277,L1-full,200,2-15,2,False
S08,S08,1277,1277,L1-full,201,0-1-3,3,False
S08,S08,1277,1277,L1-full,202,0-11-15,3,False
S08,S08,1277,1277,L1-full,203,3-4-9,3,False
S08,S08,1277,1277,L1-full,204,10-12,2,False
S08,S08,1277,1277,L1-full,205,4-8-15,3,False
S08,S08,1277,1277,L1-full,206,0-4,2,False
S08,S08,1277,1277,L1-full,207,4-11-12,3,False
S08,S08,1277,1277,L1-full,208,8-11-12,3,False
S08,S08,1277,1277,L1-full,209,5-7-9,3,False
S08,S08,1277,1277,L1-full,210,0-11-13,3,False
S08,S08,1277,1277,L1-full,211,6-9-15,3,False
S08,S08,1277,1277,L1-full,212,9-14-15,3,False
S08,S08,1277,1277,L1-full,213,2-3-12,3,False
S08,S08,1277,1277,L1-full,214,2-4-14,3,False
S08,S08,1277,1277,L1-full,215,5-6-7,3,False
S08,S08,1277,1277,L1-full,216,2-6-8,3,False
S08,S08,1277,1277,L1-full,217,3-9-11,3,False
S08,S08,1277,1277,L1-full,218,6-7-14,3,False
S08,S08,1277,1277,L1-full,219,1-8-11,3,False
S08,S08,1277,1277,L1-full,220,6-12-15,3,False
S08,S08,1277,1277,L1-full,221,1-2-10,3,False
S08,S08,1277,1277,L1-full,222,8-9-13,3,False
S08,S08,1277,1277,L1-full,223,3-8-14,3,False
S08,S08,1277,1277,L1-full,224,7-13-14,3,False
S08,S08,1277,1277,L1-top8,1,4-5-6,3,True
S08,S08,1277,1277,L1-top8,2,0-1,2,True
S08,S08,1277,1277,L1-top8,3,2-3,2,True
S08,S08,1277,1277,L1-top8,4,7-8-9,3,True
S08,S08,1277,1277,L1-top8,5,3-14-15,3,False
S08,S08,1277,1277,L1-top8,6,1-4,2,False
S08,S08,1277,1277,L1-top8,7,1-9-11,3,False
S08,S08,1277,1277,L1-top8,8,1-3-13,3,False
S08,S08,1277,1277,L1-match,1,4-5-6,3,True
S08,S08,1277,1277,L1-match,2,0-1,2,True
S08,S08,1277,1277,L1-match,3,2-3,2,True
S08,S08,1277,1277,L1-match,4,7-8-9,3,True
S08,S08,1277,1277,SHIL-k8,1,0-1,2,True
S08,S08,1277,1277,SHIL-k8,2,2-3,2,True
S08,S08,1277,1277,SHIL-k8,3,4-5-6,3,True
S08,S08,1277,1277,SHIL-k8,4,7-8-9,3,True
S08,S08,1277,1277,SHIL-k8,5,3-5-6,3,False
S08,S08,1277,1277,SHIL-k8,6,2-4,2,False
S08,S08,1277,1277,SHIL-k8,7,4-8-11,3,False
S08,S08,1277,1277,SHIL-k8,8,4-13,2,False
S08,S08,1277,1277,SC-L1,1,0-1,2,True
S08,S08,1277,1277,SC-L1,2,2-3,2,True
S08,S08,1277,1277,SC-L1,3,4-5-6,3,True
S08,S08,1277,1277,SC-L1,4,7-8-9,3,True
S08,S08,1277,1277,SC-SHIL,1,0-1,2,True
S08,S08,1277,1277,SC-SHIL,2,2-3,2,True
S08,S08,1277,1277,SC-SHIL,3,4-5-6,3,True
S08,S08,1277,1277,SC-SHIL,4,7-8-9,3,True
S09,S09,1103,1103,L1-full,1,0-1,2,True
S09,S09,1103,1103,L1-full,2,4-5-6,3,True
S09,S09,1103,1103,L1-full,3,2-3,2,True
S09,S09,1103,1103,L1-full,4,7-8-9,3,True
S09,S09,1103,1103,L1-full,5,2-13,2,False
S09,S09,1103,1103,L1-full,6,5-6-15,3,False
S09,S09,1103,1103,L1-full,7,9-13-14,3,False
S09,S09,1103,1103,L1-full,8,3-7-8,3,False
S09,S09,1103,1103,L1-full,9,12-15,2,False
S09,S09,1103,1103,L1-full,10,2-8-15,3,False
S09,S09,1103,1103,L1-full,11,7-13-15,3,False
S09,S09,1103,1103,L1-full,12,1-12-14,3,False
S09,S09,1103,1103,L1-full,13,0-6-15,3,False
S09,S09,1103,1103,L1-full,14,3-4-8,3,False
S09,S09,1103,1103,L1-full,15,3-14,2,False
S09,S09,1103,1103,L1-full,16,1-11,2,False
S09,S09,1103,1103,L1-full,17,5-7-15,3,False
S09,S09,1103,1103,L1-full,18,3-9-11,3,False
S09,S09,1103,1103,L1-full,19,1-7-10,3,False
S09,S09,1103,1103,L1-full,20,4-7,2,False
S09,S09,1103,1103,L1-full,21,6-11-14,3,False
S09,S09,1103,1103,L1-full,22,0-5-6,3,False
S09,S09,1103,1103,L1-full,23,4-9-15,3,False
S09,S09,1103,1103,L1-full,24,1-8-10,3,False
S09,S09,1103,1103,L1-full,25,10-15,2,False
S09,S09,1103,1103,L1-full,26,2-7-8,3,False
S09,S09,1103,1103,L1-full,27,8-10,2,False
S09,S09,1103,1103,L1-full,28,0-2-9,3,False
S09,S09,1103,1103,L1-full,29,7-11-13,3,False
S09,S09,1103,1103,L1-full,30,1-15,2,False
S09,S09,1103,1103,L1-full,31,8-11,2,False
S09,S09,1103,1103,L1-full,32,1-12-15,3,False
S09,S09,1103,1103,L1-full,33,6-12-14,3,False
S09,S09,1103,1103,L1-full,34,5-10-11,3,False
S09,S09,1103,1103,L1-full,35,2-7-10,3,False
S09,S09,1103,1103,L1-top8,1,0-1,2,True
S09,S09,1103,1103,L1-top8,2,4-5-6,3,True
S09,S09,1103,1103,L1-top8,3,2-3,2,True
S09,S09,1103,1103,L1-top8,4,7-8-9,3,True
S09,S09,1103,1103,L1-top8,5,2-13,2,False
S09,S09,1103,1103,L1-top8,6,5-6-15,3,False
S09,S09,1103,1103,L1-top8,7,9-13-14,3,False
S09,S09,1103,1103,L1-top8,8,3-7-8,3,False
S09,S09,1103,1103,L1-match,1,0-1,2,True
S09,S09,1103,1103,L1-match,2,4-5-6,3,True
S09,S09,1103,1103,L1-match,3,2-3,2,True
S09,S09,1103,1103,L1-match,4,7-8-9,3,True
S09,S09,1103,1103,SHIL-k8,1,0-1,2,True
S09,S09,1103,1103,SHIL-k8,2,2-3,2,True
S09,S09,1103,1103,SHIL-k8,3,4-5-6,3,True
S09,S09,1103,1103,SHIL-k8,4,7-8-9,3,True
S09,S09,1103,1103,SHIL-k8,5,4-6-8,3,False
S09,S09,1103,1103,SHIL-k8,6,2-9-12,3,False
S09,S09,1103,1103,SHIL-k8,7,1-15,2,False
S09,S09,1103,1103,SHIL-k8,8,0-2-14,3,False
S09,S09,1103,1103,SC-L1,1,0-1,2,True
S09,S09,1103,1103,SC-L1,2,2-3,2,True
S09,S09,1103,1103,SC-L1,3,4-5-6,3,True
S09,S09,1103,1103,SC-L1,4,7-8-9,3,True
S09,S09,1103,1103,SC-SHIL,1,0-1,2,True
S09,S09,1103,1103,SC-SHIL,2,2-3,2,True
S09,S09,1103,1103,SC-SHIL,3,4-5-6,3,True
S09,S09,1103,1103,SC-SHIL,4,7-8-9,3,True
S09,S09,1129,1129,L1-full,1,0-1,2,True
S09,S09,1129,1129,L1-full,2,4-5-6,3,True
S09,S09,1129,1129,L1-full,3,2-3,2,True
S09,S09,1129,1129,L1-full,4,7-8-9,3,True
S09,S09,1129,1129,L1-full,5,1-2-12,3,False
S09,S09,1129,1129,L1-full,6,1-4-7,3,False
S09,S09,1129,1129,L1-full,7,2-4-7,3,False
S09,S09,1129,1129,L1-full,8,0-10-13,3,False
S09,S09,1129,1129,L1-full,9,4-6-14,3,False
S09,S09,1129,1129,L1-full,10,4-12-13,3,False
S09,S09,1129,1129,L1-full,11,2-4,2,False
S09,S09,1129,1129,L1-full,12,7-9-10,3,False
S09,S09,1129,1129,L1-full,13,1-4-13,3,False
S09,S09,1129,1129,L1-full,14,1-2-3,3,False
S09,S09,1129,1129,L1-full,15,10-12,2,False
S09,S09,1129,1129,L1-full,16,1-5-14,3,False
S09,S09,1129,1129,L1-full,17,4-6-7,3,False
S09,S09,1129,1129,L1-full,18,5-7-10,3,False
S09,S09,1129,1129,L1-full,19,0-4-11,3,False
S09,S09,1129,1129,L1-full,20,3-11-15,3,False
S09,S09,1129,1129,L1-full,21,4-7-15,3,False
S09,S09,1129,1129,L1-full,22,4-6,2,False
S09,S09,1129,1129,L1-full,23,8-9-13,3,False
S09,S09,1129,1129,L1-full,24,2-7-13,3,False
S09,S09,1129,1129,L1-full,25,4-7-13,3,False
S09,S09,1129,1129,L1-full,26,6-12,2,False
S09,S09,1129,1129,L1-full,27,11-12,2,False
S09,S09,1129,1129,L1-full,28,6-9-11,3,False
S09,S09,1129,1129,L1-full,29,9-15,2,False
S09,S09,1129,1129,L1-full,30,4-8-12,3,False
S09,S09,1129,1129,L1-full,31,7-14-15,3,False
S09,S09,1129,1129,L1-full,32,0-2-11,3,False
S09,S09,1129,1129,L1-full,33,2-10-14,3,False
S09,S09,1129,1129,L1-full,34,5-12,2,False
S09,S09,1129,1129,L1-full,35,1-8-13,3,False
S09,S09,1129,1129,L1-full,36,8-13-15,3,False
S09,S09,1129,1129,L1-full,37,1-2,2,False
S09,S09,1129,1129,L1-full,38,6-12-14,3,False
S09,S09,1129,1129,L1-full,39,5-11-14,3,False
S09,S09,1129,1129,L1-full,40,1-2-7,3,False
S09,S09,1129,1129,L1-full,41,5-10-14,3,False
S09,S09,1129,1129,L1-full,42,6-11-13,3,False
S09,S09,1129,1129,L1-full,43,11-13-14,3,False
S09,S09,1129,1129,L1-full,44,2-12-15,3,False
S09,S09,1129,1129,L1-full,45,4-10-15,3,False
S09,S09,1129,1129,L1-top8,1,0-1,2,True
S09,S09,1129,1129,L1-top8,2,4-5-6,3,True
S09,S09,1129,1129,L1-top8,3,2-3,2,True
S09,S09,1129,1129,L1-top8,4,7-8-9,3,True
S09,S09,1129,1129,L1-top8,5,1-2-12,3,False
S09,S09,1129,1129,L1-top8,6,1-4-7,3,False
S09,S09,1129,1129,L1-top8,7,2-4-7,3,False
S09,S09,1129,1129,L1-top8,8,0-10-13,3,False
S09,S09,1129,1129,L1-match,1,0-1,2,True
S09,S09,1129,1129,L1-match,2,4-5-6,3,True
S09,S09,1129,1129,L1-match,3,2-3,2,True
S09,S09,1129,1129,L1-match,4,7-8-9,3,True
S09,S09,1129,1129,SHIL-k8,1,0-1,2,True
S09,S09,1129,1129,SHIL-k8,2,2-3,2,True
S09,S09,1129,1129,SHIL-k8,3,4-5-6,3,True
S09,S09,1129,1129,SHIL-k8,4,7-8-9,3,True
S09,S09,1129,1129,SHIL-k8,5,4-6-9,3,False
S09,S09,1129,1129,SHIL-k8,6,0-2-13,3,False
S09,S09,1129,1129,SHIL-k8,7,1-2-12,3,False
S09,S09,1129,1129,SHIL-k8,8,2-8-10,3,False
S09,S09,1129,1129,SC-L1,1,0-1,2,True
S09,S09,1129,1129,SC-L1,2,2-3,2,True
S09,S09,1129,1129,SC-L1,3,4-5-6,3,True
S09,S09,1129,1129,SC-L1,4,7-8-9,3,True
S09,S09,1129,1129,SC-SHIL,1,0-1,2,True
S09,S09,1129,1129,SC-SHIL,2,2-3,2,True
S09,S09,1129,1129,SC-SHIL,3,4-5-6,3,True
S09,S09,1129,1129,SC-SHIL,4,7-8-9,3,True
S09,S09,1151,1151,L1-full,1,0-1,2,True
S09,S09,1151,1151,L1-full,2,2-3,2,True
S09,S09,1151,1151,L1-full,3,4-5-6,3,True
S09,S09,1151,1151,L1-full,4,7-8-9,3,True
S09,S09,1151,1151,L1-full,5,6-13-14,3,False
S09,S09,1151,1151,L1-full,6,1-10-14,3,False
S09,S09,1151,1151,L1-full,7,0-2-3,3,False
S09,S09,1151,1151,L1-full,8,2-14,2,False
S09,S09,1151,1151,L1-full,9,5-6-13,3,False
S09,S09,1151,1151,L1-full,10,6-10-12,3,False
S09,S09,1151,1151,L1-full,11,2-7-9,3,False
S09,S09,1151,1151,L1-full,12,6-7-12,3,False
S09,S09,1151,1151,L1-full,13,1-3-13,3,False
S09,S09,1151,1151,L1-full,14,0-7-8,3,False
S09,S09,1151,1151,L1-full,15,1-8-11,3,False
S09,S09,1151,1151,L1-full,16,11-12-15,3,False
S09,S09,1151,1151,L1-full,17,0-7-14,3,False
S09,S09,1151,1151,L1-full,18,4-5-15,3,False
S09,S09,1151,1151,L1-full,19,1-6-11,3,False
S09,S09,1151,1151,L1-full,20,3-9-15,3,False
S09,S09,1151,1151,L1-full,21,9-14,2,False
S09,S09,1151,1151,L1-full,22,2-6-10,3,False
S09,S09,1151,1151,L1-full,23,1-10,2,False
S09,S09,1151,1151,L1-full,24,7-10-12,3,False
S09,S09,1151,1151,L1-full,25,5-8-13,3,False
S09,S09,1151,1151,L1-full,26,7-11-15,3,False
S09,S09,1151,1151,L1-full,27,5-7-10,3,False
S09,S09,1151,1151,L1-full,28,1-3-8,3,False
S09,S09,1151,1151,L1-full,29,8-10,2,False
S09,S09,1151,1151,L1-full,30,1-7-8,3,False
S09,S09,1151,1151,L1-full,31,3-10-13,3,False
S09,S09,1151,1151,L1-full,32,2-6,2,False
S09,S09,1151,1151,L1-full,33,3-7-13,3,False
S09,S09,1151,1151,L1-full,34,6-14,2,False
S09,S09,1151,1151,L1-full,35,1-8-13,3,False
S09,S09,1151,1151,L1-full,36,2-8-14,3,False
S09,S09,1151,1151,L1-full,37,2-13,2,False
S09,S09,1151,1151,L1-full,38,4-12-14,3,False
S09,S09,1151,1151,L1-full,39,2-5-11,3,False
S09,S09,1151,1151,L1-full,40,10-13-15,3,False
S09,S09,1151,1151,L1-full,41,1-4-11,3,False
S09,S09,1151,1151,L1-full,42,0-8-10,3,False
S09,S09,1151,1151,L1-full,43,4-9-10,3,False
S09,S09,1151,1151,L1-full,44,5-11,2,False
S09,S09,1151,1151,L1-full,45,1-2-12,3,False
S09,S09,1151,1151,L1-full,46,1-5-14,3,False
S09,S09,1151,1151,L1-full,47,0-9-10,3,False
S09,S09,1151,1151,L1-full,48,0-4-13,3,False
S09,S09,1151,1151,L1-full,49,7-10-15,3,False
S09,S09,1151,1151,L1-full,50,3-5-11,3,False
S09,S09,1151,1151,L1-full,51,9-12-13,3,False
S09,S09,1151,1151,L1-full,52,7-13-15,3,False
S09,S09,1151,1151,L1-full,53,2-7-14,3,False
S09,S09,1151,1151,L1-full,54,8-11-14,3,False
S09,S09,1151,1151,L1-full,55,4-8-13,3,False
S09,S09,1151,1151,L1-full,56,2-4-9,3,False
S09,S09,1151,1151,L1-full,57,4-14,2,False
S09,S09,1151,1151,L1-full,58,1-7,2,False
S09,S09,1151,1151,L1-full,59,3-13-14,3,False
S09,S09,1151,1151,L1-full,60,3-10-11,3,False
S09,S09,1151,1151,L1-full,61,10-13-14,3,False
S09,S09,1151,1151,L1-full,62,0-2-4,3,False
S09,S09,1151,1151,L1-full,63,4-6-11,3,False
S09,S09,1151,1151,L1-full,64,1-9-14,3,False
S09,S09,1151,1151,L1-full,65,1-14,2,False
S09,S09,1151,1151,L1-full,66,9-10-13,3,False
S09,S09,1151,1151,L1-full,67,3-4-8,3,False
S09,S09,1151,1151,L1-full,68,2-8-12,3,False
S09,S09,1151,1151,L1-full,69,5-9-11,3,False
S09,S09,1151,1151,L1-full,70,7-14-15,3,False
S09,S09,1151,1151,L1-full,71,6-10,2,False
S09,S09,1151,1151,L1-full,72,7-8-15,3,False
S09,S09,1151,1151,L1-full,73,1-4-9,3,False
S09,S09,1151,1151,L1-full,74,8-10-14,3,False
S09,S09,1151,1151,L1-full,75,2-6-13,3,False
S09,S09,1151,1151,L1-full,76,3-5-14,3,False
S09,S09,1151,1151,L1-full,77,4-10-14,3,False
S09,S09,1151,1151,L1-full,78,2-8-9,3,False
S09,S09,1151,1151,L1-full,79,0-3-9,3,False
S09,S09,1151,1151,L1-full,80,4-8,2,False
S09,S09,1151,1151,L1-full,81,1-2-15,3,False
S09,S09,1151,1151,L1-full,82,2-4-13,3,False
S09,S09,1151,1151,L1-full,83,2-4-7,3,False
S09,S09,1151,1151,L1-full,84,0-10-12,3,False
S09,S09,1151,1151,L1-full,85,6-7-10,3,False
S09,S09,1151,1151,L1-full,86,10-13,2,False
S09,S09,1151,1151,L1-full,87,3-7-10,3,False
S09,S09,1151,1151,L1-full,88,5-10-15,3,False
S09,S09,1151,1151,L1-full,89,5-9-14,3,False
S09,S09,1151,1151,L1-full,90,1-6-12,3,False
S09,S09,1151,1151,L1-full,91,1-7-11,3,False
S09,S09,1151,1151,L1-full,92,5-7-11,3,False
S09,S09,1151,1151,L1-full,93,7-10-14,3,False
S09,S09,1151,1151,L1-full,94,1-10-12,3,False
S09,S09,1151,1151,L1-full,95,0-2-10,3,False
S09,S09,1151,1151,L1-full,96,7-8,2,False
S09,S09,1151,1151,L1-full,97,1-2-9,3,False
S09,S09,1151,1151,L1-full,98,7-8-11,3,False
S09,S09,1151,1151,L1-full,99,2-7-15,3,False
S09,S09,1151,1151,L1-full,100,4-12-13,3,False
S09,S09,1151,1151,L1-full,101,1-5-11,3,False
S09,S09,1151,1151,L1-full,102,0-7-13,3,False
S09,S09,1151,1151,L1-full,103,10-11-13,3,False
S09,S09,1151,1151,L1-full,104,8-11-15,3,False
S09,S09,1151,1151,L1-full,105,2-11-13,3,False
S09,S09,1151,1151,L1-full,106,2-6-12,3,False
S09,S09,1151,1151,L1-full,107,0-8,2,False
S09,S09,1151,1151,L1-full,108,2-6-15,3,False
S09,S09,1151,1151,L1-full,109,0-4-5,3,False
S09,S09,1151,1151,L1-full,110,7-9,2,False
S09,S09,1151,1151,L1-full,111,1-6-8,3,False
S09,S09,1151,1151,L1-full,112,8-9,2,False
S09,S09,1151,1151,L1-full,113,0-5-10,3,False
S09,S09,1151,1151,L1-full,114,2-10-13,3,False
S09,S09,1151,1151,L1-full,115,9-11-14,3,False
S09,S09,1151,1151,L1-full,116,2-4-12,3,False
S09,S09,1151,1151,L1-full,117,9-13-15,3,False
S09,S09,1151,1151,L1-full,118,1-2-14,3,False
S09,S09,1151,1151,L1-full,119,4-13,2,False
S09,S09,1151,1151,L1-full,120,1-2-5,3,False
S09,S09,1151,1151,L1-full,121,3-4,2,False
S09,S09,1151,1151,L1-full,122,8-13,2,False
S09,S09,1151,1151,L1-full,123,0-5-9,3,False
S09,S09,1151,1151,L1-full,124,2-7-13,3,False
S09,S09,1151,1151,L1-full,125,4-6-9,3,False
S09,S09,1151,1151,L1-full,126,4-8-15,3,False
S09,S09,1151,1151,L1-full,127,6-7-15,3,False
S09,S09,1151,1151,L1-full,128,8-11,2,False
S09,S09,1151,1151,L1-full,129,6-12,2,False
S09,S09,1151,1151,L1-full,130,6-7-9,3,False
S09,S09,1151,1151,L1-full,131,0-13-15,3,False
S09,S09,1151,1151,L1-full,132,0-1-9,3,False
S09,S09,1151,1151,L1-full,133,3-9-14,3,False
S09,S09,1151,1151,L1-full,134,3-6-8,3,False
S09,S09,1151,1151,L1-full,135,3-14,2,False
S09,S09,1151,1151,L1-full,136,4-5-8,3,False
S09,S09,1151,1151,L1-full,137,1-6-15,3,False
S09,S09,1151,1151,L1-full,138,0-5-14,3,False
S09,S09,1151,1151,L1-full,139,0-1-10,3,False
S09,S09,1151,1151,L1-full,140,3-4-7,3,False
S09,S09,1151,1151,L1-full,141,2-6-9,3,False
S09,S09,1151,1151,L1-full,142,1-6-10,3,False
S09,S09,1151,1151,L1-full,143,5-14-15,3,False
S09,S09,1151,1151,L1-full,144,1-12-14,3,False
S09,S09,1151,1151,L1-full,145,3-12,2,False
S09,S09,1151,1151,L1-full,146,3-5-10,3,False
S09,S09,1151,1151,L1-full,147,2-5,2,False
S09,S09,1151,1151,L1-full,148,2-8-15,3,False
S09,S09,1151,1151,L1-full,149,3-9-11,3,False
S09,S09,1151,1151,L1-full,150,5-13-14,3,False
S09,S09,1151,1151,L1-full,151,2-10-15,3,False
S09,S09,1151,1151,L1-full,152,5-11-14,3,False
S09,S09,1151,1151,L1-full,153,10-11,2,False
S09,S09,1151,1151,L1-full,154,7-9-10,3,False
S09,S09,1151,1151,L1-full,155,9-11,2,False
S09,S09,1151,1151,L1-full,156,1-2-13,3,False
S09,S09,1151,1151,L1-full,157,2-4-10,3,False
S09,S09,1151,1151,L1-full,158,6-9,2,False
S09,S09,1151,1151,L1-full,159,4-6-12,3,False
S09,S09,1151,1151,L1-full,160,0-2-13,3,False
S09,S09,1151,1151,L1-full,161,8-9-15,3,False
S09,S09,1151,1151,L1-full,162,0-5-13,3,False
S09,S09,1151,1151,L1-full,163,0-11-13,3,False
S09,S09,1151,1151,L1-full,164,4-11-13,3,False
S09,S09,1151,1151,L1-full,165,0-2,2,False
S09,S09,1151,1151,L1-full,166,1-5-6,3,False
S09,S09,1151,1151,L1-full,167,0-3,2,False
S09,S09,1151,1151,L1-full,168,3-4-15,3,False
S09,S09,1151,1151,L1-full,169,4-15,2,False
S09,S09,1151,1151,L1-full,170,4-6,2,False
S09,S09,1151,1151,L1-full,171,5-9,2,False
S09,S09,1151,1151,L1-full,172,0-7,2,False
S09,S09,1151,1151,L1-full,173,2-9-13,3,False
S09,S09,1151,1151,L1-full,174,2-15,2,False
S09,S09,1151,1151,L1-full,175,6-11-15,3,False
S09,S09,1151,1151,L1-full,176,0-3-5,3,False
S09,S09,1151,1151,L1-full,177,2-4-5,3,False
S09,S09,1151,1151,L1-full,178,6-12-14,3,False
S09,S09,1151,1151,L1-full,179,9-10-15,3,False
S09,S09,1151,1151,L1-full,180,2-3-14,3,False
S09,S09,1151,1151,L1-full,181,0-2-9,3,False
S09,S09,1151,1151,L1-full,182,0-3-15,3,False
S09,S09,1151,1151,L1-full,183,4-10,2,False
S09,S09,1151,1151,L1-full,184,0-1-5,3,False
S09,S09,1151,1151,L1-full,185,3-5-15,3,False
S09,S09,1151,1151,L1-full,186,4-7-13,3,False
S09,S09,1151,1151,L1-full,187,6-9-10,3,False
S09,S09,1151,1151,L1-full,188,4-9-15,3,False
S09,S09,1151,1151,L1-full,189,3-4-14,3,False
S09,S09,1151,1151,L1-full,190,1-6-9,3,False
S09,S09,1151,1151,L1-full,191,8-14-15,3,False
S09,S09,1151,1151,L1-full,192,3-8-9,3,False
S09,S09,1151,1151,L1-full,193,3-9,2,False
S09,S09,1151,1151,L1-full,194,1-11-14,3,False
S09,S09,1151,1151,L1-full,195,3-6-10,3,False
S09,S09,1151,1151,L1-full,196,1-7-9,3,False
S09,S09,1151,1151,L1-full,197,3-12-13,3,False
S09,S09,1151,1151,L1-full,198,5-6-10,3,False
S09,S09,1151,1151,L1-full,199,3-7-15,3,False
S09,S09,1151,1151,L1-full,200,2-12-15,3,False
S09,S09,1151,1151,L1-full,201,6-8-12,3,False
S09,S09,1151,1151,L1-full,202,11-14,2,False
S09,S09,1151,1151,L1-full,203,5-12,2,False
S09,S09,1151,1151,L1-full,204,8-10-11,3,False
S09,S09,1151,1151,L1-full,205,0-1-14,3,False
S09,S09,1151,1151,L1-full,206,8-9-13,3,False
S09,S09,1151,1151,L1-full,207,8-15,2,False
S09,S09,1151,1151,L1-full,208,6-13-15,3,False
S09,S09,1151,1151,L1-full,209,3-6-15,3,False
S09,S09,1151,1151,L1-full,210,9-13,2,False
S09,S09,1151,1151,L1-full,211,9-11-13,3,False
S09,S09,1151,1151,L1-full,212,0-4-9,3,False
S09,S09,1151,1151,L1-full,213,11-12-13,3,False
S09,S09,1151,1151,L1-full,214,0-9-11,3,False
S09,S09,1151,1151,L1-full,215,2-3-6,3,False
S09,S09,1151,1151,L1-full,216,3-13,2,False
S09,S09,1151,1151,L1-full,217,6-7-14,3,False
S09,S09,1151,1151,L1-full,218,0-5-12,3,False
S09,S09,1151,1151,L1-full,219,0-5-15,3,False
S09,S09,1151,1151,L1-full,220,4-5-13,3,False
S09,S09,1151,1151,L1-full,221,11-15,2,False
S09,S09,1151,1151,L1-full,222,4-13-14,3,False
S09,S09,1151,1151,L1-full,223,0-6-14,3,False
S09,S09,1151,1151,L1-full,224,0-6-7,3,False
S09,S09,1151,1151,L1-full,225,9-11-12,3,False
S09,S09,1151,1151,L1-full,226,2-8-10,3,False
S09,S09,1151,1151,L1-full,227,3-14-15,3,False
S09,S09,1151,1151,L1-full,228,6-11-12,3,False
S09,S09,1151,1151,L1-full,229,3-11,2,False
S09,S09,1151,1151,L1-full,230,5-10-13,3,False
S09,S09,1151,1151,L1-full,231,3-4-11,3,False
S09,S09,1151,1151,L1-full,232,2-3-4,3,False
S09,S09,1151,1151,L1-full,233,6-8-10,3,False
S09,S09,1151,1151,L1-full,234,4-12-15,3,False
S09,S09,1151,1151,L1-full,235,7-11-12,3,False
S09,S09,1151,1151,L1-full,236,2-9-11,3,False
S09,S09,1151,1151,L1-full,237,9-10-11,3,False
S09,S09,1151,1151,L1-full,238,6-10-14,3,False
S09,S09,1151,1151,L1-full,239,3-6,2,False
S09,S09,1151,1151,L1-full,240,4-5,2,False
S09,S09,1151,1151,L1-full,241,4-14-15,3,False
S09,S09,1151,1151,L1-full,242,1-4-10,3,False
S09,S09,1151,1151,L1-full,243,0-15,2,False
S09,S09,1151,1151,L1-full,244,13-14,2,False
S09,S09,1151,1151,L1-full,245,4-9-14,3,False
S09,S09,1151,1151,L1-full,246,4-5-11,3,False
S09,S09,1151,1151,L1-full,247,5-9-10,3,False
S09,S09,1151,1151,L1-full,248,1-9-13,3,False
S09,S09,1151,1151,L1-full,249,11-14-15,3,False
S09,S09,1151,1151,L1-full,250,2-9-15,3,False
S09,S09,1151,1151,L1-full,251,2-10-14,3,False
S09,S09,1151,1151,L1-full,252,6-13,2,False
S09,S09,1151,1151,L1-full,253,3-11-14,3,False
S09,S09,1151,1151,L1-full,254,4-5-10,3,False
S09,S09,1151,1151,L1-full,255,4-10-15,3,False
S09,S09,1151,1151,L1-full,256,2-9-12,3,False
S09,S09,1151,1151,L1-full,257,0-7-12,3,False
S09,S09,1151,1151,L1-full,258,4-9-11,3,False
S09,S09,1151,1151,L1-full,259,0-9-15,3,False
S09,S09,1151,1151,L1-full,260,3-5-12,3,False
S09,S09,1151,1151,L1-full,261,6-11-14,3,False
S09,S09,1151,1151,L1-full,262,1-7-13,3,False
S09,S09,1151,1151,L1-full,263,0-4-8,3,False
S09,S09,1151,1151,L1-full,264,6-12-15,3,False
S09,S09,1151,1151,L1-full,265,4-7-9,3,False
S09,S09,1151,1151,L1-full,266,4-5-12,3,False
S09,S09,1151,1151,L1-full,267,0-3-7,3,False
S09,S09,1151,1151,L1-full,268,0-6-10,3,False
S09,S09,1151,1151,L1-full,269,1-6,2,False
S09,S09,1151,1151,L1-full,270,1-6-13,3,False
S09,S09,1151,1151,L1-full,271,2-7-10,3,False
S09,S09,1151,1151,L1-full,272,3-7-12,3,False
S09,S09,1151,1151,L1-full,273,12-14,2,False
S09,S09,1151,1151,L1-full,274,1-4-8,3,False
S09,S09,1151,1151,L1-full,275,0-2-12,3,False
S09,S09,1151,1151,L1-full,276,5-8,2,False
S09,S09,1151,1151,L1-full,277,4-8-9,3,False
S09,S09,1151,1151,L1-full,278,7-11-13,3,False
S09,S09,1151,1151,L1-full,279,9-15,2,False
S09,S09,1151,1151,L1-full,280,5-10,2,False
S09,S09,1151,1151,L1-full,281,12-13-14,3,False
S09,S09,1151,1151,L1-full,282,1-4-6,3,False
S09,S09,1151,1151,L1-full,283,8-10-12,3,False
S09,S09,1151,1151,L1-full,284,0-14-15,3,False
S09,S09,1151,1151,L1-full,285,10-12,2,False
S09,S09,1151,1151,L1-full,286,1-2-11,3,False
S09,S09,1151,1151,L1-full,287,2-4-15,3,False
S09,S09,1151,1151,L1-full,288,6-8-15,3,False
S09,S09,1151,1151,L1-full,289,1-5-13,3,False
S09,S09,1151,1151,L1-full,290,5-6-8,3,False
S09,S09,1151,1151,L1-full,291,4-8-11,3,False
S09,S09,1151,1151,L1-full,292,5-7-14,3,False
S09,S09,1151,1151,L1-full,293,8-13-15,3,False
S09,S09,1151,1151,L1-full,294,7-8-13,3,False
S09,S09,1151,1151,L1-full,295,0-5-8,3,False
S09,S09,1151,1151,L1-full,296,0-2-14,3,False
S09,S09,1151,1151,L1-full,297,5-14,2,False
S09,S09,1151,1151,L1-full,298,0-6-13,3,False
S09,S09,1151,1151,L1-full,299,0-4-6,3,False
S09,S09,1151,1151,L1-full,300,14-15,2,False
S09,S09,1151,1151,L1-full,301,0-5-6,3,False
S09,S09,1151,1151,L1-full,302,4-9-13,3,False
S09,S09,1151,1151,L1-full,303,7-10-13,3,False
S09,S09,1151,1151,L1-top8,1,0-1,2,True
S09,S09,1151,1151,L1-top8,2,2-3,2,True
S09,S09,1151,1151,L1-top8,3,4-5-6,3,True
S09,S09,1151,1151,L1-top8,4,7-8-9,3,True
S09,S09,1151,1151,L1-top8,5,6-13-14,3,False
S09,S09,1151,1151,L1-top8,6,1-10-14,3,False
S09,S09,1151,1151,L1-top8,7,0-2-3,3,False
S09,S09,1151,1151,L1-top8,8,2-14,2,False
S09,S09,1151,1151,L1-match,1,0-1,2,True
S09,S09,1151,1151,L1-match,2,2-3,2,True
S09,S09,1151,1151,L1-match,3,4-5-6,3,True
S09,S09,1151,1151,L1-match,4,7-8-9,3,True
S09,S09,1151,1151,SHIL-k8,1,0-1,2,True
S09,S09,1151,1151,SHIL-k8,2,2-3,2,True
S09,S09,1151,1151,SHIL-k8,3,4-5-6,3,True
S09,S09,1151,1151,SHIL-k8,4,7-8-9,3,True
S09,S09,1151,1151,SHIL-k8,5,3-9-10,3,False
S09,S09,1151,1151,SHIL-k8,6,0-5-8,3,False
S09,S09,1151,1151,SHIL-k8,7,5-10-12,3,False
S09,S09,1151,1151,SHIL-k8,8,3-9,2,False
S09,S09,1151,1151,SC-L1,1,0-1,2,True
S09,S09,1151,1151,SC-L1,2,2-3,2,True
S09,S09,1151,1151,SC-L1,3,4-5-6,3,True
S09,S09,1151,1151,SC-L1,4,7-8-9,3,True
S09,S09,1151,1151,SC-SHIL,1,0-1,2,True
S09,S09,1151,1151,SC-SHIL,2,2-3,2,True
S09,S09,1151,1151,SC-SHIL,3,4-5-6,3,True
S09,S09,1151,1151,SC-SHIL,4,7-8-9,3,True
S09,S09,1171,1171,L1-full,1,0-1,2,True
S09,S09,1171,1171,L1-full,2,4-5-6,3,True
S09,S09,1171,1171,L1-full,3,2-3,2,True
S09,S09,1171,1171,L1-full,4,7-8-9,3,True
S09,S09,1171,1171,L1-full,5,3-11-12,3,False
S09,S09,1171,1171,L1-full,6,7-8-10,3,False
S09,S09,1171,1171,L1-full,7,3-6-10,3,False
S09,S09,1171,1171,L1-full,8,3-7-10,3,False
S09,S09,1171,1171,L1-full,9,5-8-15,3,False
S09,S09,1171,1171,L1-full,10,0-6-15,3,False
S09,S09,1171,1171,L1-full,11,2-7-14,3,False
S09,S09,1171,1171,L1-full,12,2-11-13,3,False
S09,S09,1171,1171,L1-full,13,10-14,2,False
S09,S09,1171,1171,L1-full,14,11-13,2,False
S09,S09,1171,1171,L1-full,15,7-13,2,False
S09,S09,1171,1171,L1-full,16,0-4-13,3,False
S09,S09,1171,1171,L1-full,17,9-14,2,False
S09,S09,1171,1171,L1-full,18,10-14-15,3,False
S09,S09,1171,1171,L1-full,19,7-12,2,False
S09,S09,1171,1171,L1-full,20,1-7-10,3,False
S09,S09,1171,1171,L1-full,21,13-14-15,3,False
S09,S09,1171,1171,L1-full,22,3-10-13,3,False
S09,S09,1171,1171,L1-full,23,1-10-11,3,False
S09,S09,1171,1171,L1-full,24,4-14-15,3,False
S09,S09,1171,1171,L1-full,25,1-2-7,3,False
S09,S09,1171,1171,L1-full,26,4-8-13,3,False
S09,S09,1171,1171,L1-full,27,2-6-7,3,False
S09,S09,1171,1171,L1-full,28,2-5-15,3,False
S09,S09,1171,1171,L1-full,29,2-4-7,3,False
S09,S09,1171,1171,L1-full,30,10-11-15,3,False
S09,S09,1171,1171,L1-full,31,6-10,2,False
S09,S09,1171,1171,L1-full,32,7-12-14,3,False
S09,S09,1171,1171,L1-full,33,1-2-12,3,False
S09,S09,1171,1171,L1-full,34,0-4-11,3,False
S09,S09,1171,1171,L1-full,35,3-8-13,3,False
S09,S09,1171,1171,L1-top8,1,0-1,2,True
S09,S09,1171,1171,L1-top8,2,4-5-6,3,True
S09,S09,1171,1171,L1-top8,3,2-3,2,True
S09,S09,1171,1171,L1-top8,4,7-8-9,3,True
S09,S09,1171,1171,L1-top8,5,3-11-12,3,False
S09,S09,1171,1171,L1-top8,6,7-8-10,3,False
S09,S09,1171,1171,L1-top8,7,3-6-10,3,False
S09,S09,1171,1171,L1-top8,8,3-7-10,3,False
S09,S09,1171,1171,L1-match,1,0-1,2,True
S09,S09,1171,1171,L1-match,2,4-5-6,3,True
S09,S09,1171,1171,L1-match,3,2-3,2,True
S09,S09,1171,1171,L1-match,4,7-8-9,3,True
S09,S09,1171,1171,SHIL-k8,1,0-1,2,True
S09,S09,1171,1171,SHIL-k8,2,2-3,2,True
S09,S09,1171,1171,SHIL-k8,3,4-5-6,3,True
S09,S09,1171,1171,SHIL-k8,4,7-8-9,3,True
S09,S09,1171,1171,SHIL-k8,5,0-15,2,False
S09,S09,1171,1171,SHIL-k8,6,5-11-13,3,False
S09,S09,1171,1171,SHIL-k8,7,7-13,2,False
S09,S09,1171,1171,SHIL-k8,8,0-2-7,3,False
S09,S09,1171,1171,SC-L1,1,0-1,2,True
S09,S09,1171,1171,SC-L1,2,2-3,2,True
S09,S09,1171,1171,SC-L1,3,4-5-6,3,True
S09,S09,1171,1171,SC-L1,4,7-8-9,3,True
S09,S09,1171,1171,SC-SHIL,1,0-1,2,True
S09,S09,1171,1171,SC-SHIL,2,2-3,2,True
S09,S09,1171,1171,SC-SHIL,3,4-5-6,3,True
S09,S09,1171,1171,SC-SHIL,4,7-8-9,3,True
S09,S09,1181,1181,L1-full,1,0-1,2,True
S09,S09,1181,1181,L1-full,2,4-5-6,3,True
S09,S09,1181,1181,L1-full,3,2-3,2,True
S09,S09,1181,1181,L1-full,4,7-8-9,3,True
S09,S09,1181,1181,L1-full,5,7-10-14,3,False
S09,S09,1181,1181,L1-full,6,2-4-6,3,False
S09,S09,1181,1181,L1-full,7,10-13,2,False
S09,S09,1181,1181,L1-full,8,0-6-9,3,False
S09,S09,1181,1181,L1-full,9,0-1-9,3,False
S09,S09,1181,1181,L1-full,10,6-7-15,3,False
S09,S09,1181,1181,L1-full,11,2-3-8,3,False
S09,S09,1181,1181,L1-full,12,1-3-11,3,False
S09,S09,1181,1181,L1-full,13,1-5-12,3,False
S09,S09,1181,1181,L1-full,14,0-1-3,3,False
S09,S09,1181,1181,L1-full,15,5-7-10,3,False
S09,S09,1181,1181,L1-full,16,7-8-14,3,False
S09,S09,1181,1181,L1-full,17,0-1-2,3,False
S09,S09,1181,1181,L1-full,18,1-8-14,3,False
S09,S09,1181,1181,L1-full,19,5-12-13,3,False
S09,S09,1181,1181,L1-full,20,1-9-12,3,False
S09,S09,1181,1181,L1-full,21,5-6-14,3,False
S09,S09,1181,1181,L1-full,22,2-7-10,3,False
S09,S09,1181,1181,L1-full,23,1-3,2,False
S09,S09,1181,1181,L1-full,24,1-2-12,3,False
S09,S09,1181,1181,L1-full,25,2-10-14,3,False
S09,S09,1181,1181,L1-full,26,1-9,2,False
S09,S09,1181,1181,L1-full,27,8-9-10,3,False
S09,S09,1181,1181,L1-full,28,2-7-15,3,False
S09,S09,1181,1181,L1-full,29,6-9-10,3,False
S09,S09,1181,1181,L1-full,30,9-14,2,False
S09,S09,1181,1181,L1-full,31,2-4-8,3,False
S09,S09,1181,1181,L1-full,32,4-7-10,3,False
S09,S09,1181,1181,L1-full,33,0-5-15,3,False
S09,S09,1181,1181,L1-full,34,0-14-15,3,False
S09,S09,1181,1181,L1-full,35,2-9,2,False
S09,S09,1181,1181,L1-full,36,6-12-13,3,False
S09,S09,1181,1181,L1-full,37,2-10-11,3,False
S09,S09,1181,1181,L1-full,38,4-8-11,3,False
S09,S09,1181,1181,L1-full,39,3-14-15,3,False
S09,S09,1181,1181,L1-full,40,4-7-9,3,False
S09,S09,1181,1181,L1-full,41,7-9,2,False
S09,S09,1181,1181,L1-full,42,8-9-13,3,False
S09,S09,1181,1181,L1-full,43,11-12-13,3,False
S09,S09,1181,1181,L1-full,44,0-1-4,3,False
S09,S09,1181,1181,L1-full,45,1-2-14,3,False
S09,S09,1181,1181,L1-full,46,2-10-13,3,False
S09,S09,1181,1181,L1-full,47,9-11-14,3,False
S09,S09,1181,1181,L1-full,48,4-12-14,3,False
S09,S09,1181,1181,L1-full,49,0-10-11,3,False
S09,S09,1181,1181,L1-full,50,4-8-14,3,False
S09,S09,1181,1181,L1-full,51,2-6-13,3,False
S09,S09,1181,1181,L1-full,52,3-6-14,3,False
S09,S09,1181,1181,L1-full,53,1-7,2,False
S09,S09,1181,1181,L1-full,54,7-9-15,3,False
S09,S09,1181,1181,L1-full,55,3-12-13,3,False
S09,S09,1181,1181,L1-full,56,9-12-15,3,False
S09,S09,1181,1181,L1-full,57,0-6,2,False
S09,S09,1181,1181,L1-full,58,1-12-14,3,False
S09,S09,1181,1181,L1-full,59,4-12-13,3,False
S09,S09,1181,1181,L1-full,60,3-11-12,3,False
S09,S09,1181,1181,L1-full,61,1-4-11,3,False
S09,S09,1181,1181,L1-full,62,1-9-13,3,False
S09,S09,1181,1181,L1-full,63,2-6-10,3,False
S09,S09,1181,1181,L1-full,64,3-5-7,3,False
S09,S09,1181,1181,L1-full,65,2-4-14,3,False
S09,S09,1181,1181,L1-full,66,1-2-3,3,False
S09,S09,1181,1181,L1-full,67,5-9-15,3,False
S09,S09,1181,1181,L1-full,68,1-13-14,3,False
S09,S09,1181,1181,L1-full,69,11-12,2,False
S09,S09,1181,1181,L1-full,70,4-7-15,3,False
S09,S09,1181,1181,L1-full,71,2-8-12,3,False
S09,S09,1181,1181,L1-full,72,3-7,2,False
S09,S09,1181,1181,L1-full,73,0-10-14,3,False
S09,S09,1181,1181,L1-full,74,5-10-13,3,False
S09,S09,1181,1181,L1-full,75,1-5,2,False
S09,S09,1181,1181,L1-full,76,9-13-15,3,False
S09,S09,1181,1181,L1-full,77,3-9-11,3,False
S09,S09,1181,1181,L1-full,78,0-4-14,3,False
S09,S09,1181,1181,L1-full,79,0-3-9,3,False
S09,S09,1181,1181,L1-full,80,4-15,2,False
S09,S09,1181,1181,L1-full,81,0-6-12,3,False
S09,S09,1181,1181,L1-full,82,9-15,2,False
S09,S09,1181,1181,L1-full,83,1-7-13,3,False
S09,S09,1181,1181,L1-full,84,11-12-14,3,False
S09,S09,1181,1181,L1-full,85,1-3-9,3,False
S09,S09,1181,1181,L1-full,86,1-12-15,3,False
S09,S09,1181,1181,L1-full,87,3-8-11,3,False
S09,S09,1181,1181,L1-full,88,2-4-10,3,False
S09,S09,1181,1181,L1-full,89,10-13-15,3,False
S09,S09,1181,1181,L1-full,90,4-6-7,3,False
S09,S09,1181,1181,L1-full,91,2-5-12,3,False
S09,S09,1181,1181,L1-full,92,3-7-11,3,False
S09,S09,1181,1181,L1-full,93,7-10-13,3,False
S09,S09,1181,1181,L1-full,94,4-8-15,3,False
S09,S09,1181,1181,L1-full,95,0-3-4,3,False
S09,S09,1181,1181,L1-full,96,3-5-11,3,False
S09,S09,1181,1181,L1-full,97,6-10-14,3,False
S09,S09,1181,1181,L1-full,98,0-9-11,3,False
S09,S09,1181,1181,L1-full,99,2-10,2,False
S09,S09,1181,1181,L1-full,100,2-5-8,3,False
S09,S09,1181,1181,L1-full,101,1-3-13,3,False
S09,S09,1181,1181,L1-full,102,4-5-15,3,False
S09,S09,1181,1181,L1-full,103,5-11-13,3,False
S09,S09,1181,1181,L1-full,104,6-8-10,3,False
S09,S09,1181,1181,L1-full,105,0-10-13,3,False
S09,S09,1181,1181,L1-full,106,12-15,2,False
S09,S09,1181,1181,L1-full,107,7-12,2,False
S09,S09,1181,1181,L1-full,108,3-4-6,3,False
S09,S09,1181,1181,L1-full,109,1-2-6,3,False
S09,S09,1181,1181,L1-full,110,4-11-13,3,False
S09,S09,1181,1181,L1-full,111,0-4-9,3,False
S09,S09,1181,1181,L1-full,112,5-13-15,3,False
S09,S09,1181,1181,L1-full,113,14-15,2,False
S09,S09,1181,1181,L1-full,114,7-11-15,3,False
S09,S09,1181,1181,L1-full,115,1-7-9,3,False
S09,S09,1181,1181,L1-full,116,7-14,2,False
S09,S09,1181,1181,L1-full,117,3-4-5,3,False
S09,S09,1181,1181,L1-full,118,6-12-15,3,False
S09,S09,1181,1181,L1-full,119,0-7-14,3,False
S09,S09,1181,1181,L1-full,120,6-11-12,3,False
S09,S09,1181,1181,L1-full,121,2-10-15,3,False
S09,S09,1181,1181,L1-full,122,3-4-10,3,False
S09,S09,1181,1181,L1-full,123,10-12-15,3,False
S09,S09,1181,1181,L1-full,124,8-10-14,3,False
S09,S09,1181,1181,L1-full,125,6-8-12,3,False
S09,S09,1181,1181,L1-full,126,4-9-13,3,False
S09,S09,1181,1181,L1-full,127,1-6-14,3,False
S09,S09,1181,1181,L1-full,128,2-11-15,3,False
S09,S09,1181,1181,L1-full,129,6-10,2,False
S09,S09,1181,1181,L1-full,130,13-15,2,False
S09,S09,1181,1181,L1-full,131,7-12-14,3,False
S09,S09,1181,1181,L1-full,132,2-5-7,3,False
S09,S09,1181,1181,L1-full,133,4-10,2,False
S09,S09,1181,1181,L1-full,134,3-5-12,3,False
S09,S09,1181,1181,L1-full,135,8-13-14,3,False
S09,S09,1181,1181,L1-full,136,1-7-14,3,False
S09,S09,1181,1181,L1-full,137,3-4-15,3,False
S09,S09,1181,1181,L1-full,138,0-3-10,3,False
S09,S09,1181,1181,L1-full,139,2-12-13,3,False
S09,S09,1181,1181,L1-full,140,4-7-11,3,False
S09,S09,1181,1181,L1-full,141,0-3-12,3,False
S09,S09,1181,1181,L1-full,142,7-11,2,False
S09,S09,1181,1181,L1-full,143,0-1-5,3,False
S09,S09,1181,1181,L1-full,144,10-12-14,3,False
S09,S09,1181,1181,L1-full,145,2-13,2,False
S09,S09,1181,1181,L1-full,146,8-12-13,3,False
S09,S09,1181,1181,L1-full,147,5-8-13,3,False
S09,S09,1181,1181,L1-full,148,5-6-12,3,False
S09,S09,1181,1181,L1-full,149,3-8-10,3,False
S09,S09,1181,1181,L1-full,150,10-14,2,False
S09,S09,1181,1181,L1-full,151,3-9-13,3,False
S09,S09,1181,1181,L1-full,152,11-12-15,3,False
S09,S09,1181,1181,L1-full,153,1-3-14,3,False
S09,S09,1181,1181,L1-full,154,5-9-12,3,False
S09,S09,1181,1181,L1-full,155,5-7-14,3,False
S09,S09,1181,1181,L1-full,156,1-2-15,3,False
S09,S09,1181,1181,L1-full,157,6-11-13,3,False
S09,S09,1181,1181,L1-full,158,4-12-15,3,False
S09,S09,1181,1181,L1-full,159,0-12-13,3,False
S09,S09,1181,1181,L1-full,160,0-8,2,False
S09,S09,1181,1181,L1-full,161,6-9-11,3,False
S09,S09,1181,1181,L1-full,162,0-2-5,3,False
S09,S09,1181,1181,L1-full,163,1-6-9,3,False
S09,S09,1181,1181,L1-full,164,1-2,2,False
S09,S09,1181,1181,L1-full,165,8-14,2,False
S09,S09,1181,1181,L1-full,166,1-5-9,3,False
S09,S09,1181,1181,L1-full,167,0-3-6,3,False
S09,S09,1181,1181,L1-full,168,7-11-14,3,False
S09,S09,1181,1181,L1-full,169,2-4-11,3,False
S09,S09,1181,1181,L1-full,170,1-6-11,3,False
S09,S09,1181,1181,L1-full,171,8-11-14,3,False
S09,S09,1181,1181,L1-full,172,3-6-9,3,False
S09,S09,1181,1181,L1-full,173,9-11,2,False
S09,S09,1181,1181,L1-full,174,10-11-13,3,False
S09,S09,1181,1181,L1-full,175,0-6-10,3,False
S09,S09,1181,1181,L1-full,176,0-1-13,3,False
S09,S09,1181,1181,L1-full,177,5-8-15,3,False
S09,S09,1181,1181,L1-full,178,10-11,2,False
S09,S09,1181,1181,L1-full,179,6-8-13,3,False
S09,S09,1181,1181,L1-full,180,10-12-13,3,False
S09,S09,1181,1181,L1-full,181,0-5-14,3,False
S09,S09,1181,1181,L1-full,182,5-7-15,3,False
S09,S09,1181,1181,L1-full,183,7-9-11,3,False
S09,S09,1181,1181,L1-full,184,9-12,2,False
S09,S09,1181,1181,L1-full,185,0-8-12,3,False
S09,S09,1181,1181,L1-full,186,1-7-11,3,False
S09,S09,1181,1181,L1-full,187,2-4-15,3,False
S09,S09,1181,1181,L1-full,188,4-10-15,3,False
S09,S09,1181,1181,L1-full,189,3-9,2,False
S09,S09,1181,1181,L1-full,190,9-14-15,3,False
S09,S09,1181,1181,L1-full,191,6-9-12,3,False
S09,S09,1181,1181,L1-full,192,0-9,2,False
S09,S09,1181,1181,L1-full,193,1-9-11,3,False
S09,S09,1181,1181,L1-full,194,12-13-15,3,False
S09,S09,1181,1181,L1-full,195,5-6-9,3,False
S09,S09,1181,1181,L1-full,196,4-11-14,3,False
S09,S09,1181,1181,L1-full,197,1-6-7,3,False
S09,S09,1181,1181,L1-full,198,7-12-15,3,False
S09,S09,1181,1181,L1-full,199,1-11-12,3,False
S09,S09,1181,1181,L1-full,200,8-12-15,3,False
S09,S09,1181,1181,L1-full,201,3-4-13,3,False
S09,S09,1181,1181,L1-full,202,0-2-7,3,False
S09,S09,1181,1181,L1-full,203,4-5-9,3,False
S09,S09,1181,1181,L1-full,204,6-8-14,3,False
S09,S09,1181,1181,L1-full,205,3-10-12,3,False
S09,S09,1181,1181,L1-full,206,3-7-13,3,False
S09,S09,1181,1181,L1-full,207,1-9-14,3,False
S09,S09,1181,1181,L1-full,208,3-12-14,3,False
S09,S09,1181,1181,L1-full,209,0-4,2,False
S09,S09,1181,1181,L1-full,210,2-3-14,3,False
S09,S09,1181,1181,L1-full,211,2-6-8,3,False
S09,S09,1181,1181,L1-full,212,4-10-13,3,False
S09,S09,1181,1181,L1-full,213,0-10-15,3,False
S09,S09,1181,1181,L1-full,214,4-9-12,3,False
S09,S09,1181,1181,L1-full,215,1-3-5,3,False
S09,S09,1181,1181,L1-full,216,4-6-9,3,False
S09,S09,1181,1181,L1-full,217,4-8-12,3,False
S09,S09,1181,1181,L1-full,218,3-5-6,3,False
S09,S09,1181,1181,L1-full,219,5-6-15,3,False
S09,S09,1181,1181,L1-full,220,8-10-12,3,False
S09,S09,1181,1181,L1-full,221,4-12,2,False
S09,S09,1181,1181,L1-full,222,7-9-10,3,False
S09,S09,1181,1181,L1-full,223,3-10-15,3,False
S09,S09,1181,1181,L1-full,224,3-7-14,3,False
S09,S09,1181,1181,L1-full,225,4-5,2,False
S09,S09,1181,1181,L1-full,226,5-13,2,False
S09,S09,1181,1181,L1-full,227,1-14,2,False
S09,S09,1181,1181,L1-full,228,5-10-15,3,False
S09,S09,1181,1181,L1-full,229,0-1-11,3,False
S09,S09,1181,1181,L1-full,230,6-12,2,False
S09,S09,1181,1181,L1-full,231,2-5-10,3,False
S09,S09,1181,1181,L1-full,232,5-8,2,False
S09,S09,1181,1181,L1-full,233,9-10-13,3,False
S09,S09,1181,1181,L1-full,234,2-6-11,3,False
S09,S09,1181,1181,L1-full,235,6-13-14,3,False
S09,S09,1181,1181,L1-full,236,3-4-8,3,False
S09,S09,1181,1181,L1-full,237,2-3-12,3,False
S09,S09,1181,1181,L1-full,238,8-9-12,3,False
S09,S09,1181,1181,L1-full,239,3-5,2,False
S09,S09,1181,1181,L1-full,240,1-10-12,3,False
S09,S09,1181,1181,L1-full,241,2-3-7,3,False
S09,S09,1181,1181,L1-full,242,1-12-13,3,False
S09,S09,1181,1181,L1-full,243,2-12-14,3,False
S09,S09,1181,1181,L1-full,244,0-6-7,3,False
S09,S09,1181,1181,L1-full,245,11-13-14,3,False
S09,S09,1181,1181,L1-full,246,9-10-11,3,False
S09,S09,1181,1181,L1-full,247,12-14-15,3,False
S09,S09,1181,1181,L1-full,248,10-15,2,False
S09,S09,1181,1181,L1-full,249,3-13-15,3,False
S09,S09,1181,1181,L1-full,250,7-8-15,3,False
S09,S09,1181,1181,L1-full,251,6-11-15,3,False
S09,S09,1181,1181,L1-full,252,1-3-15,3,False
S09,S09,1181,1181,L1-full,253,3-8-14,3,False
S09,S09,1181,1181,L1-full,254,1-3-4,3,False
S09,S09,1181,1181,L1-full,255,10-11-15,3,False
S09,S09,1181,1181,L1-full,256,5-9,2,False
S09,S09,1181,1181,L1-full,257,7-11-12,3,False
S09,S09,1181,1181,L1-full,258,7-11-13,3,False
S09,S09,1181,1181,L1-full,259,6-8-15,3,False
S09,S09,1181,1181,L1-full,260,4-6-13,3,False
S09,S09,1181,1181,L1-full,261,0-2-11,3,False
S09,S09,1181,1181,L1-full,262,1-2-5,3,False
S09,S09,1181,1181,L1-full,263,0-3-14,3,False
S09,S09,1181,1181,L1-full,264,2-9-11,3,False
S09,S09,1181,1181,L1-full,265,4-5-12,3,False
S09,S09,1181,1181,L1-full,266,8-9-14,3,False
S09,S09,1181,1181,L1-full,267,0-13-15,3,False
S09,S09,1181,1181,L1-full,268,3-8,2,False
S09,S09,1181,1181,L1-full,269,4-6-8,3,False
S09,S09,1181,1181,L1-full,270,0-6-15,3,False
S09,S09,1181,1181,L1-full,271,1-4-14,3,False
S09,S09,1181,1181,L1-full,272,4-6-15,3,False
S09,S09,1181,1181,L1-full,273,8-9-15,3,False
S09,S09,1181,1181,L1-full,274,2-8,2,False
S09,S09,1181,1181,L1-full,275,2-8-13,3,False
S09,S09,1181,1181,L1-full,276,7-8-11,3,False
S09,S09,1181,1181,L1-full,277,2-11-13,3,False
S09,S09,1181,1181,L1-full,278,0-3-13,3,False
S09,S09,1181,1181,L1-full,279,5-11,2,False
S09,S09,1181,1181,L1-full,280,6-7,2,False
S09,S09,1181,1181,L1-full,281,1-5-6,3,False
S09,S09,1181,1181,L1-full,282,5-8-14,3,False
S09,S09,1181,1181,L1-full,283,6-9-14,3,False
S09,S09,1181,1181,L1-full,284,4-8,2,False
S09,S09,1181,1181,L1-full,285,2-3-15,3,False
S09,S09,1181,1181,L1-full,286,0-9-13,3,False
S09,S09,1181,1181,L1-full,287,0-3-7,3,False
S09,S09,1181,1181,L1-full,288,0-13,2,False
S09,S09,1181,1181,L1-full,289,9-13,2,False
S09,S09,1181,1181,L1-full,290,1-8,2,False
S09,S09,1181,1181,L1-full,291,2-9-12,3,False
S09,S09,1181,1181,L1-full,292,6-11,2,False
S09,S09,1181,1181,L1-full,293,0-4-10,3,False
S09,S09,1181,1181,L1-full,294,6-10-13,3,False
S09,S09,1181,1181,L1-full,295,1-5-10,3,False
S09,S09,1181,1181,L1-full,296,6-10-12,3,False
S09,S09,1181,1181,L1-full,297,6-14-15,3,False
S09,S09,1181,1181,L1-full,298,0-2-13,3,False
S09,S09,1181,1181,L1-full,299,10-11-14,3,False
S09,S09,1181,1181,L1-full,300,3-9-15,3,False
S09,S09,1181,1181,L1-full,301,0-5,2,False
S09,S09,1181,1181,L1-full,302,5-7-11,3,False
S09,S09,1181,1181,L1-full,303,0-3-15,3,False
S09,S09,1181,1181,L1-full,304,3-10,2,False
S09,S09,1181,1181,L1-full,305,0-7-10,3,False
S09,S09,1181,1181,L1-full,306,2-4-7,3,False
S09,S09,1181,1181,L1-full,307,3-8-9,3,False
S09,S09,1181,1181,L1-full,308,0-11-15,3,False
S09,S09,1181,1181,L1-full,309,4-13,2,False
S09,S09,1181,1181,L1-full,310,0-14,2,False
S09,S09,1181,1181,L1-full,311,0-13-14,3,False
S09,S09,1181,1181,L1-full,312,0-10-12,3,False
S09,S09,1181,1181,L1-full,313,0-6-11,3,False
S09,S09,1181,1181,L1-full,314,3-6-8,3,False
S09,S09,1181,1181,L1-full,315,1-4-12,3,False
S09,S09,1181,1181,L1-full,316,0-2-8,3,False
S09,S09,1181,1181,L1-full,317,3-13-14,3,False
S09,S09,1181,1181,L1-full,318,12-14,2,False
S09,S09,1181,1181,L1-full,319,3-7-8,3,False
S09,S09,1181,1181,L1-full,320,3-14,2,False
S09,S09,1181,1181,L1-full,321,3-5-14,3,False
S09,S09,1181,1181,L1-full,322,1-4-8,3,False
S09,S09,1181,1181,L1-full,323,0-2-14,3,False
S09,S09,1181,1181,L1-full,324,5-14-15,3,False
S09,S09,1181,1181,L1-full,325,6-7-9,3,False
S09,S09,1181,1181,L1-full,326,4-8-9,3,False
S09,S09,1181,1181,L1-full,327,1-5-15,3,False
S09,S09,1181,1181,L1-full,328,0-6-8,3,False
S09,S09,1181,1181,L1-full,329,6-13,2,False
S09,S09,1181,1181,L1-full,330,1-3-12,3,False
S09,S09,1181,1181,L1-top8,1,0-1,2,True
S09,S09,1181,1181,L1-top8,2,4-5-6,3,True
S09,S09,1181,1181,L1-top8,3,2-3,2,True
S09,S09,1181,1181,L1-top8,4,7-8-9,3,True
S09,S09,1181,1181,L1-top8,5,7-10-14,3,False
S09,S09,1181,1181,L1-top8,6,2-4-6,3,False
S09,S09,1181,1181,L1-top8,7,10-13,2,False
S09,S09,1181,1181,L1-top8,8,0-6-9,3,False
S09,S09,1181,1181,L1-match,1,0-1,2,True
S09,S09,1181,1181,L1-match,2,4-5-6,3,True
S09,S09,1181,1181,L1-match,3,2-3,2,True
S09,S09,1181,1181,L1-match,4,7-8-9,3,True
S09,S09,1181,1181,SHIL-k8,1,0-1,2,True
S09,S09,1181,1181,SHIL-k8,2,2-3,2,True
S09,S09,1181,1181,SHIL-k8,3,4-5-6,3,True
S09,S09,1181,1181,SHIL-k8,4,7-8-9,3,True
S09,S09,1181,1181,SHIL-k8,5,10-12-14,3,False
S09,S09,1181,1181,SHIL-k8,6,12-13-15,3,False
S09,S09,1181,1181,SHIL-k8,7,1-10-12,3,False
S09,S09,1181,1181,SHIL-k8,8,4-7-15,3,False
S09,S09,1181,1181,SC-L1,1,0-1,2,True
S09,S09,1181,1181,SC-L1,2,2-3,2,True
S09,S09,1181,1181,SC-L1,3,4-5-6,3,True
S09,S09,1181,1181,SC-L1,4,7-8-9,3,True
S09,S09,1181,1181,SC-SHIL,1,0-1,2,True
S09,S09,1181,1181,SC-SHIL,2,2-3,2,True
S09,S09,1181,1181,SC-SHIL,3,4-5-6,3,True
S09,S09,1181,1181,SC-SHIL,4,7-8-9,3,True
S09,S09,1201,1201,L1-full,1,0-1,2,True
S09,S09,1201,1201,L1-full,2,4-5-6,3,True
S09,S09,1201,1201,L1-full,3,2-3,2,True
S09,S09,1201,1201,L1-full,4,7-8-9,3,True
S09,S09,1201,1201,L1-full,5,3-4-8,3,False
S09,S09,1201,1201,L1-full,6,2-4-6,3,False
S09,S09,1201,1201,L1-full,7,3-8-10,3,False
S09,S09,1201,1201,L1-full,8,4-10-13,3,False
S09,S09,1201,1201,L1-full,9,0-5-11,3,False
S09,S09,1201,1201,L1-full,10,0-4-14,3,False
S09,S09,1201,1201,L1-full,11,3-11-12,3,False
S09,S09,1201,1201,L1-full,12,1-12,2,False
S09,S09,1201,1201,L1-full,13,0-9-10,3,False
S09,S09,1201,1201,L1-full,14,3-4-9,3,False
S09,S09,1201,1201,L1-full,15,0-6-12,3,False
S09,S09,1201,1201,L1-full,16,0-6-8,3,False
S09,S09,1201,1201,L1-full,17,10-11-12,3,False
S09,S09,1201,1201,L1-full,18,3-15,2,False
S09,S09,1201,1201,L1-full,19,2-8-10,3,False
S09,S09,1201,1201,L1-full,20,2-4-11,3,False
S09,S09,1201,1201,L1-full,21,6-8-12,3,False
S09,S09,1201,1201,L1-full,22,3-9,2,False
S09,S09,1201,1201,L1-full,23,3-6-11,3,False
S09,S09,1201,1201,L1-full,24,4-8-12,3,False
S09,S09,1201,1201,L1-full,25,0-7-10,3,False
S09,S09,1201,1201,L1-full,26,3-5-14,3,False
S09,S09,1201,1201,L1-full,27,1-4-10,3,False
S09,S09,1201,1201,L1-full,28,8-15,2,False
S09,S09,1201,1201,L1-full,29,3-12,2,False
S09,S09,1201,1201,L1-full,30,2-4-8,3,False
S09,S09,1201,1201,L1-full,31,3-11-13,3,False
S09,S09,1201,1201,L1-full,32,4-6-14,3,False
S09,S09,1201,1201,L1-full,33,0-3-14,3,False
S09,S09,1201,1201,L1-full,34,7-10-13,3,False
S09,S09,1201,1201,L1-full,35,1-7,2,False
S09,S09,1201,1201,L1-full,36,0-4-9,3,False
S09,S09,1201,1201,L1-full,37,1-4-8,3,False
S09,S09,1201,1201,L1-full,38,0-5-12,3,False
S09,S09,1201,1201,L1-full,39,7-10-14,3,False
S09,S09,1201,1201,L1-full,40,3-4-12,3,False
S09,S09,1201,1201,L1-full,41,2-4-15,3,False
S09,S09,1201,1201,L1-full,42,5-11-13,3,False
S09,S09,1201,1201,L1-full,43,1-8-10,3,False
S09,S09,1201,1201,L1-full,44,13-15,2,False
S09,S09,1201,1201,L1-full,45,0-5-10,3,False
S09,S09,1201,1201,L1-full,46,4-12-14,3,False
S09,S09,1201,1201,L1-full,47,2-14,2,False
S09,S09,1201,1201,L1-full,48,5-9-12,3,False
S09,S09,1201,1201,L1-full,49,9-13,2,False
S09,S09,1201,1201,L1-full,50,9-12-15,3,False
S09,S09,1201,1201,L1-full,51,5-8,2,False
S09,S09,1201,1201,L1-full,52,1-2-13,3,False
S09,S09,1201,1201,L1-full,53,3-9-15,3,False
S09,S09,1201,1201,L1-full,54,2-7-8,3,False
S09,S09,1201,1201,L1-full,55,10-12,2,False
S09,S09,1201,1201,L1-full,56,0-5-9,3,False
S09,S09,1201,1201,L1-full,57,9-15,2,False
S09,S09,1201,1201,L1-full,58,3-5-15,3,False
S09,S09,1201,1201,L1-full,59,3-9-13,3,False
S09,S09,1201,1201,L1-full,60,1-10-13,3,False
S09,S09,1201,1201,L1-full,61,0-6-10,3,False
S09,S09,1201,1201,L1-full,62,0-1-7,3,False
S09,S09,1201,1201,L1-full,63,6-7-8,3,False
S09,S09,1201,1201,L1-full,64,0-12-13,3,False
S09,S09,1201,1201,L1-full,65,2-11,2,False
S09,S09,1201,1201,L1-full,66,2-5-7,3,False
S09,S09,1201,1201,L1-full,67,0-6-11,3,False
S09,S09,1201,1201,L1-full,68,2-12-13,3,False
S09,S09,1201,1201,L1-full,69,6-9-12,3,False
S09,S09,1201,1201,L1-full,70,6-13-15,3,False
S09,S09,1201,1201,L1-full,71,0-3-11,3,False
S09,S09,1201,1201,L1-full,72,4-12-13,3,False
S09,S09,1201,1201,L1-full,73,3-4-15,3,False
S09,S09,1201,1201,L1-full,74,2-3-5,3,False
S09,S09,1201,1201,L1-full,75,2-9,2,False
S09,S09,1201,1201,L1-full,76,0-3-15,3,False
S09,S09,1201,1201,L1-full,77,2-7-12,3,False
S09,S09,1201,1201,L1-full,78,4-11,2,False
S09,S09,1201,1201,L1-full,79,0-2-11,3,False
S09,S09,1201,1201,L1-full,80,0-2-6,3,False
S09,S09,1201,1201,L1-full,81,12-15,2,False
S09,S09,1201,1201,L1-full,82,0-2-14,3,False
S09,S09,1201,1201,L1-full,83,3-9-12,3,False
S09,S09,1201,1201,L1-full,84,6-8-14,3,False
S09,S09,1201,1201,L1-full,85,4-8-9,3,False
S09,S09,1201,1201,L1-full,86,1-13,2,False
S09,S09,1201,1201,L1-full,87,6-7-15,3,False
S09,S09,1201,1201,L1-full,88,5-11,2,False
S09,S09,1201,1201,L1-full,89,6-13-14,3,False
S09,S09,1201,1201,L1-full,90,9-14,2,False
S09,S09,1201,1201,L1-full,91,13-14-15,3,False
S09,S09,1201,1201,L1-full,92,10-12-13,3,False
S09,S09,1201,1201,L1-full,93,6-11-15,3,False
S09,S09,1201,1201,L1-full,94,1-11-12,3,False
S09,S09,1201,1201,L1-full,95,0-10-11,3,False
S09,S09,1201,1201,L1-full,96,5-6,2,False
S09,S09,1201,1201,L1-full,97,5-12-13,3,False
S09,S09,1201,1201,L1-full,98,0-2-4,3,False
S09,S09,1201,1201,L1-full,99,0-13,2,False
S09,S09,1201,1201,L1-full,100,1-8,2,False
S09,S09,1201,1201,L1-full,101,7-9-10,3,False
S09,S09,1201,1201,L1-full,102,3-9-14,3,False
S09,S09,1201,1201,L1-full,103,12-14,2,False
S09,S09,1201,1201,L1-full,104,1-4,2,False
S09,S09,1201,1201,L1-full,105,2-11-13,3,False
S09,S09,1201,1201,L1-full,106,8-12-14,3,False
S09,S09,1201,1201,L1-full,107,2-6,2,False
S09,S09,1201,1201,L1-full,108,7-12,2,False
S09,S09,1201,1201,L1-full,109,4-6-9,3,False
S09,S09,1201,1201,L1-full,110,3-12-14,3,False
S09,S09,1201,1201,L1-full,111,1-7-12,3,False
S09,S09,1201,1201,L1-full,112,8-12,2,False
S09,S09,1201,1201,L1-full,113,3-7,2,False
S09,S09,1201,1201,L1-full,114,2-3-6,3,False
S09,S09,1201,1201,L1-full,115,4-5-12,3,False
S09,S09,1201,1201,L1-full,116,1-5-7,3,False
S09,S09,1201,1201,L1-full,117,2-5-6,3,False
S09,S09,1201,1201,L1-full,118,5-6-10,3,False
S09,S09,1201,1201,L1-full,119,6-11-13,3,False
S09,S09,1201,1201,L1-full,120,3-7-15,3,False
S09,S09,1201,1201,L1-full,121,3-12-15,3,False
S09,S09,1201,1201,L1-full,122,9-10-14,3,False
S09,S09,1201,1201,L1-full,123,9-10,2,False
S09,S09,1201,1201,L1-full,124,3-7-13,3,False
S09,S09,1201,1201,L1-full,125,4-9-10,3,False
S09,S09,1201,1201,L1-full,126,0-8-14,3,False
S09,S09,1201,1201,L1-full,127,1-2-5,3,False
S09,S09,1201,1201,L1-full,128,7-12-14,3,False
S09,S09,1201,1201,L1-full,129,0-7-11,3,False
S09,S09,1201,1201,L1-full,130,0-11-13,3,False
S09,S09,1201,1201,L1-full,131,4-9-15,3,False
S09,S09,1201,1201,L1-full,132,0-6-15,3,False
S09,S09,1201,1201,L1-full,133,7-12-13,3,False
S09,S09,1201,1201,L1-full,134,7-11-14,3,False
S09,S09,1201,1201,L1-full,135,6-12-13,3,False
S09,S09,1201,1201,L1-full,136,4-9-13,3,False
S09,S09,1201,1201,L1-full,137,2-3-9,3,False
S09,S09,1201,1201,L1-full,138,6-7-13,3,False
S09,S09,1201,1201,L1-full,139,5-13-14,3,False
S09,S09,1201,1201,L1-full,140,2-13-15,3,False
S09,S09,1201,1201,L1-full,141,9-11-15,3,False
S09,S09,1201,1201,L1-full,142,6-14,2,False
S09,S09,1201,1201,L1-full,143,0-7-14,3,False
S09,S09,1201,1201,L1-full,144,3-6-14,3,False
S09,S09,1201,1201,L1-full,145,4-7-11,3,False
S09,S09,1201,1201,L1-full,146,1-8-11,3,False
S09,S09,1201,1201,L1-full,147,1-2-11,3,False
S09,S09,1201,1201,L1-full,148,5-14-15,3,False
S09,S09,1201,1201,L1-full,149,2-9-10,3,False
S09,S09,1201,1201,L1-full,150,1-5-8,3,False
S09,S09,1201,1201,L1-full,151,2-9-13,3,False
S09,S09,1201,1201,L1-full,152,5-8-14,3,False
S09,S09,1201,1201,L1-full,153,6-8-15,3,False
S09,S09,1201,1201,L1-full,154,12-14-15,3,False
S09,S09,1201,1201,L1-full,155,1-10-14,3,False
S09,S09,1201,1201,L1-full,156,10-15,2,False
S09,S09,1201,1201,L1-full,157,1-10,2,False
S09,S09,1201,1201,L1-full,158,0-6-14,3,False
S09,S09,1201,1201,L1-full,159,6-11-14,3,False
S09,S09,1201,1201,L1-full,160,7-10-12,3,False
S09,S09,1201,1201,L1-full,161,1-3-10,3,False
S09,S09,1201,1201,L1-full,162,6-12,2,False
S09,S09,1201,1201,L1-full,163,2-13-14,3,False
S09,S09,1201,1201,L1-full,164,0-1-11,3,False
S09,S09,1201,1201,L1-full,165,6-8-13,3,False
S09,S09,1201,1201,L1-full,166,3-4-6,3,False
S09,S09,1201,1201,L1-full,167,0-3-5,3,False
S09,S09,1201,1201,L1-full,168,2-4-13,3,False
S09,S09,1201,1201,L1-full,169,1-9-14,3,False
S09,S09,1201,1201,L1-full,170,1-8-9,3,False
S09,S09,1201,1201,L1-full,171,4-11-12,3,False
S09,S09,1201,1201,L1-full,172,8-11-13,3,False
S09,S09,1201,1201,L1-full,173,11-12-13,3,False
S09,S09,1201,1201,L1-full,174,3-8-11,3,False
S09,S09,1201,1201,L1-full,175,8-9-14,3,False
S09,S09,1201,1201,L1-full,176,2-6-7,3,False
S09,S09,1201,1201,L1-full,177,0-4-13,3,False
S09,S09,1201,1201,L1-full,178,7-9-12,3,False
S09,S09,1201,1201,L1-full,179,5-14,2,False
S09,S09,1201,1201,L1-full,180,6-14-15,3,False
S09,S09,1201,1201,L1-full,181,2-4-14,3,False
S09,S09,1201,1201,L1-full,182,0-3-7,3,False
S09,S09,1201,1201,L1-full,183,3-10-13,3,False
S09,S09,1201,1201,L1-full,184,2-5-10,3,False
S09,S09,1201,1201,L1-full,185,3-7-11,3,False
S09,S09,1201,1201,L1-full,186,0-1-3,3,False
S09,S09,1201,1201,L1-full,187,4-6-10,3,False
S09,S09,1201,1201,L1-full,188,3-6-15,3,False
S09,S09,1201,1201,L1-full,189,0-4-11,3,False
S09,S09,1201,1201,L1-full,190,1-2-10,3,False
S09,S09,1201,1201,L1-full,191,6-11-12,3,False
S09,S09,1201,1201,L1-full,192,9-11-13,3,False
S09,S09,1201,1201,L1-full,193,8-12-15,3,False
S09,S09,1201,1201,L1-full,194,8-14,2,False
S09,S09,1201,1201,L1-full,195,9-10-12,3,False
S09,S09,1201,1201,L1-full,196,0-1-10,3,False
S09,S09,1201,1201,L1-full,197,4-9-11,3,False
S09,S09,1201,1201,L1-full,198,0-5-13,3,False
S09,S09,1201,1201,L1-full,199,4-5-13,3,False
S09,S09,1201,1201,L1-full,200,4-9,2,False
S09,S09,1201,1201,L1-full,201,0-5,2,False
S09,S09,1201,1201,L1-full,202,2-3-4,3,False
S09,S09,1201,1201,L1-full,203,2-11-15,3,False
S09,S09,1201,1201,L1-full,204,4-8-15,3,False
S09,S09,1201,1201,L1-full,205,4-6,2,False
S09,S09,1201,1201,L1-full,206,0-2,2,False
S09,S09,1201,1201,L1-full,207,6-15,2,False
S09,S09,1201,1201,L1-full,208,0-12,2,False
S09,S09,1201,1201,L1-full,209,5-15,2,False
S09,S09,1201,1201,L1-full,210,1-6-12,3,False
S09,S09,1201,1201,L1-full,211,4-8-10,3,False
S09,S09,1201,1201,L1-full,212,0-3-4,3,False
S09,S09,1201,1201,L1-full,213,2-7-9,3,False
S09,S09,1201,1201,L1-full,214,2-8-13,3,False
S09,S09,1201,1201,L1-full,215,11-12-14,3,False
S09,S09,1201,1201,L1-full,216,11-12,2,False
S09,S09,1201,1201,L1-full,217,3-8-12,3,False
S09,S09,1201,1201,L1-full,218,3-10,2,False
S09,S09,1201,1201,L1-full,219,9-14-15,3,False
S09,S09,1201,1201,L1-full,220,7-12-15,3,False
S09,S09,1201,1201,L1-full,221,3-8,2,False
S09,S09,1201,1201,L1-full,222,3-13,2,False
S09,S09,1201,1201,L1-full,223,4-15,2,False
S09,S09,1201,1201,L1-full,224,2-7-11,3,False
S09,S09,1201,1201,L1-full,225,7-13-15,3,False
S09,S09,1201,1201,L1-full,226,1-11-15,3,False
S09,S09,1201,1201,L1-full,227,0-2-8,3,False
S09,S09,1201,1201,L1-full,228,0-2-15,3,False
S09,S09,1201,1201,L1-full,229,5-13-15,3,False
S09,S09,1201,1201,L1-full,230,4-10-14,3,False
S09,S09,1201,1201,L1-full,231,1-2-4,3,False
S09,S09,1201,1201,L1-full,232,0-10-14,3,False
S09,S09,1201,1201,L1-full,233,3-11-14,3,False
S09,S09,1201,1201,L1-full,234,2-10,2,False
S09,S09,1201,1201,L1-full,235,4-6-12,3,False
S09,S09,1201,1201,L1-full,236,4-9-14,3,False
S09,S09,1201,1201,L1-full,237,4-6-7,3,False
S09,S09,1201,1201,L1-full,238,6-10-14,3,False
S09,S09,1201,1201,L1-full,239,0-14,2,False
S09,S09,1201,1201,L1-full,240,0-8,2,False
S09,S09,1201,1201,L1-full,241,7-10,2,False
S09,S09,1201,1201,L1-full,242,2-5-13,3,False
S09,S09,1201,1201,L1-full,243,9-12-14,3,False
S09,S09,1201,1201,L1-full,244,10-11-14,3,False
S09,S09,1201,1201,L1-full,245,2-7,2,False
S09,S09,1201,1201,L1-full,246,3-6-13,3,False
S09,S09,1201,1201,L1-full,247,0-9-13,3,False
S09,S09,1201,1201,L1-full,248,4-13,2,False
S09,S09,1201,1201,L1-full,249,4-7-8,3,False
S09,S09,1201,1201,L1-full,250,7-13-14,3,False
S09,S09,1201,1201,L1-full,251,2-5,2,False
S09,S09,1201,1201,L1-full,252,7-15,2,False
S09,S09,1201,1201,L1-full,253,8-13-14,3,False
S09,S09,1201,1201,L1-full,254,1-9-11,3,False
S09,S09,1201,1201,L1-full,255,4-7,2,False
S09,S09,1201,1201,L1-full,256,0-12-15,3,False
S09,S09,1201,1201,L1-full,257,2-6-13,3,False
S09,S09,1201,1201,L1-full,258,6-12-15,3,False
S09,S09,1201,1201,L1-full,259,1-4-7,3,False
S09,S09,1201,1201,L1-full,260,6-7-10,3,False
S09,S09,1201,1201,L1-full,261,3-11,2,False
S09,S09,1201,1201,L1-full,262,11-14,2,False
S09,S09,1201,1201,L1-full,263,1-9,2,False
S09,S09,1201,1201,L1-full,264,7-13,2,False
S09,S09,1201,1201,L1-full,265,2-8-14,3,False
S09,S09,1201,1201,L1-full,266,11-13-14,3,False
S09,S09,1201,1201,L1-full,267,1-14,2,False
S09,S09,1201,1201,L1-full,268,1-6,2,False
S09,S09,1201,1201,L1-full,269,1-5-11,3,False
S09,S09,1201,1201,L1-full,270,3-7-14,3,False
S09,S09,1201,1201,L1-full,271,1-9-12,3,False
S09,S09,1201,1201,L1-full,272,3-6,2,False
S09,S09,1201,1201,L1-full,273,9-11-12,3,False
S09,S09,1201,1201,L1-full,274,6-7-12,3,False
S09,S09,1201,1201,L1-full,275,0-6-13,3,False
S09,S09,1201,1201,L1-full,276,5-10-15,3,False
S09,S09,1201,1201,L1-full,277,0-1-9,3,False
S09,S09,1201,1201,L1-full,278,10-11,2,False
S09,S09,1201,1201,L1-full,279,3-5-12,3,False
S09,S09,1201,1201,L1-full,280,5-10-11,3,False
S09,S09,1201,1201,L1-full,281,1-6-14,3,False
S09,S09,1201,1201,L1-full,282,4-6-15,3,False
S09,S09,1201,1201,L1-full,283,7-8-13,3,False
S09,S09,1201,1201,L1-full,284,1-4-11,3,False
S09,S09,1201,1201,L1-full,285,10-14,2,False
S09,S09,1201,1201,L1-full,286,6-13,2,False
S09,S09,1201,1201,L1-full,287,4-6-8,3,False
S09,S09,1201,1201,L1-full,288,3-4-7,3,False
S09,S09,1201,1201,L1-full,289,3-7-8,3,False
S09,S09,1201,1201,L1-full,290,0-7-9,3,False
S09,S09,1201,1201,L1-full,291,3-10-12,3,False
S09,S09,1201,1201,L1-full,292,1-13-14,3,False
S09,S09,1201,1201,L1-full,293,9-10-15,3,False
S09,S09,1201,1201,L1-full,294,0-7-15,3,False
S09,S09,1201,1201,L1-full,295,4-8,2,False
S09,S09,1201,1201,L1-full,296,4-13-15,3,False
S09,S09,1201,1201,L1-full,297,4-8-13,3,False
S09,S09,1201,1201,L1-full,298,3-4-10,3,False
S09,S09,1201,1201,L1-full,299,1-14-15,3,False
S09,S09,1201,1201,L1-full,300,2-6-14,3,False
S09,S09,1201,1201,L1-full,301,11-14-15,3,False
S09,S09,1201,1201,L1-full,302,6-7-9,3,False
S09,S09,1201,1201,L1-full,303,1-6-11,3,False
S09,S09,1201,1201,L1-full,304,0-5-8,3,False
S09,S09,1201,1201,L1-full,305,7-14-15,3,False
S09,S09,1201,1201,L1-full,306,7-9,2,False
S09,S09,1201,1201,L1-full,307,5-13,2,False
S09,S09,1201,1201,L1-full,308,6-9-15,3,False
S09,S09,1201,1201,L1-full,309,6-8-11,3,False
S09,S09,1201,1201,L1-full,310,4-5-10,3,False
S09,S09,1201,1201,L1-full,311,4-12,2,False
S09,S09,1201,1201,L1-full,312,0-7,2,False
S09,S09,1201,1201,L1-full,313,0-1-4,3,False
S09,S09,1201,1201,L1-top8,1,0-1,2,True
S09,S09,1201,1201,L1-top8,2,4-5-6,3,True
S09,S09,1201,1201,L1-top8,3,2-3,2,True
S09,S09,1201,1201,L1-top8,4,7-8-9,3,True
S09,S09,1201,1201,L1-top8,5,3-4-8,3,False
S09,S09,1201,1201,L1-top8,6,2-4-6,3,False
S09,S09,1201,1201,L1-top8,7,3-8-10,3,False
S09,S09,1201,1201,L1-top8,8,4-10-13,3,False
S09,S09,1201,1201,L1-match,1,0-1,2,True
S09,S09,1201,1201,L1-match,2,4-5-6,3,True
S09,S09,1201,1201,L1-match,3,2-3,2,True
S09,S09,1201,1201,L1-match,4,7-8-9,3,True
S09,S09,1201,1201,SHIL-k8,1,0-1,2,True
S09,S09,1201,1201,SHIL-k8,2,2-3,2,True
S09,S09,1201,1201,SHIL-k8,3,4-5-6,3,True
S09,S09,1201,1201,SHIL-k8,4,7-8-9,3,True
S09,S09,1201,1201,SHIL-k8,5,3-14-15,3,False
S09,S09,1201,1201,SHIL-k8,6,5-8,2,False
S09,S09,1201,1201,SHIL-k8,7,6-8-11,3,False
S09,S09,1201,1201,SHIL-k8,8,6-12-15,3,False
S09,S09,1201,1201,SC-L1,1,0-1,2,True
S09,S09,1201,1201,SC-L1,2,2-3,2,True
S09,S09,1201,1201,SC-L1,3,4-5-6,3,True
S09,S09,1201,1201,SC-L1,4,7-8-9,3,True
S09,S09,1201,1201,SC-SHIL,1,0-1,2,True
S09,S09,1201,1201,SC-SHIL,2,2-3,2,True
S09,S09,1201,1201,SC-SHIL,3,4-5-6,3,True
S09,S09,1201,1201,SC-SHIL,4,7-8-9,3,True
S09,S09,1213,1213,L1-full,1,0-1,2,True
S09,S09,1213,1213,L1-full,2,2-3,2,True
S09,S09,1213,1213,L1-full,3,4-5-6,3,True
S09,S09,1213,1213,L1-full,4,7-8-9,3,True
S09,S09,1213,1213,L1-full,5,6-7-11,3,False
S09,S09,1213,1213,L1-full,6,1-5-12,3,False
S09,S09,1213,1213,L1-full,7,1-7-9,3,False
S09,S09,1213,1213,L1-full,8,2-6-15,3,False
S09,S09,1213,1213,L1-full,9,0-4-10,3,False
S09,S09,1213,1213,L1-full,10,0-6-14,3,False
S09,S09,1213,1213,L1-full,11,1-2-4,3,False
S09,S09,1213,1213,L1-full,12,2-3-12,3,False
S09,S09,1213,1213,L1-full,13,10-11-13,3,False
S09,S09,1213,1213,L1-full,14,0-1-13,3,False
S09,S09,1213,1213,L1-full,15,6-7-13,3,False
S09,S09,1213,1213,L1-full,16,3-10-13,3,False
S09,S09,1213,1213,L1-full,17,7-12-15,3,False
S09,S09,1213,1213,L1-full,18,1-6-11,3,False
S09,S09,1213,1213,L1-full,19,0-5-15,3,False
S09,S09,1213,1213,L1-full,20,9-10,2,False
S09,S09,1213,1213,L1-full,21,6-11-14,3,False
S09,S09,1213,1213,L1-full,22,13-15,2,False
S09,S09,1213,1213,L1-full,23,6-10-12,3,False
S09,S09,1213,1213,L1-full,24,7-10-13,3,False
S09,S09,1213,1213,L1-full,25,0-7-8,3,False
S09,S09,1213,1213,L1-full,26,6-12-15,3,False
S09,S09,1213,1213,L1-full,27,13-14-15,3,False
S09,S09,1213,1213,L1-full,28,0-12-15,3,False
S09,S09,1213,1213,L1-full,29,0-5-6,3,False
S09,S09,1213,1213,L1-full,30,0-11-15,3,False
S09,S09,1213,1213,L1-full,31,0-1-8,3,False
S09,S09,1213,1213,L1-full,32,1-2-14,3,False
S09,S09,1213,1213,L1-full,33,3-4,2,False
S09,S09,1213,1213,L1-full,34,2-6-9,3,False
S09,S09,1213,1213,L1-full,35,3-7-15,3,False
S09,S09,1213,1213,L1-full,36,4-7-11,3,False
S09,S09,1213,1213,L1-full,37,1-4-5,3,False
S09,S09,1213,1213,L1-full,38,1-7,2,False
S09,S09,1213,1213,L1-full,39,0-2-14,3,False
S09,S09,1213,1213,L1-full,40,0-11-12,3,False
S09,S09,1213,1213,L1-full,41,3-5-8,3,False
S09,S09,1213,1213,L1-full,42,3-7-9,3,False
S09,S09,1213,1213,L1-full,43,5-10-11,3,False
S09,S09,1213,1213,L1-full,44,2-3-11,3,False
S09,S09,1213,1213,L1-full,45,5-7-14,3,False
S09,S09,1213,1213,L1-full,46,8-10-15,3,False
S09,S09,1213,1213,L1-full,47,13-14,2,False
S09,S09,1213,1213,L1-full,48,8-10-14,3,False
S09,S09,1213,1213,L1-full,49,1-7-8,3,False
S09,S09,1213,1213,L1-full,50,8-10-12,3,False
S09,S09,1213,1213,L1-full,51,4-9-11,3,False
S09,S09,1213,1213,L1-full,52,3-6,2,False
S09,S09,1213,1213,L1-full,53,1-2-8,3,False
S09,S09,1213,1213,L1-full,54,0-5-10,3,False
S09,S09,1213,1213,L1-full,55,1-11-12,3,False
S09,S09,1213,1213,L1-full,56,0-15,2,False
S09,S09,1213,1213,L1-full,57,4-11-14,3,False
S09,S09,1213,1213,L1-full,58,0-8-9,3,False
S09,S09,1213,1213,L1-full,59,11-12,2,False
S09,S09,1213,1213,L1-full,60,4-6-10,3,False
S09,S09,1213,1213,L1-full,61,7-12-14,3,False
S09,S09,1213,1213,L1-full,62,7-9-15,3,False
S09,S09,1213,1213,L1-full,63,7-14-15,3,False
S09,S09,1213,1213,L1-full,64,1-5-11,3,False
S09,S09,1213,1213,L1-full,65,5-8-10,3,False
S09,S09,1213,1213,L1-full,66,3-6-7,3,False
S09,S09,1213,1213,L1-full,67,0-6-8,3,False
S09,S09,1213,1213,L1-full,68,2-7-14,3,False
S09,S09,1213,1213,L1-full,69,8-10,2,False
S09,S09,1213,1213,L1-full,70,0-13,2,False
S09,S09,1213,1213,L1-full,71,1-5,2,False
S09,S09,1213,1213,L1-full,72,3-8-10,3,False
S09,S09,1213,1213,L1-full,73,1-3-5,3,False
S09,S09,1213,1213,L1-full,74,7-11-12,3,False
S09,S09,1213,1213,L1-full,75,0-7,2,False
S09,S09,1213,1213,L1-full,76,6-12-13,3,False
S09,S09,1213,1213,L1-full,77,8-9-15,3,False
S09,S09,1213,1213,L1-full,78,7-10,2,False
S09,S09,1213,1213,L1-full,79,5-14-15,3,False
S09,S09,1213,1213,L1-full,80,4-7-8,3,False
S09,S09,1213,1213,L1-full,81,11-12-14,3,False
S09,S09,1213,1213,L1-full,82,5-10-14,3,False
S09,S09,1213,1213,L1-full,83,1-4-8,3,False
S09,S09,1213,1213,L1-full,84,8-14,2,False
S09,S09,1213,1213,L1-full,85,2-12-13,3,False
S09,S09,1213,1213,L1-full,86,2-5-12,3,False
S09,S09,1213,1213,L1-full,87,5-9-14,3,False
S09,S09,1213,1213,L1-full,88,3-5-10,3,False
S09,S09,1213,1213,L1-full,89,10-12-13,3,False
S09,S09,1213,1213,L1-full,90,0-8-11,3,False
S09,S09,1213,1213,L1-full,91,0-3-9,3,False
S09,S09,1213,1213,L1-full,92,3-10-11,3,False
S09,S09,1213,1213,L1-full,93,0-10-12,3,False
S09,S09,1213,1213,L1-full,94,4-10-14,3,False
S09,S09,1213,1213,L1-full,95,1-12-13,3,False
S09,S09,1213,1213,L1-full,96,10-13-15,3,False
S09,S09,1213,1213,L1-full,97,3-9-13,3,False
S09,S09,1213,1213,L1-full,98,1-11-13,3,False
S09,S09,1213,1213,L1-full,99,4-11-13,3,False
S09,S09,1213,1213,L1-full,100,5-9,2,False
S09,S09,1213,1213,L1-full,101,6-8,2,False
S09,S09,1213,1213,L1-full,102,9-13,2,False
S09,S09,1213,1213,L1-full,103,5-12-15,3,False
S09,S09,1213,1213,L1-full,104,5-8-15,3,False
S09,S09,1213,1213,L1-full,105,0-3-12,3,False
S09,S09,1213,1213,L1-full,106,3-9-10,3,False
S09,S09,1213,1213,L1-full,107,2-9-10,3,False
S09,S09,1213,1213,L1-full,108,0-10,2,False
S09,S09,1213,1213,L1-full,109,2-9-14,3,False
S09,S09,1213,1213,L1-full,110,11-12-13,3,False
S09,S09,1213,1213,L1-full,111,0-7-12,3,False
S09,S09,1213,1213,L1-full,112,0-1-2,3,False
S09,S09,1213,1213,L1-full,113,2-11,2,False
S09,S09,1213,1213,L1-full,114,6-8-10,3,False
S09,S09,1213,1213,L1-full,115,2-12,2,False
S09,S09,1213,1213,L1-full,116,6-11,2,False
S09,S09,1213,1213,L1-full,117,4-7,2,False
S09,S09,1213,1213,L1-full,118,2-3-13,3,False
S09,S09,1213,1213,L1-full,119,6-11-13,3,False
S09,S09,1213,1213,L1-full,120,4-8-13,3,False
S09,S09,1213,1213,L1-full,121,2-4-15,3,False
S09,S09,1213,1213,L1-full,122,7-8-12,3,False
S09,S09,1213,1213,L1-full,123,11-14,2,False
S09,S09,1213,1213,L1-full,124,3-6-11,3,False
S09,S09,1213,1213,L1-full,125,4-5-10,3,False
S09,S09,1213,1213,L1-full,126,1-4,2,False
S09,S09,1213,1213,L1-full,127,12-13,2,False
S09,S09,1213,1213,L1-full,128,2-5-11,3,False
S09,S09,1213,1213,L1-full,129,1-4-15,3,False
S09,S09,1213,1213,L1-full,130,10-11-15,3,False
S09,S09,1213,1213,L1-full,131,10-12-14,3,False
S09,S09,1213,1213,L1-full,132,1-5-8,3,False
S09,S09,1213,1213,L1-full,133,0-12,2,False
S09,S09,1213,1213,L1-full,134,2-9,2,False
S09,S09,1213,1213,L1-full,135,3-7-14,3,False
S09,S09,1213,1213,L1-full,136,4-10-11,3,False
S09,S09,1213,1213,L1-full,137,9-12-14,3,False
S09,S09,1213,1213,L1-full,138,0-9,2,False
S09,S09,1213,1213,L1-full,139,6-7-15,3,False
S09,S09,1213,1213,L1-full,140,3-6-15,3,False
S09,S09,1213,1213,L1-full,141,1-5-7,3,False
S09,S09,1213,1213,L1-full,142,4-9-14,3,False
S09,S09,1213,1213,L1-full,143,3-5-12,3,False
S09,S09,1213,1213,L1-full,144,0-3-14,3,False
S09,S09,1213,1213,L1-full,145,2-10-14,3,False
S09,S09,1213,1213,L1-full,146,3-4-13,3,False
S09,S09,1213,1213,L1-full,147,11-15,2,False
S09,S09,1213,1213,L1-full,148,1-4-12,3,False
S09,S09,1213,1213,L1-full,149,5-8-13,3,False
S09,S09,1213,1213,L1-full,150,7-10-12,3,False
S09,S09,1213,1213,L1-full,151,0-1-15,3,False
S09,S09,1213,1213,L1-full,152,7-10-15,3,False
S09,S09,1213,1213,L1-full,153,4-12-14,3,False
S09,S09,1213,1213,L1-full,154,2-7,2,False
S09,S09,1213,1213,L1-full,155,3-4-15,3,False
S09,S09,1213,1213,L1-full,156,0-4-13,3,False
S09,S09,1213,1213,L1-full,157,4-11-15,3,False
S09,S09,1213,1213,L1-full,158,8-11-14,3,False
S09,S09,1213,1213,L1-full,159,2-3-6,3,False
S09,S09,1213,1213,L1-full,160,2-11-13,3,False
S09,S09,1213,1213,L1-full,161,3-10-14,3,False
S09,S09,1213,1213,L1-full,162,7-9,2,False
S09,S09,1213,1213,L1-full,163,4-12,2,False
S09,S09,1213,1213,L1-full,164,4-8,2,False
S09,S09,1213,1213,L1-full,165,0-3-10,3,False
S09,S09,1213,1213,L1-full,166,9-15,2,False
S09,S09,1213,1213,L1-full,167,4-6-15,3,False
S09,S09,1213,1213,L1-full,168,8-9-10,3,False
S09,S09,1213,1213,L1-full,169,4-6-12,3,False
S09,S09,1213,1213,L1-full,170,4-6-11,3,False
S09,S09,1213,1213,L1-full,171,2-4-9,3,False
S09,S09,1213,1213,L1-full,172,4-10-13,3,False
S09,S09,1213,1213,L1-full,173,5-6-15,3,False
S09,S09,1213,1213,L1-full,174,3-9-15,3,False
S09,S09,1213,1213,L1-full,175,7-13-14,3,False
S09,S09,1213,1213,L1-full,176,2-10-12,3,False
S09,S09,1213,1213,L1-full,177,2-10,2,False
S09,S09,1213,1213,L1-full,178,4-6,2,False
S09,S09,1213,1213,L1-full,179,3-9-11,3,False
S09,S09,1213,1213,L1-full,180,4-7-10,3,False
S09,S09,1213,1213,L1-full,181,5-9-12,3,False
S09,S09,1213,1213,L1-full,182,3-5-14,3,False
S09,S09,1213,1213,L1-full,183,4-9-13,3,False
S09,S09,1213,1213,L1-full,184,3-14,2,False
S09,S09,1213,1213,L1-full,185,0-8-14,3,False
S09,S09,1213,1213,L1-full,186,3-8-14,3,False
S09,S09,1213,1213,L1-full,187,3-8-13,3,False
S09,S09,1213,1213,L1-full,188,3-14-15,3,False
S09,S09,1213,1213,L1-full,189,5-11-14,3,False
S09,S09,1213,1213,L1-full,190,3-13-14,3,False
S09,S09,1213,1213,L1-full,191,0-11-13,3,False
S09,S09,1213,1213,L1-full,192,1-8-10,3,False
S09,S09,1213,1213,L1-full,193,4-10,2,False
S09,S09,1213,1213,L1-full,194,0-14,2,False
S09,S09,1213,1213,L1-full,195,4-8-11,3,False
S09,S09,1213,1213,L1-full,196,6-12-14,3,False
S09,S09,1213,1213,L1-full,197,6-9-14,3,False
S09,S09,1213,1213,L1-full,198,4-5-11,3,False
S09,S09,1213,1213,L1-full,199,4-10-12,3,False
S09,S09,1213,1213,L1-full,200,6-14-15,3,False
S09,S09,1213,1213,L1-full,201,4-5-14,3,False
S09,S09,1213,1213,L1-full,202,4-9-10,3,False
S09,S09,1213,1213,L1-full,203,3-8,2,False
S09,S09,1213,1213,L1-full,204,7-9-13,3,False
S09,S09,1213,1213,L1-full,205,9-10-11,3,False
S09,S09,1213,1213,L1-full,206,3-11-15,3,False
S09,S09,1213,1213,L1-full,207,3-15,2,False
S09,S09,1213,1213,L1-full,208,5-6-12,3,False
S09,S09,1213,1213,L1-full,209,11-13,2,False
S09,S09,1213,1213,L1-full,210,5-10-13,3,False
S09,S09,1213,1213,L1-full,211,5-8,2,False
S09,S09,1213,1213,L1-full,212,4-9,2,False
S09,S09,1213,1213,L1-full,213,11-13-15,3,False
S09,S09,1213,1213,L1-full,214,4-12-15,3,False
S09,S09,1213,1213,L1-full,215,2-9-11,3,False
S09,S09,1213,1213,L1-full,216,2-3-4,3,False
S09,S09,1213,1213,L1-full,217,1-4-13,3,False
S09,S09,1213,1213,L1-full,218,3-7-11,3,False
S09,S09,1213,1213,L1-full,219,1-8-11,3,False
S09,S09,1213,1213,L1-full,220,2-6-7,3,False
S09,S09,1213,1213,L1-full,221,4-6-7,3,False
S09,S09,1213,1213,L1-full,222,0-4,2,False
S09,S09,1213,1213,L1-full,223,2-8-10,3,False
S09,S09,1213,1213,L1-full,224,6-7-9,3,False
S09,S09,1213,1213,L1-full,225,7-12,2,False
S09,S09,1213,1213,L1-full,226,5-6-7,3,False
S09,S09,1213,1213,L1-full,227,0-3-13,3,False
S09,S09,1213,1213,L1-full,228,0-11,2,False
S09,S09,1213,1213,L1-full,229,0-7-11,3,False
S09,S09,1213,1213,L1-full,230,0-6-10,3,False
S09,S09,1213,1213,L1-full,231,2-6-10,3,False
S09,S09,1213,1213,L1-full,232,0-4-14,3,False
S09,S09,1213,1213,L1-full,233,1-5-15,3,False
S09,S09,1213,1213,L1-full,234,8-13,2,False
S09,S09,1213,1213,L1-full,235,9-11-13,3,False
S09,S09,1213,1213,L1-full,236,1-9-12,3,False
S09,S09,1213,1213,L1-full,237,3-13-15,3,False
S09,S09,1213,1213,L1-full,238,12-13-14,3,False
S09,S09,1213,1213,L1-full,239,4-7-12,3,False
S09,S09,1213,1213,L1-full,240,3-10,2,False
S09,S09,1213,1213,L1-full,241,10-14-15,3,False
S09,S09,1213,1213,L1-full,242,5-8-11,3,False
S09,S09,1213,1213,L1-full,243,6-13-15,3,False
S09,S09,1213,1213,L1-full,244,2-5-10,3,False
S09,S09,1213,1213,L1-full,245,0-7-10,3,False
S09,S09,1213,1213,L1-full,246,5-12,2,False
S09,S09,1213,1213,L1-full,247,3-4-10,3,False
S09,S09,1213,1213,L1-full,248,9-11-12,3,False
S09,S09,1213,1213,L1-full,249,6-9-13,3,False
S09,S09,1213,1213,L1-full,250,1-2-6,3,False
S09,S09,1213,1213,L1-full,251,8-15,2,False
S09,S09,1213,1213,L1-full,252,7-8-11,3,False
S09,S09,1213,1213,L1-full,253,0-4-9,3,False
S09,S09,1213,1213,L1-full,254,6-14,2,False
S09,S09,1213,1213,L1-full,255,10-13-14,3,False
S09,S09,1213,1213,L1-full,256,1-7-15,3,False
S09,S09,1213,1213,L1-full,257,0-6-11,3,False
S09,S09,1213,1213,L1-full,258,14-15,2,False
S09,S09,1213,1213,L1-full,259,3-9,2,False
S09,S09,1213,1213,L1-full,260,8-9-12,3,False
S09,S09,1213,1213,L1-full,261,6-10,2,False
S09,S09,1213,1213,L1-full,262,0-6-15,3,False
S09,S09,1213,1213,L1-full,263,6-8-15,3,False
S09,S09,1213,1213,L1-full,264,4-10-15,3,False
S09,S09,1213,1213,L1-full,265,4-9-12,3,False
S09,S09,1213,1213,L1-full,266,6-9-12,3,False
S09,S09,1213,1213,L1-full,267,1-14,2,False
S09,S09,1213,1213,L1-full,268,3-7,2,False
S09,S09,1213,1213,L1-full,269,1-13,2,False
S09,S09,1213,1213,L1-full,270,7-13-15,3,False
S09,S09,1213,1213,L1-full,271,10-11,2,False
S09,S09,1213,1213,L1-full,272,6-13-14,3,False
S09,S09,1213,1213,L1-full,273,1-3-4,3,False
S09,S09,1213,1213,L1-full,274,6-11-12,3,False
S09,S09,1213,1213,L1-full,275,2-6,2,False
S09,S09,1213,1213,L1-full,276,4-6-9,3,False
S09,S09,1213,1213,L1-full,277,1-10,2,False
S09,S09,1213,1213,L1-full,278,5-12-14,3,False
S09,S09,1213,1213,L1-full,279,4-11,2,False
S09,S09,1213,1213,L1-full,280,2-13-15,3,False
S09,S09,1213,1213,L1-full,281,4-13-14,3,False
S09,S09,1213,1213,L1-full,282,4-13-15,3,False
S09,S09,1213,1213,L1-full,283,0-4-6,3,False
S09,S09,1213,1213,L1-full,284,2-4-7,3,False
S09,S09,1213,1213,L1-full,285,3-5-11,3,False
S09,S09,1213,1213,L1-full,286,0-3-6,3,False
S09,S09,1213,1213,L1-full,287,1-6-13,3,False
S09,S09,1213,1213,L1-full,288,3-11-13,3,False
S09,S09,1213,1213,L1-full,289,7-8,2,False
S09,S09,1213,1213,L1-full,290,2-3-5,3,False
S09,S09,1213,1213,L1-full,291,2-8-15,3,False
S09,S09,1213,1213,L1-full,292,6-10-13,3,False
S09,S09,1213,1213,L1-full,293,6-7,2,False
S09,S09,1213,1213,L1-full,294,5-12-13,3,False
S09,S09,1213,1213,L1-full,295,7-12-13,3,False
S09,S09,1213,1213,L1-full,296,10-12-15,3,False
S09,S09,1213,1213,L1-full,297,4-15,2,False
S09,S09,1213,1213,L1-full,298,0-2-10,3,False
S09,S09,1213,1213,L1-full,299,2-6-13,3,False
S09,S09,1213,1213,L1-full,300,1-12-14,3,False
S09,S09,1213,1213,L1-full,301,3-4-11,3,False
S09,S09,1213,1213,L1-full,302,7-10-11,3,False
S09,S09,1213,1213,L1-full,303,5-10-15,3,False
S09,S09,1213,1213,L1-full,304,2-9-15,3,False
S09,S09,1213,1213,L1-full,305,11-12-15,3,False
S09,S09,1213,1213,L1-full,306,6-15,2,False
S09,S09,1213,1213,L1-full,307,1-3-12,3,False
S09,S09,1213,1213,L1-full,308,3-5-9,3,False
S09,S09,1213,1213,L1-full,309,0-7-9,3,False
S09,S09,1213,1213,L1-full,310,8-13-15,3,False
S09,S09,1213,1213,L1-full,311,6-9-11,3,False
S09,S09,1213,1213,L1-full,312,2-12-15,3,False
S09,S09,1213,1213,L1-full,313,4-5,2,False
S09,S09,1213,1213,L1-full,314,9-10-14,3,False
S09,S09,1213,1213,L1-full,315,3-6-9,3,False
S09,S09,1213,1213,L1-full,316,0-2-4,3,False
S09,S09,1213,1213,L1-full,317,8-11-15,3,False
S09,S09,1213,1213,L1-full,318,10-12,2,False
S09,S09,1213,1213,L1-full,319,0-11-14,3,False
S09,S09,1213,1213,L1-full,320,2-10-11,3,False
S09,S09,1213,1213,L1-full,321,9-10-12,3,False
S09,S09,1213,1213,L1-top8,1,0-1,2,True
S09,S09,1213,1213,L1-top8,2,2-3,2,True
S09,S09,1213,1213,L1-top8,3,4-5-6,3,True
S09,S09,1213,1213,L1-top8,4,7-8-9,3,True
S09,S09,1213,1213,L1-top8,5,6-7-11,3,False
S09,S09,1213,1213,L1-top8,6,1-5-12,3,False
S09,S09,1213,1213,L1-top8,7,1-7-9,3,False
S09,S09,1213,1213,L1-top8,8,2-6-15,3,False
S09,S09,1213,1213,L1-match,1,0-1,2,True
S09,S09,1213,1213,L1-match,2,2-3,2,True
S09,S09,1213,1213,L1-match,3,4-5-6,3,True
S09,S09,1213,1213,L1-match,4,7-8-9,3,True
S09,S09,1213,1213,SHIL-k8,1,0-1,2,True
S09,S09,1213,1213,SHIL-k8,2,2-3,2,True
S09,S09,1213,1213,SHIL-k8,3,7-8-9,3,True
S09,S09,1213,1213,SHIL-k8,4,4-5-6,3,True
S09,S09,1213,1213,SHIL-k8,5,5-7-10,3,False
S09,S09,1213,1213,SHIL-k8,6,4-11-13,3,False
S09,S09,1213,1213,SHIL-k8,7,2-5-13,3,False
S09,S09,1213,1213,SHIL-k8,8,0-10-12,3,False
S09,S09,1213,1213,SC-L1,1,0-1,2,True
S09,S09,1213,1213,SC-L1,2,2-3,2,True
S09,S09,1213,1213,SC-L1,3,4-5-6,3,True
S09,S09,1213,1213,SC-L1,4,7-8-9,3,True
S09,S09,1213,1213,SC-SHIL,1,0-1,2,True
S09,S09,1213,1213,SC-SHIL,2,2-3,2,True
S09,S09,1213,1213,SC-SHIL,3,4-5-6,3,True
S09,S09,1213,1213,SC-SHIL,4,7-8-9,3,True
S09,S09,1231,1231,L1-full,1,0-1,2,True
S09,S09,1231,1231,L1-full,2,4-5-6,3,True
S09,S09,1231,1231,L1-full,3,2-3,2,True
S09,S09,1231,1231,L1-full,4,7-8-9,3,True
S09,S09,1231,1231,L1-full,5,4-8-13,3,False
S09,S09,1231,1231,L1-full,6,3-7-12,3,False
S09,S09,1231,1231,L1-full,7,0-6,2,False
S09,S09,1231,1231,L1-full,8,0-6-8,3,False
S09,S09,1231,1231,L1-full,9,12-15,2,False
S09,S09,1231,1231,L1-full,10,0-4-12,3,False
S09,S09,1231,1231,L1-full,11,5-8,2,False
S09,S09,1231,1231,L1-full,12,2-7-10,3,False
S09,S09,1231,1231,L1-full,13,2-12-15,3,False
S09,S09,1231,1231,L1-full,14,1-7-10,3,False
S09,S09,1231,1231,L1-full,15,2-10-14,3,False
S09,S09,1231,1231,L1-full,16,4-8-10,3,False
S09,S09,1231,1231,L1-full,17,2-6-13,3,False
S09,S09,1231,1231,L1-full,18,0-5-8,3,False
S09,S09,1231,1231,L1-full,19,0-8-10,3,False
S09,S09,1231,1231,L1-full,20,4-14,2,False
S09,S09,1231,1231,L1-full,21,2-9-12,3,False
S09,S09,1231,1231,L1-full,22,0-12-15,3,False
S09,S09,1231,1231,L1-full,23,6-10-13,3,False
S09,S09,1231,1231,L1-full,24,2-6-8,3,False
S09,S09,1231,1231,L1-full,25,5-10,2,False
S09,S09,1231,1231,L1-full,26,1-7-14,3,False
S09,S09,1231,1231,L1-full,27,3-9,2,False
S09,S09,1231,1231,L1-full,28,5-6-8,3,False
S09,S09,1231,1231,L1-full,29,1-6-13,3,False
S09,S09,1231,1231,L1-full,30,6-7,2,False
S09,S09,1231,1231,L1-full,31,1-3,2,False
S09,S09,1231,1231,L1-full,32,6-12,2,False
S09,S09,1231,1231,L1-full,33,1-4-9,3,False
S09,S09,1231,1231,L1-full,34,0-7-9,3,False
S09,S09,1231,1231,L1-full,35,8-11-15,3,False
S09,S09,1231,1231,L1-full,36,8-10,2,False
S09,S09,1231,1231,L1-full,37,3-12-14,3,False
S09,S09,1231,1231,L1-full,38,2-12,2,False
S09,S09,1231,1231,L1-full,39,4-7-10,3,False
S09,S09,1231,1231,L1-full,40,4-5-10,3,False
S09,S09,1231,1231,L1-full,41,5-13-15,3,False
S09,S09,1231,1231,L1-full,42,9-13-14,3,False
S09,S09,1231,1231,L1-full,43,5-6-12,3,False
S09,S09,1231,1231,L1-full,44,1-4,2,False
S09,S09,1231,1231,L1-full,45,3-10-14,3,False
S09,S09,1231,1231,L1-full,46,6-10-14,3,False
S09,S09,1231,1231,L1-full,47,0-7-14,3,False
S09,S09,1231,1231,L1-full,48,0-4-13,3,False
S09,S09,1231,1231,L1-full,49,3-4-7,3,False
S09,S09,1231,1231,L1-full,50,7-13-14,3,False
S09,S09,1231,1231,L1-full,51,7-14-15,3,False
S09,S09,1231,1231,L1-full,52,0-4-8,3,False
S09,S09,1231,1231,L1-full,53,3-5-6,3,False
S09,S09,1231,1231,L1-full,54,6-7-9,3,False
S09,S09,1231,1231,L1-full,55,6-8-10,3,False
S09,S09,1231,1231,L1-full,56,6-11,2,False
S09,S09,1231,1231,L1-full,57,1-4-8,3,False
S09,S09,1231,1231,L1-full,58,5-11-14,3,False
S09,S09,1231,1231,L1-full,59,2-14,2,False
S09,S09,1231,1231,L1-full,60,1-2,2,False
S09,S09,1231,1231,L1-full,61,5-9-12,3,False
S09,S09,1231,1231,L1-full,62,3-8-9,3,False
S09,S09,1231,1231,L1-full,63,2-8-13,3,False
S09,S09,1231,1231,L1-full,64,5-10-14,3,False
S09,S09,1231,1231,L1-full,65,6-9-15,3,False
S09,S09,1231,1231,L1-full,66,7-12-15,3,False
S09,S09,1231,1231,L1-full,67,0-8-14,3,False
S09,S09,1231,1231,L1-full,68,4-14-15,3,False
S09,S09,1231,1231,L1-full,69,9-10-15,3,False
S09,S09,1231,1231,L1-full,70,2-4-10,3,False
S09,S09,1231,1231,L1-full,71,6-7-11,3,False
S09,S09,1231,1231,L1-full,72,4-9-13,3,False
S09,S09,1231,1231,L1-full,73,1-2-7,3,False
S09,S09,1231,1231,L1-full,74,5-7-14,3,False
S09,S09,1231,1231,L1-full,75,3-4-12,3,False
S09,S09,1231,1231,L1-full,76,4-6-12,3,False
S09,S09,1231,1231,L1-full,77,0-4-10,3,False
S09,S09,1231,1231,L1-full,78,7-9-10,3,False
S09,S09,1231,1231,L1-full,79,5-7-10,3,False
S09,S09,1231,1231,L1-full,80,3-11-12,3,False
S09,S09,1231,1231,L1-full,81,1-3-4,3,False
S09,S09,1231,1231,L1-full,82,0-4-11,3,False
S09,S09,1231,1231,L1-full,83,2-13-15,3,False
S09,S09,1231,1231,L1-full,84,3-4-6,3,False
S09,S09,1231,1231,L1-full,85,7-13-15,3,False
S09,S09,1231,1231,L1-full,86,6-15,2,False
S09,S09,1231,1231,L1-full,87,0-3-13,3,False
S09,S09,1231,1231,L1-full,88,4-5-13,3,False
S09,S09,1231,1231,L1-full,89,4-7-12,3,False
S09,S09,1231,1231,L1-full,90,11-12-15,3,False
S09,S09,1231,1231,L1-full,91,0-14,2,False
S09,S09,1231,1231,L1-full,92,1-8-13,3,False
S09,S09,1231,1231,L1-full,93,4-9-12,3,False
S09,S09,1231,1231,L1-full,94,5-9,2,False
S09,S09,1231,1231,L1-full,95,6-8-15,3,False
S09,S09,1231,1231,L1-full,96,0-9-12,3,False
S09,S09,1231,1231,L1-full,97,3-7-10,3,False
S09,S09,1231,1231,L1-full,98,1-5-8,3,False
S09,S09,1231,1231,L1-full,99,2-12-13,3,False
S09,S09,1231,1231,L1-full,100,6-11-13,3,False
S09,S09,1231,1231,L1-full,101,7-12,2,False
S09,S09,1231,1231,L1-full,102,2-8-14,3,False
S09,S09,1231,1231,L1-full,103,0-6-11,3,False
S09,S09,1231,1231,L1-full,104,2-10-11,3,False
S09,S09,1231,1231,L1-full,105,5-9-14,3,False
S09,S09,1231,1231,L1-full,106,0-13,2,False
S09,S09,1231,1231,L1-full,107,5-10-12,3,False
S09,S09,1231,1231,L1-full,108,8-14,2,False
S09,S09,1231,1231,L1-full,109,9-11-15,3,False
S09,S09,1231,1231,L1-full,110,8-11-13,3,False
S09,S09,1231,1231,L1-full,111,0-11-13,3,False
S09,S09,1231,1231,L1-full,112,9-10-12,3,False
S09,S09,1231,1231,L1-full,113,3-4-9,3,False
S09,S09,1231,1231,L1-full,114,1-9-15,3,False
S09,S09,1231,1231,L1-full,115,2-11-15,3,False
S09,S09,1231,1231,L1-full,116,3-6-8,3,False
S09,S09,1231,1231,L1-full,117,6-10,2,False
S09,S09,1231,1231,L1-full,118,3-8-13,3,False
S09,S09,1231,1231,L1-full,119,10-14-15,3,False
S09,S09,1231,1231,L1-full,120,3-7-11,3,False
S09,S09,1231,1231,L1-full,121,0-2-11,3,False
S09,S09,1231,1231,L1-full,122,0-3-4,3,False
S09,S09,1231,1231,L1-full,123,10-12,2,False
S09,S09,1231,1231,L1-full,124,0-9,2,False
S09,S09,1231,1231,L1-full,125,2-14-15,3,False
S09,S09,1231,1231,L1-full,126,5-6,2,False
S09,S09,1231,1231,L1-full,127,0-2-7,3,False
S09,S09,1231,1231,L1-full,128,0-2-13,3,False
S09,S09,1231,1231,L1-full,129,10-11-14,3,False
S09,S09,1231,1231,L1-full,130,7-8-13,3,False
S09,S09,1231,1231,L1-full,131,5-8-12,3,False
S09,S09,1231,1231,L1-full,132,2-5-11,3,False
S09,S09,1231,1231,L1-full,133,6-13-15,3,False
S09,S09,1231,1231,L1-full,134,5-7-12,3,False
S09,S09,1231,1231,L1-full,135,3-4-15,3,False
S09,S09,1231,1231,L1-full,136,5-6-9,3,False
S09,S09,1231,1231,L1-full,137,1-7-12,3,False
S09,S09,1231,1231,L1-full,138,2-7-9,3,False
S09,S09,1231,1231,L1-full,139,4-12-15,3,False
S09,S09,1231,1231,L1-full,140,9-14,2,False
S09,S09,1231,1231,L1-full,141,3-4-10,3,False
S09,S09,1231,1231,L1-full,142,4-6-10,3,False
S09,S09,1231,1231,L1-full,143,8-12-13,3,False
S09,S09,1231,1231,L1-full,144,6-9-12,3,False
S09,S09,1231,1231,L1-full,145,2-3-4,3,False
S09,S09,1231,1231,L1-full,146,2-5-10,3,False
S09,S09,1231,1231,L1-full,147,1-7-13,3,False
S09,S09,1231,1231,L1-full,148,1-4-12,3,False
S09,S09,1231,1231,L1-full,149,6-11-15,3,False
S09,S09,1231,1231,L1-full,150,1-9-11,3,False
S09,S09,1231,1231,L1-full,151,1-12-13,3,False
S09,S09,1231,1231,L1-full,152,0-2,2,False
S09,S09,1231,1231,L1-full,153,2-4,2,False
S09,S09,1231,1231,L1-full,154,2-4-5,3,False
S09,S09,1231,1231,L1-full,155,4-11-15,3,False
S09,S09,1231,1231,L1-full,156,1-2-10,3,False
S09,S09,1231,1231,L1-full,157,1-11,2,False
S09,S09,1231,1231,L1-full,158,8-9-11,3,False
S09,S09,1231,1231,L1-full,159,3-12-13,3,False
S09,S09,1231,1231,L1-full,160,5-8-10,3,False
S09,S09,1231,1231,L1-full,161,3-8-15,3,False
S09,S09,1231,1231,L1-full,162,8-11-14,3,False
S09,S09,1231,1231,L1-full,163,5-8-13,3,False
S09,S09,1231,1231,L1-full,164,0-10-15,3,False
S09,S09,1231,1231,L1-full,165,2-8-10,3,False
S09,S09,1231,1231,L1-full,166,3-13,2,False
S09,S09,1231,1231,L1-full,167,2-8-9,3,False
S09,S09,1231,1231,L1-full,168,1-2-8,3,False
S09,S09,1231,1231,L1-full,169,8-9,2,False
S09,S09,1231,1231,L1-full,170,9-12-15,3,False
S09,S09,1231,1231,L1-full,171,0-3-15,3,False
S09,S09,1231,1231,L1-full,172,2-3-6,3,False
S09,S09,1231,1231,L1-full,173,5-7-8,3,False
S09,S09,1231,1231,L1-full,174,0-2-4,3,False
S09,S09,1231,1231,L1-full,175,8-10-14,3,False
S09,S09,1231,1231,L1-full,176,0-8-9,3,False
S09,S09,1231,1231,L1-full,177,9-10,2,False
S09,S09,1231,1231,L1-full,178,2-5-14,3,False
S09,S09,1231,1231,L1-full,179,7-8-14,3,False
S09,S09,1231,1231,L1-full,180,4-7,2,False
S09,S09,1231,1231,L1-full,181,11-15,2,False
S09,S09,1231,1231,L1-full,182,8-10-13,3,False
S09,S09,1231,1231,L1-full,183,4-11-12,3,False
S09,S09,1231,1231,L1-full,184,2-9-14,3,False
S09,S09,1231,1231,L1-full,185,0-3-7,3,False
S09,S09,1231,1231,L1-full,186,0-3-9,3,False
S09,S09,1231,1231,L1-full,187,7-10-14,3,False
S09,S09,1231,1231,L1-full,188,7-10-13,3,False
S09,S09,1231,1231,L1-full,189,0-7-11,3,False
S09,S09,1231,1231,L1-full,190,4-6-15,3,False
S09,S09,1231,1231,L1-full,191,7-9-12,3,False
S09,S09,1231,1231,L1-full,192,0-3-8,3,False
S09,S09,1231,1231,L1-full,193,4-8-14,3,False
S09,S09,1231,1231,L1-full,194,4-12,2,False
S09,S09,1231,1231,L1-full,195,0-10-12,3,False
S09,S09,1231,1231,L1-full,196,6-9-11,3,False
S09,S09,1231,1231,L1-full,197,9-10-13,3,False
S09,S09,1231,1231,L1-full,198,1-7-8,3,False
S09,S09,1231,1231,L1-full,199,3-14,2,False
S09,S09,1231,1231,L1-full,200,1-5-9,3,False
S09,S09,1231,1231,L1-full,201,6-7-8,3,False
S09,S09,1231,1231,L1-full,202,3-6-13,3,False
S09,S09,1231,1231,L1-full,203,6-8-14,3,False
S09,S09,1231,1231,L1-full,204,3-6-11,3,False
S09,S09,1231,1231,L1-full,205,2-15,2,False
S09,S09,1231,1231,L1-full,206,8-12,2,False
S09,S09,1231,1231,L1-full,207,3-12,2,False
S09,S09,1231,1231,L1-full,208,13-15,2,False
S09,S09,1231,1231,L1-full,209,4-13-15,3,False
S09,S09,1231,1231,L1-full,210,2-4-11,3,False
S09,S09,1231,1231,L1-full,211,3-5-13,3,False
S09,S09,1231,1231,L1-full,212,0-5-9,3,False
S09,S09,1231,1231,L1-full,213,2-9-11,3,False
S09,S09,1231,1231,L1-full,214,0-6-9,3,False
S09,S09,1231,1231,L1-full,215,3-8-10,3,False
S09,S09,1231,1231,L1-full,216,2-9-10,3,False
S09,S09,1231,1231,L1-full,217,4-7-15,3,False
S09,S09,1231,1231,L1-full,218,5-11,2,False
S09,S09,1231,1231,L1-full,219,0-1-8,3,False
S09,S09,1231,1231,L1-full,220,11-12-14,3,False
S09,S09,1231,1231,L1-full,221,5-12-13,3,False
S09,S09,1231,1231,L1-full,222,6-12-14,3,False
S09,S09,1231,1231,L1-full,223,3-7-14,3,False
S09,S09,1231,1231,L1-full,224,1-3-13,3,False
S09,S09,1231,1231,L1-full,225,2-6-9,3,False
S09,S09,1231,1231,L1-full,226,7-13,2,False
S09,S09,1231,1231,L1-full,227,1-6-8,3,False
S09,S09,1231,1231,L1-full,228,1-4-10,3,False
S09,S09,1231,1231,L1-full,229,2-6-15,3,False
S09,S09,1231,1231,L1-full,230,12-14,2,False
S09,S09,1231,1231,L1-full,231,0-5-12,3,False
S09,S09,1231,1231,L1-full,232,4-10-15,3,False
S09,S09,1231,1231,L1-full,233,1-7,2,False
S09,S09,1231,1231,L1-full,234,1-11-12,3,False
S09,S09,1231,1231,L1-full,235,7-11-14,3,False
S09,S09,1231,1231,L1-full,236,0-7-8,3,False
S09,S09,1231,1231,L1-full,237,3-6-10,3,False
S09,S09,1231,1231,L1-full,238,14-15,2,False
S09,S09,1231,1231,L1-full,239,6-10-11,3,False
S09,S09,1231,1231,L1-full,240,0-3-11,3,False
S09,S09,1231,1231,L1-full,241,8-11,2,False
S09,S09,1231,1231,L1-full,242,0-5-13,3,False
S09,S09,1231,1231,L1-full,243,2-7,2,False
S09,S09,1231,1231,L1-full,244,0-11-14,3,False
S09,S09,1231,1231,L1-full,245,2-7-14,3,False
S09,S09,1231,1231,L1-full,246,9-11,2,False
S09,S09,1231,1231,L1-full,247,4-10-11,3,False
S09,S09,1231,1231,L1-full,248,4-6-11,3,False
S09,S09,1231,1231,L1-full,249,10-11-12,3,False
S09,S09,1231,1231,L1-full,250,6-7-14,3,False
S09,S09,1231,1231,L1-full,251,4-12-13,3,False
S09,S09,1231,1231,L1-full,252,2-10,2,False
S09,S09,1231,1231,L1-full,253,4-13,2,False
S09,S09,1231,1231,L1-full,254,3-8-14,3,False
S09,S09,1231,1231,L1-full,255,3-5-12,3,False
S09,S09,1231,1231,L1-full,256,2-6,2,False
S09,S09,1231,1231,L1-full,257,4-9-15,3,False
S09,S09,1231,1231,L1-full,258,0-2-8,3,False
S09,S09,1231,1231,L1-full,259,5-8-14,3,False
S09,S09,1231,1231,L1-full,260,2-5-13,3,False
S09,S09,1231,1231,L1-full,261,9-10-11,3,False
S09,S09,1231,1231,L1-full,262,1-5,2,False
S09,S09,1231,1231,L1-full,263,5-7-11,3,False
S09,S09,1231,1231,L1-full,264,4-11-13,3,False
S09,S09,1231,1231,L1-full,265,0-11-15,3,False
S09,S09,1231,1231,L1-full,266,7-8-10,3,False
S09,S09,1231,1231,L1-full,267,7-10-15,3,False
S09,S09,1231,1231,L1-full,268,7-11-13,3,False
S09,S09,1231,1231,L1-full,269,0-8-15,3,False
S09,S09,1231,1231,L1-full,270,12-13,2,False
S09,S09,1231,1231,L1-full,271,0-4-15,3,False
S09,S09,1231,1231,L1-full,272,5-14-15,3,False
S09,S09,1231,1231,L1-full,273,4-6,2,False
S09,S09,1231,1231,L1-full,274,1-8-10,3,False
S09,S09,1231,1231,L1-full,275,3-11,2,False
S09,S09,1231,1231,L1-full,276,6-10-15,3,False
S09,S09,1231,1231,L1-full,277,9-12,2,False
S09,S09,1231,1231,L1-full,278,3-6-14,3,False
S09,S09,1231,1231,L1-full,279,2-7-13,3,False
S09,S09,1231,1231,L1-full,280,1-7-9,3,False
S09,S09,1231,1231,L1-full,281,0-1-7,3,False
S09,S09,1231,1231,L1-full,282,1-3-9,3,False
S09,S09,1231,1231,L1-full,283,5-12,2,False
S09,S09,1231,1231,L1-full,284,10-13-15,3,False
S09,S09,1231,1231,L1-full,285,5-13-14,3,False
S09,S09,1231,1231,L1-full,286,0-13-15,3,False
S09,S09,1231,1231,L1-full,287,3-5-7,3,False
S09,S09,1231,1231,L1-full,288,0-7-12,3,False
S09,S09,1231,1231,L1-top8,1,0-1,2,True
S09,S09,1231,1231,L1-top8,2,4-5-6,3,True
S09,S09,1231,1231,L1-top8,3,2-3,2,True
S09,S09,1231,1231,L1-top8,4,7-8-9,3,True
S09,S09,1231,1231,L1-top8,5,4-8-13,3,False
S09,S09,1231,1231,L1-top8,6,3-7-12,3,False
S09,S09,1231,1231,L1-top8,7,0-6,2,False
S09,S09,1231,1231,L1-top8,8,0-6-8,3,False
S09,S09,1231,1231,L1-match,1,0-1,2,True
S09,S09,1231,1231,L1-match,2,4-5-6,3,True
S09,S09,1231,1231,L1-match,3,2-3,2,True
S09,S09,1231,1231,L1-match,4,7-8-9,3,True
S09,S09,1231,1231,SHIL-k8,1,0-1,2,True
S09,S09,1231,1231,SHIL-k8,2,2-3,2,True
S09,S09,1231,1231,SHIL-k8,3,4-5-6,3,True
S09,S09,1231,1231,SHIL-k8,4,7-8-9,3,True
S09,S09,1231,1231,SHIL-k8,5,1-9-15,3,False
S09,S09,1231,1231,SHIL-k8,6,6-13-15,3,False
S09,S09,1231,1231,SHIL-k8,7,0-4-12,3,False
S09,S09,1231,1231,SHIL-k8,8,1-5,2,False
S09,S09,1231,1231,SC-L1,1,0-1,2,True
S09,S09,1231,1231,SC-L1,2,2-3,2,True
S09,S09,1231,1231,SC-L1,3,4-5-6,3,True
S09,S09,1231,1231,SC-L1,4,7-8-9,3,True
S09,S09,1231,1231,SC-SHIL,1,0-1,2,True
S09,S09,1231,1231,SC-SHIL,2,2-3,2,True
S09,S09,1231,1231,SC-SHIL,3,4-5-6,3,True
S09,S09,1231,1231,SC-SHIL,4,7-8-9,3,True
S09,S09,1249,1249,L1-full,1,0-1,2,True
S09,S09,1249,1249,L1-full,2,2-3,2,True
S09,S09,1249,1249,L1-full,3,4-5-6,3,True
S09,S09,1249,1249,L1-full,4,7-8-9,3,True
S09,S09,1249,1249,L1-full,5,2-8,2,False
S09,S09,1249,1249,L1-full,6,4-9-13,3,False
S09,S09,1249,1249,L1-full,7,9-10-11,3,False
S09,S09,1249,1249,L1-full,8,9-10-12,3,False
S09,S09,1249,1249,L1-full,9,12-13-14,3,False
S09,S09,1249,1249,L1-full,10,0-4-11,3,False
S09,S09,1249,1249,L1-full,11,3-4-6,3,False
S09,S09,1249,1249,L1-full,12,0-7-9,3,False
S09,S09,1249,1249,L1-full,13,8-9-13,3,False
S09,S09,1249,1249,L1-full,14,1-9-11,3,False
S09,S09,1249,1249,L1-full,15,0-8,2,False
S09,S09,1249,1249,L1-full,16,5-11-13,3,False
S09,S09,1249,1249,L1-full,17,4-5,2,False
S09,S09,1249,1249,L1-full,18,0-6-15,3,False
S09,S09,1249,1249,L1-full,19,6-13,2,False
S09,S09,1249,1249,L1-full,20,4-15,2,False
S09,S09,1249,1249,L1-full,21,0-3-7,3,False
S09,S09,1249,1249,L1-full,22,4-5-11,3,False
S09,S09,1249,1249,L1-full,23,9-12-14,3,False
S09,S09,1249,1249,L1-full,24,3-8-14,3,False
S09,S09,1249,1249,L1-full,25,3-6-15,3,False
S09,S09,1249,1249,L1-full,26,7-9-12,3,False
S09,S09,1249,1249,L1-full,27,7-10-13,3,False
S09,S09,1249,1249,L1-full,28,9-11-14,3,False
S09,S09,1249,1249,L1-full,29,0-1-8,3,False
S09,S09,1249,1249,L1-full,30,1-8-13,3,False
S09,S09,1249,1249,L1-full,31,0-7-13,3,False
S09,S09,1249,1249,L1-full,32,3-10,2,False
S09,S09,1249,1249,L1-full,33,3-4-10,3,False
S09,S09,1249,1249,L1-full,34,6-7-10,3,False
S09,S09,1249,1249,L1-full,35,6-10-11,3,False
S09,S09,1249,1249,L1-full,36,7-10-12,3,False
S09,S09,1249,1249,L1-full,37,1-7-8,3,False
S09,S09,1249,1249,L1-full,38,3-10-14,3,False
S09,S09,1249,1249,L1-full,39,1-2-4,3,False
S09,S09,1249,1249,L1-full,40,5-9-10,3,False
S09,S09,1249,1249,L1-full,41,0-6-11,3,False
S09,S09,1249,1249,L1-full,42,1-3-15,3,False
S09,S09,1249,1249,L1-full,43,4-13,2,False
S09,S09,1249,1249,L1-full,44,2-7-12,3,False
S09,S09,1249,1249,L1-full,45,2-12,2,False
S09,S09,1249,1249,L1-full,46,4-14-15,3,False
S09,S09,1249,1249,L1-full,47,5-8-15,3,False
S09,S09,1249,1249,L1-full,48,1-7-13,3,False
S09,S09,1249,1249,L1-full,49,0-5-6,3,False
S09,S09,1249,1249,L1-full,50,4-7-13,3,False
S09,S09,1249,1249,L1-full,51,0-10-13,3,False
S09,S09,1249,1249,L1-full,52,3-4-13,3,False
S09,S09,1249,1249,L1-full,53,6-13-14,3,False
S09,S09,1249,1249,L1-full,54,6-9,2,False
S09,S09,1249,1249,L1-full,55,3-4-7,3,False
S09,S09,1249,1249,L1-full,56,1-11,2,False
S09,S09,1249,1249,L1-full,57,1-2-5,3,False
S09,S09,1249,1249,L1-full,58,0-9-10,3,False
S09,S09,1249,1249,L1-full,59,4-8-13,3,False
S09,S09,1249,1249,L1-full,60,0-9-11,3,False
S09,S09,1249,1249,L1-full,61,4-5-9,3,False
S09,S09,1249,1249,L1-full,62,1-3-10,3,False
S09,S09,1249,1249,L1-full,63,6-11,2,False
S09,S09,1249,1249,L1-full,64,0-1-2,3,False
S09,S09,1249,1249,L1-full,65,0-4-5,3,False
S09,S09,1249,1249,L1-full,66,0-8-15,3,False
S09,S09,1249,1249,L1-full,67,1-2-12,3,False
S09,S09,1249,1249,L1-full,68,7-11,2,False
S09,S09,1249,1249,L1-full,69,0-3-6,3,False
S09,S09,1249,1249,L1-full,70,1-11-14,3,False
S09,S09,1249,1249,L1-full,71,1-3,2,False
S09,S09,1249,1249,L1-full,72,6-11-15,3,False
S09,S09,1249,1249,L1-full,73,1-10,2,False
S09,S09,1249,1249,L1-full,74,10-12-14,3,False
S09,S09,1249,1249,L1-full,75,2-9-13,3,False
S09,S09,1249,1249,L1-full,76,0-6,2,False
S09,S09,1249,1249,L1-full,77,1-3-6,3,False
S09,S09,1249,1249,L1-full,78,5-8-12,3,False
S09,S09,1249,1249,L1-full,79,0-2-8,3,False
S09,S09,1249,1249,L1-full,80,2-5-13,3,False
S09,S09,1249,1249,L1-full,81,5-10-15,3,False
S09,S09,1249,1249,L1-full,82,2-5-8,3,False
S09,S09,1249,1249,L1-full,83,1-10-12,3,False
S09,S09,1249,1249,L1-full,84,4-10-15,3,False
S09,S09,1249,1249,L1-full,85,2-14-15,3,False
S09,S09,1249,1249,L1-full,86,6-7-11,3,False
S09,S09,1249,1249,L1-full,87,7-15,2,False
S09,S09,1249,1249,L1-full,88,4-5-8,3,False
S09,S09,1249,1249,L1-full,89,2-10-15,3,False
S09,S09,1249,1249,L1-full,90,1-5-8,3,False
S09,S09,1249,1249,L1-full,91,0-7-11,3,False
S09,S09,1249,1249,L1-full,92,3-12-14,3,False
S09,S09,1249,1249,L1-full,93,2-14,2,False
S09,S09,1249,1249,L1-full,94,2-5-12,3,False
S09,S09,1249,1249,L1-full,95,2-13-14,3,False
S09,S09,1249,1249,L1-full,96,7-11-13,3,False
S09,S09,1249,1249,L1-full,97,0-2,2,False
S09,S09,1249,1249,L1-full,98,11-12-15,3,False
S09,S09,1249,1249,L1-full,99,5-11-14,3,False
S09,S09,1249,1249,L1-full,100,7-12-15,3,False
S09,S09,1249,1249,L1-full,101,5-10-14,3,False
S09,S09,1249,1249,L1-full,102,5-9-15,3,False
S09,S09,1249,1249,L1-full,103,0-4,2,False
S09,S09,1249,1249,L1-full,104,5-8-14,3,False
S09,S09,1249,1249,L1-full,105,2-5-15,3,False
S09,S09,1249,1249,L1-full,106,0-9,2,False
S09,S09,1249,1249,L1-full,107,7-11-14,3,False
S09,S09,1249,1249,L1-full,108,2-6-7,3,False
S09,S09,1249,1249,L1-full,109,1-4-13,3,False
S09,S09,1249,1249,L1-full,110,1-3-7,3,False
S09,S09,1249,1249,L1-full,111,0-12-14,3,False
S09,S09,1249,1249,L1-full,112,2-6-8,3,False
S09,S09,1249,1249,L1-full,113,6-9-13,3,False
S09,S09,1249,1249,L1-full,114,8-10-15,3,False
S09,S09,1249,1249,L1-full,115,8-13-14,3,False
S09,S09,1249,1249,L1-full,116,2-6-12,3,False
S09,S09,1249,1249,L1-full,117,4-12-13,3,False
S09,S09,1249,1249,L1-full,118,10-15,2,False
S09,S09,1249,1249,L1-full,119,5-12-13,3,False
S09,S09,1249,1249,L1-full,120,10-11-15,3,False
S09,S09,1249,1249,L1-full,121,5-9-13,3,False
S09,S09,1249,1249,L1-full,122,1-2-11,3,False
S09,S09,1249,1249,L1-full,123,4-6,2,False
S09,S09,1249,1249,L1-full,124,4-12-15,3,False
S09,S09,1249,1249,L1-full,125,7-10,2,False
S09,S09,1249,1249,L1-full,126,11-13-14,3,False
S09,S09,1249,1249,L1-full,127,4-11,2,False
S09,S09,1249,1249,L1-full,128,0-2-7,3,False
S09,S09,1249,1249,L1-full,129,4-8-10,3,False
S09,S09,1249,1249,L1-full,130,4-10-13,3,False
S09,S09,1249,1249,L1-full,131,0-3-14,3,False
S09,S09,1249,1249,L1-full,132,12-13-15,3,False
S09,S09,1249,1249,L1-full,133,5-13-14,3,False
S09,S09,1249,1249,L1-full,134,1-6-8,3,False
S09,S09,1249,1249,L1-full,135,2-5-9,3,False
S09,S09,1249,1249,L1-full,136,2-3-11,3,False
S09,S09,1249,1249,L1-full,137,7-12,2,False
S09,S09,1249,1249,L1-full,138,3-9-14,3,False
S09,S09,1249,1249,L1-full,139,7-11-12,3,False
S09,S09,1249,1249,L1-full,140,9-10-15,3,False
S09,S09,1249,1249,L1-full,141,3-6-11,3,False
S09,S09,1249,1249,L1-full,142,8-11,2,False
S09,S09,1249,1249,L1-full,143,0-6-8,3,False
S09,S09,1249,1249,L1-full,144,3-4-8,3,False
S09,S09,1249,1249,L1-full,145,0-5-8,3,False
S09,S09,1249,1249,L1-full,146,3-8-15,3,False
S09,S09,1249,1249,L1-full,147,4-9-15,3,False
S09,S09,1249,1249,L1-full,148,1-4-12,3,False
S09,S09,1249,1249,L1-full,149,8-13,2,False
S09,S09,1249,1249,L1-full,150,6-14-15,3,False
S09,S09,1249,1249,L1-full,151,0-2-14,3,False
S09,S09,1249,1249,L1-full,152,0-3-10,3,False
S09,S09,1249,1249,L1-full,153,6-8-13,3,False
S09,S09,1249,1249,L1-full,154,0-5,2,False
S09,S09,1249,1249,L1-full,155,0-12,2,False
S09,S09,1249,1249,L1-full,156,6-12,2,False
S09,S09,1249,1249,L1-full,157,2-13,2,False
S09,S09,1249,1249,L1-full,158,10-11,2,False
S09,S09,1249,1249,L1-full,159,1-6-13,3,False
S09,S09,1249,1249,L1-full,160,1-3-13,3,False
S09,S09,1249,1249,L1-full,161,5-6-12,3,False
S09,S09,1249,1249,L1-full,162,7-12-13,3,False
S09,S09,1249,1249,L1-full,163,2-9-12,3,False
S09,S09,1249,1249,L1-full,164,5-7-12,3,False
S09,S09,1249,1249,L1-full,165,0-3-4,3,False
S09,S09,1249,1249,L1-full,166,2-6,2,False
S09,S09,1249,1249,L1-full,167,3-12-15,3,False
S09,S09,1249,1249,L1-full,168,0-2-5,3,False
S09,S09,1249,1249,L1-full,169,4-10-14,3,False
S09,S09,1249,1249,L1-full,170,0-12-15,3,False
S09,S09,1249,1249,L1-full,171,5-13-15,3,False
S09,S09,1249,1249,L1-full,172,2-11-13,3,False
S09,S09,1249,1249,L1-full,173,3-4-9,3,False
S09,S09,1249,1249,L1-full,174,6-10-14,3,False
S09,S09,1249,1249,L1-full,175,10-12,2,False
S09,S09,1249,1249,L1-full,176,2-10-13,3,False
S09,S09,1249,1249,L1-full,177,11-14,2,False
S09,S09,1249,1249,L1-full,178,2-10-12,3,False
S09,S09,1249,1249,L1-full,179,9-12-13,3,False
S09,S09,1249,1249,L1-full,180,0-3-8,3,False
S09,S09,1249,1249,L1-full,181,9-10,2,False
S09,S09,1249,1249,L1-full,182,1-7-12,3,False
S09,S09,1249,1249,L1-full,183,1-5-11,3,False
S09,S09,1249,1249,L1-full,184,3-4-11,3,False
S09,S09,1249,1249,L1-full,185,1-12-15,3,False
S09,S09,1249,1249,L1-full,186,4-11-14,3,False
S09,S09,1249,1249,L1-full,187,2-5-14,3,False
S09,S09,1249,1249,L1-full,188,5-8-9,3,False
S09,S09,1249,1249,L1-full,189,8-11-12,3,False
S09,S09,1249,1249,L1-full,190,3-8,2,False
S09,S09,1249,1249,L1-full,191,2-6-15,3,False
S09,S09,1249,1249,L1-full,192,1-3-4,3,False
S09,S09,1249,1249,L1-full,193,1-15,2,False
S09,S09,1249,1249,L1-full,194,3-5-14,3,False
S09,S09,1249,1249,L1-full,195,5-7,2,False
S09,S09,1249,1249,L1-full,196,7-9,2,False
S09,S09,1249,1249,L1-full,197,1-5-9,3,False
S09,S09,1249,1249,L1-full,198,5-6,2,False
S09,S09,1249,1249,L1-full,199,3-6-12,3,False
S09,S09,1249,1249,L1-full,200,1-9-13,3,False
S09,S09,1249,1249,L1-full,201,10-11-13,3,False
S09,S09,1249,1249,L1-full,202,13-14,2,False
S09,S09,1249,1249,L1-full,203,6-8-14,3,False
S09,S09,1249,1249,L1-full,204,6-8-9,3,False
S09,S09,1249,1249,L1-full,205,8-12,2,False
S09,S09,1249,1249,L1-full,206,4-7-9,3,False
S09,S09,1249,1249,L1-full,207,1-7,2,False
S09,S09,1249,1249,L1-full,208,0-12-13,3,False
S09,S09,1249,1249,L1-full,209,1-2-8,3,False
S09,S09,1249,1249,L1-full,210,5-7-14,3,False
S09,S09,1249,1249,L1-full,211,5-7-13,3,False
S09,S09,1249,1249,L1-full,212,7-8-15,3,False
S09,S09,1249,1249,L1-full,213,5-10-13,3,False
S09,S09,1249,1249,L1-full,214,1-12-14,3,False
S09,S09,1249,1249,L1-full,215,6-11-13,3,False
S09,S09,1249,1249,L1-full,216,1-5-6,3,False
S09,S09,1249,1249,L1-full,217,9-10-13,3,False
S09,S09,1249,1249,L1-full,218,3-11-14,3,False
S09,S09,1249,1249,L1-full,219,4-8-15,3,False
S09,S09,1249,1249,L1-full,220,6-9-12,3,False
S09,S09,1249,1249,L1-full,221,0-9-14,3,False
S09,S09,1249,1249,L1-full,222,4-11-12,3,False
S09,S09,1249,1249,L1-full,223,1-2,2,False
S09,S09,1249,1249,L1-full,224,5-10-11,3,False
S09,S09,1249,1249,L1-full,225,5-13,2,False
S09,S09,1249,1249,L1-full,226,3-13-14,3,False
S09,S09,1249,1249,L1-full,227,7-10-15,3,False
S09,S09,1249,1249,L1-full,228,0-3-5,3,False
S09,S09,1249,1249,L1-full,229,8-9-15,3,False
S09,S09,1249,1249,L1-full,230,1-2-15,3,False
S09,S09,1249,1249,L1-full,231,0-10-11,3,False
S09,S09,1249,1249,L1-full,232,5-10,2,False
S09,S09,1249,1249,L1-full,233,3-5-7,3,False
S09,S09,1249,1249,L1-full,234,3-10-13,3,False
S09,S09,1249,1249,L1-full,235,5-9,2,False
S09,S09,1249,1249,L1-full,236,4-10,2,False
S09,S09,1249,1249,L1-full,237,1-4-9,3,False
S09,S09,1249,1249,L1-full,238,10-11-14,3,False
S09,S09,1249,1249,L1-full,239,2-4-15,3,False
S09,S09,1249,1249,L1-full,240,0-6-9,3,False
S09,S09,1249,1249,L1-full,241,1-4-8,3,False
S09,S09,1249,1249,L1-full,242,1-8,2,False
S09,S09,1249,1249,L1-full,243,6-7-9,3,False
S09,S09,1249,1249,L1-full,244,4-10-12,3,False
S09,S09,1249,1249,L1-full,245,3-6-7,3,False
S09,S09,1249,1249,L1-full,246,6-7,2,False
S09,S09,1249,1249,L1-full,247,0-7-10,3,False
S09,S09,1249,1249,L1-full,248,1-12-13,3,False
S09,S09,1249,1249,L1-full,249,4-8,2,False
S09,S09,1249,1249,L1-full,250,2-9-10,3,False
S09,S09,1249,1249,L1-full,251,3-8-9,3,False
S09,S09,1249,1249,L1-full,252,9-14,2,False
S09,S09,1249,1249,L1-full,253,0-11-14,3,False
S09,S09,1249,1249,L1-full,254,10-14,2,False
S09,S09,1249,1249,L1-full,255,6-10,2,False
S09,S09,1249,1249,L1-full,256,14-15,2,False
S09,S09,1249,1249,L1-full,257,7-13,2,False
S09,S09,1249,1249,L1-full,258,0-11,2,False
S09,S09,1249,1249,L1-full,259,3-6-10,3,False
S09,S09,1249,1249,L1-full,260,13-14-15,3,False
S09,S09,1249,1249,L1-full,261,5-6-7,3,False
S09,S09,1249,1249,L1-full,262,6-12-13,3,False
S09,S09,1249,1249,L1-full,263,1-5,2,False
S09,S09,1249,1249,L1-full,264,4-6-7,3,False
S09,S09,1249,1249,L1-full,265,1-14-15,3,False
S09,S09,1249,1249,L1-full,266,1-11-15,3,False
S09,S09,1249,1249,L1-full,267,3-12,2,False
S09,S09,1249,1249,L1-full,268,2-9,2,False
S09,S09,1249,1249,L1-full,269,4-13-15,3,False
S09,S09,1249,1249,L1-full,270,0-10-12,3,False
S09,S09,1249,1249,L1-full,271,0-14-15,3,False
S09,S09,1249,1249,L1-full,272,3-4-5,3,False
S09,S09,1249,1249,L1-full,273,5-11-15,3,False
S09,S09,1249,1249,L1-full,274,7-10-11,3,False
S09,S09,1249,1249,L1-full,275,0-4-7,3,False
S09,S09,1249,1249,L1-full,276,6-9-11,3,False
S09,S09,1249,1249,L1-full,277,3-5-10,3,False
S09,S09,1249,1249,L1-full,278,3-5-6,3,False
S09,S09,1249,1249,L1-full,279,0-4-10,3,False
S09,S09,1249,1249,L1-full,280,4-7-14,3,False
S09,S09,1249,1249,L1-full,281,6-11-12,3,False
S09,S09,1249,1249,L1-full,282,4-7-10,3,False
S09,S09,1249,1249,L1-full,283,1-6-10,3,False
S09,S09,1249,1249,L1-full,284,3-6-13,3,False
S09,S09,1249,1249,L1-full,285,4-6-13,3,False
S09,S09,1249,1249,L1-full,286,1-8-9,3,False
S09,S09,1249,1249,L1-full,287,2-3-15,3,False
S09,S09,1249,1249,L1-full,288,13-15,2,False
S09,S09,1249,1249,L1-full,289,4-12,2,False
S09,S09,1249,1249,L1-full,290,4-6-15,3,False
S09,S09,1249,1249,L1-full,291,0-5-13,3,False
S09,S09,1249,1249,L1-top8,1,0-1,2,True
S09,S09,1249,1249,L1-top8,2,2-3,2,True
S09,S09,1249,1249,L1-top8,3,4-5-6,3,True
S09,S09,1249,1249,L1-top8,4,7-8-9,3,True
S09,S09,1249,1249,L1-top8,5,2-8,2,False
S09,S09,1249,1249,L1-top8,6,4-9-13,3,False
S09,S09,1249,1249,L1-top8,7,9-10-11,3,False
S09,S09,1249,1249,L1-top8,8,9-10-12,3,False
S09,S09,1249,1249,L1-match,1,0-1,2,True
S09,S09,1249,1249,L1-match,2,2-3,2,True
S09,S09,1249,1249,L1-match,3,4-5-6,3,True
S09,S09,1249,1249,L1-match,4,7-8-9,3,True
S09,S09,1249,1249,SHIL-k8,1,0-1,2,True
S09,S09,1249,1249,SHIL-k8,2,2-3,2,True
S09,S09,1249,1249,SHIL-k8,3,4-5-6,3,True
S09,S09,1249,1249,SHIL-k8,4,7-8-9,3,True
S09,S09,1249,1249,SHIL-k8,5,9-10-12,3,False
S09,S09,1249,1249,SHIL-k8,6,3-4-10,3,False
S09,S09,1249,1249,SHIL-k8,7,2-7-13,3,False
S09,S09,1249,1249,SHIL-k8,8,0-1-3,3,False
S09,S09,1249,1249,SC-L1,1,0-1,2,True
S09,S09,1249,1249,SC-L1,2,2-3,2,True
S09,S09,1249,1249,SC-L1,3,4-5-6,3,True
S09,S09,1249,1249,SC-L1,4,7-8-9,3,True
S09,S09,1249,1249,SC-SHIL,1,0-1,2,True
S09,S09,1249,1249,SC-SHIL,2,2-3,2,True
S09,S09,1249,1249,SC-SHIL,3,4-5-6,3,True
S09,S09,1249,1249,SC-SHIL,4,7-8-9,3,True
S09,S09,1277,1277,L1-full,1,0-1,2,True
S09,S09,1277,1277,L1-full,2,4-5-6,3,True
S09,S09,1277,1277,L1-full,3,2-3,2,True
S09,S09,1277,1277,L1-full,4,7-8-9,3,True
S09,S09,1277,1277,L1-full,5,5-6-15,3,False
S09,S09,1277,1277,L1-full,6,1-7-11,3,False
S09,S09,1277,1277,L1-full,7,11-13-14,3,False
S09,S09,1277,1277,L1-full,8,8-12,2,False
S09,S09,1277,1277,L1-full,9,2-4-14,3,False
S09,S09,1277,1277,L1-full,10,3-4-13,3,False
S09,S09,1277,1277,L1-full,11,5-11-15,3,False
S09,S09,1277,1277,L1-full,12,1-2-12,3,False
S09,S09,1277,1277,L1-full,13,6-8-13,3,False
S09,S09,1277,1277,L1-full,14,1-7-15,3,False
S09,S09,1277,1277,L1-full,15,9-11-13,3,False
S09,S09,1277,1277,L1-full,16,13-15,2,False
S09,S09,1277,1277,L1-full,17,1-11-15,3,False
S09,S09,1277,1277,L1-full,18,6-9-12,3,False
S09,S09,1277,1277,L1-full,19,4-10-14,3,False
S09,S09,1277,1277,L1-full,20,11-14-15,3,False
S09,S09,1277,1277,L1-full,21,2-5-11,3,False
S09,S09,1277,1277,L1-full,22,9-12-13,3,False
S09,S09,1277,1277,L1-full,23,2-5-14,3,False
S09,S09,1277,1277,L1-full,24,5-7-13,3,False
S09,S09,1277,1277,L1-full,25,12-14,2,False
S09,S09,1277,1277,L1-full,26,7-11-15,3,False
S09,S09,1277,1277,L1-full,27,9-14-15,3,False
S09,S09,1277,1277,L1-full,28,3-7-14,3,False
S09,S09,1277,1277,L1-full,29,3-6-11,3,False
S09,S09,1277,1277,L1-full,30,10-12-13,3,False
S09,S09,1277,1277,L1-full,31,1-11-13,3,False
S09,S09,1277,1277,L1-full,32,7-12-15,3,False
S09,S09,1277,1277,L1-full,33,4-11-12,3,False
S09,S09,1277,1277,L1-full,34,0-8-11,3,False
S09,S09,1277,1277,L1-full,35,0-3-5,3,False
S09,S09,1277,1277,L1-full,36,1-7-10,3,False
S09,S09,1277,1277,L1-full,37,2-14-15,3,False
S09,S09,1277,1277,L1-full,38,4-14-15,3,False
S09,S09,1277,1277,L1-full,39,1-10-12,3,False
S09,S09,1277,1277,L1-full,40,4-11,2,False
S09,S09,1277,1277,L1-full,41,4-9-11,3,False
S09,S09,1277,1277,L1-full,42,10-13,2,False
S09,S09,1277,1277,L1-top8,1,0-1,2,True
S09,S09,1277,1277,L1-top8,2,4-5-6,3,True
S09,S09,1277,1277,L1-top8,3,2-3,2,True
S09,S09,1277,1277,L1-top8,4,7-8-9,3,True
S09,S09,1277,1277,L1-top8,5,5-6-15,3,False
S09,S09,1277,1277,L1-top8,6,1-7-11,3,False
S09,S09,1277,1277,L1-top8,7,11-13-14,3,False
S09,S09,1277,1277,L1-top8,8,8-12,2,False
S09,S09,1277,1277,L1-match,1,0-1,2,True
S09,S09,1277,1277,L1-match,2,4-5-6,3,True
S09,S09,1277,1277,L1-match,3,2-3,2,True
S09,S09,1277,1277,L1-match,4,7-8-9,3,True
S09,S09,1277,1277,SHIL-k8,1,0-1,2,True
S09,S09,1277,1277,SHIL-k8,2,2-3,2,True
S09,S09,1277,1277,SHIL-k8,3,4-5-6,3,True
S09,S09,1277,1277,SHIL-k8,4,7-8-9,3,True
S09,S09,1277,1277,SHIL-k8,5,2-5-11,3,False
S09,S09,1277,1277,SHIL-k8,6,6-12-14,3,False
S09,S09,1277,1277,SHIL-k8,7,5-8-13,3,False
S09,S09,1277,1277,SHIL-k8,8,4-14,2,False
S09,S09,1277,1277,SC-L1,1,0-1,2,True
S09,S09,1277,1277,SC-L1,2,2-3,2,True
S09,S09,1277,1277,SC-L1,3,4-5-6,3,True
S09,S09,1277,1277,SC-L1,4,7-8-9,3,True
S09,S09,1277,1277,SC-SHIL,1,0-1,2,True
S09,S09,1277,1277,SC-SHIL,2,2-3,2,True
S09,S09,1277,1277,SC-SHIL,3,4-5-6,3,True
S09,S09,1277,1277,SC-SHIL,4,7-8-9,3,True
S10,S10,1103,1103,L1-full,1,0-1,2,True
S10,S10,1103,1103,L1-full,2,2-3,2,True
S10,S10,1103,1103,L1-full,3,8-9-10,3,True
S10,S10,1103,1103,L1-full,4,4-5,2,True
S10,S10,1103,1103,L1-full,5,11-12-13,3,True
S10,S10,1103,1103,L1-full,6,6-7,2,True
S10,S10,1103,1103,L1-full,7,14-15-16,3,True
S10,S10,1103,1103,L1-full,8,17-18-19,3,True
S10,S10,1103,1103,L1-full,9,10-19-23,3,False
S10,S10,1103,1103,L1-full,10,1-4-8,3,False
S10,S10,1103,1103,L1-full,11,1-3-19,3,False
S10,S10,1103,1103,L1-full,12,1-20,2,False
S10,S10,1103,1103,L1-full,13,17-21,2,False
S10,S10,1103,1103,L1-full,14,1-15-17,3,False
S10,S10,1103,1103,L1-full,15,14-15-17,3,False
S10,S10,1103,1103,L1-full,16,7-9-14,3,False
S10,S10,1103,1103,L1-full,17,4-11-20,3,False
S10,S10,1103,1103,L1-full,18,7-9-10,3,False
S10,S10,1103,1103,L1-full,19,2-3-14,3,False
S10,S10,1103,1103,L1-full,20,6-12-17,3,False
S10,S10,1103,1103,L1-full,21,1-20-23,3,False
S10,S10,1103,1103,L1-full,22,0-1-20,3,False
S10,S10,1103,1103,L1-full,23,1-10,2,False
S10,S10,1103,1103,L1-full,24,9-18-19,3,False
S10,S10,1103,1103,L1-full,25,3-10,2,False
S10,S10,1103,1103,L1-full,26,8-11-14,3,False
S10,S10,1103,1103,L1-full,27,5-15-22,3,False
S10,S10,1103,1103,L1-full,28,8-13-22,3,False
S10,S10,1103,1103,L1-full,29,19-22-23,3,False
S10,S10,1103,1103,L1-full,30,3-5,2,False
S10,S10,1103,1103,L1-full,31,8-12-22,3,False
S10,S10,1103,1103,L1-full,32,2-12-17,3,False
S10,S10,1103,1103,L1-full,33,3-12-20,3,False
S10,S10,1103,1103,L1-full,34,4-12-23,3,False
S10,S10,1103,1103,L1-full,35,0-18,2,False
S10,S10,1103,1103,L1-full,36,7-11-17,3,False
S10,S10,1103,1103,L1-full,37,8-19-22,3,False
S10,S10,1103,1103,L1-full,38,4-13,2,False
S10,S10,1103,1103,L1-full,39,9-14-16,3,False
S10,S10,1103,1103,L1-full,40,11-13,2,False
S10,S10,1103,1103,L1-full,41,3-7-10,3,False
S10,S10,1103,1103,L1-full,42,5-7-21,3,False
S10,S10,1103,1103,L1-full,43,7-12-22,3,False
S10,S10,1103,1103,L1-full,44,5-6-9,3,False
S10,S10,1103,1103,L1-full,45,3-11-20,3,False
S10,S10,1103,1103,L1-full,46,4-17-18,3,False
S10,S10,1103,1103,L1-full,47,0-1-8,3,False
S10,S10,1103,1103,L1-full,48,7-8-15,3,False
S10,S10,1103,1103,L1-full,49,0-15-17,3,False
S10,S10,1103,1103,L1-full,50,2-21-22,3,False
S10,S10,1103,1103,L1-full,51,13-17-23,3,False
S10,S10,1103,1103,L1-full,52,19-21,2,False
S10,S10,1103,1103,L1-full,53,15-18-21,3,False
S10,S10,1103,1103,L1-full,54,7-15-20,3,False
S10,S10,1103,1103,L1-full,55,17-19-20,3,False
S10,S10,1103,1103,L1-full,56,5-10,2,False
S10,S10,1103,1103,L1-full,57,0-11-22,3,False
S10,S10,1103,1103,L1-full,58,2-13-15,3,False
S10,S10,1103,1103,L1-full,59,2-7-17,3,False
S10,S10,1103,1103,L1-full,60,2-23,2,False
S10,S10,1103,1103,L1-full,61,6-15,2,False
S10,S10,1103,1103,L1-full,62,0-8-13,3,False
S10,S10,1103,1103,L1-full,63,1-6-12,3,False
S10,S10,1103,1103,L1-full,64,3-5-20,3,False
S10,S10,1103,1103,L1-full,65,0-12-19,3,False
S10,S10,1103,1103,L1-full,66,2-10-17,3,False
S10,S10,1103,1103,L1-full,67,3-4-10,3,False
S10,S10,1103,1103,L1-full,68,14-19-23,3,False
S10,S10,1103,1103,L1-full,69,8-15-18,3,False
S10,S10,1103,1103,L1-full,70,3-5-8,3,False
S10,S10,1103,1103,L1-full,71,4-6,2,False
S10,S10,1103,1103,L1-full,72,5-14-16,3,False
S10,S10,1103,1103,L1-full,73,2-16-19,3,False
S10,S10,1103,1103,L1-full,74,1-17-20,3,False
S10,S10,1103,1103,L1-full,75,6-7-12,3,False
S10,S10,1103,1103,L1-full,76,10-16-18,3,False
S10,S10,1103,1103,L1-full,77,5-16-23,3,False
S10,S10,1103,1103,L1-full,78,10-20-21,3,False
S10,S10,1103,1103,L1-full,79,0-23,2,False
S10,S10,1103,1103,L1-full,80,9-15-21,3,False
S10,S10,1103,1103,L1-full,81,0-3-19,3,False
S10,S10,1103,1103,L1-full,82,10-20-23,3,False
S10,S10,1103,1103,L1-full,83,1-7-21,3,False
S10,S10,1103,1103,L1-full,84,10-15-21,3,False
S10,S10,1103,1103,L1-full,85,3-11-19,3,False
S10,S10,1103,1103,L1-full,86,13-19,2,False
S10,S10,1103,1103,L1-full,87,5-6-20,3,False
S10,S10,1103,1103,L1-full,88,10-14-22,3,False
S10,S10,1103,1103,L1-full,89,7-17-21,3,False
S10,S10,1103,1103,L1-full,90,16-23,2,False
S10,S10,1103,1103,L1-full,91,6-7-23,3,False
S10,S10,1103,1103,L1-full,92,0-11,2,False
S10,S10,1103,1103,L1-full,93,4-17,2,False
S10,S10,1103,1103,L1-full,94,2-11-15,3,False
S10,S10,1103,1103,L1-full,95,4-8,2,False
S10,S10,1103,1103,L1-full,96,5-16-22,3,False
S10,S10,1103,1103,L1-full,97,13-16-19,3,False
S10,S10,1103,1103,L1-full,98,5-11-12,3,False
S10,S10,1103,1103,L1-full,99,2-10-16,3,False
S10,S10,1103,1103,L1-full,100,11-18-21,3,False
S10,S10,1103,1103,L1-full,101,6-8-10,3,False
S10,S10,1103,1103,L1-full,102,11-16-18,3,False
S10,S10,1103,1103,L1-full,103,7-14-16,3,False
S10,S10,1103,1103,L1-full,104,5-9-21,3,False
S10,S10,1103,1103,L1-full,105,4-9-17,3,False
S10,S10,1103,1103,L1-full,106,4-10-18,3,False
S10,S10,1103,1103,L1-full,107,0-16-17,3,False
S10,S10,1103,1103,L1-full,108,5-15,2,False
S10,S10,1103,1103,L1-full,109,1-14-23,3,False
S10,S10,1103,1103,L1-full,110,3-4-17,3,False
S10,S10,1103,1103,L1-full,111,9-19-23,3,False
S10,S10,1103,1103,L1-full,112,0-21-23,3,False
S10,S10,1103,1103,L1-full,113,7-8-20,3,False
S10,S10,1103,1103,L1-full,114,3-12-17,3,False
S10,S10,1103,1103,L1-full,115,12-14-22,3,False
S10,S10,1103,1103,L1-full,116,2-20-23,3,False
S10,S10,1103,1103,L1-full,117,3-4-19,3,False
S10,S10,1103,1103,L1-full,118,1-3-18,3,False
S10,S10,1103,1103,L1-full,119,0-1-18,3,False
S10,S10,1103,1103,L1-full,120,5-9-12,3,False
S10,S10,1103,1103,L1-full,121,5-19-20,3,False
S10,S10,1103,1103,L1-full,122,0-10,2,False
S10,S10,1103,1103,L1-full,123,3-13-15,3,False
S10,S10,1103,1103,L1-full,124,8-20,2,False
S10,S10,1103,1103,L1-full,125,14-17,2,False
S10,S10,1103,1103,L1-full,126,3-9-17,3,False
S10,S10,1103,1103,L1-full,127,6-11-19,3,False
S10,S10,1103,1103,L1-full,128,5-15-23,3,False
S10,S10,1103,1103,L1-full,129,8-16-23,3,False
S10,S10,1103,1103,L1-full,130,5-16-21,3,False
S10,S10,1103,1103,L1-full,131,1-16,2,False
S10,S10,1103,1103,L1-full,132,9-12-15,3,False
S10,S10,1103,1103,L1-full,133,0-7-22,3,False
S10,S10,1103,1103,L1-full,134,3-14-15,3,False
S10,S10,1103,1103,L1-full,135,1-5-18,3,False
S10,S10,1103,1103,L1-full,136,0-13-21,3,False
S10,S10,1103,1103,L1-full,137,6-8-20,3,False
S10,S10,1103,1103,L1-full,138,10-16-22,3,False
S10,S10,1103,1103,L1-full,139,1-11-16,3,False
S10,S10,1103,1103,L1-full,140,2-5-17,3,False
S10,S10,1103,1103,L1-full,141,3-13-23,3,False
S10,S10,1103,1103,L1-full,142,1-15-18,3,False
S10,S10,1103,1103,L1-full,143,5-10-11,3,False
S10,S10,1103,1103,L1-full,144,5-8-12,3,False
S10,S10,1103,1103,L1-full,145,14-19-22,3,False
S10,S10,1103,1103,L1-full,146,1-4-11,3,False
S10,S10,1103,1103,L1-full,147,0-20,2,False
S10,S10,1103,1103,L1-full,148,4-21,2,False
S10,S10,1103,1103,L1-full,149,1-12-16,3,False
S10,S10,1103,1103,L1-full,150,1-3-16,3,False
S10,S10,1103,1103,L1-full,151,10-12-17,3,False
S10,S10,1103,1103,L1-full,152,2-9-12,3,False
S10,S10,1103,1103,L1-full,153,1-5-21,3,False
S10,S10,1103,1103,L1-full,154,10-18-22,3,False
S10,S10,1103,1103,L1-full,155,10-17-23,3,False
S10,S10,1103,1103,L1-full,156,4-9-15,3,False
S10,S10,1103,1103,L1-full,157,3-5-21,3,False
S10,S10,1103,1103,L1-full,158,6-8-15,3,False
S10,S10,1103,1103,L1-full,159,11-23,2,False
S10,S10,1103,1103,L1-full,160,1-11-12,3,False
S10,S10,1103,1103,L1-full,161,10-11-18,3,False
S10,S10,1103,1103,L1-full,162,1-16-23,3,False
S10,S10,1103,1103,L1-full,163,3-4-12,3,False
S10,S10,1103,1103,L1-full,164,11-18-22,3,False
S10,S10,1103,1103,L1-full,165,4-5-8,3,False
S10,S10,1103,1103,L1-full,166,8-11-20,3,False
S10,S10,1103,1103,L1-full,167,3-6-16,3,False
S10,S10,1103,1103,L1-full,168,4-7-23,3,False
S10,S10,1103,1103,L1-full,169,10-11,2,False
S10,S10,1103,1103,L1-full,170,1-12-13,3,False
S10,S10,1103,1103,L1-full,171,16-19-21,3,False
S10,S10,1103,1103,L1-full,172,6-12-19,3,False
S10,S10,1103,1103,L1-full,173,0-22,2,False
S10,S10,1103,1103,L1-full,174,10-11-19,3,False
S10,S10,1103,1103,L1-full,175,6-14-23,3,False
S10,S10,1103,1103,L1-full,176,8-17-22,3,False
S10,S10,1103,1103,L1-full,177,20-21-22,3,False
S10,S10,1103,1103,L1-full,178,10-12-23,3,False
S10,S10,1103,1103,L1-full,179,6-8-12,3,False
S10,S10,1103,1103,L1-full,180,1-13-21,3,False
S10,S10,1103,1103,L1-full,181,18-19-23,3,False
S10,S10,1103,1103,L1-full,182,9-10-13,3,False
S10,S10,1103,1103,L1-full,183,6-7-14,3,False
S10,S10,1103,1103,L1-full,184,0-9-16,3,False
S10,S10,1103,1103,L1-full,185,12-15-18,3,False
S10,S10,1103,1103,L1-full,186,0-7-15,3,False
S10,S10,1103,1103,L1-full,187,2-11-20,3,False
S10,S10,1103,1103,L1-full,188,2-12,2,False
S10,S10,1103,1103,L1-full,189,5-6-19,3,False
S10,S10,1103,1103,L1-full,190,1-9-14,3,False
S10,S10,1103,1103,L1-full,191,3-14-20,3,False
S10,S10,1103,1103,L1-full,192,1-2-10,3,False
S10,S10,1103,1103,L1-full,193,2-8-12,3,False
S10,S10,1103,1103,L1-full,194,2-19,2,False
S10,S10,1103,1103,L1-full,195,2-6-11,3,False
S10,S10,1103,1103,L1-full,196,3-19-22,3,False
S10,S10,1103,1103,L1-full,197,8-10-15,3,False
S10,S10,1103,1103,L1-full,198,6-16-19,3,False
S10,S10,1103,1103,L1-full,199,0-4-5,3,False
S10,S10,1103,1103,L1-full,200,0-9-21,3,False
S10,S10,1103,1103,L1-full,201,13-21,2,False
S10,S10,1103,1103,L1-full,202,6-11-13,3,False
S10,S10,1103,1103,L1-full,203,7-15-17,3,False
S10,S10,1103,1103,L1-full,204,0-8-19,3,False
S10,S10,1103,1103,L1-full,205,7-11-14,3,False
S10,S10,1103,1103,L1-full,206,9-13-17,3,False
S10,S10,1103,1103,L1-full,207,9-13-22,3,False
S10,S10,1103,1103,L1-full,208,0-10-14,3,False
S10,S10,1103,1103,L1-full,209,0-13-18,3,False
S10,S10,1103,1103,L1-full,210,3-11-21,3,False
S10,S10,1103,1103,L1-full,211,3-22-23,3,False
S10,S10,1103,1103,L1-full,212,3-8,2,False
S10,S10,1103,1103,L1-full,213,2-9-18,3,False
S10,S10,1103,1103,L1-full,214,13-14-15,3,False
S10,S10,1103,1103,L1-full,215,0-2-12,3,False
S10,S10,1103,1103,L1-full,216,0-5-19,3,False
S10,S10,1103,1103,L1-full,217,0-15-19,3,False
S10,S10,1103,1103,L1-full,218,0-2-9,3,False
S10,S10,1103,1103,L1-full,219,8-12-23,3,False
S10,S10,1103,1103,L1-full,220,7-10-19,3,False
S10,S10,1103,1103,L1-full,221,9-13-18,3,False
S10,S10,1103,1103,L1-full,222,4-7-14,3,False
S10,S10,1103,1103,L1-full,223,11-14-17,3,False
S10,S10,1103,1103,L1-full,224,14-18,2,False
S10,S10,1103,1103,L1-full,225,9-21,2,False
S10,S10,1103,1103,L1-full,226,10-19,2,False
S10,S10,1103,1103,L1-full,227,6-9-11,3,False
S10,S10,1103,1103,L1-full,228,12-14-16,3,False
S10,S10,1103,1103,L1-full,229,10-12,2,False
S10,S10,1103,1103,L1-full,230,5-20-21,3,False
S10,S10,1103,1103,L1-full,231,1-3-9,3,False
S10,S10,1103,1103,L1-full,232,0-18-19,3,False
S10,S10,1103,1103,L1-full,233,7-10-22,3,False
S10,S10,1103,1103,L1-full,234,10-21,2,False
S10,S10,1103,1103,L1-full,235,11-15-17,3,False
S10,S10,1103,1103,L1-full,236,12-18-21,3,False
S10,S10,1103,1103,L1-full,237,5-19-22,3,False
S10,S10,1103,1103,L1-full,238,2-6-14,3,False
S10,S10,1103,1103,L1-full,239,4-6-11,3,False
S10,S10,1103,1103,L1-full,240,4-22,2,False
S10,S10,1103,1103,L1-full,241,4-11-21,3,False
S10,S10,1103,1103,L1-full,242,4-12-17,3,False
S10,S10,1103,1103,L1-full,243,1-2,2,False
S10,S10,1103,1103,L1-full,244,13-18-19,3,False
S10,S10,1103,1103,L1-full,245,0-10-23,3,False
S10,S10,1103,1103,L1-full,246,6-11,2,False
S10,S10,1103,1103,L1-full,247,15-20-21,3,False
S10,S10,1103,1103,L1-full,248,5-18,2,False
S10,S10,1103,1103,L1-full,249,13-20-22,3,False
S10,S10,1103,1103,L1-full,250,15-21,2,False
S10,S10,1103,1103,L1-full,251,10-18-21,3,False
S10,S10,1103,1103,L1-full,252,12-14-15,3,False
S10,S10,1103,1103,L1-full,253,6-20,2,False
S10,S10,1103,1103,L1-full,254,13-20-23,3,False
S10,S10,1103,1103,L1-full,255,3-6-12,3,False
S10,S10,1103,1103,L1-full,256,16-19,2,False
S10,S10,1103,1103,L1-full,257,0-18-23,3,False
S10,S10,1103,1103,L1-full,258,13-14-16,3,False
S10,S10,1103,1103,L1-full,259,11-15,2,False
S10,S10,1103,1103,L1-full,260,0-1-3,3,False
S10,S10,1103,1103,L1-full,261,4-6-13,3,False
S10,S10,1103,1103,L1-full,262,4-12-20,3,False
S10,S10,1103,1103,L1-full,263,1-2-18,3,False
S10,S10,1103,1103,L1-full,264,2-17-19,3,False
S10,S10,1103,1103,L1-full,265,7-19,2,False
S10,S10,1103,1103,L1-full,266,16-17-20,3,False
S10,S10,1103,1103,L1-full,267,3-5-17,3,False
S10,S10,1103,1103,L1-full,268,1-22,2,False
S10,S10,1103,1103,L1-full,269,2-16-21,3,False
S10,S10,1103,1103,L1-full,270,1-2-23,3,False
S10,S10,1103,1103,L1-full,271,6-11-17,3,False
S10,S10,1103,1103,L1-full,272,5-14-18,3,False
S10,S10,1103,1103,L1-full,273,7-9-19,3,False
S10,S10,1103,1103,L1-full,274,1-13-18,3,False
S10,S10,1103,1103,L1-full,275,0-5-10,3,False
S10,S10,1103,1103,L1-full,276,13-15,2,False
S10,S10,1103,1103,L1-full,277,4-16,2,False
S10,S10,1103,1103,L1-full,278,4-8-21,3,False
S10,S10,1103,1103,L1-full,279,0-8-23,3,False
S10,S10,1103,1103,L1-full,280,5-22-23,3,False
S10,S10,1103,1103,L1-full,281,1-5,2,False
S10,S10,1103,1103,L1-full,282,8-15-22,3,False
S10,S10,1103,1103,L1-full,283,15-20,2,False
S10,S10,1103,1103,L1-full,284,14-23,2,False
S10,S10,1103,1103,L1-full,285,5-11-21,3,False
S10,S10,1103,1103,L1-full,286,5-13,2,False
S10,S10,1103,1103,L1-full,287,0-2-17,3,False
S10,S10,1103,1103,L1-full,288,4-16-21,3,False
S10,S10,1103,1103,L1-full,289,3-21,2,False
S10,S10,1103,1103,L1-full,290,3-5-15,3,False
S10,S10,1103,1103,L1-full,291,2-3-21,3,False
S10,S10,1103,1103,L1-full,292,1-14-22,3,False
S10,S10,1103,1103,L1-full,293,0-2-4,3,False
S10,S10,1103,1103,L1-full,294,16-20-22,3,False
S10,S10,1103,1103,L1-full,295,8-13,2,False
S10,S10,1103,1103,L1-full,296,5-7-10,3,False
S10,S10,1103,1103,L1-full,297,15-19-21,3,False
S10,S10,1103,1103,L1-full,298,0-14-18,3,False
S10,S10,1103,1103,L1-full,299,11-13-20,3,False
S10,S10,1103,1103,L1-full,300,12-16-18,3,False
S10,S10,1103,1103,L1-full,301,3-5-18,3,False
S10,S10,1103,1103,L1-full,302,13-16-21,3,False
S10,S10,1103,1103,L1-full,303,11-18-23,3,False
S10,S10,1103,1103,L1-full,304,8-12-14,3,False
S10,S10,1103,1103,L1-full,305,2-14-23,3,False
S10,S10,1103,1103,L1-full,306,4-5-22,3,False
S10,S10,1103,1103,L1-full,307,2-4-9,3,False
S10,S10,1103,1103,L1-full,308,1-13-23,3,False
S10,S10,1103,1103,L1-full,309,5-13-15,3,False
S10,S10,1103,1103,L1-full,310,12-13-17,3,False
S10,S10,1103,1103,L1-full,311,1-21-23,3,False
S10,S10,1103,1103,L1-full,312,3-4-23,3,False
S10,S10,1103,1103,L1-full,313,6-13-22,3,False
S10,S10,1103,1103,L1-full,314,4-19-22,3,False
S10,S10,1103,1103,L1-full,315,6-10,2,False
S10,S10,1103,1103,L1-full,316,2-14-19,3,False
S10,S10,1103,1103,L1-full,317,0-1-19,3,False
S10,S10,1103,1103,L1-full,318,8-12-21,3,False
S10,S10,1103,1103,L1-full,319,1-5-9,3,False
S10,S10,1103,1103,L1-full,320,11-14-21,3,False
S10,S10,1103,1103,L1-full,321,7-12-17,3,False
S10,S10,1103,1103,L1-full,322,2-15-19,3,False
S10,S10,1103,1103,L1-full,323,0-11-19,3,False
S10,S10,1103,1103,L1-full,324,8-12,2,False
S10,S10,1103,1103,L1-full,325,8-11-23,3,False
S10,S10,1103,1103,L1-full,326,10-14-19,3,False
S10,S10,1103,1103,L1-full,327,13-16-23,3,False
S10,S10,1103,1103,L1-full,328,15-22,2,False
S10,S10,1103,1103,L1-full,329,3-18-21,3,False
S10,S10,1103,1103,L1-full,330,6-9-17,3,False
S10,S10,1103,1103,L1-full,331,2-15,2,False
S10,S10,1103,1103,L1-full,332,8-13-20,3,False
S10,S10,1103,1103,L1-full,333,4-9-21,3,False
S10,S10,1103,1103,L1-full,334,3-17,2,False
S10,S10,1103,1103,L1-full,335,4-6-14,3,False
S10,S10,1103,1103,L1-full,336,9-13-23,3,False
S10,S10,1103,1103,L1-full,337,3-10-11,3,False
S10,S10,1103,1103,L1-full,338,1-11-15,3,False
S10,S10,1103,1103,L1-full,339,4-18,2,False
S10,S10,1103,1103,L1-full,340,2-16,2,False
S10,S10,1103,1103,L1-full,341,10-23,2,False
S10,S10,1103,1103,L1-full,342,0-7-16,3,False
S10,S10,1103,1103,L1-full,343,5-8-16,3,False
S10,S10,1103,1103,L1-full,344,0-12,2,False
S10,S10,1103,1103,L1-full,345,18-21,2,False
S10,S10,1103,1103,L1-full,346,11-12-14,3,False
S10,S10,1103,1103,L1-full,347,1-19,2,False
S10,S10,1103,1103,L1-full,348,14-16-17,3,False
S10,S10,1103,1103,L1-full,349,1-10-17,3,False
S10,S10,1103,1103,L1-full,350,8-13-23,3,False
S10,S10,1103,1103,L1-full,351,0-5-14,3,False
S10,S10,1103,1103,L1-full,352,7-9-17,3,False
S10,S10,1103,1103,L1-full,353,2-6-13,3,False
S10,S10,1103,1103,L1-full,354,1-10-21,3,False
S10,S10,1103,1103,L1-full,355,1-7,2,False
S10,S10,1103,1103,L1-full,356,2-8-23,3,False
S10,S10,1103,1103,L1-full,357,7-16-21,3,False
S10,S10,1103,1103,L1-full,358,10-15-17,3,False
S10,S10,1103,1103,L1-full,359,6-13-21,3,False
S10,S10,1103,1103,L1-full,360,1-9-17,3,False
S10,S10,1103,1103,L1-full,361,6-17-23,3,False
S10,S10,1103,1103,L1-full,362,8-10,2,False
S10,S10,1103,1103,L1-full,363,0-4,2,False
S10,S10,1103,1103,L1-full,364,18-23,2,False
S10,S10,1103,1103,L1-full,365,1-8-19,3,False
S10,S10,1103,1103,L1-full,366,0-12-23,3,False
S10,S10,1103,1103,L1-full,367,6-19-22,3,False
S10,S10,1103,1103,L1-full,368,6-12-22,3,False
S10,S10,1103,1103,L1-full,369,9-12-18,3,False
S10,S10,1103,1103,L1-full,370,0-9-20,3,False
S10,S10,1103,1103,L1-full,371,10-12-13,3,False
S10,S10,1103,1103,L1-full,372,1-14,2,False
S10,S10,1103,1103,L1-full,373,8-20-22,3,False
S10,S10,1103,1103,L1-full,374,0-8-22,3,False
S10,S10,1103,1103,L1-full,375,7-21,2,False
S10,S10,1103,1103,L1-full,376,1-10-13,3,False
S10,S10,1103,1103,L1-full,377,11-12,2,False
S10,S10,1103,1103,L1-full,378,1-17-18,3,False
S10,S10,1103,1103,L1-full,379,8-16-19,3,False
S10,S10,1103,1103,L1-full,380,2-3-18,3,False
S10,S10,1103,1103,L1-full,381,2-14,2,False
S10,S10,1103,1103,L1-full,382,2-9-22,3,False
S10,S10,1103,1103,L1-full,383,2-13,2,False
S10,S10,1103,1103,L1-full,384,14-21-22,3,False
S10,S10,1103,1103,L1-full,385,0-4-23,3,False
S10,S10,1103,1103,L1-full,386,12-18-22,3,False
S10,S10,1103,1103,L1-full,387,9-11-18,3,False
S10,S10,1103,1103,L1-full,388,17-20-23,3,False
S10,S10,1103,1103,L1-full,389,4-11-19,3,False
S10,S10,1103,1103,L1-full,390,9-12,2,False
S10,S10,1103,1103,L1-full,391,7-12-19,3,False
S10,S10,1103,1103,L1-full,392,8-12-17,3,False
S10,S10,1103,1103,L1-full,393,6-17-21,3,False
S10,S10,1103,1103,L1-full,394,0-19-21,3,False
S10,S10,1103,1103,L1-full,395,0-1-6,3,False
S10,S10,1103,1103,L1-full,396,1-2-3,3,False
S10,S10,1103,1103,L1-full,397,1-10-15,3,False
S10,S10,1103,1103,L1-full,398,6-15-18,3,False
S10,S10,1103,1103,L1-full,399,3-17-23,3,False
S10,S10,1103,1103,L1-full,400,5-21-22,3,False
S10,S10,1103,1103,L1-full,401,9-22,2,False
S10,S10,1103,1103,L1-full,402,7-17-19,3,False
S10,S10,1103,1103,L1-full,403,5-8-9,3,False
S10,S10,1103,1103,L1-full,404,1-12-18,3,False
S10,S10,1103,1103,L1-full,405,4-11-13,3,False
S10,S10,1103,1103,L1-full,406,4-12,2,False
S10,S10,1103,1103,L1-full,407,21-23,2,False
S10,S10,1103,1103,L1-full,408,5-6-17,3,False
S10,S10,1103,1103,L1-full,409,1-11-18,3,False
S10,S10,1103,1103,L1-full,410,4-8-12,3,False
S10,S10,1103,1103,L1-full,411,9-18-20,3,False
S10,S10,1103,1103,L1-full,412,19-20-22,3,False
S10,S10,1103,1103,L1-full,413,14-20-21,3,False
S10,S10,1103,1103,L1-full,414,7-17-18,3,False
S10,S10,1103,1103,L1-full,415,2-7-21,3,False
S10,S10,1103,1103,L1-full,416,1-13,2,False
S10,S10,1103,1103,L1-full,417,0-10-15,3,False
S10,S10,1103,1103,L1-full,418,11-16-23,3,False
S10,S10,1103,1103,L1-full,419,0-2-16,3,False
S10,S10,1103,1103,L1-full,420,9-12-19,3,False
S10,S10,1103,1103,L1-full,421,6-19,2,False
S10,S10,1103,1103,L1-full,422,9-13-20,3,False
S10,S10,1103,1103,L1-full,423,4-8-22,3,False
S10,S10,1103,1103,L1-full,424,1-3-12,3,False
S10,S10,1103,1103,L1-full,425,8-10-22,3,False
S10,S10,1103,1103,L1-full,426,10-14-23,3,False
S10,S10,1103,1103,L1-full,427,3-10-15,3,False
S10,S10,1103,1103,L1-full,428,1-2-22,3,False
S10,S10,1103,1103,L1-full,429,3-8-16,3,False
S10,S10,1103,1103,L1-full,430,3-6-11,3,False
S10,S10,1103,1103,L1-full,431,10-18-19,3,False
S10,S10,1103,1103,L1-full,432,20-23,2,False
S10,S10,1103,1103,L1-full,433,1-6-16,3,False
S10,S10,1103,1103,L1-full,434,7-8-13,3,False
S10,S10,1103,1103,L1-full,435,2-8-17,3,False
S10,S10,1103,1103,L1-full,436,3-17-22,3,False
S10,S10,1103,1103,L1-full,437,8-15,2,False
S10,S10,1103,1103,L1-full,438,0-7-19,3,False
S10,S10,1103,1103,L1-full,439,5-10-19,3,False
S10,S10,1103,1103,L1-full,440,0-11-21,3,False
S10,S10,1103,1103,L1-full,441,3-4-20,3,False
S10,S10,1103,1103,L1-full,442,2-5,2,False
S10,S10,1103,1103,L1-full,443,12-20,2,False
S10,S10,1103,1103,L1-full,444,1-3-11,3,False
S10,S10,1103,1103,L1-full,445,9-16,2,False
S10,S10,1103,1103,L1-full,446,1-4-10,3,False
S10,S10,1103,1103,L1-full,447,12-19-23,3,False
S10,S10,1103,1103,L1-full,448,2-5-21,3,False
S10,S10,1103,1103,L1-full,449,3-17-21,3,False
S10,S10,1103,1103,L1-full,450,10-14-21,3,False
S10,S10,1103,1103,L1-full,451,4-10-23,3,False
S10,S10,1103,1103,L1-full,452,5-15-18,3,False
S10,S10,1103,1103,L1-full,453,2-7-22,3,False
S10,S10,1103,1103,L1-full,454,2-8-13,3,False
S10,S10,1103,1103,L1-full,455,2-10-22,3,False
S10,S10,1103,1103,L1-full,456,4-11,2,False
S10,S10,1103,1103,L1-full,457,1-9-21,3,False
S10,S10,1103,1103,L1-full,458,3-14-17,3,False
S10,S10,1103,1103,L1-full,459,0-4-15,3,False
S10,S10,1103,1103,L1-full,460,1-9-22,3,False
S10,S10,1103,1103,L1-full,461,6-7-13,3,False
S10,S10,1103,1103,L1-full,462,7-20-22,3,False
S10,S10,1103,1103,L1-full,463,6-9-18,3,False
S10,S10,1103,1103,L1-full,464,1-5-19,3,False
S10,S10,1103,1103,L1-full,465,6-9-20,3,False
S10,S10,1103,1103,L1-full,466,13-15-21,3,False
S10,S10,1103,1103,L1-full,467,1-23,2,False
S10,S10,1103,1103,L1-full,468,9-11,2,False
S10,S10,1103,1103,L1-full,469,0-13-23,3,False
S10,S10,1103,1103,L1-full,470,8-11-12,3,False
S10,S10,1103,1103,L1-full,471,7-8,2,False
S10,S10,1103,1103,L1-full,472,2-6-15,3,False
S10,S10,1103,1103,L1-full,473,16-19-23,3,False
S10,S10,1103,1103,L1-full,474,4-6-18,3,False
S10,S10,1103,1103,L1-full,475,9-18-22,3,False
S10,S10,1103,1103,L1-full,476,16-20,2,False
S10,S10,1103,1103,L1-full,477,0-11-18,3,False
S10,S10,1103,1103,L1-full,478,0-5-6,3,False
S10,S10,1103,1103,L1-full,479,3-7-19,3,False
S10,S10,1103,1103,L1-full,480,8-16-17,3,False
S10,S10,1103,1103,L1-full,481,12-17-23,3,False
S10,S10,1103,1103,L1-full,482,3-8-10,3,False
S10,S10,1103,1103,L1-full,483,2-10-20,3,False
S10,S10,1103,1103,L1-full,484,4-10-20,3,False
S10,S10,1103,1103,L1-full,485,10-22,2,False
S10,S10,1103,1103,L1-full,486,9-10,2,False
S10,S10,1103,1103,L1-full,487,1-12-23,3,False
S10,S10,1103,1103,L1-full,488,6-8-13,3,False
S10,S10,1103,1103,L1-full,489,13-17-22,3,False
S10,S10,1103,1103,L1-full,490,8-10-21,3,False
S10,S10,1103,1103,L1-full,491,4-20-22,3,False
S10,S10,1103,1103,L1-full,492,15-16-19,3,False
S10,S10,1103,1103,L1-full,493,2-3-6,3,False
S10,S10,1103,1103,L1-full,494,15-21-23,3,False
S10,S10,1103,1103,L1-full,495,6-11-20,3,False
S10,S10,1103,1103,L1-full,496,9-10-12,3,False
S10,S10,1103,1103,L1-full,497,7-12-14,3,False
S10,S10,1103,1103,L1-full,498,5-7-23,3,False
S10,S10,1103,1103,L1-full,499,20-22-23,3,False
S10,S10,1103,1103,L1-full,500,10-17-18,3,False
S10,S10,1103,1103,L1-full,501,0-13-20,3,False
S10,S10,1103,1103,L1-full,502,6-14-17,3,False
S10,S10,1103,1103,L1-full,503,6-7-8,3,False
S10,S10,1103,1103,L1-full,504,0-9,2,False
S10,S10,1103,1103,L1-full,505,2-20-21,3,False
S10,S10,1103,1103,L1-full,506,5-6-18,3,False
S10,S10,1103,1103,L1-full,507,8-11-17,3,False
S10,S10,1103,1103,L1-full,508,1-7-22,3,False
S10,S10,1103,1103,L1-full,509,3-8-21,3,False
S10,S10,1103,1103,L1-full,510,1-2-19,3,False
S10,S10,1103,1103,L1-full,511,1-17-21,3,False
S10,S10,1103,1103,L1-full,512,1-12-15,3,False
S10,S10,1103,1103,L1-full,513,0-14-20,3,False
S10,S10,1103,1103,L1-full,514,12-20-21,3,False
S10,S10,1103,1103,L1-full,515,4-10-21,3,False
S10,S10,1103,1103,L1-full,516,8-13-16,3,False
S10,S10,1103,1103,L1-full,517,11-18,2,False
S10,S10,1103,1103,L1-full,518,7-9-11,3,False
S10,S10,1103,1103,L1-full,519,0-8-21,3,False
S10,S10,1103,1103,L1-full,520,9-10-22,3,False
S10,S10,1103,1103,L1-full,521,12-17-18,3,False
S10,S10,1103,1103,L1-full,522,3-13-14,3,False
S10,S10,1103,1103,L1-full,523,1-10-11,3,False
S10,S10,1103,1103,L1-full,524,6-9-21,3,False
S10,S10,1103,1103,L1-full,525,1-10-20,3,False
S10,S10,1103,1103,L1-full,526,10-19-21,3,False
S10,S10,1103,1103,L1-top8,1,0-1,2,True
S10,S10,1103,1103,L1-top8,2,2-3,2,True
S10,S10,1103,1103,L1-top8,3,8-9-10,3,True
S10,S10,1103,1103,L1-top8,4,4-5,2,True
S10,S10,1103,1103,L1-top8,5,11-12-13,3,True
S10,S10,1103,1103,L1-top8,6,6-7,2,True
S10,S10,1103,1103,L1-top8,7,14-15-16,3,True
S10,S10,1103,1103,L1-top8,8,17-18-19,3,True
S10,S10,1103,1103,L1-match,1,0-1,2,True
S10,S10,1103,1103,L1-match,2,2-3,2,True
S10,S10,1103,1103,L1-match,3,8-9-10,3,True
S10,S10,1103,1103,L1-match,4,4-5,2,True
S10,S10,1103,1103,L1-match,5,11-12-13,3,True
S10,S10,1103,1103,L1-match,6,6-7,2,True
S10,S10,1103,1103,L1-match,7,14-15-16,3,True
S10,S10,1103,1103,L1-match,8,17-18-19,3,True
S10,S10,1103,1103,SHIL-k8,1,0-1,2,True
S10,S10,1103,1103,SHIL-k8,2,2-3,2,True
S10,S10,1103,1103,SHIL-k8,3,4-5,2,True
S10,S10,1103,1103,SHIL-k8,4,8-9-10,3,True
S10,S10,1103,1103,SHIL-k8,5,6-7,2,True
S10,S10,1103,1103,SHIL-k8,6,11-12-13,3,True
S10,S10,1103,1103,SHIL-k8,7,14-15-16,3,True
S10,S10,1103,1103,SHIL-k8,8,17-18-19,3,True
S10,S10,1103,1103,SC-L1,1,0-1,2,True
S10,S10,1103,1103,SC-L1,2,2-3,2,True
S10,S10,1103,1103,SC-L1,3,4-5,2,True
S10,S10,1103,1103,SC-L1,4,6-7,2,True
S10,S10,1103,1103,SC-L1,5,8-9-10,3,True
S10,S10,1103,1103,SC-L1,6,11-12-13,3,True
S10,S10,1103,1103,SC-L1,7,14-15-16,3,True
S10,S10,1103,1103,SC-L1,8,17-18-19,3,True
S10,S10,1103,1103,SC-SHIL,1,0-1,2,True
S10,S10,1103,1103,SC-SHIL,2,2-3,2,True
S10,S10,1103,1103,SC-SHIL,3,4-5,2,True
S10,S10,1103,1103,SC-SHIL,4,6-7,2,True
S10,S10,1103,1103,SC-SHIL,5,8-9-10,3,True
S10,S10,1103,1103,SC-SHIL,6,11-12-13,3,True
S10,S10,1103,1103,SC-SHIL,7,14-15-16,3,True
S10,S10,1103,1103,SC-SHIL,8,17-18-19,3,True
S10,S10,1129,1129,L1-full,1,0-1,2,True
S10,S10,1129,1129,L1-full,2,2-3,2,True
S10,S10,1129,1129,L1-full,3,8-9-10,3,True
S10,S10,1129,1129,L1-full,4,4-5,2,True
S10,S10,1129,1129,L1-full,5,11-12-13,3,True
S10,S10,1129,1129,L1-full,6,6-7,2,True
S10,S10,1129,1129,L1-full,7,14-15-16,3,True
S10,S10,1129,1129,L1-full,8,17-18-19,3,True
S10,S10,1129,1129,L1-full,9,15-18-21,3,False
S10,S10,1129,1129,L1-full,10,4-19-22,3,False
S10,S10,1129,1129,L1-full,11,7-8-10,3,False
S10,S10,1129,1129,L1-full,12,4-9-20,3,False
S10,S10,1129,1129,L1-full,13,5-11-16,3,False
S10,S10,1129,1129,L1-full,14,9-18-20,3,False
S10,S10,1129,1129,L1-full,15,0-3-4,3,False
S10,S10,1129,1129,L1-full,16,2-16-22,3,False
S10,S10,1129,1129,L1-full,17,20-21-23,3,False
S10,S10,1129,1129,L1-full,18,14-15-18,3,False
S10,S10,1129,1129,L1-full,19,15-20-23,3,False
S10,S10,1129,1129,L1-full,20,16-19,2,False
S10,S10,1129,1129,L1-full,21,11-14-16,3,False
S10,S10,1129,1129,L1-full,22,1-5-19,3,False
S10,S10,1129,1129,L1-full,23,0-6-16,3,False
S10,S10,1129,1129,L1-full,24,4-17-23,3,False
S10,S10,1129,1129,L1-full,25,2-9-19,3,False
S10,S10,1129,1129,L1-full,26,5-17-23,3,False
S10,S10,1129,1129,L1-full,27,4-6-15,3,False
S10,S10,1129,1129,L1-full,28,5-10-16,3,False
S10,S10,1129,1129,L1-full,29,0-17-23,3,False
S10,S10,1129,1129,L1-full,30,1-22-23,3,False
S10,S10,1129,1129,L1-full,31,1-7-19,3,False
S10,S10,1129,1129,L1-full,32,19-20,2,False
S10,S10,1129,1129,L1-full,33,3-5-23,3,False
S10,S10,1129,1129,L1-full,34,7-10-23,3,False
S10,S10,1129,1129,L1-full,35,8-10-12,3,False
S10,S10,1129,1129,L1-full,36,6-11-21,3,False
S10,S10,1129,1129,L1-full,37,14-21-23,3,False
S10,S10,1129,1129,L1-full,38,10-11-23,3,False
S10,S10,1129,1129,L1-full,39,9-15-17,3,False
S10,S10,1129,1129,L1-full,40,1-19-23,3,False
S10,S10,1129,1129,L1-full,41,12-18-19,3,False
S10,S10,1129,1129,L1-full,42,9-19-23,3,False
S10,S10,1129,1129,L1-full,43,3-6-10,3,False
S10,S10,1129,1129,L1-full,44,4-6-14,3,False
S10,S10,1129,1129,L1-full,45,8-19-21,3,False
S10,S10,1129,1129,L1-full,46,4-8-16,3,False
S10,S10,1129,1129,L1-full,47,6-13-19,3,False
S10,S10,1129,1129,L1-full,48,7-17-19,3,False
S10,S10,1129,1129,L1-full,49,4-9-23,3,False
S10,S10,1129,1129,L1-full,50,4-12-19,3,False
S10,S10,1129,1129,L1-full,51,16-20-21,3,False
S10,S10,1129,1129,L1-full,52,10-15-17,3,False
S10,S10,1129,1129,L1-full,53,8-9-17,3,False
S10,S10,1129,1129,L1-full,54,9-22-23,3,False
S10,S10,1129,1129,L1-full,55,12-16-18,3,False
S10,S10,1129,1129,L1-full,56,3-16,2,False
S10,S10,1129,1129,L1-full,57,0-16-21,3,False
S10,S10,1129,1129,L1-full,58,4-15-23,3,False
S10,S10,1129,1129,L1-full,59,2-8-14,3,False
S10,S10,1129,1129,L1-full,60,10-17,2,False
S10,S10,1129,1129,L1-full,61,0-6-7,3,False
S10,S10,1129,1129,L1-full,62,15-18-23,3,False
S10,S10,1129,1129,L1-full,63,0-12-17,3,False
S10,S10,1129,1129,L1-full,64,4-7-15,3,False
S10,S10,1129,1129,L1-full,65,9-23,2,False
S10,S10,1129,1129,L1-full,66,16-17-21,3,False
S10,S10,1129,1129,L1-full,67,2-20-21,3,False
S10,S10,1129,1129,L1-full,68,1-3-20,3,False
S10,S10,1129,1129,L1-full,69,0-8-13,3,False
S10,S10,1129,1129,L1-full,70,3-14,2,False
S10,S10,1129,1129,L1-full,71,2-15-20,3,False
S10,S10,1129,1129,L1-full,72,11-13-22,3,False
S10,S10,1129,1129,L1-full,73,4-15-17,3,False
S10,S10,1129,1129,L1-full,74,8-15-20,3,False
S10,S10,1129,1129,L1-full,75,12-16-20,3,False
S10,S10,1129,1129,L1-full,76,13-20,2,False
S10,S10,1129,1129,L1-full,77,0-4-23,3,False
S10,S10,1129,1129,L1-full,78,9-12-17,3,False
S10,S10,1129,1129,L1-full,79,13-18,2,False
S10,S10,1129,1129,L1-full,80,0-21,2,False
S10,S10,1129,1129,L1-full,81,8-12-15,3,False
S10,S10,1129,1129,L1-full,82,17-20-21,3,False
S10,S10,1129,1129,L1-full,83,5-10-20,3,False
S10,S10,1129,1129,L1-full,84,1-13-23,3,False
S10,S10,1129,1129,L1-full,85,20-22,2,False
S10,S10,1129,1129,L1-full,86,3-16-18,3,False
S10,S10,1129,1129,L1-full,87,15-18-19,3,False
S10,S10,1129,1129,L1-full,88,4-12-14,3,False
S10,S10,1129,1129,L1-full,89,4-12-20,3,False
S10,S10,1129,1129,L1-full,90,6-20,2,False
S10,S10,1129,1129,L1-full,91,4-13-20,3,False
S10,S10,1129,1129,L1-full,92,10-13-18,3,False
S10,S10,1129,1129,L1-full,93,10-15-20,3,False
S10,S10,1129,1129,L1-full,94,11-13-21,3,False
S10,S10,1129,1129,L1-full,95,3-13-21,3,False
S10,S10,1129,1129,L1-full,96,0-7-21,3,False
S10,S10,1129,1129,L1-full,97,5-16-17,3,False
S10,S10,1129,1129,L1-full,98,9-15-20,3,False
S10,S10,1129,1129,L1-full,99,9-22,2,False
S10,S10,1129,1129,L1-full,100,16-19-22,3,False
S10,S10,1129,1129,L1-full,101,0-5-17,3,False
S10,S10,1129,1129,L1-full,102,4-19-20,3,False
S10,S10,1129,1129,L1-full,103,1-3-13,3,False
S10,S10,1129,1129,L1-full,104,0-13-18,3,False
S10,S10,1129,1129,L1-full,105,3-5-15,3,False
S10,S10,1129,1129,L1-full,106,3-19,2,False
S10,S10,1129,1129,L1-full,107,12-17-20,3,False
S10,S10,1129,1129,L1-full,108,13-17-19,3,False
S10,S10,1129,1129,L1-full,109,9-17-19,3,False
S10,S10,1129,1129,L1-full,110,7-8-23,3,False
S10,S10,1129,1129,L1-full,111,0-8-16,3,False
S10,S10,1129,1129,L1-full,112,5-7-17,3,False
S10,S10,1129,1129,L1-full,113,15-19-22,3,False
S10,S10,1129,1129,L1-full,114,2-3-13,3,False
S10,S10,1129,1129,L1-full,115,0-8-20,3,False
S10,S10,1129,1129,L1-full,116,8-14-16,3,False
S10,S10,1129,1129,L1-full,117,5-23,2,False
S10,S10,1129,1129,L1-full,118,10-16,2,False
S10,S10,1129,1129,L1-full,119,13-15,2,False
S10,S10,1129,1129,L1-full,120,0-9-17,3,False
S10,S10,1129,1129,L1-full,121,9-18,2,False
S10,S10,1129,1129,L1-full,122,1-21-23,3,False
S10,S10,1129,1129,L1-full,123,2-7,2,False
S10,S10,1129,1129,L1-top8,1,0-1,2,True
S10,S10,1129,1129,L1-top8,2,2-3,2,True
S10,S10,1129,1129,L1-top8,3,8-9-10,3,True
S10,S10,1129,1129,L1-top8,4,4-5,2,True
S10,S10,1129,1129,L1-top8,5,11-12-13,3,True
S10,S10,1129,1129,L1-top8,6,6-7,2,True
S10,S10,1129,1129,L1-top8,7,14-15-16,3,True
S10,S10,1129,1129,L1-top8,8,17-18-19,3,True
S10,S10,1129,1129,L1-match,1,0-1,2,True
S10,S10,1129,1129,L1-match,2,2-3,2,True
S10,S10,1129,1129,L1-match,3,8-9-10,3,True
S10,S10,1129,1129,L1-match,4,4-5,2,True
S10,S10,1129,1129,L1-match,5,11-12-13,3,True
S10,S10,1129,1129,L1-match,6,6-7,2,True
S10,S10,1129,1129,L1-match,7,14-15-16,3,True
S10,S10,1129,1129,L1-match,8,17-18-19,3,True
S10,S10,1129,1129,SHIL-k8,1,2-3,2,True
S10,S10,1129,1129,SHIL-k8,2,0-1,2,True
S10,S10,1129,1129,SHIL-k8,3,4-5,2,True
S10,S10,1129,1129,SHIL-k8,4,6-7,2,True
S10,S10,1129,1129,SHIL-k8,5,8-9-10,3,True
S10,S10,1129,1129,SHIL-k8,6,11-12-13,3,True
S10,S10,1129,1129,SHIL-k8,7,14-15-16,3,True
S10,S10,1129,1129,SHIL-k8,8,17-18-19,3,True
S10,S10,1129,1129,SC-L1,1,0-1,2,True
S10,S10,1129,1129,SC-L1,2,2-3,2,True
S10,S10,1129,1129,SC-L1,3,4-5,2,True
S10,S10,1129,1129,SC-L1,4,6-7,2,True
S10,S10,1129,1129,SC-L1,5,8-9-10,3,True
S10,S10,1129,1129,SC-L1,6,11-12-13,3,True
S10,S10,1129,1129,SC-L1,7,14-15-16,3,True
S10,S10,1129,1129,SC-L1,8,17-18-19,3,True
S10,S10,1129,1129,SC-SHIL,1,0-1,2,True
S10,S10,1129,1129,SC-SHIL,2,2-3,2,True
S10,S10,1129,1129,SC-SHIL,3,4-5,2,True
S10,S10,1129,1129,SC-SHIL,4,6-7,2,True
S10,S10,1129,1129,SC-SHIL,5,8-9-10,3,True
S10,S10,1129,1129,SC-SHIL,6,11-12-13,3,True
S10,S10,1129,1129,SC-SHIL,7,14-15-16,3,True
S10,S10,1129,1129,SC-SHIL,8,17-18-19,3,True
S10,S10,1151,1151,L1-full,1,0-1,2,True
S10,S10,1151,1151,L1-full,2,2-3,2,True
S10,S10,1151,1151,L1-full,3,4-5,2,True
S10,S10,1151,1151,L1-full,4,8-9-10,3,True
S10,S10,1151,1151,L1-full,5,11-12-13,3,True
S10,S10,1151,1151,L1-full,6,6-7,2,True
S10,S10,1151,1151,L1-full,7,14-15-16,3,True
S10,S10,1151,1151,L1-full,8,17-18-19,3,True
S10,S10,1151,1151,L1-full,9,10-17-20,3,False
S10,S10,1151,1151,L1-full,10,3-5-10,3,False
S10,S10,1151,1151,L1-full,11,16-18-19,3,False
S10,S10,1151,1151,L1-full,12,0-14-23,3,False
S10,S10,1151,1151,L1-full,13,6-11-20,3,False
S10,S10,1151,1151,L1-full,14,5-14-20,3,False
S10,S10,1151,1151,L1-full,15,0-18,2,False
S10,S10,1151,1151,L1-full,16,9-10,2,False
S10,S10,1151,1151,L1-full,17,12-15-19,3,False
S10,S10,1151,1151,L1-full,18,13-17-19,3,False
S10,S10,1151,1151,L1-full,19,3-9-12,3,False
S10,S10,1151,1151,L1-full,20,2-5-6,3,False
S10,S10,1151,1151,L1-full,21,2-15-23,3,False
S10,S10,1151,1151,L1-full,22,2-11-17,3,False
S10,S10,1151,1151,L1-full,23,5-8-10,3,False
S10,S10,1151,1151,L1-full,24,0-19-22,3,False
S10,S10,1151,1151,L1-full,25,0-4-21,3,False
S10,S10,1151,1151,L1-full,26,3-9-18,3,False
S10,S10,1151,1151,L1-full,27,8-18-23,3,False
S10,S10,1151,1151,L1-full,28,14-17-19,3,False
S10,S10,1151,1151,L1-full,29,2-7-12,3,False
S10,S10,1151,1151,L1-full,30,5-8-18,3,False
S10,S10,1151,1151,L1-full,31,0-4-23,3,False
S10,S10,1151,1151,L1-full,32,8-14-18,3,False
S10,S10,1151,1151,L1-full,33,2-10-23,3,False
S10,S10,1151,1151,L1-full,34,1-13-17,3,False
S10,S10,1151,1151,L1-full,35,8-13-15,3,False
S10,S10,1151,1151,L1-full,36,3-7,2,False
S10,S10,1151,1151,L1-full,37,1-12-22,3,False
S10,S10,1151,1151,L1-full,38,2-9-15,3,False
S10,S10,1151,1151,L1-full,39,10-15-16,3,False
S10,S10,1151,1151,L1-full,40,8-13-20,3,False
S10,S10,1151,1151,L1-full,41,0-6-9,3,False
S10,S10,1151,1151,L1-full,42,8-9-18,3,False
S10,S10,1151,1151,L1-full,43,12-14-22,3,False
S10,S10,1151,1151,L1-full,44,0-3-22,3,False
S10,S10,1151,1151,L1-full,45,10-12,2,False
S10,S10,1151,1151,L1-full,46,20-21-22,3,False
S10,S10,1151,1151,L1-full,47,4-7-22,3,False
S10,S10,1151,1151,L1-full,48,3-15-23,3,False
S10,S10,1151,1151,L1-full,49,8-14-17,3,False
S10,S10,1151,1151,L1-full,50,15-16-21,3,False
S10,S10,1151,1151,L1-full,51,10-20-21,3,False
S10,S10,1151,1151,L1-full,52,0-9-18,3,False
S10,S10,1151,1151,L1-full,53,12-15-23,3,False
S10,S10,1151,1151,L1-full,54,13-21,2,False
S10,S10,1151,1151,L1-full,55,5-11,2,False
S10,S10,1151,1151,L1-full,56,11-14-17,3,False
S10,S10,1151,1151,L1-full,57,5-7-18,3,False
S10,S10,1151,1151,L1-full,58,1-8-23,3,False
S10,S10,1151,1151,L1-full,59,6-18-21,3,False
S10,S10,1151,1151,L1-full,60,17-22,2,False
S10,S10,1151,1151,L1-full,61,12-14,2,False
S10,S10,1151,1151,L1-full,62,9-17-20,3,False
S10,S10,1151,1151,L1-full,63,7-16-21,3,False
S10,S10,1151,1151,L1-full,64,5-13-15,3,False
S10,S10,1151,1151,L1-full,65,14-15,2,False
S10,S10,1151,1151,L1-full,66,5-19-22,3,False
S10,S10,1151,1151,L1-full,67,7-9-19,3,False
S10,S10,1151,1151,L1-full,68,2-12-17,3,False
S10,S10,1151,1151,L1-full,69,3-15-22,3,False
S10,S10,1151,1151,L1-full,70,0-23,2,False
S10,S10,1151,1151,L1-full,71,10-11-19,3,False
S10,S10,1151,1151,L1-full,72,14-21-22,3,False
S10,S10,1151,1151,L1-full,73,16-17-20,3,False
S10,S10,1151,1151,L1-full,74,15-19-22,3,False
S10,S10,1151,1151,L1-full,75,2-9-18,3,False
S10,S10,1151,1151,L1-full,76,1-11-15,3,False
S10,S10,1151,1151,L1-full,77,2-4-12,3,False
S10,S10,1151,1151,L1-full,78,11-18,2,False
S10,S10,1151,1151,L1-full,79,0-6-21,3,False
S10,S10,1151,1151,L1-full,80,5-12-18,3,False
S10,S10,1151,1151,L1-full,81,4-13-16,3,False
S10,S10,1151,1151,L1-full,82,9-13-17,3,False
S10,S10,1151,1151,L1-full,83,6-20-23,3,False
S10,S10,1151,1151,L1-full,84,11-13-14,3,False
S10,S10,1151,1151,L1-full,85,0-19-23,3,False
S10,S10,1151,1151,L1-full,86,1-4-22,3,False
S10,S10,1151,1151,L1-full,87,0-13-19,3,False
S10,S10,1151,1151,L1-full,88,0-8-19,3,False
S10,S10,1151,1151,L1-full,89,4-22-23,3,False
S10,S10,1151,1151,L1-full,90,1-8-14,3,False
S10,S10,1151,1151,L1-full,91,7-14-21,3,False
S10,S10,1151,1151,L1-full,92,18-19,2,False
S10,S10,1151,1151,L1-full,93,1-12,2,False
S10,S10,1151,1151,L1-full,94,5-10-20,3,False
S10,S10,1151,1151,L1-full,95,10-13-14,3,False
S10,S10,1151,1151,L1-full,96,1-6-18,3,False
S10,S10,1151,1151,L1-full,97,6-8-22,3,False
S10,S10,1151,1151,L1-full,98,7-14-23,3,False
S10,S10,1151,1151,L1-full,99,2-18-21,3,False
S10,S10,1151,1151,L1-full,100,6-14,2,False
S10,S10,1151,1151,L1-full,101,0-13-14,3,False
S10,S10,1151,1151,L1-full,102,0-11-15,3,False
S10,S10,1151,1151,L1-full,103,8-15-16,3,False
S10,S10,1151,1151,L1-full,104,5-18-22,3,False
S10,S10,1151,1151,L1-full,105,17-20-22,3,False
S10,S10,1151,1151,L1-full,106,3-4-20,3,False
S10,S10,1151,1151,L1-full,107,12-17-19,3,False
S10,S10,1151,1151,L1-full,108,7-8-20,3,False
S10,S10,1151,1151,L1-full,109,7-15-22,3,False
S10,S10,1151,1151,L1-full,110,10-13-21,3,False
S10,S10,1151,1151,L1-full,111,4-6,2,False
S10,S10,1151,1151,L1-full,112,10-15,2,False
S10,S10,1151,1151,L1-full,113,1-16-19,3,False
S10,S10,1151,1151,L1-full,114,14-16-18,3,False
S10,S10,1151,1151,L1-full,115,2-13,2,False
S10,S10,1151,1151,L1-full,116,0-6-22,3,False
S10,S10,1151,1151,L1-full,117,11-15-16,3,False
S10,S10,1151,1151,L1-full,118,0-1-23,3,False
S10,S10,1151,1151,L1-full,119,5-22,2,False
S10,S10,1151,1151,L1-full,120,0-9-23,3,False
S10,S10,1151,1151,L1-full,121,20-21,2,False
S10,S10,1151,1151,L1-full,122,3-5-20,3,False
S10,S10,1151,1151,L1-full,123,1-4-16,3,False
S10,S10,1151,1151,L1-full,124,6-16-22,3,False
S10,S10,1151,1151,L1-full,125,11-14-16,3,False
S10,S10,1151,1151,L1-full,126,5-9-17,3,False
S10,S10,1151,1151,L1-full,127,1-9-17,3,False
S10,S10,1151,1151,L1-full,128,18-19-20,3,False
S10,S10,1151,1151,L1-full,129,3-19,2,False
S10,S10,1151,1151,L1-full,130,16-18-20,3,False
S10,S10,1151,1151,L1-full,131,14-18,2,False
S10,S10,1151,1151,L1-full,132,2-17-22,3,False
S10,S10,1151,1151,L1-full,133,0-9-16,3,False
S10,S10,1151,1151,L1-full,134,6-15-18,3,False
S10,S10,1151,1151,L1-full,135,13-18,2,False
S10,S10,1151,1151,L1-top8,1,0-1,2,True
S10,S10,1151,1151,L1-top8,2,2-3,2,True
S10,S10,1151,1151,L1-top8,3,4-5,2,True
S10,S10,1151,1151,L1-top8,4,8-9-10,3,True
S10,S10,1151,1151,L1-top8,5,11-12-13,3,True
S10,S10,1151,1151,L1-top8,6,6-7,2,True
S10,S10,1151,1151,L1-top8,7,14-15-16,3,True
S10,S10,1151,1151,L1-top8,8,17-18-19,3,True
S10,S10,1151,1151,L1-match,1,0-1,2,True
S10,S10,1151,1151,L1-match,2,2-3,2,True
S10,S10,1151,1151,L1-match,3,4-5,2,True
S10,S10,1151,1151,L1-match,4,8-9-10,3,True
S10,S10,1151,1151,L1-match,5,11-12-13,3,True
S10,S10,1151,1151,L1-match,6,6-7,2,True
S10,S10,1151,1151,L1-match,7,14-15-16,3,True
S10,S10,1151,1151,L1-match,8,17-18-19,3,True
S10,S10,1151,1151,SHIL-k8,1,0-1,2,True
S10,S10,1151,1151,SHIL-k8,2,2-3,2,True
S10,S10,1151,1151,SHIL-k8,3,4-5,2,True
S10,S10,1151,1151,SHIL-k8,4,6-7,2,True
S10,S10,1151,1151,SHIL-k8,5,8-9-10,3,True
S10,S10,1151,1151,SHIL-k8,6,11-12-13,3,True
S10,S10,1151,1151,SHIL-k8,7,17-18-19,3,True
S10,S10,1151,1151,SHIL-k8,8,14-15-16,3,True
S10,S10,1151,1151,SC-L1,1,0-1,2,True
S10,S10,1151,1151,SC-L1,2,2-3,2,True
S10,S10,1151,1151,SC-L1,3,4-5,2,True
S10,S10,1151,1151,SC-L1,4,6-7,2,True
S10,S10,1151,1151,SC-L1,5,8-9-10,3,True
S10,S10,1151,1151,SC-L1,6,11-12-13,3,True
S10,S10,1151,1151,SC-L1,7,14-15-16,3,True
S10,S10,1151,1151,SC-L1,8,17-18-19,3,True
S10,S10,1151,1151,SC-SHIL,1,0-1,2,True
S10,S10,1151,1151,SC-SHIL,2,2-3,2,True
S10,S10,1151,1151,SC-SHIL,3,4-5,2,True
S10,S10,1151,1151,SC-SHIL,4,6-7,2,True
S10,S10,1151,1151,SC-SHIL,5,8-9-10,3,True
S10,S10,1151,1151,SC-SHIL,6,11-12-13,3,True
S10,S10,1151,1151,SC-SHIL,7,14-15-16,3,True
S10,S10,1151,1151,SC-SHIL,8,17-18-19,3,True
S10,S10,1171,1171,L1-full,1,0-1,2,True
S10,S10,1171,1171,L1-full,2,2-3,2,True
S10,S10,1171,1171,L1-full,3,8-9-10,3,True
S10,S10,1171,1171,L1-full,4,4-5,2,True
S10,S10,1171,1171,L1-full,5,11-12-13,3,True
S10,S10,1171,1171,L1-full,6,6-7,2,True
S10,S10,1171,1171,L1-full,7,14-15-16,3,True
S10,S10,1171,1171,L1-full,8,17-18-19,3,True
S10,S10,1171,1171,L1-full,9,3-7-18,3,False
S10,S10,1171,1171,L1-full,10,4-5-13,3,False
S10,S10,1171,1171,L1-full,11,15-19-20,3,False
S10,S10,1171,1171,L1-full,12,9-17-22,3,False
S10,S10,1171,1171,L1-full,13,6-7-19,3,False
S10,S10,1171,1171,L1-full,14,16-23,2,False
S10,S10,1171,1171,L1-full,15,9-16,2,False
S10,S10,1171,1171,L1-full,16,11-12-18,3,False
S10,S10,1171,1171,L1-full,17,5-20-23,3,False
S10,S10,1171,1171,L1-full,18,4-13-18,3,False
S10,S10,1171,1171,L1-full,19,5-16,2,False
S10,S10,1171,1171,L1-full,20,10-12-18,3,False
S10,S10,1171,1171,L1-full,21,9-20-23,3,False
S10,S10,1171,1171,L1-full,22,14-22-23,3,False
S10,S10,1171,1171,L1-full,23,2-13-14,3,False
S10,S10,1171,1171,L1-full,24,6-12-15,3,False
S10,S10,1171,1171,L1-full,25,5-18-21,3,False
S10,S10,1171,1171,L1-full,26,6-11-15,3,False
S10,S10,1171,1171,L1-full,27,5-12-22,3,False
S10,S10,1171,1171,L1-full,28,2-14-16,3,False
S10,S10,1171,1171,L1-full,29,18-19-22,3,False
S10,S10,1171,1171,L1-full,30,5-15-20,3,False
S10,S10,1171,1171,L1-full,31,17-20,2,False
S10,S10,1171,1171,L1-full,32,9-10,2,False
S10,S10,1171,1171,L1-full,33,3-14-23,3,False
S10,S10,1171,1171,L1-full,34,9-11,2,False
S10,S10,1171,1171,L1-full,35,3-6-17,3,False
S10,S10,1171,1171,L1-full,36,3-19-22,3,False
S10,S10,1171,1171,L1-full,37,0-14-20,3,False
S10,S10,1171,1171,L1-full,38,3-7-14,3,False
S10,S10,1171,1171,L1-full,39,3-6-22,3,False
S10,S10,1171,1171,L1-full,40,4-16-20,3,False
S10,S10,1171,1171,L1-full,41,9-10-15,3,False
S10,S10,1171,1171,L1-full,42,20-21,2,False
S10,S10,1171,1171,L1-full,43,10-15-23,3,False
S10,S10,1171,1171,L1-full,44,11-13-17,3,False
S10,S10,1171,1171,L1-full,45,15-16-22,3,False
S10,S10,1171,1171,L1-full,46,2-4-7,3,False
S10,S10,1171,1171,L1-full,47,4-17-21,3,False
S10,S10,1171,1171,L1-full,48,0-6-19,3,False
S10,S10,1171,1171,L1-full,49,1-6-7,3,False
S10,S10,1171,1171,L1-full,50,5-8-12,3,False
S10,S10,1171,1171,L1-full,51,6-8-19,3,False
S10,S10,1171,1171,L1-full,52,16-18-22,3,False
S10,S10,1171,1171,L1-full,53,17-20-22,3,False
S10,S10,1171,1171,L1-full,54,3-4-8,3,False
S10,S10,1171,1171,L1-full,55,6-11-19,3,False
S10,S10,1171,1171,L1-full,56,10-22,2,False
S10,S10,1171,1171,L1-full,57,5-6-17,3,False
S10,S10,1171,1171,L1-full,58,7-21-23,3,False
S10,S10,1171,1171,L1-full,59,1-13-22,3,False
S10,S10,1171,1171,L1-full,60,5-12-18,3,False
S10,S10,1171,1171,L1-full,61,4-20-22,3,False
S10,S10,1171,1171,L1-full,62,13-19-21,3,False
S10,S10,1171,1171,L1-full,63,20-22-23,3,False
S10,S10,1171,1171,L1-full,64,7-12,2,False
S10,S10,1171,1171,L1-full,65,8-12-13,3,False
S10,S10,1171,1171,L1-full,66,16-21,2,False
S10,S10,1171,1171,L1-full,67,11-13-23,3,False
S10,S10,1171,1171,L1-full,68,15-19,2,False
S10,S10,1171,1171,L1-full,69,5-6-20,3,False
S10,S10,1171,1171,L1-full,70,19-22,2,False
S10,S10,1171,1171,L1-full,71,5-20-21,3,False
S10,S10,1171,1171,L1-full,72,10-18-20,3,False
S10,S10,1171,1171,L1-full,73,5-8-23,3,False
S10,S10,1171,1171,L1-full,74,8-17-18,3,False
S10,S10,1171,1171,L1-full,75,7-14,2,False
S10,S10,1171,1171,L1-full,76,5-6-16,3,False
S10,S10,1171,1171,L1-full,77,0-21,2,False
S10,S10,1171,1171,L1-full,78,1-15-17,3,False
S10,S10,1171,1171,L1-full,79,12-14-15,3,False
S10,S10,1171,1171,L1-full,80,15-16-20,3,False
S10,S10,1171,1171,L1-full,81,1-12-23,3,False
S10,S10,1171,1171,L1-full,82,5-8-9,3,False
S10,S10,1171,1171,L1-full,83,4-13-14,3,False
S10,S10,1171,1171,L1-full,84,15-21,2,False
S10,S10,1171,1171,L1-full,85,12-22,2,False
S10,S10,1171,1171,L1-full,86,16-20,2,False
S10,S10,1171,1171,L1-full,87,10-13-21,3,False
S10,S10,1171,1171,L1-top8,1,0-1,2,True
S10,S10,1171,1171,L1-top8,2,2-3,2,True
S10,S10,1171,1171,L1-top8,3,8-9-10,3,True
S10,S10,1171,1171,L1-top8,4,4-5,2,True
S10,S10,1171,1171,L1-top8,5,11-12-13,3,True
S10,S10,1171,1171,L1-top8,6,6-7,2,True
S10,S10,1171,1171,L1-top8,7,14-15-16,3,True
S10,S10,1171,1171,L1-top8,8,17-18-19,3,True
S10,S10,1171,1171,L1-match,1,0-1,2,True
S10,S10,1171,1171,L1-match,2,2-3,2,True
S10,S10,1171,1171,L1-match,3,8-9-10,3,True
S10,S10,1171,1171,L1-match,4,4-5,2,True
S10,S10,1171,1171,L1-match,5,11-12-13,3,True
S10,S10,1171,1171,L1-match,6,6-7,2,True
S10,S10,1171,1171,L1-match,7,14-15-16,3,True
S10,S10,1171,1171,L1-match,8,17-18-19,3,True
S10,S10,1171,1171,SHIL-k8,1,0-1,2,True
S10,S10,1171,1171,SHIL-k8,2,2-3,2,True
S10,S10,1171,1171,SHIL-k8,3,6-7,2,True
S10,S10,1171,1171,SHIL-k8,4,4-5,2,True
S10,S10,1171,1171,SHIL-k8,5,8-9-10,3,True
S10,S10,1171,1171,SHIL-k8,6,11-12-13,3,True
S10,S10,1171,1171,SHIL-k8,7,14-15-16,3,True
S10,S10,1171,1171,SHIL-k8,8,17-18-19,3,True
S10,S10,1171,1171,SC-L1,1,0-1,2,True
S10,S10,1171,1171,SC-L1,2,2-3,2,True
S10,S10,1171,1171,SC-L1,3,4-5,2,True
S10,S10,1171,1171,SC-L1,4,6-7,2,True
S10,S10,1171,1171,SC-L1,5,8-9-10,3,True
S10,S10,1171,1171,SC-L1,6,11-12-13,3,True
S10,S10,1171,1171,SC-L1,7,14-15-16,3,True
S10,S10,1171,1171,SC-L1,8,17-18-19,3,True
S10,S10,1171,1171,SC-SHIL,1,0-1,2,True
S10,S10,1171,1171,SC-SHIL,2,2-3,2,True
S10,S10,1171,1171,SC-SHIL,3,4-5,2,True
S10,S10,1171,1171,SC-SHIL,4,6-7,2,True
S10,S10,1171,1171,SC-SHIL,5,8-9-10,3,True
S10,S10,1171,1171,SC-SHIL,6,11-12-13,3,True
S10,S10,1171,1171,SC-SHIL,7,14-15-16,3,True
S10,S10,1171,1171,SC-SHIL,8,17-18-19,3,True
S10,S10,1181,1181,L1-full,1,0-1,2,True
S10,S10,1181,1181,L1-full,2,2-3,2,True
S10,S10,1181,1181,L1-full,3,4-5,2,True
S10,S10,1181,1181,L1-full,4,8-9-10,3,True
S10,S10,1181,1181,L1-full,5,11-12-13,3,True
S10,S10,1181,1181,L1-full,6,6-7,2,True
S10,S10,1181,1181,L1-full,7,14-15-16,3,True
S10,S10,1181,1181,L1-full,8,17-18-19,3,True
S10,S10,1181,1181,L1-full,9,9-15-23,3,False
S10,S10,1181,1181,L1-full,10,3-10-20,3,False
S10,S10,1181,1181,L1-full,11,2-13-16,3,False
S10,S10,1181,1181,L1-full,12,16-22,2,False
S10,S10,1181,1181,L1-full,13,12-20-21,3,False
S10,S10,1181,1181,L1-full,14,12-15,2,False
S10,S10,1181,1181,L1-full,15,4-6-17,3,False
S10,S10,1181,1181,L1-full,16,13-20-23,3,False
S10,S10,1181,1181,L1-full,17,2-5-6,3,False
S10,S10,1181,1181,L1-full,18,5-17,2,False
S10,S10,1181,1181,L1-full,19,0-2-20,3,False
S10,S10,1181,1181,L1-full,20,4-18-20,3,False
S10,S10,1181,1181,L1-full,21,1-5-8,3,False
S10,S10,1181,1181,L1-full,22,6-17-21,3,False
S10,S10,1181,1181,L1-full,23,12-15-19,3,False
S10,S10,1181,1181,L1-full,24,3-4-14,3,False
S10,S10,1181,1181,L1-full,25,5-13-18,3,False
S10,S10,1181,1181,L1-full,26,9-19-20,3,False
S10,S10,1181,1181,L1-full,27,7-10-18,3,False
S10,S10,1181,1181,L1-full,28,12-19-20,3,False
S10,S10,1181,1181,L1-full,29,7-8-17,3,False
S10,S10,1181,1181,L1-full,30,15-20-23,3,False
S10,S10,1181,1181,L1-full,31,3-11-14,3,False
S10,S10,1181,1181,L1-full,32,5-8-16,3,False
S10,S10,1181,1181,L1-full,33,8-20-22,3,False
S10,S10,1181,1181,L1-full,34,9-17-21,3,False
S10,S10,1181,1181,L1-full,35,11-12-20,3,False
S10,S10,1181,1181,L1-full,36,3-6-19,3,False
S10,S10,1181,1181,L1-full,37,16-21,2,False
S10,S10,1181,1181,L1-full,38,6-8-19,3,False
S10,S10,1181,1181,L1-full,39,8-14-15,3,False
S10,S10,1181,1181,L1-full,40,8-17-20,3,False
S10,S10,1181,1181,L1-full,41,9-22-23,3,False
S10,S10,1181,1181,L1-full,42,0-11-13,3,False
S10,S10,1181,1181,L1-full,43,3-10-12,3,False
S10,S10,1181,1181,L1-full,44,1-2-11,3,False
S10,S10,1181,1181,L1-full,45,5-15-21,3,False
S10,S10,1181,1181,L1-full,46,5-10,2,False
S10,S10,1181,1181,L1-full,47,7-8-15,3,False
S10,S10,1181,1181,L1-full,48,1-4-16,3,False
S10,S10,1181,1181,L1-full,49,5-18-20,3,False
S10,S10,1181,1181,L1-full,50,3-15-22,3,False
S10,S10,1181,1181,L1-full,51,5-7-10,3,False
S10,S10,1181,1181,L1-full,52,6-13,2,False
S10,S10,1181,1181,L1-full,53,4-8-13,3,False
S10,S10,1181,1181,L1-full,54,0-6-17,3,False
S10,S10,1181,1181,L1-full,55,8-18-23,3,False
S10,S10,1181,1181,L1-full,56,3-21-22,3,False
S10,S10,1181,1181,L1-full,57,12-15-20,3,False
S10,S10,1181,1181,L1-full,58,7-17-19,3,False
S10,S10,1181,1181,L1-full,59,7-11-18,3,False
S10,S10,1181,1181,L1-full,60,3-11-21,3,False
S10,S10,1181,1181,L1-full,61,9-21,2,False
S10,S10,1181,1181,L1-full,62,12-16-22,3,False
S10,S10,1181,1181,L1-full,63,13-15,2,False
S10,S10,1181,1181,L1-full,64,11-19-21,3,False
S10,S10,1181,1181,L1-full,65,1-3-7,3,False
S10,S10,1181,1181,L1-full,66,13-14,2,False
S10,S10,1181,1181,L1-full,67,4-17-19,3,False
S10,S10,1181,1181,L1-full,68,11-21-23,3,False
S10,S10,1181,1181,L1-full,69,0-14-21,3,False
S10,S10,1181,1181,L1-full,70,4-9-20,3,False
S10,S10,1181,1181,L1-full,71,1-21-23,3,False
S10,S10,1181,1181,L1-full,72,8-16-19,3,False
S10,S10,1181,1181,L1-full,73,8-18-19,3,False
S10,S10,1181,1181,L1-full,74,4-14-15,3,False
S10,S10,1181,1181,L1-full,75,1-12-20,3,False
S10,S10,1181,1181,L1-full,76,1-17-19,3,False
S10,S10,1181,1181,L1-full,77,12-13-17,3,False
S10,S10,1181,1181,L1-full,78,7-15-19,3,False
S10,S10,1181,1181,L1-full,79,16-17-20,3,False
S10,S10,1181,1181,L1-full,80,0-17,2,False
S10,S10,1181,1181,L1-full,81,9-11-23,3,False
S10,S10,1181,1181,L1-full,82,12-21-22,3,False
S10,S10,1181,1181,L1-full,83,3-4-12,3,False
S10,S10,1181,1181,L1-full,84,1-7,2,False
S10,S10,1181,1181,L1-full,85,0-8,2,False
S10,S10,1181,1181,L1-full,86,5-9-11,3,False
S10,S10,1181,1181,L1-full,87,13-16,2,False
S10,S10,1181,1181,L1-full,88,16-17-18,3,False
S10,S10,1181,1181,L1-full,89,2-7-20,3,False
S10,S10,1181,1181,L1-full,90,2-9-16,3,False
S10,S10,1181,1181,L1-full,91,4-11-15,3,False
S10,S10,1181,1181,L1-full,92,1-5-23,3,False
S10,S10,1181,1181,L1-full,93,7-13-17,3,False
S10,S10,1181,1181,L1-full,94,1-8-16,3,False
S10,S10,1181,1181,L1-full,95,9-10-21,3,False
S10,S10,1181,1181,L1-full,96,11-16-17,3,False
S10,S10,1181,1181,L1-full,97,0-8-20,3,False
S10,S10,1181,1181,L1-full,98,2-7-13,3,False
S10,S10,1181,1181,L1-full,99,3-12-14,3,False
S10,S10,1181,1181,L1-full,100,10-18-23,3,False
S10,S10,1181,1181,L1-full,101,15-21-23,3,False
S10,S10,1181,1181,L1-full,102,6-12,2,False
S10,S10,1181,1181,L1-full,103,5-6-21,3,False
S10,S10,1181,1181,L1-full,104,11-13-17,3,False
S10,S10,1181,1181,L1-full,105,6-12-23,3,False
S10,S10,1181,1181,L1-full,106,3-4-11,3,False
S10,S10,1181,1181,L1-full,107,4-7-22,3,False
S10,S10,1181,1181,L1-full,108,2-3-8,3,False
S10,S10,1181,1181,L1-full,109,2-8-20,3,False
S10,S10,1181,1181,L1-full,110,2-13,2,False
S10,S10,1181,1181,L1-full,111,4-21-23,3,False
S10,S10,1181,1181,L1-full,112,4-16-21,3,False
S10,S10,1181,1181,L1-full,113,11-14-15,3,False
S10,S10,1181,1181,L1-full,114,6-8-13,3,False
S10,S10,1181,1181,L1-full,115,3-18-22,3,False
S10,S10,1181,1181,L1-full,116,5-7-17,3,False
S10,S10,1181,1181,L1-full,117,10-18-20,3,False
S10,S10,1181,1181,L1-full,118,4-12-19,3,False
S10,S10,1181,1181,L1-full,119,6-11-12,3,False
S10,S10,1181,1181,L1-full,120,16-21-22,3,False
S10,S10,1181,1181,L1-full,121,10-20,2,False
S10,S10,1181,1181,L1-full,122,11-13-14,3,False
S10,S10,1181,1181,L1-full,123,11-19-23,3,False
S10,S10,1181,1181,L1-full,124,9-13-22,3,False
S10,S10,1181,1181,L1-full,125,2-14-16,3,False
S10,S10,1181,1181,L1-full,126,10-12-18,3,False
S10,S10,1181,1181,L1-full,127,12-22,2,False
S10,S10,1181,1181,L1-full,128,5-21-23,3,False
S10,S10,1181,1181,L1-full,129,1-6-19,3,False
S10,S10,1181,1181,L1-full,130,20-21-23,3,False
S10,S10,1181,1181,L1-full,131,3-13-21,3,False
S10,S10,1181,1181,L1-full,132,3-10-11,3,False
S10,S10,1181,1181,L1-full,133,9-15-21,3,False
S10,S10,1181,1181,L1-full,134,6-14-19,3,False
S10,S10,1181,1181,L1-top8,1,0-1,2,True
S10,S10,1181,1181,L1-top8,2,2-3,2,True
S10,S10,1181,1181,L1-top8,3,4-5,2,True
S10,S10,1181,1181,L1-top8,4,8-9-10,3,True
S10,S10,1181,1181,L1-top8,5,11-12-13,3,True
S10,S10,1181,1181,L1-top8,6,6-7,2,True
S10,S10,1181,1181,L1-top8,7,14-15-16,3,True
S10,S10,1181,1181,L1-top8,8,17-18-19,3,True
S10,S10,1181,1181,L1-match,1,0-1,2,True
S10,S10,1181,1181,L1-match,2,2-3,2,True
S10,S10,1181,1181,L1-match,3,4-5,2,True
S10,S10,1181,1181,L1-match,4,8-9-10,3,True
S10,S10,1181,1181,L1-match,5,11-12-13,3,True
S10,S10,1181,1181,L1-match,6,6-7,2,True
S10,S10,1181,1181,L1-match,7,14-15-16,3,True
S10,S10,1181,1181,L1-match,8,17-18-19,3,True
S10,S10,1181,1181,SHIL-k8,1,0-1,2,True
S10,S10,1181,1181,SHIL-k8,2,2-3,2,True
S10,S10,1181,1181,SHIL-k8,3,4-5,2,True
S10,S10,1181,1181,SHIL-k8,4,6-7,2,True
S10,S10,1181,1181,SHIL-k8,5,8-9-10,3,True
S10,S10,1181,1181,SHIL-k8,6,14-15-16,3,True
S10,S10,1181,1181,SHIL-k8,7,11-12-13,3,True
S10,S10,1181,1181,SHIL-k8,8,17-18-19,3,True
S10,S10,1181,1181,SC-L1,1,0-1,2,True
S10,S10,1181,1181,SC-L1,2,2-3,2,True
S10,S10,1181,1181,SC-L1,3,4-5,2,True
S10,S10,1181,1181,SC-L1,4,6-7,2,True
S10,S10,1181,1181,SC-L1,5,8-9-10,3,True
S10,S10,1181,1181,SC-L1,6,11-12-13,3,True
S10,S10,1181,1181,SC-L1,7,14-15-16,3,True
S10,S10,1181,1181,SC-L1,8,17-18-19,3,True
S10,S10,1181,1181,SC-SHIL,1,0-1,2,True
S10,S10,1181,1181,SC-SHIL,2,2-3,2,True
S10,S10,1181,1181,SC-SHIL,3,4-5,2,True
S10,S10,1181,1181,SC-SHIL,4,6-7,2,True
S10,S10,1181,1181,SC-SHIL,5,8-9-10,3,True
S10,S10,1181,1181,SC-SHIL,6,11-12-13,3,True
S10,S10,1181,1181,SC-SHIL,7,14-15-16,3,True
S10,S10,1181,1181,SC-SHIL,8,17-18-19,3,True
S10,S10,1201,1201,L1-full,1,0-1,2,True
S10,S10,1201,1201,L1-full,2,2-3,2,True
S10,S10,1201,1201,L1-full,3,8-9-10,3,True
S10,S10,1201,1201,L1-full,4,4-5,2,True
S10,S10,1201,1201,L1-full,5,11-12-13,3,True
S10,S10,1201,1201,L1-full,6,6-7,2,True
S10,S10,1201,1201,L1-full,7,14-15-16,3,True
S10,S10,1201,1201,L1-full,8,17-18-19,3,True
S10,S10,1201,1201,L1-full,9,6-9-11,3,False
S10,S10,1201,1201,L1-full,10,15-16-17,3,False
S10,S10,1201,1201,L1-full,11,5-8-9,3,False
S10,S10,1201,1201,L1-full,12,3-5-15,3,False
S10,S10,1201,1201,L1-full,13,1-8-11,3,False
S10,S10,1201,1201,L1-full,14,2-6-23,3,False
S10,S10,1201,1201,L1-full,15,7-10-21,3,False
S10,S10,1201,1201,L1-full,16,9-21-22,3,False
S10,S10,1201,1201,L1-full,17,5-18-19,3,False
S10,S10,1201,1201,L1-full,18,7-14,2,False
S10,S10,1201,1201,L1-full,19,12-21-23,3,False
S10,S10,1201,1201,L1-full,20,2-11-15,3,False
S10,S10,1201,1201,L1-full,21,16-23,2,False
S10,S10,1201,1201,L1-full,22,7-16-18,3,False
S10,S10,1201,1201,L1-full,23,16-19-21,3,False
S10,S10,1201,1201,L1-full,24,10-14-21,3,False
S10,S10,1201,1201,L1-full,25,7-13-18,3,False
S10,S10,1201,1201,L1-full,26,15-16,2,False
S10,S10,1201,1201,L1-full,27,1-14-16,3,False
S10,S10,1201,1201,L1-full,28,6-10-13,3,False
S10,S10,1201,1201,L1-full,29,14-17-20,3,False
S10,S10,1201,1201,L1-full,30,4-13-23,3,False
S10,S10,1201,1201,L1-full,31,7-13-22,3,False
S10,S10,1201,1201,L1-full,32,4-7-8,3,False
S10,S10,1201,1201,L1-full,33,7-8-17,3,False
S10,S10,1201,1201,L1-full,34,8-16,2,False
S10,S10,1201,1201,L1-full,35,1-9-10,3,False
S10,S10,1201,1201,L1-full,36,12-15-23,3,False
S10,S10,1201,1201,L1-full,37,4-19-20,3,False
S10,S10,1201,1201,L1-full,38,6-15,2,False
S10,S10,1201,1201,L1-full,39,2-9-19,3,False
S10,S10,1201,1201,L1-full,40,13-14-15,3,False
S10,S10,1201,1201,L1-full,41,2-13-16,3,False
S10,S10,1201,1201,L1-full,42,2-4-13,3,False
S10,S10,1201,1201,L1-full,43,4-21-22,3,False
S10,S10,1201,1201,L1-full,44,6-13-15,3,False
S10,S10,1201,1201,L1-full,45,0-4-19,3,False
S10,S10,1201,1201,L1-full,46,3-4-10,3,False
S10,S10,1201,1201,L1-full,47,4-7-12,3,False
S10,S10,1201,1201,L1-full,48,6-11-15,3,False
S10,S10,1201,1201,L1-full,49,5-10,2,False
S10,S10,1201,1201,L1-full,50,1-8-12,3,False
S10,S10,1201,1201,L1-full,51,12-17-21,3,False
S10,S10,1201,1201,L1-full,52,8-15,2,False
S10,S10,1201,1201,L1-full,53,2-12-23,3,False
S10,S10,1201,1201,L1-full,54,1-10-11,3,False
S10,S10,1201,1201,L1-full,55,9-15-23,3,False
S10,S10,1201,1201,L1-full,56,2-4-15,3,False
S10,S10,1201,1201,L1-full,57,4-6-18,3,False
S10,S10,1201,1201,L1-full,58,15-16-21,3,False
S10,S10,1201,1201,L1-full,59,7-17-18,3,False
S10,S10,1201,1201,L1-full,60,1-14-22,3,False
S10,S10,1201,1201,L1-full,61,7-10-12,3,False
S10,S10,1201,1201,L1-full,62,12-19,2,False
S10,S10,1201,1201,L1-full,63,18-20-21,3,False
S10,S10,1201,1201,L1-full,64,3-12-23,3,False
S10,S10,1201,1201,L1-full,65,2-4-5,3,False
S10,S10,1201,1201,L1-full,66,6-8-19,3,False
S10,S10,1201,1201,L1-full,67,5-8-10,3,False
S10,S10,1201,1201,L1-full,68,7-13-16,3,False
S10,S10,1201,1201,L1-full,69,1-2-23,3,False
S10,S10,1201,1201,L1-full,70,5-10-21,3,False
S10,S10,1201,1201,L1-full,71,9-10-22,3,False
S10,S10,1201,1201,L1-full,72,4-17-19,3,False
S10,S10,1201,1201,L1-full,73,2-17-23,3,False
S10,S10,1201,1201,L1-full,74,10-15-19,3,False
S10,S10,1201,1201,L1-full,75,3-9-19,3,False
S10,S10,1201,1201,L1-full,76,0-20-21,3,False
S10,S10,1201,1201,L1-full,77,17-21,2,False
S10,S10,1201,1201,L1-full,78,5-11-12,3,False
S10,S10,1201,1201,L1-full,79,12-20-23,3,False
S10,S10,1201,1201,L1-full,80,6-10-20,3,False
S10,S10,1201,1201,L1-full,81,1-2-14,3,False
S10,S10,1201,1201,L1-full,82,6-21-22,3,False
S10,S10,1201,1201,L1-full,83,6-18-23,3,False
S10,S10,1201,1201,L1-full,84,1-4-15,3,False
S10,S10,1201,1201,L1-full,85,3-19-21,3,False
S10,S10,1201,1201,L1-full,86,9-22-23,3,False
S10,S10,1201,1201,L1-full,87,3-7-15,3,False
S10,S10,1201,1201,L1-full,88,12-22,2,False
S10,S10,1201,1201,L1-full,89,2-13,2,False
S10,S10,1201,1201,L1-full,90,14-20,2,False
S10,S10,1201,1201,L1-full,91,11-12-15,3,False
S10,S10,1201,1201,L1-full,92,1-11-21,3,False
S10,S10,1201,1201,L1-full,93,8-15-22,3,False
S10,S10,1201,1201,L1-full,94,1-7-11,3,False
S10,S10,1201,1201,L1-full,95,0-21,2,False
S10,S10,1201,1201,L1-full,96,8-17-23,3,False
S10,S10,1201,1201,L1-full,97,0-10,2,False
S10,S10,1201,1201,L1-full,98,4-6-14,3,False
S10,S10,1201,1201,L1-full,99,14-19-20,3,False
S10,S10,1201,1201,L1-full,100,1-5-9,3,False
S10,S10,1201,1201,L1-full,101,0-9-11,3,False
S10,S10,1201,1201,L1-full,102,0-21-23,3,False
S10,S10,1201,1201,L1-full,103,1-3-21,3,False
S10,S10,1201,1201,L1-full,104,4-11-21,3,False
S10,S10,1201,1201,L1-full,105,2-6-10,3,False
S10,S10,1201,1201,L1-full,106,6-11-23,3,False
S10,S10,1201,1201,L1-full,107,0-3-18,3,False
S10,S10,1201,1201,L1-full,108,16-19,2,False
S10,S10,1201,1201,L1-full,109,10-11-13,3,False
S10,S10,1201,1201,L1-full,110,11-14-19,3,False
S10,S10,1201,1201,L1-full,111,7-20-23,3,False
S10,S10,1201,1201,L1-full,112,14-18-23,3,False
S10,S10,1201,1201,L1-full,113,1-20-23,3,False
S10,S10,1201,1201,L1-top8,1,0-1,2,True
S10,S10,1201,1201,L1-top8,2,2-3,2,True
S10,S10,1201,1201,L1-top8,3,8-9-10,3,True
S10,S10,1201,1201,L1-top8,4,4-5,2,True
S10,S10,1201,1201,L1-top8,5,11-12-13,3,True
S10,S10,1201,1201,L1-top8,6,6-7,2,True
S10,S10,1201,1201,L1-top8,7,14-15-16,3,True
S10,S10,1201,1201,L1-top8,8,17-18-19,3,True
S10,S10,1201,1201,L1-match,1,0-1,2,True
S10,S10,1201,1201,L1-match,2,2-3,2,True
S10,S10,1201,1201,L1-match,3,8-9-10,3,True
S10,S10,1201,1201,L1-match,4,4-5,2,True
S10,S10,1201,1201,L1-match,5,11-12-13,3,True
S10,S10,1201,1201,L1-match,6,6-7,2,True
S10,S10,1201,1201,L1-match,7,14-15-16,3,True
S10,S10,1201,1201,L1-match,8,17-18-19,3,True
S10,S10,1201,1201,SHIL-k8,1,0-1,2,True
S10,S10,1201,1201,SHIL-k8,2,2-3,2,True
S10,S10,1201,1201,SHIL-k8,3,4-5,2,True
S10,S10,1201,1201,SHIL-k8,4,6-7,2,True
S10,S10,1201,1201,SHIL-k8,5,8-9-10,3,True
S10,S10,1201,1201,SHIL-k8,6,11-12-13,3,True
S10,S10,1201,1201,SHIL-k8,7,14-15-16,3,True
S10,S10,1201,1201,SHIL-k8,8,17-18-19,3,True
S10,S10,1201,1201,SC-L1,1,0-1,2,True
S10,S10,1201,1201,SC-L1,2,2-3,2,True
S10,S10,1201,1201,SC-L1,3,4-5,2,True
S10,S10,1201,1201,SC-L1,4,6-7,2,True
S10,S10,1201,1201,SC-L1,5,8-9-10,3,True
S10,S10,1201,1201,SC-L1,6,11-12-13,3,True
S10,S10,1201,1201,SC-L1,7,14-15-16,3,True
S10,S10,1201,1201,SC-L1,8,17-18-19,3,True
S10,S10,1201,1201,SC-SHIL,1,0-1,2,True
S10,S10,1201,1201,SC-SHIL,2,2-3,2,True
S10,S10,1201,1201,SC-SHIL,3,4-5,2,True
S10,S10,1201,1201,SC-SHIL,4,6-7,2,True
S10,S10,1201,1201,SC-SHIL,5,8-9-10,3,True
S10,S10,1201,1201,SC-SHIL,6,11-12-13,3,True
S10,S10,1201,1201,SC-SHIL,7,14-15-16,3,True
S10,S10,1201,1201,SC-SHIL,8,17-18-19,3,True
S10,S10,1213,1213,L1-full,1,0-1,2,True
S10,S10,1213,1213,L1-full,2,2-3,2,True
S10,S10,1213,1213,L1-full,3,8-9-10,3,True
S10,S10,1213,1213,L1-full,4,4-5,2,True
S10,S10,1213,1213,L1-full,5,11-12-13,3,True
S10,S10,1213,1213,L1-full,6,6-7,2,True
S10,S10,1213,1213,L1-full,7,14-15-16,3,True
S10,S10,1213,1213,L1-full,8,17-18-19,3,True
S10,S10,1213,1213,L1-full,9,3-6-14,3,False
S10,S10,1213,1213,L1-full,10,17-22,2,False
S10,S10,1213,1213,L1-full,11,1-3-5,3,False
S10,S10,1213,1213,L1-full,12,1-9-22,3,False
S10,S10,1213,1213,L1-full,13,4-8,2,False
S10,S10,1213,1213,L1-full,14,2-14-18,3,False
S10,S10,1213,1213,L1-full,15,2-10-18,3,False
S10,S10,1213,1213,L1-full,16,1-22-23,3,False
S10,S10,1213,1213,L1-full,17,13-16-22,3,False
S10,S10,1213,1213,L1-full,18,2-6-20,3,False
S10,S10,1213,1213,L1-full,19,9-16-22,3,False
S10,S10,1213,1213,L1-full,20,10-17-21,3,False
S10,S10,1213,1213,L1-full,21,0-3,2,False
S10,S10,1213,1213,L1-full,22,5-9-23,3,False
S10,S10,1213,1213,L1-full,23,0-3-22,3,False
S10,S10,1213,1213,L1-full,24,3-16-18,3,False
S10,S10,1213,1213,L1-full,25,12-15-21,3,False
S10,S10,1213,1213,L1-full,26,11-13-21,3,False
S10,S10,1213,1213,L1-full,27,3-13-14,3,False
S10,S10,1213,1213,L1-full,28,3-11-13,3,False
S10,S10,1213,1213,L1-full,29,2-6-17,3,False
S10,S10,1213,1213,L1-full,30,6-15,2,False
S10,S10,1213,1213,L1-full,31,5-14-22,3,False
S10,S10,1213,1213,L1-full,32,0-9-14,3,False
S10,S10,1213,1213,L1-full,33,11-17,2,False
S10,S10,1213,1213,L1-full,34,3-6-16,3,False
S10,S10,1213,1213,L1-full,35,1-2-22,3,False
S10,S10,1213,1213,L1-full,36,5-19-21,3,False
S10,S10,1213,1213,L1-full,37,11-12-22,3,False
S10,S10,1213,1213,L1-full,38,4-8-20,3,False
S10,S10,1213,1213,L1-full,39,1-19-23,3,False
S10,S10,1213,1213,L1-full,40,6-12-20,3,False
S10,S10,1213,1213,L1-full,41,0-8-9,3,False
S10,S10,1213,1213,L1-full,42,6-15-22,3,False
S10,S10,1213,1213,L1-full,43,1-8-10,3,False
S10,S10,1213,1213,L1-full,44,10-20-22,3,False
S10,S10,1213,1213,L1-full,45,2-5-9,3,False
S10,S10,1213,1213,L1-full,46,16-20-21,3,False
S10,S10,1213,1213,L1-full,47,5-19-20,3,False
S10,S10,1213,1213,L1-full,48,10-14-23,3,False
S10,S10,1213,1213,L1-full,49,1-2-19,3,False
S10,S10,1213,1213,L1-full,50,7-11-14,3,False
S10,S10,1213,1213,L1-full,51,3-14-20,3,False
S10,S10,1213,1213,L1-full,52,16-19-20,3,False
S10,S10,1213,1213,L1-full,53,13-19-20,3,False
S10,S10,1213,1213,L1-full,54,2-18-20,3,False
S10,S10,1213,1213,L1-full,55,1-4-20,3,False
S10,S10,1213,1213,L1-full,56,4-13-18,3,False
S10,S10,1213,1213,L1-full,57,4-18-19,3,False
S10,S10,1213,1213,L1-full,58,10-14,2,False
S10,S10,1213,1213,L1-full,59,3-14,2,False
S10,S10,1213,1213,L1-full,60,11-21-22,3,False
S10,S10,1213,1213,L1-full,61,5-7-13,3,False
S10,S10,1213,1213,L1-full,62,1-14-15,3,False
S10,S10,1213,1213,L1-full,63,4-14-19,3,False
S10,S10,1213,1213,L1-full,64,9-13-14,3,False
S10,S10,1213,1213,L1-full,65,3-12-19,3,False
S10,S10,1213,1213,L1-full,66,11-14-19,3,False
S10,S10,1213,1213,L1-full,67,4-5-14,3,False
S10,S10,1213,1213,L1-full,68,14-16,2,False
S10,S10,1213,1213,L1-full,69,3-6-21,3,False
S10,S10,1213,1213,L1-full,70,0-20,2,False
S10,S10,1213,1213,L1-full,71,4-20,2,False
S10,S10,1213,1213,L1-full,72,3-4-8,3,False
S10,S10,1213,1213,L1-full,73,4-6-15,3,False
S10,S10,1213,1213,L1-full,74,3-7-13,3,False
S10,S10,1213,1213,L1-full,75,6-10-13,3,False
S10,S10,1213,1213,L1-full,76,5-16-19,3,False
S10,S10,1213,1213,L1-full,77,3-9-21,3,False
S10,S10,1213,1213,L1-full,78,3-4-10,3,False
S10,S10,1213,1213,L1-full,79,8-15-22,3,False
S10,S10,1213,1213,L1-full,80,0-5-20,3,False
S10,S10,1213,1213,L1-full,81,2-20,2,False
S10,S10,1213,1213,L1-full,82,8-17,2,False
S10,S10,1213,1213,L1-full,83,3-13-17,3,False
S10,S10,1213,1213,L1-full,84,10-22,2,False
S10,S10,1213,1213,L1-full,85,8-14-22,3,False
S10,S10,1213,1213,L1-full,86,7-12-17,3,False
S10,S10,1213,1213,L1-full,87,4-18-22,3,False
S10,S10,1213,1213,L1-full,88,8-13-21,3,False
S10,S10,1213,1213,L1-full,89,6-17,2,False
S10,S10,1213,1213,L1-full,90,0-17-19,3,False
S10,S10,1213,1213,L1-full,91,8-17-21,3,False
S10,S10,1213,1213,L1-full,92,2-5-17,3,False
S10,S10,1213,1213,L1-full,93,11-16-21,3,False
S10,S10,1213,1213,L1-full,94,2-7-19,3,False
S10,S10,1213,1213,L1-full,95,8-11-20,3,False
S10,S10,1213,1213,L1-full,96,1-3-23,3,False
S10,S10,1213,1213,L1-full,97,13-14-20,3,False
S10,S10,1213,1213,L1-full,98,19-20-22,3,False
S10,S10,1213,1213,L1-full,99,2-6-11,3,False
S10,S10,1213,1213,L1-full,100,9-15-22,3,False
S10,S10,1213,1213,L1-full,101,14-16-18,3,False
S10,S10,1213,1213,L1-full,102,11-14-20,3,False
S10,S10,1213,1213,L1-full,103,10-18-22,3,False
S10,S10,1213,1213,L1-full,104,2-17-19,3,False
S10,S10,1213,1213,L1-full,105,0-4-20,3,False
S10,S10,1213,1213,L1-full,106,0-19-23,3,False
S10,S10,1213,1213,L1-full,107,12-17-18,3,False
S10,S10,1213,1213,L1-full,108,4-11-16,3,False
S10,S10,1213,1213,L1-full,109,5-15-17,3,False
S10,S10,1213,1213,L1-full,110,8-11-16,3,False
S10,S10,1213,1213,L1-full,111,0-15-22,3,False
S10,S10,1213,1213,L1-full,112,1-5,2,False
S10,S10,1213,1213,L1-full,113,7-22,2,False
S10,S10,1213,1213,L1-full,114,5-17-21,3,False
S10,S10,1213,1213,L1-full,115,5-12-14,3,False
S10,S10,1213,1213,L1-full,116,5-14-15,3,False
S10,S10,1213,1213,L1-full,117,5-8-18,3,False
S10,S10,1213,1213,L1-full,118,14-17-18,3,False
S10,S10,1213,1213,L1-full,119,10-21-22,3,False
S10,S10,1213,1213,L1-full,120,14-19-21,3,False
S10,S10,1213,1213,L1-full,121,8-15,2,False
S10,S10,1213,1213,L1-full,122,5-10,2,False
S10,S10,1213,1213,L1-full,123,3-4-15,3,False
S10,S10,1213,1213,L1-full,124,6-19,2,False
S10,S10,1213,1213,L1-full,125,0-4-10,3,False
S10,S10,1213,1213,L1-full,126,1-6,2,False
S10,S10,1213,1213,L1-full,127,0-7-11,3,False
S10,S10,1213,1213,L1-full,128,0-6-21,3,False
S10,S10,1213,1213,L1-full,129,2-4-9,3,False
S10,S10,1213,1213,L1-full,130,0-7-18,3,False
S10,S10,1213,1213,L1-full,131,4-12-23,3,False
S10,S10,1213,1213,L1-full,132,12-13-22,3,False
S10,S10,1213,1213,L1-full,133,12-16-19,3,False
S10,S10,1213,1213,L1-full,134,8-15-17,3,False
S10,S10,1213,1213,L1-full,135,0-2-22,3,False
S10,S10,1213,1213,L1-full,136,14-16-21,3,False
S10,S10,1213,1213,L1-full,137,9-14-23,3,False
S10,S10,1213,1213,L1-full,138,8-10-16,3,False
S10,S10,1213,1213,L1-full,139,5-19-22,3,False
S10,S10,1213,1213,L1-full,140,6-16-20,3,False
S10,S10,1213,1213,L1-full,141,7-12-14,3,False
S10,S10,1213,1213,L1-full,142,7-16-17,3,False
S10,S10,1213,1213,L1-full,143,1-4-21,3,False
S10,S10,1213,1213,L1-full,144,5-12-18,3,False
S10,S10,1213,1213,L1-full,145,0-10-21,3,False
S10,S10,1213,1213,L1-full,146,7-23,2,False
S10,S10,1213,1213,L1-full,147,8-19-21,3,False
S10,S10,1213,1213,L1-full,148,3-7-17,3,False
S10,S10,1213,1213,L1-full,149,13-15-22,3,False
S10,S10,1213,1213,L1-full,150,1-10-21,3,False
S10,S10,1213,1213,L1-full,151,13-18,2,False
S10,S10,1213,1213,L1-full,152,2-22,2,False
S10,S10,1213,1213,L1-full,153,0-2-16,3,False
S10,S10,1213,1213,L1-full,154,17-19-21,3,False
S10,S10,1213,1213,L1-full,155,0-12-19,3,False
S10,S10,1213,1213,L1-full,156,20-22,2,False
S10,S10,1213,1213,L1-full,157,2-5-15,3,False
S10,S10,1213,1213,L1-full,158,7-8-23,3,False
S10,S10,1213,1213,L1-full,159,9-17-23,3,False
S10,S10,1213,1213,L1-full,160,3-10-14,3,False
S10,S10,1213,1213,L1-full,161,0-7-23,3,False
S10,S10,1213,1213,L1-full,162,9-13-20,3,False
S10,S10,1213,1213,L1-full,163,7-18-20,3,False
S10,S10,1213,1213,L1-full,164,13-16-20,3,False
S10,S10,1213,1213,L1-full,165,12-13-17,3,False
S10,S10,1213,1213,L1-full,166,4-6-9,3,False
S10,S10,1213,1213,L1-full,167,3-7-16,3,False
S10,S10,1213,1213,L1-full,168,1-6-8,3,False
S10,S10,1213,1213,L1-full,169,13-18-19,3,False
S10,S10,1213,1213,L1-full,170,9-11-20,3,False
S10,S10,1213,1213,L1-full,171,5-13-21,3,False
S10,S10,1213,1213,L1-full,172,6-20,2,False
S10,S10,1213,1213,L1-full,173,6-9-13,3,False
S10,S10,1213,1213,L1-full,174,8-9-22,3,False
S10,S10,1213,1213,L1-full,175,11-16,2,False
S10,S10,1213,1213,L1-full,176,0-7-21,3,False
S10,S10,1213,1213,L1-full,177,5-8-15,3,False
S10,S10,1213,1213,L1-full,178,14-18-23,3,False
S10,S10,1213,1213,L1-full,179,6-10-12,3,False
S10,S10,1213,1213,L1-full,180,4-7-17,3,False
S10,S10,1213,1213,L1-full,181,6-18-19,3,False
S10,S10,1213,1213,L1-full,182,2-6-8,3,False
S10,S10,1213,1213,L1-full,183,7-9-23,3,False
S10,S10,1213,1213,L1-full,184,4-14-23,3,False
S10,S10,1213,1213,L1-full,185,12-18-21,3,False
S10,S10,1213,1213,L1-full,186,4-5-7,3,False
S10,S10,1213,1213,L1-full,187,9-11-16,3,False
S10,S10,1213,1213,L1-full,188,12-16-18,3,False
S10,S10,1213,1213,L1-full,189,3-16-21,3,False
S10,S10,1213,1213,L1-full,190,0-20-23,3,False
S10,S10,1213,1213,L1-full,191,1-6-14,3,False
S10,S10,1213,1213,L1-full,192,3-9-15,3,False
S10,S10,1213,1213,L1-full,193,16-20-22,3,False
S10,S10,1213,1213,L1-full,194,20-23,2,False
S10,S10,1213,1213,L1-full,195,7-17-18,3,False
S10,S10,1213,1213,L1-full,196,3-23,2,False
S10,S10,1213,1213,L1-full,197,6-7-19,3,False
S10,S10,1213,1213,L1-full,198,21-22,2,False
S10,S10,1213,1213,L1-full,199,4-12-16,3,False
S10,S10,1213,1213,L1-full,200,5-15-18,3,False
S10,S10,1213,1213,L1-full,201,1-2,2,False
S10,S10,1213,1213,L1-full,202,7-17-23,3,False
S10,S10,1213,1213,L1-full,203,7-9-21,3,False
S10,S10,1213,1213,L1-full,204,7-13-14,3,False
S10,S10,1213,1213,L1-full,205,5-6-20,3,False
S10,S10,1213,1213,L1-full,206,17-18,2,False
S10,S10,1213,1213,L1-full,207,15-21-23,3,False
S10,S10,1213,1213,L1-full,208,0-9-22,3,False
S10,S10,1213,1213,L1-full,209,13-20-23,3,False
S10,S10,1213,1213,L1-full,210,8-13-18,3,False
S10,S10,1213,1213,L1-full,211,7-11-15,3,False
S10,S10,1213,1213,L1-full,212,10-16-22,3,False
S10,S10,1213,1213,L1-full,213,5-8,2,False
S10,S10,1213,1213,L1-full,214,6-7-12,3,False
S10,S10,1213,1213,L1-full,215,0-10-17,3,False
S10,S10,1213,1213,L1-full,216,9-18-21,3,False
S10,S10,1213,1213,L1-full,217,11-21-23,3,False
S10,S10,1213,1213,L1-full,218,7-18,2,False
S10,S10,1213,1213,L1-full,219,12-19,2,False
S10,S10,1213,1213,L1-full,220,4-6-13,3,False
S10,S10,1213,1213,L1-full,221,9-12-19,3,False
S10,S10,1213,1213,L1-full,222,3-11,2,False
S10,S10,1213,1213,L1-full,223,0-15-21,3,False
S10,S10,1213,1213,L1-full,224,1-18-20,3,False
S10,S10,1213,1213,L1-full,225,15-18,2,False
S10,S10,1213,1213,L1-full,226,2-6-14,3,False
S10,S10,1213,1213,L1-full,227,5-14-20,3,False
S10,S10,1213,1213,L1-full,228,1-7-14,3,False
S10,S10,1213,1213,L1-full,229,3-14-18,3,False
S10,S10,1213,1213,L1-full,230,11-13-18,3,False
S10,S10,1213,1213,L1-full,231,0-11-19,3,False
S10,S10,1213,1213,L1-full,232,5-19,2,False
S10,S10,1213,1213,L1-full,233,12-17-21,3,False
S10,S10,1213,1213,L1-full,234,8-17-23,3,False
S10,S10,1213,1213,L1-full,235,5-8-17,3,False
S10,S10,1213,1213,L1-full,236,0-9-11,3,False
S10,S10,1213,1213,L1-full,237,7-22-23,3,False
S10,S10,1213,1213,L1-full,238,4-19-20,3,False
S10,S10,1213,1213,L1-full,239,11-15-16,3,False
S10,S10,1213,1213,L1-full,240,10-21-23,3,False
S10,S10,1213,1213,L1-full,241,13-18-23,3,False
S10,S10,1213,1213,L1-full,242,6-9-20,3,False
S10,S10,1213,1213,L1-full,243,0-3-16,3,False
S10,S10,1213,1213,L1-full,244,0-2-18,3,False
S10,S10,1213,1213,L1-full,245,0-6-16,3,False
S10,S10,1213,1213,L1-full,246,4-7-9,3,False
S10,S10,1213,1213,L1-full,247,6-12-21,3,False
S10,S10,1213,1213,L1-full,248,1-19-20,3,False
S10,S10,1213,1213,L1-full,249,16-18-20,3,False
S10,S10,1213,1213,L1-full,250,10-12-20,3,False
S10,S10,1213,1213,L1-full,251,13-18-20,3,False
S10,S10,1213,1213,L1-full,252,14-22-23,3,False
S10,S10,1213,1213,L1-full,253,7-18-23,3,False
S10,S10,1213,1213,L1-full,254,2-15-22,3,False
S10,S10,1213,1213,L1-full,255,3-5-7,3,False
S10,S10,1213,1213,L1-full,256,7-11-18,3,False
S10,S10,1213,1213,L1-full,257,4-8-12,3,False
S10,S10,1213,1213,L1-full,258,3-17-21,3,False
S10,S10,1213,1213,L1-full,259,2-5,2,False
S10,S10,1213,1213,L1-full,260,1-14-18,3,False
S10,S10,1213,1213,L1-full,261,7-10-23,3,False
S10,S10,1213,1213,L1-full,262,3-8-16,3,False
S10,S10,1213,1213,L1-full,263,3-5,2,False
S10,S10,1213,1213,L1-full,264,4-6-17,3,False
S10,S10,1213,1213,L1-full,265,11-12-20,3,False
S10,S10,1213,1213,L1-full,266,12-15-22,3,False
S10,S10,1213,1213,L1-full,267,4-16,2,False
S10,S10,1213,1213,L1-full,268,4-6-23,3,False
S10,S10,1213,1213,L1-full,269,1-4-6,3,False
S10,S10,1213,1213,L1-full,270,5-8-9,3,False
S10,S10,1213,1213,L1-full,271,11-15-17,3,False
S10,S10,1213,1213,L1-full,272,4-19-21,3,False
S10,S10,1213,1213,L1-full,273,16-21,2,False
S10,S10,1213,1213,L1-full,274,12-13-23,3,False
S10,S10,1213,1213,L1-full,275,8-22,2,False
S10,S10,1213,1213,L1-full,276,4-15-22,3,False
S10,S10,1213,1213,L1-full,277,0-16-23,3,False
S10,S10,1213,1213,L1-full,278,2-8-14,3,False
S10,S10,1213,1213,L1-full,279,9-19-20,3,False
S10,S10,1213,1213,L1-full,280,6-7-13,3,False
S10,S10,1213,1213,L1-full,281,11-15-22,3,False
S10,S10,1213,1213,L1-full,282,11-19-23,3,False
S10,S10,1213,1213,L1-full,283,10-23,2,False
S10,S10,1213,1213,L1-full,284,5-7-18,3,False
S10,S10,1213,1213,L1-full,285,8-10-22,3,False
S10,S10,1213,1213,L1-full,286,0-4-14,3,False
S10,S10,1213,1213,L1-full,287,11-12-16,3,False
S10,S10,1213,1213,L1-full,288,1-11-22,3,False
S10,S10,1213,1213,L1-full,289,0-6-14,3,False
S10,S10,1213,1213,L1-full,290,9-15-17,3,False
S10,S10,1213,1213,L1-full,291,1-18-22,3,False
S10,S10,1213,1213,L1-full,292,0-4-18,3,False
S10,S10,1213,1213,L1-full,293,12-16-23,3,False
S10,S10,1213,1213,L1-full,294,9-15-18,3,False
S10,S10,1213,1213,L1-full,295,8-16-21,3,False
S10,S10,1213,1213,L1-full,296,2-5-8,3,False
S10,S10,1213,1213,L1-full,297,6-11-18,3,False
S10,S10,1213,1213,L1-full,298,0-16,2,False
S10,S10,1213,1213,L1-full,299,2-12-15,3,False
S10,S10,1213,1213,L1-full,300,11-12-14,3,False
S10,S10,1213,1213,L1-full,301,3-16-22,3,False
S10,S10,1213,1213,L1-full,302,0-12-17,3,False
S10,S10,1213,1213,L1-full,303,1-13-22,3,False
S10,S10,1213,1213,L1-full,304,2-8,2,False
S10,S10,1213,1213,L1-full,305,5-17-23,3,False
S10,S10,1213,1213,L1-full,306,1-16-20,3,False
S10,S10,1213,1213,L1-full,307,6-12-18,3,False
S10,S10,1213,1213,L1-full,308,8-16-19,3,False
S10,S10,1213,1213,L1-full,309,3-15-21,3,False
S10,S10,1213,1213,L1-full,310,0-13-23,3,False
S10,S10,1213,1213,L1-full,311,8-10,2,False
S10,S10,1213,1213,L1-full,312,8-11-17,3,False
S10,S10,1213,1213,L1-full,313,2-15,2,False
S10,S10,1213,1213,L1-full,314,4-5-20,3,False
S10,S10,1213,1213,L1-full,315,4-5-21,3,False
S10,S10,1213,1213,L1-full,316,2-9-16,3,False
S10,S10,1213,1213,L1-full,317,10-12-21,3,False
S10,S10,1213,1213,L1-full,318,4-15-21,3,False
S10,S10,1213,1213,L1-full,319,12-14-22,3,False
S10,S10,1213,1213,L1-full,320,4-8-19,3,False
S10,S10,1213,1213,L1-full,321,11-19,2,False
S10,S10,1213,1213,L1-full,322,0-16-22,3,False
S10,S10,1213,1213,L1-full,323,12-18-20,3,False
S10,S10,1213,1213,L1-full,324,9-21,2,False
S10,S10,1213,1213,L1-full,325,8-13-22,3,False
S10,S10,1213,1213,L1-full,326,1-6-15,3,False
S10,S10,1213,1213,L1-full,327,0-8-10,3,False
S10,S10,1213,1213,L1-full,328,3-17-23,3,False
S10,S10,1213,1213,L1-full,329,2-20-21,3,False
S10,S10,1213,1213,L1-full,330,8-13-16,3,False
S10,S10,1213,1213,L1-full,331,16-18-22,3,False
S10,S10,1213,1213,L1-full,332,4-8-23,3,False
S10,S10,1213,1213,L1-full,333,8-13-14,3,False
S10,S10,1213,1213,L1-full,334,5-6-13,3,False
S10,S10,1213,1213,L1-full,335,3-17-18,3,False
S10,S10,1213,1213,L1-full,336,8-14-16,3,False
S10,S10,1213,1213,L1-full,337,1-13-15,3,False
S10,S10,1213,1213,L1-full,338,4-11-14,3,False
S10,S10,1213,1213,L1-full,339,1-7-18,3,False
S10,S10,1213,1213,L1-full,340,15-19-22,3,False
S10,S10,1213,1213,L1-full,341,9-10-13,3,False
S10,S10,1213,1213,L1-full,342,1-8-13,3,False
S10,S10,1213,1213,L1-full,343,6-10-16,3,False
S10,S10,1213,1213,L1-full,344,4-7-22,3,False
S10,S10,1213,1213,L1-full,345,6-23,2,False
S10,S10,1213,1213,L1-full,346,3-4-14,3,False
S10,S10,1213,1213,L1-full,347,2-13-21,3,False
S10,S10,1213,1213,L1-full,348,7-15-20,3,False
S10,S10,1213,1213,L1-full,349,17-22-23,3,False
S10,S10,1213,1213,L1-full,350,5-9-11,3,False
S10,S10,1213,1213,L1-full,351,10-19-22,3,False
S10,S10,1213,1213,L1-full,352,14-15-21,3,False
S10,S10,1213,1213,L1-full,353,3-20-22,3,False
S10,S10,1213,1213,L1-full,354,16-17-18,3,False
S10,S10,1213,1213,L1-full,355,2-12-20,3,False
S10,S10,1213,1213,L1-full,356,1-12-22,3,False
S10,S10,1213,1213,L1-full,357,2-13-17,3,False
S10,S10,1213,1213,L1-full,358,5-9-18,3,False
S10,S10,1213,1213,L1-full,359,2-21-23,3,False
S10,S10,1213,1213,L1-full,360,3-6,2,False
S10,S10,1213,1213,L1-full,361,0-19,2,False
S10,S10,1213,1213,L1-full,362,4-5-6,3,False
S10,S10,1213,1213,L1-full,363,5-10-14,3,False
S10,S10,1213,1213,L1-full,364,3-4-17,3,False
S10,S10,1213,1213,L1-full,365,3-15-17,3,False
S10,S10,1213,1213,L1-full,366,4-10-19,3,False
S10,S10,1213,1213,L1-full,367,0-16-18,3,False
S10,S10,1213,1213,L1-full,368,3-12,2,False
S10,S10,1213,1213,L1-full,369,2-5-20,3,False
S10,S10,1213,1213,L1-full,370,2-17,2,False
S10,S10,1213,1213,L1-full,371,5-18-22,3,False
S10,S10,1213,1213,L1-full,372,6-8-21,3,False
S10,S10,1213,1213,L1-full,373,4-8-13,3,False
S10,S10,1213,1213,L1-full,374,16-18-23,3,False
S10,S10,1213,1213,L1-full,375,7-16-23,3,False
S10,S10,1213,1213,L1-full,376,11-18,2,False
S10,S10,1213,1213,L1-full,377,7-12-13,3,False
S10,S10,1213,1213,L1-full,378,5-7-19,3,False
S10,S10,1213,1213,L1-full,379,11-18-23,3,False
S10,S10,1213,1213,L1-full,380,13-15-18,3,False
S10,S10,1213,1213,L1-full,381,0-3-5,3,False
S10,S10,1213,1213,L1-full,382,4-12-14,3,False
S10,S10,1213,1213,L1-full,383,0-10-16,3,False
S10,S10,1213,1213,L1-full,384,6-18-21,3,False
S10,S10,1213,1213,L1-full,385,2-16-18,3,False
S10,S10,1213,1213,L1-full,386,1-11,2,False
S10,S10,1213,1213,L1-full,387,11-16-17,3,False
S10,S10,1213,1213,L1-full,388,13-15-16,3,False
S10,S10,1213,1213,L1-full,389,1-6-7,3,False
S10,S10,1213,1213,L1-full,390,12-14-15,3,False
S10,S10,1213,1213,L1-full,391,18-20-22,3,False
S10,S10,1213,1213,L1-full,392,5-10-16,3,False
S10,S10,1213,1213,L1-full,393,4-9-18,3,False
S10,S10,1213,1213,L1-full,394,12-21,2,False
S10,S10,1213,1213,L1-full,395,6-7-11,3,False
S10,S10,1213,1213,L1-full,396,6-8,2,False
S10,S10,1213,1213,L1-full,397,1-8-22,3,False
S10,S10,1213,1213,L1-full,398,8-14-20,3,False
S10,S10,1213,1213,L1-full,399,1-8,2,False
S10,S10,1213,1213,L1-full,400,5-16-17,3,False
S10,S10,1213,1213,L1-full,401,7-8-15,3,False
S10,S10,1213,1213,L1-full,402,5-16-20,3,False
S10,S10,1213,1213,L1-full,403,12-20-23,3,False
S10,S10,1213,1213,L1-full,404,1-16-17,3,False
S10,S10,1213,1213,L1-full,405,2-6-9,3,False
S10,S10,1213,1213,L1-full,406,2-4-7,3,False
S10,S10,1213,1213,L1-full,407,8-20,2,False
S10,S10,1213,1213,L1-full,408,3-11-19,3,False
S10,S10,1213,1213,L1-full,409,7-15-21,3,False
S10,S10,1213,1213,L1-full,410,5-10-11,3,False
S10,S10,1213,1213,L1-full,411,1-5-13,3,False
S10,S10,1213,1213,L1-full,412,0-9-12,3,False
S10,S10,1213,1213,L1-full,413,10-13-21,3,False
S10,S10,1213,1213,L1-full,414,3-6-13,3,False
S10,S10,1213,1213,L1-full,415,6-17-20,3,False
S10,S10,1213,1213,L1-full,416,10-11-17,3,False
S10,S10,1213,1213,L1-full,417,9-10-18,3,False
S10,S10,1213,1213,L1-full,418,0-17-20,3,False
S10,S10,1213,1213,L1-full,419,0-10-18,3,False
S10,S10,1213,1213,L1-full,420,0-4-13,3,False
S10,S10,1213,1213,L1-full,421,1-2-12,3,False
S10,S10,1213,1213,L1-full,422,3-8-15,3,False
S10,S10,1213,1213,L1-full,423,5-7-16,3,False
S10,S10,1213,1213,L1-full,424,3-8-17,3,False
S10,S10,1213,1213,L1-full,425,14-20,2,False
S10,S10,1213,1213,L1-full,426,8-16-17,3,False
S10,S10,1213,1213,L1-full,427,5-6-22,3,False
S10,S10,1213,1213,L1-full,428,2-16-19,3,False
S10,S10,1213,1213,L1-full,429,8-15-19,3,False
S10,S10,1213,1213,L1-full,430,4-9-12,3,False
S10,S10,1213,1213,L1-full,431,8-19-20,3,False
S10,S10,1213,1213,L1-full,432,8-11-23,3,False
S10,S10,1213,1213,L1-full,433,0-5-21,3,False
S10,S10,1213,1213,L1-full,434,4-7-16,3,False
S10,S10,1213,1213,L1-full,435,7-10,2,False
S10,S10,1213,1213,L1-full,436,4-15-16,3,False
S10,S10,1213,1213,L1-full,437,1-4-19,3,False
S10,S10,1213,1213,L1-full,438,2-13-19,3,False
S10,S10,1213,1213,L1-full,439,15-17-18,3,False
S10,S10,1213,1213,L1-full,440,12-17,2,False
S10,S10,1213,1213,L1-full,441,7-20-22,3,False
S10,S10,1213,1213,L1-full,442,4-22-23,3,False
S10,S10,1213,1213,L1-full,443,2-7-8,3,False
S10,S10,1213,1213,L1-full,444,10-15-16,3,False
S10,S10,1213,1213,L1-full,445,3-5-23,3,False
S10,S10,1213,1213,L1-full,446,9-14-16,3,False
S10,S10,1213,1213,L1-full,447,6-10-15,3,False
S10,S10,1213,1213,L1-full,448,1-15-18,3,False
S10,S10,1213,1213,L1-full,449,3-10-21,3,False
S10,S10,1213,1213,L1-full,450,5-6-21,3,False
S10,S10,1213,1213,L1-full,451,1-16-22,3,False
S10,S10,1213,1213,L1-full,452,8-14,2,False
S10,S10,1213,1213,L1-full,453,2-11-20,3,False
S10,S10,1213,1213,L1-full,454,10-11,2,False
S10,S10,1213,1213,L1-full,455,1-2-21,3,False
S10,S10,1213,1213,L1-full,456,0-16-19,3,False
S10,S10,1213,1213,L1-full,457,9-10-15,3,False
S10,S10,1213,1213,L1-full,458,6-12-19,3,False
S10,S10,1213,1213,L1-full,459,13-14,2,False
S10,S10,1213,1213,L1-full,460,10-19,2,False
S10,S10,1213,1213,L1-full,461,11-15-21,3,False
S10,S10,1213,1213,L1-full,462,4-5-17,3,False
S10,S10,1213,1213,L1-full,463,7-9-20,3,False
S10,S10,1213,1213,L1-full,464,1-7-20,3,False
S10,S10,1213,1213,L1-full,465,5-10-17,3,False
S10,S10,1213,1213,L1-full,466,12-15-18,3,False
S10,S10,1213,1213,L1-full,467,3-14-19,3,False
S10,S10,1213,1213,L1-full,468,1-9-11,3,False
S10,S10,1213,1213,L1-full,469,3-9-14,3,False
S10,S10,1213,1213,L1-full,470,6-9-23,3,False
S10,S10,1213,1213,L1-full,471,5-7-22,3,False
S10,S10,1213,1213,L1-full,472,10-16-20,3,False
S10,S10,1213,1213,L1-full,473,15-16-19,3,False
S10,S10,1213,1213,L1-full,474,1-22,2,False
S10,S10,1213,1213,L1-full,475,7-15-23,3,False
S10,S10,1213,1213,L1-full,476,1-13-19,3,False
S10,S10,1213,1213,L1-full,477,13-20-22,3,False
S10,S10,1213,1213,L1-full,478,9-10-22,3,False
S10,S10,1213,1213,L1-full,479,13-14-17,3,False
S10,S10,1213,1213,L1-full,480,3-16-20,3,False
S10,S10,1213,1213,L1-full,481,7-17-19,3,False
S10,S10,1213,1213,L1-full,482,4-8-15,3,False
S10,S10,1213,1213,L1-full,483,10-12-15,3,False
S10,S10,1213,1213,L1-full,484,13-14-15,3,False
S10,S10,1213,1213,L1-full,485,8-12-19,3,False
S10,S10,1213,1213,L1-full,486,7-9,2,False
S10,S10,1213,1213,L1-full,487,0-3-21,3,False
S10,S10,1213,1213,L1-full,488,7-8-12,3,False
S10,S10,1213,1213,L1-full,489,7-10-13,3,False
S10,S10,1213,1213,L1-full,490,8-19,2,False
S10,S10,1213,1213,L1-full,491,3-13-19,3,False
S10,S10,1213,1213,L1-full,492,1-17-19,3,False
S10,S10,1213,1213,L1-full,493,19-21-23,3,False
S10,S10,1213,1213,L1-full,494,5-12,2,False
S10,S10,1213,1213,L1-full,495,1-4-11,3,False
S10,S10,1213,1213,L1-full,496,9-10-21,3,False
S10,S10,1213,1213,L1-full,497,1-15-17,3,False
S10,S10,1213,1213,L1-full,498,8-10-17,3,False
S10,S10,1213,1213,L1-full,499,2-4,2,False
S10,S10,1213,1213,L1-full,500,11-20-21,3,False
S10,S10,1213,1213,L1-full,501,6-15-21,3,False
S10,S10,1213,1213,L1-full,502,8-16-20,3,False
S10,S10,1213,1213,L1-full,503,2-13-18,3,False
S10,S10,1213,1213,L1-full,504,0-18-19,3,False
S10,S10,1213,1213,L1-full,505,3-14-21,3,False
S10,S10,1213,1213,L1-full,506,10-16-19,3,False
S10,S10,1213,1213,L1-full,507,6-13-18,3,False
S10,S10,1213,1213,L1-full,508,3-6-7,3,False
S10,S10,1213,1213,L1-full,509,0-7,2,False
S10,S10,1213,1213,L1-full,510,13-17-20,3,False
S10,S10,1213,1213,L1-full,511,2-14-21,3,False
S10,S10,1213,1213,L1-full,512,7-9-10,3,False
S10,S10,1213,1213,L1-full,513,7-17-22,3,False
S10,S10,1213,1213,L1-full,514,12-16-17,3,False
S10,S10,1213,1213,L1-full,515,4-8-17,3,False
S10,S10,1213,1213,L1-full,516,5-9,2,False
S10,S10,1213,1213,L1-full,517,9-14-19,3,False
S10,S10,1213,1213,L1-full,518,1-17-21,3,False
S10,S10,1213,1213,L1-full,519,2-8-23,3,False
S10,S10,1213,1213,L1-full,520,0-5-12,3,False
S10,S10,1213,1213,L1-full,521,4-9-13,3,False
S10,S10,1213,1213,L1-full,522,9-13-21,3,False
S10,S10,1213,1213,L1-full,523,17-20-23,3,False
S10,S10,1213,1213,L1-full,524,6-9-12,3,False
S10,S10,1213,1213,L1-full,525,0-14-23,3,False
S10,S10,1213,1213,L1-full,526,16-22,2,False
S10,S10,1213,1213,L1-full,527,2-19,2,False
S10,S10,1213,1213,L1-full,528,13-16-18,3,False
S10,S10,1213,1213,L1-full,529,2-8-10,3,False
S10,S10,1213,1213,L1-full,530,7-19-20,3,False
S10,S10,1213,1213,L1-full,531,0-16-20,3,False
S10,S10,1213,1213,L1-full,532,12-14,2,False
S10,S10,1213,1213,L1-full,533,4-13-16,3,False
S10,S10,1213,1213,L1-full,534,13-15-17,3,False
S10,S10,1213,1213,L1-full,535,11-13-15,3,False
S10,S10,1213,1213,L1-full,536,4-13-23,3,False
S10,S10,1213,1213,L1-full,537,0-12-16,3,False
S10,S10,1213,1213,L1-full,538,6-12-16,3,False
S10,S10,1213,1213,L1-full,539,14-20-22,3,False
S10,S10,1213,1213,L1-full,540,7-15-22,3,False
S10,S10,1213,1213,L1-full,541,4-7-18,3,False
S10,S10,1213,1213,L1-full,542,4-7-15,3,False
S10,S10,1213,1213,L1-full,543,0-14-21,3,False
S10,S10,1213,1213,L1-full,544,2-4-13,3,False
S10,S10,1213,1213,L1-full,545,0-7-13,3,False
S10,S10,1213,1213,L1-full,546,10-18-23,3,False
S10,S10,1213,1213,L1-full,547,1-8-15,3,False
S10,S10,1213,1213,L1-full,548,5-14-23,3,False
S10,S10,1213,1213,L1-full,549,2-15-19,3,False
S10,S10,1213,1213,L1-top8,1,0-1,2,True
S10,S10,1213,1213,L1-top8,2,2-3,2,True
S10,S10,1213,1213,L1-top8,3,8-9-10,3,True
S10,S10,1213,1213,L1-top8,4,4-5,2,True
S10,S10,1213,1213,L1-top8,5,11-12-13,3,True
S10,S10,1213,1213,L1-top8,6,6-7,2,True
S10,S10,1213,1213,L1-top8,7,14-15-16,3,True
S10,S10,1213,1213,L1-top8,8,17-18-19,3,True
S10,S10,1213,1213,L1-match,1,0-1,2,True
S10,S10,1213,1213,L1-match,2,2-3,2,True
S10,S10,1213,1213,L1-match,3,8-9-10,3,True
S10,S10,1213,1213,L1-match,4,4-5,2,True
S10,S10,1213,1213,L1-match,5,11-12-13,3,True
S10,S10,1213,1213,L1-match,6,6-7,2,True
S10,S10,1213,1213,L1-match,7,14-15-16,3,True
S10,S10,1213,1213,L1-match,8,17-18-19,3,True
S10,S10,1213,1213,SHIL-k8,1,0-1,2,True
S10,S10,1213,1213,SHIL-k8,2,2-3,2,True
S10,S10,1213,1213,SHIL-k8,3,4-5,2,True
S10,S10,1213,1213,SHIL-k8,4,8-9-10,3,True
S10,S10,1213,1213,SHIL-k8,5,6-7,2,True
S10,S10,1213,1213,SHIL-k8,6,11-12-13,3,True
S10,S10,1213,1213,SHIL-k8,7,14-15-16,3,True
S10,S10,1213,1213,SHIL-k8,8,17-18-19,3,True
S10,S10,1213,1213,SC-L1,1,0-1,2,True
S10,S10,1213,1213,SC-L1,2,2-3,2,True
S10,S10,1213,1213,SC-L1,3,4-5,2,True
S10,S10,1213,1213,SC-L1,4,6-7,2,True
S10,S10,1213,1213,SC-L1,5,8-9-10,3,True
S10,S10,1213,1213,SC-L1,6,11-12-13,3,True
S10,S10,1213,1213,SC-L1,7,14-15-16,3,True
S10,S10,1213,1213,SC-L1,8,17-18-19,3,True
S10,S10,1213,1213,SC-SHIL,1,0-1,2,True
S10,S10,1213,1213,SC-SHIL,2,2-3,2,True
S10,S10,1213,1213,SC-SHIL,3,4-5,2,True
S10,S10,1213,1213,SC-SHIL,4,6-7,2,True
S10,S10,1213,1213,SC-SHIL,5,8-9-10,3,True
S10,S10,1213,1213,SC-SHIL,6,11-12-13,3,True
S10,S10,1213,1213,SC-SHIL,7,14-15-16,3,True
S10,S10,1213,1213,SC-SHIL,8,17-18-19,3,True
S10,S10,1231,1231,L1-full,1,0-1,2,True
S10,S10,1231,1231,L1-full,2,2-3,2,True
S10,S10,1231,1231,L1-full,3,8-9-10,3,True
S10,S10,1231,1231,L1-full,4,4-5,2,True
S10,S10,1231,1231,L1-full,5,11-12-13,3,True
S10,S10,1231,1231,L1-full,6,6-7,2,True
S10,S10,1231,1231,L1-full,7,14-15-16,3,True
S10,S10,1231,1231,L1-full,8,17-18-19,3,True
S10,S10,1231,1231,L1-full,9,19-20,2,False
S10,S10,1231,1231,L1-full,10,7-14-22,3,False
S10,S10,1231,1231,L1-full,11,5-6-14,3,False
S10,S10,1231,1231,L1-full,12,0-12-16,3,False
S10,S10,1231,1231,L1-full,13,8-15-17,3,False
S10,S10,1231,1231,L1-full,14,2-17-19,3,False
S10,S10,1231,1231,L1-full,15,1-8-23,3,False
S10,S10,1231,1231,L1-full,16,4-15,2,False
S10,S10,1231,1231,L1-full,17,11-12-19,3,False
S10,S10,1231,1231,L1-full,18,7-13-22,3,False
S10,S10,1231,1231,L1-full,19,8-21-22,3,False
S10,S10,1231,1231,L1-full,20,1-6-17,3,False
S10,S10,1231,1231,L1-full,21,11-13,2,False
S10,S10,1231,1231,L1-full,22,1-10-14,3,False
S10,S10,1231,1231,L1-full,23,2-6-10,3,False
S10,S10,1231,1231,L1-full,24,11-19-21,3,False
S10,S10,1231,1231,L1-full,25,8-14-19,3,False
S10,S10,1231,1231,L1-full,26,9-13-21,3,False
S10,S10,1231,1231,L1-full,27,0-15-23,3,False
S10,S10,1231,1231,L1-full,28,0-10-11,3,False
S10,S10,1231,1231,L1-full,29,17-19-21,3,False
S10,S10,1231,1231,L1-full,30,1-8-20,3,False
S10,S10,1231,1231,L1-full,31,8-13-17,3,False
S10,S10,1231,1231,L1-full,32,18-19-22,3,False
S10,S10,1231,1231,L1-full,33,9-12-23,3,False
S10,S10,1231,1231,L1-full,34,0-18-20,3,False
S10,S10,1231,1231,L1-full,35,1-8,2,False
S10,S10,1231,1231,L1-full,36,9-17-22,3,False
S10,S10,1231,1231,L1-full,37,6-16-18,3,False
S10,S10,1231,1231,L1-full,38,9-17-23,3,False
S10,S10,1231,1231,L1-full,39,16-17-20,3,False
S10,S10,1231,1231,L1-full,40,15-16-22,3,False
S10,S10,1231,1231,L1-full,41,7-9-15,3,False
S10,S10,1231,1231,L1-full,42,0-6-10,3,False
S10,S10,1231,1231,L1-full,43,9-10,2,False
S10,S10,1231,1231,L1-full,44,3-10-19,3,False
S10,S10,1231,1231,L1-full,45,16-20-21,3,False
S10,S10,1231,1231,L1-full,46,15-19-20,3,False
S10,S10,1231,1231,L1-full,47,0-5-8,3,False
S10,S10,1231,1231,L1-full,48,4-6-12,3,False
S10,S10,1231,1231,L1-full,49,4-23,2,False
S10,S10,1231,1231,L1-full,50,10-13-18,3,False
S10,S10,1231,1231,L1-full,51,7-8-13,3,False
S10,S10,1231,1231,L1-full,52,7-19-20,3,False
S10,S10,1231,1231,L1-full,53,9-14-22,3,False
S10,S10,1231,1231,L1-full,54,0-3-11,3,False
S10,S10,1231,1231,L1-full,55,3-13-17,3,False
S10,S10,1231,1231,L1-full,56,15-19-21,3,False
S10,S10,1231,1231,L1-full,57,5-15-17,3,False
S10,S10,1231,1231,L1-full,58,7-11-19,3,False
S10,S10,1231,1231,L1-full,59,3-8-20,3,False
S10,S10,1231,1231,L1-full,60,9-11-17,3,False
S10,S10,1231,1231,L1-full,61,0-5-18,3,False
S10,S10,1231,1231,L1-full,62,2-16-21,3,False
S10,S10,1231,1231,L1-full,63,18-20,2,False
S10,S10,1231,1231,L1-full,64,13-18-22,3,False
S10,S10,1231,1231,L1-full,65,0-6-17,3,False
S10,S10,1231,1231,L1-full,66,7-22,2,False
S10,S10,1231,1231,L1-full,67,8-14-15,3,False
S10,S10,1231,1231,L1-full,68,5-10,2,False
S10,S10,1231,1231,L1-full,69,11-21-22,3,False
S10,S10,1231,1231,L1-full,70,2-10,2,False
S10,S10,1231,1231,L1-full,71,11-13-22,3,False
S10,S10,1231,1231,L1-full,72,3-19,2,False
S10,S10,1231,1231,L1-full,73,14-17-22,3,False
S10,S10,1231,1231,L1-full,74,7-12-14,3,False
S10,S10,1231,1231,L1-full,75,12-13-23,3,False
S10,S10,1231,1231,L1-full,76,14-16,2,False
S10,S10,1231,1231,L1-full,77,3-18-23,3,False
S10,S10,1231,1231,L1-full,78,7-11-23,3,False
S10,S10,1231,1231,L1-full,79,0-16,2,False
S10,S10,1231,1231,L1-full,80,0-8-23,3,False
S10,S10,1231,1231,L1-full,81,12-16-18,3,False
S10,S10,1231,1231,L1-full,82,6-9-14,3,False
S10,S10,1231,1231,L1-full,83,3-10-13,3,False
S10,S10,1231,1231,L1-full,84,5-10-20,3,False
S10,S10,1231,1231,L1-full,85,2-11-21,3,False
S10,S10,1231,1231,L1-full,86,6-13-23,3,False
S10,S10,1231,1231,L1-full,87,10-17-19,3,False
S10,S10,1231,1231,L1-full,88,4-5-7,3,False
S10,S10,1231,1231,L1-full,89,4-6-9,3,False
S10,S10,1231,1231,L1-full,90,6-12-15,3,False
S10,S10,1231,1231,L1-full,91,7-22-23,3,False
S10,S10,1231,1231,L1-full,92,3-12-20,3,False
S10,S10,1231,1231,L1-full,93,8-11-16,3,False
S10,S10,1231,1231,L1-full,94,4-19-22,3,False
S10,S10,1231,1231,L1-full,95,1-3-19,3,False
S10,S10,1231,1231,L1-full,96,0-5-11,3,False
S10,S10,1231,1231,L1-full,97,1-4-11,3,False
S10,S10,1231,1231,L1-full,98,13-17,2,False
S10,S10,1231,1231,L1-full,99,11-18,2,False
S10,S10,1231,1231,L1-full,100,9-17-21,3,False
S10,S10,1231,1231,L1-full,101,4-19-21,3,False
S10,S10,1231,1231,L1-full,102,2-13,2,False
S10,S10,1231,1231,L1-full,103,15-22,2,False
S10,S10,1231,1231,L1-full,104,3-7-23,3,False
S10,S10,1231,1231,L1-full,105,11-13-19,3,False
S10,S10,1231,1231,L1-full,106,5-9-18,3,False
S10,S10,1231,1231,L1-full,107,8-10-11,3,False
S10,S10,1231,1231,L1-full,108,7-20-22,3,False
S10,S10,1231,1231,L1-full,109,5-13-22,3,False
S10,S10,1231,1231,L1-full,110,13-19,2,False
S10,S10,1231,1231,L1-full,111,6-20-22,3,False
S10,S10,1231,1231,L1-full,112,9-12-21,3,False
S10,S10,1231,1231,L1-full,113,16-20-23,3,False
S10,S10,1231,1231,L1-full,114,0-18-23,3,False
S10,S10,1231,1231,L1-full,115,8-17-22,3,False
S10,S10,1231,1231,L1-full,116,17-18-21,3,False
S10,S10,1231,1231,L1-full,117,7-11-21,3,False
S10,S10,1231,1231,L1-full,118,2-18,2,False
S10,S10,1231,1231,L1-full,119,0-12-19,3,False
S10,S10,1231,1231,L1-full,120,9-22,2,False
S10,S10,1231,1231,L1-full,121,1-14,2,False
S10,S10,1231,1231,L1-full,122,8-12-16,3,False
S10,S10,1231,1231,L1-full,123,10-18,2,False
S10,S10,1231,1231,L1-full,124,18-19-20,3,False
S10,S10,1231,1231,L1-full,125,1-17-21,3,False
S10,S10,1231,1231,L1-full,126,0-7-16,3,False
S10,S10,1231,1231,L1-full,127,11-15,2,False
S10,S10,1231,1231,L1-full,128,3-10-15,3,False
S10,S10,1231,1231,L1-full,129,19-21,2,False
S10,S10,1231,1231,L1-full,130,2-8-14,3,False
S10,S10,1231,1231,L1-full,131,2-9,2,False
S10,S10,1231,1231,L1-full,132,13-15-20,3,False
S10,S10,1231,1231,L1-full,133,5-10-17,3,False
S10,S10,1231,1231,L1-top8,1,0-1,2,True
S10,S10,1231,1231,L1-top8,2,2-3,2,True
S10,S10,1231,1231,L1-top8,3,8-9-10,3,True
S10,S10,1231,1231,L1-top8,4,4-5,2,True
S10,S10,1231,1231,L1-top8,5,11-12-13,3,True
S10,S10,1231,1231,L1-top8,6,6-7,2,True
S10,S10,1231,1231,L1-top8,7,14-15-16,3,True
S10,S10,1231,1231,L1-top8,8,17-18-19,3,True
S10,S10,1231,1231,L1-match,1,0-1,2,True
S10,S10,1231,1231,L1-match,2,2-3,2,True
S10,S10,1231,1231,L1-match,3,8-9-10,3,True
S10,S10,1231,1231,L1-match,4,4-5,2,True
S10,S10,1231,1231,L1-match,5,11-12-13,3,True
S10,S10,1231,1231,L1-match,6,6-7,2,True
S10,S10,1231,1231,L1-match,7,14-15-16,3,True
S10,S10,1231,1231,L1-match,8,17-18-19,3,True
S10,S10,1231,1231,SHIL-k8,1,0-1,2,True
S10,S10,1231,1231,SHIL-k8,2,2-3,2,True
S10,S10,1231,1231,SHIL-k8,3,8-9-10,3,True
S10,S10,1231,1231,SHIL-k8,4,11-12-13,3,True
S10,S10,1231,1231,SHIL-k8,5,4-5,2,True
S10,S10,1231,1231,SHIL-k8,6,6-7,2,True
S10,S10,1231,1231,SHIL-k8,7,14-15-16,3,True
S10,S10,1231,1231,SHIL-k8,8,17-18-19,3,True
S10,S10,1231,1231,SC-L1,1,0-1,2,True
S10,S10,1231,1231,SC-L1,2,2-3,2,True
S10,S10,1231,1231,SC-L1,3,4-5,2,True
S10,S10,1231,1231,SC-L1,4,6-7,2,True
S10,S10,1231,1231,SC-L1,5,8-9-10,3,True
S10,S10,1231,1231,SC-L1,6,11-12-13,3,True
S10,S10,1231,1231,SC-L1,7,14-15-16,3,True
S10,S10,1231,1231,SC-L1,8,17-18-19,3,True
S10,S10,1231,1231,SC-SHIL,1,0-1,2,True
S10,S10,1231,1231,SC-SHIL,2,2-3,2,True
S10,S10,1231,1231,SC-SHIL,3,4-5,2,True
S10,S10,1231,1231,SC-SHIL,4,6-7,2,True
S10,S10,1231,1231,SC-SHIL,5,8-9-10,3,True
S10,S10,1231,1231,SC-SHIL,6,11-12-13,3,True
S10,S10,1231,1231,SC-SHIL,7,14-15-16,3,True
S10,S10,1231,1231,SC-SHIL,8,17-18-19,3,True
S10,S10,1249,1249,L1-full,1,0-1,2,True
S10,S10,1249,1249,L1-full,2,2-3,2,True
S10,S10,1249,1249,L1-full,3,8-9-10,3,True
S10,S10,1249,1249,L1-full,4,4-5,2,True
S10,S10,1249,1249,L1-full,5,11-12-13,3,True
S10,S10,1249,1249,L1-full,6,6-7,2,True
S10,S10,1249,1249,L1-full,7,14-15-16,3,True
S10,S10,1249,1249,L1-full,8,17-18-19,3,True
S10,S10,1249,1249,L1-full,9,10-20,2,False
S10,S10,1249,1249,L1-full,10,18-19,2,False
S10,S10,1249,1249,L1-full,11,15-18-21,3,False
S10,S10,1249,1249,L1-full,12,11-15-21,3,False
S10,S10,1249,1249,L1-full,13,10-13-21,3,False
S10,S10,1249,1249,L1-full,14,5-20-22,3,False
S10,S10,1249,1249,L1-full,15,1-15-16,3,False
S10,S10,1249,1249,L1-full,16,16-17-18,3,False
S10,S10,1249,1249,L1-full,17,5-8-12,3,False
S10,S10,1249,1249,L1-full,18,0-17-20,3,False
S10,S10,1249,1249,L1-full,19,10-21-22,3,False
S10,S10,1249,1249,L1-full,20,3-19-22,3,False
S10,S10,1249,1249,L1-full,21,2-6-19,3,False
S10,S10,1249,1249,L1-full,22,2-3-8,3,False
S10,S10,1249,1249,L1-full,23,7-11,2,False
S10,S10,1249,1249,L1-full,24,15-19-20,3,False
S10,S10,1249,1249,L1-full,25,14-22,2,False
S10,S10,1249,1249,L1-full,26,10-18-20,3,False
S10,S10,1249,1249,L1-full,27,0-5-6,3,False
S10,S10,1249,1249,L1-full,28,0-9-23,3,False
S10,S10,1249,1249,L1-full,29,4-8-13,3,False
S10,S10,1249,1249,L1-full,30,1-16-19,3,False
S10,S10,1249,1249,L1-full,31,0-9-10,3,False
S10,S10,1249,1249,L1-full,32,5-8-22,3,False
S10,S10,1249,1249,L1-full,33,0-15-18,3,False
S10,S10,1249,1249,L1-full,34,0-16-18,3,False
S10,S10,1249,1249,L1-full,35,1-21-23,3,False
S10,S10,1249,1249,L1-full,36,4-7,2,False
S10,S10,1249,1249,L1-full,37,12-15,2,False
S10,S10,1249,1249,L1-full,38,6-12-20,3,False
S10,S10,1249,1249,L1-full,39,5-20,2,False
S10,S10,1249,1249,L1-full,40,6-15-18,3,False
S10,S10,1249,1249,L1-full,41,4-10-15,3,False
S10,S10,1249,1249,L1-full,42,11-12-20,3,False
S10,S10,1249,1249,L1-full,43,0-16-17,3,False
S10,S10,1249,1249,L1-full,44,7-11-18,3,False
S10,S10,1249,1249,L1-full,45,0-9-14,3,False
S10,S10,1249,1249,L1-full,46,6-12-16,3,False
S10,S10,1249,1249,L1-full,47,3-8-22,3,False
S10,S10,1249,1249,L1-full,48,6-11-23,3,False
S10,S10,1249,1249,L1-full,49,0-7-15,3,False
S10,S10,1249,1249,L1-full,50,10-19-21,3,False
S10,S10,1249,1249,L1-full,51,11-18,2,False
S10,S10,1249,1249,L1-full,52,14-15-23,3,False
S10,S10,1249,1249,L1-full,53,4-5-7,3,False
S10,S10,1249,1249,L1-full,54,12-13-18,3,False
S10,S10,1249,1249,L1-full,55,1-14-23,3,False
S10,S10,1249,1249,L1-full,56,3-14-21,3,False
S10,S10,1249,1249,L1-full,57,9-15-19,3,False
S10,S10,1249,1249,L1-full,58,18-21,2,False
S10,S10,1249,1249,L1-full,59,2-16-18,3,False
S10,S10,1249,1249,L1-full,60,1-10-14,3,False
S10,S10,1249,1249,L1-full,61,0-12-21,3,False
S10,S10,1249,1249,L1-full,62,3-6-22,3,False
S10,S10,1249,1249,L1-full,63,3-11-22,3,False
S10,S10,1249,1249,L1-full,64,2-11-23,3,False
S10,S10,1249,1249,L1-full,65,5-10-20,3,False
S10,S10,1249,1249,L1-full,66,13-17-21,3,False
S10,S10,1249,1249,L1-full,67,13-17-23,3,False
S10,S10,1249,1249,L1-full,68,13-17-20,3,False
S10,S10,1249,1249,L1-full,69,0-5-20,3,False
S10,S10,1249,1249,L1-full,70,5-11-16,3,False
S10,S10,1249,1249,L1-full,71,3-21-23,3,False
S10,S10,1249,1249,L1-full,72,6-9-22,3,False
S10,S10,1249,1249,L1-full,73,16-17-20,3,False
S10,S10,1249,1249,L1-full,74,1-3-23,3,False
S10,S10,1249,1249,L1-full,75,15-21-23,3,False
S10,S10,1249,1249,L1-full,76,2-4-13,3,False
S10,S10,1249,1249,L1-full,77,11-15-17,3,False
S10,S10,1249,1249,L1-full,78,5-11-14,3,False
S10,S10,1249,1249,L1-full,79,3-20-22,3,False
S10,S10,1249,1249,L1-full,80,8-9,2,False
S10,S10,1249,1249,L1-full,81,10-15,2,False
S10,S10,1249,1249,L1-full,82,15-23,2,False
S10,S10,1249,1249,L1-full,83,2-6-18,3,False
S10,S10,1249,1249,L1-full,84,16-20-23,3,False
S10,S10,1249,1249,L1-full,85,2-18,2,False
S10,S10,1249,1249,L1-full,86,11-12-14,3,False
S10,S10,1249,1249,L1-full,87,11-21,2,False
S10,S10,1249,1249,L1-full,88,5-13-22,3,False
S10,S10,1249,1249,L1-full,89,5-14-22,3,False
S10,S10,1249,1249,L1-full,90,11-16-21,3,False
S10,S10,1249,1249,L1-full,91,10-14-15,3,False
S10,S10,1249,1249,L1-full,92,5-21,2,False
S10,S10,1249,1249,L1-full,93,14-21-22,3,False
S10,S10,1249,1249,L1-full,94,8-18-23,3,False
S10,S10,1249,1249,L1-full,95,9-20-21,3,False
S10,S10,1249,1249,L1-full,96,2-14-21,3,False
S10,S10,1249,1249,L1-full,97,11-13-20,3,False
S10,S10,1249,1249,L1-full,98,10-13-16,3,False
S10,S10,1249,1249,L1-full,99,4-7-15,3,False
S10,S10,1249,1249,L1-full,100,4-7-14,3,False
S10,S10,1249,1249,L1-full,101,12-15-17,3,False
S10,S10,1249,1249,L1-full,102,1-17-21,3,False
S10,S10,1249,1249,L1-full,103,0-13-14,3,False
S10,S10,1249,1249,L1-full,104,4-16-17,3,False
S10,S10,1249,1249,L1-full,105,14-17-21,3,False
S10,S10,1249,1249,L1-full,106,2-6-10,3,False
S10,S10,1249,1249,L1-full,107,5-10-23,3,False
S10,S10,1249,1249,L1-full,108,9-13-17,3,False
S10,S10,1249,1249,L1-full,109,4-19-23,3,False
S10,S10,1249,1249,L1-full,110,18-22,2,False
S10,S10,1249,1249,L1-full,111,7-15-21,3,False
S10,S10,1249,1249,L1-full,112,12-20-23,3,False
S10,S10,1249,1249,L1-full,113,1-7-22,3,False
S10,S10,1249,1249,L1-full,114,5-17,2,False
S10,S10,1249,1249,L1-full,115,0-6-10,3,False
S10,S10,1249,1249,L1-full,116,19-20-21,3,False
S10,S10,1249,1249,L1-full,117,13-18-19,3,False
S10,S10,1249,1249,L1-full,118,18-21-22,3,False
S10,S10,1249,1249,L1-full,119,3-6-13,3,False
S10,S10,1249,1249,L1-top8,1,0-1,2,True
S10,S10,1249,1249,L1-top8,2,2-3,2,True
S10,S10,1249,1249,L1-top8,3,8-9-10,3,True
S10,S10,1249,1249,L1-top8,4,4-5,2,True
S10,S10,1249,1249,L1-top8,5,11-12-13,3,True
S10,S10,1249,1249,L1-top8,6,6-7,2,True
S10,S10,1249,1249,L1-top8,7,14-15-16,3,True
S10,S10,1249,1249,L1-top8,8,17-18-19,3,True
S10,S10,1249,1249,L1-match,1,0-1,2,True
S10,S10,1249,1249,L1-match,2,2-3,2,True
S10,S10,1249,1249,L1-match,3,8-9-10,3,True
S10,S10,1249,1249,L1-match,4,4-5,2,True
S10,S10,1249,1249,L1-match,5,11-12-13,3,True
S10,S10,1249,1249,L1-match,6,6-7,2,True
S10,S10,1249,1249,L1-match,7,14-15-16,3,True
S10,S10,1249,1249,L1-match,8,17-18-19,3,True
S10,S10,1249,1249,SHIL-k8,1,0-1,2,True
S10,S10,1249,1249,SHIL-k8,2,2-3,2,True
S10,S10,1249,1249,SHIL-k8,3,4-5,2,True
S10,S10,1249,1249,SHIL-k8,4,6-7,2,True
S10,S10,1249,1249,SHIL-k8,5,8-9-10,3,True
S10,S10,1249,1249,SHIL-k8,6,11-12-13,3,True
S10,S10,1249,1249,SHIL-k8,7,14-15-16,3,True
S10,S10,1249,1249,SHIL-k8,8,17-18-19,3,True
S10,S10,1249,1249,SC-L1,1,0-1,2,True
S10,S10,1249,1249,SC-L1,2,2-3,2,True
S10,S10,1249,1249,SC-L1,3,4-5,2,True
S10,S10,1249,1249,SC-L1,4,6-7,2,True
S10,S10,1249,1249,SC-L1,5,8-9-10,3,True
S10,S10,1249,1249,SC-L1,6,11-12-13,3,True
S10,S10,1249,1249,SC-L1,7,14-15-16,3,True
S10,S10,1249,1249,SC-L1,8,17-18-19,3,True
S10,S10,1249,1249,SC-SHIL,1,0-1,2,True
S10,S10,1249,1249,SC-SHIL,2,2-3,2,True
S10,S10,1249,1249,SC-SHIL,3,4-5,2,True
S10,S10,1249,1249,SC-SHIL,4,6-7,2,True
S10,S10,1249,1249,SC-SHIL,5,8-9-10,3,True
S10,S10,1249,1249,SC-SHIL,6,11-12-13,3,True
S10,S10,1249,1249,SC-SHIL,7,14-15-16,3,True
S10,S10,1249,1249,SC-SHIL,8,17-18-19,3,True
S10,S10,1277,1277,L1-full,1,0-1,2,True
S10,S10,1277,1277,L1-full,2,2-3,2,True
S10,S10,1277,1277,L1-full,3,11-12-13,3,True
S10,S10,1277,1277,L1-full,4,4-5,2,True
S10,S10,1277,1277,L1-full,5,8-9-10,3,True
S10,S10,1277,1277,L1-full,6,6-7,2,True
S10,S10,1277,1277,L1-full,7,14-15-16,3,True
S10,S10,1277,1277,L1-full,8,17-18-19,3,True
S10,S10,1277,1277,L1-full,9,11-19,2,False
S10,S10,1277,1277,L1-full,10,3-10-23,3,False
S10,S10,1277,1277,L1-full,11,10-16-19,3,False
S10,S10,1277,1277,L1-full,12,11-13-23,3,False
S10,S10,1277,1277,L1-full,13,7-11-14,3,False
S10,S10,1277,1277,L1-full,14,1-9-11,3,False
S10,S10,1277,1277,L1-full,15,2-14-17,3,False
S10,S10,1277,1277,L1-full,16,0-12-16,3,False
S10,S10,1277,1277,L1-full,17,15-20,2,False
S10,S10,1277,1277,L1-full,18,2-10-20,3,False
S10,S10,1277,1277,L1-full,19,8-11-22,3,False
S10,S10,1277,1277,L1-full,20,1-3-4,3,False
S10,S10,1277,1277,L1-full,21,16-19-20,3,False
S10,S10,1277,1277,L1-full,22,10-13-15,3,False
S10,S10,1277,1277,L1-full,23,5-15-16,3,False
S10,S10,1277,1277,L1-full,24,2-6-8,3,False
S10,S10,1277,1277,L1-full,25,1-12-15,3,False
S10,S10,1277,1277,L1-full,26,0-5-16,3,False
S10,S10,1277,1277,L1-full,27,9-13-19,3,False
S10,S10,1277,1277,L1-full,28,2-16-20,3,False
S10,S10,1277,1277,L1-full,29,7-20,2,False
S10,S10,1277,1277,L1-full,30,8-10-19,3,False
S10,S10,1277,1277,L1-full,31,1-8-12,3,False
S10,S10,1277,1277,L1-full,32,3-5-15,3,False
S10,S10,1277,1277,L1-full,33,14-17-22,3,False
S10,S10,1277,1277,L1-full,34,6-7-12,3,False
S10,S10,1277,1277,L1-full,35,0-4-13,3,False
S10,S10,1277,1277,L1-full,36,0-9-11,3,False
S10,S10,1277,1277,L1-full,37,1-16-18,3,False
S10,S10,1277,1277,L1-full,38,1-3-7,3,False
S10,S10,1277,1277,L1-full,39,7-11,2,False
S10,S10,1277,1277,L1-full,40,5-6-10,3,False
S10,S10,1277,1277,L1-full,41,2-17-19,3,False
S10,S10,1277,1277,L1-full,42,1-5-19,3,False
S10,S10,1277,1277,L1-full,43,2-6-16,3,False
S10,S10,1277,1277,L1-full,44,0-2-11,3,False
S10,S10,1277,1277,L1-full,45,2-7-19,3,False
S10,S10,1277,1277,L1-full,46,1-15,2,False
S10,S10,1277,1277,L1-full,47,8-13-17,3,False
S10,S10,1277,1277,L1-full,48,9-20,2,False
S10,S10,1277,1277,L1-full,49,14-18-20,3,False
S10,S10,1277,1277,L1-full,50,8-11-21,3,False
S10,S10,1277,1277,L1-full,51,11-19-21,3,False
S10,S10,1277,1277,L1-full,52,2-7-13,3,False
S10,S10,1277,1277,L1-full,53,1-21-22,3,False
S10,S10,1277,1277,L1-full,54,12-13-15,3,False
S10,S10,1277,1277,L1-full,55,1-14-22,3,False
S10,S10,1277,1277,L1-full,56,8-15-23,3,False
S10,S10,1277,1277,L1-full,57,5-12-17,3,False
S10,S10,1277,1277,L1-full,58,12-16-21,3,False
S10,S10,1277,1277,L1-full,59,0-8-18,3,False
S10,S10,1277,1277,L1-full,60,5-6-9,3,False
S10,S10,1277,1277,L1-full,61,1-7-14,3,False
S10,S10,1277,1277,L1-full,62,1-3-9,3,False
S10,S10,1277,1277,L1-full,63,16-19,2,False
S10,S10,1277,1277,L1-full,64,7-8-10,3,False
S10,S10,1277,1277,L1-full,65,3-18-19,3,False
S10,S10,1277,1277,L1-full,66,8-16-19,3,False
S10,S10,1277,1277,L1-full,67,1-9-21,3,False
S10,S10,1277,1277,L1-full,68,5-7-19,3,False
S10,S10,1277,1277,L1-full,69,12-18-20,3,False
S10,S10,1277,1277,L1-full,70,2-20-21,3,False
S10,S10,1277,1277,L1-full,71,3-16-21,3,False
S10,S10,1277,1277,L1-full,72,5-7-13,3,False
S10,S10,1277,1277,L1-full,73,8-20-22,3,False
S10,S10,1277,1277,L1-full,74,3-15-19,3,False
S10,S10,1277,1277,L1-full,75,2-5-17,3,False
S10,S10,1277,1277,L1-full,76,4-6,2,False
S10,S10,1277,1277,L1-full,77,9-11-13,3,False
S10,S10,1277,1277,L1-full,78,0-7,2,False
S10,S10,1277,1277,L1-full,79,16-20-23,3,False
S10,S10,1277,1277,L1-full,80,0-3-6,3,False
S10,S10,1277,1277,L1-full,81,2-6-11,3,False
S10,S10,1277,1277,L1-full,82,1-7-21,3,False
S10,S10,1277,1277,L1-full,83,8-13,2,False
S10,S10,1277,1277,L1-full,84,6-10-20,3,False
S10,S10,1277,1277,L1-full,85,19-21-23,3,False
S10,S10,1277,1277,L1-full,86,2-20-22,3,False
S10,S10,1277,1277,L1-full,87,2-12-22,3,False
S10,S10,1277,1277,L1-full,88,6-7-8,3,False
S10,S10,1277,1277,L1-full,89,5-23,2,False
S10,S10,1277,1277,L1-full,90,6-9-22,3,False
S10,S10,1277,1277,L1-full,91,0-18-21,3,False
S10,S10,1277,1277,L1-full,92,6-9-18,3,False
S10,S10,1277,1277,L1-full,93,19-21,2,False
S10,S10,1277,1277,L1-full,94,5-20-22,3,False
S10,S10,1277,1277,L1-full,95,1-5-15,3,False
S10,S10,1277,1277,L1-full,96,3-19-23,3,False
S10,S10,1277,1277,L1-full,97,2-16-22,3,False
S10,S10,1277,1277,L1-full,98,6-18,2,False
S10,S10,1277,1277,L1-full,99,5-13-21,3,False
S10,S10,1277,1277,L1-full,100,5-10-17,3,False
S10,S10,1277,1277,L1-full,101,4-14-20,3,False
S10,S10,1277,1277,L1-full,102,1-4-6,3,False
S10,S10,1277,1277,L1-full,103,1-5-8,3,False
S10,S10,1277,1277,L1-full,104,2-14-19,3,False
S10,S10,1277,1277,L1-full,105,1-8-13,3,False
S10,S10,1277,1277,L1-full,106,20-22,2,False
S10,S10,1277,1277,L1-full,107,5-15-21,3,False
S10,S10,1277,1277,L1-full,108,0-16-19,3,False
S10,S10,1277,1277,L1-full,109,7-18-20,3,False
S10,S10,1277,1277,L1-full,110,2-3-19,3,False
S10,S10,1277,1277,L1-full,111,9-11-15,3,False
S10,S10,1277,1277,L1-full,112,3-6-15,3,False
S10,S10,1277,1277,L1-full,113,6-8-14,3,False
S10,S10,1277,1277,L1-full,114,2-7-12,3,False
S10,S10,1277,1277,L1-full,115,0-9-14,3,False
S10,S10,1277,1277,L1-full,116,11-15-18,3,False
S10,S10,1277,1277,L1-full,117,0-21-22,3,False
S10,S10,1277,1277,L1-full,118,2-4-7,3,False
S10,S10,1277,1277,L1-full,119,2-16-19,3,False
S10,S10,1277,1277,L1-full,120,14-20-21,3,False
S10,S10,1277,1277,L1-full,121,6-8-22,3,False
S10,S10,1277,1277,L1-full,122,3-9-13,3,False
S10,S10,1277,1277,L1-full,123,15-16-22,3,False
S10,S10,1277,1277,L1-full,124,0-12-14,3,False
S10,S10,1277,1277,L1-full,125,15-17-18,3,False
S10,S10,1277,1277,L1-full,126,4-12-19,3,False
S10,S10,1277,1277,L1-full,127,3-23,2,False
S10,S10,1277,1277,L1-full,128,4-8-19,3,False
S10,S10,1277,1277,L1-full,129,13-17-18,3,False
S10,S10,1277,1277,L1-full,130,3-15-21,3,False
S10,S10,1277,1277,L1-full,131,0-2-4,3,False
S10,S10,1277,1277,L1-full,132,3-11-13,3,False
S10,S10,1277,1277,L1-full,133,0-14-18,3,False
S10,S10,1277,1277,L1-full,134,8-18-22,3,False
S10,S10,1277,1277,L1-full,135,6-19-23,3,False
S10,S10,1277,1277,L1-top8,1,0-1,2,True
S10,S10,1277,1277,L1-top8,2,2-3,2,True
S10,S10,1277,1277,L1-top8,3,11-12-13,3,True
S10,S10,1277,1277,L1-top8,4,4-5,2,True
S10,S10,1277,1277,L1-top8,5,8-9-10,3,True
S10,S10,1277,1277,L1-top8,6,6-7,2,True
S10,S10,1277,1277,L1-top8,7,14-15-16,3,True
S10,S10,1277,1277,L1-top8,8,17-18-19,3,True
S10,S10,1277,1277,L1-match,1,0-1,2,True
S10,S10,1277,1277,L1-match,2,2-3,2,True
S10,S10,1277,1277,L1-match,3,11-12-13,3,True
S10,S10,1277,1277,L1-match,4,4-5,2,True
S10,S10,1277,1277,L1-match,5,8-9-10,3,True
S10,S10,1277,1277,L1-match,6,6-7,2,True
S10,S10,1277,1277,L1-match,7,14-15-16,3,True
S10,S10,1277,1277,L1-match,8,17-18-19,3,True
S10,S10,1277,1277,SHIL-k8,1,0-1,2,True
S10,S10,1277,1277,SHIL-k8,2,2-3,2,True
S10,S10,1277,1277,SHIL-k8,3,4-5,2,True
S10,S10,1277,1277,SHIL-k8,4,11-12-13,3,True
S10,S10,1277,1277,SHIL-k8,5,8-9-10,3,True
S10,S10,1277,1277,SHIL-k8,6,6-7,2,True
S10,S10,1277,1277,SHIL-k8,7,14-15-16,3,True
S10,S10,1277,1277,SHIL-k8,8,17-18-19,3,True
S10,S10,1277,1277,SC-L1,1,0-1,2,True
S10,S10,1277,1277,SC-L1,2,2-3,2,True
S10,S10,1277,1277,SC-L1,3,4-5,2,True
S10,S10,1277,1277,SC-L1,4,6-7,2,True
S10,S10,1277,1277,SC-L1,5,8-9-10,3,True
S10,S10,1277,1277,SC-L1,6,11-12-13,3,True
S10,S10,1277,1277,SC-L1,7,14-15-16,3,True
S10,S10,1277,1277,SC-L1,8,17-18-19,3,True
S10,S10,1277,1277,SC-SHIL,1,0-1,2,True
S10,S10,1277,1277,SC-SHIL,2,2-3,2,True
S10,S10,1277,1277,SC-SHIL,3,4-5,2,True
S10,S10,1277,1277,SC-SHIL,4,6-7,2,True
S10,S10,1277,1277,SC-SHIL,5,8-9-10,3,True
S10,S10,1277,1277,SC-SHIL,6,11-12-13,3,True
S10,S10,1277,1277,SC-SHIL,7,14-15-16,3,True
S10,S10,1277,1277,SC-SHIL,8,17-18-19,3,True
S11,S11,1103,1103,L1-full,1,4-5-6,3,True
S11,S11,1103,1103,L1-full,2,0-1,2,True
S11,S11,1103,1103,L1-full,3,2-3,2,True
S11,S11,1103,1103,L1-full,4,7-8-9,3,True
S11,S11,1103,1103,L1-full,5,1-16,2,False
S11,S11,1103,1103,L1-full,6,0-6-11,3,False
S11,S11,1103,1103,L1-full,7,1-14,2,False
S11,S11,1103,1103,L1-full,8,4-6-18,3,False
S11,S11,1103,1103,L1-full,9,0-9-19,3,False
S11,S11,1103,1103,L1-full,10,11-15,2,False
S11,S11,1103,1103,L1-full,11,1-17-18,3,False
S11,S11,1103,1103,L1-full,12,10-11,2,False
S11,S11,1103,1103,L1-full,13,1-15-16,3,False
S11,S11,1103,1103,L1-full,14,13-15,2,False
S11,S11,1103,1103,L1-full,15,2-7-9,3,False
S11,S11,1103,1103,L1-full,16,0-9-10,3,False
S11,S11,1103,1103,L1-full,17,6-10-14,3,False
S11,S11,1103,1103,L1-full,18,2-13-19,3,False
S11,S11,1103,1103,L1-full,19,9-12-16,3,False
S11,S11,1103,1103,L1-full,20,3-13-14,3,False
S11,S11,1103,1103,L1-full,21,0-2-12,3,False
S11,S11,1103,1103,L1-full,22,12-19,2,False
S11,S11,1103,1103,L1-full,23,6-11-15,3,False
S11,S11,1103,1103,L1-full,24,3-9-15,3,False
S11,S11,1103,1103,L1-full,25,9-14-15,3,False
S11,S11,1103,1103,L1-full,26,3-6-18,3,False
S11,S11,1103,1103,L1-full,27,0-3-16,3,False
S11,S11,1103,1103,L1-full,28,7-15-16,3,False
S11,S11,1103,1103,L1-full,29,1-2-13,3,False
S11,S11,1103,1103,L1-full,30,5-11-18,3,False
S11,S11,1103,1103,L1-full,31,5-6-18,3,False
S11,S11,1103,1103,L1-full,32,1-5,2,False
S11,S11,1103,1103,L1-full,33,2-9-11,3,False
S11,S11,1103,1103,L1-full,34,1-4-11,3,False
S11,S11,1103,1103,L1-full,35,2-14-18,3,False
S11,S11,1103,1103,L1-full,36,4-11-14,3,False
S11,S11,1103,1103,L1-full,37,13-18,2,False
S11,S11,1103,1103,L1-full,38,0-9-12,3,False
S11,S11,1103,1103,L1-full,39,4-13-18,3,False
S11,S11,1103,1103,L1-full,40,1-5-17,3,False
S11,S11,1103,1103,L1-full,41,7-10-13,3,False
S11,S11,1103,1103,L1-full,42,0-7-15,3,False
S11,S11,1103,1103,L1-full,43,0-6-16,3,False
S11,S11,1103,1103,L1-full,44,6-9-17,3,False
S11,S11,1103,1103,L1-full,45,2-14-15,3,False
S11,S11,1103,1103,L1-full,46,5-19,2,False
S11,S11,1103,1103,L1-full,47,3-6-10,3,False
S11,S11,1103,1103,L1-full,48,11-12,2,False
S11,S11,1103,1103,L1-full,49,4-12-18,3,False
S11,S11,1103,1103,L1-full,50,11-13-15,3,False
S11,S11,1103,1103,L1-full,51,1-12-17,3,False
S11,S11,1103,1103,L1-full,52,1-4-18,3,False
S11,S11,1103,1103,L1-full,53,3-4-10,3,False
S11,S11,1103,1103,L1-full,54,1-8-17,3,False
S11,S11,1103,1103,L1-full,55,6-9-13,3,False
S11,S11,1103,1103,L1-full,56,7-11-13,3,False
S11,S11,1103,1103,L1-full,57,6-11-19,3,False
S11,S11,1103,1103,L1-full,58,4-15,2,False
S11,S11,1103,1103,L1-full,59,1-17-19,3,False
S11,S11,1103,1103,L1-full,60,0-5-19,3,False
S11,S11,1103,1103,L1-top8,1,4-5-6,3,True
S11,S11,1103,1103,L1-top8,2,0-1,2,True
S11,S11,1103,1103,L1-top8,3,2-3,2,True
S11,S11,1103,1103,L1-top8,4,7-8-9,3,True
S11,S11,1103,1103,L1-top8,5,1-16,2,False
S11,S11,1103,1103,L1-top8,6,0-6-11,3,False
S11,S11,1103,1103,L1-top8,7,1-14,2,False
S11,S11,1103,1103,L1-top8,8,4-6-18,3,False
S11,S11,1103,1103,L1-match,1,4-5-6,3,True
S11,S11,1103,1103,L1-match,2,0-1,2,True
S11,S11,1103,1103,L1-match,3,2-3,2,True
S11,S11,1103,1103,L1-match,4,7-8-9,3,True
S11,S11,1103,1103,L1-match,5,1-16,2,False
S11,S11,1103,1103,L1-match,6,0-6-11,3,False
S11,S11,1103,1103,L1-match,7,1-14,2,False
S11,S11,1103,1103,L1-match,8,4-6-18,3,False
S11,S11,1103,1103,L1-match,9,0-9-19,3,False
S11,S11,1103,1103,L1-match,10,11-15,2,False
S11,S11,1103,1103,SHIL-k8,1,0-1,2,True
S11,S11,1103,1103,SHIL-k8,2,1-16,2,False
S11,S11,1103,1103,SHIL-k8,3,0-17,2,False
S11,S11,1103,1103,SHIL-k8,4,16-17,2,False
S11,S11,1103,1103,SHIL-k8,5,2-3,2,True
S11,S11,1103,1103,SHIL-k8,6,4-5-6,3,True
S11,S11,1103,1103,SHIL-k8,7,5-6-18,3,False
S11,S11,1103,1103,SHIL-k8,8,4-6-19,3,False
S11,S11,1103,1103,SC-L1,1,0-1,2,True
S11,S11,1103,1103,SC-L1,2,2-3,2,True
S11,S11,1103,1103,SC-L1,3,4-5-6,3,True
S11,S11,1103,1103,SC-L1,4,7-8-9,3,True
S11,S11,1103,1103,SC-SHIL,1,0-1,2,True
S11,S11,1103,1103,SC-SHIL,2,0-17,2,False
S11,S11,1103,1103,SC-SHIL,3,1-16,2,False
S11,S11,1103,1103,SC-SHIL,4,2-3,2,True
S11,S11,1103,1103,SC-SHIL,5,16-17,2,False
S11,S11,1103,1103,SC-SHIL,6,4-5-6,3,True
S11,S11,1103,1103,SC-SHIL,7,4-6-19,3,False
S11,S11,1103,1103,SC-SHIL,8,5-6-18,3,False
S11,S11,1103,1103,SC-SHIL,9,6-18-19,3,False
S11,S11,1103,1103,SC-SHIL,10,7-8-9,3,True
S11,S11,1129,1129,L1-full,1,0-1,2,True
S11,S11,1129,1129,L1-full,2,4-5-6,3,True
S11,S11,1129,1129,L1-full,3,2-3,2,True
S11,S11,1129,1129,L1-full,4,7-8-9,3,True
S11,S11,1129,1129,L1-full,5,8-13-15,3,False
S11,S11,1129,1129,L1-full,6,2-5-16,3,False
S11,S11,1129,1129,L1-full,7,6-11-16,3,False
S11,S11,1129,1129,L1-full,8,2-10,2,False
S11,S11,1129,1129,L1-full,9,4-11-15,3,False
S11,S11,1129,1129,L1-full,10,2-4-16,3,False
S11,S11,1129,1129,L1-full,11,7-11-14,3,False
S11,S11,1129,1129,L1-full,12,1-4-15,3,False
S11,S11,1129,1129,L1-full,13,6-14,2,False
S11,S11,1129,1129,L1-full,14,0-2-16,3,False
S11,S11,1129,1129,L1-full,15,5-9-11,3,False
S11,S11,1129,1129,L1-full,16,9-12-19,3,False
S11,S11,1129,1129,L1-full,17,8-18,2,False
S11,S11,1129,1129,L1-full,18,5-9-19,3,False
S11,S11,1129,1129,L1-full,19,4-11,2,False
S11,S11,1129,1129,L1-full,20,3-6-10,3,False
S11,S11,1129,1129,L1-full,21,0-16-19,3,False
S11,S11,1129,1129,L1-full,22,4-6-19,3,False
S11,S11,1129,1129,L1-full,23,3-5-12,3,False
S11,S11,1129,1129,L1-full,24,0-16-18,3,False
S11,S11,1129,1129,L1-full,25,6-9-10,3,False
S11,S11,1129,1129,L1-full,26,3-9-14,3,False
S11,S11,1129,1129,L1-full,27,2-8-12,3,False
S11,S11,1129,1129,L1-full,28,10-12-18,3,False
S11,S11,1129,1129,L1-full,29,3-6-15,3,False
S11,S11,1129,1129,L1-full,30,3-10-15,3,False
S11,S11,1129,1129,L1-full,31,7-10-12,3,False
S11,S11,1129,1129,L1-full,32,10-13-19,3,False
S11,S11,1129,1129,L1-full,33,3-7-12,3,False
S11,S11,1129,1129,L1-full,34,13-14-15,3,False
S11,S11,1129,1129,L1-full,35,2-15-16,3,False
S11,S11,1129,1129,L1-full,36,0-16,2,False
S11,S11,1129,1129,L1-full,37,5-6-19,3,False
S11,S11,1129,1129,L1-full,38,4-12-18,3,False
S11,S11,1129,1129,L1-full,39,0-2-12,3,False
S11,S11,1129,1129,L1-full,40,10-12-17,3,False
S11,S11,1129,1129,L1-full,41,2-12,2,False
S11,S11,1129,1129,L1-full,42,4-18,2,False
S11,S11,1129,1129,L1-full,43,5-6-18,3,False
S11,S11,1129,1129,L1-full,44,4-11-12,3,False
S11,S11,1129,1129,L1-full,45,2-14-16,3,False
S11,S11,1129,1129,L1-full,46,10-11-18,3,False
S11,S11,1129,1129,L1-full,47,6-7-15,3,False
S11,S11,1129,1129,L1-full,48,2-12-16,3,False
S11,S11,1129,1129,L1-full,49,4-7-18,3,False
S11,S11,1129,1129,L1-full,50,4-13-18,3,False
S11,S11,1129,1129,L1-top8,1,0-1,2,True
S11,S11,1129,1129,L1-top8,2,4-5-6,3,True
S11,S11,1129,1129,L1-top8,3,2-3,2,True
S11,S11,1129,1129,L1-top8,4,7-8-9,3,True
S11,S11,1129,1129,L1-top8,5,8-13-15,3,False
S11,S11,1129,1129,L1-top8,6,2-5-16,3,False
S11,S11,1129,1129,L1-top8,7,6-11-16,3,False
S11,S11,1129,1129,L1-top8,8,2-10,2,False
S11,S11,1129,1129,L1-match,1,0-1,2,True
S11,S11,1129,1129,L1-match,2,4-5-6,3,True
S11,S11,1129,1129,L1-match,3,2-3,2,True
S11,S11,1129,1129,L1-match,4,7-8-9,3,True
S11,S11,1129,1129,L1-match,5,8-13-15,3,False
S11,S11,1129,1129,L1-match,6,2-5-16,3,False
S11,S11,1129,1129,SHIL-k8,1,0-1,2,True
S11,S11,1129,1129,SHIL-k8,2,1-16,2,False
S11,S11,1129,1129,SHIL-k8,3,0-17,2,False
S11,S11,1129,1129,SHIL-k8,4,16-17,2,False
S11,S11,1129,1129,SHIL-k8,5,2-3,2,True
S11,S11,1129,1129,SHIL-k8,6,7-8-9,3,True
S11,S11,1129,1129,SHIL-k8,7,4-5-6,3,True
S11,S11,1129,1129,SHIL-k8,8,4-6-19,3,False
S11,S11,1129,1129,SC-L1,1,0-1,2,True
S11,S11,1129,1129,SC-L1,2,2-3,2,True
S11,S11,1129,1129,SC-L1,3,4-5-6,3,True
S11,S11,1129,1129,SC-L1,4,7-8-9,3,True
S11,S11,1129,1129,SC-SHIL,1,0-1,2,True
S11,S11,1129,1129,SC-SHIL,2,0-17,2,False
S11,S11,1129,1129,SC-SHIL,3,1-16,2,False
S11,S11,1129,1129,SC-SHIL,4,2-3,2,True
S11,S11,1129,1129,SC-SHIL,5,16-17,2,False
S11,S11,1129,1129,SC-SHIL,6,4-5-6,3,True
S11,S11,1151,1151,L1-full,1,4-5-6,3,True
S11,S11,1151,1151,L1-full,2,2-3,2,True
S11,S11,1151,1151,L1-full,3,0-1,2,True
S11,S11,1151,1151,L1-full,4,7-8-9,3,True
S11,S11,1151,1151,L1-full,5,1-16,2,False
S11,S11,1151,1151,L1-full,6,0-17,2,False
S11,S11,1151,1151,L1-full,7,1-17-18,3,False
S11,S11,1151,1151,L1-full,8,4-5-14,3,False
S11,S11,1151,1151,L1-full,9,3-9-10,3,False
S11,S11,1151,1151,L1-full,10,12-14-16,3,False
S11,S11,1151,1151,L1-full,11,1-13-19,3,False
S11,S11,1151,1151,L1-full,12,1-3-17,3,False
S11,S11,1151,1151,L1-full,13,14-18,2,False
S11,S11,1151,1151,L1-full,14,12-18-19,3,False
S11,S11,1151,1151,L1-full,15,5-19,2,False
S11,S11,1151,1151,L1-full,16,3-11-15,3,False
S11,S11,1151,1151,L1-full,17,8-13,2,False
S11,S11,1151,1151,L1-full,18,8-13-18,3,False
S11,S11,1151,1151,L1-full,19,6-15,2,False
S11,S11,1151,1151,L1-full,20,2-5-19,3,False
S11,S11,1151,1151,L1-full,21,4-12-15,3,False
S11,S11,1151,1151,L1-full,22,10-11-13,3,False
S11,S11,1151,1151,L1-full,23,5-9-19,3,False
S11,S11,1151,1151,L1-full,24,3-7-17,3,False
S11,S11,1151,1151,L1-full,25,14-16,2,False
S11,S11,1151,1151,L1-full,26,0-16-19,3,False
S11,S11,1151,1151,L1-full,27,1-6-9,3,False
S11,S11,1151,1151,L1-full,28,5-10-13,3,False
S11,S11,1151,1151,L1-full,29,7-12-15,3,False
S11,S11,1151,1151,L1-full,30,15-16,2,False
S11,S11,1151,1151,L1-full,31,4-12-18,3,False
S11,S11,1151,1151,L1-full,32,5-10-19,3,False
S11,S11,1151,1151,L1-full,33,5-8-10,3,False
S11,S11,1151,1151,L1-full,34,0-9-16,3,False
S11,S11,1151,1151,L1-full,35,1-13-17,3,False
S11,S11,1151,1151,L1-full,36,9-11-12,3,False
S11,S11,1151,1151,L1-full,37,10-17-18,3,False
S11,S11,1151,1151,L1-full,38,13-14-19,3,False
S11,S11,1151,1151,L1-full,39,5-7-15,3,False
S11,S11,1151,1151,L1-full,40,5-12-13,3,False
S11,S11,1151,1151,L1-full,41,1-2-3,3,False
S11,S11,1151,1151,L1-full,42,8-11-12,3,False
S11,S11,1151,1151,L1-full,43,8-12-18,3,False
S11,S11,1151,1151,L1-full,44,1-16-17,3,False
S11,S11,1151,1151,L1-full,45,0-15-16,3,False
S11,S11,1151,1151,L1-full,46,6-10-14,3,False
S11,S11,1151,1151,L1-full,47,4-14,2,False
S11,S11,1151,1151,L1-full,48,1-4-15,3,False
S11,S11,1151,1151,L1-full,49,1-3,2,False
S11,S11,1151,1151,L1-full,50,6-9-15,3,False
S11,S11,1151,1151,L1-full,51,1-14-17,3,False
S11,S11,1151,1151,L1-full,52,9-12-15,3,False
S11,S11,1151,1151,L1-full,53,8-11-13,3,False
S11,S11,1151,1151,L1-full,54,4-10-14,3,False
S11,S11,1151,1151,L1-full,55,4-18,2,False
S11,S11,1151,1151,L1-full,56,11-12-15,3,False
S11,S11,1151,1151,L1-full,57,3-8-12,3,False
S11,S11,1151,1151,L1-full,58,4-15-18,3,False
S11,S11,1151,1151,L1-top8,1,4-5-6,3,True
S11,S11,1151,1151,L1-top8,2,2-3,2,True
S11,S11,1151,1151,L1-top8,3,0-1,2,True
S11,S11,1151,1151,L1-top8,4,7-8-9,3,True
S11,S11,1151,1151,L1-top8,5,1-16,2,False
S11,S11,1151,1151,L1-top8,6,0-17,2,False
S11,S11,1151,1151,L1-top8,7,1-17-18,3,False
S11,S11,1151,1151,L1-top8,8,4-5-14,3,False
S11,S11,1151,1151,L1-match,1,4-5-6,3,True
S11,S11,1151,1151,L1-match,2,2-3,2,True
S11,S11,1151,1151,L1-match,3,0-1,2,True
S11,S11,1151,1151,L1-match,4,7-8-9,3,True
S11,S11,1151,1151,L1-match,5,1-16,2,False
S11,S11,1151,1151,L1-match,6,0-17,2,False
S11,S11,1151,1151,L1-match,7,1-17-18,3,False
S11,S11,1151,1151,L1-match,8,4-5-14,3,False
S11,S11,1151,1151,L1-match,9,3-9-10,3,False
S11,S11,1151,1151,L1-match,10,12-14-16,3,False
S11,S11,1151,1151,SHIL-k8,1,0-1,2,True
S11,S11,1151,1151,SHIL-k8,2,1-16,2,False
S11,S11,1151,1151,SHIL-k8,3,0-17,2,False
S11,S11,1151,1151,SHIL-k8,4,2-3,2,True
S11,S11,1151,1151,SHIL-k8,5,16-17,2,False
S11,S11,1151,1151,SHIL-k8,6,4-5-6,3,True
S11,S11,1151,1151,SHIL-k8,7,5-6-18,3,False
S11,S11,1151,1151,SHIL-k8,8,4-6-19,3,False
S11,S11,1151,1151,SC-L1,1,0-1,2,True
S11,S11,1151,1151,SC-L1,2,2-3,2,True
S11,S11,1151,1151,SC-L1,3,4-5-6,3,True
S11,S11,1151,1151,SC-L1,4,7-8-9,3,True
S11,S11,1151,1151,SC-SHIL,1,0-1,2,True
S11,S11,1151,1151,SC-SHIL,2,0-17,2,False
S11,S11,1151,1151,SC-SHIL,3,1-16,2,False
S11,S11,1151,1151,SC-SHIL,4,2-3,2,True
S11,S11,1151,1151,SC-SHIL,5,16-17,2,False
S11,S11,1151,1151,SC-SHIL,6,4-5-6,3,True
S11,S11,1151,1151,SC-SHIL,7,4-6-19,3,False
S11,S11,1151,1151,SC-SHIL,8,5-6-18,3,False
S11,S11,1151,1151,SC-SHIL,9,6-18-19,3,False
S11,S11,1151,1151,SC-SHIL,10,7-8-9,3,True
S11,S11,1171,1171,L1-full,1,0-1,2,True
S11,S11,1171,1171,L1-full,2,2-3,2,True
S11,S11,1171,1171,L1-full,3,4-5-6,3,True
S11,S11,1171,1171,L1-full,4,7-8-9,3,True
S11,S11,1171,1171,L1-full,5,5-6-18,3,False
S11,S11,1171,1171,L1-full,6,14-16,2,False
S11,S11,1171,1171,L1-full,7,4-14,2,False
S11,S11,1171,1171,L1-full,8,3-10-14,3,False
S11,S11,1171,1171,L1-full,9,7-9-16,3,False
S11,S11,1171,1171,L1-full,10,0-5-9,3,False
S11,S11,1171,1171,L1-full,11,3-5-19,3,False
S11,S11,1171,1171,L1-full,12,0-3,2,False
S11,S11,1171,1171,L1-full,13,3-9-11,3,False
S11,S11,1171,1171,L1-full,14,5-8-10,3,False
S11,S11,1171,1171,L1-full,15,11-12,2,False
S11,S11,1171,1171,L1-full,16,2-11-18,3,False
S11,S11,1171,1171,L1-full,17,4-6-19,3,False
S11,S11,1171,1171,L1-full,18,0-13,2,False
S11,S11,1171,1171,L1-full,19,0-5-19,3,False
S11,S11,1171,1171,L1-full,20,1-2-17,3,False
S11,S11,1171,1171,L1-full,21,6-7,2,False
S11,S11,1171,1171,L1-full,22,0-11-12,3,False
S11,S11,1171,1171,L1-full,23,2-4-12,3,False
S11,S11,1171,1171,L1-full,24,3-14,2,False
S11,S11,1171,1171,L1-full,25,5-9-10,3,False
S11,S11,1171,1171,L1-full,26,7-15,2,False
S11,S11,1171,1171,L1-full,27,15-18-19,3,False
S11,S11,1171,1171,L1-full,28,5-8,2,False
S11,S11,1171,1171,L1-full,29,0-12-14,3,False
S11,S11,1171,1171,L1-full,30,8-13-17,3,False
S11,S11,1171,1171,L1-full,31,3-5,2,False
S11,S11,1171,1171,L1-full,32,8-9-11,3,False
S11,S11,1171,1171,L1-full,33,2-11,2,False
S11,S11,1171,1171,L1-full,34,0-6-16,3,False
S11,S11,1171,1171,L1-full,35,4-15-18,3,False
S11,S11,1171,1171,L1-full,36,3-12,2,False
S11,S11,1171,1171,L1-full,37,2-10-13,3,False
S11,S11,1171,1171,L1-full,38,2-10-12,3,False
S11,S11,1171,1171,L1-full,39,5-11-19,3,False
S11,S11,1171,1171,L1-full,40,1-11-12,3,False
S11,S11,1171,1171,L1-full,41,0-14,2,False
S11,S11,1171,1171,L1-full,42,8-19,2,False
S11,S11,1171,1171,L1-full,43,7-17,2,False
S11,S11,1171,1171,L1-full,44,2-9,2,False
S11,S11,1171,1171,L1-full,45,9-10,2,False
S11,S11,1171,1171,L1-full,46,5-6-11,3,False
S11,S11,1171,1171,L1-full,47,0-8-9,3,False
S11,S11,1171,1171,L1-full,48,10-11,2,False
S11,S11,1171,1171,L1-full,49,8-11-15,3,False
S11,S11,1171,1171,L1-full,50,0-8-12,3,False
S11,S11,1171,1171,L1-full,51,1-4-17,3,False
S11,S11,1171,1171,L1-full,52,3-4-18,3,False
S11,S11,1171,1171,L1-full,53,1-17-18,3,False
S11,S11,1171,1171,L1-full,54,0-9-16,3,False
S11,S11,1171,1171,L1-full,55,1-11-17,3,False
S11,S11,1171,1171,L1-full,56,3-7-12,3,False
S11,S11,1171,1171,L1-full,57,6-13,2,False
S11,S11,1171,1171,L1-top8,1,0-1,2,True
S11,S11,1171,1171,L1-top8,2,2-3,2,True
S11,S11,1171,1171,L1-top8,3,4-5-6,3,True
S11,S11,1171,1171,L1-top8,4,7-8-9,3,True
S11,S11,1171,1171,L1-top8,5,5-6-18,3,False
S11,S11,1171,1171,L1-top8,6,14-16,2,False
S11,S11,1171,1171,L1-top8,7,4-14,2,False
S11,S11,1171,1171,L1-top8,8,3-10-14,3,False
S11,S11,1171,1171,L1-match,1,0-1,2,True
S11,S11,1171,1171,L1-match,2,2-3,2,True
S11,S11,1171,1171,L1-match,3,4-5-6,3,True
S11,S11,1171,1171,L1-match,4,7-8-9,3,True
S11,S11,1171,1171,L1-match,5,5-6-18,3,False
S11,S11,1171,1171,L1-match,6,14-16,2,False
S11,S11,1171,1171,L1-match,7,4-14,2,False
S11,S11,1171,1171,L1-match,8,3-10-14,3,False
S11,S11,1171,1171,L1-match,9,7-9-16,3,False
S11,S11,1171,1171,L1-match,10,0-5-9,3,False
S11,S11,1171,1171,SHIL-k8,1,0-1,2,True
S11,S11,1171,1171,SHIL-k8,2,1-16,2,False
S11,S11,1171,1171,SHIL-k8,3,2-3,2,True
S11,S11,1171,1171,SHIL-k8,4,0-17,2,False
S11,S11,1171,1171,SHIL-k8,5,16-17,2,False
S11,S11,1171,1171,SHIL-k8,6,4-5-6,3,True
S11,S11,1171,1171,SHIL-k8,7,5-6-18,3,False
S11,S11,1171,1171,SHIL-k8,8,4-6-19,3,False
S11,S11,1171,1171,SC-L1,1,0-1,2,True
S11,S11,1171,1171,SC-L1,2,2-3,2,True
S11,S11,1171,1171,SC-L1,3,4-5-6,3,True
S11,S11,1171,1171,SC-L1,4,7-8-9,3,True
S11,S11,1171,1171,SC-SHIL,1,0-1,2,True
S11,S11,1171,1171,SC-SHIL,2,0-17,2,False
S11,S11,1171,1171,SC-SHIL,3,1-16,2,False
S11,S11,1171,1171,SC-SHIL,4,2-3,2,True
S11,S11,1171,1171,SC-SHIL,5,16-17,2,False
S11,S11,1171,1171,SC-SHIL,6,4-5-6,3,True
S11,S11,1171,1171,SC-SHIL,7,4-6-19,3,False
S11,S11,1171,1171,SC-SHIL,8,5-6-18,3,False
S11,S11,1171,1171,SC-SHIL,9,6-18-19,3,False
S11,S11,1171,1171,SC-SHIL,10,7-8-9,3,True
S11,S11,1181,1181,L1-full,1,2-3,2,True
S11,S11,1181,1181,L1-full,2,0-1,2,True
S11,S11,1181,1181,L1-full,3,4-5-6,3,True
S11,S11,1181,1181,L1-full,4,7-8-9,3,True
S11,S11,1181,1181,L1-full,5,0-17,2,False
S11,S11,1181,1181,L1-full,6,4-6-19,3,False
S11,S11,1181,1181,L1-full,7,4-6-14,3,False
S11,S11,1181,1181,L1-full,8,4-18,2,False
S11,S11,1181,1181,L1-full,9,3-6-13,3,False
S11,S11,1181,1181,L1-full,10,2-6-14,3,False
S11,S11,1181,1181,L1-full,11,5-9-13,3,False
S11,S11,1181,1181,L1-full,12,5-10-19,3,False
S11,S11,1181,1181,L1-full,13,8-12-19,3,False
S11,S11,1181,1181,L1-full,14,9-17,2,False
S11,S11,1181,1181,L1-full,15,9-14-15,3,False
S11,S11,1181,1181,L1-full,16,12-16-19,3,False
S11,S11,1181,1181,L1-full,17,5-17-19,3,False
S11,S11,1181,1181,L1-full,18,4-9-18,3,False
S11,S11,1181,1181,L1-full,19,10-14-17,3,False
S11,S11,1181,1181,L1-full,20,2-4-11,3,False
S11,S11,1181,1181,L1-full,21,4-11-13,3,False
S11,S11,1181,1181,L1-full,22,8-12,2,False
S11,S11,1181,1181,L1-full,23,3-10-15,3,False
S11,S11,1181,1181,L1-full,24,1-3-17,3,False
S11,S11,1181,1181,L1-full,25,4-7-18,3,False
S11,S11,1181,1181,L1-full,26,4-8-10,3,False
S11,S11,1181,1181,L1-full,27,0-4-15,3,False
S11,S11,1181,1181,L1-full,28,10-12-13,3,False
S11,S11,1181,1181,L1-full,29,0-9-13,3,False
S11,S11,1181,1181,L1-full,30,9-12-13,3,False
S11,S11,1181,1181,L1-full,31,13-15,2,False
S11,S11,1181,1181,L1-full,32,2-11-18,3,False
S11,S11,1181,1181,L1-full,33,3-8-11,3,False
S11,S11,1181,1181,L1-full,34,5-6-14,3,False
S11,S11,1181,1181,L1-full,35,1-5-10,3,False
S11,S11,1181,1181,L1-full,36,5-6-18,3,False
S11,S11,1181,1181,L1-full,37,5-13,2,False
S11,S11,1181,1181,L1-full,38,5-12-19,3,False
S11,S11,1181,1181,L1-full,39,0-15-16,3,False
S11,S11,1181,1181,L1-full,40,1-17-18,3,False
S11,S11,1181,1181,L1-full,41,4-6,2,False
S11,S11,1181,1181,L1-full,42,13-14-18,3,False
S11,S11,1181,1181,L1-full,43,13-14-15,3,False
S11,S11,1181,1181,L1-full,44,13-15-17,3,False
S11,S11,1181,1181,L1-full,45,11-14,2,False
S11,S11,1181,1181,L1-full,46,4-10-18,3,False
S11,S11,1181,1181,L1-full,47,7-12-19,3,False
S11,S11,1181,1181,L1-full,48,8-14,2,False
S11,S11,1181,1181,L1-full,49,0-6-15,3,False
S11,S11,1181,1181,L1-full,50,2-11-15,3,False
S11,S11,1181,1181,L1-full,51,8-9-12,3,False
S11,S11,1181,1181,L1-full,52,5-8-19,3,False
S11,S11,1181,1181,L1-full,53,5-9-12,3,False
S11,S11,1181,1181,L1-full,54,3-6-10,3,False
S11,S11,1181,1181,L1-full,55,4-12-19,3,False
S11,S11,1181,1181,L1-full,56,4-11-18,3,False
S11,S11,1181,1181,L1-full,57,3-9-11,3,False
S11,S11,1181,1181,L1-full,58,5-10-14,3,False
S11,S11,1181,1181,L1-full,59,13-15-19,3,False
S11,S11,1181,1181,L1-full,60,2-15,2,False
S11,S11,1181,1181,L1-full,61,0-10-16,3,False
S11,S11,1181,1181,L1-full,62,4-5-19,3,False
S11,S11,1181,1181,L1-full,63,1-9-13,3,False
S11,S11,1181,1181,L1-full,64,5-12-16,3,False
S11,S11,1181,1181,L1-full,65,5-15-19,3,False
S11,S11,1181,1181,L1-top8,1,2-3,2,True
S11,S11,1181,1181,L1-top8,2,0-1,2,True
S11,S11,1181,1181,L1-top8,3,4-5-6,3,True
S11,S11,1181,1181,L1-top8,4,7-8-9,3,True
S11,S11,1181,1181,L1-top8,5,0-17,2,False
S11,S11,1181,1181,L1-top8,6,4-6-19,3,False
S11,S11,1181,1181,L1-top8,7,4-6-14,3,False
S11,S11,1181,1181,L1-top8,8,4-18,2,False
S11,S11,1181,1181,L1-match,1,2-3,2,True
S11,S11,1181,1181,L1-match,2,0-1,2,True
S11,S11,1181,1181,L1-match,3,4-5-6,3,True
S11,S11,1181,1181,L1-match,4,7-8-9,3,True
S11,S11,1181,1181,L1-match,5,0-17,2,False
S11,S11,1181,1181,L1-match,6,4-6-19,3,False
S11,S11,1181,1181,L1-match,7,4-6-14,3,False
S11,S11,1181,1181,L1-match,8,4-18,2,False
S11,S11,1181,1181,L1-match,9,3-6-13,3,False
S11,S11,1181,1181,L1-match,10,2-6-14,3,False
S11,S11,1181,1181,SHIL-k8,1,0-1,2,True
S11,S11,1181,1181,SHIL-k8,2,2-3,2,True
S11,S11,1181,1181,SHIL-k8,3,1-16,2,False
S11,S11,1181,1181,SHIL-k8,4,0-17,2,False
S11,S11,1181,1181,SHIL-k8,5,16-17,2,False
S11,S11,1181,1181,SHIL-k8,6,4-5-6,3,True
S11,S11,1181,1181,SHIL-k8,7,4-6-19,3,False
S11,S11,1181,1181,SHIL-k8,8,5-6-18,3,False
S11,S11,1181,1181,SC-L1,1,0-1,2,True
S11,S11,1181,1181,SC-L1,2,2-3,2,True
S11,S11,1181,1181,SC-L1,3,4-5-6,3,True
S11,S11,1181,1181,SC-L1,4,7-8-9,3,True
S11,S11,1181,1181,SC-SHIL,1,0-1,2,True
S11,S11,1181,1181,SC-SHIL,2,0-17,2,False
S11,S11,1181,1181,SC-SHIL,3,1-16,2,False
S11,S11,1181,1181,SC-SHIL,4,2-3,2,True
S11,S11,1181,1181,SC-SHIL,5,16-17,2,False
S11,S11,1181,1181,SC-SHIL,6,4-5-6,3,True
S11,S11,1181,1181,SC-SHIL,7,4-6-19,3,False
S11,S11,1181,1181,SC-SHIL,8,5-6-18,3,False
S11,S11,1181,1181,SC-SHIL,9,6-18-19,3,False
S11,S11,1181,1181,SC-SHIL,10,7-8-9,3,True
S11,S11,1201,1201,L1-full,1,0-1,2,True
S11,S11,1201,1201,L1-full,2,4-5-6,3,True
S11,S11,1201,1201,L1-full,3,2-3,2,True
S11,S11,1201,1201,L1-full,4,7-8-9,3,True
S11,S11,1201,1201,L1-full,5,5-10-12,3,False
S11,S11,1201,1201,L1-full,6,0-17,2,False
S11,S11,1201,1201,L1-full,7,6-13-16,3,False
S11,S11,1201,1201,L1-full,8,8-12-18,3,False
S11,S11,1201,1201,L1-full,9,0-4-16,3,False
S11,S11,1201,1201,L1-full,10,1-14-17,3,False
S11,S11,1201,1201,L1-full,11,2-6-7,3,False
S11,S11,1201,1201,L1-full,12,2-12-15,3,False
S11,S11,1201,1201,L1-full,13,2-13-18,3,False
S11,S11,1201,1201,L1-full,14,14-16-18,3,False
S11,S11,1201,1201,L1-full,15,1-10-11,3,False
S11,S11,1201,1201,L1-full,16,0-9-16,3,False
S11,S11,1201,1201,L1-full,17,5-6,2,False
S11,S11,1201,1201,L1-full,18,1-13-17,3,False
S11,S11,1201,1201,L1-full,19,6-10-12,3,False
S11,S11,1201,1201,L1-full,20,7-13-14,3,False
S11,S11,1201,1201,L1-full,21,6-19,2,False
S11,S11,1201,1201,L1-full,22,6-13-15,3,False
S11,S11,1201,1201,L1-full,23,12-13,2,False
S11,S11,1201,1201,L1-full,24,11-12-14,3,False
S11,S11,1201,1201,L1-full,25,0-2-18,3,False
S11,S11,1201,1201,L1-full,26,11-15,2,False
S11,S11,1201,1201,L1-full,27,4-7-18,3,False
S11,S11,1201,1201,L1-full,28,5-6-19,3,False
S11,S11,1201,1201,L1-full,29,2-8-19,3,False
S11,S11,1201,1201,L1-full,30,0-5-16,3,False
S11,S11,1201,1201,L1-full,31,9-11-14,3,False
S11,S11,1201,1201,L1-full,32,0-13-14,3,False
S11,S11,1201,1201,L1-full,33,3-12-14,3,False
S11,S11,1201,1201,L1-full,34,8-10,2,False
S11,S11,1201,1201,L1-full,35,0-2-16,3,False
S11,S11,1201,1201,L1-full,36,1-9-19,3,False
S11,S11,1201,1201,L1-full,37,1-17-19,3,False
S11,S11,1201,1201,L1-full,38,5-17-19,3,False
S11,S11,1201,1201,L1-full,39,2-9,2,False
S11,S11,1201,1201,L1-full,40,1-13-15,3,False
S11,S11,1201,1201,L1-full,41,10-13-17,3,False
S11,S11,1201,1201,L1-full,42,8-15,2,False
S11,S11,1201,1201,L1-full,43,8-14,2,False
S11,S11,1201,1201,L1-full,44,10-12-13,3,False
S11,S11,1201,1201,L1-full,45,5-15-19,3,False
S11,S11,1201,1201,L1-full,46,2-4,2,False
S11,S11,1201,1201,L1-full,47,7-12-14,3,False
S11,S11,1201,1201,L1-full,48,9-15-19,3,False
S11,S11,1201,1201,L1-full,49,5-13-19,3,False
S11,S11,1201,1201,L1-full,50,0-12,2,False
S11,S11,1201,1201,L1-full,51,4-11-12,3,False
S11,S11,1201,1201,L1-full,52,4-7-9,3,False
S11,S11,1201,1201,L1-full,53,5-11-16,3,False
S11,S11,1201,1201,L1-full,54,4-8,2,False
S11,S11,1201,1201,L1-full,55,0-8-18,3,False
S11,S11,1201,1201,L1-full,56,0-5-19,3,False
S11,S11,1201,1201,L1-full,57,1-10-12,3,False
S11,S11,1201,1201,L1-full,58,10-12-17,3,False
S11,S11,1201,1201,L1-full,59,8-16-18,3,False
S11,S11,1201,1201,L1-top8,1,0-1,2,True
S11,S11,1201,1201,L1-top8,2,4-5-6,3,True
S11,S11,1201,1201,L1-top8,3,2-3,2,True
S11,S11,1201,1201,L1-top8,4,7-8-9,3,True
S11,S11,1201,1201,L1-top8,5,5-10-12,3,False
S11,S11,1201,1201,L1-top8,6,0-17,2,False
S11,S11,1201,1201,L1-top8,7,6-13-16,3,False
S11,S11,1201,1201,L1-top8,8,8-12-18,3,False
S11,S11,1201,1201,L1-match,1,0-1,2,True
S11,S11,1201,1201,L1-match,2,4-5-6,3,True
S11,S11,1201,1201,L1-match,3,2-3,2,True
S11,S11,1201,1201,L1-match,4,7-8-9,3,True
S11,S11,1201,1201,L1-match,5,5-10-12,3,False
S11,S11,1201,1201,L1-match,6,0-17,2,False
S11,S11,1201,1201,L1-match,7,6-13-16,3,False
S11,S11,1201,1201,L1-match,8,8-12-18,3,False
S11,S11,1201,1201,L1-match,9,0-4-16,3,False
S11,S11,1201,1201,L1-match,10,1-14-17,3,False
S11,S11,1201,1201,SHIL-k8,1,0-1,2,True
S11,S11,1201,1201,SHIL-k8,2,1-16,2,False
S11,S11,1201,1201,SHIL-k8,3,0-17,2,False
S11,S11,1201,1201,SHIL-k8,4,2-3,2,True
S11,S11,1201,1201,SHIL-k8,5,16-17,2,False
S11,S11,1201,1201,SHIL-k8,6,4-5-6,3,True
S11,S11,1201,1201,SHIL-k8,7,5-6-18,3,False
S11,S11,1201,1201,SHIL-k8,8,4-6-19,3,False
S11,S11,1201,1201,SC-L1,1,0-1,2,True
S11,S11,1201,1201,SC-L1,2,2-3,2,True
S11,S11,1201,1201,SC-L1,3,4-5-6,3,True
S11,S11,1201,1201,SC-L1,4,7-8-9,3,True
S11,S11,1201,1201,SC-SHIL,1,0-1,2,True
S11,S11,1201,1201,SC-SHIL,2,0-17,2,False
S11,S11,1201,1201,SC-SHIL,3,1-16,2,False
S11,S11,1201,1201,SC-SHIL,4,2-3,2,True
S11,S11,1201,1201,SC-SHIL,5,16-17,2,False
S11,S11,1201,1201,SC-SHIL,6,4-5-6,3,True
S11,S11,1201,1201,SC-SHIL,7,4-6-19,3,False
S11,S11,1201,1201,SC-SHIL,8,5-6-18,3,False
S11,S11,1201,1201,SC-SHIL,9,6-18-19,3,False
S11,S11,1201,1201,SC-SHIL,10,7-8-9,3,True
S11,S11,1213,1213,L1-full,1,0-1,2,True
S11,S11,1213,1213,L1-full,2,2-3,2,True
S11,S11,1213,1213,L1-full,3,7-8-9,3,True
S11,S11,1213,1213,L1-full,4,4-5-6,3,True
S11,S11,1213,1213,L1-full,5,5-6-18,3,False
S11,S11,1213,1213,L1-full,6,15-17-19,3,False
S11,S11,1213,1213,L1-full,7,1-16,2,False
S11,S11,1213,1213,L1-full,8,0-10-13,3,False
S11,S11,1213,1213,L1-full,9,3-7-14,3,False
S11,S11,1213,1213,L1-full,10,3-10-19,3,False
S11,S11,1213,1213,L1-full,11,4-12-18,3,False
S11,S11,1213,1213,L1-full,12,2-11-14,3,False
S11,S11,1213,1213,L1-full,13,6-15,2,False
S11,S11,1213,1213,L1-full,14,4-10-18,3,False
S11,S11,1213,1213,L1-full,15,1-5-19,3,False
S11,S11,1213,1213,L1-full,16,1-12-14,3,False
S11,S11,1213,1213,L1-full,17,9-11-13,3,False
S11,S11,1213,1213,L1-full,18,2-10-11,3,False
S11,S11,1213,1213,L1-full,19,8-14,2,False
S11,S11,1213,1213,L1-full,20,1-10-17,3,False
S11,S11,1213,1213,L1-full,21,8-15,2,False
S11,S11,1213,1213,L1-full,22,0-8-15,3,False
S11,S11,1213,1213,L1-full,23,1-7,2,False
S11,S11,1213,1213,L1-full,24,5-13-14,3,False
S11,S11,1213,1213,L1-full,25,1-13-14,3,False
S11,S11,1213,1213,L1-full,26,6-13-14,3,False
S11,S11,1213,1213,L1-full,27,4-6-19,3,False
S11,S11,1213,1213,L1-full,28,0-13-16,3,False
S11,S11,1213,1213,L1-full,29,5-15-19,3,False
S11,S11,1213,1213,L1-full,30,2-11-18,3,False
S11,S11,1213,1213,L1-full,31,0-3-7,3,False
S11,S11,1213,1213,L1-full,32,4-8-18,3,False
S11,S11,1213,1213,L1-full,33,0-3-18,3,False
S11,S11,1213,1213,L1-full,34,9-12,2,False
S11,S11,1213,1213,L1-full,35,10-11-19,3,False
S11,S11,1213,1213,L1-full,36,0-3-4,3,False
S11,S11,1213,1213,L1-full,37,1-9-11,3,False
S11,S11,1213,1213,L1-full,38,5-10-19,3,False
S11,S11,1213,1213,L1-full,39,3-4-18,3,False
S11,S11,1213,1213,L1-full,40,4-12-16,3,False
S11,S11,1213,1213,L1-full,41,11-14-18,3,False
S11,S11,1213,1213,L1-full,42,5-16-19,3,False
S11,S11,1213,1213,L1-full,43,5-10-14,3,False
S11,S11,1213,1213,L1-full,44,1-6-17,3,False
S11,S11,1213,1213,L1-full,45,6-11-18,3,False
S11,S11,1213,1213,L1-full,46,3-11-19,3,False
S11,S11,1213,1213,L1-full,47,9-11-17,3,False
S11,S11,1213,1213,L1-full,48,10-13-14,3,False
S11,S11,1213,1213,L1-full,49,2-11-19,3,False
S11,S11,1213,1213,L1-full,50,5-9-19,3,False
S11,S11,1213,1213,L1-top8,1,0-1,2,True
S11,S11,1213,1213,L1-top8,2,2-3,2,True
S11,S11,1213,1213,L1-top8,3,7-8-9,3,True
S11,S11,1213,1213,L1-top8,4,4-5-6,3,True
S11,S11,1213,1213,L1-top8,5,5-6-18,3,False
S11,S11,1213,1213,L1-top8,6,15-17-19,3,False
S11,S11,1213,1213,L1-top8,7,1-16,2,False
S11,S11,1213,1213,L1-top8,8,0-10-13,3,False
S11,S11,1213,1213,L1-match,1,0-1,2,True
S11,S11,1213,1213,L1-match,2,2-3,2,True
S11,S11,1213,1213,L1-match,3,7-8-9,3,True
S11,S11,1213,1213,L1-match,4,4-5-6,3,True
S11,S11,1213,1213,L1-match,5,5-6-18,3,False
S11,S11,1213,1213,L1-match,6,15-17-19,3,False
S11,S11,1213,1213,L1-match,7,1-16,2,False
S11,S11,1213,1213,L1-match,8,0-10-13,3,False
S11,S11,1213,1213,L1-match,9,3-7-14,3,False
S11,S11,1213,1213,L1-match,10,3-10-19,3,False
S11,S11,1213,1213,SHIL-k8,1,0-1,2,True
S11,S11,1213,1213,SHIL-k8,2,0-17,2,False
S11,S11,1213,1213,SHIL-k8,3,1-16,2,False
S11,S11,1213,1213,SHIL-k8,4,16-17,2,False
S11,S11,1213,1213,SHIL-k8,5,2-3,2,True
S11,S11,1213,1213,SHIL-k8,6,5-6-18,3,False
S11,S11,1213,1213,SHIL-k8,7,4-5-6,3,True
S11,S11,1213,1213,SHIL-k8,8,6-18-19,3,False
S11,S11,1213,1213,SC-L1,1,0-1,2,True
S11,S11,1213,1213,SC-L1,2,2-3,2,True
S11,S11,1213,1213,SC-L1,3,4-5-6,3,True
S11,S11,1213,1213,SC-L1,4,7-8-9,3,True
S11,S11,1213,1213,SC-SHIL,1,0-1,2,True
S11,S11,1213,1213,SC-SHIL,2,0-17,2,False
S11,S11,1213,1213,SC-SHIL,3,1-16,2,False
S11,S11,1213,1213,SC-SHIL,4,2-3,2,True
S11,S11,1213,1213,SC-SHIL,5,16-17,2,False
S11,S11,1213,1213,SC-SHIL,6,4-5-6,3,True
S11,S11,1213,1213,SC-SHIL,7,4-6-19,3,False
S11,S11,1213,1213,SC-SHIL,8,5-6-18,3,False
S11,S11,1213,1213,SC-SHIL,9,6-18-19,3,False
S11,S11,1213,1213,SC-SHIL,10,7-8-9,3,True
S11,S11,1231,1231,L1-full,1,0-1,2,True
S11,S11,1231,1231,L1-full,2,2-3,2,True
S11,S11,1231,1231,L1-full,3,7-8-9,3,True
S11,S11,1231,1231,L1-full,4,4-5-6,3,True
S11,S11,1231,1231,L1-full,5,5-6-18,3,False
S11,S11,1231,1231,L1-full,6,4-9-16,3,False
S11,S11,1231,1231,L1-full,7,5-15-19,3,False
S11,S11,1231,1231,L1-full,8,1-17,2,False
S11,S11,1231,1231,L1-full,9,5-17,2,False
S11,S11,1231,1231,L1-full,10,5-13-18,3,False
S11,S11,1231,1231,L1-full,11,7-13-18,3,False
S11,S11,1231,1231,L1-full,12,11-13-15,3,False
S11,S11,1231,1231,L1-full,13,7-14,2,False
S11,S11,1231,1231,L1-full,14,4-6-19,3,False
S11,S11,1231,1231,L1-full,15,15-16,2,False
S11,S11,1231,1231,L1-full,16,5-14-19,3,False
S11,S11,1231,1231,L1-full,17,0-8-19,3,False
S11,S11,1231,1231,L1-full,18,4-6-12,3,False
S11,S11,1231,1231,L1-full,19,0-3-14,3,False
S11,S11,1231,1231,L1-full,20,1-11-13,3,False
S11,S11,1231,1231,L1-full,21,0-4-18,3,False
S11,S11,1231,1231,L1-full,22,8-15,2,False
S11,S11,1231,1231,L1-full,23,8-10-18,3,False
S11,S11,1231,1231,L1-full,24,0-5-9,3,False
S11,S11,1231,1231,L1-full,25,6-9-14,3,False
S11,S11,1231,1231,L1-full,26,4-12,2,False
S11,S11,1231,1231,L1-full,27,6-11,2,False
S11,S11,1231,1231,L1-full,28,4-17-18,3,False
S11,S11,1231,1231,L1-full,29,4-10-13,3,False
S11,S11,1231,1231,L1-full,30,7-14-15,3,False
S11,S11,1231,1231,L1-full,31,3-6-13,3,False
S11,S11,1231,1231,L1-full,32,4-9-12,3,False
S11,S11,1231,1231,L1-full,33,2-16-19,3,False
S11,S11,1231,1231,L1-full,34,5-12-19,3,False
S11,S11,1231,1231,L1-full,35,0-15-16,3,False
S11,S11,1231,1231,L1-full,36,0-3-16,3,False
S11,S11,1231,1231,L1-full,37,4-5-13,3,False
S11,S11,1231,1231,L1-full,38,1-6-14,3,False
S11,S11,1231,1231,L1-full,39,1-5,2,False
S11,S11,1231,1231,L1-full,40,8-14,2,False
S11,S11,1231,1231,L1-full,41,0-8-10,3,False
S11,S11,1231,1231,L1-full,42,5-13-14,3,False
S11,S11,1231,1231,L1-full,43,4-9-18,3,False
S11,S11,1231,1231,L1-full,44,1-4-10,3,False
S11,S11,1231,1231,L1-full,45,4-9-17,3,False
S11,S11,1231,1231,L1-full,46,2-9,2,False
S11,S11,1231,1231,L1-full,47,3-6-15,3,False
S11,S11,1231,1231,L1-full,48,1-4-17,3,False
S11,S11,1231,1231,L1-full,49,5-8-19,3,False
S11,S11,1231,1231,L1-full,50,5-17-19,3,False
S11,S11,1231,1231,L1-full,51,10-17-18,3,False
S11,S11,1231,1231,L1-top8,1,0-1,2,True
S11,S11,1231,1231,L1-top8,2,2-3,2,True
S11,S11,1231,1231,L1-top8,3,7-8-9,3,True
S11,S11,1231,1231,L1-top8,4,4-5-6,3,True
S11,S11,1231,1231,L1-top8,5,5-6-18,3,False
S11,S11,1231,1231,L1-top8,6,4-9-16,3,False
S11,S11,1231,1231,L1-top8,7,5-15-19,3,False
S11,S11,1231,1231,L1-top8,8,1-17,2,False
S11,S11,1231,1231,L1-match,1,0-1,2,True
S11,S11,1231,1231,L1-match,2,2-3,2,True
S11,S11,1231,1231,L1-match,3,7-8-9,3,True
S11,S11,1231,1231,L1-match,4,4-5-6,3,True
S11,S11,1231,1231,L1-match,5,5-6-18,3,False
S11,S11,1231,1231,L1-match,6,4-9-16,3,False
S11,S11,1231,1231,L1-match,7,5-15-19,3,False
S11,S11,1231,1231,SHIL-k8,1,2-3,2,True
S11,S11,1231,1231,SHIL-k8,2,0-1,2,True
S11,S11,1231,1231,SHIL-k8,3,1-16,2,False
S11,S11,1231,1231,SHIL-k8,4,0-17,2,False
S11,S11,1231,1231,SHIL-k8,5,16-17,2,False
S11,S11,1231,1231,SHIL-k8,6,7-8-9,3,True
S11,S11,1231,1231,SHIL-k8,7,5-6-18,3,False
S11,S11,1231,1231,SHIL-k8,8,4-5-6,3,True
S11,S11,1231,1231,SC-L1,1,0-1,2,True
S11,S11,1231,1231,SC-L1,2,2-3,2,True
S11,S11,1231,1231,SC-L1,3,4-5-6,3,True
S11,S11,1231,1231,SC-L1,4,7-8-9,3,True
S11,S11,1231,1231,SC-SHIL,1,0-1,2,True
S11,S11,1231,1231,SC-SHIL,2,0-17,2,False
S11,S11,1231,1231,SC-SHIL,3,1-16,2,False
S11,S11,1231,1231,SC-SHIL,4,2-3,2,True
S11,S11,1231,1231,SC-SHIL,5,16-17,2,False
S11,S11,1231,1231,SC-SHIL,6,4-5-6,3,True
S11,S11,1231,1231,SC-SHIL,7,5-6-18,3,False
S11,S11,1249,1249,L1-full,1,0-1,2,True
S11,S11,1249,1249,L1-full,2,2-3,2,True
S11,S11,1249,1249,L1-full,3,4-5-6,3,True
S11,S11,1249,1249,L1-full,4,7-8-9,3,True
S11,S11,1249,1249,L1-full,5,1-16,2,False
S11,S11,1249,1249,L1-full,6,5-6-18,3,False
S11,S11,1249,1249,L1-full,7,7-17,2,False
S11,S11,1249,1249,L1-full,8,4-6-15,3,False
S11,S11,1249,1249,L1-full,9,6-13-19,3,False
S11,S11,1249,1249,L1-full,10,3-7-11,3,False
S11,S11,1249,1249,L1-full,11,1-17-19,3,False
S11,S11,1249,1249,L1-full,12,2-11,2,False
S11,S11,1249,1249,L1-full,13,10-11-17,3,False
S11,S11,1249,1249,L1-full,14,3-4-11,3,False
S11,S11,1249,1249,L1-full,15,0-15,2,False
S11,S11,1249,1249,L1-full,16,4-14-18,3,False
S11,S11,1249,1249,L1-full,17,9-13-15,3,False
S11,S11,1249,1249,L1-full,18,3-7-15,3,False
S11,S11,1249,1249,L1-full,19,7-13-14,3,False
S11,S11,1249,1249,L1-full,20,4-6-19,3,False
S11,S11,1249,1249,L1-full,21,11-13-14,3,False
S11,S11,1249,1249,L1-full,22,10-13-14,3,False
S11,S11,1249,1249,L1-full,23,8-10-17,3,False
S11,S11,1249,1249,L1-full,24,2-6-15,3,False
S11,S11,1249,1249,L1-full,25,13-16,2,False
S11,S11,1249,1249,L1-full,26,13-16-19,3,False
S11,S11,1249,1249,L1-full,27,2-10-14,3,False
S11,S11,1249,1249,L1-full,28,8-12-17,3,False
S11,S11,1249,1249,L1-full,29,1-10-17,3,False
S11,S11,1249,1249,L1-full,30,0-16,2,False
S11,S11,1249,1249,L1-full,31,2-12-15,3,False
S11,S11,1249,1249,L1-full,32,2-4-9,3,False
S11,S11,1249,1249,L1-full,33,6-9-14,3,False
S11,S11,1249,1249,L1-full,34,3-11-14,3,False
S11,S11,1249,1249,L1-full,35,2-12-19,3,False
S11,S11,1249,1249,L1-full,36,11-12-18,3,False
S11,S11,1249,1249,L1-full,37,10-17,2,False
S11,S11,1249,1249,L1-full,38,1-13-17,3,False
S11,S11,1249,1249,L1-full,39,4-15-16,3,False
S11,S11,1249,1249,L1-full,40,2-8-12,3,False
S11,S11,1249,1249,L1-full,41,12-14-15,3,False
S11,S11,1249,1249,L1-full,42,4-18,2,False
S11,S11,1249,1249,L1-full,43,0-5-19,3,False
S11,S11,1249,1249,L1-full,44,10-15-19,3,False
S11,S11,1249,1249,L1-full,45,4-15-18,3,False
S11,S11,1249,1249,L1-full,46,7-11-19,3,False
S11,S11,1249,1249,L1-full,47,2-11-17,3,False
S11,S11,1249,1249,L1-full,48,2-4-18,3,False
S11,S11,1249,1249,L1-full,49,8-11-14,3,False
S11,S11,1249,1249,L1-full,50,3-12-17,3,False
S11,S11,1249,1249,L1-top8,1,0-1,2,True
S11,S11,1249,1249,L1-top8,2,2-3,2,True
S11,S11,1249,1249,L1-top8,3,4-5-6,3,True
S11,S11,1249,1249,L1-top8,4,7-8-9,3,True
S11,S11,1249,1249,L1-top8,5,1-16,2,False
S11,S11,1249,1249,L1-top8,6,5-6-18,3,False
S11,S11,1249,1249,L1-top8,7,7-17,2,False
S11,S11,1249,1249,L1-top8,8,4-6-15,3,False
S11,S11,1249,1249,L1-match,1,0-1,2,True
S11,S11,1249,1249,L1-match,2,2-3,2,True
S11,S11,1249,1249,L1-match,3,4-5-6,3,True
S11,S11,1249,1249,L1-match,4,7-8-9,3,True
S11,S11,1249,1249,L1-match,5,1-16,2,False
S11,S11,1249,1249,L1-match,6,5-6-18,3,False
S11,S11,1249,1249,L1-match,7,7-17,2,False
S11,S11,1249,1249,L1-match,8,4-6-15,3,False
S11,S11,1249,1249,L1-match,9,6-13-19,3,False
S11,S11,1249,1249,L1-match,10,3-7-11,3,False
S11,S11,1249,1249,SHIL-k8,1,0-1,2,True
S11,S11,1249,1249,SHIL-k8,2,2-3,2,True
S11,S11,1249,1249,SHIL-k8,3,1-16,2,False
S11,S11,1249,1249,SHIL-k8,4,0-17,2,False
S11,S11,1249,1249,SHIL-k8,5,16-17,2,False
S11,S11,1249,1249,SHIL-k8,6,4-5-6,3,True
S11,S11,1249,1249,SHIL-k8,7,5-6-18,3,False
S11,S11,1249,1249,SHIL-k8,8,4-6-19,3,False
S11,S11,1249,1249,SC-L1,1,0-1,2,True
S11,S11,1249,1249,SC-L1,2,2-3,2,True
S11,S11,1249,1249,SC-L1,3,4-5-6,3,True
S11,S11,1249,1249,SC-L1,4,7-8-9,3,True
S11,S11,1249,1249,SC-SHIL,1,0-1,2,True
S11,S11,1249,1249,SC-SHIL,2,0-17,2,False
S11,S11,1249,1249,SC-SHIL,3,1-16,2,False
S11,S11,1249,1249,SC-SHIL,4,2-3,2,True
S11,S11,1249,1249,SC-SHIL,5,16-17,2,False
S11,S11,1249,1249,SC-SHIL,6,4-5-6,3,True
S11,S11,1249,1249,SC-SHIL,7,4-6-19,3,False
S11,S11,1249,1249,SC-SHIL,8,5-6-18,3,False
S11,S11,1249,1249,SC-SHIL,9,6-18-19,3,False
S11,S11,1249,1249,SC-SHIL,10,7-8-9,3,True
S11,S11,1277,1277,L1-full,1,0-1,2,True
S11,S11,1277,1277,L1-full,2,2-3,2,True
S11,S11,1277,1277,L1-full,3,7-8-9,3,True
S11,S11,1277,1277,L1-full,4,4-5-6,3,True
S11,S11,1277,1277,L1-full,5,5-6-18,3,False
S11,S11,1277,1277,L1-full,6,0-17,2,False
S11,S11,1277,1277,L1-full,7,0-16-18,3,False
S11,S11,1277,1277,L1-full,8,0-5-8,3,False
S11,S11,1277,1277,L1-full,9,2-8-17,3,False
S11,S11,1277,1277,L1-full,10,0-5-16,3,False
S11,S11,1277,1277,L1-full,11,5-13-14,3,False
S11,S11,1277,1277,L1-full,12,3-8-18,3,False
S11,S11,1277,1277,L1-full,13,12-14-18,3,False
S11,S11,1277,1277,L1-full,14,13-14-15,3,False
S11,S11,1277,1277,L1-full,15,2-5-8,3,False
S11,S11,1277,1277,L1-full,16,3-16,2,False
S11,S11,1277,1277,L1-full,17,9-15-18,3,False
S11,S11,1277,1277,L1-full,18,4-8-16,3,False
S11,S11,1277,1277,L1-full,19,7-12-13,3,False
S11,S11,1277,1277,L1-full,20,1-17-19,3,False
S11,S11,1277,1277,L1-full,21,3-9-10,3,False
S11,S11,1277,1277,L1-full,22,3-4-8,3,False
S11,S11,1277,1277,L1-full,23,7-8-12,3,False
S11,S11,1277,1277,L1-full,24,2-7-10,3,False
S11,S11,1277,1277,L1-full,25,6-8-13,3,False
S11,S11,1277,1277,L1-full,26,2-5-19,3,False
S11,S11,1277,1277,L1-full,27,8-12-19,3,False
S11,S11,1277,1277,L1-full,28,6-9-12,3,False
S11,S11,1277,1277,L1-full,29,3-5-19,3,False
S11,S11,1277,1277,L1-full,30,0-2-14,3,False
S11,S11,1277,1277,L1-full,31,1-4-13,3,False
S11,S11,1277,1277,L1-full,32,4-8-14,3,False
S11,S11,1277,1277,L1-full,33,3-4-18,3,False
S11,S11,1277,1277,L1-full,34,2-4-15,3,False
S11,S11,1277,1277,L1-full,35,1-12-17,3,False
S11,S11,1277,1277,L1-full,36,8-11-14,3,False
S11,S11,1277,1277,L1-full,37,1-10,2,False
S11,S11,1277,1277,L1-full,38,4-13-17,3,False
S11,S11,1277,1277,L1-full,39,0-3-15,3,False
S11,S11,1277,1277,L1-full,40,4-14,2,False
S11,S11,1277,1277,L1-full,41,3-11-14,3,False
S11,S11,1277,1277,L1-full,42,4-18,2,False
S11,S11,1277,1277,L1-full,43,4-11,2,False
S11,S11,1277,1277,L1-full,44,6-11,2,False
S11,S11,1277,1277,L1-full,45,5-6-19,3,False
S11,S11,1277,1277,L1-full,46,8-14,2,False
S11,S11,1277,1277,L1-full,47,14-18,2,False
S11,S11,1277,1277,L1-full,48,1-2-4,3,False
S11,S11,1277,1277,L1-full,49,10-11-19,3,False
S11,S11,1277,1277,L1-full,50,6-8-10,3,False
S11,S11,1277,1277,L1-full,51,11-16-19,3,False
S11,S11,1277,1277,L1-full,52,10-11-14,3,False
S11,S11,1277,1277,L1-full,53,0-10-15,3,False
S11,S11,1277,1277,L1-full,54,3-8-11,3,False
S11,S11,1277,1277,L1-full,55,4-14-19,3,False
S11,S11,1277,1277,L1-full,56,4-14-18,3,False
S11,S11,1277,1277,L1-full,57,3-10-16,3,False
S11,S11,1277,1277,L1-full,58,2-12,2,False
S11,S11,1277,1277,L1-full,59,1-3-14,3,False
S11,S11,1277,1277,L1-full,60,1-16,2,False
S11,S11,1277,1277,L1-full,61,5-13,2,False
S11,S11,1277,1277,L1-full,62,2-4-8,3,False
S11,S11,1277,1277,L1-full,63,9-13-14,3,False
S11,S11,1277,1277,L1-full,64,5-17-19,3,False
S11,S11,1277,1277,L1-full,65,11-12-14,3,False
S11,S11,1277,1277,L1-full,66,5-19,2,False
S11,S11,1277,1277,L1-full,67,1-6-11,3,False
S11,S11,1277,1277,L1-full,68,1-4-8,3,False
S11,S11,1277,1277,L1-full,69,1-2-12,3,False
S11,S11,1277,1277,L1-full,70,9-11-12,3,False
S11,S11,1277,1277,L1-full,71,9-15,2,False
S11,S11,1277,1277,L1-full,72,3-19,2,False
S11,S11,1277,1277,L1-full,73,4-8-18,3,False
S11,S11,1277,1277,L1-full,74,1-8-17,3,False
S11,S11,1277,1277,L1-full,75,7-12-16,3,False
S11,S11,1277,1277,L1-full,76,0-6,2,False
S11,S11,1277,1277,L1-full,77,12-14-16,3,False
S11,S11,1277,1277,L1-full,78,5-6-12,3,False
S11,S11,1277,1277,L1-full,79,5-14-17,3,False
S11,S11,1277,1277,L1-full,80,4-12-18,3,False
S11,S11,1277,1277,L1-full,81,9-12-14,3,False
S11,S11,1277,1277,L1-full,82,12-15,2,False
S11,S11,1277,1277,L1-full,83,13-14,2,False
S11,S11,1277,1277,L1-full,84,5-16-19,3,False
S11,S11,1277,1277,L1-full,85,1-17-18,3,False
S11,S11,1277,1277,L1-top8,1,0-1,2,True
S11,S11,1277,1277,L1-top8,2,2-3,2,True
S11,S11,1277,1277,L1-top8,3,7-8-9,3,True
S11,S11,1277,1277,L1-top8,4,4-5-6,3,True
S11,S11,1277,1277,L1-top8,5,5-6-18,3,False
S11,S11,1277,1277,L1-top8,6,0-17,2,False
S11,S11,1277,1277,L1-top8,7,0-16-18,3,False
S11,S11,1277,1277,L1-top8,8,0-5-8,3,False
S11,S11,1277,1277,L1-match,1,0-1,2,True
S11,S11,1277,1277,L1-match,2,2-3,2,True
S11,S11,1277,1277,L1-match,3,7-8-9,3,True
S11,S11,1277,1277,L1-match,4,4-5-6,3,True
S11,S11,1277,1277,L1-match,5,5-6-18,3,False
S11,S11,1277,1277,L1-match,6,0-17,2,False
S11,S11,1277,1277,L1-match,7,0-16-18,3,False
S11,S11,1277,1277,SHIL-k8,1,0-1,2,True
S11,S11,1277,1277,SHIL-k8,2,0-17,2,False
S11,S11,1277,1277,SHIL-k8,3,1-16,2,False
S11,S11,1277,1277,SHIL-k8,4,2-3,2,True
S11,S11,1277,1277,SHIL-k8,5,16-17,2,False
S11,S11,1277,1277,SHIL-k8,6,7-8-9,3,True
S11,S11,1277,1277,SHIL-k8,7,4-5-6,3,True
S11,S11,1277,1277,SHIL-k8,8,5-6-18,3,False
S11,S11,1277,1277,SC-L1,1,0-1,2,True
S11,S11,1277,1277,SC-L1,2,2-3,2,True
S11,S11,1277,1277,SC-L1,3,4-5-6,3,True
S11,S11,1277,1277,SC-L1,4,7-8-9,3,True
S11,S11,1277,1277,SC-SHIL,1,0-1,2,True
S11,S11,1277,1277,SC-SHIL,2,0-17,2,False
S11,S11,1277,1277,SC-SHIL,3,1-16,2,False
S11,S11,1277,1277,SC-SHIL,4,2-3,2,True
S11,S11,1277,1277,SC-SHIL,5,16-17,2,False
S11,S11,1277,1277,SC-SHIL,6,4-5-6,3,True
S11,S11,1277,1277,SC-SHIL,7,5-6-18,3,False
S12,S12,1103,1103,L1-full,1,4-5-6,3,True
S12,S12,1103,1103,L1-full,2,0-1,2,True
S12,S12,1103,1103,L1-full,3,2-3,2,True
S12,S12,1103,1103,L1-full,4,7-8-9,3,True
S12,S12,1103,1103,L1-full,5,0-2-11,3,False
S12,S12,1103,1103,L1-full,6,1-7-9,3,False
S12,S12,1103,1103,L1-full,7,2-8-15,3,False
S12,S12,1103,1103,L1-full,8,0-3-8,3,False
S12,S12,1103,1103,L1-full,9,2-6-8,3,False
S12,S12,1103,1103,L1-full,10,8-13,2,False
S12,S12,1103,1103,L1-full,11,6-9-10,3,False
S12,S12,1103,1103,L1-full,12,1-12-15,3,False
S12,S12,1103,1103,L1-full,13,4-5-8,3,False
S12,S12,1103,1103,L1-full,14,3-5-13,3,False
S12,S12,1103,1103,L1-full,15,2-5-14,3,False
S12,S12,1103,1103,L1-full,16,0-7-11,3,False
S12,S12,1103,1103,L1-full,17,3-7-10,3,False
S12,S12,1103,1103,L1-full,18,1-6-13,3,False
S12,S12,1103,1103,L1-full,19,0-1-5,3,False
S12,S12,1103,1103,L1-full,20,1-4-10,3,False
S12,S12,1103,1103,L1-full,21,2-8-9,3,False
S12,S12,1103,1103,L1-full,22,0-9-12,3,False
S12,S12,1103,1103,L1-full,23,4-8-13,3,False
S12,S12,1103,1103,L1-full,24,4-14,2,False
S12,S12,1103,1103,L1-full,25,6-12,2,False
S12,S12,1103,1103,L1-full,26,5-11-14,3,False
S12,S12,1103,1103,L1-full,27,5-6-10,3,False
S12,S12,1103,1103,L1-full,28,5-9-14,3,False
S12,S12,1103,1103,L1-full,29,5-8-14,3,False
S12,S12,1103,1103,L1-full,30,0-12,2,False
S12,S12,1103,1103,L1-full,31,3-4-7,3,False
S12,S12,1103,1103,L1-full,32,2-6,2,False
S12,S12,1103,1103,L1-full,33,1-7-15,3,False
S12,S12,1103,1103,L1-full,34,5-8-15,3,False
S12,S12,1103,1103,L1-full,35,1-4-12,3,False
S12,S12,1103,1103,L1-full,36,6-13,2,False
S12,S12,1103,1103,L1-full,37,2-8-14,3,False
S12,S12,1103,1103,L1-full,38,8-11-14,3,False
S12,S12,1103,1103,L1-full,39,1-3-9,3,False
S12,S12,1103,1103,L1-full,40,5-7-12,3,False
S12,S12,1103,1103,L1-full,41,12-14-15,3,False
S12,S12,1103,1103,L1-full,42,2-9,2,False
S12,S12,1103,1103,L1-full,43,5-9-12,3,False
S12,S12,1103,1103,L1-full,44,3-7-12,3,False
S12,S12,1103,1103,L1-full,45,6-8-10,3,False
S12,S12,1103,1103,L1-full,46,1-8-9,3,False
S12,S12,1103,1103,L1-full,47,0-3-11,3,False
S12,S12,1103,1103,L1-full,48,5-15,2,False
S12,S12,1103,1103,L1-full,49,7-11,2,False
S12,S12,1103,1103,L1-full,50,0-8-10,3,False
S12,S12,1103,1103,L1-full,51,0-9-10,3,False
S12,S12,1103,1103,L1-full,52,7-9,2,False
S12,S12,1103,1103,L1-full,53,10-12-14,3,False
S12,S12,1103,1103,L1-full,54,3-9-10,3,False
S12,S12,1103,1103,L1-full,55,8-10-15,3,False
S12,S12,1103,1103,L1-full,56,2-7-8,3,False
S12,S12,1103,1103,L1-full,57,0-11-12,3,False
S12,S12,1103,1103,L1-full,58,0-13-14,3,False
S12,S12,1103,1103,L1-full,59,2-7-14,3,False
S12,S12,1103,1103,L1-full,60,5-13-15,3,False
S12,S12,1103,1103,L1-full,61,4-13,2,False
S12,S12,1103,1103,L1-full,62,6-12-13,3,False
S12,S12,1103,1103,L1-full,63,1-7,2,False
S12,S12,1103,1103,L1-full,64,0-5-9,3,False
S12,S12,1103,1103,L1-full,65,9-13-15,3,False
S12,S12,1103,1103,L1-full,66,1-3-7,3,False
S12,S12,1103,1103,L1-full,67,1-14,2,False
S12,S12,1103,1103,L1-full,68,5-6,2,False
S12,S12,1103,1103,L1-full,69,2-5-12,3,False
S12,S12,1103,1103,L1-full,70,4-9-14,3,False
S12,S12,1103,1103,L1-full,71,7-8,2,False
S12,S12,1103,1103,L1-full,72,7-8-15,3,False
S12,S12,1103,1103,L1-full,73,3-6-15,3,False
S12,S12,1103,1103,L1-full,74,3-6-11,3,False
S12,S12,1103,1103,L1-full,75,0-5,2,False
S12,S12,1103,1103,L1-full,76,1-8-12,3,False
S12,S12,1103,1103,L1-full,77,1-10-14,3,False
S12,S12,1103,1103,L1-full,78,6-7-13,3,False
S12,S12,1103,1103,L1-full,79,6-9-11,3,False
S12,S12,1103,1103,L1-full,80,0-5-7,3,False
S12,S12,1103,1103,L1-full,81,1-4-6,3,False
S12,S12,1103,1103,L1-full,82,9-10-14,3,False
S12,S12,1103,1103,L1-full,83,5-7,2,False
S12,S12,1103,1103,L1-full,84,1-15,2,False
S12,S12,1103,1103,L1-full,85,0-5-11,3,False
S12,S12,1103,1103,L1-full,86,1-4-5,3,False
S12,S12,1103,1103,L1-full,87,6-11,2,False
S12,S12,1103,1103,L1-full,88,2-14-15,3,False
S12,S12,1103,1103,L1-full,89,10-15,2,False
S12,S12,1103,1103,L1-full,90,0-10-14,3,False
S12,S12,1103,1103,L1-full,91,5-13,2,False
S12,S12,1103,1103,L1-full,92,0-3-10,3,False
S12,S12,1103,1103,L1-full,93,1-10-13,3,False
S12,S12,1103,1103,L1-full,94,10-12-13,3,False
S12,S12,1103,1103,L1-full,95,3-9-11,3,False
S12,S12,1103,1103,L1-full,96,5-6-13,3,False
S12,S12,1103,1103,L1-full,97,4-6-7,3,False
S12,S12,1103,1103,L1-full,98,3-6-13,3,False
S12,S12,1103,1103,L1-full,99,1-5-11,3,False
S12,S12,1103,1103,L1-full,100,8-12,2,False
S12,S12,1103,1103,L1-full,101,0-14-15,3,False
S12,S12,1103,1103,L1-full,102,6-9-12,3,False
S12,S12,1103,1103,L1-full,103,1-2-12,3,False
S12,S12,1103,1103,L1-full,104,4-8-9,3,False
S12,S12,1103,1103,L1-full,105,8-10-11,3,False
S12,S12,1103,1103,L1-full,106,6-10-11,3,False
S12,S12,1103,1103,L1-full,107,3-5-12,3,False
S12,S12,1103,1103,L1-full,108,5-10-11,3,False
S12,S12,1103,1103,L1-full,109,4-7-13,3,False
S12,S12,1103,1103,L1-full,110,1-7-14,3,False
S12,S12,1103,1103,L1-full,111,4-8-14,3,False
S12,S12,1103,1103,L1-full,112,7-9-12,3,False
S12,S12,1103,1103,L1-full,113,0-2-7,3,False
S12,S12,1103,1103,L1-full,114,9-11,2,False
S12,S12,1103,1103,L1-full,115,13-14,2,False
S12,S12,1103,1103,L1-full,116,1-11-15,3,False
S12,S12,1103,1103,L1-full,117,8-12-15,3,False
S12,S12,1103,1103,L1-full,118,7-9-14,3,False
S12,S12,1103,1103,L1-full,119,0-8,2,False
S12,S12,1103,1103,L1-full,120,0-2-10,3,False
S12,S12,1103,1103,L1-full,121,1-3-5,3,False
S12,S12,1103,1103,L1-full,122,3-13,2,False
S12,S12,1103,1103,L1-full,123,7-11-14,3,False
S12,S12,1103,1103,L1-full,124,2-3-14,3,False
S12,S12,1103,1103,L1-full,125,3-12-15,3,False
S12,S12,1103,1103,L1-full,126,2-4-5,3,False
S12,S12,1103,1103,L1-full,127,3-4-14,3,False
S12,S12,1103,1103,L1-full,128,2-7-13,3,False
S12,S12,1103,1103,L1-full,129,5-10-13,3,False
S12,S12,1103,1103,L1-full,130,2-10-12,3,False
S12,S12,1103,1103,L1-full,131,0-4-8,3,False
S12,S12,1103,1103,L1-full,132,4-9-12,3,False
S12,S12,1103,1103,L1-full,133,1-6-15,3,False
S12,S12,1103,1103,L1-full,134,3-5-9,3,False
S12,S12,1103,1103,L1-full,135,5-6-14,3,False
S12,S12,1103,1103,L1-full,136,4-8,2,False
S12,S12,1103,1103,L1-full,137,2-6-10,3,False
S12,S12,1103,1103,L1-full,138,4-6-15,3,False
S12,S12,1103,1103,L1-full,139,1-6-11,3,False
S12,S12,1103,1103,L1-full,140,4-9-13,3,False
S12,S12,1103,1103,L1-full,141,0-9,2,False
S12,S12,1103,1103,L1-full,142,3-5-15,3,False
S12,S12,1103,1103,L1-full,143,0-6-8,3,False
S12,S12,1103,1103,L1-full,144,2-9-15,3,False
S12,S12,1103,1103,L1-full,145,4-7-8,3,False
S12,S12,1103,1103,L1-full,146,4-6,2,False
S12,S12,1103,1103,L1-full,147,8-10-12,3,False
S12,S12,1103,1103,L1-full,148,5-10-15,3,False
S12,S12,1103,1103,L1-full,149,3-8-14,3,False
S12,S12,1103,1103,L1-full,150,1-3-4,3,False
S12,S12,1103,1103,L1-full,151,4-10,2,False
S12,S12,1103,1103,L1-full,152,6-14-15,3,False
S12,S12,1103,1103,L1-full,153,3-5,2,False
S12,S12,1103,1103,L1-full,154,4-11-14,3,False
S12,S12,1103,1103,L1-full,155,4-7-12,3,False
S12,S12,1103,1103,L1-full,156,4-7-14,3,False
S12,S12,1103,1103,L1-full,157,3-9-13,3,False
S12,S12,1103,1103,L1-full,158,0-14,2,False
S12,S12,1103,1103,L1-full,159,3-5-10,3,False
S12,S12,1103,1103,L1-full,160,1-7-8,3,False
S12,S12,1103,1103,L1-full,161,8-9-14,3,False
S12,S12,1103,1103,L1-full,162,6-10-14,3,False
S12,S12,1103,1103,L1-full,163,8-9-15,3,False
S12,S12,1103,1103,L1-full,164,0-9-15,3,False
S12,S12,1103,1103,L1-full,165,1-3-11,3,False
S12,S12,1103,1103,L1-full,166,1-12,2,False
S12,S12,1103,1103,L1-full,167,2-9-13,3,False
S12,S12,1103,1103,L1-full,168,2-8-11,3,False
S12,S12,1103,1103,L1-full,169,1-13-15,3,False
S12,S12,1103,1103,L1-full,170,6-8-14,3,False
S12,S12,1103,1103,L1-full,171,2-5-15,3,False
S12,S12,1103,1103,L1-full,172,3-11,2,False
S12,S12,1103,1103,L1-full,173,9-13-14,3,False
S12,S12,1103,1103,L1-full,174,7-10-13,3,False
S12,S12,1103,1103,L1-full,175,5-7-9,3,False
S12,S12,1103,1103,L1-full,176,2-13-15,3,False
S12,S12,1103,1103,L1-full,177,7-10-14,3,False
S12,S12,1103,1103,L1-full,178,1-5-9,3,False
S12,S12,1103,1103,L1-full,179,5-6-15,3,False
S12,S12,1103,1103,L1-full,180,4-14-15,3,False
S12,S12,1103,1103,L1-full,181,11-12-15,3,False
S12,S12,1103,1103,L1-full,182,3-13-15,3,False
S12,S12,1103,1103,L1-full,183,3-12,2,False
S12,S12,1103,1103,L1-full,184,2-7,2,False
S12,S12,1103,1103,L1-full,185,8-15,2,False
S12,S12,1103,1103,L1-full,186,11-12,2,False
S12,S12,1103,1103,L1-full,187,2-5-13,3,False
S12,S12,1103,1103,L1-full,188,1-11-12,3,False
S12,S12,1103,1103,L1-full,189,0-1-10,3,False
S12,S12,1103,1103,L1-full,190,0-4-9,3,False
S12,S12,1103,1103,L1-full,191,4-6-12,3,False
S12,S12,1103,1103,L1-full,192,6-7-15,3,False
S12,S12,1103,1103,L1-full,193,4-9-15,3,False
S12,S12,1103,1103,L1-full,194,4-11-15,3,False
S12,S12,1103,1103,L1-full,195,0-8-12,3,False
S12,S12,1103,1103,L1-full,196,3-4-12,3,False
S12,S12,1103,1103,L1-full,197,4-10-12,3,False
S12,S12,1103,1103,L1-full,198,11-13-14,3,False
S12,S12,1103,1103,L1-full,199,2-5-7,3,False
S12,S12,1103,1103,L1-full,200,0-4-7,3,False
S12,S12,1103,1103,L1-full,201,2-3-15,3,False
S12,S12,1103,1103,L1-full,202,6-7,2,False
S12,S12,1103,1103,L1-full,203,4-5-10,3,False
S12,S12,1103,1103,L1-full,204,6-12-14,3,False
S12,S12,1103,1103,L1-full,205,0-8-15,3,False
S12,S12,1103,1103,L1-full,206,0-5-15,3,False
S12,S12,1103,1103,L1-full,207,9-11-13,3,False
S12,S12,1103,1103,L1-full,208,4-12-15,3,False
S12,S12,1103,1103,L1-full,209,2-6-13,3,False
S12,S12,1103,1103,L1-full,210,3-5-7,3,False
S12,S12,1103,1103,L1-full,211,0-4-10,3,False
S12,S12,1103,1103,L1-full,212,6-10-13,3,False
S12,S12,1103,1103,L1-full,213,3-5-8,3,False
S12,S12,1103,1103,L1-full,214,2-5,2,False
S12,S12,1103,1103,L1-full,215,1-3-13,3,False
S12,S12,1103,1103,L1-full,216,7-10-15,3,False
S12,S12,1103,1103,L1-full,217,7-10-12,3,False
S12,S12,1103,1103,L1-full,218,5-6-9,3,False
S12,S12,1103,1103,L1-full,219,3-10-15,3,False
S12,S12,1103,1103,L1-full,220,8-11,2,False
S12,S12,1103,1103,L1-full,221,10-11,2,False
S12,S12,1103,1103,L1-full,222,0-4-13,3,False
S12,S12,1103,1103,L1-full,223,4-11,2,False
S12,S12,1103,1103,L1-full,224,5-13-14,3,False
S12,S12,1103,1103,L1-full,225,2-4-11,3,False
S12,S12,1103,1103,L1-full,226,0-3-7,3,False
S12,S12,1103,1103,L1-full,227,3-12-14,3,False
S12,S12,1103,1103,L1-full,228,1-11-14,3,False
S12,S12,1103,1103,L1-full,229,2-11-14,3,False
S12,S12,1103,1103,L1-full,230,0-5-12,3,False
S12,S12,1103,1103,L1-full,231,3-8-10,3,False
S12,S12,1103,1103,L1-full,232,3-11-13,3,False
S12,S12,1103,1103,L1-full,233,5-9,2,False
S12,S12,1103,1103,L1-full,234,6-11-14,3,False
S12,S12,1103,1103,L1-full,235,1-8-11,3,False
S12,S12,1103,1103,L1-full,236,0-4-15,3,False
S12,S12,1103,1103,L1-full,237,4-11-13,3,False
S12,S12,1103,1103,L1-full,238,0-7-15,3,False
S12,S12,1103,1103,L1-full,239,10-11-12,3,False
S12,S12,1103,1103,L1-full,240,0-1-14,3,False
S12,S12,1103,1103,L1-full,241,1-2-13,3,False
S12,S12,1103,1103,L1-full,242,9-10-11,3,False
S12,S12,1103,1103,L1-full,243,1-13,2,False
S12,S12,1103,1103,L1-full,244,5-6-12,3,False
S12,S12,1103,1103,L1-full,245,0-10,2,False
S12,S12,1103,1103,L1-full,246,4-5-14,3,False
S12,S12,1103,1103,L1-full,247,2-9-14,3,False
S12,S12,1103,1103,L1-full,248,1-13-14,3,False
S12,S12,1103,1103,L1-full,249,1-9-14,3,False
S12,S12,1103,1103,L1-full,250,5-8-12,3,False
S12,S12,1103,1103,L1-full,251,6-7-9,3,False
S12,S12,1103,1103,L1-full,252,0-7-12,3,False
S12,S12,1103,1103,L1-full,253,11-14-15,3,False
S12,S12,1103,1103,L1-full,254,0-6-12,3,False
S12,S12,1103,1103,L1-full,255,5-14-15,3,False
S12,S12,1103,1103,L1-full,256,3-11-12,3,False
S12,S12,1103,1103,L1-full,257,11-13,2,False
S12,S12,1103,1103,L1-full,258,0-4-14,3,False
S12,S12,1103,1103,L1-full,259,11-14,2,False
S12,S12,1103,1103,L1-full,260,3-6-14,3,False
S12,S12,1103,1103,L1-full,261,1-10-15,3,False
S12,S12,1103,1103,L1-full,262,4-8-12,3,False
S12,S12,1103,1103,L1-full,263,3-10,2,False
S12,S12,1103,1103,L1-full,264,1-9,2,False
S12,S12,1103,1103,L1-full,265,2-5-10,3,False
S12,S12,1103,1103,L1-full,266,4-8-10,3,False
S12,S12,1103,1103,L1-full,267,9-12,2,False
S12,S12,1103,1103,L1-full,268,9-11-12,3,False
S12,S12,1103,1103,L1-full,269,12-13-15,3,False
S12,S12,1103,1103,L1-full,270,0-2-15,3,False
S12,S12,1103,1103,L1-full,271,6-7-12,3,False
S12,S12,1103,1103,L1-full,272,2-10,2,False
S12,S12,1103,1103,L1-full,273,9-11-15,3,False
S12,S12,1103,1103,L1-full,274,0-4-12,3,False
S12,S12,1103,1103,L1-full,275,2-15,2,False
S12,S12,1103,1103,L1-full,276,6-13-15,3,False
S12,S12,1103,1103,L1-full,277,4-11-12,3,False
S12,S12,1103,1103,L1-full,278,0-2-8,3,False
S12,S12,1103,1103,L1-full,279,5-7-10,3,False
S12,S12,1103,1103,L1-full,280,4-8-15,3,False
S12,S12,1103,1103,L1-full,281,0-5-6,3,False
S12,S12,1103,1103,L1-full,282,0-12-15,3,False
S12,S12,1103,1103,L1-top8,1,4-5-6,3,True
S12,S12,1103,1103,L1-top8,2,0-1,2,True
S12,S12,1103,1103,L1-top8,3,2-3,2,True
S12,S12,1103,1103,L1-top8,4,7-8-9,3,True
S12,S12,1103,1103,L1-top8,5,0-2-11,3,False
S12,S12,1103,1103,L1-top8,6,1-7-9,3,False
S12,S12,1103,1103,L1-top8,7,2-8-15,3,False
S12,S12,1103,1103,L1-top8,8,0-3-8,3,False
S12,S12,1103,1103,L1-match,1,4-5-6,3,True
S12,S12,1103,1103,L1-match,2,0-1,2,True
S12,S12,1103,1103,L1-match,3,2-3,2,True
S12,S12,1103,1103,L1-match,4,7-8-9,3,True
S12,S12,1103,1103,SHIL-k8,1,0-1,2,True
S12,S12,1103,1103,SHIL-k8,2,2-3,2,True
S12,S12,1103,1103,SHIL-k8,3,4-5-6,3,True
S12,S12,1103,1103,SHIL-k8,4,7-8-9,3,True
S12,S12,1103,1103,SHIL-k8,5,1-15,2,False
S12,S12,1103,1103,SHIL-k8,6,0-3-7,3,False
S12,S12,1103,1103,SHIL-k8,7,1-3-11,3,False
S12,S12,1103,1103,SHIL-k8,8,1-2-6,3,False
S12,S12,1103,1103,SC-L1,1,0-1,2,True
S12,S12,1103,1103,SC-L1,2,2-3,2,True
S12,S12,1103,1103,SC-L1,3,4-5-6,3,True
S12,S12,1103,1103,SC-L1,4,7-8-9,3,True
S12,S12,1103,1103,SC-SHIL,1,0-1,2,True
S12,S12,1103,1103,SC-SHIL,2,2-3,2,True
S12,S12,1103,1103,SC-SHIL,3,4-5-6,3,True
S12,S12,1103,1103,SC-SHIL,4,7-8-9,3,True
S12,S12,1129,1129,L1-full,1,0-1,2,True
S12,S12,1129,1129,L1-full,2,4-5-6,3,True
S12,S12,1129,1129,L1-full,3,2-3,2,True
S12,S12,1129,1129,L1-full,4,7-8-9,3,True
S12,S12,1129,1129,L1-full,5,2-11-12,3,False
S12,S12,1129,1129,L1-full,6,3-12,2,False
S12,S12,1129,1129,L1-full,7,3-10-12,3,False
S12,S12,1129,1129,L1-full,8,10-13,2,False
S12,S12,1129,1129,L1-full,9,0-8-12,3,False
S12,S12,1129,1129,L1-full,10,2-10-11,3,False
S12,S12,1129,1129,L1-full,11,3-8-13,3,False
S12,S12,1129,1129,L1-full,12,1-8-14,3,False
S12,S12,1129,1129,L1-full,13,0-1-11,3,False
S12,S12,1129,1129,L1-full,14,2-12-13,3,False
S12,S12,1129,1129,L1-full,15,7-8-15,3,False
S12,S12,1129,1129,L1-full,16,8-12-13,3,False
S12,S12,1129,1129,L1-full,17,2-5-11,3,False
S12,S12,1129,1129,L1-full,18,0-1-9,3,False
S12,S12,1129,1129,L1-full,19,10-11-15,3,False
S12,S12,1129,1129,L1-full,20,4-9-12,3,False
S12,S12,1129,1129,L1-full,21,2-4-12,3,False
S12,S12,1129,1129,L1-full,22,3-8-10,3,False
S12,S12,1129,1129,L1-full,23,7-15,2,False
S12,S12,1129,1129,L1-full,24,0-13,2,False
S12,S12,1129,1129,L1-full,25,4-7-11,3,False
S12,S12,1129,1129,L1-full,26,3-9-15,3,False
S12,S12,1129,1129,L1-full,27,6-11-14,3,False
S12,S12,1129,1129,L1-full,28,0-3-4,3,False
S12,S12,1129,1129,L1-full,29,8-12-15,3,False
S12,S12,1129,1129,L1-full,30,1-5-6,3,False
S12,S12,1129,1129,L1-full,31,12-13-14,3,False
S12,S12,1129,1129,L1-full,32,4-9-15,3,False
S12,S12,1129,1129,L1-full,33,1-9-14,3,False
S12,S12,1129,1129,L1-full,34,3-9-11,3,False
S12,S12,1129,1129,L1-full,35,9-12-13,3,False
S12,S12,1129,1129,L1-full,36,3-10-13,3,False
S12,S12,1129,1129,L1-full,37,1-11-14,3,False
S12,S12,1129,1129,L1-full,38,2-9-13,3,False
S12,S12,1129,1129,L1-full,39,0-2-14,3,False
S12,S12,1129,1129,L1-full,40,2-8-13,3,False
S12,S12,1129,1129,L1-full,41,4-13,2,False
S12,S12,1129,1129,L1-full,42,1-6-14,3,False
S12,S12,1129,1129,L1-full,43,3-8-14,3,False
S12,S12,1129,1129,L1-full,44,1-9-11,3,False
S12,S12,1129,1129,L1-full,45,8-11,2,False
S12,S12,1129,1129,L1-full,46,7-9,2,False
S12,S12,1129,1129,L1-full,47,4-7-9,3,False
S12,S12,1129,1129,L1-full,48,5-6-8,3,False
S12,S12,1129,1129,L1-full,49,8-11-12,3,False
S12,S12,1129,1129,L1-full,50,5-12-15,3,False
S12,S12,1129,1129,L1-full,51,2-5-13,3,False
S12,S12,1129,1129,L1-full,52,0-10,2,False
S12,S12,1129,1129,L1-full,53,3-10-11,3,False
S12,S12,1129,1129,L1-full,54,6-7-12,3,False
S12,S12,1129,1129,L1-full,55,4-7-14,3,False
S12,S12,1129,1129,L1-full,56,2-4-14,3,False
S12,S12,1129,1129,L1-full,57,0-11-14,3,False
S12,S12,1129,1129,L1-full,58,8-9-15,3,False
S12,S12,1129,1129,L1-full,59,2-5-10,3,False
S12,S12,1129,1129,L1-full,60,4-5-12,3,False
S12,S12,1129,1129,L1-full,61,8-12-14,3,False
S12,S12,1129,1129,L1-full,62,1-3-14,3,False
S12,S12,1129,1129,L1-full,63,0-3-10,3,False
S12,S12,1129,1129,L1-full,64,3-8-12,3,False
S12,S12,1129,1129,L1-full,65,0-1-13,3,False
S12,S12,1129,1129,L1-full,66,3-9-10,3,False
S12,S12,1129,1129,L1-full,67,4-15,2,False
S12,S12,1129,1129,L1-full,68,0-5-12,3,False
S12,S12,1129,1129,L1-full,69,0-5-15,3,False
S12,S12,1129,1129,L1-full,70,3-6-13,3,False
S12,S12,1129,1129,L1-full,71,5-9,2,False
S12,S12,1129,1129,L1-full,72,1-4-9,3,False
S12,S12,1129,1129,L1-full,73,1-9-13,3,False
S12,S12,1129,1129,L1-full,74,1-3-9,3,False
S12,S12,1129,1129,L1-full,75,6-7-15,3,False
S12,S12,1129,1129,L1-full,76,10-12-14,3,False
S12,S12,1129,1129,L1-full,77,6-10-15,3,False
S12,S12,1129,1129,L1-full,78,2-12-14,3,False
S12,S12,1129,1129,L1-full,79,5-7-8,3,False
S12,S12,1129,1129,L1-full,80,0-3-14,3,False
S12,S12,1129,1129,L1-full,81,9-10-11,3,False
S12,S12,1129,1129,L1-full,82,0-13-15,3,False
S12,S12,1129,1129,L1-full,83,12-14-15,3,False
S12,S12,1129,1129,L1-full,84,2-5-14,3,False
S12,S12,1129,1129,L1-full,85,4-8-14,3,False
S12,S12,1129,1129,L1-full,86,0-3-5,3,False
S12,S12,1129,1129,L1-full,87,4-10-13,3,False
S12,S12,1129,1129,L1-full,88,4-13-14,3,False
S12,S12,1129,1129,L1-full,89,3-8-15,3,False
S12,S12,1129,1129,L1-full,90,6-14-15,3,False
S12,S12,1129,1129,L1-full,91,0-1-5,3,False
S12,S12,1129,1129,L1-full,92,1-5,2,False
S12,S12,1129,1129,L1-full,93,3-4-14,3,False
S12,S12,1129,1129,L1-full,94,5-7-10,3,False
S12,S12,1129,1129,L1-full,95,4-6-7,3,False
S12,S12,1129,1129,L1-full,96,12-13-15,3,False
S12,S12,1129,1129,L1-full,97,8-14-15,3,False
S12,S12,1129,1129,L1-full,98,7-8,2,False
S12,S12,1129,1129,L1-full,99,3-6,2,False
S12,S12,1129,1129,L1-full,100,2-8,2,False
S12,S12,1129,1129,L1-full,101,6-7-13,3,False
S12,S12,1129,1129,L1-full,102,0-3-7,3,False
S12,S12,1129,1129,L1-full,103,9-10-15,3,False
S12,S12,1129,1129,L1-full,104,0-4-13,3,False
S12,S12,1129,1129,L1-full,105,4-13-15,3,False
S12,S12,1129,1129,L1-full,106,2-4-15,3,False
S12,S12,1129,1129,L1-full,107,3-6-9,3,False
S12,S12,1129,1129,L1-full,108,0-2-9,3,False
S12,S12,1129,1129,L1-full,109,8-12,2,False
S12,S12,1129,1129,L1-full,110,7-13,2,False
S12,S12,1129,1129,L1-full,111,7-11-15,3,False
S12,S12,1129,1129,L1-full,112,2-4-5,3,False
S12,S12,1129,1129,L1-full,113,0-3-6,3,False
S12,S12,1129,1129,L1-full,114,7-8-14,3,False
S12,S12,1129,1129,L1-full,115,2-7-15,3,False
S12,S12,1129,1129,L1-full,116,1-8-9,3,False
S12,S12,1129,1129,L1-full,117,2-5-6,3,False
S12,S12,1129,1129,L1-full,118,0-10-13,3,False
S12,S12,1129,1129,L1-full,119,10-11-14,3,False
S12,S12,1129,1129,L1-full,120,0-12-15,3,False
S12,S12,1129,1129,L1-full,121,5-7-12,3,False
S12,S12,1129,1129,L1-full,122,1-12-15,3,False
S12,S12,1129,1129,L1-full,123,8-15,2,False
S12,S12,1129,1129,L1-full,124,2-7-9,3,False
S12,S12,1129,1129,L1-full,125,3-7-14,3,False
S12,S12,1129,1129,L1-full,126,2-6-8,3,False
S12,S12,1129,1129,L1-full,127,3-7-8,3,False
S12,S12,1129,1129,L1-full,128,13-14,2,False
S12,S12,1129,1129,L1-full,129,10-11-12,3,False
S12,S12,1129,1129,L1-full,130,0-7-10,3,False
S12,S12,1129,1129,L1-full,131,3-6-7,3,False
S12,S12,1129,1129,L1-full,132,5-10-13,3,False
S12,S12,1129,1129,L1-full,133,0-7-9,3,False
S12,S12,1129,1129,L1-full,134,4-9-11,3,False
S12,S12,1129,1129,L1-full,135,2-4,2,False
S12,S12,1129,1129,L1-full,136,7-13-14,3,False
S12,S12,1129,1129,L1-full,137,2-7-10,3,False
S12,S12,1129,1129,L1-full,138,5-12,2,False
S12,S12,1129,1129,L1-full,139,0-2-7,3,False
S12,S12,1129,1129,L1-full,140,3-11-13,3,False
S12,S12,1129,1129,L1-full,141,3-12-13,3,False
S12,S12,1129,1129,L1-full,142,5-7-11,3,False
S12,S12,1129,1129,L1-full,143,4-7,2,False
S12,S12,1129,1129,L1-full,144,2-10-14,3,False
S12,S12,1129,1129,L1-full,145,1-4-7,3,False
S12,S12,1129,1129,L1-full,146,6-15,2,False
S12,S12,1129,1129,L1-full,147,4-9-10,3,False
S12,S12,1129,1129,L1-full,148,3-6-10,3,False
S12,S12,1129,1129,L1-full,149,0-13-14,3,False
S12,S12,1129,1129,L1-full,150,0-10-15,3,False
S12,S12,1129,1129,L1-full,151,1-5-10,3,False
S12,S12,1129,1129,L1-full,152,1-8-13,3,False
S12,S12,1129,1129,L1-full,153,5-7-13,3,False
S12,S12,1129,1129,L1-full,154,2-8-10,3,False
S12,S12,1129,1129,L1-full,155,4-9-14,3,False
S12,S12,1129,1129,L1-full,156,7-9-12,3,False
S12,S12,1129,1129,L1-full,157,1-10-14,3,False
S12,S12,1129,1129,L1-full,158,0-7-11,3,False
S12,S12,1129,1129,L1-full,159,2-6-10,3,False
S12,S12,1129,1129,L1-full,160,3-9,2,False
S12,S12,1129,1129,L1-full,161,6-8-14,3,False
S12,S12,1129,1129,L1-full,162,5-8-12,3,False
S12,S12,1129,1129,L1-full,163,0-2-12,3,False
S12,S12,1129,1129,L1-full,164,4-10-14,3,False
S12,S12,1129,1129,L1-full,165,1-3-6,3,False
S12,S12,1129,1129,L1-full,166,1-6,2,False
S12,S12,1129,1129,L1-full,167,0-2,2,False
S12,S12,1129,1129,L1-full,168,2-5-9,3,False
S12,S12,1129,1129,L1-full,169,0-2-15,3,False
S12,S12,1129,1129,L1-full,170,6-12-14,3,False
S12,S12,1129,1129,L1-full,171,4-11,2,False
S12,S12,1129,1129,L1-full,172,2-10-13,3,False
S12,S12,1129,1129,L1-full,173,4-5-10,3,False
S12,S12,1129,1129,L1-full,174,5-10-11,3,False
S12,S12,1129,1129,L1-full,175,3-4,2,False
S12,S12,1129,1129,L1-full,176,3-5-14,3,False
S12,S12,1129,1129,L1-full,177,9-11-15,3,False
S12,S12,1129,1129,L1-full,178,3-10-15,3,False
S12,S12,1129,1129,L1-full,179,1-3-5,3,False
S12,S12,1129,1129,L1-full,180,5-11-15,3,False
S12,S12,1129,1129,L1-full,181,4-6-12,3,False
S12,S12,1129,1129,L1-full,182,4-14,2,False
S12,S12,1129,1129,L1-full,183,3-5-13,3,False
S12,S12,1129,1129,L1-full,184,6-9-13,3,False
S12,S12,1129,1129,L1-full,185,3-9-12,3,False
S12,S12,1129,1129,L1-full,186,5-8-10,3,False
S12,S12,1129,1129,L1-full,187,2-13-14,3,False
S12,S12,1129,1129,L1-full,188,4-8-13,3,False
S12,S12,1129,1129,L1-full,189,1-6-10,3,False
S12,S12,1129,1129,L1-full,190,6-12,2,False
S12,S12,1129,1129,L1-full,191,10-15,2,False
S12,S12,1129,1129,L1-full,192,8-13,2,False
S12,S12,1129,1129,L1-full,193,5-6-13,3,False
S12,S12,1129,1129,L1-full,194,0-15,2,False
S12,S12,1129,1129,L1-full,195,3-15,2,False
S12,S12,1129,1129,L1-full,196,1-4-15,3,False
S12,S12,1129,1129,L1-full,197,2-3-8,3,False
S12,S12,1129,1129,L1-full,198,4-6-8,3,False
S12,S12,1129,1129,L1-full,199,3-4-12,3,False
S12,S12,1129,1129,L1-full,200,11-12-14,3,False
S12,S12,1129,1129,L1-full,201,1-7-11,3,False
S12,S12,1129,1129,L1-full,202,1-7-8,3,False
S12,S12,1129,1129,L1-full,203,5-11-13,3,False
S12,S12,1129,1129,L1-full,204,8-10-11,3,False
S12,S12,1129,1129,L1-full,205,1-14,2,False
S12,S12,1129,1129,L1-full,206,3-4-8,3,False
S12,S12,1129,1129,L1-full,207,7-12,2,False
S12,S12,1129,1129,L1-full,208,4-11-12,3,False
S12,S12,1129,1129,L1-full,209,0-3-8,3,False
S12,S12,1129,1129,L1-full,210,7-13-15,3,False
S12,S12,1129,1129,L1-full,211,4-14-15,3,False
S12,S12,1129,1129,L1-full,212,11-12-15,3,False
S12,S12,1129,1129,L1-full,213,1-13-14,3,False
S12,S12,1129,1129,L1-full,214,0-5-9,3,False
S12,S12,1129,1129,L1-full,215,8-14,2,False
S12,S12,1129,1129,L1-full,216,9-12-14,3,False
S12,S12,1129,1129,L1-full,217,0-9-15,3,False
S12,S12,1129,1129,L1-full,218,2-3-14,3,False
S12,S12,1129,1129,L1-full,219,0-11,2,False
S12,S12,1129,1129,L1-full,220,2-13,2,False
S12,S12,1129,1129,L1-full,221,11-15,2,False
S12,S12,1129,1129,L1-full,222,9-10,2,False
S12,S12,1129,1129,L1-full,223,7-12-13,3,False
S12,S12,1129,1129,L1-full,224,2-12,2,False
S12,S12,1129,1129,L1-full,225,3-5-10,3,False
S12,S12,1129,1129,L1-full,226,4-6-10,3,False
S12,S12,1129,1129,L1-full,227,1-4-13,3,False
S12,S12,1129,1129,L1-full,228,4-8-15,3,False
S12,S12,1129,1129,L1-full,229,3-7,2,False
S12,S12,1129,1129,L1-full,230,5-13-14,3,False
S12,S12,1129,1129,L1-full,231,6-7-14,3,False
S12,S12,1129,1129,L1-full,232,1-6-13,3,False
S12,S12,1129,1129,L1-full,233,10-13-14,3,False
S12,S12,1129,1129,L1-full,234,1-9-10,3,False
S12,S12,1129,1129,L1-full,235,3-13,2,False
S12,S12,1129,1129,L1-full,236,7-10-11,3,False
S12,S12,1129,1129,L1-full,237,2-11-13,3,False
S12,S12,1129,1129,L1-full,238,0-7,2,False
S12,S12,1129,1129,L1-full,239,0-8-13,3,False
S12,S12,1129,1129,L1-full,240,1-15,2,False
S12,S12,1129,1129,L1-full,241,0-5-7,3,False
S12,S12,1129,1129,L1-full,242,2-4-8,3,False
S12,S12,1129,1129,L1-full,243,8-13-14,3,False
S12,S12,1129,1129,L1-full,244,0-8-14,3,False
S12,S12,1129,1129,L1-full,245,0-1-7,3,False
S12,S12,1129,1129,L1-full,246,5-11-14,3,False
S12,S12,1129,1129,L1-full,247,5-11-12,3,False
S12,S12,1129,1129,L1-full,248,8-11-14,3,False
S12,S12,1129,1129,L1-full,249,5-9-15,3,False
S12,S12,1129,1129,L1-full,250,6-8-9,3,False
S12,S12,1129,1129,L1-full,251,0-2-11,3,False
S12,S12,1129,1129,L1-full,252,1-3-10,3,False
S12,S12,1129,1129,L1-full,253,1-5-12,3,False
S12,S12,1129,1129,L1-full,254,0-3-12,3,False
S12,S12,1129,1129,L1-full,255,3-10-14,3,False
S12,S12,1129,1129,L1-full,256,3-5-11,3,False
S12,S12,1129,1129,L1-full,257,6-11-13,3,False
S12,S12,1129,1129,L1-full,258,2-3-6,3,False
S12,S12,1129,1129,L1-full,259,5-8-11,3,False
S12,S12,1129,1129,L1-full,260,1-3,2,False
S12,S12,1129,1129,L1-full,261,1-9-15,3,False
S12,S12,1129,1129,L1-full,262,8-9-11,3,False
S12,S12,1129,1129,L1-full,263,3-4-9,3,False
S12,S12,1129,1129,L1-full,264,7-12-14,3,False
S12,S12,1129,1129,L1-full,265,5-10,2,False
S12,S12,1129,1129,L1-full,266,0-7-15,3,False
S12,S12,1129,1129,L1-full,267,4-6-14,3,False
S12,S12,1129,1129,L1-full,268,2-3-13,3,False
S12,S12,1129,1129,L1-full,269,1-11-12,3,False
S12,S12,1129,1129,L1-full,270,5-13-15,3,False
S12,S12,1129,1129,L1-full,271,0-10-12,3,False
S12,S12,1129,1129,L1-full,272,1-9,2,False
S12,S12,1129,1129,L1-top8,1,0-1,2,True
S12,S12,1129,1129,L1-top8,2,4-5-6,3,True
S12,S12,1129,1129,L1-top8,3,2-3,2,True
S12,S12,1129,1129,L1-top8,4,7-8-9,3,True
S12,S12,1129,1129,L1-top8,5,2-11-12,3,False
S12,S12,1129,1129,L1-top8,6,3-12,2,False
S12,S12,1129,1129,L1-top8,7,3-10-12,3,False
S12,S12,1129,1129,L1-top8,8,10-13,2,False
S12,S12,1129,1129,L1-match,1,0-1,2,True
S12,S12,1129,1129,L1-match,2,4-5-6,3,True
S12,S12,1129,1129,L1-match,3,2-3,2,True
S12,S12,1129,1129,L1-match,4,7-8-9,3,True
S12,S12,1129,1129,SHIL-k8,1,0-1,2,True
S12,S12,1129,1129,SHIL-k8,2,2-3,2,True
S12,S12,1129,1129,SHIL-k8,3,4-5-6,3,True
S12,S12,1129,1129,SHIL-k8,4,7-8-9,3,True
S12,S12,1129,1129,SHIL-k8,5,1-8-14,3,False
S12,S12,1129,1129,SHIL-k8,6,4-7-9,3,False
S12,S12,1129,1129,SHIL-k8,7,10-13,2,False
S12,S12,1129,1129,SHIL-k8,8,3-12,2,False
S12,S12,1129,1129,SC-L1,1,0-1,2,True
S12,S12,1129,1129,SC-L1,2,2-3,2,True
S12,S12,1129,1129,SC-L1,3,4-5-6,3,True
S12,S12,1129,1129,SC-L1,4,7-8-9,3,True
S12,S12,1129,1129,SC-SHIL,1,0-1,2,True
S12,S12,1129,1129,SC-SHIL,2,2-3,2,True
S12,S12,1129,1129,SC-SHIL,3,4-5-6,3,True
S12,S12,1129,1129,SC-SHIL,4,7-8-9,3,True
S12,S12,1151,1151,L1-full,1,0-1,2,True
S12,S12,1151,1151,L1-full,2,4-5-6,3,True
S12,S12,1151,1151,L1-full,3,2-3,2,True
S12,S12,1151,1151,L1-full,4,7-8-9,3,True
S12,S12,1151,1151,L1-full,5,6-11-15,3,False
S12,S12,1151,1151,L1-full,6,0-2-4,3,False
S12,S12,1151,1151,L1-full,7,3-10-11,3,False
S12,S12,1151,1151,L1-full,8,5-10-13,3,False
S12,S12,1151,1151,L1-full,9,3-7-15,3,False
S12,S12,1151,1151,L1-full,10,4-5-9,3,False
S12,S12,1151,1151,L1-full,11,9-11-14,3,False
S12,S12,1151,1151,L1-full,12,10-14,2,False
S12,S12,1151,1151,L1-full,13,4-8-15,3,False
S12,S12,1151,1151,L1-full,14,2-8-14,3,False
S12,S12,1151,1151,L1-full,15,2-8-11,3,False
S12,S12,1151,1151,L1-full,16,2-11-13,3,False
S12,S12,1151,1151,L1-full,17,0-10,2,False
S12,S12,1151,1151,L1-full,18,3-5,2,False
S12,S12,1151,1151,L1-full,19,2-13,2,False
S12,S12,1151,1151,L1-full,20,1-9,2,False
S12,S12,1151,1151,L1-full,21,1-2-11,3,False
S12,S12,1151,1151,L1-full,22,4-9-11,3,False
S12,S12,1151,1151,L1-full,23,1-3-10,3,False
S12,S12,1151,1151,L1-full,24,4-6-13,3,False
S12,S12,1151,1151,L1-full,25,3-5-7,3,False
S12,S12,1151,1151,L1-full,26,6-9-13,3,False
S12,S12,1151,1151,L1-full,27,2-9-10,3,False
S12,S12,1151,1151,L1-full,28,4-13,2,False
S12,S12,1151,1151,L1-full,29,0-3-11,3,False
S12,S12,1151,1151,L1-full,30,1-7,2,False
S12,S12,1151,1151,L1-full,31,1-3-8,3,False
S12,S12,1151,1151,L1-full,32,1-4-7,3,False
S12,S12,1151,1151,L1-full,33,4-5-8,3,False
S12,S12,1151,1151,L1-full,34,2-7-9,3,False
S12,S12,1151,1151,L1-full,35,3-8-10,3,False
S12,S12,1151,1151,L1-full,36,4-13-15,3,False
S12,S12,1151,1151,L1-top8,1,0-1,2,True
S12,S12,1151,1151,L1-top8,2,4-5-6,3,True
S12,S12,1151,1151,L1-top8,3,2-3,2,True
S12,S12,1151,1151,L1-top8,4,7-8-9,3,True
S12,S12,1151,1151,L1-top8,5,6-11-15,3,False
S12,S12,1151,1151,L1-top8,6,0-2-4,3,False
S12,S12,1151,1151,L1-top8,7,3-10-11,3,False
S12,S12,1151,1151,L1-top8,8,5-10-13,3,False
S12,S12,1151,1151,L1-match,1,0-1,2,True
S12,S12,1151,1151,L1-match,2,4-5-6,3,True
S12,S12,1151,1151,L1-match,3,2-3,2,True
S12,S12,1151,1151,L1-match,4,7-8-9,3,True
S12,S12,1151,1151,SHIL-k8,1,0-1,2,True
S12,S12,1151,1151,SHIL-k8,2,2-3,2,True
S12,S12,1151,1151,SHIL-k8,3,4-5-6,3,True
S12,S12,1151,1151,SHIL-k8,4,7-8-9,3,True
S12,S12,1151,1151,SHIL-k8,5,9-11-14,3,False
S12,S12,1151,1151,SHIL-k8,6,2-10-11,3,False
S12,S12,1151,1151,SHIL-k8,7,1-2-8,3,False
S12,S12,1151,1151,SHIL-k8,8,2-6-12,3,False
S12,S12,1151,1151,SC-L1,1,0-1,2,True
S12,S12,1151,1151,SC-L1,2,2-3,2,True
S12,S12,1151,1151,SC-L1,3,4-5-6,3,True
S12,S12,1151,1151,SC-L1,4,7-8-9,3,True
S12,S12,1151,1151,SC-SHIL,1,0-1,2,True
S12,S12,1151,1151,SC-SHIL,2,2-3,2,True
S12,S12,1151,1151,SC-SHIL,3,4-5-6,3,True
S12,S12,1151,1151,SC-SHIL,4,7-8-9,3,True
S12,S12,1171,1171,L1-full,1,0-1,2,True
S12,S12,1171,1171,L1-full,2,4-5-6,3,True
S12,S12,1171,1171,L1-full,3,2-3,2,True
S12,S12,1171,1171,L1-full,4,7-8-9,3,True
S12,S12,1171,1171,L1-full,5,3-10,2,False
S12,S12,1171,1171,L1-full,6,7-12-15,3,False
S12,S12,1171,1171,L1-full,7,9-10-11,3,False
S12,S12,1171,1171,L1-full,8,7-14,2,False
S12,S12,1171,1171,L1-full,9,7-10-14,3,False
S12,S12,1171,1171,L1-full,10,0-15,2,False
S12,S12,1171,1171,L1-full,11,0-4-8,3,False
S12,S12,1171,1171,L1-full,12,3-12,2,False
S12,S12,1171,1171,L1-full,13,1-9-11,3,False
S12,S12,1171,1171,L1-full,14,3-11-12,3,False
S12,S12,1171,1171,L1-full,15,2-7-14,3,False
S12,S12,1171,1171,L1-full,16,1-6-15,3,False
S12,S12,1171,1171,L1-full,17,4-8-13,3,False
S12,S12,1171,1171,L1-full,18,5-11-12,3,False
S12,S12,1171,1171,L1-full,19,2-12,2,False
S12,S12,1171,1171,L1-full,20,2-5-12,3,False
S12,S12,1171,1171,L1-full,21,3-12-15,3,False
S12,S12,1171,1171,L1-full,22,7-12,2,False
S12,S12,1171,1171,L1-full,23,2-7-11,3,False
S12,S12,1171,1171,L1-full,24,1-12-14,3,False
S12,S12,1171,1171,L1-full,25,0-4-9,3,False
S12,S12,1171,1171,L1-full,26,6-9-10,3,False
S12,S12,1171,1171,L1-full,27,1-10,2,False
S12,S12,1171,1171,L1-full,28,6-11,2,False
S12,S12,1171,1171,L1-full,29,2-7-10,3,False
S12,S12,1171,1171,L1-top8,1,0-1,2,True
S12,S12,1171,1171,L1-top8,2,4-5-6,3,True
S12,S12,1171,1171,L1-top8,3,2-3,2,True
S12,S12,1171,1171,L1-top8,4,7-8-9,3,True
S12,S12,1171,1171,L1-top8,5,3-10,2,False
S12,S12,1171,1171,L1-top8,6,7-12-15,3,False
S12,S12,1171,1171,L1-top8,7,9-10-11,3,False
S12,S12,1171,1171,L1-top8,8,7-14,2,False
S12,S12,1171,1171,L1-match,1,0-1,2,True
S12,S12,1171,1171,L1-match,2,4-5-6,3,True
S12,S12,1171,1171,L1-match,3,2-3,2,True
S12,S12,1171,1171,L1-match,4,7-8-9,3,True
S12,S12,1171,1171,SHIL-k8,1,0-1,2,True
S12,S12,1171,1171,SHIL-k8,2,2-3,2,True
S12,S12,1171,1171,SHIL-k8,3,4-5-6,3,True
S12,S12,1171,1171,SHIL-k8,4,7-8-9,3,True
S12,S12,1171,1171,SHIL-k8,5,1-10,2,False
S12,S12,1171,1171,SHIL-k8,6,0-15,2,False
S12,S12,1171,1171,SHIL-k8,7,0-4-13,3,False
S12,S12,1171,1171,SHIL-k8,8,2-7-9,3,False
S12,S12,1171,1171,SC-L1,1,0-1,2,True
S12,S12,1171,1171,SC-L1,2,2-3,2,True
S12,S12,1171,1171,SC-L1,3,4-5-6,3,True
S12,S12,1171,1171,SC-L1,4,7-8-9,3,True
S12,S12,1171,1171,SC-SHIL,1,0-1,2,True
S12,S12,1171,1171,SC-SHIL,2,2-3,2,True
S12,S12,1171,1171,SC-SHIL,3,4-5-6,3,True
S12,S12,1171,1171,SC-SHIL,4,7-8-9,3,True
S12,S12,1181,1181,L1-full,1,0-1,2,True
S12,S12,1181,1181,L1-full,2,2-3,2,True
S12,S12,1181,1181,L1-full,3,4-5-6,3,True
S12,S12,1181,1181,L1-full,4,7-8-9,3,True
S12,S12,1181,1181,L1-full,5,6-8-12,3,False
S12,S12,1181,1181,L1-full,6,11-14-15,3,False
S12,S12,1181,1181,L1-full,7,6-9-10,3,False
S12,S12,1181,1181,L1-full,8,5-13,2,False
S12,S12,1181,1181,L1-full,9,4-12,2,False
S12,S12,1181,1181,L1-full,10,9-10-15,3,False
S12,S12,1181,1181,L1-full,11,2-5-15,3,False
S12,S12,1181,1181,L1-full,12,5-6-9,3,False
S12,S12,1181,1181,L1-full,13,8-14,2,False
S12,S12,1181,1181,L1-full,14,3-6-10,3,False
S12,S12,1181,1181,L1-full,15,7-12-13,3,False
S12,S12,1181,1181,L1-full,16,1-10-11,3,False
S12,S12,1181,1181,L1-full,17,6-7,2,False
S12,S12,1181,1181,L1-full,18,4-6-10,3,False
S12,S12,1181,1181,L1-full,19,8-10,2,False
S12,S12,1181,1181,L1-full,20,8-11-14,3,False
S12,S12,1181,1181,L1-full,21,4-10-11,3,False
S12,S12,1181,1181,L1-full,22,6-8-13,3,False
S12,S12,1181,1181,L1-full,23,9-10-14,3,False
S12,S12,1181,1181,L1-full,24,11-13,2,False
S12,S12,1181,1181,L1-full,25,10-13-15,3,False
S12,S12,1181,1181,L1-full,26,5-7-12,3,False
S12,S12,1181,1181,L1-full,27,0-2-9,3,False
S12,S12,1181,1181,L1-full,28,9-13,2,False
S12,S12,1181,1181,L1-full,29,1-5,2,False
S12,S12,1181,1181,L1-full,30,11-13-14,3,False
S12,S12,1181,1181,L1-full,31,7-8-12,3,False
S12,S12,1181,1181,L1-full,32,11-12-14,3,False
S12,S12,1181,1181,L1-top8,1,0-1,2,True
S12,S12,1181,1181,L1-top8,2,2-3,2,True
S12,S12,1181,1181,L1-top8,3,4-5-6,3,True
S12,S12,1181,1181,L1-top8,4,7-8-9,3,True
S12,S12,1181,1181,L1-top8,5,6-8-12,3,False
S12,S12,1181,1181,L1-top8,6,11-14-15,3,False
S12,S12,1181,1181,L1-top8,7,6-9-10,3,False
S12,S12,1181,1181,L1-top8,8,5-13,2,False
S12,S12,1181,1181,L1-match,1,0-1,2,True
S12,S12,1181,1181,L1-match,2,2-3,2,True
S12,S12,1181,1181,L1-match,3,4-5-6,3,True
S12,S12,1181,1181,L1-match,4,7-8-9,3,True
S12,S12,1181,1181,SHIL-k8,1,2-3,2,True
S12,S12,1181,1181,SHIL-k8,2,0-1,2,True
S12,S12,1181,1181,SHIL-k8,3,4-5-6,3,True
S12,S12,1181,1181,SHIL-k8,4,7-8-9,3,True
S12,S12,1181,1181,SHIL-k8,5,7-12,2,False
S12,S12,1181,1181,SHIL-k8,6,9-10-14,3,False
S12,S12,1181,1181,SHIL-k8,7,0-6-13,3,False
S12,S12,1181,1181,SHIL-k8,8,1-7-8,3,False
S12,S12,1181,1181,SC-L1,1,0-1,2,True
S12,S12,1181,1181,SC-L1,2,2-3,2,True
S12,S12,1181,1181,SC-L1,3,4-5-6,3,True
S12,S12,1181,1181,SC-L1,4,7-8-9,3,True
S12,S12,1181,1181,SC-SHIL,1,0-1,2,True
S12,S12,1181,1181,SC-SHIL,2,2-3,2,True
S12,S12,1181,1181,SC-SHIL,3,4-5-6,3,True
S12,S12,1181,1181,SC-SHIL,4,7-8-9,3,True
S12,S12,1201,1201,L1-full,1,0-1,2,True
S12,S12,1201,1201,L1-full,2,4-5-6,3,True
S12,S12,1201,1201,L1-full,3,2-3,2,True
S12,S12,1201,1201,L1-full,4,7-8-9,3,True
S12,S12,1201,1201,L1-full,5,8-12,2,False
S12,S12,1201,1201,L1-full,6,2-6-14,3,False
S12,S12,1201,1201,L1-full,7,6-10-13,3,False
S12,S12,1201,1201,L1-full,8,0-13-15,3,False
S12,S12,1201,1201,L1-full,9,11-12-13,3,False
S12,S12,1201,1201,L1-full,10,7-12-15,3,False
S12,S12,1201,1201,L1-full,11,3-7-9,3,False
S12,S12,1201,1201,L1-full,12,8-11-13,3,False
S12,S12,1201,1201,L1-full,13,4-5-8,3,False
S12,S12,1201,1201,L1-full,14,0-8-15,3,False
S12,S12,1201,1201,L1-full,15,6-11-13,3,False
S12,S12,1201,1201,L1-full,16,5-12-13,3,False
S12,S12,1201,1201,L1-full,17,2-5-11,3,False
S12,S12,1201,1201,L1-full,18,10-11-13,3,False
S12,S12,1201,1201,L1-full,19,1-6,2,False
S12,S12,1201,1201,L1-full,20,4-8-10,3,False
S12,S12,1201,1201,L1-full,21,4-8-9,3,False
S12,S12,1201,1201,L1-full,22,0-4-13,3,False
S12,S12,1201,1201,L1-full,23,12-14-15,3,False
S12,S12,1201,1201,L1-full,24,2-7-13,3,False
S12,S12,1201,1201,L1-full,25,5-10-15,3,False
S12,S12,1201,1201,L1-full,26,1-5-15,3,False
S12,S12,1201,1201,L1-full,27,3-7-13,3,False
S12,S12,1201,1201,L1-full,28,6-11-12,3,False
S12,S12,1201,1201,L1-top8,1,0-1,2,True
S12,S12,1201,1201,L1-top8,2,4-5-6,3,True
S12,S12,1201,1201,L1-top8,3,2-3,2,True
S12,S12,1201,1201,L1-top8,4,7-8-9,3,True
S12,S12,1201,1201,L1-top8,5,8-12,2,False
S12,S12,1201,1201,L1-top8,6,2-6-14,3,False
S12,S12,1201,1201,L1-top8,7,6-10-13,3,False
S12,S12,1201,1201,L1-top8,8,0-13-15,3,False
S12,S12,1201,1201,L1-match,1,0-1,2,True
S12,S12,1201,1201,L1-match,2,4-5-6,3,True
S12,S12,1201,1201,L1-match,3,2-3,2,True
S12,S12,1201,1201,L1-match,4,7-8-9,3,True
S12,S12,1201,1201,SHIL-k8,1,0-1,2,True
S12,S12,1201,1201,SHIL-k8,2,2-3,2,True
S12,S12,1201,1201,SHIL-k8,3,7-8-9,3,True
S12,S12,1201,1201,SHIL-k8,4,4-5-6,3,True
S12,S12,1201,1201,SHIL-k8,5,5-13-14,3,False
S12,S12,1201,1201,SHIL-k8,6,6-10-13,3,False
S12,S12,1201,1201,SHIL-k8,7,5-8-15,3,False
S12,S12,1201,1201,SHIL-k8,8,1-3-14,3,False
S12,S12,1201,1201,SC-L1,1,0-1,2,True
S12,S12,1201,1201,SC-L1,2,2-3,2,True
S12,S12,1201,1201,SC-L1,3,4-5-6,3,True
S12,S12,1201,1201,SC-L1,4,7-8-9,3,True
S12,S12,1201,1201,SC-SHIL,1,0-1,2,True
S12,S12,1201,1201,SC-SHIL,2,2-3,2,True
S12,S12,1201,1201,SC-SHIL,3,4-5-6,3,True
S12,S12,1201,1201,SC-SHIL,4,7-8-9,3,True
S12,S12,1213,1213,L1-full,1,0-1,2,True
S12,S12,1213,1213,L1-full,2,2-3,2,True
S12,S12,1213,1213,L1-full,3,4-5-6,3,True
S12,S12,1213,1213,L1-full,4,7-8-9,3,True
S12,S12,1213,1213,L1-full,5,0-11-15,3,False
S12,S12,1213,1213,L1-full,6,8-10,2,False
S12,S12,1213,1213,L1-full,7,7-10-13,3,False
S12,S12,1213,1213,L1-full,8,1-5-14,3,False
S12,S12,1213,1213,L1-full,9,3-5-8,3,False
S12,S12,1213,1213,L1-full,10,2-13,2,False
S12,S12,1213,1213,L1-full,11,10-14-15,3,False
S12,S12,1213,1213,L1-full,12,6-12-15,3,False
S12,S12,1213,1213,L1-full,13,0-2-15,3,False
S12,S12,1213,1213,L1-full,14,5-10-11,3,False
S12,S12,1213,1213,L1-full,15,2-9-15,3,False
S12,S12,1213,1213,L1-full,16,1-8-15,3,False
S12,S12,1213,1213,L1-full,17,1-2-7,3,False
S12,S12,1213,1213,L1-full,18,5-8-13,3,False
S12,S12,1213,1213,L1-full,19,3-4-9,3,False
S12,S12,1213,1213,L1-full,20,2-6-10,3,False
S12,S12,1213,1213,L1-full,21,11-14-15,3,False
S12,S12,1213,1213,L1-full,22,4-9-11,3,False
S12,S12,1213,1213,L1-full,23,3-9-15,3,False
S12,S12,1213,1213,L1-full,24,11-15,2,False
S12,S12,1213,1213,L1-full,25,9-13,2,False
S12,S12,1213,1213,L1-full,26,9-14,2,False
S12,S12,1213,1213,L1-full,27,1-7-10,3,False
S12,S12,1213,1213,L1-full,28,3-11-12,3,False
S12,S12,1213,1213,L1-top8,1,0-1,2,True
S12,S12,1213,1213,L1-top8,2,2-3,2,True
S12,S12,1213,1213,L1-top8,3,4-5-6,3,True
S12,S12,1213,1213,L1-top8,4,7-8-9,3,True
S12,S12,1213,1213,L1-top8,5,0-11-15,3,False
S12,S12,1213,1213,L1-top8,6,8-10,2,False
S12,S12,1213,1213,L1-top8,7,7-10-13,3,False
S12,S12,1213,1213,L1-top8,8,1-5-14,3,False
S12,S12,1213,1213,L1-match,1,0-1,2,True
S12,S12,1213,1213,L1-match,2,2-3,2,True
S12,S12,1213,1213,L1-match,3,4-5-6,3,True
S12,S12,1213,1213,L1-match,4,7-8-9,3,True
S12,S12,1213,1213,SHIL-k8,1,0-1,2,True
S12,S12,1213,1213,SHIL-k8,2,2-3,2,True
S12,S12,1213,1213,SHIL-k8,3,7-8-9,3,True
S12,S12,1213,1213,SHIL-k8,4,4-5-6,3,True
S12,S12,1213,1213,SHIL-k8,5,1-5-14,3,False
S12,S12,1213,1213,SHIL-k8,6,0-1-9,3,False
S12,S12,1213,1213,SHIL-k8,7,6-12-15,3,False
S12,S12,1213,1213,SHIL-k8,8,3-5-8,3,False
S12,S12,1213,1213,SC-L1,1,0-1,2,True
S12,S12,1213,1213,SC-L1,2,2-3,2,True
S12,S12,1213,1213,SC-L1,3,4-5-6,3,True
S12,S12,1213,1213,SC-L1,4,7-8-9,3,True
S12,S12,1213,1213,SC-SHIL,1,0-1,2,True
S12,S12,1213,1213,SC-SHIL,2,2-3,2,True
S12,S12,1213,1213,SC-SHIL,3,4-5-6,3,True
S12,S12,1213,1213,SC-SHIL,4,7-8-9,3,True
S12,S12,1231,1231,L1-full,1,0-1,2,True
S12,S12,1231,1231,L1-full,2,2-3,2,True
S12,S12,1231,1231,L1-full,3,4-5-6,3,True
S12,S12,1231,1231,L1-full,4,7-8-9,3,True
S12,S12,1231,1231,L1-full,5,7-8-15,3,False
S12,S12,1231,1231,L1-full,6,0-7-14,3,False
S12,S12,1231,1231,L1-full,7,3-7-15,3,False
S12,S12,1231,1231,L1-full,8,3-9-11,3,False
S12,S12,1231,1231,L1-full,9,3-4,2,False
S12,S12,1231,1231,L1-full,10,2-9-14,3,False
S12,S12,1231,1231,L1-full,11,0-3-14,3,False
S12,S12,1231,1231,L1-full,12,1-3-15,3,False
S12,S12,1231,1231,L1-full,13,0-1-12,3,False
S12,S12,1231,1231,L1-full,14,4-6-7,3,False
S12,S12,1231,1231,L1-full,15,4-9-10,3,False
S12,S12,1231,1231,L1-full,16,4-12,2,False
S12,S12,1231,1231,L1-full,17,0-7-13,3,False
S12,S12,1231,1231,L1-full,18,0-9-15,3,False
S12,S12,1231,1231,L1-full,19,6-8-15,3,False
S12,S12,1231,1231,L1-full,20,6-7-12,3,False
S12,S12,1231,1231,L1-full,21,1-7-12,3,False
S12,S12,1231,1231,L1-full,22,8-9-12,3,False
S12,S12,1231,1231,L1-full,23,4-12-14,3,False
S12,S12,1231,1231,L1-full,24,10-13,2,False
S12,S12,1231,1231,L1-full,25,8-12-13,3,False
S12,S12,1231,1231,L1-full,26,6-12-13,3,False
S12,S12,1231,1231,L1-full,27,2-6-15,3,False
S12,S12,1231,1231,L1-full,28,0-6,2,False
S12,S12,1231,1231,L1-full,29,0-1-10,3,False
S12,S12,1231,1231,L1-full,30,5-9-12,3,False
S12,S12,1231,1231,L1-full,31,7-14,2,False
S12,S12,1231,1231,L1-full,32,3-5-14,3,False
S12,S12,1231,1231,L1-full,33,7-9-13,3,False
S12,S12,1231,1231,L1-full,34,10-11-15,3,False
S12,S12,1231,1231,L1-full,35,7-10-13,3,False
S12,S12,1231,1231,L1-full,36,6-10-11,3,False
S12,S12,1231,1231,L1-full,37,3-10-12,3,False
S12,S12,1231,1231,L1-full,38,10-11-14,3,False
S12,S12,1231,1231,L1-full,39,1-5-10,3,False
S12,S12,1231,1231,L1-full,40,7-11-14,3,False
S12,S12,1231,1231,L1-full,41,4-8-10,3,False
S12,S12,1231,1231,L1-full,42,4-5,2,False
S12,S12,1231,1231,L1-full,43,2-4-15,3,False
S12,S12,1231,1231,L1-full,44,1-13,2,False
S12,S12,1231,1231,L1-full,45,4-11-12,3,False
S12,S12,1231,1231,L1-full,46,7-8-11,3,False
S12,S12,1231,1231,L1-full,47,0-6-11,3,False
S12,S12,1231,1231,L1-full,48,1-3-8,3,False
S12,S12,1231,1231,L1-full,49,1-14,2,False
S12,S12,1231,1231,L1-full,50,8-10-14,3,False
S12,S12,1231,1231,L1-full,51,1-2-9,3,False
S12,S12,1231,1231,L1-full,52,7-12-14,3,False
S12,S12,1231,1231,L1-full,53,1-12-13,3,False
S12,S12,1231,1231,L1-full,54,3-4-11,3,False
S12,S12,1231,1231,L1-full,55,0-7-12,3,False
S12,S12,1231,1231,L1-full,56,0-8-9,3,False
S12,S12,1231,1231,L1-full,57,7-9,2,False
S12,S12,1231,1231,L1-full,58,1-8-9,3,False
S12,S12,1231,1231,L1-full,59,1-7-8,3,False
S12,S12,1231,1231,L1-full,60,1-5-13,3,False
S12,S12,1231,1231,L1-full,61,3-4-12,3,False
S12,S12,1231,1231,L1-full,62,3-13-14,3,False
S12,S12,1231,1231,L1-full,63,0-2-15,3,False
S12,S12,1231,1231,L1-full,64,5-6-10,3,False
S12,S12,1231,1231,L1-full,65,0-5-15,3,False
S12,S12,1231,1231,L1-full,66,5-12,2,False
S12,S12,1231,1231,L1-full,67,3-6-14,3,False
S12,S12,1231,1231,L1-full,68,0-2,2,False
S12,S12,1231,1231,L1-full,69,4-7,2,False
S12,S12,1231,1231,L1-full,70,3-9-13,3,False
S12,S12,1231,1231,L1-full,71,1-4-14,3,False
S12,S12,1231,1231,L1-full,72,6-12-15,3,False
S12,S12,1231,1231,L1-full,73,0-4-8,3,False
S12,S12,1231,1231,L1-full,74,9-10-14,3,False
S12,S12,1231,1231,L1-full,75,0-1-13,3,False
S12,S12,1231,1231,L1-full,76,3-5-6,3,False
S12,S12,1231,1231,L1-full,77,0-3-4,3,False
S12,S12,1231,1231,L1-full,78,2-9,2,False
S12,S12,1231,1231,L1-full,79,5-11-13,3,False
S12,S12,1231,1231,L1-full,80,1-4-9,3,False
S12,S12,1231,1231,L1-full,81,0-10,2,False
S12,S12,1231,1231,L1-full,82,0-10-11,3,False
S12,S12,1231,1231,L1-full,83,5-10-15,3,False
S12,S12,1231,1231,L1-full,84,5-13-15,3,False
S12,S12,1231,1231,L1-full,85,0-7-15,3,False
S12,S12,1231,1231,L1-full,86,2-3-9,3,False
S12,S12,1231,1231,L1-full,87,5-6-8,3,False
S12,S12,1231,1231,L1-full,88,6-8-12,3,False
S12,S12,1231,1231,L1-full,89,8-9-13,3,False
S12,S12,1231,1231,L1-full,90,3-6-8,3,False
S12,S12,1231,1231,L1-full,91,3-4-13,3,False
S12,S12,1231,1231,L1-full,92,1-3-12,3,False
S12,S12,1231,1231,L1-full,93,6-7-8,3,False
S12,S12,1231,1231,L1-full,94,3-8-15,3,False
S12,S12,1231,1231,L1-full,95,3-8-14,3,False
S12,S12,1231,1231,L1-full,96,0-3-12,3,False
S12,S12,1231,1231,L1-full,97,6-7-15,3,False
S12,S12,1231,1231,L1-full,98,6-12,2,False
S12,S12,1231,1231,L1-full,99,6-13-15,3,False
S12,S12,1231,1231,L1-full,100,3-11-14,3,False
S12,S12,1231,1231,L1-full,101,2-6-7,3,False
S12,S12,1231,1231,L1-full,102,3-5,2,False
S12,S12,1231,1231,L1-full,103,9-12-13,3,False
S12,S12,1231,1231,L1-full,104,8-9-15,3,False
S12,S12,1231,1231,L1-full,105,0-5-13,3,False
S12,S12,1231,1231,L1-full,106,3-4-14,3,False
S12,S12,1231,1231,L1-full,107,1-6-15,3,False
S12,S12,1231,1231,L1-full,108,1-2-3,3,False
S12,S12,1231,1231,L1-full,109,1-5-8,3,False
S12,S12,1231,1231,L1-full,110,0-3,2,False
S12,S12,1231,1231,L1-full,111,0-1-5,3,False
S12,S12,1231,1231,L1-full,112,5-6,2,False
S12,S12,1231,1231,L1-full,113,8-13-14,3,False
S12,S12,1231,1231,L1-full,114,0-6-9,3,False
S12,S12,1231,1231,L1-full,115,1-4-5,3,False
S12,S12,1231,1231,L1-full,116,3-13-15,3,False
S12,S12,1231,1231,L1-full,117,1-5-15,3,False
S12,S12,1231,1231,L1-full,118,13-14,2,False
S12,S12,1231,1231,L1-full,119,2-13,2,False
S12,S12,1231,1231,L1-full,120,6-9-14,3,False
S12,S12,1231,1231,L1-full,121,2-10-15,3,False
S12,S12,1231,1231,L1-full,122,0-2-13,3,False
S12,S12,1231,1231,L1-full,123,11-15,2,False
S12,S12,1231,1231,L1-full,124,9-12-15,3,False
S12,S12,1231,1231,L1-full,125,0-12-15,3,False
S12,S12,1231,1231,L1-full,126,1-11-14,3,False
S12,S12,1231,1231,L1-full,127,1-9-14,3,False
S12,S12,1231,1231,L1-full,128,3-10-11,3,False
S12,S12,1231,1231,L1-full,129,2-6-13,3,False
S12,S12,1231,1231,L1-full,130,2-12-15,3,False
S12,S12,1231,1231,L1-full,131,5-7-10,3,False
S12,S12,1231,1231,L1-full,132,6-10,2,False
S12,S12,1231,1231,L1-full,133,0-2-8,3,False
S12,S12,1231,1231,L1-full,134,4-9-12,3,False
S12,S12,1231,1231,L1-full,135,5-15,2,False
S12,S12,1231,1231,L1-full,136,1-4-15,3,False
S12,S12,1231,1231,L1-full,137,12-15,2,False
S12,S12,1231,1231,L1-full,138,0-13-14,3,False
S12,S12,1231,1231,L1-full,139,2-9-10,3,False
S12,S12,1231,1231,L1-full,140,0-7-9,3,False
S12,S12,1231,1231,L1-full,141,3-10,2,False
S12,S12,1231,1231,L1-full,142,5-7,2,False
S12,S12,1231,1231,L1-full,143,0-12-14,3,False
S12,S12,1231,1231,L1-full,144,3-5-7,3,False
S12,S12,1231,1231,L1-full,145,0-11-12,3,False
S12,S12,1231,1231,L1-full,146,8-12-15,3,False
S12,S12,1231,1231,L1-full,147,13-14-15,3,False
S12,S12,1231,1231,L1-full,148,11-14-15,3,False
S12,S12,1231,1231,L1-full,149,0-15,2,False
S12,S12,1231,1231,L1-full,150,2-11-12,3,False
S12,S12,1231,1231,L1-full,151,0-2-5,3,False
S12,S12,1231,1231,L1-full,152,0-13,2,False
S12,S12,1231,1231,L1-full,153,1-4-12,3,False
S12,S12,1231,1231,L1-full,154,4-6-12,3,False
S12,S12,1231,1231,L1-full,155,3-7-11,3,False
S12,S12,1231,1231,L1-full,156,3-10-14,3,False
S12,S12,1231,1231,L1-full,157,10-12-13,3,False
S12,S12,1231,1231,L1-full,158,0-9-13,3,False
S12,S12,1231,1231,L1-full,159,1-8-14,3,False
S12,S12,1231,1231,L1-full,160,12-14,2,False
S12,S12,1231,1231,L1-full,161,1-9-12,3,False
S12,S12,1231,1231,L1-full,162,3-5-15,3,False
S12,S12,1231,1231,L1-full,163,3-5-12,3,False
S12,S12,1231,1231,L1-full,164,10-12,2,False
S12,S12,1231,1231,L1-full,165,3-13,2,False
S12,S12,1231,1231,L1-full,166,7-9-12,3,False
S12,S12,1231,1231,L1-full,167,4-5-15,3,False
S12,S12,1231,1231,L1-full,168,5-7-14,3,False
S12,S12,1231,1231,L1-full,169,1-5-11,3,False
S12,S12,1231,1231,L1-full,170,12-13,2,False
S12,S12,1231,1231,L1-full,171,4-8-9,3,False
S12,S12,1231,1231,L1-full,172,0-1-15,3,False
S12,S12,1231,1231,L1-full,173,2-7-12,3,False
S12,S12,1231,1231,L1-full,174,0-3-6,3,False
S12,S12,1231,1231,L1-full,175,4-8-11,3,False
S12,S12,1231,1231,L1-full,176,4-10-15,3,False
S12,S12,1231,1231,L1-full,177,5-14-15,3,False
S12,S12,1231,1231,L1-full,178,6-9-12,3,False
S12,S12,1231,1231,L1-full,179,5-11,2,False
S12,S12,1231,1231,L1-full,180,4-8-15,3,False
S12,S12,1231,1231,L1-full,181,1-4-8,3,False
S12,S12,1231,1231,L1-full,182,0-4-7,3,False
S12,S12,1231,1231,L1-full,183,3-6-9,3,False
S12,S12,1231,1231,L1-full,184,1-3-13,3,False
S12,S12,1231,1231,L1-full,185,1-9-11,3,False
S12,S12,1231,1231,L1-full,186,0-3-11,3,False
S12,S12,1231,1231,L1-full,187,4-8-14,3,False
S12,S12,1231,1231,L1-full,188,2-3-11,3,False
S12,S12,1231,1231,L1-full,189,3-5-9,3,False
S12,S12,1231,1231,L1-full,190,4-11-13,3,False
S12,S12,1231,1231,L1-full,191,6-15,2,False
S12,S12,1231,1231,L1-full,192,1-12-15,3,False
S12,S12,1231,1231,L1-full,193,4-11,2,False
S12,S12,1231,1231,L1-full,194,7-10-11,3,False
S12,S12,1231,1231,L1-full,195,11-12-13,3,False
S12,S12,1231,1231,L1-full,196,4-7-11,3,False
S12,S12,1231,1231,L1-full,197,2-5-10,3,False
S12,S12,1231,1231,L1-full,198,8-9,2,False
S12,S12,1231,1231,L1-full,199,0-10-13,3,False
S12,S12,1231,1231,L1-full,200,0-1-2,3,False
S12,S12,1231,1231,L1-full,201,1-13-14,3,False
S12,S12,1231,1231,L1-full,202,0-8-10,3,False
S12,S12,1231,1231,L1-full,203,2-7-10,3,False
S12,S12,1231,1231,L1-full,204,9-12,2,False
S12,S12,1231,1231,L1-full,205,4-14-15,3,False
S12,S12,1231,1231,L1-full,206,3-4-8,3,False
S12,S12,1231,1231,L1-full,207,4-7-12,3,False
S12,S12,1231,1231,L1-full,208,4-5-9,3,False
S12,S12,1231,1231,L1-full,209,5-9-14,3,False
S12,S12,1231,1231,L1-full,210,2-13-14,3,False
S12,S12,1231,1231,L1-full,211,4-9-11,3,False
S12,S12,1231,1231,L1-full,212,3-11,2,False
S12,S12,1231,1231,L1-full,213,0-2-12,3,False
S12,S12,1231,1231,L1-full,214,1-11-12,3,False
S12,S12,1231,1231,L1-full,215,2-4-13,3,False
S12,S12,1231,1231,L1-full,216,3-7-14,3,False
S12,S12,1231,1231,L1-full,217,8-11-15,3,False
S12,S12,1231,1231,L1-full,218,7-12-15,3,False
S12,S12,1231,1231,L1-full,219,0-8,2,False
S12,S12,1231,1231,L1-full,220,9-14,2,False
S12,S12,1231,1231,L1-full,221,6-13,2,False
S12,S12,1231,1231,L1-full,222,3-6,2,False
S12,S12,1231,1231,L1-full,223,6-8-9,3,False
S12,S12,1231,1231,L1-full,224,9-15,2,False
S12,S12,1231,1231,L1-full,225,2-6-11,3,False
S12,S12,1231,1231,L1-full,226,10-14-15,3,False
S12,S12,1231,1231,L1-full,227,0-2-10,3,False
S12,S12,1231,1231,L1-full,228,3-9,2,False
S12,S12,1231,1231,L1-full,229,1-5-14,3,False
S12,S12,1231,1231,L1-full,230,11-12-15,3,False
S12,S12,1231,1231,L1-full,231,2-4-14,3,False
S12,S12,1231,1231,L1-full,232,1-4,2,False
S12,S12,1231,1231,L1-full,233,0-9-11,3,False
S12,S12,1231,1231,L1-full,234,4-9,2,False
S12,S12,1231,1231,L1-full,235,0-3-15,3,False
S12,S12,1231,1231,L1-full,236,12-13-14,3,False
S12,S12,1231,1231,L1-full,237,6-9-11,3,False
S12,S12,1231,1231,L1-full,238,7-13-14,3,False
S12,S12,1231,1231,L1-full,239,8-13,2,False
S12,S12,1231,1231,L1-full,240,1-9-13,3,False
S12,S12,1231,1231,L1-full,241,4-7-13,3,False
S12,S12,1231,1231,L1-full,242,0-1-8,3,False
S12,S12,1231,1231,L1-full,243,7-9-14,3,False
S12,S12,1231,1231,L1-full,244,8-15,2,False
S12,S12,1231,1231,L1-full,245,2-8-13,3,False
S12,S12,1231,1231,L1-full,246,10-11,2,False
S12,S12,1231,1231,L1-full,247,2-12-13,3,False
S12,S12,1231,1231,L1-full,248,1-6-7,3,False
S12,S12,1231,1231,L1-full,249,8-10,2,False
S12,S12,1231,1231,L1-full,250,5-9,2,False
S12,S12,1231,1231,L1-full,251,0-4-5,3,False
S12,S12,1231,1231,L1-full,252,8-9-10,3,False
S12,S12,1231,1231,L1-full,253,7-9-10,3,False
S12,S12,1231,1231,L1-full,254,5-10-12,3,False
S12,S12,1231,1231,L1-full,255,7-9-11,3,False
S12,S12,1231,1231,L1-full,256,8-11-13,3,False
S12,S12,1231,1231,L1-full,257,0-9-12,3,False
S12,S12,1231,1231,L1-full,258,2-8-12,3,False
S12,S12,1231,1231,L1-full,259,9-11,2,False
S12,S12,1231,1231,L1-full,260,0-6-8,3,False
S12,S12,1231,1231,L1-full,261,2-14-15,3,False
S12,S12,1231,1231,L1-full,262,8-12-14,3,False
S12,S12,1231,1231,L1-full,263,4-8-12,3,False
S12,S12,1231,1231,L1-full,264,7-10-15,3,False
S12,S12,1231,1231,L1-full,265,0-10-12,3,False
S12,S12,1231,1231,L1-full,266,6-7-13,3,False
S12,S12,1231,1231,L1-full,267,1-2-15,3,False
S12,S12,1231,1231,L1-full,268,0-2-11,3,False
S12,S12,1231,1231,L1-full,269,3-5-11,3,False
S12,S12,1231,1231,L1-full,270,1-8-13,3,False
S12,S12,1231,1231,L1-full,271,0-8-15,3,False
S12,S12,1231,1231,L1-full,272,0-1-6,3,False
S12,S12,1231,1231,L1-full,273,1-10-14,3,False
S12,S12,1231,1231,L1-full,274,6-11-15,3,False
S12,S12,1231,1231,L1-full,275,3-9-15,3,False
S12,S12,1231,1231,L1-full,276,5-7-15,3,False
S12,S12,1231,1231,L1-full,277,3-12-13,3,False
S12,S12,1231,1231,L1-full,278,7-13-15,3,False
S12,S12,1231,1231,L1-full,279,9-14-15,3,False
S12,S12,1231,1231,L1-full,280,0-5-7,3,False
S12,S12,1231,1231,L1-full,281,3-7,2,False
S12,S12,1231,1231,L1-full,282,1-6-8,3,False
S12,S12,1231,1231,L1-full,283,11-13,2,False
S12,S12,1231,1231,L1-full,284,2-10-14,3,False
S12,S12,1231,1231,L1-full,285,3-12,2,False
S12,S12,1231,1231,L1-full,286,3-7-12,3,False
S12,S12,1231,1231,L1-full,287,3-8-11,3,False
S12,S12,1231,1231,L1-full,288,3-8-13,3,False
S12,S12,1231,1231,L1-full,289,9-11-14,3,False
S12,S12,1231,1231,L1-full,290,0-10-15,3,False
S12,S12,1231,1231,L1-full,291,0-3-10,3,False
S12,S12,1231,1231,L1-full,292,0-9-14,3,False
S12,S12,1231,1231,L1-full,293,7-12,2,False
S12,S12,1231,1231,L1-top8,1,0-1,2,True
S12,S12,1231,1231,L1-top8,2,2-3,2,True
S12,S12,1231,1231,L1-top8,3,4-5-6,3,True
S12,S12,1231,1231,L1-top8,4,7-8-9,3,True
S12,S12,1231,1231,L1-top8,5,7-8-15,3,False
S12,S12,1231,1231,L1-top8,6,0-7-14,3,False
S12,S12,1231,1231,L1-top8,7,3-7-15,3,False
S12,S12,1231,1231,L1-top8,8,3-9-11,3,False
S12,S12,1231,1231,L1-match,1,0-1,2,True
S12,S12,1231,1231,L1-match,2,2-3,2,True
S12,S12,1231,1231,L1-match,3,4-5-6,3,True
S12,S12,1231,1231,L1-match,4,7-8-9,3,True
S12,S12,1231,1231,SHIL-k8,1,2-3,2,True
S12,S12,1231,1231,SHIL-k8,2,0-1,2,True
S12,S12,1231,1231,SHIL-k8,3,4-5-6,3,True
S12,S12,1231,1231,SHIL-k8,4,7-8-9,3,True
S12,S12,1231,1231,SHIL-k8,5,5-9-12,3,False
S12,S12,1231,1231,SHIL-k8,6,4-10,2,False
S12,S12,1231,1231,SHIL-k8,7,8-15,2,False
S12,S12,1231,1231,SHIL-k8,8,7-12-14,3,False
S12,S12,1231,1231,SC-L1,1,0-1,2,True
S12,S12,1231,1231,SC-L1,2,2-3,2,True
S12,S12,1231,1231,SC-L1,3,4-5-6,3,True
S12,S12,1231,1231,SC-L1,4,7-8-9,3,True
S12,S12,1231,1231,SC-SHIL,1,0-1,2,True
S12,S12,1231,1231,SC-SHIL,2,2-3,2,True
S12,S12,1231,1231,SC-SHIL,3,4-5-6,3,True
S12,S12,1231,1231,SC-SHIL,4,7-8-9,3,True
S12,S12,1249,1249,L1-full,1,0-1,2,True
S12,S12,1249,1249,L1-full,2,4-5-6,3,True
S12,S12,1249,1249,L1-full,3,2-3,2,True
S12,S12,1249,1249,L1-full,4,7-8-9,3,True
S12,S12,1249,1249,L1-full,5,1-3-11,3,False
S12,S12,1249,1249,L1-full,6,3-5-15,3,False
S12,S12,1249,1249,L1-full,7,1-9-13,3,False
S12,S12,1249,1249,L1-full,8,10-14-15,3,False
S12,S12,1249,1249,L1-full,9,3-8-10,3,False
S12,S12,1249,1249,L1-full,10,8-12,2,False
S12,S12,1249,1249,L1-full,11,2-3-5,3,False
S12,S12,1249,1249,L1-full,12,0-3-11,3,False
S12,S12,1249,1249,L1-full,13,2-11-13,3,False
S12,S12,1249,1249,L1-full,14,8-10-14,3,False
S12,S12,1249,1249,L1-full,15,11-15,2,False
S12,S12,1249,1249,L1-full,16,4-6-10,3,False
S12,S12,1249,1249,L1-full,17,2-9-15,3,False
S12,S12,1249,1249,L1-full,18,11-13-14,3,False
S12,S12,1249,1249,L1-full,19,3-4-15,3,False
S12,S12,1249,1249,L1-full,20,3-7-12,3,False
S12,S12,1249,1249,L1-full,21,3-7,2,False
S12,S12,1249,1249,L1-full,22,7-14-15,3,False
S12,S12,1249,1249,L1-full,23,0-4-14,3,False
S12,S12,1249,1249,L1-full,24,1-10-11,3,False
S12,S12,1249,1249,L1-full,25,5-11-13,3,False
S12,S12,1249,1249,L1-full,26,0-9-11,3,False
S12,S12,1249,1249,L1-full,27,4-10-11,3,False
S12,S12,1249,1249,L1-full,28,3-4-13,3,False
S12,S12,1249,1249,L1-full,29,0-12-14,3,False
S12,S12,1249,1249,L1-full,30,8-13-15,3,False
S12,S12,1249,1249,L1-full,31,2-10,2,False
S12,S12,1249,1249,L1-full,32,3-14-15,3,False
S12,S12,1249,1249,L1-full,33,7-12-15,3,False
S12,S12,1249,1249,L1-full,34,3-10-11,3,False
S12,S12,1249,1249,L1-top8,1,0-1,2,True
S12,S12,1249,1249,L1-top8,2,4-5-6,3,True
S12,S12,1249,1249,L1-top8,3,2-3,2,True
S12,S12,1249,1249,L1-top8,4,7-8-9,3,True
S12,S12,1249,1249,L1-top8,5,1-3-11,3,False
S12,S12,1249,1249,L1-top8,6,3-5-15,3,False
S12,S12,1249,1249,L1-top8,7,1-9-13,3,False
S12,S12,1249,1249,L1-top8,8,10-14-15,3,False
S12,S12,1249,1249,L1-match,1,0-1,2,True
S12,S12,1249,1249,L1-match,2,4-5-6,3,True
S12,S12,1249,1249,L1-match,3,2-3,2,True
S12,S12,1249,1249,L1-match,4,7-8-9,3,True
S12,S12,1249,1249,SHIL-k8,1,0-1,2,True
S12,S12,1249,1249,SHIL-k8,2,4-5-6,3,True
S12,S12,1249,1249,SHIL-k8,3,2-3,2,True
S12,S12,1249,1249,SHIL-k8,4,7-8-9,3,True
S12,S12,1249,1249,SHIL-k8,5,4-6-10,3,False
S12,S12,1249,1249,SHIL-k8,6,1-5-8,3,False
S12,S12,1249,1249,SHIL-k8,7,0-1-10,3,False
S12,S12,1249,1249,SHIL-k8,8,5-6-7,3,False
S12,S12,1249,1249,SC-L1,1,0-1,2,True
S12,S12,1249,1249,SC-L1,2,2-3,2,True
S12,S12,1249,1249,SC-L1,3,4-5-6,3,True
S12,S12,1249,1249,SC-L1,4,7-8-9,3,True
S12,S12,1249,1249,SC-SHIL,1,0-1,2,True
S12,S12,1249,1249,SC-SHIL,2,2-3,2,True
S12,S12,1249,1249,SC-SHIL,3,4-5-6,3,True
S12,S12,1249,1249,SC-SHIL,4,7-8-9,3,True
S12,S12,1277,1277,L1-full,1,0-1,2,True
S12,S12,1277,1277,L1-full,2,2-3,2,True
S12,S12,1277,1277,L1-full,3,4-5-6,3,True
S12,S12,1277,1277,L1-full,4,7-8-9,3,True
S12,S12,1277,1277,L1-full,5,13-15,2,False
S12,S12,1277,1277,L1-full,6,1-4-7,3,False
S12,S12,1277,1277,L1-full,7,5-10-14,3,False
S12,S12,1277,1277,L1-full,8,0-2-8,3,False
S12,S12,1277,1277,L1-full,9,4-6-15,3,False
S12,S12,1277,1277,L1-full,10,1-5-10,3,False
S12,S12,1277,1277,L1-full,11,2-10-15,3,False
S12,S12,1277,1277,L1-full,12,0-3-13,3,False
S12,S12,1277,1277,L1-full,13,9-12-15,3,False
S12,S12,1277,1277,L1-full,14,2-13-15,3,False
S12,S12,1277,1277,L1-full,15,7-11-12,3,False
S12,S12,1277,1277,L1-full,16,2-10-13,3,False
S12,S12,1277,1277,L1-full,17,1-6-7,3,False
S12,S12,1277,1277,L1-full,18,9-11-15,3,False
S12,S12,1277,1277,L1-full,19,2-7,2,False
S12,S12,1277,1277,L1-full,20,4-7-11,3,False
S12,S12,1277,1277,L1-full,21,5-10-13,3,False
S12,S12,1277,1277,L1-full,22,3-4-8,3,False
S12,S12,1277,1277,L1-full,23,0-6,2,False
S12,S12,1277,1277,L1-full,24,4-13,2,False
S12,S12,1277,1277,L1-full,25,0-8-9,3,False
S12,S12,1277,1277,L1-full,26,1-11-14,3,False
S12,S12,1277,1277,L1-full,27,12-15,2,False
S12,S12,1277,1277,L1-full,28,4-7-14,3,False
S12,S12,1277,1277,L1-full,29,0-14-15,3,False
S12,S12,1277,1277,L1-full,30,5-7-13,3,False
S12,S12,1277,1277,L1-full,31,3-6-12,3,False
S12,S12,1277,1277,L1-full,32,0-11,2,False
S12,S12,1277,1277,L1-full,33,4-9-15,3,False
S12,S12,1277,1277,L1-full,34,5-8-15,3,False
S12,S12,1277,1277,L1-full,35,2-11-12,3,False
S12,S12,1277,1277,L1-full,36,4-11,2,False
S12,S12,1277,1277,L1-full,37,5-8-10,3,False
S12,S12,1277,1277,L1-full,38,7-8-12,3,False
S12,S12,1277,1277,L1-full,39,10-11-13,3,False
S12,S12,1277,1277,L1-full,40,0-4-7,3,False
S12,S12,1277,1277,L1-full,41,0-7-10,3,False
S12,S12,1277,1277,L1-top8,1,0-1,2,True
S12,S12,1277,1277,L1-top8,2,2-3,2,True
S12,S12,1277,1277,L1-top8,3,4-5-6,3,True
S12,S12,1277,1277,L1-top8,4,7-8-9,3,True
S12,S12,1277,1277,L1-top8,5,13-15,2,False
S12,S12,1277,1277,L1-top8,6,1-4-7,3,False
S12,S12,1277,1277,L1-top8,7,5-10-14,3,False
S12,S12,1277,1277,L1-top8,8,0-2-8,3,False
S12,S12,1277,1277,L1-match,1,0-1,2,True
S12,S12,1277,1277,L1-match,2,2-3,2,True
S12,S12,1277,1277,L1-match,3,4-5-6,3,True
S12,S12,1277,1277,L1-match,4,7-8-9,3,True
S12,S12,1277,1277,SHIL-k8,1,0-1,2,True
S12,S12,1277,1277,SHIL-k8,2,4-5-6,3,True
S12,S12,1277,1277,SHIL-k8,3,2-3,2,True
S12,S12,1277,1277,SHIL-k8,4,7-8-9,3,True
S12,S12,1277,1277,SHIL-k8,5,1-14-15,3,False
S12,S12,1277,1277,SHIL-k8,6,0-2-8,3,False
S12,S12,1277,1277,SHIL-k8,7,9-12-15,3,False
S12,S12,1277,1277,SHIL-k8,8,13-15,2,False
S12,S12,1277,1277,SC-L1,1,0-1,2,True
S12,S12,1277,1277,SC-L1,2,2-3,2,True
S12,S12,1277,1277,SC-L1,3,4-5-6,3,True
S12,S12,1277,1277,SC-L1,4,7-8-9,3,True
S12,S12,1277,1277,SC-SHIL,1,0-1,2,True
S12,S12,1277,1277,SC-SHIL,2,2-3,2,True
S12,S12,1277,1277,SC-SHIL,3,4-5-6,3,True
S12,S12,1277,1277,SC-SHIL,4,7-8-9,3,True
