phase,base_method,half_index,half_rows,fit_rows,inner_val_rows,active_edges,selected_c,fit_seconds,warning_count,warnings,dataset,scenario,data_seed,split_seed
tuning_train,shil,0,4081,3264,817,680,,3.921795873902738,0,,dry_bean_uci,dry_bean_uci,11,11
tuning_train,shil,1,4085,3268,817,680,,3.957762550096959,0,,dry_bean_uci,dry_bean_uci,11,11
tuning_train,shil,2,4081,3264,817,680,,3.9444028679281473,0,,dry_bean_uci,dry_bean_uci,11,11
tuning_train,shil,3,4085,3268,817,680,,3.957320459652692,0,,dry_bean_uci,dry_bean_uci,11,11
tuning_train,shil,4,4081,3264,817,680,,3.922279585152865,0,,dry_bean_uci,dry_bean_uci,11,11
tuning_train,shil,5,4085,3268,817,680,,4.001703368965536,0,,dry_bean_uci,dry_bean_uci,11,11
tuning_train,shil,6,4081,3264,817,680,,3.9804967758245766,0,,dry_bean_uci,dry_bean_uci,11,11
tuning_train,shil,7,4085,3268,817,680,,3.9606222766451538,0,,dry_bean_uci,dry_bean_uci,11,11
tuning_train,shil,8,4081,3264,817,680,,3.9277320210821927,0,,dry_bean_uci,dry_bean_uci,11,11
tuning_train,shil,9,4085,3268,817,680,,3.958212128840387,0,,dry_bean_uci,dry_bean_uci,11,11
tuning_train,shil,10,4081,3264,817,680,,3.9354994441382583,0,,dry_bean_uci,dry_bean_uci,11,11
tuning_train,shil,11,4085,3268,817,680,,3.953890684992075,0,,dry_bean_uci,dry_bean_uci,11,11
tuning_train,shil,12,4081,3264,817,680,,2.717161723878234,0,,dry_bean_uci,dry_bean_uci,11,11
tuning_train,shil,13,4085,3268,817,680,,3.931016316171736,0,,dry_bean_uci,dry_bean_uci,11,11
tuning_train,shil,14,4081,3264,817,680,,3.93303637066856,0,,dry_bean_uci,dry_bean_uci,11,11
tuning_train,shil,15,4085,3268,817,680,,3.930601065978408,0,,dry_bean_uci,dry_bean_uci,11,11
tuning_train,shil,16,4081,3264,817,680,,3.9117734162136912,0,,dry_bean_uci,dry_bean_uci,11,11
tuning_train,shil,17,4085,3268,817,680,,3.912030854728073,0,,dry_bean_uci,dry_bean_uci,11,11
tuning_train,shil,18,4081,3264,817,680,,3.912100373767316,0,,dry_bean_uci,dry_bean_uci,11,11
tuning_train,shil,19,4085,3268,817,680,,3.9352138163521886,0,,dry_bean_uci,dry_bean_uci,11,11
tuning_train,shil,20,4081,3264,817,680,,3.967775902710855,0,,dry_bean_uci,dry_bean_uci,11,11
tuning_train,shil,21,4085,3268,817,680,,4.0413111532107,0,,dry_bean_uci,dry_bean_uci,11,11
tuning_train,shil,22,4081,3264,817,680,,3.938330873847008,0,,dry_bean_uci,dry_bean_uci,11,11
tuning_train,shil,23,4085,3268,817,680,,3.9345651576295495,0,,dry_bean_uci,dry_bean_uci,11,11
tuning_train,shil,24,4081,3264,817,680,,2.984101791866124,0,,dry_bean_uci,dry_bean_uci,11,11
tuning_train,shil,25,4085,3268,817,680,,3.930086393840611,0,,dry_bean_uci,dry_bean_uci,11,11
tuning_train,shil,26,4081,3264,817,680,,3.9245316623710096,0,,dry_bean_uci,dry_bean_uci,11,11
tuning_train,shil,27,4085,3268,817,680,,3.966888675000519,0,,dry_bean_uci,dry_bean_uci,11,11
tuning_train,shil,28,4081,3264,817,680,,3.9665415100753303,0,,dry_bean_uci,dry_bean_uci,11,11
tuning_train,shil,29,4085,3268,817,680,,3.968751646578312,0,,dry_bean_uci,dry_bean_uci,11,11
tuning_train,shil,30,4081,3264,817,680,,3.961935022845864,0,,dry_bean_uci,dry_bean_uci,11,11
tuning_train,shil,31,4085,3268,817,680,,2.5338573399931192,0,,dry_bean_uci,dry_bean_uci,11,11
tuning_train,shil,32,4081,3264,817,680,,3.918337792158127,0,,dry_bean_uci,dry_bean_uci,11,11
tuning_train,shil,33,4085,3268,817,680,,3.933779965620488,0,,dry_bean_uci,dry_bean_uci,11,11
tuning_train,shil,34,4081,3264,817,680,,2.8112592389807105,0,,dry_bean_uci,dry_bean_uci,11,11
tuning_train,shil,35,4085,3268,817,680,,3.97101877303794,0,,dry_bean_uci,dry_bean_uci,11,11
tuning_train,shil,36,4081,3264,817,680,,3.920651123393327,0,,dry_bean_uci,dry_bean_uci,11,11
tuning_train,shil,37,4085,3268,817,680,,3.920844641979784,0,,dry_bean_uci,dry_bean_uci,11,11
tuning_train,shil,38,4081,3264,817,680,,3.9407257763668895,0,,dry_bean_uci,dry_bean_uci,11,11
tuning_train,shil,39,4085,3268,817,680,,3.2231608857400715,0,,dry_bean_uci,dry_bean_uci,11,11
final_development,shil,0,5443,4354,1089,680,,5.211251765023917,0,,dry_bean_uci,dry_bean_uci,11,11
final_development,shil,1,5445,4356,1089,680,,5.249619742389768,0,,dry_bean_uci,dry_bean_uci,11,11
final_development,shil,2,5443,4354,1089,680,,5.296019868925214,0,,dry_bean_uci,dry_bean_uci,11,11
final_development,shil,3,5445,4356,1089,680,,5.284954925999045,0,,dry_bean_uci,dry_bean_uci,11,11
final_development,shil,4,5443,4354,1089,680,,5.287079581059516,0,,dry_bean_uci,dry_bean_uci,11,11
final_development,shil,5,5445,4356,1089,680,,5.281190563924611,0,,dry_bean_uci,dry_bean_uci,11,11
final_development,shil,6,5443,4354,1089,680,,5.314277732744813,0,,dry_bean_uci,dry_bean_uci,11,11
final_development,shil,7,5445,4356,1089,680,,5.397652068641037,0,,dry_bean_uci,dry_bean_uci,11,11
final_development,shil,8,5443,4354,1089,680,,5.272821038030088,0,,dry_bean_uci,dry_bean_uci,11,11
final_development,shil,9,5445,4356,1089,680,,4.893446350004524,0,,dry_bean_uci,dry_bean_uci,11,11
final_development,shil,10,5443,4354,1089,680,,5.2576172151602805,0,,dry_bean_uci,dry_bean_uci,11,11
final_development,shil,11,5445,4356,1089,680,,5.266408368945122,0,,dry_bean_uci,dry_bean_uci,11,11
final_development,shil,12,5443,4354,1089,680,,5.277190261054784,0,,dry_bean_uci,dry_bean_uci,11,11
final_development,shil,13,5445,4356,1089,680,,5.2928387159481645,0,,dry_bean_uci,dry_bean_uci,11,11
final_development,shil,14,5443,4354,1089,680,,5.275228555779904,0,,dry_bean_uci,dry_bean_uci,11,11
final_development,shil,15,5445,4356,1089,680,,5.3067866708152,0,,dry_bean_uci,dry_bean_uci,11,11
final_development,shil,16,5443,4354,1089,680,,5.244245033711195,0,,dry_bean_uci,dry_bean_uci,11,11
final_development,shil,17,5445,4356,1089,680,,5.268076920881867,0,,dry_bean_uci,dry_bean_uci,11,11
final_development,shil,18,5443,4354,1089,680,,5.276580673176795,0,,dry_bean_uci,dry_bean_uci,11,11
final_development,shil,19,5445,4356,1089,680,,5.250951202120632,0,,dry_bean_uci,dry_bean_uci,11,11
final_development,shil,20,5443,4354,1089,680,,5.311675855889916,0,,dry_bean_uci,dry_bean_uci,11,11
final_development,shil,21,5445,4356,1089,680,,5.273814678192139,0,,dry_bean_uci,dry_bean_uci,11,11
final_development,shil,22,5443,4354,1089,680,,5.016521954908967,0,,dry_bean_uci,dry_bean_uci,11,11
final_development,shil,23,5445,4356,1089,680,,5.282363585662097,0,,dry_bean_uci,dry_bean_uci,11,11
final_development,shil,24,5443,4354,1089,680,,5.281072890851647,0,,dry_bean_uci,dry_bean_uci,11,11
final_development,shil,25,5445,4356,1089,680,,5.276214244775474,0,,dry_bean_uci,dry_bean_uci,11,11
final_development,shil,26,5443,4354,1089,680,,5.2659493908286095,0,,dry_bean_uci,dry_bean_uci,11,11
final_development,shil,27,5445,4356,1089,680,,5.255115570966154,0,,dry_bean_uci,dry_bean_uci,11,11
final_development,shil,28,5443,4354,1089,680,,5.245886206161231,0,,dry_bean_uci,dry_bean_uci,11,11
final_development,shil,29,5445,4356,1089,680,,5.2726580002345145,0,,dry_bean_uci,dry_bean_uci,11,11
final_development,shil,30,5443,4354,1089,680,,5.26902224496007,0,,dry_bean_uci,dry_bean_uci,11,11
final_development,shil,31,5445,4356,1089,680,,5.270742777269334,0,,dry_bean_uci,dry_bean_uci,11,11
final_development,shil,32,5443,4354,1089,680,,5.288347449153662,0,,dry_bean_uci,dry_bean_uci,11,11
final_development,shil,33,5445,4356,1089,680,,5.311864815186709,0,,dry_bean_uci,dry_bean_uci,11,11
final_development,shil,34,5443,4354,1089,680,,5.262706015724689,0,,dry_bean_uci,dry_bean_uci,11,11
final_development,shil,35,5445,4356,1089,680,,5.280770813114941,0,,dry_bean_uci,dry_bean_uci,11,11
final_development,shil,36,5443,4354,1089,680,,5.287518229801208,0,,dry_bean_uci,dry_bean_uci,11,11
final_development,shil,37,5445,4356,1089,680,,5.263952738139778,0,,dry_bean_uci,dry_bean_uci,11,11
final_development,shil,38,5443,4354,1089,680,,5.270178950857371,0,,dry_bean_uci,dry_bean_uci,11,11
final_development,shil,39,5445,4356,1089,680,,5.253634201362729,0,,dry_bean_uci,dry_bean_uci,11,11
tuning_train,l1,0,4081,3264,817,518,0.25,264.23130228882656,0,,dry_bean_uci,dry_bean_uci,11,11
tuning_train,l1,1,4085,3268,817,679,1.0,259.8564575398341,0,,dry_bean_uci,dry_bean_uci,11,11
tuning_train,l1,2,4081,3264,817,568,0.25,259.6391581436619,0,,dry_bean_uci,dry_bean_uci,11,11
tuning_train,l1,3,4085,3268,817,557,0.25,269.54322921903804,0,,dry_bean_uci,dry_bean_uci,11,11
tuning_train,l1,4,4081,3264,817,680,1.0,263.6961122620851,0,,dry_bean_uci,dry_bean_uci,11,11
tuning_train,l1,5,4085,3268,817,680,1.0,280.60961205977947,0,,dry_bean_uci,dry_bean_uci,11,11
tuning_train,l1,6,4081,3264,817,680,1.0,270.7912676166743,0,,dry_bean_uci,dry_bean_uci,11,11
tuning_train,l1,7,4085,3268,817,678,1.0,260.24380029691383,0,,dry_bean_uci,dry_bean_uci,11,11
tuning_train,l1,8,4081,3264,817,595,0.25,244.8767532478087,0,,dry_bean_uci,dry_bean_uci,11,11
tuning_train,l1,9,4085,3268,817,680,1.0,294.8539211479947,0,,dry_bean_uci,dry_bean_uci,11,11
tuning_train,l1,10,4081,3264,817,678,1.0,256.53566974401474,0,,dry_bean_uci,dry_bean_uci,11,11
tuning_train,l1,11,4085,3268,817,660,1.0,277.5686168051325,0,,dry_bean_uci,dry_bean_uci,11,11
tuning_train,l1,12,4081,3264,817,676,1.0,263.26720654871315,0,,dry_bean_uci,dry_bean_uci,11,11
tuning_train,l1,13,4085,3268,817,534,0.25,265.31655793916434,0,,dry_bean_uci,dry_bean_uci,11,11
tuning_train,l1,14,4081,3264,817,680,1.0,270.94063407275826,0,,dry_bean_uci,dry_bean_uci,11,11
tuning_train,l1,15,4085,3268,817,677,1.0,256.951748480089,0,,dry_bean_uci,dry_bean_uci,11,11
tuning_train,l1,16,4081,3264,817,549,0.25,274.3436235669069,0,,dry_bean_uci,dry_bean_uci,11,11
tuning_train,l1,17,4085,3268,817,680,1.0,263.92107485001907,0,,dry_bean_uci,dry_bean_uci,11,11
tuning_train,l1,18,4081,3264,817,679,1.0,267.8707332490012,0,,dry_bean_uci,dry_bean_uci,11,11
tuning_train,l1,19,4085,3268,817,575,0.25,265.98676718212664,0,,dry_bean_uci,dry_bean_uci,11,11
tuning_train,l1,20,4081,3264,817,677,1.0,274.6750400629826,0,,dry_bean_uci,dry_bean_uci,11,11
tuning_train,l1,21,4085,3268,817,542,0.25,268.6847616098821,0,,dry_bean_uci,dry_bean_uci,11,11
tuning_train,l1,22,4081,3264,817,680,1.0,260.3756348420866,0,,dry_bean_uci,dry_bean_uci,11,11
tuning_train,l1,23,4085,3268,817,678,1.0,273.25313503295183,0,,dry_bean_uci,dry_bean_uci,11,11
tuning_train,l1,24,4081,3264,817,680,1.0,253.0661503202282,0,,dry_bean_uci,dry_bean_uci,11,11
tuning_train,l1,25,4085,3268,817,569,0.25,260.8669836400077,0,,dry_bean_uci,dry_bean_uci,11,11
tuning_train,l1,26,4081,3264,817,677,1.0,246.8320287419483,0,,dry_bean_uci,dry_bean_uci,11,11
tuning_train,l1,27,4085,3268,817,680,1.0,271.36606694199145,0,,dry_bean_uci,dry_bean_uci,11,11
tuning_train,l1,28,4081,3264,817,556,0.25,257.97085828334093,0,,dry_bean_uci,dry_bean_uci,11,11
tuning_train,l1,29,4085,3268,817,678,1.0,283.9575478499755,0,,dry_bean_uci,dry_bean_uci,11,11
tuning_train,l1,30,4081,3264,817,680,1.0,262.89012267580256,0,,dry_bean_uci,dry_bean_uci,11,11
tuning_train,l1,31,4085,3268,817,507,0.25,268.22360224602744,0,,dry_bean_uci,dry_bean_uci,11,11
tuning_train,l1,32,4081,3264,817,674,1.0,283.5454564839601,0,,dry_bean_uci,dry_bean_uci,11,11
tuning_train,l1,33,4085,3268,817,679,1.0,264.4743327070028,0,,dry_bean_uci,dry_bean_uci,11,11
tuning_train,l1,34,4081,3264,817,674,1.0,268.0334620871581,0,,dry_bean_uci,dry_bean_uci,11,11
tuning_train,l1,35,4085,3268,817,680,1.0,271.68646191013977,0,,dry_bean_uci,dry_bean_uci,11,11
tuning_train,l1,36,4081,3264,817,672,1.0,258.86190134240314,0,,dry_bean_uci,dry_bean_uci,11,11
tuning_train,l1,37,4085,3268,817,680,1.0,264.8420125148259,0,,dry_bean_uci,dry_bean_uci,11,11
tuning_train,l1,38,4081,3264,817,680,1.0,282.10681629087776,0,,dry_bean_uci,dry_bean_uci,11,11
tuning_train,l1,39,4085,3268,817,664,1.0,257.2724317461252,0,,dry_bean_uci,dry_bean_uci,11,11
final_development,l1,0,5443,4354,1089,668,1.0,337.1665518451482,0,,dry_bean_uci,dry_bean_uci,11,11
final_development,l1,1,5445,4356,1089,663,1.0,358.32382140215486,0,,dry_bean_uci,dry_bean_uci,11,11
final_development,l1,2,5443,4354,1089,680,1.0,333.14599705766886,0,,dry_bean_uci,dry_bean_uci,11,11
final_development,l1,3,5445,4356,1089,679,1.0,360.25575455417857,0,,dry_bean_uci,dry_bean_uci,11,11
final_development,l1,4,5443,4354,1089,680,1.0,331.5013635177165,0,,dry_bean_uci,dry_bean_uci,11,11
final_development,l1,5,5445,4356,1089,678,1.0,356.94598746905103,0,,dry_bean_uci,dry_bean_uci,11,11
final_development,l1,6,5443,4354,1089,680,1.0,344.1920385607518,0,,dry_bean_uci,dry_bean_uci,11,11
final_development,l1,7,5445,4356,1089,680,1.0,328.76106967171654,0,,dry_bean_uci,dry_bean_uci,11,11
final_development,l1,8,5443,4354,1089,680,1.0,332.2475336859934,0,,dry_bean_uci,dry_bean_uci,11,11
final_development,l1,9,5445,4356,1089,680,1.0,349.24469566112384,0,,dry_bean_uci,dry_bean_uci,11,11
final_development,l1,10,5443,4354,1089,669,1.0,340.91734313825145,0,,dry_bean_uci,dry_bean_uci,11,11
final_development,l1,11,5445,4356,1089,578,0.25,330.2262398372404,0,,dry_bean_uci,dry_bean_uci,11,11
final_development,l1,12,5443,4354,1089,678,1.0,343.26853991393,0,,dry_bean_uci,dry_bean_uci,11,11
final_development,l1,13,5445,4356,1089,670,1.0,358.76418126095086,0,,dry_bean_uci,dry_bean_uci,11,11
final_development,l1,14,5443,4354,1089,677,1.0,378.8878005319275,0,,dry_bean_uci,dry_bean_uci,11,11
final_development,l1,15,5445,4356,1089,549,0.25,317.1424738341011,0,,dry_bean_uci,dry_bean_uci,11,11
final_development,l1,16,5443,4354,1089,591,0.25,327.0600493061356,0,,dry_bean_uci,dry_bean_uci,11,11
final_development,l1,17,5445,4356,1089,589,0.25,360.1222400739789,0,,dry_bean_uci,dry_bean_uci,11,11
final_development,l1,18,5443,4354,1089,671,1.0,334.9150902540423,0,,dry_bean_uci,dry_bean_uci,11,11
final_development,l1,19,5445,4356,1089,678,1.0,343.88751569529995,0,,dry_bean_uci,dry_bean_uci,11,11
final_development,l1,20,5443,4354,1089,680,1.0,350.8716756980866,0,,dry_bean_uci,dry_bean_uci,11,11
final_development,l1,21,5445,4356,1089,574,0.25,333.4487914009951,0,,dry_bean_uci,dry_bean_uci,11,11
final_development,l1,22,5443,4354,1089,669,1.0,344.7383244871162,0,,dry_bean_uci,dry_bean_uci,11,11
final_development,l1,23,5445,4356,1089,577,0.25,330.77375673223287,0,,dry_bean_uci,dry_bean_uci,11,11
final_development,l1,24,5443,4354,1089,680,1.0,333.3700616080314,0,,dry_bean_uci,dry_bean_uci,11,11
final_development,l1,25,5445,4356,1089,562,0.25,339.92031411267817,0,,dry_bean_uci,dry_bean_uci,11,11
final_development,l1,26,5443,4354,1089,677,1.0,374.94984316127375,0,,dry_bean_uci,dry_bean_uci,11,11
final_development,l1,27,5445,4356,1089,678,1.0,317.8990933960304,0,,dry_bean_uci,dry_bean_uci,11,11
final_development,l1,28,5443,4354,1089,602,0.25,339.5167040238157,0,,dry_bean_uci,dry_bean_uci,11,11
final_development,l1,29,5445,4356,1089,673,1.0,323.78821942862123,0,,dry_bean_uci,dry_bean_uci,11,11
final_development,l1,30,5443,4354,1089,671,1.0,329.689688350074,0,,dry_bean_uci,dry_bean_uci,11,11
final_development,l1,31,5445,4356,1089,590,0.25,364.90941814985126,0,,dry_bean_uci,dry_bean_uci,11,11
final_development,l1,32,5443,4354,1089,580,0.25,320.3590383180417,0,,dry_bean_uci,dry_bean_uci,11,11
final_development,l1,33,5445,4356,1089,603,0.25,360.97230136487633,0,,dry_bean_uci,dry_bean_uci,11,11
final_development,l1,34,5443,4354,1089,663,1.0,347.10465594707057,0,,dry_bean_uci,dry_bean_uci,11,11
final_development,l1,35,5445,4356,1089,619,0.25,330.35518920002505,0,,dry_bean_uci,dry_bean_uci,11,11
final_development,l1,36,5443,4354,1089,671,1.0,320.9896467528306,0,,dry_bean_uci,dry_bean_uci,11,11
final_development,l1,37,5445,4356,1089,680,1.0,356.28671651892364,0,,dry_bean_uci,dry_bean_uci,11,11
final_development,l1,38,5443,4354,1089,672,1.0,325.51249061431736,0,,dry_bean_uci,dry_bean_uci,11,11
final_development,l1,39,5445,4356,1089,555,0.25,356.73743651108816,0,,dry_bean_uci,dry_bean_uci,11,11
tuning_train,shil,0,4081,3264,817,680,,3.953851518686861,0,,dry_bean_uci,dry_bean_uci,23,23
tuning_train,shil,1,4085,3268,817,680,,3.997976427897811,0,,dry_bean_uci,dry_bean_uci,23,23
tuning_train,shil,2,4081,3264,817,680,,3.990761121269316,0,,dry_bean_uci,dry_bean_uci,23,23
tuning_train,shil,3,4085,3268,817,680,,3.997745659667999,0,,dry_bean_uci,dry_bean_uci,23,23
tuning_train,shil,4,4081,3264,817,680,,3.969638287089765,0,,dry_bean_uci,dry_bean_uci,23,23
tuning_train,shil,5,4085,3268,817,680,,3.996601722668856,0,,dry_bean_uci,dry_bean_uci,23,23
tuning_train,shil,6,4081,3264,817,680,,4.0042815478518605,0,,dry_bean_uci,dry_bean_uci,23,23
tuning_train,shil,7,4085,3268,817,680,,3.992731682024896,0,,dry_bean_uci,dry_bean_uci,23,23
tuning_train,shil,8,4081,3264,817,680,,3.9812060170806944,0,,dry_bean_uci,dry_bean_uci,23,23
tuning_train,shil,9,4085,3268,817,680,,4.006077754776925,0,,dry_bean_uci,dry_bean_uci,23,23
tuning_train,shil,10,4081,3264,817,680,,3.976199804805219,0,,dry_bean_uci,dry_bean_uci,23,23
tuning_train,shil,11,4085,3268,817,680,,4.025691962335259,0,,dry_bean_uci,dry_bean_uci,23,23
tuning_train,shil,12,4081,3264,817,680,,3.997218345757574,0,,dry_bean_uci,dry_bean_uci,23,23
tuning_train,shil,13,4085,3268,817,680,,4.0125694796442986,0,,dry_bean_uci,dry_bean_uci,23,23
tuning_train,shil,14,4081,3264,817,680,,3.985560475848615,0,,dry_bean_uci,dry_bean_uci,23,23
tuning_train,shil,15,4085,3268,817,680,,3.9765710327774286,0,,dry_bean_uci,dry_bean_uci,23,23
tuning_train,shil,16,4081,3264,817,680,,3.977740121074021,0,,dry_bean_uci,dry_bean_uci,23,23
tuning_train,shil,17,4085,3268,817,680,,2.228069525212049,0,,dry_bean_uci,dry_bean_uci,23,23
tuning_train,shil,18,4081,3264,817,680,,3.962458179797977,0,,dry_bean_uci,dry_bean_uci,23,23
tuning_train,shil,19,4085,3268,817,680,,3.536202350165695,0,,dry_bean_uci,dry_bean_uci,23,23
tuning_train,shil,20,4081,3264,817,680,,3.990902148187161,0,,dry_bean_uci,dry_bean_uci,23,23
tuning_train,shil,21,4085,3268,817,680,,4.006973328068852,0,,dry_bean_uci,dry_bean_uci,23,23
tuning_train,shil,22,4081,3264,817,680,,3.1519287670962512,0,,dry_bean_uci,dry_bean_uci,23,23
tuning_train,shil,23,4085,3268,817,680,,3.9608525526709855,0,,dry_bean_uci,dry_bean_uci,23,23
tuning_train,shil,24,4081,3264,817,680,,3.965754633769393,0,,dry_bean_uci,dry_bean_uci,23,23
tuning_train,shil,25,4085,3268,817,680,,3.951507064048201,0,,dry_bean_uci,dry_bean_uci,23,23
tuning_train,shil,26,4081,3264,817,680,,3.94740038504824,0,,dry_bean_uci,dry_bean_uci,23,23
tuning_train,shil,27,4085,3268,817,680,,3.9911341699771583,0,,dry_bean_uci,dry_bean_uci,23,23
tuning_train,shil,28,4081,3264,817,680,,3.977111243177205,0,,dry_bean_uci,dry_bean_uci,23,23
tuning_train,shil,29,4085,3268,817,680,,4.014055168721825,0,,dry_bean_uci,dry_bean_uci,23,23
tuning_train,shil,30,4081,3264,817,680,,3.9812452737241983,0,,dry_bean_uci,dry_bean_uci,23,23
tuning_train,shil,31,4085,3268,817,680,,3.9671241058968008,0,,dry_bean_uci,dry_bean_uci,23,23
tuning_train,shil,32,4081,3264,817,680,,3.9620712189935143,0,,dry_bean_uci,dry_bean_uci,23,23
tuning_train,shil,33,4085,3268,817,680,,3.9755355762317777,0,,dry_bean_uci,dry_bean_uci,23,23
tuning_train,shil,34,4081,3264,817,680,,3.963060862850398,0,,dry_bean_uci,dry_bean_uci,23,23
tuning_train,shil,35,4085,3268,817,680,,3.946843076031655,0,,dry_bean_uci,dry_bean_uci,23,23
tuning_train,shil,36,4081,3264,817,680,,3.969198232050985,0,,dry_bean_uci,dry_bean_uci,23,23
tuning_train,shil,37,4085,3268,817,680,,3.9848069278523326,0,,dry_bean_uci,dry_bean_uci,23,23
tuning_train,shil,38,4081,3264,817,680,,3.979735799599439,0,,dry_bean_uci,dry_bean_uci,23,23
tuning_train,shil,39,4085,3268,817,680,,3.9310342860408127,0,,dry_bean_uci,dry_bean_uci,23,23
final_development,shil,0,5443,4354,1089,680,,5.208148253615946,0,,dry_bean_uci,dry_bean_uci,23,23
final_development,shil,1,5445,4356,1089,680,,5.350899636745453,0,,dry_bean_uci,dry_bean_uci,23,23
final_development,shil,2,5443,4354,1089,680,,5.305169666185975,0,,dry_bean_uci,dry_bean_uci,23,23
final_development,shil,3,5445,4356,1089,680,,5.310641231015325,0,,dry_bean_uci,dry_bean_uci,23,23
final_development,shil,4,5443,4354,1089,680,,5.2874036598950624,0,,dry_bean_uci,dry_bean_uci,23,23
final_development,shil,5,5445,4356,1089,680,,5.346374618820846,0,,dry_bean_uci,dry_bean_uci,23,23
final_development,shil,6,5443,4354,1089,680,,5.3947758842259645,0,,dry_bean_uci,dry_bean_uci,23,23
final_development,shil,7,5445,4356,1089,680,,5.287906931713224,0,,dry_bean_uci,dry_bean_uci,23,23
final_development,shil,8,5443,4354,1089,680,,5.354790401179344,0,,dry_bean_uci,dry_bean_uci,23,23
final_development,shil,9,5445,4356,1089,680,,5.297340487129986,0,,dry_bean_uci,dry_bean_uci,23,23
final_development,shil,10,5443,4354,1089,680,,5.297314242925495,0,,dry_bean_uci,dry_bean_uci,23,23
final_development,shil,11,5445,4356,1089,680,,5.324378919787705,0,,dry_bean_uci,dry_bean_uci,23,23
final_development,shil,12,5443,4354,1089,680,,3.9940397241152814,0,,dry_bean_uci,dry_bean_uci,23,23
final_development,shil,13,5445,4356,1089,680,,5.329137355089188,0,,dry_bean_uci,dry_bean_uci,23,23
final_development,shil,14,5443,4354,1089,680,,5.305835664272308,0,,dry_bean_uci,dry_bean_uci,23,23
final_development,shil,15,5445,4356,1089,680,,5.287387297023088,0,,dry_bean_uci,dry_bean_uci,23,23
final_development,shil,16,5443,4354,1089,680,,5.292264577001333,0,,dry_bean_uci,dry_bean_uci,23,23
final_development,shil,17,5445,4356,1089,680,,5.3403175980784,0,,dry_bean_uci,dry_bean_uci,23,23
final_development,shil,18,5443,4354,1089,680,,5.348164144903421,0,,dry_bean_uci,dry_bean_uci,23,23
final_development,shil,19,5445,4356,1089,680,,5.324420131277293,0,,dry_bean_uci,dry_bean_uci,23,23
final_development,shil,20,5443,4354,1089,680,,5.311138169374317,0,,dry_bean_uci,dry_bean_uci,23,23
final_development,shil,21,5445,4356,1089,680,,5.29626323422417,0,,dry_bean_uci,dry_bean_uci,23,23
final_development,shil,22,5443,4354,1089,680,,5.300769790075719,0,,dry_bean_uci,dry_bean_uci,23,23
final_development,shil,23,5445,4356,1089,680,,5.318592463620007,0,,dry_bean_uci,dry_bean_uci,23,23
final_development,shil,24,5443,4354,1089,680,,5.302401278167963,0,,dry_bean_uci,dry_bean_uci,23,23
final_development,shil,25,5445,4356,1089,680,,5.285538405179977,0,,dry_bean_uci,dry_bean_uci,23,23
final_development,shil,26,5443,4354,1089,680,,5.314863380976021,0,,dry_bean_uci,dry_bean_uci,23,23
final_development,shil,27,5445,4356,1089,680,,5.287024732213467,0,,dry_bean_uci,dry_bean_uci,23,23
final_development,shil,28,5443,4354,1089,680,,5.307942474260926,0,,dry_bean_uci,dry_bean_uci,23,23
final_development,shil,29,5445,4356,1089,680,,5.292603173758835,0,,dry_bean_uci,dry_bean_uci,23,23
final_development,shil,30,5443,4354,1089,680,,5.290697713848203,0,,dry_bean_uci,dry_bean_uci,23,23
final_development,shil,31,5445,4356,1089,680,,5.353589908219874,0,,dry_bean_uci,dry_bean_uci,23,23
final_development,shil,32,5443,4354,1089,680,,5.297040323726833,0,,dry_bean_uci,dry_bean_uci,23,23
final_development,shil,33,5445,4356,1089,680,,5.296175392810255,0,,dry_bean_uci,dry_bean_uci,23,23
final_development,shil,34,5443,4354,1089,680,,5.31878162920475,0,,dry_bean_uci,dry_bean_uci,23,23
final_development,shil,35,5445,4356,1089,680,,5.316966210957617,0,,dry_bean_uci,dry_bean_uci,23,23
final_development,shil,36,5443,4354,1089,680,,5.313797700218856,0,,dry_bean_uci,dry_bean_uci,23,23
final_development,shil,37,5445,4356,1089,680,,5.307038877159357,0,,dry_bean_uci,dry_bean_uci,23,23
final_development,shil,38,5443,4354,1089,680,,5.300078611820936,0,,dry_bean_uci,dry_bean_uci,23,23
final_development,shil,39,5445,4356,1089,680,,5.18682700721547,0,,dry_bean_uci,dry_bean_uci,23,23
tuning_train,l1,0,4081,3264,817,680,1.0,260.4592488980852,0,,dry_bean_uci,dry_bean_uci,23,23
tuning_train,l1,1,4085,3268,817,680,1.0,249.07905594911423,0,,dry_bean_uci,dry_bean_uci,23,23
tuning_train,l1,2,4081,3264,817,680,1.0,254.80197406793013,0,,dry_bean_uci,dry_bean_uci,23,23
tuning_train,l1,3,4085,3268,817,680,1.0,260.5524917668663,0,,dry_bean_uci,dry_bean_uci,23,23
tuning_train,l1,4,4081,3264,817,680,1.0,255.14671523403376,0,,dry_bean_uci,dry_bean_uci,23,23
tuning_train,l1,5,4085,3268,817,680,1.0,258.3757915510796,0,,dry_bean_uci,dry_bean_uci,23,23
tuning_train,l1,6,4081,3264,817,680,1.0,257.44759003678337,0,,dry_bean_uci,dry_bean_uci,23,23
tuning_train,l1,7,4085,3268,817,680,1.0,274.83461053296924,0,,dry_bean_uci,dry_bean_uci,23,23
tuning_train,l1,8,4081,3264,817,680,1.0,258.1278870338574,0,,dry_bean_uci,dry_bean_uci,23,23
tuning_train,l1,9,4085,3268,817,532,0.25,269.5755320270546,0,,dry_bean_uci,dry_bean_uci,23,23
tuning_train,l1,10,4081,3264,817,671,1.0,251.3509549209848,0,,dry_bean_uci,dry_bean_uci,23,23
tuning_train,l1,11,4085,3268,817,680,1.0,262.59186766203493,0,,dry_bean_uci,dry_bean_uci,23,23
tuning_train,l1,12,4081,3264,817,680,1.0,267.2282497449778,0,,dry_bean_uci,dry_bean_uci,23,23
tuning_train,l1,13,4085,3268,817,553,0.25,246.73348308401185,0,,dry_bean_uci,dry_bean_uci,23,23
tuning_train,l1,14,4081,3264,817,676,1.0,262.98696465976536,0,,dry_bean_uci,dry_bean_uci,23,23
tuning_train,l1,15,4085,3268,817,680,1.0,256.1056463881396,0,,dry_bean_uci,dry_bean_uci,23,23
tuning_train,l1,16,4081,3264,817,678,1.0,253.8290771842003,0,,dry_bean_uci,dry_bean_uci,23,23
tuning_train,l1,17,4085,3268,817,553,0.25,278.0003877747804,0,,dry_bean_uci,dry_bean_uci,23,23
tuning_train,l1,18,4081,3264,817,677,1.0,258.9186848527752,0,,dry_bean_uci,dry_bean_uci,23,23
tuning_train,l1,19,4085,3268,817,581,0.25,245.55578348087147,0,,dry_bean_uci,dry_bean_uci,23,23
tuning_train,l1,20,4081,3264,817,679,1.0,243.19963096873835,0,,dry_bean_uci,dry_bean_uci,23,23
tuning_train,l1,21,4085,3268,817,676,1.0,281.517037098296,0,,dry_bean_uci,dry_bean_uci,23,23
tuning_train,l1,22,4081,3264,817,555,0.25,254.5147078610025,0,,dry_bean_uci,dry_bean_uci,23,23
tuning_train,l1,23,4085,3268,817,680,1.0,251.2174884476699,0,,dry_bean_uci,dry_bean_uci,23,23
tuning_train,l1,24,4081,3264,817,680,1.0,242.6599905458279,0,,dry_bean_uci,dry_bean_uci,23,23
tuning_train,l1,25,4085,3268,817,680,1.0,274.33329172665253,0,,dry_bean_uci,dry_bean_uci,23,23
tuning_train,l1,26,4081,3264,817,680,1.0,274.7476471439004,0,,dry_bean_uci,dry_bean_uci,23,23
tuning_train,l1,27,4085,3268,817,680,1.0,251.24618743220344,0,,dry_bean_uci,dry_bean_uci,23,23
tuning_train,l1,28,4081,3264,817,680,1.0,259.5007011005655,0,,dry_bean_uci,dry_bean_uci,23,23
tuning_train,l1,29,4085,3268,817,680,1.0,256.921212578658,0,,dry_bean_uci,dry_bean_uci,23,23
tuning_train,l1,30,4081,3264,817,586,0.25,259.90885710390285,0,,dry_bean_uci,dry_bean_uci,23,23
tuning_train,l1,31,4085,3268,817,678,1.0,261.7996337702498,0,,dry_bean_uci,dry_bean_uci,23,23
tuning_train,l1,32,4081,3264,817,680,1.0,266.7562084281817,0,,dry_bean_uci,dry_bean_uci,23,23
tuning_train,l1,33,4085,3268,817,680,1.0,249.2019866453484,0,,dry_bean_uci,dry_bean_uci,23,23
tuning_train,l1,34,4081,3264,817,547,0.25,259.41681718220934,0,,dry_bean_uci,dry_bean_uci,23,23
tuning_train,l1,35,4085,3268,817,612,0.25,258.479810169898,0,,dry_bean_uci,dry_bean_uci,23,23
tuning_train,l1,36,4081,3264,817,680,1.0,246.1418538200669,0,,dry_bean_uci,dry_bean_uci,23,23
tuning_train,l1,37,4085,3268,817,680,1.0,270.35254512308165,0,,dry_bean_uci,dry_bean_uci,23,23
tuning_train,l1,38,4081,3264,817,679,1.0,247.3029561135918,0,,dry_bean_uci,dry_bean_uci,23,23
tuning_train,l1,39,4085,3268,817,680,1.0,255.5383345209993,0,,dry_bean_uci,dry_bean_uci,23,23
final_development,l1,0,5443,4354,1089,588,0.25,334.15088584506884,0,,dry_bean_uci,dry_bean_uci,23,23
final_development,l1,1,5445,4356,1089,680,1.0,331.94437826797366,0,,dry_bean_uci,dry_bean_uci,23,23
final_development,l1,2,5443,4354,1089,591,0.25,334.2444504802115,0,,dry_bean_uci,dry_bean_uci,23,23
final_development,l1,3,5445,4356,1089,680,1.0,323.9408708368428,0,,dry_bean_uci,dry_bean_uci,23,23
final_development,l1,4,5443,4354,1089,672,1.0,337.3831747849472,0,,dry_bean_uci,dry_bean_uci,23,23
final_development,l1,5,5445,4356,1089,676,1.0,329.17210493423045,0,,dry_bean_uci,dry_bean_uci,23,23
final_development,l1,6,5443,4354,1089,679,1.0,335.2002937309444,0,,dry_bean_uci,dry_bean_uci,23,23
final_development,l1,7,5445,4356,1089,671,1.0,322.0321364249103,0,,dry_bean_uci,dry_bean_uci,23,23
final_development,l1,8,5443,4354,1089,581,0.25,340.53840567497537,0,,dry_bean_uci,dry_bean_uci,23,23
final_development,l1,9,5445,4356,1089,601,0.25,321.6293523148633,0,,dry_bean_uci,dry_bean_uci,23,23
final_development,l1,10,5443,4354,1089,680,1.0,317.32772399205714,0,,dry_bean_uci,dry_bean_uci,23,23
final_development,l1,11,5445,4356,1089,604,0.25,335.05299907689914,0,,dry_bean_uci,dry_bean_uci,23,23
final_development,l1,12,5443,4354,1089,678,1.0,326.5227756719105,0,,dry_bean_uci,dry_bean_uci,23,23
final_development,l1,13,5445,4356,1089,680,1.0,339.06476203305647,0,,dry_bean_uci,dry_bean_uci,23,23
final_development,l1,14,5443,4354,1089,680,1.0,322.9809193396941,0,,dry_bean_uci,dry_bean_uci,23,23
final_development,l1,15,5445,4356,1089,680,1.0,331.8668478927575,0,,dry_bean_uci,dry_bean_uci,23,23
final_development,l1,16,5443,4354,1089,680,1.0,360.1316648321226,0,,dry_bean_uci,dry_bean_uci,23,23
final_development,l1,17,5445,4356,1089,670,1.0,318.27396769914776,0,,dry_bean_uci,dry_bean_uci,23,23
final_development,l1,18,5443,4354,1089,663,1.0,351.8978073350154,0,,dry_bean_uci,dry_bean_uci,23,23
final_development,l1,19,5445,4356,1089,680,1.0,327.404458316043,0,,dry_bean_uci,dry_bean_uci,23,23
final_development,l1,20,5443,4354,1089,679,1.0,320.1010583760217,0,,dry_bean_uci,dry_bean_uci,23,23
final_development,l1,21,5445,4356,1089,680,1.0,350.4057622551918,0,,dry_bean_uci,dry_bean_uci,23,23
final_development,l1,22,5443,4354,1089,680,1.0,333.7605423121713,0,,dry_bean_uci,dry_bean_uci,23,23
final_development,l1,23,5445,4356,1089,680,1.0,321.10323533415794,0,,dry_bean_uci,dry_bean_uci,23,23
final_development,l1,24,5443,4354,1089,680,1.0,330.23309087427333,0,,dry_bean_uci,dry_bean_uci,23,23
final_development,l1,25,5445,4356,1089,591,0.25,355.8736528600566,0,,dry_bean_uci,dry_bean_uci,23,23
final_development,l1,26,5443,4354,1089,680,1.0,327.3434759150259,0,,dry_bean_uci,dry_bean_uci,23,23
final_development,l1,27,5445,4356,1089,580,0.25,360.6448521493003,0,,dry_bean_uci,dry_bean_uci,23,23
final_development,l1,28,5443,4354,1089,678,1.0,353.39175607683137,0,,dry_bean_uci,dry_bean_uci,23,23
final_development,l1,29,5445,4356,1089,577,0.25,343.549732754007,0,,dry_bean_uci,dry_bean_uci,23,23
final_development,l1,30,5443,4354,1089,680,1.0,321.3543292633258,0,,dry_bean_uci,dry_bean_uci,23,23
final_development,l1,31,5445,4356,1089,554,0.25,350.58118241326883,0,,dry_bean_uci,dry_bean_uci,23,23
final_development,l1,32,5443,4354,1089,570,0.25,339.23192453570664,0,,dry_bean_uci,dry_bean_uci,23,23
final_development,l1,33,5445,4356,1089,678,1.0,346.2639550678432,0,,dry_bean_uci,dry_bean_uci,23,23
final_development,l1,34,5443,4354,1089,680,1.0,334.89614609396085,0,,dry_bean_uci,dry_bean_uci,23,23
final_development,l1,35,5445,4356,1089,680,1.0,322.0700114788488,0,,dry_bean_uci,dry_bean_uci,23,23
final_development,l1,36,5443,4354,1089,619,0.25,319.3293630280532,0,,dry_bean_uci,dry_bean_uci,23,23
final_development,l1,37,5445,4356,1089,673,1.0,357.36413228791207,0,,dry_bean_uci,dry_bean_uci,23,23
final_development,l1,38,5443,4354,1089,610,0.25,322.35612653614953,0,,dry_bean_uci,dry_bean_uci,23,23
final_development,l1,39,5445,4356,1089,674,1.0,331.29895629314706,0,,dry_bean_uci,dry_bean_uci,23,23
tuning_train,shil,0,4081,3264,817,680,,3.93509763199836,0,,dry_bean_uci,dry_bean_uci,37,37
tuning_train,shil,1,4085,3268,817,680,,4.023543015588075,0,,dry_bean_uci,dry_bean_uci,37,37
tuning_train,shil,2,4081,3264,817,680,,4.167437493335456,0,,dry_bean_uci,dry_bean_uci,37,37
tuning_train,shil,3,4085,3268,817,680,,3.798131804447621,0,,dry_bean_uci,dry_bean_uci,37,37
tuning_train,shil,4,4081,3264,817,680,,4.001138485968113,0,,dry_bean_uci,dry_bean_uci,37,37
tuning_train,shil,5,4085,3268,817,680,,4.019372524693608,0,,dry_bean_uci,dry_bean_uci,37,37
tuning_train,shil,6,4081,3264,817,680,,4.025965380948037,0,,dry_bean_uci,dry_bean_uci,37,37
tuning_train,shil,7,4085,3268,817,680,,4.039591378998011,0,,dry_bean_uci,dry_bean_uci,37,37
tuning_train,shil,8,4081,3264,817,680,,3.986616984941065,0,,dry_bean_uci,dry_bean_uci,37,37
tuning_train,shil,9,4085,3268,817,680,,3.981797659303993,0,,dry_bean_uci,dry_bean_uci,37,37
tuning_train,shil,10,4081,3264,817,680,,4.007498123683035,0,,dry_bean_uci,dry_bean_uci,37,37
tuning_train,shil,11,4085,3268,817,680,,4.016330759041011,0,,dry_bean_uci,dry_bean_uci,37,37
tuning_train,shil,12,4081,3264,817,680,,3.9704626286402345,0,,dry_bean_uci,dry_bean_uci,37,37
tuning_train,shil,13,4085,3268,817,680,,4.03811550559476,0,,dry_bean_uci,dry_bean_uci,37,37
tuning_train,shil,14,4081,3264,817,680,,3.9802845492959023,0,,dry_bean_uci,dry_bean_uci,37,37
tuning_train,shil,15,4085,3268,817,680,,3.97623911080882,0,,dry_bean_uci,dry_bean_uci,37,37
tuning_train,shil,16,4081,3264,817,680,,3.973801126237959,0,,dry_bean_uci,dry_bean_uci,37,37
tuning_train,shil,17,4085,3268,817,680,,3.971805585082621,0,,dry_bean_uci,dry_bean_uci,37,37
tuning_train,shil,18,4081,3264,817,680,,4.002166811842471,0,,dry_bean_uci,dry_bean_uci,37,37
tuning_train,shil,19,4085,3268,817,680,,4.006513807922602,0,,dry_bean_uci,dry_bean_uci,37,37
tuning_train,shil,20,4081,3264,817,680,,3.9860760630108416,0,,dry_bean_uci,dry_bean_uci,37,37
tuning_train,shil,21,4085,3268,817,680,,3.9809005740098655,0,,dry_bean_uci,dry_bean_uci,37,37
tuning_train,shil,22,4081,3264,817,680,,4.010341352317482,0,,dry_bean_uci,dry_bean_uci,37,37
tuning_train,shil,23,4085,3268,817,680,,3.9891536412760615,0,,dry_bean_uci,dry_bean_uci,37,37
tuning_train,shil,24,4081,3264,817,680,,3.9768424900248647,0,,dry_bean_uci,dry_bean_uci,37,37
tuning_train,shil,25,4085,3268,817,680,,4.002057950943708,0,,dry_bean_uci,dry_bean_uci,37,37
tuning_train,shil,26,4081,3264,817,680,,4.003955124877393,0,,dry_bean_uci,dry_bean_uci,37,37
tuning_train,shil,27,4085,3268,817,680,,4.011056065093726,0,,dry_bean_uci,dry_bean_uci,37,37
tuning_train,shil,28,4081,3264,817,680,,3.981314677745104,0,,dry_bean_uci,dry_bean_uci,37,37
tuning_train,shil,29,4085,3268,817,680,,3.320542967878282,0,,dry_bean_uci,dry_bean_uci,37,37
tuning_train,shil,30,4081,3264,817,680,,4.026091111358255,0,,dry_bean_uci,dry_bean_uci,37,37
tuning_train,shil,31,4085,3268,817,680,,3.9839426139369607,0,,dry_bean_uci,dry_bean_uci,37,37
tuning_train,shil,32,4081,3264,817,680,,4.02576646162197,0,,dry_bean_uci,dry_bean_uci,37,37
tuning_train,shil,33,4085,3268,817,680,,3.995392669923604,0,,dry_bean_uci,dry_bean_uci,37,37
tuning_train,shil,34,4081,3264,817,680,,4.002347450237721,0,,dry_bean_uci,dry_bean_uci,37,37
tuning_train,shil,35,4085,3268,817,680,,4.000549151096493,0,,dry_bean_uci,dry_bean_uci,37,37
tuning_train,shil,36,4081,3264,817,680,,3.989437489770353,0,,dry_bean_uci,dry_bean_uci,37,37
tuning_train,shil,37,4085,3268,817,680,,3.988412277773023,0,,dry_bean_uci,dry_bean_uci,37,37
tuning_train,shil,38,4081,3264,817,680,,3.9593822178430855,0,,dry_bean_uci,dry_bean_uci,37,37
tuning_train,shil,39,4085,3268,817,680,,3.945988737046719,0,,dry_bean_uci,dry_bean_uci,37,37
final_development,shil,0,5443,4354,1089,680,,5.208818458020687,0,,dry_bean_uci,dry_bean_uci,37,37
final_development,shil,1,5445,4356,1089,680,,5.31933899410069,0,,dry_bean_uci,dry_bean_uci,37,37
final_development,shil,2,5443,4354,1089,680,,5.2887394381687045,0,,dry_bean_uci,dry_bean_uci,37,37
final_development,shil,3,5445,4356,1089,680,,5.275980920996517,0,,dry_bean_uci,dry_bean_uci,37,37
final_development,shil,4,5443,4354,1089,680,,5.275549273006618,0,,dry_bean_uci,dry_bean_uci,37,37
final_development,shil,5,5445,4356,1089,680,,5.403661884833127,0,,dry_bean_uci,dry_bean_uci,37,37
final_development,shil,6,5443,4354,1089,680,,5.295436561107636,0,,dry_bean_uci,dry_bean_uci,37,37
final_development,shil,7,5445,4356,1089,680,,5.292631612159312,0,,dry_bean_uci,dry_bean_uci,37,37
final_development,shil,8,5443,4354,1089,680,,5.280529539566487,0,,dry_bean_uci,dry_bean_uci,37,37
final_development,shil,9,5445,4356,1089,680,,5.274267200846225,0,,dry_bean_uci,dry_bean_uci,37,37
final_development,shil,10,5443,4354,1089,680,,5.270431282930076,0,,dry_bean_uci,dry_bean_uci,37,37
final_development,shil,11,5445,4356,1089,680,,5.296398269943893,0,,dry_bean_uci,dry_bean_uci,37,37
final_development,shil,12,5443,4354,1089,680,,5.295336136128753,0,,dry_bean_uci,dry_bean_uci,37,37
final_development,shil,13,5445,4356,1089,680,,5.28270946117118,0,,dry_bean_uci,dry_bean_uci,37,37
final_development,shil,14,5443,4354,1089,680,,5.268246647901833,0,,dry_bean_uci,dry_bean_uci,37,37
final_development,shil,15,5445,4356,1089,680,,5.255434890743345,0,,dry_bean_uci,dry_bean_uci,37,37
final_development,shil,16,5443,4354,1089,680,,5.303680514916778,0,,dry_bean_uci,dry_bean_uci,37,37
final_development,shil,17,5445,4356,1089,680,,5.332349006086588,0,,dry_bean_uci,dry_bean_uci,37,37
final_development,shil,18,5443,4354,1089,680,,5.276823030319065,0,,dry_bean_uci,dry_bean_uci,37,37
final_development,shil,19,5445,4356,1089,680,,5.314043395686895,0,,dry_bean_uci,dry_bean_uci,37,37
final_development,shil,20,5443,4354,1089,680,,5.275824853219092,0,,dry_bean_uci,dry_bean_uci,37,37
final_development,shil,21,5445,4356,1089,680,,5.271743773948401,0,,dry_bean_uci,dry_bean_uci,37,37
final_development,shil,22,5443,4354,1089,680,,5.307470806874335,0,,dry_bean_uci,dry_bean_uci,37,37
final_development,shil,23,5445,4356,1089,680,,5.291407340671867,0,,dry_bean_uci,dry_bean_uci,37,37
final_development,shil,24,5443,4354,1089,680,,5.262599282898009,0,,dry_bean_uci,dry_bean_uci,37,37
final_development,shil,25,5445,4356,1089,680,,5.286729574203491,0,,dry_bean_uci,dry_bean_uci,37,37
final_development,shil,26,5443,4354,1089,680,,5.264581974130124,0,,dry_bean_uci,dry_bean_uci,37,37
final_development,shil,27,5445,4356,1089,680,,5.279765424784273,0,,dry_bean_uci,dry_bean_uci,37,37
final_development,shil,28,5443,4354,1089,680,,5.273795207962394,0,,dry_bean_uci,dry_bean_uci,37,37
final_development,shil,29,5445,4356,1089,680,,5.310972774866968,0,,dry_bean_uci,dry_bean_uci,37,37
final_development,shil,30,5443,4354,1089,680,,5.303409624379128,0,,dry_bean_uci,dry_bean_uci,37,37
final_development,shil,31,5445,4356,1089,680,,5.483494935091585,0,,dry_bean_uci,dry_bean_uci,37,37
final_development,shil,32,5443,4354,1089,680,,5.32440124405548,0,,dry_bean_uci,dry_bean_uci,37,37
final_development,shil,33,5445,4356,1089,680,,5.315548083279282,0,,dry_bean_uci,dry_bean_uci,37,37
final_development,shil,34,5443,4354,1089,680,,5.309230144135654,0,,dry_bean_uci,dry_bean_uci,37,37
final_development,shil,35,5445,4356,1089,680,,5.298606246244162,0,,dry_bean_uci,dry_bean_uci,37,37
final_development,shil,36,5443,4354,1089,680,,5.325155477970839,0,,dry_bean_uci,dry_bean_uci,37,37
final_development,shil,37,5445,4356,1089,680,,5.29098061285913,0,,dry_bean_uci,dry_bean_uci,37,37
final_development,shil,38,5443,4354,1089,680,,4.397879268974066,0,,dry_bean_uci,dry_bean_uci,37,37
final_development,shil,39,5445,4356,1089,680,,5.026833910960704,0,,dry_bean_uci,dry_bean_uci,37,37
tuning_train,l1,0,4081,3264,817,595,0.25,253.09065041411668,0,,dry_bean_uci,dry_bean_uci,37,37
tuning_train,l1,1,4085,3268,817,680,1.0,247.515040865168,0,,dry_bean_uci,dry_bean_uci,37,37
tuning_train,l1,2,4081,3264,817,680,1.0,259.14230129588395,0,,dry_bean_uci,dry_bean_uci,37,37
tuning_train,l1,3,4085,3268,817,675,1.0,253.21802362892777,0,,dry_bean_uci,dry_bean_uci,37,37
tuning_train,l1,4,4081,3264,817,677,1.0,251.28728006687012,0,,dry_bean_uci,dry_bean_uci,37,37
tuning_train,l1,5,4085,3268,817,676,1.0,256.6830283640884,0,,dry_bean_uci,dry_bean_uci,37,37
tuning_train,l1,6,4081,3264,817,677,1.0,265.79028914589435,0,,dry_bean_uci,dry_bean_uci,37,37
tuning_train,l1,7,4085,3268,817,676,1.0,253.4982093791477,0,,dry_bean_uci,dry_bean_uci,37,37
tuning_train,l1,8,4081,3264,817,672,1.0,253.95926702721044,0,,dry_bean_uci,dry_bean_uci,37,37
tuning_train,l1,9,4085,3268,817,680,1.0,253.7724712272175,0,,dry_bean_uci,dry_bean_uci,37,37
tuning_train,l1,10,4081,3264,817,677,1.0,254.83237914089116,0,,dry_bean_uci,dry_bean_uci,37,37
tuning_train,l1,11,4085,3268,817,680,1.0,257.9150029788725,0,,dry_bean_uci,dry_bean_uci,37,37
tuning_train,l1,12,4081,3264,817,678,1.0,249.34508025320247,0,,dry_bean_uci,dry_bean_uci,37,37
tuning_train,l1,13,4085,3268,817,678,1.0,260.9267364097759,0,,dry_bean_uci,dry_bean_uci,37,37
tuning_train,l1,14,4081,3264,817,676,1.0,248.8357049189508,0,,dry_bean_uci,dry_bean_uci,37,37
tuning_train,l1,15,4085,3268,817,567,0.25,254.54844550788405,0,,dry_bean_uci,dry_bean_uci,37,37
tuning_train,l1,16,4081,3264,817,680,1.0,255.9861805150285,0,,dry_bean_uci,dry_bean_uci,37,37
tuning_train,l1,17,4085,3268,817,678,1.0,277.10984546598047,0,,dry_bean_uci,dry_bean_uci,37,37
tuning_train,l1,18,4081,3264,817,672,1.0,252.11341590015215,0,,dry_bean_uci,dry_bean_uci,37,37
tuning_train,l1,19,4085,3268,817,674,1.0,263.1344715342857,0,,dry_bean_uci,dry_bean_uci,37,37
tuning_train,l1,20,4081,3264,817,680,1.0,251.4538297681138,0,,dry_bean_uci,dry_bean_uci,37,37
tuning_train,l1,21,4085,3268,817,680,1.0,261.7071522148326,0,,dry_bean_uci,dry_bean_uci,37,37
tuning_train,l1,22,4081,3264,817,680,1.0,250.0452050799504,0,,dry_bean_uci,dry_bean_uci,37,37
tuning_train,l1,23,4085,3268,817,679,1.0,254.86268561100587,0,,dry_bean_uci,dry_bean_uci,37,37
tuning_train,l1,24,4081,3264,817,676,1.0,251.6266036476009,0,,dry_bean_uci,dry_bean_uci,37,37
tuning_train,l1,25,4085,3268,817,677,1.0,252.3974661538377,0,,dry_bean_uci,dry_bean_uci,37,37
tuning_train,l1,26,4081,3264,817,680,1.0,249.34440834494308,0,,dry_bean_uci,dry_bean_uci,37,37
tuning_train,l1,27,4085,3268,817,570,0.25,262.7803640598431,0,,dry_bean_uci,dry_bean_uci,37,37
tuning_train,l1,28,4081,3264,817,552,0.25,252.1382387992926,0,,dry_bean_uci,dry_bean_uci,37,37
tuning_train,l1,29,4085,3268,817,678,1.0,261.25998102268204,0,,dry_bean_uci,dry_bean_uci,37,37
tuning_train,l1,30,4081,3264,817,677,1.0,263.9085871139541,0,,dry_bean_uci,dry_bean_uci,37,37
tuning_train,l1,31,4085,3268,817,675,1.0,240.9215847318992,0,,dry_bean_uci,dry_bean_uci,37,37
tuning_train,l1,32,4081,3264,817,680,1.0,256.39185615768656,0,,dry_bean_uci,dry_bean_uci,37,37
tuning_train,l1,33,4085,3268,817,679,1.0,258.1488216049038,0,,dry_bean_uci,dry_bean_uci,37,37
tuning_train,l1,34,4081,3264,817,561,0.25,254.58469011215493,0,,dry_bean_uci,dry_bean_uci,37,37
tuning_train,l1,35,4085,3268,817,680,1.0,259.4319364889525,0,,dry_bean_uci,dry_bean_uci,37,37
tuning_train,l1,36,4081,3264,817,673,1.0,279.68139750836417,0,,dry_bean_uci,dry_bean_uci,37,37
tuning_train,l1,37,4085,3268,817,668,1.0,255.3441378274001,0,,dry_bean_uci,dry_bean_uci,37,37
tuning_train,l1,38,4081,3264,817,680,1.0,251.97299438063052,0,,dry_bean_uci,dry_bean_uci,37,37
tuning_train,l1,39,4085,3268,817,670,1.0,259.8084189617075,0,,dry_bean_uci,dry_bean_uci,37,37
final_development,l1,0,5443,4354,1089,677,1.0,330.50580313568935,0,,dry_bean_uci,dry_bean_uci,37,37
final_development,l1,1,5445,4356,1089,675,1.0,334.5788936531171,0,,dry_bean_uci,dry_bean_uci,37,37
final_development,l1,2,5443,4354,1089,679,1.0,331.13437790982425,0,,dry_bean_uci,dry_bean_uci,37,37
final_development,l1,3,5445,4356,1089,565,0.25,323.93205978674814,0,,dry_bean_uci,dry_bean_uci,37,37
final_development,l1,4,5443,4354,1089,679,1.0,332.4242177968845,0,,dry_bean_uci,dry_bean_uci,37,37
final_development,l1,5,5445,4356,1089,680,1.0,333.0083872131072,0,,dry_bean_uci,dry_bean_uci,37,37
final_development,l1,6,5443,4354,1089,676,1.0,334.841743207071,0,,dry_bean_uci,dry_bean_uci,37,37
final_development,l1,7,5445,4356,1089,670,1.0,327.9437852976844,0,,dry_bean_uci,dry_bean_uci,37,37
final_development,l1,8,5443,4354,1089,680,1.0,340.61098238406703,0,,dry_bean_uci,dry_bean_uci,37,37
final_development,l1,9,5445,4356,1089,678,1.0,332.15307290805504,0,,dry_bean_uci,dry_bean_uci,37,37
final_development,l1,10,5443,4354,1089,680,1.0,326.336958209984,0,,dry_bean_uci,dry_bean_uci,37,37
final_development,l1,11,5445,4356,1089,677,1.0,335.5489134043455,0,,dry_bean_uci,dry_bean_uci,37,37
final_development,l1,12,5443,4354,1089,677,1.0,333.8241452681832,0,,dry_bean_uci,dry_bean_uci,37,37
final_development,l1,13,5445,4356,1089,614,0.25,324.84549058927223,0,,dry_bean_uci,dry_bean_uci,37,37
final_development,l1,14,5443,4354,1089,670,1.0,332.96292062615976,0,,dry_bean_uci,dry_bean_uci,37,37
final_development,l1,15,5445,4356,1089,677,1.0,331.0916562983766,0,,dry_bean_uci,dry_bean_uci,37,37
final_development,l1,16,5443,4354,1089,679,1.0,337.0901325060986,0,,dry_bean_uci,dry_bean_uci,37,37
final_development,l1,17,5445,4356,1089,678,1.0,324.02994651487097,0,,dry_bean_uci,dry_bean_uci,37,37
final_development,l1,18,5443,4354,1089,609,0.25,325.291253878735,0,,dry_bean_uci,dry_bean_uci,37,37
final_development,l1,19,5445,4356,1089,541,0.25,324.76068880595267,0,,dry_bean_uci,dry_bean_uci,37,37
final_development,l1,20,5443,4354,1089,672,1.0,341.839426536113,0,,dry_bean_uci,dry_bean_uci,37,37
final_development,l1,21,5445,4356,1089,678,1.0,332.2796024391428,0,,dry_bean_uci,dry_bean_uci,37,37
final_development,l1,22,5443,4354,1089,680,1.0,327.5119980997406,0,,dry_bean_uci,dry_bean_uci,37,37
final_development,l1,23,5445,4356,1089,680,1.0,329.1069084908813,0,,dry_bean_uci,dry_bean_uci,37,37
final_development,l1,24,5443,4354,1089,606,0.25,326.42000693921,0,,dry_bean_uci,dry_bean_uci,37,37
final_development,l1,25,5445,4356,1089,676,1.0,330.5793081102893,0,,dry_bean_uci,dry_bean_uci,37,37
final_development,l1,26,5443,4354,1089,680,1.0,324.5115542090498,0,,dry_bean_uci,dry_bean_uci,37,37
final_development,l1,27,5445,4356,1089,680,1.0,336.5110580273904,0,,dry_bean_uci,dry_bean_uci,37,37
final_development,l1,28,5443,4354,1089,677,1.0,325.84864501981065,0,,dry_bean_uci,dry_bean_uci,37,37
final_development,l1,29,5445,4356,1089,592,0.25,334.0175707200542,0,,dry_bean_uci,dry_bean_uci,37,37
final_development,l1,30,5443,4354,1089,680,1.0,322.8972313259728,0,,dry_bean_uci,dry_bean_uci,37,37
final_development,l1,31,5445,4356,1089,580,0.25,329.74254495324567,0,,dry_bean_uci,dry_bean_uci,37,37
final_development,l1,32,5443,4354,1089,594,0.25,324.2032245588489,0,,dry_bean_uci,dry_bean_uci,37,37
final_development,l1,33,5445,4356,1089,679,1.0,354.8963321289048,0,,dry_bean_uci,dry_bean_uci,37,37
final_development,l1,34,5443,4354,1089,679,1.0,323.2818711330183,0,,dry_bean_uci,dry_bean_uci,37,37
final_development,l1,35,5445,4356,1089,602,0.25,335.5501475459896,0,,dry_bean_uci,dry_bean_uci,37,37
final_development,l1,36,5443,4354,1089,680,1.0,340.6957313059829,0,,dry_bean_uci,dry_bean_uci,37,37
final_development,l1,37,5445,4356,1089,680,1.0,323.7904788190499,0,,dry_bean_uci,dry_bean_uci,37,37
final_development,l1,38,5443,4354,1089,591,0.25,326.2483547711745,0,,dry_bean_uci,dry_bean_uci,37,37
final_development,l1,39,5445,4356,1089,680,1.0,327.90057231811807,0,,dry_bean_uci,dry_bean_uci,37,37
tuning_train,shil,0,4081,3264,817,680,,3.981309489812702,0,,dry_bean_uci,dry_bean_uci,53,53
tuning_train,shil,1,4085,3268,817,680,,4.052102021872997,0,,dry_bean_uci,dry_bean_uci,53,53
tuning_train,shil,2,4081,3264,817,680,,4.001572344917804,0,,dry_bean_uci,dry_bean_uci,53,53
tuning_train,shil,3,4085,3268,817,680,,4.010256500914693,0,,dry_bean_uci,dry_bean_uci,53,53
tuning_train,shil,4,4081,3264,817,680,,4.007975201122463,0,,dry_bean_uci,dry_bean_uci,53,53
tuning_train,shil,5,4085,3268,817,680,,4.01333588687703,0,,dry_bean_uci,dry_bean_uci,53,53
tuning_train,shil,6,4081,3264,817,680,,4.059703087899834,0,,dry_bean_uci,dry_bean_uci,53,53
tuning_train,shil,7,4085,3268,817,680,,4.010730664245784,0,,dry_bean_uci,dry_bean_uci,53,53
tuning_train,shil,8,4081,3264,817,680,,3.99578985478729,0,,dry_bean_uci,dry_bean_uci,53,53
tuning_train,shil,9,4085,3268,817,680,,4.03486031293869,0,,dry_bean_uci,dry_bean_uci,53,53
tuning_train,shil,10,4081,3264,817,680,,4.0390530298464,0,,dry_bean_uci,dry_bean_uci,53,53
tuning_train,shil,11,4085,3268,817,680,,4.007421915885061,0,,dry_bean_uci,dry_bean_uci,53,53
tuning_train,shil,12,4081,3264,817,680,,3.991496578324586,0,,dry_bean_uci,dry_bean_uci,53,53
tuning_train,shil,13,4085,3268,817,680,,4.005755581893027,0,,dry_bean_uci,dry_bean_uci,53,53
tuning_train,shil,14,4081,3264,817,680,,4.032356972340494,0,,dry_bean_uci,dry_bean_uci,53,53
tuning_train,shil,15,4085,3268,817,680,,4.01078918389976,0,,dry_bean_uci,dry_bean_uci,53,53
tuning_train,shil,16,4081,3264,817,680,,4.043957872316241,0,,dry_bean_uci,dry_bean_uci,53,53
tuning_train,shil,17,4085,3268,817,680,,4.010889385361224,0,,dry_bean_uci,dry_bean_uci,53,53
tuning_train,shil,18,4081,3264,817,680,,4.050039083696902,0,,dry_bean_uci,dry_bean_uci,53,53
tuning_train,shil,19,4085,3268,817,680,,4.010361941065639,0,,dry_bean_uci,dry_bean_uci,53,53
tuning_train,shil,20,4081,3264,817,680,,3.971196683123708,0,,dry_bean_uci,dry_bean_uci,53,53
tuning_train,shil,21,4085,3268,817,680,,4.043611309025437,0,,dry_bean_uci,dry_bean_uci,53,53
tuning_train,shil,22,4081,3264,817,680,,3.978777148295194,0,,dry_bean_uci,dry_bean_uci,53,53
tuning_train,shil,23,4085,3268,817,680,,3.987453382927925,0,,dry_bean_uci,dry_bean_uci,53,53
tuning_train,shil,24,4081,3264,817,680,,3.979482514318079,0,,dry_bean_uci,dry_bean_uci,53,53
tuning_train,shil,25,4085,3268,817,680,,3.99185194214806,0,,dry_bean_uci,dry_bean_uci,53,53
tuning_train,shil,26,4081,3264,817,680,,4.013719209935516,0,,dry_bean_uci,dry_bean_uci,53,53
tuning_train,shil,27,4085,3268,817,680,,3.973668423946947,0,,dry_bean_uci,dry_bean_uci,53,53
tuning_train,shil,28,4081,3264,817,680,,3.9641383020207286,0,,dry_bean_uci,dry_bean_uci,53,53
tuning_train,shil,29,4085,3268,817,680,,4.009505732916296,0,,dry_bean_uci,dry_bean_uci,53,53
tuning_train,shil,30,4081,3264,817,680,,4.06680754898116,0,,dry_bean_uci,dry_bean_uci,53,53
tuning_train,shil,31,4085,3268,817,680,,4.000413015950471,0,,dry_bean_uci,dry_bean_uci,53,53
tuning_train,shil,32,4081,3264,817,680,,1.6684366199187934,0,,dry_bean_uci,dry_bean_uci,53,53
tuning_train,shil,33,4085,3268,817,680,,3.97513327607885,0,,dry_bean_uci,dry_bean_uci,53,53
tuning_train,shil,34,4081,3264,817,680,,3.9946373659186074,0,,dry_bean_uci,dry_bean_uci,53,53
tuning_train,shil,35,4085,3268,817,680,,3.971170961856842,0,,dry_bean_uci,dry_bean_uci,53,53
tuning_train,shil,36,4081,3264,817,680,,4.013502529356629,0,,dry_bean_uci,dry_bean_uci,53,53
tuning_train,shil,37,4085,3268,817,680,,4.015327984001488,0,,dry_bean_uci,dry_bean_uci,53,53
tuning_train,shil,38,4081,3264,817,680,,3.969061465002597,0,,dry_bean_uci,dry_bean_uci,53,53
tuning_train,shil,39,4085,3268,817,680,,3.922594382893294,0,,dry_bean_uci,dry_bean_uci,53,53
final_development,shil,0,5443,4354,1089,680,,5.282881579827517,0,,dry_bean_uci,dry_bean_uci,53,53
final_development,shil,1,5445,4356,1089,680,,5.302356588188559,0,,dry_bean_uci,dry_bean_uci,53,53
final_development,shil,2,5443,4354,1089,680,,5.27963411109522,0,,dry_bean_uci,dry_bean_uci,53,53
final_development,shil,3,5445,4356,1089,680,,5.247645754832774,0,,dry_bean_uci,dry_bean_uci,53,53
final_development,shil,4,5443,4354,1089,680,,5.345542720984668,0,,dry_bean_uci,dry_bean_uci,53,53
final_development,shil,5,5445,4356,1089,680,,5.282601656857878,0,,dry_bean_uci,dry_bean_uci,53,53
final_development,shil,6,5443,4354,1089,680,,5.2952989670448005,0,,dry_bean_uci,dry_bean_uci,53,53
final_development,shil,7,5445,4356,1089,680,,5.28757761977613,0,,dry_bean_uci,dry_bean_uci,53,53
final_development,shil,8,5443,4354,1089,680,,5.337047768291086,0,,dry_bean_uci,dry_bean_uci,53,53
final_development,shil,9,5445,4356,1089,680,,5.253365763928741,0,,dry_bean_uci,dry_bean_uci,53,53
final_development,shil,10,5443,4354,1089,680,,5.282725417986512,0,,dry_bean_uci,dry_bean_uci,53,53
final_development,shil,11,5445,4356,1089,680,,5.264099778141826,0,,dry_bean_uci,dry_bean_uci,53,53
final_development,shil,12,5443,4354,1089,680,,5.261539955157787,0,,dry_bean_uci,dry_bean_uci,53,53
final_development,shil,13,5445,4356,1089,680,,5.259922822006047,0,,dry_bean_uci,dry_bean_uci,53,53
final_development,shil,14,5443,4354,1089,680,,5.279355829115957,0,,dry_bean_uci,dry_bean_uci,53,53
final_development,shil,15,5445,4356,1089,680,,5.29795690998435,0,,dry_bean_uci,dry_bean_uci,53,53
final_development,shil,16,5443,4354,1089,680,,5.2553376611322165,0,,dry_bean_uci,dry_bean_uci,53,53
final_development,shil,17,5445,4356,1089,680,,5.280758081004024,0,,dry_bean_uci,dry_bean_uci,53,53
final_development,shil,18,5443,4354,1089,680,,5.257100715767592,0,,dry_bean_uci,dry_bean_uci,53,53
final_development,shil,19,5445,4356,1089,680,,5.301825942937285,0,,dry_bean_uci,dry_bean_uci,53,53
final_development,shil,20,5443,4354,1089,680,,5.325339465867728,0,,dry_bean_uci,dry_bean_uci,53,53
final_development,shil,21,5445,4356,1089,680,,5.276879847981036,0,,dry_bean_uci,dry_bean_uci,53,53
final_development,shil,22,5443,4354,1089,680,,5.259975742083043,0,,dry_bean_uci,dry_bean_uci,53,53
final_development,shil,23,5445,4356,1089,680,,5.245417176280171,0,,dry_bean_uci,dry_bean_uci,53,53
final_development,shil,24,5443,4354,1089,680,,5.306226142216474,0,,dry_bean_uci,dry_bean_uci,53,53
final_development,shil,25,5445,4356,1089,680,,5.239701565820724,0,,dry_bean_uci,dry_bean_uci,53,53
final_development,shil,26,5443,4354,1089,680,,5.3118613101542,0,,dry_bean_uci,dry_bean_uci,53,53
final_development,shil,27,5445,4356,1089,680,,5.295649889856577,0,,dry_bean_uci,dry_bean_uci,53,53
final_development,shil,28,5443,4354,1089,680,,5.255843385122716,0,,dry_bean_uci,dry_bean_uci,53,53
final_development,shil,29,5445,4356,1089,680,,5.271885005291551,0,,dry_bean_uci,dry_bean_uci,53,53
final_development,shil,30,5443,4354,1089,680,,5.270829236134887,0,,dry_bean_uci,dry_bean_uci,53,53
final_development,shil,31,5445,4356,1089,680,,5.2859862060286105,0,,dry_bean_uci,dry_bean_uci,53,53
final_development,shil,32,5443,4354,1089,680,,5.289297955110669,0,,dry_bean_uci,dry_bean_uci,53,53
final_development,shil,33,5445,4356,1089,680,,5.292649463284761,0,,dry_bean_uci,dry_bean_uci,53,53
final_development,shil,34,5443,4354,1089,680,,5.277723134960979,0,,dry_bean_uci,dry_bean_uci,53,53
final_development,shil,35,5445,4356,1089,680,,5.387298202142119,0,,dry_bean_uci,dry_bean_uci,53,53
final_development,shil,36,5443,4354,1089,680,,5.336126280017197,0,,dry_bean_uci,dry_bean_uci,53,53
final_development,shil,37,5445,4356,1089,680,,5.268595295958221,0,,dry_bean_uci,dry_bean_uci,53,53
final_development,shil,38,5443,4354,1089,680,,5.258786370977759,0,,dry_bean_uci,dry_bean_uci,53,53
final_development,shil,39,5445,4356,1089,680,,5.107212180737406,0,,dry_bean_uci,dry_bean_uci,53,53
tuning_train,l1,0,4081,3264,817,560,0.25,255.13222928484905,0,,dry_bean_uci,dry_bean_uci,53,53
tuning_train,l1,1,4085,3268,817,680,1.0,258.74406058155,0,,dry_bean_uci,dry_bean_uci,53,53
tuning_train,l1,2,4081,3264,817,677,1.0,265.7824569726363,0,,dry_bean_uci,dry_bean_uci,53,53
tuning_train,l1,3,4085,3268,817,678,1.0,257.3648399808444,0,,dry_bean_uci,dry_bean_uci,53,53
tuning_train,l1,4,4081,3264,817,525,0.25,271.7080434681848,0,,dry_bean_uci,dry_bean_uci,53,53
tuning_train,l1,5,4085,3268,817,588,0.25,249.8906614622101,0,,dry_bean_uci,dry_bean_uci,53,53
tuning_train,l1,6,4081,3264,817,580,0.25,267.74943393375725,0,,dry_bean_uci,dry_bean_uci,53,53
tuning_train,l1,7,4085,3268,817,541,0.25,272.1318448511884,0,,dry_bean_uci,dry_bean_uci,53,53
tuning_train,l1,8,4081,3264,817,670,1.0,250.09486582735556,0,,dry_bean_uci,dry_bean_uci,53,53
tuning_train,l1,9,4085,3268,817,678,1.0,264.8387144957669,0,,dry_bean_uci,dry_bean_uci,53,53
tuning_train,l1,10,4081,3264,817,589,0.25,251.74508912907916,0,,dry_bean_uci,dry_bean_uci,53,53
tuning_train,l1,11,4085,3268,817,679,1.0,238.9007951184176,0,,dry_bean_uci,dry_bean_uci,53,53
tuning_train,l1,12,4081,3264,817,680,1.0,258.7944877361879,0,,dry_bean_uci,dry_bean_uci,53,53
tuning_train,l1,13,4085,3268,817,679,1.0,282.2923729866743,0,,dry_bean_uci,dry_bean_uci,53,53
tuning_train,l1,14,4081,3264,817,678,1.0,245.3393867649138,0,,dry_bean_uci,dry_bean_uci,53,53
tuning_train,l1,15,4085,3268,817,680,1.0,265.5842617000453,0,,dry_bean_uci,dry_bean_uci,53,53
tuning_train,l1,16,4081,3264,817,680,1.0,254.57271788828075,0,,dry_bean_uci,dry_bean_uci,53,53
tuning_train,l1,17,4085,3268,817,680,1.0,256.23563502077013,0,,dry_bean_uci,dry_bean_uci,53,53
tuning_train,l1,18,4081,3264,817,678,1.0,253.8725228770636,0,,dry_bean_uci,dry_bean_uci,53,53
tuning_train,l1,19,4085,3268,817,680,1.0,259.8833043468185,0,,dry_bean_uci,dry_bean_uci,53,53
tuning_train,l1,20,4081,3264,817,680,1.0,256.2435451690108,0,,dry_bean_uci,dry_bean_uci,53,53
tuning_train,l1,21,4085,3268,817,678,1.0,270.30723836133257,0,,dry_bean_uci,dry_bean_uci,53,53
tuning_train,l1,22,4081,3264,817,680,1.0,265.97041603690013,0,,dry_bean_uci,dry_bean_uci,53,53
tuning_train,l1,23,4085,3268,817,609,0.25,257.9140251670033,0,,dry_bean_uci,dry_bean_uci,53,53
tuning_train,l1,24,4081,3264,817,680,1.0,257.7390226358548,0,,dry_bean_uci,dry_bean_uci,53,53
tuning_train,l1,25,4085,3268,817,680,1.0,280.1390722631477,0,,dry_bean_uci,dry_bean_uci,53,53
tuning_train,l1,26,4081,3264,817,679,1.0,261.83968742005527,0,,dry_bean_uci,dry_bean_uci,53,53
tuning_train,l1,27,4085,3268,817,680,1.0,254.028650698252,0,,dry_bean_uci,dry_bean_uci,53,53
tuning_train,l1,28,4081,3264,817,595,0.25,247.2621992439963,0,,dry_bean_uci,dry_bean_uci,53,53
tuning_train,l1,29,4085,3268,817,680,1.0,263.8190020271577,0,,dry_bean_uci,dry_bean_uci,53,53
tuning_train,l1,30,4081,3264,817,620,0.25,256.42971906811,0,,dry_bean_uci,dry_bean_uci,53,53
tuning_train,l1,31,4085,3268,817,548,0.25,248.4668990522623,0,,dry_bean_uci,dry_bean_uci,53,53
tuning_train,l1,32,4081,3264,817,678,1.0,250.58173731109127,0,,dry_bean_uci,dry_bean_uci,53,53
tuning_train,l1,33,4085,3268,817,606,0.25,260.2334229252301,0,,dry_bean_uci,dry_bean_uci,53,53
tuning_train,l1,34,4081,3264,817,587,0.25,252.89918724400923,0,,dry_bean_uci,dry_bean_uci,53,53
tuning_train,l1,35,4085,3268,817,583,0.25,248.40907988511023,0,,dry_bean_uci,dry_bean_uci,53,53
tuning_train,l1,36,4081,3264,817,679,1.0,270.9642001930624,0,,dry_bean_uci,dry_bean_uci,53,53
tuning_train,l1,37,4085,3268,817,678,1.0,261.2131094229408,0,,dry_bean_uci,dry_bean_uci,53,53
tuning_train,l1,38,4081,3264,817,679,1.0,253.73417963599783,0,,dry_bean_uci,dry_bean_uci,53,53
tuning_train,l1,39,4085,3268,817,679,1.0,266.01094254106283,0,,dry_bean_uci,dry_bean_uci,53,53
final_development,l1,0,5443,4354,1089,680,1.0,334.2845610659569,0,,dry_bean_uci,dry_bean_uci,53,53
final_development,l1,1,5445,4356,1089,595,0.25,343.3345108339563,0,,dry_bean_uci,dry_bean_uci,53,53
final_development,l1,2,5443,4354,1089,617,0.25,329.9586183158681,0,,dry_bean_uci,dry_bean_uci,53,53
final_development,l1,3,5445,4356,1089,677,1.0,358.3422153759748,0,,dry_bean_uci,dry_bean_uci,53,53
final_development,l1,4,5443,4354,1089,592,0.25,339.9367619082332,0,,dry_bean_uci,dry_bean_uci,53,53
final_development,l1,5,5445,4356,1089,679,1.0,363.1649840697646,0,,dry_bean_uci,dry_bean_uci,53,53
final_development,l1,6,5443,4354,1089,576,0.25,324.41131973732263,0,,dry_bean_uci,dry_bean_uci,53,53
final_development,l1,7,5445,4356,1089,678,1.0,319.3445327328518,0,,dry_bean_uci,dry_bean_uci,53,53
final_development,l1,8,5443,4354,1089,675,1.0,318.85422060638666,0,,dry_bean_uci,dry_bean_uci,53,53
final_development,l1,9,5445,4356,1089,607,0.25,336.5342082711868,0,,dry_bean_uci,dry_bean_uci,53,53
final_development,l1,10,5443,4354,1089,678,1.0,321.8548360452987,0,,dry_bean_uci,dry_bean_uci,53,53
final_development,l1,11,5445,4356,1089,680,1.0,323.4155041999184,0,,dry_bean_uci,dry_bean_uci,53,53
final_development,l1,12,5443,4354,1089,600,0.25,340.4005709188059,0,,dry_bean_uci,dry_bean_uci,53,53
final_development,l1,13,5445,4356,1089,680,1.0,316.6256191255525,0,,dry_bean_uci,dry_bean_uci,53,53
final_development,l1,14,5443,4354,1089,679,1.0,320.19099313998595,0,,dry_bean_uci,dry_bean_uci,53,53
final_development,l1,15,5445,4356,1089,669,1.0,339.93811763310805,0,,dry_bean_uci,dry_bean_uci,53,53
final_development,l1,16,5443,4354,1089,680,1.0,325.9298139670864,0,,dry_bean_uci,dry_bean_uci,53,53
final_development,l1,17,5445,4356,1089,594,0.25,329.9745604181662,0,,dry_bean_uci,dry_bean_uci,53,53
final_development,l1,18,5443,4354,1089,674,1.0,330.5763777429238,0,,dry_bean_uci,dry_bean_uci,53,53
final_development,l1,19,5445,4356,1089,562,0.25,343.20283064292744,0,,dry_bean_uci,dry_bean_uci,53,53
final_development,l1,20,5443,4354,1089,575,0.25,327.83539175614715,0,,dry_bean_uci,dry_bean_uci,53,53
final_development,l1,21,5445,4356,1089,670,1.0,357.76180053083226,0,,dry_bean_uci,dry_bean_uci,53,53
final_development,l1,22,5443,4354,1089,680,1.0,337.98531110491604,0,,dry_bean_uci,dry_bean_uci,53,53
final_development,l1,23,5445,4356,1089,680,1.0,324.60821204725653,0,,dry_bean_uci,dry_bean_uci,53,53
final_development,l1,24,5443,4354,1089,680,1.0,333.56861709291115,0,,dry_bean_uci,dry_bean_uci,53,53
final_development,l1,25,5445,4356,1089,680,1.0,325.5109472810291,0,,dry_bean_uci,dry_bean_uci,53,53
final_development,l1,26,5443,4354,1089,572,0.25,322.47398630715907,0,,dry_bean_uci,dry_bean_uci,53,53
final_development,l1,27,5445,4356,1089,679,1.0,325.6353891878389,0,,dry_bean_uci,dry_bean_uci,53,53
final_development,l1,28,5443,4354,1089,680,1.0,327.27939015300944,0,,dry_bean_uci,dry_bean_uci,53,53
final_development,l1,29,5445,4356,1089,680,1.0,329.7269392325543,0,,dry_bean_uci,dry_bean_uci,53,53
final_development,l1,30,5443,4354,1089,659,1.0,324.11535429582,0,,dry_bean_uci,dry_bean_uci,53,53
final_development,l1,31,5445,4356,1089,680,1.0,328.5248510660604,0,,dry_bean_uci,dry_bean_uci,53,53
final_development,l1,32,5443,4354,1089,537,0.25,339.2614114372991,0,,dry_bean_uci,dry_bean_uci,53,53
final_development,l1,33,5445,4356,1089,680,1.0,324.9981083869934,0,,dry_bean_uci,dry_bean_uci,53,53
final_development,l1,34,5443,4354,1089,674,1.0,326.8891687300056,0,,dry_bean_uci,dry_bean_uci,53,53
final_development,l1,35,5445,4356,1089,601,0.25,323.39807923464105,0,,dry_bean_uci,dry_bean_uci,53,53
final_development,l1,36,5443,4354,1089,680,1.0,324.6360707539134,0,,dry_bean_uci,dry_bean_uci,53,53
final_development,l1,37,5445,4356,1089,680,1.0,325.784193190746,0,,dry_bean_uci,dry_bean_uci,53,53
final_development,l1,38,5443,4354,1089,575,0.25,322.61606289539486,0,,dry_bean_uci,dry_bean_uci,53,53
final_development,l1,39,5445,4356,1089,669,1.0,322.81455165334046,0,,dry_bean_uci,dry_bean_uci,53,53
tuning_train,shil,0,4081,3264,817,680,,4.016521834768355,0,,dry_bean_uci,dry_bean_uci,71,71
tuning_train,shil,1,4085,3268,817,680,,3.998186395969242,0,,dry_bean_uci,dry_bean_uci,71,71
tuning_train,shil,2,4081,3264,817,680,,3.987603503745049,0,,dry_bean_uci,dry_bean_uci,71,71
tuning_train,shil,3,4085,3268,817,680,,3.995876135770232,0,,dry_bean_uci,dry_bean_uci,71,71
tuning_train,shil,4,4081,3264,817,680,,3.9878013068810105,0,,dry_bean_uci,dry_bean_uci,71,71
tuning_train,shil,5,4085,3268,817,680,,3.9787473478354514,0,,dry_bean_uci,dry_bean_uci,71,71
tuning_train,shil,6,4081,3264,817,680,,4.04470831900835,0,,dry_bean_uci,dry_bean_uci,71,71
tuning_train,shil,7,4085,3268,817,680,,3.987403342034668,0,,dry_bean_uci,dry_bean_uci,71,71
tuning_train,shil,8,4081,3264,817,680,,3.957035201136023,0,,dry_bean_uci,dry_bean_uci,71,71
tuning_train,shil,9,4085,3268,817,680,,3.975602241232991,0,,dry_bean_uci,dry_bean_uci,71,71
tuning_train,shil,10,4081,3264,817,680,,3.987426183186472,0,,dry_bean_uci,dry_bean_uci,71,71
tuning_train,shil,11,4085,3268,817,680,,3.977660578675568,0,,dry_bean_uci,dry_bean_uci,71,71
tuning_train,shil,12,4081,3264,817,680,,4.137380759231746,0,,dry_bean_uci,dry_bean_uci,71,71
tuning_train,shil,13,4085,3268,817,680,,1.893353724386543,0,,dry_bean_uci,dry_bean_uci,71,71
tuning_train,shil,14,4081,3264,817,680,,3.9698878307826817,0,,dry_bean_uci,dry_bean_uci,71,71
tuning_train,shil,15,4085,3268,817,680,,3.9923521862365305,0,,dry_bean_uci,dry_bean_uci,71,71
tuning_train,shil,16,4081,3264,817,680,,3.443311719689518,0,,dry_bean_uci,dry_bean_uci,71,71
tuning_train,shil,17,4085,3268,817,680,,3.958656735252589,0,,dry_bean_uci,dry_bean_uci,71,71
tuning_train,shil,18,4081,3264,817,680,,3.958592693787068,0,,dry_bean_uci,dry_bean_uci,71,71
tuning_train,shil,19,4085,3268,817,680,,3.968301698099822,0,,dry_bean_uci,dry_bean_uci,71,71
tuning_train,shil,20,4081,3264,817,680,,3.996718542650342,0,,dry_bean_uci,dry_bean_uci,71,71
tuning_train,shil,21,4085,3268,817,680,,2.5522607788443565,0,,dry_bean_uci,dry_bean_uci,71,71
tuning_train,shil,22,4081,3264,817,680,,4.006075025070459,0,,dry_bean_uci,dry_bean_uci,71,71
tuning_train,shil,23,4085,3268,817,680,,3.981808813754469,0,,dry_bean_uci,dry_bean_uci,71,71
tuning_train,shil,24,4081,3264,817,680,,3.9557836689054966,0,,dry_bean_uci,dry_bean_uci,71,71
tuning_train,shil,25,4085,3268,817,680,,3.956841638777405,0,,dry_bean_uci,dry_bean_uci,71,71
tuning_train,shil,26,4081,3264,817,680,,3.953246486838907,0,,dry_bean_uci,dry_bean_uci,71,71
tuning_train,shil,27,4085,3268,817,680,,3.97361426288262,0,,dry_bean_uci,dry_bean_uci,71,71
tuning_train,shil,28,4081,3264,817,680,,3.9693872667849055,0,,dry_bean_uci,dry_bean_uci,71,71
tuning_train,shil,29,4085,3268,817,680,,3.950598705094308,0,,dry_bean_uci,dry_bean_uci,71,71
tuning_train,shil,30,4081,3264,817,680,,3.951828154735267,0,,dry_bean_uci,dry_bean_uci,71,71
tuning_train,shil,31,4085,3268,817,680,,3.9645949858240783,0,,dry_bean_uci,dry_bean_uci,71,71
tuning_train,shil,32,4081,3264,817,680,,3.948269604239613,0,,dry_bean_uci,dry_bean_uci,71,71
tuning_train,shil,33,4085,3268,817,680,,3.956116713117808,0,,dry_bean_uci,dry_bean_uci,71,71
tuning_train,shil,34,4081,3264,817,680,,3.966613322962076,0,,dry_bean_uci,dry_bean_uci,71,71
tuning_train,shil,35,4085,3268,817,680,,3.999740529805422,0,,dry_bean_uci,dry_bean_uci,71,71
tuning_train,shil,36,4081,3264,817,680,,3.94541893992573,0,,dry_bean_uci,dry_bean_uci,71,71
tuning_train,shil,37,4085,3268,817,680,,3.9881988698616624,0,,dry_bean_uci,dry_bean_uci,71,71
tuning_train,shil,38,4081,3264,817,680,,3.9857791690155855,0,,dry_bean_uci,dry_bean_uci,71,71
tuning_train,shil,39,4085,3268,817,680,,3.952301840297878,0,,dry_bean_uci,dry_bean_uci,71,71
final_development,shil,0,5443,4354,1089,680,,5.131734553258866,0,,dry_bean_uci,dry_bean_uci,71,71
final_development,shil,1,5445,4356,1089,680,,5.105591407977045,0,,dry_bean_uci,dry_bean_uci,71,71
final_development,shil,2,5443,4354,1089,680,,5.13812072807923,0,,dry_bean_uci,dry_bean_uci,71,71
final_development,shil,3,5445,4356,1089,680,,5.099120710976422,0,,dry_bean_uci,dry_bean_uci,71,71
final_development,shil,4,5443,4354,1089,680,,5.107877387199551,0,,dry_bean_uci,dry_bean_uci,71,71
final_development,shil,5,5445,4356,1089,680,,5.118047835305333,0,,dry_bean_uci,dry_bean_uci,71,71
final_development,shil,6,5443,4354,1089,680,,5.137429723050445,0,,dry_bean_uci,dry_bean_uci,71,71
final_development,shil,7,5445,4356,1089,680,,5.146581961773336,0,,dry_bean_uci,dry_bean_uci,71,71
final_development,shil,8,5443,4354,1089,680,,5.128846568055451,0,,dry_bean_uci,dry_bean_uci,71,71
final_development,shil,9,5445,4356,1089,680,,5.149605666752905,0,,dry_bean_uci,dry_bean_uci,71,71
final_development,shil,10,5443,4354,1089,680,,5.170267725829035,0,,dry_bean_uci,dry_bean_uci,71,71
final_development,shil,11,5445,4356,1089,680,,5.145404710900039,0,,dry_bean_uci,dry_bean_uci,71,71
final_development,shil,12,5443,4354,1089,680,,5.140897871926427,0,,dry_bean_uci,dry_bean_uci,71,71
final_development,shil,13,5445,4356,1089,680,,5.116642863024026,0,,dry_bean_uci,dry_bean_uci,71,71
final_development,shil,14,5443,4354,1089,680,,5.113324273843318,0,,dry_bean_uci,dry_bean_uci,71,71
final_development,shil,15,5445,4356,1089,680,,5.1210823408328,0,,dry_bean_uci,dry_bean_uci,71,71
final_development,shil,16,5443,4354,1089,680,,5.150663316715509,0,,dry_bean_uci,dry_bean_uci,71,71
final_development,shil,17,5445,4356,1089,680,,5.101580892223865,0,,dry_bean_uci,dry_bean_uci,71,71
final_development,shil,18,5443,4354,1089,680,,5.115744974929839,0,,dry_bean_uci,dry_bean_uci,71,71
final_development,shil,19,5445,4356,1089,680,,5.131131308153272,0,,dry_bean_uci,dry_bean_uci,71,71
final_development,shil,20,5443,4354,1089,680,,5.112105182837695,0,,dry_bean_uci,dry_bean_uci,71,71
final_development,shil,21,5445,4356,1089,680,,5.1870939917862415,0,,dry_bean_uci,dry_bean_uci,71,71
final_development,shil,22,5443,4354,1089,680,,5.148595299106091,0,,dry_bean_uci,dry_bean_uci,71,71
final_development,shil,23,5445,4356,1089,680,,5.114218161907047,0,,dry_bean_uci,dry_bean_uci,71,71
final_development,shil,24,5443,4354,1089,680,,5.1543455477803946,0,,dry_bean_uci,dry_bean_uci,71,71
final_development,shil,25,5445,4356,1089,680,,5.154299748130143,0,,dry_bean_uci,dry_bean_uci,71,71
final_development,shil,26,5443,4354,1089,680,,5.108417671173811,0,,dry_bean_uci,dry_bean_uci,71,71
final_development,shil,27,5445,4356,1089,680,,5.119546127971262,0,,dry_bean_uci,dry_bean_uci,71,71
final_development,shil,28,5443,4354,1089,680,,5.149785788729787,0,,dry_bean_uci,dry_bean_uci,71,71
final_development,shil,29,5445,4356,1089,680,,5.126763389911503,0,,dry_bean_uci,dry_bean_uci,71,71
final_development,shil,30,5443,4354,1089,680,,5.125063174869865,0,,dry_bean_uci,dry_bean_uci,71,71
final_development,shil,31,5445,4356,1089,680,,5.131309709046036,0,,dry_bean_uci,dry_bean_uci,71,71
final_development,shil,32,5443,4354,1089,680,,5.155164435040206,0,,dry_bean_uci,dry_bean_uci,71,71
final_development,shil,33,5445,4356,1089,680,,5.117170907091349,0,,dry_bean_uci,dry_bean_uci,71,71
final_development,shil,34,5443,4354,1089,680,,5.150899079162628,0,,dry_bean_uci,dry_bean_uci,71,71
final_development,shil,35,5445,4356,1089,680,,5.158255582675338,0,,dry_bean_uci,dry_bean_uci,71,71
final_development,shil,36,5443,4354,1089,680,,5.160511962138116,0,,dry_bean_uci,dry_bean_uci,71,71
final_development,shil,37,5445,4356,1089,680,,5.242520670872182,0,,dry_bean_uci,dry_bean_uci,71,71
final_development,shil,38,5443,4354,1089,680,,5.171269174665213,0,,dry_bean_uci,dry_bean_uci,71,71
final_development,shil,39,5445,4356,1089,680,,5.147234566975385,0,,dry_bean_uci,dry_bean_uci,71,71
tuning_train,l1,0,4081,3264,817,680,1.0,260.4736892911605,0,,dry_bean_uci,dry_bean_uci,71,71
tuning_train,l1,1,4085,3268,817,570,0.25,251.86624997667968,0,,dry_bean_uci,dry_bean_uci,71,71
tuning_train,l1,2,4081,3264,817,679,1.0,256.1388168237172,0,,dry_bean_uci,dry_bean_uci,71,71
tuning_train,l1,3,4085,3268,817,580,0.25,260.11488706897944,0,,dry_bean_uci,dry_bean_uci,71,71
tuning_train,l1,4,4081,3264,817,676,1.0,257.0776257789694,0,,dry_bean_uci,dry_bean_uci,71,71
tuning_train,l1,5,4085,3268,817,680,1.0,254.09444535477087,0,,dry_bean_uci,dry_bean_uci,71,71
tuning_train,l1,6,4081,3264,817,680,1.0,245.9803681061603,0,,dry_bean_uci,dry_bean_uci,71,71
tuning_train,l1,7,4085,3268,817,590,0.25,274.29268580582,0,,dry_bean_uci,dry_bean_uci,71,71
tuning_train,l1,8,4081,3264,817,571,0.25,273.9655286977068,0,,dry_bean_uci,dry_bean_uci,71,71
tuning_train,l1,9,4085,3268,817,680,1.0,259.4004274541512,0,,dry_bean_uci,dry_bean_uci,71,71
tuning_train,l1,10,4081,3264,817,603,0.25,253.93629258824512,0,,dry_bean_uci,dry_bean_uci,71,71
tuning_train,l1,11,4085,3268,817,680,1.0,267.15200336975977,0,,dry_bean_uci,dry_bean_uci,71,71
tuning_train,l1,12,4081,3264,817,679,1.0,262.78848845604807,0,,dry_bean_uci,dry_bean_uci,71,71
tuning_train,l1,13,4085,3268,817,663,1.0,247.6457246989012,0,,dry_bean_uci,dry_bean_uci,71,71
tuning_train,l1,14,4081,3264,817,552,0.25,257.0562067530118,0,,dry_bean_uci,dry_bean_uci,71,71
tuning_train,l1,15,4085,3268,817,674,1.0,274.48452222393826,0,,dry_bean_uci,dry_bean_uci,71,71
tuning_train,l1,16,4081,3264,817,678,1.0,250.6626701336354,0,,dry_bean_uci,dry_bean_uci,71,71
tuning_train,l1,17,4085,3268,817,680,1.0,260.74592356197536,0,,dry_bean_uci,dry_bean_uci,71,71
tuning_train,l1,18,4081,3264,817,679,1.0,257.4152456959709,0,,dry_bean_uci,dry_bean_uci,71,71
tuning_train,l1,19,4085,3268,817,680,1.0,268.0949707599357,0,,dry_bean_uci,dry_bean_uci,71,71
tuning_train,l1,20,4081,3264,817,677,1.0,256.6555146491155,0,,dry_bean_uci,dry_bean_uci,71,71
tuning_train,l1,21,4085,3268,817,677,1.0,273.5019623716362,0,,dry_bean_uci,dry_bean_uci,71,71
tuning_train,l1,22,4081,3264,817,566,0.25,259.82682713866234,0,,dry_bean_uci,dry_bean_uci,71,71
tuning_train,l1,23,4085,3268,817,680,1.0,258.3437383612618,0,,dry_bean_uci,dry_bean_uci,71,71
tuning_train,l1,24,4081,3264,817,680,1.0,267.8544016741216,0,,dry_bean_uci,dry_bean_uci,71,71
tuning_train,l1,25,4085,3268,817,680,1.0,250.9199249879457,0,,dry_bean_uci,dry_bean_uci,71,71
tuning_train,l1,26,4081,3264,817,582,0.25,256.0455030631274,0,,dry_bean_uci,dry_bean_uci,71,71
tuning_train,l1,27,4085,3268,817,680,1.0,259.25905400794,0,,dry_bean_uci,dry_bean_uci,71,71
tuning_train,l1,28,4081,3264,817,575,0.25,254.11464028758928,0,,dry_bean_uci,dry_bean_uci,71,71
tuning_train,l1,29,4085,3268,817,680,1.0,257.5931467330083,0,,dry_bean_uci,dry_bean_uci,71,71
tuning_train,l1,30,4081,3264,817,679,1.0,256.2566200308502,0,,dry_bean_uci,dry_bean_uci,71,71
tuning_train,l1,31,4085,3268,817,605,0.25,252.7924030600116,0,,dry_bean_uci,dry_bean_uci,71,71
tuning_train,l1,32,4081,3264,817,680,1.0,269.0284824031405,0,,dry_bean_uci,dry_bean_uci,71,71
tuning_train,l1,33,4085,3268,817,560,0.25,255.98421703465283,0,,dry_bean_uci,dry_bean_uci,71,71
tuning_train,l1,34,4081,3264,817,679,1.0,254.4022426023148,0,,dry_bean_uci,dry_bean_uci,71,71
tuning_train,l1,35,4085,3268,817,680,1.0,263.68323970306665,0,,dry_bean_uci,dry_bean_uci,71,71
tuning_train,l1,36,4081,3264,817,666,1.0,251.57561232568696,0,,dry_bean_uci,dry_bean_uci,71,71
tuning_train,l1,37,4085,3268,817,676,1.0,270.5466805016622,0,,dry_bean_uci,dry_bean_uci,71,71
tuning_train,l1,38,4081,3264,817,680,1.0,255.0925776148215,0,,dry_bean_uci,dry_bean_uci,71,71
tuning_train,l1,39,4085,3268,817,676,1.0,254.93313035182652,0,,dry_bean_uci,dry_bean_uci,71,71
final_development,l1,0,5443,4354,1089,680,1.0,371.0155554609373,0,,dry_bean_uci,dry_bean_uci,71,71
final_development,l1,1,5445,4356,1089,680,1.0,329.8645353592001,0,,dry_bean_uci,dry_bean_uci,71,71
final_development,l1,2,5443,4354,1089,680,1.0,329.57697355095297,0,,dry_bean_uci,dry_bean_uci,71,71
final_development,l1,3,5445,4356,1089,666,1.0,347.91235479712486,0,,dry_bean_uci,dry_bean_uci,71,71
final_development,l1,4,5443,4354,1089,680,1.0,347.2207116279751,0,,dry_bean_uci,dry_bean_uci,71,71
final_development,l1,5,5445,4356,1089,680,1.0,343.3251520222984,0,,dry_bean_uci,dry_bean_uci,71,71
final_development,l1,6,5443,4354,1089,572,0.25,367.5207444620319,0,,dry_bean_uci,dry_bean_uci,71,71
final_development,l1,7,5445,4356,1089,623,0.25,317.8276855428703,0,,dry_bean_uci,dry_bean_uci,71,71
final_development,l1,8,5443,4354,1089,678,1.0,326.4062952599488,0,,dry_bean_uci,dry_bean_uci,71,71
final_development,l1,9,5445,4356,1089,586,0.25,335.9685878693126,0,,dry_bean_uci,dry_bean_uci,71,71
final_development,l1,10,5443,4354,1089,670,1.0,319.51575423497707,0,,dry_bean_uci,dry_bean_uci,71,71
final_development,l1,11,5445,4356,1089,680,1.0,345.94101391127333,0,,dry_bean_uci,dry_bean_uci,71,71
final_development,l1,12,5443,4354,1089,525,0.25,322.0800910280086,0,,dry_bean_uci,dry_bean_uci,71,71
final_development,l1,13,5445,4356,1089,680,1.0,351.3622843972407,0,,dry_bean_uci,dry_bean_uci,71,71
final_development,l1,14,5443,4354,1089,678,1.0,347.0630529411137,0,,dry_bean_uci,dry_bean_uci,71,71
final_development,l1,15,5445,4356,1089,542,0.25,322.5814324631356,0,,dry_bean_uci,dry_bean_uci,71,71
final_development,l1,16,5443,4354,1089,674,1.0,325.8803620976396,0,,dry_bean_uci,dry_bean_uci,71,71
final_development,l1,17,5445,4356,1089,680,1.0,325.98739418713376,0,,dry_bean_uci,dry_bean_uci,71,71
final_development,l1,18,5443,4354,1089,675,1.0,347.9281915430911,0,,dry_bean_uci,dry_bean_uci,71,71
final_development,l1,19,5445,4356,1089,672,1.0,319.9442740380764,0,,dry_bean_uci,dry_bean_uci,71,71
final_development,l1,20,5443,4354,1089,676,1.0,350.36155090713874,0,,dry_bean_uci,dry_bean_uci,71,71
final_development,l1,21,5445,4356,1089,680,1.0,333.1802430781536,0,,dry_bean_uci,dry_bean_uci,71,71
final_development,l1,22,5443,4354,1089,674,1.0,340.89112982386723,0,,dry_bean_uci,dry_bean_uci,71,71
final_development,l1,23,5445,4356,1089,674,1.0,329.130474884063,0,,dry_bean_uci,dry_bean_uci,71,71
final_development,l1,24,5443,4354,1089,680,1.0,360.7361317551695,0,,dry_bean_uci,dry_bean_uci,71,71
final_development,l1,25,5445,4356,1089,680,1.0,320.6710009840317,0,,dry_bean_uci,dry_bean_uci,71,71
final_development,l1,26,5443,4354,1089,585,0.25,334.69466697005555,0,,dry_bean_uci,dry_bean_uci,71,71
final_development,l1,27,5445,4356,1089,673,1.0,333.9123940663412,0,,dry_bean_uci,dry_bean_uci,71,71
final_development,l1,28,5443,4354,1089,590,0.25,318.586364986375,0,,dry_bean_uci,dry_bean_uci,71,71
final_development,l1,29,5445,4356,1089,604,0.25,336.31705681281164,0,,dry_bean_uci,dry_bean_uci,71,71
final_development,l1,30,5443,4354,1089,672,1.0,334.1285892990418,0,,dry_bean_uci,dry_bean_uci,71,71
final_development,l1,31,5445,4356,1089,679,1.0,331.8911334108561,0,,dry_bean_uci,dry_bean_uci,71,71
final_development,l1,32,5443,4354,1089,680,1.0,332.3396890773438,0,,dry_bean_uci,dry_bean_uci,71,71
final_development,l1,33,5445,4356,1089,678,1.0,352.6284888549708,0,,dry_bean_uci,dry_bean_uci,71,71
final_development,l1,34,5443,4354,1089,671,1.0,367.3826189641841,0,,dry_bean_uci,dry_bean_uci,71,71
final_development,l1,35,5445,4356,1089,677,1.0,318.54869790002704,0,,dry_bean_uci,dry_bean_uci,71,71
final_development,l1,36,5443,4354,1089,669,1.0,350.0540197179653,0,,dry_bean_uci,dry_bean_uci,71,71
final_development,l1,37,5445,4356,1089,680,1.0,325.0908109131269,0,,dry_bean_uci,dry_bean_uci,71,71
final_development,l1,38,5443,4354,1089,600,0.25,337.30089323874563,0,,dry_bean_uci,dry_bean_uci,71,71
final_development,l1,39,5445,4356,1089,676,1.0,316.7675618310459,0,,dry_bean_uci,dry_bean_uci,71,71
tuning_train,shil,0,4081,3264,817,680,,4.043986991979182,0,,dry_bean_uci,dry_bean_uci,89,89
tuning_train,shil,1,4085,3268,817,680,,3.9896896425634623,0,,dry_bean_uci,dry_bean_uci,89,89
tuning_train,shil,2,4081,3264,817,680,,3.978525265585631,0,,dry_bean_uci,dry_bean_uci,89,89
tuning_train,shil,3,4085,3268,817,680,,3.95382173312828,0,,dry_bean_uci,dry_bean_uci,89,89
tuning_train,shil,4,4081,3264,817,680,,3.9668302051723,0,,dry_bean_uci,dry_bean_uci,89,89
tuning_train,shil,5,4085,3268,817,680,,3.95004501985386,0,,dry_bean_uci,dry_bean_uci,89,89
tuning_train,shil,6,4081,3264,817,680,,4.029079302679747,0,,dry_bean_uci,dry_bean_uci,89,89
tuning_train,shil,7,4085,3268,817,680,,3.957959168124944,0,,dry_bean_uci,dry_bean_uci,89,89
tuning_train,shil,8,4081,3264,817,680,,3.925882930867374,0,,dry_bean_uci,dry_bean_uci,89,89
tuning_train,shil,9,4085,3268,817,680,,3.944871454965323,0,,dry_bean_uci,dry_bean_uci,89,89
tuning_train,shil,10,4081,3264,817,680,,3.9901315267197783,0,,dry_bean_uci,dry_bean_uci,89,89
tuning_train,shil,11,4085,3268,817,680,,3.941762388218194,0,,dry_bean_uci,dry_bean_uci,89,89
tuning_train,shil,12,4081,3264,817,680,,4.1142243589274585,0,,dry_bean_uci,dry_bean_uci,89,89
tuning_train,shil,13,4085,3268,817,680,,3.9426285945810378,0,,dry_bean_uci,dry_bean_uci,89,89
tuning_train,shil,14,4081,3264,817,680,,3.9327991106547415,0,,dry_bean_uci,dry_bean_uci,89,89
tuning_train,shil,15,4085,3268,817,680,,3.941735147964209,0,,dry_bean_uci,dry_bean_uci,89,89
tuning_train,shil,16,4081,3264,817,680,,3.961165396030992,0,,dry_bean_uci,dry_bean_uci,89,89
tuning_train,shil,17,4085,3268,817,680,,3.9540581349283457,0,,dry_bean_uci,dry_bean_uci,89,89
tuning_train,shil,18,4081,3264,817,680,,3.958711535204202,0,,dry_bean_uci,dry_bean_uci,89,89
tuning_train,shil,19,4085,3268,817,680,,3.944664133712649,0,,dry_bean_uci,dry_bean_uci,89,89
tuning_train,shil,20,4081,3264,817,680,,3.9862783728167415,0,,dry_bean_uci,dry_bean_uci,89,89
tuning_train,shil,21,4085,3268,817,680,,4.007100112736225,0,,dry_bean_uci,dry_bean_uci,89,89
tuning_train,shil,22,4081,3264,817,680,,3.9588252548128366,0,,dry_bean_uci,dry_bean_uci,89,89
tuning_train,shil,23,4085,3268,817,680,,3.929502162151039,0,,dry_bean_uci,dry_bean_uci,89,89
tuning_train,shil,24,4081,3264,817,680,,3.915726322680712,0,,dry_bean_uci,dry_bean_uci,89,89
tuning_train,shil,25,4085,3268,817,680,,3.9245124398730695,0,,dry_bean_uci,dry_bean_uci,89,89
tuning_train,shil,26,4081,3264,817,680,,3.939934492111206,0,,dry_bean_uci,dry_bean_uci,89,89
tuning_train,shil,27,4085,3268,817,680,,3.9343347242102022,0,,dry_bean_uci,dry_bean_uci,89,89
tuning_train,shil,28,4081,3264,817,680,,3.925183564890176,0,,dry_bean_uci,dry_bean_uci,89,89
tuning_train,shil,29,4085,3268,817,680,,3.9348043682985008,0,,dry_bean_uci,dry_bean_uci,89,89
tuning_train,shil,30,4081,3264,817,680,,3.926998981274664,0,,dry_bean_uci,dry_bean_uci,89,89
tuning_train,shil,31,4085,3268,817,680,,3.9236721522174776,0,,dry_bean_uci,dry_bean_uci,89,89
tuning_train,shil,32,4081,3264,817,680,,3.903700219001621,0,,dry_bean_uci,dry_bean_uci,89,89
tuning_train,shil,33,4085,3268,817,680,,3.913043939974159,0,,dry_bean_uci,dry_bean_uci,89,89
tuning_train,shil,34,4081,3264,817,680,,3.949041250627488,0,,dry_bean_uci,dry_bean_uci,89,89
tuning_train,shil,35,4085,3268,817,680,,3.8977643279358745,0,,dry_bean_uci,dry_bean_uci,89,89
tuning_train,shil,36,4081,3264,817,680,,3.9577448470517993,0,,dry_bean_uci,dry_bean_uci,89,89
tuning_train,shil,37,4085,3268,817,680,,3.9300954481586814,0,,dry_bean_uci,dry_bean_uci,89,89
tuning_train,shil,38,4081,3264,817,680,,3.918054744135589,0,,dry_bean_uci,dry_bean_uci,89,89
tuning_train,shil,39,4085,3268,817,680,,3.021635476034134,0,,dry_bean_uci,dry_bean_uci,89,89
final_development,shil,0,5443,4354,1089,680,,5.134602097794414,0,,dry_bean_uci,dry_bean_uci,89,89
final_development,shil,1,5445,4356,1089,680,,5.286103806924075,0,,dry_bean_uci,dry_bean_uci,89,89
final_development,shil,2,5443,4354,1089,680,,5.232512584887445,0,,dry_bean_uci,dry_bean_uci,89,89
final_development,shil,3,5445,4356,1089,680,,5.230239204131067,0,,dry_bean_uci,dry_bean_uci,89,89
final_development,shil,4,5443,4354,1089,680,,5.268218853045255,0,,dry_bean_uci,dry_bean_uci,89,89
final_development,shil,5,5445,4356,1089,680,,5.308904684148729,0,,dry_bean_uci,dry_bean_uci,89,89
final_development,shil,6,5443,4354,1089,680,,5.2946350811980665,0,,dry_bean_uci,dry_bean_uci,89,89
final_development,shil,7,5445,4356,1089,680,,5.267943930346519,0,,dry_bean_uci,dry_bean_uci,89,89
final_development,shil,8,5443,4354,1089,680,,5.286169887986034,0,,dry_bean_uci,dry_bean_uci,89,89
final_development,shil,9,5445,4356,1089,680,,5.2862862488254905,0,,dry_bean_uci,dry_bean_uci,89,89
final_development,shil,10,5443,4354,1089,680,,5.282038452103734,0,,dry_bean_uci,dry_bean_uci,89,89
final_development,shil,11,5445,4356,1089,680,,5.271210358012468,0,,dry_bean_uci,dry_bean_uci,89,89
final_development,shil,12,5443,4354,1089,680,,5.244376847054809,0,,dry_bean_uci,dry_bean_uci,89,89
final_development,shil,13,5445,4356,1089,680,,5.275279954075813,0,,dry_bean_uci,dry_bean_uci,89,89
final_development,shil,14,5443,4354,1089,680,,5.238984359893948,0,,dry_bean_uci,dry_bean_uci,89,89
final_development,shil,15,5445,4356,1089,680,,5.359618203248829,0,,dry_bean_uci,dry_bean_uci,89,89
final_development,shil,16,5443,4354,1089,680,,5.297252542804927,0,,dry_bean_uci,dry_bean_uci,89,89
final_development,shil,17,5445,4356,1089,680,,5.2544224937446415,0,,dry_bean_uci,dry_bean_uci,89,89
final_development,shil,18,5443,4354,1089,680,,5.25603186711669,0,,dry_bean_uci,dry_bean_uci,89,89
final_development,shil,19,5445,4356,1089,680,,5.249386889860034,0,,dry_bean_uci,dry_bean_uci,89,89
final_development,shil,20,5443,4354,1089,680,,5.297170543111861,0,,dry_bean_uci,dry_bean_uci,89,89
final_development,shil,21,5445,4356,1089,680,,5.264249898027629,0,,dry_bean_uci,dry_bean_uci,89,89
final_development,shil,22,5443,4354,1089,680,,5.263720973860472,0,,dry_bean_uci,dry_bean_uci,89,89
final_development,shil,23,5445,4356,1089,680,,5.249328288715333,0,,dry_bean_uci,dry_bean_uci,89,89
final_development,shil,24,5443,4354,1089,680,,5.273332097101957,0,,dry_bean_uci,dry_bean_uci,89,89
final_development,shil,25,5445,4356,1089,680,,5.240579213947058,0,,dry_bean_uci,dry_bean_uci,89,89
final_development,shil,26,5443,4354,1089,680,,5.254024850204587,0,,dry_bean_uci,dry_bean_uci,89,89
final_development,shil,27,5445,4356,1089,680,,5.33523875195533,0,,dry_bean_uci,dry_bean_uci,89,89
final_development,shil,28,5443,4354,1089,680,,5.266294197179377,0,,dry_bean_uci,dry_bean_uci,89,89
final_development,shil,29,5445,4356,1089,680,,5.293351070024073,0,,dry_bean_uci,dry_bean_uci,89,89
final_development,shil,30,5443,4354,1089,680,,5.254962577950209,0,,dry_bean_uci,dry_bean_uci,89,89
final_development,shil,31,5445,4356,1089,680,,5.283126702066511,0,,dry_bean_uci,dry_bean_uci,89,89
final_development,shil,32,5443,4354,1089,680,,5.26106903096661,0,,dry_bean_uci,dry_bean_uci,89,89
final_development,shil,33,5445,4356,1089,680,,5.267444806173444,0,,dry_bean_uci,dry_bean_uci,89,89
final_development,shil,34,5443,4354,1089,680,,5.271321559324861,0,,dry_bean_uci,dry_bean_uci,89,89
final_development,shil,35,5445,4356,1089,680,,5.268510094843805,0,,dry_bean_uci,dry_bean_uci,89,89
final_development,shil,36,5443,4354,1089,680,,5.3690180839039385,0,,dry_bean_uci,dry_bean_uci,89,89
final_development,shil,37,5445,4356,1089,680,,5.283585986122489,0,,dry_bean_uci,dry_bean_uci,89,89
final_development,shil,38,5443,4354,1089,680,,5.225159999914467,0,,dry_bean_uci,dry_bean_uci,89,89
final_development,shil,39,5445,4356,1089,680,,5.1714127361774445,0,,dry_bean_uci,dry_bean_uci,89,89
tuning_train,l1,0,4081,3264,817,527,0.25,245.93220040993765,0,,dry_bean_uci,dry_bean_uci,89,89
tuning_train,l1,1,4085,3268,817,680,1.0,254.55612626532093,0,,dry_bean_uci,dry_bean_uci,89,89
tuning_train,l1,2,4081,3264,817,680,1.0,254.426218863111,0,,dry_bean_uci,dry_bean_uci,89,89
tuning_train,l1,3,4085,3268,817,566,0.25,252.1982518057339,0,,dry_bean_uci,dry_bean_uci,89,89
tuning_train,l1,4,4081,3264,817,679,1.0,263.193803798873,0,,dry_bean_uci,dry_bean_uci,89,89
tuning_train,l1,5,4085,3268,817,675,1.0,244.60958405816928,0,,dry_bean_uci,dry_bean_uci,89,89
tuning_train,l1,6,4081,3264,817,673,1.0,255.07342301588503,0,,dry_bean_uci,dry_bean_uci,89,89
tuning_train,l1,7,4085,3268,817,522,0.25,257.17144082905725,0,,dry_bean_uci,dry_bean_uci,89,89
tuning_train,l1,8,4081,3264,817,680,1.0,249.61731873918325,0,,dry_bean_uci,dry_bean_uci,89,89
tuning_train,l1,9,4085,3268,817,676,1.0,261.33734959410504,0,,dry_bean_uci,dry_bean_uci,89,89
tuning_train,l1,10,4081,3264,817,521,0.25,252.74262055102736,0,,dry_bean_uci,dry_bean_uci,89,89
tuning_train,l1,11,4085,3268,817,668,1.0,259.60228051804006,0,,dry_bean_uci,dry_bean_uci,89,89
tuning_train,l1,12,4081,3264,817,495,0.25,252.34128212183717,0,,dry_bean_uci,dry_bean_uci,89,89
tuning_train,l1,13,4085,3268,817,679,1.0,252.23552872939035,0,,dry_bean_uci,dry_bean_uci,89,89
tuning_train,l1,14,4081,3264,817,518,0.25,262.1430589579977,0,,dry_bean_uci,dry_bean_uci,89,89
tuning_train,l1,15,4085,3268,817,680,1.0,251.79454519739372,0,,dry_bean_uci,dry_bean_uci,89,89
tuning_train,l1,16,4081,3264,817,679,1.0,239.1349682607688,0,,dry_bean_uci,dry_bean_uci,89,89
tuning_train,l1,17,4085,3268,817,672,1.0,251.66792126186192,0,,dry_bean_uci,dry_bean_uci,89,89
tuning_train,l1,18,4081,3264,817,502,0.25,262.2319012857042,0,,dry_bean_uci,dry_bean_uci,89,89
tuning_train,l1,19,4085,3268,817,680,1.0,253.34927055425945,0,,dry_bean_uci,dry_bean_uci,89,89
tuning_train,l1,20,4081,3264,817,679,1.0,250.99101017182693,0,,dry_bean_uci,dry_bean_uci,89,89
tuning_train,l1,21,4085,3268,817,680,1.0,254.89590272167695,0,,dry_bean_uci,dry_bean_uci,89,89
tuning_train,l1,22,4081,3264,817,579,0.25,250.3477561720647,0,,dry_bean_uci,dry_bean_uci,89,89
tuning_train,l1,23,4085,3268,817,551,0.25,254.2699302709661,0,,dry_bean_uci,dry_bean_uci,89,89
tuning_train,l1,24,4081,3264,817,529,0.25,248.6386017212644,0,,dry_bean_uci,dry_bean_uci,89,89
tuning_train,l1,25,4085,3268,817,680,1.0,256.3479905668646,0,,dry_bean_uci,dry_bean_uci,89,89
tuning_train,l1,26,4081,3264,817,498,0.25,236.99830195587128,0,,dry_bean_uci,dry_bean_uci,89,89
tuning_train,l1,27,4085,3268,817,564,0.25,259.04027189314365,0,,dry_bean_uci,dry_bean_uci,89,89
tuning_train,l1,28,4081,3264,817,539,0.25,254.42648502765223,0,,dry_bean_uci,dry_bean_uci,89,89
tuning_train,l1,29,4085,3268,817,680,1.0,258.61845624633133,0,,dry_bean_uci,dry_bean_uci,89,89
tuning_train,l1,30,4081,3264,817,677,1.0,242.16626821272075,0,,dry_bean_uci,dry_bean_uci,89,89
tuning_train,l1,31,4085,3268,817,678,1.0,260.7748907688074,0,,dry_bean_uci,dry_bean_uci,89,89
tuning_train,l1,32,4081,3264,817,536,0.25,254.21095905872065,0,,dry_bean_uci,dry_bean_uci,89,89
tuning_train,l1,33,4085,3268,817,556,0.25,256.9138764110394,0,,dry_bean_uci,dry_bean_uci,89,89
tuning_train,l1,34,4081,3264,817,510,0.25,267.2883435660042,0,,dry_bean_uci,dry_bean_uci,89,89
tuning_train,l1,35,4085,3268,817,680,1.0,251.2432552939281,0,,dry_bean_uci,dry_bean_uci,89,89
tuning_train,l1,36,4081,3264,817,552,0.25,262.5924350232817,0,,dry_bean_uci,dry_bean_uci,89,89
tuning_train,l1,37,4085,3268,817,679,1.0,249.35672211414203,0,,dry_bean_uci,dry_bean_uci,89,89
tuning_train,l1,38,4081,3264,817,565,0.25,279.28746969718486,0,,dry_bean_uci,dry_bean_uci,89,89
tuning_train,l1,39,4085,3268,817,676,1.0,239.91035950602964,0,,dry_bean_uci,dry_bean_uci,89,89
final_development,l1,0,5443,4354,1089,584,0.25,345.1796751860529,0,,dry_bean_uci,dry_bean_uci,89,89
final_development,l1,1,5445,4356,1089,671,1.0,349.8540027108975,0,,dry_bean_uci,dry_bean_uci,89,89
final_development,l1,2,5443,4354,1089,589,0.25,361.7866370920092,0,,dry_bean_uci,dry_bean_uci,89,89
final_development,l1,3,5445,4356,1089,680,1.0,363.6496545593254,0,,dry_bean_uci,dry_bean_uci,89,89
final_development,l1,4,5443,4354,1089,600,0.25,339.29181929910555,0,,dry_bean_uci,dry_bean_uci,89,89
final_development,l1,5,5445,4356,1089,592,0.25,355.51249303109944,0,,dry_bean_uci,dry_bean_uci,89,89
final_development,l1,6,5443,4354,1089,678,1.0,327.1840276289731,0,,dry_bean_uci,dry_bean_uci,89,89
final_development,l1,7,5445,4356,1089,577,0.25,344.6891796020791,0,,dry_bean_uci,dry_bean_uci,89,89
final_development,l1,8,5443,4354,1089,673,1.0,325.0597704621032,0,,dry_bean_uci,dry_bean_uci,89,89
final_development,l1,9,5445,4356,1089,670,1.0,337.4204291058704,0,,dry_bean_uci,dry_bean_uci,89,89
final_development,l1,10,5443,4354,1089,679,1.0,330.18587667122483,0,,dry_bean_uci,dry_bean_uci,89,89
final_development,l1,11,5445,4356,1089,669,1.0,334.6360062477179,0,,dry_bean_uci,dry_bean_uci,89,89
final_development,l1,12,5443,4354,1089,679,1.0,322.1332967178896,0,,dry_bean_uci,dry_bean_uci,89,89
final_development,l1,13,5445,4356,1089,668,1.0,368.6121075418778,0,,dry_bean_uci,dry_bean_uci,89,89
final_development,l1,14,5443,4354,1089,575,0.25,340.8718033400364,0,,dry_bean_uci,dry_bean_uci,89,89
final_development,l1,15,5445,4356,1089,680,1.0,332.6698684580624,0,,dry_bean_uci,dry_bean_uci,89,89
final_development,l1,16,5443,4354,1089,577,0.25,338.78476848173887,0,,dry_bean_uci,dry_bean_uci,89,89
final_development,l1,17,5445,4356,1089,610,0.25,342.8637294527143,0,,dry_bean_uci,dry_bean_uci,89,89
final_development,l1,18,5443,4354,1089,560,0.25,341.284828547854,0,,dry_bean_uci,dry_bean_uci,89,89
final_development,l1,19,5445,4356,1089,679,1.0,322.0183662758209,0,,dry_bean_uci,dry_bean_uci,89,89
final_development,l1,20,5443,4354,1089,629,0.25,328.88841519877315,0,,dry_bean_uci,dry_bean_uci,89,89
final_development,l1,21,5445,4356,1089,680,1.0,344.0183550501242,0,,dry_bean_uci,dry_bean_uci,89,89
final_development,l1,22,5443,4354,1089,575,0.25,336.09102288493887,0,,dry_bean_uci,dry_bean_uci,89,89
final_development,l1,23,5445,4356,1089,678,1.0,332.2623272757046,0,,dry_bean_uci,dry_bean_uci,89,89
final_development,l1,24,5443,4354,1089,674,1.0,370.1658559166826,0,,dry_bean_uci,dry_bean_uci,89,89
final_development,l1,25,5445,4356,1089,573,0.25,322.41051726881415,0,,dry_bean_uci,dry_bean_uci,89,89
final_development,l1,26,5443,4354,1089,592,0.25,335.4494603089988,0,,dry_bean_uci,dry_bean_uci,89,89
final_development,l1,27,5445,4356,1089,677,1.0,353.8151668687351,0,,dry_bean_uci,dry_bean_uci,89,89
final_development,l1,28,5443,4354,1089,598,0.25,325.92726281890646,0,,dry_bean_uci,dry_bean_uci,89,89
final_development,l1,29,5445,4356,1089,569,0.25,334.0929344580509,0,,dry_bean_uci,dry_bean_uci,89,89
final_development,l1,30,5443,4354,1089,674,1.0,341.6258313683793,0,,dry_bean_uci,dry_bean_uci,89,89
final_development,l1,31,5445,4356,1089,676,1.0,336.4473447059281,0,,dry_bean_uci,dry_bean_uci,89,89
final_development,l1,32,5443,4354,1089,666,1.0,368.8145150402561,0,,dry_bean_uci,dry_bean_uci,89,89
final_development,l1,33,5445,4356,1089,584,0.25,321.50697868689895,0,,dry_bean_uci,dry_bean_uci,89,89
final_development,l1,34,5443,4354,1089,597,0.25,342.46736060781404,0,,dry_bean_uci,dry_bean_uci,89,89
final_development,l1,35,5445,4356,1089,587,0.25,340.08034167299047,0,,dry_bean_uci,dry_bean_uci,89,89
final_development,l1,36,5443,4354,1089,676,1.0,348.6645223898813,0,,dry_bean_uci,dry_bean_uci,89,89
final_development,l1,37,5445,4356,1089,678,1.0,341.6492140791379,0,,dry_bean_uci,dry_bean_uci,89,89
final_development,l1,38,5443,4354,1089,580,0.25,329.3109027692117,0,,dry_bean_uci,dry_bean_uci,89,89
final_development,l1,39,5445,4356,1089,572,0.25,335.7909069508314,0,,dry_bean_uci,dry_bean_uci,89,89
tuning_train,shil,0,4081,3264,817,680,,3.9439669637940815,0,,dry_bean_uci,dry_bean_uci,101,101
tuning_train,shil,1,4085,3268,817,680,,3.971317199058831,0,,dry_bean_uci,dry_bean_uci,101,101
tuning_train,shil,2,4081,3264,817,680,,3.97559059644118,0,,dry_bean_uci,dry_bean_uci,101,101
tuning_train,shil,3,4085,3268,817,680,,3.955351062119007,0,,dry_bean_uci,dry_bean_uci,101,101
tuning_train,shil,4,4081,3264,817,680,,4.007052345201373,0,,dry_bean_uci,dry_bean_uci,101,101
tuning_train,shil,5,4085,3268,817,680,,3.9848535950295623,0,,dry_bean_uci,dry_bean_uci,101,101
tuning_train,shil,6,4081,3264,817,680,,3.959849541075528,0,,dry_bean_uci,dry_bean_uci,101,101
tuning_train,shil,7,4085,3268,817,680,,3.980883680749685,0,,dry_bean_uci,dry_bean_uci,101,101
tuning_train,shil,8,4081,3264,817,680,,3.957011676393449,0,,dry_bean_uci,dry_bean_uci,101,101
tuning_train,shil,9,4085,3268,817,680,,3.989852039143443,0,,dry_bean_uci,dry_bean_uci,101,101
tuning_train,shil,10,4081,3264,817,680,,3.9878564621321857,0,,dry_bean_uci,dry_bean_uci,101,101
tuning_train,shil,11,4085,3268,817,680,,3.9787743827328086,0,,dry_bean_uci,dry_bean_uci,101,101
tuning_train,shil,12,4081,3264,817,680,,3.974564626812935,0,,dry_bean_uci,dry_bean_uci,101,101
tuning_train,shil,13,4085,3268,817,680,,3.9418808268383145,0,,dry_bean_uci,dry_bean_uci,101,101
tuning_train,shil,14,4081,3264,817,680,,3.959527737926692,0,,dry_bean_uci,dry_bean_uci,101,101
tuning_train,shil,15,4085,3268,817,680,,3.9700068682432175,0,,dry_bean_uci,dry_bean_uci,101,101
tuning_train,shil,16,4081,3264,817,680,,4.02463273704052,0,,dry_bean_uci,dry_bean_uci,101,101
tuning_train,shil,17,4085,3268,817,680,,4.014904294162989,0,,dry_bean_uci,dry_bean_uci,101,101
tuning_train,shil,18,4081,3264,817,680,,3.951455908827484,0,,dry_bean_uci,dry_bean_uci,101,101
tuning_train,shil,19,4085,3268,817,680,,3.9860545662231743,0,,dry_bean_uci,dry_bean_uci,101,101
tuning_train,shil,20,4081,3264,817,680,,4.094417296350002,0,,dry_bean_uci,dry_bean_uci,101,101
tuning_train,shil,21,4085,3268,817,680,,3.9576442819088697,0,,dry_bean_uci,dry_bean_uci,101,101
tuning_train,shil,22,4081,3264,817,680,,3.948460003826767,0,,dry_bean_uci,dry_bean_uci,101,101
tuning_train,shil,23,4085,3268,817,680,,3.975648037157953,0,,dry_bean_uci,dry_bean_uci,101,101
tuning_train,shil,24,4081,3264,817,680,,3.982953618746251,0,,dry_bean_uci,dry_bean_uci,101,101
tuning_train,shil,25,4085,3268,817,680,,4.014472409151495,0,,dry_bean_uci,dry_bean_uci,101,101
tuning_train,shil,26,4081,3264,817,680,,3.985996125265956,0,,dry_bean_uci,dry_bean_uci,101,101
tuning_train,shil,27,4085,3268,817,680,,3.970479151699692,0,,dry_bean_uci,dry_bean_uci,101,101
tuning_train,shil,28,4081,3264,817,680,,3.9837676659226418,0,,dry_bean_uci,dry_bean_uci,101,101
tuning_train,shil,29,4085,3268,817,680,,3.967032962944359,0,,dry_bean_uci,dry_bean_uci,101,101
tuning_train,shil,30,4081,3264,817,680,,3.959831140935421,0,,dry_bean_uci,dry_bean_uci,101,101
tuning_train,shil,31,4085,3268,817,680,,2.20222677802667,0,,dry_bean_uci,dry_bean_uci,101,101
tuning_train,shil,32,4081,3264,817,680,,4.04234260879457,0,,dry_bean_uci,dry_bean_uci,101,101
tuning_train,shil,33,4085,3268,817,680,,3.9564017518423498,0,,dry_bean_uci,dry_bean_uci,101,101
tuning_train,shil,34,4081,3264,817,680,,4.002710308879614,0,,dry_bean_uci,dry_bean_uci,101,101
tuning_train,shil,35,4085,3268,817,680,,4.012980917934328,0,,dry_bean_uci,dry_bean_uci,101,101
tuning_train,shil,36,4081,3264,817,680,,3.982566296122968,0,,dry_bean_uci,dry_bean_uci,101,101
tuning_train,shil,37,4085,3268,817,680,,3.978728823829442,0,,dry_bean_uci,dry_bean_uci,101,101
tuning_train,shil,38,4081,3264,817,680,,3.971821723971516,0,,dry_bean_uci,dry_bean_uci,101,101
tuning_train,shil,39,4085,3268,817,680,,3.898406974039972,0,,dry_bean_uci,dry_bean_uci,101,101
final_development,shil,0,5443,4354,1089,680,,5.275319910142571,0,,dry_bean_uci,dry_bean_uci,101,101
final_development,shil,1,5445,4356,1089,680,,5.338902295567095,0,,dry_bean_uci,dry_bean_uci,101,101
final_development,shil,2,5443,4354,1089,680,,5.310167208779603,0,,dry_bean_uci,dry_bean_uci,101,101
final_development,shil,3,5445,4356,1089,680,,5.291003004647791,0,,dry_bean_uci,dry_bean_uci,101,101
final_development,shil,4,5443,4354,1089,680,,5.31906124483794,0,,dry_bean_uci,dry_bean_uci,101,101
final_development,shil,5,5445,4356,1089,680,,5.300696648191661,0,,dry_bean_uci,dry_bean_uci,101,101
final_development,shil,6,5443,4354,1089,680,,5.31476876931265,0,,dry_bean_uci,dry_bean_uci,101,101
final_development,shil,7,5445,4356,1089,680,,5.31447688722983,0,,dry_bean_uci,dry_bean_uci,101,101
final_development,shil,8,5443,4354,1089,680,,5.305920612998307,0,,dry_bean_uci,dry_bean_uci,101,101
final_development,shil,9,5445,4356,1089,680,,5.296327411197126,0,,dry_bean_uci,dry_bean_uci,101,101
final_development,shil,10,5443,4354,1089,680,,5.310981175862253,0,,dry_bean_uci,dry_bean_uci,101,101
final_development,shil,11,5445,4356,1089,680,,5.312153947073966,0,,dry_bean_uci,dry_bean_uci,101,101
final_development,shil,12,5443,4354,1089,680,,5.308565676212311,0,,dry_bean_uci,dry_bean_uci,101,101
final_development,shil,13,5445,4356,1089,680,,5.324272450990975,0,,dry_bean_uci,dry_bean_uci,101,101
final_development,shil,14,5443,4354,1089,680,,4.987968444824219,0,,dry_bean_uci,dry_bean_uci,101,101
final_development,shil,15,5445,4356,1089,680,,5.31259227078408,0,,dry_bean_uci,dry_bean_uci,101,101
final_development,shil,16,5443,4354,1089,680,,5.379328763112426,0,,dry_bean_uci,dry_bean_uci,101,101
final_development,shil,17,5445,4356,1089,680,,5.298406068701297,0,,dry_bean_uci,dry_bean_uci,101,101
final_development,shil,18,5443,4354,1089,680,,5.303354271687567,0,,dry_bean_uci,dry_bean_uci,101,101
final_development,shil,19,5445,4356,1089,680,,5.317522032186389,0,,dry_bean_uci,dry_bean_uci,101,101
final_development,shil,20,5443,4354,1089,680,,5.288532143924385,0,,dry_bean_uci,dry_bean_uci,101,101
final_development,shil,21,5445,4356,1089,680,,5.3352793850936,0,,dry_bean_uci,dry_bean_uci,101,101
final_development,shil,22,5443,4354,1089,680,,5.335501587018371,0,,dry_bean_uci,dry_bean_uci,101,101
final_development,shil,23,5445,4356,1089,680,,5.3501557926647365,0,,dry_bean_uci,dry_bean_uci,101,101
final_development,shil,24,5443,4354,1089,680,,5.3034067512489855,0,,dry_bean_uci,dry_bean_uci,101,101
final_development,shil,25,5445,4356,1089,680,,4.477880827151239,0,,dry_bean_uci,dry_bean_uci,101,101
final_development,shil,26,5443,4354,1089,680,,5.336941679939628,0,,dry_bean_uci,dry_bean_uci,101,101
final_development,shil,27,5445,4356,1089,680,,5.312293707858771,0,,dry_bean_uci,dry_bean_uci,101,101
final_development,shil,28,5443,4354,1089,680,,5.320845901034772,0,,dry_bean_uci,dry_bean_uci,101,101
final_development,shil,29,5445,4356,1089,680,,5.303006669040769,0,,dry_bean_uci,dry_bean_uci,101,101
final_development,shil,30,5443,4354,1089,680,,5.381151898764074,0,,dry_bean_uci,dry_bean_uci,101,101
final_development,shil,31,5445,4356,1089,680,,5.296219170093536,0,,dry_bean_uci,dry_bean_uci,101,101
final_development,shil,32,5443,4354,1089,680,,5.306275336071849,0,,dry_bean_uci,dry_bean_uci,101,101
final_development,shil,33,5445,4356,1089,680,,5.301799057982862,0,,dry_bean_uci,dry_bean_uci,101,101
final_development,shil,34,5443,4354,1089,680,,5.318140437826514,0,,dry_bean_uci,dry_bean_uci,101,101
final_development,shil,35,5445,4356,1089,680,,5.301538615953177,0,,dry_bean_uci,dry_bean_uci,101,101
final_development,shil,36,5443,4354,1089,680,,5.281401722691953,0,,dry_bean_uci,dry_bean_uci,101,101
final_development,shil,37,5445,4356,1089,680,,5.291935294400901,0,,dry_bean_uci,dry_bean_uci,101,101
final_development,shil,38,5443,4354,1089,680,,5.303507753182203,0,,dry_bean_uci,dry_bean_uci,101,101
final_development,shil,39,5445,4356,1089,680,,5.2571303537115455,0,,dry_bean_uci,dry_bean_uci,101,101
tuning_train,l1,0,4081,3264,817,559,0.25,267.28938225703314,0,,dry_bean_uci,dry_bean_uci,101,101
tuning_train,l1,1,4085,3268,817,680,1.0,260.6133074029349,0,,dry_bean_uci,dry_bean_uci,101,101
tuning_train,l1,2,4081,3264,817,680,1.0,257.8802986727096,0,,dry_bean_uci,dry_bean_uci,101,101
tuning_train,l1,3,4085,3268,817,680,1.0,261.41995666269213,0,,dry_bean_uci,dry_bean_uci,101,101
tuning_train,l1,4,4081,3264,817,517,0.25,268.2047854959965,0,,dry_bean_uci,dry_bean_uci,101,101
tuning_train,l1,5,4085,3268,817,605,0.25,251.64764663111416,0,,dry_bean_uci,dry_bean_uci,101,101
tuning_train,l1,6,4081,3264,817,531,0.25,258.2472944948822,0,,dry_bean_uci,dry_bean_uci,101,101
tuning_train,l1,7,4085,3268,817,680,1.0,277.6647140500136,0,,dry_bean_uci,dry_bean_uci,101,101
tuning_train,l1,8,4081,3264,817,664,1.0,242.4695343337953,0,,dry_bean_uci,dry_bean_uci,101,101
tuning_train,l1,9,4085,3268,817,597,0.25,269.07007984025404,0,,dry_bean_uci,dry_bean_uci,101,101
tuning_train,l1,10,4081,3264,817,680,1.0,265.1582816359587,0,,dry_bean_uci,dry_bean_uci,101,101
tuning_train,l1,11,4085,3268,817,678,1.0,248.7884626807645,0,,dry_bean_uci,dry_bean_uci,101,101
tuning_train,l1,12,4081,3264,817,592,0.25,257.48621124820784,0,,dry_bean_uci,dry_bean_uci,101,101
tuning_train,l1,13,4085,3268,817,569,0.25,265.18936164397746,0,,dry_bean_uci,dry_bean_uci,101,101
tuning_train,l1,14,4081,3264,817,573,0.25,250.18872954929247,0,,dry_bean_uci,dry_bean_uci,101,101
tuning_train,l1,15,4085,3268,817,680,1.0,273.4150800560601,0,,dry_bean_uci,dry_bean_uci,101,101
tuning_train,l1,16,4081,3264,817,546,0.25,266.02173845330253,0,,dry_bean_uci,dry_bean_uci,101,101
tuning_train,l1,17,4085,3268,817,676,1.0,259.14865186112,0,,dry_bean_uci,dry_bean_uci,101,101
tuning_train,l1,18,4081,3264,817,680,1.0,262.7529266541824,0,,dry_bean_uci,dry_bean_uci,101,101
tuning_train,l1,19,4085,3268,817,680,1.0,261.2465084162541,0,,dry_bean_uci,dry_bean_uci,101,101
tuning_train,l1,20,4081,3264,817,560,0.25,253.52475074585527,0,,dry_bean_uci,dry_bean_uci,101,101
tuning_train,l1,21,4085,3268,817,680,1.0,257.7240985818207,0,,dry_bean_uci,dry_bean_uci,101,101
tuning_train,l1,22,4081,3264,817,543,0.25,245.93429711740464,0,,dry_bean_uci,dry_bean_uci,101,101
tuning_train,l1,23,4085,3268,817,584,0.25,266.6547780232504,0,,dry_bean_uci,dry_bean_uci,101,101
tuning_train,l1,24,4081,3264,817,678,1.0,261.2602003617212,0,,dry_bean_uci,dry_bean_uci,101,101
tuning_train,l1,25,4085,3268,817,680,1.0,269.62193684419617,0,,dry_bean_uci,dry_bean_uci,101,101
tuning_train,l1,26,4081,3264,817,680,1.0,266.1433438411914,0,,dry_bean_uci,dry_bean_uci,101,101
tuning_train,l1,27,4085,3268,817,553,0.25,251.641692805104,0,,dry_bean_uci,dry_bean_uci,101,101
tuning_train,l1,28,4081,3264,817,563,0.25,254.0957535300404,0,,dry_bean_uci,dry_bean_uci,101,101
tuning_train,l1,29,4085,3268,817,680,1.0,267.75239370018244,0,,dry_bean_uci,dry_bean_uci,101,101
tuning_train,l1,30,4081,3264,817,680,1.0,266.9594119270332,0,,dry_bean_uci,dry_bean_uci,101,101
tuning_train,l1,31,4085,3268,817,680,1.0,255.5858559426852,0,,dry_bean_uci,dry_bean_uci,101,101
tuning_train,l1,32,4081,3264,817,680,1.0,261.4313360489905,0,,dry_bean_uci,dry_bean_uci,101,101
tuning_train,l1,33,4085,3268,817,678,1.0,265.3712849817239,0,,dry_bean_uci,dry_bean_uci,101,101
tuning_train,l1,34,4081,3264,817,525,0.25,256.2070070193149,0,,dry_bean_uci,dry_bean_uci,101,101
tuning_train,l1,35,4085,3268,817,680,1.0,266.8758185808547,0,,dry_bean_uci,dry_bean_uci,101,101
tuning_train,l1,36,4081,3264,817,680,1.0,258.4345497339964,0,,dry_bean_uci,dry_bean_uci,101,101
tuning_train,l1,37,4085,3268,817,680,1.0,265.2498490163125,0,,dry_bean_uci,dry_bean_uci,101,101
tuning_train,l1,38,4081,3264,817,536,0.25,260.7010208941065,0,,dry_bean_uci,dry_bean_uci,101,101
tuning_train,l1,39,4085,3268,817,680,1.0,263.93565898993984,0,,dry_bean_uci,dry_bean_uci,101,101
final_development,l1,0,5443,4354,1089,678,1.0,325.5810777959414,0,,dry_bean_uci,dry_bean_uci,101,101
final_development,l1,1,5445,4356,1089,600,0.25,333.0303582698107,0,,dry_bean_uci,dry_bean_uci,101,101
final_development,l1,2,5443,4354,1089,680,1.0,330.28633960103616,0,,dry_bean_uci,dry_bean_uci,101,101
final_development,l1,3,5445,4356,1089,668,1.0,343.6308614788577,0,,dry_bean_uci,dry_bean_uci,101,101
final_development,l1,4,5443,4354,1089,615,0.25,325.7903143069707,0,,dry_bean_uci,dry_bean_uci,101,101
final_development,l1,5,5445,4356,1089,614,0.25,330.4465500731021,0,,dry_bean_uci,dry_bean_uci,101,101
final_development,l1,6,5443,4354,1089,565,0.25,339.6491345362738,0,,dry_bean_uci,dry_bean_uci,101,101
final_development,l1,7,5445,4356,1089,623,0.25,323.7151156179607,0,,dry_bean_uci,dry_bean_uci,101,101
final_development,l1,8,5443,4354,1089,679,1.0,345.11204446898773,0,,dry_bean_uci,dry_bean_uci,101,101
final_development,l1,9,5445,4356,1089,628,0.25,324.2920961310156,0,,dry_bean_uci,dry_bean_uci,101,101
final_development,l1,10,5443,4354,1089,679,1.0,322.8044202248566,0,,dry_bean_uci,dry_bean_uci,101,101
final_development,l1,11,5445,4356,1089,630,0.25,341.42662453697994,0,,dry_bean_uci,dry_bean_uci,101,101
final_development,l1,12,5443,4354,1089,680,1.0,359.99509328370914,0,,dry_bean_uci,dry_bean_uci,101,101
final_development,l1,13,5445,4356,1089,563,0.25,329.17188458517194,0,,dry_bean_uci,dry_bean_uci,101,101
final_development,l1,14,5443,4354,1089,545,0.25,337.6711991149932,0,,dry_bean_uci,dry_bean_uci,101,101
final_development,l1,15,5445,4356,1089,677,1.0,328.88855663640425,0,,dry_bean_uci,dry_bean_uci,101,101
final_development,l1,16,5443,4354,1089,534,0.25,319.4338811249472,0,,dry_bean_uci,dry_bean_uci,101,101
final_development,l1,17,5445,4356,1089,618,0.25,345.140274472069,0,,dry_bean_uci,dry_bean_uci,101,101
final_development,l1,18,5443,4354,1089,680,1.0,329.7208797931671,0,,dry_bean_uci,dry_bean_uci,101,101
final_development,l1,19,5445,4356,1089,680,1.0,322.6774130030535,0,,dry_bean_uci,dry_bean_uci,101,101
final_development,l1,20,5443,4354,1089,678,1.0,334.6693573500961,0,,dry_bean_uci,dry_bean_uci,101,101
final_development,l1,21,5445,4356,1089,680,1.0,324.2976490650326,0,,dry_bean_uci,dry_bean_uci,101,101
final_development,l1,22,5443,4354,1089,680,1.0,323.6035771830939,0,,dry_bean_uci,dry_bean_uci,101,101
final_development,l1,23,5445,4356,1089,629,0.25,334.21501544257626,0,,dry_bean_uci,dry_bean_uci,101,101
final_development,l1,24,5443,4354,1089,619,0.25,325.00388632528484,0,,dry_bean_uci,dry_bean_uci,101,101
final_development,l1,25,5445,4356,1089,671,1.0,351.05739163188264,0,,dry_bean_uci,dry_bean_uci,101,101
final_development,l1,26,5443,4354,1089,680,1.0,339.6834099837579,0,,dry_bean_uci,dry_bean_uci,101,101
final_development,l1,27,5445,4356,1089,678,1.0,322.70925479894504,0,,dry_bean_uci,dry_bean_uci,101,101
final_development,l1,28,5443,4354,1089,677,1.0,324.2471114937216,0,,dry_bean_uci,dry_bean_uci,101,101
final_development,l1,29,5445,4356,1089,677,1.0,345.46602352615446,0,,dry_bean_uci,dry_bean_uci,101,101
final_development,l1,30,5443,4354,1089,613,0.25,342.752726174891,0,,dry_bean_uci,dry_bean_uci,101,101
final_development,l1,31,5445,4356,1089,578,0.25,331.52382031688467,0,,dry_bean_uci,dry_bean_uci,101,101
final_development,l1,32,5443,4354,1089,680,1.0,348.86159480689093,0,,dry_bean_uci,dry_bean_uci,101,101
final_development,l1,33,5445,4356,1089,676,1.0,322.82600886328146,0,,dry_bean_uci,dry_bean_uci,101,101
final_development,l1,34,5443,4354,1089,586,0.25,336.0257167518139,0,,dry_bean_uci,dry_bean_uci,101,101
final_development,l1,35,5445,4356,1089,678,1.0,336.94362792605534,0,,dry_bean_uci,dry_bean_uci,101,101
final_development,l1,36,5443,4354,1089,555,0.25,326.571414839942,0,,dry_bean_uci,dry_bean_uci,101,101
final_development,l1,37,5445,4356,1089,680,1.0,345.191893634852,0,,dry_bean_uci,dry_bean_uci,101,101
final_development,l1,38,5443,4354,1089,677,1.0,351.46909900801256,0,,dry_bean_uci,dry_bean_uci,101,101
final_development,l1,39,5445,4356,1089,675,1.0,327.67217760300264,0,,dry_bean_uci,dry_bean_uci,101,101
tuning_train,shil,0,4081,3264,817,680,,3.987057214137167,0,,dry_bean_uci,dry_bean_uci,131,131
tuning_train,shil,1,4085,3268,817,680,,4.001247495878488,0,,dry_bean_uci,dry_bean_uci,131,131
tuning_train,shil,2,4081,3264,817,680,,4.011010459624231,0,,dry_bean_uci,dry_bean_uci,131,131
tuning_train,shil,3,4085,3268,817,680,,3.974582427181304,0,,dry_bean_uci,dry_bean_uci,131,131
tuning_train,shil,4,4081,3264,817,680,,3.9836319843307137,0,,dry_bean_uci,dry_bean_uci,131,131
tuning_train,shil,5,4085,3268,817,680,,4.007694912143052,0,,dry_bean_uci,dry_bean_uci,131,131
tuning_train,shil,6,4081,3264,817,680,,3.985865203663707,0,,dry_bean_uci,dry_bean_uci,131,131
tuning_train,shil,7,4085,3268,817,680,,3.3559403577819467,0,,dry_bean_uci,dry_bean_uci,131,131
tuning_train,shil,8,4081,3264,817,680,,3.974416666198522,0,,dry_bean_uci,dry_bean_uci,131,131
tuning_train,shil,9,4085,3268,817,680,,3.967773928772658,0,,dry_bean_uci,dry_bean_uci,131,131
tuning_train,shil,10,4081,3264,817,680,,3.153736343141645,0,,dry_bean_uci,dry_bean_uci,131,131
tuning_train,shil,11,4085,3268,817,680,,4.002424785867333,0,,dry_bean_uci,dry_bean_uci,131,131
tuning_train,shil,12,4081,3264,817,680,,3.980991921853274,0,,dry_bean_uci,dry_bean_uci,131,131
tuning_train,shil,13,4085,3268,817,680,,3.971688082441688,0,,dry_bean_uci,dry_bean_uci,131,131
tuning_train,shil,14,4081,3264,817,680,,3.9694754630327225,0,,dry_bean_uci,dry_bean_uci,131,131
tuning_train,shil,15,4085,3268,817,680,,3.993909313343465,0,,dry_bean_uci,dry_bean_uci,131,131
tuning_train,shil,16,4081,3264,817,680,,3.9957311688922346,0,,dry_bean_uci,dry_bean_uci,131,131
tuning_train,shil,17,4085,3268,817,680,,4.010889339260757,0,,dry_bean_uci,dry_bean_uci,131,131
tuning_train,shil,18,4081,3264,817,680,,3.974305225070566,0,,dry_bean_uci,dry_bean_uci,131,131
tuning_train,shil,19,4085,3268,817,680,,4.009257524739951,0,,dry_bean_uci,dry_bean_uci,131,131
tuning_train,shil,20,4081,3264,817,680,,4.015150816179812,0,,dry_bean_uci,dry_bean_uci,131,131
tuning_train,shil,21,4085,3268,817,680,,3.936416539829224,0,,dry_bean_uci,dry_bean_uci,131,131
tuning_train,shil,22,4081,3264,817,680,,3.967982650734484,0,,dry_bean_uci,dry_bean_uci,131,131
tuning_train,shil,23,4085,3268,817,680,,3.992186538875103,0,,dry_bean_uci,dry_bean_uci,131,131
tuning_train,shil,24,4081,3264,817,680,,3.991986697074026,0,,dry_bean_uci,dry_bean_uci,131,131
tuning_train,shil,25,4085,3268,817,680,,3.991381292231381,0,,dry_bean_uci,dry_bean_uci,131,131
tuning_train,shil,26,4081,3264,817,680,,4.068052428774536,0,,dry_bean_uci,dry_bean_uci,131,131
tuning_train,shil,27,4085,3268,817,680,,3.990739966277033,0,,dry_bean_uci,dry_bean_uci,131,131
tuning_train,shil,28,4081,3264,817,680,,3.997450463939458,0,,dry_bean_uci,dry_bean_uci,131,131
tuning_train,shil,29,4085,3268,817,680,,4.015364218037576,0,,dry_bean_uci,dry_bean_uci,131,131
tuning_train,shil,30,4081,3264,817,680,,3.983290262985975,0,,dry_bean_uci,dry_bean_uci,131,131
tuning_train,shil,31,4085,3268,817,680,,3.964423701167106,0,,dry_bean_uci,dry_bean_uci,131,131
tuning_train,shil,32,4081,3264,817,680,,4.148469998966903,0,,dry_bean_uci,dry_bean_uci,131,131
tuning_train,shil,33,4085,3268,817,680,,3.988276705145836,0,,dry_bean_uci,dry_bean_uci,131,131
tuning_train,shil,34,4081,3264,817,680,,3.9933911487460136,0,,dry_bean_uci,dry_bean_uci,131,131
tuning_train,shil,35,4085,3268,817,680,,2.614486596081406,0,,dry_bean_uci,dry_bean_uci,131,131
tuning_train,shil,36,4081,3264,817,680,,3.978198098950088,0,,dry_bean_uci,dry_bean_uci,131,131
tuning_train,shil,37,4085,3268,817,680,,3.9460573429241776,0,,dry_bean_uci,dry_bean_uci,131,131
tuning_train,shil,38,4081,3264,817,680,,3.9511175067164,0,,dry_bean_uci,dry_bean_uci,131,131
tuning_train,shil,39,4085,3268,817,680,,3.91891406988725,0,,dry_bean_uci,dry_bean_uci,131,131
final_development,shil,0,5443,4354,1089,680,,5.253333720844239,0,,dry_bean_uci,dry_bean_uci,131,131
final_development,shil,1,5445,4356,1089,680,,5.330302622169256,0,,dry_bean_uci,dry_bean_uci,131,131
final_development,shil,2,5443,4354,1089,680,,5.34268916817382,0,,dry_bean_uci,dry_bean_uci,131,131
final_development,shil,3,5445,4356,1089,680,,5.318098797928542,0,,dry_bean_uci,dry_bean_uci,131,131
final_development,shil,4,5443,4354,1089,680,,5.302278941962868,0,,dry_bean_uci,dry_bean_uci,131,131
final_development,shil,5,5445,4356,1089,680,,5.312613990157843,0,,dry_bean_uci,dry_bean_uci,131,131
final_development,shil,6,5443,4354,1089,680,,5.311352899298072,0,,dry_bean_uci,dry_bean_uci,131,131
final_development,shil,7,5445,4356,1089,680,,5.32407904881984,0,,dry_bean_uci,dry_bean_uci,131,131
final_development,shil,8,5443,4354,1089,680,,5.343911658041179,0,,dry_bean_uci,dry_bean_uci,131,131
final_development,shil,9,5445,4356,1089,680,,5.3298209379427135,0,,dry_bean_uci,dry_bean_uci,131,131
final_development,shil,10,5443,4354,1089,680,,5.318879444152117,0,,dry_bean_uci,dry_bean_uci,131,131
final_development,shil,11,5445,4356,1089,680,,5.328983730636537,0,,dry_bean_uci,dry_bean_uci,131,131
final_development,shil,12,5443,4354,1089,680,,5.327965882141143,0,,dry_bean_uci,dry_bean_uci,131,131
final_development,shil,13,5445,4356,1089,680,,5.32295259879902,0,,dry_bean_uci,dry_bean_uci,131,131
final_development,shil,14,5443,4354,1089,680,,5.328801969066262,0,,dry_bean_uci,dry_bean_uci,131,131
final_development,shil,15,5445,4356,1089,680,,5.346363320015371,0,,dry_bean_uci,dry_bean_uci,131,131
final_development,shil,16,5443,4354,1089,680,,5.337443962693214,0,,dry_bean_uci,dry_bean_uci,131,131
final_development,shil,17,5445,4356,1089,680,,5.330561545211822,0,,dry_bean_uci,dry_bean_uci,131,131
final_development,shil,18,5443,4354,1089,680,,5.323463683947921,0,,dry_bean_uci,dry_bean_uci,131,131
final_development,shil,19,5445,4356,1089,680,,5.419973952230066,0,,dry_bean_uci,dry_bean_uci,131,131
final_development,shil,20,5443,4354,1089,680,,5.335401345975697,0,,dry_bean_uci,dry_bean_uci,131,131
final_development,shil,21,5445,4356,1089,680,,5.325836264062673,0,,dry_bean_uci,dry_bean_uci,131,131
final_development,shil,22,5443,4354,1089,680,,5.36507952073589,0,,dry_bean_uci,dry_bean_uci,131,131
final_development,shil,23,5445,4356,1089,680,,5.342259524855763,0,,dry_bean_uci,dry_bean_uci,131,131
final_development,shil,24,5443,4354,1089,680,,5.339504062198103,0,,dry_bean_uci,dry_bean_uci,131,131
final_development,shil,25,5445,4356,1089,680,,5.335710147861391,0,,dry_bean_uci,dry_bean_uci,131,131
final_development,shil,26,5443,4354,1089,680,,5.318648522719741,0,,dry_bean_uci,dry_bean_uci,131,131
final_development,shil,27,5445,4356,1089,680,,5.324197490233928,0,,dry_bean_uci,dry_bean_uci,131,131
final_development,shil,28,5443,4354,1089,680,,5.3505995171144605,0,,dry_bean_uci,dry_bean_uci,131,131
final_development,shil,29,5445,4356,1089,680,,5.327175036072731,0,,dry_bean_uci,dry_bean_uci,131,131
final_development,shil,30,5443,4354,1089,680,,5.385635376907885,0,,dry_bean_uci,dry_bean_uci,131,131
final_development,shil,31,5445,4356,1089,680,,5.316990827675909,0,,dry_bean_uci,dry_bean_uci,131,131
final_development,shil,32,5443,4354,1089,680,,5.321910350117832,0,,dry_bean_uci,dry_bean_uci,131,131
final_development,shil,33,5445,4356,1089,680,,5.344881067983806,0,,dry_bean_uci,dry_bean_uci,131,131
final_development,shil,34,5443,4354,1089,680,,5.354532510973513,0,,dry_bean_uci,dry_bean_uci,131,131
final_development,shil,35,5445,4356,1089,680,,5.32408460881561,0,,dry_bean_uci,dry_bean_uci,131,131
final_development,shil,36,5443,4354,1089,680,,5.325142219197005,0,,dry_bean_uci,dry_bean_uci,131,131
final_development,shil,37,5445,4356,1089,680,,5.323163841385394,0,,dry_bean_uci,dry_bean_uci,131,131
final_development,shil,38,5443,4354,1089,680,,5.349936351645738,0,,dry_bean_uci,dry_bean_uci,131,131
final_development,shil,39,5445,4356,1089,680,,3.844673872925341,0,,dry_bean_uci,dry_bean_uci,131,131
tuning_train,l1,0,4081,3264,817,530,0.25,268.1373618450016,0,,dry_bean_uci,dry_bean_uci,131,131
tuning_train,l1,1,4085,3268,817,679,1.0,246.9830567380413,0,,dry_bean_uci,dry_bean_uci,131,131
tuning_train,l1,2,4081,3264,817,680,1.0,247.9919367628172,0,,dry_bean_uci,dry_bean_uci,131,131
tuning_train,l1,3,4085,3268,817,677,1.0,271.28102373704314,0,,dry_bean_uci,dry_bean_uci,131,131
tuning_train,l1,4,4081,3264,817,680,1.0,252.2973009608686,0,,dry_bean_uci,dry_bean_uci,131,131
tuning_train,l1,5,4085,3268,817,680,1.0,245.6649109707214,0,,dry_bean_uci,dry_bean_uci,131,131
tuning_train,l1,6,4081,3264,817,680,1.0,250.84176341909915,0,,dry_bean_uci,dry_bean_uci,131,131
tuning_train,l1,7,4085,3268,817,527,0.25,259.82166195008904,0,,dry_bean_uci,dry_bean_uci,131,131
tuning_train,l1,8,4081,3264,817,676,1.0,266.9886653861031,0,,dry_bean_uci,dry_bean_uci,131,131
tuning_train,l1,9,4085,3268,817,679,1.0,246.3568613799289,0,,dry_bean_uci,dry_bean_uci,131,131
tuning_train,l1,10,4081,3264,817,680,1.0,255.54457543464375,0,,dry_bean_uci,dry_bean_uci,131,131
tuning_train,l1,11,4085,3268,817,680,1.0,251.6623555500992,0,,dry_bean_uci,dry_bean_uci,131,131
tuning_train,l1,12,4081,3264,817,679,1.0,250.8336181808263,0,,dry_bean_uci,dry_bean_uci,131,131
tuning_train,l1,13,4085,3268,817,680,1.0,266.8231931971386,0,,dry_bean_uci,dry_bean_uci,131,131
tuning_train,l1,14,4081,3264,817,678,1.0,251.88195514911783,0,,dry_bean_uci,dry_bean_uci,131,131
tuning_train,l1,15,4085,3268,817,674,1.0,261.74941531568766,0,,dry_bean_uci,dry_bean_uci,131,131
tuning_train,l1,16,4081,3264,817,671,1.0,254.0299552702345,0,,dry_bean_uci,dry_bean_uci,131,131
tuning_train,l1,17,4085,3268,817,680,1.0,254.3113422342576,0,,dry_bean_uci,dry_bean_uci,131,131
tuning_train,l1,18,4081,3264,817,665,1.0,272.1636974490248,0,,dry_bean_uci,dry_bean_uci,131,131
tuning_train,l1,19,4085,3268,817,680,1.0,251.6154582370073,0,,dry_bean_uci,dry_bean_uci,131,131
tuning_train,l1,20,4081,3264,817,680,1.0,281.76518712798133,0,,dry_bean_uci,dry_bean_uci,131,131
tuning_train,l1,21,4085,3268,817,666,1.0,250.2754956819117,0,,dry_bean_uci,dry_bean_uci,131,131
tuning_train,l1,22,4081,3264,817,680,1.0,259.727943316102,0,,dry_bean_uci,dry_bean_uci,131,131
tuning_train,l1,23,4085,3268,817,676,1.0,249.57687039813027,0,,dry_bean_uci,dry_bean_uci,131,131
tuning_train,l1,24,4081,3264,817,677,1.0,249.03618577867744,0,,dry_bean_uci,dry_bean_uci,131,131
tuning_train,l1,25,4085,3268,817,680,1.0,257.98596185212955,0,,dry_bean_uci,dry_bean_uci,131,131
tuning_train,l1,26,4081,3264,817,680,1.0,260.46118327369913,0,,dry_bean_uci,dry_bean_uci,131,131
tuning_train,l1,27,4085,3268,817,679,1.0,256.2659682407975,0,,dry_bean_uci,dry_bean_uci,131,131
tuning_train,l1,28,4081,3264,817,513,0.25,247.16298391204327,0,,dry_bean_uci,dry_bean_uci,131,131
tuning_train,l1,29,4085,3268,817,600,0.25,265.9232843136415,0,,dry_bean_uci,dry_bean_uci,131,131
tuning_train,l1,30,4081,3264,817,677,1.0,246.4373607551679,0,,dry_bean_uci,dry_bean_uci,131,131
tuning_train,l1,31,4085,3268,817,580,0.25,258.2066611186601,0,,dry_bean_uci,dry_bean_uci,131,131
tuning_train,l1,32,4081,3264,817,562,0.25,260.060189651791,0,,dry_bean_uci,dry_bean_uci,131,131
tuning_train,l1,33,4085,3268,817,680,1.0,248.4132756497711,0,,dry_bean_uci,dry_bean_uci,131,131
tuning_train,l1,34,4081,3264,817,661,1.0,239.60929328529164,0,,dry_bean_uci,dry_bean_uci,131,131
tuning_train,l1,35,4085,3268,817,677,1.0,259.4782343027182,0,,dry_bean_uci,dry_bean_uci,131,131
tuning_train,l1,36,4081,3264,817,680,1.0,265.4044698639773,0,,dry_bean_uci,dry_bean_uci,131,131
tuning_train,l1,37,4085,3268,817,680,1.0,241.5820596087724,0,,dry_bean_uci,dry_bean_uci,131,131
tuning_train,l1,38,4081,3264,817,674,1.0,249.43410109216347,0,,dry_bean_uci,dry_bean_uci,131,131
tuning_train,l1,39,4085,3268,817,672,1.0,261.2853798661381,0,,dry_bean_uci,dry_bean_uci,131,131
final_development,l1,0,5443,4354,1089,631,0.25,367.6695710257627,0,,dry_bean_uci,dry_bean_uci,131,131
final_development,l1,1,5445,4356,1089,674,1.0,322.6402107970789,0,,dry_bean_uci,dry_bean_uci,131,131
final_development,l1,2,5443,4354,1089,675,1.0,365.7081689829938,0,,dry_bean_uci,dry_bean_uci,131,131
final_development,l1,3,5445,4356,1089,623,0.25,323.66945506772026,0,,dry_bean_uci,dry_bean_uci,131,131
final_development,l1,4,5443,4354,1089,680,1.0,356.82841756008565,0,,dry_bean_uci,dry_bean_uci,131,131
final_development,l1,5,5445,4356,1089,565,0.25,328.40785569511354,0,,dry_bean_uci,dry_bean_uci,131,131
final_development,l1,6,5443,4354,1089,676,1.0,328.18060120521113,0,,dry_bean_uci,dry_bean_uci,131,131
final_development,l1,7,5445,4356,1089,680,1.0,340.4824467501603,0,,dry_bean_uci,dry_bean_uci,131,131
final_development,l1,8,5443,4354,1089,679,1.0,353.1034394698217,0,,dry_bean_uci,dry_bean_uci,131,131
final_development,l1,9,5445,4356,1089,666,1.0,324.0922096860595,0,,dry_bean_uci,dry_bean_uci,131,131
final_development,l1,10,5443,4354,1089,495,0.25,328.296953975223,0,,dry_bean_uci,dry_bean_uci,131,131
final_development,l1,11,5445,4356,1089,680,1.0,337.41754787787795,0,,dry_bean_uci,dry_bean_uci,131,131
final_development,l1,12,5443,4354,1089,680,1.0,347.77410977799445,0,,dry_bean_uci,dry_bean_uci,131,131
final_development,l1,13,5445,4356,1089,639,0.25,309.7471046159044,0,,dry_bean_uci,dry_bean_uci,131,131
final_development,l1,14,5443,4354,1089,679,1.0,320.0304761836305,0,,dry_bean_uci,dry_bean_uci,131,131
final_development,l1,15,5445,4356,1089,671,1.0,339.3027888080105,0,,dry_bean_uci,dry_bean_uci,131,131
final_development,l1,16,5443,4354,1089,680,1.0,314.6924422169104,0,,dry_bean_uci,dry_bean_uci,131,131
final_development,l1,17,5445,4356,1089,679,1.0,355.0148163177073,0,,dry_bean_uci,dry_bean_uci,131,131
final_development,l1,18,5443,4354,1089,680,1.0,341.5810494911857,0,,dry_bean_uci,dry_bean_uci,131,131
final_development,l1,19,5445,4356,1089,602,0.25,329.49794666515663,0,,dry_bean_uci,dry_bean_uci,131,131
final_development,l1,20,5443,4354,1089,608,0.25,347.1048983819783,0,,dry_bean_uci,dry_bean_uci,131,131
final_development,l1,21,5445,4356,1089,597,0.25,324.90822349023074,0,,dry_bean_uci,dry_bean_uci,131,131
final_development,l1,22,5443,4354,1089,680,1.0,325.8373961318284,0,,dry_bean_uci,dry_bean_uci,131,131
final_development,l1,23,5445,4356,1089,680,1.0,338.7470166939311,0,,dry_bean_uci,dry_bean_uci,131,131
final_development,l1,24,5443,4354,1089,677,1.0,328.9632293269969,0,,dry_bean_uci,dry_bean_uci,131,131
final_development,l1,25,5445,4356,1089,540,0.25,325.7766028409824,0,,dry_bean_uci,dry_bean_uci,131,131
final_development,l1,26,5443,4354,1089,672,1.0,341.59439310478047,0,,dry_bean_uci,dry_bean_uci,131,131
final_development,l1,27,5445,4356,1089,586,0.25,333.27740723034367,0,,dry_bean_uci,dry_bean_uci,131,131
final_development,l1,28,5443,4354,1089,678,1.0,346.0629485603422,0,,dry_bean_uci,dry_bean_uci,131,131
final_development,l1,29,5445,4356,1089,680,1.0,320.3142859931104,0,,dry_bean_uci,dry_bean_uci,131,131
final_development,l1,30,5443,4354,1089,677,1.0,320.2100004241802,0,,dry_bean_uci,dry_bean_uci,131,131
final_development,l1,31,5445,4356,1089,619,0.25,342.1970363482833,0,,dry_bean_uci,dry_bean_uci,131,131
final_development,l1,32,5443,4354,1089,679,1.0,347.5830075372942,0,,dry_bean_uci,dry_bean_uci,131,131
final_development,l1,33,5445,4356,1089,677,1.0,324.654874403961,0,,dry_bean_uci,dry_bean_uci,131,131
final_development,l1,34,5443,4354,1089,680,1.0,330.2372034448199,0,,dry_bean_uci,dry_bean_uci,131,131
final_development,l1,35,5445,4356,1089,673,1.0,332.40747952321544,0,,dry_bean_uci,dry_bean_uci,131,131
final_development,l1,36,5443,4354,1089,680,1.0,327.1028454611078,0,,dry_bean_uci,dry_bean_uci,131,131
final_development,l1,37,5445,4356,1089,612,0.25,321.3129761470482,0,,dry_bean_uci,dry_bean_uci,131,131
final_development,l1,38,5443,4354,1089,676,1.0,324.16755766188726,0,,dry_bean_uci,dry_bean_uci,131,131
final_development,l1,39,5445,4356,1089,680,1.0,359.55436219275,0,,dry_bean_uci,dry_bean_uci,131,131
tuning_train,shil,0,4081,3264,817,680,,3.9211307279765606,0,,dry_bean_uci,dry_bean_uci,157,157
tuning_train,shil,1,4085,3268,817,680,,3.472870842088014,0,,dry_bean_uci,dry_bean_uci,157,157
tuning_train,shil,2,4081,3264,817,680,,3.97541691409424,0,,dry_bean_uci,dry_bean_uci,157,157
tuning_train,shil,3,4085,3268,817,680,,3.9318168996833274,0,,dry_bean_uci,dry_bean_uci,157,157
tuning_train,shil,4,4081,3264,817,680,,3.931308776140213,0,,dry_bean_uci,dry_bean_uci,157,157
tuning_train,shil,5,4085,3268,817,680,,3.115699376910925,0,,dry_bean_uci,dry_bean_uci,157,157
tuning_train,shil,6,4081,3264,817,680,,3.9275162229314446,0,,dry_bean_uci,dry_bean_uci,157,157
tuning_train,shil,7,4085,3268,817,680,,3.948521082755178,0,,dry_bean_uci,dry_bean_uci,157,157
tuning_train,shil,8,4081,3264,817,680,,3.85825142916292,0,,dry_bean_uci,dry_bean_uci,157,157
tuning_train,shil,9,4085,3268,817,680,,3.9380599139258265,0,,dry_bean_uci,dry_bean_uci,157,157
tuning_train,shil,10,4081,3264,817,680,,3.933895317837596,0,,dry_bean_uci,dry_bean_uci,157,157
tuning_train,shil,11,4085,3268,817,680,,3.671244983561337,0,,dry_bean_uci,dry_bean_uci,157,157
tuning_train,shil,12,4081,3264,817,680,,3.917800220195204,0,,dry_bean_uci,dry_bean_uci,157,157
tuning_train,shil,13,4085,3268,817,680,,3.923095626290888,0,,dry_bean_uci,dry_bean_uci,157,157
tuning_train,shil,14,4081,3264,817,680,,3.905410754028708,0,,dry_bean_uci,dry_bean_uci,157,157
tuning_train,shil,15,4085,3268,817,680,,3.921561973169446,0,,dry_bean_uci,dry_bean_uci,157,157
tuning_train,shil,16,4081,3264,817,680,,3.928634913172573,0,,dry_bean_uci,dry_bean_uci,157,157
tuning_train,shil,17,4085,3268,817,680,,3.975731037091464,0,,dry_bean_uci,dry_bean_uci,157,157
tuning_train,shil,18,4081,3264,817,680,,3.916846532374621,0,,dry_bean_uci,dry_bean_uci,157,157
tuning_train,shil,19,4085,3268,817,680,,3.933695797342807,0,,dry_bean_uci,dry_bean_uci,157,157
tuning_train,shil,20,4081,3264,817,680,,3.933184552937746,0,,dry_bean_uci,dry_bean_uci,157,157
tuning_train,shil,21,4085,3268,817,680,,3.93469016533345,0,,dry_bean_uci,dry_bean_uci,157,157
tuning_train,shil,22,4081,3264,817,680,,3.913090059999377,0,,dry_bean_uci,dry_bean_uci,157,157
tuning_train,shil,23,4085,3268,817,680,,3.914287310093641,0,,dry_bean_uci,dry_bean_uci,157,157
tuning_train,shil,24,4081,3264,817,680,,3.917741139885038,0,,dry_bean_uci,dry_bean_uci,157,157
tuning_train,shil,25,4085,3268,817,680,,3.957181478850544,0,,dry_bean_uci,dry_bean_uci,157,157
tuning_train,shil,26,4081,3264,817,680,,3.976314723026008,0,,dry_bean_uci,dry_bean_uci,157,157
tuning_train,shil,27,4085,3268,817,680,,3.927960307337344,0,,dry_bean_uci,dry_bean_uci,157,157
tuning_train,shil,28,4081,3264,817,680,,3.936623062007129,0,,dry_bean_uci,dry_bean_uci,157,157
tuning_train,shil,29,4085,3268,817,680,,3.9624754432588816,0,,dry_bean_uci,dry_bean_uci,157,157
tuning_train,shil,30,4081,3264,817,680,,3.915523679926992,0,,dry_bean_uci,dry_bean_uci,157,157
tuning_train,shil,31,4085,3268,817,680,,3.918984870892018,0,,dry_bean_uci,dry_bean_uci,157,157
tuning_train,shil,32,4081,3264,817,680,,4.1096315062604845,0,,dry_bean_uci,dry_bean_uci,157,157
tuning_train,shil,33,4085,3268,817,680,,3.9509793049655855,0,,dry_bean_uci,dry_bean_uci,157,157
tuning_train,shil,34,4081,3264,817,680,,3.92572960909456,0,,dry_bean_uci,dry_bean_uci,157,157
tuning_train,shil,35,4085,3268,817,680,,3.953904569614679,0,,dry_bean_uci,dry_bean_uci,157,157
tuning_train,shil,36,4081,3264,817,680,,3.93534205108881,0,,dry_bean_uci,dry_bean_uci,157,157
tuning_train,shil,37,4085,3268,817,680,,3.943351839669049,0,,dry_bean_uci,dry_bean_uci,157,157
tuning_train,shil,38,4081,3264,817,680,,3.950841983780265,0,,dry_bean_uci,dry_bean_uci,157,157
tuning_train,shil,39,4085,3268,817,680,,3.9799676341935992,0,,dry_bean_uci,dry_bean_uci,157,157
final_development,shil,0,5443,4354,1089,680,,5.160898088011891,0,,dry_bean_uci,dry_bean_uci,157,157
final_development,shil,1,5445,4356,1089,680,,5.282427811063826,0,,dry_bean_uci,dry_bean_uci,157,157
final_development,shil,2,5443,4354,1089,680,,5.262332838959992,0,,dry_bean_uci,dry_bean_uci,157,157
final_development,shil,3,5445,4356,1089,680,,5.2244431539438665,0,,dry_bean_uci,dry_bean_uci,157,157
final_development,shil,4,5443,4354,1089,680,,5.237683427985758,0,,dry_bean_uci,dry_bean_uci,157,157
final_development,shil,5,5445,4356,1089,680,,5.226119047962129,0,,dry_bean_uci,dry_bean_uci,157,157
final_development,shil,6,5443,4354,1089,680,,5.233171788975596,0,,dry_bean_uci,dry_bean_uci,157,157
final_development,shil,7,5445,4356,1089,680,,5.2482701181434095,0,,dry_bean_uci,dry_bean_uci,157,157
final_development,shil,8,5443,4354,1089,680,,5.290586842224002,0,,dry_bean_uci,dry_bean_uci,157,157
final_development,shil,9,5445,4356,1089,680,,5.22034723777324,0,,dry_bean_uci,dry_bean_uci,157,157
final_development,shil,10,5443,4354,1089,680,,5.230400165077299,0,,dry_bean_uci,dry_bean_uci,157,157
final_development,shil,11,5445,4356,1089,680,,5.256965432781726,0,,dry_bean_uci,dry_bean_uci,157,157
final_development,shil,12,5443,4354,1089,680,,5.263014324940741,0,,dry_bean_uci,dry_bean_uci,157,157
final_development,shil,13,5445,4356,1089,680,,5.251929869875312,0,,dry_bean_uci,dry_bean_uci,157,157
final_development,shil,14,5443,4354,1089,680,,5.247087347786874,0,,dry_bean_uci,dry_bean_uci,157,157
final_development,shil,15,5445,4356,1089,680,,5.24806991731748,0,,dry_bean_uci,dry_bean_uci,157,157
final_development,shil,16,5443,4354,1089,680,,5.273185772355646,0,,dry_bean_uci,dry_bean_uci,157,157
final_development,shil,17,5445,4356,1089,680,,5.280642915982753,0,,dry_bean_uci,dry_bean_uci,157,157
final_development,shil,18,5443,4354,1089,680,,5.237008702009916,0,,dry_bean_uci,dry_bean_uci,157,157
final_development,shil,19,5445,4356,1089,680,,5.2587006483227015,0,,dry_bean_uci,dry_bean_uci,157,157
final_development,shil,20,5443,4354,1089,680,,5.250513818114996,0,,dry_bean_uci,dry_bean_uci,157,157
final_development,shil,21,5445,4356,1089,680,,5.2598826992325485,0,,dry_bean_uci,dry_bean_uci,157,157
final_development,shil,22,5443,4354,1089,680,,5.265927909873426,0,,dry_bean_uci,dry_bean_uci,157,157
final_development,shil,23,5445,4356,1089,680,,5.280203672125936,0,,dry_bean_uci,dry_bean_uci,157,157
final_development,shil,24,5443,4354,1089,680,,5.253117400221527,0,,dry_bean_uci,dry_bean_uci,157,157
final_development,shil,25,5445,4356,1089,680,,5.249902972020209,0,,dry_bean_uci,dry_bean_uci,157,157
final_development,shil,26,5443,4354,1089,680,,5.239348482340574,0,,dry_bean_uci,dry_bean_uci,157,157
final_development,shil,27,5445,4356,1089,680,,5.214283427223563,0,,dry_bean_uci,dry_bean_uci,157,157
final_development,shil,28,5443,4354,1089,680,,5.26133711123839,0,,dry_bean_uci,dry_bean_uci,157,157
final_development,shil,29,5445,4356,1089,680,,5.244786168914288,0,,dry_bean_uci,dry_bean_uci,157,157
final_development,shil,30,5443,4354,1089,680,,5.259999419096857,0,,dry_bean_uci,dry_bean_uci,157,157
final_development,shil,31,5445,4356,1089,680,,5.292078814934939,0,,dry_bean_uci,dry_bean_uci,157,157
final_development,shil,32,5443,4354,1089,680,,5.236891061067581,0,,dry_bean_uci,dry_bean_uci,157,157
final_development,shil,33,5445,4356,1089,680,,5.265231663826853,0,,dry_bean_uci,dry_bean_uci,157,157
final_development,shil,34,5443,4354,1089,680,,4.639022530056536,0,,dry_bean_uci,dry_bean_uci,157,157
final_development,shil,35,5445,4356,1089,680,,5.262113478034735,0,,dry_bean_uci,dry_bean_uci,157,157
final_development,shil,36,5443,4354,1089,680,,5.237716309260577,0,,dry_bean_uci,dry_bean_uci,157,157
final_development,shil,37,5445,4356,1089,680,,5.224665315821767,0,,dry_bean_uci,dry_bean_uci,157,157
final_development,shil,38,5443,4354,1089,680,,5.23857551580295,0,,dry_bean_uci,dry_bean_uci,157,157
final_development,shil,39,5445,4356,1089,680,,5.254266490694135,0,,dry_bean_uci,dry_bean_uci,157,157
tuning_train,l1,0,4081,3264,817,680,1.0,253.2137580080889,0,,dry_bean_uci,dry_bean_uci,157,157
tuning_train,l1,1,4085,3268,817,680,1.0,260.7041543186642,0,,dry_bean_uci,dry_bean_uci,157,157
tuning_train,l1,2,4081,3264,817,680,1.0,257.532192543149,0,,dry_bean_uci,dry_bean_uci,157,157
tuning_train,l1,3,4085,3268,817,674,1.0,251.96892427001148,0,,dry_bean_uci,dry_bean_uci,157,157
tuning_train,l1,4,4081,3264,817,678,1.0,245.6092556612566,0,,dry_bean_uci,dry_bean_uci,157,157
tuning_train,l1,5,4085,3268,817,680,1.0,254.8500044802204,0,,dry_bean_uci,dry_bean_uci,157,157
tuning_train,l1,6,4081,3264,817,550,0.25,255.11399583378807,0,,dry_bean_uci,dry_bean_uci,157,157
tuning_train,l1,7,4085,3268,817,680,1.0,259.24017428280786,0,,dry_bean_uci,dry_bean_uci,157,157
tuning_train,l1,8,4081,3264,817,676,1.0,269.3111785398796,0,,dry_bean_uci,dry_bean_uci,157,157
tuning_train,l1,9,4085,3268,817,675,1.0,256.00929718418047,0,,dry_bean_uci,dry_bean_uci,157,157
tuning_train,l1,10,4081,3264,817,680,1.0,245.1956625641324,0,,dry_bean_uci,dry_bean_uci,157,157
tuning_train,l1,11,4085,3268,817,552,0.25,262.0638522421941,0,,dry_bean_uci,dry_bean_uci,157,157
tuning_train,l1,12,4081,3264,817,680,1.0,254.60220818175003,0,,dry_bean_uci,dry_bean_uci,157,157
tuning_train,l1,13,4085,3268,817,676,1.0,265.55002581421286,0,,dry_bean_uci,dry_bean_uci,157,157
tuning_train,l1,14,4081,3264,817,508,0.25,258.3207647111267,0,,dry_bean_uci,dry_bean_uci,157,157
tuning_train,l1,15,4085,3268,817,680,1.0,262.60264232289046,0,,dry_bean_uci,dry_bean_uci,157,157
tuning_train,l1,16,4081,3264,817,673,1.0,258.90531800175086,0,,dry_bean_uci,dry_bean_uci,157,157
tuning_train,l1,17,4085,3268,817,674,1.0,260.0335457678884,0,,dry_bean_uci,dry_bean_uci,157,157
tuning_train,l1,18,4081,3264,817,564,0.25,258.2726762057282,0,,dry_bean_uci,dry_bean_uci,157,157
tuning_train,l1,19,4085,3268,817,680,1.0,260.7426414103247,0,,dry_bean_uci,dry_bean_uci,157,157
tuning_train,l1,20,4081,3264,817,666,1.0,262.4274122249335,0,,dry_bean_uci,dry_bean_uci,157,157
tuning_train,l1,21,4085,3268,817,513,0.25,253.7178175910376,0,,dry_bean_uci,dry_bean_uci,157,157
tuning_train,l1,22,4081,3264,817,669,1.0,253.2900603921153,0,,dry_bean_uci,dry_bean_uci,157,157
tuning_train,l1,23,4085,3268,817,680,1.0,256.1670973338187,0,,dry_bean_uci,dry_bean_uci,157,157
tuning_train,l1,24,4081,3264,817,680,1.0,256.85627821134403,0,,dry_bean_uci,dry_bean_uci,157,157
tuning_train,l1,25,4085,3268,817,679,1.0,252.4099714262411,0,,dry_bean_uci,dry_bean_uci,157,157
tuning_train,l1,26,4081,3264,817,612,0.25,254.7865701187402,0,,dry_bean_uci,dry_bean_uci,157,157
tuning_train,l1,27,4085,3268,817,678,1.0,247.75074150180444,0,,dry_bean_uci,dry_bean_uci,157,157
tuning_train,l1,28,4081,3264,817,674,1.0,250.571261475794,0,,dry_bean_uci,dry_bean_uci,157,157
tuning_train,l1,29,4085,3268,817,584,0.25,261.7561511299573,0,,dry_bean_uci,dry_bean_uci,157,157
tuning_train,l1,30,4081,3264,817,668,1.0,278.1798479342833,0,,dry_bean_uci,dry_bean_uci,157,157
tuning_train,l1,31,4085,3268,817,678,1.0,252.94565804768357,0,,dry_bean_uci,dry_bean_uci,157,157
tuning_train,l1,32,4081,3264,817,566,0.25,252.917376908008,0,,dry_bean_uci,dry_bean_uci,157,157
tuning_train,l1,33,4085,3268,817,680,1.0,258.12899784138426,0,,dry_bean_uci,dry_bean_uci,157,157
tuning_train,l1,34,4081,3264,817,678,1.0,260.54439182626083,0,,dry_bean_uci,dry_bean_uci,157,157
tuning_train,l1,35,4085,3268,817,679,1.0,253.12250164011493,0,,dry_bean_uci,dry_bean_uci,157,157
tuning_train,l1,36,4081,3264,817,672,1.0,249.54083040589467,0,,dry_bean_uci,dry_bean_uci,157,157
tuning_train,l1,37,4085,3268,817,677,1.0,265.5095149790868,0,,dry_bean_uci,dry_bean_uci,157,157
tuning_train,l1,38,4081,3264,817,674,1.0,283.7008538451046,0,,dry_bean_uci,dry_bean_uci,157,157
tuning_train,l1,39,4085,3268,817,679,1.0,252.24305149680004,0,,dry_bean_uci,dry_bean_uci,157,157
final_development,l1,0,5443,4354,1089,618,0.25,334.8948151618242,0,,dry_bean_uci,dry_bean_uci,157,157
final_development,l1,1,5445,4356,1089,680,1.0,317.46788318408653,0,,dry_bean_uci,dry_bean_uci,157,157
final_development,l1,2,5443,4354,1089,592,0.25,322.90072581823915,0,,dry_bean_uci,dry_bean_uci,157,157
final_development,l1,3,5445,4356,1089,677,1.0,331.4873628220521,0,,dry_bean_uci,dry_bean_uci,157,157
final_development,l1,4,5443,4354,1089,595,0.25,322.4715161370113,0,,dry_bean_uci,dry_bean_uci,157,157
final_development,l1,5,5445,4356,1089,673,1.0,349.84130109706894,0,,dry_bean_uci,dry_bean_uci,157,157
final_development,l1,6,5443,4354,1089,677,1.0,322.64801119314507,0,,dry_bean_uci,dry_bean_uci,157,157
final_development,l1,7,5445,4356,1089,680,1.0,329.1767599810846,0,,dry_bean_uci,dry_bean_uci,157,157
final_development,l1,8,5443,4354,1089,680,1.0,335.9232936729677,0,,dry_bean_uci,dry_bean_uci,157,157
final_development,l1,9,5445,4356,1089,680,1.0,329.7983191749081,0,,dry_bean_uci,dry_bean_uci,157,157
final_development,l1,10,5443,4354,1089,673,1.0,332.98676997516304,0,,dry_bean_uci,dry_bean_uci,157,157
final_development,l1,11,5445,4356,1089,673,1.0,324.1864790050313,0,,dry_bean_uci,dry_bean_uci,157,157
final_development,l1,12,5443,4354,1089,679,1.0,337.2755483258516,0,,dry_bean_uci,dry_bean_uci,157,157
final_development,l1,13,5445,4356,1089,678,1.0,324.0207508089952,0,,dry_bean_uci,dry_bean_uci,157,157
final_development,l1,14,5443,4354,1089,677,1.0,340.8247094131075,0,,dry_bean_uci,dry_bean_uci,157,157
final_development,l1,15,5445,4356,1089,581,0.25,315.4154152451083,0,,dry_bean_uci,dry_bean_uci,157,157
final_development,l1,16,5443,4354,1089,674,1.0,367.3743635937572,0,,dry_bean_uci,dry_bean_uci,157,157
final_development,l1,17,5445,4356,1089,588,0.25,319.1870447359979,0,,dry_bean_uci,dry_bean_uci,157,157
final_development,l1,18,5443,4354,1089,680,1.0,324.5429946538061,0,,dry_bean_uci,dry_bean_uci,157,157
final_development,l1,19,5445,4356,1089,676,1.0,355.7288020919077,0,,dry_bean_uci,dry_bean_uci,157,157
final_development,l1,20,5443,4354,1089,676,1.0,330.78504931088537,0,,dry_bean_uci,dry_bean_uci,157,157
final_development,l1,21,5445,4356,1089,674,1.0,333.2245001588017,0,,dry_bean_uci,dry_bean_uci,157,157
final_development,l1,22,5443,4354,1089,680,1.0,310.39912276528776,0,,dry_bean_uci,dry_bean_uci,157,157
final_development,l1,23,5445,4356,1089,680,1.0,354.2130164774135,0,,dry_bean_uci,dry_bean_uci,157,157
final_development,l1,24,5443,4354,1089,609,0.25,326.77093333005905,0,,dry_bean_uci,dry_bean_uci,157,157
final_development,l1,25,5445,4356,1089,680,1.0,330.5373786841519,0,,dry_bean_uci,dry_bean_uci,157,157
final_development,l1,26,5443,4354,1089,559,0.25,328.222077190876,0,,dry_bean_uci,dry_bean_uci,157,157
final_development,l1,27,5445,4356,1089,679,1.0,335.8888270589523,0,,dry_bean_uci,dry_bean_uci,157,157
final_development,l1,28,5443,4354,1089,625,0.25,327.1063304971904,0,,dry_bean_uci,dry_bean_uci,157,157
final_development,l1,29,5445,4356,1089,666,1.0,332.61795141221955,0,,dry_bean_uci,dry_bean_uci,157,157
final_development,l1,30,5443,4354,1089,679,1.0,325.5588564001955,0,,dry_bean_uci,dry_bean_uci,157,157
final_development,l1,31,5445,4356,1089,545,0.25,340.27560808090493,0,,dry_bean_uci,dry_bean_uci,157,157
final_development,l1,32,5443,4354,1089,680,1.0,361.0593861797825,0,,dry_bean_uci,dry_bean_uci,157,157
final_development,l1,33,5445,4356,1089,597,0.25,326.3034253939986,0,,dry_bean_uci,dry_bean_uci,157,157
final_development,l1,34,5443,4354,1089,679,1.0,331.3731648111716,0,,dry_bean_uci,dry_bean_uci,157,157
final_development,l1,35,5445,4356,1089,677,1.0,333.32039318513125,0,,dry_bean_uci,dry_bean_uci,157,157
final_development,l1,36,5443,4354,1089,679,1.0,323.0728127188049,0,,dry_bean_uci,dry_bean_uci,157,157
final_development,l1,37,5445,4356,1089,665,1.0,357.5232868711464,0,,dry_bean_uci,dry_bean_uci,157,157
final_development,l1,38,5443,4354,1089,680,1.0,327.97489663772285,0,,dry_bean_uci,dry_bean_uci,157,157
final_development,l1,39,5445,4356,1089,680,1.0,337.17022021394223,0,,dry_bean_uci,dry_bean_uci,157,157
tuning_train,shil,0,4081,3264,817,680,,3.590689610224217,0,,dry_bean_uci,dry_bean_uci,181,181
tuning_train,shil,1,4085,3268,817,680,,3.6385624250397086,0,,dry_bean_uci,dry_bean_uci,181,181
tuning_train,shil,2,4081,3264,817,680,,3.6332373400218794,0,,dry_bean_uci,dry_bean_uci,181,181
tuning_train,shil,3,4085,3268,817,680,,2.0979667720384896,0,,dry_bean_uci,dry_bean_uci,181,181
tuning_train,shil,4,4081,3264,817,680,,1.0263969101943076,0,,dry_bean_uci,dry_bean_uci,181,181
tuning_train,shil,5,4085,3268,817,680,,3.2394674411043525,0,,dry_bean_uci,dry_bean_uci,181,181
tuning_train,shil,6,4081,3264,817,680,,3.6470794212073088,0,,dry_bean_uci,dry_bean_uci,181,181
tuning_train,shil,7,4085,3268,817,680,,3.692492334637791,0,,dry_bean_uci,dry_bean_uci,181,181
tuning_train,shil,8,4081,3264,817,680,,3.7174847116693854,0,,dry_bean_uci,dry_bean_uci,181,181
tuning_train,shil,9,4085,3268,817,680,,3.668451766017824,0,,dry_bean_uci,dry_bean_uci,181,181
tuning_train,shil,10,4081,3264,817,680,,3.661298104096204,0,,dry_bean_uci,dry_bean_uci,181,181
tuning_train,shil,11,4085,3268,817,680,,3.6709024677984416,0,,dry_bean_uci,dry_bean_uci,181,181
tuning_train,shil,12,4081,3264,817,680,,3.633649145253002,0,,dry_bean_uci,dry_bean_uci,181,181
tuning_train,shil,13,4085,3268,817,680,,3.703971595037729,0,,dry_bean_uci,dry_bean_uci,181,181
tuning_train,shil,14,4081,3264,817,680,,3.651265177410096,0,,dry_bean_uci,dry_bean_uci,181,181
tuning_train,shil,15,4085,3268,817,680,,3.650302369147539,0,,dry_bean_uci,dry_bean_uci,181,181
tuning_train,shil,16,4081,3264,817,680,,3.6737574925646186,0,,dry_bean_uci,dry_bean_uci,181,181
tuning_train,shil,17,4085,3268,817,680,,3.667678799945861,0,,dry_bean_uci,dry_bean_uci,181,181
tuning_train,shil,18,4081,3264,817,680,,3.675510627683252,0,,dry_bean_uci,dry_bean_uci,181,181
tuning_train,shil,19,4085,3268,817,680,,3.6686118077486753,0,,dry_bean_uci,dry_bean_uci,181,181
tuning_train,shil,20,4081,3264,817,680,,3.65089697483927,0,,dry_bean_uci,dry_bean_uci,181,181
tuning_train,shil,21,4085,3268,817,680,,3.661061304155737,0,,dry_bean_uci,dry_bean_uci,181,181
tuning_train,shil,22,4081,3264,817,680,,3.6631773207336655,0,,dry_bean_uci,dry_bean_uci,181,181
tuning_train,shil,23,4085,3268,817,680,,3.669076732825488,0,,dry_bean_uci,dry_bean_uci,181,181
tuning_train,shil,24,4081,3264,817,680,,3.651824183296412,0,,dry_bean_uci,dry_bean_uci,181,181
tuning_train,shil,25,4085,3268,817,680,,3.724552094936371,0,,dry_bean_uci,dry_bean_uci,181,181
tuning_train,shil,26,4081,3264,817,680,,3.6667137132026255,0,,dry_bean_uci,dry_bean_uci,181,181
tuning_train,shil,27,4085,3268,817,680,,3.643994396086782,0,,dry_bean_uci,dry_bean_uci,181,181
tuning_train,shil,28,4081,3264,817,680,,3.639035472646356,0,,dry_bean_uci,dry_bean_uci,181,181
tuning_train,shil,29,4085,3268,817,680,,3.688311740756035,0,,dry_bean_uci,dry_bean_uci,181,181
tuning_train,shil,30,4081,3264,817,680,,3.630676040891558,0,,dry_bean_uci,dry_bean_uci,181,181
tuning_train,shil,31,4085,3268,817,680,,3.648633117321879,0,,dry_bean_uci,dry_bean_uci,181,181
tuning_train,shil,32,4081,3264,817,680,,3.635139999445528,0,,dry_bean_uci,dry_bean_uci,181,181
tuning_train,shil,33,4085,3268,817,680,,3.690834362991154,0,,dry_bean_uci,dry_bean_uci,181,181
tuning_train,shil,34,4081,3264,817,680,,3.6280242181383073,0,,dry_bean_uci,dry_bean_uci,181,181
tuning_train,shil,35,4085,3268,817,680,,3.643719915300608,0,,dry_bean_uci,dry_bean_uci,181,181
tuning_train,shil,36,4081,3264,817,680,,3.6145819006487727,0,,dry_bean_uci,dry_bean_uci,181,181
tuning_train,shil,37,4085,3268,817,680,,3.6254364759661257,0,,dry_bean_uci,dry_bean_uci,181,181
tuning_train,shil,38,4081,3264,817,680,,3.6960859689861536,0,,dry_bean_uci,dry_bean_uci,181,181
tuning_train,shil,39,4085,3268,817,680,,3.663148522842675,0,,dry_bean_uci,dry_bean_uci,181,181
final_development,shil,0,5443,4354,1089,680,,4.940188891254365,0,,dry_bean_uci,dry_bean_uci,181,181
final_development,shil,1,5445,4356,1089,680,,4.988428869750351,0,,dry_bean_uci,dry_bean_uci,181,181
final_development,shil,2,5443,4354,1089,680,,4.968139334116131,0,,dry_bean_uci,dry_bean_uci,181,181
final_development,shil,3,5445,4356,1089,680,,4.991921381093562,0,,dry_bean_uci,dry_bean_uci,181,181
final_development,shil,4,5443,4354,1089,680,,5.044555078260601,0,,dry_bean_uci,dry_bean_uci,181,181
final_development,shil,5,5445,4356,1089,680,,4.966955204959959,0,,dry_bean_uci,dry_bean_uci,181,181
final_development,shil,6,5443,4354,1089,680,,4.96040546707809,0,,dry_bean_uci,dry_bean_uci,181,181
final_development,shil,7,5445,4356,1089,680,,4.972654934041202,0,,dry_bean_uci,dry_bean_uci,181,181
final_development,shil,8,5443,4354,1089,680,,4.961147994268686,0,,dry_bean_uci,dry_bean_uci,181,181
final_development,shil,9,5445,4356,1089,680,,4.966949845198542,0,,dry_bean_uci,dry_bean_uci,181,181
final_development,shil,10,5443,4354,1089,680,,4.965863554738462,0,,dry_bean_uci,dry_bean_uci,181,181
final_development,shil,11,5445,4356,1089,680,,4.954630857799202,0,,dry_bean_uci,dry_bean_uci,181,181
final_development,shil,12,5443,4354,1089,680,,4.9809148870408535,0,,dry_bean_uci,dry_bean_uci,181,181
final_development,shil,13,5445,4356,1089,680,,5.0336377448402345,0,,dry_bean_uci,dry_bean_uci,181,181
final_development,shil,14,5443,4354,1089,680,,5.020153548102826,0,,dry_bean_uci,dry_bean_uci,181,181
final_development,shil,15,5445,4356,1089,680,,4.981791654601693,0,,dry_bean_uci,dry_bean_uci,181,181
final_development,shil,16,5443,4354,1089,680,,5.028632902074605,0,,dry_bean_uci,dry_bean_uci,181,181
final_development,shil,17,5445,4356,1089,680,,4.9855094878003,0,,dry_bean_uci,dry_bean_uci,181,181
final_development,shil,18,5443,4354,1089,680,,4.997202709782869,0,,dry_bean_uci,dry_bean_uci,181,181
final_development,shil,19,5445,4356,1089,680,,5.011243392247707,0,,dry_bean_uci,dry_bean_uci,181,181
final_development,shil,20,5443,4354,1089,680,,4.957301802933216,0,,dry_bean_uci,dry_bean_uci,181,181
final_development,shil,21,5445,4356,1089,680,,4.973067820072174,0,,dry_bean_uci,dry_bean_uci,181,181
final_development,shil,22,5443,4354,1089,680,,4.96932455804199,0,,dry_bean_uci,dry_bean_uci,181,181
final_development,shil,23,5445,4356,1089,680,,4.983791904058307,0,,dry_bean_uci,dry_bean_uci,181,181
final_development,shil,24,5443,4354,1089,680,,5.027417400851846,0,,dry_bean_uci,dry_bean_uci,181,181
final_development,shil,25,5445,4356,1089,680,,5.00100722303614,0,,dry_bean_uci,dry_bean_uci,181,181
final_development,shil,26,5443,4354,1089,680,,5.002339304890484,0,,dry_bean_uci,dry_bean_uci,181,181
final_development,shil,27,5445,4356,1089,680,,5.016399847343564,0,,dry_bean_uci,dry_bean_uci,181,181
final_development,shil,28,5443,4354,1089,680,,5.0602154661901295,0,,dry_bean_uci,dry_bean_uci,181,181
final_development,shil,29,5445,4356,1089,680,,4.99617222789675,0,,dry_bean_uci,dry_bean_uci,181,181
final_development,shil,30,5443,4354,1089,680,,5.029500162694603,0,,dry_bean_uci,dry_bean_uci,181,181
final_development,shil,31,5445,4356,1089,680,,5.005173079203814,0,,dry_bean_uci,dry_bean_uci,181,181
final_development,shil,32,5443,4354,1089,680,,4.995061628054828,0,,dry_bean_uci,dry_bean_uci,181,181
final_development,shil,33,5445,4356,1089,680,,4.992462996859103,0,,dry_bean_uci,dry_bean_uci,181,181
final_development,shil,34,5443,4354,1089,680,,5.001979500986636,0,,dry_bean_uci,dry_bean_uci,181,181
final_development,shil,35,5445,4356,1089,680,,4.98244609311223,0,,dry_bean_uci,dry_bean_uci,181,181
final_development,shil,36,5443,4354,1089,680,,4.999820101074874,0,,dry_bean_uci,dry_bean_uci,181,181
final_development,shil,37,5445,4356,1089,680,,4.997702631168068,0,,dry_bean_uci,dry_bean_uci,181,181
final_development,shil,38,5443,4354,1089,680,,4.972614738158882,0,,dry_bean_uci,dry_bean_uci,181,181
final_development,shil,39,5445,4356,1089,680,,5.00635583512485,0,,dry_bean_uci,dry_bean_uci,181,181
tuning_train,l1,0,4081,3264,817,680,1.0,254.1366818328388,0,,dry_bean_uci,dry_bean_uci,181,181
tuning_train,l1,1,4085,3268,817,680,1.0,255.30434952070937,0,,dry_bean_uci,dry_bean_uci,181,181
tuning_train,l1,2,4081,3264,817,671,1.0,249.04948729416355,0,,dry_bean_uci,dry_bean_uci,181,181
tuning_train,l1,3,4085,3268,817,680,1.0,249.5234317081049,0,,dry_bean_uci,dry_bean_uci,181,181
tuning_train,l1,4,4081,3264,817,582,0.25,242.9754321849905,0,,dry_bean_uci,dry_bean_uci,181,181
tuning_train,l1,5,4085,3268,817,680,1.0,249.96677508298308,0,,dry_bean_uci,dry_bean_uci,181,181
tuning_train,l1,6,4081,3264,817,678,1.0,251.73906677495688,0,,dry_bean_uci,dry_bean_uci,181,181
tuning_train,l1,7,4085,3268,817,676,1.0,252.8018558989279,0,,dry_bean_uci,dry_bean_uci,181,181
tuning_train,l1,8,4081,3264,817,674,1.0,243.12317321822047,0,,dry_bean_uci,dry_bean_uci,181,181
tuning_train,l1,9,4085,3268,817,673,1.0,251.3603184716776,0,,dry_bean_uci,dry_bean_uci,181,181
tuning_train,l1,10,4081,3264,817,680,1.0,258.7365000527352,0,,dry_bean_uci,dry_bean_uci,181,181
tuning_train,l1,11,4085,3268,817,675,1.0,251.5096443258226,0,,dry_bean_uci,dry_bean_uci,181,181
tuning_train,l1,12,4081,3264,817,680,1.0,257.56258973898366,0,,dry_bean_uci,dry_bean_uci,181,181
tuning_train,l1,13,4085,3268,817,678,1.0,251.9930160199292,0,,dry_bean_uci,dry_bean_uci,181,181
tuning_train,l1,14,4081,3264,817,678,1.0,258.4675093628466,0,,dry_bean_uci,dry_bean_uci,181,181
tuning_train,l1,15,4085,3268,817,679,1.0,242.27002905169505,0,,dry_bean_uci,dry_bean_uci,181,181
tuning_train,l1,16,4081,3264,817,680,1.0,249.59967303229496,0,,dry_bean_uci,dry_bean_uci,181,181
tuning_train,l1,17,4085,3268,817,558,0.25,249.4891581023112,0,,dry_bean_uci,dry_bean_uci,181,181
tuning_train,l1,18,4081,3264,817,680,1.0,238.69292635610327,0,,dry_bean_uci,dry_bean_uci,181,181
tuning_train,l1,19,4085,3268,817,575,0.25,257.0478749941103,0,,dry_bean_uci,dry_bean_uci,181,181
tuning_train,l1,20,4081,3264,817,680,1.0,255.40430508600548,0,,dry_bean_uci,dry_bean_uci,181,181
tuning_train,l1,21,4085,3268,817,668,1.0,247.02302841003984,0,,dry_bean_uci,dry_bean_uci,181,181
tuning_train,l1,22,4081,3264,817,680,1.0,253.3251978480257,0,,dry_bean_uci,dry_bean_uci,181,181
tuning_train,l1,23,4085,3268,817,680,1.0,251.99253467889503,0,,dry_bean_uci,dry_bean_uci,181,181
tuning_train,l1,24,4081,3264,817,674,1.0,266.77170485723764,0,,dry_bean_uci,dry_bean_uci,181,181
tuning_train,l1,25,4085,3268,817,679,1.0,251.3221067409031,0,,dry_bean_uci,dry_bean_uci,181,181
tuning_train,l1,26,4081,3264,817,680,1.0,238.6936392579228,0,,dry_bean_uci,dry_bean_uci,181,181
tuning_train,l1,27,4085,3268,817,679,1.0,258.39391556801274,0,,dry_bean_uci,dry_bean_uci,181,181
tuning_train,l1,28,4081,3264,817,679,1.0,251.91670047165823,0,,dry_bean_uci,dry_bean_uci,181,181
tuning_train,l1,29,4085,3268,817,680,1.0,250.71611579228195,0,,dry_bean_uci,dry_bean_uci,181,181
tuning_train,l1,30,4081,3264,817,509,0.25,248.05501944804564,0,,dry_bean_uci,dry_bean_uci,181,181
tuning_train,l1,31,4085,3268,817,678,1.0,253.9920294801705,0,,dry_bean_uci,dry_bean_uci,181,181
tuning_train,l1,32,4081,3264,817,680,1.0,255.98634922737256,0,,dry_bean_uci,dry_bean_uci,181,181
tuning_train,l1,33,4085,3268,817,677,1.0,252.78188215522096,0,,dry_bean_uci,dry_bean_uci,181,181
tuning_train,l1,34,4081,3264,817,673,1.0,243.12086028978229,0,,dry_bean_uci,dry_bean_uci,181,181
tuning_train,l1,35,4085,3268,817,678,1.0,250.64091228833425,0,,dry_bean_uci,dry_bean_uci,181,181
tuning_train,l1,36,4081,3264,817,676,1.0,245.4588469802402,0,,dry_bean_uci,dry_bean_uci,181,181
tuning_train,l1,37,4085,3268,817,679,1.0,255.17476395796984,0,,dry_bean_uci,dry_bean_uci,181,181
tuning_train,l1,38,4081,3264,817,680,1.0,248.72396881319585,0,,dry_bean_uci,dry_bean_uci,181,181
tuning_train,l1,39,4085,3268,817,669,1.0,243.5209226347506,0,,dry_bean_uci,dry_bean_uci,181,181
final_development,l1,0,5443,4354,1089,674,1.0,316.5896145021543,0,,dry_bean_uci,dry_bean_uci,181,181
final_development,l1,1,5445,4356,1089,590,0.25,331.89941122801974,0,,dry_bean_uci,dry_bean_uci,181,181
final_development,l1,2,5443,4354,1089,601,0.25,330.1448896303773,0,,dry_bean_uci,dry_bean_uci,181,181
final_development,l1,3,5445,4356,1089,584,0.25,317.2571498854086,0,,dry_bean_uci,dry_bean_uci,181,181
final_development,l1,4,5443,4354,1089,680,1.0,324.7686571627856,0,,dry_bean_uci,dry_bean_uci,181,181
final_development,l1,5,5445,4356,1089,678,1.0,323.6379651981406,0,,dry_bean_uci,dry_bean_uci,181,181
final_development,l1,6,5443,4354,1089,574,0.25,334.6345508052036,0,,dry_bean_uci,dry_bean_uci,181,181
final_development,l1,7,5445,4356,1089,680,1.0,325.0259685907513,0,,dry_bean_uci,dry_bean_uci,181,181
final_development,l1,8,5443,4354,1089,573,0.25,314.47728468617424,0,,dry_bean_uci,dry_bean_uci,181,181
final_development,l1,9,5445,4356,1089,676,1.0,338.1515618432313,0,,dry_bean_uci,dry_bean_uci,181,181
final_development,l1,10,5443,4354,1089,679,1.0,316.2009152788669,0,,dry_bean_uci,dry_bean_uci,181,181
final_development,l1,11,5445,4356,1089,547,0.25,320.68747125705704,0,,dry_bean_uci,dry_bean_uci,181,181
final_development,l1,12,5443,4354,1089,667,1.0,327.8633722141385,0,,dry_bean_uci,dry_bean_uci,181,181
final_development,l1,13,5445,4356,1089,680,1.0,323.9212693092413,0,,dry_bean_uci,dry_bean_uci,181,181
final_development,l1,14,5443,4354,1089,680,1.0,314.64099212689325,0,,dry_bean_uci,dry_bean_uci,181,181
final_development,l1,15,5445,4356,1089,585,0.25,329.0721109015867,0,,dry_bean_uci,dry_bean_uci,181,181
final_development,l1,16,5443,4354,1089,673,1.0,314.8618463249877,0,,dry_bean_uci,dry_bean_uci,181,181
final_development,l1,17,5445,4356,1089,677,1.0,354.80436268216,0,,dry_bean_uci,dry_bean_uci,181,181
final_development,l1,18,5443,4354,1089,594,0.25,345.51556100090966,0,,dry_bean_uci,dry_bean_uci,181,181
final_development,l1,19,5445,4356,1089,677,1.0,321.4261029330082,0,,dry_bean_uci,dry_bean_uci,181,181
final_development,l1,20,5443,4354,1089,679,1.0,319.88917787978426,0,,dry_bean_uci,dry_bean_uci,181,181
final_development,l1,21,5445,4356,1089,573,0.25,320.02018746593967,0,,dry_bean_uci,dry_bean_uci,181,181
final_development,l1,22,5443,4354,1089,676,1.0,337.7815262498334,0,,dry_bean_uci,dry_bean_uci,181,181
final_development,l1,23,5445,4356,1089,676,1.0,317.73498407844454,0,,dry_bean_uci,dry_bean_uci,181,181
final_development,l1,24,5443,4354,1089,678,1.0,319.8831785968505,0,,dry_bean_uci,dry_bean_uci,181,181
final_development,l1,25,5445,4356,1089,677,1.0,322.6592560140416,0,,dry_bean_uci,dry_bean_uci,181,181
final_development,l1,26,5443,4354,1089,678,1.0,331.7486071828753,0,,dry_bean_uci,dry_bean_uci,181,181
final_development,l1,27,5445,4356,1089,599,0.25,325.12047725589946,0,,dry_bean_uci,dry_bean_uci,181,181
final_development,l1,28,5443,4354,1089,680,1.0,315.791208546143,0,,dry_bean_uci,dry_bean_uci,181,181
final_development,l1,29,5445,4356,1089,669,1.0,334.6180174970068,0,,dry_bean_uci,dry_bean_uci,181,181
final_development,l1,30,5443,4354,1089,678,1.0,328.0860552601516,0,,dry_bean_uci,dry_bean_uci,181,181
final_development,l1,31,5445,4356,1089,679,1.0,325.78011660510674,0,,dry_bean_uci,dry_bean_uci,181,181
final_development,l1,32,5443,4354,1089,680,1.0,328.2143566668965,0,,dry_bean_uci,dry_bean_uci,181,181
final_development,l1,33,5445,4356,1089,671,1.0,316.2071601129137,0,,dry_bean_uci,dry_bean_uci,181,181
final_development,l1,34,5443,4354,1089,680,1.0,324.5198056572117,0,,dry_bean_uci,dry_bean_uci,181,181
final_development,l1,35,5445,4356,1089,680,1.0,314.041377116926,0,,dry_bean_uci,dry_bean_uci,181,181
final_development,l1,36,5443,4354,1089,680,1.0,336.9038034598343,0,,dry_bean_uci,dry_bean_uci,181,181
final_development,l1,37,5445,4356,1089,680,1.0,307.55187326669693,0,,dry_bean_uci,dry_bean_uci,181,181
final_development,l1,38,5443,4354,1089,680,1.0,320.2705745641142,0,,dry_bean_uci,dry_bean_uci,181,181
final_development,l1,39,5445,4356,1089,679,1.0,320.0043729231693,0,,dry_bean_uci,dry_bean_uci,181,181
