dataset,scenario,data_seed,split_seed,model,rank,edge,order,is_true_edge
dry_bean_uci,dry_bean_uci,11,11,L1-full,1,9-10,2,
dry_bean_uci,dry_bean_uci,11,11,L1-full,2,3-12,2,
dry_bean_uci,dry_bean_uci,11,11,L1-full,3,1-12,2,
dry_bean_uci,dry_bean_uci,11,11,L1-full,4,10-12,2,
dry_bean_uci,dry_bean_uci,11,11,L1-full,5,7-12,2,
dry_bean_uci,dry_bean_uci,11,11,L1-full,6,9-10-12,3,
dry_bean_uci,dry_bean_uci,11,11,L1-full,7,9-10-15,3,
dry_bean_uci,dry_bean_uci,11,11,L1-full,8,12-15,2,
dry_bean_uci,dry_bean_uci,11,11,L1-full,9,12-13,2,
dry_bean_uci,dry_bean_uci,11,11,L1-full,10,2-12,2,
dry_bean_uci,dry_bean_uci,11,11,L1-full,11,4-11-14,3,
dry_bean_uci,dry_bean_uci,11,11,L1-full,12,6-12,2,
dry_bean_uci,dry_bean_uci,11,11,L1-full,13,0-12,2,
dry_bean_uci,dry_bean_uci,11,11,L1-full,14,9-15,2,
dry_bean_uci,dry_bean_uci,11,11,L1-full,15,10-15,2,
dry_bean_uci,dry_bean_uci,11,11,L1-full,16,3-7-12,3,
dry_bean_uci,dry_bean_uci,11,11,L1-full,17,1-3-12,3,
dry_bean_uci,dry_bean_uci,11,11,L1-full,18,13-15,2,
dry_bean_uci,dry_bean_uci,11,11,L1-full,19,4-5-11,3,
dry_bean_uci,dry_bean_uci,11,11,L1-full,20,1-10,2,
dry_bean_uci,dry_bean_uci,11,11,L1-full,21,1-3,2,
dry_bean_uci,dry_bean_uci,11,11,L1-full,22,4-5-14,3,
dry_bean_uci,dry_bean_uci,11,11,L1-full,23,1-7-12,3,
dry_bean_uci,dry_bean_uci,11,11,L1-full,24,3-7,2,
dry_bean_uci,dry_bean_uci,11,11,L1-full,25,3-9-10,3,
dry_bean_uci,dry_bean_uci,11,11,L1-full,26,5-11-14,3,
dry_bean_uci,dry_bean_uci,11,11,L1-full,27,5-12,2,
dry_bean_uci,dry_bean_uci,11,11,L1-full,28,3-10,2,
dry_bean_uci,dry_bean_uci,11,11,L1-full,29,14-15,2,
dry_bean_uci,dry_bean_uci,11,11,L1-full,30,1-7,2,
dry_bean_uci,dry_bean_uci,11,11,L1-full,31,1-9-10,3,
dry_bean_uci,dry_bean_uci,11,11,L1-full,32,10-13,2,
dry_bean_uci,dry_bean_uci,11,11,L1-full,33,11-15,2,
dry_bean_uci,dry_bean_uci,11,11,L1-full,34,2-7-12,3,
dry_bean_uci,dry_bean_uci,11,11,L1-full,35,7-9-10,3,
dry_bean_uci,dry_bean_uci,11,11,L1-full,36,2-3,2,
dry_bean_uci,dry_bean_uci,11,11,L1-full,37,8-10,2,
dry_bean_uci,dry_bean_uci,11,11,L1-full,38,3-13,2,
dry_bean_uci,dry_bean_uci,11,11,L1-full,39,1-2-12,3,
dry_bean_uci,dry_bean_uci,11,11,L1-full,40,12-14,2,
dry_bean_uci,dry_bean_uci,11,11,L1-full,41,2-3-12,3,
dry_bean_uci,dry_bean_uci,11,11,L1-full,42,0-3-12,3,
dry_bean_uci,dry_bean_uci,11,11,L1-full,43,3-6-12,3,
dry_bean_uci,dry_bean_uci,11,11,L1-full,44,9-10-13,3,
dry_bean_uci,dry_bean_uci,11,11,L1-full,45,7-10,2,
dry_bean_uci,dry_bean_uci,11,11,L1-full,46,1-10-12,3,
dry_bean_uci,dry_bean_uci,11,11,L1-full,47,3-6,2,
dry_bean_uci,dry_bean_uci,11,11,L1-full,48,0-3,2,
dry_bean_uci,dry_bean_uci,11,11,L1-full,49,11-12,2,
dry_bean_uci,dry_bean_uci,11,11,L1-full,50,1-15,2,
dry_bean_uci,dry_bean_uci,11,11,L1-full,51,4-11-13,3,
dry_bean_uci,dry_bean_uci,11,11,L1-full,52,5-15,2,
dry_bean_uci,dry_bean_uci,11,11,L1-full,53,7-15,2,
dry_bean_uci,dry_bean_uci,11,11,L1-full,54,4-15,2,
dry_bean_uci,dry_bean_uci,11,11,L1-full,55,1-13,2,
dry_bean_uci,dry_bean_uci,11,11,L1-full,56,1-2,2,
dry_bean_uci,dry_bean_uci,11,11,L1-full,57,3-10-12,3,
dry_bean_uci,dry_bean_uci,11,11,L1-full,58,4-13-14,3,
dry_bean_uci,dry_bean_uci,11,11,L1-full,59,7-13,2,
dry_bean_uci,dry_bean_uci,11,11,L1-full,60,9-10-14,3,
dry_bean_uci,dry_bean_uci,11,11,L1-full,61,9-10-11,3,
dry_bean_uci,dry_bean_uci,11,11,L1-full,62,9-12,2,
dry_bean_uci,dry_bean_uci,11,11,L1-full,63,0-7-12,3,
dry_bean_uci,dry_bean_uci,11,11,L1-full,64,1-6,2,
dry_bean_uci,dry_bean_uci,11,11,L1-full,65,6-7-12,3,
dry_bean_uci,dry_bean_uci,11,11,L1-full,66,0-1,2,
dry_bean_uci,dry_bean_uci,11,11,L1-full,67,2-15,2,
dry_bean_uci,dry_bean_uci,11,11,L1-full,68,2-7,2,
dry_bean_uci,dry_bean_uci,11,11,L1-full,69,1-6-12,3,
dry_bean_uci,dry_bean_uci,11,11,L1-full,70,0-1-12,3,
dry_bean_uci,dry_bean_uci,11,11,L1-full,71,4-9-15,3,
dry_bean_uci,dry_bean_uci,11,11,L1-full,72,1-3-7,3,
dry_bean_uci,dry_bean_uci,11,11,L1-full,73,3-15,2,
dry_bean_uci,dry_bean_uci,11,11,L1-full,74,11-13-14,3,
dry_bean_uci,dry_bean_uci,11,11,L1-full,75,6-7,2,
dry_bean_uci,dry_bean_uci,11,11,L1-full,76,0-7,2,
dry_bean_uci,dry_bean_uci,11,11,L1-full,77,5-13,2,
dry_bean_uci,dry_bean_uci,11,11,L1-full,78,1-2-7,3,
dry_bean_uci,dry_bean_uci,11,11,L1-full,79,4-12,2,
dry_bean_uci,dry_bean_uci,11,11,L1-full,80,2-9-10,3,
dry_bean_uci,dry_bean_uci,11,11,L1-full,81,4-9-10,3,
dry_bean_uci,dry_bean_uci,11,11,L1-full,82,0-6,2,
dry_bean_uci,dry_bean_uci,11,11,L1-full,83,5-9-10,3,
dry_bean_uci,dry_bean_uci,11,11,L1-full,84,2-10,2,
dry_bean_uci,dry_bean_uci,11,11,L1-full,85,2-6-12,3,
dry_bean_uci,dry_bean_uci,11,11,L1-full,86,2-13,2,
dry_bean_uci,dry_bean_uci,11,11,L1-full,87,0-2-12,3,
dry_bean_uci,dry_bean_uci,11,11,L1-full,88,12-13-15,3,
dry_bean_uci,dry_bean_uci,11,11,L1-full,89,0-6-12,3,
dry_bean_uci,dry_bean_uci,11,11,L1-full,90,4-11-15,3,
dry_bean_uci,dry_bean_uci,11,11,L1-full,91,4-11,2,
dry_bean_uci,dry_bean_uci,11,11,L1-full,92,1-3-6,3,
dry_bean_uci,dry_bean_uci,11,11,L1-full,93,0-1-3,3,
dry_bean_uci,dry_bean_uci,11,11,L1-full,94,11-14,2,
dry_bean_uci,dry_bean_uci,11,11,L1-full,95,2-3-7,3,
dry_bean_uci,dry_bean_uci,11,11,L1-full,96,11-14-15,3,
dry_bean_uci,dry_bean_uci,11,11,L1-full,97,4-14,2,
dry_bean_uci,dry_bean_uci,11,11,L1-full,98,0-3-6,3,
dry_bean_uci,dry_bean_uci,11,11,L1-full,99,1-2-3,3,
dry_bean_uci,dry_bean_uci,11,11,L1-full,100,1-3-10,3,
dry_bean_uci,dry_bean_uci,11,11,L1-full,101,4-14-15,3,
dry_bean_uci,dry_bean_uci,11,11,L1-full,102,1-9-15,3,
dry_bean_uci,dry_bean_uci,11,11,L1-full,103,3-6-7,3,
dry_bean_uci,dry_bean_uci,11,11,L1-full,104,0-3-7,3,
dry_bean_uci,dry_bean_uci,11,11,L1-full,105,6-9-10,3,
dry_bean_uci,dry_bean_uci,11,11,L1-full,106,7-10-12,3,
dry_bean_uci,dry_bean_uci,11,11,L1-full,107,6-10,2,
dry_bean_uci,dry_bean_uci,11,11,L1-full,108,8-12,2,
dry_bean_uci,dry_bean_uci,11,11,L1-full,109,2-6,2,
dry_bean_uci,dry_bean_uci,11,11,L1-full,110,0-9-10,3,
dry_bean_uci,dry_bean_uci,11,11,L1-full,111,0-1-6,3,
dry_bean_uci,dry_bean_uci,11,11,L1-full,112,0-2,2,
dry_bean_uci,dry_bean_uci,11,11,L1-full,113,0-10,2,
dry_bean_uci,dry_bean_uci,11,11,L1-full,114,4-10-11,3,
dry_bean_uci,dry_bean_uci,11,11,L1-full,115,1-6-7,3,
dry_bean_uci,dry_bean_uci,11,11,L1-full,116,0-1-7,3,
dry_bean_uci,dry_bean_uci,11,11,L1-full,117,6-13,2,
dry_bean_uci,dry_bean_uci,11,11,L1-full,118,3-5,2,
dry_bean_uci,dry_bean_uci,11,11,L1-full,119,0-13,2,
dry_bean_uci,dry_bean_uci,11,11,L1-full,120,9-14-15,3,
dry_bean_uci,dry_bean_uci,11,11,L1-full,121,5-12-14,3,
dry_bean_uci,dry_bean_uci,11,11,L1-full,122,2-3-6,3,
dry_bean_uci,dry_bean_uci,11,11,L1-full,123,0-2-3,3,
dry_bean_uci,dry_bean_uci,11,11,L1-full,124,9-11-15,3,
dry_bean_uci,dry_bean_uci,11,11,L1-full,125,4-5-13,3,
dry_bean_uci,dry_bean_uci,11,11,L1-full,126,1-7-10,3,
dry_bean_uci,dry_bean_uci,11,11,L1-full,127,4-10-14,3,
dry_bean_uci,dry_bean_uci,11,11,L1-full,128,1-2-6,3,
dry_bean_uci,dry_bean_uci,11,11,L1-full,129,0-6-13,3,
dry_bean_uci,dry_bean_uci,11,11,L1-full,130,0-1-2,3,
dry_bean_uci,dry_bean_uci,11,11,L1-full,131,13-14,2,
dry_bean_uci,dry_bean_uci,11,11,L1-full,132,0-6-7,3,
dry_bean_uci,dry_bean_uci,11,11,L1-full,133,11-12-14,3,
dry_bean_uci,dry_bean_uci,11,11,L1-full,134,9-13-15,3,
dry_bean_uci,dry_bean_uci,11,11,L1-full,135,5-11-12,3,
dry_bean_uci,dry_bean_uci,11,11,L1-full,136,0-2-6,3,
dry_bean_uci,dry_bean_uci,11,11,L1-full,137,2-6-7,3,
dry_bean_uci,dry_bean_uci,11,11,L1-full,138,0-2-7,3,
dry_bean_uci,dry_bean_uci,11,11,L1-full,139,5-7,2,
dry_bean_uci,dry_bean_uci,11,11,L1-full,140,10-11-14,3,
dry_bean_uci,dry_bean_uci,11,11,L1-full,141,5-14,2,
dry_bean_uci,dry_bean_uci,11,11,L1-full,142,1-2-10,3,
dry_bean_uci,dry_bean_uci,11,11,L1-full,143,5-12-13,3,
dry_bean_uci,dry_bean_uci,11,11,L1-full,144,5-11,2,
dry_bean_uci,dry_bean_uci,11,11,L1-full,145,5-11-13,3,
dry_bean_uci,dry_bean_uci,11,11,L1-full,146,4-5,2,
dry_bean_uci,dry_bean_uci,11,11,L1-full,147,5-9-15,3,
dry_bean_uci,dry_bean_uci,11,11,L1-full,148,1-5,2,
dry_bean_uci,dry_bean_uci,11,11,L1-full,149,11-13,2,
dry_bean_uci,dry_bean_uci,11,11,L1-full,150,10-12-13,3,
dry_bean_uci,dry_bean_uci,11,11,L1-full,151,5-13-14,3,
dry_bean_uci,dry_bean_uci,11,11,L1-full,152,1-10-15,3,
dry_bean_uci,dry_bean_uci,11,11,L1-full,153,2-5,2,
dry_bean_uci,dry_bean_uci,11,11,L1-full,154,4-11-12,3,
dry_bean_uci,dry_bean_uci,11,11,L1-full,155,9-12-15,3,
dry_bean_uci,dry_bean_uci,11,11,L1-full,156,7-12-15,3,
dry_bean_uci,dry_bean_uci,11,11,L1-full,157,3-6-13,3,
dry_bean_uci,dry_bean_uci,11,11,L1-full,158,0-3-13,3,
dry_bean_uci,dry_bean_uci,11,11,L1-full,159,4-12-14,3,
dry_bean_uci,dry_bean_uci,11,11,L1-full,160,13-14-15,3,
dry_bean_uci,dry_bean_uci,11,11,L1-full,161,4-10,2,
dry_bean_uci,dry_bean_uci,11,11,L1-full,162,11-13-15,3,
dry_bean_uci,dry_bean_uci,11,11,L1-full,163,3-14,2,
dry_bean_uci,dry_bean_uci,11,11,L1-full,164,4-9-11,3,
dry_bean_uci,dry_bean_uci,11,11,L1-full,165,2-12-15,3,
dry_bean_uci,dry_bean_uci,11,11,L1-full,166,6-15,2,
dry_bean_uci,dry_bean_uci,11,11,L1-full,167,0-15,2,
dry_bean_uci,dry_bean_uci,11,11,L1-full,168,1-6-13,3,
dry_bean_uci,dry_bean_uci,11,11,L1-full,169,0-1-13,3,
dry_bean_uci,dry_bean_uci,11,11,L1-full,170,5-13-15,3,
dry_bean_uci,dry_bean_uci,11,11,L1-full,171,12-13-14,3,
dry_bean_uci,dry_bean_uci,11,11,L1-full,172,5-6,2,
dry_bean_uci,dry_bean_uci,11,11,L1-full,173,3-4,2,
dry_bean_uci,dry_bean_uci,11,11,L1-full,174,1-12-15,3,
dry_bean_uci,dry_bean_uci,11,11,L1-full,175,0-5,2,
dry_bean_uci,dry_bean_uci,11,11,L1-full,176,1-6-10,3,
dry_bean_uci,dry_bean_uci,11,11,L1-full,177,4-5-12,3,
dry_bean_uci,dry_bean_uci,11,11,L1-full,178,4-5-10,3,
dry_bean_uci,dry_bean_uci,11,11,L1-full,179,3-7-10,3,
dry_bean_uci,dry_bean_uci,11,11,L1-full,180,0-1-10,3,
dry_bean_uci,dry_bean_uci,11,11,L1-full,181,4-9-14,3,
dry_bean_uci,dry_bean_uci,11,11,L1-full,182,2-12-13,3,
dry_bean_uci,dry_bean_uci,11,11,L1-full,183,3-11,2,
dry_bean_uci,dry_bean_uci,11,11,L1-full,184,6-7-13,3,
dry_bean_uci,dry_bean_uci,11,11,L1-full,185,2-13-15,3,
dry_bean_uci,dry_bean_uci,11,11,L1-full,186,0-7-13,3,
dry_bean_uci,dry_bean_uci,11,11,L1-full,187,1-9,2,
dry_bean_uci,dry_bean_uci,11,11,L1-full,188,4-13,2,
dry_bean_uci,dry_bean_uci,11,11,L1-full,189,5-10-11,3,
dry_bean_uci,dry_bean_uci,11,11,L1-full,190,5-14-15,3,
dry_bean_uci,dry_bean_uci,11,11,L1-full,191,7-12-13,3,
dry_bean_uci,dry_bean_uci,11,11,L1-full,192,3-9-15,3,
dry_bean_uci,dry_bean_uci,11,11,L1-full,193,4-10-13,3,
dry_bean_uci,dry_bean_uci,11,11,L1-full,194,2-6-13,3,
dry_bean_uci,dry_bean_uci,11,11,L1-full,195,0-2-13,3,
dry_bean_uci,dry_bean_uci,11,11,L1-full,196,3-12-15,3,
dry_bean_uci,dry_bean_uci,11,11,L1-full,197,5-11-15,3,
dry_bean_uci,dry_bean_uci,11,11,L1-full,198,5-10-14,3,
dry_bean_uci,dry_bean_uci,11,11,L1-full,199,3-5-12,3,
dry_bean_uci,dry_bean_uci,11,11,L1-full,200,11-12-13,3,
dry_bean_uci,dry_bean_uci,11,11,L1-full,201,4-13-15,3,
dry_bean_uci,dry_bean_uci,11,11,L1-full,202,3-12-14,3,
dry_bean_uci,dry_bean_uci,11,11,L1-full,203,1-3-13,3,
dry_bean_uci,dry_bean_uci,11,11,L1-full,204,10-11-13,3,
dry_bean_uci,dry_bean_uci,11,11,L1-full,205,2-10-12,3,
dry_bean_uci,dry_bean_uci,11,11,L1-full,206,3-11-12,3,
dry_bean_uci,dry_bean_uci,11,11,L1-full,207,3-4-12,3,
dry_bean_uci,dry_bean_uci,11,11,L1-full,208,8-13,2,
dry_bean_uci,dry_bean_uci,11,11,L1-full,209,5-10,2,
dry_bean_uci,dry_bean_uci,11,11,L1-full,210,4-10-15,3,
dry_bean_uci,dry_bean_uci,11,11,L1-full,211,6-10-12,3,
dry_bean_uci,dry_bean_uci,11,11,L1-full,212,10-11-15,3,
dry_bean_uci,dry_bean_uci,11,11,L1-full,213,10-13-14,3,
dry_bean_uci,dry_bean_uci,11,11,L1-full,214,2-3-13,3,
dry_bean_uci,dry_bean_uci,11,11,L1-full,215,3-5-14,3,
dry_bean_uci,dry_bean_uci,11,11,L1-full,216,9-13,2,
dry_bean_uci,dry_bean_uci,11,11,L1-full,217,2-7-13,3,
dry_bean_uci,dry_bean_uci,11,11,L1-full,218,2-14-15,3,
dry_bean_uci,dry_bean_uci,11,11,L1-full,219,7-13-15,3,
dry_bean_uci,dry_bean_uci,11,11,L1-full,220,0-10-12,3,
dry_bean_uci,dry_bean_uci,11,11,L1-full,221,2-11-15,3,
dry_bean_uci,dry_bean_uci,11,11,L1-full,222,2-9-15,3,
dry_bean_uci,dry_bean_uci,11,11,L1-full,223,7-14,2,
dry_bean_uci,dry_bean_uci,11,11,L1-full,224,3-11-14,3,
dry_bean_uci,dry_bean_uci,11,11,L1-full,225,4-5-9,3,
dry_bean_uci,dry_bean_uci,11,11,L1-full,226,3-7-13,3,
dry_bean_uci,dry_bean_uci,11,11,L1-full,227,6-12-13,3,
dry_bean_uci,dry_bean_uci,11,11,L1-full,228,0-12-13,3,
dry_bean_uci,dry_bean_uci,11,11,L1-full,229,4-5-15,3,
dry_bean_uci,dry_bean_uci,11,11,L1-full,230,3-5-11,3,
dry_bean_uci,dry_bean_uci,11,11,L1-full,231,1-8,2,
dry_bean_uci,dry_bean_uci,11,11,L1-full,232,1-2-13,3,
dry_bean_uci,dry_bean_uci,11,11,L1-full,233,10-14-15,3,
dry_bean_uci,dry_bean_uci,11,11,L1-full,234,3-4-11,3,
dry_bean_uci,dry_bean_uci,11,11,L1-full,235,10-14,2,
dry_bean_uci,dry_bean_uci,11,11,L1-full,236,1-10-13,3,
dry_bean_uci,dry_bean_uci,11,11,L1-full,237,10-11,2,
dry_bean_uci,dry_bean_uci,11,11,L1-full,238,1-12-13,3,
dry_bean_uci,dry_bean_uci,11,11,L1-full,239,3-4-14,3,
dry_bean_uci,dry_bean_uci,11,11,L1-full,240,8-9,2,
dry_bean_uci,dry_bean_uci,11,11,L1-full,241,1-7-13,3,
dry_bean_uci,dry_bean_uci,11,11,L1-full,242,3-12-13,3,
dry_bean_uci,dry_bean_uci,11,11,L1-full,243,2-14,2,
dry_bean_uci,dry_bean_uci,11,11,L1-full,244,3-9,2,
dry_bean_uci,dry_bean_uci,11,11,L1-full,245,3-6-10,3,
dry_bean_uci,dry_bean_uci,11,11,L1-full,246,1-4,2,
dry_bean_uci,dry_bean_uci,11,11,L1-full,247,1-14,2,
dry_bean_uci,dry_bean_uci,11,11,L1-full,248,5-7-12,3,
dry_bean_uci,dry_bean_uci,11,11,L1-full,249,2-7-10,3,
dry_bean_uci,dry_bean_uci,11,11,L1-full,250,7-9-15,3,
dry_bean_uci,dry_bean_uci,11,11,L1-full,251,2-4-15,3,
dry_bean_uci,dry_bean_uci,11,11,L1-full,252,2-5-13,3,
dry_bean_uci,dry_bean_uci,11,11,L1-full,253,0-3-10,3,
dry_bean_uci,dry_bean_uci,11,11,L1-full,254,2-3-10,3,
dry_bean_uci,dry_bean_uci,11,11,L1-full,255,3-4-5,3,
dry_bean_uci,dry_bean_uci,11,11,L1-full,256,7-11,2,
dry_bean_uci,dry_bean_uci,11,11,L1-full,257,4-9,2,
dry_bean_uci,dry_bean_uci,11,11,L1-full,258,2-4-11,3,
dry_bean_uci,dry_bean_uci,11,11,L1-full,259,5-10-13,3,
dry_bean_uci,dry_bean_uci,11,11,L1-full,260,4-7,2,
dry_bean_uci,dry_bean_uci,11,11,L1-full,261,2-11-14,3,
dry_bean_uci,dry_bean_uci,11,11,L1-full,262,5-12-15,3,
dry_bean_uci,dry_bean_uci,11,11,L1-full,263,1-13-15,3,
dry_bean_uci,dry_bean_uci,11,11,L1-full,264,8-9-10,3,
dry_bean_uci,dry_bean_uci,11,11,L1-full,265,2-4-14,3,
dry_bean_uci,dry_bean_uci,11,11,L1-full,266,2-5-15,3,
dry_bean_uci,dry_bean_uci,11,11,L1-full,267,1-5-12,3,
dry_bean_uci,dry_bean_uci,11,11,L1-full,268,4-9-13,3,
dry_bean_uci,dry_bean_uci,11,11,L1-full,269,3-8,2,
dry_bean_uci,dry_bean_uci,11,11,L1-full,270,7-9,2,
dry_bean_uci,dry_bean_uci,11,11,L1-full,271,2-6-10,3,
dry_bean_uci,dry_bean_uci,11,11,L1-full,272,6-7-10,3,
dry_bean_uci,dry_bean_uci,11,11,L1-full,273,0-2-10,3,
dry_bean_uci,dry_bean_uci,11,11,L1-full,274,2-11,2,
dry_bean_uci,dry_bean_uci,11,11,L1-full,275,7-8,2,
dry_bean_uci,dry_bean_uci,11,11,L1-full,276,0-7-10,3,
dry_bean_uci,dry_bean_uci,11,11,L1-full,277,8-15,2,
dry_bean_uci,dry_bean_uci,11,11,L1-full,278,5-10-15,3,
dry_bean_uci,dry_bean_uci,11,11,L1-full,279,0-6-10,3,
dry_bean_uci,dry_bean_uci,11,11,L1-full,280,1-11,2,
dry_bean_uci,dry_bean_uci,11,11,L1-full,281,2-13-14,3,
dry_bean_uci,dry_bean_uci,11,11,L1-full,282,5-7-13,3,
dry_bean_uci,dry_bean_uci,11,11,L1-full,283,2-5-12,3,
dry_bean_uci,dry_bean_uci,11,11,L1-full,284,2-5-14,3,
dry_bean_uci,dry_bean_uci,11,11,L1-full,285,4-12-13,3,
dry_bean_uci,dry_bean_uci,11,11,L1-full,286,3-10-13,3,
dry_bean_uci,dry_bean_uci,11,11,L1-full,287,9-11-14,3,
dry_bean_uci,dry_bean_uci,11,11,L1-full,288,2-4,2,
dry_bean_uci,dry_bean_uci,11,11,L1-full,289,2-5-11,3,
dry_bean_uci,dry_bean_uci,11,11,L1-full,290,1-5-13,3,
dry_bean_uci,dry_bean_uci,11,11,L1-full,291,2-10-15,3,
dry_bean_uci,dry_bean_uci,11,11,L1-full,292,3-5-13,3,
dry_bean_uci,dry_bean_uci,11,11,L1-full,293,2-11-13,3,
dry_bean_uci,dry_bean_uci,11,11,L1-full,294,2-9,2,
dry_bean_uci,dry_bean_uci,11,11,L1-full,295,6-9-15,3,
dry_bean_uci,dry_bean_uci,11,11,L1-full,296,2-4-5,3,
dry_bean_uci,dry_bean_uci,11,11,L1-full,297,0-12-15,3,
dry_bean_uci,dry_bean_uci,11,11,L1-full,298,3-10-15,3,
dry_bean_uci,dry_bean_uci,11,11,L1-full,299,2-7-15,3,
dry_bean_uci,dry_bean_uci,11,11,L1-full,300,6-10-15,3,
dry_bean_uci,dry_bean_uci,11,11,L1-full,301,0-5-12,3,
dry_bean_uci,dry_bean_uci,11,11,L1-full,302,6-12-15,3,
dry_bean_uci,dry_bean_uci,11,11,L1-full,303,5-6-12,3,
dry_bean_uci,dry_bean_uci,11,11,L1-full,304,0-10-15,3,
dry_bean_uci,dry_bean_uci,11,11,L1-full,305,1-4-10,3,
dry_bean_uci,dry_bean_uci,11,11,L1-full,306,0-9,2,
dry_bean_uci,dry_bean_uci,11,11,L1-full,307,7-12-14,3,
dry_bean_uci,dry_bean_uci,11,11,L1-full,308,1-14-15,3,
dry_bean_uci,dry_bean_uci,11,11,L1-full,309,10-12-15,3,
dry_bean_uci,dry_bean_uci,11,11,L1-full,310,1-11-15,3,
dry_bean_uci,dry_bean_uci,11,11,L1-full,311,1-8-10,3,
dry_bean_uci,dry_bean_uci,11,11,L1-full,312,7-10-15,3,
dry_bean_uci,dry_bean_uci,11,11,L1-full,313,2-8,2,
dry_bean_uci,dry_bean_uci,11,11,L1-full,314,1-5-15,3,
dry_bean_uci,dry_bean_uci,11,11,L1-full,315,4-6,2,
dry_bean_uci,dry_bean_uci,11,11,L1-full,316,0-9-15,3,
dry_bean_uci,dry_bean_uci,11,11,L1-full,317,10-13-15,3,
dry_bean_uci,dry_bean_uci,11,11,L1-full,318,6-9,2,
dry_bean_uci,dry_bean_uci,11,11,L1-full,319,2-4-10,3,
dry_bean_uci,dry_bean_uci,11,11,L1-full,320,5-9-11,3,
dry_bean_uci,dry_bean_uci,11,11,L1-full,321,6-11-15,3,
dry_bean_uci,dry_bean_uci,11,11,L1-full,322,6-14-15,3,
dry_bean_uci,dry_bean_uci,11,11,L1-full,323,0-4,2,
dry_bean_uci,dry_bean_uci,11,11,L1-full,324,0-11-15,3,
dry_bean_uci,dry_bean_uci,11,11,L1-full,325,0-14-15,3,
dry_bean_uci,dry_bean_uci,11,11,L1-full,326,1-3-15,3,
dry_bean_uci,dry_bean_uci,11,11,L1-full,327,6-8-10,3,
dry_bean_uci,dry_bean_uci,11,11,L1-full,328,0-8-10,3,
dry_bean_uci,dry_bean_uci,11,11,L1-full,329,7-14-15,3,
dry_bean_uci,dry_bean_uci,11,11,L1-full,330,5-7-15,3,
dry_bean_uci,dry_bean_uci,11,11,L1-full,331,1-4-15,3,
dry_bean_uci,dry_bean_uci,11,11,L1-full,332,3-13-15,3,
dry_bean_uci,dry_bean_uci,11,11,L1-full,333,7-11-12,3,
dry_bean_uci,dry_bean_uci,11,11,L1-full,334,8-9-15,3,
dry_bean_uci,dry_bean_uci,11,11,L1-full,335,2-8-10,3,
dry_bean_uci,dry_bean_uci,11,11,L1-full,336,4-10-12,3,
dry_bean_uci,dry_bean_uci,11,11,L1-full,337,1-12-14,3,
dry_bean_uci,dry_bean_uci,11,11,L1-full,338,6-13-15,3,
dry_bean_uci,dry_bean_uci,11,11,L1-full,339,7-13-14,3,
dry_bean_uci,dry_bean_uci,11,11,L1-full,340,4-8-15,3,
dry_bean_uci,dry_bean_uci,11,11,L1-full,341,5-9-14,3,
dry_bean_uci,dry_bean_uci,11,11,L1-full,342,0-13-15,3,
dry_bean_uci,dry_bean_uci,11,11,L1-full,343,8-13-15,3,
dry_bean_uci,dry_bean_uci,11,11,L1-full,344,2-4-13,3,
dry_bean_uci,dry_bean_uci,11,11,L1-full,345,7-8-10,3,
dry_bean_uci,dry_bean_uci,11,11,L1-full,346,7-10-13,3,
dry_bean_uci,dry_bean_uci,11,11,L1-full,347,2-12-14,3,
dry_bean_uci,dry_bean_uci,11,11,L1-full,348,4-6-15,3,
dry_bean_uci,dry_bean_uci,11,11,L1-full,349,0-14,2,
dry_bean_uci,dry_bean_uci,11,11,L1-full,350,6-14,2,
dry_bean_uci,dry_bean_uci,11,11,L1-full,351,5-8,2,
dry_bean_uci,dry_bean_uci,11,11,L1-full,352,7-11-15,3,
dry_bean_uci,dry_bean_uci,11,11,L1-full,353,1-7-15,3,
dry_bean_uci,dry_bean_uci,11,11,L1-full,354,1-9-12,3,
dry_bean_uci,dry_bean_uci,11,11,L1-full,355,1-13-14,3,
dry_bean_uci,dry_bean_uci,11,11,L1-full,356,0-4-15,3,
dry_bean_uci,dry_bean_uci,11,11,L1-full,357,0-5-6,3,
dry_bean_uci,dry_bean_uci,11,11,L1-full,358,3-8-10,3,
dry_bean_uci,dry_bean_uci,11,11,L1-full,359,3-7-15,3,
dry_bean_uci,dry_bean_uci,11,11,L1-full,360,8-11-15,3,
dry_bean_uci,dry_bean_uci,11,11,L1-full,361,5-8-15,3,
dry_bean_uci,dry_bean_uci,11,11,L1-full,362,2-10-13,3,
dry_bean_uci,dry_bean_uci,11,11,L1-full,363,8-14-15,3,
dry_bean_uci,dry_bean_uci,11,11,L1-full,364,5-7-14,3,
dry_bean_uci,dry_bean_uci,11,11,L1-full,365,0-12-14,3,
dry_bean_uci,dry_bean_uci,11,11,L1-full,366,6-12-14,3,
dry_bean_uci,dry_bean_uci,11,11,L1-full,367,0-3-15,3,
dry_bean_uci,dry_bean_uci,11,11,L1-full,368,1-11-12,3,
dry_bean_uci,dry_bean_uci,11,11,L1-full,369,2-4-9,3,
dry_bean_uci,dry_bean_uci,11,11,L1-full,370,5-6-15,3,
dry_bean_uci,dry_bean_uci,11,11,L1-full,371,3-6-15,3,
dry_bean_uci,dry_bean_uci,11,11,L1-full,372,7-11-13,3,
dry_bean_uci,dry_bean_uci,11,11,L1-full,373,9-11,2,
dry_bean_uci,dry_bean_uci,11,11,L1-full,374,1-5-14,3,
dry_bean_uci,dry_bean_uci,11,11,L1-full,375,1-3-9,3,
dry_bean_uci,dry_bean_uci,11,11,L1-full,376,1-2-15,3,
dry_bean_uci,dry_bean_uci,11,11,L1-full,377,1-11-13,3,
dry_bean_uci,dry_bean_uci,11,11,L1-full,378,0-5-15,3,
dry_bean_uci,dry_bean_uci,11,11,L1-full,379,2-11-12,3,
dry_bean_uci,dry_bean_uci,11,11,L1-full,380,4-9-12,3,
dry_bean_uci,dry_bean_uci,11,11,L1-full,381,1-10-11,3,
dry_bean_uci,dry_bean_uci,11,11,L1-full,382,12-14-15,3,
dry_bean_uci,dry_bean_uci,11,11,L1-full,383,2-10-11,3,
dry_bean_uci,dry_bean_uci,11,11,L1-full,384,8-14,2,
dry_bean_uci,dry_bean_uci,11,11,L1-full,385,6-11,2,
dry_bean_uci,dry_bean_uci,11,11,L1-full,386,3-13-14,3,
dry_bean_uci,dry_bean_uci,11,11,L1-full,387,0-11,2,
dry_bean_uci,dry_bean_uci,11,11,L1-full,388,5-7-11,3,
dry_bean_uci,dry_bean_uci,11,11,L1-full,389,4-6-11,3,
dry_bean_uci,dry_bean_uci,11,11,L1-full,390,1-7-9,3,
dry_bean_uci,dry_bean_uci,11,11,L1-full,391,0-1-15,3,
dry_bean_uci,dry_bean_uci,11,11,L1-full,392,0-11-12,3,
dry_bean_uci,dry_bean_uci,11,11,L1-full,393,6-11-12,3,
dry_bean_uci,dry_bean_uci,11,11,L1-full,394,4-7-15,3,
dry_bean_uci,dry_bean_uci,11,11,L1-full,395,0-4-11,3,
dry_bean_uci,dry_bean_uci,11,11,L1-full,396,6-11-14,3,
dry_bean_uci,dry_bean_uci,11,11,L1-full,397,0-6-15,3,
dry_bean_uci,dry_bean_uci,11,11,L1-full,398,0-11-14,3,
dry_bean_uci,dry_bean_uci,11,11,L1-full,399,1-6-15,3,
dry_bean_uci,dry_bean_uci,11,11,L1-full,400,1-5-11,3,
dry_bean_uci,dry_bean_uci,11,11,L1-full,401,4-6-14,3,
dry_bean_uci,dry_bean_uci,11,11,L1-full,402,0-4-14,3,
dry_bean_uci,dry_bean_uci,11,11,L1-full,403,4-7-12,3,
dry_bean_uci,dry_bean_uci,11,11,L1-full,404,1-10-14,3,
dry_bean_uci,dry_bean_uci,11,11,L1-full,405,2-10-14,3,
dry_bean_uci,dry_bean_uci,11,11,L1-full,406,0-6-14,3,
dry_bean_uci,dry_bean_uci,11,11,L1-full,407,3-5-7,3,
dry_bean_uci,dry_bean_uci,11,11,L1-full,408,1-4-12,3,
dry_bean_uci,dry_bean_uci,11,11,L1-full,409,7-11-14,3,
dry_bean_uci,dry_bean_uci,11,11,L1-full,410,8-11,2,
dry_bean_uci,dry_bean_uci,11,11,L1-full,411,1-11-14,3,
dry_bean_uci,dry_bean_uci,11,11,L1-full,412,1-6-9,3,
dry_bean_uci,dry_bean_uci,11,11,L1-full,413,3-8-12,3,
dry_bean_uci,dry_bean_uci,11,11,L1-full,414,2-3-15,3,
dry_bean_uci,dry_bean_uci,11,11,L1-full,415,0-1-9,3,
dry_bean_uci,dry_bean_uci,11,11,L1-full,416,9-14,2,
dry_bean_uci,dry_bean_uci,11,11,L1-full,417,1-2-9,3,
dry_bean_uci,dry_bean_uci,11,11,L1-full,418,9-12-13,3,
dry_bean_uci,dry_bean_uci,11,11,L1-full,419,3-11-13,3,
dry_bean_uci,dry_bean_uci,11,11,L1-full,420,9-11-13,3,
dry_bean_uci,dry_bean_uci,11,11,L1-full,421,6-8,2,
dry_bean_uci,dry_bean_uci,11,11,L1-full,422,0-6-11,3,
dry_bean_uci,dry_bean_uci,11,11,L1-full,423,0-8,2,
dry_bean_uci,dry_bean_uci,11,11,L1-full,424,0-3-5,3,
dry_bean_uci,dry_bean_uci,11,11,L1-full,425,3-5-6,3,
dry_bean_uci,dry_bean_uci,11,11,L1-full,426,4-6-10,3,
dry_bean_uci,dry_bean_uci,11,11,L1-full,427,9-11-12,3,
dry_bean_uci,dry_bean_uci,11,11,L1-full,428,0-4-10,3,
dry_bean_uci,dry_bean_uci,11,11,L1-full,429,1-3-5,3,
dry_bean_uci,dry_bean_uci,11,11,L1-full,430,0-7-15,3,
dry_bean_uci,dry_bean_uci,11,11,L1-full,431,3-9-12,3,
dry_bean_uci,dry_bean_uci,11,11,L1-full,432,4-7-10,3,
dry_bean_uci,dry_bean_uci,11,11,L1-full,433,5-9,2,
dry_bean_uci,dry_bean_uci,11,11,L1-full,434,3-4-15,3,
dry_bean_uci,dry_bean_uci,11,11,L1-full,435,0-6-8,3,
dry_bean_uci,dry_bean_uci,11,11,L1-full,436,0-2-5,3,
dry_bean_uci,dry_bean_uci,11,11,L1-full,437,0-4-9,3,
dry_bean_uci,dry_bean_uci,11,11,L1-full,438,11-12-15,3,
dry_bean_uci,dry_bean_uci,11,11,L1-full,439,2-5-6,3,
dry_bean_uci,dry_bean_uci,11,11,L1-full,440,4-6-9,3,
dry_bean_uci,dry_bean_uci,11,11,L1-full,441,6-7-15,3,
dry_bean_uci,dry_bean_uci,11,11,L1-full,442,3-4-9,3,
dry_bean_uci,dry_bean_uci,11,11,L1-full,443,1-5-7,3,
dry_bean_uci,dry_bean_uci,11,11,L1-full,444,2-3-5,3,
dry_bean_uci,dry_bean_uci,11,11,L1-full,445,9-13-14,3,
dry_bean_uci,dry_bean_uci,11,11,L1-full,446,3-7-14,3,
dry_bean_uci,dry_bean_uci,11,11,L1-full,447,1-4-9,3,
dry_bean_uci,dry_bean_uci,11,11,L1-full,448,4-8-11,3,
dry_bean_uci,dry_bean_uci,11,11,L1-full,449,1-4-14,3,
dry_bean_uci,dry_bean_uci,11,11,L1-full,450,9-12-14,3,
dry_bean_uci,dry_bean_uci,11,11,L1-full,451,1-4-11,3,
dry_bean_uci,dry_bean_uci,11,11,L1-full,452,3-5-15,3,
dry_bean_uci,dry_bean_uci,11,11,L1-full,453,0-5-11,3,
dry_bean_uci,dry_bean_uci,11,11,L1-full,454,4-7-14,3,
dry_bean_uci,dry_bean_uci,11,11,L1-full,455,5-9-13,3,
dry_bean_uci,dry_bean_uci,11,11,L1-full,456,4-7-11,3,
dry_bean_uci,dry_bean_uci,11,11,L1-full,457,5-6-11,3,
dry_bean_uci,dry_bean_uci,11,11,L1-full,458,1-8-12,3,
dry_bean_uci,dry_bean_uci,11,11,L1-full,459,2-9-11,3,
dry_bean_uci,dry_bean_uci,11,11,L1-full,460,0-5-14,3,
dry_bean_uci,dry_bean_uci,11,11,L1-full,461,4-6-13,3,
dry_bean_uci,dry_bean_uci,11,11,L1-full,462,1-7-14,3,
dry_bean_uci,dry_bean_uci,11,11,L1-full,463,4-5-7,3,
dry_bean_uci,dry_bean_uci,11,11,L1-full,464,1-2-14,3,
dry_bean_uci,dry_bean_uci,11,11,L1-full,465,1-2-5,3,
dry_bean_uci,dry_bean_uci,11,11,L1-full,466,0-4-13,3,
dry_bean_uci,dry_bean_uci,11,11,L1-full,467,5-6-14,3,
dry_bean_uci,dry_bean_uci,11,11,L1-full,468,3-9-11,3,
dry_bean_uci,dry_bean_uci,11,11,L1-full,469,1-2-11,3,
dry_bean_uci,dry_bean_uci,11,11,L1-full,470,2-5-7,3,
dry_bean_uci,dry_bean_uci,11,11,L1-full,471,0-1-5,3,
dry_bean_uci,dry_bean_uci,11,11,L1-full,472,1-5-6,3,
dry_bean_uci,dry_bean_uci,11,11,L1-full,473,3-7-11,3,
dry_bean_uci,dry_bean_uci,11,11,L1-full,474,8-9-11,3,
dry_bean_uci,dry_bean_uci,11,11,L1-full,475,0-4-5,3,
dry_bean_uci,dry_bean_uci,11,11,L1-full,476,4-5-6,3,
dry_bean_uci,dry_bean_uci,11,11,L1-full,477,0-2-15,3,
dry_bean_uci,dry_bean_uci,11,11,L1-full,478,1-2-4,3,
dry_bean_uci,dry_bean_uci,11,11,L1-full,479,2-7-14,3,
dry_bean_uci,dry_bean_uci,11,11,L1-full,480,8-9-14,3,
dry_bean_uci,dry_bean_uci,11,11,L1-full,481,1-4-5,3,
dry_bean_uci,dry_bean_uci,11,11,L1-full,482,4-8-14,3,
dry_bean_uci,dry_bean_uci,11,11,L1-full,483,1-6-8,3,
dry_bean_uci,dry_bean_uci,11,11,L1-full,484,0-5-7,3,
dry_bean_uci,dry_bean_uci,11,11,L1-full,485,0-1-8,3,
dry_bean_uci,dry_bean_uci,11,11,L1-full,486,5-6-7,3,
dry_bean_uci,dry_bean_uci,11,11,L1-full,487,4-8-9,3,
dry_bean_uci,dry_bean_uci,11,11,L1-full,488,1-7-11,3,
dry_bean_uci,dry_bean_uci,11,11,L1-full,489,4-7-9,3,
dry_bean_uci,dry_bean_uci,11,11,L1-full,490,2-9-14,3,
dry_bean_uci,dry_bean_uci,11,11,L1-full,491,2-3-14,3,
dry_bean_uci,dry_bean_uci,11,11,L1-full,492,2-7-11,3,
dry_bean_uci,dry_bean_uci,11,11,L1-full,493,3-9-14,3,
dry_bean_uci,dry_bean_uci,11,11,L1-full,494,0-9-11,3,
dry_bean_uci,dry_bean_uci,11,11,L1-full,495,2-6-15,3,
dry_bean_uci,dry_bean_uci,11,11,L1-full,496,6-10-11,3,
dry_bean_uci,dry_bean_uci,11,11,L1-full,497,6-10-13,3,
dry_bean_uci,dry_bean_uci,11,11,L1-full,498,2-8-15,3,
dry_bean_uci,dry_bean_uci,11,11,L1-full,499,1-3-8,3,
dry_bean_uci,dry_bean_uci,11,11,L1-full,500,0-3-8,3,
dry_bean_uci,dry_bean_uci,11,11,L1-full,501,7-8-12,3,
dry_bean_uci,dry_bean_uci,11,11,L1-full,502,6-9-11,3,
dry_bean_uci,dry_bean_uci,11,11,L1-full,503,0-11-13,3,
dry_bean_uci,dry_bean_uci,11,11,L1-full,504,3-11-15,3,
dry_bean_uci,dry_bean_uci,11,11,L1-full,505,3-6-8,3,
dry_bean_uci,dry_bean_uci,11,11,L1-full,506,0-4-12,3,
dry_bean_uci,dry_bean_uci,11,11,L1-full,507,6-11-13,3,
dry_bean_uci,dry_bean_uci,11,11,L1-full,508,8-10-12,3,
dry_bean_uci,dry_bean_uci,11,11,L1-full,509,4-6-12,3,
dry_bean_uci,dry_bean_uci,11,11,L1-full,510,1-7-8,3,
dry_bean_uci,dry_bean_uci,11,11,L1-full,511,0-10-11,3,
dry_bean_uci,dry_bean_uci,11,11,L1-full,512,0-13-14,3,
dry_bean_uci,dry_bean_uci,11,11,L1-full,513,6-13-14,3,
dry_bean_uci,dry_bean_uci,11,11,L1-full,514,1-4-13,3,
dry_bean_uci,dry_bean_uci,11,11,L1-full,515,2-5-9,3,
dry_bean_uci,dry_bean_uci,11,11,L1-full,516,1-3-14,3,
dry_bean_uci,dry_bean_uci,11,11,L1-full,517,0-9-14,3,
dry_bean_uci,dry_bean_uci,11,11,L1-full,518,0-10-13,3,
dry_bean_uci,dry_bean_uci,11,11,L1-full,519,1-5-10,3,
dry_bean_uci,dry_bean_uci,11,11,L1-full,520,2-3-11,3,
dry_bean_uci,dry_bean_uci,11,11,L1-full,521,5-9-12,3,
dry_bean_uci,dry_bean_uci,11,11,L1-full,522,0-4-6,3,
dry_bean_uci,dry_bean_uci,11,11,L1-full,523,3-14-15,3,
dry_bean_uci,dry_bean_uci,11,11,L1-full,524,0-2-14,3,
dry_bean_uci,dry_bean_uci,11,11,L1-full,525,2-5-10,3,
dry_bean_uci,dry_bean_uci,11,11,L1-full,526,1-2-8,3,
dry_bean_uci,dry_bean_uci,11,11,L1-full,527,0-2-8,3,
dry_bean_uci,dry_bean_uci,11,11,L1-full,528,6-9-14,3,
dry_bean_uci,dry_bean_uci,11,11,L1-full,529,2-6-14,3,
dry_bean_uci,dry_bean_uci,11,11,L1-full,530,2-6-8,3,
dry_bean_uci,dry_bean_uci,11,11,L1-full,531,5-6-13,3,
dry_bean_uci,dry_bean_uci,11,11,L1-full,532,0-5-13,3,
dry_bean_uci,dry_bean_uci,11,11,L1-full,533,0-7-8,3,
dry_bean_uci,dry_bean_uci,11,11,L1-full,534,6-7-8,3,
dry_bean_uci,dry_bean_uci,11,11,L1-full,535,4-8-12,3,
dry_bean_uci,dry_bean_uci,11,11,L1-full,536,8-12-15,3,
dry_bean_uci,dry_bean_uci,11,11,L1-full,537,1-4-7,3,
dry_bean_uci,dry_bean_uci,11,11,L1-full,538,0-2-11,3,
dry_bean_uci,dry_bean_uci,11,11,L1-full,539,1-9-11,3,
dry_bean_uci,dry_bean_uci,11,11,L1-full,540,2-6-11,3,
dry_bean_uci,dry_bean_uci,11,11,L1-full,541,5-8-9,3,
dry_bean_uci,dry_bean_uci,11,11,L1-full,542,2-8-12,3,
dry_bean_uci,dry_bean_uci,11,11,L1-full,543,0-3-14,3,
dry_bean_uci,dry_bean_uci,11,11,L1-full,544,7-9-11,3,
dry_bean_uci,dry_bean_uci,11,11,L1-full,545,8-11-14,3,
dry_bean_uci,dry_bean_uci,11,11,L1-full,546,0-8-12,3,
dry_bean_uci,dry_bean_uci,11,11,L1-full,547,6-8-12,3,
dry_bean_uci,dry_bean_uci,11,11,L1-full,548,3-6-14,3,
dry_bean_uci,dry_bean_uci,11,11,L1-full,549,4-7-13,3,
dry_bean_uci,dry_bean_uci,11,11,L1-full,550,3-4-10,3,
dry_bean_uci,dry_bean_uci,11,11,L1-full,551,8-10-15,3,
dry_bean_uci,dry_bean_uci,11,11,L1-full,552,6-10-14,3,
dry_bean_uci,dry_bean_uci,11,11,L1-full,553,1-3-11,3,
dry_bean_uci,dry_bean_uci,11,11,L1-full,554,8-11-12,3,
dry_bean_uci,dry_bean_uci,11,11,L1-full,555,2-4-7,3,
dry_bean_uci,dry_bean_uci,11,11,L1-full,556,0-10-14,3,
dry_bean_uci,dry_bean_uci,11,11,L1-full,557,0-2-4,3,
dry_bean_uci,dry_bean_uci,11,11,L1-full,558,3-4-13,3,
dry_bean_uci,dry_bean_uci,11,11,L1-full,559,8-12-14,3,
dry_bean_uci,dry_bean_uci,11,11,L1-full,560,2-4-6,3,
dry_bean_uci,dry_bean_uci,11,11,L1-full,561,0-1-14,3,
dry_bean_uci,dry_bean_uci,11,11,L1-full,562,0-7-14,3,
dry_bean_uci,dry_bean_uci,11,11,L1-full,563,3-9-13,3,
dry_bean_uci,dry_bean_uci,11,11,L1-full,564,1-9-14,3,
dry_bean_uci,dry_bean_uci,11,11,L1-full,565,1-6-14,3,
dry_bean_uci,dry_bean_uci,11,11,L1-full,566,3-5-9,3,
dry_bean_uci,dry_bean_uci,11,11,L1-full,567,6-7-14,3,
dry_bean_uci,dry_bean_uci,11,11,L1-full,568,7-9-14,3,
dry_bean_uci,dry_bean_uci,11,11,L1-full,569,0-3-11,3,
dry_bean_uci,dry_bean_uci,11,11,L1-full,570,3-6-11,3,
dry_bean_uci,dry_bean_uci,11,11,L1-full,571,0-1-11,3,
dry_bean_uci,dry_bean_uci,11,11,L1-full,572,1-6-11,3,
dry_bean_uci,dry_bean_uci,11,11,L1-full,573,0-7-11,3,
dry_bean_uci,dry_bean_uci,11,11,L1-full,574,6-7-11,3,
dry_bean_uci,dry_bean_uci,11,11,L1-full,575,3-4-7,3,
dry_bean_uci,dry_bean_uci,11,11,L1-full,576,10-11-12,3,
dry_bean_uci,dry_bean_uci,11,11,L1-full,577,0-5-9,3,
dry_bean_uci,dry_bean_uci,11,11,L1-full,578,7-8-15,3,
dry_bean_uci,dry_bean_uci,11,11,L1-full,579,0-1-4,3,
dry_bean_uci,dry_bean_uci,11,11,L1-full,580,5-6-9,3,
dry_bean_uci,dry_bean_uci,11,11,L1-full,581,3-7-8,3,
dry_bean_uci,dry_bean_uci,11,11,L1-full,582,1-4-6,3,
dry_bean_uci,dry_bean_uci,11,11,L1-full,583,2-3-8,3,
dry_bean_uci,dry_bean_uci,11,11,L1-full,584,0-4-7,3,
dry_bean_uci,dry_bean_uci,11,11,L1-full,585,4-6-7,3,
dry_bean_uci,dry_bean_uci,11,11,L1-full,586,4-8,2,
dry_bean_uci,dry_bean_uci,11,11,L1-full,587,8-9-12,3,
dry_bean_uci,dry_bean_uci,11,11,L1-full,588,2-8-9,3,
dry_bean_uci,dry_bean_uci,11,11,L1-full,589,5-8-12,3,
dry_bean_uci,dry_bean_uci,11,11,L1-full,590,2-4-12,3,
dry_bean_uci,dry_bean_uci,11,11,L1-full,591,3-4-6,3,
dry_bean_uci,dry_bean_uci,11,11,L1-full,592,0-3-4,3,
dry_bean_uci,dry_bean_uci,11,11,L1-full,593,2-7-8,3,
dry_bean_uci,dry_bean_uci,11,11,L1-full,594,1-3-4,3,
dry_bean_uci,dry_bean_uci,11,11,L1-full,595,2-3-4,3,
dry_bean_uci,dry_bean_uci,11,11,L1-full,596,2-7-9,3,
dry_bean_uci,dry_bean_uci,11,11,L1-full,597,4-12-15,3,
dry_bean_uci,dry_bean_uci,11,11,L1-full,598,10-12-14,3,
dry_bean_uci,dry_bean_uci,11,11,L1-full,599,0-9-12,3,
dry_bean_uci,dry_bean_uci,11,11,L1-full,600,4-5-8,3,
dry_bean_uci,dry_bean_uci,11,11,L1-full,601,6-9-12,3,
dry_bean_uci,dry_bean_uci,11,11,L1-full,602,7-10-11,3,
dry_bean_uci,dry_bean_uci,11,11,L1-full,603,8-12-13,3,
dry_bean_uci,dry_bean_uci,11,11,L1-full,604,4-8-10,3,
dry_bean_uci,dry_bean_uci,11,11,L1-full,605,3-7-9,3,
dry_bean_uci,dry_bean_uci,11,11,L1-full,606,8-10-14,3,
dry_bean_uci,dry_bean_uci,11,11,L1-full,607,5-8-10,3,
dry_bean_uci,dry_bean_uci,11,11,L1-full,608,5-7-9,3,
dry_bean_uci,dry_bean_uci,11,11,L1-top8,1,9-10,2,
dry_bean_uci,dry_bean_uci,11,11,L1-top8,2,3-12,2,
dry_bean_uci,dry_bean_uci,11,11,L1-top8,3,1-12,2,
dry_bean_uci,dry_bean_uci,11,11,L1-top8,4,10-12,2,
dry_bean_uci,dry_bean_uci,11,11,L1-top8,5,7-12,2,
dry_bean_uci,dry_bean_uci,11,11,L1-top8,6,9-10-12,3,
dry_bean_uci,dry_bean_uci,11,11,L1-top8,7,9-10-15,3,
dry_bean_uci,dry_bean_uci,11,11,L1-top8,8,12-15,2,
dry_bean_uci,dry_bean_uci,11,11,L1-match,1,9-10,2,
dry_bean_uci,dry_bean_uci,11,11,L1-match,2,3-12,2,
dry_bean_uci,dry_bean_uci,11,11,SHIL-k8,1,10-12,2,
dry_bean_uci,dry_bean_uci,11,11,SHIL-k8,2,3-12,2,
dry_bean_uci,dry_bean_uci,11,11,SHIL-k8,3,10-13,2,
dry_bean_uci,dry_bean_uci,11,11,SHIL-k8,4,6-12,2,
dry_bean_uci,dry_bean_uci,11,11,SHIL-k8,5,0-12,2,
dry_bean_uci,dry_bean_uci,11,11,SHIL-k8,6,1-12,2,
dry_bean_uci,dry_bean_uci,11,11,SHIL-k8,7,9-10,2,
dry_bean_uci,dry_bean_uci,11,11,SHIL-k8,8,8-10,2,
dry_bean_uci,dry_bean_uci,11,11,SC-L1,1,1-12,2,
dry_bean_uci,dry_bean_uci,11,11,SC-L1,2,3-12,2,
dry_bean_uci,dry_bean_uci,11,11,SC-L1,3,9-10,2,
dry_bean_uci,dry_bean_uci,11,11,SC-SHIL,1,3-12,2,
dry_bean_uci,dry_bean_uci,11,11,SC-SHIL,2,10-12,2,
dry_bean_uci,dry_bean_uci,23,23,L1-full,1,9-10,2,
dry_bean_uci,dry_bean_uci,23,23,L1-full,2,3-12,2,
dry_bean_uci,dry_bean_uci,23,23,L1-full,3,10-12,2,
dry_bean_uci,dry_bean_uci,23,23,L1-full,4,1-12,2,
dry_bean_uci,dry_bean_uci,23,23,L1-full,5,7-12,2,
dry_bean_uci,dry_bean_uci,23,23,L1-full,6,9-10-12,3,
dry_bean_uci,dry_bean_uci,23,23,L1-full,7,12-13,2,
dry_bean_uci,dry_bean_uci,23,23,L1-full,8,12-15,2,
dry_bean_uci,dry_bean_uci,23,23,L1-full,9,2-12,2,
dry_bean_uci,dry_bean_uci,23,23,L1-full,10,10-15,2,
dry_bean_uci,dry_bean_uci,23,23,L1-full,11,9-10-15,3,
dry_bean_uci,dry_bean_uci,23,23,L1-full,12,4-11-14,3,
dry_bean_uci,dry_bean_uci,23,23,L1-full,13,6-12,2,
dry_bean_uci,dry_bean_uci,23,23,L1-full,14,0-12,2,
dry_bean_uci,dry_bean_uci,23,23,L1-full,15,9-15,2,
dry_bean_uci,dry_bean_uci,23,23,L1-full,16,3-7-12,3,
dry_bean_uci,dry_bean_uci,23,23,L1-full,17,1-3-12,3,
dry_bean_uci,dry_bean_uci,23,23,L1-full,18,4-5-11,3,
dry_bean_uci,dry_bean_uci,23,23,L1-full,19,4-5-14,3,
dry_bean_uci,dry_bean_uci,23,23,L1-full,20,1-10,2,
dry_bean_uci,dry_bean_uci,23,23,L1-full,21,3-9-10,3,
dry_bean_uci,dry_bean_uci,23,23,L1-full,22,1-3,2,
dry_bean_uci,dry_bean_uci,23,23,L1-full,23,5-11-14,3,
dry_bean_uci,dry_bean_uci,23,23,L1-full,24,1-7-12,3,
dry_bean_uci,dry_bean_uci,23,23,L1-full,25,3-10,2,
dry_bean_uci,dry_bean_uci,23,23,L1-full,26,13-15,2,
dry_bean_uci,dry_bean_uci,23,23,L1-full,27,3-7,2,
dry_bean_uci,dry_bean_uci,23,23,L1-full,28,5-12,2,
dry_bean_uci,dry_bean_uci,23,23,L1-full,29,1-9-10,3,
dry_bean_uci,dry_bean_uci,23,23,L1-full,30,10-13,2,
dry_bean_uci,dry_bean_uci,23,23,L1-full,31,14-15,2,
dry_bean_uci,dry_bean_uci,23,23,L1-full,32,9-12,2,
dry_bean_uci,dry_bean_uci,23,23,L1-full,33,11-15,2,
dry_bean_uci,dry_bean_uci,23,23,L1-full,34,1-7,2,
dry_bean_uci,dry_bean_uci,23,23,L1-full,35,2-7-12,3,
dry_bean_uci,dry_bean_uci,23,23,L1-full,36,9-10-13,3,
dry_bean_uci,dry_bean_uci,23,23,L1-full,37,7-9-10,3,
dry_bean_uci,dry_bean_uci,23,23,L1-full,38,2-3,2,
dry_bean_uci,dry_bean_uci,23,23,L1-full,39,3-13,2,
dry_bean_uci,dry_bean_uci,23,23,L1-full,40,12-14,2,
dry_bean_uci,dry_bean_uci,23,23,L1-full,41,7-10,2,
dry_bean_uci,dry_bean_uci,23,23,L1-full,42,1-2-12,3,
dry_bean_uci,dry_bean_uci,23,23,L1-full,43,5-15,2,
dry_bean_uci,dry_bean_uci,23,23,L1-full,44,1-10-12,3,
dry_bean_uci,dry_bean_uci,23,23,L1-full,45,3-6,2,
dry_bean_uci,dry_bean_uci,23,23,L1-full,46,0-3,2,
dry_bean_uci,dry_bean_uci,23,23,L1-full,47,2-3-12,3,
dry_bean_uci,dry_bean_uci,23,23,L1-full,48,8-10,2,
dry_bean_uci,dry_bean_uci,23,23,L1-full,49,11-12,2,
dry_bean_uci,dry_bean_uci,23,23,L1-full,50,3-6-12,3,
dry_bean_uci,dry_bean_uci,23,23,L1-full,51,0-3-12,3,
dry_bean_uci,dry_bean_uci,23,23,L1-full,52,5-9-10,3,
dry_bean_uci,dry_bean_uci,23,23,L1-full,53,9-10-14,3,
dry_bean_uci,dry_bean_uci,23,23,L1-full,54,11-14-15,3,
dry_bean_uci,dry_bean_uci,23,23,L1-full,55,1-2,2,
dry_bean_uci,dry_bean_uci,23,23,L1-full,56,7-15,2,
dry_bean_uci,dry_bean_uci,23,23,L1-full,57,4-11-13,3,
dry_bean_uci,dry_bean_uci,23,23,L1-full,58,1-13,2,
dry_bean_uci,dry_bean_uci,23,23,L1-full,59,4-15,2,
dry_bean_uci,dry_bean_uci,23,23,L1-full,60,9-10-11,3,
dry_bean_uci,dry_bean_uci,23,23,L1-full,61,1-15,2,
dry_bean_uci,dry_bean_uci,23,23,L1-full,62,1-6,2,
dry_bean_uci,dry_bean_uci,23,23,L1-full,63,3-10-12,3,
dry_bean_uci,dry_bean_uci,23,23,L1-full,64,0-1,2,
dry_bean_uci,dry_bean_uci,23,23,L1-full,65,7-13,2,
dry_bean_uci,dry_bean_uci,23,23,L1-full,66,2-7,2,
dry_bean_uci,dry_bean_uci,23,23,L1-full,67,4-13-14,3,
dry_bean_uci,dry_bean_uci,23,23,L1-full,68,4-11-15,3,
dry_bean_uci,dry_bean_uci,23,23,L1-full,69,9-12-15,3,
dry_bean_uci,dry_bean_uci,23,23,L1-full,70,4-14-15,3,
dry_bean_uci,dry_bean_uci,23,23,L1-full,71,3-15,2,
dry_bean_uci,dry_bean_uci,23,23,L1-full,72,2-9-10,3,
dry_bean_uci,dry_bean_uci,23,23,L1-full,73,0-7-12,3,
dry_bean_uci,dry_bean_uci,23,23,L1-full,74,6-7-12,3,
dry_bean_uci,dry_bean_uci,23,23,L1-full,75,4-9-15,3,
dry_bean_uci,dry_bean_uci,23,23,L1-full,76,1-6-12,3,
dry_bean_uci,dry_bean_uci,23,23,L1-full,77,0-1-12,3,
dry_bean_uci,dry_bean_uci,23,23,L1-full,78,5-13,2,
dry_bean_uci,dry_bean_uci,23,23,L1-full,79,0-6,2,
dry_bean_uci,dry_bean_uci,23,23,L1-full,80,6-7,2,
dry_bean_uci,dry_bean_uci,23,23,L1-full,81,2-15,2,
dry_bean_uci,dry_bean_uci,23,23,L1-full,82,0-7,2,
dry_bean_uci,dry_bean_uci,23,23,L1-full,83,1-3-7,3,
dry_bean_uci,dry_bean_uci,23,23,L1-full,84,4-9-10,3,
dry_bean_uci,dry_bean_uci,23,23,L1-full,85,11-13-14,3,
dry_bean_uci,dry_bean_uci,23,23,L1-full,86,1-2-7,3,
dry_bean_uci,dry_bean_uci,23,23,L1-full,87,4-12,2,
dry_bean_uci,dry_bean_uci,23,23,L1-full,88,0-3-6,3,
dry_bean_uci,dry_bean_uci,23,23,L1-full,89,0-6-12,3,
dry_bean_uci,dry_bean_uci,23,23,L1-full,90,1-3-6,3,
dry_bean_uci,dry_bean_uci,23,23,L1-full,91,12-13-15,3,
dry_bean_uci,dry_bean_uci,23,23,L1-full,92,2-13,2,
dry_bean_uci,dry_bean_uci,23,23,L1-full,93,0-1-3,3,
dry_bean_uci,dry_bean_uci,23,23,L1-full,94,4-11,2,
dry_bean_uci,dry_bean_uci,23,23,L1-full,95,2-10,2,
dry_bean_uci,dry_bean_uci,23,23,L1-full,96,11-14,2,
dry_bean_uci,dry_bean_uci,23,23,L1-full,97,4-14,2,
dry_bean_uci,dry_bean_uci,23,23,L1-full,98,2-6-12,3,
dry_bean_uci,dry_bean_uci,23,23,L1-full,99,0-2-12,3,
dry_bean_uci,dry_bean_uci,23,23,L1-full,100,13-14-15,3,
dry_bean_uci,dry_bean_uci,23,23,L1-full,101,1-3-10,3,
dry_bean_uci,dry_bean_uci,23,23,L1-full,102,2-3-7,3,
dry_bean_uci,dry_bean_uci,23,23,L1-full,103,5-14-15,3,
dry_bean_uci,dry_bean_uci,23,23,L1-full,104,4-10-11,3,
dry_bean_uci,dry_bean_uci,23,23,L1-full,105,2-6,2,
dry_bean_uci,dry_bean_uci,23,23,L1-full,106,5-11-15,3,
dry_bean_uci,dry_bean_uci,23,23,L1-full,107,0-2,2,
dry_bean_uci,dry_bean_uci,23,23,L1-full,108,1-2-3,3,
dry_bean_uci,dry_bean_uci,23,23,L1-full,109,6-9-10,3,
dry_bean_uci,dry_bean_uci,23,23,L1-full,110,0-1-6,3,
dry_bean_uci,dry_bean_uci,23,23,L1-full,111,11-13-15,3,
dry_bean_uci,dry_bean_uci,23,23,L1-full,112,0-9-10,3,
dry_bean_uci,dry_bean_uci,23,23,L1-full,113,3-6-7,3,
dry_bean_uci,dry_bean_uci,23,23,L1-full,114,0-3-7,3,
dry_bean_uci,dry_bean_uci,23,23,L1-full,115,5-13-15,3,
dry_bean_uci,dry_bean_uci,23,23,L1-full,116,7-10-12,3,
dry_bean_uci,dry_bean_uci,23,23,L1-full,117,4-10-14,3,
dry_bean_uci,dry_bean_uci,23,23,L1-full,118,3-5,2,
dry_bean_uci,dry_bean_uci,23,23,L1-full,119,1-7-10,3,
dry_bean_uci,dry_bean_uci,23,23,L1-full,120,1-6-7,3,
dry_bean_uci,dry_bean_uci,23,23,L1-full,121,0-1-7,3,
dry_bean_uci,dry_bean_uci,23,23,L1-full,122,6-13,2,
dry_bean_uci,dry_bean_uci,23,23,L1-full,123,10-11-15,3,
dry_bean_uci,dry_bean_uci,23,23,L1-full,124,0-13,2,
dry_bean_uci,dry_bean_uci,23,23,L1-full,125,6-10,2,
dry_bean_uci,dry_bean_uci,23,23,L1-full,126,0-6-7,3,
dry_bean_uci,dry_bean_uci,23,23,L1-full,127,9-14-15,3,
dry_bean_uci,dry_bean_uci,23,23,L1-full,128,2-3-6,3,
dry_bean_uci,dry_bean_uci,23,23,L1-full,129,1-9-15,3,
dry_bean_uci,dry_bean_uci,23,23,L1-full,130,13-14,2,
dry_bean_uci,dry_bean_uci,23,23,L1-full,131,0-2-3,3,
dry_bean_uci,dry_bean_uci,23,23,L1-full,132,10-11-14,3,
dry_bean_uci,dry_bean_uci,23,23,L1-full,133,5-12-14,3,
dry_bean_uci,dry_bean_uci,23,23,L1-full,134,0-10,2,
dry_bean_uci,dry_bean_uci,23,23,L1-full,135,4-9-11,3,
dry_bean_uci,dry_bean_uci,23,23,L1-full,136,4-5-13,3,
dry_bean_uci,dry_bean_uci,23,23,L1-full,137,9-11-15,3,
dry_bean_uci,dry_bean_uci,23,23,L1-full,138,0-6-13,3,
dry_bean_uci,dry_bean_uci,23,23,L1-full,139,10-14-15,3,
dry_bean_uci,dry_bean_uci,23,23,L1-full,140,1-2-6,3,
dry_bean_uci,dry_bean_uci,23,23,L1-full,141,11-12-14,3,
dry_bean_uci,dry_bean_uci,23,23,L1-full,142,0-1-2,3,
dry_bean_uci,dry_bean_uci,23,23,L1-full,143,3-9-15,3,
dry_bean_uci,dry_bean_uci,23,23,L1-full,144,1-2-10,3,
dry_bean_uci,dry_bean_uci,23,23,L1-full,145,5-11-12,3,
dry_bean_uci,dry_bean_uci,23,23,L1-full,146,2-6-7,3,
dry_bean_uci,dry_bean_uci,23,23,L1-full,147,4-5-15,3,
dry_bean_uci,dry_bean_uci,23,23,L1-full,148,0-2-6,3,
dry_bean_uci,dry_bean_uci,23,23,L1-full,149,0-2-7,3,
dry_bean_uci,dry_bean_uci,23,23,L1-full,150,8-12,2,
dry_bean_uci,dry_bean_uci,23,23,L1-full,151,5-7,2,
dry_bean_uci,dry_bean_uci,23,23,L1-full,152,5-12-13,3,
dry_bean_uci,dry_bean_uci,23,23,L1-full,153,5-11-13,3,
dry_bean_uci,dry_bean_uci,23,23,L1-full,154,11-13,2,
dry_bean_uci,dry_bean_uci,23,23,L1-full,155,4-9-14,3,
dry_bean_uci,dry_bean_uci,23,23,L1-full,156,5-9-15,3,
dry_bean_uci,dry_bean_uci,23,23,L1-full,157,1-10-15,3,
dry_bean_uci,dry_bean_uci,23,23,L1-full,158,5-13-14,3,
dry_bean_uci,dry_bean_uci,23,23,L1-full,159,10-12-13,3,
dry_bean_uci,dry_bean_uci,23,23,L1-full,160,9-13-15,3,
dry_bean_uci,dry_bean_uci,23,23,L1-full,161,5-14,2,
dry_bean_uci,dry_bean_uci,23,23,L1-full,162,4-11-12,3,
dry_bean_uci,dry_bean_uci,23,23,L1-full,163,4-5,2,
dry_bean_uci,dry_bean_uci,23,23,L1-full,164,1-5,2,
dry_bean_uci,dry_bean_uci,23,23,L1-full,165,5-11,2,
dry_bean_uci,dry_bean_uci,23,23,L1-full,166,7-12-15,3,
dry_bean_uci,dry_bean_uci,23,23,L1-full,167,4-12-14,3,
dry_bean_uci,dry_bean_uci,23,23,L1-full,168,5-10-15,3,
dry_bean_uci,dry_bean_uci,23,23,L1-full,169,4-10,2,
dry_bean_uci,dry_bean_uci,23,23,L1-full,170,4-10-15,3,
dry_bean_uci,dry_bean_uci,23,23,L1-full,171,2-5,2,
dry_bean_uci,dry_bean_uci,23,23,L1-full,172,2-12-15,3,
dry_bean_uci,dry_bean_uci,23,23,L1-full,173,3-6-13,3,
dry_bean_uci,dry_bean_uci,23,23,L1-full,174,0-3-13,3,
dry_bean_uci,dry_bean_uci,23,23,L1-full,175,0-15,2,
dry_bean_uci,dry_bean_uci,23,23,L1-full,176,3-14,2,
dry_bean_uci,dry_bean_uci,23,23,L1-full,177,4-13-15,3,
dry_bean_uci,dry_bean_uci,23,23,L1-full,178,6-15,2,
dry_bean_uci,dry_bean_uci,23,23,L1-full,179,4-5-10,3,
dry_bean_uci,dry_bean_uci,23,23,L1-full,180,1-6-10,3,
dry_bean_uci,dry_bean_uci,23,23,L1-full,181,5-10-11,3,
dry_bean_uci,dry_bean_uci,23,23,L1-full,182,0-1-10,3,
dry_bean_uci,dry_bean_uci,23,23,L1-full,183,2-13-15,3,
dry_bean_uci,dry_bean_uci,23,23,L1-full,184,2-9-15,3,
dry_bean_uci,dry_bean_uci,23,23,L1-full,185,5-10-14,3,
dry_bean_uci,dry_bean_uci,23,23,L1-full,186,1-6-13,3,
dry_bean_uci,dry_bean_uci,23,23,L1-full,187,0-1-13,3,
dry_bean_uci,dry_bean_uci,23,23,L1-full,188,1-9,2,
dry_bean_uci,dry_bean_uci,23,23,L1-full,189,2-12-13,3,
dry_bean_uci,dry_bean_uci,23,23,L1-full,190,4-5-12,3,
dry_bean_uci,dry_bean_uci,23,23,L1-full,191,3-7-10,3,
dry_bean_uci,dry_bean_uci,23,23,L1-full,192,5-6,2,
dry_bean_uci,dry_bean_uci,23,23,L1-full,193,8-9-15,3,
dry_bean_uci,dry_bean_uci,23,23,L1-full,194,3-11,2,
dry_bean_uci,dry_bean_uci,23,23,L1-full,195,1-12-15,3,
dry_bean_uci,dry_bean_uci,23,23,L1-full,196,5-10,2,
dry_bean_uci,dry_bean_uci,23,23,L1-full,197,0-5,2,
dry_bean_uci,dry_bean_uci,23,23,L1-full,198,7-9-15,3,
dry_bean_uci,dry_bean_uci,23,23,L1-full,199,2-6-13,3,
dry_bean_uci,dry_bean_uci,23,23,L1-full,200,0-2-13,3,
dry_bean_uci,dry_bean_uci,23,23,L1-full,201,4-13,2,
dry_bean_uci,dry_bean_uci,23,23,L1-full,202,7-12-13,3,
dry_bean_uci,dry_bean_uci,23,23,L1-full,203,12-13-14,3,
dry_bean_uci,dry_bean_uci,23,23,L1-full,204,3-4,2,
dry_bean_uci,dry_bean_uci,23,23,L1-full,205,4-5-9,3,
dry_bean_uci,dry_bean_uci,23,23,L1-full,206,4-10-13,3,
dry_bean_uci,dry_bean_uci,23,23,L1-full,207,6-7-13,3,
dry_bean_uci,dry_bean_uci,23,23,L1-full,208,0-7-13,3,
dry_bean_uci,dry_bean_uci,23,23,L1-full,209,10-13-15,3,
dry_bean_uci,dry_bean_uci,23,23,L1-full,210,2-14-15,3,
dry_bean_uci,dry_bean_uci,23,23,L1-full,211,10-11-13,3,
dry_bean_uci,dry_bean_uci,23,23,L1-full,212,10-14,2,
dry_bean_uci,dry_bean_uci,23,23,L1-full,213,3-9,2,
dry_bean_uci,dry_bean_uci,23,23,L1-full,214,3-5-12,3,
dry_bean_uci,dry_bean_uci,23,23,L1-full,215,10-11,2,
dry_bean_uci,dry_bean_uci,23,23,L1-full,216,4-9,2,
dry_bean_uci,dry_bean_uci,23,23,L1-full,217,11-12-13,3,
dry_bean_uci,dry_bean_uci,23,23,L1-full,218,2-7-13,3,
dry_bean_uci,dry_bean_uci,23,23,L1-full,219,2-11-15,3,
dry_bean_uci,dry_bean_uci,23,23,L1-full,220,7-13-15,3,
dry_bean_uci,dry_bean_uci,23,23,L1-full,221,10-13-14,3,
dry_bean_uci,dry_bean_uci,23,23,L1-full,222,1-3-13,3,
dry_bean_uci,dry_bean_uci,23,23,L1-full,223,2-3-13,3,
dry_bean_uci,dry_bean_uci,23,23,L1-full,224,2-10-12,3,
dry_bean_uci,dry_bean_uci,23,23,L1-full,225,9-13,2,
dry_bean_uci,dry_bean_uci,23,23,L1-full,226,3-12-15,3,
dry_bean_uci,dry_bean_uci,23,23,L1-full,227,1-12-13,3,
dry_bean_uci,dry_bean_uci,23,23,L1-full,228,3-12-14,3,
dry_bean_uci,dry_bean_uci,23,23,L1-full,229,6-10-12,3,
dry_bean_uci,dry_bean_uci,23,23,L1-full,230,1-2-13,3,
dry_bean_uci,dry_bean_uci,23,23,L1-full,231,2-5-15,3,
dry_bean_uci,dry_bean_uci,23,23,L1-full,232,3-11-12,3,
dry_bean_uci,dry_bean_uci,23,23,L1-full,233,7-14,2,
dry_bean_uci,dry_bean_uci,23,23,L1-full,234,1-10-13,3,
dry_bean_uci,dry_bean_uci,23,23,L1-full,235,0-10-12,3,
dry_bean_uci,dry_bean_uci,23,23,L1-full,236,6-12-13,3,
dry_bean_uci,dry_bean_uci,23,23,L1-full,237,0-12-13,3,
dry_bean_uci,dry_bean_uci,23,23,L1-full,238,3-4-12,3,
dry_bean_uci,dry_bean_uci,23,23,L1-full,239,3-11-14,3,
dry_bean_uci,dry_bean_uci,23,23,L1-full,240,9-11-14,3,
dry_bean_uci,dry_bean_uci,23,23,L1-full,241,3-7-13,3,
dry_bean_uci,dry_bean_uci,23,23,L1-full,242,3-4-11,3,
dry_bean_uci,dry_bean_uci,23,23,L1-full,243,3-5-14,3,
dry_bean_uci,dry_bean_uci,23,23,L1-full,244,1-7-13,3,
dry_bean_uci,dry_bean_uci,23,23,L1-full,245,3-4-14,3,
dry_bean_uci,dry_bean_uci,23,23,L1-full,246,3-12-13,3,
dry_bean_uci,dry_bean_uci,23,23,L1-full,247,2-7-10,3,
dry_bean_uci,dry_bean_uci,23,23,L1-full,248,2-14,2,
dry_bean_uci,dry_bean_uci,23,23,L1-full,249,2-6-10,3,
dry_bean_uci,dry_bean_uci,23,23,L1-full,250,3-6-10,3,
dry_bean_uci,dry_bean_uci,23,23,L1-full,251,3-5-11,3,
dry_bean_uci,dry_bean_uci,23,23,L1-full,252,0-2-10,3,
dry_bean_uci,dry_bean_uci,23,23,L1-full,253,4-9-13,3,
dry_bean_uci,dry_bean_uci,23,23,L1-full,254,0-6-10,3,
dry_bean_uci,dry_bean_uci,23,23,L1-full,255,0-3-10,3,
dry_bean_uci,dry_bean_uci,23,23,L1-full,256,1-13-15,3,
dry_bean_uci,dry_bean_uci,23,23,L1-full,257,1-14,2,
dry_bean_uci,dry_bean_uci,23,23,L1-full,258,2-3-10,3,
dry_bean_uci,dry_bean_uci,23,23,L1-full,259,6-9-15,3,
dry_bean_uci,dry_bean_uci,23,23,L1-full,260,10-12-15,3,
dry_bean_uci,dry_bean_uci,23,23,L1-full,261,7-11,2,
dry_bean_uci,dry_bean_uci,23,23,L1-full,262,6-7-10,3,
dry_bean_uci,dry_bean_uci,23,23,L1-full,263,5-10-13,3,
dry_bean_uci,dry_bean_uci,23,23,L1-full,264,5-7-12,3,
dry_bean_uci,dry_bean_uci,23,23,L1-full,265,0-7-10,3,
dry_bean_uci,dry_bean_uci,23,23,L1-full,266,2-4-11,3,
dry_bean_uci,dry_bean_uci,23,23,L1-full,267,1-4,2,
dry_bean_uci,dry_bean_uci,23,23,L1-full,268,2-4-15,3,
dry_bean_uci,dry_bean_uci,23,23,L1-full,269,4-7,2,
dry_bean_uci,dry_bean_uci,23,23,L1-full,270,2-5-13,3,
dry_bean_uci,dry_bean_uci,23,23,L1-full,271,3-4-5,3,
dry_bean_uci,dry_bean_uci,23,23,L1-full,272,0-9-15,3,
dry_bean_uci,dry_bean_uci,23,23,L1-full,273,2-11-14,3,
dry_bean_uci,dry_bean_uci,23,23,L1-full,274,2-4-14,3,
dry_bean_uci,dry_bean_uci,23,23,L1-full,275,1-5-12,3,
dry_bean_uci,dry_bean_uci,23,23,L1-full,276,7-9,2,
dry_bean_uci,dry_bean_uci,23,23,L1-full,277,2-10-15,3,
dry_bean_uci,dry_bean_uci,23,23,L1-full,278,2-11,2,
dry_bean_uci,dry_bean_uci,23,23,L1-full,279,2-4,2,
dry_bean_uci,dry_bean_uci,23,23,L1-full,280,2-7-15,3,
dry_bean_uci,dry_bean_uci,23,23,L1-full,281,2-13-14,3,
dry_bean_uci,dry_bean_uci,23,23,L1-full,282,5-9-11,3,
dry_bean_uci,dry_bean_uci,23,23,L1-full,283,1-5-15,3,
dry_bean_uci,dry_bean_uci,23,23,L1-full,284,3-5-13,3,
dry_bean_uci,dry_bean_uci,23,23,L1-full,285,3-10-15,3,
dry_bean_uci,dry_bean_uci,23,23,L1-full,286,1-11,2,
dry_bean_uci,dry_bean_uci,23,23,L1-full,287,5-7-13,3,
dry_bean_uci,dry_bean_uci,23,23,L1-full,288,9-11,2,
dry_bean_uci,dry_bean_uci,23,23,L1-full,289,2-5-12,3,
dry_bean_uci,dry_bean_uci,23,23,L1-full,290,8-13,2,
dry_bean_uci,dry_bean_uci,23,23,L1-full,291,5-12-15,3,
dry_bean_uci,dry_bean_uci,23,23,L1-full,292,1-5-13,3,
dry_bean_uci,dry_bean_uci,23,23,L1-full,293,4-12-13,3,
dry_bean_uci,dry_bean_uci,23,23,L1-full,294,2-11-13,3,
dry_bean_uci,dry_bean_uci,23,23,L1-full,295,1-8,2,
dry_bean_uci,dry_bean_uci,23,23,L1-full,296,7-10-15,3,
dry_bean_uci,dry_bean_uci,23,23,L1-full,297,5-9-14,3,
dry_bean_uci,dry_bean_uci,23,23,L1-full,298,8-15,2,
dry_bean_uci,dry_bean_uci,23,23,L1-full,299,1-14-15,3,
dry_bean_uci,dry_bean_uci,23,23,L1-full,300,7-12-14,3,
dry_bean_uci,dry_bean_uci,23,23,L1-full,301,2-5-14,3,
dry_bean_uci,dry_bean_uci,23,23,L1-full,302,1-9-12,3,
dry_bean_uci,dry_bean_uci,23,23,L1-full,303,1-11-15,3,
dry_bean_uci,dry_bean_uci,23,23,L1-full,304,2-5-11,3,
dry_bean_uci,dry_bean_uci,23,23,L1-full,305,6-10-15,3,
dry_bean_uci,dry_bean_uci,23,23,L1-full,306,0-12-15,3,
dry_bean_uci,dry_bean_uci,23,23,L1-full,307,8-9,2,
dry_bean_uci,dry_bean_uci,23,23,L1-full,308,0-10-15,3,
dry_bean_uci,dry_bean_uci,23,23,L1-full,309,6-12-15,3,
dry_bean_uci,dry_bean_uci,23,23,L1-full,310,4-6,2,
dry_bean_uci,dry_bean_uci,23,23,L1-full,311,5-6-12,3,
dry_bean_uci,dry_bean_uci,23,23,L1-full,312,0-5-12,3,
dry_bean_uci,dry_bean_uci,23,23,L1-full,313,5-7-15,3,
dry_bean_uci,dry_bean_uci,23,23,L1-full,314,9-14,2,
dry_bean_uci,dry_bean_uci,23,23,L1-full,315,3-10-13,3,
dry_bean_uci,dry_bean_uci,23,23,L1-full,316,0-4,2,
dry_bean_uci,dry_bean_uci,23,23,L1-full,317,6-13-15,3,
dry_bean_uci,dry_bean_uci,23,23,L1-full,318,0-13-15,3,
dry_bean_uci,dry_bean_uci,23,23,L1-full,319,4-9-12,3,
dry_bean_uci,dry_bean_uci,23,23,L1-full,320,1-7-15,3,
dry_bean_uci,dry_bean_uci,23,23,L1-full,321,0-9,2,
dry_bean_uci,dry_bean_uci,23,23,L1-full,322,7-11-12,3,
dry_bean_uci,dry_bean_uci,23,23,L1-full,323,2-4-5,3,
dry_bean_uci,dry_bean_uci,23,23,L1-full,324,6-14-15,3,
dry_bean_uci,dry_bean_uci,23,23,L1-full,325,3-8,2,
dry_bean_uci,dry_bean_uci,23,23,L1-full,326,1-12-14,3,
dry_bean_uci,dry_bean_uci,23,23,L1-full,327,2-8-10,3,
dry_bean_uci,dry_bean_uci,23,23,L1-full,328,2-4-13,3,
dry_bean_uci,dry_bean_uci,23,23,L1-full,329,1-3-15,3,
dry_bean_uci,dry_bean_uci,23,23,L1-full,330,6-11-15,3,
dry_bean_uci,dry_bean_uci,23,23,L1-full,331,0-14-15,3,
dry_bean_uci,dry_bean_uci,23,23,L1-full,332,3-13-15,3,
dry_bean_uci,dry_bean_uci,23,23,L1-full,333,6-9,2,
dry_bean_uci,dry_bean_uci,23,23,L1-full,334,3-9-12,3,
dry_bean_uci,dry_bean_uci,23,23,L1-full,335,7-14-15,3,
dry_bean_uci,dry_bean_uci,23,23,L1-full,336,1-8-10,3,
dry_bean_uci,dry_bean_uci,23,23,L1-full,337,6-8-10,3,
dry_bean_uci,dry_bean_uci,23,23,L1-full,338,8-9-10,3,
dry_bean_uci,dry_bean_uci,23,23,L1-full,339,0-11-15,3,
dry_bean_uci,dry_bean_uci,23,23,L1-full,340,0-8-10,3,
dry_bean_uci,dry_bean_uci,23,23,L1-full,341,7-13-14,3,
dry_bean_uci,dry_bean_uci,23,23,L1-full,342,1-2-15,3,
dry_bean_uci,dry_bean_uci,23,23,L1-full,343,2-9,2,
dry_bean_uci,dry_bean_uci,23,23,L1-full,344,6-14,2,
dry_bean_uci,dry_bean_uci,23,23,L1-full,345,0-14,2,
dry_bean_uci,dry_bean_uci,23,23,L1-full,346,1-13-14,3,
dry_bean_uci,dry_bean_uci,23,23,L1-full,347,7-8-10,3,
dry_bean_uci,dry_bean_uci,23,23,L1-full,348,1-3-9,3,
dry_bean_uci,dry_bean_uci,23,23,L1-full,349,1-4-15,3,
dry_bean_uci,dry_bean_uci,23,23,L1-full,350,2-12-14,3,
dry_bean_uci,dry_bean_uci,23,23,L1-full,351,5-6-15,3,
dry_bean_uci,dry_bean_uci,23,23,L1-full,352,0-5-6,3,
dry_bean_uci,dry_bean_uci,23,23,L1-full,353,7-11-15,3,
dry_bean_uci,dry_bean_uci,23,23,L1-full,354,1-11-12,3,
dry_bean_uci,dry_bean_uci,23,23,L1-full,355,1-4-10,3,
dry_bean_uci,dry_bean_uci,23,23,L1-full,356,3-8-12,3,
dry_bean_uci,dry_bean_uci,23,23,L1-full,357,0-12-14,3,
dry_bean_uci,dry_bean_uci,23,23,L1-full,358,6-12-14,3,
dry_bean_uci,dry_bean_uci,23,23,L1-full,359,6-11-14,3,
dry_bean_uci,dry_bean_uci,23,23,L1-full,360,0-5-15,3,
dry_bean_uci,dry_bean_uci,23,23,L1-full,361,7-10-13,3,
dry_bean_uci,dry_bean_uci,23,23,L1-full,362,0-3-15,3,
dry_bean_uci,dry_bean_uci,23,23,L1-full,363,0-11-14,3,
dry_bean_uci,dry_bean_uci,23,23,L1-full,364,3-7-15,3,
dry_bean_uci,dry_bean_uci,23,23,L1-full,365,9-11-12,3,
dry_bean_uci,dry_bean_uci,23,23,L1-full,366,7-8,2,
dry_bean_uci,dry_bean_uci,23,23,L1-full,367,3-6-15,3,
dry_bean_uci,dry_bean_uci,23,23,L1-full,368,3-4-9,3,
dry_bean_uci,dry_bean_uci,23,23,L1-full,369,3-9-11,3,
dry_bean_uci,dry_bean_uci,23,23,L1-full,370,4-6-11,3,
dry_bean_uci,dry_bean_uci,23,23,L1-full,371,5-8-15,3,
dry_bean_uci,dry_bean_uci,23,23,L1-full,372,2-10-13,3,
dry_bean_uci,dry_bean_uci,23,23,L1-full,373,0-4-11,3,
dry_bean_uci,dry_bean_uci,23,23,L1-full,374,0-6-15,3,
dry_bean_uci,dry_bean_uci,23,23,L1-full,375,5-7-14,3,
dry_bean_uci,dry_bean_uci,23,23,L1-full,376,1-5-14,3,
dry_bean_uci,dry_bean_uci,23,23,L1-full,377,3-9-14,3,
dry_bean_uci,dry_bean_uci,23,23,L1-full,378,4-6-15,3,
dry_bean_uci,dry_bean_uci,23,23,L1-full,379,4-6-14,3,
dry_bean_uci,dry_bean_uci,23,23,L1-full,380,7-11-13,3,
dry_bean_uci,dry_bean_uci,23,23,L1-full,381,1-11-13,3,
dry_bean_uci,dry_bean_uci,23,23,L1-full,382,0-4-14,3,
dry_bean_uci,dry_bean_uci,23,23,L1-full,383,0-1-15,3,
dry_bean_uci,dry_bean_uci,23,23,L1-full,384,3-8-10,3,
dry_bean_uci,dry_bean_uci,23,23,L1-full,385,2-4-10,3,
dry_bean_uci,dry_bean_uci,23,23,L1-full,386,9-11-13,3,
dry_bean_uci,dry_bean_uci,23,23,L1-full,387,0-11-12,3,
dry_bean_uci,dry_bean_uci,23,23,L1-full,388,6-11-12,3,
dry_bean_uci,dry_bean_uci,23,23,L1-full,389,1-6-15,3,
dry_bean_uci,dry_bean_uci,23,23,L1-full,390,0-4-15,3,
dry_bean_uci,dry_bean_uci,23,23,L1-full,391,6-11,2,
dry_bean_uci,dry_bean_uci,23,23,L1-full,392,9-12-14,3,
dry_bean_uci,dry_bean_uci,23,23,L1-full,393,2-3-15,3,
dry_bean_uci,dry_bean_uci,23,23,L1-full,394,0-11,2,
dry_bean_uci,dry_bean_uci,23,23,L1-full,395,5-8,2,
dry_bean_uci,dry_bean_uci,23,23,L1-full,396,2-11-12,3,
dry_bean_uci,dry_bean_uci,23,23,L1-full,397,8-11-12,3,
dry_bean_uci,dry_bean_uci,23,23,L1-full,398,8-12-14,3,
dry_bean_uci,dry_bean_uci,23,23,L1-full,399,3-13-14,3,
dry_bean_uci,dry_bean_uci,23,23,L1-full,400,0-6-8,3,
dry_bean_uci,dry_bean_uci,23,23,L1-full,401,2-4-9,3,
dry_bean_uci,dry_bean_uci,23,23,L1-full,402,1-5-11,3,
dry_bean_uci,dry_bean_uci,23,23,L1-full,403,4-8-12,3,
dry_bean_uci,dry_bean_uci,23,23,L1-full,404,8-14,2,
dry_bean_uci,dry_bean_uci,23,23,L1-full,405,5-7-11,3,
dry_bean_uci,dry_bean_uci,23,23,L1-full,406,1-11-14,3,
dry_bean_uci,dry_bean_uci,23,23,L1-full,407,1-7-9,3,
dry_bean_uci,dry_bean_uci,23,23,L1-full,408,8-11,2,
dry_bean_uci,dry_bean_uci,23,23,L1-full,409,9-13-14,3,
dry_bean_uci,dry_bean_uci,23,23,L1-full,410,5-6-11,3,
dry_bean_uci,dry_bean_uci,23,23,L1-full,411,12-14-15,3,
dry_bean_uci,dry_bean_uci,23,23,L1-full,412,0-7-15,3,
dry_bean_uci,dry_bean_uci,23,23,L1-full,413,0-5-11,3,
dry_bean_uci,dry_bean_uci,23,23,L1-full,414,3-5-9,3,
dry_bean_uci,dry_bean_uci,23,23,L1-full,415,4-7-12,3,
dry_bean_uci,dry_bean_uci,23,23,L1-full,416,5-6-14,3,
dry_bean_uci,dry_bean_uci,23,23,L1-full,417,4-8,2,
dry_bean_uci,dry_bean_uci,23,23,L1-full,418,0-5-14,3,
dry_bean_uci,dry_bean_uci,23,23,L1-full,419,7-11-14,3,
dry_bean_uci,dry_bean_uci,23,23,L1-full,420,0-2-15,3,
dry_bean_uci,dry_bean_uci,23,23,L1-full,421,6-7-15,3,
dry_bean_uci,dry_bean_uci,23,23,L1-full,422,3-5-7,3,
dry_bean_uci,dry_bean_uci,23,23,L1-full,423,7-8-12,3,
dry_bean_uci,dry_bean_uci,23,23,L1-full,424,2-8,2,
dry_bean_uci,dry_bean_uci,23,23,L1-full,425,5-8-12,3,
dry_bean_uci,dry_bean_uci,23,23,L1-full,426,2-6-15,3,
dry_bean_uci,dry_bean_uci,23,23,L1-full,427,4-5-6,3,
dry_bean_uci,dry_bean_uci,23,23,L1-full,428,0-4-5,3,
dry_bean_uci,dry_bean_uci,23,23,L1-full,429,6-10-13,3,
dry_bean_uci,dry_bean_uci,23,23,L1-full,430,4-10-12,3,
dry_bean_uci,dry_bean_uci,23,23,L1-full,431,3-11-13,3,
dry_bean_uci,dry_bean_uci,23,23,L1-full,432,0-6-14,3,
dry_bean_uci,dry_bean_uci,23,23,L1-full,433,0-10-13,3,
dry_bean_uci,dry_bean_uci,23,23,L1-full,434,1-8-12,3,
dry_bean_uci,dry_bean_uci,23,23,L1-full,435,3-6-8,3,
dry_bean_uci,dry_bean_uci,23,23,L1-full,436,0-3-8,3,
dry_bean_uci,dry_bean_uci,23,23,L1-full,437,5-9-13,3,
dry_bean_uci,dry_bean_uci,23,23,L1-full,438,4-8-9,3,
dry_bean_uci,dry_bean_uci,23,23,L1-full,439,1-6-9,3,
dry_bean_uci,dry_bean_uci,23,23,L1-full,440,0-1-9,3,
dry_bean_uci,dry_bean_uci,23,23,L1-full,441,4-7-15,3,
dry_bean_uci,dry_bean_uci,23,23,L1-full,442,0-3-5,3,
dry_bean_uci,dry_bean_uci,23,23,L1-full,443,3-5-6,3,
dry_bean_uci,dry_bean_uci,23,23,L1-full,444,5-8-9,3,
dry_bean_uci,dry_bean_uci,23,23,L1-full,445,1-2-9,3,
dry_bean_uci,dry_bean_uci,23,23,L1-full,446,2-5-6,3,
dry_bean_uci,dry_bean_uci,23,23,L1-full,447,1-6-8,3,
dry_bean_uci,dry_bean_uci,23,23,L1-full,448,1-3-5,3,
dry_bean_uci,dry_bean_uci,23,23,L1-full,449,0-1-8,3,
dry_bean_uci,dry_bean_uci,23,23,L1-full,450,0-2-5,3,
dry_bean_uci,dry_bean_uci,23,23,L1-full,451,3-7-14,3,
dry_bean_uci,dry_bean_uci,23,23,L1-full,452,5-9,2,
dry_bean_uci,dry_bean_uci,23,23,L1-full,453,8-14-15,3,
dry_bean_uci,dry_bean_uci,23,23,L1-full,454,4-6-10,3,
dry_bean_uci,dry_bean_uci,23,23,L1-full,455,1-4-12,3,
dry_bean_uci,dry_bean_uci,23,23,L1-full,456,2-10-11,3,
dry_bean_uci,dry_bean_uci,23,23,L1-full,457,1-5-7,3,
dry_bean_uci,dry_bean_uci,23,23,L1-full,458,1-10-11,3,
dry_bean_uci,dry_bean_uci,23,23,L1-full,459,1-4-11,3,
dry_bean_uci,dry_bean_uci,23,23,L1-full,460,1-4-14,3,
dry_bean_uci,dry_bean_uci,23,23,L1-full,461,0-4-10,3,
dry_bean_uci,dry_bean_uci,23,23,L1-full,462,4-6-12,3,
dry_bean_uci,dry_bean_uci,23,23,L1-full,463,0-4-12,3,
dry_bean_uci,dry_bean_uci,23,23,L1-full,464,2-3-5,3,
dry_bean_uci,dry_bean_uci,23,23,L1-full,465,6-7-8,3,
dry_bean_uci,dry_bean_uci,23,23,L1-full,466,0-7-8,3,
dry_bean_uci,dry_bean_uci,23,23,L1-full,467,3-7-11,3,
dry_bean_uci,dry_bean_uci,23,23,L1-full,468,1-4-13,3,
dry_bean_uci,dry_bean_uci,23,23,L1-full,469,1-2-4,3,
dry_bean_uci,dry_bean_uci,23,23,L1-full,470,1-7-14,3,
dry_bean_uci,dry_bean_uci,23,23,L1-full,471,0-6-11,3,
dry_bean_uci,dry_bean_uci,23,23,L1-full,472,1-4-9,3,
dry_bean_uci,dry_bean_uci,23,23,L1-full,473,8-12-15,3,
dry_bean_uci,dry_bean_uci,23,23,L1-full,474,0-4-9,3,
dry_bean_uci,dry_bean_uci,23,23,L1-full,475,1-2-14,3,
dry_bean_uci,dry_bean_uci,23,23,L1-full,476,1-2-11,3,
dry_bean_uci,dry_bean_uci,23,23,L1-full,477,11-12-15,3,
dry_bean_uci,dry_bean_uci,23,23,L1-full,478,8-9-11,3,
dry_bean_uci,dry_bean_uci,23,23,L1-full,479,4-6-9,3,
dry_bean_uci,dry_bean_uci,23,23,L1-full,480,8-9-14,3,
dry_bean_uci,dry_bean_uci,23,23,L1-full,481,1-7-11,3,
dry_bean_uci,dry_bean_uci,23,23,L1-full,482,1-2-5,3,
dry_bean_uci,dry_bean_uci,23,23,L1-full,483,4-7-11,3,
dry_bean_uci,dry_bean_uci,23,23,L1-full,484,4-7-14,3,
dry_bean_uci,dry_bean_uci,23,23,L1-full,485,8-11-15,3,
dry_bean_uci,dry_bean_uci,23,23,L1-full,486,8-12-13,3,
dry_bean_uci,dry_bean_uci,23,23,L1-full,487,2-5-7,3,
dry_bean_uci,dry_bean_uci,23,23,L1-full,488,4-8-15,3,
dry_bean_uci,dry_bean_uci,23,23,L1-full,489,3-4-15,3,
dry_bean_uci,dry_bean_uci,23,23,L1-full,490,6-10-11,3,
dry_bean_uci,dry_bean_uci,23,23,L1-full,491,4-8-11,3,
dry_bean_uci,dry_bean_uci,23,23,L1-full,492,2-7-14,3,
dry_bean_uci,dry_bean_uci,23,23,L1-full,493,2-3-14,3,
dry_bean_uci,dry_bean_uci,23,23,L1-full,494,2-6-8,3,
dry_bean_uci,dry_bean_uci,23,23,L1-full,495,2-10-14,3,
dry_bean_uci,dry_bean_uci,23,23,L1-full,496,0-10-11,3,
dry_bean_uci,dry_bean_uci,23,23,L1-full,497,0-2-8,3,
dry_bean_uci,dry_bean_uci,23,23,L1-full,498,2-8-12,3,
dry_bean_uci,dry_bean_uci,23,23,L1-full,499,0-9-11,3,
dry_bean_uci,dry_bean_uci,23,23,L1-full,500,1-4-5,3,
dry_bean_uci,dry_bean_uci,23,23,L1-full,501,2-7-11,3,
dry_bean_uci,dry_bean_uci,23,23,L1-full,502,1-10-14,3,
dry_bean_uci,dry_bean_uci,23,23,L1-full,503,0-8-12,3,
dry_bean_uci,dry_bean_uci,23,23,L1-full,504,6-8-12,3,
dry_bean_uci,dry_bean_uci,23,23,L1-full,505,4-7-9,3,
dry_bean_uci,dry_bean_uci,23,23,L1-full,506,0-9-14,3,
dry_bean_uci,dry_bean_uci,23,23,L1-full,507,1-3-14,3,
dry_bean_uci,dry_bean_uci,23,23,L1-full,508,6-9-11,3,
dry_bean_uci,dry_bean_uci,23,23,L1-full,509,1-5-6,3,
dry_bean_uci,dry_bean_uci,23,23,L1-full,510,4-5-7,3,
dry_bean_uci,dry_bean_uci,23,23,L1-full,511,0-1-5,3,
dry_bean_uci,dry_bean_uci,23,23,L1-full,512,1-4-7,3,
dry_bean_uci,dry_bean_uci,23,23,L1-full,513,4-6-13,3,
dry_bean_uci,dry_bean_uci,23,23,L1-full,514,0-4-13,3,
dry_bean_uci,dry_bean_uci,23,23,L1-full,515,2-3-11,3,
dry_bean_uci,dry_bean_uci,23,23,L1-full,516,6-9-14,3,
dry_bean_uci,dry_bean_uci,23,23,L1-full,517,4-7-13,3,
dry_bean_uci,dry_bean_uci,23,23,L1-full,518,1-7-8,3,
dry_bean_uci,dry_bean_uci,23,23,L1-full,519,1-9-11,3,
dry_bean_uci,dry_bean_uci,23,23,L1-full,520,4-8-14,3,
dry_bean_uci,dry_bean_uci,23,23,L1-full,521,1-3-8,3,
dry_bean_uci,dry_bean_uci,23,23,L1-full,522,6-10-14,3,
dry_bean_uci,dry_bean_uci,23,23,L1-full,523,0-2-14,3,
dry_bean_uci,dry_bean_uci,23,23,L1-full,524,5-6-13,3,
dry_bean_uci,dry_bean_uci,23,23,L1-full,525,2-6-14,3,
dry_bean_uci,dry_bean_uci,23,23,L1-full,526,0-5-13,3,
dry_bean_uci,dry_bean_uci,23,23,L1-full,527,2-9-11,3,
dry_bean_uci,dry_bean_uci,23,23,L1-full,528,4-7-10,3,
dry_bean_uci,dry_bean_uci,23,23,L1-full,529,0-10-14,3,
dry_bean_uci,dry_bean_uci,23,23,L1-full,530,7-9-11,3,
dry_bean_uci,dry_bean_uci,23,23,L1-full,531,3-7-8,3,
dry_bean_uci,dry_bean_uci,23,23,L1-full,532,0-2-11,3,
dry_bean_uci,dry_bean_uci,23,23,L1-full,533,6-11-13,3,
dry_bean_uci,dry_bean_uci,23,23,L1-full,534,1-9-14,3,
dry_bean_uci,dry_bean_uci,23,23,L1-full,535,0-5-9,3,
dry_bean_uci,dry_bean_uci,23,23,L1-full,536,2-6-11,3,
dry_bean_uci,dry_bean_uci,23,23,L1-full,537,0-11-13,3,
dry_bean_uci,dry_bean_uci,23,23,L1-full,538,1-3-11,3,
dry_bean_uci,dry_bean_uci,23,23,L1-full,539,7-9-14,3,
dry_bean_uci,dry_bean_uci,23,23,L1-full,540,3-4-7,3,
dry_bean_uci,dry_bean_uci,23,23,L1-full,541,6-13-14,3,
dry_bean_uci,dry_bean_uci,23,23,L1-full,542,0-13-14,3,
dry_bean_uci,dry_bean_uci,23,23,L1-full,543,2-4-7,3,
dry_bean_uci,dry_bean_uci,23,23,L1-full,544,8-11-14,3,
dry_bean_uci,dry_bean_uci,23,23,L1-full,545,5-6-9,3,
dry_bean_uci,dry_bean_uci,23,23,L1-full,546,5-9-12,3,
dry_bean_uci,dry_bean_uci,23,23,L1-full,547,1-2-8,3,
dry_bean_uci,dry_bean_uci,23,23,L1-full,548,3-5-15,3,
dry_bean_uci,dry_bean_uci,23,23,L1-full,549,3-4-10,3,
dry_bean_uci,dry_bean_uci,23,23,L1-full,550,3-11-15,3,
dry_bean_uci,dry_bean_uci,23,23,L1-full,551,2-9-14,3,
dry_bean_uci,dry_bean_uci,23,23,L1-full,552,5-6-7,3,
dry_bean_uci,dry_bean_uci,23,23,L1-full,553,0-5-7,3,
dry_bean_uci,dry_bean_uci,23,23,L1-full,554,8-10-12,3,
dry_bean_uci,dry_bean_uci,23,23,L1-full,555,0-2-4,3,
dry_bean_uci,dry_bean_uci,23,23,L1-full,556,2-7-8,3,
dry_bean_uci,dry_bean_uci,23,23,L1-full,557,2-4-6,3,
dry_bean_uci,dry_bean_uci,23,23,L1-full,558,2-3-8,3,
dry_bean_uci,dry_bean_uci,23,23,L1-full,559,3-4-13,3,
dry_bean_uci,dry_bean_uci,23,23,L1-full,560,3-14-15,3,
dry_bean_uci,dry_bean_uci,23,23,L1-full,561,0-1-14,3,
dry_bean_uci,dry_bean_uci,23,23,L1-full,562,1-6-14,3,
dry_bean_uci,dry_bean_uci,23,23,L1-full,563,0-1-11,3,
dry_bean_uci,dry_bean_uci,23,23,L1-full,564,1-6-11,3,
dry_bean_uci,dry_bean_uci,23,23,L1-full,565,0-7-11,3,
dry_bean_uci,dry_bean_uci,23,23,L1-full,566,0-4-7,3,
dry_bean_uci,dry_bean_uci,23,23,L1-full,567,1-5-10,3,
dry_bean_uci,dry_bean_uci,23,23,L1-full,568,0-7-14,3,
dry_bean_uci,dry_bean_uci,23,23,L1-full,569,6-7-11,3,
dry_bean_uci,dry_bean_uci,23,23,L1-full,570,0-3-14,3,
dry_bean_uci,dry_bean_uci,23,23,L1-full,571,3-6-14,3,
dry_bean_uci,dry_bean_uci,23,23,L1-full,572,0-1-4,3,
dry_bean_uci,dry_bean_uci,23,23,L1-full,573,4-6-7,3,
dry_bean_uci,dry_bean_uci,23,23,L1-full,574,6-7-14,3,
dry_bean_uci,dry_bean_uci,23,23,L1-full,575,3-4-6,3,
dry_bean_uci,dry_bean_uci,23,23,L1-full,576,2-5-9,3,
dry_bean_uci,dry_bean_uci,23,23,L1-full,577,1-4-6,3,
dry_bean_uci,dry_bean_uci,23,23,L1-full,578,0-3-4,3,
dry_bean_uci,dry_bean_uci,23,23,L1-full,579,3-6-11,3,
dry_bean_uci,dry_bean_uci,23,23,L1-full,580,3-4-8,3,
dry_bean_uci,dry_bean_uci,23,23,L1-full,581,0-3-11,3,
dry_bean_uci,dry_bean_uci,23,23,L1-full,582,5-7-9,3,
dry_bean_uci,dry_bean_uci,23,23,L1-full,583,3-10-11,3,
dry_bean_uci,dry_bean_uci,23,23,L1-full,584,1-3-4,3,
dry_bean_uci,dry_bean_uci,23,23,L1-full,585,3-8-11,3,
dry_bean_uci,dry_bean_uci,23,23,L1-full,586,4-12-15,3,
dry_bean_uci,dry_bean_uci,23,23,L1-full,587,0-4-6,3,
dry_bean_uci,dry_bean_uci,23,23,L1-full,588,2-4-12,3,
dry_bean_uci,dry_bean_uci,23,23,L1-full,589,3-8-14,3,
dry_bean_uci,dry_bean_uci,23,23,L1-full,590,6-8,2,
dry_bean_uci,dry_bean_uci,23,23,L1-full,591,4-8-10,3,
dry_bean_uci,dry_bean_uci,23,23,L1-full,592,0-8,2,
dry_bean_uci,dry_bean_uci,23,23,L1-full,593,2-3-4,3,
dry_bean_uci,dry_bean_uci,23,23,L1-full,594,5-8-14,3,
dry_bean_uci,dry_bean_uci,23,23,L1-full,595,9-12-13,3,
dry_bean_uci,dry_bean_uci,23,23,L1-full,596,3-10-14,3,
dry_bean_uci,dry_bean_uci,23,23,L1-full,597,8-10-15,3,
dry_bean_uci,dry_bean_uci,23,23,L1-full,598,1-5-9,3,
dry_bean_uci,dry_bean_uci,23,23,L1-full,599,8-13-15,3,
dry_bean_uci,dry_bean_uci,23,23,L1-full,600,2-7-9,3,
dry_bean_uci,dry_bean_uci,23,23,L1-full,601,7-8-15,3,
dry_bean_uci,dry_bean_uci,23,23,L1-full,602,3-6-9,3,
dry_bean_uci,dry_bean_uci,23,23,L1-full,603,5-8-11,3,
dry_bean_uci,dry_bean_uci,23,23,L1-full,604,2-5-10,3,
dry_bean_uci,dry_bean_uci,23,23,L1-full,605,8-13-14,3,
dry_bean_uci,dry_bean_uci,23,23,L1-full,606,7-9-12,3,
dry_bean_uci,dry_bean_uci,23,23,L1-full,607,3-7-9,3,
dry_bean_uci,dry_bean_uci,23,23,L1-full,608,8-9-12,3,
dry_bean_uci,dry_bean_uci,23,23,L1-full,609,2-8-13,3,
dry_bean_uci,dry_bean_uci,23,23,L1-full,610,0-3-9,3,
dry_bean_uci,dry_bean_uci,23,23,L1-full,611,8-9-13,3,
dry_bean_uci,dry_bean_uci,23,23,L1-full,612,8-11-13,3,
dry_bean_uci,dry_bean_uci,23,23,L1-full,613,2-9-13,3,
dry_bean_uci,dry_bean_uci,23,23,L1-full,614,2-8-15,3,
dry_bean_uci,dry_bean_uci,23,23,L1-full,615,3-5-8,3,
dry_bean_uci,dry_bean_uci,23,23,L1-full,616,0-9-12,3,
dry_bean_uci,dry_bean_uci,23,23,L1-full,617,5-8-13,3,
dry_bean_uci,dry_bean_uci,23,23,L1-full,618,4-5-8,3,
dry_bean_uci,dry_bean_uci,23,23,L1-full,619,2-6-9,3,
dry_bean_uci,dry_bean_uci,23,23,L1-full,620,2-8-9,3,
dry_bean_uci,dry_bean_uci,23,23,L1-full,621,6-9-12,3,
dry_bean_uci,dry_bean_uci,23,23,L1-full,622,5-6-10,3,
dry_bean_uci,dry_bean_uci,23,23,L1-full,623,4-8-13,3,
dry_bean_uci,dry_bean_uci,23,23,L1-full,624,0-5-10,3,
dry_bean_uci,dry_bean_uci,23,23,L1-full,625,6-7-9,3,
dry_bean_uci,dry_bean_uci,23,23,L1-full,626,0-2-9,3,
dry_bean_uci,dry_bean_uci,23,23,L1-full,627,1-8-9,3,
dry_bean_uci,dry_bean_uci,23,23,L1-full,628,7-8-13,3,
dry_bean_uci,dry_bean_uci,23,23,L1-full,629,10-11-12,3,
dry_bean_uci,dry_bean_uci,23,23,L1-full,630,8-10-13,3,
dry_bean_uci,dry_bean_uci,23,23,L1-top8,1,9-10,2,
dry_bean_uci,dry_bean_uci,23,23,L1-top8,2,3-12,2,
dry_bean_uci,dry_bean_uci,23,23,L1-top8,3,10-12,2,
dry_bean_uci,dry_bean_uci,23,23,L1-top8,4,1-12,2,
dry_bean_uci,dry_bean_uci,23,23,L1-top8,5,7-12,2,
dry_bean_uci,dry_bean_uci,23,23,L1-top8,6,9-10-12,3,
dry_bean_uci,dry_bean_uci,23,23,L1-top8,7,12-13,2,
dry_bean_uci,dry_bean_uci,23,23,L1-top8,8,12-15,2,
dry_bean_uci,dry_bean_uci,23,23,L1-match,1,9-10,2,
dry_bean_uci,dry_bean_uci,23,23,L1-match,2,3-12,2,
dry_bean_uci,dry_bean_uci,23,23,SHIL-k8,1,10-12,2,
dry_bean_uci,dry_bean_uci,23,23,SHIL-k8,2,3-12,2,
dry_bean_uci,dry_bean_uci,23,23,SHIL-k8,3,6-12,2,
dry_bean_uci,dry_bean_uci,23,23,SHIL-k8,4,0-12,2,
dry_bean_uci,dry_bean_uci,23,23,SHIL-k8,5,10-15,2,
dry_bean_uci,dry_bean_uci,23,23,SHIL-k8,6,9-10-12,3,
dry_bean_uci,dry_bean_uci,23,23,SHIL-k8,7,1-12,2,
dry_bean_uci,dry_bean_uci,23,23,SHIL-k8,8,9-10-15,3,
dry_bean_uci,dry_bean_uci,23,23,SC-L1,1,1-12,2,
dry_bean_uci,dry_bean_uci,23,23,SC-L1,2,9-10,2,
dry_bean_uci,dry_bean_uci,23,23,SC-SHIL,1,3-12,2,
dry_bean_uci,dry_bean_uci,23,23,SC-SHIL,2,10-12,2,
dry_bean_uci,dry_bean_uci,37,37,L1-full,1,9-10,2,
dry_bean_uci,dry_bean_uci,37,37,L1-full,2,3-12,2,
dry_bean_uci,dry_bean_uci,37,37,L1-full,3,10-12,2,
dry_bean_uci,dry_bean_uci,37,37,L1-full,4,1-12,2,
dry_bean_uci,dry_bean_uci,37,37,L1-full,5,7-12,2,
dry_bean_uci,dry_bean_uci,37,37,L1-full,6,9-10-12,3,
dry_bean_uci,dry_bean_uci,37,37,L1-full,7,12-15,2,
dry_bean_uci,dry_bean_uci,37,37,L1-full,8,12-13,2,
dry_bean_uci,dry_bean_uci,37,37,L1-full,9,2-12,2,
dry_bean_uci,dry_bean_uci,37,37,L1-full,10,10-15,2,
dry_bean_uci,dry_bean_uci,37,37,L1-full,11,9-10-15,3,
dry_bean_uci,dry_bean_uci,37,37,L1-full,12,6-12,2,
dry_bean_uci,dry_bean_uci,37,37,L1-full,13,0-12,2,
dry_bean_uci,dry_bean_uci,37,37,L1-full,14,9-15,2,
dry_bean_uci,dry_bean_uci,37,37,L1-full,15,4-11-14,3,
dry_bean_uci,dry_bean_uci,37,37,L1-full,16,3-7-12,3,
dry_bean_uci,dry_bean_uci,37,37,L1-full,17,1-3-12,3,
dry_bean_uci,dry_bean_uci,37,37,L1-full,18,3-10,2,
dry_bean_uci,dry_bean_uci,37,37,L1-full,19,13-15,2,
dry_bean_uci,dry_bean_uci,37,37,L1-full,20,4-5-11,3,
dry_bean_uci,dry_bean_uci,37,37,L1-full,21,3-9-10,3,
dry_bean_uci,dry_bean_uci,37,37,L1-full,22,1-3,2,
dry_bean_uci,dry_bean_uci,37,37,L1-full,23,4-5-14,3,
dry_bean_uci,dry_bean_uci,37,37,L1-full,24,1-10,2,
dry_bean_uci,dry_bean_uci,37,37,L1-full,25,1-7-12,3,
dry_bean_uci,dry_bean_uci,37,37,L1-full,26,5-11-14,3,
dry_bean_uci,dry_bean_uci,37,37,L1-full,27,1-9-10,3,
dry_bean_uci,dry_bean_uci,37,37,L1-full,28,3-7,2,
dry_bean_uci,dry_bean_uci,37,37,L1-full,29,9-10-13,3,
dry_bean_uci,dry_bean_uci,37,37,L1-full,30,5-12,2,
dry_bean_uci,dry_bean_uci,37,37,L1-full,31,9-12,2,
dry_bean_uci,dry_bean_uci,37,37,L1-full,32,2-7-12,3,
dry_bean_uci,dry_bean_uci,37,37,L1-full,33,1-7,2,
dry_bean_uci,dry_bean_uci,37,37,L1-full,34,7-9-10,3,
dry_bean_uci,dry_bean_uci,37,37,L1-full,35,10-13,2,
dry_bean_uci,dry_bean_uci,37,37,L1-full,36,14-15,2,
dry_bean_uci,dry_bean_uci,37,37,L1-full,37,7-10,2,
dry_bean_uci,dry_bean_uci,37,37,L1-full,38,11-15,2,
dry_bean_uci,dry_bean_uci,37,37,L1-full,39,8-10,2,
dry_bean_uci,dry_bean_uci,37,37,L1-full,40,9-10-14,3,
dry_bean_uci,dry_bean_uci,37,37,L1-full,41,1-2-12,3,
dry_bean_uci,dry_bean_uci,37,37,L1-full,42,2-3,2,
dry_bean_uci,dry_bean_uci,37,37,L1-full,43,1-10-12,3,
dry_bean_uci,dry_bean_uci,37,37,L1-full,44,3-13,2,
dry_bean_uci,dry_bean_uci,37,37,L1-full,45,5-15,2,
dry_bean_uci,dry_bean_uci,37,37,L1-full,46,1-15,2,
dry_bean_uci,dry_bean_uci,37,37,L1-full,47,9-10-11,3,
dry_bean_uci,dry_bean_uci,37,37,L1-full,48,2-3-12,3,
dry_bean_uci,dry_bean_uci,37,37,L1-full,49,12-14,2,
dry_bean_uci,dry_bean_uci,37,37,L1-full,50,3-10-12,3,
dry_bean_uci,dry_bean_uci,37,37,L1-full,51,5-9-10,3,
dry_bean_uci,dry_bean_uci,37,37,L1-full,52,3-6,2,
dry_bean_uci,dry_bean_uci,37,37,L1-full,53,0-3,2,
dry_bean_uci,dry_bean_uci,37,37,L1-full,54,7-15,2,
dry_bean_uci,dry_bean_uci,37,37,L1-full,55,3-6-12,3,
dry_bean_uci,dry_bean_uci,37,37,L1-full,56,0-3-12,3,
dry_bean_uci,dry_bean_uci,37,37,L1-full,57,11-12,2,
dry_bean_uci,dry_bean_uci,37,37,L1-full,58,4-15,2,
dry_bean_uci,dry_bean_uci,37,37,L1-full,59,1-2,2,
dry_bean_uci,dry_bean_uci,37,37,L1-full,60,3-15,2,
dry_bean_uci,dry_bean_uci,37,37,L1-full,61,4-9-10,3,
dry_bean_uci,dry_bean_uci,37,37,L1-full,62,1-6,2,
dry_bean_uci,dry_bean_uci,37,37,L1-full,63,0-1,2,
dry_bean_uci,dry_bean_uci,37,37,L1-full,64,4-11-13,3,
dry_bean_uci,dry_bean_uci,37,37,L1-full,65,9-12-15,3,
dry_bean_uci,dry_bean_uci,37,37,L1-full,66,1-13,2,
dry_bean_uci,dry_bean_uci,37,37,L1-full,67,5-13,2,
dry_bean_uci,dry_bean_uci,37,37,L1-full,68,2-15,2,
dry_bean_uci,dry_bean_uci,37,37,L1-full,69,2-7,2,
dry_bean_uci,dry_bean_uci,37,37,L1-full,70,2-9-10,3,
dry_bean_uci,dry_bean_uci,37,37,L1-full,71,0-7-12,3,
dry_bean_uci,dry_bean_uci,37,37,L1-full,72,6-7-12,3,
dry_bean_uci,dry_bean_uci,37,37,L1-full,73,7-13,2,
dry_bean_uci,dry_bean_uci,37,37,L1-full,74,4-13-14,3,
dry_bean_uci,dry_bean_uci,37,37,L1-full,75,1-6-12,3,
dry_bean_uci,dry_bean_uci,37,37,L1-full,76,0-1-12,3,
dry_bean_uci,dry_bean_uci,37,37,L1-full,77,1-2-7,3,
dry_bean_uci,dry_bean_uci,37,37,L1-full,78,1-3-7,3,
dry_bean_uci,dry_bean_uci,37,37,L1-full,79,4-12,2,
dry_bean_uci,dry_bean_uci,37,37,L1-full,80,0-6,2,
dry_bean_uci,dry_bean_uci,37,37,L1-full,81,6-7,2,
dry_bean_uci,dry_bean_uci,37,37,L1-full,82,0-7,2,
dry_bean_uci,dry_bean_uci,37,37,L1-full,83,11-13-14,3,
dry_bean_uci,dry_bean_uci,37,37,L1-full,84,2-10,2,
dry_bean_uci,dry_bean_uci,37,37,L1-full,85,0-2-12,3,
dry_bean_uci,dry_bean_uci,37,37,L1-full,86,2-6-12,3,
dry_bean_uci,dry_bean_uci,37,37,L1-full,87,11-14-15,3,
dry_bean_uci,dry_bean_uci,37,37,L1-full,88,7-10-12,3,
dry_bean_uci,dry_bean_uci,37,37,L1-full,89,0-6-12,3,
dry_bean_uci,dry_bean_uci,37,37,L1-full,90,12-13-15,3,
dry_bean_uci,dry_bean_uci,37,37,L1-full,91,4-11-15,3,
dry_bean_uci,dry_bean_uci,37,37,L1-full,92,2-3-7,3,
dry_bean_uci,dry_bean_uci,37,37,L1-full,93,1-3-6,3,
dry_bean_uci,dry_bean_uci,37,37,L1-full,94,0-1-3,3,
dry_bean_uci,dry_bean_uci,37,37,L1-full,95,1-3-10,3,
dry_bean_uci,dry_bean_uci,37,37,L1-full,96,0-3-6,3,
dry_bean_uci,dry_bean_uci,37,37,L1-full,97,2-13,2,
dry_bean_uci,dry_bean_uci,37,37,L1-full,98,1-2-3,3,
dry_bean_uci,dry_bean_uci,37,37,L1-full,99,4-14-15,3,
dry_bean_uci,dry_bean_uci,37,37,L1-full,100,6-9-10,3,
dry_bean_uci,dry_bean_uci,37,37,L1-full,101,13-14,2,
dry_bean_uci,dry_bean_uci,37,37,L1-full,102,4-9-15,3,
dry_bean_uci,dry_bean_uci,37,37,L1-full,103,6-10,2,
dry_bean_uci,dry_bean_uci,37,37,L1-full,104,4-11,2,
dry_bean_uci,dry_bean_uci,37,37,L1-full,105,2-6,2,
dry_bean_uci,dry_bean_uci,37,37,L1-full,106,11-14,2,
dry_bean_uci,dry_bean_uci,37,37,L1-full,107,0-9-10,3,
dry_bean_uci,dry_bean_uci,37,37,L1-full,108,4-9-11,3,
dry_bean_uci,dry_bean_uci,37,37,L1-full,109,0-2,2,
dry_bean_uci,dry_bean_uci,37,37,L1-full,110,0-10,2,
dry_bean_uci,dry_bean_uci,37,37,L1-full,111,3-6-7,3,
dry_bean_uci,dry_bean_uci,37,37,L1-full,112,4-14,2,
dry_bean_uci,dry_bean_uci,37,37,L1-full,113,0-1-6,3,
dry_bean_uci,dry_bean_uci,37,37,L1-full,114,0-3-7,3,
dry_bean_uci,dry_bean_uci,37,37,L1-full,115,4-10-11,3,
dry_bean_uci,dry_bean_uci,37,37,L1-full,116,1-6-7,3,
dry_bean_uci,dry_bean_uci,37,37,L1-full,117,0-1-7,3,
dry_bean_uci,dry_bean_uci,37,37,L1-full,118,11-13,2,
dry_bean_uci,dry_bean_uci,37,37,L1-full,119,3-5,2,
dry_bean_uci,dry_bean_uci,37,37,L1-full,120,4-10-14,3,
dry_bean_uci,dry_bean_uci,37,37,L1-full,121,2-3-6,3,
dry_bean_uci,dry_bean_uci,37,37,L1-full,122,0-2-3,3,
dry_bean_uci,dry_bean_uci,37,37,L1-full,123,4-9-14,3,
dry_bean_uci,dry_bean_uci,37,37,L1-full,124,1-2-6,3,
dry_bean_uci,dry_bean_uci,37,37,L1-full,125,6-13,2,
dry_bean_uci,dry_bean_uci,37,37,L1-full,126,0-1-2,3,
dry_bean_uci,dry_bean_uci,37,37,L1-full,127,4-5-13,3,
dry_bean_uci,dry_bean_uci,37,37,L1-full,128,1-7-10,3,
dry_bean_uci,dry_bean_uci,37,37,L1-full,129,10-11-14,3,
dry_bean_uci,dry_bean_uci,37,37,L1-full,130,0-13,2,
dry_bean_uci,dry_bean_uci,37,37,L1-full,131,0-6-13,3,
dry_bean_uci,dry_bean_uci,37,37,L1-full,132,0-6-7,3,
dry_bean_uci,dry_bean_uci,37,37,L1-full,133,2-6-7,3,
dry_bean_uci,dry_bean_uci,37,37,L1-full,134,13-14-15,3,
dry_bean_uci,dry_bean_uci,37,37,L1-full,135,0-2-7,3,
dry_bean_uci,dry_bean_uci,37,37,L1-full,136,4-10,2,
dry_bean_uci,dry_bean_uci,37,37,L1-full,137,5-11-13,3,
dry_bean_uci,dry_bean_uci,37,37,L1-full,138,5-7,2,
dry_bean_uci,dry_bean_uci,37,37,L1-full,139,5-13-15,3,
dry_bean_uci,dry_bean_uci,37,37,L1-full,140,10-11-15,3,
dry_bean_uci,dry_bean_uci,37,37,L1-full,141,10-14-15,3,
dry_bean_uci,dry_bean_uci,37,37,L1-full,142,5-13-14,3,
dry_bean_uci,dry_bean_uci,37,37,L1-full,143,7-12-15,3,
dry_bean_uci,dry_bean_uci,37,37,L1-full,144,11-13-15,3,
dry_bean_uci,dry_bean_uci,37,37,L1-full,145,5-12-14,3,
dry_bean_uci,dry_bean_uci,37,37,L1-full,146,8-12,2,
dry_bean_uci,dry_bean_uci,37,37,L1-full,147,5-12-13,3,
dry_bean_uci,dry_bean_uci,37,37,L1-full,148,0-2-6,3,
dry_bean_uci,dry_bean_uci,37,37,L1-full,149,5-14,2,
dry_bean_uci,dry_bean_uci,37,37,L1-full,150,9-13-15,3,
dry_bean_uci,dry_bean_uci,37,37,L1-full,151,5-14-15,3,
dry_bean_uci,dry_bean_uci,37,37,L1-full,152,1-5,2,
dry_bean_uci,dry_bean_uci,37,37,L1-full,153,11-12-14,3,
dry_bean_uci,dry_bean_uci,37,37,L1-full,154,10-12-13,3,
dry_bean_uci,dry_bean_uci,37,37,L1-full,155,2-5,2,
dry_bean_uci,dry_bean_uci,37,37,L1-full,156,5-11-15,3,
dry_bean_uci,dry_bean_uci,37,37,L1-full,157,6-15,2,
dry_bean_uci,dry_bean_uci,37,37,L1-full,158,5-11-12,3,
dry_bean_uci,dry_bean_uci,37,37,L1-full,159,5-11,2,
dry_bean_uci,dry_bean_uci,37,37,L1-full,160,0-15,2,
dry_bean_uci,dry_bean_uci,37,37,L1-full,161,1-2-10,3,
dry_bean_uci,dry_bean_uci,37,37,L1-full,162,3-9-15,3,
dry_bean_uci,dry_bean_uci,37,37,L1-full,163,3-6-13,3,
dry_bean_uci,dry_bean_uci,37,37,L1-full,164,0-3-13,3,
dry_bean_uci,dry_bean_uci,37,37,L1-full,165,3-7-10,3,
dry_bean_uci,dry_bean_uci,37,37,L1-full,166,4-5,2,
dry_bean_uci,dry_bean_uci,37,37,L1-full,167,4-11-12,3,
dry_bean_uci,dry_bean_uci,37,37,L1-full,168,4-5-15,3,
dry_bean_uci,dry_bean_uci,37,37,L1-full,169,4-13,2,
dry_bean_uci,dry_bean_uci,37,37,L1-full,170,2-12-15,3,
dry_bean_uci,dry_bean_uci,37,37,L1-full,171,4-12-14,3,
dry_bean_uci,dry_bean_uci,37,37,L1-full,172,1-12-15,3,
dry_bean_uci,dry_bean_uci,37,37,L1-full,173,3-14,2,
dry_bean_uci,dry_bean_uci,37,37,L1-full,174,1-6-13,3,
dry_bean_uci,dry_bean_uci,37,37,L1-full,175,0-1-13,3,
dry_bean_uci,dry_bean_uci,37,37,L1-full,176,4-5-10,3,
dry_bean_uci,dry_bean_uci,37,37,L1-full,177,2-12-13,3,
dry_bean_uci,dry_bean_uci,37,37,L1-full,178,5-10-11,3,
dry_bean_uci,dry_bean_uci,37,37,L1-full,179,4-5-9,3,
dry_bean_uci,dry_bean_uci,37,37,L1-full,180,9-11-15,3,
dry_bean_uci,dry_bean_uci,37,37,L1-full,181,7-12-13,3,
dry_bean_uci,dry_bean_uci,37,37,L1-full,182,4-13-15,3,
dry_bean_uci,dry_bean_uci,37,37,L1-full,183,3-4,2,
dry_bean_uci,dry_bean_uci,37,37,L1-full,184,5-10-14,3,
dry_bean_uci,dry_bean_uci,37,37,L1-full,185,12-13-14,3,
dry_bean_uci,dry_bean_uci,37,37,L1-full,186,4-10-15,3,
dry_bean_uci,dry_bean_uci,37,37,L1-full,187,1-9,2,
dry_bean_uci,dry_bean_uci,37,37,L1-full,188,2-13-15,3,
dry_bean_uci,dry_bean_uci,37,37,L1-full,189,9-14-15,3,
dry_bean_uci,dry_bean_uci,37,37,L1-full,190,2-10-12,3,
dry_bean_uci,dry_bean_uci,37,37,L1-full,191,5-6,2,
dry_bean_uci,dry_bean_uci,37,37,L1-full,192,0-5,2,
dry_bean_uci,dry_bean_uci,37,37,L1-full,193,10-11,2,
dry_bean_uci,dry_bean_uci,37,37,L1-full,194,3-11,2,
dry_bean_uci,dry_bean_uci,37,37,L1-full,195,4-10-13,3,
dry_bean_uci,dry_bean_uci,37,37,L1-full,196,5-10,2,
dry_bean_uci,dry_bean_uci,37,37,L1-full,197,3-12-15,3,
dry_bean_uci,dry_bean_uci,37,37,L1-full,198,1-6-10,3,
dry_bean_uci,dry_bean_uci,37,37,L1-full,199,10-14,2,
dry_bean_uci,dry_bean_uci,37,37,L1-full,200,9-13,2,
dry_bean_uci,dry_bean_uci,37,37,L1-full,201,6-7-13,3,
dry_bean_uci,dry_bean_uci,37,37,L1-full,202,0-7-13,3,
dry_bean_uci,dry_bean_uci,37,37,L1-full,203,0-1-10,3,
dry_bean_uci,dry_bean_uci,37,37,L1-full,204,2-6-13,3,
dry_bean_uci,dry_bean_uci,37,37,L1-full,205,0-2-13,3,
dry_bean_uci,dry_bean_uci,37,37,L1-full,206,6-10-12,3,
dry_bean_uci,dry_bean_uci,37,37,L1-full,207,10-11-13,3,
dry_bean_uci,dry_bean_uci,37,37,L1-full,208,2-9-15,3,
dry_bean_uci,dry_bean_uci,37,37,L1-full,209,4-5-12,3,
dry_bean_uci,dry_bean_uci,37,37,L1-full,210,3-9,2,
dry_bean_uci,dry_bean_uci,37,37,L1-full,211,7-9-15,3,
dry_bean_uci,dry_bean_uci,37,37,L1-full,212,0-10-12,3,
dry_bean_uci,dry_bean_uci,37,37,L1-full,213,11-12-13,3,
dry_bean_uci,dry_bean_uci,37,37,L1-full,214,10-13-14,3,
dry_bean_uci,dry_bean_uci,37,37,L1-full,215,1-9-15,3,
dry_bean_uci,dry_bean_uci,37,37,L1-full,216,2-7-13,3,
dry_bean_uci,dry_bean_uci,37,37,L1-full,217,3-5-12,3,
dry_bean_uci,dry_bean_uci,37,37,L1-full,218,1-3-13,3,
dry_bean_uci,dry_bean_uci,37,37,L1-full,219,5-10-15,3,
dry_bean_uci,dry_bean_uci,37,37,L1-full,220,3-4-12,3,
dry_bean_uci,dry_bean_uci,37,37,L1-full,221,7-14,2,
dry_bean_uci,dry_bean_uci,37,37,L1-full,222,7-13-15,3,
dry_bean_uci,dry_bean_uci,37,37,L1-full,223,1-12-13,3,
dry_bean_uci,dry_bean_uci,37,37,L1-full,224,3-11-12,3,
dry_bean_uci,dry_bean_uci,37,37,L1-full,225,3-12-14,3,
dry_bean_uci,dry_bean_uci,37,37,L1-full,226,5-9-15,3,
dry_bean_uci,dry_bean_uci,37,37,L1-full,227,2-3-13,3,
dry_bean_uci,dry_bean_uci,37,37,L1-full,228,1-2-13,3,
dry_bean_uci,dry_bean_uci,37,37,L1-full,229,1-4,2,
dry_bean_uci,dry_bean_uci,37,37,L1-full,230,2-5-15,3,
dry_bean_uci,dry_bean_uci,37,37,L1-full,231,6-12-13,3,
dry_bean_uci,dry_bean_uci,37,37,L1-full,232,0-12-13,3,
dry_bean_uci,dry_bean_uci,37,37,L1-full,233,4-7,2,
dry_bean_uci,dry_bean_uci,37,37,L1-full,234,9-11-14,3,
dry_bean_uci,dry_bean_uci,37,37,L1-full,235,2-14-15,3,
dry_bean_uci,dry_bean_uci,37,37,L1-full,236,3-12-13,3,
dry_bean_uci,dry_bean_uci,37,37,L1-full,237,3-7-13,3,
dry_bean_uci,dry_bean_uci,37,37,L1-full,238,10-13-15,3,
dry_bean_uci,dry_bean_uci,37,37,L1-full,239,1-7-13,3,
dry_bean_uci,dry_bean_uci,37,37,L1-full,240,2-11-15,3,
dry_bean_uci,dry_bean_uci,37,37,L1-full,241,10-12-15,3,
dry_bean_uci,dry_bean_uci,37,37,L1-full,242,2-14,2,
dry_bean_uci,dry_bean_uci,37,37,L1-full,243,4-9,2,
dry_bean_uci,dry_bean_uci,37,37,L1-full,244,3-6-10,3,
dry_bean_uci,dry_bean_uci,37,37,L1-full,245,2-3-10,3,
dry_bean_uci,dry_bean_uci,37,37,L1-full,246,1-10-13,3,
dry_bean_uci,dry_bean_uci,37,37,L1-full,247,0-3-10,3,
dry_bean_uci,dry_bean_uci,37,37,L1-full,248,1-10-15,3,
dry_bean_uci,dry_bean_uci,37,37,L1-full,249,2-4,2,
dry_bean_uci,dry_bean_uci,37,37,L1-full,250,3-4-11,3,
dry_bean_uci,dry_bean_uci,37,37,L1-full,251,7-11,2,
dry_bean_uci,dry_bean_uci,37,37,L1-full,252,2-7-10,3,
dry_bean_uci,dry_bean_uci,37,37,L1-full,253,3-11-14,3,
dry_bean_uci,dry_bean_uci,37,37,L1-full,254,1-14,2,
dry_bean_uci,dry_bean_uci,37,37,L1-full,255,4-9-13,3,
dry_bean_uci,dry_bean_uci,37,37,L1-full,256,3-4-14,3,
dry_bean_uci,dry_bean_uci,37,37,L1-full,257,5-10-13,3,
dry_bean_uci,dry_bean_uci,37,37,L1-full,258,2-4-15,3,
dry_bean_uci,dry_bean_uci,37,37,L1-full,259,3-5-14,3,
dry_bean_uci,dry_bean_uci,37,37,L1-full,260,1-13-15,3,
dry_bean_uci,dry_bean_uci,37,37,L1-full,261,5-7-12,3,
dry_bean_uci,dry_bean_uci,37,37,L1-full,262,3-5-11,3,
dry_bean_uci,dry_bean_uci,37,37,L1-full,263,3-10-15,3,
dry_bean_uci,dry_bean_uci,37,37,L1-full,264,6-7-10,3,
dry_bean_uci,dry_bean_uci,37,37,L1-full,265,2-11,2,
dry_bean_uci,dry_bean_uci,37,37,L1-full,266,6-9-15,3,
dry_bean_uci,dry_bean_uci,37,37,L1-full,267,2-5-13,3,
dry_bean_uci,dry_bean_uci,37,37,L1-full,268,2-6-10,3,
dry_bean_uci,dry_bean_uci,37,37,L1-full,269,0-7-10,3,
dry_bean_uci,dry_bean_uci,37,37,L1-full,270,8-13,2,
dry_bean_uci,dry_bean_uci,37,37,L1-full,271,0-2-10,3,
dry_bean_uci,dry_bean_uci,37,37,L1-full,272,0-6-10,3,
dry_bean_uci,dry_bean_uci,37,37,L1-full,273,1-11,2,
dry_bean_uci,dry_bean_uci,37,37,L1-full,274,8-9,2,
dry_bean_uci,dry_bean_uci,37,37,L1-full,275,2-10-15,3,
dry_bean_uci,dry_bean_uci,37,37,L1-full,276,1-5-12,3,
dry_bean_uci,dry_bean_uci,37,37,L1-full,277,3-4-5,3,
dry_bean_uci,dry_bean_uci,37,37,L1-full,278,1-9-12,3,
dry_bean_uci,dry_bean_uci,37,37,L1-full,279,0-9-15,3,
dry_bean_uci,dry_bean_uci,37,37,L1-full,280,7-10-15,3,
dry_bean_uci,dry_bean_uci,37,37,L1-full,281,3-9-12,3,
dry_bean_uci,dry_bean_uci,37,37,L1-full,282,1-8,2,
dry_bean_uci,dry_bean_uci,37,37,L1-full,283,5-9-11,3,
dry_bean_uci,dry_bean_uci,37,37,L1-full,284,6-10-15,3,
dry_bean_uci,dry_bean_uci,37,37,L1-full,285,0-10-15,3,
dry_bean_uci,dry_bean_uci,37,37,L1-full,286,2-4-11,3,
dry_bean_uci,dry_bean_uci,37,37,L1-full,287,7-9,2,
dry_bean_uci,dry_bean_uci,37,37,L1-full,288,2-11-14,3,
dry_bean_uci,dry_bean_uci,37,37,L1-full,289,3-10-13,3,
dry_bean_uci,dry_bean_uci,37,37,L1-full,290,2-13-14,3,
dry_bean_uci,dry_bean_uci,37,37,L1-full,291,2-7-15,3,
dry_bean_uci,dry_bean_uci,37,37,L1-full,292,2-4-14,3,
dry_bean_uci,dry_bean_uci,37,37,L1-full,293,5-7-13,3,
dry_bean_uci,dry_bean_uci,37,37,L1-full,294,2-5-12,3,
dry_bean_uci,dry_bean_uci,37,37,L1-full,295,4-12-13,3,
dry_bean_uci,dry_bean_uci,37,37,L1-full,296,1-5-15,3,
dry_bean_uci,dry_bean_uci,37,37,L1-full,297,3-5-13,3,
dry_bean_uci,dry_bean_uci,37,37,L1-full,298,8-9-10,3,
dry_bean_uci,dry_bean_uci,37,37,L1-full,299,5-9-14,3,
dry_bean_uci,dry_bean_uci,37,37,L1-full,300,4-6,2,
dry_bean_uci,dry_bean_uci,37,37,L1-full,301,1-5-13,3,
dry_bean_uci,dry_bean_uci,37,37,L1-full,302,5-7-15,3,
dry_bean_uci,dry_bean_uci,37,37,L1-full,303,2-11-13,3,
dry_bean_uci,dry_bean_uci,37,37,L1-full,304,0-4,2,
dry_bean_uci,dry_bean_uci,37,37,L1-full,305,5-12-15,3,
dry_bean_uci,dry_bean_uci,37,37,L1-full,306,1-7-15,3,
dry_bean_uci,dry_bean_uci,37,37,L1-full,307,0-13-15,3,
dry_bean_uci,dry_bean_uci,37,37,L1-full,308,6-13-15,3,
dry_bean_uci,dry_bean_uci,37,37,L1-full,309,7-12-14,3,
dry_bean_uci,dry_bean_uci,37,37,L1-full,310,1-14-15,3,
dry_bean_uci,dry_bean_uci,37,37,L1-full,311,8-15,2,
dry_bean_uci,dry_bean_uci,37,37,L1-full,312,6-12-15,3,
dry_bean_uci,dry_bean_uci,37,37,L1-full,313,1-11-15,3,
dry_bean_uci,dry_bean_uci,37,37,L1-full,314,2-5-14,3,
dry_bean_uci,dry_bean_uci,37,37,L1-full,315,0-12-15,3,
dry_bean_uci,dry_bean_uci,37,37,L1-full,316,1-3-15,3,
dry_bean_uci,dry_bean_uci,37,37,L1-full,317,0-5-12,3,
dry_bean_uci,dry_bean_uci,37,37,L1-full,318,5-6-12,3,
dry_bean_uci,dry_bean_uci,37,37,L1-full,319,2-5-11,3,
dry_bean_uci,dry_bean_uci,37,37,L1-full,320,1-3-9,3,
dry_bean_uci,dry_bean_uci,37,37,L1-full,321,3-13-15,3,
dry_bean_uci,dry_bean_uci,37,37,L1-full,322,3-8,2,
dry_bean_uci,dry_bean_uci,37,37,L1-full,323,7-10-13,3,
dry_bean_uci,dry_bean_uci,37,37,L1-full,324,8-9-15,3,
dry_bean_uci,dry_bean_uci,37,37,L1-full,325,1-4-15,3,
dry_bean_uci,dry_bean_uci,37,37,L1-full,326,7-11-12,3,
dry_bean_uci,dry_bean_uci,37,37,L1-full,327,3-8-12,3,
dry_bean_uci,dry_bean_uci,37,37,L1-full,328,7-13-14,3,
dry_bean_uci,dry_bean_uci,37,37,L1-full,329,1-12-14,3,
dry_bean_uci,dry_bean_uci,37,37,L1-full,330,4-9-12,3,
dry_bean_uci,dry_bean_uci,37,37,L1-full,331,1-2-15,3,
dry_bean_uci,dry_bean_uci,37,37,L1-full,332,3-7-15,3,
dry_bean_uci,dry_bean_uci,37,37,L1-full,333,6-9,2,
dry_bean_uci,dry_bean_uci,37,37,L1-full,334,4-10-12,3,
dry_bean_uci,dry_bean_uci,37,37,L1-full,335,0-14,2,
dry_bean_uci,dry_bean_uci,37,37,L1-full,336,0-9,2,
dry_bean_uci,dry_bean_uci,37,37,L1-full,337,2-12-14,3,
dry_bean_uci,dry_bean_uci,37,37,L1-full,338,6-14,2,
dry_bean_uci,dry_bean_uci,37,37,L1-full,339,5-6-15,3,
dry_bean_uci,dry_bean_uci,37,37,L1-full,340,2-4-5,3,
dry_bean_uci,dry_bean_uci,37,37,L1-full,341,0-5-15,3,
dry_bean_uci,dry_bean_uci,37,37,L1-full,342,7-8,2,
dry_bean_uci,dry_bean_uci,37,37,L1-full,343,6-14-15,3,
dry_bean_uci,dry_bean_uci,37,37,L1-full,344,2-4-13,3,
dry_bean_uci,dry_bean_uci,37,37,L1-full,345,6-11-15,3,
dry_bean_uci,dry_bean_uci,37,37,L1-full,346,0-14-15,3,
dry_bean_uci,dry_bean_uci,37,37,L1-full,347,7-14-15,3,
dry_bean_uci,dry_bean_uci,37,37,L1-full,348,0-11-15,3,
dry_bean_uci,dry_bean_uci,37,37,L1-full,349,1-13-14,3,
dry_bean_uci,dry_bean_uci,37,37,L1-full,350,2-4-10,3,
dry_bean_uci,dry_bean_uci,37,37,L1-full,351,4-6-15,3,
dry_bean_uci,dry_bean_uci,37,37,L1-full,352,2-9,2,
dry_bean_uci,dry_bean_uci,37,37,L1-full,353,0-4-15,3,
dry_bean_uci,dry_bean_uci,37,37,L1-full,354,2-10-13,3,
dry_bean_uci,dry_bean_uci,37,37,L1-full,355,3-6-15,3,
dry_bean_uci,dry_bean_uci,37,37,L1-full,356,0-3-15,3,
dry_bean_uci,dry_bean_uci,37,37,L1-full,357,0-5-6,3,
dry_bean_uci,dry_bean_uci,37,37,L1-full,358,6-11-14,3,
dry_bean_uci,dry_bean_uci,37,37,L1-full,359,4-6-11,3,
dry_bean_uci,dry_bean_uci,37,37,L1-full,360,7-11-15,3,
dry_bean_uci,dry_bean_uci,37,37,L1-full,361,1-4-10,3,
dry_bean_uci,dry_bean_uci,37,37,L1-full,362,0-11-14,3,
dry_bean_uci,dry_bean_uci,37,37,L1-full,363,0-4-11,3,
dry_bean_uci,dry_bean_uci,37,37,L1-full,364,0-6-15,3,
dry_bean_uci,dry_bean_uci,37,37,L1-full,365,3-8-10,3,
dry_bean_uci,dry_bean_uci,37,37,L1-full,366,1-11-12,3,
dry_bean_uci,dry_bean_uci,37,37,L1-full,367,9-11,2,
dry_bean_uci,dry_bean_uci,37,37,L1-full,368,7-11-13,3,
dry_bean_uci,dry_bean_uci,37,37,L1-full,369,0-1-15,3,
dry_bean_uci,dry_bean_uci,37,37,L1-full,370,4-6-14,3,
dry_bean_uci,dry_bean_uci,37,37,L1-full,371,1-6-15,3,
dry_bean_uci,dry_bean_uci,37,37,L1-full,372,4-8-15,3,
dry_bean_uci,dry_bean_uci,37,37,L1-full,373,0-4-14,3,
dry_bean_uci,dry_bean_uci,37,37,L1-full,374,0-12-14,3,
dry_bean_uci,dry_bean_uci,37,37,L1-full,375,6-12-14,3,
dry_bean_uci,dry_bean_uci,37,37,L1-full,376,9-11-12,3,
dry_bean_uci,dry_bean_uci,37,37,L1-full,377,6-8-10,3,
dry_bean_uci,dry_bean_uci,37,37,L1-full,378,1-11-13,3,
dry_bean_uci,dry_bean_uci,37,37,L1-full,379,2-11-12,3,
dry_bean_uci,dry_bean_uci,37,37,L1-full,380,0-8-10,3,
dry_bean_uci,dry_bean_uci,37,37,L1-full,381,4-7-15,3,
dry_bean_uci,dry_bean_uci,37,37,L1-full,382,8-11-15,3,
dry_bean_uci,dry_bean_uci,37,37,L1-full,383,2-4-9,3,
dry_bean_uci,dry_bean_uci,37,37,L1-full,384,5-8,2,
dry_bean_uci,dry_bean_uci,37,37,L1-full,385,8-14-15,3,
dry_bean_uci,dry_bean_uci,37,37,L1-full,386,1-8-10,3,
dry_bean_uci,dry_bean_uci,37,37,L1-full,387,7-8-12,3,
dry_bean_uci,dry_bean_uci,37,37,L1-full,388,2-3-15,3,
dry_bean_uci,dry_bean_uci,37,37,L1-full,389,3-13-14,3,
dry_bean_uci,dry_bean_uci,37,37,L1-full,390,0-11,2,
dry_bean_uci,dry_bean_uci,37,37,L1-full,391,6-11,2,
dry_bean_uci,dry_bean_uci,37,37,L1-full,392,5-7-14,3,
dry_bean_uci,dry_bean_uci,37,37,L1-full,393,1-8-12,3,
dry_bean_uci,dry_bean_uci,37,37,L1-full,394,9-11-13,3,
dry_bean_uci,dry_bean_uci,37,37,L1-full,395,4-8-9,3,
dry_bean_uci,dry_bean_uci,37,37,L1-full,396,1-5-14,3,
dry_bean_uci,dry_bean_uci,37,37,L1-full,397,8-13-15,3,
dry_bean_uci,dry_bean_uci,37,37,L1-full,398,0-11-12,3,
dry_bean_uci,dry_bean_uci,37,37,L1-full,399,1-7-9,3,
dry_bean_uci,dry_bean_uci,37,37,L1-full,400,9-12-14,3,
dry_bean_uci,dry_bean_uci,37,37,L1-full,401,6-11-12,3,
dry_bean_uci,dry_bean_uci,37,37,L1-full,402,5-8-15,3,
dry_bean_uci,dry_bean_uci,37,37,L1-full,403,4-7-12,3,
dry_bean_uci,dry_bean_uci,37,37,L1-full,404,9-14,2,
dry_bean_uci,dry_bean_uci,37,37,L1-full,405,3-4-9,3,
dry_bean_uci,dry_bean_uci,37,37,L1-full,406,7-8-10,3,
dry_bean_uci,dry_bean_uci,37,37,L1-full,407,2-8,2,
dry_bean_uci,dry_bean_uci,37,37,L1-full,408,3-9-11,3,
dry_bean_uci,dry_bean_uci,37,37,L1-full,409,0-7-15,3,
dry_bean_uci,dry_bean_uci,37,37,L1-full,410,6-7-15,3,
dry_bean_uci,dry_bean_uci,37,37,L1-full,411,1-4-12,3,
dry_bean_uci,dry_bean_uci,37,37,L1-full,412,0-2-15,3,
dry_bean_uci,dry_bean_uci,37,37,L1-full,413,3-9-14,3,
dry_bean_uci,dry_bean_uci,37,37,L1-full,414,2-10-11,3,
dry_bean_uci,dry_bean_uci,37,37,L1-full,415,2-6-15,3,
dry_bean_uci,dry_bean_uci,37,37,L1-full,416,1-5-11,3,
dry_bean_uci,dry_bean_uci,37,37,L1-full,417,5-7-11,3,
dry_bean_uci,dry_bean_uci,37,37,L1-full,418,5-6-11,3,
dry_bean_uci,dry_bean_uci,37,37,L1-full,419,0-5-11,3,
dry_bean_uci,dry_bean_uci,37,37,L1-full,420,3-5-7,3,
dry_bean_uci,dry_bean_uci,37,37,L1-full,421,0-6-14,3,
dry_bean_uci,dry_bean_uci,37,37,L1-full,422,1-11-14,3,
dry_bean_uci,dry_bean_uci,37,37,L1-full,423,5-6-14,3,
dry_bean_uci,dry_bean_uci,37,37,L1-full,424,3-11-13,3,
dry_bean_uci,dry_bean_uci,37,37,L1-full,425,9-13-14,3,
dry_bean_uci,dry_bean_uci,37,37,L1-full,426,0-5-14,3,
dry_bean_uci,dry_bean_uci,37,37,L1-full,427,4-5-6,3,
dry_bean_uci,dry_bean_uci,37,37,L1-full,428,8-9-11,3,
dry_bean_uci,dry_bean_uci,37,37,L1-full,429,0-4-5,3,
dry_bean_uci,dry_bean_uci,37,37,L1-full,430,4-6-10,3,
dry_bean_uci,dry_bean_uci,37,37,L1-full,431,7-9-12,3,
dry_bean_uci,dry_bean_uci,37,37,L1-full,432,0-4-10,3,
dry_bean_uci,dry_bean_uci,37,37,L1-full,433,2-10-14,3,
dry_bean_uci,dry_bean_uci,37,37,L1-full,434,0-6-11,3,
dry_bean_uci,dry_bean_uci,37,37,L1-full,435,7-11-14,3,
dry_bean_uci,dry_bean_uci,37,37,L1-full,436,8-14,2,
dry_bean_uci,dry_bean_uci,37,37,L1-full,437,0-2-5,3,
dry_bean_uci,dry_bean_uci,37,37,L1-full,438,2-5-6,3,
dry_bean_uci,dry_bean_uci,37,37,L1-full,439,0-8-12,3,
dry_bean_uci,dry_bean_uci,37,37,L1-full,440,5-9,2,
dry_bean_uci,dry_bean_uci,37,37,L1-full,441,1-2-9,3,
dry_bean_uci,dry_bean_uci,37,37,L1-full,442,2-8-10,3,
dry_bean_uci,dry_bean_uci,37,37,L1-full,443,6-8-12,3,
dry_bean_uci,dry_bean_uci,37,37,L1-full,444,1-6-9,3,
dry_bean_uci,dry_bean_uci,37,37,L1-full,445,8-9-14,3,
dry_bean_uci,dry_bean_uci,37,37,L1-full,446,1-3-5,3,
dry_bean_uci,dry_bean_uci,37,37,L1-full,447,1-10-11,3,
dry_bean_uci,dry_bean_uci,37,37,L1-full,448,3-5-9,3,
dry_bean_uci,dry_bean_uci,37,37,L1-full,449,0-1-9,3,
dry_bean_uci,dry_bean_uci,37,37,L1-full,450,2-8-12,3,
dry_bean_uci,dry_bean_uci,37,37,L1-full,451,2-3-5,3,
dry_bean_uci,dry_bean_uci,37,37,L1-full,452,1-5-7,3,
dry_bean_uci,dry_bean_uci,37,37,L1-full,453,8-10-15,3,
dry_bean_uci,dry_bean_uci,37,37,L1-full,454,4-6-13,3,
dry_bean_uci,dry_bean_uci,37,37,L1-full,455,3-7-14,3,
dry_bean_uci,dry_bean_uci,37,37,L1-full,456,0-4-13,3,
dry_bean_uci,dry_bean_uci,37,37,L1-full,457,4-7-10,3,
dry_bean_uci,dry_bean_uci,37,37,L1-full,458,5-8-10,3,
dry_bean_uci,dry_bean_uci,37,37,L1-full,459,0-6-8,3,
dry_bean_uci,dry_bean_uci,37,37,L1-full,460,1-10-14,3,
dry_bean_uci,dry_bean_uci,37,37,L1-full,461,1-4-11,3,
dry_bean_uci,dry_bean_uci,37,37,L1-full,462,0-3-5,3,
dry_bean_uci,dry_bean_uci,37,37,L1-full,463,3-5-6,3,
dry_bean_uci,dry_bean_uci,37,37,L1-full,464,5-9-13,3,
dry_bean_uci,dry_bean_uci,37,37,L1-full,465,3-5-15,3,
dry_bean_uci,dry_bean_uci,37,37,L1-full,466,1-4-14,3,
dry_bean_uci,dry_bean_uci,37,37,L1-full,467,5-8-9,3,
dry_bean_uci,dry_bean_uci,37,37,L1-full,468,1-3-8,3,
dry_bean_uci,dry_bean_uci,37,37,L1-full,469,6-10-13,3,
dry_bean_uci,dry_bean_uci,37,37,L1-full,470,0-2-14,3,
dry_bean_uci,dry_bean_uci,37,37,L1-full,471,2-6-14,3,
dry_bean_uci,dry_bean_uci,37,37,L1-full,472,4-8-11,3,
dry_bean_uci,dry_bean_uci,37,37,L1-full,473,1-7-14,3,
dry_bean_uci,dry_bean_uci,37,37,L1-full,474,8-11,2,
dry_bean_uci,dry_bean_uci,37,37,L1-full,475,0-2-11,3,
dry_bean_uci,dry_bean_uci,37,37,L1-full,476,6-10-11,3,
dry_bean_uci,dry_bean_uci,37,37,L1-full,477,2-6-11,3,
dry_bean_uci,dry_bean_uci,37,37,L1-full,478,3-7-11,3,
dry_bean_uci,dry_bean_uci,37,37,L1-full,479,3-7-8,3,
dry_bean_uci,dry_bean_uci,37,37,L1-full,480,0-10-11,3,
dry_bean_uci,dry_bean_uci,37,37,L1-full,481,2-3-14,3,
dry_bean_uci,dry_bean_uci,37,37,L1-full,482,0-11-13,3,
dry_bean_uci,dry_bean_uci,37,37,L1-full,483,2-5-7,3,
dry_bean_uci,dry_bean_uci,37,37,L1-full,484,4-7-11,3,
dry_bean_uci,dry_bean_uci,37,37,L1-full,485,6-11-13,3,
dry_bean_uci,dry_bean_uci,37,37,L1-full,486,0-10-13,3,
dry_bean_uci,dry_bean_uci,37,37,L1-full,487,1-2-5,3,
dry_bean_uci,dry_bean_uci,37,37,L1-full,488,1-4-13,3,
dry_bean_uci,dry_bean_uci,37,37,L1-full,489,1-2-14,3,
dry_bean_uci,dry_bean_uci,37,37,L1-full,490,0-2-4,3,
dry_bean_uci,dry_bean_uci,37,37,L1-full,491,4-6-12,3,
dry_bean_uci,dry_bean_uci,37,37,L1-full,492,0-4-12,3,
dry_bean_uci,dry_bean_uci,37,37,L1-full,493,0-3-8,3,
dry_bean_uci,dry_bean_uci,37,37,L1-full,494,12-14-15,3,
dry_bean_uci,dry_bean_uci,37,37,L1-full,495,4-7-14,3,
dry_bean_uci,dry_bean_uci,37,37,L1-full,496,2-4-6,3,
dry_bean_uci,dry_bean_uci,37,37,L1-full,497,2-7-14,3,
dry_bean_uci,dry_bean_uci,37,37,L1-full,498,3-6-8,3,
dry_bean_uci,dry_bean_uci,37,37,L1-full,499,0-13-14,3,
dry_bean_uci,dry_bean_uci,37,37,L1-full,500,6-13-14,3,
dry_bean_uci,dry_bean_uci,37,37,L1-full,501,1-7-11,3,
dry_bean_uci,dry_bean_uci,37,37,L1-full,502,3-4-10,3,
dry_bean_uci,dry_bean_uci,37,37,L1-full,503,1-2-11,3,
dry_bean_uci,dry_bean_uci,37,37,L1-full,504,3-7-9,3,
dry_bean_uci,dry_bean_uci,37,37,L1-full,505,3-4-15,3,
dry_bean_uci,dry_bean_uci,37,37,L1-full,506,1-2-4,3,
dry_bean_uci,dry_bean_uci,37,37,L1-full,507,2-7-11,3,
dry_bean_uci,dry_bean_uci,37,37,L1-full,508,5-6-13,3,
dry_bean_uci,dry_bean_uci,37,37,L1-full,509,0-4-6,3,
dry_bean_uci,dry_bean_uci,37,37,L1-full,510,0-5-13,3,
dry_bean_uci,dry_bean_uci,37,37,L1-full,511,2-3-11,3,
dry_bean_uci,dry_bean_uci,37,37,L1-full,512,2-9-11,3,
dry_bean_uci,dry_bean_uci,37,37,L1-full,513,0-1-5,3,
dry_bean_uci,dry_bean_uci,37,37,L1-full,514,1-3-14,3,
dry_bean_uci,dry_bean_uci,37,37,L1-full,515,1-5-6,3,
dry_bean_uci,dry_bean_uci,37,37,L1-full,516,4-7-13,3,
dry_bean_uci,dry_bean_uci,37,37,L1-full,517,6-10-14,3,
dry_bean_uci,dry_bean_uci,37,37,L1-full,518,1-4-9,3,
dry_bean_uci,dry_bean_uci,37,37,L1-full,519,4-8-14,3,
dry_bean_uci,dry_bean_uci,37,37,L1-full,520,1-4-5,3,
dry_bean_uci,dry_bean_uci,37,37,L1-full,521,0-10-14,3,
dry_bean_uci,dry_bean_uci,37,37,L1-full,522,0-9-12,3,
dry_bean_uci,dry_bean_uci,37,37,L1-full,523,8-10-12,3,
dry_bean_uci,dry_bean_uci,37,37,L1-full,524,5-9-12,3,
dry_bean_uci,dry_bean_uci,37,37,L1-full,525,0-4-9,3,
dry_bean_uci,dry_bean_uci,37,37,L1-full,526,6-9-12,3,
dry_bean_uci,dry_bean_uci,37,37,L1-full,527,4-6-9,3,
dry_bean_uci,dry_bean_uci,37,37,L1-full,528,4-5-7,3,
dry_bean_uci,dry_bean_uci,37,37,L1-full,529,1-4-7,3,
dry_bean_uci,dry_bean_uci,37,37,L1-full,530,2-9-12,3,
dry_bean_uci,dry_bean_uci,37,37,L1-full,531,2-9-14,3,
dry_bean_uci,dry_bean_uci,37,37,L1-full,532,1-3-11,3,
dry_bean_uci,dry_bean_uci,37,37,L1-full,533,2-7-9,3,
dry_bean_uci,dry_bean_uci,37,37,L1-full,534,4-7-9,3,
dry_bean_uci,dry_bean_uci,37,37,L1-full,535,0-1-8,3,
dry_bean_uci,dry_bean_uci,37,37,L1-full,536,0-5-7,3,
dry_bean_uci,dry_bean_uci,37,37,L1-full,537,1-6-8,3,
dry_bean_uci,dry_bean_uci,37,37,L1-full,538,5-6-7,3,
dry_bean_uci,dry_bean_uci,37,37,L1-full,539,3-4-7,3,
dry_bean_uci,dry_bean_uci,37,37,L1-full,540,0-1-11,3,
dry_bean_uci,dry_bean_uci,37,37,L1-full,541,6-8,2,
dry_bean_uci,dry_bean_uci,37,37,L1-full,542,0-1-14,3,
dry_bean_uci,dry_bean_uci,37,37,L1-full,543,1-6-11,3,
dry_bean_uci,dry_bean_uci,37,37,L1-full,544,0-2-8,3,
dry_bean_uci,dry_bean_uci,37,37,L1-full,545,0-8,2,
dry_bean_uci,dry_bean_uci,37,37,L1-full,546,2-6-8,3,
dry_bean_uci,dry_bean_uci,37,37,L1-full,547,1-6-14,3,
dry_bean_uci,dry_bean_uci,37,37,L1-full,548,2-8-9,3,
dry_bean_uci,dry_bean_uci,37,37,L1-full,549,3-4-13,3,
dry_bean_uci,dry_bean_uci,37,37,L1-full,550,0-7-8,3,
dry_bean_uci,dry_bean_uci,37,37,L1-full,551,0-1-4,3,
dry_bean_uci,dry_bean_uci,37,37,L1-full,552,2-4-7,3,
dry_bean_uci,dry_bean_uci,37,37,L1-full,553,6-7-8,3,
dry_bean_uci,dry_bean_uci,37,37,L1-full,554,1-4-6,3,
dry_bean_uci,dry_bean_uci,37,37,L1-full,555,3-11-15,3,
dry_bean_uci,dry_bean_uci,37,37,L1-full,556,2-5-10,3,
dry_bean_uci,dry_bean_uci,37,37,L1-full,557,0-9-11,3,
dry_bean_uci,dry_bean_uci,37,37,L1-full,558,2-3-8,3,
dry_bean_uci,dry_bean_uci,37,37,L1-full,559,2-5-9,3,
dry_bean_uci,dry_bean_uci,37,37,L1-full,560,8-12-15,3,
dry_bean_uci,dry_bean_uci,37,37,L1-full,561,0-7-14,3,
dry_bean_uci,dry_bean_uci,37,37,L1-full,562,0-7-11,3,
dry_bean_uci,dry_bean_uci,37,37,L1-full,563,6-7-14,3,
dry_bean_uci,dry_bean_uci,37,37,L1-full,564,6-7-11,3,
dry_bean_uci,dry_bean_uci,37,37,L1-full,565,6-9-11,3,
dry_bean_uci,dry_bean_uci,37,37,L1-full,566,5-8-12,3,
dry_bean_uci,dry_bean_uci,37,37,L1-full,567,11-12-15,3,
dry_bean_uci,dry_bean_uci,37,37,L1-full,568,0-9-14,3,
dry_bean_uci,dry_bean_uci,37,37,L1-full,569,1-7-8,3,
dry_bean_uci,dry_bean_uci,37,37,L1-full,570,0-4-7,3,
dry_bean_uci,dry_bean_uci,37,37,L1-full,571,4-8-10,3,
dry_bean_uci,dry_bean_uci,37,37,L1-full,572,4-6-7,3,
dry_bean_uci,dry_bean_uci,37,37,L1-full,573,1-9-11,3,
dry_bean_uci,dry_bean_uci,37,37,L1-full,574,3-14-15,3,
dry_bean_uci,dry_bean_uci,37,37,L1-full,575,10-11-12,3,
dry_bean_uci,dry_bean_uci,37,37,L1-full,576,1-5-10,3,
dry_bean_uci,dry_bean_uci,37,37,L1-full,577,7-9-11,3,
dry_bean_uci,dry_bean_uci,37,37,L1-full,578,6-9-14,3,
dry_bean_uci,dry_bean_uci,37,37,L1-full,579,0-3-14,3,
dry_bean_uci,dry_bean_uci,37,37,L1-full,580,8-12-14,3,
dry_bean_uci,dry_bean_uci,37,37,L1-full,581,3-6-14,3,
dry_bean_uci,dry_bean_uci,37,37,L1-full,582,9-12-13,3,
dry_bean_uci,dry_bean_uci,37,37,L1-full,583,3-6-9,3,
dry_bean_uci,dry_bean_uci,37,37,L1-full,584,3-10-11,3,
dry_bean_uci,dry_bean_uci,37,37,L1-full,585,7-9-14,3,
dry_bean_uci,dry_bean_uci,37,37,L1-full,586,2-8-15,3,
dry_bean_uci,dry_bean_uci,37,37,L1-full,587,8-11-14,3,
dry_bean_uci,dry_bean_uci,37,37,L1-full,588,3-4-6,3,
dry_bean_uci,dry_bean_uci,37,37,L1-full,589,0-3-11,3,
dry_bean_uci,dry_bean_uci,37,37,L1-full,590,3-6-11,3,
dry_bean_uci,dry_bean_uci,37,37,L1-full,591,0-3-4,3,
dry_bean_uci,dry_bean_uci,37,37,L1-full,592,2-3-4,3,
dry_bean_uci,dry_bean_uci,37,37,L1-full,593,0-3-9,3,
dry_bean_uci,dry_bean_uci,37,37,L1-full,594,1-9-14,3,
dry_bean_uci,dry_bean_uci,37,37,L1-full,595,0-7-9,3,
dry_bean_uci,dry_bean_uci,37,37,L1-full,596,1-3-4,3,
dry_bean_uci,dry_bean_uci,37,37,L1-full,597,8-11-12,3,
dry_bean_uci,dry_bean_uci,37,37,L1-full,598,8-12-13,3,
dry_bean_uci,dry_bean_uci,37,37,L1-full,599,2-4-12,3,
dry_bean_uci,dry_bean_uci,37,37,L1-full,600,6-7-9,3,
dry_bean_uci,dry_bean_uci,37,37,L1-full,601,2-3-9,3,
dry_bean_uci,dry_bean_uci,37,37,L1-full,602,8-9-13,3,
dry_bean_uci,dry_bean_uci,37,37,L1-full,603,0-2-9,3,
dry_bean_uci,dry_bean_uci,37,37,L1-full,604,0-5-9,3,
dry_bean_uci,dry_bean_uci,37,37,L1-full,605,4-12-15,3,
dry_bean_uci,dry_bean_uci,37,37,L1-full,606,1-2-8,3,
dry_bean_uci,dry_bean_uci,37,37,L1-full,607,2-6-9,3,
dry_bean_uci,dry_bean_uci,37,37,L1-full,608,8-9-12,3,
dry_bean_uci,dry_bean_uci,37,37,L1-full,609,3-10-14,3,
dry_bean_uci,dry_bean_uci,37,37,L1-full,610,5-6-9,3,
dry_bean_uci,dry_bean_uci,37,37,L1-full,611,2-7-8,3,
dry_bean_uci,dry_bean_uci,37,37,L1-full,612,4-8-12,3,
dry_bean_uci,dry_bean_uci,37,37,L1-full,613,7-10-11,3,
dry_bean_uci,dry_bean_uci,37,37,L1-full,614,1-8-15,3,
dry_bean_uci,dry_bean_uci,37,37,L1-full,615,1-8-9,3,
dry_bean_uci,dry_bean_uci,37,37,L1-full,616,5-7-9,3,
dry_bean_uci,dry_bean_uci,37,37,L1-full,617,7-8-15,3,
dry_bean_uci,dry_bean_uci,37,37,L1-full,618,8-10-13,3,
dry_bean_uci,dry_bean_uci,37,37,L1-full,619,8-10-11,3,
dry_bean_uci,dry_bean_uci,37,37,L1-full,620,8-10-14,3,
dry_bean_uci,dry_bean_uci,37,37,L1-full,621,2-9-13,3,
dry_bean_uci,dry_bean_uci,37,37,L1-full,622,4-5-8,3,
dry_bean_uci,dry_bean_uci,37,37,L1-top8,1,9-10,2,
dry_bean_uci,dry_bean_uci,37,37,L1-top8,2,3-12,2,
dry_bean_uci,dry_bean_uci,37,37,L1-top8,3,10-12,2,
dry_bean_uci,dry_bean_uci,37,37,L1-top8,4,1-12,2,
dry_bean_uci,dry_bean_uci,37,37,L1-top8,5,7-12,2,
dry_bean_uci,dry_bean_uci,37,37,L1-top8,6,9-10-12,3,
dry_bean_uci,dry_bean_uci,37,37,L1-top8,7,12-15,2,
dry_bean_uci,dry_bean_uci,37,37,L1-top8,8,12-13,2,
dry_bean_uci,dry_bean_uci,37,37,L1-match,1,9-10,2,
dry_bean_uci,dry_bean_uci,37,37,L1-match,2,3-12,2,
dry_bean_uci,dry_bean_uci,37,37,SHIL-k8,1,10-12,2,
dry_bean_uci,dry_bean_uci,37,37,SHIL-k8,2,3-12,2,
dry_bean_uci,dry_bean_uci,37,37,SHIL-k8,3,10-15,2,
dry_bean_uci,dry_bean_uci,37,37,SHIL-k8,4,9-10-12,3,
dry_bean_uci,dry_bean_uci,37,37,SHIL-k8,5,6-12,2,
dry_bean_uci,dry_bean_uci,37,37,SHIL-k8,6,0-12,2,
dry_bean_uci,dry_bean_uci,37,37,SHIL-k8,7,1-12,2,
dry_bean_uci,dry_bean_uci,37,37,SHIL-k8,8,3-10,2,
dry_bean_uci,dry_bean_uci,37,37,SC-L1,1,3-12,2,
dry_bean_uci,dry_bean_uci,37,37,SC-L1,2,9-10,2,
dry_bean_uci,dry_bean_uci,37,37,SC-SHIL,1,3-12,2,
dry_bean_uci,dry_bean_uci,37,37,SC-SHIL,2,10-12,2,
dry_bean_uci,dry_bean_uci,53,53,L1-full,1,9-10,2,
dry_bean_uci,dry_bean_uci,53,53,L1-full,2,10-12,2,
dry_bean_uci,dry_bean_uci,53,53,L1-full,3,3-12,2,
dry_bean_uci,dry_bean_uci,53,53,L1-full,4,1-12,2,
dry_bean_uci,dry_bean_uci,53,53,L1-full,5,9-10-12,3,
dry_bean_uci,dry_bean_uci,53,53,L1-full,6,7-12,2,
dry_bean_uci,dry_bean_uci,53,53,L1-full,7,12-13,2,
dry_bean_uci,dry_bean_uci,53,53,L1-full,8,9-15,2,
dry_bean_uci,dry_bean_uci,53,53,L1-full,9,2-12,2,
dry_bean_uci,dry_bean_uci,53,53,L1-full,10,12-15,2,
dry_bean_uci,dry_bean_uci,53,53,L1-full,11,9-10-15,3,
dry_bean_uci,dry_bean_uci,53,53,L1-full,12,3-7-12,3,
dry_bean_uci,dry_bean_uci,53,53,L1-full,13,6-12,2,
dry_bean_uci,dry_bean_uci,53,53,L1-full,14,0-12,2,
dry_bean_uci,dry_bean_uci,53,53,L1-full,15,4-11-14,3,
dry_bean_uci,dry_bean_uci,53,53,L1-full,16,1-3-12,3,
dry_bean_uci,dry_bean_uci,53,53,L1-full,17,1-9-10,3,
dry_bean_uci,dry_bean_uci,53,53,L1-full,18,10-15,2,
dry_bean_uci,dry_bean_uci,53,53,L1-full,19,1-10,2,
dry_bean_uci,dry_bean_uci,53,53,L1-full,20,3-9-10,3,
dry_bean_uci,dry_bean_uci,53,53,L1-full,21,1-7-12,3,
dry_bean_uci,dry_bean_uci,53,53,L1-full,22,13-15,2,
dry_bean_uci,dry_bean_uci,53,53,L1-full,23,3-10,2,
dry_bean_uci,dry_bean_uci,53,53,L1-full,24,10-13,2,
dry_bean_uci,dry_bean_uci,53,53,L1-full,25,4-5-11,3,
dry_bean_uci,dry_bean_uci,53,53,L1-full,26,9-10-13,3,
dry_bean_uci,dry_bean_uci,53,53,L1-full,27,1-3,2,
dry_bean_uci,dry_bean_uci,53,53,L1-full,28,7-9-10,3,
dry_bean_uci,dry_bean_uci,53,53,L1-full,29,4-5-14,3,
dry_bean_uci,dry_bean_uci,53,53,L1-full,30,5-11-14,3,
dry_bean_uci,dry_bean_uci,53,53,L1-full,31,2-7-12,3,
dry_bean_uci,dry_bean_uci,53,53,L1-full,32,14-15,2,
dry_bean_uci,dry_bean_uci,53,53,L1-full,33,3-7,2,
dry_bean_uci,dry_bean_uci,53,53,L1-full,34,3-13,2,
dry_bean_uci,dry_bean_uci,53,53,L1-full,35,11-15,2,
dry_bean_uci,dry_bean_uci,53,53,L1-full,36,2-3-12,3,
dry_bean_uci,dry_bean_uci,53,53,L1-full,37,7-10,2,
dry_bean_uci,dry_bean_uci,53,53,L1-full,38,0-3-12,3,
dry_bean_uci,dry_bean_uci,53,53,L1-full,39,3-6-12,3,
dry_bean_uci,dry_bean_uci,53,53,L1-full,40,1-2-12,3,
dry_bean_uci,dry_bean_uci,53,53,L1-full,41,1-7,2,
dry_bean_uci,dry_bean_uci,53,53,L1-full,42,5-12,2,
dry_bean_uci,dry_bean_uci,53,53,L1-full,43,2-9-10,3,
dry_bean_uci,dry_bean_uci,53,53,L1-full,44,5-13,2,
dry_bean_uci,dry_bean_uci,53,53,L1-full,45,5-15,2,
dry_bean_uci,dry_bean_uci,53,53,L1-full,46,1-13,2,
dry_bean_uci,dry_bean_uci,53,53,L1-full,47,2-3,2,
dry_bean_uci,dry_bean_uci,53,53,L1-full,48,1-10-12,3,
dry_bean_uci,dry_bean_uci,53,53,L1-full,49,3-6,2,
dry_bean_uci,dry_bean_uci,53,53,L1-full,50,0-7-12,3,
dry_bean_uci,dry_bean_uci,53,53,L1-full,51,6-7-12,3,
dry_bean_uci,dry_bean_uci,53,53,L1-full,52,0-3,2,
dry_bean_uci,dry_bean_uci,53,53,L1-full,53,7-13,2,
dry_bean_uci,dry_bean_uci,53,53,L1-full,54,0-6,2,
dry_bean_uci,dry_bean_uci,53,53,L1-full,55,1-6-12,3,
dry_bean_uci,dry_bean_uci,53,53,L1-full,56,0-1-12,3,
dry_bean_uci,dry_bean_uci,53,53,L1-full,57,1-6,2,
dry_bean_uci,dry_bean_uci,53,53,L1-full,58,9-12,2,
dry_bean_uci,dry_bean_uci,53,53,L1-full,59,1-3-7,3,
dry_bean_uci,dry_bean_uci,53,53,L1-full,60,0-1,2,
dry_bean_uci,dry_bean_uci,53,53,L1-full,61,9-12-15,3,
dry_bean_uci,dry_bean_uci,53,53,L1-full,62,8-10,2,
dry_bean_uci,dry_bean_uci,53,53,L1-full,63,9-13-15,3,
dry_bean_uci,dry_bean_uci,53,53,L1-full,64,1-2,2,
dry_bean_uci,dry_bean_uci,53,53,L1-full,65,4-11-13,3,
dry_bean_uci,dry_bean_uci,53,53,L1-full,66,12-14,2,
dry_bean_uci,dry_bean_uci,53,53,L1-full,67,5-9-10,3,
dry_bean_uci,dry_bean_uci,53,53,L1-full,68,2-7,2,
dry_bean_uci,dry_bean_uci,53,53,L1-full,69,6-7,2,
dry_bean_uci,dry_bean_uci,53,53,L1-full,70,4-13-14,3,
dry_bean_uci,dry_bean_uci,53,53,L1-full,71,4-15,2,
dry_bean_uci,dry_bean_uci,53,53,L1-full,72,0-7,2,
dry_bean_uci,dry_bean_uci,53,53,L1-full,73,9-10-14,3,
dry_bean_uci,dry_bean_uci,53,53,L1-full,74,13-14,2,
dry_bean_uci,dry_bean_uci,53,53,L1-full,75,6-9-10,3,
dry_bean_uci,dry_bean_uci,53,53,L1-full,76,1-2-7,3,
dry_bean_uci,dry_bean_uci,53,53,L1-full,77,1-15,2,
dry_bean_uci,dry_bean_uci,53,53,L1-full,78,11-14,2,
dry_bean_uci,dry_bean_uci,53,53,L1-full,79,11-13-14,3,
dry_bean_uci,dry_bean_uci,53,53,L1-full,80,11-12,2,
dry_bean_uci,dry_bean_uci,53,53,L1-full,81,7-15,2,
dry_bean_uci,dry_bean_uci,53,53,L1-full,82,0-2-12,3,
dry_bean_uci,dry_bean_uci,53,53,L1-full,83,2-6-12,3,
dry_bean_uci,dry_bean_uci,53,53,L1-full,84,0-9-10,3,
dry_bean_uci,dry_bean_uci,53,53,L1-full,85,2-10,2,
dry_bean_uci,dry_bean_uci,53,53,L1-full,86,3-10-12,3,
dry_bean_uci,dry_bean_uci,53,53,L1-full,87,9-10-11,3,
dry_bean_uci,dry_bean_uci,53,53,L1-full,88,0-6-12,3,
dry_bean_uci,dry_bean_uci,53,53,L1-full,89,2-3-7,3,
dry_bean_uci,dry_bean_uci,53,53,L1-full,90,2-6,2,
dry_bean_uci,dry_bean_uci,53,53,L1-full,91,2-13,2,
dry_bean_uci,dry_bean_uci,53,53,L1-full,92,2-15,2,
dry_bean_uci,dry_bean_uci,53,53,L1-full,93,4-11,2,
dry_bean_uci,dry_bean_uci,53,53,L1-full,94,1-2-3,3,
dry_bean_uci,dry_bean_uci,53,53,L1-full,95,0-2,2,
dry_bean_uci,dry_bean_uci,53,53,L1-full,96,11-13,2,
dry_bean_uci,dry_bean_uci,53,53,L1-full,97,5-9-15,3,
dry_bean_uci,dry_bean_uci,53,53,L1-full,98,4-12,2,
dry_bean_uci,dry_bean_uci,53,53,L1-full,99,5-14,2,
dry_bean_uci,dry_bean_uci,53,53,L1-full,100,1-3-6,3,
dry_bean_uci,dry_bean_uci,53,53,L1-full,101,4-14,2,
dry_bean_uci,dry_bean_uci,53,53,L1-full,102,0-1-3,3,
dry_bean_uci,dry_bean_uci,53,53,L1-full,103,3-6-7,3,
dry_bean_uci,dry_bean_uci,53,53,L1-full,104,0-3-7,3,
dry_bean_uci,dry_bean_uci,53,53,L1-full,105,1-3-10,3,
dry_bean_uci,dry_bean_uci,53,53,L1-full,106,1-9-15,3,
dry_bean_uci,dry_bean_uci,53,53,L1-full,107,0-3-6,3,
dry_bean_uci,dry_bean_uci,53,53,L1-full,108,4-9-10,3,
dry_bean_uci,dry_bean_uci,53,53,L1-full,109,1-6-7,3,
dry_bean_uci,dry_bean_uci,53,53,L1-full,110,0-1-7,3,
dry_bean_uci,dry_bean_uci,53,53,L1-full,111,3-15,2,
dry_bean_uci,dry_bean_uci,53,53,L1-full,112,1-7-10,3,
dry_bean_uci,dry_bean_uci,53,53,L1-full,113,5-11,2,
dry_bean_uci,dry_bean_uci,53,53,L1-full,114,9-14-15,3,
dry_bean_uci,dry_bean_uci,53,53,L1-full,115,0-1-6,3,
dry_bean_uci,dry_bean_uci,53,53,L1-full,116,6-13,2,
dry_bean_uci,dry_bean_uci,53,53,L1-full,117,3-5,2,
dry_bean_uci,dry_bean_uci,53,53,L1-full,118,0-13,2,
dry_bean_uci,dry_bean_uci,53,53,L1-full,119,11-14-15,3,
dry_bean_uci,dry_bean_uci,53,53,L1-full,120,5-13-14,3,
dry_bean_uci,dry_bean_uci,53,53,L1-full,121,2-3-6,3,
dry_bean_uci,dry_bean_uci,53,53,L1-full,122,0-2-3,3,
dry_bean_uci,dry_bean_uci,53,53,L1-full,123,4-9-15,3,
dry_bean_uci,dry_bean_uci,53,53,L1-full,124,5-11-13,3,
dry_bean_uci,dry_bean_uci,53,53,L1-full,125,6-10,2,
dry_bean_uci,dry_bean_uci,53,53,L1-full,126,4-11-15,3,
dry_bean_uci,dry_bean_uci,53,53,L1-full,127,1-2-6,3,
dry_bean_uci,dry_bean_uci,53,53,L1-full,128,0-1-2,3,
dry_bean_uci,dry_bean_uci,53,53,L1-full,129,2-6-7,3,
dry_bean_uci,dry_bean_uci,53,53,L1-full,130,9-11-15,3,
dry_bean_uci,dry_bean_uci,53,53,L1-full,131,0-2-7,3,
dry_bean_uci,dry_bean_uci,53,53,L1-full,132,4-9-11,3,
dry_bean_uci,dry_bean_uci,53,53,L1-full,133,0-6-7,3,
dry_bean_uci,dry_bean_uci,53,53,L1-full,134,0-10,2,
dry_bean_uci,dry_bean_uci,53,53,L1-full,135,4-5-13,3,
dry_bean_uci,dry_bean_uci,53,53,L1-full,136,5-7,2,
dry_bean_uci,dry_bean_uci,53,53,L1-full,137,7-10-12,3,
dry_bean_uci,dry_bean_uci,53,53,L1-full,138,4-14-15,3,
dry_bean_uci,dry_bean_uci,53,53,L1-full,139,5-12-14,3,
dry_bean_uci,dry_bean_uci,53,53,L1-full,140,0-2-6,3,
dry_bean_uci,dry_bean_uci,53,53,L1-full,141,1-5,2,
dry_bean_uci,dry_bean_uci,53,53,L1-full,142,4-10-11,3,
dry_bean_uci,dry_bean_uci,53,53,L1-full,143,1-2-10,3,
dry_bean_uci,dry_bean_uci,53,53,L1-full,144,12-13-15,3,
dry_bean_uci,dry_bean_uci,53,53,L1-full,145,2-5,2,
dry_bean_uci,dry_bean_uci,53,53,L1-full,146,11-12-14,3,
dry_bean_uci,dry_bean_uci,53,53,L1-full,147,5-12-13,3,
dry_bean_uci,dry_bean_uci,53,53,L1-full,148,5-11-12,3,
dry_bean_uci,dry_bean_uci,53,53,L1-full,149,0-6-13,3,
dry_bean_uci,dry_bean_uci,53,53,L1-full,150,4-10-14,3,
dry_bean_uci,dry_bean_uci,53,53,L1-full,151,4-9-14,3,
dry_bean_uci,dry_bean_uci,53,53,L1-full,152,4-11-12,3,
dry_bean_uci,dry_bean_uci,53,53,L1-full,153,5-6,2,
dry_bean_uci,dry_bean_uci,53,53,L1-full,154,0-5,2,
dry_bean_uci,dry_bean_uci,53,53,L1-full,155,4-5,2,
dry_bean_uci,dry_bean_uci,53,53,L1-full,156,7-12-13,3,
dry_bean_uci,dry_bean_uci,53,53,L1-full,157,10-12-13,3,
dry_bean_uci,dry_bean_uci,53,53,L1-full,158,4-13,2,
dry_bean_uci,dry_bean_uci,53,53,L1-full,159,4-12-14,3,
dry_bean_uci,dry_bean_uci,53,53,L1-full,160,10-11-14,3,
dry_bean_uci,dry_bean_uci,53,53,L1-full,161,2-12-13,3,
dry_bean_uci,dry_bean_uci,53,53,L1-full,162,1-6-10,3,
dry_bean_uci,dry_bean_uci,53,53,L1-full,163,1-12-13,3,
dry_bean_uci,dry_bean_uci,53,53,L1-full,164,0-1-10,3,
dry_bean_uci,dry_bean_uci,53,53,L1-full,165,8-9-15,3,
dry_bean_uci,dry_bean_uci,53,53,L1-full,166,1-10-15,3,
dry_bean_uci,dry_bean_uci,53,53,L1-full,167,3-9-15,3,
dry_bean_uci,dry_bean_uci,53,53,L1-full,168,3-6-13,3,
dry_bean_uci,dry_bean_uci,53,53,L1-full,169,13-14-15,3,
dry_bean_uci,dry_bean_uci,53,53,L1-full,170,7-12-15,3,
dry_bean_uci,dry_bean_uci,53,53,L1-full,171,0-3-13,3,
dry_bean_uci,dry_bean_uci,53,53,L1-full,172,5-10,2,
dry_bean_uci,dry_bean_uci,53,53,L1-full,173,2-6-13,3,
dry_bean_uci,dry_bean_uci,53,53,L1-full,174,1-6-13,3,
dry_bean_uci,dry_bean_uci,53,53,L1-full,175,0-2-13,3,
dry_bean_uci,dry_bean_uci,53,53,L1-full,176,0-1-13,3,
dry_bean_uci,dry_bean_uci,53,53,L1-full,177,3-4,2,
dry_bean_uci,dry_bean_uci,53,53,L1-full,178,4-10,2,
dry_bean_uci,dry_bean_uci,53,53,L1-full,179,11-13-15,3,
dry_bean_uci,dry_bean_uci,53,53,L1-full,180,4-5-12,3,
dry_bean_uci,dry_bean_uci,53,53,L1-full,181,2-7-13,3,
dry_bean_uci,dry_bean_uci,53,53,L1-full,182,4-5-9,3,
dry_bean_uci,dry_bean_uci,53,53,L1-full,183,3-12-13,3,
dry_bean_uci,dry_bean_uci,53,53,L1-full,184,1-10-13,3,
dry_bean_uci,dry_bean_uci,53,53,L1-full,185,3-7-10,3,
dry_bean_uci,dry_bean_uci,53,53,L1-full,186,2-9-15,3,
dry_bean_uci,dry_bean_uci,53,53,L1-full,187,1-2-13,3,
dry_bean_uci,dry_bean_uci,53,53,L1-full,188,0-15,2,
dry_bean_uci,dry_bean_uci,53,53,L1-full,189,5-14-15,3,
dry_bean_uci,dry_bean_uci,53,53,L1-full,190,1-9,2,
dry_bean_uci,dry_bean_uci,53,53,L1-full,191,6-7-13,3,
dry_bean_uci,dry_bean_uci,53,53,L1-full,192,0-7-13,3,
dry_bean_uci,dry_bean_uci,53,53,L1-full,193,3-5-12,3,
dry_bean_uci,dry_bean_uci,53,53,L1-full,194,6-15,2,
dry_bean_uci,dry_bean_uci,53,53,L1-full,195,2-12-15,3,
dry_bean_uci,dry_bean_uci,53,53,L1-full,196,12-13-14,3,
dry_bean_uci,dry_bean_uci,53,53,L1-full,197,5-11-15,3,
dry_bean_uci,dry_bean_uci,53,53,L1-full,198,10-11-15,3,
dry_bean_uci,dry_bean_uci,53,53,L1-full,199,2-3-13,3,
dry_bean_uci,dry_bean_uci,53,53,L1-full,200,4-5-10,3,
dry_bean_uci,dry_bean_uci,53,53,L1-full,201,3-14,2,
dry_bean_uci,dry_bean_uci,53,53,L1-full,202,5-13-15,3,
dry_bean_uci,dry_bean_uci,53,53,L1-full,203,1-7-13,3,
dry_bean_uci,dry_bean_uci,53,53,L1-full,204,9-13,2,
dry_bean_uci,dry_bean_uci,53,53,L1-full,205,2-4,2,
dry_bean_uci,dry_bean_uci,53,53,L1-full,206,1-12-15,3,
dry_bean_uci,dry_bean_uci,53,53,L1-full,207,4-10-13,3,
dry_bean_uci,dry_bean_uci,53,53,L1-full,208,5-10-11,3,
dry_bean_uci,dry_bean_uci,53,53,L1-full,209,10-14-15,3,
dry_bean_uci,dry_bean_uci,53,53,L1-full,210,3-12-14,3,
dry_bean_uci,dry_bean_uci,53,53,L1-full,211,2-10-12,3,
dry_bean_uci,dry_bean_uci,53,53,L1-full,212,1-3-13,3,
dry_bean_uci,dry_bean_uci,53,53,L1-full,213,5-10-14,3,
dry_bean_uci,dry_bean_uci,53,53,L1-full,214,6-12-13,3,
dry_bean_uci,dry_bean_uci,53,53,L1-full,215,0-12-13,3,
dry_bean_uci,dry_bean_uci,53,53,L1-full,216,4-7,2,
dry_bean_uci,dry_bean_uci,53,53,L1-full,217,3-11-12,3,
dry_bean_uci,dry_bean_uci,53,53,L1-full,218,10-11-13,3,
dry_bean_uci,dry_bean_uci,53,53,L1-full,219,3-11,2,
dry_bean_uci,dry_bean_uci,53,53,L1-full,220,1-4,2,
dry_bean_uci,dry_bean_uci,53,53,L1-full,221,3-7-13,3,
dry_bean_uci,dry_bean_uci,53,53,L1-full,222,10-13-14,3,
dry_bean_uci,dry_bean_uci,53,53,L1-full,223,11-12-13,3,
dry_bean_uci,dry_bean_uci,53,53,L1-full,224,5-10-15,3,
dry_bean_uci,dry_bean_uci,53,53,L1-full,225,3-5-14,3,
dry_bean_uci,dry_bean_uci,53,53,L1-full,226,2-14,2,
dry_bean_uci,dry_bean_uci,53,53,L1-full,227,7-9-15,3,
dry_bean_uci,dry_bean_uci,53,53,L1-full,228,6-10-12,3,
dry_bean_uci,dry_bean_uci,53,53,L1-full,229,3-12-15,3,
dry_bean_uci,dry_bean_uci,53,53,L1-full,230,3-4-12,3,
dry_bean_uci,dry_bean_uci,53,53,L1-full,231,7-14,2,
dry_bean_uci,dry_bean_uci,53,53,L1-full,232,8-12,2,
dry_bean_uci,dry_bean_uci,53,53,L1-full,233,0-10-12,3,
dry_bean_uci,dry_bean_uci,53,53,L1-full,234,3-11-14,3,
dry_bean_uci,dry_bean_uci,53,53,L1-full,235,4-10-15,3,
dry_bean_uci,dry_bean_uci,53,53,L1-full,236,10-11,2,
dry_bean_uci,dry_bean_uci,53,53,L1-full,237,10-14,2,
dry_bean_uci,dry_bean_uci,53,53,L1-full,238,3-4-11,3,
dry_bean_uci,dry_bean_uci,53,53,L1-full,239,3-5-11,3,
dry_bean_uci,dry_bean_uci,53,53,L1-full,240,2-13-15,3,
dry_bean_uci,dry_bean_uci,53,53,L1-full,241,4-5-15,3,
dry_bean_uci,dry_bean_uci,53,53,L1-full,242,2-7-10,3,
dry_bean_uci,dry_bean_uci,53,53,L1-full,243,3-6-10,3,
dry_bean_uci,dry_bean_uci,53,53,L1-full,244,2-3-10,3,
dry_bean_uci,dry_bean_uci,53,53,L1-full,245,2-11,2,
dry_bean_uci,dry_bean_uci,53,53,L1-full,246,3-4-14,3,
dry_bean_uci,dry_bean_uci,53,53,L1-full,247,0-3-10,3,
dry_bean_uci,dry_bean_uci,53,53,L1-full,248,9-11-14,3,
dry_bean_uci,dry_bean_uci,53,53,L1-full,249,4-13-15,3,
dry_bean_uci,dry_bean_uci,53,53,L1-full,250,6-7-10,3,
dry_bean_uci,dry_bean_uci,53,53,L1-full,251,7-11,2,
dry_bean_uci,dry_bean_uci,53,53,L1-full,252,5-10-13,3,
dry_bean_uci,dry_bean_uci,53,53,L1-full,253,0-6-10,3,
dry_bean_uci,dry_bean_uci,53,53,L1-full,254,3-5-13,3,
dry_bean_uci,dry_bean_uci,53,53,L1-full,255,2-6-10,3,
dry_bean_uci,dry_bean_uci,53,53,L1-full,256,5-7-12,3,
dry_bean_uci,dry_bean_uci,53,53,L1-full,257,0-7-10,3,
dry_bean_uci,dry_bean_uci,53,53,L1-full,258,0-2-10,3,
dry_bean_uci,dry_bean_uci,53,53,L1-full,259,4-9,2,
dry_bean_uci,dry_bean_uci,53,53,L1-full,260,1-14,2,
dry_bean_uci,dry_bean_uci,53,53,L1-full,261,10-13-15,3,
dry_bean_uci,dry_bean_uci,53,53,L1-full,262,7-13-15,3,
dry_bean_uci,dry_bean_uci,53,53,L1-full,263,2-14-15,3,
dry_bean_uci,dry_bean_uci,53,53,L1-full,264,2-4-11,3,
dry_bean_uci,dry_bean_uci,53,53,L1-full,265,8-15,2,
dry_bean_uci,dry_bean_uci,53,53,L1-full,266,2-5-13,3,
dry_bean_uci,dry_bean_uci,53,53,L1-full,267,2-11-15,3,
dry_bean_uci,dry_bean_uci,53,53,L1-full,268,1-5-12,3,
dry_bean_uci,dry_bean_uci,53,53,L1-full,269,3-4-5,3,
dry_bean_uci,dry_bean_uci,53,53,L1-full,270,2-11-14,3,
dry_bean_uci,dry_bean_uci,53,53,L1-full,271,3-9,2,
dry_bean_uci,dry_bean_uci,53,53,L1-full,272,2-10-15,3,
dry_bean_uci,dry_bean_uci,53,53,L1-full,273,2-13-14,3,
dry_bean_uci,dry_bean_uci,53,53,L1-full,274,2-4-14,3,
dry_bean_uci,dry_bean_uci,53,53,L1-full,275,4-6,2,
dry_bean_uci,dry_bean_uci,53,53,L1-full,276,0-4,2,
dry_bean_uci,dry_bean_uci,53,53,L1-full,277,1-11,2,
dry_bean_uci,dry_bean_uci,53,53,L1-full,278,2-11-13,3,
dry_bean_uci,dry_bean_uci,53,53,L1-full,279,6-9-15,3,
dry_bean_uci,dry_bean_uci,53,53,L1-full,280,10-12-15,3,
dry_bean_uci,dry_bean_uci,53,53,L1-full,281,5-7-13,3,
dry_bean_uci,dry_bean_uci,53,53,L1-full,282,5-9-11,3,
dry_bean_uci,dry_bean_uci,53,53,L1-full,283,1-5-13,3,
dry_bean_uci,dry_bean_uci,53,53,L1-full,284,4-9-13,3,
dry_bean_uci,dry_bean_uci,53,53,L1-full,285,5-12-15,3,
dry_bean_uci,dry_bean_uci,53,53,L1-full,286,4-12-13,3,
dry_bean_uci,dry_bean_uci,53,53,L1-full,287,8-9-10,3,
dry_bean_uci,dry_bean_uci,53,53,L1-full,288,1-13-15,3,
dry_bean_uci,dry_bean_uci,53,53,L1-full,289,2-5-14,3,
dry_bean_uci,dry_bean_uci,53,53,L1-full,290,2-4-13,3,
dry_bean_uci,dry_bean_uci,53,53,L1-full,291,5-9-14,3,
dry_bean_uci,dry_bean_uci,53,53,L1-full,292,2-5-11,3,
dry_bean_uci,dry_bean_uci,53,53,L1-full,293,0-9-15,3,
dry_bean_uci,dry_bean_uci,53,53,L1-full,294,7-12-14,3,
dry_bean_uci,dry_bean_uci,53,53,L1-full,295,6-10-15,3,
dry_bean_uci,dry_bean_uci,53,53,L1-full,296,2-5-12,3,
dry_bean_uci,dry_bean_uci,53,53,L1-full,297,4-10-12,3,
dry_bean_uci,dry_bean_uci,53,53,L1-full,298,0-12-15,3,
dry_bean_uci,dry_bean_uci,53,53,L1-full,299,6-12-15,3,
dry_bean_uci,dry_bean_uci,53,53,L1-full,300,2-5-15,3,
dry_bean_uci,dry_bean_uci,53,53,L1-full,301,0-10-15,3,
dry_bean_uci,dry_bean_uci,53,53,L1-full,302,2-7-15,3,
dry_bean_uci,dry_bean_uci,53,53,L1-full,303,3-10-15,3,
dry_bean_uci,dry_bean_uci,53,53,L1-full,304,2-4-15,3,
dry_bean_uci,dry_bean_uci,53,53,L1-full,305,2-10-13,3,
dry_bean_uci,dry_bean_uci,53,53,L1-full,306,7-10-15,3,
dry_bean_uci,dry_bean_uci,53,53,L1-full,307,3-10-13,3,
dry_bean_uci,dry_bean_uci,53,53,L1-full,308,2-4-5,3,
dry_bean_uci,dry_bean_uci,53,53,L1-full,309,6-14,2,
dry_bean_uci,dry_bean_uci,53,53,L1-full,310,0-14,2,
dry_bean_uci,dry_bean_uci,53,53,L1-full,311,1-9-12,3,
dry_bean_uci,dry_bean_uci,53,53,L1-full,312,7-11-12,3,
dry_bean_uci,dry_bean_uci,53,53,L1-full,313,1-4-10,3,
dry_bean_uci,dry_bean_uci,53,53,L1-full,314,7-10-13,3,
dry_bean_uci,dry_bean_uci,53,53,L1-full,315,2-4-10,3,
dry_bean_uci,dry_bean_uci,53,53,L1-full,316,7-9,2,
dry_bean_uci,dry_bean_uci,53,53,L1-full,317,1-7-15,3,
dry_bean_uci,dry_bean_uci,53,53,L1-full,318,3-13-14,3,
dry_bean_uci,dry_bean_uci,53,53,L1-full,319,1-12-14,3,
dry_bean_uci,dry_bean_uci,53,53,L1-full,320,1-13-14,3,
dry_bean_uci,dry_bean_uci,53,53,L1-full,321,7-13-14,3,
dry_bean_uci,dry_bean_uci,53,53,L1-full,322,8-9,2,
dry_bean_uci,dry_bean_uci,53,53,L1-full,323,5-6-12,3,
dry_bean_uci,dry_bean_uci,53,53,L1-full,324,6-13-15,3,
dry_bean_uci,dry_bean_uci,53,53,L1-full,325,0-5-12,3,
dry_bean_uci,dry_bean_uci,53,53,L1-full,326,0-13-15,3,
dry_bean_uci,dry_bean_uci,53,53,L1-full,327,1-8-10,3,
dry_bean_uci,dry_bean_uci,53,53,L1-full,328,1-2-15,3,
dry_bean_uci,dry_bean_uci,53,53,L1-full,329,3-13-15,3,
dry_bean_uci,dry_bean_uci,53,53,L1-full,330,0-9,2,
dry_bean_uci,dry_bean_uci,53,53,L1-full,331,3-7-15,3,
dry_bean_uci,dry_bean_uci,53,53,L1-full,332,8-13,2,
dry_bean_uci,dry_bean_uci,53,53,L1-full,333,1-11-12,3,
dry_bean_uci,dry_bean_uci,53,53,L1-full,334,5-9,2,
dry_bean_uci,dry_bean_uci,53,53,L1-full,335,1-11-13,3,
dry_bean_uci,dry_bean_uci,53,53,L1-full,336,6-11,2,
dry_bean_uci,dry_bean_uci,53,53,L1-full,337,0-11,2,
dry_bean_uci,dry_bean_uci,53,53,L1-full,338,1-3-15,3,
dry_bean_uci,dry_bean_uci,53,53,L1-full,339,1-5-15,3,
dry_bean_uci,dry_bean_uci,53,53,L1-full,340,6-9,2,
dry_bean_uci,dry_bean_uci,53,53,L1-full,341,3-11-13,3,
dry_bean_uci,dry_bean_uci,53,53,L1-full,342,5-7-14,3,
dry_bean_uci,dry_bean_uci,53,53,L1-full,343,1-3-9,3,
dry_bean_uci,dry_bean_uci,53,53,L1-full,344,7-11-13,3,
dry_bean_uci,dry_bean_uci,53,53,L1-full,345,3-9-11,3,
dry_bean_uci,dry_bean_uci,53,53,L1-full,346,3-4-9,3,
dry_bean_uci,dry_bean_uci,53,53,L1-full,347,3-9-14,3,
dry_bean_uci,dry_bean_uci,53,53,L1-full,348,2-3-15,3,
dry_bean_uci,dry_bean_uci,53,53,L1-full,349,5-7-15,3,
dry_bean_uci,dry_bean_uci,53,53,L1-full,350,1-14-15,3,
dry_bean_uci,dry_bean_uci,53,53,L1-full,351,1-5-14,3,
dry_bean_uci,dry_bean_uci,53,53,L1-full,352,2-9,2,
dry_bean_uci,dry_bean_uci,53,53,L1-full,353,2-12-14,3,
dry_bean_uci,dry_bean_uci,53,53,L1-full,354,2-8-10,3,
dry_bean_uci,dry_bean_uci,53,53,L1-full,355,3-8-12,3,
dry_bean_uci,dry_bean_uci,53,53,L1-full,356,4-7-12,3,
dry_bean_uci,dry_bean_uci,53,53,L1-full,357,5-7-11,3,
dry_bean_uci,dry_bean_uci,53,53,L1-full,358,2-10-11,3,
dry_bean_uci,dry_bean_uci,53,53,L1-full,359,1-11-15,3,
dry_bean_uci,dry_bean_uci,53,53,L1-full,360,4-9-12,3,
dry_bean_uci,dry_bean_uci,53,53,L1-full,361,7-11-14,3,
dry_bean_uci,dry_bean_uci,53,53,L1-full,362,6-14-15,3,
dry_bean_uci,dry_bean_uci,53,53,L1-full,363,1-11-14,3,
dry_bean_uci,dry_bean_uci,53,53,L1-full,364,6-11-15,3,
dry_bean_uci,dry_bean_uci,53,53,L1-full,365,1-2-4,3,
dry_bean_uci,dry_bean_uci,53,53,L1-full,366,6-8-10,3,
dry_bean_uci,dry_bean_uci,53,53,L1-full,367,0-14-15,3,
dry_bean_uci,dry_bean_uci,53,53,L1-full,368,6-12-14,3,
dry_bean_uci,dry_bean_uci,53,53,L1-full,369,0-12-14,3,
dry_bean_uci,dry_bean_uci,53,53,L1-full,370,12-14-15,3,
dry_bean_uci,dry_bean_uci,53,53,L1-full,371,1-5-11,3,
dry_bean_uci,dry_bean_uci,53,53,L1-full,372,7-14-15,3,
dry_bean_uci,dry_bean_uci,53,53,L1-full,373,4-8-11,3,
dry_bean_uci,dry_bean_uci,53,53,L1-full,374,0-8-10,3,
dry_bean_uci,dry_bean_uci,53,53,L1-full,375,0-11-15,3,
dry_bean_uci,dry_bean_uci,53,53,L1-full,376,3-9-12,3,
dry_bean_uci,dry_bean_uci,53,53,L1-full,377,1-4-12,3,
dry_bean_uci,dry_bean_uci,53,53,L1-full,378,0-5-6,3,
dry_bean_uci,dry_bean_uci,53,53,L1-full,379,0-1-15,3,
dry_bean_uci,dry_bean_uci,53,53,L1-full,380,3-5-9,3,
dry_bean_uci,dry_bean_uci,53,53,L1-full,381,1-10-11,3,
dry_bean_uci,dry_bean_uci,53,53,L1-full,382,1-6-15,3,
dry_bean_uci,dry_bean_uci,53,53,L1-full,383,0-5-13,3,
dry_bean_uci,dry_bean_uci,53,53,L1-full,384,5-6-13,3,
dry_bean_uci,dry_bean_uci,53,53,L1-full,385,1-7-9,3,
dry_bean_uci,dry_bean_uci,53,53,L1-full,386,7-8-10,3,
dry_bean_uci,dry_bean_uci,53,53,L1-full,387,2-10-14,3,
dry_bean_uci,dry_bean_uci,53,53,L1-full,388,0-3-15,3,
dry_bean_uci,dry_bean_uci,53,53,L1-full,389,0-2-15,3,
dry_bean_uci,dry_bean_uci,53,53,L1-full,390,2-6-15,3,
dry_bean_uci,dry_bean_uci,53,53,L1-full,391,1-8,2,
dry_bean_uci,dry_bean_uci,53,53,L1-full,392,6-11-14,3,
dry_bean_uci,dry_bean_uci,53,53,L1-full,393,0-11-14,3,
dry_bean_uci,dry_bean_uci,53,53,L1-full,394,3-6-15,3,
dry_bean_uci,dry_bean_uci,53,53,L1-full,395,6-11-12,3,
dry_bean_uci,dry_bean_uci,53,53,L1-full,396,0-7-15,3,
dry_bean_uci,dry_bean_uci,53,53,L1-full,397,6-10-13,3,
dry_bean_uci,dry_bean_uci,53,53,L1-full,398,0-11-12,3,
dry_bean_uci,dry_bean_uci,53,53,L1-full,399,4-8-14,3,
dry_bean_uci,dry_bean_uci,53,53,L1-full,400,2-11-12,3,
dry_bean_uci,dry_bean_uci,53,53,L1-full,401,9-11-12,3,
dry_bean_uci,dry_bean_uci,53,53,L1-full,402,6-7-15,3,
dry_bean_uci,dry_bean_uci,53,53,L1-full,403,4-7-11,3,
dry_bean_uci,dry_bean_uci,53,53,L1-full,404,5-8,2,
dry_bean_uci,dry_bean_uci,53,53,L1-full,405,4-6-11,3,
dry_bean_uci,dry_bean_uci,53,53,L1-full,406,1-4-13,3,
dry_bean_uci,dry_bean_uci,53,53,L1-full,407,1-2-11,3,
dry_bean_uci,dry_bean_uci,53,53,L1-full,408,0-6-15,3,
dry_bean_uci,dry_bean_uci,53,53,L1-full,409,1-4-11,3,
dry_bean_uci,dry_bean_uci,53,53,L1-full,410,0-4-11,3,
dry_bean_uci,dry_bean_uci,53,53,L1-full,411,7-11-15,3,
dry_bean_uci,dry_bean_uci,53,53,L1-full,412,9-11,2,
dry_bean_uci,dry_bean_uci,53,53,L1-full,413,3-8-10,3,
dry_bean_uci,dry_bean_uci,53,53,L1-full,414,0-10-13,3,
dry_bean_uci,dry_bean_uci,53,53,L1-full,415,4-7-14,3,
dry_bean_uci,dry_bean_uci,53,53,L1-full,416,1-2-14,3,
dry_bean_uci,dry_bean_uci,53,53,L1-full,417,4-6-14,3,
dry_bean_uci,dry_bean_uci,53,53,L1-full,418,5-6-15,3,
dry_bean_uci,dry_bean_uci,53,53,L1-full,419,0-5-14,3,
dry_bean_uci,dry_bean_uci,53,53,L1-full,420,5-6-14,3,
dry_bean_uci,dry_bean_uci,53,53,L1-full,421,9-12-14,3,
dry_bean_uci,dry_bean_uci,53,53,L1-full,422,0-4-14,3,
dry_bean_uci,dry_bean_uci,53,53,L1-full,423,1-4-14,3,
dry_bean_uci,dry_bean_uci,53,53,L1-full,424,3-8,2,
dry_bean_uci,dry_bean_uci,53,53,L1-full,425,1-4-15,3,
dry_bean_uci,dry_bean_uci,53,53,L1-full,426,8-10-15,3,
dry_bean_uci,dry_bean_uci,53,53,L1-full,427,0-5-15,3,
dry_bean_uci,dry_bean_uci,53,53,L1-full,428,0-5-11,3,
dry_bean_uci,dry_bean_uci,53,53,L1-full,429,5-6-11,3,
dry_bean_uci,dry_bean_uci,53,53,L1-full,430,1-10-14,3,
dry_bean_uci,dry_bean_uci,53,53,L1-full,431,5-8-15,3,
dry_bean_uci,dry_bean_uci,53,53,L1-full,432,4-8-15,3,
dry_bean_uci,dry_bean_uci,53,53,L1-full,433,11-12-15,3,
dry_bean_uci,dry_bean_uci,53,53,L1-full,434,4-7-10,3,
dry_bean_uci,dry_bean_uci,53,53,L1-full,435,3-4-10,3,
dry_bean_uci,dry_bean_uci,53,53,L1-full,436,3-5-7,3,
dry_bean_uci,dry_bean_uci,53,53,L1-full,437,2-4-7,3,
dry_bean_uci,dry_bean_uci,53,53,L1-full,438,1-4-7,3,
dry_bean_uci,dry_bean_uci,53,53,L1-full,439,4-6-15,3,
dry_bean_uci,dry_bean_uci,53,53,L1-full,440,9-14,2,
dry_bean_uci,dry_bean_uci,53,53,L1-full,441,5-9-13,3,
dry_bean_uci,dry_bean_uci,53,53,L1-full,442,2-7-14,3,
dry_bean_uci,dry_bean_uci,53,53,L1-full,443,2-4-9,3,
dry_bean_uci,dry_bean_uci,53,53,L1-full,444,2-7-11,3,
dry_bean_uci,dry_bean_uci,53,53,L1-full,445,4-7-13,3,
dry_bean_uci,dry_bean_uci,53,53,L1-full,446,4-8-10,3,
dry_bean_uci,dry_bean_uci,53,53,L1-full,447,8-11-12,3,
dry_bean_uci,dry_bean_uci,53,53,L1-full,448,1-6-9,3,
dry_bean_uci,dry_bean_uci,53,53,L1-full,449,1-7-11,3,
dry_bean_uci,dry_bean_uci,53,53,L1-full,450,8-12-14,3,
dry_bean_uci,dry_bean_uci,53,53,L1-full,451,0-4-15,3,
dry_bean_uci,dry_bean_uci,53,53,L1-full,452,1-7-14,3,
dry_bean_uci,dry_bean_uci,53,53,L1-full,453,1-2-9,3,
dry_bean_uci,dry_bean_uci,53,53,L1-full,454,4-5-7,3,
dry_bean_uci,dry_bean_uci,53,53,L1-full,455,8-11-14,3,
dry_bean_uci,dry_bean_uci,53,53,L1-full,456,4-6-12,3,
dry_bean_uci,dry_bean_uci,53,53,L1-full,457,6-13-14,3,
dry_bean_uci,dry_bean_uci,53,53,L1-full,458,0-13-14,3,
dry_bean_uci,dry_bean_uci,53,53,L1-full,459,4-8-12,3,
dry_bean_uci,dry_bean_uci,53,53,L1-full,460,0-1-9,3,
dry_bean_uci,dry_bean_uci,53,53,L1-full,461,0-4-12,3,
dry_bean_uci,dry_bean_uci,53,53,L1-full,462,1-2-5,3,
dry_bean_uci,dry_bean_uci,53,53,L1-full,463,3-4-13,3,
dry_bean_uci,dry_bean_uci,53,53,L1-full,464,2-5-7,3,
dry_bean_uci,dry_bean_uci,53,53,L1-full,465,0-6-14,3,
dry_bean_uci,dry_bean_uci,53,53,L1-full,466,1-5-7,3,
dry_bean_uci,dry_bean_uci,53,53,L1-full,467,1-3-5,3,
dry_bean_uci,dry_bean_uci,53,53,L1-full,468,3-5-6,3,
dry_bean_uci,dry_bean_uci,53,53,L1-full,469,0-3-5,3,
dry_bean_uci,dry_bean_uci,53,53,L1-full,470,0-2-4,3,
dry_bean_uci,dry_bean_uci,53,53,L1-full,471,3-7-14,3,
dry_bean_uci,dry_bean_uci,53,53,L1-full,472,1-4-5,3,
dry_bean_uci,dry_bean_uci,53,53,L1-full,473,2-4-6,3,
dry_bean_uci,dry_bean_uci,53,53,L1-full,474,4-5-6,3,
dry_bean_uci,dry_bean_uci,53,53,L1-full,475,3-7-11,3,
dry_bean_uci,dry_bean_uci,53,53,L1-full,476,0-4-5,3,
dry_bean_uci,dry_bean_uci,53,53,L1-full,477,8-10-11,3,
dry_bean_uci,dry_bean_uci,53,53,L1-full,478,0-6-11,3,
dry_bean_uci,dry_bean_uci,53,53,L1-full,479,0-1-4,3,
dry_bean_uci,dry_bean_uci,53,53,L1-full,480,1-8-12,3,
dry_bean_uci,dry_bean_uci,53,53,L1-full,481,1-4-6,3,
dry_bean_uci,dry_bean_uci,53,53,L1-full,482,0-2-5,3,
dry_bean_uci,dry_bean_uci,53,53,L1-full,483,5-9-12,3,
dry_bean_uci,dry_bean_uci,53,53,L1-full,484,2-5-6,3,
dry_bean_uci,dry_bean_uci,53,53,L1-full,485,8-14,2,
dry_bean_uci,dry_bean_uci,53,53,L1-full,486,5-8-10,3,
dry_bean_uci,dry_bean_uci,53,53,L1-full,487,8-10-14,3,
dry_bean_uci,dry_bean_uci,53,53,L1-full,488,5-8-12,3,
dry_bean_uci,dry_bean_uci,53,53,L1-full,489,4-5-8,3,
dry_bean_uci,dry_bean_uci,53,53,L1-full,490,6-11-13,3,
dry_bean_uci,dry_bean_uci,53,53,L1-full,491,3-4-7,3,
dry_bean_uci,dry_bean_uci,53,53,L1-full,492,0-11-13,3,
dry_bean_uci,dry_bean_uci,53,53,L1-full,493,0-2-14,3,
dry_bean_uci,dry_bean_uci,53,53,L1-full,494,0-2-11,3,
dry_bean_uci,dry_bean_uci,53,53,L1-full,495,2-6-14,3,
dry_bean_uci,dry_bean_uci,53,53,L1-full,496,0-6-8,3,
dry_bean_uci,dry_bean_uci,53,53,L1-full,497,9-11-13,3,
dry_bean_uci,dry_bean_uci,53,53,L1-full,498,2-6-11,3,
dry_bean_uci,dry_bean_uci,53,53,L1-full,499,0-4-6,3,
dry_bean_uci,dry_bean_uci,53,53,L1-full,500,7-8,2,
dry_bean_uci,dry_bean_uci,53,53,L1-full,501,8-14-15,3,
dry_bean_uci,dry_bean_uci,53,53,L1-full,502,10-11-12,3,
dry_bean_uci,dry_bean_uci,53,53,L1-full,503,8-11-15,3,
dry_bean_uci,dry_bean_uci,53,53,L1-full,504,0-4-7,3,
dry_bean_uci,dry_bean_uci,53,53,L1-full,505,9-12-13,3,
dry_bean_uci,dry_bean_uci,53,53,L1-full,506,4-6-7,3,
dry_bean_uci,dry_bean_uci,53,53,L1-full,507,7-8-12,3,
dry_bean_uci,dry_bean_uci,53,53,L1-full,508,4-12-15,3,
dry_bean_uci,dry_bean_uci,53,53,L1-full,509,4-6-10,3,
dry_bean_uci,dry_bean_uci,53,53,L1-full,510,0-4-10,3,
dry_bean_uci,dry_bean_uci,53,53,L1-full,511,2-5-10,3,
dry_bean_uci,dry_bean_uci,53,53,L1-full,512,3-4-6,3,
dry_bean_uci,dry_bean_uci,53,53,L1-full,513,0-1-11,3,
dry_bean_uci,dry_bean_uci,53,53,L1-full,514,1-6-11,3,
dry_bean_uci,dry_bean_uci,53,53,L1-full,515,0-3-4,3,
dry_bean_uci,dry_bean_uci,53,53,L1-full,516,1-5-6,3,
dry_bean_uci,dry_bean_uci,53,53,L1-full,517,0-1-5,3,
dry_bean_uci,dry_bean_uci,53,53,L1-full,518,5-8-11,3,
dry_bean_uci,dry_bean_uci,53,53,L1-full,519,8-13-15,3,
dry_bean_uci,dry_bean_uci,53,53,L1-full,520,1-3-14,3,
dry_bean_uci,dry_bean_uci,53,53,L1-full,521,8-11,2,
dry_bean_uci,dry_bean_uci,53,53,L1-full,522,3-6-14,3,
dry_bean_uci,dry_bean_uci,53,53,L1-full,523,0-3-14,3,
dry_bean_uci,dry_bean_uci,53,53,L1-full,524,5-8-14,3,
dry_bean_uci,dry_bean_uci,53,53,L1-full,525,9-13-14,3,
dry_bean_uci,dry_bean_uci,53,53,L1-full,526,0-1-14,3,
dry_bean_uci,dry_bean_uci,53,53,L1-full,527,1-6-14,3,
dry_bean_uci,dry_bean_uci,53,53,L1-full,528,3-6-11,3,
dry_bean_uci,dry_bean_uci,53,53,L1-full,529,1-5-10,3,
dry_bean_uci,dry_bean_uci,53,53,L1-full,530,3-5-15,3,
dry_bean_uci,dry_bean_uci,53,53,L1-full,531,1-3-11,3,
dry_bean_uci,dry_bean_uci,53,53,L1-full,532,0-3-11,3,
dry_bean_uci,dry_bean_uci,53,53,L1-full,533,0-7-11,3,
dry_bean_uci,dry_bean_uci,53,53,L1-full,534,6-7-11,3,
dry_bean_uci,dry_bean_uci,53,53,L1-full,535,2-3-5,3,
dry_bean_uci,dry_bean_uci,53,53,L1-full,536,4-8-9,3,
dry_bean_uci,dry_bean_uci,53,53,L1-full,537,1-3-4,3,
dry_bean_uci,dry_bean_uci,53,53,L1-full,538,0-5-7,3,
dry_bean_uci,dry_bean_uci,53,53,L1-full,539,5-6-7,3,
dry_bean_uci,dry_bean_uci,53,53,L1-full,540,0-7-14,3,
dry_bean_uci,dry_bean_uci,53,53,L1-full,541,6-7-14,3,
dry_bean_uci,dry_bean_uci,53,53,L1-full,542,1-6-8,3,
dry_bean_uci,dry_bean_uci,53,53,L1-full,543,4-7-15,3,
dry_bean_uci,dry_bean_uci,53,53,L1-full,544,1-3-8,3,
dry_bean_uci,dry_bean_uci,53,53,L1-full,545,0-1-8,3,
dry_bean_uci,dry_bean_uci,53,53,L1-full,546,8-10-13,3,
dry_bean_uci,dry_bean_uci,53,53,L1-full,547,3-9-13,3,
dry_bean_uci,dry_bean_uci,53,53,L1-full,548,6-8-12,3,
dry_bean_uci,dry_bean_uci,53,53,L1-full,549,0-8-12,3,
dry_bean_uci,dry_bean_uci,53,53,L1-full,550,3-6-8,3,
dry_bean_uci,dry_bean_uci,53,53,L1-full,551,2-4-12,3,
dry_bean_uci,dry_bean_uci,53,53,L1-full,552,0-3-8,3,
dry_bean_uci,dry_bean_uci,53,53,L1-full,553,4-6-13,3,
dry_bean_uci,dry_bean_uci,53,53,L1-full,554,0-4-13,3,
dry_bean_uci,dry_bean_uci,53,53,L1-full,555,8-12-15,3,
dry_bean_uci,dry_bean_uci,53,53,L1-full,556,2-3-14,3,
dry_bean_uci,dry_bean_uci,53,53,L1-full,557,8-10-12,3,
dry_bean_uci,dry_bean_uci,53,53,L1-full,558,10-12-14,3,
dry_bean_uci,dry_bean_uci,53,53,L1-full,559,2-3-11,3,
dry_bean_uci,dry_bean_uci,53,53,L1-full,560,1-7-8,3,
dry_bean_uci,dry_bean_uci,53,53,L1-full,561,2-9-11,3,
dry_bean_uci,dry_bean_uci,53,53,L1-full,562,2-8,2,
dry_bean_uci,dry_bean_uci,53,53,L1-full,563,1-8-9,3,
dry_bean_uci,dry_bean_uci,53,53,L1-full,564,3-7-8,3,
dry_bean_uci,dry_bean_uci,53,53,L1-full,565,6-7-8,3,
dry_bean_uci,dry_bean_uci,53,53,L1-full,566,0-7-8,3,
dry_bean_uci,dry_bean_uci,53,53,L1-full,567,2-5-9,3,
dry_bean_uci,dry_bean_uci,53,53,L1-full,568,2-9-14,3,
dry_bean_uci,dry_bean_uci,53,53,L1-full,569,7-10-11,3,
dry_bean_uci,dry_bean_uci,53,53,L1-full,570,4-8,2,
dry_bean_uci,dry_bean_uci,53,53,L1-full,571,8-9-11,3,
dry_bean_uci,dry_bean_uci,53,53,L1-full,572,6-9-11,3,
dry_bean_uci,dry_bean_uci,53,53,L1-full,573,2-3-4,3,
dry_bean_uci,dry_bean_uci,53,53,L1-full,574,6-9-14,3,
dry_bean_uci,dry_bean_uci,53,53,L1-full,575,3-14-15,3,
dry_bean_uci,dry_bean_uci,53,53,L1-full,576,5-8-9,3,
dry_bean_uci,dry_bean_uci,53,53,L1-full,577,8-9-14,3,
dry_bean_uci,dry_bean_uci,53,53,L1-full,578,2-6-8,3,
dry_bean_uci,dry_bean_uci,53,53,L1-full,579,0-2-8,3,
dry_bean_uci,dry_bean_uci,53,53,L1-full,580,6-10-11,3,
dry_bean_uci,dry_bean_uci,53,53,L1-full,581,0-9-11,3,
dry_bean_uci,dry_bean_uci,53,53,L1-full,582,0-9-14,3,
dry_bean_uci,dry_bean_uci,53,53,L1-full,583,3-7-9,3,
dry_bean_uci,dry_bean_uci,53,53,L1-full,584,0-10-11,3,
dry_bean_uci,dry_bean_uci,53,53,L1-full,585,3-10-11,3,
dry_bean_uci,dry_bean_uci,53,53,L1-full,586,7-9-12,3,
dry_bean_uci,dry_bean_uci,53,53,L1-full,587,3-11-15,3,
dry_bean_uci,dry_bean_uci,53,53,L1-full,588,1-4-9,3,
dry_bean_uci,dry_bean_uci,53,53,L1-full,589,5-6-9,3,
dry_bean_uci,dry_bean_uci,53,53,L1-full,590,1-2-8,3,
dry_bean_uci,dry_bean_uci,53,53,L1-full,591,2-3-8,3,
dry_bean_uci,dry_bean_uci,53,53,L1-full,592,0-5-9,3,
dry_bean_uci,dry_bean_uci,53,53,L1-full,593,2-8-12,3,
dry_bean_uci,dry_bean_uci,53,53,L1-full,594,4-6-9,3,
dry_bean_uci,dry_bean_uci,53,53,L1-full,595,1-9-11,3,
dry_bean_uci,dry_bean_uci,53,53,L1-full,596,0-4-9,3,
dry_bean_uci,dry_bean_uci,53,53,L1-full,597,3-4-15,3,
dry_bean_uci,dry_bean_uci,53,53,L1-full,598,7-9-14,3,
dry_bean_uci,dry_bean_uci,53,53,L1-full,599,7-9-11,3,
dry_bean_uci,dry_bean_uci,53,53,L1-full,600,5-10-12,3,
dry_bean_uci,dry_bean_uci,53,53,L1-full,601,1-9-14,3,
dry_bean_uci,dry_bean_uci,53,53,L1-full,602,3-6-9,3,
dry_bean_uci,dry_bean_uci,53,53,L1-full,603,4-7-9,3,
dry_bean_uci,dry_bean_uci,53,53,L1-full,604,8-12-13,3,
dry_bean_uci,dry_bean_uci,53,53,L1-full,605,7-10-14,3,
dry_bean_uci,dry_bean_uci,53,53,L1-full,606,2-8-15,3,
dry_bean_uci,dry_bean_uci,53,53,L1-full,607,0-3-9,3,
dry_bean_uci,dry_bean_uci,53,53,L1-full,608,6-10-14,3,
dry_bean_uci,dry_bean_uci,53,53,L1-full,609,3-4-8,3,
dry_bean_uci,dry_bean_uci,53,53,L1-full,610,2-8-9,3,
dry_bean_uci,dry_bean_uci,53,53,L1-full,611,0-10-14,3,
dry_bean_uci,dry_bean_uci,53,53,L1-full,612,5-7-9,3,
dry_bean_uci,dry_bean_uci,53,53,L1-full,613,1-9-13,3,
dry_bean_uci,dry_bean_uci,53,53,L1-full,614,3-8-11,3,
dry_bean_uci,dry_bean_uci,53,53,L1-full,615,3-8-14,3,
dry_bean_uci,dry_bean_uci,53,53,L1-full,616,6-7-9,3,
dry_bean_uci,dry_bean_uci,53,53,L1-full,617,2-9-13,3,
dry_bean_uci,dry_bean_uci,53,53,L1-full,618,3-5-8,3,
dry_bean_uci,dry_bean_uci,53,53,L1-full,619,3-10-14,3,
dry_bean_uci,dry_bean_uci,53,53,L1-full,620,2-6-9,3,
dry_bean_uci,dry_bean_uci,53,53,L1-full,621,8-9-13,3,
dry_bean_uci,dry_bean_uci,53,53,L1-full,622,2-7-8,3,
dry_bean_uci,dry_bean_uci,53,53,L1-full,623,2-7-9,3,
dry_bean_uci,dry_bean_uci,53,53,L1-full,624,0-7-9,3,
dry_bean_uci,dry_bean_uci,53,53,L1-full,625,0-2-9,3,
dry_bean_uci,dry_bean_uci,53,53,L1-full,626,6-9-12,3,
dry_bean_uci,dry_bean_uci,53,53,L1-full,627,0-6-9,3,
dry_bean_uci,dry_bean_uci,53,53,L1-full,628,0-9-12,3,
dry_bean_uci,dry_bean_uci,53,53,L1-full,629,5-8-13,3,
dry_bean_uci,dry_bean_uci,53,53,L1-full,630,1-5-9,3,
dry_bean_uci,dry_bean_uci,53,53,L1-full,631,7-8-15,3,
dry_bean_uci,dry_bean_uci,53,53,L1-full,632,7-8-9,3,
dry_bean_uci,dry_bean_uci,53,53,L1-full,633,6-8,2,
dry_bean_uci,dry_bean_uci,53,53,L1-full,634,0-8,2,
dry_bean_uci,dry_bean_uci,53,53,L1-full,635,2-3-9,3,
dry_bean_uci,dry_bean_uci,53,53,L1-full,636,7-9-13,3,
dry_bean_uci,dry_bean_uci,53,53,L1-full,637,3-5-10,3,
dry_bean_uci,dry_bean_uci,53,53,L1-full,638,6-8-9,3,
dry_bean_uci,dry_bean_uci,53,53,L1-full,639,8-13-14,3,
dry_bean_uci,dry_bean_uci,53,53,L1-full,640,8-11-13,3,
dry_bean_uci,dry_bean_uci,53,53,L1-full,641,4-8-13,3,
dry_bean_uci,dry_bean_uci,53,53,L1-full,642,8-9-12,3,
dry_bean_uci,dry_bean_uci,53,53,L1-full,643,5-7-10,3,
dry_bean_uci,dry_bean_uci,53,53,L1-full,644,5-6-10,3,
dry_bean_uci,dry_bean_uci,53,53,L1-full,645,0-5-10,3,
dry_bean_uci,dry_bean_uci,53,53,L1-full,646,0-8-9,3,
dry_bean_uci,dry_bean_uci,53,53,L1-full,647,2-9-12,3,
dry_bean_uci,dry_bean_uci,53,53,L1-full,648,6-9-13,3,
dry_bean_uci,dry_bean_uci,53,53,L1-full,649,0-8-15,3,
dry_bean_uci,dry_bean_uci,53,53,L1-full,650,1-8-15,3,
dry_bean_uci,dry_bean_uci,53,53,L1-full,651,2-5-8,3,
dry_bean_uci,dry_bean_uci,53,53,L1-full,652,3-8-15,3,
dry_bean_uci,dry_bean_uci,53,53,L1-full,653,0-9-13,3,
dry_bean_uci,dry_bean_uci,53,53,L1-full,654,1-5-8,3,
dry_bean_uci,dry_bean_uci,53,53,L1-full,655,5-7-8,3,
dry_bean_uci,dry_bean_uci,53,53,L1-full,656,3-8-9,3,
dry_bean_uci,dry_bean_uci,53,53,L1-full,657,2-8-14,3,
dry_bean_uci,dry_bean_uci,53,53,L1-full,658,2-4-8,3,
dry_bean_uci,dry_bean_uci,53,53,L1-full,659,2-8-11,3,
dry_bean_uci,dry_bean_uci,53,53,L1-full,660,6-8-15,3,
dry_bean_uci,dry_bean_uci,53,53,L1-full,661,6-8-13,3,
dry_bean_uci,dry_bean_uci,53,53,L1-full,662,0-8-13,3,
dry_bean_uci,dry_bean_uci,53,53,L1-full,663,7-8-14,3,
dry_bean_uci,dry_bean_uci,53,53,L1-full,664,2-8-13,3,
dry_bean_uci,dry_bean_uci,53,53,L1-full,665,1-8-14,3,
dry_bean_uci,dry_bean_uci,53,53,L1-full,666,7-8-11,3,
dry_bean_uci,dry_bean_uci,53,53,L1-full,667,4-7-8,3,
dry_bean_uci,dry_bean_uci,53,53,L1-full,668,1-8-13,3,
dry_bean_uci,dry_bean_uci,53,53,L1-full,669,1-8-11,3,
dry_bean_uci,dry_bean_uci,53,53,L1-full,670,3-8-13,3,
dry_bean_uci,dry_bean_uci,53,53,L1-full,671,7-8-13,3,
dry_bean_uci,dry_bean_uci,53,53,L1-full,672,0-5-8,3,
dry_bean_uci,dry_bean_uci,53,53,L1-full,673,1-4-8,3,
dry_bean_uci,dry_bean_uci,53,53,L1-full,674,0-4-8,3,
dry_bean_uci,dry_bean_uci,53,53,L1-full,675,5-6-8,3,
dry_bean_uci,dry_bean_uci,53,53,L1-full,676,4-6-8,3,
dry_bean_uci,dry_bean_uci,53,53,L1-full,677,0-8-11,3,
dry_bean_uci,dry_bean_uci,53,53,L1-full,678,6-8-11,3,
dry_bean_uci,dry_bean_uci,53,53,L1-full,679,0-8-14,3,
dry_bean_uci,dry_bean_uci,53,53,L1-full,680,6-8-14,3,
dry_bean_uci,dry_bean_uci,53,53,L1-top8,1,9-10,2,
dry_bean_uci,dry_bean_uci,53,53,L1-top8,2,10-12,2,
dry_bean_uci,dry_bean_uci,53,53,L1-top8,3,3-12,2,
dry_bean_uci,dry_bean_uci,53,53,L1-top8,4,1-12,2,
dry_bean_uci,dry_bean_uci,53,53,L1-top8,5,9-10-12,3,
dry_bean_uci,dry_bean_uci,53,53,L1-top8,6,7-12,2,
dry_bean_uci,dry_bean_uci,53,53,L1-top8,7,12-13,2,
dry_bean_uci,dry_bean_uci,53,53,L1-top8,8,9-15,2,
dry_bean_uci,dry_bean_uci,53,53,L1-match,1,9-10,2,
dry_bean_uci,dry_bean_uci,53,53,L1-match,2,10-12,2,
dry_bean_uci,dry_bean_uci,53,53,L1-match,3,3-12,2,
dry_bean_uci,dry_bean_uci,53,53,L1-match,4,1-12,2,
dry_bean_uci,dry_bean_uci,53,53,L1-match,5,9-10-12,3,
dry_bean_uci,dry_bean_uci,53,53,L1-match,6,7-12,2,
dry_bean_uci,dry_bean_uci,53,53,L1-match,7,12-13,2,
dry_bean_uci,dry_bean_uci,53,53,L1-match,8,9-15,2,
dry_bean_uci,dry_bean_uci,53,53,L1-match,9,2-12,2,
dry_bean_uci,dry_bean_uci,53,53,L1-match,10,12-15,2,
dry_bean_uci,dry_bean_uci,53,53,L1-match,11,9-10-15,3,
dry_bean_uci,dry_bean_uci,53,53,SHIL-k8,1,10-12,2,
dry_bean_uci,dry_bean_uci,53,53,SHIL-k8,2,3-12,2,
dry_bean_uci,dry_bean_uci,53,53,SHIL-k8,3,6-12,2,
dry_bean_uci,dry_bean_uci,53,53,SHIL-k8,4,0-12,2,
dry_bean_uci,dry_bean_uci,53,53,SHIL-k8,5,10-15,2,
dry_bean_uci,dry_bean_uci,53,53,SHIL-k8,6,9-10-12,3,
dry_bean_uci,dry_bean_uci,53,53,SHIL-k8,7,1-12,2,
dry_bean_uci,dry_bean_uci,53,53,SHIL-k8,8,10-13,2,
dry_bean_uci,dry_bean_uci,53,53,SC-L1,1,9-10,2,
dry_bean_uci,dry_bean_uci,53,53,SC-L1,2,10-12,2,
dry_bean_uci,dry_bean_uci,53,53,SC-SHIL,1,0-12,2,
dry_bean_uci,dry_bean_uci,53,53,SC-SHIL,2,1-12,2,
dry_bean_uci,dry_bean_uci,53,53,SC-SHIL,3,3-10,2,
dry_bean_uci,dry_bean_uci,53,53,SC-SHIL,4,3-12,2,
dry_bean_uci,dry_bean_uci,53,53,SC-SHIL,5,6-12,2,
dry_bean_uci,dry_bean_uci,53,53,SC-SHIL,6,7-12,2,
dry_bean_uci,dry_bean_uci,53,53,SC-SHIL,7,9-10,2,
dry_bean_uci,dry_bean_uci,53,53,SC-SHIL,8,10-12,2,
dry_bean_uci,dry_bean_uci,53,53,SC-SHIL,9,10-13,2,
dry_bean_uci,dry_bean_uci,53,53,SC-SHIL,10,1-9-10,3,
dry_bean_uci,dry_bean_uci,53,53,SC-SHIL,11,9-10-12,3,
dry_bean_uci,dry_bean_uci,71,71,L1-full,1,9-10,2,
dry_bean_uci,dry_bean_uci,71,71,L1-full,2,10-12,2,
dry_bean_uci,dry_bean_uci,71,71,L1-full,3,3-12,2,
dry_bean_uci,dry_bean_uci,71,71,L1-full,4,1-12,2,
dry_bean_uci,dry_bean_uci,71,71,L1-full,5,7-12,2,
dry_bean_uci,dry_bean_uci,71,71,L1-full,6,9-10-12,3,
dry_bean_uci,dry_bean_uci,71,71,L1-full,7,9-15,2,
dry_bean_uci,dry_bean_uci,71,71,L1-full,8,12-13,2,
dry_bean_uci,dry_bean_uci,71,71,L1-full,9,2-12,2,
dry_bean_uci,dry_bean_uci,71,71,L1-full,10,12-15,2,
dry_bean_uci,dry_bean_uci,71,71,L1-full,11,9-10-15,3,
dry_bean_uci,dry_bean_uci,71,71,L1-full,12,6-12,2,
dry_bean_uci,dry_bean_uci,71,71,L1-full,13,0-12,2,
dry_bean_uci,dry_bean_uci,71,71,L1-full,14,3-7-12,3,
dry_bean_uci,dry_bean_uci,71,71,L1-full,15,4-11-14,3,
dry_bean_uci,dry_bean_uci,71,71,L1-full,16,10-15,2,
dry_bean_uci,dry_bean_uci,71,71,L1-full,17,1-3-12,3,
dry_bean_uci,dry_bean_uci,71,71,L1-full,18,8-10,2,
dry_bean_uci,dry_bean_uci,71,71,L1-full,19,10-13,2,
dry_bean_uci,dry_bean_uci,71,71,L1-full,20,1-10,2,
dry_bean_uci,dry_bean_uci,71,71,L1-full,21,1-7-12,3,
dry_bean_uci,dry_bean_uci,71,71,L1-full,22,3-9-10,3,
dry_bean_uci,dry_bean_uci,71,71,L1-full,23,13-15,2,
dry_bean_uci,dry_bean_uci,71,71,L1-full,24,3-10,2,
dry_bean_uci,dry_bean_uci,71,71,L1-full,25,4-5-11,3,
dry_bean_uci,dry_bean_uci,71,71,L1-full,26,1-9-10,3,
dry_bean_uci,dry_bean_uci,71,71,L1-full,27,1-3,2,
dry_bean_uci,dry_bean_uci,71,71,L1-full,28,9-10-13,3,
dry_bean_uci,dry_bean_uci,71,71,L1-full,29,4-5-14,3,
dry_bean_uci,dry_bean_uci,71,71,L1-full,30,5-11-14,3,
dry_bean_uci,dry_bean_uci,71,71,L1-full,31,3-13,2,
dry_bean_uci,dry_bean_uci,71,71,L1-full,32,3-7,2,
dry_bean_uci,dry_bean_uci,71,71,L1-full,33,2-7-12,3,
dry_bean_uci,dry_bean_uci,71,71,L1-full,34,7-9-10,3,
dry_bean_uci,dry_bean_uci,71,71,L1-full,35,14-15,2,
dry_bean_uci,dry_bean_uci,71,71,L1-full,36,5-12,2,
dry_bean_uci,dry_bean_uci,71,71,L1-full,37,2-3-12,3,
dry_bean_uci,dry_bean_uci,71,71,L1-full,38,11-15,2,
dry_bean_uci,dry_bean_uci,71,71,L1-full,39,1-7,2,
dry_bean_uci,dry_bean_uci,71,71,L1-full,40,0-3-12,3,
dry_bean_uci,dry_bean_uci,71,71,L1-full,41,3-6-12,3,
dry_bean_uci,dry_bean_uci,71,71,L1-full,42,5-13,2,
dry_bean_uci,dry_bean_uci,71,71,L1-full,43,1-2-12,3,
dry_bean_uci,dry_bean_uci,71,71,L1-full,44,7-10,2,
dry_bean_uci,dry_bean_uci,71,71,L1-full,45,1-13,2,
dry_bean_uci,dry_bean_uci,71,71,L1-full,46,2-3,2,
dry_bean_uci,dry_bean_uci,71,71,L1-full,47,3-6,2,
dry_bean_uci,dry_bean_uci,71,71,L1-full,48,0-3,2,
dry_bean_uci,dry_bean_uci,71,71,L1-full,49,7-13,2,
dry_bean_uci,dry_bean_uci,71,71,L1-full,50,9-12,2,
dry_bean_uci,dry_bean_uci,71,71,L1-full,51,0-6,2,
dry_bean_uci,dry_bean_uci,71,71,L1-full,52,1-10-12,3,
dry_bean_uci,dry_bean_uci,71,71,L1-full,53,5-15,2,
dry_bean_uci,dry_bean_uci,71,71,L1-full,54,0-7-12,3,
dry_bean_uci,dry_bean_uci,71,71,L1-full,55,6-7-12,3,
dry_bean_uci,dry_bean_uci,71,71,L1-full,56,1-6,2,
dry_bean_uci,dry_bean_uci,71,71,L1-full,57,0-1,2,
dry_bean_uci,dry_bean_uci,71,71,L1-full,58,1-6-12,3,
dry_bean_uci,dry_bean_uci,71,71,L1-full,59,2-9-10,3,
dry_bean_uci,dry_bean_uci,71,71,L1-full,60,0-1-12,3,
dry_bean_uci,dry_bean_uci,71,71,L1-full,61,1-3-7,3,
dry_bean_uci,dry_bean_uci,71,71,L1-full,62,12-14,2,
dry_bean_uci,dry_bean_uci,71,71,L1-full,63,4-11-13,3,
dry_bean_uci,dry_bean_uci,71,71,L1-full,64,1-2,2,
dry_bean_uci,dry_bean_uci,71,71,L1-full,65,9-12-15,3,
dry_bean_uci,dry_bean_uci,71,71,L1-full,66,6-7,2,
dry_bean_uci,dry_bean_uci,71,71,L1-full,67,2-7,2,
dry_bean_uci,dry_bean_uci,71,71,L1-full,68,4-13-14,3,
dry_bean_uci,dry_bean_uci,71,71,L1-full,69,0-7,2,
dry_bean_uci,dry_bean_uci,71,71,L1-full,70,11-12,2,
dry_bean_uci,dry_bean_uci,71,71,L1-full,71,1-15,2,
dry_bean_uci,dry_bean_uci,71,71,L1-full,72,3-10-12,3,
dry_bean_uci,dry_bean_uci,71,71,L1-full,73,4-15,2,
dry_bean_uci,dry_bean_uci,71,71,L1-full,74,9-13-15,3,
dry_bean_uci,dry_bean_uci,71,71,L1-full,75,13-14,2,
dry_bean_uci,dry_bean_uci,71,71,L1-full,76,9-10-14,3,
dry_bean_uci,dry_bean_uci,71,71,L1-full,77,11-13-14,3,
dry_bean_uci,dry_bean_uci,71,71,L1-full,78,4-9-15,3,
dry_bean_uci,dry_bean_uci,71,71,L1-full,79,1-2-7,3,
dry_bean_uci,dry_bean_uci,71,71,L1-full,80,7-15,2,
dry_bean_uci,dry_bean_uci,71,71,L1-full,81,2-13,2,
dry_bean_uci,dry_bean_uci,71,71,L1-full,82,11-14,2,
dry_bean_uci,dry_bean_uci,71,71,L1-full,83,5-9-10,3,
dry_bean_uci,dry_bean_uci,71,71,L1-full,84,4-12,2,
dry_bean_uci,dry_bean_uci,71,71,L1-full,85,9-10-11,3,
dry_bean_uci,dry_bean_uci,71,71,L1-full,86,0-2-12,3,
dry_bean_uci,dry_bean_uci,71,71,L1-full,87,2-6-12,3,
dry_bean_uci,dry_bean_uci,71,71,L1-full,88,2-10,2,
dry_bean_uci,dry_bean_uci,71,71,L1-full,89,2-6,2,
dry_bean_uci,dry_bean_uci,71,71,L1-full,90,9-14-15,3,
dry_bean_uci,dry_bean_uci,71,71,L1-full,91,0-6-12,3,
dry_bean_uci,dry_bean_uci,71,71,L1-full,92,0-2,2,
dry_bean_uci,dry_bean_uci,71,71,L1-full,93,2-3-7,3,
dry_bean_uci,dry_bean_uci,71,71,L1-full,94,5-14,2,
dry_bean_uci,dry_bean_uci,71,71,L1-full,95,4-11,2,
dry_bean_uci,dry_bean_uci,71,71,L1-full,96,11-13,2,
dry_bean_uci,dry_bean_uci,71,71,L1-full,97,5-9-15,3,
dry_bean_uci,dry_bean_uci,71,71,L1-full,98,3-15,2,
dry_bean_uci,dry_bean_uci,71,71,L1-full,99,9-11-15,3,
dry_bean_uci,dry_bean_uci,71,71,L1-full,100,1-2-3,3,
dry_bean_uci,dry_bean_uci,71,71,L1-full,101,6-9-10,3,
dry_bean_uci,dry_bean_uci,71,71,L1-full,102,2-15,2,
dry_bean_uci,dry_bean_uci,71,71,L1-full,103,1-9-15,3,
dry_bean_uci,dry_bean_uci,71,71,L1-full,104,4-14,2,
dry_bean_uci,dry_bean_uci,71,71,L1-full,105,0-9-10,3,
dry_bean_uci,dry_bean_uci,71,71,L1-full,106,1-3-6,3,
dry_bean_uci,dry_bean_uci,71,71,L1-full,107,0-1-3,3,
dry_bean_uci,dry_bean_uci,71,71,L1-full,108,6-13,2,
dry_bean_uci,dry_bean_uci,71,71,L1-full,109,0-13,2,
dry_bean_uci,dry_bean_uci,71,71,L1-full,110,5-11,2,
dry_bean_uci,dry_bean_uci,71,71,L1-full,111,3-6-7,3,
dry_bean_uci,dry_bean_uci,71,71,L1-full,112,0-3-7,3,
dry_bean_uci,dry_bean_uci,71,71,L1-full,113,1-3-10,3,
dry_bean_uci,dry_bean_uci,71,71,L1-full,114,3-5,2,
dry_bean_uci,dry_bean_uci,71,71,L1-full,115,0-3-6,3,
dry_bean_uci,dry_bean_uci,71,71,L1-full,116,5-12-14,3,
dry_bean_uci,dry_bean_uci,71,71,L1-full,117,1-6-7,3,
dry_bean_uci,dry_bean_uci,71,71,L1-full,118,0-1-7,3,
dry_bean_uci,dry_bean_uci,71,71,L1-full,119,5-13-14,3,
dry_bean_uci,dry_bean_uci,71,71,L1-full,120,4-9-10,3,
dry_bean_uci,dry_bean_uci,71,71,L1-full,121,5-11-13,3,
dry_bean_uci,dry_bean_uci,71,71,L1-full,122,0-1-6,3,
dry_bean_uci,dry_bean_uci,71,71,L1-full,123,11-12-14,3,
dry_bean_uci,dry_bean_uci,71,71,L1-full,124,4-5-13,3,
dry_bean_uci,dry_bean_uci,71,71,L1-full,125,5-7,2,
dry_bean_uci,dry_bean_uci,71,71,L1-full,126,7-10-12,3,
dry_bean_uci,dry_bean_uci,71,71,L1-full,127,2-3-6,3,
dry_bean_uci,dry_bean_uci,71,71,L1-full,128,11-14-15,3,
dry_bean_uci,dry_bean_uci,71,71,L1-full,129,0-2-3,3,
dry_bean_uci,dry_bean_uci,71,71,L1-full,130,1-2-6,3,
dry_bean_uci,dry_bean_uci,71,71,L1-full,131,1-7-10,3,
dry_bean_uci,dry_bean_uci,71,71,L1-full,132,1-5,2,
dry_bean_uci,dry_bean_uci,71,71,L1-full,133,0-1-2,3,
dry_bean_uci,dry_bean_uci,71,71,L1-full,134,5-11-12,3,
dry_bean_uci,dry_bean_uci,71,71,L1-full,135,2-6-7,3,
dry_bean_uci,dry_bean_uci,71,71,L1-full,136,5-12-13,3,
dry_bean_uci,dry_bean_uci,71,71,L1-full,137,0-2-7,3,
dry_bean_uci,dry_bean_uci,71,71,L1-full,138,0-6-7,3,
dry_bean_uci,dry_bean_uci,71,71,L1-full,139,2-5,2,
dry_bean_uci,dry_bean_uci,71,71,L1-full,140,6-10,2,
dry_bean_uci,dry_bean_uci,71,71,L1-full,141,0-6-13,3,
dry_bean_uci,dry_bean_uci,71,71,L1-full,142,0-10,2,
dry_bean_uci,dry_bean_uci,71,71,L1-full,143,4-11-15,3,
dry_bean_uci,dry_bean_uci,71,71,L1-full,144,4-11-12,3,
dry_bean_uci,dry_bean_uci,71,71,L1-full,145,0-2-6,3,
dry_bean_uci,dry_bean_uci,71,71,L1-full,146,4-9-11,3,
dry_bean_uci,dry_bean_uci,71,71,L1-full,147,4-12-14,3,
dry_bean_uci,dry_bean_uci,71,71,L1-full,148,4-10-11,3,
dry_bean_uci,dry_bean_uci,71,71,L1-full,149,8-9-10,3,
dry_bean_uci,dry_bean_uci,71,71,L1-full,150,12-13-15,3,
dry_bean_uci,dry_bean_uci,71,71,L1-full,151,1-2-10,3,
dry_bean_uci,dry_bean_uci,71,71,L1-full,152,4-14-15,3,
dry_bean_uci,dry_bean_uci,71,71,L1-full,153,5-6,2,
dry_bean_uci,dry_bean_uci,71,71,L1-full,154,0-5,2,
dry_bean_uci,dry_bean_uci,71,71,L1-full,155,4-5,2,
dry_bean_uci,dry_bean_uci,71,71,L1-full,156,5-10,2,
dry_bean_uci,dry_bean_uci,71,71,L1-full,157,4-10-14,3,
dry_bean_uci,dry_bean_uci,71,71,L1-full,158,10-12-13,3,
dry_bean_uci,dry_bean_uci,71,71,L1-full,159,4-9-14,3,
dry_bean_uci,dry_bean_uci,71,71,L1-full,160,10-11-14,3,
dry_bean_uci,dry_bean_uci,71,71,L1-full,161,4-13,2,
dry_bean_uci,dry_bean_uci,71,71,L1-full,162,7-12-13,3,
dry_bean_uci,dry_bean_uci,71,71,L1-full,163,2-12-13,3,
dry_bean_uci,dry_bean_uci,71,71,L1-full,164,3-6-13,3,
dry_bean_uci,dry_bean_uci,71,71,L1-full,165,3-9-15,3,
dry_bean_uci,dry_bean_uci,71,71,L1-full,166,0-3-13,3,
dry_bean_uci,dry_bean_uci,71,71,L1-full,167,4-5-12,3,
dry_bean_uci,dry_bean_uci,71,71,L1-full,168,2-9-15,3,
dry_bean_uci,dry_bean_uci,71,71,L1-full,169,1-10-15,3,
dry_bean_uci,dry_bean_uci,71,71,L1-full,170,1-6-13,3,
dry_bean_uci,dry_bean_uci,71,71,L1-full,171,0-1-13,3,
dry_bean_uci,dry_bean_uci,71,71,L1-full,172,3-4,2,
dry_bean_uci,dry_bean_uci,71,71,L1-full,173,1-12-13,3,
dry_bean_uci,dry_bean_uci,71,71,L1-full,174,2-6-13,3,
dry_bean_uci,dry_bean_uci,71,71,L1-full,175,0-2-13,3,
dry_bean_uci,dry_bean_uci,71,71,L1-full,176,1-6-10,3,
dry_bean_uci,dry_bean_uci,71,71,L1-full,177,4-10,2,
dry_bean_uci,dry_bean_uci,71,71,L1-full,178,0-1-10,3,
dry_bean_uci,dry_bean_uci,71,71,L1-full,179,13-14-15,3,
dry_bean_uci,dry_bean_uci,71,71,L1-full,180,7-12-15,3,
dry_bean_uci,dry_bean_uci,71,71,L1-full,181,12-13-14,3,
dry_bean_uci,dry_bean_uci,71,71,L1-full,182,2-7-13,3,
dry_bean_uci,dry_bean_uci,71,71,L1-full,183,6-7-13,3,
dry_bean_uci,dry_bean_uci,71,71,L1-full,184,0-7-13,3,
dry_bean_uci,dry_bean_uci,71,71,L1-full,185,0-15,2,
dry_bean_uci,dry_bean_uci,71,71,L1-full,186,3-7-10,3,
dry_bean_uci,dry_bean_uci,71,71,L1-full,187,11-13-15,3,
dry_bean_uci,dry_bean_uci,71,71,L1-full,188,1-2-13,3,
dry_bean_uci,dry_bean_uci,71,71,L1-full,189,6-15,2,
dry_bean_uci,dry_bean_uci,71,71,L1-full,190,5-14-15,3,
dry_bean_uci,dry_bean_uci,71,71,L1-full,191,5-13-15,3,
dry_bean_uci,dry_bean_uci,71,71,L1-full,192,3-14,2,
dry_bean_uci,dry_bean_uci,71,71,L1-full,193,4-5-9,3,
dry_bean_uci,dry_bean_uci,71,71,L1-full,194,9-13,2,
dry_bean_uci,dry_bean_uci,71,71,L1-full,195,2-3-13,3,
dry_bean_uci,dry_bean_uci,71,71,L1-full,196,5-11-15,3,
dry_bean_uci,dry_bean_uci,71,71,L1-full,197,4-10-13,3,
dry_bean_uci,dry_bean_uci,71,71,L1-full,198,1-10-13,3,
dry_bean_uci,dry_bean_uci,71,71,L1-full,199,3-12-13,3,
dry_bean_uci,dry_bean_uci,71,71,L1-full,200,5-10-11,3,
dry_bean_uci,dry_bean_uci,71,71,L1-full,201,1-7-13,3,
dry_bean_uci,dry_bean_uci,71,71,L1-full,202,4-5-10,3,
dry_bean_uci,dry_bean_uci,71,71,L1-full,203,3-11,2,
dry_bean_uci,dry_bean_uci,71,71,L1-full,204,5-10-14,3,
dry_bean_uci,dry_bean_uci,71,71,L1-full,205,3-5-12,3,
dry_bean_uci,dry_bean_uci,71,71,L1-full,206,1-3-13,3,
dry_bean_uci,dry_bean_uci,71,71,L1-full,207,10-11-13,3,
dry_bean_uci,dry_bean_uci,71,71,L1-full,208,10-11-15,3,
dry_bean_uci,dry_bean_uci,71,71,L1-full,209,11-12-13,3,
dry_bean_uci,dry_bean_uci,71,71,L1-full,210,2-10-12,3,
dry_bean_uci,dry_bean_uci,71,71,L1-full,211,2-12-15,3,
dry_bean_uci,dry_bean_uci,71,71,L1-full,212,1-12-15,3,
dry_bean_uci,dry_bean_uci,71,71,L1-full,213,8-15,2,
dry_bean_uci,dry_bean_uci,71,71,L1-full,214,6-12-13,3,
dry_bean_uci,dry_bean_uci,71,71,L1-full,215,0-12-13,3,
dry_bean_uci,dry_bean_uci,71,71,L1-full,216,10-13-14,3,
dry_bean_uci,dry_bean_uci,71,71,L1-full,217,3-5-14,3,
dry_bean_uci,dry_bean_uci,71,71,L1-full,218,7-9-15,3,
dry_bean_uci,dry_bean_uci,71,71,L1-full,219,3-7-13,3,
dry_bean_uci,dry_bean_uci,71,71,L1-full,220,3-11-14,3,
dry_bean_uci,dry_bean_uci,71,71,L1-full,221,4-7,2,
dry_bean_uci,dry_bean_uci,71,71,L1-full,222,3-12-14,3,
dry_bean_uci,dry_bean_uci,71,71,L1-full,223,6-10-12,3,
dry_bean_uci,dry_bean_uci,71,71,L1-full,224,3-12-15,3,
dry_bean_uci,dry_bean_uci,71,71,L1-full,225,10-14,2,
dry_bean_uci,dry_bean_uci,71,71,L1-full,226,2-4,2,
dry_bean_uci,dry_bean_uci,71,71,L1-full,227,10-14-15,3,
dry_bean_uci,dry_bean_uci,71,71,L1-full,228,1-9,2,
dry_bean_uci,dry_bean_uci,71,71,L1-full,229,1-4,2,
dry_bean_uci,dry_bean_uci,71,71,L1-full,230,7-14,2,
dry_bean_uci,dry_bean_uci,71,71,L1-full,231,10-11,2,
dry_bean_uci,dry_bean_uci,71,71,L1-full,232,3-5-11,3,
dry_bean_uci,dry_bean_uci,71,71,L1-full,233,0-10-12,3,
dry_bean_uci,dry_bean_uci,71,71,L1-full,234,3-11-12,3,
dry_bean_uci,dry_bean_uci,71,71,L1-full,235,3-4-11,3,
dry_bean_uci,dry_bean_uci,71,71,L1-full,236,2-13-15,3,
dry_bean_uci,dry_bean_uci,71,71,L1-full,237,2-14,2,
dry_bean_uci,dry_bean_uci,71,71,L1-full,238,3-4-14,3,
dry_bean_uci,dry_bean_uci,71,71,L1-full,239,9-11-14,3,
dry_bean_uci,dry_bean_uci,71,71,L1-full,240,4-10-15,3,
dry_bean_uci,dry_bean_uci,71,71,L1-full,241,5-10-13,3,
dry_bean_uci,dry_bean_uci,71,71,L1-full,242,4-9,2,
dry_bean_uci,dry_bean_uci,71,71,L1-full,243,3-4-12,3,
dry_bean_uci,dry_bean_uci,71,71,L1-full,244,7-11,2,
dry_bean_uci,dry_bean_uci,71,71,L1-full,245,4-5-15,3,
dry_bean_uci,dry_bean_uci,71,71,L1-full,246,2-3-10,3,
dry_bean_uci,dry_bean_uci,71,71,L1-full,247,3-5-13,3,
dry_bean_uci,dry_bean_uci,71,71,L1-full,248,2-11,2,
dry_bean_uci,dry_bean_uci,71,71,L1-full,249,3-6-10,3,
dry_bean_uci,dry_bean_uci,71,71,L1-full,250,7-13-15,3,
dry_bean_uci,dry_bean_uci,71,71,L1-full,251,2-4-11,3,
dry_bean_uci,dry_bean_uci,71,71,L1-full,252,1-14,2,
dry_bean_uci,dry_bean_uci,71,71,L1-full,253,2-7-10,3,
dry_bean_uci,dry_bean_uci,71,71,L1-full,254,0-3-10,3,
dry_bean_uci,dry_bean_uci,71,71,L1-full,255,4-13-15,3,
dry_bean_uci,dry_bean_uci,71,71,L1-full,256,1-4-10,3,
dry_bean_uci,dry_bean_uci,71,71,L1-full,257,6-9-15,3,
dry_bean_uci,dry_bean_uci,71,71,L1-full,258,2-5-13,3,
dry_bean_uci,dry_bean_uci,71,71,L1-full,259,3-4-5,3,
dry_bean_uci,dry_bean_uci,71,71,L1-full,260,5-7-12,3,
dry_bean_uci,dry_bean_uci,71,71,L1-full,261,2-4-14,3,
dry_bean_uci,dry_bean_uci,71,71,L1-full,262,8-9,2,
dry_bean_uci,dry_bean_uci,71,71,L1-full,263,2-11-14,3,
dry_bean_uci,dry_bean_uci,71,71,L1-full,264,2-14-15,3,
dry_bean_uci,dry_bean_uci,71,71,L1-full,265,5-10-15,3,
dry_bean_uci,dry_bean_uci,71,71,L1-full,266,8-12,2,
dry_bean_uci,dry_bean_uci,71,71,L1-full,267,6-7-10,3,
dry_bean_uci,dry_bean_uci,71,71,L1-full,268,5-9-11,3,
dry_bean_uci,dry_bean_uci,71,71,L1-full,269,2-13-14,3,
dry_bean_uci,dry_bean_uci,71,71,L1-full,270,2-6-10,3,
dry_bean_uci,dry_bean_uci,71,71,L1-full,271,2-11-15,3,
dry_bean_uci,dry_bean_uci,71,71,L1-full,272,3-9,2,
dry_bean_uci,dry_bean_uci,71,71,L1-full,273,0-7-10,3,
dry_bean_uci,dry_bean_uci,71,71,L1-full,274,10-12-15,3,
dry_bean_uci,dry_bean_uci,71,71,L1-full,275,0-2-10,3,
dry_bean_uci,dry_bean_uci,71,71,L1-full,276,5-7-13,3,
dry_bean_uci,dry_bean_uci,71,71,L1-full,277,5-9-14,3,
dry_bean_uci,dry_bean_uci,71,71,L1-full,278,2-11-13,3,
dry_bean_uci,dry_bean_uci,71,71,L1-full,279,0-9-15,3,
dry_bean_uci,dry_bean_uci,71,71,L1-full,280,1-11,2,
dry_bean_uci,dry_bean_uci,71,71,L1-full,281,1-5-12,3,
dry_bean_uci,dry_bean_uci,71,71,L1-full,282,0-6-10,3,
dry_bean_uci,dry_bean_uci,71,71,L1-full,283,4-6,2,
dry_bean_uci,dry_bean_uci,71,71,L1-full,284,2-10-15,3,
dry_bean_uci,dry_bean_uci,71,71,L1-full,285,1-5-13,3,
dry_bean_uci,dry_bean_uci,71,71,L1-full,286,0-4,2,
dry_bean_uci,dry_bean_uci,71,71,L1-full,287,4-12-13,3,
dry_bean_uci,dry_bean_uci,71,71,L1-full,288,2-5-14,3,
dry_bean_uci,dry_bean_uci,71,71,L1-full,289,1-13-15,3,
dry_bean_uci,dry_bean_uci,71,71,L1-full,290,2-5-11,3,
dry_bean_uci,dry_bean_uci,71,71,L1-full,291,2-5-15,3,
dry_bean_uci,dry_bean_uci,71,71,L1-full,292,4-9-13,3,
dry_bean_uci,dry_bean_uci,71,71,L1-full,293,4-10-12,3,
dry_bean_uci,dry_bean_uci,71,71,L1-full,294,2-4-13,3,
dry_bean_uci,dry_bean_uci,71,71,L1-full,295,5-12-15,3,
dry_bean_uci,dry_bean_uci,71,71,L1-full,296,2-4-5,3,
dry_bean_uci,dry_bean_uci,71,71,L1-full,297,2-5-12,3,
dry_bean_uci,dry_bean_uci,71,71,L1-full,298,6-10-15,3,
dry_bean_uci,dry_bean_uci,71,71,L1-full,299,0-10-15,3,
dry_bean_uci,dry_bean_uci,71,71,L1-full,300,2-4-10,3,
dry_bean_uci,dry_bean_uci,71,71,L1-full,301,8-9-15,3,
dry_bean_uci,dry_bean_uci,71,71,L1-full,302,2-4-15,3,
dry_bean_uci,dry_bean_uci,71,71,L1-full,303,10-13-15,3,
dry_bean_uci,dry_bean_uci,71,71,L1-full,304,7-12-14,3,
dry_bean_uci,dry_bean_uci,71,71,L1-full,305,1-10-11,3,
dry_bean_uci,dry_bean_uci,71,71,L1-full,306,3-10-13,3,
dry_bean_uci,dry_bean_uci,71,71,L1-full,307,8-13,2,
dry_bean_uci,dry_bean_uci,71,71,L1-full,308,6-14,2,
dry_bean_uci,dry_bean_uci,71,71,L1-full,309,0-14,2,
dry_bean_uci,dry_bean_uci,71,71,L1-full,310,3-10-15,3,
dry_bean_uci,dry_bean_uci,71,71,L1-full,311,3-13-14,3,
dry_bean_uci,dry_bean_uci,71,71,L1-full,312,7-10-15,3,
dry_bean_uci,dry_bean_uci,71,71,L1-full,313,2-10-13,3,
dry_bean_uci,dry_bean_uci,71,71,L1-full,314,0-12-15,3,
dry_bean_uci,dry_bean_uci,71,71,L1-full,315,2-7-15,3,
dry_bean_uci,dry_bean_uci,71,71,L1-full,316,6-12-15,3,
dry_bean_uci,dry_bean_uci,71,71,L1-full,317,7-13-14,3,
dry_bean_uci,dry_bean_uci,71,71,L1-full,318,1-13-14,3,
dry_bean_uci,dry_bean_uci,71,71,L1-full,319,5-7-14,3,
dry_bean_uci,dry_bean_uci,71,71,L1-full,320,7-11-12,3,
dry_bean_uci,dry_bean_uci,71,71,L1-full,321,1-10-14,3,
dry_bean_uci,dry_bean_uci,71,71,L1-full,322,1-12-14,3,
dry_bean_uci,dry_bean_uci,71,71,L1-full,323,7-10-13,3,
dry_bean_uci,dry_bean_uci,71,71,L1-full,324,1-5-15,3,
dry_bean_uci,dry_bean_uci,71,71,L1-full,325,1-7-15,3,
dry_bean_uci,dry_bean_uci,71,71,L1-full,326,7-9,2,
dry_bean_uci,dry_bean_uci,71,71,L1-full,327,4-9-12,3,
dry_bean_uci,dry_bean_uci,71,71,L1-full,328,5-7-15,3,
dry_bean_uci,dry_bean_uci,71,71,L1-full,329,6-13-15,3,
dry_bean_uci,dry_bean_uci,71,71,L1-full,330,5-6-12,3,
dry_bean_uci,dry_bean_uci,71,71,L1-full,331,0-13-15,3,
dry_bean_uci,dry_bean_uci,71,71,L1-full,332,0-5-12,3,
dry_bean_uci,dry_bean_uci,71,71,L1-full,333,1-5-14,3,
dry_bean_uci,dry_bean_uci,71,71,L1-full,334,5-7-11,3,
dry_bean_uci,dry_bean_uci,71,71,L1-full,335,3-13-15,3,
dry_bean_uci,dry_bean_uci,71,71,L1-full,336,1-9-12,3,
dry_bean_uci,dry_bean_uci,71,71,L1-full,337,3-9-14,3,
dry_bean_uci,dry_bean_uci,71,71,L1-full,338,3-9-11,3,
dry_bean_uci,dry_bean_uci,71,71,L1-full,339,1-11-13,3,
dry_bean_uci,dry_bean_uci,71,71,L1-full,340,7-11-14,3,
dry_bean_uci,dry_bean_uci,71,71,L1-full,341,3-11-13,3,
dry_bean_uci,dry_bean_uci,71,71,L1-full,342,6-11,2,
dry_bean_uci,dry_bean_uci,71,71,L1-full,343,0-11,2,
dry_bean_uci,dry_bean_uci,71,71,L1-full,344,7-11-13,3,
dry_bean_uci,dry_bean_uci,71,71,L1-full,345,1-11-12,3,
dry_bean_uci,dry_bean_uci,71,71,L1-full,346,2-10-11,3,
dry_bean_uci,dry_bean_uci,71,71,L1-full,347,2-12-14,3,
dry_bean_uci,dry_bean_uci,71,71,L1-full,348,1-14-15,3,
dry_bean_uci,dry_bean_uci,71,71,L1-full,349,6-14-15,3,
dry_bean_uci,dry_bean_uci,71,71,L1-full,350,3-4-9,3,
dry_bean_uci,dry_bean_uci,71,71,L1-full,351,3-7-15,3,
dry_bean_uci,dry_bean_uci,71,71,L1-full,352,3-5-9,3,
dry_bean_uci,dry_bean_uci,71,71,L1-full,353,5-9,2,
dry_bean_uci,dry_bean_uci,71,71,L1-full,354,9-11-12,3,
dry_bean_uci,dry_bean_uci,71,71,L1-full,355,4-6-11,3,
dry_bean_uci,dry_bean_uci,71,71,L1-full,356,1-2-15,3,
dry_bean_uci,dry_bean_uci,71,71,L1-full,357,1-11-14,3,
dry_bean_uci,dry_bean_uci,71,71,L1-full,358,3-9-12,3,
dry_bean_uci,dry_bean_uci,71,71,L1-full,359,6-11-14,3,
dry_bean_uci,dry_bean_uci,71,71,L1-full,360,0-14-15,3,
dry_bean_uci,dry_bean_uci,71,71,L1-full,361,1-5-11,3,
dry_bean_uci,dry_bean_uci,71,71,L1-full,362,0-4-11,3,
dry_bean_uci,dry_bean_uci,71,71,L1-full,363,0-11-14,3,
dry_bean_uci,dry_bean_uci,71,71,L1-full,364,6-11-15,3,
dry_bean_uci,dry_bean_uci,71,71,L1-full,365,1-3-15,3,
dry_bean_uci,dry_bean_uci,71,71,L1-full,366,7-14-15,3,
dry_bean_uci,dry_bean_uci,71,71,L1-full,367,1-11-15,3,
dry_bean_uci,dry_bean_uci,71,71,L1-full,368,4-7-11,3,
dry_bean_uci,dry_bean_uci,71,71,L1-full,369,9-12-14,3,
dry_bean_uci,dry_bean_uci,71,71,L1-full,370,6-8-10,3,
dry_bean_uci,dry_bean_uci,71,71,L1-full,371,4-6-14,3,
dry_bean_uci,dry_bean_uci,71,71,L1-full,372,1-8,2,
dry_bean_uci,dry_bean_uci,71,71,L1-full,373,0-11-15,3,
dry_bean_uci,dry_bean_uci,71,71,L1-full,374,0-8-10,3,
dry_bean_uci,dry_bean_uci,71,71,L1-full,375,0-4-14,3,
dry_bean_uci,dry_bean_uci,71,71,L1-full,376,4-7-14,3,
dry_bean_uci,dry_bean_uci,71,71,L1-full,377,5-6-15,3,
dry_bean_uci,dry_bean_uci,71,71,L1-full,378,0-9,2,
dry_bean_uci,dry_bean_uci,71,71,L1-full,379,8-10-15,3,
dry_bean_uci,dry_bean_uci,71,71,L1-full,380,2-10-14,3,
dry_bean_uci,dry_bean_uci,71,71,L1-full,381,0-5-6,3,
dry_bean_uci,dry_bean_uci,71,71,L1-full,382,0-5-13,3,
dry_bean_uci,dry_bean_uci,71,71,L1-full,383,1-2-4,3,
dry_bean_uci,dry_bean_uci,71,71,L1-full,384,1-4-11,3,
dry_bean_uci,dry_bean_uci,71,71,L1-full,385,5-6-13,3,
dry_bean_uci,dry_bean_uci,71,71,L1-full,386,5-6-14,3,
dry_bean_uci,dry_bean_uci,71,71,L1-full,387,0-5-14,3,
dry_bean_uci,dry_bean_uci,71,71,L1-full,388,0-5-15,3,
dry_bean_uci,dry_bean_uci,71,71,L1-full,389,6-9,2,
dry_bean_uci,dry_bean_uci,71,71,L1-full,390,7-11-15,3,
dry_bean_uci,dry_bean_uci,71,71,L1-full,391,5-8,2,
dry_bean_uci,dry_bean_uci,71,71,L1-full,392,4-7-10,3,
dry_bean_uci,dry_bean_uci,71,71,L1-full,393,2-11-12,3,
dry_bean_uci,dry_bean_uci,71,71,L1-full,394,1-4-14,3,
dry_bean_uci,dry_bean_uci,71,71,L1-full,395,5-6-11,3,
dry_bean_uci,dry_bean_uci,71,71,L1-full,396,1-3-9,3,
dry_bean_uci,dry_bean_uci,71,71,L1-full,397,0-5-11,3,
dry_bean_uci,dry_bean_uci,71,71,L1-full,398,9-11,2,
dry_bean_uci,dry_bean_uci,71,71,L1-full,399,8-12-15,3,
dry_bean_uci,dry_bean_uci,71,71,L1-full,400,2-9,2,
dry_bean_uci,dry_bean_uci,71,71,L1-full,401,6-10-13,3,
dry_bean_uci,dry_bean_uci,71,71,L1-full,402,3-4-10,3,
dry_bean_uci,dry_bean_uci,71,71,L1-full,403,2-3-15,3,
dry_bean_uci,dry_bean_uci,71,71,L1-full,404,4-7-12,3,
dry_bean_uci,dry_bean_uci,71,71,L1-full,405,1-2-11,3,
dry_bean_uci,dry_bean_uci,71,71,L1-full,406,6-12-14,3,
dry_bean_uci,dry_bean_uci,71,71,L1-full,407,0-12-14,3,
dry_bean_uci,dry_bean_uci,71,71,L1-full,408,12-14-15,3,
dry_bean_uci,dry_bean_uci,71,71,L1-full,409,1-4-15,3,
dry_bean_uci,dry_bean_uci,71,71,L1-full,410,1-2-14,3,
dry_bean_uci,dry_bean_uci,71,71,L1-full,411,0-10-13,3,
dry_bean_uci,dry_bean_uci,71,71,L1-full,412,1-4-13,3,
dry_bean_uci,dry_bean_uci,71,71,L1-full,413,1-4-12,3,
dry_bean_uci,dry_bean_uci,71,71,L1-full,414,4-5-7,3,
dry_bean_uci,dry_bean_uci,71,71,L1-full,415,4-6-15,3,
dry_bean_uci,dry_bean_uci,71,71,L1-full,416,2-8-10,3,
dry_bean_uci,dry_bean_uci,71,71,L1-full,417,0-3-15,3,
dry_bean_uci,dry_bean_uci,71,71,L1-full,418,5-9-12,3,
dry_bean_uci,dry_bean_uci,71,71,L1-full,419,3-6-15,3,
dry_bean_uci,dry_bean_uci,71,71,L1-full,420,4-5-6,3,
dry_bean_uci,dry_bean_uci,71,71,L1-full,421,6-11-12,3,
dry_bean_uci,dry_bean_uci,71,71,L1-full,422,0-4-5,3,
dry_bean_uci,dry_bean_uci,71,71,L1-full,423,0-11-12,3,
dry_bean_uci,dry_bean_uci,71,71,L1-full,424,4-6-10,3,
dry_bean_uci,dry_bean_uci,71,71,L1-full,425,7-8-10,3,
dry_bean_uci,dry_bean_uci,71,71,L1-full,426,3-8-10,3,
dry_bean_uci,dry_bean_uci,71,71,L1-full,427,0-4-15,3,
dry_bean_uci,dry_bean_uci,71,71,L1-full,428,0-1-15,3,
dry_bean_uci,dry_bean_uci,71,71,L1-full,429,0-4-10,3,
dry_bean_uci,dry_bean_uci,71,71,L1-full,430,1-6-15,3,
dry_bean_uci,dry_bean_uci,71,71,L1-full,431,2-7-14,3,
dry_bean_uci,dry_bean_uci,71,71,L1-full,432,0-13-14,3,
dry_bean_uci,dry_bean_uci,71,71,L1-full,433,6-13-14,3,
dry_bean_uci,dry_bean_uci,71,71,L1-full,434,2-4-7,3,
dry_bean_uci,dry_bean_uci,71,71,L1-full,435,8-14,2,
dry_bean_uci,dry_bean_uci,71,71,L1-full,436,2-7-11,3,
dry_bean_uci,dry_bean_uci,71,71,L1-full,437,1-5-10,3,
dry_bean_uci,dry_bean_uci,71,71,L1-full,438,1-4-5,3,
dry_bean_uci,dry_bean_uci,71,71,L1-full,439,4-7-13,3,
dry_bean_uci,dry_bean_uci,71,71,L1-full,440,2-4-9,3,
dry_bean_uci,dry_bean_uci,71,71,L1-full,441,9-12-13,3,
dry_bean_uci,dry_bean_uci,71,71,L1-full,442,3-4-13,3,
dry_bean_uci,dry_bean_uci,71,71,L1-full,443,0-7-15,3,
dry_bean_uci,dry_bean_uci,71,71,L1-full,444,0-6-15,3,
dry_bean_uci,dry_bean_uci,71,71,L1-full,445,9-14,2,
dry_bean_uci,dry_bean_uci,71,71,L1-full,446,0-2-15,3,
dry_bean_uci,dry_bean_uci,71,71,L1-full,447,3-8-12,3,
dry_bean_uci,dry_bean_uci,71,71,L1-full,448,1-4-7,3,
dry_bean_uci,dry_bean_uci,71,71,L1-full,449,1-8-10,3,
dry_bean_uci,dry_bean_uci,71,71,L1-full,450,3-5-7,3,
dry_bean_uci,dry_bean_uci,71,71,L1-full,451,2-6-15,3,
dry_bean_uci,dry_bean_uci,71,71,L1-full,452,1-2-5,3,
dry_bean_uci,dry_bean_uci,71,71,L1-full,453,3-5-6,3,
dry_bean_uci,dry_bean_uci,71,71,L1-full,454,0-3-5,3,
dry_bean_uci,dry_bean_uci,71,71,L1-full,455,6-7-15,3,
dry_bean_uci,dry_bean_uci,71,71,L1-full,456,2-5-7,3,
dry_bean_uci,dry_bean_uci,71,71,L1-full,457,8-9-14,3,
dry_bean_uci,dry_bean_uci,71,71,L1-full,458,5-8-15,3,
dry_bean_uci,dry_bean_uci,71,71,L1-full,459,11-12-15,3,
dry_bean_uci,dry_bean_uci,71,71,L1-full,460,1-7-9,3,
dry_bean_uci,dry_bean_uci,71,71,L1-full,461,3-5-15,3,
dry_bean_uci,dry_bean_uci,71,71,L1-full,462,0-11-13,3,
dry_bean_uci,dry_bean_uci,71,71,L1-full,463,6-11-13,3,
dry_bean_uci,dry_bean_uci,71,71,L1-full,464,0-2-5,3,
dry_bean_uci,dry_bean_uci,71,71,L1-full,465,1-7-14,3,
dry_bean_uci,dry_bean_uci,71,71,L1-full,466,1-7-11,3,
dry_bean_uci,dry_bean_uci,71,71,L1-full,467,8-9-11,3,
dry_bean_uci,dry_bean_uci,71,71,L1-full,468,2-5-6,3,
dry_bean_uci,dry_bean_uci,71,71,L1-full,469,5-8-9,3,
dry_bean_uci,dry_bean_uci,71,71,L1-full,470,8-11,2,
dry_bean_uci,dry_bean_uci,71,71,L1-full,471,0-6-8,3,
dry_bean_uci,dry_bean_uci,71,71,L1-full,472,1-5-7,3,
dry_bean_uci,dry_bean_uci,71,71,L1-full,473,0-6-14,3,
dry_bean_uci,dry_bean_uci,71,71,L1-full,474,10-11-12,3,
dry_bean_uci,dry_bean_uci,71,71,L1-full,475,0-2-4,3,
dry_bean_uci,dry_bean_uci,71,71,L1-full,476,1-3-5,3,
dry_bean_uci,dry_bean_uci,71,71,L1-full,477,2-5-10,3,
dry_bean_uci,dry_bean_uci,71,71,L1-full,478,5-9-13,3,
dry_bean_uci,dry_bean_uci,71,71,L1-full,479,2-4-6,3,
dry_bean_uci,dry_bean_uci,71,71,L1-full,480,3-8,2,
dry_bean_uci,dry_bean_uci,71,71,L1-full,481,4-8-15,3,
dry_bean_uci,dry_bean_uci,71,71,L1-full,482,0-2-14,3,
dry_bean_uci,dry_bean_uci,71,71,L1-full,483,2-6-14,3,
dry_bean_uci,dry_bean_uci,71,71,L1-full,484,9-11-13,3,
dry_bean_uci,dry_bean_uci,71,71,L1-full,485,0-2-11,3,
dry_bean_uci,dry_bean_uci,71,71,L1-full,486,2-6-11,3,
dry_bean_uci,dry_bean_uci,71,71,L1-full,487,4-7-15,3,
dry_bean_uci,dry_bean_uci,71,71,L1-full,488,4-8-9,3,
dry_bean_uci,dry_bean_uci,71,71,L1-full,489,0-6-11,3,
dry_bean_uci,dry_bean_uci,71,71,L1-full,490,0-1-4,3,
dry_bean_uci,dry_bean_uci,71,71,L1-full,491,3-7-14,3,
dry_bean_uci,dry_bean_uci,71,71,L1-full,492,1-4-6,3,
dry_bean_uci,dry_bean_uci,71,71,L1-full,493,1-2-9,3,
dry_bean_uci,dry_bean_uci,71,71,L1-full,494,4-6-12,3,
dry_bean_uci,dry_bean_uci,71,71,L1-full,495,0-4-12,3,
dry_bean_uci,dry_bean_uci,71,71,L1-full,496,4-8-11,3,
dry_bean_uci,dry_bean_uci,71,71,L1-full,497,0-1-5,3,
dry_bean_uci,dry_bean_uci,71,71,L1-full,498,1-5-6,3,
dry_bean_uci,dry_bean_uci,71,71,L1-full,499,3-7-11,3,
dry_bean_uci,dry_bean_uci,71,71,L1-full,500,2-8-15,3,
dry_bean_uci,dry_bean_uci,71,71,L1-full,501,0-4-13,3,
dry_bean_uci,dry_bean_uci,71,71,L1-full,502,4-6-13,3,
dry_bean_uci,dry_bean_uci,71,71,L1-full,503,8-11-12,3,
dry_bean_uci,dry_bean_uci,71,71,L1-full,504,0-4-6,3,
dry_bean_uci,dry_bean_uci,71,71,L1-full,505,1-6-9,3,
dry_bean_uci,dry_bean_uci,71,71,L1-full,506,7-8,2,
dry_bean_uci,dry_bean_uci,71,71,L1-full,507,0-5-7,3,
dry_bean_uci,dry_bean_uci,71,71,L1-full,508,8-12-14,3,
dry_bean_uci,dry_bean_uci,71,71,L1-full,509,0-1-9,3,
dry_bean_uci,dry_bean_uci,71,71,L1-full,510,5-6-7,3,
dry_bean_uci,dry_bean_uci,71,71,L1-full,511,5-8-10,3,
dry_bean_uci,dry_bean_uci,71,71,L1-full,512,9-13-14,3,
dry_bean_uci,dry_bean_uci,71,71,L1-full,513,0-4-7,3,
dry_bean_uci,dry_bean_uci,71,71,L1-full,514,8-13-15,3,
dry_bean_uci,dry_bean_uci,71,71,L1-full,515,2-3-5,3,
dry_bean_uci,dry_bean_uci,71,71,L1-full,516,4-8-12,3,
dry_bean_uci,dry_bean_uci,71,71,L1-full,517,6-10-11,3,
dry_bean_uci,dry_bean_uci,71,71,L1-full,518,4-6-7,3,
dry_bean_uci,dry_bean_uci,71,71,L1-full,519,0-1-11,3,
dry_bean_uci,dry_bean_uci,71,71,L1-full,520,1-6-11,3,
dry_bean_uci,dry_bean_uci,71,71,L1-full,521,0-10-11,3,
dry_bean_uci,dry_bean_uci,71,71,L1-full,522,3-9-13,3,
dry_bean_uci,dry_bean_uci,71,71,L1-full,523,0-1-14,3,
dry_bean_uci,dry_bean_uci,71,71,L1-full,524,3-4-7,3,
dry_bean_uci,dry_bean_uci,71,71,L1-full,525,1-6-14,3,
dry_bean_uci,dry_bean_uci,71,71,L1-full,526,7-10-11,3,
dry_bean_uci,dry_bean_uci,71,71,L1-full,527,4-12-15,3,
dry_bean_uci,dry_bean_uci,71,71,L1-full,528,1-3-14,3,
dry_bean_uci,dry_bean_uci,71,71,L1-full,529,3-14-15,3,
dry_bean_uci,dry_bean_uci,71,71,L1-full,530,3-6-14,3,
dry_bean_uci,dry_bean_uci,71,71,L1-full,531,0-3-14,3,
dry_bean_uci,dry_bean_uci,71,71,L1-full,532,4-8,2,
dry_bean_uci,dry_bean_uci,71,71,L1-full,533,8-14-15,3,
dry_bean_uci,dry_bean_uci,71,71,L1-full,534,0-7-11,3,
dry_bean_uci,dry_bean_uci,71,71,L1-full,535,4-8-14,3,
dry_bean_uci,dry_bean_uci,71,71,L1-full,536,0-7-14,3,
dry_bean_uci,dry_bean_uci,71,71,L1-full,537,6-7-11,3,
dry_bean_uci,dry_bean_uci,71,71,L1-full,538,6-7-14,3,
dry_bean_uci,dry_bean_uci,71,71,L1-full,539,2-8,2,
dry_bean_uci,dry_bean_uci,71,71,L1-full,540,1-3-11,3,
dry_bean_uci,dry_bean_uci,71,71,L1-full,541,7-8-15,3,
dry_bean_uci,dry_bean_uci,71,71,L1-full,542,3-6-11,3,
dry_bean_uci,dry_bean_uci,71,71,L1-full,543,0-3-11,3,
dry_bean_uci,dry_bean_uci,71,71,L1-full,544,1-6-8,3,
dry_bean_uci,dry_bean_uci,71,71,L1-full,545,0-1-8,3,
dry_bean_uci,dry_bean_uci,71,71,L1-full,546,2-4-12,3,
dry_bean_uci,dry_bean_uci,71,71,L1-full,547,3-4-6,3,
dry_bean_uci,dry_bean_uci,71,71,L1-full,548,8-11-15,3,
dry_bean_uci,dry_bean_uci,71,71,L1-full,549,3-6-8,3,
dry_bean_uci,dry_bean_uci,71,71,L1-full,550,0-3-4,3,
dry_bean_uci,dry_bean_uci,71,71,L1-full,551,0-3-8,3,
dry_bean_uci,dry_bean_uci,71,71,L1-full,552,10-12-14,3,
dry_bean_uci,dry_bean_uci,71,71,L1-full,553,3-11-15,3,
dry_bean_uci,dry_bean_uci,71,71,L1-full,554,1-4-9,3,
dry_bean_uci,dry_bean_uci,71,71,L1-full,555,1-3-4,3,
dry_bean_uci,dry_bean_uci,71,71,L1-full,556,5-8-12,3,
dry_bean_uci,dry_bean_uci,71,71,L1-full,557,6-10-14,3,
dry_bean_uci,dry_bean_uci,71,71,L1-full,558,2-3-14,3,
dry_bean_uci,dry_bean_uci,71,71,L1-full,559,0-10-14,3,
dry_bean_uci,dry_bean_uci,71,71,L1-full,560,3-10-11,3,
dry_bean_uci,dry_bean_uci,71,71,L1-full,561,2-3-11,3,
dry_bean_uci,dry_bean_uci,71,71,L1-full,562,2-9-11,3,
dry_bean_uci,dry_bean_uci,71,71,L1-full,563,0-5-9,3,
dry_bean_uci,dry_bean_uci,71,71,L1-full,564,7-9-12,3,
dry_bean_uci,dry_bean_uci,71,71,L1-full,565,3-8-15,3,
dry_bean_uci,dry_bean_uci,71,71,L1-full,566,2-5-9,3,
dry_bean_uci,dry_bean_uci,71,71,L1-full,567,6-7-8,3,
dry_bean_uci,dry_bean_uci,71,71,L1-full,568,0-7-8,3,
dry_bean_uci,dry_bean_uci,71,71,L1-full,569,7-8-12,3,
dry_bean_uci,dry_bean_uci,71,71,L1-full,570,5-6-9,3,
dry_bean_uci,dry_bean_uci,71,71,L1-full,571,1-8-12,3,
dry_bean_uci,dry_bean_uci,71,71,L1-full,572,8-9-13,3,
dry_bean_uci,dry_bean_uci,71,71,L1-full,573,1-3-8,3,
dry_bean_uci,dry_bean_uci,71,71,L1-full,574,5-7-9,3,
dry_bean_uci,dry_bean_uci,71,71,L1-full,575,7-10-14,3,
dry_bean_uci,dry_bean_uci,71,71,L1-full,576,1-9-11,3,
dry_bean_uci,dry_bean_uci,71,71,L1-full,577,2-9-14,3,
dry_bean_uci,dry_bean_uci,71,71,L1-full,578,8-9-12,3,
dry_bean_uci,dry_bean_uci,71,71,L1-full,579,3-4-15,3,
dry_bean_uci,dry_bean_uci,71,71,L1-full,580,0-8-15,3,
dry_bean_uci,dry_bean_uci,71,71,L1-full,581,7-9-14,3,
dry_bean_uci,dry_bean_uci,71,71,L1-full,582,4-7-9,3,
dry_bean_uci,dry_bean_uci,71,71,L1-full,583,7-9-11,3,
dry_bean_uci,dry_bean_uci,71,71,L1-full,584,1-7-8,3,
dry_bean_uci,dry_bean_uci,71,71,L1-full,585,1-9-14,3,
dry_bean_uci,dry_bean_uci,71,71,L1-full,586,2-3-4,3,
dry_bean_uci,dry_bean_uci,71,71,L1-full,587,6-9-14,3,
dry_bean_uci,dry_bean_uci,71,71,L1-full,588,1-8-15,3,
dry_bean_uci,dry_bean_uci,71,71,L1-full,589,3-7-9,3,
dry_bean_uci,dry_bean_uci,71,71,L1-full,590,2-6-8,3,
dry_bean_uci,dry_bean_uci,71,71,L1-full,591,6-9-11,3,
dry_bean_uci,dry_bean_uci,71,71,L1-full,592,0-2-8,3,
dry_bean_uci,dry_bean_uci,71,71,L1-full,593,0-9-14,3,
dry_bean_uci,dry_bean_uci,71,71,L1-full,594,4-8-10,3,
dry_bean_uci,dry_bean_uci,71,71,L1-full,595,4-6-9,3,
dry_bean_uci,dry_bean_uci,71,71,L1-full,596,8-11-14,3,
dry_bean_uci,dry_bean_uci,71,71,L1-full,597,0-9-11,3,
dry_bean_uci,dry_bean_uci,71,71,L1-full,598,0-4-9,3,
dry_bean_uci,dry_bean_uci,71,71,L1-full,599,3-10-14,3,
dry_bean_uci,dry_bean_uci,71,71,L1-full,600,3-7-8,3,
dry_bean_uci,dry_bean_uci,71,71,L1-full,601,1-2-8,3,
dry_bean_uci,dry_bean_uci,71,71,L1-full,602,0-8-12,3,
dry_bean_uci,dry_bean_uci,71,71,L1-full,603,6-8-12,3,
dry_bean_uci,dry_bean_uci,71,71,L1-full,604,6-8-15,3,
dry_bean_uci,dry_bean_uci,71,71,L1-full,605,2-7-9,3,
dry_bean_uci,dry_bean_uci,71,71,L1-full,606,8-10-14,3,
dry_bean_uci,dry_bean_uci,71,71,L1-full,607,8-10-11,3,
dry_bean_uci,dry_bean_uci,71,71,L1-full,608,1-5-9,3,
dry_bean_uci,dry_bean_uci,71,71,L1-full,609,5-10-12,3,
dry_bean_uci,dry_bean_uci,71,71,L1-full,610,6-9-12,3,
dry_bean_uci,dry_bean_uci,71,71,L1-full,611,2-3-8,3,
dry_bean_uci,dry_bean_uci,71,71,L1-full,612,2-9-12,3,
dry_bean_uci,dry_bean_uci,71,71,L1-full,613,2-3-9,3,
dry_bean_uci,dry_bean_uci,71,71,L1-full,614,2-7-8,3,
dry_bean_uci,dry_bean_uci,71,71,L1-full,615,8-12-13,3,
dry_bean_uci,dry_bean_uci,71,71,L1-full,616,0-9-12,3,
dry_bean_uci,dry_bean_uci,71,71,L1-full,617,2-9-13,3,
dry_bean_uci,dry_bean_uci,71,71,L1-full,618,8-10-12,3,
dry_bean_uci,dry_bean_uci,71,71,L1-full,619,4-5-8,3,
dry_bean_uci,dry_bean_uci,71,71,L1-full,620,2-6-9,3,
dry_bean_uci,dry_bean_uci,71,71,L1-full,621,8-10-13,3,
dry_bean_uci,dry_bean_uci,71,71,L1-full,622,5-6-10,3,
dry_bean_uci,dry_bean_uci,71,71,L1-full,623,3-6-9,3,
dry_bean_uci,dry_bean_uci,71,71,L1-full,624,0-5-10,3,
dry_bean_uci,dry_bean_uci,71,71,L1-full,625,2-8-12,3,
dry_bean_uci,dry_bean_uci,71,71,L1-full,626,0-3-9,3,
dry_bean_uci,dry_bean_uci,71,71,L1-full,627,6-7-9,3,
dry_bean_uci,dry_bean_uci,71,71,L1-full,628,0-2-9,3,
dry_bean_uci,dry_bean_uci,71,71,L1-full,629,0-7-9,3,
dry_bean_uci,dry_bean_uci,71,71,L1-full,630,7-9-13,3,
dry_bean_uci,dry_bean_uci,71,71,L1-full,631,6-9-13,3,
dry_bean_uci,dry_bean_uci,71,71,L1-full,632,3-4-8,3,
dry_bean_uci,dry_bean_uci,71,71,L1-full,633,3-8-11,3,
dry_bean_uci,dry_bean_uci,71,71,L1-full,634,6-8,2,
dry_bean_uci,dry_bean_uci,71,71,L1-full,635,3-8-14,3,
dry_bean_uci,dry_bean_uci,71,71,L1-full,636,0-8,2,
dry_bean_uci,dry_bean_uci,71,71,L1-full,637,5-8-11,3,
dry_bean_uci,dry_bean_uci,71,71,L1-full,638,0-9-13,3,
dry_bean_uci,dry_bean_uci,71,71,L1-full,639,3-5-10,3,
dry_bean_uci,dry_bean_uci,71,71,L1-full,640,5-7-10,3,
dry_bean_uci,dry_bean_uci,71,71,L1-full,641,2-8-9,3,
dry_bean_uci,dry_bean_uci,71,71,L1-full,642,3-5-8,3,
dry_bean_uci,dry_bean_uci,71,71,L1-full,643,5-8-14,3,
dry_bean_uci,dry_bean_uci,71,71,L1-full,644,5-8-13,3,
dry_bean_uci,dry_bean_uci,71,71,L1-full,645,0-6-9,3,
dry_bean_uci,dry_bean_uci,71,71,L1-full,646,8-13-14,3,
dry_bean_uci,dry_bean_uci,71,71,L1-full,647,8-11-13,3,
dry_bean_uci,dry_bean_uci,71,71,L1-full,648,4-8-13,3,
dry_bean_uci,dry_bean_uci,71,71,L1-full,649,1-8-9,3,
dry_bean_uci,dry_bean_uci,71,71,L1-full,650,1-9-13,3,
dry_bean_uci,dry_bean_uci,71,71,L1-full,651,2-8-13,3,
dry_bean_uci,dry_bean_uci,71,71,L1-full,652,6-8-13,3,
dry_bean_uci,dry_bean_uci,71,71,L1-full,653,0-8-13,3,
dry_bean_uci,dry_bean_uci,71,71,L1-full,654,5-7-8,3,
dry_bean_uci,dry_bean_uci,71,71,L1-full,655,7-8-13,3,
dry_bean_uci,dry_bean_uci,71,71,L1-full,656,1-5-8,3,
dry_bean_uci,dry_bean_uci,71,71,L1-full,657,6-8-9,3,
dry_bean_uci,dry_bean_uci,71,71,L1-full,658,7-8-9,3,
dry_bean_uci,dry_bean_uci,71,71,L1-full,659,3-8-9,3,
dry_bean_uci,dry_bean_uci,71,71,L1-full,660,0-8-9,3,
dry_bean_uci,dry_bean_uci,71,71,L1-full,661,3-8-13,3,
dry_bean_uci,dry_bean_uci,71,71,L1-full,662,7-8-14,3,
dry_bean_uci,dry_bean_uci,71,71,L1-full,663,1-8-13,3,
dry_bean_uci,dry_bean_uci,71,71,L1-full,664,2-5-8,3,
dry_bean_uci,dry_bean_uci,71,71,L1-full,665,7-8-11,3,
dry_bean_uci,dry_bean_uci,71,71,L1-full,666,1-8-14,3,
dry_bean_uci,dry_bean_uci,71,71,L1-full,667,2-4-8,3,
dry_bean_uci,dry_bean_uci,71,71,L1-full,668,1-8-11,3,
dry_bean_uci,dry_bean_uci,71,71,L1-full,669,4-7-8,3,
dry_bean_uci,dry_bean_uci,71,71,L1-full,670,2-8-14,3,
dry_bean_uci,dry_bean_uci,71,71,L1-full,671,1-4-8,3,
dry_bean_uci,dry_bean_uci,71,71,L1-full,672,2-8-11,3,
dry_bean_uci,dry_bean_uci,71,71,L1-full,673,4-6-8,3,
dry_bean_uci,dry_bean_uci,71,71,L1-full,674,0-4-8,3,
dry_bean_uci,dry_bean_uci,71,71,L1-full,675,6-8-11,3,
dry_bean_uci,dry_bean_uci,71,71,L1-full,676,0-8-11,3,
dry_bean_uci,dry_bean_uci,71,71,L1-full,677,6-8-14,3,
dry_bean_uci,dry_bean_uci,71,71,L1-full,678,0-8-14,3,
dry_bean_uci,dry_bean_uci,71,71,L1-top8,1,9-10,2,
dry_bean_uci,dry_bean_uci,71,71,L1-top8,2,10-12,2,
dry_bean_uci,dry_bean_uci,71,71,L1-top8,3,3-12,2,
dry_bean_uci,dry_bean_uci,71,71,L1-top8,4,1-12,2,
dry_bean_uci,dry_bean_uci,71,71,L1-top8,5,7-12,2,
dry_bean_uci,dry_bean_uci,71,71,L1-top8,6,9-10-12,3,
dry_bean_uci,dry_bean_uci,71,71,L1-top8,7,9-15,2,
dry_bean_uci,dry_bean_uci,71,71,L1-top8,8,12-13,2,
dry_bean_uci,dry_bean_uci,71,71,L1-match,1,9-10,2,
dry_bean_uci,dry_bean_uci,71,71,L1-match,2,10-12,2,
dry_bean_uci,dry_bean_uci,71,71,SHIL-k8,1,10-12,2,
dry_bean_uci,dry_bean_uci,71,71,SHIL-k8,2,10-13,2,
dry_bean_uci,dry_bean_uci,71,71,SHIL-k8,3,3-12,2,
dry_bean_uci,dry_bean_uci,71,71,SHIL-k8,4,6-12,2,
dry_bean_uci,dry_bean_uci,71,71,SHIL-k8,5,0-12,2,
dry_bean_uci,dry_bean_uci,71,71,SHIL-k8,6,1-12,2,
dry_bean_uci,dry_bean_uci,71,71,SHIL-k8,7,9-10-12,3,
dry_bean_uci,dry_bean_uci,71,71,SHIL-k8,8,7-12,2,
dry_bean_uci,dry_bean_uci,71,71,SC-L1,1,3-12,2,
dry_bean_uci,dry_bean_uci,71,71,SC-L1,2,9-10,2,
dry_bean_uci,dry_bean_uci,71,71,SC-SHIL,1,3-12,2,
dry_bean_uci,dry_bean_uci,71,71,SC-SHIL,2,10-12,2,
dry_bean_uci,dry_bean_uci,89,89,L1-full,1,9-10,2,
dry_bean_uci,dry_bean_uci,89,89,L1-full,2,10-12,2,
dry_bean_uci,dry_bean_uci,89,89,L1-full,3,3-12,2,
dry_bean_uci,dry_bean_uci,89,89,L1-full,4,1-12,2,
dry_bean_uci,dry_bean_uci,89,89,L1-full,5,7-12,2,
dry_bean_uci,dry_bean_uci,89,89,L1-full,6,9-10-12,3,
dry_bean_uci,dry_bean_uci,89,89,L1-full,7,12-15,2,
dry_bean_uci,dry_bean_uci,89,89,L1-full,8,9-10-15,3,
dry_bean_uci,dry_bean_uci,89,89,L1-full,9,12-13,2,
dry_bean_uci,dry_bean_uci,89,89,L1-full,10,2-12,2,
dry_bean_uci,dry_bean_uci,89,89,L1-full,11,10-15,2,
dry_bean_uci,dry_bean_uci,89,89,L1-full,12,6-12,2,
dry_bean_uci,dry_bean_uci,89,89,L1-full,13,0-12,2,
dry_bean_uci,dry_bean_uci,89,89,L1-full,14,4-11-14,3,
dry_bean_uci,dry_bean_uci,89,89,L1-full,15,9-15,2,
dry_bean_uci,dry_bean_uci,89,89,L1-full,16,13-15,2,
dry_bean_uci,dry_bean_uci,89,89,L1-full,17,1-10,2,
dry_bean_uci,dry_bean_uci,89,89,L1-full,18,3-7-12,3,
dry_bean_uci,dry_bean_uci,89,89,L1-full,19,3-10,2,
dry_bean_uci,dry_bean_uci,89,89,L1-full,20,1-9-10,3,
dry_bean_uci,dry_bean_uci,89,89,L1-full,21,4-5-11,3,
dry_bean_uci,dry_bean_uci,89,89,L1-full,22,1-3-12,3,
dry_bean_uci,dry_bean_uci,89,89,L1-full,23,1-3,2,
dry_bean_uci,dry_bean_uci,89,89,L1-full,24,4-5-14,3,
dry_bean_uci,dry_bean_uci,89,89,L1-full,25,5-12,2,
dry_bean_uci,dry_bean_uci,89,89,L1-full,26,5-11-14,3,
dry_bean_uci,dry_bean_uci,89,89,L1-full,27,3-9-10,3,
dry_bean_uci,dry_bean_uci,89,89,L1-full,28,14-15,2,
dry_bean_uci,dry_bean_uci,89,89,L1-full,29,10-13,2,
dry_bean_uci,dry_bean_uci,89,89,L1-full,30,3-7,2,
dry_bean_uci,dry_bean_uci,89,89,L1-full,31,11-15,2,
dry_bean_uci,dry_bean_uci,89,89,L1-full,32,1-7,2,
dry_bean_uci,dry_bean_uci,89,89,L1-full,33,1-7-12,3,
dry_bean_uci,dry_bean_uci,89,89,L1-full,34,9-10-13,3,
dry_bean_uci,dry_bean_uci,89,89,L1-full,35,7-10,2,
dry_bean_uci,dry_bean_uci,89,89,L1-full,36,5-15,2,
dry_bean_uci,dry_bean_uci,89,89,L1-full,37,7-9-10,3,
dry_bean_uci,dry_bean_uci,89,89,L1-full,38,12-14,2,
dry_bean_uci,dry_bean_uci,89,89,L1-full,39,11-12,2,
dry_bean_uci,dry_bean_uci,89,89,L1-full,40,9-12,2,
dry_bean_uci,dry_bean_uci,89,89,L1-full,41,2-3,2,
dry_bean_uci,dry_bean_uci,89,89,L1-full,42,2-7-12,3,
dry_bean_uci,dry_bean_uci,89,89,L1-full,43,3-6,2,
dry_bean_uci,dry_bean_uci,89,89,L1-full,44,9-10-14,3,
dry_bean_uci,dry_bean_uci,89,89,L1-full,45,0-3,2,
dry_bean_uci,dry_bean_uci,89,89,L1-full,46,5-9-10,3,
dry_bean_uci,dry_bean_uci,89,89,L1-full,47,7-15,2,
dry_bean_uci,dry_bean_uci,89,89,L1-full,48,3-10-12,3,
dry_bean_uci,dry_bean_uci,89,89,L1-full,49,9-10-11,3,
dry_bean_uci,dry_bean_uci,89,89,L1-full,50,3-13,2,
dry_bean_uci,dry_bean_uci,89,89,L1-full,51,4-15,2,
dry_bean_uci,dry_bean_uci,89,89,L1-full,52,1-10-12,3,
dry_bean_uci,dry_bean_uci,89,89,L1-full,53,8-10,2,
dry_bean_uci,dry_bean_uci,89,89,L1-full,54,1-2,2,
dry_bean_uci,dry_bean_uci,89,89,L1-full,55,1-15,2,
dry_bean_uci,dry_bean_uci,89,89,L1-full,56,1-6,2,
dry_bean_uci,dry_bean_uci,89,89,L1-full,57,0-1,2,
dry_bean_uci,dry_bean_uci,89,89,L1-full,58,1-13,2,
dry_bean_uci,dry_bean_uci,89,89,L1-full,59,2-15,2,
dry_bean_uci,dry_bean_uci,89,89,L1-full,60,2-9-10,3,
dry_bean_uci,dry_bean_uci,89,89,L1-full,61,1-2-12,3,
dry_bean_uci,dry_bean_uci,89,89,L1-full,62,5-13,2,
dry_bean_uci,dry_bean_uci,89,89,L1-full,63,2-3-12,3,
dry_bean_uci,dry_bean_uci,89,89,L1-full,64,7-13,2,
dry_bean_uci,dry_bean_uci,89,89,L1-full,65,4-12,2,
dry_bean_uci,dry_bean_uci,89,89,L1-full,66,2-7,2,
dry_bean_uci,dry_bean_uci,89,89,L1-full,67,3-6-12,3,
dry_bean_uci,dry_bean_uci,89,89,L1-full,68,0-3-12,3,
dry_bean_uci,dry_bean_uci,89,89,L1-full,69,11-14-15,3,
dry_bean_uci,dry_bean_uci,89,89,L1-full,70,4-11-13,3,
dry_bean_uci,dry_bean_uci,89,89,L1-full,71,2-10,2,
dry_bean_uci,dry_bean_uci,89,89,L1-full,72,0-6,2,
dry_bean_uci,dry_bean_uci,89,89,L1-full,73,3-15,2,
dry_bean_uci,dry_bean_uci,89,89,L1-full,74,12-13-15,3,
dry_bean_uci,dry_bean_uci,89,89,L1-full,75,6-7,2,
dry_bean_uci,dry_bean_uci,89,89,L1-full,76,0-7,2,
dry_bean_uci,dry_bean_uci,89,89,L1-full,77,4-11-15,3,
dry_bean_uci,dry_bean_uci,89,89,L1-full,78,4-9-10,3,
dry_bean_uci,dry_bean_uci,89,89,L1-full,79,4-13-14,3,
dry_bean_uci,dry_bean_uci,89,89,L1-full,80,4-14-15,3,
dry_bean_uci,dry_bean_uci,89,89,L1-full,81,8-12,2,
dry_bean_uci,dry_bean_uci,89,89,L1-full,82,6-10,2,
dry_bean_uci,dry_bean_uci,89,89,L1-full,83,2-13,2,
dry_bean_uci,dry_bean_uci,89,89,L1-full,84,0-10,2,
dry_bean_uci,dry_bean_uci,89,89,L1-full,85,0-7-12,3,
dry_bean_uci,dry_bean_uci,89,89,L1-full,86,6-7-12,3,
dry_bean_uci,dry_bean_uci,89,89,L1-full,87,4-11,2,
dry_bean_uci,dry_bean_uci,89,89,L1-full,88,11-14,2,
dry_bean_uci,dry_bean_uci,89,89,L1-full,89,9-12-15,3,
dry_bean_uci,dry_bean_uci,89,89,L1-full,90,1-3-7,3,
dry_bean_uci,dry_bean_uci,89,89,L1-full,91,1-6-12,3,
dry_bean_uci,dry_bean_uci,89,89,L1-full,92,11-13-14,3,
dry_bean_uci,dry_bean_uci,89,89,L1-full,93,4-14,2,
dry_bean_uci,dry_bean_uci,89,89,L1-full,94,1-2-7,3,
dry_bean_uci,dry_bean_uci,89,89,L1-full,95,0-1-12,3,
dry_bean_uci,dry_bean_uci,89,89,L1-full,96,6-9-10,3,
dry_bean_uci,dry_bean_uci,89,89,L1-full,97,13-14,2,
dry_bean_uci,dry_bean_uci,89,89,L1-full,98,0-9-10,3,
dry_bean_uci,dry_bean_uci,89,89,L1-full,99,5-12-14,3,
dry_bean_uci,dry_bean_uci,89,89,L1-full,100,2-6,2,
dry_bean_uci,dry_bean_uci,89,89,L1-full,101,3-5,2,
dry_bean_uci,dry_bean_uci,89,89,L1-full,102,1-3-10,3,
dry_bean_uci,dry_bean_uci,89,89,L1-full,103,0-2,2,
dry_bean_uci,dry_bean_uci,89,89,L1-full,104,0-6-13,3,
dry_bean_uci,dry_bean_uci,89,89,L1-full,105,7-10-12,3,
dry_bean_uci,dry_bean_uci,89,89,L1-full,106,5-7,2,
dry_bean_uci,dry_bean_uci,89,89,L1-full,107,4-9-11,3,
dry_bean_uci,dry_bean_uci,89,89,L1-full,108,11-13,2,
dry_bean_uci,dry_bean_uci,89,89,L1-full,109,4-10-11,3,
dry_bean_uci,dry_bean_uci,89,89,L1-full,110,5-12-13,3,
dry_bean_uci,dry_bean_uci,89,89,L1-full,111,6-13,2,
dry_bean_uci,dry_bean_uci,89,89,L1-full,112,5-11-12,3,
dry_bean_uci,dry_bean_uci,89,89,L1-full,113,0-13,2,
dry_bean_uci,dry_bean_uci,89,89,L1-full,114,2-6-12,3,
dry_bean_uci,dry_bean_uci,89,89,L1-full,115,0-2-12,3,
dry_bean_uci,dry_bean_uci,89,89,L1-full,116,11-12-14,3,
dry_bean_uci,dry_bean_uci,89,89,L1-full,117,2-3-7,3,
dry_bean_uci,dry_bean_uci,89,89,L1-full,118,10-11-14,3,
dry_bean_uci,dry_bean_uci,89,89,L1-full,119,4-10-14,3,
dry_bean_uci,dry_bean_uci,89,89,L1-full,120,0-6-12,3,
dry_bean_uci,dry_bean_uci,89,89,L1-full,121,1-9-15,3,
dry_bean_uci,dry_bean_uci,89,89,L1-full,122,1-3-6,3,
dry_bean_uci,dry_bean_uci,89,89,L1-full,123,0-1-3,3,
dry_bean_uci,dry_bean_uci,89,89,L1-full,124,2-5,2,
dry_bean_uci,dry_bean_uci,89,89,L1-full,125,13-14-15,3,
dry_bean_uci,dry_bean_uci,89,89,L1-full,126,1-2-3,3,
dry_bean_uci,dry_bean_uci,89,89,L1-full,127,1-7-10,3,
dry_bean_uci,dry_bean_uci,89,89,L1-full,128,1-5,2,
dry_bean_uci,dry_bean_uci,89,89,L1-full,129,0-1-6,3,
dry_bean_uci,dry_bean_uci,89,89,L1-full,130,0-3-6,3,
dry_bean_uci,dry_bean_uci,89,89,L1-full,131,5-13-15,3,
dry_bean_uci,dry_bean_uci,89,89,L1-full,132,5-14-15,3,
dry_bean_uci,dry_bean_uci,89,89,L1-full,133,5-14,2,
dry_bean_uci,dry_bean_uci,89,89,L1-full,134,4-9-14,3,
dry_bean_uci,dry_bean_uci,89,89,L1-full,135,5-11-15,3,
dry_bean_uci,dry_bean_uci,89,89,L1-full,136,5-11,2,
dry_bean_uci,dry_bean_uci,89,89,L1-full,137,11-13-15,3,
dry_bean_uci,dry_bean_uci,89,89,L1-full,138,3-6-13,3,
dry_bean_uci,dry_bean_uci,89,89,L1-full,139,0-3-13,3,
dry_bean_uci,dry_bean_uci,89,89,L1-full,140,4-9-15,3,
dry_bean_uci,dry_bean_uci,89,89,L1-full,141,1-6-7,3,
dry_bean_uci,dry_bean_uci,89,89,L1-full,142,10-12-13,3,
dry_bean_uci,dry_bean_uci,89,89,L1-full,143,1-2-10,3,
dry_bean_uci,dry_bean_uci,89,89,L1-full,144,0-1-7,3,
dry_bean_uci,dry_bean_uci,89,89,L1-full,145,1-2-6,3,
dry_bean_uci,dry_bean_uci,89,89,L1-full,146,0-1-2,3,
dry_bean_uci,dry_bean_uci,89,89,L1-full,147,4-5-13,3,
dry_bean_uci,dry_bean_uci,89,89,L1-full,148,3-6-7,3,
dry_bean_uci,dry_bean_uci,89,89,L1-full,149,0-2-6,3,
dry_bean_uci,dry_bean_uci,89,89,L1-full,150,4-5,2,
dry_bean_uci,dry_bean_uci,89,89,L1-full,151,0-3-7,3,
dry_bean_uci,dry_bean_uci,89,89,L1-full,152,4-11-12,3,
dry_bean_uci,dry_bean_uci,89,89,L1-full,153,4-10,2,
dry_bean_uci,dry_bean_uci,89,89,L1-full,154,2-3-6,3,
dry_bean_uci,dry_bean_uci,89,89,L1-full,155,12-13-14,3,
dry_bean_uci,dry_bean_uci,89,89,L1-full,156,4-12-14,3,
dry_bean_uci,dry_bean_uci,89,89,L1-full,157,0-2-3,3,
dry_bean_uci,dry_bean_uci,89,89,L1-full,158,3-14,2,
dry_bean_uci,dry_bean_uci,89,89,L1-full,159,2-6-7,3,
dry_bean_uci,dry_bean_uci,89,89,L1-full,160,8-15,2,
dry_bean_uci,dry_bean_uci,89,89,L1-full,161,0-2-7,3,
dry_bean_uci,dry_bean_uci,89,89,L1-full,162,1-10-15,3,
dry_bean_uci,dry_bean_uci,89,89,L1-full,163,3-9-15,3,
dry_bean_uci,dry_bean_uci,89,89,L1-full,164,0-6-7,3,
dry_bean_uci,dry_bean_uci,89,89,L1-full,165,5-11-13,3,
dry_bean_uci,dry_bean_uci,89,89,L1-full,166,1-6-13,3,
dry_bean_uci,dry_bean_uci,89,89,L1-full,167,0-1-13,3,
dry_bean_uci,dry_bean_uci,89,89,L1-full,168,5-13-14,3,
dry_bean_uci,dry_bean_uci,89,89,L1-full,169,9-13-15,3,
dry_bean_uci,dry_bean_uci,89,89,L1-full,170,3-5-12,3,
dry_bean_uci,dry_bean_uci,89,89,L1-full,171,4-13,2,
dry_bean_uci,dry_bean_uci,89,89,L1-full,172,0-15,2,
dry_bean_uci,dry_bean_uci,89,89,L1-full,173,5-10-11,3,
dry_bean_uci,dry_bean_uci,89,89,L1-full,174,4-5-10,3,
dry_bean_uci,dry_bean_uci,89,89,L1-full,175,4-5-15,3,
dry_bean_uci,dry_bean_uci,89,89,L1-full,176,2-12-15,3,
dry_bean_uci,dry_bean_uci,89,89,L1-full,177,2-6-13,3,
dry_bean_uci,dry_bean_uci,89,89,L1-full,178,11-12-13,3,
dry_bean_uci,dry_bean_uci,89,89,L1-full,179,6-15,2,
dry_bean_uci,dry_bean_uci,89,89,L1-full,180,0-2-13,3,
dry_bean_uci,dry_bean_uci,89,89,L1-full,181,7-12-15,3,
dry_bean_uci,dry_bean_uci,89,89,L1-full,182,4-5-12,3,
dry_bean_uci,dry_bean_uci,89,89,L1-full,183,3-11,2,
dry_bean_uci,dry_bean_uci,89,89,L1-full,184,5-10-14,3,
dry_bean_uci,dry_bean_uci,89,89,L1-full,185,3-12-14,3,
dry_bean_uci,dry_bean_uci,89,89,L1-full,186,5-6,2,
dry_bean_uci,dry_bean_uci,89,89,L1-full,187,9-14-15,3,
dry_bean_uci,dry_bean_uci,89,89,L1-full,188,0-5,2,
dry_bean_uci,dry_bean_uci,89,89,L1-full,189,1-6-10,3,
dry_bean_uci,dry_bean_uci,89,89,L1-full,190,6-7-13,3,
dry_bean_uci,dry_bean_uci,89,89,L1-full,191,0-7-13,3,
dry_bean_uci,dry_bean_uci,89,89,L1-full,192,3-11-12,3,
dry_bean_uci,dry_bean_uci,89,89,L1-full,193,9-11-15,3,
dry_bean_uci,dry_bean_uci,89,89,L1-full,194,0-1-10,3,
dry_bean_uci,dry_bean_uci,89,89,L1-full,195,3-7-10,3,
dry_bean_uci,dry_bean_uci,89,89,L1-full,196,10-11-15,3,
dry_bean_uci,dry_bean_uci,89,89,L1-full,197,2-9-15,3,
dry_bean_uci,dry_bean_uci,89,89,L1-full,198,4-5-9,3,
dry_bean_uci,dry_bean_uci,89,89,L1-full,199,3-4,2,
dry_bean_uci,dry_bean_uci,89,89,L1-full,200,5-10,2,
dry_bean_uci,dry_bean_uci,89,89,L1-full,201,7-14,2,
dry_bean_uci,dry_bean_uci,89,89,L1-full,202,2-12-13,3,
dry_bean_uci,dry_bean_uci,89,89,L1-full,203,4-10-13,3,
dry_bean_uci,dry_bean_uci,89,89,L1-full,204,3-4-12,3,
dry_bean_uci,dry_bean_uci,89,89,L1-full,205,10-14,2,
dry_bean_uci,dry_bean_uci,89,89,L1-full,206,5-9-15,3,
dry_bean_uci,dry_bean_uci,89,89,L1-full,207,10-11-13,3,
dry_bean_uci,dry_bean_uci,89,89,L1-full,208,10-11,2,
dry_bean_uci,dry_bean_uci,89,89,L1-full,209,2-13-15,3,
dry_bean_uci,dry_bean_uci,89,89,L1-full,210,10-14-15,3,
dry_bean_uci,dry_bean_uci,89,89,L1-full,211,10-13-14,3,
dry_bean_uci,dry_bean_uci,89,89,L1-full,212,4-10-15,3,
dry_bean_uci,dry_bean_uci,89,89,L1-full,213,7-12-13,3,
dry_bean_uci,dry_bean_uci,89,89,L1-full,214,1-9,2,
dry_bean_uci,dry_bean_uci,89,89,L1-full,215,2-3-13,3,
dry_bean_uci,dry_bean_uci,89,89,L1-full,216,1-3-13,3,
dry_bean_uci,dry_bean_uci,89,89,L1-full,217,4-13-15,3,
dry_bean_uci,dry_bean_uci,89,89,L1-full,218,7-9-15,3,
dry_bean_uci,dry_bean_uci,89,89,L1-full,219,3-5-14,3,
dry_bean_uci,dry_bean_uci,89,89,L1-full,220,2-14,2,
dry_bean_uci,dry_bean_uci,89,89,L1-full,221,8-9-10,3,
dry_bean_uci,dry_bean_uci,89,89,L1-full,222,1-12-15,3,
dry_bean_uci,dry_bean_uci,89,89,L1-full,223,6-12-13,3,
dry_bean_uci,dry_bean_uci,89,89,L1-full,224,0-12-13,3,
dry_bean_uci,dry_bean_uci,89,89,L1-full,225,5-7-12,3,
dry_bean_uci,dry_bean_uci,89,89,L1-full,226,1-14,2,
dry_bean_uci,dry_bean_uci,89,89,L1-full,227,7-11,2,
dry_bean_uci,dry_bean_uci,89,89,L1-full,228,3-11-14,3,
dry_bean_uci,dry_bean_uci,89,89,L1-full,229,6-10-12,3,
dry_bean_uci,dry_bean_uci,89,89,L1-full,230,3-5-11,3,
dry_bean_uci,dry_bean_uci,89,89,L1-full,231,3-7-13,3,
dry_bean_uci,dry_bean_uci,89,89,L1-full,232,2-7-13,3,
dry_bean_uci,dry_bean_uci,89,89,L1-full,233,7-13-15,3,
dry_bean_uci,dry_bean_uci,89,89,L1-full,234,2-14-15,3,
dry_bean_uci,dry_bean_uci,89,89,L1-full,235,1-5-12,3,
dry_bean_uci,dry_bean_uci,89,89,L1-full,236,5-10-15,3,
dry_bean_uci,dry_bean_uci,89,89,L1-full,237,5-12-15,3,
dry_bean_uci,dry_bean_uci,89,89,L1-full,238,0-10-12,3,
dry_bean_uci,dry_bean_uci,89,89,L1-full,239,3-4-11,3,
dry_bean_uci,dry_bean_uci,89,89,L1-full,240,9-13,2,
dry_bean_uci,dry_bean_uci,89,89,L1-full,241,3-4-14,3,
dry_bean_uci,dry_bean_uci,89,89,L1-full,242,1-2-13,3,
dry_bean_uci,dry_bean_uci,89,89,L1-full,243,2-11-15,3,
dry_bean_uci,dry_bean_uci,89,89,L1-full,244,5-10-13,3,
dry_bean_uci,dry_bean_uci,89,89,L1-full,245,3-9,2,
dry_bean_uci,dry_bean_uci,89,89,L1-full,246,4-9-13,3,
dry_bean_uci,dry_bean_uci,89,89,L1-full,247,2-10-12,3,
dry_bean_uci,dry_bean_uci,89,89,L1-full,248,3-12-13,3,
dry_bean_uci,dry_bean_uci,89,89,L1-full,249,9-11-14,3,
dry_bean_uci,dry_bean_uci,89,89,L1-full,250,1-12-13,3,
dry_bean_uci,dry_bean_uci,89,89,L1-full,251,1-4,2,
dry_bean_uci,dry_bean_uci,89,89,L1-full,252,2-11,2,
dry_bean_uci,dry_bean_uci,89,89,L1-full,253,4-7,2,
dry_bean_uci,dry_bean_uci,89,89,L1-full,254,3-6-10,3,
dry_bean_uci,dry_bean_uci,89,89,L1-full,255,1-7-13,3,
dry_bean_uci,dry_bean_uci,89,89,L1-full,256,0-3-10,3,
dry_bean_uci,dry_bean_uci,89,89,L1-full,257,3-4-5,3,
dry_bean_uci,dry_bean_uci,89,89,L1-full,258,1-11,2,
dry_bean_uci,dry_bean_uci,89,89,L1-full,259,3-8,2,
dry_bean_uci,dry_bean_uci,89,89,L1-full,260,2-6-10,3,
dry_bean_uci,dry_bean_uci,89,89,L1-full,261,2-5-15,3,
dry_bean_uci,dry_bean_uci,89,89,L1-full,262,1-8,2,
dry_bean_uci,dry_bean_uci,89,89,L1-full,263,0-2-10,3,
dry_bean_uci,dry_bean_uci,89,89,L1-full,264,8-9,2,
dry_bean_uci,dry_bean_uci,89,89,L1-full,265,2-5-12,3,
dry_bean_uci,dry_bean_uci,89,89,L1-full,266,4-12-13,3,
dry_bean_uci,dry_bean_uci,89,89,L1-full,267,2-7-10,3,
dry_bean_uci,dry_bean_uci,89,89,L1-full,268,0-6-10,3,
dry_bean_uci,dry_bean_uci,89,89,L1-full,269,8-13,2,
dry_bean_uci,dry_bean_uci,89,89,L1-full,270,2-5-13,3,
dry_bean_uci,dry_bean_uci,89,89,L1-full,271,4-9,2,
dry_bean_uci,dry_bean_uci,89,89,L1-full,272,7-12-14,3,
dry_bean_uci,dry_bean_uci,89,89,L1-full,273,6-7-10,3,
dry_bean_uci,dry_bean_uci,89,89,L1-full,274,2-3-10,3,
dry_bean_uci,dry_bean_uci,89,89,L1-full,275,0-7-10,3,
dry_bean_uci,dry_bean_uci,89,89,L1-full,276,1-10-13,3,
dry_bean_uci,dry_bean_uci,89,89,L1-full,277,3-12-15,3,
dry_bean_uci,dry_bean_uci,89,89,L1-full,278,10-13-15,3,
dry_bean_uci,dry_bean_uci,89,89,L1-full,279,2-4,2,
dry_bean_uci,dry_bean_uci,89,89,L1-full,280,5-7-13,3,
dry_bean_uci,dry_bean_uci,89,89,L1-full,281,1-13-15,3,
dry_bean_uci,dry_bean_uci,89,89,L1-full,282,0-5-12,3,
dry_bean_uci,dry_bean_uci,89,89,L1-full,283,5-6-12,3,
dry_bean_uci,dry_bean_uci,89,89,L1-full,284,7-9,2,
dry_bean_uci,dry_bean_uci,89,89,L1-full,285,7-11-12,3,
dry_bean_uci,dry_bean_uci,89,89,L1-full,286,1-12-14,3,
dry_bean_uci,dry_bean_uci,89,89,L1-full,287,2-4-15,3,
dry_bean_uci,dry_bean_uci,89,89,L1-full,288,2-13-14,3,
dry_bean_uci,dry_bean_uci,89,89,L1-full,289,6-9-15,3,
dry_bean_uci,dry_bean_uci,89,89,L1-full,290,2-4-11,3,
dry_bean_uci,dry_bean_uci,89,89,L1-full,291,5-9-11,3,
dry_bean_uci,dry_bean_uci,89,89,L1-full,292,3-5-13,3,
dry_bean_uci,dry_bean_uci,89,89,L1-full,293,2-11-14,3,
dry_bean_uci,dry_bean_uci,89,89,L1-full,294,0-9-15,3,
dry_bean_uci,dry_bean_uci,89,89,L1-full,295,2-4-14,3,
dry_bean_uci,dry_bean_uci,89,89,L1-full,296,1-5-13,3,
dry_bean_uci,dry_bean_uci,89,89,L1-full,297,7-8,2,
dry_bean_uci,dry_bean_uci,89,89,L1-full,298,2-12-14,3,
dry_bean_uci,dry_bean_uci,89,89,L1-full,299,2-11-13,3,
dry_bean_uci,dry_bean_uci,89,89,L1-full,300,2-7-15,3,
dry_bean_uci,dry_bean_uci,89,89,L1-full,301,1-11-12,3,
dry_bean_uci,dry_bean_uci,89,89,L1-full,302,12-14-15,3,
dry_bean_uci,dry_bean_uci,89,89,L1-full,303,2-10-15,3,
dry_bean_uci,dry_bean_uci,89,89,L1-full,304,3-8-12,3,
dry_bean_uci,dry_bean_uci,89,89,L1-full,305,5-9-14,3,
dry_bean_uci,dry_bean_uci,89,89,L1-full,306,8-12-15,3,
dry_bean_uci,dry_bean_uci,89,89,L1-full,307,0-12-14,3,
dry_bean_uci,dry_bean_uci,89,89,L1-full,308,6-12-14,3,
dry_bean_uci,dry_bean_uci,89,89,L1-full,309,1-5-15,3,
dry_bean_uci,dry_bean_uci,89,89,L1-full,310,5-8,2,
dry_bean_uci,dry_bean_uci,89,89,L1-full,311,6-10-15,3,
dry_bean_uci,dry_bean_uci,89,89,L1-full,312,6-14,2,
dry_bean_uci,dry_bean_uci,89,89,L1-full,313,0-14,2,
dry_bean_uci,dry_bean_uci,89,89,L1-full,314,0-5-6,3,
dry_bean_uci,dry_bean_uci,89,89,L1-full,315,10-12-15,3,
dry_bean_uci,dry_bean_uci,89,89,L1-full,316,0-9,2,
dry_bean_uci,dry_bean_uci,89,89,L1-full,317,1-8-10,3,
dry_bean_uci,dry_bean_uci,89,89,L1-full,318,7-13-14,3,
dry_bean_uci,dry_bean_uci,89,89,L1-full,319,4-6,2,
dry_bean_uci,dry_bean_uci,89,89,L1-full,320,4-9-12,3,
dry_bean_uci,dry_bean_uci,89,89,L1-full,321,3-8-10,3,
dry_bean_uci,dry_bean_uci,89,89,L1-full,322,3-10-13,3,
dry_bean_uci,dry_bean_uci,89,89,L1-full,323,0-13-15,3,
dry_bean_uci,dry_bean_uci,89,89,L1-full,324,5-8-15,3,
dry_bean_uci,dry_bean_uci,89,89,L1-full,325,6-13-15,3,
dry_bean_uci,dry_bean_uci,89,89,L1-full,326,0-11-12,3,
dry_bean_uci,dry_bean_uci,89,89,L1-full,327,0-4,2,
dry_bean_uci,dry_bean_uci,89,89,L1-full,328,6-11-12,3,
dry_bean_uci,dry_bean_uci,89,89,L1-full,329,0-10-15,3,
dry_bean_uci,dry_bean_uci,89,89,L1-full,330,3-10-15,3,
dry_bean_uci,dry_bean_uci,89,89,L1-full,331,2-11-12,3,
dry_bean_uci,dry_bean_uci,89,89,L1-full,332,5-7-15,3,
dry_bean_uci,dry_bean_uci,89,89,L1-full,333,3-13-15,3,
dry_bean_uci,dry_bean_uci,89,89,L1-full,334,7-10-15,3,
dry_bean_uci,dry_bean_uci,89,89,L1-full,335,2-5-14,3,
dry_bean_uci,dry_bean_uci,89,89,L1-full,336,2-4-9,3,
dry_bean_uci,dry_bean_uci,89,89,L1-full,337,9-11,2,
dry_bean_uci,dry_bean_uci,89,89,L1-full,338,6-8-10,3,
dry_bean_uci,dry_bean_uci,89,89,L1-full,339,2-5-11,3,
dry_bean_uci,dry_bean_uci,89,89,L1-full,340,0-8-10,3,
dry_bean_uci,dry_bean_uci,89,89,L1-full,341,1-9-12,3,
dry_bean_uci,dry_bean_uci,89,89,L1-full,342,11-12-15,3,
dry_bean_uci,dry_bean_uci,89,89,L1-full,343,7-8-10,3,
dry_bean_uci,dry_bean_uci,89,89,L1-full,344,6-11-15,3,
dry_bean_uci,dry_bean_uci,89,89,L1-full,345,1-14-15,3,
dry_bean_uci,dry_bean_uci,89,89,L1-full,346,0-12-15,3,
dry_bean_uci,dry_bean_uci,89,89,L1-full,347,6-14-15,3,
dry_bean_uci,dry_bean_uci,89,89,L1-full,348,6-9,2,
dry_bean_uci,dry_bean_uci,89,89,L1-full,349,1-11-15,3,
dry_bean_uci,dry_bean_uci,89,89,L1-full,350,3-9-12,3,
dry_bean_uci,dry_bean_uci,89,89,L1-full,351,0-11-15,3,
dry_bean_uci,dry_bean_uci,89,89,L1-full,352,1-13-14,3,
dry_bean_uci,dry_bean_uci,89,89,L1-full,353,2-4-5,3,
dry_bean_uci,dry_bean_uci,89,89,L1-full,354,0-14-15,3,
dry_bean_uci,dry_bean_uci,89,89,L1-full,355,2-9,2,
dry_bean_uci,dry_bean_uci,89,89,L1-full,356,6-12-15,3,
dry_bean_uci,dry_bean_uci,89,89,L1-full,357,8-14-15,3,
dry_bean_uci,dry_bean_uci,89,89,L1-full,358,8-14,2,
dry_bean_uci,dry_bean_uci,89,89,L1-full,359,7-11-13,3,
dry_bean_uci,dry_bean_uci,89,89,L1-full,360,4-7-12,3,
dry_bean_uci,dry_bean_uci,89,89,L1-full,361,2-8-10,3,
dry_bean_uci,dry_bean_uci,89,89,L1-full,362,2-4-13,3,
dry_bean_uci,dry_bean_uci,89,89,L1-full,363,9-11-13,3,
dry_bean_uci,dry_bean_uci,89,89,L1-full,364,4-6-15,3,
dry_bean_uci,dry_bean_uci,89,89,L1-full,365,7-8-12,3,
dry_bean_uci,dry_bean_uci,89,89,L1-full,366,6-11,2,
dry_bean_uci,dry_bean_uci,89,89,L1-full,367,0-11,2,
dry_bean_uci,dry_bean_uci,89,89,L1-full,368,2-4-10,3,
dry_bean_uci,dry_bean_uci,89,89,L1-full,369,8-11-15,3,
dry_bean_uci,dry_bean_uci,89,89,L1-full,370,7-14-15,3,
dry_bean_uci,dry_bean_uci,89,89,L1-full,371,9-14,2,
dry_bean_uci,dry_bean_uci,89,89,L1-full,372,0-4-15,3,
dry_bean_uci,dry_bean_uci,89,89,L1-full,373,1-8-12,3,
dry_bean_uci,dry_bean_uci,89,89,L1-full,374,1-4-15,3,
dry_bean_uci,dry_bean_uci,89,89,L1-full,375,3-5-7,3,
dry_bean_uci,dry_bean_uci,89,89,L1-full,376,1-3-15,3,
dry_bean_uci,dry_bean_uci,89,89,L1-full,377,3-13-14,3,
dry_bean_uci,dry_bean_uci,89,89,L1-full,378,8-13-15,3,
dry_bean_uci,dry_bean_uci,89,89,L1-full,379,4-6-11,3,
dry_bean_uci,dry_bean_uci,89,89,L1-full,380,1-4-10,3,
dry_bean_uci,dry_bean_uci,89,89,L1-full,381,8-11,2,
dry_bean_uci,dry_bean_uci,89,89,L1-full,382,1-11-13,3,
dry_bean_uci,dry_bean_uci,89,89,L1-full,383,0-4-11,3,
dry_bean_uci,dry_bean_uci,89,89,L1-full,384,4-8-9,3,
dry_bean_uci,dry_bean_uci,89,89,L1-full,385,1-3-9,3,
dry_bean_uci,dry_bean_uci,89,89,L1-full,386,0-6-15,3,
dry_bean_uci,dry_bean_uci,89,89,L1-full,387,1-7-15,3,
dry_bean_uci,dry_bean_uci,89,89,L1-full,388,5-7-14,3,
dry_bean_uci,dry_bean_uci,89,89,L1-full,389,7-11-15,3,
dry_bean_uci,dry_bean_uci,89,89,L1-full,390,9-11-12,3,
dry_bean_uci,dry_bean_uci,89,89,L1-full,391,5-6-15,3,
dry_bean_uci,dry_bean_uci,89,89,L1-full,392,1-4-12,3,
dry_bean_uci,dry_bean_uci,89,89,L1-full,393,9-13-14,3,
dry_bean_uci,dry_bean_uci,89,89,L1-full,394,0-3-15,3,
dry_bean_uci,dry_bean_uci,89,89,L1-full,395,4-6-14,3,
dry_bean_uci,dry_bean_uci,89,89,L1-full,396,3-7-14,3,
dry_bean_uci,dry_bean_uci,89,89,L1-full,397,0-4-14,3,
dry_bean_uci,dry_bean_uci,89,89,L1-full,398,6-11-14,3,
dry_bean_uci,dry_bean_uci,89,89,L1-full,399,3-6-15,3,
dry_bean_uci,dry_bean_uci,89,89,L1-full,400,1-3-5,3,
dry_bean_uci,dry_bean_uci,89,89,L1-full,401,0-5-15,3,
dry_bean_uci,dry_bean_uci,89,89,L1-full,402,0-11-14,3,
dry_bean_uci,dry_bean_uci,89,89,L1-full,403,2-8,2,
dry_bean_uci,dry_bean_uci,89,89,L1-full,404,0-3-5,3,
dry_bean_uci,dry_bean_uci,89,89,L1-full,405,3-5-6,3,
dry_bean_uci,dry_bean_uci,89,89,L1-full,406,0-1-15,3,
dry_bean_uci,dry_bean_uci,89,89,L1-full,407,0-6-14,3,
dry_bean_uci,dry_bean_uci,89,89,L1-full,408,3-4-9,3,
dry_bean_uci,dry_bean_uci,89,89,L1-full,409,1-6-15,3,
dry_bean_uci,dry_bean_uci,89,89,L1-full,410,4-6-10,3,
dry_bean_uci,dry_bean_uci,89,89,L1-full,411,3-7-11,3,
dry_bean_uci,dry_bean_uci,89,89,L1-full,412,0-6-8,3,
dry_bean_uci,dry_bean_uci,89,89,L1-full,413,0-4-12,3,
dry_bean_uci,dry_bean_uci,89,89,L1-full,414,4-6-12,3,
dry_bean_uci,dry_bean_uci,89,89,L1-full,415,0-4-10,3,
dry_bean_uci,dry_bean_uci,89,89,L1-full,416,2-3-5,3,
dry_bean_uci,dry_bean_uci,89,89,L1-full,417,1-2-15,3,
dry_bean_uci,dry_bean_uci,89,89,L1-full,418,2-8-15,3,
dry_bean_uci,dry_bean_uci,89,89,L1-full,419,1-5-7,3,
dry_bean_uci,dry_bean_uci,89,89,L1-full,420,6-8-12,3,
dry_bean_uci,dry_bean_uci,89,89,L1-full,421,0-8-12,3,
dry_bean_uci,dry_bean_uci,89,89,L1-full,422,3-11-13,3,
dry_bean_uci,dry_bean_uci,89,89,L1-full,423,1-5-14,3,
dry_bean_uci,dry_bean_uci,89,89,L1-full,424,4-10-12,3,
dry_bean_uci,dry_bean_uci,89,89,L1-full,425,2-10-11,3,
dry_bean_uci,dry_bean_uci,89,89,L1-full,426,5-8-9,3,
dry_bean_uci,dry_bean_uci,89,89,L1-full,427,7-8-15,3,
dry_bean_uci,dry_bean_uci,89,89,L1-full,428,5-7-11,3,
dry_bean_uci,dry_bean_uci,89,89,L1-full,429,9-12-14,3,
dry_bean_uci,dry_bean_uci,89,89,L1-full,430,2-10-13,3,
dry_bean_uci,dry_bean_uci,89,89,L1-full,431,0-2-15,3,
dry_bean_uci,dry_bean_uci,89,89,L1-full,432,3-7-15,3,
dry_bean_uci,dry_bean_uci,89,89,L1-full,433,2-6-15,3,
dry_bean_uci,dry_bean_uci,89,89,L1-full,434,2-5-6,3,
dry_bean_uci,dry_bean_uci,89,89,L1-full,435,0-2-5,3,
dry_bean_uci,dry_bean_uci,89,89,L1-full,436,4-12-15,3,
dry_bean_uci,dry_bean_uci,89,89,L1-full,437,1-7-14,3,
dry_bean_uci,dry_bean_uci,89,89,L1-full,438,8-10-12,3,
dry_bean_uci,dry_bean_uci,89,89,L1-full,439,3-6-8,3,
dry_bean_uci,dry_bean_uci,89,89,L1-full,440,0-6-11,3,
dry_bean_uci,dry_bean_uci,89,89,L1-full,441,2-3-14,3,
dry_bean_uci,dry_bean_uci,89,89,L1-full,442,0-3-8,3,
dry_bean_uci,dry_bean_uci,89,89,L1-full,443,1-3-14,3,
dry_bean_uci,dry_bean_uci,89,89,L1-full,444,3-9-11,3,
dry_bean_uci,dry_bean_uci,89,89,L1-full,445,2-3-15,3,
dry_bean_uci,dry_bean_uci,89,89,L1-full,446,2-10-14,3,
dry_bean_uci,dry_bean_uci,89,89,L1-full,447,9-12-13,3,
dry_bean_uci,dry_bean_uci,89,89,L1-full,448,6-10-11,3,
dry_bean_uci,dry_bean_uci,89,89,L1-full,449,3-4-15,3,
dry_bean_uci,dry_bean_uci,89,89,L1-full,450,7-10-13,3,
dry_bean_uci,dry_bean_uci,89,89,L1-full,451,5-9-13,3,
dry_bean_uci,dry_bean_uci,89,89,L1-full,452,0-1-5,3,
dry_bean_uci,dry_bean_uci,89,89,L1-full,453,1-5-6,3,
dry_bean_uci,dry_bean_uci,89,89,L1-full,454,4-8-15,3,
dry_bean_uci,dry_bean_uci,89,89,L1-full,455,0-10-11,3,
dry_bean_uci,dry_bean_uci,89,89,L1-full,456,0-10-13,3,
dry_bean_uci,dry_bean_uci,89,89,L1-full,457,1-3-8,3,
dry_bean_uci,dry_bean_uci,89,89,L1-full,458,6-10-13,3,
dry_bean_uci,dry_bean_uci,89,89,L1-full,459,1-7-11,3,
dry_bean_uci,dry_bean_uci,89,89,L1-full,460,8-12-14,3,
dry_bean_uci,dry_bean_uci,89,89,L1-full,461,2-9-11,3,
dry_bean_uci,dry_bean_uci,89,89,L1-full,462,1-3-11,3,
dry_bean_uci,dry_bean_uci,89,89,L1-full,463,1-4-9,3,
dry_bean_uci,dry_bean_uci,89,89,L1-full,464,2-3-11,3,
dry_bean_uci,dry_bean_uci,89,89,L1-full,465,3-9-14,3,
dry_bean_uci,dry_bean_uci,89,89,L1-full,466,8-11-12,3,
dry_bean_uci,dry_bean_uci,89,89,L1-full,467,1-5-11,3,
dry_bean_uci,dry_bean_uci,89,89,L1-full,468,1-6-8,3,
dry_bean_uci,dry_bean_uci,89,89,L1-full,469,0-4-9,3,
dry_bean_uci,dry_bean_uci,89,89,L1-full,470,0-1-8,3,
dry_bean_uci,dry_bean_uci,89,89,L1-full,471,4-7-15,3,
dry_bean_uci,dry_bean_uci,89,89,L1-full,472,5-8-12,3,
dry_bean_uci,dry_bean_uci,89,89,L1-full,473,4-6-9,3,
dry_bean_uci,dry_bean_uci,89,89,L1-full,474,2-5-7,3,
dry_bean_uci,dry_bean_uci,89,89,L1-full,475,0-7-15,3,
dry_bean_uci,dry_bean_uci,89,89,L1-full,476,7-11-14,3,
dry_bean_uci,dry_bean_uci,89,89,L1-full,477,0-5-7,3,
dry_bean_uci,dry_bean_uci,89,89,L1-full,478,5-6-7,3,
dry_bean_uci,dry_bean_uci,89,89,L1-full,479,1-2-5,3,
dry_bean_uci,dry_bean_uci,89,89,L1-full,480,3-4-7,3,
dry_bean_uci,dry_bean_uci,89,89,L1-full,481,2-8-12,3,
dry_bean_uci,dry_bean_uci,89,89,L1-full,482,8-9-11,3,
dry_bean_uci,dry_bean_uci,89,89,L1-full,483,6-10-14,3,
dry_bean_uci,dry_bean_uci,89,89,L1-full,484,1-10-11,3,
dry_bean_uci,dry_bean_uci,89,89,L1-full,485,8-9-14,3,
dry_bean_uci,dry_bean_uci,89,89,L1-full,486,0-10-14,3,
dry_bean_uci,dry_bean_uci,89,89,L1-full,487,1-2-14,3,
dry_bean_uci,dry_bean_uci,89,89,L1-full,488,1-7-9,3,
dry_bean_uci,dry_bean_uci,89,89,L1-full,489,6-7-15,3,
dry_bean_uci,dry_bean_uci,89,89,L1-full,490,3-7-8,3,
dry_bean_uci,dry_bean_uci,89,89,L1-full,491,1-11-14,3,
dry_bean_uci,dry_bean_uci,89,89,L1-full,492,4-8-12,3,
dry_bean_uci,dry_bean_uci,89,89,L1-full,493,2-7-14,3,
dry_bean_uci,dry_bean_uci,89,89,L1-full,494,2-9-14,3,
dry_bean_uci,dry_bean_uci,89,89,L1-full,495,1-2-11,3,
dry_bean_uci,dry_bean_uci,89,89,L1-full,496,4-7-9,3,
dry_bean_uci,dry_bean_uci,89,89,L1-full,497,1-10-14,3,
dry_bean_uci,dry_bean_uci,89,89,L1-full,498,1-4-7,3,
dry_bean_uci,dry_bean_uci,89,89,L1-full,499,1-9-11,3,
dry_bean_uci,dry_bean_uci,89,89,L1-full,500,6-7-8,3,
dry_bean_uci,dry_bean_uci,89,89,L1-full,501,0-7-8,3,
dry_bean_uci,dry_bean_uci,89,89,L1-full,502,6-8,2,
dry_bean_uci,dry_bean_uci,89,89,L1-full,503,1-2-4,3,
dry_bean_uci,dry_bean_uci,89,89,L1-full,504,2-7-11,3,
dry_bean_uci,dry_bean_uci,89,89,L1-full,505,0-8,2,
dry_bean_uci,dry_bean_uci,89,89,L1-full,506,1-9-14,3,
dry_bean_uci,dry_bean_uci,89,89,L1-full,507,3-11-15,3,
dry_bean_uci,dry_bean_uci,89,89,L1-full,508,2-6-8,3,
dry_bean_uci,dry_bean_uci,89,89,L1-full,509,0-2-8,3,
dry_bean_uci,dry_bean_uci,89,89,L1-full,510,1-6-9,3,
dry_bean_uci,dry_bean_uci,89,89,L1-full,511,0-3-14,3,
dry_bean_uci,dry_bean_uci,89,89,L1-full,512,3-6-14,3,
dry_bean_uci,dry_bean_uci,89,89,L1-full,513,0-1-9,3,
dry_bean_uci,dry_bean_uci,89,89,L1-full,514,0-9-11,3,
dry_bean_uci,dry_bean_uci,89,89,L1-full,515,3-5-15,3,
dry_bean_uci,dry_bean_uci,89,89,L1-full,516,8-10-15,3,
dry_bean_uci,dry_bean_uci,89,89,L1-full,517,2-4-12,3,
dry_bean_uci,dry_bean_uci,89,89,L1-full,518,1-3-4,3,
dry_bean_uci,dry_bean_uci,89,89,L1-full,519,4-5-6,3,
dry_bean_uci,dry_bean_uci,89,89,L1-full,520,6-9-11,3,
dry_bean_uci,dry_bean_uci,89,89,L1-full,521,4-6-13,3,
dry_bean_uci,dry_bean_uci,89,89,L1-full,522,5-6-11,3,
dry_bean_uci,dry_bean_uci,89,89,L1-full,523,0-4-13,3,
dry_bean_uci,dry_bean_uci,89,89,L1-full,524,0-4-5,3,
dry_bean_uci,dry_bean_uci,89,89,L1-full,525,0-5-11,3,
dry_bean_uci,dry_bean_uci,89,89,L1-full,526,1-7-8,3,
dry_bean_uci,dry_bean_uci,89,89,L1-full,527,1-4-14,3,
dry_bean_uci,dry_bean_uci,89,89,L1-full,528,3-6-11,3,
dry_bean_uci,dry_bean_uci,89,89,L1-full,529,0-3-11,3,
dry_bean_uci,dry_bean_uci,89,89,L1-full,530,2-9-13,3,
dry_bean_uci,dry_bean_uci,89,89,L1-full,531,1-4-11,3,
dry_bean_uci,dry_bean_uci,89,89,L1-full,532,4-7-14,3,
dry_bean_uci,dry_bean_uci,89,89,L1-full,533,3-4-6,3,
dry_bean_uci,dry_bean_uci,89,89,L1-full,534,2-5-9,3,
dry_bean_uci,dry_bean_uci,89,89,L1-full,535,4-5-7,3,
dry_bean_uci,dry_bean_uci,89,89,L1-full,536,0-3-4,3,
dry_bean_uci,dry_bean_uci,89,89,L1-full,537,3-14-15,3,
dry_bean_uci,dry_bean_uci,89,89,L1-full,538,4-8-11,3,
dry_bean_uci,dry_bean_uci,89,89,L1-full,539,0-9-14,3,
dry_bean_uci,dry_bean_uci,89,89,L1-full,540,4-8,2,
dry_bean_uci,dry_bean_uci,89,89,L1-full,541,8-12-13,3,
dry_bean_uci,dry_bean_uci,89,89,L1-full,542,3-5-9,3,
dry_bean_uci,dry_bean_uci,89,89,L1-full,543,8-9-15,3,
dry_bean_uci,dry_bean_uci,89,89,L1-full,544,4-7-11,3,
dry_bean_uci,dry_bean_uci,89,89,L1-full,545,5-6-14,3,
dry_bean_uci,dry_bean_uci,89,89,L1-full,546,0-5-14,3,
dry_bean_uci,dry_bean_uci,89,89,L1-full,547,8-9-12,3,
dry_bean_uci,dry_bean_uci,89,89,L1-full,548,6-11-13,3,
dry_bean_uci,dry_bean_uci,89,89,L1-full,549,6-9-14,3,
dry_bean_uci,dry_bean_uci,89,89,L1-full,550,3-4-10,3,
dry_bean_uci,dry_bean_uci,89,89,L1-full,551,0-11-13,3,
dry_bean_uci,dry_bean_uci,89,89,L1-full,552,7-9-11,3,
dry_bean_uci,dry_bean_uci,89,89,L1-full,553,6-13-14,3,
dry_bean_uci,dry_bean_uci,89,89,L1-full,554,0-13-14,3,
dry_bean_uci,dry_bean_uci,89,89,L1-full,555,0-2-14,3,
dry_bean_uci,dry_bean_uci,89,89,L1-full,556,2-6-14,3,
dry_bean_uci,dry_bean_uci,89,89,L1-full,557,0-7-14,3,
dry_bean_uci,dry_bean_uci,89,89,L1-full,558,0-1-14,3,
dry_bean_uci,dry_bean_uci,89,89,L1-full,559,3-9-13,3,
dry_bean_uci,dry_bean_uci,89,89,L1-full,560,6-7-14,3,
dry_bean_uci,dry_bean_uci,89,89,L1-full,561,1-6-14,3,
dry_bean_uci,dry_bean_uci,89,89,L1-full,562,4-7-13,3,
dry_bean_uci,dry_bean_uci,89,89,L1-full,563,7-9-13,3,
dry_bean_uci,dry_bean_uci,89,89,L1-full,564,0-7-11,3,
dry_bean_uci,dry_bean_uci,89,89,L1-full,565,5-6-13,3,
dry_bean_uci,dry_bean_uci,89,89,L1-full,566,0-5-13,3,
dry_bean_uci,dry_bean_uci,89,89,L1-full,567,0-8-15,3,
dry_bean_uci,dry_bean_uci,89,89,L1-full,568,3-8-15,3,
dry_bean_uci,dry_bean_uci,89,89,L1-full,569,5-9-12,3,
dry_bean_uci,dry_bean_uci,89,89,L1-full,570,6-7-11,3,
dry_bean_uci,dry_bean_uci,89,89,L1-full,571,2-5-10,3,
dry_bean_uci,dry_bean_uci,89,89,L1-full,572,1-4-5,3,
dry_bean_uci,dry_bean_uci,89,89,L1-full,573,2-3-8,3,
dry_bean_uci,dry_bean_uci,89,89,L1-full,574,2-3-4,3,
dry_bean_uci,dry_bean_uci,89,89,L1-full,575,1-2-9,3,
dry_bean_uci,dry_bean_uci,89,89,L1-full,576,7-9-14,3,
dry_bean_uci,dry_bean_uci,89,89,L1-full,577,2-4-7,3,
dry_bean_uci,dry_bean_uci,89,89,L1-full,578,4-7-10,3,
dry_bean_uci,dry_bean_uci,89,89,L1-full,579,5-9,2,
dry_bean_uci,dry_bean_uci,89,89,L1-full,580,1-4-13,3,
dry_bean_uci,dry_bean_uci,89,89,L1-full,581,4-8-14,3,
dry_bean_uci,dry_bean_uci,89,89,L1-full,582,0-2-11,3,
dry_bean_uci,dry_bean_uci,89,89,L1-full,583,0-1-11,3,
dry_bean_uci,dry_bean_uci,89,89,L1-full,584,2-6-11,3,
dry_bean_uci,dry_bean_uci,89,89,L1-full,585,1-6-11,3,
dry_bean_uci,dry_bean_uci,89,89,L1-full,586,1-2-8,3,
dry_bean_uci,dry_bean_uci,89,89,L1-full,587,0-4-7,3,
dry_bean_uci,dry_bean_uci,89,89,L1-full,588,1-8-15,3,
dry_bean_uci,dry_bean_uci,89,89,L1-full,589,0-1-4,3,
dry_bean_uci,dry_bean_uci,89,89,L1-full,590,4-6-7,3,
dry_bean_uci,dry_bean_uci,89,89,L1-full,591,1-4-6,3,
dry_bean_uci,dry_bean_uci,89,89,L1-full,592,1-5-10,3,
dry_bean_uci,dry_bean_uci,89,89,L1-full,593,1-9-13,3,
dry_bean_uci,dry_bean_uci,89,89,L1-full,594,6-8-15,3,
dry_bean_uci,dry_bean_uci,89,89,L1-full,595,0-4-6,3,
dry_bean_uci,dry_bean_uci,89,89,L1-full,596,1-5-9,3,
dry_bean_uci,dry_bean_uci,89,89,L1-full,597,2-7-9,3,
dry_bean_uci,dry_bean_uci,89,89,L1-full,598,0-2-4,3,
dry_bean_uci,dry_bean_uci,89,89,L1-full,599,3-4-13,3,
dry_bean_uci,dry_bean_uci,89,89,L1-full,600,2-4-6,3,
dry_bean_uci,dry_bean_uci,89,89,L1-full,601,0-5-9,3,
dry_bean_uci,dry_bean_uci,89,89,L1-full,602,3-10-11,3,
dry_bean_uci,dry_bean_uci,89,89,L1-full,603,2-8-9,3,
dry_bean_uci,dry_bean_uci,89,89,L1-full,604,5-6-9,3,
dry_bean_uci,dry_bean_uci,89,89,L1-full,605,2-7-8,3,
dry_bean_uci,dry_bean_uci,89,89,L1-full,606,2-6-9,3,
dry_bean_uci,dry_bean_uci,89,89,L1-full,607,8-11-14,3,
dry_bean_uci,dry_bean_uci,89,89,L1-full,608,5-7-9,3,
dry_bean_uci,dry_bean_uci,89,89,L1-top8,1,9-10,2,
dry_bean_uci,dry_bean_uci,89,89,L1-top8,2,10-12,2,
dry_bean_uci,dry_bean_uci,89,89,L1-top8,3,3-12,2,
dry_bean_uci,dry_bean_uci,89,89,L1-top8,4,1-12,2,
dry_bean_uci,dry_bean_uci,89,89,L1-top8,5,7-12,2,
dry_bean_uci,dry_bean_uci,89,89,L1-top8,6,9-10-12,3,
dry_bean_uci,dry_bean_uci,89,89,L1-top8,7,12-15,2,
dry_bean_uci,dry_bean_uci,89,89,L1-top8,8,9-10-15,3,
dry_bean_uci,dry_bean_uci,89,89,L1-match,1,9-10,2,
dry_bean_uci,dry_bean_uci,89,89,SHIL-k8,1,10-12,2,
dry_bean_uci,dry_bean_uci,89,89,SHIL-k8,2,3-12,2,
dry_bean_uci,dry_bean_uci,89,89,SHIL-k8,3,6-12,2,
dry_bean_uci,dry_bean_uci,89,89,SHIL-k8,4,0-12,2,
dry_bean_uci,dry_bean_uci,89,89,SHIL-k8,5,9-10-12,3,
dry_bean_uci,dry_bean_uci,89,89,SHIL-k8,6,1-12,2,
dry_bean_uci,dry_bean_uci,89,89,SHIL-k8,7,3-10,2,
dry_bean_uci,dry_bean_uci,89,89,SHIL-k8,8,10-13,2,
dry_bean_uci,dry_bean_uci,89,89,SC-L1,1,3-12,2,
dry_bean_uci,dry_bean_uci,89,89,SC-L1,2,9-10,2,
dry_bean_uci,dry_bean_uci,89,89,SC-L1,3,10-12,2,
dry_bean_uci,dry_bean_uci,89,89,SC-SHIL,1,10-12,2,
dry_bean_uci,dry_bean_uci,101,101,L1-full,1,9-10,2,
dry_bean_uci,dry_bean_uci,101,101,L1-full,2,10-12,2,
dry_bean_uci,dry_bean_uci,101,101,L1-full,3,3-12,2,
dry_bean_uci,dry_bean_uci,101,101,L1-full,4,9-10-12,3,
dry_bean_uci,dry_bean_uci,101,101,L1-full,5,1-12,2,
dry_bean_uci,dry_bean_uci,101,101,L1-full,6,7-12,2,
dry_bean_uci,dry_bean_uci,101,101,L1-full,7,9-15,2,
dry_bean_uci,dry_bean_uci,101,101,L1-full,8,12-13,2,
dry_bean_uci,dry_bean_uci,101,101,L1-full,9,9-10-15,3,
dry_bean_uci,dry_bean_uci,101,101,L1-full,10,12-15,2,
dry_bean_uci,dry_bean_uci,101,101,L1-full,11,2-12,2,
dry_bean_uci,dry_bean_uci,101,101,L1-full,12,4-11-14,3,
dry_bean_uci,dry_bean_uci,101,101,L1-full,13,6-12,2,
dry_bean_uci,dry_bean_uci,101,101,L1-full,14,0-12,2,
dry_bean_uci,dry_bean_uci,101,101,L1-full,15,3-7-12,3,
dry_bean_uci,dry_bean_uci,101,101,L1-full,16,10-15,2,
dry_bean_uci,dry_bean_uci,101,101,L1-full,17,1-3-12,3,
dry_bean_uci,dry_bean_uci,101,101,L1-full,18,3-9-10,3,
dry_bean_uci,dry_bean_uci,101,101,L1-full,19,1-9-10,3,
dry_bean_uci,dry_bean_uci,101,101,L1-full,20,4-5-11,3,
dry_bean_uci,dry_bean_uci,101,101,L1-full,21,1-7-12,3,
dry_bean_uci,dry_bean_uci,101,101,L1-full,22,1-10,2,
dry_bean_uci,dry_bean_uci,101,101,L1-full,23,4-5-14,3,
dry_bean_uci,dry_bean_uci,101,101,L1-full,24,13-15,2,
dry_bean_uci,dry_bean_uci,101,101,L1-full,25,5-11-14,3,
dry_bean_uci,dry_bean_uci,101,101,L1-full,26,3-10,2,
dry_bean_uci,dry_bean_uci,101,101,L1-full,27,1-3,2,
dry_bean_uci,dry_bean_uci,101,101,L1-full,28,7-9-10,3,
dry_bean_uci,dry_bean_uci,101,101,L1-full,29,10-13,2,
dry_bean_uci,dry_bean_uci,101,101,L1-full,30,3-7,2,
dry_bean_uci,dry_bean_uci,101,101,L1-full,31,2-7-12,3,
dry_bean_uci,dry_bean_uci,101,101,L1-full,32,9-10-13,3,
dry_bean_uci,dry_bean_uci,101,101,L1-full,33,3-13,2,
dry_bean_uci,dry_bean_uci,101,101,L1-full,34,2-3-12,3,
dry_bean_uci,dry_bean_uci,101,101,L1-full,35,14-15,2,
dry_bean_uci,dry_bean_uci,101,101,L1-full,36,1-2-12,3,
dry_bean_uci,dry_bean_uci,101,101,L1-full,37,1-7,2,
dry_bean_uci,dry_bean_uci,101,101,L1-full,38,0-3-12,3,
dry_bean_uci,dry_bean_uci,101,101,L1-full,39,3-6-12,3,
dry_bean_uci,dry_bean_uci,101,101,L1-full,40,11-15,2,
dry_bean_uci,dry_bean_uci,101,101,L1-full,41,5-12,2,
dry_bean_uci,dry_bean_uci,101,101,L1-full,42,7-10,2,
dry_bean_uci,dry_bean_uci,101,101,L1-full,43,2-3,2,
dry_bean_uci,dry_bean_uci,101,101,L1-full,44,5-13,2,
dry_bean_uci,dry_bean_uci,101,101,L1-full,45,2-9-10,3,
dry_bean_uci,dry_bean_uci,101,101,L1-full,46,3-6,2,
dry_bean_uci,dry_bean_uci,101,101,L1-full,47,1-13,2,
dry_bean_uci,dry_bean_uci,101,101,L1-full,48,0-3,2,
dry_bean_uci,dry_bean_uci,101,101,L1-full,49,0-6,2,
dry_bean_uci,dry_bean_uci,101,101,L1-full,50,0-7-12,3,
dry_bean_uci,dry_bean_uci,101,101,L1-full,51,6-7-12,3,
dry_bean_uci,dry_bean_uci,101,101,L1-full,52,1-10-12,3,
dry_bean_uci,dry_bean_uci,101,101,L1-full,53,7-13,2,
dry_bean_uci,dry_bean_uci,101,101,L1-full,54,4-11-13,3,
dry_bean_uci,dry_bean_uci,101,101,L1-full,55,1-6,2,
dry_bean_uci,dry_bean_uci,101,101,L1-full,56,5-15,2,
dry_bean_uci,dry_bean_uci,101,101,L1-full,57,1-6-12,3,
dry_bean_uci,dry_bean_uci,101,101,L1-full,58,0-1-12,3,
dry_bean_uci,dry_bean_uci,101,101,L1-full,59,0-1,2,
dry_bean_uci,dry_bean_uci,101,101,L1-full,60,1-3-7,3,
dry_bean_uci,dry_bean_uci,101,101,L1-full,61,4-13-14,3,
dry_bean_uci,dry_bean_uci,101,101,L1-full,62,1-15,2,
dry_bean_uci,dry_bean_uci,101,101,L1-full,63,7-15,2,
dry_bean_uci,dry_bean_uci,101,101,L1-full,64,9-12-15,3,
dry_bean_uci,dry_bean_uci,101,101,L1-full,65,1-2,2,
dry_bean_uci,dry_bean_uci,101,101,L1-full,66,9-12,2,
dry_bean_uci,dry_bean_uci,101,101,L1-full,67,12-14,2,
dry_bean_uci,dry_bean_uci,101,101,L1-full,68,6-7,2,
dry_bean_uci,dry_bean_uci,101,101,L1-full,69,8-10,2,
dry_bean_uci,dry_bean_uci,101,101,L1-full,70,2-7,2,
dry_bean_uci,dry_bean_uci,101,101,L1-full,71,0-7,2,
dry_bean_uci,dry_bean_uci,101,101,L1-full,72,4-9-15,3,
dry_bean_uci,dry_bean_uci,101,101,L1-full,73,11-14,2,
dry_bean_uci,dry_bean_uci,101,101,L1-full,74,11-13-14,3,
dry_bean_uci,dry_bean_uci,101,101,L1-full,75,1-2-7,3,
dry_bean_uci,dry_bean_uci,101,101,L1-full,76,6-9-10,3,
dry_bean_uci,dry_bean_uci,101,101,L1-full,77,4-11,2,
dry_bean_uci,dry_bean_uci,101,101,L1-full,78,9-13-15,3,
dry_bean_uci,dry_bean_uci,101,101,L1-full,79,11-12,2,
dry_bean_uci,dry_bean_uci,101,101,L1-full,80,0-9-10,3,
dry_bean_uci,dry_bean_uci,101,101,L1-full,81,2-15,2,
dry_bean_uci,dry_bean_uci,101,101,L1-full,82,4-15,2,
dry_bean_uci,dry_bean_uci,101,101,L1-full,83,3-15,2,
dry_bean_uci,dry_bean_uci,101,101,L1-full,84,13-14,2,
dry_bean_uci,dry_bean_uci,101,101,L1-full,85,0-2-12,3,
dry_bean_uci,dry_bean_uci,101,101,L1-full,86,2-6-12,3,
dry_bean_uci,dry_bean_uci,101,101,L1-full,87,4-14,2,
dry_bean_uci,dry_bean_uci,101,101,L1-full,88,4-12,2,
dry_bean_uci,dry_bean_uci,101,101,L1-full,89,2-3-7,3,
dry_bean_uci,dry_bean_uci,101,101,L1-full,90,5-14,2,
dry_bean_uci,dry_bean_uci,101,101,L1-full,91,0-6-12,3,
dry_bean_uci,dry_bean_uci,101,101,L1-full,92,1-2-3,3,
dry_bean_uci,dry_bean_uci,101,101,L1-full,93,2-6,2,
dry_bean_uci,dry_bean_uci,101,101,L1-full,94,3-10-12,3,
dry_bean_uci,dry_bean_uci,101,101,L1-full,95,0-2,2,
dry_bean_uci,dry_bean_uci,101,101,L1-full,96,2-10,2,
dry_bean_uci,dry_bean_uci,101,101,L1-full,97,9-10-14,3,
dry_bean_uci,dry_bean_uci,101,101,L1-full,98,1-3-6,3,
dry_bean_uci,dry_bean_uci,101,101,L1-full,99,11-13,2,
dry_bean_uci,dry_bean_uci,101,101,L1-full,100,0-1-3,3,
dry_bean_uci,dry_bean_uci,101,101,L1-full,101,5-11,2,
dry_bean_uci,dry_bean_uci,101,101,L1-full,102,2-13,2,
dry_bean_uci,dry_bean_uci,101,101,L1-full,103,9-10-11,3,
dry_bean_uci,dry_bean_uci,101,101,L1-full,104,5-9-10,3,
dry_bean_uci,dry_bean_uci,101,101,L1-full,105,3-6-7,3,
dry_bean_uci,dry_bean_uci,101,101,L1-full,106,0-3-7,3,
dry_bean_uci,dry_bean_uci,101,101,L1-full,107,1-6-7,3,
dry_bean_uci,dry_bean_uci,101,101,L1-full,108,0-1-7,3,
dry_bean_uci,dry_bean_uci,101,101,L1-full,109,1-9-15,3,
dry_bean_uci,dry_bean_uci,101,101,L1-full,110,0-3-6,3,
dry_bean_uci,dry_bean_uci,101,101,L1-full,111,5-13-14,3,
dry_bean_uci,dry_bean_uci,101,101,L1-full,112,5-11-13,3,
dry_bean_uci,dry_bean_uci,101,101,L1-full,113,1-3-10,3,
dry_bean_uci,dry_bean_uci,101,101,L1-full,114,4-5-13,3,
dry_bean_uci,dry_bean_uci,101,101,L1-full,115,0-1-6,3,
dry_bean_uci,dry_bean_uci,101,101,L1-full,116,1-2-6,3,
dry_bean_uci,dry_bean_uci,101,101,L1-full,117,0-1-2,3,
dry_bean_uci,dry_bean_uci,101,101,L1-full,118,6-13,2,
dry_bean_uci,dry_bean_uci,101,101,L1-full,119,12-13-15,3,
dry_bean_uci,dry_bean_uci,101,101,L1-full,120,0-13,2,
dry_bean_uci,dry_bean_uci,101,101,L1-full,121,4-10-11,3,
dry_bean_uci,dry_bean_uci,101,101,L1-full,122,2-6-7,3,
dry_bean_uci,dry_bean_uci,101,101,L1-full,123,0-2-7,3,
dry_bean_uci,dry_bean_uci,101,101,L1-full,124,2-3-6,3,
dry_bean_uci,dry_bean_uci,101,101,L1-full,125,3-5,2,
dry_bean_uci,dry_bean_uci,101,101,L1-full,126,0-2-3,3,
dry_bean_uci,dry_bean_uci,101,101,L1-full,127,11-12-14,3,
dry_bean_uci,dry_bean_uci,101,101,L1-full,128,1-7-10,3,
dry_bean_uci,dry_bean_uci,101,101,L1-full,129,5-9-15,3,
dry_bean_uci,dry_bean_uci,101,101,L1-full,130,11-14-15,3,
dry_bean_uci,dry_bean_uci,101,101,L1-full,131,0-6-7,3,
dry_bean_uci,dry_bean_uci,101,101,L1-full,132,9-14-15,3,
dry_bean_uci,dry_bean_uci,101,101,L1-full,133,4-11-12,3,
dry_bean_uci,dry_bean_uci,101,101,L1-full,134,4-11-15,3,
dry_bean_uci,dry_bean_uci,101,101,L1-full,135,0-2-6,3,
dry_bean_uci,dry_bean_uci,101,101,L1-full,136,5-12-14,3,
dry_bean_uci,dry_bean_uci,101,101,L1-full,137,3-9-15,3,
dry_bean_uci,dry_bean_uci,101,101,L1-full,138,6-10,2,
dry_bean_uci,dry_bean_uci,101,101,L1-full,139,4-9-10,3,
dry_bean_uci,dry_bean_uci,101,101,L1-full,140,4-10-14,3,
dry_bean_uci,dry_bean_uci,101,101,L1-full,141,9-11-15,3,
dry_bean_uci,dry_bean_uci,101,101,L1-full,142,0-6-13,3,
dry_bean_uci,dry_bean_uci,101,101,L1-full,143,4-12-14,3,
dry_bean_uci,dry_bean_uci,101,101,L1-full,144,0-10,2,
dry_bean_uci,dry_bean_uci,101,101,L1-full,145,4-14-15,3,
dry_bean_uci,dry_bean_uci,101,101,L1-full,146,5-11-12,3,
dry_bean_uci,dry_bean_uci,101,101,L1-full,147,5-12-13,3,
dry_bean_uci,dry_bean_uci,101,101,L1-full,148,4-5,2,
dry_bean_uci,dry_bean_uci,101,101,L1-full,149,5-7,2,
dry_bean_uci,dry_bean_uci,101,101,L1-full,150,7-10-12,3,
dry_bean_uci,dry_bean_uci,101,101,L1-full,151,1-2-10,3,
dry_bean_uci,dry_bean_uci,101,101,L1-full,152,1-5,2,
dry_bean_uci,dry_bean_uci,101,101,L1-full,153,10-11-14,3,
dry_bean_uci,dry_bean_uci,101,101,L1-full,154,2-5,2,
dry_bean_uci,dry_bean_uci,101,101,L1-full,155,10-12-13,3,
dry_bean_uci,dry_bean_uci,101,101,L1-full,156,4-13,2,
dry_bean_uci,dry_bean_uci,101,101,L1-full,157,5-6,2,
dry_bean_uci,dry_bean_uci,101,101,L1-full,158,0-5,2,
dry_bean_uci,dry_bean_uci,101,101,L1-full,159,7-12-15,3,
dry_bean_uci,dry_bean_uci,101,101,L1-full,160,1-10-15,3,
dry_bean_uci,dry_bean_uci,101,101,L1-full,161,7-12-13,3,
dry_bean_uci,dry_bean_uci,101,101,L1-full,162,2-12-13,3,
dry_bean_uci,dry_bean_uci,101,101,L1-full,163,4-10,2,
dry_bean_uci,dry_bean_uci,101,101,L1-full,164,3-6-13,3,
dry_bean_uci,dry_bean_uci,101,101,L1-full,165,0-3-13,3,
dry_bean_uci,dry_bean_uci,101,101,L1-full,166,4-5-12,3,
dry_bean_uci,dry_bean_uci,101,101,L1-full,167,1-6-13,3,
dry_bean_uci,dry_bean_uci,101,101,L1-full,168,1-12-13,3,
dry_bean_uci,dry_bean_uci,101,101,L1-full,169,0-1-13,3,
dry_bean_uci,dry_bean_uci,101,101,L1-full,170,0-15,2,
dry_bean_uci,dry_bean_uci,101,101,L1-full,171,1-6-10,3,
dry_bean_uci,dry_bean_uci,101,101,L1-full,172,2-6-13,3,
dry_bean_uci,dry_bean_uci,101,101,L1-full,173,0-2-13,3,
dry_bean_uci,dry_bean_uci,101,101,L1-full,174,6-15,2,
dry_bean_uci,dry_bean_uci,101,101,L1-full,175,0-1-10,3,
dry_bean_uci,dry_bean_uci,101,101,L1-full,176,2-12-15,3,
dry_bean_uci,dry_bean_uci,101,101,L1-full,177,3-4,2,
dry_bean_uci,dry_bean_uci,101,101,L1-full,178,2-7-13,3,
dry_bean_uci,dry_bean_uci,101,101,L1-full,179,6-7-13,3,
dry_bean_uci,dry_bean_uci,101,101,L1-full,180,0-7-13,3,
dry_bean_uci,dry_bean_uci,101,101,L1-full,181,13-14-15,3,
dry_bean_uci,dry_bean_uci,101,101,L1-full,182,8-15,2,
dry_bean_uci,dry_bean_uci,101,101,L1-full,183,1-2-13,3,
dry_bean_uci,dry_bean_uci,101,101,L1-full,184,12-13-14,3,
dry_bean_uci,dry_bean_uci,101,101,L1-full,185,4-9-11,3,
dry_bean_uci,dry_bean_uci,101,101,L1-full,186,2-9-15,3,
dry_bean_uci,dry_bean_uci,101,101,L1-full,187,4-5-10,3,
dry_bean_uci,dry_bean_uci,101,101,L1-full,188,1-12-15,3,
dry_bean_uci,dry_bean_uci,101,101,L1-full,189,11-13-15,3,
dry_bean_uci,dry_bean_uci,101,101,L1-full,190,2-3-13,3,
dry_bean_uci,dry_bean_uci,101,101,L1-full,191,3-12-13,3,
dry_bean_uci,dry_bean_uci,101,101,L1-full,192,5-13-15,3,
dry_bean_uci,dry_bean_uci,101,101,L1-full,193,1-7-13,3,
dry_bean_uci,dry_bean_uci,101,101,L1-full,194,5-10-11,3,
dry_bean_uci,dry_bean_uci,101,101,L1-full,195,3-14,2,
dry_bean_uci,dry_bean_uci,101,101,L1-full,196,3-7-10,3,
dry_bean_uci,dry_bean_uci,101,101,L1-full,197,3-12-15,3,
dry_bean_uci,dry_bean_uci,101,101,L1-full,198,5-14-15,3,
dry_bean_uci,dry_bean_uci,101,101,L1-full,199,1-10-13,3,
dry_bean_uci,dry_bean_uci,101,101,L1-full,200,7-9-15,3,
dry_bean_uci,dry_bean_uci,101,101,L1-full,201,1-3-13,3,
dry_bean_uci,dry_bean_uci,101,101,L1-full,202,5-10-14,3,
dry_bean_uci,dry_bean_uci,101,101,L1-full,203,4-10-13,3,
dry_bean_uci,dry_bean_uci,101,101,L1-full,204,1-9,2,
dry_bean_uci,dry_bean_uci,101,101,L1-full,205,4-9-14,3,
dry_bean_uci,dry_bean_uci,101,101,L1-full,206,5-11-15,3,
dry_bean_uci,dry_bean_uci,101,101,L1-full,207,5-10,2,
dry_bean_uci,dry_bean_uci,101,101,L1-full,208,11-12-13,3,
dry_bean_uci,dry_bean_uci,101,101,L1-full,209,3-11,2,
dry_bean_uci,dry_bean_uci,101,101,L1-full,210,0-12-13,3,
dry_bean_uci,dry_bean_uci,101,101,L1-full,211,6-12-13,3,
dry_bean_uci,dry_bean_uci,101,101,L1-full,212,2-4,2,
dry_bean_uci,dry_bean_uci,101,101,L1-full,213,3-7-13,3,
dry_bean_uci,dry_bean_uci,101,101,L1-full,214,3-4-11,3,
dry_bean_uci,dry_bean_uci,101,101,L1-full,215,10-11-13,3,
dry_bean_uci,dry_bean_uci,101,101,L1-full,216,3-5-12,3,
dry_bean_uci,dry_bean_uci,101,101,L1-full,217,2-13-15,3,
dry_bean_uci,dry_bean_uci,101,101,L1-full,218,2-10-12,3,
dry_bean_uci,dry_bean_uci,101,101,L1-full,219,3-11-14,3,
dry_bean_uci,dry_bean_uci,101,101,L1-full,220,10-11-15,3,
dry_bean_uci,dry_bean_uci,101,101,L1-full,221,1-4,2,
dry_bean_uci,dry_bean_uci,101,101,L1-full,222,3-4-14,3,
dry_bean_uci,dry_bean_uci,101,101,L1-full,223,10-13-14,3,
dry_bean_uci,dry_bean_uci,101,101,L1-full,224,3-5-14,3,
dry_bean_uci,dry_bean_uci,101,101,L1-full,225,4-7,2,
dry_bean_uci,dry_bean_uci,101,101,L1-full,226,10-14-15,3,
dry_bean_uci,dry_bean_uci,101,101,L1-full,227,6-10-12,3,
dry_bean_uci,dry_bean_uci,101,101,L1-full,228,7-13-15,3,
dry_bean_uci,dry_bean_uci,101,101,L1-full,229,3-5-11,3,
dry_bean_uci,dry_bean_uci,101,101,L1-full,230,3-12-14,3,
dry_bean_uci,dry_bean_uci,101,101,L1-full,231,0-10-12,3,
dry_bean_uci,dry_bean_uci,101,101,L1-full,232,3-11-12,3,
dry_bean_uci,dry_bean_uci,101,101,L1-full,233,10-11,2,
dry_bean_uci,dry_bean_uci,101,101,L1-full,234,7-14,2,
dry_bean_uci,dry_bean_uci,101,101,L1-full,235,2-14,2,
dry_bean_uci,dry_bean_uci,101,101,L1-full,236,2-3-10,3,
dry_bean_uci,dry_bean_uci,101,101,L1-full,237,4-5-9,3,
dry_bean_uci,dry_bean_uci,101,101,L1-full,238,3-5-13,3,
dry_bean_uci,dry_bean_uci,101,101,L1-full,239,2-7-10,3,
dry_bean_uci,dry_bean_uci,101,101,L1-full,240,8-12,2,
dry_bean_uci,dry_bean_uci,101,101,L1-full,241,3-6-10,3,
dry_bean_uci,dry_bean_uci,101,101,L1-full,242,4-10-15,3,
dry_bean_uci,dry_bean_uci,101,101,L1-full,243,4-5-15,3,
dry_bean_uci,dry_bean_uci,101,101,L1-full,244,4-13-15,3,
dry_bean_uci,dry_bean_uci,101,101,L1-full,245,10-14,2,
dry_bean_uci,dry_bean_uci,101,101,L1-full,246,0-3-10,3,
dry_bean_uci,dry_bean_uci,101,101,L1-full,247,2-4-11,3,
dry_bean_uci,dry_bean_uci,101,101,L1-full,248,3-4-12,3,
dry_bean_uci,dry_bean_uci,101,101,L1-full,249,5-10-15,3,
dry_bean_uci,dry_bean_uci,101,101,L1-full,250,5-10-13,3,
dry_bean_uci,dry_bean_uci,101,101,L1-full,251,9-13,2,
dry_bean_uci,dry_bean_uci,101,101,L1-full,252,3-4-5,3,
dry_bean_uci,dry_bean_uci,101,101,L1-full,253,2-6-10,3,
dry_bean_uci,dry_bean_uci,101,101,L1-full,254,6-7-10,3,
dry_bean_uci,dry_bean_uci,101,101,L1-full,255,5-12-15,3,
dry_bean_uci,dry_bean_uci,101,101,L1-full,256,0-6-10,3,
dry_bean_uci,dry_bean_uci,101,101,L1-full,257,4-9,2,
dry_bean_uci,dry_bean_uci,101,101,L1-full,258,0-2-10,3,
dry_bean_uci,dry_bean_uci,101,101,L1-full,259,2-10-15,3,
dry_bean_uci,dry_bean_uci,101,101,L1-full,260,2-4-14,3,
dry_bean_uci,dry_bean_uci,101,101,L1-full,261,0-7-10,3,
dry_bean_uci,dry_bean_uci,101,101,L1-full,262,2-11,2,
dry_bean_uci,dry_bean_uci,101,101,L1-full,263,7-11,2,
dry_bean_uci,dry_bean_uci,101,101,L1-full,264,6-9-15,3,
dry_bean_uci,dry_bean_uci,101,101,L1-full,265,2-14-15,3,
dry_bean_uci,dry_bean_uci,101,101,L1-full,266,2-11-14,3,
dry_bean_uci,dry_bean_uci,101,101,L1-full,267,2-11-15,3,
dry_bean_uci,dry_bean_uci,101,101,L1-full,268,1-13-15,3,
dry_bean_uci,dry_bean_uci,101,101,L1-full,269,2-5-13,3,
dry_bean_uci,dry_bean_uci,101,101,L1-full,270,5-7-12,3,
dry_bean_uci,dry_bean_uci,101,101,L1-full,271,0-9-15,3,
dry_bean_uci,dry_bean_uci,101,101,L1-full,272,1-14,2,
dry_bean_uci,dry_bean_uci,101,101,L1-full,273,6-10-15,3,
dry_bean_uci,dry_bean_uci,101,101,L1-full,274,2-13-14,3,
dry_bean_uci,dry_bean_uci,101,101,L1-full,275,4-10-12,3,
dry_bean_uci,dry_bean_uci,101,101,L1-full,276,4-12-13,3,
dry_bean_uci,dry_bean_uci,101,101,L1-full,277,10-13-15,3,
dry_bean_uci,dry_bean_uci,101,101,L1-full,278,3-9,2,
dry_bean_uci,dry_bean_uci,101,101,L1-full,279,4-6,2,
dry_bean_uci,dry_bean_uci,101,101,L1-full,280,2-11-13,3,
dry_bean_uci,dry_bean_uci,101,101,L1-full,281,2-7-15,3,
dry_bean_uci,dry_bean_uci,101,101,L1-full,282,0-10-15,3,
dry_bean_uci,dry_bean_uci,101,101,L1-full,283,0-4,2,
dry_bean_uci,dry_bean_uci,101,101,L1-full,284,0-12-15,3,
dry_bean_uci,dry_bean_uci,101,101,L1-full,285,5-7-13,3,
dry_bean_uci,dry_bean_uci,101,101,L1-full,286,6-12-15,3,
dry_bean_uci,dry_bean_uci,101,101,L1-full,287,9-11-14,3,
dry_bean_uci,dry_bean_uci,101,101,L1-full,288,1-5-13,3,
dry_bean_uci,dry_bean_uci,101,101,L1-full,289,1-5-12,3,
dry_bean_uci,dry_bean_uci,101,101,L1-full,290,2-5-15,3,
dry_bean_uci,dry_bean_uci,101,101,L1-full,291,8-9-10,3,
dry_bean_uci,dry_bean_uci,101,101,L1-full,292,1-4-10,3,
dry_bean_uci,dry_bean_uci,101,101,L1-full,293,2-5-14,3,
dry_bean_uci,dry_bean_uci,101,101,L1-full,294,1-11,2,
dry_bean_uci,dry_bean_uci,101,101,L1-full,295,2-5-11,3,
dry_bean_uci,dry_bean_uci,101,101,L1-full,296,2-4-13,3,
dry_bean_uci,dry_bean_uci,101,101,L1-full,297,3-10-15,3,
dry_bean_uci,dry_bean_uci,101,101,L1-full,298,7-10-15,3,
dry_bean_uci,dry_bean_uci,101,101,L1-full,299,2-4-15,3,
dry_bean_uci,dry_bean_uci,101,101,L1-full,300,3-13-15,3,
dry_bean_uci,dry_bean_uci,101,101,L1-full,301,1-7-15,3,
dry_bean_uci,dry_bean_uci,101,101,L1-full,302,3-10-13,3,
dry_bean_uci,dry_bean_uci,101,101,L1-full,303,2-4-5,3,
dry_bean_uci,dry_bean_uci,101,101,L1-full,304,8-9-15,3,
dry_bean_uci,dry_bean_uci,101,101,L1-full,305,10-12-15,3,
dry_bean_uci,dry_bean_uci,101,101,L1-full,306,3-13-14,3,
dry_bean_uci,dry_bean_uci,101,101,L1-full,307,8-13,2,
dry_bean_uci,dry_bean_uci,101,101,L1-full,308,2-5-12,3,
dry_bean_uci,dry_bean_uci,101,101,L1-full,309,0-13-15,3,
dry_bean_uci,dry_bean_uci,101,101,L1-full,310,6-13-15,3,
dry_bean_uci,dry_bean_uci,101,101,L1-full,311,4-9-13,3,
dry_bean_uci,dry_bean_uci,101,101,L1-full,312,7-10-13,3,
dry_bean_uci,dry_bean_uci,101,101,L1-full,313,1-2-15,3,
dry_bean_uci,dry_bean_uci,101,101,L1-full,314,2-10-13,3,
dry_bean_uci,dry_bean_uci,101,101,L1-full,315,2-4-10,3,
dry_bean_uci,dry_bean_uci,101,101,L1-full,316,5-9-11,3,
dry_bean_uci,dry_bean_uci,101,101,L1-full,317,3-7-15,3,
dry_bean_uci,dry_bean_uci,101,101,L1-full,318,8-10-15,3,
dry_bean_uci,dry_bean_uci,101,101,L1-full,319,5-9-14,3,
dry_bean_uci,dry_bean_uci,101,101,L1-full,320,1-3-15,3,
dry_bean_uci,dry_bean_uci,101,101,L1-full,321,7-9,2,
dry_bean_uci,dry_bean_uci,101,101,L1-full,322,5-7-15,3,
dry_bean_uci,dry_bean_uci,101,101,L1-full,323,7-12-14,3,
dry_bean_uci,dry_bean_uci,101,101,L1-full,324,1-5-15,3,
dry_bean_uci,dry_bean_uci,101,101,L1-full,325,1-9-12,3,
dry_bean_uci,dry_bean_uci,101,101,L1-full,326,1-13-14,3,
dry_bean_uci,dry_bean_uci,101,101,L1-full,327,3-11-13,3,
dry_bean_uci,dry_bean_uci,101,101,L1-full,328,2-3-15,3,
dry_bean_uci,dry_bean_uci,101,101,L1-full,329,7-13-14,3,
dry_bean_uci,dry_bean_uci,101,101,L1-full,330,0-14,2,
dry_bean_uci,dry_bean_uci,101,101,L1-full,331,6-14,2,
dry_bean_uci,dry_bean_uci,101,101,L1-full,332,0-9,2,
dry_bean_uci,dry_bean_uci,101,101,L1-full,333,6-14-15,3,
dry_bean_uci,dry_bean_uci,101,101,L1-full,334,12-14-15,3,
dry_bean_uci,dry_bean_uci,101,101,L1-full,335,1-11-13,3,
dry_bean_uci,dry_bean_uci,101,101,L1-full,336,5-6-12,3,
dry_bean_uci,dry_bean_uci,101,101,L1-full,337,7-11-12,3,
dry_bean_uci,dry_bean_uci,101,101,L1-full,338,0-5-12,3,
dry_bean_uci,dry_bean_uci,101,101,L1-full,339,2-9,2,
dry_bean_uci,dry_bean_uci,101,101,L1-full,340,0-14-15,3,
dry_bean_uci,dry_bean_uci,101,101,L1-full,341,6-11-15,3,
dry_bean_uci,dry_bean_uci,101,101,L1-full,342,1-14-15,3,
dry_bean_uci,dry_bean_uci,101,101,L1-full,343,6-9,2,
dry_bean_uci,dry_bean_uci,101,101,L1-full,344,7-11-13,3,
dry_bean_uci,dry_bean_uci,101,101,L1-full,345,7-14-15,3,
dry_bean_uci,dry_bean_uci,101,101,L1-full,346,1-12-14,3,
dry_bean_uci,dry_bean_uci,101,101,L1-full,347,0-11-15,3,
dry_bean_uci,dry_bean_uci,101,101,L1-full,348,1-10-11,3,
dry_bean_uci,dry_bean_uci,101,101,L1-full,349,0-2-15,3,
dry_bean_uci,dry_bean_uci,101,101,L1-full,350,0-1-15,3,
dry_bean_uci,dry_bean_uci,101,101,L1-full,351,5-6-15,3,
dry_bean_uci,dry_bean_uci,101,101,L1-full,352,1-6-15,3,
dry_bean_uci,dry_bean_uci,101,101,L1-full,353,1-11-15,3,
dry_bean_uci,dry_bean_uci,101,101,L1-full,354,5-7-14,3,
dry_bean_uci,dry_bean_uci,101,101,L1-full,355,2-6-15,3,
dry_bean_uci,dry_bean_uci,101,101,L1-full,356,1-3-9,3,
dry_bean_uci,dry_bean_uci,101,101,L1-full,357,5-8-15,3,
dry_bean_uci,dry_bean_uci,101,101,L1-full,358,0-11,2,
dry_bean_uci,dry_bean_uci,101,101,L1-full,359,6-11,2,
dry_bean_uci,dry_bean_uci,101,101,L1-full,360,0-5-15,3,
dry_bean_uci,dry_bean_uci,101,101,L1-full,361,2-10-11,3,
dry_bean_uci,dry_bean_uci,101,101,L1-full,362,3-8-12,3,
dry_bean_uci,dry_bean_uci,101,101,L1-full,363,0-7-15,3,
dry_bean_uci,dry_bean_uci,101,101,L1-full,364,5-8,2,
dry_bean_uci,dry_bean_uci,101,101,L1-full,365,0-3-15,3,
dry_bean_uci,dry_bean_uci,101,101,L1-full,366,1-5-14,3,
dry_bean_uci,dry_bean_uci,101,101,L1-full,367,3-4-10,3,
dry_bean_uci,dry_bean_uci,101,101,L1-full,368,3-6-15,3,
dry_bean_uci,dry_bean_uci,101,101,L1-full,369,7-11-15,3,
dry_bean_uci,dry_bean_uci,101,101,L1-full,370,2-12-14,3,
dry_bean_uci,dry_bean_uci,101,101,L1-full,371,6-7-15,3,
dry_bean_uci,dry_bean_uci,101,101,L1-full,372,4-6-11,3,
dry_bean_uci,dry_bean_uci,101,101,L1-full,373,7-11-14,3,
dry_bean_uci,dry_bean_uci,101,101,L1-full,374,0-4-11,3,
dry_bean_uci,dry_bean_uci,101,101,L1-full,375,1-11-12,3,
dry_bean_uci,dry_bean_uci,101,101,L1-full,376,5-7-11,3,
dry_bean_uci,dry_bean_uci,101,101,L1-full,377,0-5-13,3,
dry_bean_uci,dry_bean_uci,101,101,L1-full,378,1-8,2,
dry_bean_uci,dry_bean_uci,101,101,L1-full,379,5-6-13,3,
dry_bean_uci,dry_bean_uci,101,101,L1-full,380,6-11-14,3,
dry_bean_uci,dry_bean_uci,101,101,L1-full,381,0-11-14,3,
dry_bean_uci,dry_bean_uci,101,101,L1-full,382,6-10-13,3,
dry_bean_uci,dry_bean_uci,101,101,L1-full,383,0-6-15,3,
dry_bean_uci,dry_bean_uci,101,101,L1-full,384,4-6-15,3,
dry_bean_uci,dry_bean_uci,101,101,L1-full,385,11-12-15,3,
dry_bean_uci,dry_bean_uci,101,101,L1-full,386,1-10-14,3,
dry_bean_uci,dry_bean_uci,101,101,L1-full,387,1-11-14,3,
dry_bean_uci,dry_bean_uci,101,101,L1-full,388,4-6-14,3,
dry_bean_uci,dry_bean_uci,101,101,L1-full,389,0-4-14,3,
dry_bean_uci,dry_bean_uci,101,101,L1-full,390,4-7-10,3,
dry_bean_uci,dry_bean_uci,101,101,L1-full,391,0-10-13,3,
dry_bean_uci,dry_bean_uci,101,101,L1-full,392,1-5-11,3,
dry_bean_uci,dry_bean_uci,101,101,L1-full,393,1-4-15,3,
dry_bean_uci,dry_bean_uci,101,101,L1-full,394,2-10-14,3,
dry_bean_uci,dry_bean_uci,101,101,L1-full,395,2-4-9,3,
dry_bean_uci,dry_bean_uci,101,101,L1-full,396,1-8-10,3,
dry_bean_uci,dry_bean_uci,101,101,L1-full,397,0-4-15,3,
dry_bean_uci,dry_bean_uci,101,101,L1-full,398,8-13-15,3,
dry_bean_uci,dry_bean_uci,101,101,L1-full,399,9-12-13,3,
dry_bean_uci,dry_bean_uci,101,101,L1-full,400,1-2-4,3,
dry_bean_uci,dry_bean_uci,101,101,L1-full,401,3-4-13,3,
dry_bean_uci,dry_bean_uci,101,101,L1-full,402,6-8-10,3,
dry_bean_uci,dry_bean_uci,101,101,L1-full,403,3-5-15,3,
dry_bean_uci,dry_bean_uci,101,101,L1-full,404,0-5-6,3,
dry_bean_uci,dry_bean_uci,101,101,L1-full,405,0-8-10,3,
dry_bean_uci,dry_bean_uci,101,101,L1-full,406,4-7-11,3,
dry_bean_uci,dry_bean_uci,101,101,L1-full,407,10-11-12,3,
dry_bean_uci,dry_bean_uci,101,101,L1-full,408,8-9,2,
dry_bean_uci,dry_bean_uci,101,101,L1-full,409,1-7-9,3,
dry_bean_uci,dry_bean_uci,101,101,L1-full,410,2-11-12,3,
dry_bean_uci,dry_bean_uci,101,101,L1-full,411,1-4-13,3,
dry_bean_uci,dry_bean_uci,101,101,L1-full,412,1-4-11,3,
dry_bean_uci,dry_bean_uci,101,101,L1-full,413,0-5-14,3,
dry_bean_uci,dry_bean_uci,101,101,L1-full,414,5-6-14,3,
dry_bean_uci,dry_bean_uci,101,101,L1-full,415,4-7-14,3,
dry_bean_uci,dry_bean_uci,101,101,L1-full,416,8-14-15,3,
dry_bean_uci,dry_bean_uci,101,101,L1-full,417,8-12-15,3,
dry_bean_uci,dry_bean_uci,101,101,L1-full,418,1-2-11,3,
dry_bean_uci,dry_bean_uci,101,101,L1-full,419,3-9-14,3,
dry_bean_uci,dry_bean_uci,101,101,L1-full,420,1-2-14,3,
dry_bean_uci,dry_bean_uci,101,101,L1-full,421,2-8-10,3,
dry_bean_uci,dry_bean_uci,101,101,L1-full,422,8-14,2,
dry_bean_uci,dry_bean_uci,101,101,L1-full,423,0-5-11,3,
dry_bean_uci,dry_bean_uci,101,101,L1-full,424,5-6-11,3,
dry_bean_uci,dry_bean_uci,101,101,L1-full,425,1-4-14,3,
dry_bean_uci,dry_bean_uci,101,101,L1-full,426,0-12-14,3,
dry_bean_uci,dry_bean_uci,101,101,L1-full,427,6-12-14,3,
dry_bean_uci,dry_bean_uci,101,101,L1-full,428,9-11,2,
dry_bean_uci,dry_bean_uci,101,101,L1-full,429,3-8,2,
dry_bean_uci,dry_bean_uci,101,101,L1-full,430,4-7-12,3,
dry_bean_uci,dry_bean_uci,101,101,L1-full,431,3-9-11,3,
dry_bean_uci,dry_bean_uci,101,101,L1-full,432,3-5-9,3,
dry_bean_uci,dry_bean_uci,101,101,L1-full,433,6-13-14,3,
dry_bean_uci,dry_bean_uci,101,101,L1-full,434,0-13-14,3,
dry_bean_uci,dry_bean_uci,101,101,L1-full,435,7-8-10,3,
dry_bean_uci,dry_bean_uci,101,101,L1-full,436,8-11-15,3,
dry_bean_uci,dry_bean_uci,101,101,L1-full,437,3-5-7,3,
dry_bean_uci,dry_bean_uci,101,101,L1-full,438,2-7-14,3,
dry_bean_uci,dry_bean_uci,101,101,L1-full,439,9-12-14,3,
dry_bean_uci,dry_bean_uci,101,101,L1-full,440,4-8-15,3,
dry_bean_uci,dry_bean_uci,101,101,L1-full,441,4-7-13,3,
dry_bean_uci,dry_bean_uci,101,101,L1-full,442,4-6-10,3,
dry_bean_uci,dry_bean_uci,101,101,L1-full,443,0-4-10,3,
dry_bean_uci,dry_bean_uci,101,101,L1-full,444,9-11-12,3,
dry_bean_uci,dry_bean_uci,101,101,L1-full,445,2-7-11,3,
dry_bean_uci,dry_bean_uci,101,101,L1-full,446,5-9-12,3,
dry_bean_uci,dry_bean_uci,101,101,L1-full,447,3-8-10,3,
dry_bean_uci,dry_bean_uci,101,101,L1-full,448,2-5-7,3,
dry_bean_uci,dry_bean_uci,101,101,L1-full,449,8-11,2,
dry_bean_uci,dry_bean_uci,101,101,L1-full,450,7-8,2,
dry_bean_uci,dry_bean_uci,101,101,L1-full,451,0-11-12,3,
dry_bean_uci,dry_bean_uci,101,101,L1-full,452,6-11-12,3,
dry_bean_uci,dry_bean_uci,101,101,L1-full,453,1-2-5,3,
dry_bean_uci,dry_bean_uci,101,101,L1-full,454,3-9-12,3,
dry_bean_uci,dry_bean_uci,101,101,L1-full,455,4-9-12,3,
dry_bean_uci,dry_bean_uci,101,101,L1-full,456,6-11-13,3,
dry_bean_uci,dry_bean_uci,101,101,L1-full,457,0-11-13,3,
dry_bean_uci,dry_bean_uci,101,101,L1-full,458,1-4-12,3,
dry_bean_uci,dry_bean_uci,101,101,L1-full,459,2-4-7,3,
dry_bean_uci,dry_bean_uci,101,101,L1-full,460,4-5-6,3,
dry_bean_uci,dry_bean_uci,101,101,L1-full,461,0-4-5,3,
dry_bean_uci,dry_bean_uci,101,101,L1-full,462,3-5-6,3,
dry_bean_uci,dry_bean_uci,101,101,L1-full,463,0-3-5,3,
dry_bean_uci,dry_bean_uci,101,101,L1-full,464,1-2-9,3,
dry_bean_uci,dry_bean_uci,101,101,L1-full,465,4-7-15,3,
dry_bean_uci,dry_bean_uci,101,101,L1-full,466,1-5-7,3,
dry_bean_uci,dry_bean_uci,101,101,L1-full,467,8-11-12,3,
dry_bean_uci,dry_bean_uci,101,101,L1-full,468,4-5-7,3,
dry_bean_uci,dry_bean_uci,101,101,L1-full,469,8-12-14,3,
dry_bean_uci,dry_bean_uci,101,101,L1-full,470,5-9-13,3,
dry_bean_uci,dry_bean_uci,101,101,L1-full,471,1-6-9,3,
dry_bean_uci,dry_bean_uci,101,101,L1-full,472,1-3-5,3,
dry_bean_uci,dry_bean_uci,101,101,L1-full,473,0-1-9,3,
dry_bean_uci,dry_bean_uci,101,101,L1-full,474,4-8-12,3,
dry_bean_uci,dry_bean_uci,101,101,L1-full,475,3-4-9,3,
dry_bean_uci,dry_bean_uci,101,101,L1-full,476,0-2-5,3,
dry_bean_uci,dry_bean_uci,101,101,L1-full,477,2-5-6,3,
dry_bean_uci,dry_bean_uci,101,101,L1-full,478,1-7-14,3,
dry_bean_uci,dry_bean_uci,101,101,L1-full,479,10-12-14,3,
dry_bean_uci,dry_bean_uci,101,101,L1-full,480,7-8-12,3,
dry_bean_uci,dry_bean_uci,101,101,L1-full,481,4-12-15,3,
dry_bean_uci,dry_bean_uci,101,101,L1-full,482,1-4-7,3,
dry_bean_uci,dry_bean_uci,101,101,L1-full,483,1-7-11,3,
dry_bean_uci,dry_bean_uci,101,101,L1-full,484,4-8-9,3,
dry_bean_uci,dry_bean_uci,101,101,L1-full,485,1-4-5,3,
dry_bean_uci,dry_bean_uci,101,101,L1-full,486,9-11-13,3,
dry_bean_uci,dry_bean_uci,101,101,L1-full,487,0-2-4,3,
dry_bean_uci,dry_bean_uci,101,101,L1-full,488,2-4-6,3,
dry_bean_uci,dry_bean_uci,101,101,L1-full,489,0-6-8,3,
dry_bean_uci,dry_bean_uci,101,101,L1-full,490,5-8-12,3,
dry_bean_uci,dry_bean_uci,101,101,L1-full,491,1-8-12,3,
dry_bean_uci,dry_bean_uci,101,101,L1-full,492,2-8,2,
dry_bean_uci,dry_bean_uci,101,101,L1-full,493,0-2-14,3,
dry_bean_uci,dry_bean_uci,101,101,L1-full,494,2-3-5,3,
dry_bean_uci,dry_bean_uci,101,101,L1-full,495,2-6-14,3,
dry_bean_uci,dry_bean_uci,101,101,L1-full,496,0-2-11,3,
dry_bean_uci,dry_bean_uci,101,101,L1-full,497,2-6-11,3,
dry_bean_uci,dry_bean_uci,101,101,L1-full,498,3-9-13,3,
dry_bean_uci,dry_bean_uci,101,101,L1-full,499,3-14-15,3,
dry_bean_uci,dry_bean_uci,101,101,L1-full,500,3-7-14,3,
dry_bean_uci,dry_bean_uci,101,101,L1-full,501,1-5-6,3,
dry_bean_uci,dry_bean_uci,101,101,L1-full,502,0-6-14,3,
dry_bean_uci,dry_bean_uci,101,101,L1-full,503,0-1-5,3,
dry_bean_uci,dry_bean_uci,101,101,L1-full,504,2-9-11,3,
dry_bean_uci,dry_bean_uci,101,101,L1-full,505,4-6-13,3,
dry_bean_uci,dry_bean_uci,101,101,L1-full,506,9-13-14,3,
dry_bean_uci,dry_bean_uci,101,101,L1-full,507,5-9,2,
dry_bean_uci,dry_bean_uci,101,101,L1-full,508,0-4-13,3,
dry_bean_uci,dry_bean_uci,101,101,L1-full,509,3-10-11,3,
dry_bean_uci,dry_bean_uci,101,101,L1-full,510,9-14,2,
dry_bean_uci,dry_bean_uci,101,101,L1-full,511,0-1-4,3,
dry_bean_uci,dry_bean_uci,101,101,L1-full,512,1-4-6,3,
dry_bean_uci,dry_bean_uci,101,101,L1-full,513,5-6-7,3,
dry_bean_uci,dry_bean_uci,101,101,L1-full,514,0-5-7,3,
dry_bean_uci,dry_bean_uci,101,101,L1-full,515,0-4-12,3,
dry_bean_uci,dry_bean_uci,101,101,L1-full,516,4-6-12,3,
dry_bean_uci,dry_bean_uci,101,101,L1-full,517,0-4-6,3,
dry_bean_uci,dry_bean_uci,101,101,L1-full,518,3-7-11,3,
dry_bean_uci,dry_bean_uci,101,101,L1-full,519,2-5-10,3,
dry_bean_uci,dry_bean_uci,101,101,L1-full,520,3-6-8,3,
dry_bean_uci,dry_bean_uci,101,101,L1-full,521,0-6-11,3,
dry_bean_uci,dry_bean_uci,101,101,L1-full,522,0-3-8,3,
dry_bean_uci,dry_bean_uci,101,101,L1-full,523,1-5-10,3,
dry_bean_uci,dry_bean_uci,101,101,L1-full,524,2-9-14,3,
dry_bean_uci,dry_bean_uci,101,101,L1-full,525,7-10-11,3,
dry_bean_uci,dry_bean_uci,101,101,L1-full,526,3-11-15,3,
dry_bean_uci,dry_bean_uci,101,101,L1-full,527,0-4-7,3,
dry_bean_uci,dry_bean_uci,101,101,L1-full,528,4-8-11,3,
dry_bean_uci,dry_bean_uci,101,101,L1-full,529,4-6-7,3,
dry_bean_uci,dry_bean_uci,101,101,L1-full,530,1-6-8,3,
dry_bean_uci,dry_bean_uci,101,101,L1-full,531,6-10-11,3,
dry_bean_uci,dry_bean_uci,101,101,L1-full,532,3-4-7,3,
dry_bean_uci,dry_bean_uci,101,101,L1-full,533,8-9-11,3,
dry_bean_uci,dry_bean_uci,101,101,L1-full,534,0-1-8,3,
dry_bean_uci,dry_bean_uci,101,101,L1-full,535,1-6-11,3,
dry_bean_uci,dry_bean_uci,101,101,L1-full,536,0-1-11,3,
dry_bean_uci,dry_bean_uci,101,101,L1-full,537,2-5-9,3,
dry_bean_uci,dry_bean_uci,101,101,L1-full,538,0-10-11,3,
dry_bean_uci,dry_bean_uci,101,101,L1-full,539,1-6-14,3,
dry_bean_uci,dry_bean_uci,101,101,L1-full,540,0-1-14,3,
dry_bean_uci,dry_bean_uci,101,101,L1-full,541,8-9-14,3,
dry_bean_uci,dry_bean_uci,101,101,L1-full,542,8-12-13,3,
dry_bean_uci,dry_bean_uci,101,101,L1-full,543,4-8,2,
dry_bean_uci,dry_bean_uci,101,101,L1-full,544,5-8-9,3,
dry_bean_uci,dry_bean_uci,101,101,L1-full,545,2-8-15,3,
dry_bean_uci,dry_bean_uci,101,101,L1-full,546,1-3-8,3,
dry_bean_uci,dry_bean_uci,101,101,L1-full,547,0-7-11,3,
dry_bean_uci,dry_bean_uci,101,101,L1-full,548,6-7-11,3,
dry_bean_uci,dry_bean_uci,101,101,L1-full,549,0-7-14,3,
dry_bean_uci,dry_bean_uci,101,101,L1-full,550,6-7-14,3,
dry_bean_uci,dry_bean_uci,101,101,L1-full,551,6-8-12,3,
dry_bean_uci,dry_bean_uci,101,101,L1-full,552,0-8-12,3,
dry_bean_uci,dry_bean_uci,101,101,L1-full,553,2-3-14,3,
dry_bean_uci,dry_bean_uci,101,101,L1-full,554,4-8-14,3,
dry_bean_uci,dry_bean_uci,101,101,L1-full,555,1-3-14,3,
dry_bean_uci,dry_bean_uci,101,101,L1-full,556,3-6-14,3,
dry_bean_uci,dry_bean_uci,101,101,L1-full,557,0-3-14,3,
dry_bean_uci,dry_bean_uci,101,101,L1-full,558,3-4-6,3,
dry_bean_uci,dry_bean_uci,101,101,L1-full,559,0-3-4,3,
dry_bean_uci,dry_bean_uci,101,101,L1-full,560,3-10-14,3,
dry_bean_uci,dry_bean_uci,101,101,L1-full,561,3-6-11,3,
dry_bean_uci,dry_bean_uci,101,101,L1-full,562,0-3-11,3,
dry_bean_uci,dry_bean_uci,101,101,L1-full,563,2-3-11,3,
dry_bean_uci,dry_bean_uci,101,101,L1-full,564,3-4-15,3,
dry_bean_uci,dry_bean_uci,101,101,L1-full,565,6-7-8,3,
dry_bean_uci,dry_bean_uci,101,101,L1-full,566,1-3-11,3,
dry_bean_uci,dry_bean_uci,101,101,L1-full,567,5-10-12,3,
dry_bean_uci,dry_bean_uci,101,101,L1-full,568,3-7-8,3,
dry_bean_uci,dry_bean_uci,101,101,L1-full,569,0-7-8,3,
dry_bean_uci,dry_bean_uci,101,101,L1-full,570,2-8-12,3,
dry_bean_uci,dry_bean_uci,101,101,L1-full,571,2-4-12,3,
dry_bean_uci,dry_bean_uci,101,101,L1-full,572,5-8-10,3,
dry_bean_uci,dry_bean_uci,101,101,L1-full,573,8-9-13,3,
dry_bean_uci,dry_bean_uci,101,101,L1-full,574,6-10-14,3,
dry_bean_uci,dry_bean_uci,101,101,L1-full,575,0-10-14,3,
dry_bean_uci,dry_bean_uci,101,101,L1-full,576,1-7-8,3,
dry_bean_uci,dry_bean_uci,101,101,L1-full,577,1-4-9,3,
dry_bean_uci,dry_bean_uci,101,101,L1-full,578,7-10-14,3,
dry_bean_uci,dry_bean_uci,101,101,L1-full,579,1-3-4,3,
dry_bean_uci,dry_bean_uci,101,101,L1-full,580,8-11-14,3,
dry_bean_uci,dry_bean_uci,101,101,L1-full,581,7-8-15,3,
dry_bean_uci,dry_bean_uci,101,101,L1-full,582,4-8-10,3,
dry_bean_uci,dry_bean_uci,101,101,L1-full,583,2-3-4,3,
dry_bean_uci,dry_bean_uci,101,101,L1-full,584,2-6-8,3,
dry_bean_uci,dry_bean_uci,101,101,L1-full,585,0-2-8,3,
dry_bean_uci,dry_bean_uci,101,101,L1-full,586,4-7-9,3,
dry_bean_uci,dry_bean_uci,101,101,L1-full,587,1-2-8,3,
dry_bean_uci,dry_bean_uci,101,101,L1-full,588,2-3-8,3,
dry_bean_uci,dry_bean_uci,101,101,L1-full,589,2-8-9,3,
dry_bean_uci,dry_bean_uci,101,101,L1-full,590,5-8-14,3,
dry_bean_uci,dry_bean_uci,101,101,L1-full,591,1-9-11,3,
dry_bean_uci,dry_bean_uci,101,101,L1-full,592,8-10-11,3,
dry_bean_uci,dry_bean_uci,101,101,L1-full,593,3-8-15,3,
dry_bean_uci,dry_bean_uci,101,101,L1-full,594,5-8-11,3,
dry_bean_uci,dry_bean_uci,101,101,L1-full,595,8-10-14,3,
dry_bean_uci,dry_bean_uci,101,101,L1-full,596,2-9-13,3,
dry_bean_uci,dry_bean_uci,101,101,L1-full,597,4-5-8,3,
dry_bean_uci,dry_bean_uci,101,101,L1-full,598,0-4-9,3,
dry_bean_uci,dry_bean_uci,101,101,L1-full,599,2-7-9,3,
dry_bean_uci,dry_bean_uci,101,101,L1-full,600,1-9-14,3,
dry_bean_uci,dry_bean_uci,101,101,L1-full,601,4-6-9,3,
dry_bean_uci,dry_bean_uci,101,101,L1-full,602,0-9-11,3,
dry_bean_uci,dry_bean_uci,101,101,L1-full,603,7-9-12,3,
dry_bean_uci,dry_bean_uci,101,101,L1-full,604,6-9-11,3,
dry_bean_uci,dry_bean_uci,101,101,L1-full,605,7-9-11,3,
dry_bean_uci,dry_bean_uci,101,101,L1-full,606,8-10-12,3,
dry_bean_uci,dry_bean_uci,101,101,L1-full,607,3-7-9,3,
dry_bean_uci,dry_bean_uci,101,101,L1-full,608,0-9-14,3,
dry_bean_uci,dry_bean_uci,101,101,L1-full,609,7-9-14,3,
dry_bean_uci,dry_bean_uci,101,101,L1-full,610,8-10-13,3,
dry_bean_uci,dry_bean_uci,101,101,L1-full,611,6-9-14,3,
dry_bean_uci,dry_bean_uci,101,101,L1-full,612,3-4-8,3,
dry_bean_uci,dry_bean_uci,101,101,L1-full,613,2-6-9,3,
dry_bean_uci,dry_bean_uci,101,101,L1-full,614,0-8-15,3,
dry_bean_uci,dry_bean_uci,101,101,L1-full,615,1-8-15,3,
dry_bean_uci,dry_bean_uci,101,101,L1-full,616,3-5-10,3,
dry_bean_uci,dry_bean_uci,101,101,L1-full,617,0-5-9,3,
dry_bean_uci,dry_bean_uci,101,101,L1-full,618,2-7-8,3,
dry_bean_uci,dry_bean_uci,101,101,L1-full,619,3-8-11,3,
dry_bean_uci,dry_bean_uci,101,101,L1-full,620,5-7-9,3,
dry_bean_uci,dry_bean_uci,101,101,L1-full,621,1-8-9,3,
dry_bean_uci,dry_bean_uci,101,101,L1-full,622,3-8-14,3,
dry_bean_uci,dry_bean_uci,101,101,L1-full,623,5-6-9,3,
dry_bean_uci,dry_bean_uci,101,101,L1-full,624,0-2-9,3,
dry_bean_uci,dry_bean_uci,101,101,L1-full,625,3-5-8,3,
dry_bean_uci,dry_bean_uci,101,101,L1-full,626,2-3-9,3,
dry_bean_uci,dry_bean_uci,101,101,L1-full,627,6-9-12,3,
dry_bean_uci,dry_bean_uci,101,101,L1-full,628,2-9-12,3,
dry_bean_uci,dry_bean_uci,101,101,L1-full,629,6-7-9,3,
dry_bean_uci,dry_bean_uci,101,101,L1-full,630,7-9-13,3,
dry_bean_uci,dry_bean_uci,101,101,L1-full,631,0-9-12,3,
dry_bean_uci,dry_bean_uci,101,101,L1-full,632,5-8-13,3,
dry_bean_uci,dry_bean_uci,101,101,L1-full,633,3-6-9,3,
dry_bean_uci,dry_bean_uci,101,101,L1-full,634,6-8-15,3,
dry_bean_uci,dry_bean_uci,101,101,L1-full,635,0-3-9,3,
dry_bean_uci,dry_bean_uci,101,101,L1-full,636,0-7-9,3,
dry_bean_uci,dry_bean_uci,101,101,L1-full,637,7-8-9,3,
dry_bean_uci,dry_bean_uci,101,101,L1-full,638,6-8-9,3,
dry_bean_uci,dry_bean_uci,101,101,L1-full,639,1-9-13,3,
dry_bean_uci,dry_bean_uci,101,101,L1-full,640,0-8-9,3,
dry_bean_uci,dry_bean_uci,101,101,L1-full,641,0-8,2,
dry_bean_uci,dry_bean_uci,101,101,L1-full,642,6-8,2,
dry_bean_uci,dry_bean_uci,101,101,L1-full,643,0-6-9,3,
dry_bean_uci,dry_bean_uci,101,101,L1-full,644,5-6-10,3,
dry_bean_uci,dry_bean_uci,101,101,L1-full,645,0-5-10,3,
dry_bean_uci,dry_bean_uci,101,101,L1-full,646,1-5-9,3,
dry_bean_uci,dry_bean_uci,101,101,L1-full,647,6-9-13,3,
dry_bean_uci,dry_bean_uci,101,101,L1-full,648,5-7-10,3,
dry_bean_uci,dry_bean_uci,101,101,L1-full,649,0-9-13,3,
dry_bean_uci,dry_bean_uci,101,101,L1-full,650,3-8-9,3,
dry_bean_uci,dry_bean_uci,101,101,L1-full,651,8-13-14,3,
dry_bean_uci,dry_bean_uci,101,101,L1-full,652,3-8-13,3,
dry_bean_uci,dry_bean_uci,101,101,L1-full,653,4-7-8,3,
dry_bean_uci,dry_bean_uci,101,101,L1-full,654,5-7-8,3,
dry_bean_uci,dry_bean_uci,101,101,L1-full,655,8-11-13,3,
dry_bean_uci,dry_bean_uci,101,101,L1-full,656,8-9-12,3,
dry_bean_uci,dry_bean_uci,101,101,L1-full,657,1-5-8,3,
dry_bean_uci,dry_bean_uci,101,101,L1-full,658,2-5-8,3,
dry_bean_uci,dry_bean_uci,101,101,L1-full,659,7-8-11,3,
dry_bean_uci,dry_bean_uci,101,101,L1-full,660,2-4-8,3,
dry_bean_uci,dry_bean_uci,101,101,L1-full,661,6-8-13,3,
dry_bean_uci,dry_bean_uci,101,101,L1-full,662,7-8-13,3,
dry_bean_uci,dry_bean_uci,101,101,L1-full,663,0-8-13,3,
dry_bean_uci,dry_bean_uci,101,101,L1-full,664,7-8-14,3,
dry_bean_uci,dry_bean_uci,101,101,L1-full,665,0-4-8,3,
dry_bean_uci,dry_bean_uci,101,101,L1-full,666,4-6-8,3,
dry_bean_uci,dry_bean_uci,101,101,L1-full,667,1-4-8,3,
dry_bean_uci,dry_bean_uci,101,101,L1-full,668,4-8-13,3,
dry_bean_uci,dry_bean_uci,101,101,L1-full,669,2-8-13,3,
dry_bean_uci,dry_bean_uci,101,101,L1-full,670,0-8-11,3,
dry_bean_uci,dry_bean_uci,101,101,L1-full,671,1-8-13,3,
dry_bean_uci,dry_bean_uci,101,101,L1-full,672,6-8-11,3,
dry_bean_uci,dry_bean_uci,101,101,L1-full,673,0-8-14,3,
dry_bean_uci,dry_bean_uci,101,101,L1-full,674,1-8-11,3,
dry_bean_uci,dry_bean_uci,101,101,L1-full,675,2-8-14,3,
dry_bean_uci,dry_bean_uci,101,101,L1-full,676,1-8-14,3,
dry_bean_uci,dry_bean_uci,101,101,L1-full,677,6-8-14,3,
dry_bean_uci,dry_bean_uci,101,101,L1-full,678,2-8-11,3,
dry_bean_uci,dry_bean_uci,101,101,L1-full,679,0-5-8,3,
dry_bean_uci,dry_bean_uci,101,101,L1-full,680,5-6-8,3,
dry_bean_uci,dry_bean_uci,101,101,L1-top8,1,9-10,2,
dry_bean_uci,dry_bean_uci,101,101,L1-top8,2,10-12,2,
dry_bean_uci,dry_bean_uci,101,101,L1-top8,3,3-12,2,
dry_bean_uci,dry_bean_uci,101,101,L1-top8,4,9-10-12,3,
dry_bean_uci,dry_bean_uci,101,101,L1-top8,5,1-12,2,
dry_bean_uci,dry_bean_uci,101,101,L1-top8,6,7-12,2,
dry_bean_uci,dry_bean_uci,101,101,L1-top8,7,9-15,2,
dry_bean_uci,dry_bean_uci,101,101,L1-top8,8,12-13,2,
dry_bean_uci,dry_bean_uci,101,101,L1-match,1,9-10,2,
dry_bean_uci,dry_bean_uci,101,101,L1-match,2,10-12,2,
dry_bean_uci,dry_bean_uci,101,101,SHIL-k8,1,10-12,2,
dry_bean_uci,dry_bean_uci,101,101,SHIL-k8,2,3-12,2,
dry_bean_uci,dry_bean_uci,101,101,SHIL-k8,3,6-12,2,
dry_bean_uci,dry_bean_uci,101,101,SHIL-k8,4,0-12,2,
dry_bean_uci,dry_bean_uci,101,101,SHIL-k8,5,1-12,2,
dry_bean_uci,dry_bean_uci,101,101,SHIL-k8,6,1-9-10,3,
dry_bean_uci,dry_bean_uci,101,101,SHIL-k8,7,10-15,2,
dry_bean_uci,dry_bean_uci,101,101,SHIL-k8,8,3-10,2,
dry_bean_uci,dry_bean_uci,101,101,SC-L1,1,3-12,2,
dry_bean_uci,dry_bean_uci,101,101,SC-L1,2,9-10,2,
dry_bean_uci,dry_bean_uci,101,101,SC-SHIL,1,3-12,2,
dry_bean_uci,dry_bean_uci,101,101,SC-SHIL,2,10-12,2,
dry_bean_uci,dry_bean_uci,131,131,L1-full,1,9-10,2,
dry_bean_uci,dry_bean_uci,131,131,L1-full,2,3-12,2,
dry_bean_uci,dry_bean_uci,131,131,L1-full,3,10-12,2,
dry_bean_uci,dry_bean_uci,131,131,L1-full,4,1-12,2,
dry_bean_uci,dry_bean_uci,131,131,L1-full,5,7-12,2,
dry_bean_uci,dry_bean_uci,131,131,L1-full,6,9-10-12,3,
dry_bean_uci,dry_bean_uci,131,131,L1-full,7,12-15,2,
dry_bean_uci,dry_bean_uci,131,131,L1-full,8,9-10-15,3,
dry_bean_uci,dry_bean_uci,131,131,L1-full,9,12-13,2,
dry_bean_uci,dry_bean_uci,131,131,L1-full,10,2-12,2,
dry_bean_uci,dry_bean_uci,131,131,L1-full,11,4-11-14,3,
dry_bean_uci,dry_bean_uci,131,131,L1-full,12,6-12,2,
dry_bean_uci,dry_bean_uci,131,131,L1-full,13,0-12,2,
dry_bean_uci,dry_bean_uci,131,131,L1-full,14,9-15,2,
dry_bean_uci,dry_bean_uci,131,131,L1-full,15,10-15,2,
dry_bean_uci,dry_bean_uci,131,131,L1-full,16,3-7-12,3,
dry_bean_uci,dry_bean_uci,131,131,L1-full,17,13-15,2,
dry_bean_uci,dry_bean_uci,131,131,L1-full,18,1-3-12,3,
dry_bean_uci,dry_bean_uci,131,131,L1-full,19,4-5-11,3,
dry_bean_uci,dry_bean_uci,131,131,L1-full,20,1-10,2,
dry_bean_uci,dry_bean_uci,131,131,L1-full,21,10-13,2,
dry_bean_uci,dry_bean_uci,131,131,L1-full,22,4-5-14,3,
dry_bean_uci,dry_bean_uci,131,131,L1-full,23,5-11-14,3,
dry_bean_uci,dry_bean_uci,131,131,L1-full,24,1-3,2,
dry_bean_uci,dry_bean_uci,131,131,L1-full,25,3-9-10,3,
dry_bean_uci,dry_bean_uci,131,131,L1-full,26,1-7-12,3,
dry_bean_uci,dry_bean_uci,131,131,L1-full,27,5-12,2,
dry_bean_uci,dry_bean_uci,131,131,L1-full,28,1-9-10,3,
dry_bean_uci,dry_bean_uci,131,131,L1-full,29,14-15,2,
dry_bean_uci,dry_bean_uci,131,131,L1-full,30,8-10,2,
dry_bean_uci,dry_bean_uci,131,131,L1-full,31,3-10,2,
dry_bean_uci,dry_bean_uci,131,131,L1-full,32,3-7,2,
dry_bean_uci,dry_bean_uci,131,131,L1-full,33,11-15,2,
dry_bean_uci,dry_bean_uci,131,131,L1-full,34,1-7,2,
dry_bean_uci,dry_bean_uci,131,131,L1-full,35,9-10-13,3,
dry_bean_uci,dry_bean_uci,131,131,L1-full,36,5-15,2,
dry_bean_uci,dry_bean_uci,131,131,L1-full,37,2-7-12,3,
dry_bean_uci,dry_bean_uci,131,131,L1-full,38,12-14,2,
dry_bean_uci,dry_bean_uci,131,131,L1-full,39,7-9-10,3,
dry_bean_uci,dry_bean_uci,131,131,L1-full,40,4-15,2,
dry_bean_uci,dry_bean_uci,131,131,L1-full,41,7-10,2,
dry_bean_uci,dry_bean_uci,131,131,L1-full,42,9-12,2,
dry_bean_uci,dry_bean_uci,131,131,L1-full,43,2-3,2,
dry_bean_uci,dry_bean_uci,131,131,L1-full,44,11-12,2,
dry_bean_uci,dry_bean_uci,131,131,L1-full,45,3-13,2,
dry_bean_uci,dry_bean_uci,131,131,L1-full,46,1-15,2,
dry_bean_uci,dry_bean_uci,131,131,L1-full,47,3-6,2,
dry_bean_uci,dry_bean_uci,131,131,L1-full,48,1-2-12,3,
dry_bean_uci,dry_bean_uci,131,131,L1-full,49,0-3,2,
dry_bean_uci,dry_bean_uci,131,131,L1-full,50,2-3-12,3,
dry_bean_uci,dry_bean_uci,131,131,L1-full,51,1-10-12,3,
dry_bean_uci,dry_bean_uci,131,131,L1-full,52,7-15,2,
dry_bean_uci,dry_bean_uci,131,131,L1-full,53,4-11-13,3,
dry_bean_uci,dry_bean_uci,131,131,L1-full,54,0-3-12,3,
dry_bean_uci,dry_bean_uci,131,131,L1-full,55,3-6-12,3,
dry_bean_uci,dry_bean_uci,131,131,L1-full,56,1-2,2,
dry_bean_uci,dry_bean_uci,131,131,L1-full,57,9-10-14,3,
dry_bean_uci,dry_bean_uci,131,131,L1-full,58,1-13,2,
dry_bean_uci,dry_bean_uci,131,131,L1-full,59,1-6,2,
dry_bean_uci,dry_bean_uci,131,131,L1-full,60,2-15,2,
dry_bean_uci,dry_bean_uci,131,131,L1-full,61,0-1,2,
dry_bean_uci,dry_bean_uci,131,131,L1-full,62,4-13-14,3,
dry_bean_uci,dry_bean_uci,131,131,L1-full,63,9-10-11,3,
dry_bean_uci,dry_bean_uci,131,131,L1-full,64,7-13,2,
dry_bean_uci,dry_bean_uci,131,131,L1-full,65,2-7,2,
dry_bean_uci,dry_bean_uci,131,131,L1-full,66,3-10-12,3,
dry_bean_uci,dry_bean_uci,131,131,L1-full,67,4-12,2,
dry_bean_uci,dry_bean_uci,131,131,L1-full,68,3-15,2,
dry_bean_uci,dry_bean_uci,131,131,L1-full,69,5-13,2,
dry_bean_uci,dry_bean_uci,131,131,L1-full,70,5-9-10,3,
dry_bean_uci,dry_bean_uci,131,131,L1-full,71,0-6,2,
dry_bean_uci,dry_bean_uci,131,131,L1-full,72,0-7-12,3,
dry_bean_uci,dry_bean_uci,131,131,L1-full,73,6-7-12,3,
dry_bean_uci,dry_bean_uci,131,131,L1-full,74,2-9-10,3,
dry_bean_uci,dry_bean_uci,131,131,L1-full,75,4-9-15,3,
dry_bean_uci,dry_bean_uci,131,131,L1-full,76,11-13-14,3,
dry_bean_uci,dry_bean_uci,131,131,L1-full,77,6-7,2,
dry_bean_uci,dry_bean_uci,131,131,L1-full,78,0-7,2,
dry_bean_uci,dry_bean_uci,131,131,L1-full,79,4-9-10,3,
dry_bean_uci,dry_bean_uci,131,131,L1-full,80,1-6-12,3,
dry_bean_uci,dry_bean_uci,131,131,L1-full,81,0-1-12,3,
dry_bean_uci,dry_bean_uci,131,131,L1-full,82,1-3-7,3,
dry_bean_uci,dry_bean_uci,131,131,L1-full,83,9-12-15,3,
dry_bean_uci,dry_bean_uci,131,131,L1-full,84,2-10,2,
dry_bean_uci,dry_bean_uci,131,131,L1-full,85,1-2-7,3,
dry_bean_uci,dry_bean_uci,131,131,L1-full,86,11-14,2,
dry_bean_uci,dry_bean_uci,131,131,L1-full,87,12-13-15,3,
dry_bean_uci,dry_bean_uci,131,131,L1-full,88,9-14-15,3,
dry_bean_uci,dry_bean_uci,131,131,L1-full,89,4-11,2,
dry_bean_uci,dry_bean_uci,131,131,L1-full,90,2-13,2,
dry_bean_uci,dry_bean_uci,131,131,L1-full,91,9-11-15,3,
dry_bean_uci,dry_bean_uci,131,131,L1-full,92,4-14,2,
dry_bean_uci,dry_bean_uci,131,131,L1-full,93,4-11-15,3,
dry_bean_uci,dry_bean_uci,131,131,L1-full,94,11-14-15,3,
dry_bean_uci,dry_bean_uci,131,131,L1-full,95,6-9-10,3,
dry_bean_uci,dry_bean_uci,131,131,L1-full,96,0-2-12,3,
dry_bean_uci,dry_bean_uci,131,131,L1-full,97,2-6-12,3,
dry_bean_uci,dry_bean_uci,131,131,L1-full,98,0-9-10,3,
dry_bean_uci,dry_bean_uci,131,131,L1-full,99,2-6,2,
dry_bean_uci,dry_bean_uci,131,131,L1-full,100,9-13-15,3,
dry_bean_uci,dry_bean_uci,131,131,L1-full,101,0-2,2,
dry_bean_uci,dry_bean_uci,131,131,L1-full,102,4-14-15,3,
dry_bean_uci,dry_bean_uci,131,131,L1-full,103,2-3-7,3,
dry_bean_uci,dry_bean_uci,131,131,L1-full,104,3-5,2,
dry_bean_uci,dry_bean_uci,131,131,L1-full,105,1-3-10,3,
dry_bean_uci,dry_bean_uci,131,131,L1-full,106,0-6-13,3,
dry_bean_uci,dry_bean_uci,131,131,L1-full,107,1-2-3,3,
dry_bean_uci,dry_bean_uci,131,131,L1-full,108,5-9-15,3,
dry_bean_uci,dry_bean_uci,131,131,L1-full,109,0-6-12,3,
dry_bean_uci,dry_bean_uci,131,131,L1-full,110,6-10,2,
dry_bean_uci,dry_bean_uci,131,131,L1-full,111,1-3-6,3,
dry_bean_uci,dry_bean_uci,131,131,L1-full,112,0-1-3,3,
dry_bean_uci,dry_bean_uci,131,131,L1-full,113,13-14,2,
dry_bean_uci,dry_bean_uci,131,131,L1-full,114,0-10,2,
dry_bean_uci,dry_bean_uci,131,131,L1-full,115,7-10-12,3,
dry_bean_uci,dry_bean_uci,131,131,L1-full,116,0-1-6,3,
dry_bean_uci,dry_bean_uci,131,131,L1-full,117,5-14,2,
dry_bean_uci,dry_bean_uci,131,131,L1-full,118,0-3-6,3,
dry_bean_uci,dry_bean_uci,131,131,L1-full,119,5-11,2,
dry_bean_uci,dry_bean_uci,131,131,L1-full,120,4-5-13,3,
dry_bean_uci,dry_bean_uci,131,131,L1-full,121,6-13,2,
dry_bean_uci,dry_bean_uci,131,131,L1-full,122,8-12,2,
dry_bean_uci,dry_bean_uci,131,131,L1-full,123,1-6-7,3,
dry_bean_uci,dry_bean_uci,131,131,L1-full,124,0-13,2,
dry_bean_uci,dry_bean_uci,131,131,L1-full,125,4-9-11,3,
dry_bean_uci,dry_bean_uci,131,131,L1-full,126,0-1-7,3,
dry_bean_uci,dry_bean_uci,131,131,L1-full,127,1-2-6,3,
dry_bean_uci,dry_bean_uci,131,131,L1-full,128,0-1-2,3,
dry_bean_uci,dry_bean_uci,131,131,L1-full,129,1-7-10,3,
dry_bean_uci,dry_bean_uci,131,131,L1-full,130,5-12-14,3,
dry_bean_uci,dry_bean_uci,131,131,L1-full,131,5-7,2,
dry_bean_uci,dry_bean_uci,131,131,L1-full,132,3-6-7,3,
dry_bean_uci,dry_bean_uci,131,131,L1-full,133,11-13,2,
dry_bean_uci,dry_bean_uci,131,131,L1-full,134,4-5,2,
dry_bean_uci,dry_bean_uci,131,131,L1-full,135,0-3-7,3,
dry_bean_uci,dry_bean_uci,131,131,L1-full,136,3-9-15,3,
dry_bean_uci,dry_bean_uci,131,131,L1-full,137,0-2-6,3,
dry_bean_uci,dry_bean_uci,131,131,L1-full,138,2-3-6,3,
dry_bean_uci,dry_bean_uci,131,131,L1-full,139,0-2-3,3,
dry_bean_uci,dry_bean_uci,131,131,L1-full,140,5-11-13,3,
dry_bean_uci,dry_bean_uci,131,131,L1-full,141,2-6-7,3,
dry_bean_uci,dry_bean_uci,131,131,L1-full,142,0-2-7,3,
dry_bean_uci,dry_bean_uci,131,131,L1-full,143,5-13-14,3,
dry_bean_uci,dry_bean_uci,131,131,L1-full,144,1-5,2,
dry_bean_uci,dry_bean_uci,131,131,L1-full,145,5-12-13,3,
dry_bean_uci,dry_bean_uci,131,131,L1-full,146,11-12-14,3,
dry_bean_uci,dry_bean_uci,131,131,L1-full,147,3-6-13,3,
dry_bean_uci,dry_bean_uci,131,131,L1-full,148,0-3-13,3,
dry_bean_uci,dry_bean_uci,131,131,L1-full,149,4-9-14,3,
dry_bean_uci,dry_bean_uci,131,131,L1-full,150,5-11-12,3,
dry_bean_uci,dry_bean_uci,131,131,L1-full,151,0-6-7,3,
dry_bean_uci,dry_bean_uci,131,131,L1-full,152,1-2-10,3,
dry_bean_uci,dry_bean_uci,131,131,L1-full,153,2-5,2,
dry_bean_uci,dry_bean_uci,131,131,L1-full,154,10-12-13,3,
dry_bean_uci,dry_bean_uci,131,131,L1-full,155,7-12-15,3,
dry_bean_uci,dry_bean_uci,131,131,L1-full,156,3-14,2,
dry_bean_uci,dry_bean_uci,131,131,L1-full,157,4-10-11,3,
dry_bean_uci,dry_bean_uci,131,131,L1-full,158,5-10,2,
dry_bean_uci,dry_bean_uci,131,131,L1-full,159,1-6-13,3,
dry_bean_uci,dry_bean_uci,131,131,L1-full,160,0-1-13,3,
dry_bean_uci,dry_bean_uci,131,131,L1-full,161,4-10-14,3,
dry_bean_uci,dry_bean_uci,131,131,L1-full,162,10-11-14,3,
dry_bean_uci,dry_bean_uci,131,131,L1-full,163,13-14-15,3,
dry_bean_uci,dry_bean_uci,131,131,L1-full,164,4-11-12,3,
dry_bean_uci,dry_bean_uci,131,131,L1-full,165,0-15,2,
dry_bean_uci,dry_bean_uci,131,131,L1-full,166,6-15,2,
dry_bean_uci,dry_bean_uci,131,131,L1-full,167,11-13-15,3,
dry_bean_uci,dry_bean_uci,131,131,L1-full,168,4-12-14,3,
dry_bean_uci,dry_bean_uci,131,131,L1-full,169,3-11,2,
dry_bean_uci,dry_bean_uci,131,131,L1-full,170,2-6-13,3,
dry_bean_uci,dry_bean_uci,131,131,L1-full,171,0-2-13,3,
dry_bean_uci,dry_bean_uci,131,131,L1-full,172,3-4,2,
dry_bean_uci,dry_bean_uci,131,131,L1-full,173,5-14-15,3,
dry_bean_uci,dry_bean_uci,131,131,L1-full,174,6-7-13,3,
dry_bean_uci,dry_bean_uci,131,131,L1-full,175,0-7-13,3,
dry_bean_uci,dry_bean_uci,131,131,L1-full,176,2-12-15,3,
dry_bean_uci,dry_bean_uci,131,131,L1-full,177,4-13,2,
dry_bean_uci,dry_bean_uci,131,131,L1-full,178,5-11-15,3,
dry_bean_uci,dry_bean_uci,131,131,L1-full,179,3-7-10,3,
dry_bean_uci,dry_bean_uci,131,131,L1-full,180,1-6-10,3,
dry_bean_uci,dry_bean_uci,131,131,L1-full,181,5-6,2,
dry_bean_uci,dry_bean_uci,131,131,L1-full,182,0-5,2,
dry_bean_uci,dry_bean_uci,131,131,L1-full,183,5-13-15,3,
dry_bean_uci,dry_bean_uci,131,131,L1-full,184,12-13-14,3,
dry_bean_uci,dry_bean_uci,131,131,L1-full,185,1-9-15,3,
dry_bean_uci,dry_bean_uci,131,131,L1-full,186,0-1-10,3,
dry_bean_uci,dry_bean_uci,131,131,L1-full,187,4-5-9,3,
dry_bean_uci,dry_bean_uci,131,131,L1-full,188,1-12-15,3,
dry_bean_uci,dry_bean_uci,131,131,L1-full,189,2-12-13,3,
dry_bean_uci,dry_bean_uci,131,131,L1-full,190,4-10,2,
dry_bean_uci,dry_bean_uci,131,131,L1-full,191,2-13-15,3,
dry_bean_uci,dry_bean_uci,131,131,L1-full,192,4-9,2,
dry_bean_uci,dry_bean_uci,131,131,L1-full,193,4-5-12,3,
dry_bean_uci,dry_bean_uci,131,131,L1-full,194,1-9,2,
dry_bean_uci,dry_bean_uci,131,131,L1-full,195,1-3-13,3,
dry_bean_uci,dry_bean_uci,131,131,L1-full,196,10-14,2,
dry_bean_uci,dry_bean_uci,131,131,L1-full,197,4-13-15,3,
dry_bean_uci,dry_bean_uci,131,131,L1-full,198,4-10-13,3,
dry_bean_uci,dry_bean_uci,131,131,L1-full,199,7-12-13,3,
dry_bean_uci,dry_bean_uci,131,131,L1-full,200,2-3-13,3,
dry_bean_uci,dry_bean_uci,131,131,L1-full,201,5-10-11,3,
dry_bean_uci,dry_bean_uci,131,131,L1-full,202,5-10-14,3,
dry_bean_uci,dry_bean_uci,131,131,L1-full,203,11-12-13,3,
dry_bean_uci,dry_bean_uci,131,131,L1-full,204,3-12-15,3,
dry_bean_uci,dry_bean_uci,131,131,L1-full,205,3-5-12,3,
dry_bean_uci,dry_bean_uci,131,131,L1-full,206,7-14,2,
dry_bean_uci,dry_bean_uci,131,131,L1-full,207,4-5-10,3,
dry_bean_uci,dry_bean_uci,131,131,L1-full,208,10-11-13,3,
dry_bean_uci,dry_bean_uci,131,131,L1-full,209,10-11-15,3,
dry_bean_uci,dry_bean_uci,131,131,L1-full,210,10-11,2,
dry_bean_uci,dry_bean_uci,131,131,L1-full,211,2-10-12,3,
dry_bean_uci,dry_bean_uci,131,131,L1-full,212,2-7-13,3,
dry_bean_uci,dry_bean_uci,131,131,L1-full,213,10-14-15,3,
dry_bean_uci,dry_bean_uci,131,131,L1-full,214,4-5-15,3,
dry_bean_uci,dry_bean_uci,131,131,L1-full,215,10-13-14,3,
dry_bean_uci,dry_bean_uci,131,131,L1-full,216,1-2-13,3,
dry_bean_uci,dry_bean_uci,131,131,L1-full,217,3-9,2,
dry_bean_uci,dry_bean_uci,131,131,L1-full,218,6-12-13,3,
dry_bean_uci,dry_bean_uci,131,131,L1-full,219,0-12-13,3,
dry_bean_uci,dry_bean_uci,131,131,L1-full,220,3-7-13,3,
dry_bean_uci,dry_bean_uci,131,131,L1-full,221,6-10-12,3,
dry_bean_uci,dry_bean_uci,131,131,L1-full,222,3-12-14,3,
dry_bean_uci,dry_bean_uci,131,131,L1-full,223,8-15,2,
dry_bean_uci,dry_bean_uci,131,131,L1-full,224,7-13-15,3,
dry_bean_uci,dry_bean_uci,131,131,L1-full,225,3-11-12,3,
dry_bean_uci,dry_bean_uci,131,131,L1-full,226,3-5-14,3,
dry_bean_uci,dry_bean_uci,131,131,L1-full,227,0-10-12,3,
dry_bean_uci,dry_bean_uci,131,131,L1-full,228,1-7-13,3,
dry_bean_uci,dry_bean_uci,131,131,L1-full,229,1-10-15,3,
dry_bean_uci,dry_bean_uci,131,131,L1-full,230,1-10-13,3,
dry_bean_uci,dry_bean_uci,131,131,L1-full,231,4-10-15,3,
dry_bean_uci,dry_bean_uci,131,131,L1-full,232,2-14-15,3,
dry_bean_uci,dry_bean_uci,131,131,L1-full,233,7-9-15,3,
dry_bean_uci,dry_bean_uci,131,131,L1-full,234,3-11-14,3,
dry_bean_uci,dry_bean_uci,131,131,L1-full,235,3-6-10,3,
dry_bean_uci,dry_bean_uci,131,131,L1-full,236,2-11-15,3,
dry_bean_uci,dry_bean_uci,131,131,L1-full,237,1-12-13,3,
dry_bean_uci,dry_bean_uci,131,131,L1-full,238,2-14,2,
dry_bean_uci,dry_bean_uci,131,131,L1-full,239,2-7-10,3,
dry_bean_uci,dry_bean_uci,131,131,L1-full,240,1-14,2,
dry_bean_uci,dry_bean_uci,131,131,L1-full,241,7-11,2,
dry_bean_uci,dry_bean_uci,131,131,L1-full,242,0-3-10,3,
dry_bean_uci,dry_bean_uci,131,131,L1-full,243,4-7,2,
dry_bean_uci,dry_bean_uci,131,131,L1-full,244,3-4-12,3,
dry_bean_uci,dry_bean_uci,131,131,L1-full,245,3-5-11,3,
dry_bean_uci,dry_bean_uci,131,131,L1-full,246,2-9-15,3,
dry_bean_uci,dry_bean_uci,131,131,L1-full,247,9-13,2,
dry_bean_uci,dry_bean_uci,131,131,L1-full,248,2-4-15,3,
dry_bean_uci,dry_bean_uci,131,131,L1-full,249,2-6-10,3,
dry_bean_uci,dry_bean_uci,131,131,L1-full,250,2-3-10,3,
dry_bean_uci,dry_bean_uci,131,131,L1-full,251,3-4-11,3,
dry_bean_uci,dry_bean_uci,131,131,L1-full,252,4-9-13,3,
dry_bean_uci,dry_bean_uci,131,131,L1-full,253,0-2-10,3,
dry_bean_uci,dry_bean_uci,131,131,L1-full,254,3-4-14,3,
dry_bean_uci,dry_bean_uci,131,131,L1-full,255,1-4,2,
dry_bean_uci,dry_bean_uci,131,131,L1-full,256,0-6-10,3,
dry_bean_uci,dry_bean_uci,131,131,L1-full,257,8-9,2,
dry_bean_uci,dry_bean_uci,131,131,L1-full,258,3-12-13,3,
dry_bean_uci,dry_bean_uci,131,131,L1-full,259,9-11-14,3,
dry_bean_uci,dry_bean_uci,131,131,L1-full,260,2-5-13,3,
dry_bean_uci,dry_bean_uci,131,131,L1-full,261,6-7-10,3,
dry_bean_uci,dry_bean_uci,131,131,L1-full,262,1-8,2,
dry_bean_uci,dry_bean_uci,131,131,L1-full,263,8-13,2,
dry_bean_uci,dry_bean_uci,131,131,L1-full,264,2-5-15,3,
dry_bean_uci,dry_bean_uci,131,131,L1-full,265,0-7-10,3,
dry_bean_uci,dry_bean_uci,131,131,L1-full,266,6-9-15,3,
dry_bean_uci,dry_bean_uci,131,131,L1-full,267,5-10-13,3,
dry_bean_uci,dry_bean_uci,131,131,L1-full,268,5-7-12,3,
dry_bean_uci,dry_bean_uci,131,131,L1-full,269,10-12-15,3,
dry_bean_uci,dry_bean_uci,131,131,L1-full,270,2-4,2,
dry_bean_uci,dry_bean_uci,131,131,L1-full,271,3-4-5,3,
dry_bean_uci,dry_bean_uci,131,131,L1-full,272,1-5-12,3,
dry_bean_uci,dry_bean_uci,131,131,L1-full,273,1-11,2,
dry_bean_uci,dry_bean_uci,131,131,L1-full,274,2-11,2,
dry_bean_uci,dry_bean_uci,131,131,L1-full,275,1-13-15,3,
dry_bean_uci,dry_bean_uci,131,131,L1-full,276,3-10-15,3,
dry_bean_uci,dry_bean_uci,131,131,L1-full,277,2-10-15,3,
dry_bean_uci,dry_bean_uci,131,131,L1-full,278,2-11-14,3,
dry_bean_uci,dry_bean_uci,131,131,L1-full,279,5-12-15,3,
dry_bean_uci,dry_bean_uci,131,131,L1-full,280,2-4-11,3,
dry_bean_uci,dry_bean_uci,131,131,L1-full,281,2-13-14,3,
dry_bean_uci,dry_bean_uci,131,131,L1-full,282,7-10-15,3,
dry_bean_uci,dry_bean_uci,131,131,L1-full,283,6-10-15,3,
dry_bean_uci,dry_bean_uci,131,131,L1-full,284,2-4-14,3,
dry_bean_uci,dry_bean_uci,131,131,L1-full,285,2-5-14,3,
dry_bean_uci,dry_bean_uci,131,131,L1-full,286,0-10-15,3,
dry_bean_uci,dry_bean_uci,131,131,L1-full,287,2-5-12,3,
dry_bean_uci,dry_bean_uci,131,131,L1-full,288,5-7-13,3,
dry_bean_uci,dry_bean_uci,131,131,L1-full,289,0-9-15,3,
dry_bean_uci,dry_bean_uci,131,131,L1-full,290,2-5-11,3,
dry_bean_uci,dry_bean_uci,131,131,L1-full,291,5-10-15,3,
dry_bean_uci,dry_bean_uci,131,131,L1-full,292,4-12-13,3,
dry_bean_uci,dry_bean_uci,131,131,L1-full,293,3-5-13,3,
dry_bean_uci,dry_bean_uci,131,131,L1-full,294,5-9-11,3,
dry_bean_uci,dry_bean_uci,131,131,L1-full,295,1-5-13,3,
dry_bean_uci,dry_bean_uci,131,131,L1-full,296,2-11-13,3,
dry_bean_uci,dry_bean_uci,131,131,L1-full,297,2-7-15,3,
dry_bean_uci,dry_bean_uci,131,131,L1-full,298,4-6,2,
dry_bean_uci,dry_bean_uci,131,131,L1-full,299,0-4,2,
dry_bean_uci,dry_bean_uci,131,131,L1-full,300,0-13-15,3,
dry_bean_uci,dry_bean_uci,131,131,L1-full,301,8-9-15,3,
dry_bean_uci,dry_bean_uci,131,131,L1-full,302,6-13-15,3,
dry_bean_uci,dry_bean_uci,131,131,L1-full,303,3-8,2,
dry_bean_uci,dry_bean_uci,131,131,L1-full,304,7-12-14,3,
dry_bean_uci,dry_bean_uci,131,131,L1-full,305,2-4-5,3,
dry_bean_uci,dry_bean_uci,131,131,L1-full,306,7-8,2,
dry_bean_uci,dry_bean_uci,131,131,L1-full,307,5-9-14,3,
dry_bean_uci,dry_bean_uci,131,131,L1-full,308,5-6-12,3,
dry_bean_uci,dry_bean_uci,131,131,L1-full,309,0-5-12,3,
dry_bean_uci,dry_bean_uci,131,131,L1-full,310,7-9,2,
dry_bean_uci,dry_bean_uci,131,131,L1-full,311,3-10-13,3,
dry_bean_uci,dry_bean_uci,131,131,L1-full,312,1-5-15,3,
dry_bean_uci,dry_bean_uci,131,131,L1-full,313,5-7-15,3,
dry_bean_uci,dry_bean_uci,131,131,L1-full,314,6-12-15,3,
dry_bean_uci,dry_bean_uci,131,131,L1-full,315,0-12-15,3,
dry_bean_uci,dry_bean_uci,131,131,L1-full,316,0-14,2,
dry_bean_uci,dry_bean_uci,131,131,L1-full,317,6-14,2,
dry_bean_uci,dry_bean_uci,131,131,L1-full,318,2-10-13,3,
dry_bean_uci,dry_bean_uci,131,131,L1-full,319,1-12-14,3,
dry_bean_uci,dry_bean_uci,131,131,L1-full,320,1-14-15,3,
dry_bean_uci,dry_bean_uci,131,131,L1-full,321,2-4-10,3,
dry_bean_uci,dry_bean_uci,131,131,L1-full,322,1-11-15,3,
dry_bean_uci,dry_bean_uci,131,131,L1-full,323,1-4-10,3,
dry_bean_uci,dry_bean_uci,131,131,L1-full,324,7-11-12,3,
dry_bean_uci,dry_bean_uci,131,131,L1-full,325,9-11,2,
dry_bean_uci,dry_bean_uci,131,131,L1-full,326,4-9-12,3,
dry_bean_uci,dry_bean_uci,131,131,L1-full,327,6-11-15,3,
dry_bean_uci,dry_bean_uci,131,131,L1-full,328,4-6-15,3,
dry_bean_uci,dry_bean_uci,131,131,L1-full,329,7-13-14,3,
dry_bean_uci,dry_bean_uci,131,131,L1-full,330,1-7-15,3,
dry_bean_uci,dry_bean_uci,131,131,L1-full,331,6-14-15,3,
dry_bean_uci,dry_bean_uci,131,131,L1-full,332,10-13-15,3,
dry_bean_uci,dry_bean_uci,131,131,L1-full,333,0-4-15,3,
dry_bean_uci,dry_bean_uci,131,131,L1-full,334,0-11-15,3,
dry_bean_uci,dry_bean_uci,131,131,L1-full,335,4-10-12,3,
dry_bean_uci,dry_bean_uci,131,131,L1-full,336,0-14-15,3,
dry_bean_uci,dry_bean_uci,131,131,L1-full,337,1-13-14,3,
dry_bean_uci,dry_bean_uci,131,131,L1-full,338,3-13-15,3,
dry_bean_uci,dry_bean_uci,131,131,L1-full,339,1-4-15,3,
dry_bean_uci,dry_bean_uci,131,131,L1-full,340,7-10-13,3,
dry_bean_uci,dry_bean_uci,131,131,L1-full,341,2-4-13,3,
dry_bean_uci,dry_bean_uci,131,131,L1-full,342,1-3-15,3,
dry_bean_uci,dry_bean_uci,131,131,L1-full,343,2-12-14,3,
dry_bean_uci,dry_bean_uci,131,131,L1-full,344,7-14-15,3,
dry_bean_uci,dry_bean_uci,131,131,L1-full,345,0-5-6,3,
dry_bean_uci,dry_bean_uci,131,131,L1-full,346,6-9,2,
dry_bean_uci,dry_bean_uci,131,131,L1-full,347,5-6-15,3,
dry_bean_uci,dry_bean_uci,131,131,L1-full,348,1-11-12,3,
dry_bean_uci,dry_bean_uci,131,131,L1-full,349,2-8,2,
dry_bean_uci,dry_bean_uci,131,131,L1-full,350,8-13-15,3,
dry_bean_uci,dry_bean_uci,131,131,L1-full,351,0-8-10,3,
dry_bean_uci,dry_bean_uci,131,131,L1-full,352,6-8-10,3,
dry_bean_uci,dry_bean_uci,131,131,L1-full,353,0-5-15,3,
dry_bean_uci,dry_bean_uci,131,131,L1-full,354,1-2-15,3,
dry_bean_uci,dry_bean_uci,131,131,L1-full,355,0-11,2,
dry_bean_uci,dry_bean_uci,131,131,L1-full,356,6-11,2,
dry_bean_uci,dry_bean_uci,131,131,L1-full,357,0-9,2,
dry_bean_uci,dry_bean_uci,131,131,L1-full,358,6-12-14,3,
dry_bean_uci,dry_bean_uci,131,131,L1-full,359,0-12-14,3,
dry_bean_uci,dry_bean_uci,131,131,L1-full,360,7-11-15,3,
dry_bean_uci,dry_bean_uci,131,131,L1-full,361,1-8-10,3,
dry_bean_uci,dry_bean_uci,131,131,L1-full,362,8-12-15,3,
dry_bean_uci,dry_bean_uci,131,131,L1-full,363,1-9-12,3,
dry_bean_uci,dry_bean_uci,131,131,L1-full,364,3-8-10,3,
dry_bean_uci,dry_bean_uci,131,131,L1-full,365,7-11-13,3,
dry_bean_uci,dry_bean_uci,131,131,L1-full,366,1-11-13,3,
dry_bean_uci,dry_bean_uci,131,131,L1-full,367,4-8-10,3,
dry_bean_uci,dry_bean_uci,131,131,L1-full,368,2-9,2,
dry_bean_uci,dry_bean_uci,131,131,L1-full,369,0-1-15,3,
dry_bean_uci,dry_bean_uci,131,131,L1-full,370,5-8,2,
dry_bean_uci,dry_bean_uci,131,131,L1-full,371,4-7-15,3,
dry_bean_uci,dry_bean_uci,131,131,L1-full,372,9-14,2,
dry_bean_uci,dry_bean_uci,131,131,L1-full,373,3-8-12,3,
dry_bean_uci,dry_bean_uci,131,131,L1-full,374,5-8-15,3,
dry_bean_uci,dry_bean_uci,131,131,L1-full,375,1-6-15,3,
dry_bean_uci,dry_bean_uci,131,131,L1-full,376,5-9-12,3,
dry_bean_uci,dry_bean_uci,131,131,L1-full,377,9-11-13,3,
dry_bean_uci,dry_bean_uci,131,131,L1-full,378,3-7-15,3,
dry_bean_uci,dry_bean_uci,131,131,L1-full,379,8-14-15,3,
dry_bean_uci,dry_bean_uci,131,131,L1-full,380,2-8-10,3,
dry_bean_uci,dry_bean_uci,131,131,L1-full,381,3-13-14,3,
dry_bean_uci,dry_bean_uci,131,131,L1-full,382,7-8-10,3,
dry_bean_uci,dry_bean_uci,131,131,L1-full,383,2-11-12,3,
dry_bean_uci,dry_bean_uci,131,131,L1-full,384,2-4-9,3,
dry_bean_uci,dry_bean_uci,131,131,L1-full,385,6-11-12,3,
dry_bean_uci,dry_bean_uci,131,131,L1-full,386,0-11-12,3,
dry_bean_uci,dry_bean_uci,131,131,L1-full,387,8-11-15,3,
dry_bean_uci,dry_bean_uci,131,131,L1-full,388,0-6-15,3,
dry_bean_uci,dry_bean_uci,131,131,L1-full,389,3-6-15,3,
dry_bean_uci,dry_bean_uci,131,131,L1-full,390,1-3-9,3,
dry_bean_uci,dry_bean_uci,131,131,L1-full,391,0-3-15,3,
dry_bean_uci,dry_bean_uci,131,131,L1-full,392,0-2-15,3,
dry_bean_uci,dry_bean_uci,131,131,L1-full,393,5-7-14,3,
dry_bean_uci,dry_bean_uci,131,131,L1-full,394,2-10-11,3,
dry_bean_uci,dry_bean_uci,131,131,L1-full,395,9-11-12,3,
dry_bean_uci,dry_bean_uci,131,131,L1-full,396,2-6-15,3,
dry_bean_uci,dry_bean_uci,131,131,L1-full,397,1-5-14,3,
dry_bean_uci,dry_bean_uci,131,131,L1-full,398,2-3-15,3,
dry_bean_uci,dry_bean_uci,131,131,L1-full,399,8-9-10,3,
dry_bean_uci,dry_bean_uci,131,131,L1-full,400,4-8-15,3,
dry_bean_uci,dry_bean_uci,131,131,L1-full,401,6-10-13,3,
dry_bean_uci,dry_bean_uci,131,131,L1-full,402,4-6-11,3,
dry_bean_uci,dry_bean_uci,131,131,L1-full,403,9-13-14,3,
dry_bean_uci,dry_bean_uci,131,131,L1-full,404,0-10-13,3,
dry_bean_uci,dry_bean_uci,131,131,L1-full,405,9-12-14,3,
dry_bean_uci,dry_bean_uci,131,131,L1-full,406,8-10-11,3,
dry_bean_uci,dry_bean_uci,131,131,L1-full,407,0-4-11,3,
dry_bean_uci,dry_bean_uci,131,131,L1-full,408,0-6-8,3,
dry_bean_uci,dry_bean_uci,131,131,L1-full,409,3-4-9,3,
dry_bean_uci,dry_bean_uci,131,131,L1-full,410,8-12-14,3,
dry_bean_uci,dry_bean_uci,131,131,L1-full,411,8-11-14,3,
dry_bean_uci,dry_bean_uci,131,131,L1-full,412,3-5-7,3,
dry_bean_uci,dry_bean_uci,131,131,L1-full,413,1-10-11,3,
dry_bean_uci,dry_bean_uci,131,131,L1-full,414,8-11-12,3,
dry_bean_uci,dry_bean_uci,131,131,L1-full,415,6-11-14,3,
dry_bean_uci,dry_bean_uci,131,131,L1-full,416,3-5-15,3,
dry_bean_uci,dry_bean_uci,131,131,L1-full,417,4-8-11,3,
dry_bean_uci,dry_bean_uci,131,131,L1-full,418,5-7-11,3,
dry_bean_uci,dry_bean_uci,131,131,L1-full,419,4-6-14,3,
dry_bean_uci,dry_bean_uci,131,131,L1-full,420,0-11-14,3,
dry_bean_uci,dry_bean_uci,131,131,L1-full,421,2-10-14,3,
dry_bean_uci,dry_bean_uci,131,131,L1-full,422,4-8-14,3,
dry_bean_uci,dry_bean_uci,131,131,L1-full,423,1-5-11,3,
dry_bean_uci,dry_bean_uci,131,131,L1-full,424,5-8-14,3,
dry_bean_uci,dry_bean_uci,131,131,L1-full,425,0-4-14,3,
dry_bean_uci,dry_bean_uci,131,131,L1-full,426,3-11-13,3,
dry_bean_uci,dry_bean_uci,131,131,L1-full,427,4-7-10,3,
dry_bean_uci,dry_bean_uci,131,131,L1-full,428,5-8-11,3,
dry_bean_uci,dry_bean_uci,131,131,L1-full,429,8-14,2,
dry_bean_uci,dry_bean_uci,131,131,L1-full,430,5-9-13,3,
dry_bean_uci,dry_bean_uci,131,131,L1-full,431,3-9-12,3,
dry_bean_uci,dry_bean_uci,131,131,L1-full,432,9-12-13,3,
dry_bean_uci,dry_bean_uci,131,131,L1-full,433,5-8-12,3,
dry_bean_uci,dry_bean_uci,131,131,L1-full,434,4-7-12,3,
dry_bean_uci,dry_bean_uci,131,131,L1-full,435,12-14-15,3,
dry_bean_uci,dry_bean_uci,131,131,L1-full,436,8-10-14,3,
dry_bean_uci,dry_bean_uci,131,131,L1-full,437,3-5-9,3,
dry_bean_uci,dry_bean_uci,131,131,L1-full,438,3-5-6,3,
dry_bean_uci,dry_bean_uci,131,131,L1-full,439,0-3-5,3,
dry_bean_uci,dry_bean_uci,131,131,L1-full,440,1-7-9,3,
dry_bean_uci,dry_bean_uci,131,131,L1-full,441,1-3-5,3,
dry_bean_uci,dry_bean_uci,131,131,L1-full,442,8-9-14,3,
dry_bean_uci,dry_bean_uci,131,131,L1-full,443,1-10-14,3,
dry_bean_uci,dry_bean_uci,131,131,L1-full,444,1-4-12,3,
dry_bean_uci,dry_bean_uci,131,131,L1-full,445,3-9-11,3,
dry_bean_uci,dry_bean_uci,131,131,L1-full,446,0-6-14,3,
dry_bean_uci,dry_bean_uci,131,131,L1-full,447,4-5-8,3,
dry_bean_uci,dry_bean_uci,131,131,L1-full,448,2-3-5,3,
dry_bean_uci,dry_bean_uci,131,131,L1-full,449,1-11-14,3,
dry_bean_uci,dry_bean_uci,131,131,L1-full,450,0-7-15,3,
dry_bean_uci,dry_bean_uci,131,131,L1-full,451,5-8-9,3,
dry_bean_uci,dry_bean_uci,131,131,L1-full,452,1-8-12,3,
dry_bean_uci,dry_bean_uci,131,131,L1-full,453,6-7-15,3,
dry_bean_uci,dry_bean_uci,131,131,L1-full,454,3-7-14,3,
dry_bean_uci,dry_bean_uci,131,131,L1-full,455,8-10-15,3,
dry_bean_uci,dry_bean_uci,131,131,L1-full,456,3-9-14,3,
dry_bean_uci,dry_bean_uci,131,131,L1-full,457,4-8-12,3,
dry_bean_uci,dry_bean_uci,131,131,L1-full,458,1-5-7,3,
dry_bean_uci,dry_bean_uci,131,131,L1-full,459,1-6-9,3,
dry_bean_uci,dry_bean_uci,131,131,L1-full,460,8-9-11,3,
dry_bean_uci,dry_bean_uci,131,131,L1-full,461,7-8-12,3,
dry_bean_uci,dry_bean_uci,131,131,L1-full,462,8-11,2,
dry_bean_uci,dry_bean_uci,131,131,L1-full,463,0-4-9,3,
dry_bean_uci,dry_bean_uci,131,131,L1-full,464,7-11-14,3,
dry_bean_uci,dry_bean_uci,131,131,L1-full,465,4-6-9,3,
dry_bean_uci,dry_bean_uci,131,131,L1-full,466,3-6-8,3,
dry_bean_uci,dry_bean_uci,131,131,L1-full,467,3-7-11,3,
dry_bean_uci,dry_bean_uci,131,131,L1-full,468,0-1-9,3,
dry_bean_uci,dry_bean_uci,131,131,L1-full,469,1-6-8,3,
dry_bean_uci,dry_bean_uci,131,131,L1-full,470,0-3-8,3,
dry_bean_uci,dry_bean_uci,131,131,L1-full,471,0-1-8,3,
dry_bean_uci,dry_bean_uci,131,131,L1-full,472,2-5-6,3,
dry_bean_uci,dry_bean_uci,131,131,L1-full,473,1-7-14,3,
dry_bean_uci,dry_bean_uci,131,131,L1-full,474,0-2-5,3,
dry_bean_uci,dry_bean_uci,131,131,L1-full,475,1-3-8,3,
dry_bean_uci,dry_bean_uci,131,131,L1-full,476,1-4-9,3,
dry_bean_uci,dry_bean_uci,131,131,L1-full,477,2-3-14,3,
dry_bean_uci,dry_bean_uci,131,131,L1-full,478,1-4-13,3,
dry_bean_uci,dry_bean_uci,131,131,L1-full,479,0-6-11,3,
dry_bean_uci,dry_bean_uci,131,131,L1-full,480,4-6-10,3,
dry_bean_uci,dry_bean_uci,131,131,L1-full,481,2-5-7,3,
dry_bean_uci,dry_bean_uci,131,131,L1-full,482,3-4-15,3,
dry_bean_uci,dry_bean_uci,131,131,L1-full,483,1-7-11,3,
dry_bean_uci,dry_bean_uci,131,131,L1-full,484,6-8,2,
dry_bean_uci,dry_bean_uci,131,131,L1-full,485,1-2-5,3,
dry_bean_uci,dry_bean_uci,131,131,L1-full,486,4-6-12,3,
dry_bean_uci,dry_bean_uci,131,131,L1-full,487,0-4-10,3,
dry_bean_uci,dry_bean_uci,131,131,L1-full,488,0-4-12,3,
dry_bean_uci,dry_bean_uci,131,131,L1-full,489,0-8,2,
dry_bean_uci,dry_bean_uci,131,131,L1-full,490,1-3-14,3,
dry_bean_uci,dry_bean_uci,131,131,L1-full,491,2-8-15,3,
dry_bean_uci,dry_bean_uci,131,131,L1-full,492,1-8-15,3,
dry_bean_uci,dry_bean_uci,131,131,L1-full,493,1-2-4,3,
dry_bean_uci,dry_bean_uci,131,131,L1-full,494,1-2-14,3,
dry_bean_uci,dry_bean_uci,131,131,L1-full,495,1-5-6,3,
dry_bean_uci,dry_bean_uci,131,131,L1-full,496,0-1-5,3,
dry_bean_uci,dry_bean_uci,131,131,L1-full,497,1-2-11,3,
dry_bean_uci,dry_bean_uci,131,131,L1-full,498,1-2-9,3,
dry_bean_uci,dry_bean_uci,131,131,L1-full,499,2-3-11,3,
dry_bean_uci,dry_bean_uci,131,131,L1-full,500,2-7-14,3,
dry_bean_uci,dry_bean_uci,131,131,L1-full,501,0-5-11,3,
dry_bean_uci,dry_bean_uci,131,131,L1-full,502,1-4-11,3,
dry_bean_uci,dry_bean_uci,131,131,L1-full,503,0-9-11,3,
dry_bean_uci,dry_bean_uci,131,131,L1-full,504,5-6-11,3,
dry_bean_uci,dry_bean_uci,131,131,L1-full,505,5-9,2,
dry_bean_uci,dry_bean_uci,131,131,L1-full,506,0-8-12,3,
dry_bean_uci,dry_bean_uci,131,131,L1-full,507,6-8-12,3,
dry_bean_uci,dry_bean_uci,131,131,L1-full,508,0-5-14,3,
dry_bean_uci,dry_bean_uci,131,131,L1-full,509,4-7-9,3,
dry_bean_uci,dry_bean_uci,131,131,L1-full,510,1-4-14,3,
dry_bean_uci,dry_bean_uci,131,131,L1-full,511,6-7-8,3,
dry_bean_uci,dry_bean_uci,131,131,L1-full,512,10-11-12,3,
dry_bean_uci,dry_bean_uci,131,131,L1-full,513,6-9-11,3,
dry_bean_uci,dry_bean_uci,131,131,L1-full,514,0-7-8,3,
dry_bean_uci,dry_bean_uci,131,131,L1-full,515,5-6-14,3,
dry_bean_uci,dry_bean_uci,131,131,L1-full,516,2-7-11,3,
dry_bean_uci,dry_bean_uci,131,131,L1-full,517,1-4-7,3,
dry_bean_uci,dry_bean_uci,131,131,L1-full,518,1-3-11,3,
dry_bean_uci,dry_bean_uci,131,131,L1-full,519,7-8-15,3,
dry_bean_uci,dry_bean_uci,131,131,L1-full,520,2-9-11,3,
dry_bean_uci,dry_bean_uci,131,131,L1-full,521,0-9-14,3,
dry_bean_uci,dry_bean_uci,131,131,L1-full,522,4-5-6,3,
dry_bean_uci,dry_bean_uci,131,131,L1-full,523,0-4-5,3,
dry_bean_uci,dry_bean_uci,131,131,L1-full,524,3-4-10,3,
dry_bean_uci,dry_bean_uci,131,131,L1-full,525,4-7-11,3,
dry_bean_uci,dry_bean_uci,131,131,L1-full,526,5-6-7,3,
dry_bean_uci,dry_bean_uci,131,131,L1-full,527,0-5-7,3,
dry_bean_uci,dry_bean_uci,131,131,L1-full,528,6-9-14,3,
dry_bean_uci,dry_bean_uci,131,131,L1-full,529,3-8-15,3,
dry_bean_uci,dry_bean_uci,131,131,L1-full,530,4-7-13,3,
dry_bean_uci,dry_bean_uci,131,131,L1-full,531,4-7-14,3,
dry_bean_uci,dry_bean_uci,131,131,L1-full,532,2-6-8,3,
dry_bean_uci,dry_bean_uci,131,131,L1-full,533,11-12-15,3,
dry_bean_uci,dry_bean_uci,131,131,L1-full,534,0-2-8,3,
dry_bean_uci,dry_bean_uci,131,131,L1-full,535,0-5-13,3,
dry_bean_uci,dry_bean_uci,131,131,L1-full,536,4-5-7,3,
dry_bean_uci,dry_bean_uci,131,131,L1-full,537,2-6-9,3,
dry_bean_uci,dry_bean_uci,131,131,L1-full,538,3-7-8,3,
dry_bean_uci,dry_bean_uci,131,131,L1-full,539,5-6-13,3,
dry_bean_uci,dry_bean_uci,131,131,L1-full,540,3-4-7,3,
dry_bean_uci,dry_bean_uci,131,131,L1-full,541,8-12-13,3,
dry_bean_uci,dry_bean_uci,131,131,L1-full,542,1-4-5,3,
dry_bean_uci,dry_bean_uci,131,131,L1-full,543,1-7-8,3,
dry_bean_uci,dry_bean_uci,131,131,L1-full,544,2-5-10,3,
dry_bean_uci,dry_bean_uci,131,131,L1-full,545,3-14-15,3,
dry_bean_uci,dry_bean_uci,131,131,L1-full,546,3-11-15,3,
dry_bean_uci,dry_bean_uci,131,131,L1-full,547,2-9-14,3,
dry_bean_uci,dry_bean_uci,131,131,L1-full,548,4-6-13,3,
dry_bean_uci,dry_bean_uci,131,131,L1-full,549,0-4-13,3,
dry_bean_uci,dry_bean_uci,131,131,L1-full,550,2-8-12,3,
dry_bean_uci,dry_bean_uci,131,131,L1-full,551,2-5-9,3,
dry_bean_uci,dry_bean_uci,131,131,L1-full,552,1-9-11,3,
dry_bean_uci,dry_bean_uci,131,131,L1-full,553,1-5-10,3,
dry_bean_uci,dry_bean_uci,131,131,L1-full,554,0-2-14,3,
dry_bean_uci,dry_bean_uci,131,131,L1-full,555,2-6-14,3,
dry_bean_uci,dry_bean_uci,131,131,L1-full,556,0-2-9,3,
dry_bean_uci,dry_bean_uci,131,131,L1-full,557,7-9-11,3,
dry_bean_uci,dry_bean_uci,131,131,L1-full,558,2-7-9,3,
dry_bean_uci,dry_bean_uci,131,131,L1-full,559,2-4-7,3,
dry_bean_uci,dry_bean_uci,131,131,L1-full,560,0-2-11,3,
dry_bean_uci,dry_bean_uci,131,131,L1-full,561,2-6-11,3,
dry_bean_uci,dry_bean_uci,131,131,L1-full,562,3-6-14,3,
dry_bean_uci,dry_bean_uci,131,131,L1-full,563,0-3-14,3,
dry_bean_uci,dry_bean_uci,131,131,L1-full,564,0-11-13,3,
dry_bean_uci,dry_bean_uci,131,131,L1-full,565,6-11-13,3,
dry_bean_uci,dry_bean_uci,131,131,L1-full,566,0-13-14,3,
dry_bean_uci,dry_bean_uci,131,131,L1-full,567,8-10-13,3,
dry_bean_uci,dry_bean_uci,131,131,L1-full,568,6-13-14,3,
dry_bean_uci,dry_bean_uci,131,131,L1-full,569,4-8-9,3,
dry_bean_uci,dry_bean_uci,131,131,L1-full,570,4-8,2,
dry_bean_uci,dry_bean_uci,131,131,L1-full,571,6-10-11,3,
dry_bean_uci,dry_bean_uci,131,131,L1-full,572,1-9-14,3,
dry_bean_uci,dry_bean_uci,131,131,L1-full,573,0-7-14,3,
dry_bean_uci,dry_bean_uci,131,131,L1-full,574,0-1-14,3,
dry_bean_uci,dry_bean_uci,131,131,L1-full,575,3-6-11,3,
dry_bean_uci,dry_bean_uci,131,131,L1-full,576,1-3-4,3,
dry_bean_uci,dry_bean_uci,131,131,L1-full,577,0-7-11,3,
dry_bean_uci,dry_bean_uci,131,131,L1-full,578,1-6-14,3,
dry_bean_uci,dry_bean_uci,131,131,L1-full,579,6-7-14,3,
dry_bean_uci,dry_bean_uci,131,131,L1-full,580,0-3-11,3,
dry_bean_uci,dry_bean_uci,131,131,L1-full,581,7-9-14,3,
dry_bean_uci,dry_bean_uci,131,131,L1-full,582,6-7-11,3,
dry_bean_uci,dry_bean_uci,131,131,L1-full,583,0-2-4,3,
dry_bean_uci,dry_bean_uci,131,131,L1-full,584,0-9-12,3,
dry_bean_uci,dry_bean_uci,131,131,L1-full,585,2-4-6,3,
dry_bean_uci,dry_bean_uci,131,131,L1-full,586,0-10-11,3,
dry_bean_uci,dry_bean_uci,131,131,L1-full,587,3-4-6,3,
dry_bean_uci,dry_bean_uci,131,131,L1-full,588,7-10-11,3,
dry_bean_uci,dry_bean_uci,131,131,L1-full,589,0-4-7,3,
dry_bean_uci,dry_bean_uci,131,131,L1-full,590,3-4-13,3,
dry_bean_uci,dry_bean_uci,131,131,L1-full,591,0-1-11,3,
dry_bean_uci,dry_bean_uci,131,131,L1-full,592,1-6-11,3,
dry_bean_uci,dry_bean_uci,131,131,L1-full,593,1-2-8,3,
dry_bean_uci,dry_bean_uci,131,131,L1-full,594,0-3-4,3,
dry_bean_uci,dry_bean_uci,131,131,L1-full,595,4-6-7,3,
dry_bean_uci,dry_bean_uci,131,131,L1-full,596,6-9-12,3,
dry_bean_uci,dry_bean_uci,131,131,L1-full,597,0-1-4,3,
dry_bean_uci,dry_bean_uci,131,131,L1-full,598,1-4-6,3,
dry_bean_uci,dry_bean_uci,131,131,L1-full,599,3-9-13,3,
dry_bean_uci,dry_bean_uci,131,131,L1-full,600,2-3-4,3,
dry_bean_uci,dry_bean_uci,131,131,L1-full,601,5-8-10,3,
dry_bean_uci,dry_bean_uci,131,131,L1-full,602,0-5-9,3,
dry_bean_uci,dry_bean_uci,131,131,L1-full,603,0-4-6,3,
dry_bean_uci,dry_bean_uci,131,131,L1-full,604,2-3-8,3,
dry_bean_uci,dry_bean_uci,131,131,L1-full,605,2-4-12,3,
dry_bean_uci,dry_bean_uci,131,131,L1-full,606,6-10-14,3,
dry_bean_uci,dry_bean_uci,131,131,L1-full,607,10-12-14,3,
dry_bean_uci,dry_bean_uci,131,131,L1-full,608,5-6-9,3,
dry_bean_uci,dry_bean_uci,131,131,L1-full,609,8-10-12,3,
dry_bean_uci,dry_bean_uci,131,131,L1-full,610,7-9-12,3,
dry_bean_uci,dry_bean_uci,131,131,L1-full,611,0-10-14,3,
dry_bean_uci,dry_bean_uci,131,131,L1-full,612,8-9-13,3,
dry_bean_uci,dry_bean_uci,131,131,L1-full,613,6-8-15,3,
dry_bean_uci,dry_bean_uci,131,131,L1-full,614,0-8-15,3,
dry_bean_uci,dry_bean_uci,131,131,L1-full,615,3-4-8,3,
dry_bean_uci,dry_bean_uci,131,131,L1-full,616,6-7-9,3,
dry_bean_uci,dry_bean_uci,131,131,L1-full,617,3-5-8,3,
dry_bean_uci,dry_bean_uci,131,131,L1-full,618,3-8-14,3,
dry_bean_uci,dry_bean_uci,131,131,L1-full,619,3-8-11,3,
dry_bean_uci,dry_bean_uci,131,131,L1-full,620,2-9-12,3,
dry_bean_uci,dry_bean_uci,131,131,L1-full,621,3-7-9,3,
dry_bean_uci,dry_bean_uci,131,131,L1-full,622,5-7-9,3,
dry_bean_uci,dry_bean_uci,131,131,L1-full,623,2-7-8,3,
dry_bean_uci,dry_bean_uci,131,131,L1-full,624,5-7-8,3,
dry_bean_uci,dry_bean_uci,131,131,L1-full,625,0-6-9,3,
dry_bean_uci,dry_bean_uci,131,131,L1-full,626,5-8-13,3,
dry_bean_uci,dry_bean_uci,131,131,L1-full,627,1-4-8,3,
dry_bean_uci,dry_bean_uci,131,131,L1-full,628,1-5-8,3,
dry_bean_uci,dry_bean_uci,131,131,L1-full,629,4-12-15,3,
dry_bean_uci,dry_bean_uci,131,131,L1-full,630,0-7-9,3,
dry_bean_uci,dry_bean_uci,131,131,L1-full,631,7-10-14,3,
dry_bean_uci,dry_bean_uci,131,131,L1-full,632,4-7-8,3,
dry_bean_uci,dry_bean_uci,131,131,L1-full,633,1-8-11,3,
dry_bean_uci,dry_bean_uci,131,131,L1-full,634,1-5-9,3,
dry_bean_uci,dry_bean_uci,131,131,L1-full,635,1-8-14,3,
dry_bean_uci,dry_bean_uci,131,131,L1-full,636,2-4-8,3,
dry_bean_uci,dry_bean_uci,131,131,L1-top8,1,9-10,2,
dry_bean_uci,dry_bean_uci,131,131,L1-top8,2,3-12,2,
dry_bean_uci,dry_bean_uci,131,131,L1-top8,3,10-12,2,
dry_bean_uci,dry_bean_uci,131,131,L1-top8,4,1-12,2,
dry_bean_uci,dry_bean_uci,131,131,L1-top8,5,7-12,2,
dry_bean_uci,dry_bean_uci,131,131,L1-top8,6,9-10-12,3,
dry_bean_uci,dry_bean_uci,131,131,L1-top8,7,12-15,2,
dry_bean_uci,dry_bean_uci,131,131,L1-top8,8,9-10-15,3,
dry_bean_uci,dry_bean_uci,131,131,L1-match,1,9-10,2,
dry_bean_uci,dry_bean_uci,131,131,L1-match,2,3-12,2,
dry_bean_uci,dry_bean_uci,131,131,SHIL-k8,1,10-12,2,
dry_bean_uci,dry_bean_uci,131,131,SHIL-k8,2,3-12,2,
dry_bean_uci,dry_bean_uci,131,131,SHIL-k8,3,10-15,2,
dry_bean_uci,dry_bean_uci,131,131,SHIL-k8,4,10-13,2,
dry_bean_uci,dry_bean_uci,131,131,SHIL-k8,5,6-12,2,
dry_bean_uci,dry_bean_uci,131,131,SHIL-k8,6,0-12,2,
dry_bean_uci,dry_bean_uci,131,131,SHIL-k8,7,1-12,2,
dry_bean_uci,dry_bean_uci,131,131,SHIL-k8,8,9-10,2,
dry_bean_uci,dry_bean_uci,131,131,SC-L1,1,3-12,2,
dry_bean_uci,dry_bean_uci,131,131,SC-L1,2,9-10,2,
dry_bean_uci,dry_bean_uci,131,131,SC-SHIL,1,3-12,2,
dry_bean_uci,dry_bean_uci,131,131,SC-SHIL,2,10-12,2,
dry_bean_uci,dry_bean_uci,157,157,L1-full,1,9-10,2,
dry_bean_uci,dry_bean_uci,157,157,L1-full,2,3-12,2,
dry_bean_uci,dry_bean_uci,157,157,L1-full,3,10-12,2,
dry_bean_uci,dry_bean_uci,157,157,L1-full,4,1-12,2,
dry_bean_uci,dry_bean_uci,157,157,L1-full,5,9-10-12,3,
dry_bean_uci,dry_bean_uci,157,157,L1-full,6,7-12,2,
dry_bean_uci,dry_bean_uci,157,157,L1-full,7,12-13,2,
dry_bean_uci,dry_bean_uci,157,157,L1-full,8,12-15,2,
dry_bean_uci,dry_bean_uci,157,157,L1-full,9,9-10-15,3,
dry_bean_uci,dry_bean_uci,157,157,L1-full,10,2-12,2,
dry_bean_uci,dry_bean_uci,157,157,L1-full,11,4-11-14,3,
dry_bean_uci,dry_bean_uci,157,157,L1-full,12,6-12,2,
dry_bean_uci,dry_bean_uci,157,157,L1-full,13,0-12,2,
dry_bean_uci,dry_bean_uci,157,157,L1-full,14,3-7-12,3,
dry_bean_uci,dry_bean_uci,157,157,L1-full,15,10-15,2,
dry_bean_uci,dry_bean_uci,157,157,L1-full,16,1-3-12,3,
dry_bean_uci,dry_bean_uci,157,157,L1-full,17,9-15,2,
dry_bean_uci,dry_bean_uci,157,157,L1-full,18,1-10,2,
dry_bean_uci,dry_bean_uci,157,157,L1-full,19,13-15,2,
dry_bean_uci,dry_bean_uci,157,157,L1-full,20,4-5-11,3,
dry_bean_uci,dry_bean_uci,157,157,L1-full,21,3-9-10,3,
dry_bean_uci,dry_bean_uci,157,157,L1-full,22,4-5-14,3,
dry_bean_uci,dry_bean_uci,157,157,L1-full,23,1-7-12,3,
dry_bean_uci,dry_bean_uci,157,157,L1-full,24,14-15,2,
dry_bean_uci,dry_bean_uci,157,157,L1-full,25,5-11-14,3,
dry_bean_uci,dry_bean_uci,157,157,L1-full,26,11-15,2,
dry_bean_uci,dry_bean_uci,157,157,L1-full,27,10-13,2,
dry_bean_uci,dry_bean_uci,157,157,L1-full,28,1-9-10,3,
dry_bean_uci,dry_bean_uci,157,157,L1-full,29,3-10,2,
dry_bean_uci,dry_bean_uci,157,157,L1-full,30,1-3,2,
dry_bean_uci,dry_bean_uci,157,157,L1-full,31,3-7,2,
dry_bean_uci,dry_bean_uci,157,157,L1-full,32,5-12,2,
dry_bean_uci,dry_bean_uci,157,157,L1-full,33,2-7-12,3,
dry_bean_uci,dry_bean_uci,157,157,L1-full,34,7-9-10,3,
dry_bean_uci,dry_bean_uci,157,157,L1-full,35,1-7,2,
dry_bean_uci,dry_bean_uci,157,157,L1-full,36,5-15,2,
dry_bean_uci,dry_bean_uci,157,157,L1-full,37,9-10-13,3,
dry_bean_uci,dry_bean_uci,157,157,L1-full,38,7-10,2,
dry_bean_uci,dry_bean_uci,157,157,L1-full,39,1-10-12,3,
dry_bean_uci,dry_bean_uci,157,157,L1-full,40,4-15,2,
dry_bean_uci,dry_bean_uci,157,157,L1-full,41,1-2-12,3,
dry_bean_uci,dry_bean_uci,157,157,L1-full,42,2-3-12,3,
dry_bean_uci,dry_bean_uci,157,157,L1-full,43,2-3,2,
dry_bean_uci,dry_bean_uci,157,157,L1-full,44,8-10,2,
dry_bean_uci,dry_bean_uci,157,157,L1-full,45,0-3-12,3,
dry_bean_uci,dry_bean_uci,157,157,L1-full,46,3-6-12,3,
dry_bean_uci,dry_bean_uci,157,157,L1-full,47,9-12,2,
dry_bean_uci,dry_bean_uci,157,157,L1-full,48,3-6,2,
dry_bean_uci,dry_bean_uci,157,157,L1-full,49,0-3,2,
dry_bean_uci,dry_bean_uci,157,157,L1-full,50,1-15,2,
dry_bean_uci,dry_bean_uci,157,157,L1-full,51,4-9-15,3,
dry_bean_uci,dry_bean_uci,157,157,L1-full,52,3-13,2,
dry_bean_uci,dry_bean_uci,157,157,L1-full,53,12-14,2,
dry_bean_uci,dry_bean_uci,157,157,L1-full,54,7-15,2,
dry_bean_uci,dry_bean_uci,157,157,L1-full,55,2-15,2,
dry_bean_uci,dry_bean_uci,157,157,L1-full,56,3-10-12,3,
dry_bean_uci,dry_bean_uci,157,157,L1-full,57,9-12-15,3,
dry_bean_uci,dry_bean_uci,157,157,L1-full,58,11-12,2,
dry_bean_uci,dry_bean_uci,157,157,L1-full,59,4-11-13,3,
dry_bean_uci,dry_bean_uci,157,157,L1-full,60,1-13,2,
dry_bean_uci,dry_bean_uci,157,157,L1-full,61,1-6,2,
dry_bean_uci,dry_bean_uci,157,157,L1-full,62,1-2,2,
dry_bean_uci,dry_bean_uci,157,157,L1-full,63,0-1,2,
dry_bean_uci,dry_bean_uci,157,157,L1-full,64,9-10-14,3,
dry_bean_uci,dry_bean_uci,157,157,L1-full,65,0-7-12,3,
dry_bean_uci,dry_bean_uci,157,157,L1-full,66,6-7-12,3,
dry_bean_uci,dry_bean_uci,157,157,L1-full,67,9-10-11,3,
dry_bean_uci,dry_bean_uci,157,157,L1-full,68,4-13-14,3,
dry_bean_uci,dry_bean_uci,157,157,L1-full,69,11-14-15,3,
dry_bean_uci,dry_bean_uci,157,157,L1-full,70,1-6-12,3,
dry_bean_uci,dry_bean_uci,157,157,L1-full,71,0-1-12,3,
dry_bean_uci,dry_bean_uci,157,157,L1-full,72,5-13,2,
dry_bean_uci,dry_bean_uci,157,157,L1-full,73,7-13,2,
dry_bean_uci,dry_bean_uci,157,157,L1-full,74,1-3-7,3,
dry_bean_uci,dry_bean_uci,157,157,L1-full,75,2-9-10,3,
dry_bean_uci,dry_bean_uci,157,157,L1-full,76,0-6,2,
dry_bean_uci,dry_bean_uci,157,157,L1-full,77,2-7,2,
dry_bean_uci,dry_bean_uci,157,157,L1-full,78,4-11-15,3,
dry_bean_uci,dry_bean_uci,157,157,L1-full,79,3-15,2,
dry_bean_uci,dry_bean_uci,157,157,L1-full,80,1-2-7,3,
dry_bean_uci,dry_bean_uci,157,157,L1-full,81,4-9-10,3,
dry_bean_uci,dry_bean_uci,157,157,L1-full,82,2-10,2,
dry_bean_uci,dry_bean_uci,157,157,L1-full,83,11-13-14,3,
dry_bean_uci,dry_bean_uci,157,157,L1-full,84,6-7,2,
dry_bean_uci,dry_bean_uci,157,157,L1-full,85,4-14-15,3,
dry_bean_uci,dry_bean_uci,157,157,L1-full,86,0-7,2,
dry_bean_uci,dry_bean_uci,157,157,L1-full,87,5-9-10,3,
dry_bean_uci,dry_bean_uci,157,157,L1-full,88,4-12,2,
dry_bean_uci,dry_bean_uci,157,157,L1-full,89,2-6-12,3,
dry_bean_uci,dry_bean_uci,157,157,L1-full,90,0-2-12,3,
dry_bean_uci,dry_bean_uci,157,157,L1-full,91,9-14-15,3,
dry_bean_uci,dry_bean_uci,157,157,L1-full,92,1-3-10,3,
dry_bean_uci,dry_bean_uci,157,157,L1-full,93,11-14,2,
dry_bean_uci,dry_bean_uci,157,157,L1-full,94,2-3-7,3,
dry_bean_uci,dry_bean_uci,157,157,L1-full,95,9-11-15,3,
dry_bean_uci,dry_bean_uci,157,157,L1-full,96,2-13,2,
dry_bean_uci,dry_bean_uci,157,157,L1-full,97,1-9-15,3,
dry_bean_uci,dry_bean_uci,157,157,L1-full,98,4-10-11,3,
dry_bean_uci,dry_bean_uci,157,157,L1-full,99,1-2-3,3,
dry_bean_uci,dry_bean_uci,157,157,L1-full,100,7-10-12,3,
dry_bean_uci,dry_bean_uci,157,157,L1-full,101,6-9-10,3,
dry_bean_uci,dry_bean_uci,157,157,L1-full,102,4-11,2,
dry_bean_uci,dry_bean_uci,157,157,L1-full,103,0-6-12,3,
dry_bean_uci,dry_bean_uci,157,157,L1-full,104,4-14,2,
dry_bean_uci,dry_bean_uci,157,157,L1-full,105,0-9-10,3,
dry_bean_uci,dry_bean_uci,157,157,L1-full,106,1-3-6,3,
dry_bean_uci,dry_bean_uci,157,157,L1-full,107,0-6-13,3,
dry_bean_uci,dry_bean_uci,157,157,L1-full,108,5-9-15,3,
dry_bean_uci,dry_bean_uci,157,157,L1-full,109,0-1-3,3,
dry_bean_uci,dry_bean_uci,157,157,L1-full,110,6-10,2,
dry_bean_uci,dry_bean_uci,157,157,L1-full,111,1-7-10,3,
dry_bean_uci,dry_bean_uci,157,157,L1-full,112,4-10-14,3,
dry_bean_uci,dry_bean_uci,157,157,L1-full,113,0-10,2,
dry_bean_uci,dry_bean_uci,157,157,L1-full,114,2-6,2,
dry_bean_uci,dry_bean_uci,157,157,L1-full,115,0-2,2,
dry_bean_uci,dry_bean_uci,157,157,L1-full,116,13-14,2,
dry_bean_uci,dry_bean_uci,157,157,L1-full,117,12-13-15,3,
dry_bean_uci,dry_bean_uci,157,157,L1-full,118,0-1-6,3,
dry_bean_uci,dry_bean_uci,157,157,L1-full,119,0-3-6,3,
dry_bean_uci,dry_bean_uci,157,157,L1-full,120,13-14-15,3,
dry_bean_uci,dry_bean_uci,157,157,L1-full,121,9-13-15,3,
dry_bean_uci,dry_bean_uci,157,157,L1-full,122,5-12-14,3,
dry_bean_uci,dry_bean_uci,157,157,L1-full,123,1-6-7,3,
dry_bean_uci,dry_bean_uci,157,157,L1-full,124,10-11-14,3,
dry_bean_uci,dry_bean_uci,157,157,L1-full,125,0-1-7,3,
dry_bean_uci,dry_bean_uci,157,157,L1-full,126,1-2-6,3,
dry_bean_uci,dry_bean_uci,157,157,L1-full,127,3-5,2,
dry_bean_uci,dry_bean_uci,157,157,L1-full,128,0-1-2,3,
dry_bean_uci,dry_bean_uci,157,157,L1-full,129,8-12,2,
dry_bean_uci,dry_bean_uci,157,157,L1-full,130,3-6-7,3,
dry_bean_uci,dry_bean_uci,157,157,L1-full,131,0-3-7,3,
dry_bean_uci,dry_bean_uci,157,157,L1-full,132,11-13-15,3,
dry_bean_uci,dry_bean_uci,157,157,L1-full,133,1-2-10,3,
dry_bean_uci,dry_bean_uci,157,157,L1-full,134,4-5-13,3,
dry_bean_uci,dry_bean_uci,157,157,L1-full,135,5-14-15,3,
dry_bean_uci,dry_bean_uci,157,157,L1-full,136,2-3-6,3,
dry_bean_uci,dry_bean_uci,157,157,L1-full,137,0-2-3,3,
dry_bean_uci,dry_bean_uci,157,157,L1-full,138,2-6-7,3,
dry_bean_uci,dry_bean_uci,157,157,L1-full,139,0-2-7,3,
dry_bean_uci,dry_bean_uci,157,157,L1-full,140,5-7,2,
dry_bean_uci,dry_bean_uci,157,157,L1-full,141,5-14,2,
dry_bean_uci,dry_bean_uci,157,157,L1-full,142,5-11-15,3,
dry_bean_uci,dry_bean_uci,157,157,L1-full,143,0-2-6,3,
dry_bean_uci,dry_bean_uci,157,157,L1-full,144,5-11-12,3,
dry_bean_uci,dry_bean_uci,157,157,L1-full,145,6-13,2,
dry_bean_uci,dry_bean_uci,157,157,L1-full,146,11-13,2,
dry_bean_uci,dry_bean_uci,157,157,L1-full,147,5-11-13,3,
dry_bean_uci,dry_bean_uci,157,157,L1-full,148,11-12-14,3,
dry_bean_uci,dry_bean_uci,157,157,L1-full,149,0-13,2,
dry_bean_uci,dry_bean_uci,157,157,L1-full,150,3-9-15,3,
dry_bean_uci,dry_bean_uci,157,157,L1-full,151,5-11,2,
dry_bean_uci,dry_bean_uci,157,157,L1-full,152,5-12-13,3,
dry_bean_uci,dry_bean_uci,157,157,L1-full,153,5-13-14,3,
dry_bean_uci,dry_bean_uci,157,157,L1-full,154,3-6-13,3,
dry_bean_uci,dry_bean_uci,157,157,L1-full,155,0-3-13,3,
dry_bean_uci,dry_bean_uci,157,157,L1-full,156,1-5,2,
dry_bean_uci,dry_bean_uci,157,157,L1-full,157,4-9-11,3,
dry_bean_uci,dry_bean_uci,157,157,L1-full,158,5-13-15,3,
dry_bean_uci,dry_bean_uci,157,157,L1-full,159,2-5,2,
dry_bean_uci,dry_bean_uci,157,157,L1-full,160,0-6-7,3,
dry_bean_uci,dry_bean_uci,157,157,L1-full,161,10-12-13,3,
dry_bean_uci,dry_bean_uci,157,157,L1-full,162,4-5,2,
dry_bean_uci,dry_bean_uci,157,157,L1-full,163,0-15,2,
dry_bean_uci,dry_bean_uci,157,157,L1-full,164,1-6-13,3,
dry_bean_uci,dry_bean_uci,157,157,L1-full,165,0-1-13,3,
dry_bean_uci,dry_bean_uci,157,157,L1-full,166,6-15,2,
dry_bean_uci,dry_bean_uci,157,157,L1-full,167,1-10-15,3,
dry_bean_uci,dry_bean_uci,157,157,L1-full,168,4-9-14,3,
dry_bean_uci,dry_bean_uci,157,157,L1-full,169,4-11-12,3,
dry_bean_uci,dry_bean_uci,157,157,L1-full,170,2-12-13,3,
dry_bean_uci,dry_bean_uci,157,157,L1-full,171,4-12-14,3,
dry_bean_uci,dry_bean_uci,157,157,L1-full,172,7-12-13,3,
dry_bean_uci,dry_bean_uci,157,157,L1-full,173,2-6-13,3,
dry_bean_uci,dry_bean_uci,157,157,L1-full,174,1-6-10,3,
dry_bean_uci,dry_bean_uci,157,157,L1-full,175,0-2-13,3,
dry_bean_uci,dry_bean_uci,157,157,L1-full,176,4-5-10,3,
dry_bean_uci,dry_bean_uci,157,157,L1-full,177,0-1-10,3,
dry_bean_uci,dry_bean_uci,157,157,L1-full,178,6-7-13,3,
dry_bean_uci,dry_bean_uci,157,157,L1-full,179,10-11-15,3,
dry_bean_uci,dry_bean_uci,157,157,L1-full,180,0-7-13,3,
dry_bean_uci,dry_bean_uci,157,157,L1-full,181,5-10-11,3,
dry_bean_uci,dry_bean_uci,157,157,L1-full,182,4-10,2,
dry_bean_uci,dry_bean_uci,157,157,L1-full,183,7-12-15,3,
dry_bean_uci,dry_bean_uci,157,157,L1-full,184,3-7-10,3,
dry_bean_uci,dry_bean_uci,157,157,L1-full,185,5-10,2,
dry_bean_uci,dry_bean_uci,157,157,L1-full,186,2-13-15,3,
dry_bean_uci,dry_bean_uci,157,157,L1-full,187,10-14-15,3,
dry_bean_uci,dry_bean_uci,157,157,L1-full,188,5-10-14,3,
dry_bean_uci,dry_bean_uci,157,157,L1-full,189,4-13-15,3,
dry_bean_uci,dry_bean_uci,157,157,L1-full,190,3-14,2,
dry_bean_uci,dry_bean_uci,157,157,L1-full,191,5-6,2,
dry_bean_uci,dry_bean_uci,157,157,L1-full,192,0-5,2,
dry_bean_uci,dry_bean_uci,157,157,L1-full,193,12-13-14,3,
dry_bean_uci,dry_bean_uci,157,157,L1-full,194,4-10-13,3,
dry_bean_uci,dry_bean_uci,157,157,L1-full,195,4-5-15,3,
dry_bean_uci,dry_bean_uci,157,157,L1-full,196,1-3-13,3,
dry_bean_uci,dry_bean_uci,157,157,L1-full,197,4-5-12,3,
dry_bean_uci,dry_bean_uci,157,157,L1-full,198,2-12-15,3,
dry_bean_uci,dry_bean_uci,157,157,L1-full,199,2-3-13,3,
dry_bean_uci,dry_bean_uci,157,157,L1-full,200,4-13,2,
dry_bean_uci,dry_bean_uci,157,157,L1-full,201,3-4-12,3,
dry_bean_uci,dry_bean_uci,157,157,L1-full,202,3-4,2,
dry_bean_uci,dry_bean_uci,157,157,L1-full,203,4-10-15,3,
dry_bean_uci,dry_bean_uci,157,157,L1-full,204,3-11-12,3,
dry_bean_uci,dry_bean_uci,157,157,L1-full,205,2-10-12,3,
dry_bean_uci,dry_bean_uci,157,157,L1-full,206,3-12-14,3,
dry_bean_uci,dry_bean_uci,157,157,L1-full,207,1-12-13,3,
dry_bean_uci,dry_bean_uci,157,157,L1-full,208,2-7-13,3,
dry_bean_uci,dry_bean_uci,157,157,L1-full,209,1-10-13,3,
dry_bean_uci,dry_bean_uci,157,157,L1-full,210,6-12-13,3,
dry_bean_uci,dry_bean_uci,157,157,L1-full,211,0-12-13,3,
dry_bean_uci,dry_bean_uci,157,157,L1-full,212,10-11-13,3,
dry_bean_uci,dry_bean_uci,157,157,L1-full,213,3-11,2,
dry_bean_uci,dry_bean_uci,157,157,L1-full,214,1-9,2,
dry_bean_uci,dry_bean_uci,157,157,L1-full,215,2-14-15,3,
dry_bean_uci,dry_bean_uci,157,157,L1-full,216,3-5-12,3,
dry_bean_uci,dry_bean_uci,157,157,L1-full,217,1-12-15,3,
dry_bean_uci,dry_bean_uci,157,157,L1-full,218,10-14,2,
dry_bean_uci,dry_bean_uci,157,157,L1-full,219,1-2-13,3,
dry_bean_uci,dry_bean_uci,157,157,L1-full,220,6-10-12,3,
dry_bean_uci,dry_bean_uci,157,157,L1-full,221,11-12-13,3,
dry_bean_uci,dry_bean_uci,157,157,L1-full,222,2-11-15,3,
dry_bean_uci,dry_bean_uci,157,157,L1-full,223,3-7-13,3,
dry_bean_uci,dry_bean_uci,157,157,L1-full,224,10-11,2,
dry_bean_uci,dry_bean_uci,157,157,L1-full,225,3-12-13,3,
dry_bean_uci,dry_bean_uci,157,157,L1-full,226,10-13-14,3,
dry_bean_uci,dry_bean_uci,157,157,L1-full,227,1-7-13,3,
dry_bean_uci,dry_bean_uci,157,157,L1-full,228,0-10-12,3,
dry_bean_uci,dry_bean_uci,157,157,L1-full,229,4-5-9,3,
dry_bean_uci,dry_bean_uci,157,157,L1-full,230,5-10-15,3,
dry_bean_uci,dry_bean_uci,157,157,L1-full,231,8-9,2,
dry_bean_uci,dry_bean_uci,157,157,L1-full,232,2-9-15,3,
dry_bean_uci,dry_bean_uci,157,157,L1-full,233,7-9-15,3,
dry_bean_uci,dry_bean_uci,157,157,L1-full,234,7-14,2,
dry_bean_uci,dry_bean_uci,157,157,L1-full,235,8-13,2,
dry_bean_uci,dry_bean_uci,157,157,L1-full,236,3-6-10,3,
dry_bean_uci,dry_bean_uci,157,157,L1-full,237,7-13-15,3,
dry_bean_uci,dry_bean_uci,157,157,L1-full,238,2-5-15,3,
dry_bean_uci,dry_bean_uci,157,157,L1-full,239,9-13,2,
dry_bean_uci,dry_bean_uci,157,157,L1-full,240,3-5-14,3,
dry_bean_uci,dry_bean_uci,157,157,L1-full,241,0-3-10,3,
dry_bean_uci,dry_bean_uci,157,157,L1-full,242,2-14,2,
dry_bean_uci,dry_bean_uci,157,157,L1-full,243,2-7-10,3,
dry_bean_uci,dry_bean_uci,157,157,L1-full,244,0-6-10,3,
dry_bean_uci,dry_bean_uci,157,157,L1-full,245,2-4-15,3,
dry_bean_uci,dry_bean_uci,157,157,L1-full,246,3-11-14,3,
dry_bean_uci,dry_bean_uci,157,157,L1-full,247,2-3-10,3,
dry_bean_uci,dry_bean_uci,157,157,L1-full,248,3-12-15,3,
dry_bean_uci,dry_bean_uci,157,157,L1-full,249,4-7,2,
dry_bean_uci,dry_bean_uci,157,157,L1-full,250,3-5-11,3,
dry_bean_uci,dry_bean_uci,157,157,L1-full,251,3-4-11,3,
dry_bean_uci,dry_bean_uci,157,157,L1-full,252,5-7-12,3,
dry_bean_uci,dry_bean_uci,157,157,L1-full,253,1-14,2,
dry_bean_uci,dry_bean_uci,157,157,L1-full,254,1-4,2,
dry_bean_uci,dry_bean_uci,157,157,L1-full,255,6-7-10,3,
dry_bean_uci,dry_bean_uci,157,157,L1-full,256,10-13-15,3,
dry_bean_uci,dry_bean_uci,157,157,L1-full,257,3-4-14,3,
dry_bean_uci,dry_bean_uci,157,157,L1-full,258,4-9-13,3,
dry_bean_uci,dry_bean_uci,157,157,L1-full,259,2-6-10,3,
dry_bean_uci,dry_bean_uci,157,157,L1-full,260,1-13-15,3,
dry_bean_uci,dry_bean_uci,157,157,L1-full,261,0-7-10,3,
dry_bean_uci,dry_bean_uci,157,157,L1-full,262,1-8,2,
dry_bean_uci,dry_bean_uci,157,157,L1-full,263,0-2-10,3,
dry_bean_uci,dry_bean_uci,157,157,L1-full,264,7-11,2,
dry_bean_uci,dry_bean_uci,157,157,L1-full,265,9-11-14,3,
dry_bean_uci,dry_bean_uci,157,157,L1-full,266,3-9,2,
dry_bean_uci,dry_bean_uci,157,157,L1-full,267,2-5-13,3,
dry_bean_uci,dry_bean_uci,157,157,L1-full,268,4-9,2,
dry_bean_uci,dry_bean_uci,157,157,L1-full,269,5-10-13,3,
dry_bean_uci,dry_bean_uci,157,157,L1-full,270,1-5-12,3,
dry_bean_uci,dry_bean_uci,157,157,L1-full,271,4-8-15,3,
dry_bean_uci,dry_bean_uci,157,157,L1-full,272,10-12-15,3,
dry_bean_uci,dry_bean_uci,157,157,L1-full,273,2-4,2,
dry_bean_uci,dry_bean_uci,157,157,L1-full,274,8-9-10,3,
dry_bean_uci,dry_bean_uci,157,157,L1-full,275,2-11,2,
dry_bean_uci,dry_bean_uci,157,157,L1-full,276,3-4-5,3,
dry_bean_uci,dry_bean_uci,157,157,L1-full,277,2-11-14,3,
dry_bean_uci,dry_bean_uci,157,157,L1-full,278,2-5-12,3,
dry_bean_uci,dry_bean_uci,157,157,L1-full,279,1-11,2,
dry_bean_uci,dry_bean_uci,157,157,L1-full,280,6-9-15,3,
dry_bean_uci,dry_bean_uci,157,157,L1-full,281,2-4-11,3,
dry_bean_uci,dry_bean_uci,157,157,L1-full,282,7-12-14,3,
dry_bean_uci,dry_bean_uci,157,157,L1-full,283,3-10-13,3,
dry_bean_uci,dry_bean_uci,157,157,L1-full,284,2-4-14,3,
dry_bean_uci,dry_bean_uci,157,157,L1-full,285,2-10-15,3,
dry_bean_uci,dry_bean_uci,157,157,L1-full,286,2-5-14,3,
dry_bean_uci,dry_bean_uci,157,157,L1-full,287,5-7-13,3,
dry_bean_uci,dry_bean_uci,157,157,L1-full,288,8-12-15,3,
dry_bean_uci,dry_bean_uci,157,157,L1-full,289,3-10-15,3,
dry_bean_uci,dry_bean_uci,157,157,L1-full,290,4-12-13,3,
dry_bean_uci,dry_bean_uci,157,157,L1-full,291,1-5-15,3,
dry_bean_uci,dry_bean_uci,157,157,L1-full,292,8-11-15,3,
dry_bean_uci,dry_bean_uci,157,157,L1-full,293,3-5-13,3,
dry_bean_uci,dry_bean_uci,157,157,L1-full,294,2-7-15,3,
dry_bean_uci,dry_bean_uci,157,157,L1-full,295,3-8,2,
dry_bean_uci,dry_bean_uci,157,157,L1-full,296,2-13-14,3,
dry_bean_uci,dry_bean_uci,157,157,L1-full,297,2-5-11,3,
dry_bean_uci,dry_bean_uci,157,157,L1-full,298,7-9,2,
dry_bean_uci,dry_bean_uci,157,157,L1-full,299,1-14-15,3,
dry_bean_uci,dry_bean_uci,157,157,L1-full,300,5-9-11,3,
dry_bean_uci,dry_bean_uci,157,157,L1-full,301,7-11-12,3,
dry_bean_uci,dry_bean_uci,157,157,L1-full,302,7-8,2,
dry_bean_uci,dry_bean_uci,157,157,L1-full,303,1-5-13,3,
dry_bean_uci,dry_bean_uci,157,157,L1-full,304,8-14-15,3,
dry_bean_uci,dry_bean_uci,157,157,L1-full,305,0-9-15,3,
dry_bean_uci,dry_bean_uci,157,157,L1-full,306,4-6,2,
dry_bean_uci,dry_bean_uci,157,157,L1-full,307,5-12-15,3,
dry_bean_uci,dry_bean_uci,157,157,L1-full,308,7-10-15,3,
dry_bean_uci,dry_bean_uci,157,157,L1-full,309,1-11-15,3,
dry_bean_uci,dry_bean_uci,157,157,L1-full,310,0-4,2,
dry_bean_uci,dry_bean_uci,157,157,L1-full,311,0-5-12,3,
dry_bean_uci,dry_bean_uci,157,157,L1-full,312,6-10-15,3,
dry_bean_uci,dry_bean_uci,157,157,L1-full,313,5-6-12,3,
dry_bean_uci,dry_bean_uci,157,157,L1-full,314,1-12-14,3,
dry_bean_uci,dry_bean_uci,157,157,L1-full,315,0-10-15,3,
dry_bean_uci,dry_bean_uci,157,157,L1-full,316,2-11-13,3,
dry_bean_uci,dry_bean_uci,157,157,L1-full,317,5-9-14,3,
dry_bean_uci,dry_bean_uci,157,157,L1-full,318,2-4-5,3,
dry_bean_uci,dry_bean_uci,157,157,L1-full,319,7-10-13,3,
dry_bean_uci,dry_bean_uci,157,157,L1-full,320,6-13-15,3,
dry_bean_uci,dry_bean_uci,157,157,L1-full,321,6-14-15,3,
dry_bean_uci,dry_bean_uci,157,157,L1-full,322,5-7-15,3,
dry_bean_uci,dry_bean_uci,157,157,L1-full,323,6-11-15,3,
dry_bean_uci,dry_bean_uci,157,157,L1-full,324,0-13-15,3,
dry_bean_uci,dry_bean_uci,157,157,L1-full,325,1-2-15,3,
dry_bean_uci,dry_bean_uci,157,157,L1-full,326,1-7-15,3,
dry_bean_uci,dry_bean_uci,157,157,L1-full,327,0-14-15,3,
dry_bean_uci,dry_bean_uci,157,157,L1-full,328,8-15,2,
dry_bean_uci,dry_bean_uci,157,157,L1-full,329,7-14-15,3,
dry_bean_uci,dry_bean_uci,157,157,L1-full,330,0-11-15,3,
dry_bean_uci,dry_bean_uci,157,157,L1-full,331,2-12-14,3,
dry_bean_uci,dry_bean_uci,157,157,L1-full,332,1-8-10,3,
dry_bean_uci,dry_bean_uci,157,157,L1-full,333,1-11-12,3,
dry_bean_uci,dry_bean_uci,157,157,L1-full,334,1-4-15,3,
dry_bean_uci,dry_bean_uci,157,157,L1-full,335,5-8-15,3,
dry_bean_uci,dry_bean_uci,157,157,L1-full,336,1-4-10,3,
dry_bean_uci,dry_bean_uci,157,157,L1-full,337,2-10-13,3,
dry_bean_uci,dry_bean_uci,157,157,L1-full,338,1-3-15,3,
dry_bean_uci,dry_bean_uci,157,157,L1-full,339,7-11-15,3,
dry_bean_uci,dry_bean_uci,157,157,L1-full,340,2-9,2,
dry_bean_uci,dry_bean_uci,157,157,L1-full,341,0-9,2,
dry_bean_uci,dry_bean_uci,157,157,L1-full,342,2-4-10,3,
dry_bean_uci,dry_bean_uci,157,157,L1-full,343,0-14,2,
dry_bean_uci,dry_bean_uci,157,157,L1-full,344,4-6-15,3,
dry_bean_uci,dry_bean_uci,157,157,L1-full,345,6-14,2,
dry_bean_uci,dry_bean_uci,157,157,L1-full,346,0-12-15,3,
dry_bean_uci,dry_bean_uci,157,157,L1-full,347,0-12-14,3,
dry_bean_uci,dry_bean_uci,157,157,L1-full,348,2-8,2,
dry_bean_uci,dry_bean_uci,157,157,L1-full,349,6-12-14,3,
dry_bean_uci,dry_bean_uci,157,157,L1-full,350,6-12-15,3,
dry_bean_uci,dry_bean_uci,157,157,L1-full,351,2-8-10,3,
dry_bean_uci,dry_bean_uci,157,157,L1-full,352,7-13-14,3,
dry_bean_uci,dry_bean_uci,157,157,L1-full,353,0-4-15,3,
dry_bean_uci,dry_bean_uci,157,157,L1-full,354,4-7-12,3,
dry_bean_uci,dry_bean_uci,157,157,L1-full,355,8-9-15,3,
dry_bean_uci,dry_bean_uci,157,157,L1-full,356,6-9,2,
dry_bean_uci,dry_bean_uci,157,157,L1-full,357,5-6-15,3,
dry_bean_uci,dry_bean_uci,157,157,L1-full,358,6-8-10,3,
dry_bean_uci,dry_bean_uci,157,157,L1-full,359,1-13-14,3,
dry_bean_uci,dry_bean_uci,157,157,L1-full,360,0-8-10,3,
dry_bean_uci,dry_bean_uci,157,157,L1-full,361,2-11-12,3,
dry_bean_uci,dry_bean_uci,157,157,L1-full,362,2-4-13,3,
dry_bean_uci,dry_bean_uci,157,157,L1-full,363,0-11-12,3,
dry_bean_uci,dry_bean_uci,157,157,L1-full,364,6-11-12,3,
dry_bean_uci,dry_bean_uci,157,157,L1-full,365,2-4-9,3,
dry_bean_uci,dry_bean_uci,157,157,L1-full,366,0-3-15,3,
dry_bean_uci,dry_bean_uci,157,157,L1-full,367,4-6-11,3,
dry_bean_uci,dry_bean_uci,157,157,L1-full,368,0-5-15,3,
dry_bean_uci,dry_bean_uci,157,157,L1-full,369,3-6-15,3,
dry_bean_uci,dry_bean_uci,157,157,L1-full,370,0-4-11,3,
dry_bean_uci,dry_bean_uci,157,157,L1-full,371,5-8,2,
dry_bean_uci,dry_bean_uci,157,157,L1-full,372,3-8-12,3,
dry_bean_uci,dry_bean_uci,157,157,L1-full,373,0-6-15,3,
dry_bean_uci,dry_bean_uci,157,157,L1-full,374,3-13-15,3,
dry_bean_uci,dry_bean_uci,157,157,L1-full,375,1-9-12,3,
dry_bean_uci,dry_bean_uci,157,157,L1-full,376,0-1-15,3,
dry_bean_uci,dry_bean_uci,157,157,L1-full,377,1-4-12,3,
dry_bean_uci,dry_bean_uci,157,157,L1-full,378,7-8-10,3,
dry_bean_uci,dry_bean_uci,157,157,L1-full,379,1-6-15,3,
dry_bean_uci,dry_bean_uci,157,157,L1-full,380,6-11-14,3,
dry_bean_uci,dry_bean_uci,157,157,L1-full,381,4-6-14,3,
dry_bean_uci,dry_bean_uci,157,157,L1-full,382,0-11-14,3,
dry_bean_uci,dry_bean_uci,157,157,L1-full,383,9-11-13,3,
dry_bean_uci,dry_bean_uci,157,157,L1-full,384,0-4-14,3,
dry_bean_uci,dry_bean_uci,157,157,L1-full,385,7-11-13,3,
dry_bean_uci,dry_bean_uci,157,157,L1-full,386,3-13-14,3,
dry_bean_uci,dry_bean_uci,157,157,L1-full,387,9-11,2,
dry_bean_uci,dry_bean_uci,157,157,L1-full,388,5-7-14,3,
dry_bean_uci,dry_bean_uci,157,157,L1-full,389,1-11-13,3,
dry_bean_uci,dry_bean_uci,157,157,L1-full,390,0-11,2,
dry_bean_uci,dry_bean_uci,157,157,L1-full,391,6-11,2,
dry_bean_uci,dry_bean_uci,157,157,L1-full,392,3-7-15,3,
dry_bean_uci,dry_bean_uci,157,157,L1-full,393,1-5-14,3,
dry_bean_uci,dry_bean_uci,157,157,L1-full,394,4-8-10,3,
dry_bean_uci,dry_bean_uci,157,157,L1-full,395,4-7-15,3,
dry_bean_uci,dry_bean_uci,157,157,L1-full,396,0-5-6,3,
dry_bean_uci,dry_bean_uci,157,157,L1-full,397,2-10-11,3,
dry_bean_uci,dry_bean_uci,157,157,L1-full,398,3-5-7,3,
dry_bean_uci,dry_bean_uci,157,157,L1-full,399,9-13-14,3,
dry_bean_uci,dry_bean_uci,157,157,L1-full,400,3-8-10,3,
dry_bean_uci,dry_bean_uci,157,157,L1-full,401,4-8-11,3,
dry_bean_uci,dry_bean_uci,157,157,L1-full,402,5-7-11,3,
dry_bean_uci,dry_bean_uci,157,157,L1-full,403,1-10-11,3,
dry_bean_uci,dry_bean_uci,157,157,L1-full,404,1-5-11,3,
dry_bean_uci,dry_bean_uci,157,157,L1-full,405,7-8-12,3,
dry_bean_uci,dry_bean_uci,157,157,L1-full,406,1-3-9,3,
dry_bean_uci,dry_bean_uci,157,157,L1-full,407,9-12-13,3,
dry_bean_uci,dry_bean_uci,157,157,L1-full,408,8-14,2,
dry_bean_uci,dry_bean_uci,157,157,L1-full,409,4-8-14,3,
dry_bean_uci,dry_bean_uci,157,157,L1-full,410,0-4-12,3,
dry_bean_uci,dry_bean_uci,157,157,L1-full,411,3-7-14,3,
dry_bean_uci,dry_bean_uci,157,157,L1-full,412,4-6-12,3,
dry_bean_uci,dry_bean_uci,157,157,L1-full,413,3-11-13,3,
dry_bean_uci,dry_bean_uci,157,157,L1-full,414,0-7-15,3,
dry_bean_uci,dry_bean_uci,157,157,L1-full,415,2-10-14,3,
dry_bean_uci,dry_bean_uci,157,157,L1-full,416,4-9-12,3,
dry_bean_uci,dry_bean_uci,157,157,L1-full,417,2-3-15,3,
dry_bean_uci,dry_bean_uci,157,157,L1-full,418,1-7-9,3,
dry_bean_uci,dry_bean_uci,157,157,L1-full,419,9-14,2,
dry_bean_uci,dry_bean_uci,157,157,L1-full,420,3-8-15,3,
dry_bean_uci,dry_bean_uci,157,157,L1-full,421,1-3-5,3,
dry_bean_uci,dry_bean_uci,157,157,L1-full,422,5-9-13,3,
dry_bean_uci,dry_bean_uci,157,157,L1-full,423,6-7-15,3,
dry_bean_uci,dry_bean_uci,157,157,L1-full,424,0-2-15,3,
dry_bean_uci,dry_bean_uci,157,157,L1-full,425,4-6-10,3,
dry_bean_uci,dry_bean_uci,157,157,L1-full,426,3-7-11,3,
dry_bean_uci,dry_bean_uci,157,157,L1-full,427,1-8-12,3,
dry_bean_uci,dry_bean_uci,157,157,L1-full,428,1-11-14,3,
dry_bean_uci,dry_bean_uci,157,157,L1-full,429,0-4-10,3,
dry_bean_uci,dry_bean_uci,157,157,L1-full,430,2-6-15,3,
dry_bean_uci,dry_bean_uci,157,157,L1-full,431,1-10-14,3,
dry_bean_uci,dry_bean_uci,157,157,L1-full,432,5-6-11,3,
dry_bean_uci,dry_bean_uci,157,157,L1-full,433,0-5-11,3,
dry_bean_uci,dry_bean_uci,157,157,L1-full,434,12-14-15,3,
dry_bean_uci,dry_bean_uci,157,157,L1-full,435,4-6-13,3,
dry_bean_uci,dry_bean_uci,157,157,L1-full,436,0-4-13,3,
dry_bean_uci,dry_bean_uci,157,157,L1-full,437,2-3-5,3,
dry_bean_uci,dry_bean_uci,157,157,L1-full,438,0-5-14,3,
dry_bean_uci,dry_bean_uci,157,157,L1-full,439,5-6-14,3,
dry_bean_uci,dry_bean_uci,157,157,L1-full,440,4-10-12,3,
dry_bean_uci,dry_bean_uci,157,157,L1-full,441,4-5-6,3,
dry_bean_uci,dry_bean_uci,157,157,L1-full,442,2-9-11,3,
dry_bean_uci,dry_bean_uci,157,157,L1-full,443,6-8,2,
dry_bean_uci,dry_bean_uci,157,157,L1-full,444,0-4-5,3,
dry_bean_uci,dry_bean_uci,157,157,L1-full,445,4-8-9,3,
dry_bean_uci,dry_bean_uci,157,157,L1-full,446,6-10-13,3,
dry_bean_uci,dry_bean_uci,157,157,L1-full,447,7-11-14,3,
dry_bean_uci,dry_bean_uci,157,157,L1-full,448,0-6-14,3,
dry_bean_uci,dry_bean_uci,157,157,L1-full,449,0-8,2,
dry_bean_uci,dry_bean_uci,157,157,L1-full,450,8-11-14,3,
dry_bean_uci,dry_bean_uci,157,157,L1-full,451,1-6-9,3,
dry_bean_uci,dry_bean_uci,157,157,L1-full,452,8-11,2,
dry_bean_uci,dry_bean_uci,157,157,L1-full,453,0-1-9,3,
dry_bean_uci,dry_bean_uci,157,157,L1-full,454,1-2-4,3,
dry_bean_uci,dry_bean_uci,157,157,L1-full,455,3-4-15,3,
dry_bean_uci,dry_bean_uci,157,157,L1-full,456,1-7-14,3,
dry_bean_uci,dry_bean_uci,157,157,L1-full,457,1-2-9,3,
dry_bean_uci,dry_bean_uci,157,157,L1-full,458,1-5-7,3,
dry_bean_uci,dry_bean_uci,157,157,L1-full,459,2-3-14,3,
dry_bean_uci,dry_bean_uci,157,157,L1-full,460,0-10-13,3,
dry_bean_uci,dry_bean_uci,157,157,L1-full,461,0-6-11,3,
dry_bean_uci,dry_bean_uci,157,157,L1-full,462,0-8-12,3,
dry_bean_uci,dry_bean_uci,157,157,L1-full,463,1-7-11,3,
dry_bean_uci,dry_bean_uci,157,157,L1-full,464,6-8-12,3,
dry_bean_uci,dry_bean_uci,157,157,L1-full,465,1-3-14,3,
dry_bean_uci,dry_bean_uci,157,157,L1-full,466,2-9-14,3,
dry_bean_uci,dry_bean_uci,157,157,L1-full,467,3-4-7,3,
dry_bean_uci,dry_bean_uci,157,157,L1-full,468,3-5-15,3,
dry_bean_uci,dry_bean_uci,157,157,L1-full,469,2-5-6,3,
dry_bean_uci,dry_bean_uci,157,157,L1-full,470,0-2-5,3,
dry_bean_uci,dry_bean_uci,157,157,L1-full,471,1-4-7,3,
dry_bean_uci,dry_bean_uci,157,157,L1-full,472,1-2-11,3,
dry_bean_uci,dry_bean_uci,157,157,L1-full,473,2-3-11,3,
dry_bean_uci,dry_bean_uci,157,157,L1-full,474,0-3-8,3,
dry_bean_uci,dry_bean_uci,157,157,L1-full,475,1-4-13,3,
dry_bean_uci,dry_bean_uci,157,157,L1-full,476,3-9-12,3,
dry_bean_uci,dry_bean_uci,157,157,L1-full,477,0-6-8,3,
dry_bean_uci,dry_bean_uci,157,157,L1-full,478,8-10-11,3,
dry_bean_uci,dry_bean_uci,157,157,L1-full,479,2-7-14,3,
dry_bean_uci,dry_bean_uci,157,157,L1-full,480,3-6-8,3,
dry_bean_uci,dry_bean_uci,157,157,L1-full,481,0-11-13,3,
dry_bean_uci,dry_bean_uci,157,157,L1-full,482,6-11-13,3,
dry_bean_uci,dry_bean_uci,157,157,L1-full,483,1-2-14,3,
dry_bean_uci,dry_bean_uci,157,157,L1-full,484,6-10-11,3,
dry_bean_uci,dry_bean_uci,157,157,L1-full,485,1-3-11,3,
dry_bean_uci,dry_bean_uci,157,157,L1-full,486,1-4-9,3,
dry_bean_uci,dry_bean_uci,157,157,L1-full,487,4-7-10,3,
dry_bean_uci,dry_bean_uci,157,157,L1-full,488,5-8-9,3,
dry_bean_uci,dry_bean_uci,157,157,L1-full,489,1-4-14,3,
dry_bean_uci,dry_bean_uci,157,157,L1-full,490,2-8-12,3,
dry_bean_uci,dry_bean_uci,157,157,L1-full,491,0-10-11,3,
dry_bean_uci,dry_bean_uci,157,157,L1-full,492,1-4-11,3,
dry_bean_uci,dry_bean_uci,157,157,L1-full,493,2-7-11,3,
dry_bean_uci,dry_bean_uci,157,157,L1-full,494,0-2-4,3,
dry_bean_uci,dry_bean_uci,157,157,L1-full,495,2-5-9,3,
dry_bean_uci,dry_bean_uci,157,157,L1-full,496,1-3-8,3,
dry_bean_uci,dry_bean_uci,157,157,L1-full,497,2-4-6,3,
dry_bean_uci,dry_bean_uci,157,157,L1-full,498,1-4-5,3,
dry_bean_uci,dry_bean_uci,157,157,L1-full,499,3-7-8,3,
dry_bean_uci,dry_bean_uci,157,157,L1-full,500,0-13-14,3,
dry_bean_uci,dry_bean_uci,157,157,L1-full,501,6-13-14,3,
dry_bean_uci,dry_bean_uci,157,157,L1-full,502,8-13-15,3,
dry_bean_uci,dry_bean_uci,157,157,L1-full,503,4-5-7,3,
dry_bean_uci,dry_bean_uci,157,157,L1-full,504,0-4-9,3,
dry_bean_uci,dry_bean_uci,157,157,L1-full,505,0-4-6,3,
dry_bean_uci,dry_bean_uci,157,157,L1-full,506,0-3-5,3,
dry_bean_uci,dry_bean_uci,157,157,L1-full,507,4-6-9,3,
dry_bean_uci,dry_bean_uci,157,157,L1-full,508,3-5-6,3,
dry_bean_uci,dry_bean_uci,157,157,L1-full,509,1-2-5,3,
dry_bean_uci,dry_bean_uci,157,157,L1-full,510,2-5-7,3,
dry_bean_uci,dry_bean_uci,157,157,L1-full,511,0-2-11,3,
dry_bean_uci,dry_bean_uci,157,157,L1-full,512,2-6-11,3,
dry_bean_uci,dry_bean_uci,157,157,L1-full,513,2-8-15,3,
dry_bean_uci,dry_bean_uci,157,157,L1-full,514,5-9,2,
dry_bean_uci,dry_bean_uci,157,157,L1-full,515,4-7-14,3,
dry_bean_uci,dry_bean_uci,157,157,L1-full,516,4-7-11,3,
dry_bean_uci,dry_bean_uci,157,157,L1-full,517,0-2-14,3,
dry_bean_uci,dry_bean_uci,157,157,L1-full,518,2-6-14,3,
dry_bean_uci,dry_bean_uci,157,157,L1-full,519,3-4-9,3,
dry_bean_uci,dry_bean_uci,157,157,L1-full,520,0-1-4,3,
dry_bean_uci,dry_bean_uci,157,157,L1-full,521,4-7-9,3,
dry_bean_uci,dry_bean_uci,157,157,L1-full,522,4-7-13,3,
dry_bean_uci,dry_bean_uci,157,157,L1-full,523,1-5-10,3,
dry_bean_uci,dry_bean_uci,157,157,L1-full,524,6-10-14,3,
dry_bean_uci,dry_bean_uci,157,157,L1-full,525,3-11-15,3,
dry_bean_uci,dry_bean_uci,157,157,L1-full,526,11-12-15,3,
dry_bean_uci,dry_bean_uci,157,157,L1-full,527,1-4-6,3,
dry_bean_uci,dry_bean_uci,157,157,L1-full,528,2-4-7,3,
dry_bean_uci,dry_bean_uci,157,157,L1-full,529,4-5-8,3,
dry_bean_uci,dry_bean_uci,157,157,L1-full,530,0-1-8,3,
dry_bean_uci,dry_bean_uci,157,157,L1-full,531,0-10-14,3,
dry_bean_uci,dry_bean_uci,157,157,L1-full,532,1-6-8,3,
dry_bean_uci,dry_bean_uci,157,157,L1-full,533,9-11-12,3,
dry_bean_uci,dry_bean_uci,157,157,L1-full,534,7-8-15,3,
dry_bean_uci,dry_bean_uci,157,157,L1-full,535,8-10-14,3,
dry_bean_uci,dry_bean_uci,157,157,L1-full,536,0-1-5,3,
dry_bean_uci,dry_bean_uci,157,157,L1-full,537,1-5-6,3,
dry_bean_uci,dry_bean_uci,157,157,L1-full,538,0-3-14,3,
dry_bean_uci,dry_bean_uci,157,157,L1-full,539,1-3-4,3,
dry_bean_uci,dry_bean_uci,157,157,L1-full,540,3-4-6,3,
dry_bean_uci,dry_bean_uci,157,157,L1-full,541,0-7-8,3,
dry_bean_uci,dry_bean_uci,157,157,L1-full,542,0-3-4,3,
dry_bean_uci,dry_bean_uci,157,157,L1-full,543,0-4-7,3,
dry_bean_uci,dry_bean_uci,157,157,L1-full,544,3-6-14,3,
dry_bean_uci,dry_bean_uci,157,157,L1-full,545,6-7-8,3,
dry_bean_uci,dry_bean_uci,157,157,L1-full,546,3-9-13,3,
dry_bean_uci,dry_bean_uci,157,157,L1-full,547,8-9-11,3,
dry_bean_uci,dry_bean_uci,157,157,L1-full,548,5-8-12,3,
dry_bean_uci,dry_bean_uci,157,157,L1-full,549,8-9-14,3,
dry_bean_uci,dry_bean_uci,157,157,L1-full,550,0-3-11,3,
dry_bean_uci,dry_bean_uci,157,157,L1-full,551,2-5-10,3,
dry_bean_uci,dry_bean_uci,157,157,L1-full,552,4-6-7,3,
dry_bean_uci,dry_bean_uci,157,157,L1-full,553,3-6-11,3,
dry_bean_uci,dry_bean_uci,157,157,L1-full,554,2-4-12,3,
dry_bean_uci,dry_bean_uci,157,157,L1-full,555,3-14-15,3,
dry_bean_uci,dry_bean_uci,157,157,L1-full,556,1-7-8,3,
dry_bean_uci,dry_bean_uci,157,157,L1-full,557,5-9-12,3,
dry_bean_uci,dry_bean_uci,157,157,L1-full,558,0-7-11,3,
dry_bean_uci,dry_bean_uci,157,157,L1-full,559,0-9-11,3,
dry_bean_uci,dry_bean_uci,157,157,L1-full,560,0-1-11,3,
dry_bean_uci,dry_bean_uci,157,157,L1-full,561,6-7-11,3,
dry_bean_uci,dry_bean_uci,157,157,L1-full,562,1-6-11,3,
dry_bean_uci,dry_bean_uci,157,157,L1-full,563,0-7-14,3,
dry_bean_uci,dry_bean_uci,157,157,L1-full,564,8-12-14,3,
dry_bean_uci,dry_bean_uci,157,157,L1-full,565,0-5-7,3,
dry_bean_uci,dry_bean_uci,157,157,L1-full,566,5-6-7,3,
dry_bean_uci,dry_bean_uci,157,157,L1-full,567,6-7-14,3,
dry_bean_uci,dry_bean_uci,157,157,L1-full,568,6-9-11,3,
dry_bean_uci,dry_bean_uci,157,157,L1-full,569,5-6-13,3,
dry_bean_uci,dry_bean_uci,157,157,L1-full,570,0-5-13,3,
dry_bean_uci,dry_bean_uci,157,157,L1-full,571,9-12-14,3,
dry_bean_uci,dry_bean_uci,157,157,L1-full,572,1-9-11,3,
dry_bean_uci,dry_bean_uci,157,157,L1-full,573,0-1-14,3,
dry_bean_uci,dry_bean_uci,157,157,L1-full,574,2-3-4,3,
dry_bean_uci,dry_bean_uci,157,157,L1-full,575,1-6-14,3,
dry_bean_uci,dry_bean_uci,157,157,L1-full,576,3-9-11,3,
dry_bean_uci,dry_bean_uci,157,157,L1-full,577,2-3-8,3,
dry_bean_uci,dry_bean_uci,157,157,L1-full,578,3-4-10,3,
dry_bean_uci,dry_bean_uci,157,157,L1-full,579,5-8-11,3,
dry_bean_uci,dry_bean_uci,157,157,L1-full,580,0-9-14,3,
dry_bean_uci,dry_bean_uci,157,157,L1-full,581,0-2-8,3,
dry_bean_uci,dry_bean_uci,157,157,L1-full,582,2-6-8,3,
dry_bean_uci,dry_bean_uci,157,157,L1-full,583,1-8-9,3,
dry_bean_uci,dry_bean_uci,157,157,L1-full,584,8-11-12,3,
dry_bean_uci,dry_bean_uci,157,157,L1-full,585,8-10-15,3,
dry_bean_uci,dry_bean_uci,157,157,L1-full,586,6-9-14,3,
dry_bean_uci,dry_bean_uci,157,157,L1-full,587,5-8-14,3,
dry_bean_uci,dry_bean_uci,157,157,L1-full,588,7-9-11,3,
dry_bean_uci,dry_bean_uci,157,157,L1-full,589,3-4-13,3,
dry_bean_uci,dry_bean_uci,157,157,L1-full,590,3-9-14,3,
dry_bean_uci,dry_bean_uci,157,157,L1-full,591,1-9-14,3,
dry_bean_uci,dry_bean_uci,157,157,L1-full,592,8-12-13,3,
dry_bean_uci,dry_bean_uci,157,157,L1-full,593,7-9-14,3,
dry_bean_uci,dry_bean_uci,157,157,L1-full,594,2-7-8,3,
dry_bean_uci,dry_bean_uci,157,157,L1-full,595,1-2-8,3,
dry_bean_uci,dry_bean_uci,157,157,L1-full,596,4-8-12,3,
dry_bean_uci,dry_bean_uci,157,157,L1-full,597,1-8-15,3,
dry_bean_uci,dry_bean_uci,157,157,L1-full,598,2-9-13,3,
dry_bean_uci,dry_bean_uci,157,157,L1-full,599,0-5-9,3,
dry_bean_uci,dry_bean_uci,157,157,L1-full,600,0-8-15,3,
dry_bean_uci,dry_bean_uci,157,157,L1-full,601,5-6-9,3,
dry_bean_uci,dry_bean_uci,157,157,L1-full,602,2-7-9,3,
dry_bean_uci,dry_bean_uci,157,157,L1-full,603,8-10-12,3,
dry_bean_uci,dry_bean_uci,157,157,L1-full,604,3-10-11,3,
dry_bean_uci,dry_bean_uci,157,157,L1-full,605,4-8,2,
dry_bean_uci,dry_bean_uci,157,157,L1-full,606,3-5-9,3,
dry_bean_uci,dry_bean_uci,157,157,L1-full,607,4-12-15,3,
dry_bean_uci,dry_bean_uci,157,157,L1-full,608,6-8-15,3,
dry_bean_uci,dry_bean_uci,157,157,L1-full,609,7-9-13,3,
dry_bean_uci,dry_bean_uci,157,157,L1-full,610,7-10-11,3,
dry_bean_uci,dry_bean_uci,157,157,L1-top8,1,9-10,2,
dry_bean_uci,dry_bean_uci,157,157,L1-top8,2,3-12,2,
dry_bean_uci,dry_bean_uci,157,157,L1-top8,3,10-12,2,
dry_bean_uci,dry_bean_uci,157,157,L1-top8,4,1-12,2,
dry_bean_uci,dry_bean_uci,157,157,L1-top8,5,9-10-12,3,
dry_bean_uci,dry_bean_uci,157,157,L1-top8,6,7-12,2,
dry_bean_uci,dry_bean_uci,157,157,L1-top8,7,12-13,2,
dry_bean_uci,dry_bean_uci,157,157,L1-top8,8,12-15,2,
dry_bean_uci,dry_bean_uci,157,157,L1-match,1,9-10,2,
dry_bean_uci,dry_bean_uci,157,157,L1-match,2,3-12,2,
dry_bean_uci,dry_bean_uci,157,157,SHIL-k8,1,10-12,2,
dry_bean_uci,dry_bean_uci,157,157,SHIL-k8,2,10-13,2,
dry_bean_uci,dry_bean_uci,157,157,SHIL-k8,3,3-12,2,
dry_bean_uci,dry_bean_uci,157,157,SHIL-k8,4,10-15,2,
dry_bean_uci,dry_bean_uci,157,157,SHIL-k8,5,6-12,2,
dry_bean_uci,dry_bean_uci,157,157,SHIL-k8,6,0-12,2,
dry_bean_uci,dry_bean_uci,157,157,SHIL-k8,7,9-10-12,3,
dry_bean_uci,dry_bean_uci,157,157,SHIL-k8,8,1-12,2,
dry_bean_uci,dry_bean_uci,157,157,SC-L1,1,3-12,2,
dry_bean_uci,dry_bean_uci,157,157,SC-L1,2,9-10,2,
dry_bean_uci,dry_bean_uci,157,157,SC-SHIL,1,3-12,2,
dry_bean_uci,dry_bean_uci,157,157,SC-SHIL,2,10-12,2,
dry_bean_uci,dry_bean_uci,181,181,L1-full,1,9-10,2,
dry_bean_uci,dry_bean_uci,181,181,L1-full,2,10-12,2,
dry_bean_uci,dry_bean_uci,181,181,L1-full,3,3-12,2,
dry_bean_uci,dry_bean_uci,181,181,L1-full,4,9-10-15,3,
dry_bean_uci,dry_bean_uci,181,181,L1-full,5,1-12,2,
dry_bean_uci,dry_bean_uci,181,181,L1-full,6,9-10-12,3,
dry_bean_uci,dry_bean_uci,181,181,L1-full,7,7-12,2,
dry_bean_uci,dry_bean_uci,181,181,L1-full,8,12-15,2,
dry_bean_uci,dry_bean_uci,181,181,L1-full,9,12-13,2,
dry_bean_uci,dry_bean_uci,181,181,L1-full,10,4-11-14,3,
dry_bean_uci,dry_bean_uci,181,181,L1-full,11,2-12,2,
dry_bean_uci,dry_bean_uci,181,181,L1-full,12,9-15,2,
dry_bean_uci,dry_bean_uci,181,181,L1-full,13,6-12,2,
dry_bean_uci,dry_bean_uci,181,181,L1-full,14,0-12,2,
dry_bean_uci,dry_bean_uci,181,181,L1-full,15,10-15,2,
dry_bean_uci,dry_bean_uci,181,181,L1-full,16,13-15,2,
dry_bean_uci,dry_bean_uci,181,181,L1-full,17,3-10,2,
dry_bean_uci,dry_bean_uci,181,181,L1-full,18,3-7-12,3,
dry_bean_uci,dry_bean_uci,181,181,L1-full,19,4-5-11,3,
dry_bean_uci,dry_bean_uci,181,181,L1-full,20,1-9-10,3,
dry_bean_uci,dry_bean_uci,181,181,L1-full,21,1-3-12,3,
dry_bean_uci,dry_bean_uci,181,181,L1-full,22,4-5-14,3,
dry_bean_uci,dry_bean_uci,181,181,L1-full,23,5-11-14,3,
dry_bean_uci,dry_bean_uci,181,181,L1-full,24,3-9-10,3,
dry_bean_uci,dry_bean_uci,181,181,L1-full,25,1-10,2,
dry_bean_uci,dry_bean_uci,181,181,L1-full,26,1-3,2,
dry_bean_uci,dry_bean_uci,181,181,L1-full,27,5-12,2,
dry_bean_uci,dry_bean_uci,181,181,L1-full,28,14-15,2,
dry_bean_uci,dry_bean_uci,181,181,L1-full,29,1-7-12,3,
dry_bean_uci,dry_bean_uci,181,181,L1-full,30,11-15,2,
dry_bean_uci,dry_bean_uci,181,181,L1-full,31,3-7,2,
dry_bean_uci,dry_bean_uci,181,181,L1-full,32,7-10,2,
dry_bean_uci,dry_bean_uci,181,181,L1-full,33,10-13,2,
dry_bean_uci,dry_bean_uci,181,181,L1-full,34,5-15,2,
dry_bean_uci,dry_bean_uci,181,181,L1-full,35,1-7,2,
dry_bean_uci,dry_bean_uci,181,181,L1-full,36,12-14,2,
dry_bean_uci,dry_bean_uci,181,181,L1-full,37,1-10-12,3,
dry_bean_uci,dry_bean_uci,181,181,L1-full,38,4-15,2,
dry_bean_uci,dry_bean_uci,181,181,L1-full,39,7-9-10,3,
dry_bean_uci,dry_bean_uci,181,181,L1-full,40,2-7-12,3,
dry_bean_uci,dry_bean_uci,181,181,L1-full,41,9-10-13,3,
dry_bean_uci,dry_bean_uci,181,181,L1-full,42,9-12,2,
dry_bean_uci,dry_bean_uci,181,181,L1-full,43,11-12,2,
dry_bean_uci,dry_bean_uci,181,181,L1-full,44,2-3,2,
dry_bean_uci,dry_bean_uci,181,181,L1-full,45,1-2-12,3,
dry_bean_uci,dry_bean_uci,181,181,L1-full,46,9-10-14,3,
dry_bean_uci,dry_bean_uci,181,181,L1-full,47,4-9-15,3,
dry_bean_uci,dry_bean_uci,181,181,L1-full,48,8-10,2,
dry_bean_uci,dry_bean_uci,181,181,L1-full,49,3-6,2,
dry_bean_uci,dry_bean_uci,181,181,L1-full,50,3-10-12,3,
dry_bean_uci,dry_bean_uci,181,181,L1-full,51,0-3,2,
dry_bean_uci,dry_bean_uci,181,181,L1-full,52,9-10-11,3,
dry_bean_uci,dry_bean_uci,181,181,L1-full,53,3-13,2,
dry_bean_uci,dry_bean_uci,181,181,L1-full,54,4-11-13,3,
dry_bean_uci,dry_bean_uci,181,181,L1-full,55,1-2,2,
dry_bean_uci,dry_bean_uci,181,181,L1-full,56,2-3-12,3,
dry_bean_uci,dry_bean_uci,181,181,L1-full,57,9-14-15,3,
dry_bean_uci,dry_bean_uci,181,181,L1-full,58,1-15,2,
dry_bean_uci,dry_bean_uci,181,181,L1-full,59,9-11-15,3,
dry_bean_uci,dry_bean_uci,181,181,L1-full,60,4-13-14,3,
dry_bean_uci,dry_bean_uci,181,181,L1-full,61,7-15,2,
dry_bean_uci,dry_bean_uci,181,181,L1-full,62,1-6,2,
dry_bean_uci,dry_bean_uci,181,181,L1-full,63,0-1,2,
dry_bean_uci,dry_bean_uci,181,181,L1-full,64,2-15,2,
dry_bean_uci,dry_bean_uci,181,181,L1-full,65,3-6-12,3,
dry_bean_uci,dry_bean_uci,181,181,L1-full,66,0-3-12,3,
dry_bean_uci,dry_bean_uci,181,181,L1-full,67,4-12,2,
dry_bean_uci,dry_bean_uci,181,181,L1-full,68,5-9-15,3,
dry_bean_uci,dry_bean_uci,181,181,L1-full,69,5-9-10,3,
dry_bean_uci,dry_bean_uci,181,181,L1-full,70,1-13,2,
dry_bean_uci,dry_bean_uci,181,181,L1-full,71,2-7,2,
dry_bean_uci,dry_bean_uci,181,181,L1-full,72,2-10,2,
dry_bean_uci,dry_bean_uci,181,181,L1-full,73,7-13,2,
dry_bean_uci,dry_bean_uci,181,181,L1-full,74,9-13-15,3,
dry_bean_uci,dry_bean_uci,181,181,L1-full,75,3-15,2,
dry_bean_uci,dry_bean_uci,181,181,L1-full,76,2-9-10,3,
dry_bean_uci,dry_bean_uci,181,181,L1-full,77,11-13-14,3,
dry_bean_uci,dry_bean_uci,181,181,L1-full,78,9-12-15,3,
dry_bean_uci,dry_bean_uci,181,181,L1-full,79,4-9-10,3,
dry_bean_uci,dry_bean_uci,181,181,L1-full,80,5-13,2,
dry_bean_uci,dry_bean_uci,181,181,L1-full,81,0-7-12,3,
dry_bean_uci,dry_bean_uci,181,181,L1-full,82,1-2-7,3,
dry_bean_uci,dry_bean_uci,181,181,L1-full,83,6-7-12,3,
dry_bean_uci,dry_bean_uci,181,181,L1-full,84,1-6-12,3,
dry_bean_uci,dry_bean_uci,181,181,L1-full,85,0-1-12,3,
dry_bean_uci,dry_bean_uci,181,181,L1-full,86,6-7,2,
dry_bean_uci,dry_bean_uci,181,181,L1-full,87,0-6,2,
dry_bean_uci,dry_bean_uci,181,181,L1-full,88,0-7,2,
dry_bean_uci,dry_bean_uci,181,181,L1-full,89,7-10-12,3,
dry_bean_uci,dry_bean_uci,181,181,L1-full,90,1-3-7,3,
dry_bean_uci,dry_bean_uci,181,181,L1-full,91,4-11-15,3,
dry_bean_uci,dry_bean_uci,181,181,L1-full,92,6-10,2,
dry_bean_uci,dry_bean_uci,181,181,L1-full,93,0-10,2,
dry_bean_uci,dry_bean_uci,181,181,L1-full,94,1-3-10,3,
dry_bean_uci,dry_bean_uci,181,181,L1-full,95,4-10-11,3,
dry_bean_uci,dry_bean_uci,181,181,L1-full,96,8-12,2,
dry_bean_uci,dry_bean_uci,181,181,L1-full,97,4-14-15,3,
dry_bean_uci,dry_bean_uci,181,181,L1-full,98,4-10-14,3,
dry_bean_uci,dry_bean_uci,181,181,L1-full,99,11-14-15,3,
dry_bean_uci,dry_bean_uci,181,181,L1-full,100,12-13-15,3,
dry_bean_uci,dry_bean_uci,181,181,L1-full,101,0-6-12,3,
dry_bean_uci,dry_bean_uci,181,181,L1-full,102,1-3-6,3,
dry_bean_uci,dry_bean_uci,181,181,L1-full,103,0-1-3,3,
dry_bean_uci,dry_bean_uci,181,181,L1-full,104,3-5,2,
dry_bean_uci,dry_bean_uci,181,181,L1-full,105,4-11,2,
dry_bean_uci,dry_bean_uci,181,181,L1-full,106,2-13,2,
dry_bean_uci,dry_bean_uci,181,181,L1-full,107,0-2-12,3,
dry_bean_uci,dry_bean_uci,181,181,L1-full,108,2-6-12,3,
dry_bean_uci,dry_bean_uci,181,181,L1-full,109,11-14,2,
dry_bean_uci,dry_bean_uci,181,181,L1-full,110,6-9-10,3,
dry_bean_uci,dry_bean_uci,181,181,L1-full,111,2-3-7,3,
dry_bean_uci,dry_bean_uci,181,181,L1-full,112,4-9-11,3,
dry_bean_uci,dry_bean_uci,181,181,L1-full,113,0-9-10,3,
dry_bean_uci,dry_bean_uci,181,181,L1-full,114,0-3-6,3,
dry_bean_uci,dry_bean_uci,181,181,L1-full,115,1-2-3,3,
dry_bean_uci,dry_bean_uci,181,181,L1-full,116,4-14,2,
dry_bean_uci,dry_bean_uci,181,181,L1-full,117,10-11-14,3,
dry_bean_uci,dry_bean_uci,181,181,L1-full,118,2-6,2,
dry_bean_uci,dry_bean_uci,181,181,L1-full,119,0-2,2,
dry_bean_uci,dry_bean_uci,181,181,L1-full,120,10-12-13,3,
dry_bean_uci,dry_bean_uci,181,181,L1-full,121,1-7-10,3,
dry_bean_uci,dry_bean_uci,181,181,L1-full,122,0-1-6,3,
dry_bean_uci,dry_bean_uci,181,181,L1-full,123,13-14,2,
dry_bean_uci,dry_bean_uci,181,181,L1-full,124,4-5-13,3,
dry_bean_uci,dry_bean_uci,181,181,L1-full,125,1-6-7,3,
dry_bean_uci,dry_bean_uci,181,181,L1-full,126,0-1-7,3,
dry_bean_uci,dry_bean_uci,181,181,L1-full,127,3-6-7,3,
dry_bean_uci,dry_bean_uci,181,181,L1-full,128,4-9-14,3,
dry_bean_uci,dry_bean_uci,181,181,L1-full,129,5-7,2,
dry_bean_uci,dry_bean_uci,181,181,L1-full,130,0-3-7,3,
dry_bean_uci,dry_bean_uci,181,181,L1-full,131,5-13-14,3,
dry_bean_uci,dry_bean_uci,181,181,L1-full,132,5-11-13,3,
dry_bean_uci,dry_bean_uci,181,181,L1-full,133,0-6-13,3,
dry_bean_uci,dry_bean_uci,181,181,L1-full,134,1-2-6,3,
dry_bean_uci,dry_bean_uci,181,181,L1-full,135,0-1-2,3,
dry_bean_uci,dry_bean_uci,181,181,L1-full,136,5-12-13,3,
dry_bean_uci,dry_bean_uci,181,181,L1-full,137,2-3-6,3,
dry_bean_uci,dry_bean_uci,181,181,L1-full,138,0-2-3,3,
dry_bean_uci,dry_bean_uci,181,181,L1-full,139,6-13,2,
dry_bean_uci,dry_bean_uci,181,181,L1-full,140,11-13,2,
dry_bean_uci,dry_bean_uci,181,181,L1-full,141,0-6-7,3,
dry_bean_uci,dry_bean_uci,181,181,L1-full,142,0-13,2,
dry_bean_uci,dry_bean_uci,181,181,L1-full,143,2-6-7,3,
dry_bean_uci,dry_bean_uci,181,181,L1-full,144,0-2-7,3,
dry_bean_uci,dry_bean_uci,181,181,L1-full,145,1-5,2,
dry_bean_uci,dry_bean_uci,181,181,L1-full,146,5-12-14,3,
dry_bean_uci,dry_bean_uci,181,181,L1-full,147,3-14,2,
dry_bean_uci,dry_bean_uci,181,181,L1-full,148,2-5,2,
dry_bean_uci,dry_bean_uci,181,181,L1-full,149,3-9-15,3,
dry_bean_uci,dry_bean_uci,181,181,L1-full,150,1-2-10,3,
dry_bean_uci,dry_bean_uci,181,181,L1-full,151,0-2-6,3,
dry_bean_uci,dry_bean_uci,181,181,L1-full,152,2-10-12,3,
dry_bean_uci,dry_bean_uci,181,181,L1-full,153,3-7-10,3,
dry_bean_uci,dry_bean_uci,181,181,L1-full,154,5-11,2,
dry_bean_uci,dry_bean_uci,181,181,L1-full,155,4-5-10,3,
dry_bean_uci,dry_bean_uci,181,181,L1-full,156,5-14,2,
dry_bean_uci,dry_bean_uci,181,181,L1-full,157,4-5,2,
dry_bean_uci,dry_bean_uci,181,181,L1-full,158,5-13-15,3,
dry_bean_uci,dry_bean_uci,181,181,L1-full,159,11-12-14,3,
dry_bean_uci,dry_bean_uci,181,181,L1-full,160,13-14-15,3,
dry_bean_uci,dry_bean_uci,181,181,L1-full,161,5-11-12,3,
dry_bean_uci,dry_bean_uci,181,181,L1-full,162,5-10-11,3,
dry_bean_uci,dry_bean_uci,181,181,L1-full,163,3-6-13,3,
dry_bean_uci,dry_bean_uci,181,181,L1-full,164,0-3-13,3,
dry_bean_uci,dry_bean_uci,181,181,L1-full,165,11-13-15,3,
dry_bean_uci,dry_bean_uci,181,181,L1-full,166,7-12-15,3,
dry_bean_uci,dry_bean_uci,181,181,L1-full,167,3-11,2,
dry_bean_uci,dry_bean_uci,181,181,L1-full,168,5-10-14,3,
dry_bean_uci,dry_bean_uci,181,181,L1-full,169,6-15,2,
dry_bean_uci,dry_bean_uci,181,181,L1-full,170,10-11-15,3,
dry_bean_uci,dry_bean_uci,181,181,L1-full,171,10-14-15,3,
dry_bean_uci,dry_bean_uci,181,181,L1-full,172,0-15,2,
dry_bean_uci,dry_bean_uci,181,181,L1-full,173,4-11-12,3,
dry_bean_uci,dry_bean_uci,181,181,L1-full,174,1-6-13,3,
dry_bean_uci,dry_bean_uci,181,181,L1-full,175,0-1-13,3,
dry_bean_uci,dry_bean_uci,181,181,L1-full,176,4-10,2,
dry_bean_uci,dry_bean_uci,181,181,L1-full,177,5-14-15,3,
dry_bean_uci,dry_bean_uci,181,181,L1-full,178,3-4,2,
dry_bean_uci,dry_bean_uci,181,181,L1-full,179,4-12-14,3,
dry_bean_uci,dry_bean_uci,181,181,L1-full,180,1-6-10,3,
dry_bean_uci,dry_bean_uci,181,181,L1-full,181,4-10-13,3,
dry_bean_uci,dry_bean_uci,181,181,L1-full,182,2-12-13,3,
dry_bean_uci,dry_bean_uci,181,181,L1-full,183,2-9-15,3,
dry_bean_uci,dry_bean_uci,181,181,L1-full,184,12-13-14,3,
dry_bean_uci,dry_bean_uci,181,181,L1-full,185,4-5-9,3,
dry_bean_uci,dry_bean_uci,181,181,L1-full,186,0-1-10,3,
dry_bean_uci,dry_bean_uci,181,181,L1-full,187,5-11-15,3,
dry_bean_uci,dry_bean_uci,181,181,L1-full,188,2-6-13,3,
dry_bean_uci,dry_bean_uci,181,181,L1-full,189,7-12-13,3,
dry_bean_uci,dry_bean_uci,181,181,L1-full,190,4-13,2,
dry_bean_uci,dry_bean_uci,181,181,L1-full,191,0-2-13,3,
dry_bean_uci,dry_bean_uci,181,181,L1-full,192,6-10-12,3,
dry_bean_uci,dry_bean_uci,181,181,L1-full,193,1-9-15,3,
dry_bean_uci,dry_bean_uci,181,181,L1-full,194,2-12-15,3,
dry_bean_uci,dry_bean_uci,181,181,L1-full,195,5-6,2,
dry_bean_uci,dry_bean_uci,181,181,L1-full,196,0-10-12,3,
dry_bean_uci,dry_bean_uci,181,181,L1-full,197,8-13,2,
dry_bean_uci,dry_bean_uci,181,181,L1-full,198,0-5,2,
dry_bean_uci,dry_bean_uci,181,181,L1-full,199,10-11-13,3,
dry_bean_uci,dry_bean_uci,181,181,L1-full,200,6-7-13,3,
dry_bean_uci,dry_bean_uci,181,181,L1-full,201,0-7-13,3,
dry_bean_uci,dry_bean_uci,181,181,L1-full,202,2-13-15,3,
dry_bean_uci,dry_bean_uci,181,181,L1-full,203,4-10-15,3,
dry_bean_uci,dry_bean_uci,181,181,L1-full,204,4-13-15,3,
dry_bean_uci,dry_bean_uci,181,181,L1-full,205,4-9,2,
dry_bean_uci,dry_bean_uci,181,181,L1-full,206,7-14,2,
dry_bean_uci,dry_bean_uci,181,181,L1-full,207,9-13,2,
dry_bean_uci,dry_bean_uci,181,181,L1-full,208,11-12-13,3,
dry_bean_uci,dry_bean_uci,181,181,L1-full,209,10-13-14,3,
dry_bean_uci,dry_bean_uci,181,181,L1-full,210,4-5-12,3,
dry_bean_uci,dry_bean_uci,181,181,L1-full,211,5-10,2,
dry_bean_uci,dry_bean_uci,181,181,L1-full,212,1-12-15,3,
dry_bean_uci,dry_bean_uci,181,181,L1-full,213,1-12-13,3,
dry_bean_uci,dry_bean_uci,181,181,L1-full,214,2-7-13,3,
dry_bean_uci,dry_bean_uci,181,181,L1-full,215,1-3-13,3,
dry_bean_uci,dry_bean_uci,181,181,L1-full,216,2-3-13,3,
dry_bean_uci,dry_bean_uci,181,181,L1-full,217,4-5-15,3,
dry_bean_uci,dry_bean_uci,181,181,L1-full,218,2-7-10,3,
dry_bean_uci,dry_bean_uci,181,181,L1-full,219,1-2-13,3,
dry_bean_uci,dry_bean_uci,181,181,L1-full,220,2-3-10,3,
dry_bean_uci,dry_bean_uci,181,181,L1-full,221,1-8,2,
dry_bean_uci,dry_bean_uci,181,181,L1-full,222,1-10-13,3,
dry_bean_uci,dry_bean_uci,181,181,L1-full,223,3-12-15,3,
dry_bean_uci,dry_bean_uci,181,181,L1-full,224,10-14,2,
dry_bean_uci,dry_bean_uci,181,181,L1-full,225,9-11-14,3,
dry_bean_uci,dry_bean_uci,181,181,L1-full,226,10-11,2,
dry_bean_uci,dry_bean_uci,181,181,L1-full,227,3-6-10,3,
dry_bean_uci,dry_bean_uci,181,181,L1-full,228,6-12-13,3,
dry_bean_uci,dry_bean_uci,181,181,L1-full,229,0-12-13,3,
dry_bean_uci,dry_bean_uci,181,181,L1-full,230,2-14-15,3,
dry_bean_uci,dry_bean_uci,181,181,L1-full,231,0-3-10,3,
dry_bean_uci,dry_bean_uci,181,181,L1-full,232,2-11-15,3,
dry_bean_uci,dry_bean_uci,181,181,L1-full,233,3-5-12,3,
dry_bean_uci,dry_bean_uci,181,181,L1-full,234,1-7-13,3,
dry_bean_uci,dry_bean_uci,181,181,L1-full,235,7-11,2,
dry_bean_uci,dry_bean_uci,181,181,L1-full,236,3-9,2,
dry_bean_uci,dry_bean_uci,181,181,L1-full,237,1-14,2,
dry_bean_uci,dry_bean_uci,181,181,L1-full,238,1-10-15,3,
dry_bean_uci,dry_bean_uci,181,181,L1-full,239,1-9,2,
dry_bean_uci,dry_bean_uci,181,181,L1-full,240,7-13-15,3,
dry_bean_uci,dry_bean_uci,181,181,L1-full,241,3-7-13,3,
dry_bean_uci,dry_bean_uci,181,181,L1-full,242,7-9-15,3,
dry_bean_uci,dry_bean_uci,181,181,L1-full,243,0-6-10,3,
dry_bean_uci,dry_bean_uci,181,181,L1-full,244,6-7-10,3,
dry_bean_uci,dry_bean_uci,181,181,L1-full,245,2-14,2,
dry_bean_uci,dry_bean_uci,181,181,L1-full,246,2-6-10,3,
dry_bean_uci,dry_bean_uci,181,181,L1-full,247,4-7,2,
dry_bean_uci,dry_bean_uci,181,181,L1-full,248,3-12-13,3,
dry_bean_uci,dry_bean_uci,181,181,L1-full,249,0-7-10,3,
dry_bean_uci,dry_bean_uci,181,181,L1-full,250,0-2-10,3,
dry_bean_uci,dry_bean_uci,181,181,L1-full,251,2-4-15,3,
dry_bean_uci,dry_bean_uci,181,181,L1-full,252,1-4,2,
dry_bean_uci,dry_bean_uci,181,181,L1-full,253,3-11-14,3,
dry_bean_uci,dry_bean_uci,181,181,L1-full,254,5-10-15,3,
dry_bean_uci,dry_bean_uci,181,181,L1-full,255,3-4-11,3,
dry_bean_uci,dry_bean_uci,181,181,L1-full,256,4-9-13,3,
dry_bean_uci,dry_bean_uci,181,181,L1-full,257,2-5-15,3,
dry_bean_uci,dry_bean_uci,181,181,L1-full,258,3-12-14,3,
dry_bean_uci,dry_bean_uci,181,181,L1-full,259,2-5-13,3,
dry_bean_uci,dry_bean_uci,181,181,L1-full,260,3-11-12,3,
dry_bean_uci,dry_bean_uci,181,181,L1-full,261,3-4-14,3,
dry_bean_uci,dry_bean_uci,181,181,L1-full,262,3-10-13,3,
dry_bean_uci,dry_bean_uci,181,181,L1-full,263,3-5-14,3,
dry_bean_uci,dry_bean_uci,181,181,L1-full,264,5-10-13,3,
dry_bean_uci,dry_bean_uci,181,181,L1-full,265,3-4-12,3,
dry_bean_uci,dry_bean_uci,181,181,L1-full,266,3-8,2,
dry_bean_uci,dry_bean_uci,181,181,L1-full,267,5-7-12,3,
dry_bean_uci,dry_bean_uci,181,181,L1-full,268,3-5-11,3,
dry_bean_uci,dry_bean_uci,181,181,L1-full,269,7-8,2,
dry_bean_uci,dry_bean_uci,181,181,L1-full,270,1-13-15,3,
dry_bean_uci,dry_bean_uci,181,181,L1-full,271,1-11,2,
dry_bean_uci,dry_bean_uci,181,181,L1-full,272,1-5-12,3,
dry_bean_uci,dry_bean_uci,181,181,L1-full,273,10-13-15,3,
dry_bean_uci,dry_bean_uci,181,181,L1-full,274,5-9-11,3,
dry_bean_uci,dry_bean_uci,181,181,L1-full,275,2-4,2,
dry_bean_uci,dry_bean_uci,181,181,L1-full,276,2-11,2,
dry_bean_uci,dry_bean_uci,181,181,L1-full,277,2-11-14,3,
dry_bean_uci,dry_bean_uci,181,181,L1-full,278,3-4-5,3,
dry_bean_uci,dry_bean_uci,181,181,L1-full,279,5-12-15,3,
dry_bean_uci,dry_bean_uci,181,181,L1-full,280,2-4-11,3,
dry_bean_uci,dry_bean_uci,181,181,L1-full,281,5-9-14,3,
dry_bean_uci,dry_bean_uci,181,181,L1-full,282,2-5-14,3,
dry_bean_uci,dry_bean_uci,181,181,L1-full,283,2-5-12,3,
dry_bean_uci,dry_bean_uci,181,181,L1-full,284,8-9-15,3,
dry_bean_uci,dry_bean_uci,181,181,L1-full,285,2-4-14,3,
dry_bean_uci,dry_bean_uci,181,181,L1-full,286,2-13-14,3,
dry_bean_uci,dry_bean_uci,181,181,L1-full,287,2-5-11,3,
dry_bean_uci,dry_bean_uci,181,181,L1-full,288,5-7-13,3,
dry_bean_uci,dry_bean_uci,181,181,L1-full,289,3-5-13,3,
dry_bean_uci,dry_bean_uci,181,181,L1-full,290,8-15,2,
dry_bean_uci,dry_bean_uci,181,181,L1-full,291,1-5-15,3,
dry_bean_uci,dry_bean_uci,181,181,L1-full,292,2-10-15,3,
dry_bean_uci,dry_bean_uci,181,181,L1-full,293,4-12-13,3,
dry_bean_uci,dry_bean_uci,181,181,L1-full,294,7-10-13,3,
dry_bean_uci,dry_bean_uci,181,181,L1-full,295,2-11-13,3,
dry_bean_uci,dry_bean_uci,181,181,L1-full,296,1-5-13,3,
dry_bean_uci,dry_bean_uci,181,181,L1-full,297,6-9-15,3,
dry_bean_uci,dry_bean_uci,181,181,L1-full,298,2-8,2,
dry_bean_uci,dry_bean_uci,181,181,L1-full,299,4-6,2,
dry_bean_uci,dry_bean_uci,181,181,L1-full,300,0-4,2,
dry_bean_uci,dry_bean_uci,181,181,L1-full,301,5-7-15,3,
dry_bean_uci,dry_bean_uci,181,181,L1-full,302,7-12-14,3,
dry_bean_uci,dry_bean_uci,181,181,L1-full,303,1-14-15,3,
dry_bean_uci,dry_bean_uci,181,181,L1-full,304,5-8,2,
dry_bean_uci,dry_bean_uci,181,181,L1-full,305,10-12-15,3,
dry_bean_uci,dry_bean_uci,181,181,L1-full,306,0-13-15,3,
dry_bean_uci,dry_bean_uci,181,181,L1-full,307,2-4-5,3,
dry_bean_uci,dry_bean_uci,181,181,L1-full,308,7-9,2,
dry_bean_uci,dry_bean_uci,181,181,L1-full,309,6-13-15,3,
dry_bean_uci,dry_bean_uci,181,181,L1-full,310,0-5-12,3,
dry_bean_uci,dry_bean_uci,181,181,L1-full,311,5-6-12,3,
dry_bean_uci,dry_bean_uci,181,181,L1-full,312,0-9-15,3,
dry_bean_uci,dry_bean_uci,181,181,L1-full,313,3-10-15,3,
dry_bean_uci,dry_bean_uci,181,181,L1-full,314,9-11,2,
dry_bean_uci,dry_bean_uci,181,181,L1-full,315,1-11-15,3,
dry_bean_uci,dry_bean_uci,181,181,L1-full,316,3-9-12,3,
dry_bean_uci,dry_bean_uci,181,181,L1-full,317,2-7-15,3,
dry_bean_uci,dry_bean_uci,181,181,L1-full,318,1-9-12,3,
dry_bean_uci,dry_bean_uci,181,181,L1-full,319,0-14,2,
dry_bean_uci,dry_bean_uci,181,181,L1-full,320,6-14,2,
dry_bean_uci,dry_bean_uci,181,181,L1-full,321,7-10-15,3,
dry_bean_uci,dry_bean_uci,181,181,L1-full,322,6-10-15,3,
dry_bean_uci,dry_bean_uci,181,181,L1-full,323,8-12-15,3,
dry_bean_uci,dry_bean_uci,181,181,L1-full,324,1-12-14,3,
dry_bean_uci,dry_bean_uci,181,181,L1-full,325,6-12-15,3,
dry_bean_uci,dry_bean_uci,181,181,L1-full,326,1-4-15,3,
dry_bean_uci,dry_bean_uci,181,181,L1-full,327,5-8-15,3,
dry_bean_uci,dry_bean_uci,181,181,L1-full,328,0-12-15,3,
dry_bean_uci,dry_bean_uci,181,181,L1-full,329,8-9-10,3,
dry_bean_uci,dry_bean_uci,181,181,L1-full,330,7-11-12,3,
dry_bean_uci,dry_bean_uci,181,181,L1-full,331,2-12-14,3,
dry_bean_uci,dry_bean_uci,181,181,L1-full,332,7-13-14,3,
dry_bean_uci,dry_bean_uci,181,181,L1-full,333,0-10-15,3,
dry_bean_uci,dry_bean_uci,181,181,L1-full,334,4-8-15,3,
dry_bean_uci,dry_bean_uci,181,181,L1-full,335,2-10-13,3,
dry_bean_uci,dry_bean_uci,181,181,L1-full,336,4-9-12,3,
dry_bean_uci,dry_bean_uci,181,181,L1-full,337,1-3-15,3,
dry_bean_uci,dry_bean_uci,181,181,L1-full,338,8-14,2,
dry_bean_uci,dry_bean_uci,181,181,L1-full,339,7-14-15,3,
dry_bean_uci,dry_bean_uci,181,181,L1-full,340,3-13-15,3,
dry_bean_uci,dry_bean_uci,181,181,L1-full,341,9-14,2,
dry_bean_uci,dry_bean_uci,181,181,L1-full,342,6-14-15,3,
dry_bean_uci,dry_bean_uci,181,181,L1-full,343,1-13-14,3,
dry_bean_uci,dry_bean_uci,181,181,L1-full,344,0-5-6,3,
dry_bean_uci,dry_bean_uci,181,181,L1-full,345,6-11-15,3,
dry_bean_uci,dry_bean_uci,181,181,L1-full,346,6-11-14,3,
dry_bean_uci,dry_bean_uci,181,181,L1-full,347,0-11-14,3,
dry_bean_uci,dry_bean_uci,181,181,L1-full,348,2-4-13,3,
dry_bean_uci,dry_bean_uci,181,181,L1-full,349,8-14-15,3,
dry_bean_uci,dry_bean_uci,181,181,L1-full,350,0-14-15,3,
dry_bean_uci,dry_bean_uci,181,181,L1-full,351,0-11-15,3,
dry_bean_uci,dry_bean_uci,181,181,L1-full,352,1-8-10,3,
dry_bean_uci,dry_bean_uci,181,181,L1-full,353,8-11-15,3,
dry_bean_uci,dry_bean_uci,181,181,L1-full,354,7-11-15,3,
dry_bean_uci,dry_bean_uci,181,181,L1-full,355,0-8-10,3,
dry_bean_uci,dry_bean_uci,181,181,L1-full,356,6-8-10,3,
dry_bean_uci,dry_bean_uci,181,181,L1-full,357,0-9,2,
dry_bean_uci,dry_bean_uci,181,181,L1-full,358,8-9,2,
dry_bean_uci,dry_bean_uci,181,181,L1-full,359,6-9,2,
dry_bean_uci,dry_bean_uci,181,181,L1-full,360,4-6-15,3,
dry_bean_uci,dry_bean_uci,181,181,L1-full,361,1-11-12,3,
dry_bean_uci,dry_bean_uci,181,181,L1-full,362,6-11,2,
dry_bean_uci,dry_bean_uci,181,181,L1-full,363,0-12-14,3,
dry_bean_uci,dry_bean_uci,181,181,L1-full,364,4-6-11,3,
dry_bean_uci,dry_bean_uci,181,181,L1-full,365,0-11,2,
dry_bean_uci,dry_bean_uci,181,181,L1-full,366,6-12-14,3,
dry_bean_uci,dry_bean_uci,181,181,L1-full,367,3-7-15,3,
dry_bean_uci,dry_bean_uci,181,181,L1-full,368,0-4-11,3,
dry_bean_uci,dry_bean_uci,181,181,L1-full,369,0-3-15,3,
dry_bean_uci,dry_bean_uci,181,181,L1-full,370,3-6-15,3,
dry_bean_uci,dry_bean_uci,181,181,L1-full,371,9-11-12,3,
dry_bean_uci,dry_bean_uci,181,181,L1-full,372,0-4-15,3,
dry_bean_uci,dry_bean_uci,181,181,L1-full,373,2-4-10,3,
dry_bean_uci,dry_bean_uci,181,181,L1-full,374,5-6-15,3,
dry_bean_uci,dry_bean_uci,181,181,L1-full,375,4-6-14,3,
dry_bean_uci,dry_bean_uci,181,181,L1-full,376,7-11-13,3,
dry_bean_uci,dry_bean_uci,181,181,L1-full,377,2-4-9,3,
dry_bean_uci,dry_bean_uci,181,181,L1-full,378,0-4-14,3,
dry_bean_uci,dry_bean_uci,181,181,L1-full,379,1-7-15,3,
dry_bean_uci,dry_bean_uci,181,181,L1-full,380,2-11-12,3,
dry_bean_uci,dry_bean_uci,181,181,L1-full,381,2-8-10,3,
dry_bean_uci,dry_bean_uci,181,181,L1-full,382,8-11,2,
dry_bean_uci,dry_bean_uci,181,181,L1-full,383,0-5-15,3,
dry_bean_uci,dry_bean_uci,181,181,L1-full,384,2-9,2,
dry_bean_uci,dry_bean_uci,181,181,L1-full,385,7-8-10,3,
dry_bean_uci,dry_bean_uci,181,181,L1-full,386,3-9-14,3,
dry_bean_uci,dry_bean_uci,181,181,L1-full,387,3-9-11,3,
dry_bean_uci,dry_bean_uci,181,181,L1-full,388,0-6-15,3,
dry_bean_uci,dry_bean_uci,181,181,L1-full,389,5-7-14,3,
dry_bean_uci,dry_bean_uci,181,181,L1-full,390,3-8-10,3,
dry_bean_uci,dry_bean_uci,181,181,L1-full,391,9-12-14,3,
dry_bean_uci,dry_bean_uci,181,181,L1-full,392,1-11-13,3,
dry_bean_uci,dry_bean_uci,181,181,L1-full,393,3-13-14,3,
dry_bean_uci,dry_bean_uci,181,181,L1-full,394,3-5-9,3,
dry_bean_uci,dry_bean_uci,181,181,L1-full,395,9-11-13,3,
dry_bean_uci,dry_bean_uci,181,181,L1-full,396,0-5-14,3,
dry_bean_uci,dry_bean_uci,181,181,L1-full,397,1-5-14,3,
dry_bean_uci,dry_bean_uci,181,181,L1-full,398,0-5-11,3,
dry_bean_uci,dry_bean_uci,181,181,L1-full,399,5-6-14,3,
dry_bean_uci,dry_bean_uci,181,181,L1-full,400,5-6-11,3,
dry_bean_uci,dry_bean_uci,181,181,L1-full,401,4-7-15,3,
dry_bean_uci,dry_bean_uci,181,181,L1-full,402,1-2-15,3,
dry_bean_uci,dry_bean_uci,181,181,L1-full,403,4-8-9,3,
dry_bean_uci,dry_bean_uci,181,181,L1-full,404,1-3-9,3,
dry_bean_uci,dry_bean_uci,181,181,L1-full,405,0-11-12,3,
dry_bean_uci,dry_bean_uci,181,181,L1-full,406,6-11-12,3,
dry_bean_uci,dry_bean_uci,181,181,L1-full,407,0-6-14,3,
dry_bean_uci,dry_bean_uci,181,181,L1-full,408,0-1-15,3,
dry_bean_uci,dry_bean_uci,181,181,L1-full,409,8-9-11,3,
dry_bean_uci,dry_bean_uci,181,181,L1-full,410,1-6-15,3,
dry_bean_uci,dry_bean_uci,181,181,L1-full,411,6-8,2,
dry_bean_uci,dry_bean_uci,181,181,L1-full,412,0-8,2,
dry_bean_uci,dry_bean_uci,181,181,L1-full,413,3-4-9,3,
dry_bean_uci,dry_bean_uci,181,181,L1-full,414,3-5-7,3,
dry_bean_uci,dry_bean_uci,181,181,L1-full,415,2-3-15,3,
dry_bean_uci,dry_bean_uci,181,181,L1-full,416,8-9-14,3,
dry_bean_uci,dry_bean_uci,181,181,L1-full,417,5-7-11,3,
dry_bean_uci,dry_bean_uci,181,181,L1-full,418,0-6-11,3,
dry_bean_uci,dry_bean_uci,181,181,L1-full,419,4-10-12,3,
dry_bean_uci,dry_bean_uci,181,181,L1-full,420,0-4-5,3,
dry_bean_uci,dry_bean_uci,181,181,L1-full,421,4-5-6,3,
dry_bean_uci,dry_bean_uci,181,181,L1-full,422,1-5-11,3,
dry_bean_uci,dry_bean_uci,181,181,L1-full,423,3-5-15,3,
dry_bean_uci,dry_bean_uci,181,181,L1-full,424,5-9-12,3,
dry_bean_uci,dry_bean_uci,181,181,L1-full,425,1-4-10,3,
dry_bean_uci,dry_bean_uci,181,181,L1-full,426,9-13-14,3,
dry_bean_uci,dry_bean_uci,181,181,L1-full,427,2-5-6,3,
dry_bean_uci,dry_bean_uci,181,181,L1-full,428,0-2-5,3,
dry_bean_uci,dry_bean_uci,181,181,L1-full,429,1-3-5,3,
dry_bean_uci,dry_bean_uci,181,181,L1-full,430,3-8-12,3,
dry_bean_uci,dry_bean_uci,181,181,L1-full,431,3-11-13,3,
dry_bean_uci,dry_bean_uci,181,181,L1-full,432,4-6-10,3,
dry_bean_uci,dry_bean_uci,181,181,L1-full,433,5-9,2,
dry_bean_uci,dry_bean_uci,181,181,L1-full,434,0-4-10,3,
dry_bean_uci,dry_bean_uci,181,181,L1-full,435,4-8-12,3,
dry_bean_uci,dry_bean_uci,181,181,L1-full,436,2-3-5,3,
dry_bean_uci,dry_bean_uci,181,181,L1-full,437,8-13-15,3,
dry_bean_uci,dry_bean_uci,181,181,L1-full,438,6-10-13,3,
dry_bean_uci,dry_bean_uci,181,181,L1-full,439,1-5-7,3,
dry_bean_uci,dry_bean_uci,181,181,L1-full,440,4-8-11,3,
dry_bean_uci,dry_bean_uci,181,181,L1-full,441,8-11-12,3,
dry_bean_uci,dry_bean_uci,181,181,L1-full,442,12-14-15,3,
dry_bean_uci,dry_bean_uci,181,181,L1-full,443,0-2-15,3,
dry_bean_uci,dry_bean_uci,181,181,L1-full,444,8-12-14,3,
dry_bean_uci,dry_bean_uci,181,181,L1-full,445,2-6-14,3,
dry_bean_uci,dry_bean_uci,181,181,L1-full,446,0-2-14,3,
dry_bean_uci,dry_bean_uci,181,181,L1-full,447,2-6-15,3,
dry_bean_uci,dry_bean_uci,181,181,L1-full,448,0-2-11,3,
dry_bean_uci,dry_bean_uci,181,181,L1-full,449,2-6-11,3,
dry_bean_uci,dry_bean_uci,181,181,L1-full,450,0-10-13,3,
dry_bean_uci,dry_bean_uci,181,181,L1-full,451,3-7-14,3,
dry_bean_uci,dry_bean_uci,181,181,L1-full,452,0-7-15,3,
dry_bean_uci,dry_bean_uci,181,181,L1-full,453,5-8-9,3,
dry_bean_uci,dry_bean_uci,181,181,L1-full,454,1-7-14,3,
dry_bean_uci,dry_bean_uci,181,181,L1-full,455,6-7-15,3,
dry_bean_uci,dry_bean_uci,181,181,L1-full,456,6-10-11,3,
dry_bean_uci,dry_bean_uci,181,181,L1-full,457,4-8-14,3,
dry_bean_uci,dry_bean_uci,181,181,L1-full,458,8-10-15,3,
dry_bean_uci,dry_bean_uci,181,181,L1-full,459,0-10-11,3,
dry_bean_uci,dry_bean_uci,181,181,L1-full,460,1-11-14,3,
dry_bean_uci,dry_bean_uci,181,181,L1-full,461,7-11-14,3,
dry_bean_uci,dry_bean_uci,181,181,L1-full,462,1-2-14,3,
dry_bean_uci,dry_bean_uci,181,181,L1-full,463,2-3-14,3,
dry_bean_uci,dry_bean_uci,181,181,L1-full,464,2-10-11,3,
dry_bean_uci,dry_bean_uci,181,181,L1-full,465,0-4-13,3,
dry_bean_uci,dry_bean_uci,181,181,L1-full,466,4-6-13,3,
dry_bean_uci,dry_bean_uci,181,181,L1-full,467,1-7-11,3,
dry_bean_uci,dry_bean_uci,181,181,L1-full,468,1-2-11,3,
dry_bean_uci,dry_bean_uci,181,181,L1-full,469,0-2-4,3,
dry_bean_uci,dry_bean_uci,181,181,L1-full,470,2-4-6,3,
dry_bean_uci,dry_bean_uci,181,181,L1-full,471,5-9-13,3,
dry_bean_uci,dry_bean_uci,181,181,L1-full,472,4-7-12,3,
dry_bean_uci,dry_bean_uci,181,181,L1-full,473,3-7-11,3,
dry_bean_uci,dry_bean_uci,181,181,L1-full,474,4-7-10,3,
dry_bean_uci,dry_bean_uci,181,181,L1-full,475,2-7-14,3,
dry_bean_uci,dry_bean_uci,181,181,L1-full,476,3-5-6,3,
dry_bean_uci,dry_bean_uci,181,181,L1-full,477,6-10-14,3,
dry_bean_uci,dry_bean_uci,181,181,L1-full,478,1-8-12,3,
dry_bean_uci,dry_bean_uci,181,181,L1-full,479,0-3-5,3,
dry_bean_uci,dry_bean_uci,181,181,L1-full,480,1-2-5,3,
dry_bean_uci,dry_bean_uci,181,181,L1-full,481,0-10-14,3,
dry_bean_uci,dry_bean_uci,181,181,L1-full,482,1-3-14,3,
dry_bean_uci,dry_bean_uci,181,181,L1-full,483,0-11-13,3,
dry_bean_uci,dry_bean_uci,181,181,L1-full,484,6-11-13,3,
dry_bean_uci,dry_bean_uci,181,181,L1-full,485,2-3-11,3,
dry_bean_uci,dry_bean_uci,181,181,L1-full,486,7-8-12,3,
dry_bean_uci,dry_bean_uci,181,181,L1-full,487,5-8-12,3,
dry_bean_uci,dry_bean_uci,181,181,L1-full,488,2-5-7,3,
dry_bean_uci,dry_bean_uci,181,181,L1-full,489,2-7-11,3,
dry_bean_uci,dry_bean_uci,181,181,L1-full,490,0-4-6,3,
dry_bean_uci,dry_bean_uci,181,181,L1-full,491,8-11-14,3,
dry_bean_uci,dry_bean_uci,181,181,L1-full,492,0-6-8,3,
dry_bean_uci,dry_bean_uci,181,181,L1-full,493,0-13-14,3,
dry_bean_uci,dry_bean_uci,181,181,L1-full,494,6-13-14,3,
dry_bean_uci,dry_bean_uci,181,181,L1-full,495,1-4-13,3,
dry_bean_uci,dry_bean_uci,181,181,L1-full,496,2-9-11,3,
dry_bean_uci,dry_bean_uci,181,181,L1-full,497,1-3-8,3,
dry_bean_uci,dry_bean_uci,181,181,L1-full,498,1-2-4,3,
dry_bean_uci,dry_bean_uci,181,181,L1-full,499,1-4-9,3,
dry_bean_uci,dry_bean_uci,181,181,L1-full,500,1-5-6,3,
dry_bean_uci,dry_bean_uci,181,181,L1-full,501,4-5-7,3,
dry_bean_uci,dry_bean_uci,181,181,L1-full,502,0-1-5,3,
dry_bean_uci,dry_bean_uci,181,181,L1-full,503,2-10-14,3,
dry_bean_uci,dry_bean_uci,181,181,L1-full,504,6-8-12,3,
dry_bean_uci,dry_bean_uci,181,181,L1-full,505,0-8-12,3,
dry_bean_uci,dry_bean_uci,181,181,L1-full,506,1-7-9,3,
dry_bean_uci,dry_bean_uci,181,181,L1-full,507,0-4-9,3,
dry_bean_uci,dry_bean_uci,181,181,L1-full,508,0-3-8,3,
dry_bean_uci,dry_bean_uci,181,181,L1-full,509,3-6-8,3,
dry_bean_uci,dry_bean_uci,181,181,L1-full,510,4-6-9,3,
dry_bean_uci,dry_bean_uci,181,181,L1-full,511,3-4-10,3,
dry_bean_uci,dry_bean_uci,181,181,L1-full,512,0-1-11,3,
dry_bean_uci,dry_bean_uci,181,181,L1-full,513,1-4-5,3,
dry_bean_uci,dry_bean_uci,181,181,L1-full,514,1-6-11,3,
dry_bean_uci,dry_bean_uci,181,181,L1-full,515,0-1-14,3,
dry_bean_uci,dry_bean_uci,181,181,L1-full,516,1-6-14,3,
dry_bean_uci,dry_bean_uci,181,181,L1-full,517,1-3-11,3,
dry_bean_uci,dry_bean_uci,181,181,L1-full,518,11-12-15,3,
dry_bean_uci,dry_bean_uci,181,181,L1-full,519,4-7-9,3,
dry_bean_uci,dry_bean_uci,181,181,L1-full,520,2-9-14,3,
dry_bean_uci,dry_bean_uci,181,181,L1-full,521,0-9-11,3,
dry_bean_uci,dry_bean_uci,181,181,L1-full,522,0-9-12,3,
dry_bean_uci,dry_bean_uci,181,181,L1-full,523,7-9-12,3,
dry_bean_uci,dry_bean_uci,181,181,L1-full,524,1-4-14,3,
dry_bean_uci,dry_bean_uci,181,181,L1-full,525,4-7-14,3,
dry_bean_uci,dry_bean_uci,181,181,L1-full,526,3-8-15,3,
dry_bean_uci,dry_bean_uci,181,181,L1-full,527,4-7-13,3,
dry_bean_uci,dry_bean_uci,181,181,L1-full,528,6-9-12,3,
dry_bean_uci,dry_bean_uci,181,181,L1-full,529,0-9-14,3,
dry_bean_uci,dry_bean_uci,181,181,L1-full,530,6-9-11,3,
dry_bean_uci,dry_bean_uci,181,181,L1-full,531,0-4-12,3,
dry_bean_uci,dry_bean_uci,181,181,L1-full,532,2-4-7,3,
dry_bean_uci,dry_bean_uci,181,181,L1-full,533,4-6-12,3,
dry_bean_uci,dry_bean_uci,181,181,L1-full,534,1-4-11,3,
dry_bean_uci,dry_bean_uci,181,181,L1-full,535,4-7-11,3,
dry_bean_uci,dry_bean_uci,181,181,L1-full,536,1-4-7,3,
dry_bean_uci,dry_bean_uci,181,181,L1-full,537,5-6-7,3,
dry_bean_uci,dry_bean_uci,181,181,L1-full,538,0-5-13,3,
dry_bean_uci,dry_bean_uci,181,181,L1-full,539,1-10-11,3,
dry_bean_uci,dry_bean_uci,181,181,L1-full,540,0-1-8,3,
dry_bean_uci,dry_bean_uci,181,181,L1-full,541,3-7-8,3,
dry_bean_uci,dry_bean_uci,181,181,L1-full,542,7-9-11,3,
dry_bean_uci,dry_bean_uci,181,181,L1-full,543,5-6-13,3,
dry_bean_uci,dry_bean_uci,181,181,L1-full,544,1-6-8,3,
dry_bean_uci,dry_bean_uci,181,181,L1-full,545,0-5-7,3,
dry_bean_uci,dry_bean_uci,181,181,L1-full,546,4-5-8,3,
dry_bean_uci,dry_bean_uci,181,181,L1-full,547,1-9-11,3,
dry_bean_uci,dry_bean_uci,181,181,L1-full,548,6-9-14,3,
dry_bean_uci,dry_bean_uci,181,181,L1-full,549,0-1-4,3,
dry_bean_uci,dry_bean_uci,181,181,L1-full,550,0-7-14,3,
dry_bean_uci,dry_bean_uci,181,181,L1-full,551,1-4-6,3,
dry_bean_uci,dry_bean_uci,181,181,L1-full,552,6-7-14,3,
dry_bean_uci,dry_bean_uci,181,181,L1-full,553,0-7-11,3,
dry_bean_uci,dry_bean_uci,181,181,L1-full,554,6-7-11,3,
dry_bean_uci,dry_bean_uci,181,181,L1-full,555,7-9-14,3,
dry_bean_uci,dry_bean_uci,181,181,L1-full,556,0-2-8,3,
dry_bean_uci,dry_bean_uci,181,181,L1-full,557,2-9-12,3,
dry_bean_uci,dry_bean_uci,181,181,L1-full,558,2-5-9,3,
dry_bean_uci,dry_bean_uci,181,181,L1-full,559,2-6-8,3,
dry_bean_uci,dry_bean_uci,181,181,L1-full,560,4-8,2,
dry_bean_uci,dry_bean_uci,181,181,L1-full,561,1-10-14,3,
dry_bean_uci,dry_bean_uci,181,181,L1-full,562,1-4-12,3,
dry_bean_uci,dry_bean_uci,181,181,L1-full,563,1-6-9,3,
dry_bean_uci,dry_bean_uci,181,181,L1-full,564,9-12-13,3,
dry_bean_uci,dry_bean_uci,181,181,L1-full,565,3-4-13,3,
dry_bean_uci,dry_bean_uci,181,181,L1-full,566,1-2-9,3,
dry_bean_uci,dry_bean_uci,181,181,L1-full,567,1-9-14,3,
dry_bean_uci,dry_bean_uci,181,181,L1-full,568,3-10-11,3,
dry_bean_uci,dry_bean_uci,181,181,L1-full,569,0-5-9,3,
dry_bean_uci,dry_bean_uci,181,181,L1-full,570,5-8-11,3,
dry_bean_uci,dry_bean_uci,181,181,L1-full,571,3-4-8,3,
dry_bean_uci,dry_bean_uci,181,181,L1-full,572,3-8-11,3,
dry_bean_uci,dry_bean_uci,181,181,L1-full,573,2-7-9,3,
dry_bean_uci,dry_bean_uci,181,181,L1-full,574,0-3-14,3,
dry_bean_uci,dry_bean_uci,181,181,L1-full,575,0-1-9,3,
dry_bean_uci,dry_bean_uci,181,181,L1-full,576,3-6-14,3,
dry_bean_uci,dry_bean_uci,181,181,L1-full,577,0-7-8,3,
dry_bean_uci,dry_bean_uci,181,181,L1-full,578,6-7-8,3,
dry_bean_uci,dry_bean_uci,181,181,L1-full,579,3-8-14,3,
dry_bean_uci,dry_bean_uci,181,181,L1-full,580,2-8-12,3,
dry_bean_uci,dry_bean_uci,181,181,L1-full,581,0-4-7,3,
dry_bean_uci,dry_bean_uci,181,181,L1-full,582,5-8-14,3,
dry_bean_uci,dry_bean_uci,181,181,L1-full,583,4-6-7,3,
dry_bean_uci,dry_bean_uci,181,181,L1-full,584,5-6-9,3,
dry_bean_uci,dry_bean_uci,181,181,L1-full,585,3-4-7,3,
dry_bean_uci,dry_bean_uci,181,181,L1-full,586,2-3-8,3,
dry_bean_uci,dry_bean_uci,181,181,L1-full,587,1-7-8,3,
dry_bean_uci,dry_bean_uci,181,181,L1-full,588,2-8-15,3,
dry_bean_uci,dry_bean_uci,181,181,L1-full,589,3-7-9,3,
dry_bean_uci,dry_bean_uci,181,181,L1-full,590,0-3-11,3,
dry_bean_uci,dry_bean_uci,181,181,L1-full,591,3-6-11,3,
dry_bean_uci,dry_bean_uci,181,181,L1-full,592,5-8-13,3,
dry_bean_uci,dry_bean_uci,181,181,L1-full,593,1-5-10,3,
dry_bean_uci,dry_bean_uci,181,181,L1-full,594,2-3-4,3,
dry_bean_uci,dry_bean_uci,181,181,L1-full,595,3-10-14,3,
dry_bean_uci,dry_bean_uci,181,181,L1-full,596,2-4-12,3,
dry_bean_uci,dry_bean_uci,181,181,L1-full,597,3-14-15,3,
dry_bean_uci,dry_bean_uci,181,181,L1-full,598,7-8-15,3,
dry_bean_uci,dry_bean_uci,181,181,L1-full,599,4-12-15,3,
dry_bean_uci,dry_bean_uci,181,181,L1-full,600,2-6-9,3,
dry_bean_uci,dry_bean_uci,181,181,L1-full,601,8-10-12,3,
dry_bean_uci,dry_bean_uci,181,181,L1-full,602,0-8-13,3,
dry_bean_uci,dry_bean_uci,181,181,L1-full,603,6-8-13,3,
dry_bean_uci,dry_bean_uci,181,181,L1-full,604,1-5-9,3,
dry_bean_uci,dry_bean_uci,181,181,L1-full,605,3-5-8,3,
dry_bean_uci,dry_bean_uci,181,181,L1-full,606,2-3-9,3,
dry_bean_uci,dry_bean_uci,181,181,L1-full,607,5-7-9,3,
dry_bean_uci,dry_bean_uci,181,181,L1-full,608,3-4-15,3,
dry_bean_uci,dry_bean_uci,181,181,L1-full,609,1-2-8,3,
dry_bean_uci,dry_bean_uci,181,181,L1-full,610,0-2-9,3,
dry_bean_uci,dry_bean_uci,181,181,L1-full,611,0-7-9,3,
dry_bean_uci,dry_bean_uci,181,181,L1-full,612,0-3-4,3,
dry_bean_uci,dry_bean_uci,181,181,L1-full,613,3-4-6,3,
dry_bean_uci,dry_bean_uci,181,181,L1-full,614,1-8-15,3,
dry_bean_uci,dry_bean_uci,181,181,L1-full,615,1-3-4,3,
dry_bean_uci,dry_bean_uci,181,181,L1-full,616,6-7-9,3,
dry_bean_uci,dry_bean_uci,181,181,L1-full,617,0-3-9,3,
dry_bean_uci,dry_bean_uci,181,181,L1-full,618,8-10-14,3,
dry_bean_uci,dry_bean_uci,181,181,L1-full,619,3-5-10,3,
dry_bean_uci,dry_bean_uci,181,181,L1-full,620,8-10-11,3,
dry_bean_uci,dry_bean_uci,181,181,L1-full,621,5-6-10,3,
dry_bean_uci,dry_bean_uci,181,181,L1-full,622,3-11-15,3,
dry_bean_uci,dry_bean_uci,181,181,L1-full,623,0-5-10,3,
dry_bean_uci,dry_bean_uci,181,181,L1-full,624,3-6-9,3,
dry_bean_uci,dry_bean_uci,181,181,L1-full,625,2-7-8,3,
dry_bean_uci,dry_bean_uci,181,181,L1-full,626,4-8-10,3,
dry_bean_uci,dry_bean_uci,181,181,L1-full,627,5-10-12,3,
dry_bean_uci,dry_bean_uci,181,181,L1-full,628,8-10-13,3,
dry_bean_uci,dry_bean_uci,181,181,L1-full,629,0-6-9,3,
dry_bean_uci,dry_bean_uci,181,181,L1-top8,1,9-10,2,
dry_bean_uci,dry_bean_uci,181,181,L1-top8,2,10-12,2,
dry_bean_uci,dry_bean_uci,181,181,L1-top8,3,3-12,2,
dry_bean_uci,dry_bean_uci,181,181,L1-top8,4,9-10-15,3,
dry_bean_uci,dry_bean_uci,181,181,L1-top8,5,1-12,2,
dry_bean_uci,dry_bean_uci,181,181,L1-top8,6,9-10-12,3,
dry_bean_uci,dry_bean_uci,181,181,L1-top8,7,7-12,2,
dry_bean_uci,dry_bean_uci,181,181,L1-top8,8,12-15,2,
dry_bean_uci,dry_bean_uci,181,181,L1-match,1,9-10,2,
dry_bean_uci,dry_bean_uci,181,181,L1-match,2,10-12,2,
dry_bean_uci,dry_bean_uci,181,181,SHIL-k8,1,10-12,2,
dry_bean_uci,dry_bean_uci,181,181,SHIL-k8,2,3-12,2,
dry_bean_uci,dry_bean_uci,181,181,SHIL-k8,3,1-9-10,3,
dry_bean_uci,dry_bean_uci,181,181,SHIL-k8,4,3-10,2,
dry_bean_uci,dry_bean_uci,181,181,SHIL-k8,5,9-10-12,3,
dry_bean_uci,dry_bean_uci,181,181,SHIL-k8,6,1-12,2,
dry_bean_uci,dry_bean_uci,181,181,SHIL-k8,7,6-12,2,
dry_bean_uci,dry_bean_uci,181,181,SHIL-k8,8,0-12,2,
dry_bean_uci,dry_bean_uci,181,181,SC-L1,1,9-10,2,
dry_bean_uci,dry_bean_uci,181,181,SC-SHIL,1,3-12,2,
dry_bean_uci,dry_bean_uci,181,181,SC-SHIL,2,10-12,2,
