dataset,scenario,data_seed,split_seed,status,method_id,ranker_id,policy_id,score_family_id,selected_edge_count,candidate_average_precision,accuracy,macro_f1,log_loss,roc_auc_ovr,support_precision,support_recall,support_f1,false_inclusions,false_discovery_proportion,group_tp,group_precision,group_recall,group_f1,group_false_inclusions,group_false_discovery_proportion,requested_k,budget_shortfall,zero_padding_applied,chosen_k,validation_log_loss,validation_log_loss_se,one_se_ceiling,chosen_q,chosen_pi,tuning_support_size,final_support_size
S00,S00,1103,1103,OK,shil.fixed_k.k01,shil,fixed_k,shil.final_ranker_score,1,,0.6,0.5999948978941058,0.6545648291078051,0.6499107142857143,0.0,1.0,0.0,1,1.0,0,0.0,1.0,0.0,1,1.0,1.0,0.0,False,,,,,,,,
S00,S00,1103,1103,OK,shil.fixed_k.k02,shil,fixed_k,shil.final_ranker_score,2,,0.5946428571428571,0.5946312234726123,0.6590883345703584,0.6400765306122449,0.0,1.0,0.0,2,1.0,0,0.0,1.0,0.0,2,1.0,2.0,0.0,False,,,,,,,,
S00,S00,1103,1103,OK,shil.fixed_k.k04,shil,fixed_k,shil.final_ranker_score,4,,0.6,0.5997498436522827,0.6592365875529783,0.6427551020408163,0.0,1.0,0.0,4,1.0,0,0.0,1.0,0.0,4,1.0,4.0,0.0,False,,,,,,,,
S00,S00,1103,1103,OK,shil.fixed_k.k08,shil,fixed_k,shil.final_ranker_score,8,,0.5767857142857142,0.5766763736807019,0.6654805860716946,0.6317984693877551,0.0,1.0,0.0,8,1.0,0,0.0,1.0,0.0,8,1.0,8.0,0.0,False,,,,,,,,
S00,S00,1103,1103,OK,shil.fixed_k.k16,shil,fixed_k,shil.final_ranker_score,16,,0.5821428571428572,0.5818815331010453,0.6760612228528811,0.6185076530612246,0.0,1.0,0.0,16,1.0,0,0.0,1.0,0.0,16,1.0,16.0,0.0,False,,,,,,,,
S00,S00,1103,1103,OK,shil.validation_one_se,shil,validation_one_se,shil.final_ranker_score,1,,0.6,0.5999948978941058,0.6545648291078051,0.6499107142857143,0.0,1.0,0.0,1,1.0,0,0.0,1.0,0.0,1,1.0,,0.0,False,1.0,0.6710955477590719,0.010982465277943167,0.6820780130370151,,,,
S00,S00,1103,1103,OK,shil.cpss_one_se,shil,cpss_one_se,shil.final_development_selection_frequency,0,,0.5964285714285714,0.5964285714285714,0.6548625540415544,0.6509566326530611,1.0,1.0,1.0,0,0.0,0,1.0,1.0,1.0,0,0.0,,,False,,0.6657177669333199,0.010570572224480677,0.6762883391578005,4.0,0.9,0.0,0.0
S00,S00,1103,1103,OK,l1.fixed_k.k01,l1,fixed_k,l1.final_ranker_score,1,,0.6017857142857143,0.601784444465703,0.6571878379602768,0.649094387755102,0.0,1.0,0.0,1,1.0,0,0.0,1.0,0.0,1,1.0,1.0,0.0,False,,,,,,,,
S00,S00,1103,1103,OK,l1.fixed_k.k02,l1,fixed_k,l1.final_ranker_score,2,,0.5892857142857143,0.5892804755162693,0.6606087169874093,0.6421173469387755,0.0,1.0,0.0,2,1.0,0,0.0,1.0,0.0,2,1.0,2.0,0.0,False,,,,,,,,
S00,S00,1103,1103,OK,l1.fixed_k.k04,l1,fixed_k,l1.final_ranker_score,4,,0.6053571428571428,0.6051443539407397,0.6625033669116407,0.6413903061224491,0.0,1.0,0.0,4,1.0,0,0.0,1.0,0.0,4,1.0,4.0,0.0,False,,,,,,,,
S00,S00,1103,1103,OK,l1.fixed_k.k08,l1,fixed_k,l1.final_ranker_score,8,,0.5839285714285715,0.5838210762346141,0.6749748017658581,0.6247066326530611,0.0,1.0,0.0,8,1.0,0,0.0,1.0,0.0,8,1.0,8.0,0.0,False,,,,,,,,
S00,S00,1103,1103,OK,l1.fixed_k.k16,l1,fixed_k,l1.final_ranker_score,11,,0.5964285714285714,0.5963822377568854,0.6683474926625363,0.6355994897959184,0.0,1.0,0.0,11,1.0,0,0.0,1.0,0.0,11,1.0,16.0,5.0,False,,,,,,,,
S00,S00,1103,1103,OK,l1.validation_one_se,l1,validation_one_se,l1.final_ranker_score,1,,0.6017857142857143,0.601784444465703,0.6571878379602768,0.649094387755102,0.0,1.0,0.0,1,1.0,0,0.0,1.0,0.0,1,1.0,,0.0,False,1.0,0.6710955477590719,0.010982465277943167,0.6817779677860949,,,,
S00,S00,1103,1103,OK,l1.cpss_one_se,l1,cpss_one_se,l1.final_development_selection_frequency,0,,0.5964285714285714,0.5964285714285714,0.6548625540415544,0.6509566326530611,1.0,1.0,1.0,0,0.0,0,1.0,1.0,1.0,0,0.0,,,False,,0.6657177669333199,0.010570572224480677,0.6762883391578005,4.0,0.9,0.0,0.0
S00,S00,1129,1129,OK,shil.fixed_k.k01,shil,fixed_k,shil.final_ranker_score,1,,0.6196428571428572,0.6194377709926586,0.660310945396406,0.649375,0.0,1.0,0.0,1,1.0,0,0.0,1.0,0.0,1,1.0,1.0,0.0,False,,,,,,,,
S00,S00,1129,1129,OK,shil.fixed_k.k02,shil,fixed_k,shil.final_ranker_score,2,,0.6125,0.612399886450263,0.6634811997058787,0.6431250000000001,0.0,1.0,0.0,2,1.0,0,0.0,1.0,0.0,2,1.0,2.0,0.0,False,,,,,,,,
S00,S00,1129,1129,OK,shil.fixed_k.k04,shil,fixed_k,shil.final_ranker_score,4,,0.6107142857142858,0.6107142857142858,0.6691904829363929,0.6333035714285715,0.0,1.0,0.0,4,1.0,0,0.0,1.0,0.0,4,1.0,4.0,0.0,False,,,,,,,,
S00,S00,1129,1129,OK,shil.fixed_k.k08,shil,fixed_k,shil.final_ranker_score,8,,0.5910714285714286,0.5910388264370565,0.672822822242308,0.6265178571428571,0.0,1.0,0.0,8,1.0,0,0.0,1.0,0.0,8,1.0,8.0,0.0,False,,,,,,,,
S00,S00,1129,1129,OK,shil.fixed_k.k16,shil,fixed_k,shil.final_ranker_score,16,,0.5625,0.5623311290389468,0.6981150961761511,0.5823724489795918,0.0,1.0,0.0,16,1.0,0,0.0,1.0,0.0,16,1.0,16.0,0.0,False,,,,,,,,
S00,S00,1129,1129,OK,shil.validation_one_se,shil,validation_one_se,shil.final_ranker_score,1,,0.6196428571428572,0.6194377709926586,0.660310945396406,0.649375,0.0,1.0,0.0,1,1.0,0,0.0,1.0,0.0,1,1.0,,0.0,False,1.0,0.6616728974015316,0.009220158839586759,0.6708930562411183,,,,
S00,S00,1129,1129,OK,shil.cpss_one_se,shil,cpss_one_se,shil.final_development_selection_frequency,0,,0.6125,0.6124987643455495,0.6607924513478575,0.6467219387755102,1.0,1.0,1.0,0,0.0,0,1.0,1.0,1.0,0,0.0,,,False,,0.6605587176277838,0.009085503848523139,0.669644221476307,4.0,0.9,0.0,0.0
S00,S00,1129,1129,OK,l1.fixed_k.k01,l1,fixed_k,l1.final_ranker_score,1,,0.6053571428571428,0.6053256796619628,0.6646831659381027,0.6420918367346939,0.0,1.0,0.0,1,1.0,0,0.0,1.0,0.0,1,1.0,1.0,0.0,False,,,,,,,,
S00,S00,1129,1129,OK,l1.fixed_k.k02,l1,fixed_k,l1.final_ranker_score,2,,0.5982142857142857,0.5982027545433383,0.6719078431844746,0.6282525510204082,0.0,1.0,0.0,2,1.0,0,0.0,1.0,0.0,2,1.0,2.0,0.0,False,,,,,,,,
S00,S00,1129,1129,OK,l1.fixed_k.k04,l1,fixed_k,l1.final_ranker_score,4,,0.5964285714285714,0.5964285714285714,0.6752251141713626,0.6171938775510204,0.0,1.0,0.0,4,1.0,0,0.0,1.0,0.0,4,1.0,4.0,0.0,False,,,,,,,,
S00,S00,1129,1129,OK,l1.fixed_k.k08,l1,fixed_k,l1.final_ranker_score,8,,0.5964285714285714,0.5962998405103668,0.6753856244045884,0.6222704081632653,0.0,1.0,0.0,8,1.0,0,0.0,1.0,0.0,8,1.0,8.0,0.0,False,,,,,,,,
S00,S00,1129,1129,OK,l1.fixed_k.k16,l1,fixed_k,l1.final_ranker_score,14,,0.5732142857142857,0.5729078579976068,0.6786040578401652,0.6159948979591837,0.0,1.0,0.0,14,1.0,0,0.0,1.0,0.0,14,1.0,16.0,2.0,False,,,,,,,,
S00,S00,1129,1129,OK,l1.validation_one_se,l1,validation_one_se,l1.final_ranker_score,1,,0.6053571428571428,0.6053256796619628,0.6646831659381027,0.6420918367346939,0.0,1.0,0.0,1,1.0,0,0.0,1.0,0.0,1,1.0,,0.0,False,1.0,0.6565441829302253,0.009286512510196677,0.665830695440422,,,,
S00,S00,1129,1129,OK,l1.cpss_one_se,l1,cpss_one_se,l1.final_development_selection_frequency,0,,0.6125,0.6124987643455495,0.6607924513478575,0.6467219387755102,1.0,1.0,1.0,0,0.0,0,1.0,1.0,1.0,0,0.0,,,False,,0.6605587176277838,0.009085503848523139,0.669644221476307,4.0,0.9,0.0,0.0
S00,S00,1151,1151,OK,shil.fixed_k.k01,shil,fixed_k,shil.final_ranker_score,1,,0.5910714285714286,0.5910596924018865,0.6560182801611506,0.6503826530612246,0.0,1.0,0.0,1,1.0,0,0.0,1.0,0.0,1,1.0,1.0,0.0,False,,,,,,,,
S00,S00,1151,1151,OK,shil.fixed_k.k02,shil,fixed_k,shil.final_ranker_score,2,,0.5964285714285714,0.5964234237681603,0.6601542225596921,0.6368750000000001,0.0,1.0,0.0,2,1.0,0,0.0,1.0,0.0,2,1.0,2.0,0.0,False,,,,,,,,
S00,S00,1151,1151,OK,shil.fixed_k.k04,shil,fixed_k,shil.final_ranker_score,4,,0.6142857142857143,0.6142857142857143,0.6625783422110301,0.637359693877551,0.0,1.0,0.0,4,1.0,0,0.0,1.0,0.0,4,1.0,4.0,0.0,False,,,,,,,,
S00,S00,1151,1151,OK,shil.fixed_k.k08,shil,fixed_k,shil.final_ranker_score,8,,0.5928571428571429,0.5928519496422149,0.6730010218946293,0.6257908163265307,0.0,1.0,0.0,8,1.0,0,0.0,1.0,0.0,8,1.0,8.0,0.0,False,,,,,,,,
S00,S00,1151,1151,OK,shil.fixed_k.k16,shil,fixed_k,shil.final_ranker_score,16,,0.5714285714285714,0.5714231048865419,0.6759351871459027,0.6216071428571429,0.0,1.0,0.0,16,1.0,0,0.0,1.0,0.0,16,1.0,16.0,0.0,False,,,,,,,,
S00,S00,1151,1151,OK,shil.validation_one_se,shil,validation_one_se,shil.final_ranker_score,1,,0.5910714285714286,0.5910596924018865,0.6560182801611506,0.6503826530612246,0.0,1.0,0.0,1,1.0,0,0.0,1.0,0.0,1,1.0,,0.0,False,1.0,0.6966813523480092,0.012207164561316606,0.7088885169093259,,,,
S00,S00,1151,1151,OK,shil.cpss_one_se,shil,cpss_one_se,shil.final_development_selection_frequency,0,,0.5857142857142857,0.5855821371610845,0.6571959841011826,0.6456505102040817,1.0,1.0,1.0,0,0.0,0,1.0,1.0,1.0,0,0.0,,,False,,0.6957507845278968,0.01183331527300576,0.7075840998009026,4.0,0.9,0.0,0.0
S00,S00,1151,1151,OK,l1.fixed_k.k01,l1,fixed_k,l1.final_ranker_score,1,,0.5875,0.5874355368026254,0.6619165277259076,0.6388775510204082,0.0,1.0,0.0,1,1.0,0,0.0,1.0,0.0,1,1.0,1.0,0.0,False,,,,,,,,
S00,S00,1151,1151,OK,l1.fixed_k.k02,l1,fixed_k,l1.final_ranker_score,2,,0.5857142857142857,0.5856931476095719,0.6639238817716688,0.6378826530612245,0.0,1.0,0.0,2,1.0,0,0.0,1.0,0.0,2,1.0,2.0,0.0,False,,,,,,,,
S00,S00,1151,1151,OK,l1.fixed_k.k04,l1,fixed_k,l1.final_ranker_score,4,,0.5839285714285715,0.5838210762346141,0.6686780711768658,0.6336096938775511,0.0,1.0,0.0,4,1.0,0,0.0,1.0,0.0,4,1.0,4.0,0.0,False,,,,,,,,
S00,S00,1151,1151,OK,l1.fixed_k.k08,l1,fixed_k,l1.final_ranker_score,8,,0.5910714285714286,0.5909657787885264,0.6710208027907386,0.629591836734694,0.0,1.0,0.0,8,1.0,0,0.0,1.0,0.0,8,1.0,8.0,0.0,False,,,,,,,,
S00,S00,1151,1151,OK,l1.fixed_k.k16,l1,fixed_k,l1.final_ranker_score,16,,0.5892857142857143,0.5892804755162693,0.6799649081356277,0.6205484693877552,0.0,1.0,0.0,16,1.0,0,0.0,1.0,0.0,16,1.0,16.0,0.0,False,,,,,,,,
S00,S00,1151,1151,OK,l1.validation_one_se,l1,validation_one_se,l1.final_ranker_score,1,,0.5875,0.5874355368026254,0.6619165277259076,0.6388775510204082,0.0,1.0,0.0,1,1.0,0,0.0,1.0,0.0,1,1.0,,0.0,False,1.0,0.6966813523480092,0.012207164561316606,0.7088885169093259,,,,
S00,S00,1151,1151,OK,l1.cpss_one_se,l1,cpss_one_se,l1.final_development_selection_frequency,0,,0.5857142857142857,0.5855821371610845,0.6571959841011826,0.6456505102040817,1.0,1.0,1.0,0,0.0,0,1.0,1.0,1.0,0,0.0,,,False,,0.6957507845278968,0.01183331527300576,0.7075840998009026,4.0,0.9,0.0,0.0
S00,S00,1171,1171,OK,shil.fixed_k.k01,shil,fixed_k,shil.final_ranker_score,1,,0.5892857142857143,0.5892804755162693,0.686633703682867,0.5906632653061225,0.0,1.0,0.0,1,1.0,0,0.0,1.0,0.0,1,1.0,1.0,0.0,False,,,,,,,,
S00,S00,1171,1171,OK,shil.fixed_k.k02,shil,fixed_k,shil.final_ranker_score,2,,0.5857142857142857,0.5856667219451213,0.6862094708613862,0.5908673469387755,0.0,1.0,0.0,2,1.0,0,0.0,1.0,0.0,2,1.0,2.0,0.0,False,,,,,,,,
S00,S00,1171,1171,OK,shil.fixed_k.k04,shil,fixed_k,shil.final_ranker_score,4,,0.5660714285714286,0.5660368332934704,0.6942826965461446,0.5729719387755102,0.0,1.0,0.0,4,1.0,0,0.0,1.0,0.0,4,1.0,4.0,0.0,False,,,,,,,,
S00,S00,1171,1171,OK,shil.fixed_k.k08,shil,fixed_k,shil.final_ranker_score,8,,0.5660714285714286,0.5660700448662146,0.695326051223453,0.5771173469387755,0.0,1.0,0.0,8,1.0,0,0.0,1.0,0.0,8,1.0,8.0,0.0,False,,,,,,,,
S00,S00,1171,1171,OK,shil.fixed_k.k16,shil,fixed_k,shil.final_ranker_score,16,,0.55,0.5499770396448799,0.7051896496944893,0.567015306122449,0.0,1.0,0.0,16,1.0,0,0.0,1.0,0.0,16,1.0,16.0,0.0,False,,,,,,,,
S00,S00,1171,1171,OK,shil.validation_one_se,shil,validation_one_se,shil.final_ranker_score,1,,0.5892857142857143,0.5892804755162693,0.686633703682867,0.5906632653061225,0.0,1.0,0.0,1,1.0,0,0.0,1.0,0.0,1,1.0,,0.0,False,1.0,0.6748496624132246,0.010120157998028255,0.6833257830798508,,,,
S00,S00,1171,1171,OK,shil.cpss_one_se,shil,cpss_one_se,shil.final_development_selection_frequency,0,,0.5660714285714286,0.5660368332934704,0.6839892354453121,0.5902168367346938,1.0,1.0,1.0,0,0.0,0,1.0,1.0,1.0,0,0.0,,,False,,0.6754025955776884,0.010005357294947044,0.6854079528726355,4.0,0.9,0.0,0.0
S00,S00,1171,1171,OK,l1.fixed_k.k01,l1,fixed_k,l1.final_ranker_score,1,,0.5892857142857143,0.5892804755162693,0.686633703682867,0.5906632653061225,0.0,1.0,0.0,1,1.0,0,0.0,1.0,0.0,1,1.0,1.0,0.0,False,,,,,,,,
S00,S00,1171,1171,OK,l1.fixed_k.k02,l1,fixed_k,l1.final_ranker_score,2,,0.5767857142857142,0.5767843647460611,0.69039277507354,0.5819770408163265,0.0,1.0,0.0,2,1.0,0,0.0,1.0,0.0,2,1.0,2.0,0.0,False,,,,,,,,
S00,S00,1171,1171,OK,l1.fixed_k.k04,l1,fixed_k,l1.final_ranker_score,4,,0.5678571428571428,0.5678516307605965,0.6870902470177518,0.5891581632653061,0.0,1.0,0.0,4,1.0,0,0.0,1.0,0.0,4,1.0,4.0,0.0,False,,,,,,,,
S00,S00,1171,1171,OK,l1.fixed_k.k08,l1,fixed_k,l1.final_ranker_score,8,,0.5660714285714286,0.5660036166365281,0.6905608120144302,0.5851658163265306,0.0,1.0,0.0,8,1.0,0,0.0,1.0,0.0,8,1.0,8.0,0.0,False,,,,,,,,
S00,S00,1171,1171,OK,l1.fixed_k.k16,l1,fixed_k,l1.final_ranker_score,14,,0.5571428571428572,0.5569394109540096,0.6939427800240657,0.585344387755102,0.0,1.0,0.0,14,1.0,0,0.0,1.0,0.0,14,1.0,16.0,2.0,False,,,,,,,,
S00,S00,1171,1171,OK,l1.validation_one_se,l1,validation_one_se,l1.final_ranker_score,1,,0.5892857142857143,0.5892804755162693,0.686633703682867,0.5906632653061225,0.0,1.0,0.0,1,1.0,0,0.0,1.0,0.0,1,1.0,,0.0,False,1.0,0.685378397811204,0.010881280775862763,0.6947210556229141,,,,
S00,S00,1171,1171,OK,l1.cpss_one_se,l1,cpss_one_se,l1.final_development_selection_frequency,0,,0.5660714285714286,0.5660368332934704,0.6839892354453121,0.5902168367346938,1.0,1.0,1.0,0,0.0,0,1.0,1.0,1.0,0,0.0,,,False,,0.6754025955776884,0.010005357294947044,0.6854079528726355,4.0,0.9,0.0,0.0
S00,S00,1181,1181,OK,shil.fixed_k.k01,shil,fixed_k,shil.final_ranker_score,1,,0.5660714285714286,0.5659039361488329,0.6829206324891888,0.5950255102040816,0.0,1.0,0.0,1,1.0,0,0.0,1.0,0.0,1,1.0,1.0,0.0,False,,,,,,,,
S00,S00,1181,1181,OK,shil.fixed_k.k02,shil,fixed_k,shil.final_ranker_score,2,,0.5660714285714286,0.5657598723573993,0.6913869743759812,0.5855229591836735,0.0,1.0,0.0,2,1.0,0,0.0,1.0,0.0,2,1.0,2.0,0.0,False,,,,,,,,
S00,S00,1181,1181,OK,shil.fixed_k.k04,shil,fixed_k,shil.final_ranker_score,4,,0.5446428571428571,0.544525212188097,0.6918917922631936,0.585829081632653,0.0,1.0,0.0,4,1.0,0,0.0,1.0,0.0,4,1.0,4.0,0.0,False,,,,,,,,
S00,S00,1181,1181,OK,shil.fixed_k.k08,shil,fixed_k,shil.final_ranker_score,8,,0.5446428571428571,0.5443973314700843,0.6981139947997854,0.579311224489796,0.0,1.0,0.0,8,1.0,0,0.0,1.0,0.0,8,1.0,8.0,0.0,False,,,,,,,,
S00,S00,1181,1181,OK,shil.fixed_k.k16,shil,fixed_k,shil.final_ranker_score,16,,0.5357142857142857,0.5357083636270872,0.7154653945524415,0.5623469387755102,0.0,1.0,0.0,16,1.0,0,0.0,1.0,0.0,16,1.0,16.0,0.0,False,,,,,,,,
S00,S00,1181,1181,OK,shil.validation_one_se,shil,validation_one_se,shil.final_ranker_score,1,,0.5660714285714286,0.5659039361488329,0.6829206324891888,0.5950255102040816,0.0,1.0,0.0,1,1.0,0,0.0,1.0,0.0,1,1.0,,0.0,False,1.0,0.6896641656803254,0.011965304212607986,0.7019642580894567,,,,
S00,S00,1181,1181,OK,shil.cpss_one_se,shil,cpss_one_se,shil.final_development_selection_frequency,0,,0.5696428571428571,0.5693338651775031,0.6810452477820564,0.5981760204081633,1.0,1.0,1.0,0,0.0,0,1.0,1.0,1.0,0,0.0,,,False,,0.6868733664833856,0.011928674193594275,0.6988020406769798,4.0,0.9,0.0,0.0
S00,S00,1181,1181,OK,l1.fixed_k.k01,l1,fixed_k,l1.final_ranker_score,1,,0.575,0.5747342088805503,0.6794728935839738,0.6004591836734694,0.0,1.0,0.0,1,1.0,0,0.0,1.0,0.0,1,1.0,1.0,0.0,False,,,,,,,,
S00,S00,1181,1181,OK,l1.fixed_k.k02,l1,fixed_k,l1.final_ranker_score,2,,0.5625,0.5618838992332968,0.6862629195001341,0.5889030612244899,0.0,1.0,0.0,2,1.0,0,0.0,1.0,0.0,2,1.0,2.0,0.0,False,,,,,,,,
S00,S00,1181,1181,OK,l1.fixed_k.k04,l1,fixed_k,l1.final_ranker_score,4,,0.5446428571428571,0.5445716964704306,0.6925892688046054,0.5766198979591837,0.0,1.0,0.0,4,1.0,0,0.0,1.0,0.0,4,1.0,4.0,0.0,False,,,,,,,,
S00,S00,1181,1181,OK,l1.fixed_k.k08,l1,fixed_k,l1.final_ranker_score,8,,0.5357142857142857,0.5357083636270872,0.6988807377836275,0.577219387755102,0.0,1.0,0.0,8,1.0,0,0.0,1.0,0.0,8,1.0,8.0,0.0,False,,,,,,,,
S00,S00,1181,1181,OK,l1.fixed_k.k16,l1,fixed_k,l1.final_ranker_score,16,,0.5517857142857143,0.5516699147420092,0.7165659072843326,0.5658801020408163,0.0,1.0,0.0,16,1.0,0,0.0,1.0,0.0,16,1.0,16.0,0.0,False,,,,,,,,
S00,S00,1181,1181,OK,l1.validation_one_se,l1,validation_one_se,l1.final_ranker_score,1,,0.575,0.5747342088805503,0.6794728935839738,0.6004591836734694,0.0,1.0,0.0,1,1.0,0,0.0,1.0,0.0,1,1.0,,0.0,False,1.0,0.6896641656803254,0.011965304212607986,0.7016294698929334,,,,
S00,S00,1181,1181,OK,l1.cpss_one_se,l1,cpss_one_se,l1.final_development_selection_frequency,0,,0.5696428571428571,0.5693338651775031,0.6810452477820564,0.5981760204081633,1.0,1.0,1.0,0,0.0,0,1.0,1.0,1.0,0,0.0,,,False,,0.6868733664833856,0.011928674193594275,0.6988020406769798,4.0,0.9,0.0,0.0
S00,S00,1201,1201,OK,shil.fixed_k.k01,shil,fixed_k,shil.final_ranker_score,1,,0.6107142857142858,0.6107093202719422,0.6581021617527353,0.650280612244898,0.0,1.0,0.0,1,1.0,0,0.0,1.0,0.0,1,1.0,1.0,0.0,False,,,,,,,,
S00,S00,1201,1201,OK,shil.fixed_k.k02,shil,fixed_k,shil.final_ranker_score,2,,0.6017857142857143,0.6017742856140642,0.6594839398553444,0.6455612244897959,0.0,1.0,0.0,2,1.0,0,0.0,1.0,0.0,2,1.0,2.0,0.0,False,,,,,,,,
S00,S00,1201,1201,OK,shil.fixed_k.k04,shil,fixed_k,shil.final_ranker_score,4,,0.5982142857142857,0.5981822530495098,0.6583618165977333,0.646045918367347,0.0,1.0,0.0,4,1.0,0,0.0,1.0,0.0,4,1.0,4.0,0.0,False,,,,,,,,
S00,S00,1201,1201,OK,shil.fixed_k.k08,shil,fixed_k,shil.final_ranker_score,8,,0.5964285714285714,0.5964234237681603,0.6663043337953943,0.6317219387755103,0.0,1.0,0.0,8,1.0,0,0.0,1.0,0.0,8,1.0,8.0,0.0,False,,,,,,,,
S00,S00,1201,1201,OK,shil.fixed_k.k16,shil,fixed_k,shil.final_ranker_score,16,,0.5660714285714286,0.5659039361488329,0.6767604947649118,0.6099872448979592,0.0,1.0,0.0,16,1.0,0,0.0,1.0,0.0,16,1.0,16.0,0.0,False,,,,,,,,
S00,S00,1201,1201,OK,shil.validation_one_se,shil,validation_one_se,shil.final_ranker_score,1,,0.6107142857142858,0.6107093202719422,0.6581021617527353,0.650280612244898,0.0,1.0,0.0,1,1.0,0,0.0,1.0,0.0,1,1.0,,0.0,False,1.0,0.6662996853006778,0.010674461619050186,0.676974146919728,,,,
S00,S00,1201,1201,OK,shil.cpss_one_se,shil,cpss_one_se,shil.final_development_selection_frequency,0,,0.5875,0.5874986846259076,0.6638129323403693,0.6354591836734693,1.0,1.0,1.0,0,0.0,0,1.0,1.0,1.0,0,0.0,,,False,,0.6654292191458903,0.010389867927209116,0.6758190870730993,4.0,0.9,0.0,0.0
S00,S00,1201,1201,OK,l1.fixed_k.k01,l1,fixed_k,l1.final_ranker_score,1,,0.5821428571428572,0.5821215368131027,0.6666021562692326,0.6308035714285715,0.0,1.0,0.0,1,1.0,0,0.0,1.0,0.0,1,1.0,1.0,0.0,False,,,,,,,,
S00,S00,1201,1201,OK,l1.fixed_k.k02,l1,fixed_k,l1.final_ranker_score,2,,0.6142857142857143,0.6142807943978877,0.6610478059815529,0.6460204081632653,0.0,1.0,0.0,2,1.0,0,0.0,1.0,0.0,2,1.0,2.0,0.0,False,,,,,,,,
S00,S00,1201,1201,OK,l1.fixed_k.k04,l1,fixed_k,l1.final_ranker_score,4,,0.6053571428571428,0.6052551838963508,0.6597128366419405,0.642015306122449,0.0,1.0,0.0,4,1.0,0,0.0,1.0,0.0,4,1.0,4.0,0.0,False,,,,,,,,
S00,S00,1201,1201,OK,l1.fixed_k.k08,l1,fixed_k,l1.final_ranker_score,8,,0.5875,0.58746711313083,0.668692324182425,0.6300637755102041,0.0,1.0,0.0,8,1.0,0,0.0,1.0,0.0,8,1.0,8.0,0.0,False,,,,,,,,
S00,S00,1201,1201,OK,l1.fixed_k.k16,l1,fixed_k,l1.final_ranker_score,15,,0.5732142857142857,0.5731475900252272,0.6767899152092448,0.6226020408163265,0.0,1.0,0.0,15,1.0,0,0.0,1.0,0.0,15,1.0,16.0,1.0,False,,,,,,,,
S00,S00,1201,1201,OK,l1.validation_one_se,l1,validation_one_se,l1.final_ranker_score,1,,0.5821428571428572,0.5821215368131027,0.6666021562692326,0.6308035714285715,0.0,1.0,0.0,1,1.0,0,0.0,1.0,0.0,1,1.0,,0.0,False,1.0,0.6686867041954027,0.010851009604226554,0.6799541463738211,,,,
S00,S00,1201,1201,OK,l1.cpss_one_se,l1,cpss_one_se,l1.final_development_selection_frequency,0,,0.5875,0.5874986846259076,0.6638129323403693,0.6354591836734693,1.0,1.0,1.0,0,0.0,0,1.0,1.0,1.0,0,0.0,,,False,,0.6654292191458903,0.010389867927209116,0.6758190870730993,4.0,0.9,0.0,0.0
S00,S00,1213,1213,OK,shil.fixed_k.k01,shil,fixed_k,shil.final_ranker_score,1,,0.5982142857142857,0.5979976454147803,0.6639702614474761,0.6335204081632653,0.0,1.0,0.0,1,1.0,0,0.0,1.0,0.0,1,1.0,1.0,0.0,False,,,,,,,,
S00,S00,1213,1213,OK,shil.fixed_k.k02,shil,fixed_k,shil.final_ranker_score,2,,0.5982142857142857,0.5980592001378082,0.6684377272708157,0.6262372448979592,0.0,1.0,0.0,2,1.0,0,0.0,1.0,0.0,2,1.0,2.0,0.0,False,,,,,,,,
S00,S00,1213,1213,OK,shil.fixed_k.k04,shil,fixed_k,shil.final_ranker_score,4,,0.5803571428571429,0.5803236865183767,0.6697230539123926,0.6239668367346939,0.0,1.0,0.0,4,1.0,0,0.0,1.0,0.0,4,1.0,4.0,0.0,False,,,,,,,,
S00,S00,1213,1213,OK,shil.fixed_k.k08,shil,fixed_k,shil.final_ranker_score,8,,0.5696428571428571,0.5695756033308776,0.6780784277752133,0.6075382653061225,0.0,1.0,0.0,8,1.0,0,0.0,1.0,0.0,8,1.0,8.0,0.0,False,,,,,,,,
S00,S00,1213,1213,OK,shil.fixed_k.k16,shil,fixed_k,shil.final_ranker_score,16,,0.575,0.5748047572865091,0.6917038367743635,0.5914923469387755,0.0,1.0,0.0,16,1.0,0,0.0,1.0,0.0,16,1.0,16.0,0.0,False,,,,,,,,
S00,S00,1213,1213,OK,shil.validation_one_se,shil,validation_one_se,shil.final_ranker_score,1,,0.5982142857142857,0.5979976454147803,0.6639702614474761,0.6335204081632653,0.0,1.0,0.0,1,1.0,0,0.0,1.0,0.0,1,1.0,,0.0,False,1.0,0.6536138594377758,0.009907721871812216,0.663521581309588,,,,
S00,S00,1213,1213,OK,shil.cpss_one_se,shil,cpss_one_se,shil.final_development_selection_frequency,0,,0.6035714285714285,0.6033893114185085,0.6658923115952865,0.632984693877551,1.0,1.0,1.0,0,0.0,0,1.0,1.0,1.0,0,0.0,,,False,,0.6522951368331741,0.009154828938913897,0.661449965772088,4.0,0.9,0.0,0.0
S00,S00,1213,1213,OK,l1.fixed_k.k01,l1,fixed_k,l1.final_ranker_score,1,,0.6017857142857143,0.6017234835800236,0.668891154217462,0.628890306122449,0.0,1.0,0.0,1,1.0,0,0.0,1.0,0.0,1,1.0,1.0,0.0,False,,,,,,,,
S00,S00,1213,1213,OK,l1.fixed_k.k02,l1,fixed_k,l1.final_ranker_score,2,,0.6053571428571428,0.6052551838963508,0.6670024505933162,0.6299362244897959,0.0,1.0,0.0,2,1.0,0,0.0,1.0,0.0,2,1.0,2.0,0.0,False,,,,,,,,
S00,S00,1213,1213,OK,l1.fixed_k.k04,l1,fixed_k,l1.final_ranker_score,4,,0.5982142857142857,0.5982027545433383,0.6750604425655423,0.6185204081632653,0.0,1.0,0.0,4,1.0,0,0.0,1.0,0.0,4,1.0,4.0,0.0,False,,,,,,,,
S00,S00,1213,1213,OK,l1.fixed_k.k08,l1,fixed_k,l1.final_ranker_score,8,,0.5839285714285715,0.5838635501082758,0.6853373852619382,0.6026275510204081,0.0,1.0,0.0,8,1.0,0,0.0,1.0,0.0,8,1.0,8.0,0.0,False,,,,,,,,
S00,S00,1213,1213,OK,l1.fixed_k.k16,l1,fixed_k,l1.final_ranker_score,14,,0.5482142857142858,0.5480975634650531,0.7054128380959073,0.5781377551020408,0.0,1.0,0.0,14,1.0,0,0.0,1.0,0.0,14,1.0,16.0,2.0,False,,,,,,,,
S00,S00,1213,1213,OK,l1.validation_one_se,l1,validation_one_se,l1.final_ranker_score,1,,0.6017857142857143,0.6017234835800236,0.668891154217462,0.628890306122449,0.0,1.0,0.0,1,1.0,0,0.0,1.0,0.0,1,1.0,,0.0,False,1.0,0.6536138594377758,0.009907721871812216,0.663521581309588,,,,
S00,S00,1213,1213,OK,l1.cpss_one_se,l1,cpss_one_se,l1.final_development_selection_frequency,0,,0.6035714285714285,0.6033893114185085,0.6658923115952865,0.632984693877551,1.0,1.0,1.0,0,0.0,0,1.0,1.0,1.0,0,0.0,,,False,,0.6522951368331741,0.009154828938913897,0.661449965772088,4.0,0.9,0.0,0.0
S00,S00,1231,1231,OK,shil.fixed_k.k01,shil,fixed_k,shil.final_ranker_score,1,,0.5714285714285714,0.5714067044236951,0.6775843360670966,0.6017984693877552,0.0,1.0,0.0,1,1.0,0,0.0,1.0,0.0,1,1.0,1.0,0.0,False,,,,,,,,
S00,S00,1231,1231,OK,shil.fixed_k.k02,shil,fixed_k,shil.final_ranker_score,2,,0.5535714285714286,0.5535201745098289,0.6797207902688154,0.5983035714285715,0.0,1.0,0.0,2,1.0,0,0.0,1.0,0.0,2,1.0,2.0,0.0,False,,,,,,,,
S00,S00,1231,1231,OK,shil.fixed_k.k04,shil,fixed_k,shil.final_ranker_score,4,,0.5428571428571428,0.5428571428571428,0.6839657070985696,0.5910204081632653,0.0,1.0,0.0,4,1.0,0,0.0,1.0,0.0,4,1.0,4.0,0.0,False,,,,,,,,
S00,S00,1231,1231,OK,shil.fixed_k.k08,shil,fixed_k,shil.final_ranker_score,8,,0.5517857142857143,0.5517842850264191,0.6915984612577087,0.5763903061224489,0.0,1.0,0.0,8,1.0,0,0.0,1.0,0.0,8,1.0,8.0,0.0,False,,,,,,,,
S00,S00,1231,1231,OK,shil.fixed_k.k16,shil,fixed_k,shil.final_ranker_score,16,,0.5517857142857143,0.5517499800685641,0.699546494890048,0.5751530612244898,0.0,1.0,0.0,16,1.0,0,0.0,1.0,0.0,16,1.0,16.0,0.0,False,,,,,,,,
S00,S00,1231,1231,OK,shil.validation_one_se,shil,validation_one_se,shil.final_ranker_score,1,,0.5714285714285714,0.5714067044236951,0.6775843360670966,0.6017984693877552,0.0,1.0,0.0,1,1.0,0,0.0,1.0,0.0,1,1.0,,0.0,False,1.0,0.6866695555893879,0.010499938348587298,0.6971694939379752,,,,
S00,S00,1231,1231,OK,shil.cpss_one_se,shil,cpss_one_se,shil.final_development_selection_frequency,0,,0.5714285714285714,0.5714067044236951,0.6718223474318256,0.6107142857142857,1.0,1.0,1.0,0,0.0,0,1.0,1.0,1.0,0,0.0,,,False,,0.6845258487511064,0.010087813568341476,0.6946136623194479,4.0,0.9,0.0,0.0
S00,S00,1231,1231,OK,l1.fixed_k.k01,l1,fixed_k,l1.final_ranker_score,1,,0.5714285714285714,0.5714067044236951,0.6775843360670966,0.6017984693877552,0.0,1.0,0.0,1,1.0,0,0.0,1.0,0.0,1,1.0,1.0,0.0,False,,,,,,,,
S00,S00,1231,1231,OK,l1.fixed_k.k02,l1,fixed_k,l1.final_ranker_score,2,,0.5607142857142857,0.5607086825087054,0.6838196188061357,0.5894132653061225,0.0,1.0,0.0,2,1.0,0,0.0,1.0,0.0,2,1.0,2.0,0.0,False,,,,,,,,
S00,S00,1231,1231,OK,l1.fixed_k.k04,l1,fixed_k,l1.final_ranker_score,4,,0.5642857142857143,0.5642801566346509,0.6890057770621111,0.5842729591836735,0.0,1.0,0.0,4,1.0,0,0.0,1.0,0.0,4,1.0,4.0,0.0,False,,,,,,,,
S00,S00,1231,1231,OK,l1.fixed_k.k08,l1,fixed_k,l1.final_ranker_score,8,,0.5642857142857143,0.5642634828307567,0.6858880975495006,0.5921683673469388,0.0,1.0,0.0,8,1.0,0,0.0,1.0,0.0,8,1.0,8.0,0.0,False,,,,,,,,
S00,S00,1231,1231,OK,l1.fixed_k.k16,l1,fixed_k,l1.final_ranker_score,16,,0.5517857142857143,0.5517156698591298,0.7080571158072264,0.5683673469387756,0.0,1.0,0.0,16,1.0,0,0.0,1.0,0.0,16,1.0,16.0,0.0,False,,,,,,,,
S00,S00,1231,1231,OK,l1.validation_one_se,l1,validation_one_se,l1.final_ranker_score,1,,0.5714285714285714,0.5714067044236951,0.6775843360670966,0.6017984693877552,0.0,1.0,0.0,1,1.0,0,0.0,1.0,0.0,1,1.0,,0.0,False,1.0,0.6866695555893879,0.010499938348587298,0.693384095363484,,,,
S00,S00,1231,1231,OK,l1.cpss_one_se,l1,cpss_one_se,l1.final_development_selection_frequency,0,,0.5714285714285714,0.5714067044236951,0.6718223474318256,0.6107142857142857,1.0,1.0,1.0,0,0.0,0,1.0,1.0,1.0,0,0.0,,,False,,0.6845258487511064,0.010087813568341476,0.6946136623194479,4.0,0.9,0.0,0.0
S00,S00,1249,1249,OK,shil.fixed_k.k01,shil,fixed_k,shil.final_ranker_score,1,,0.5482142857142858,0.5481782667623376,0.685177377443309,0.5807015306122448,0.0,1.0,0.0,1,1.0,0,0.0,1.0,0.0,1,1.0,1.0,0.0,False,,,,,,,,
S00,S00,1249,1249,OK,shil.fixed_k.k02,shil,fixed_k,shil.final_ranker_score,2,,0.5410714285714285,0.5410348401498843,0.6882203350588398,0.5739158163265307,0.0,1.0,0.0,2,1.0,0,0.0,1.0,0.0,2,1.0,2.0,0.0,False,,,,,,,,
S00,S00,1249,1249,OK,shil.fixed_k.k04,shil,fixed_k,shil.final_ranker_score,4,,0.5517857142857143,0.5515440399960438,0.6911580047039438,0.5716326530612245,0.0,1.0,0.0,4,1.0,0,0.0,1.0,0.0,4,1.0,4.0,0.0,False,,,,,,,,
S00,S00,1249,1249,OK,shil.fixed_k.k08,shil,fixed_k,shil.final_ranker_score,8,,0.5428571428571428,0.5427113237639554,0.6963317265278525,0.5628826530612245,0.0,1.0,0.0,8,1.0,0,0.0,1.0,0.0,8,1.0,8.0,0.0,False,,,,,,,,
S00,S00,1249,1249,OK,shil.fixed_k.k16,shil,fixed_k,shil.final_ranker_score,16,,0.5482142857142858,0.5474508977196866,0.6993090949608726,0.5747193877551021,0.0,1.0,0.0,16,1.0,0,0.0,1.0,0.0,16,1.0,16.0,0.0,False,,,,,,,,
S00,S00,1249,1249,OK,shil.validation_one_se,shil,validation_one_se,shil.final_ranker_score,1,,0.5482142857142858,0.5481782667623376,0.685177377443309,0.5807015306122448,0.0,1.0,0.0,1,1.0,0,0.0,1.0,0.0,1,1.0,,0.0,False,1.0,0.6660987655205121,0.00962634689863068,0.6749220049571838,,,,
S00,S00,1249,1249,OK,shil.cpss_one_se,shil,cpss_one_se,shil.final_development_selection_frequency,0,,0.5642857142857143,0.5642801566346509,0.67652729080245,0.599515306122449,1.0,1.0,1.0,0,0.0,0,1.0,1.0,1.0,0,0.0,,,False,,0.6642259017906231,0.009377196854305594,0.6736030986449287,4.0,0.9,0.0,0.0
S00,S00,1249,1249,OK,l1.fixed_k.k01,l1,fixed_k,l1.final_ranker_score,1,,0.5482142857142858,0.5481782667623376,0.685177377443309,0.5807015306122448,0.0,1.0,0.0,1,1.0,0,0.0,1.0,0.0,1,1.0,1.0,0.0,False,,,,,,,,
S00,S00,1249,1249,OK,l1.fixed_k.k02,l1,fixed_k,l1.final_ranker_score,2,,0.5482142857142858,0.5481436831647801,0.6850456589389637,0.5825,0.0,1.0,0.0,2,1.0,0,0.0,1.0,0.0,2,1.0,2.0,0.0,False,,,,,,,,
S00,S00,1249,1249,OK,l1.fixed_k.k04,l1,fixed_k,l1.final_ranker_score,4,,0.5446428571428571,0.5443973314700843,0.6901011923803176,0.5759438775510204,0.0,1.0,0.0,4,1.0,0,0.0,1.0,0.0,4,1.0,4.0,0.0,False,,,,,,,,
S00,S00,1249,1249,OK,l1.fixed_k.k08,l1,fixed_k,l1.final_ranker_score,8,,0.5446428571428571,0.544315915436777,0.6809261936248538,0.5894005102040816,0.0,1.0,0.0,8,1.0,0,0.0,1.0,0.0,8,1.0,8.0,0.0,False,,,,,,,,
S00,S00,1249,1249,OK,l1.fixed_k.k16,l1,fixed_k,l1.final_ranker_score,16,,0.5660714285714286,0.5660700448662146,0.6917270471115514,0.5934183673469388,0.0,1.0,0.0,16,1.0,0,0.0,1.0,0.0,16,1.0,16.0,0.0,False,,,,,,,,
S00,S00,1249,1249,OK,l1.validation_one_se,l1,validation_one_se,l1.final_ranker_score,1,,0.5482142857142858,0.5481782667623376,0.685177377443309,0.5807015306122448,0.0,1.0,0.0,1,1.0,0,0.0,1.0,0.0,1,1.0,,0.0,False,1.0,0.6728726281778865,0.010389823067602184,0.6813281251310722,,,,
S00,S00,1249,1249,OK,l1.cpss_one_se,l1,cpss_one_se,l1.final_development_selection_frequency,0,,0.5642857142857143,0.5642801566346509,0.67652729080245,0.599515306122449,1.0,1.0,1.0,0,0.0,0,1.0,1.0,1.0,0,0.0,,,False,,0.6642259017906231,0.009377196854305594,0.6736030986449287,4.0,0.9,0.0,0.0
S00,S00,1277,1277,OK,shil.fixed_k.k01,shil,fixed_k,shil.final_ranker_score,1,,0.6053571428571428,0.6051443539407397,0.6537649567492148,0.661734693877551,0.0,1.0,0.0,1,1.0,0,0.0,1.0,0.0,1,1.0,1.0,0.0,False,,,,,,,,
S00,S00,1277,1277,OK,shil.fixed_k.k02,shil,fixed_k,shil.final_ranker_score,2,,0.6142857142857143,0.6141626794258374,0.6568282217037091,0.652219387755102,0.0,1.0,0.0,2,1.0,0,0.0,1.0,0.0,2,1.0,2.0,0.0,False,,,,,,,,
S00,S00,1277,1277,OK,shil.fixed_k.k04,shil,fixed_k,shil.final_ranker_score,4,,0.6071428571428571,0.6071228123883872,0.6559657273137117,0.6507270408163266,0.0,1.0,0.0,4,1.0,0,0.0,1.0,0.0,4,1.0,4.0,0.0,False,,,,,,,,
S00,S00,1277,1277,OK,shil.fixed_k.k08,shil,fixed_k,shil.final_ranker_score,8,,0.6071428571428571,0.6070175438596491,0.6652817347926447,0.6345408163265307,0.0,1.0,0.0,8,1.0,0,0.0,1.0,0.0,8,1.0,8.0,0.0,False,,,,,,,,
S00,S00,1277,1277,OK,shil.fixed_k.k16,shil,fixed_k,shil.final_ranker_score,16,,0.5910714285714286,0.5910701245858565,0.6765939792923621,0.6188647959183673,0.0,1.0,0.0,16,1.0,0,0.0,1.0,0.0,16,1.0,16.0,0.0,False,,,,,,,,
S00,S00,1277,1277,OK,shil.validation_one_se,shil,validation_one_se,shil.final_ranker_score,1,,0.6053571428571428,0.6051443539407397,0.6537649567492148,0.661734693877551,0.0,1.0,0.0,1,1.0,0,0.0,1.0,0.0,1,1.0,,0.0,False,1.0,0.6557614939746093,0.010304463220864453,0.6660659571954737,,,,
S00,S00,1277,1277,OK,shil.cpss_one_se,shil,cpss_one_se,shil.final_development_selection_frequency,0,,0.6160714285714286,0.615864416729679,0.6531950659670593,0.6641581632653062,1.0,1.0,1.0,0,0.0,0,1.0,1.0,1.0,0,0.0,,,False,,0.6552456360535994,0.010068189127570145,0.6653138251811695,4.0,0.9,0.0,0.0
S00,S00,1277,1277,OK,l1.fixed_k.k01,l1,fixed_k,l1.final_ranker_score,1,,0.6160714285714286,0.615972237727219,0.655115008491809,0.6582397959183672,0.0,1.0,0.0,1,1.0,0,0.0,1.0,0.0,1,1.0,1.0,0.0,False,,,,,,,,
S00,S00,1277,1277,OK,l1.fixed_k.k02,l1,fixed_k,l1.final_ranker_score,2,,0.6053571428571428,0.6052551838963508,0.6598846361391661,0.6480229591836735,0.0,1.0,0.0,2,1.0,0,0.0,1.0,0.0,2,1.0,2.0,0.0,False,,,,,,,,
S00,S00,1277,1277,OK,l1.fixed_k.k04,l1,fixed_k,l1.final_ranker_score,4,,0.625,0.624827727017508,0.6611149031843725,0.6517984693877552,0.0,1.0,0.0,4,1.0,0,0.0,1.0,0.0,4,1.0,4.0,0.0,False,,,,,,,,
S00,S00,1277,1277,OK,l1.fixed_k.k08,l1,fixed_k,l1.final_ranker_score,8,,0.6089285714285714,0.6088973929681895,0.662221665759478,0.6443494897959183,0.0,1.0,0.0,8,1.0,0,0.0,1.0,0.0,8,1.0,8.0,0.0,False,,,,,,,,
S00,S00,1277,1277,OK,l1.fixed_k.k16,l1,fixed_k,l1.final_ranker_score,14,,0.6089285714285714,0.6088973929681895,0.6672242060573295,0.6447321428571429,0.0,1.0,0.0,14,1.0,0,0.0,1.0,0.0,14,1.0,16.0,2.0,False,,,,,,,,
S00,S00,1277,1277,OK,l1.validation_one_se,l1,validation_one_se,l1.final_ranker_score,1,,0.6160714285714286,0.615972237727219,0.655115008491809,0.6582397959183672,0.0,1.0,0.0,1,1.0,0,0.0,1.0,0.0,1,1.0,,0.0,False,1.0,0.6551353579471518,0.010901252042969517,0.6660366099901214,,,,
S00,S00,1277,1277,OK,l1.cpss_one_se,l1,cpss_one_se,l1.final_development_selection_frequency,0,,0.6160714285714286,0.615864416729679,0.6531950659670593,0.6641581632653062,1.0,1.0,1.0,0,0.0,0,1.0,1.0,1.0,0,0.0,,,False,,0.6552456360535994,0.010068189127570145,0.6653138251811695,4.0,0.9,0.0,0.0
S01,S01,1103,1103,OK,shil.fixed_k.k01,shil,fixed_k,shil.final_ranker_score,1,1.0,0.6946428571428571,0.6946340934529371,0.5729170764075682,0.7625000000000001,1.0,0.3333333333333333,0.5,0,0.0,1,1.0,0.3333333333333333,0.5,0,0.0,1.0,0.0,False,,,,,,,,
S01,S01,1103,1103,OK,shil.fixed_k.k02,shil,fixed_k,shil.final_ranker_score,2,1.0,0.8053571428571429,0.8051328219027644,0.4292038154523011,0.8846045918367346,1.0,0.6666666666666666,0.8,0,0.0,2,1.0,0.6666666666666666,0.8,0,0.0,2.0,0.0,False,,,,,,,,
S01,S01,1103,1103,OK,shil.fixed_k.k04,shil,fixed_k,shil.final_ranker_score,4,1.0,0.8910714285714286,0.8910293831484725,0.239908620375092,0.9641836734693878,0.75,1.0,0.8571428571428571,1,0.25,3,0.75,1.0,0.8571428571428571,1,0.25,4.0,0.0,False,,,,,,,,
S01,S01,1103,1103,OK,shil.fixed_k.k08,shil,fixed_k,shil.final_ranker_score,8,1.0,0.8928571428571429,0.8928352725045927,0.2374388104931572,0.9647448979591836,0.375,1.0,0.5454545454545454,5,0.625,3,0.375,1.0,0.5454545454545454,5,0.625,8.0,0.0,False,,,,,,,,
S01,S01,1103,1103,OK,shil.fixed_k.k16,shil,fixed_k,shil.final_ranker_score,16,1.0,0.8910714285714286,0.8910293831484725,0.2451731905364834,0.9632525510204082,0.1875,1.0,0.3157894736842105,13,0.8125,3,0.1875,1.0,0.3157894736842105,13,0.8125,16.0,0.0,False,,,,,,,,
S01,S01,1103,1103,OK,shil.validation_one_se,shil,validation_one_se,shil.final_ranker_score,4,1.0,0.8910714285714286,0.8910293831484725,0.239908620375092,0.9641836734693878,0.75,1.0,0.8571428571428571,1,0.25,3,0.75,1.0,0.8571428571428571,1,0.25,,0.0,False,4.0,0.19605860904710512,0.017024040848422937,0.21308264989552805,,,,
S01,S01,1103,1103,OK,shil.cpss_one_se,shil,cpss_one_se,shil.final_development_selection_frequency,3,1.0,0.8928571428571429,0.8928079220050023,0.2393194913430457,0.9644132653061224,1.0,1.0,1.0,0,0.0,3,1.0,1.0,1.0,0,0.0,,,False,,0.19588845242307157,0.017040878092429303,0.21292933051550086,4.0,0.9,3.0,3.0
S01,S01,1103,1103,OK,l1.fixed_k.k01,l1,fixed_k,l1.final_ranker_score,1,1.0,0.6946428571428571,0.6946340934529371,0.5729170764075682,0.7625000000000001,1.0,0.3333333333333333,0.5,0,0.0,1,1.0,0.3333333333333333,0.5,0,0.0,1.0,0.0,False,,,,,,,,
S01,S01,1103,1103,OK,l1.fixed_k.k02,l1,fixed_k,l1.final_ranker_score,2,1.0,0.8053571428571429,0.8051328219027644,0.4292038154523011,0.8846045918367346,1.0,0.6666666666666666,0.8,0,0.0,2,1.0,0.6666666666666666,0.8,0,0.0,2.0,0.0,False,,,,,,,,
S01,S01,1103,1103,OK,l1.fixed_k.k04,l1,fixed_k,l1.final_ranker_score,4,1.0,0.8910714285714286,0.8910293831484725,0.2407313922992789,0.9639285714285716,0.75,1.0,0.8571428571428571,1,0.25,3,0.75,1.0,0.8571428571428571,1,0.25,4.0,0.0,False,,,,,,,,
S01,S01,1103,1103,OK,l1.fixed_k.k08,l1,fixed_k,l1.final_ranker_score,8,1.0,0.8928571428571429,0.8928079220050023,0.2423228734125698,0.9639413265306122,0.375,1.0,0.5454545454545454,5,0.625,3,0.375,1.0,0.5454545454545454,5,0.625,8.0,0.0,False,,,,,,,,
S01,S01,1103,1103,OK,l1.fixed_k.k16,l1,fixed_k,l1.final_ranker_score,16,1.0,0.8946428571428572,0.8946263925166879,0.2423956900045506,0.9644897959183674,0.1875,1.0,0.3157894736842105,13,0.8125,3,0.1875,1.0,0.3157894736842105,13,0.8125,16.0,0.0,False,,,,,,,,
S01,S01,1103,1103,OK,l1.validation_one_se,l1,validation_one_se,l1.final_ranker_score,4,1.0,0.8910714285714286,0.8910293831484725,0.2407313922992789,0.9639285714285716,0.75,1.0,0.8571428571428571,1,0.25,3,0.75,1.0,0.8571428571428571,1,0.25,,0.0,False,4.0,0.1969008903554947,0.017189271272926295,0.214090161628421,,,,
S01,S01,1103,1103,OK,l1.cpss_one_se,l1,cpss_one_se,l1.final_development_selection_frequency,3,1.0,0.8928571428571429,0.8928079220050023,0.2393194913430457,0.9644132653061224,1.0,1.0,1.0,0,0.0,3,1.0,1.0,1.0,0,0.0,,,False,,0.19588845242307157,0.017040878092429303,0.21292933051550086,4.0,0.9,3.0,3.0
S01,S01,1129,1129,OK,shil.fixed_k.k01,shil,fixed_k,shil.final_ranker_score,1,1.0,0.6660714285714285,0.6660192440783158,0.5760721265433865,0.7659948979591836,1.0,0.3333333333333333,0.5,0,0.0,1,1.0,0.3333333333333333,0.5,0,0.0,1.0,0.0,False,,,,,,,,
S01,S01,1129,1129,OK,shil.fixed_k.k02,shil,fixed_k,shil.final_ranker_score,2,1.0,0.8,0.7998749218261414,0.4253475918590162,0.8895280612244898,1.0,0.6666666666666666,0.8,0,0.0,2,1.0,0.6666666666666666,0.8,0,0.0,2.0,0.0,False,,,,,,,,
S01,S01,1129,1129,OK,shil.fixed_k.k04,shil,fixed_k,shil.final_ranker_score,4,1.0,0.8875,0.8874824191279886,0.23482704384961,0.9661607142857144,0.75,1.0,0.8571428571428571,1,0.25,3,0.75,1.0,0.8571428571428571,1,0.25,4.0,0.0,False,,,,,,,,
S01,S01,1129,1129,OK,shil.fixed_k.k08,shil,fixed_k,shil.final_ranker_score,8,1.0,0.8928571428571429,0.8928448418823589,0.2351024805759347,0.9662372448979591,0.375,1.0,0.5454545454545454,5,0.625,3,0.375,1.0,0.5454545454545454,5,0.625,8.0,0.0,False,,,,,,,,
S01,S01,1129,1129,OK,shil.fixed_k.k16,shil,fixed_k,shil.final_ranker_score,16,1.0,0.8910714285714286,0.8910627441600893,0.2449288243014588,0.9634948979591836,0.1875,1.0,0.3157894736842105,13,0.8125,3,0.1875,1.0,0.3157894736842105,13,0.8125,16.0,0.0,False,,,,,,,,
S01,S01,1129,1129,OK,shil.validation_one_se,shil,validation_one_se,shil.final_ranker_score,4,1.0,0.8875,0.8874824191279886,0.23482704384961,0.9661607142857144,0.75,1.0,0.8571428571428571,1,0.25,3,0.75,1.0,0.8571428571428571,1,0.25,,0.0,False,4.0,0.21825037129780722,0.017104833561096804,0.23300191184124774,,,,
S01,S01,1129,1129,OK,shil.cpss_one_se,shil,cpss_one_se,shil.final_development_selection_frequency,3,1.0,0.8910714285714286,0.8910544058223383,0.2322860724842293,0.9669132653061224,1.0,1.0,1.0,0,0.0,3,1.0,1.0,1.0,0,0.0,,,False,,0.2170452832303826,0.016894197760742306,0.2339394809911249,4.0,0.9,3.0,3.0
S01,S01,1129,1129,OK,l1.fixed_k.k01,l1,fixed_k,l1.final_ranker_score,1,1.0,0.6660714285714285,0.6660192440783158,0.5760721265433865,0.7659948979591836,1.0,0.3333333333333333,0.5,0,0.0,1,1.0,0.3333333333333333,0.5,0,0.0,1.0,0.0,False,,,,,,,,
S01,S01,1129,1129,OK,l1.fixed_k.k02,l1,fixed_k,l1.final_ranker_score,2,1.0,0.8,0.7998749218261414,0.4253475918590162,0.8895280612244898,1.0,0.6666666666666666,0.8,0,0.0,2,1.0,0.6666666666666666,0.8,0,0.0,2.0,0.0,False,,,,,,,,
S01,S01,1129,1129,OK,l1.fixed_k.k04,l1,fixed_k,l1.final_ranker_score,4,1.0,0.8928571428571429,0.8928352725045927,0.2325919210234885,0.9667729591836736,0.75,1.0,0.8571428571428571,1,0.25,3,0.75,1.0,0.8571428571428571,1,0.25,4.0,0.0,False,,,,,,,,
S01,S01,1129,1129,OK,l1.fixed_k.k08,l1,fixed_k,l1.final_ranker_score,8,1.0,0.8982142857142857,0.8981879886067511,0.2378138862229749,0.9653954081632654,0.375,1.0,0.5454545454545454,5,0.625,3,0.375,1.0,0.5454545454545454,5,0.625,8.0,0.0,False,,,,,,,,
S01,S01,1129,1129,OK,l1.fixed_k.k16,l1,fixed_k,l1.final_ranker_score,16,1.0,0.8892857142857142,0.8892800653094546,0.2565525457515741,0.9588647959183676,0.1875,1.0,0.3157894736842105,13,0.8125,3,0.1875,1.0,0.3157894736842105,13,0.8125,16.0,0.0,False,,,,,,,,
S01,S01,1129,1129,OK,l1.validation_one_se,l1,validation_one_se,l1.final_ranker_score,4,1.0,0.8928571428571429,0.8928352725045927,0.2325919210234885,0.9667729591836736,0.75,1.0,0.8571428571428571,1,0.25,3,0.75,1.0,0.8571428571428571,1,0.25,,0.0,False,4.0,0.2218311545682609,0.01743982783484139,0.2392709824031023,,,,
S01,S01,1129,1129,OK,l1.cpss_one_se,l1,cpss_one_se,l1.final_development_selection_frequency,3,1.0,0.8910714285714286,0.8910544058223383,0.2322860724842293,0.9669132653061224,1.0,1.0,1.0,0,0.0,3,1.0,1.0,1.0,0,0.0,,,False,,0.2170452832303826,0.016894197760742306,0.2339394809911249,4.0,0.9,3.0,3.0
S01,S01,1151,1151,OK,shil.fixed_k.k01,shil,fixed_k,shil.final_ranker_score,1,1.0,0.6785714285714286,0.6780745793891082,0.5650602243390519,0.7668877551020408,1.0,0.3333333333333333,0.5,0,0.0,1,1.0,0.3333333333333333,0.5,0,0.0,1.0,0.0,False,,,,,,,,
S01,S01,1151,1151,OK,shil.fixed_k.k02,shil,fixed_k,shil.final_ranker_score,2,1.0,0.8142857142857143,0.8142478056746275,0.4139886887872513,0.8915051020408162,1.0,0.6666666666666666,0.8,0,0.0,2,1.0,0.6666666666666666,0.8,0,0.0,2.0,0.0,False,,,,,,,,
S01,S01,1151,1151,OK,shil.fixed_k.k04,shil,fixed_k,shil.final_ranker_score,4,1.0,0.9,0.8999183006535948,0.2025715359480032,0.97625,0.75,1.0,0.8571428571428571,1,0.25,3,0.75,1.0,0.8571428571428571,1,0.25,4.0,0.0,False,,,,,,,,
S01,S01,1151,1151,OK,shil.fixed_k.k08,shil,fixed_k,shil.final_ranker_score,8,1.0,0.9,0.8999374609130707,0.2005575157108453,0.976670918367347,0.375,1.0,0.5454545454545454,5,0.625,3,0.375,1.0,0.5454545454545454,5,0.625,8.0,0.0,False,,,,,,,,
S01,S01,1151,1151,OK,shil.fixed_k.k16,shil,fixed_k,shil.final_ranker_score,16,1.0,0.9035714285714286,0.9035111230233182,0.2070095221758065,0.9753826530612244,0.1875,1.0,0.3157894736842105,13,0.8125,3,0.1875,1.0,0.3157894736842105,13,0.8125,16.0,0.0,False,,,,,,,,
S01,S01,1151,1151,OK,shil.validation_one_se,shil,validation_one_se,shil.final_ranker_score,4,1.0,0.9,0.8999183006535948,0.2025715359480032,0.97625,0.75,1.0,0.8571428571428571,1,0.25,3,0.75,1.0,0.8571428571428571,1,0.25,,0.0,False,4.0,0.19063784944537143,0.015527448438249283,0.20569806320840514,,,,
S01,S01,1151,1151,OK,shil.cpss_one_se,shil,cpss_one_se,shil.final_development_selection_frequency,3,1.0,0.9,0.8999183006535948,0.2028318169696568,0.9761352040816328,1.0,1.0,1.0,0,0.0,3,1.0,1.0,1.0,0,0.0,,,False,,0.19060021614454895,0.015502395681525716,0.20610261182607467,4.0,0.9,3.0,3.0
S01,S01,1151,1151,OK,l1.fixed_k.k01,l1,fixed_k,l1.final_ranker_score,1,1.0,0.6785714285714286,0.6780745793891082,0.5650602243390519,0.7668877551020408,1.0,0.3333333333333333,0.5,0,0.0,1,1.0,0.3333333333333333,0.5,0,0.0,1.0,0.0,False,,,,,,,,
S01,S01,1151,1151,OK,l1.fixed_k.k02,l1,fixed_k,l1.final_ranker_score,2,1.0,0.8142857142857143,0.8142478056746275,0.4139886887872513,0.8915051020408162,1.0,0.6666666666666666,0.8,0,0.0,2,1.0,0.6666666666666666,0.8,0,0.0,2.0,0.0,False,,,,,,,,
S01,S01,1151,1151,OK,l1.fixed_k.k04,l1,fixed_k,l1.final_ranker_score,4,1.0,0.8982142857142857,0.8981203979432577,0.2050866555916531,0.9755102040816328,0.75,1.0,0.8571428571428571,1,0.25,3,0.75,1.0,0.8571428571428571,1,0.25,4.0,0.0,False,,,,,,,,
S01,S01,1151,1151,OK,l1.fixed_k.k08,l1,fixed_k,l1.final_ranker_score,8,1.0,0.9017857142857144,0.9017327577680574,0.2199898545281493,0.9720280612244898,0.375,1.0,0.5454545454545454,5,0.625,3,0.375,1.0,0.5454545454545454,5,0.625,8.0,0.0,False,,,,,,,,
S01,S01,1151,1151,OK,l1.fixed_k.k16,l1,fixed_k,l1.final_ranker_score,16,1.0,0.9017857142857144,0.9016951208224416,0.22516867290236,0.970561224489796,0.1875,1.0,0.3157894736842105,13,0.8125,3,0.1875,1.0,0.3157894736842105,13,0.8125,16.0,0.0,False,,,,,,,,
S01,S01,1151,1151,OK,l1.validation_one_se,l1,validation_one_se,l1.final_ranker_score,4,1.0,0.8982142857142857,0.8981203979432577,0.2050866555916531,0.9755102040816328,0.75,1.0,0.8571428571428571,1,0.25,3,0.75,1.0,0.8571428571428571,1,0.25,,0.0,False,4.0,0.19557626171083844,0.016134407447029694,0.21142286095084678,,,,
S01,S01,1151,1151,OK,l1.cpss_one_se,l1,cpss_one_se,l1.final_development_selection_frequency,3,1.0,0.9,0.8999183006535948,0.2028318169696568,0.9761352040816328,1.0,1.0,1.0,0,0.0,3,1.0,1.0,1.0,0,0.0,,,False,,0.19060021614454895,0.015502395681525716,0.20610261182607467,4.0,0.9,3.0,3.0
S01,S01,1171,1171,OK,shil.fixed_k.k01,shil,fixed_k,shil.final_ranker_score,1,1.0,0.6928571428571428,0.6927160430810066,0.5499642751131765,0.7813647959183673,1.0,0.3333333333333333,0.5,0,0.0,1,1.0,0.3333333333333333,0.5,0,0.0,1.0,0.0,False,,,,,,,,
S01,S01,1171,1171,OK,shil.fixed_k.k02,shil,fixed_k,shil.final_ranker_score,2,1.0,0.7821428571428571,0.7821428571428571,0.4167884018573604,0.8867857142857143,1.0,0.6666666666666666,0.8,0,0.0,2,1.0,0.6666666666666666,0.8,0,0.0,2.0,0.0,False,,,,,,,,
S01,S01,1171,1171,OK,shil.fixed_k.k04,shil,fixed_k,shil.final_ranker_score,4,1.0,0.8785714285714286,0.8785698797178535,0.2552654118391457,0.9593877551020408,0.75,1.0,0.8571428571428571,1,0.25,3,0.75,1.0,0.8571428571428571,1,0.25,4.0,0.0,False,,,,,,,,
S01,S01,1171,1171,OK,shil.fixed_k.k08,shil,fixed_k,shil.final_ranker_score,8,1.0,0.8767857142857143,0.8767821780599571,0.2582132135561057,0.9586352040816326,0.375,1.0,0.5454545454545454,5,0.625,3,0.375,1.0,0.5454545454545454,5,0.625,8.0,0.0,False,,,,,,,,
S01,S01,1171,1171,OK,shil.fixed_k.k16,shil,fixed_k,shil.final_ranker_score,16,1.0,0.8767857142857143,0.8767821780599571,0.2550780606965924,0.959158163265306,0.1875,1.0,0.3157894736842105,13,0.8125,3,0.1875,1.0,0.3157894736842105,13,0.8125,16.0,0.0,False,,,,,,,,
S01,S01,1171,1171,OK,shil.validation_one_se,shil,validation_one_se,shil.final_ranker_score,4,1.0,0.8785714285714286,0.8785698797178535,0.2552654118391457,0.9593877551020408,0.75,1.0,0.8571428571428571,1,0.25,3,0.75,1.0,0.8571428571428571,1,0.25,,0.0,False,4.0,0.20921154741292475,0.017648941044327925,0.22686048845725268,,,,
S01,S01,1171,1171,OK,shil.cpss_one_se,shil,cpss_one_se,shil.final_development_selection_frequency,3,1.0,0.875,0.874998405591908,0.2527016766568195,0.9602168367346938,1.0,1.0,1.0,0,0.0,3,1.0,1.0,1.0,0,0.0,,,False,,0.20834901270711914,0.017617046951170653,0.2259660596582898,4.0,0.9,3.0,3.0
S01,S01,1171,1171,OK,l1.fixed_k.k01,l1,fixed_k,l1.final_ranker_score,1,1.0,0.6928571428571428,0.6927160430810066,0.5499642751131765,0.7813647959183673,1.0,0.3333333333333333,0.5,0,0.0,1,1.0,0.3333333333333333,0.5,0,0.0,1.0,0.0,False,,,,,,,,
S01,S01,1171,1171,OK,l1.fixed_k.k02,l1,fixed_k,l1.final_ranker_score,2,1.0,0.7821428571428571,0.7821428571428571,0.4167884018573604,0.8867857142857143,1.0,0.6666666666666666,0.8,0,0.0,2,1.0,0.6666666666666666,0.8,0,0.0,2.0,0.0,False,,,,,,,,
S01,S01,1171,1171,OK,l1.fixed_k.k04,l1,fixed_k,l1.final_ranker_score,4,1.0,0.8785714285714286,0.878565232920047,0.2556603210539376,0.9594897959183672,0.75,1.0,0.8571428571428571,1,0.25,3,0.75,1.0,0.8571428571428571,1,0.25,4.0,0.0,False,,,,,,,,
S01,S01,1171,1171,OK,l1.fixed_k.k08,l1,fixed_k,l1.final_ranker_score,8,1.0,0.8785714285714286,0.8785714285714286,0.2689139323947688,0.9558928571428572,0.375,1.0,0.5454545454545454,5,0.625,3,0.375,1.0,0.5454545454545454,5,0.625,8.0,0.0,False,,,,,,,,
S01,S01,1171,1171,OK,l1.fixed_k.k16,l1,fixed_k,l1.final_ranker_score,16,1.0,0.8839285714285714,0.8839282013016623,0.2701746925355718,0.9561989795918368,0.1875,1.0,0.3157894736842105,13,0.8125,3,0.1875,1.0,0.3157894736842105,13,0.8125,16.0,0.0,False,,,,,,,,
S01,S01,1171,1171,OK,l1.validation_one_se,l1,validation_one_se,l1.final_ranker_score,4,1.0,0.8785714285714286,0.878565232920047,0.2556603210539376,0.9594897959183672,0.75,1.0,0.8571428571428571,1,0.25,3,0.75,1.0,0.8571428571428571,1,0.25,,0.0,False,4.0,0.21040356810670308,0.018056785387535756,0.22846035349423882,,,,
S01,S01,1171,1171,OK,l1.cpss_one_se,l1,cpss_one_se,l1.final_development_selection_frequency,3,1.0,0.875,0.874998405591908,0.2527016766568195,0.9602168367346938,1.0,1.0,1.0,0,0.0,3,1.0,1.0,1.0,0,0.0,,,False,,0.20834901270711914,0.017617046951170653,0.2259660596582898,4.0,0.9,3.0,3.0
S01,S01,1181,1181,OK,shil.fixed_k.k01,shil,fixed_k,shil.final_ranker_score,1,1.0,0.6517857142857143,0.6516957504967802,0.5890089353165363,0.7363775510204081,1.0,0.3333333333333333,0.5,0,0.0,1,1.0,0.3333333333333333,0.5,0,0.0,1.0,0.0,False,,,,,,,,
S01,S01,1181,1181,OK,shil.fixed_k.k02,shil,fixed_k,shil.final_ranker_score,2,1.0,0.7767857142857143,0.7766653585637668,0.4441159707189682,0.869030612244898,1.0,0.6666666666666666,0.8,0,0.0,2,1.0,0.6666666666666666,0.8,0,0.0,2.0,0.0,False,,,,,,,,
S01,S01,1181,1181,OK,shil.fixed_k.k04,shil,fixed_k,shil.final_ranker_score,4,1.0,0.9035714285714286,0.9035714285714286,0.2231850717938432,0.9695153061224488,0.75,1.0,0.8571428571428571,1,0.25,3,0.75,1.0,0.8571428571428571,1,0.25,4.0,0.0,False,,,,,,,,
S01,S01,1181,1181,OK,shil.fixed_k.k08,shil,fixed_k,shil.final_ranker_score,8,1.0,0.9017857142857144,0.9017854011014066,0.2248741489711687,0.9690816326530614,0.375,1.0,0.5454545454545454,5,0.625,3,0.375,1.0,0.5454545454545454,5,0.625,8.0,0.0,False,,,,,,,,
S01,S01,1181,1181,OK,shil.fixed_k.k16,shil,fixed_k,shil.final_ranker_score,16,1.0,0.8964285714285715,0.8964232869023929,0.2302971579079015,0.9674107142857143,0.1875,1.0,0.3157894736842105,13,0.8125,3,0.1875,1.0,0.3157894736842105,13,0.8125,16.0,0.0,False,,,,,,,,
S01,S01,1181,1181,OK,shil.validation_one_se,shil,validation_one_se,shil.final_ranker_score,4,1.0,0.9035714285714286,0.9035714285714286,0.2231850717938432,0.9695153061224488,0.75,1.0,0.8571428571428571,1,0.25,3,0.75,1.0,0.8571428571428571,1,0.25,,0.0,False,4.0,0.19447570099060912,0.016452321957316884,0.210928022947926,,,,
S01,S01,1181,1181,OK,shil.cpss_one_se,shil,cpss_one_se,shil.final_development_selection_frequency,3,1.0,0.9017857142857144,0.9017854011014066,0.2200383750522146,0.9701147959183672,1.0,1.0,1.0,0,0.0,3,1.0,1.0,1.0,0,0.0,,,False,,0.19389601663030545,0.01629025379946698,0.21018627042977242,4.0,0.9,3.0,3.0
S01,S01,1181,1181,OK,l1.fixed_k.k01,l1,fixed_k,l1.final_ranker_score,1,1.0,0.6517857142857143,0.6516957504967802,0.5890089353165363,0.7363775510204081,1.0,0.3333333333333333,0.5,0,0.0,1,1.0,0.3333333333333333,0.5,0,0.0,1.0,0.0,False,,,,,,,,
S01,S01,1181,1181,OK,l1.fixed_k.k02,l1,fixed_k,l1.final_ranker_score,2,1.0,0.7767857142857143,0.7766653585637668,0.4441159707189682,0.869030612244898,1.0,0.6666666666666666,0.8,0,0.0,2,1.0,0.6666666666666666,0.8,0,0.0,2.0,0.0,False,,,,,,,,
S01,S01,1181,1181,OK,l1.fixed_k.k04,l1,fixed_k,l1.final_ranker_score,4,1.0,0.8964285714285715,0.896427250347581,0.2257271949774277,0.9684948979591836,0.75,1.0,0.8571428571428571,1,0.25,3,0.75,1.0,0.8571428571428571,1,0.25,4.0,0.0,False,,,,,,,,
S01,S01,1181,1181,OK,l1.fixed_k.k08,l1,fixed_k,l1.final_ranker_score,8,1.0,0.8839285714285714,0.8839252402014088,0.2372495377657434,0.9653188775510204,0.375,1.0,0.5454545454545454,5,0.625,3,0.375,1.0,0.5454545454545454,5,0.625,8.0,0.0,False,,,,,,,,
S01,S01,1181,1181,OK,l1.fixed_k.k16,l1,fixed_k,l1.final_ranker_score,16,1.0,0.8857142857142857,0.8857142857142857,0.2580361842233897,0.9601147959183672,0.1875,1.0,0.3157894736842105,13,0.8125,3,0.1875,1.0,0.3157894736842105,13,0.8125,16.0,0.0,False,,,,,,,,
S01,S01,1181,1181,OK,l1.validation_one_se,l1,validation_one_se,l1.final_ranker_score,4,1.0,0.8964285714285715,0.896427250347581,0.2257271949774277,0.9684948979591836,0.75,1.0,0.8571428571428571,1,0.25,3,0.75,1.0,0.8571428571428571,1,0.25,,0.0,False,4.0,0.1939129200933656,0.016278005878398196,0.2101909259717638,,,,
S01,S01,1181,1181,OK,l1.cpss_one_se,l1,cpss_one_se,l1.final_development_selection_frequency,3,1.0,0.9017857142857144,0.9017854011014066,0.2200383750522146,0.9701147959183672,1.0,1.0,1.0,0,0.0,3,1.0,1.0,1.0,0,0.0,,,False,,0.19389601663030545,0.01629025379946698,0.21018627042977242,4.0,0.9,3.0,3.0
S01,S01,1201,1201,OK,shil.fixed_k.k01,shil,fixed_k,shil.final_ranker_score,1,1.0,0.7035714285714286,0.7033860448494595,0.5529027404717752,0.7880739795918367,1.0,0.3333333333333333,0.5,0,0.0,1,1.0,0.3333333333333333,0.5,0,0.0,1.0,0.0,False,,,,,,,,
S01,S01,1201,1201,OK,shil.fixed_k.k02,shil,fixed_k,shil.final_ranker_score,2,1.0,0.8339285714285715,0.833915331260464,0.3988498567463786,0.9045280612244898,1.0,0.6666666666666666,0.8,0,0.0,2,1.0,0.6666666666666666,0.8,0,0.0,2.0,0.0,False,,,,,,,,
S01,S01,1201,1201,OK,shil.fixed_k.k04,shil,fixed_k,shil.final_ranker_score,4,1.0,0.9053571428571427,0.9052891902672516,0.2163402763030175,0.9715816326530612,0.75,1.0,0.8571428571428571,1,0.25,3,0.75,1.0,0.8571428571428571,1,0.25,4.0,0.0,False,,,,,,,,
S01,S01,1201,1201,OK,shil.fixed_k.k08,shil,fixed_k,shil.final_ranker_score,8,1.0,0.9071428571428573,0.907100199071002,0.2192007020336663,0.9703188775510204,0.375,1.0,0.5454545454545454,5,0.625,3,0.375,1.0,0.5454545454545454,5,0.625,8.0,0.0,False,,,,,,,,
S01,S01,1201,1201,OK,shil.fixed_k.k16,shil,fixed_k,shil.final_ranker_score,16,1.0,0.9142857142857144,0.9142583732057415,0.2145280168826565,0.9717857142857144,0.1875,1.0,0.3157894736842105,13,0.8125,3,0.1875,1.0,0.3157894736842105,13,0.8125,16.0,0.0,False,,,,,,,,
S01,S01,1201,1201,OK,shil.validation_one_se,shil,validation_one_se,shil.final_ranker_score,4,1.0,0.9053571428571427,0.9052891902672516,0.2163402763030175,0.9715816326530612,0.75,1.0,0.8571428571428571,1,0.25,3,0.75,1.0,0.8571428571428571,1,0.25,,0.0,False,4.0,0.24761303832458026,0.019569530941778563,0.2671825692663588,,,,
S01,S01,1201,1201,OK,shil.cpss_one_se,shil,cpss_one_se,shil.final_development_selection_frequency,3,1.0,0.9053571428571427,0.9052891902672516,0.2162311839368501,0.9716198979591836,1.0,1.0,1.0,0,0.0,3,1.0,1.0,1.0,0,0.0,,,False,,0.24741619279209318,0.019559559114540093,0.26697575190663325,4.0,0.9,3.0,3.0
S01,S01,1201,1201,OK,l1.fixed_k.k01,l1,fixed_k,l1.final_ranker_score,1,1.0,0.7035714285714286,0.7033860448494595,0.5529027404717752,0.7880739795918367,1.0,0.3333333333333333,0.5,0,0.0,1,1.0,0.3333333333333333,0.5,0,0.0,1.0,0.0,False,,,,,,,,
S01,S01,1201,1201,OK,l1.fixed_k.k02,l1,fixed_k,l1.final_ranker_score,2,1.0,0.8339285714285715,0.833915331260464,0.3988498567463786,0.9045280612244898,1.0,0.6666666666666666,0.8,0,0.0,2,1.0,0.6666666666666666,0.8,0,0.0,2.0,0.0,False,,,,,,,,
S01,S01,1201,1201,OK,l1.fixed_k.k04,l1,fixed_k,l1.final_ranker_score,4,1.0,0.8964285714285715,0.8963809912715022,0.2247221002716088,0.9686989795918368,0.75,1.0,0.8571428571428571,1,0.25,3,0.75,1.0,0.8571428571428571,1,0.25,4.0,0.0,False,,,,,,,,
S01,S01,1201,1201,OK,l1.fixed_k.k08,l1,fixed_k,l1.final_ranker_score,8,1.0,0.8946428571428572,0.894586049242098,0.231636363203405,0.966670918367347,0.375,1.0,0.5454545454545454,5,0.625,3,0.375,1.0,0.5454545454545454,5,0.625,8.0,0.0,False,,,,,,,,
S01,S01,1201,1201,OK,l1.fixed_k.k16,l1,fixed_k,l1.final_ranker_score,16,1.0,0.8875,0.8874709347758828,0.2374718718626036,0.9653188775510204,0.1875,1.0,0.3157894736842105,13,0.8125,3,0.1875,1.0,0.3157894736842105,13,0.8125,16.0,0.0,False,,,,,,,,
S01,S01,1201,1201,OK,l1.validation_one_se,l1,validation_one_se,l1.final_ranker_score,4,1.0,0.8964285714285715,0.8963809912715022,0.2247221002716088,0.9686989795918368,0.75,1.0,0.8571428571428571,1,0.25,3,0.75,1.0,0.8571428571428571,1,0.25,,0.0,False,4.0,0.24957157520677314,0.019839943840677457,0.2694115190474506,,,,
S01,S01,1201,1201,OK,l1.cpss_one_se,l1,cpss_one_se,l1.final_development_selection_frequency,3,1.0,0.9053571428571427,0.9052891902672516,0.2162311839368501,0.9716198979591836,1.0,1.0,1.0,0,0.0,3,1.0,1.0,1.0,0,0.0,,,False,,0.24741619279209318,0.019559559114540093,0.26697575190663325,4.0,0.9,3.0,3.0
S01,S01,1213,1213,OK,shil.fixed_k.k01,shil,fixed_k,shil.final_ranker_score,1,1.0,0.6767857142857143,0.6767764380993078,0.5759662466371406,0.7554464285714286,1.0,0.3333333333333333,0.5,0,0.0,1,1.0,0.3333333333333333,0.5,0,0.0,1.0,0.0,False,,,,,,,,
S01,S01,1213,1213,OK,shil.fixed_k.k02,shil,fixed_k,shil.final_ranker_score,2,1.0,0.825,0.8249441786283891,0.3761674100340593,0.9123596938775512,1.0,0.6666666666666666,0.8,0,0.0,2,1.0,0.6666666666666666,0.8,0,0.0,2.0,0.0,False,,,,,,,,
S01,S01,1213,1213,OK,shil.fixed_k.k04,shil,fixed_k,shil.final_ranker_score,4,1.0,0.9017857142857144,0.9017828955550382,0.2326650582351712,0.9666454081632652,0.75,1.0,0.8571428571428571,1,0.25,3,0.75,1.0,0.8571428571428571,1,0.25,4.0,0.0,False,,,,,,,,
S01,S01,1213,1213,OK,shil.fixed_k.k08,shil,fixed_k,shil.final_ranker_score,8,1.0,0.9017857142857144,0.9017854011014066,0.2308152516523368,0.9669770408163264,0.375,1.0,0.5454545454545454,5,0.625,3,0.375,1.0,0.5454545454545454,5,0.625,8.0,0.0,False,,,,,,,,
S01,S01,1213,1213,OK,shil.fixed_k.k16,shil,fixed_k,shil.final_ranker_score,16,1.0,0.8982142857142857,0.8982113644843124,0.2300661681525387,0.9674617346938776,0.1875,1.0,0.3157894736842105,13,0.8125,3,0.1875,1.0,0.3157894736842105,13,0.8125,16.0,0.0,False,,,,,,,,
S01,S01,1213,1213,OK,shil.validation_one_se,shil,validation_one_se,shil.final_ranker_score,4,1.0,0.9017857142857144,0.9017828955550382,0.2326650582351712,0.9666454081632652,0.75,1.0,0.8571428571428571,1,0.25,3,0.75,1.0,0.8571428571428571,1,0.25,,0.0,False,4.0,0.19523129679211212,0.016399779988263603,0.21163107678037574,,,,
S01,S01,1213,1213,OK,shil.cpss_one_se,shil,cpss_one_se,shil.final_development_selection_frequency,3,1.0,0.9,0.8999987244735265,0.2320514846363528,0.9664923469387756,1.0,1.0,1.0,0,0.0,3,1.0,1.0,1.0,0,0.0,,,False,,0.19489258774981377,0.01626143119255666,0.21115401894237043,4.0,0.9,3.0,3.0
S01,S01,1213,1213,OK,l1.fixed_k.k01,l1,fixed_k,l1.final_ranker_score,1,1.0,0.6767857142857143,0.6767764380993078,0.5759662466371406,0.7554464285714286,1.0,0.3333333333333333,0.5,0,0.0,1,1.0,0.3333333333333333,0.5,0,0.0,1.0,0.0,False,,,,,,,,
S01,S01,1213,1213,OK,l1.fixed_k.k02,l1,fixed_k,l1.final_ranker_score,2,1.0,0.825,0.8249441786283891,0.3761674100340593,0.9123596938775512,1.0,0.6666666666666666,0.8,0,0.0,2,1.0,0.6666666666666666,0.8,0,0.0,2.0,0.0,False,,,,,,,,
S01,S01,1213,1213,OK,l1.fixed_k.k04,l1,fixed_k,l1.final_ranker_score,4,1.0,0.8964285714285715,0.896427250347581,0.2309324072420501,0.966454081632653,0.75,1.0,0.8571428571428571,1,0.25,3,0.75,1.0,0.8571428571428571,1,0.25,4.0,0.0,False,,,,,,,,
S01,S01,1213,1213,OK,l1.fixed_k.k08,l1,fixed_k,l1.final_ranker_score,8,1.0,0.9089285714285714,0.9089282810213042,0.2247035406605406,0.9689285714285716,0.375,1.0,0.5454545454545454,5,0.625,3,0.375,1.0,0.5454545454545454,5,0.625,8.0,0.0,False,,,,,,,,
S01,S01,1213,1213,OK,l1.fixed_k.k16,l1,fixed_k,l1.final_ranker_score,16,1.0,0.8964285714285715,0.896427250347581,0.2399550408946784,0.964783163265306,0.1875,1.0,0.3157894736842105,13,0.8125,3,0.1875,1.0,0.3157894736842105,13,0.8125,16.0,0.0,False,,,,,,,,
S01,S01,1213,1213,OK,l1.validation_one_se,l1,validation_one_se,l1.final_ranker_score,4,1.0,0.8964285714285715,0.896427250347581,0.2309324072420501,0.966454081632653,0.75,1.0,0.8571428571428571,1,0.25,3,0.75,1.0,0.8571428571428571,1,0.25,,0.0,False,4.0,0.19428794907466285,0.01637510792775026,0.2106630570024131,,,,
S01,S01,1213,1213,OK,l1.cpss_one_se,l1,cpss_one_se,l1.final_development_selection_frequency,3,1.0,0.9,0.8999987244735265,0.2320514846363528,0.9664923469387756,1.0,1.0,1.0,0,0.0,3,1.0,1.0,1.0,0,0.0,,,False,,0.19489258774981377,0.01626143119255666,0.21115401894237043,4.0,0.9,3.0,3.0
S01,S01,1231,1231,OK,shil.fixed_k.k01,shil,fixed_k,shil.final_ranker_score,1,1.0,0.6839285714285714,0.6822251930789724,0.5612138699326914,0.7739158163265306,1.0,0.3333333333333333,0.5,0,0.0,1,1.0,0.3333333333333333,0.5,0,0.0,1.0,0.0,False,,,,,,,,
S01,S01,1231,1231,OK,shil.fixed_k.k02,shil,fixed_k,shil.final_ranker_score,2,1.0,0.7875,0.7873854213527061,0.4247231399417394,0.8823086734693878,1.0,0.6666666666666666,0.8,0,0.0,2,1.0,0.6666666666666666,0.8,0,0.0,2.0,0.0,False,,,,,,,,
S01,S01,1231,1231,OK,shil.fixed_k.k04,shil,fixed_k,shil.final_ranker_score,4,1.0,0.8982142857142857,0.8982061707725425,0.2122775322879577,0.9724362244897958,0.75,1.0,0.8571428571428571,1,0.25,3,0.75,1.0,0.8571428571428571,1,0.25,4.0,0.0,False,,,,,,,,
S01,S01,1231,1231,OK,shil.fixed_k.k08,shil,fixed_k,shil.final_ranker_score,8,1.0,0.9,0.8999885190902017,0.2235502219942965,0.9690816326530612,0.375,1.0,0.5454545454545454,5,0.625,3,0.375,1.0,0.5454545454545454,5,0.625,8.0,0.0,False,,,,,,,,
S01,S01,1231,1231,OK,shil.fixed_k.k16,shil,fixed_k,shil.final_ranker_score,16,1.0,0.9035714285714286,0.9035517452541336,0.2245113375501197,0.969234693877551,0.1875,1.0,0.3157894736842105,13,0.8125,3,0.1875,1.0,0.3157894736842105,13,0.8125,16.0,0.0,False,,,,,,,,
S01,S01,1231,1231,OK,shil.validation_one_se,shil,validation_one_se,shil.final_ranker_score,4,1.0,0.8982142857142857,0.8982061707725425,0.2122775322879577,0.9724362244897958,0.75,1.0,0.8571428571428571,1,0.25,3,0.75,1.0,0.8571428571428571,1,0.25,,0.0,False,4.0,0.22116397048083108,0.020067309993419515,0.2412312804742506,,,,
S01,S01,1231,1231,OK,shil.cpss_one_se,shil,cpss_one_se,shil.final_development_selection_frequency,3,1.0,0.8982142857142857,0.8982061707725425,0.2119217920076018,0.9724489795918368,1.0,1.0,1.0,0,0.0,3,1.0,1.0,1.0,0,0.0,,,False,,0.22216032126226729,0.020253512429534156,0.24241383369180144,4.0,0.9,3.0,3.0
S01,S01,1231,1231,OK,l1.fixed_k.k01,l1,fixed_k,l1.final_ranker_score,1,1.0,0.6839285714285714,0.6822251930789724,0.5612138699326914,0.7739158163265306,1.0,0.3333333333333333,0.5,0,0.0,1,1.0,0.3333333333333333,0.5,0,0.0,1.0,0.0,False,,,,,,,,
S01,S01,1231,1231,OK,l1.fixed_k.k02,l1,fixed_k,l1.final_ranker_score,2,1.0,0.7875,0.7873854213527061,0.4247231399417394,0.8823086734693878,1.0,0.6666666666666666,0.8,0,0.0,2,1.0,0.6666666666666666,0.8,0,0.0,2.0,0.0,False,,,,,,,,
S01,S01,1231,1231,OK,l1.fixed_k.k04,l1,fixed_k,l1.final_ranker_score,4,1.0,0.8946428571428572,0.8946021902583586,0.2142618185379088,0.9719260204081632,0.75,1.0,0.8571428571428571,1,0.25,3,0.75,1.0,0.8571428571428571,1,0.25,4.0,0.0,False,,,,,,,,
S01,S01,1231,1231,OK,l1.fixed_k.k08,l1,fixed_k,l1.final_ranker_score,8,1.0,0.9017857142857144,0.9017478044781309,0.2180706540889246,0.970497448979592,0.375,1.0,0.5454545454545454,5,0.625,3,0.375,1.0,0.5454545454545454,5,0.625,8.0,0.0,False,,,,,,,,
S01,S01,1231,1231,OK,l1.fixed_k.k16,l1,fixed_k,l1.final_ranker_score,16,1.0,0.8910714285714286,0.8910293831484725,0.2386127565158518,0.9651147959183674,0.1875,1.0,0.3157894736842105,13,0.8125,3,0.1875,1.0,0.3157894736842105,13,0.8125,16.0,0.0,False,,,,,,,,
S01,S01,1231,1231,OK,l1.validation_one_se,l1,validation_one_se,l1.final_ranker_score,4,1.0,0.8946428571428572,0.8946021902583586,0.2142618185379088,0.9719260204081632,0.75,1.0,0.8571428571428571,1,0.25,3,0.75,1.0,0.8571428571428571,1,0.25,,0.0,False,4.0,0.22306922064385065,0.020267075941999557,0.2433362965858502,,,,
S01,S01,1231,1231,OK,l1.cpss_one_se,l1,cpss_one_se,l1.final_development_selection_frequency,3,1.0,0.8982142857142857,0.8982061707725425,0.2119217920076018,0.9724489795918368,1.0,1.0,1.0,0,0.0,3,1.0,1.0,1.0,0,0.0,,,False,,0.22216032126226729,0.020253512429534156,0.24241383369180144,4.0,0.9,3.0,3.0
S01,S01,1249,1249,OK,shil.fixed_k.k01,shil,fixed_k,shil.final_ranker_score,1,1.0,0.7089285714285715,0.7089276432641686,0.55707499633721,0.7713392857142857,1.0,0.3333333333333333,0.5,0,0.0,1,1.0,0.3333333333333333,0.5,0,0.0,1.0,0.0,False,,,,,,,,
S01,S01,1249,1249,OK,shil.fixed_k.k02,shil,fixed_k,shil.final_ranker_score,2,1.0,0.7839285714285714,0.783911344973292,0.4281093477048401,0.8796811224489796,1.0,0.6666666666666666,0.8,0,0.0,2,1.0,0.6666666666666666,0.8,0,0.0,2.0,0.0,False,,,,,,,,
S01,S01,1249,1249,OK,shil.fixed_k.k04,shil,fixed_k,shil.final_ranker_score,4,1.0,0.9035714285714286,0.9035517452541336,0.2048688073369957,0.974859693877551,0.75,1.0,0.8571428571428571,1,0.25,3,0.75,1.0,0.8571428571428571,1,0.25,4.0,0.0,False,,,,,,,,
S01,S01,1249,1249,OK,shil.fixed_k.k08,shil,fixed_k,shil.final_ranker_score,8,1.0,0.9017857142857144,0.9017603398837072,0.2069709719247447,0.9741198979591836,0.375,1.0,0.5454545454545454,5,0.625,3,0.375,1.0,0.5454545454545454,5,0.625,8.0,0.0,False,,,,,,,,
S01,S01,1249,1249,OK,shil.fixed_k.k16,shil,fixed_k,shil.final_ranker_score,16,1.0,0.9035714285714286,0.903560357694123,0.2135896776704895,0.9719515306122448,0.1875,1.0,0.3157894736842105,13,0.8125,3,0.1875,1.0,0.3157894736842105,13,0.8125,16.0,0.0,False,,,,,,,,
S01,S01,1249,1249,OK,shil.validation_one_se,shil,validation_one_se,shil.final_ranker_score,4,1.0,0.9035714285714286,0.9035517452541336,0.2048688073369957,0.974859693877551,0.75,1.0,0.8571428571428571,1,0.25,3,0.75,1.0,0.8571428571428571,1,0.25,,0.0,False,4.0,0.25628095850014976,0.021059681457795788,0.27734063995794556,,,,
S01,S01,1249,1249,OK,shil.cpss_one_se,shil,cpss_one_se,shil.final_development_selection_frequency,3,1.0,0.9035714285714286,0.9035517452541336,0.2053276038174608,0.974719387755102,1.0,1.0,1.0,0,0.0,3,1.0,1.0,1.0,0,0.0,,,False,,0.25298332940008367,0.020715578945627262,0.2736989083457109,4.0,0.9,3.0,3.0
S01,S01,1249,1249,OK,l1.fixed_k.k01,l1,fixed_k,l1.final_ranker_score,1,1.0,0.7089285714285715,0.7089276432641686,0.55707499633721,0.7713392857142857,1.0,0.3333333333333333,0.5,0,0.0,1,1.0,0.3333333333333333,0.5,0,0.0,1.0,0.0,False,,,,,,,,
S01,S01,1249,1249,OK,l1.fixed_k.k02,l1,fixed_k,l1.final_ranker_score,2,1.0,0.8017857142857143,0.8017345041289363,0.4120277477780685,0.8906632653061225,1.0,0.6666666666666666,0.8,0,0.0,2,1.0,0.6666666666666666,0.8,0,0.0,2.0,0.0,False,,,,,,,,
S01,S01,1249,1249,OK,l1.fixed_k.k04,l1,fixed_k,l1.final_ranker_score,4,1.0,0.9017857142857144,0.901777884078769,0.2080960181360263,0.9734183673469388,0.75,1.0,0.8571428571428571,1,0.25,3,0.75,1.0,0.8571428571428571,1,0.25,4.0,0.0,False,,,,,,,,
S01,S01,1249,1249,OK,l1.fixed_k.k08,l1,fixed_k,l1.final_ranker_score,8,1.0,0.9035714285714286,0.9035665084953316,0.2214881136765017,0.9706377551020408,0.375,1.0,0.5454545454545454,5,0.625,3,0.375,1.0,0.5454545454545454,5,0.625,8.0,0.0,False,,,,,,,,
S01,S01,1249,1249,OK,l1.fixed_k.k16,l1,fixed_k,l1.final_ranker_score,16,1.0,0.9053571428571427,0.9053544266257642,0.2321369512842679,0.968469387755102,0.1875,1.0,0.3157894736842105,13,0.8125,3,0.1875,1.0,0.3157894736842105,13,0.8125,16.0,0.0,False,,,,,,,,
S01,S01,1249,1249,OK,l1.validation_one_se,l1,validation_one_se,l1.final_ranker_score,4,1.0,0.9017857142857144,0.901777884078769,0.2080960181360263,0.9734183673469388,0.75,1.0,0.8571428571428571,1,0.25,3,0.75,1.0,0.8571428571428571,1,0.25,,0.0,False,4.0,0.25448604326036883,0.021023968963702015,0.27551001222407084,,,,
S01,S01,1249,1249,OK,l1.cpss_one_se,l1,cpss_one_se,l1.final_development_selection_frequency,3,1.0,0.9035714285714286,0.9035517452541336,0.2053276038174608,0.974719387755102,1.0,1.0,1.0,0,0.0,3,1.0,1.0,1.0,0,0.0,,,False,,0.25298332940008367,0.020715578945627262,0.2736989083457109,4.0,0.9,3.0,3.0
S01,S01,1277,1277,OK,shil.fixed_k.k01,shil,fixed_k,shil.final_ranker_score,1,1.0,0.6785714285714286,0.6785550283177713,0.582096929589425,0.7475127551020408,1.0,0.3333333333333333,0.5,0,0.0,1,1.0,0.3333333333333333,0.5,0,0.0,1.0,0.0,False,,,,,,,,
S01,S01,1277,1277,OK,shil.fixed_k.k02,shil,fixed_k,shil.final_ranker_score,2,1.0,0.7982142857142858,0.7981827517692497,0.4280579061321019,0.8842602040816328,1.0,0.6666666666666666,0.8,0,0.0,2,1.0,0.6666666666666666,0.8,0,0.0,2.0,0.0,False,,,,,,,,
S01,S01,1277,1277,OK,shil.fixed_k.k04,shil,fixed_k,shil.final_ranker_score,4,1.0,0.8910714285714286,0.8910627441600893,0.2438422276641742,0.9629591836734694,0.75,1.0,0.8571428571428571,1,0.25,3,0.75,1.0,0.8571428571428571,1,0.25,4.0,0.0,False,,,,,,,,
S01,S01,1277,1277,OK,shil.fixed_k.k08,shil,fixed_k,shil.final_ranker_score,8,1.0,0.8928571428571429,0.8928448418823589,0.2455124033685112,0.9627040816326532,0.375,1.0,0.5454545454545454,5,0.625,3,0.375,1.0,0.5454545454545454,5,0.625,8.0,0.0,False,,,,,,,,
S01,S01,1277,1277,OK,shil.fixed_k.k16,shil,fixed_k,shil.final_ranker_score,16,1.0,0.8892857142857142,0.88928430209569,0.2478005781455302,0.9620790816326532,0.1875,1.0,0.3157894736842105,13,0.8125,3,0.1875,1.0,0.3157894736842105,13,0.8125,16.0,0.0,False,,,,,,,,
S01,S01,1277,1277,OK,shil.validation_one_se,shil,validation_one_se,shil.final_ranker_score,4,1.0,0.8910714285714286,0.8910627441600893,0.2438422276641742,0.9629591836734694,0.75,1.0,0.8571428571428571,1,0.25,3,0.75,1.0,0.8571428571428571,1,0.25,,0.0,False,4.0,0.21363111635229673,0.01784743322002392,0.23147854957232064,,,,
S01,S01,1277,1277,OK,shil.cpss_one_se,shil,cpss_one_se,shil.final_development_selection_frequency,3,1.0,0.8964285714285715,0.8964232869023929,0.2422075722921059,0.9634948979591836,1.0,1.0,1.0,0,0.0,3,1.0,1.0,1.0,0,0.0,,,False,,0.2132858022775662,0.017802010174768318,0.2310878124523345,4.0,0.9,3.0,3.0
S01,S01,1277,1277,OK,l1.fixed_k.k01,l1,fixed_k,l1.final_ranker_score,1,1.0,0.6785714285714286,0.6785550283177713,0.582096929589425,0.7475127551020408,1.0,0.3333333333333333,0.5,0,0.0,1,1.0,0.3333333333333333,0.5,0,0.0,1.0,0.0,False,,,,,,,,
S01,S01,1277,1277,OK,l1.fixed_k.k02,l1,fixed_k,l1.final_ranker_score,2,1.0,0.7982142857142858,0.7981827517692497,0.4280579061321019,0.8842602040816328,1.0,0.6666666666666666,0.8,0,0.0,2,1.0,0.6666666666666666,0.8,0,0.0,2.0,0.0,False,,,,,,,,
S01,S01,1277,1277,OK,l1.fixed_k.k04,l1,fixed_k,l1.final_ranker_score,4,1.0,0.9,0.8999885190902017,0.2456399245285219,0.9625255102040816,0.75,1.0,0.8571428571428571,1,0.25,3,0.75,1.0,0.8571428571428571,1,0.25,4.0,0.0,False,,,,,,,,
S01,S01,1277,1277,OK,l1.fixed_k.k08,l1,fixed_k,l1.final_ranker_score,8,1.0,0.9017857142857144,0.9017828955550382,0.2471671787966387,0.9619387755102042,0.375,1.0,0.5454545454545454,5,0.625,3,0.375,1.0,0.5454545454545454,5,0.625,8.0,0.0,False,,,,,,,,
S01,S01,1277,1277,OK,l1.fixed_k.k16,l1,fixed_k,l1.final_ranker_score,16,1.0,0.8892857142857142,0.8892800653094546,0.2619990905368415,0.9593877551020408,0.1875,1.0,0.3157894736842105,13,0.8125,3,0.1875,1.0,0.3157894736842105,13,0.8125,16.0,0.0,False,,,,,,,,
S01,S01,1277,1277,OK,l1.validation_one_se,l1,validation_one_se,l1.final_ranker_score,4,1.0,0.9,0.8999885190902017,0.2456399245285219,0.9625255102040816,0.75,1.0,0.8571428571428571,1,0.25,3,0.75,1.0,0.8571428571428571,1,0.25,,0.0,False,4.0,0.2178031275851165,0.01803353818358542,0.2358366657687019,,,,
S01,S01,1277,1277,OK,l1.cpss_one_se,l1,cpss_one_se,l1.final_development_selection_frequency,3,1.0,0.8964285714285715,0.8964232869023929,0.2422075722921059,0.9634948979591836,1.0,1.0,1.0,0,0.0,3,1.0,1.0,1.0,0,0.0,,,False,,0.2132858022775662,0.017802010174768318,0.2310878124523345,4.0,0.9,3.0,3.0
S02,S02,1103,1103,OK,shil.fixed_k.k01,shil,fixed_k,shil.final_ranker_score,1,1.0,0.6607142857142857,0.6605584196825073,0.5786396665138394,0.7449617346938775,1.0,0.3333333333333333,0.5,0,0.0,1,1.0,0.3333333333333333,0.5,0,0.0,1.0,0.0,False,,,,,,,,
S02,S02,1103,1103,OK,shil.fixed_k.k02,shil,fixed_k,shil.final_ranker_score,2,1.0,0.7607142857142857,0.7606868135372683,0.4652671049705706,0.8546811224489795,1.0,0.6666666666666666,0.8,0,0.0,2,1.0,0.6666666666666666,0.8,0,0.0,2.0,0.0,False,,,,,,,,
S02,S02,1103,1103,OK,shil.fixed_k.k04,shil,fixed_k,shil.final_ranker_score,4,1.0,0.8517857142857143,0.8517474220063218,0.2852688003944788,0.948609693877551,0.75,1.0,0.8571428571428571,1,0.25,3,0.75,1.0,0.8571428571428571,1,0.25,4.0,0.0,False,,,,,,,,
S02,S02,1103,1103,OK,shil.fixed_k.k08,shil,fixed_k,shil.final_ranker_score,8,1.0,0.8535714285714285,0.8534798534798534,0.296437163558374,0.944311224489796,0.375,1.0,0.5454545454545454,5,0.625,3,0.375,1.0,0.5454545454545454,5,0.625,8.0,0.0,False,,,,,,,,
S02,S02,1103,1103,OK,shil.fixed_k.k16,shil,fixed_k,shil.final_ranker_score,16,1.0,0.8642857142857143,0.8642008398105959,0.3013739271608966,0.9427933673469387,0.1875,1.0,0.3157894736842105,13,0.8125,3,0.1875,1.0,0.3157894736842105,13,0.8125,16.0,0.0,False,,,,,,,,
S02,S02,1103,1103,OK,shil.validation_one_se,shil,validation_one_se,shil.final_ranker_score,4,1.0,0.8517857142857143,0.8517474220063218,0.2852688003944788,0.948609693877551,0.75,1.0,0.8571428571428571,1,0.25,3,0.75,1.0,0.8571428571428571,1,0.25,,0.0,False,4.0,0.293889064103772,0.020478251411180218,0.3128231355421694,,,,
S02,S02,1103,1103,OK,shil.cpss_one_se,shil,cpss_one_se,shil.final_development_selection_frequency,3,1.0,0.8589285714285714,0.8589065255731922,0.2829693457297451,0.9497448979591836,1.0,1.0,1.0,0,0.0,3,1.0,1.0,1.0,0,0.0,,,False,,0.29514588620918514,0.020608716815240024,0.31575460302442515,4.0,0.9,3.0,3.0
S02,S02,1103,1103,OK,l1.fixed_k.k01,l1,fixed_k,l1.final_ranker_score,1,1.0,0.6607142857142857,0.6605584196825073,0.5786396665138394,0.7449617346938775,1.0,0.3333333333333333,0.5,0,0.0,1,1.0,0.3333333333333333,0.5,0,0.0,1.0,0.0,False,,,,,,,,
S02,S02,1103,1103,OK,l1.fixed_k.k02,l1,fixed_k,l1.final_ranker_score,2,1.0,0.7607142857142857,0.7606868135372683,0.4652671049705706,0.8546811224489795,1.0,0.6666666666666666,0.8,0,0.0,2,1.0,0.6666666666666666,0.8,0,0.0,2.0,0.0,False,,,,,,,,
S02,S02,1103,1103,OK,l1.fixed_k.k04,l1,fixed_k,l1.final_ranker_score,4,1.0,0.8607142857142858,0.8606858542559706,0.283857603701689,0.949579081632653,0.75,1.0,0.8571428571428571,1,0.25,3,0.75,1.0,0.8571428571428571,1,0.25,4.0,0.0,False,,,,,,,,
S02,S02,1103,1103,OK,l1.fixed_k.k08,l1,fixed_k,l1.final_ranker_score,8,1.0,0.8535714285714285,0.853524720893142,0.3017236555459165,0.9425127551020408,0.375,1.0,0.5454545454545454,5,0.625,3,0.375,1.0,0.5454545454545454,5,0.625,8.0,0.0,False,,,,,,,,
S02,S02,1103,1103,OK,l1.fixed_k.k16,l1,fixed_k,l1.final_ranker_score,16,1.0,0.8553571428571428,0.8553456110978235,0.3161840006468979,0.9383035714285716,0.1875,1.0,0.3157894736842105,13,0.8125,3,0.1875,1.0,0.3157894736842105,13,0.8125,16.0,0.0,False,,,,,,,,
S02,S02,1103,1103,OK,l1.validation_one_se,l1,validation_one_se,l1.final_ranker_score,4,1.0,0.8607142857142858,0.8606858542559706,0.283857603701689,0.949579081632653,0.75,1.0,0.8571428571428571,1,0.25,3,0.75,1.0,0.8571428571428571,1,0.25,,0.0,False,4.0,0.30075314432621625,0.021262846599028055,0.3220159909252443,,,,
S02,S02,1103,1103,OK,l1.cpss_one_se,l1,cpss_one_se,l1.final_development_selection_frequency,3,1.0,0.8589285714285714,0.8589065255731922,0.2829693457297451,0.9497448979591836,1.0,1.0,1.0,0,0.0,3,1.0,1.0,1.0,0,0.0,,,False,,0.29514588620918514,0.020608716815240024,0.31575460302442515,4.0,0.9,3.0,3.0
S02,S02,1129,1129,OK,shil.fixed_k.k01,shil,fixed_k,shil.final_ranker_score,1,1.0,0.6625,0.6623180221484155,0.5915591513197388,0.7305739795918368,1.0,0.3333333333333333,0.5,0,0.0,1,1.0,0.3333333333333333,0.5,0,0.0,1.0,0.0,False,,,,,,,,
S02,S02,1129,1129,OK,shil.fixed_k.k02,shil,fixed_k,shil.final_ranker_score,2,1.0,0.7946428571428571,0.7946264848919716,0.4440404865911947,0.8733290816326531,1.0,0.6666666666666666,0.8,0,0.0,2,1.0,0.6666666666666666,0.8,0,0.0,2.0,0.0,False,,,,,,,,
S02,S02,1129,1129,OK,shil.fixed_k.k04,shil,fixed_k,shil.final_ranker_score,4,1.0,0.8642857142857143,0.8642787897341702,0.2866330567024519,0.9478954081632652,0.75,1.0,0.8571428571428571,1,0.25,3,0.75,1.0,0.8571428571428571,1,0.25,4.0,0.0,False,,,,,,,,
S02,S02,1129,1129,OK,shil.fixed_k.k08,shil,fixed_k,shil.final_ranker_score,8,1.0,0.8589285714285714,0.8589281215820204,0.2888406703614438,0.9474872448979592,0.375,1.0,0.5454545454545454,5,0.625,3,0.375,1.0,0.5454545454545454,5,0.625,8.0,0.0,False,,,,,,,,
S02,S02,1129,1129,OK,shil.fixed_k.k16,shil,fixed_k,shil.final_ranker_score,16,1.0,0.8571428571428571,0.8571264558431453,0.2858809696727769,0.9475255102040816,0.1875,1.0,0.3157894736842105,13,0.8125,3,0.1875,1.0,0.3157894736842105,13,0.8125,16.0,0.0,False,,,,,,,,
S02,S02,1129,1129,OK,shil.validation_one_se,shil,validation_one_se,shil.final_ranker_score,4,1.0,0.8642857142857143,0.8642787897341702,0.2866330567024519,0.9478954081632652,0.75,1.0,0.8571428571428571,1,0.25,3,0.75,1.0,0.8571428571428571,1,0.25,,0.0,False,4.0,0.3339258320212715,0.022108077633432414,0.35603390965470394,,,,
S02,S02,1129,1129,OK,shil.cpss_one_se,shil,cpss_one_se,shil.final_development_selection_frequency,3,1.0,0.8625,0.8624890377102766,0.2853290381476753,0.9484438775510204,1.0,1.0,1.0,0,0.0,3,1.0,1.0,1.0,0,0.0,,,False,,0.33343480831402394,0.022117278346159838,0.3555520866601838,4.0,0.9,3.0,3.0
S02,S02,1129,1129,OK,l1.fixed_k.k01,l1,fixed_k,l1.final_ranker_score,1,1.0,0.6625,0.6623180221484155,0.5915591513197388,0.7305739795918368,1.0,0.3333333333333333,0.5,0,0.0,1,1.0,0.3333333333333333,0.5,0,0.0,1.0,0.0,False,,,,,,,,
S02,S02,1129,1129,OK,l1.fixed_k.k02,l1,fixed_k,l1.final_ranker_score,2,1.0,0.7946428571428571,0.7946264848919716,0.4440404865911947,0.8733290816326531,1.0,0.6666666666666666,0.8,0,0.0,2,1.0,0.6666666666666666,0.8,0,0.0,2.0,0.0,False,,,,,,,,
S02,S02,1129,1129,OK,l1.fixed_k.k04,l1,fixed_k,l1.final_ranker_score,4,1.0,0.8571428571428571,0.8571410349621806,0.2878422162964018,0.947436224489796,0.75,1.0,0.8571428571428571,1,0.25,3,0.75,1.0,0.8571428571428571,1,0.25,4.0,0.0,False,,,,,,,,
S02,S02,1129,1129,OK,l1.fixed_k.k08,l1,fixed_k,l1.final_ranker_score,8,1.0,0.8589285714285714,0.8589245227063277,0.2973366438323504,0.9434821428571428,0.375,1.0,0.5454545454545454,5,0.625,3,0.375,1.0,0.5454545454545454,5,0.625,8.0,0.0,False,,,,,,,,
S02,S02,1129,1129,OK,l1.fixed_k.k16,l1,fixed_k,l1.final_ranker_score,16,1.0,0.8517857142857143,0.8517285049397247,0.3090564908715559,0.9401913265306124,0.1875,1.0,0.3157894736842105,13,0.8125,3,0.1875,1.0,0.3157894736842105,13,0.8125,16.0,0.0,False,,,,,,,,
S02,S02,1129,1129,OK,l1.validation_one_se,l1,validation_one_se,l1.final_ranker_score,4,1.0,0.8571428571428571,0.8571410349621806,0.2878422162964018,0.947436224489796,0.75,1.0,0.8571428571428571,1,0.25,3,0.75,1.0,0.8571428571428571,1,0.25,,0.0,False,4.0,0.3365641833292833,0.022980517952657646,0.35954470128194094,,,,
S02,S02,1129,1129,OK,l1.cpss_one_se,l1,cpss_one_se,l1.final_development_selection_frequency,3,1.0,0.8625,0.8624890377102766,0.2853290381476753,0.9484438775510204,1.0,1.0,1.0,0,0.0,3,1.0,1.0,1.0,0,0.0,,,False,,0.33343480831402394,0.022117278346159838,0.3555520866601838,4.0,0.9,3.0,3.0
S02,S02,1151,1151,OK,shil.fixed_k.k01,shil,fixed_k,shil.final_ranker_score,1,1.0,0.6607142857142857,0.6601898337996142,0.5989628485149482,0.7460586734693877,1.0,0.3333333333333333,0.5,0,0.0,1,1.0,0.3333333333333333,0.5,0,0.0,1.0,0.0,False,,,,,,,,
S02,S02,1151,1151,OK,shil.fixed_k.k02,shil,fixed_k,shil.final_ranker_score,2,1.0,0.7946428571428571,0.7946107650749001,0.4460380134924531,0.8745280612244898,1.0,0.6666666666666666,0.8,0,0.0,2,1.0,0.6666666666666666,0.8,0,0.0,2.0,0.0,False,,,,,,,,
S02,S02,1151,1151,OK,shil.fixed_k.k04,shil,fixed_k,shil.final_ranker_score,4,1.0,0.8535714285714285,0.8535415390896102,0.3029412155089844,0.9416326530612243,0.75,1.0,0.8571428571428571,1,0.25,3,0.75,1.0,0.8571428571428571,1,0.25,4.0,0.0,False,,,,,,,,
S02,S02,1151,1151,OK,shil.fixed_k.k08,shil,fixed_k,shil.final_ranker_score,8,1.0,0.85,0.8499693815064299,0.2999985715937284,0.9425127551020408,0.375,1.0,0.5454545454545454,5,0.625,3,0.375,1.0,0.5454545454545454,5,0.625,8.0,0.0,False,,,,,,,,
S02,S02,1151,1151,OK,shil.fixed_k.k16,shil,fixed_k,shil.final_ranker_score,16,1.0,0.8535714285714285,0.8535639573447624,0.3023308739752117,0.9417602040816326,0.1875,1.0,0.3157894736842105,13,0.8125,3,0.1875,1.0,0.3157894736842105,13,0.8125,16.0,0.0,False,,,,,,,,
S02,S02,1151,1151,OK,shil.validation_one_se,shil,validation_one_se,shil.final_ranker_score,4,1.0,0.8535714285714285,0.8535415390896102,0.3029412155089844,0.9416326530612243,0.75,1.0,0.8571428571428571,1,0.25,3,0.75,1.0,0.8571428571428571,1,0.25,,0.0,False,4.0,0.31886143403641426,0.02015244452064391,0.33901387855705817,,,,
S02,S02,1151,1151,OK,shil.cpss_one_se,shil,cpss_one_se,shil.final_development_selection_frequency,3,1.0,0.8535714285714285,0.8535546172392239,0.3034158156736473,0.941045918367347,1.0,1.0,1.0,0,0.0,3,1.0,1.0,1.0,0,0.0,,,False,,0.3183192489960481,0.020001913033634786,0.3383211620296829,4.0,0.9,3.0,3.0
S02,S02,1151,1151,OK,l1.fixed_k.k01,l1,fixed_k,l1.final_ranker_score,1,1.0,0.6607142857142857,0.6601898337996142,0.5989628485149482,0.7460586734693877,1.0,0.3333333333333333,0.5,0,0.0,1,1.0,0.3333333333333333,0.5,0,0.0,1.0,0.0,False,,,,,,,,
S02,S02,1151,1151,OK,l1.fixed_k.k02,l1,fixed_k,l1.final_ranker_score,2,1.0,0.7946428571428571,0.7946107650749001,0.4460380134924531,0.8745280612244898,1.0,0.6666666666666666,0.8,0,0.0,2,1.0,0.6666666666666666,0.8,0,0.0,2.0,0.0,False,,,,,,,,
S02,S02,1151,1151,OK,l1.fixed_k.k04,l1,fixed_k,l1.final_ranker_score,4,1.0,0.8392857142857143,0.8392529087568892,0.3042376424843523,0.9403316326530612,0.75,1.0,0.8571428571428571,1,0.25,3,0.75,1.0,0.8571428571428571,1,0.25,4.0,0.0,False,,,,,,,,
S02,S02,1151,1151,OK,l1.fixed_k.k08,l1,fixed_k,l1.final_ranker_score,8,1.0,0.8464285714285714,0.8464207357518241,0.3028829928561825,0.9418239795918368,0.375,1.0,0.5454545454545454,5,0.625,3,0.375,1.0,0.5454545454545454,5,0.625,8.0,0.0,False,,,,,,,,
S02,S02,1151,1151,OK,l1.fixed_k.k16,l1,fixed_k,l1.final_ranker_score,16,1.0,0.8553571428571428,0.8553529916356017,0.3025729453484689,0.9417474489795918,0.1875,1.0,0.3157894736842105,13,0.8125,3,0.1875,1.0,0.3157894736842105,13,0.8125,16.0,0.0,False,,,,,,,,
S02,S02,1151,1151,OK,l1.validation_one_se,l1,validation_one_se,l1.final_ranker_score,4,1.0,0.8392857142857143,0.8392529087568892,0.3042376424843523,0.9403316326530612,0.75,1.0,0.8571428571428571,1,0.25,3,0.75,1.0,0.8571428571428571,1,0.25,,0.0,False,4.0,0.32907518203768404,0.020805610544713676,0.34988079258239774,,,,
S02,S02,1151,1151,OK,l1.cpss_one_se,l1,cpss_one_se,l1.final_development_selection_frequency,3,1.0,0.8535714285714285,0.8535546172392239,0.3034158156736473,0.941045918367347,1.0,1.0,1.0,0,0.0,3,1.0,1.0,1.0,0,0.0,,,False,,0.3183192489960481,0.020001913033634786,0.3383211620296829,4.0,0.9,3.0,3.0
S02,S02,1171,1171,OK,shil.fixed_k.k01,shil,fixed_k,shil.final_ranker_score,1,1.0,0.6607142857142857,0.6599813373215222,0.5838891169495097,0.7421811224489796,1.0,0.3333333333333333,0.5,0,0.0,1,1.0,0.3333333333333333,0.5,0,0.0,1.0,0.0,False,,,,,,,,
S02,S02,1171,1171,OK,shil.fixed_k.k02,shil,fixed_k,shil.final_ranker_score,2,1.0,0.7482142857142857,0.7481492349745948,0.4985227580748658,0.832436224489796,1.0,0.6666666666666666,0.8,0,0.0,2,1.0,0.6666666666666666,0.8,0,0.0,2.0,0.0,False,,,,,,,,
S02,S02,1171,1171,OK,shil.fixed_k.k04,shil,fixed_k,shil.final_ranker_score,4,1.0,0.8267857142857142,0.8267586453240461,0.3452000215292283,0.9206377551020408,0.75,1.0,0.8571428571428571,1,0.25,3,0.75,1.0,0.8571428571428571,1,0.25,4.0,0.0,False,,,,,,,,
S02,S02,1171,1171,OK,shil.fixed_k.k08,shil,fixed_k,shil.final_ranker_score,8,1.0,0.8303571428571429,0.8303522741405207,0.3493189309542713,0.9189030612244896,0.375,1.0,0.5454545454545454,5,0.625,3,0.375,1.0,0.5454545454545454,5,0.625,8.0,0.0,False,,,,,,,,
S02,S02,1171,1171,OK,shil.fixed_k.k16,shil,fixed_k,shil.final_ranker_score,16,1.0,0.8232142857142857,0.8231686117906729,0.3546218036647242,0.9164540816326532,0.1875,1.0,0.3157894736842105,13,0.8125,3,0.1875,1.0,0.3157894736842105,13,0.8125,16.0,0.0,False,,,,,,,,
S02,S02,1171,1171,OK,shil.validation_one_se,shil,validation_one_se,shil.final_ranker_score,4,1.0,0.8267857142857142,0.8267586453240461,0.3452000215292283,0.9206377551020408,0.75,1.0,0.8571428571428571,1,0.25,3,0.75,1.0,0.8571428571428571,1,0.25,,0.0,False,4.0,0.2719632436440762,0.016994419715236523,0.2889576633593127,,,,
S02,S02,1171,1171,OK,shil.cpss_one_se,shil,cpss_one_se,shil.final_development_selection_frequency,3,1.0,0.8303571428571429,0.8303306320183956,0.3440602082096198,0.9212372448979592,1.0,1.0,1.0,0,0.0,3,1.0,1.0,1.0,0,0.0,,,False,,0.2719857788379033,0.017015096673387086,0.2890008755112904,4.0,0.9,3.0,3.0
S02,S02,1171,1171,OK,l1.fixed_k.k01,l1,fixed_k,l1.final_ranker_score,1,1.0,0.6607142857142857,0.6599813373215222,0.5838891169495097,0.7421811224489796,1.0,0.3333333333333333,0.5,0,0.0,1,1.0,0.3333333333333333,0.5,0,0.0,1.0,0.0,False,,,,,,,,
S02,S02,1171,1171,OK,l1.fixed_k.k02,l1,fixed_k,l1.final_ranker_score,2,1.0,0.7482142857142857,0.7481492349745948,0.4985227580748658,0.832436224489796,1.0,0.6666666666666666,0.8,0,0.0,2,1.0,0.6666666666666666,0.8,0,0.0,2.0,0.0,False,,,,,,,,
S02,S02,1171,1171,OK,l1.fixed_k.k04,l1,fixed_k,l1.final_ranker_score,4,1.0,0.8321428571428572,0.8321407160805623,0.3362010270069794,0.924923469387755,0.75,1.0,0.8571428571428571,1,0.25,3,0.75,1.0,0.8571428571428571,1,0.25,4.0,0.0,False,,,,,,,,
S02,S02,1171,1171,OK,l1.fixed_k.k08,l1,fixed_k,l1.final_ranker_score,8,1.0,0.8285714285714286,0.8285692419546168,0.3528071113584243,0.9175382653061224,0.375,1.0,0.5454545454545454,5,0.625,3,0.375,1.0,0.5454545454545454,5,0.625,8.0,0.0,False,,,,,,,,
S02,S02,1171,1171,OK,l1.fixed_k.k16,l1,fixed_k,l1.final_ranker_score,16,1.0,0.8107142857142857,0.8106539074960127,0.3685635170837529,0.9142857142857144,0.1875,1.0,0.3157894736842105,13,0.8125,3,0.1875,1.0,0.3157894736842105,13,0.8125,16.0,0.0,False,,,,,,,,
S02,S02,1171,1171,OK,l1.validation_one_se,l1,validation_one_se,l1.final_ranker_score,4,1.0,0.8321428571428572,0.8321407160805623,0.3362010270069794,0.924923469387755,0.75,1.0,0.8571428571428571,1,0.25,3,0.75,1.0,0.8571428571428571,1,0.25,,0.0,False,4.0,0.27583833455521706,0.01785669250042581,0.2936950270556429,,,,
S02,S02,1171,1171,OK,l1.cpss_one_se,l1,cpss_one_se,l1.final_development_selection_frequency,3,1.0,0.8303571428571429,0.8303306320183956,0.3440602082096198,0.9212372448979592,1.0,1.0,1.0,0,0.0,3,1.0,1.0,1.0,0,0.0,,,False,,0.2719857788379033,0.017015096673387086,0.2890008755112904,4.0,0.9,3.0,3.0
S02,S02,1181,1181,OK,shil.fixed_k.k01,shil,fixed_k,shil.final_ranker_score,1,1.0,0.6875,0.6872117480714051,0.5536053946026663,0.7666581632653061,1.0,0.3333333333333333,0.5,0,0.0,1,1.0,0.3333333333333333,0.5,0,0.0,1.0,0.0,False,,,,,,,,
S02,S02,1181,1181,OK,shil.fixed_k.k02,shil,fixed_k,shil.final_ranker_score,2,1.0,0.7696428571428572,0.7693184612289604,0.4421160639851972,0.8683673469387756,1.0,0.6666666666666666,0.8,0,0.0,2,1.0,0.6666666666666666,0.8,0,0.0,2.0,0.0,False,,,,,,,,
S02,S02,1181,1181,OK,shil.fixed_k.k04,shil,fixed_k,shil.final_ranker_score,4,1.0,0.8357142857142857,0.8357121902065077,0.3073551947625406,0.937283163265306,0.75,1.0,0.8571428571428571,1,0.25,3,0.75,1.0,0.8571428571428571,1,0.25,4.0,0.0,False,,,,,,,,
S02,S02,1181,1181,OK,shil.fixed_k.k08,shil,fixed_k,shil.final_ranker_score,8,1.0,0.8303571428571429,0.8303566019024295,0.3134956662780571,0.9334438775510204,0.375,1.0,0.5454545454545454,5,0.625,3,0.375,1.0,0.5454545454545454,5,0.625,8.0,0.0,False,,,,,,,,
S02,S02,1181,1181,OK,shil.fixed_k.k16,shil,fixed_k,shil.final_ranker_score,16,1.0,0.8392857142857143,0.8392836643324533,0.3147106350319259,0.9333928571428572,0.1875,1.0,0.3157894736842105,13,0.8125,3,0.1875,1.0,0.3157894736842105,13,0.8125,16.0,0.0,False,,,,,,,,
S02,S02,1181,1181,OK,shil.validation_one_se,shil,validation_one_se,shil.final_ranker_score,4,1.0,0.8357142857142857,0.8357121902065077,0.3073551947625406,0.937283163265306,0.75,1.0,0.8571428571428571,1,0.25,3,0.75,1.0,0.8571428571428571,1,0.25,,0.0,False,4.0,0.31732184103178684,0.01946424375712559,0.3367860847889124,,,,
S02,S02,1181,1181,OK,shil.cpss_one_se,shil,cpss_one_se,shil.final_development_selection_frequency,3,1.0,0.8392857142857143,0.8392775141588857,0.3068660105835862,0.9375255102040816,1.0,1.0,1.0,0,0.0,3,1.0,1.0,1.0,0,0.0,,,False,,0.31506716813600966,0.019387153899390358,0.33445432203540004,4.0,0.9,3.0,3.0
S02,S02,1181,1181,OK,l1.fixed_k.k01,l1,fixed_k,l1.final_ranker_score,1,1.0,0.6875,0.6872117480714051,0.5536053946026663,0.7666581632653061,1.0,0.3333333333333333,0.5,0,0.0,1,1.0,0.3333333333333333,0.5,0,0.0,1.0,0.0,False,,,,,,,,
S02,S02,1181,1181,OK,l1.fixed_k.k02,l1,fixed_k,l1.final_ranker_score,2,1.0,0.7696428571428572,0.7693184612289604,0.4421160639851972,0.8683673469387756,1.0,0.6666666666666666,0.8,0,0.0,2,1.0,0.6666666666666666,0.8,0,0.0,2.0,0.0,False,,,,,,,,
S02,S02,1181,1181,OK,l1.fixed_k.k04,l1,fixed_k,l1.final_ranker_score,4,1.0,0.8339285714285715,0.8339280418623785,0.3101815915820393,0.9358163265306124,0.75,1.0,0.8571428571428571,1,0.25,3,0.75,1.0,0.8571428571428571,1,0.25,4.0,0.0,False,,,,,,,,
S02,S02,1181,1181,OK,l1.fixed_k.k08,l1,fixed_k,l1.final_ranker_score,8,1.0,0.8303571428571429,0.8303566019024295,0.3245605474282192,0.9300127551020408,0.375,1.0,0.5454545454545454,5,0.625,3,0.375,1.0,0.5454545454545454,5,0.625,8.0,0.0,False,,,,,,,,
S02,S02,1181,1181,OK,l1.fixed_k.k16,l1,fixed_k,l1.final_ranker_score,16,1.0,0.8321428571428572,0.8321235856156957,0.3359324520996263,0.9255867346938776,0.1875,1.0,0.3157894736842105,13,0.8125,3,0.1875,1.0,0.3157894736842105,13,0.8125,16.0,0.0,False,,,,,,,,
S02,S02,1181,1181,OK,l1.validation_one_se,l1,validation_one_se,l1.final_ranker_score,4,1.0,0.8339285714285715,0.8339280418623785,0.3101815915820393,0.9358163265306124,0.75,1.0,0.8571428571428571,1,0.25,3,0.75,1.0,0.8571428571428571,1,0.25,,0.0,False,4.0,0.31690491915742447,0.020146115862796563,0.33705103502022105,,,,
S02,S02,1181,1181,OK,l1.cpss_one_se,l1,cpss_one_se,l1.final_development_selection_frequency,3,1.0,0.8392857142857143,0.8392775141588857,0.3068660105835862,0.9375255102040816,1.0,1.0,1.0,0,0.0,3,1.0,1.0,1.0,0,0.0,,,False,,0.31506716813600966,0.019387153899390358,0.33445432203540004,4.0,0.9,3.0,3.0
S02,S02,1201,1201,OK,shil.fixed_k.k01,shil,fixed_k,shil.final_ranker_score,1,1.0,0.6553571428571429,0.6552241138959867,0.5763500774041875,0.7488265306122449,1.0,0.3333333333333333,0.5,0,0.0,1,1.0,0.3333333333333333,0.5,0,0.0,1.0,0.0,False,,,,,,,,
S02,S02,1201,1201,OK,shil.fixed_k.k02,shil,fixed_k,shil.final_ranker_score,2,1.0,0.7767857142857143,0.776408546304193,0.4446839457899457,0.8648979591836735,1.0,0.6666666666666666,0.8,0,0.0,2,1.0,0.6666666666666666,0.8,0,0.0,2.0,0.0,False,,,,,,,,
S02,S02,1201,1201,OK,shil.fixed_k.k04,shil,fixed_k,shil.final_ranker_score,4,1.0,0.8375,0.83731272287295,0.3103747164236025,0.9369770408163264,0.75,1.0,0.8571428571428571,1,0.25,3,0.75,1.0,0.8571428571428571,1,0.25,4.0,0.0,False,,,,,,,,
S02,S02,1201,1201,OK,shil.fixed_k.k08,shil,fixed_k,shil.final_ranker_score,8,1.0,0.8446428571428571,0.8444995547554985,0.3097713660068904,0.936811224489796,0.375,1.0,0.5454545454545454,5,0.625,3,0.375,1.0,0.5454545454545454,5,0.625,8.0,0.0,False,,,,,,,,
S02,S02,1201,1201,OK,shil.fixed_k.k16,shil,fixed_k,shil.final_ranker_score,16,1.0,0.8446428571428571,0.8445313123254887,0.3128958996659173,0.935,0.1875,1.0,0.3157894736842105,13,0.8125,3,0.1875,1.0,0.3157894736842105,13,0.8125,16.0,0.0,False,,,,,,,,
S02,S02,1201,1201,OK,shil.validation_one_se,shil,validation_one_se,shil.final_ranker_score,4,1.0,0.8375,0.83731272287295,0.3103747164236025,0.9369770408163264,0.75,1.0,0.8571428571428571,1,0.25,3,0.75,1.0,0.8571428571428571,1,0.25,,0.0,False,4.0,0.27714229466150514,0.018633050030679683,0.2957753446921848,,,,
S02,S02,1201,1201,OK,shil.cpss_one_se,shil,cpss_one_se,shil.final_development_selection_frequency,3,1.0,0.8357142857142857,0.8355044699872286,0.3098759891358634,0.9374107142857142,1.0,1.0,1.0,0,0.0,3,1.0,1.0,1.0,0,0.0,,,False,,0.280299519695493,0.018847902228462683,0.29914742192395566,4.0,0.9,3.0,3.0
S02,S02,1201,1201,OK,l1.fixed_k.k01,l1,fixed_k,l1.final_ranker_score,1,1.0,0.6660714285714285,0.66606184488713,0.5982266168329249,0.7273469387755103,1.0,0.3333333333333333,0.5,0,0.0,1,1.0,0.3333333333333333,0.5,0,0.0,1.0,0.0,False,,,,,,,,
S02,S02,1201,1201,OK,l1.fixed_k.k02,l1,fixed_k,l1.final_ranker_score,2,1.0,0.7767857142857143,0.776408546304193,0.4446839457899457,0.8648979591836735,1.0,0.6666666666666666,0.8,0,0.0,2,1.0,0.6666666666666666,0.8,0,0.0,2.0,0.0,False,,,,,,,,
S02,S02,1201,1201,OK,l1.fixed_k.k04,l1,fixed_k,l1.final_ranker_score,4,1.0,0.8357142857142857,0.8354603405766553,0.3076552743756749,0.9384566326530612,0.75,1.0,0.8571428571428571,1,0.25,3,0.75,1.0,0.8571428571428571,1,0.25,4.0,0.0,False,,,,,,,,
S02,S02,1201,1201,OK,l1.fixed_k.k08,l1,fixed_k,l1.final_ranker_score,8,1.0,0.8410714285714286,0.8408476205378099,0.3144099630740091,0.9351275510204082,0.375,1.0,0.5454545454545454,5,0.625,3,0.375,1.0,0.5454545454545454,5,0.625,8.0,0.0,False,,,,,,,,
S02,S02,1201,1201,OK,l1.fixed_k.k16,l1,fixed_k,l1.final_ranker_score,16,1.0,0.8232142857142857,0.8230512174803949,0.3318371858556699,0.9294132653061224,0.1875,1.0,0.3157894736842105,13,0.8125,3,0.1875,1.0,0.3157894736842105,13,0.8125,16.0,0.0,False,,,,,,,,
S02,S02,1201,1201,OK,l1.validation_one_se,l1,validation_one_se,l1.final_ranker_score,4,1.0,0.8357142857142857,0.8354603405766553,0.3076552743756749,0.9384566326530612,0.75,1.0,0.8571428571428571,1,0.25,3,0.75,1.0,0.8571428571428571,1,0.25,,0.0,False,4.0,0.2799166956306743,0.018823553132094047,0.29874024876276833,,,,
S02,S02,1201,1201,OK,l1.cpss_one_se,l1,cpss_one_se,l1.final_development_selection_frequency,3,1.0,0.8357142857142857,0.8355044699872286,0.3098759891358634,0.9374107142857142,1.0,1.0,1.0,0,0.0,3,1.0,1.0,1.0,0,0.0,,,False,,0.280299519695493,0.018847902228462683,0.29914742192395566,4.0,0.9,3.0,3.0
S02,S02,1213,1213,OK,shil.fixed_k.k01,shil,fixed_k,shil.final_ranker_score,1,1.0,0.6482142857142857,0.648123399219824,0.5834656823990136,0.7258418367346939,1.0,0.3333333333333333,0.5,0,0.0,1,1.0,0.3333333333333333,0.5,0,0.0,1.0,0.0,False,,,,,,,,
S02,S02,1213,1213,OK,shil.fixed_k.k02,shil,fixed_k,shil.final_ranker_score,2,1.0,0.8,0.7999974489470529,0.418079399104599,0.8874107142857144,1.0,0.6666666666666666,0.8,0,0.0,2,1.0,0.6666666666666666,0.8,0,0.0,2.0,0.0,False,,,,,,,,
S02,S02,1213,1213,OK,shil.fixed_k.k04,shil,fixed_k,shil.final_ranker_score,4,1.0,0.8446428571428571,0.844642361742225,0.2981627888565344,0.942423469387755,0.75,1.0,0.8571428571428571,1,0.25,3,0.75,1.0,0.8571428571428571,1,0.25,4.0,0.0,False,,,,,,,,
S02,S02,1213,1213,OK,shil.fixed_k.k08,shil,fixed_k,shil.final_ranker_score,8,1.0,0.85,0.85,0.2985407689829661,0.942155612244898,0.375,1.0,0.5454545454545454,5,0.625,3,0.375,1.0,0.5454545454545454,5,0.625,8.0,0.0,False,,,,,,,,
S02,S02,1213,1213,OK,shil.fixed_k.k16,shil,fixed_k,shil.final_ranker_score,16,1.0,0.8446428571428571,0.844642361742225,0.3002645085841501,0.9416964285714284,0.1875,1.0,0.3157894736842105,13,0.8125,3,0.1875,1.0,0.3157894736842105,13,0.8125,16.0,0.0,False,,,,,,,,
S02,S02,1213,1213,OK,shil.validation_one_se,shil,validation_one_se,shil.final_ranker_score,4,1.0,0.8446428571428571,0.844642361742225,0.2981627888565344,0.942423469387755,0.75,1.0,0.8571428571428571,1,0.25,3,0.75,1.0,0.8571428571428571,1,0.25,,0.0,False,4.0,0.28876278867441735,0.018562443805486786,0.3073252324799041,,,,
S02,S02,1213,1213,OK,shil.cpss_one_se,shil,cpss_one_se,shil.final_development_selection_frequency,3,1.0,0.8446428571428571,0.844642361742225,0.2961773212927104,0.9437372448979592,1.0,1.0,1.0,0,0.0,3,1.0,1.0,1.0,0,0.0,,,False,,0.2869781705759154,0.01823123314827632,0.3052094037241917,4.0,0.9,3.0,3.0
S02,S02,1213,1213,OK,l1.fixed_k.k01,l1,fixed_k,l1.final_ranker_score,1,1.0,0.6482142857142857,0.648123399219824,0.5834656823990136,0.7258418367346939,1.0,0.3333333333333333,0.5,0,0.0,1,1.0,0.3333333333333333,0.5,0,0.0,1.0,0.0,False,,,,,,,,
S02,S02,1213,1213,OK,l1.fixed_k.k02,l1,fixed_k,l1.final_ranker_score,2,1.0,0.8,0.7999974489470529,0.418079399104599,0.8874107142857144,1.0,0.6666666666666666,0.8,0,0.0,2,1.0,0.6666666666666666,0.8,0,0.0,2.0,0.0,False,,,,,,,,
S02,S02,1213,1213,OK,l1.fixed_k.k04,l1,fixed_k,l1.final_ranker_score,4,1.0,0.8428571428571429,0.8428551384583987,0.2978125831987985,0.9429719387755102,0.75,1.0,0.8571428571428571,1,0.25,3,0.75,1.0,0.8571428571428571,1,0.25,4.0,0.0,False,,,,,,,,
S02,S02,1213,1213,OK,l1.fixed_k.k08,l1,fixed_k,l1.final_ranker_score,8,1.0,0.8428571428571429,0.8428551384583987,0.304483809148927,0.9397959183673468,0.375,1.0,0.5454545454545454,5,0.625,3,0.375,1.0,0.5454545454545454,5,0.625,8.0,0.0,False,,,,,,,,
S02,S02,1213,1213,OK,l1.fixed_k.k16,l1,fixed_k,l1.final_ranker_score,16,1.0,0.8339285714285715,0.8339280418623785,0.3250395453968512,0.932576530612245,0.1875,1.0,0.3157894736842105,13,0.8125,3,0.1875,1.0,0.3157894736842105,13,0.8125,16.0,0.0,False,,,,,,,,
S02,S02,1213,1213,OK,l1.validation_one_se,l1,validation_one_se,l1.final_ranker_score,4,1.0,0.8428571428571429,0.8428551384583987,0.2978125831987985,0.9429719387755102,0.75,1.0,0.8571428571428571,1,0.25,3,0.75,1.0,0.8571428571428571,1,0.25,,0.0,False,4.0,0.2917990222758058,0.01857306110940839,0.31037208338521416,,,,
S02,S02,1213,1213,OK,l1.cpss_one_se,l1,cpss_one_se,l1.final_development_selection_frequency,3,1.0,0.8446428571428571,0.844642361742225,0.2961773212927104,0.9437372448979592,1.0,1.0,1.0,0,0.0,3,1.0,1.0,1.0,0,0.0,,,False,,0.2869781705759154,0.01823123314827632,0.3052094037241917,4.0,0.9,3.0,3.0
S02,S02,1231,1231,OK,shil.fixed_k.k01,shil,fixed_k,shil.final_ranker_score,1,1.0,0.6571428571428571,0.6571428571428571,0.5833809329477906,0.739936224489796,1.0,0.3333333333333333,0.5,0,0.0,1,1.0,0.3333333333333333,0.5,0,0.0,1.0,0.0,False,,,,,,,,
S02,S02,1231,1231,OK,shil.fixed_k.k02,shil,fixed_k,shil.final_ranker_score,2,1.0,0.7339285714285714,0.7336219308579073,0.4816610160710425,0.8369515306122448,1.0,0.6666666666666666,0.8,0,0.0,2,1.0,0.6666666666666666,0.8,0,0.0,2.0,0.0,False,,,,,,,,
S02,S02,1231,1231,OK,shil.fixed_k.k04,shil,fixed_k,shil.final_ranker_score,4,1.0,0.8571428571428571,0.8571264558431453,0.30379379726215,0.9393239795918368,0.75,1.0,0.8571428571428571,1,0.25,3,0.75,1.0,0.8571428571428571,1,0.25,4.0,0.0,False,,,,,,,,
S02,S02,1231,1231,OK,shil.fixed_k.k08,shil,fixed_k,shil.final_ranker_score,8,1.0,0.8464285714285714,0.8464109400313812,0.303754824532744,0.9393367346938776,0.375,1.0,0.5454545454545454,5,0.625,3,0.375,1.0,0.5454545454545454,5,0.625,8.0,0.0,False,,,,,,,,
S02,S02,1231,1231,OK,shil.fixed_k.k16,shil,fixed_k,shil.final_ranker_score,16,1.0,0.8517857142857143,0.8517814605648759,0.3059757669375554,0.9393494897959184,0.1875,1.0,0.3157894736842105,13,0.8125,3,0.1875,1.0,0.3157894736842105,13,0.8125,16.0,0.0,False,,,,,,,,
S02,S02,1231,1231,OK,shil.validation_one_se,shil,validation_one_se,shil.final_ranker_score,4,1.0,0.8571428571428571,0.8571264558431453,0.30379379726215,0.9393239795918368,0.75,1.0,0.8571428571428571,1,0.25,3,0.75,1.0,0.8571428571428571,1,0.25,,0.0,False,4.0,0.2952491337205783,0.01852056249308591,0.31376969621366424,,,,
S02,S02,1231,1231,OK,shil.cpss_one_se,shil,cpss_one_se,shil.final_development_selection_frequency,3,1.0,0.8571428571428571,0.8571264558431453,0.3045786921407476,0.9390816326530612,1.0,1.0,1.0,0,0.0,3,1.0,1.0,1.0,0,0.0,,,False,,0.2905764070876436,0.018155082166173807,0.3087314892538174,4.0,0.9,3.0,3.0
S02,S02,1231,1231,OK,l1.fixed_k.k01,l1,fixed_k,l1.final_ranker_score,1,1.0,0.6571428571428571,0.6571428571428571,0.5833809329477906,0.739936224489796,1.0,0.3333333333333333,0.5,0,0.0,1,1.0,0.3333333333333333,0.5,0,0.0,1.0,0.0,False,,,,,,,,
S02,S02,1231,1231,OK,l1.fixed_k.k02,l1,fixed_k,l1.final_ranker_score,2,1.0,0.7678571428571429,0.7678097570932843,0.4598884624950916,0.8625127551020408,1.0,0.6666666666666666,0.8,0,0.0,2,1.0,0.6666666666666666,0.8,0,0.0,2.0,0.0,False,,,,,,,,
S02,S02,1231,1231,OK,l1.fixed_k.k04,l1,fixed_k,l1.final_ranker_score,4,1.0,0.8410714285714286,0.8410668673526983,0.307864280457267,0.9377933673469389,0.75,1.0,0.8571428571428571,1,0.25,3,0.75,1.0,0.8571428571428571,1,0.25,4.0,0.0,False,,,,,,,,
S02,S02,1231,1231,OK,l1.fixed_k.k08,l1,fixed_k,l1.final_ranker_score,8,1.0,0.8410714285714286,0.841070921782276,0.3135054483760824,0.9361607142857142,0.375,1.0,0.5454545454545454,5,0.625,3,0.375,1.0,0.5454545454545454,5,0.625,8.0,0.0,False,,,,,,,,
S02,S02,1231,1231,OK,l1.fixed_k.k16,l1,fixed_k,l1.final_ranker_score,16,1.0,0.8303571428571429,0.8303436179542374,0.3232135503145663,0.9334821428571428,0.1875,1.0,0.3157894736842105,13,0.8125,3,0.1875,1.0,0.3157894736842105,13,0.8125,16.0,0.0,False,,,,,,,,
S02,S02,1231,1231,OK,l1.validation_one_se,l1,validation_one_se,l1.final_ranker_score,4,1.0,0.8410714285714286,0.8410668673526983,0.307864280457267,0.9377933673469389,0.75,1.0,0.8571428571428571,1,0.25,3,0.75,1.0,0.8571428571428571,1,0.25,,0.0,False,4.0,0.2941050504132784,0.018301337725663495,0.3124063881389419,,,,
S02,S02,1231,1231,OK,l1.cpss_one_se,l1,cpss_one_se,l1.final_development_selection_frequency,3,1.0,0.8571428571428571,0.8571264558431453,0.3045786921407476,0.9390816326530612,1.0,1.0,1.0,0,0.0,3,1.0,1.0,1.0,0,0.0,,,False,,0.2905764070876436,0.018155082166173807,0.3087314892538174,4.0,0.9,3.0,3.0
S02,S02,1249,1249,OK,shil.fixed_k.k01,shil,fixed_k,shil.final_ranker_score,1,1.0,0.6339285714285714,0.6338993861117754,0.6085851860241666,0.7126020408163265,1.0,0.3333333333333333,0.5,0,0.0,1,1.0,0.3333333333333333,0.5,0,0.0,1.0,0.0,False,,,,,,,,
S02,S02,1249,1249,OK,shil.fixed_k.k02,shil,fixed_k,shil.final_ranker_score,2,1.0,0.7785714285714286,0.778390522875817,0.4536268779569598,0.8700765306122449,1.0,0.6666666666666666,0.8,0,0.0,2,1.0,0.6666666666666666,0.8,0,0.0,2.0,0.0,False,,,,,,,,
S02,S02,1249,1249,OK,shil.fixed_k.k04,shil,fixed_k,shil.final_ranker_score,4,1.0,0.8678571428571429,0.867749183006536,0.2863119670234105,0.9493622448979592,0.75,1.0,0.8571428571428571,1,0.25,3,0.75,1.0,0.8571428571428571,1,0.25,4.0,0.0,False,,,,,,,,
S02,S02,1249,1249,OK,shil.fixed_k.k08,shil,fixed_k,shil.final_ranker_score,8,1.0,0.8696428571428572,0.8695226149097861,0.2882618925975035,0.9486479591836736,0.375,1.0,0.5454545454545454,5,0.625,3,0.375,1.0,0.5454545454545454,5,0.625,8.0,0.0,False,,,,,,,,
S02,S02,1249,1249,OK,shil.fixed_k.k16,shil,fixed_k,shil.final_ranker_score,16,1.0,0.8607142857142858,0.8606271777003485,0.2955348633573057,0.9455612244897958,0.1875,1.0,0.3157894736842105,13,0.8125,3,0.1875,1.0,0.3157894736842105,13,0.8125,16.0,0.0,False,,,,,,,,
S02,S02,1249,1249,OK,shil.validation_one_se,shil,validation_one_se,shil.final_ranker_score,4,1.0,0.8678571428571429,0.867749183006536,0.2863119670234105,0.9493622448979592,0.75,1.0,0.8571428571428571,1,0.25,3,0.75,1.0,0.8571428571428571,1,0.25,,0.0,False,4.0,0.29909764010498774,0.018841361993524135,0.3179390020985119,,,,
S02,S02,1249,1249,OK,shil.cpss_one_se,shil,cpss_one_se,shil.final_development_selection_frequency,3,1.0,0.8696428571428572,0.8695492620662146,0.2870544594489762,0.948954081632653,1.0,1.0,1.0,0,0.0,3,1.0,1.0,1.0,0,0.0,,,False,,0.2968189734070448,0.018777446222614673,0.31559641962965945,4.0,0.9,3.0,3.0
S02,S02,1249,1249,OK,l1.fixed_k.k01,l1,fixed_k,l1.final_ranker_score,1,1.0,0.6875,0.6870599280237835,0.5753241039798336,0.7628188775510204,1.0,0.3333333333333333,0.5,0,0.0,1,1.0,0.3333333333333333,0.5,0,0.0,1.0,0.0,False,,,,,,,,
S02,S02,1249,1249,OK,l1.fixed_k.k02,l1,fixed_k,l1.final_ranker_score,2,1.0,0.7785714285714286,0.778390522875817,0.4536268779569597,0.8700765306122449,1.0,0.6666666666666666,0.8,0,0.0,2,1.0,0.6666666666666666,0.8,0,0.0,2.0,0.0,False,,,,,,,,
S02,S02,1249,1249,OK,l1.fixed_k.k04,l1,fixed_k,l1.final_ranker_score,4,1.0,0.8696428571428572,0.8695925404891556,0.2939275407516802,0.9459821428571428,0.75,1.0,0.8571428571428571,1,0.25,3,0.75,1.0,0.8571428571428571,1,0.25,4.0,0.0,False,,,,,,,,
S02,S02,1249,1249,OK,l1.fixed_k.k08,l1,fixed_k,l1.final_ranker_score,8,1.0,0.8642857142857143,0.8642424242424243,0.3027253749412709,0.9426530612244898,0.375,1.0,0.5454545454545454,5,0.625,3,0.375,1.0,0.5454545454545454,5,0.625,8.0,0.0,False,,,,,,,,
S02,S02,1249,1249,OK,l1.fixed_k.k16,l1,fixed_k,l1.final_ranker_score,16,1.0,0.8625,0.8624469262693832,0.3032696553339488,0.9412882653061224,0.1875,1.0,0.3157894736842105,13,0.8125,3,0.1875,1.0,0.3157894736842105,13,0.8125,16.0,0.0,False,,,,,,,,
S02,S02,1249,1249,OK,l1.validation_one_se,l1,validation_one_se,l1.final_ranker_score,4,1.0,0.8696428571428572,0.8695925404891556,0.2939275407516802,0.9459821428571428,0.75,1.0,0.8571428571428571,1,0.25,3,0.75,1.0,0.8571428571428571,1,0.25,,0.0,False,4.0,0.29138022317652,0.0184309258953154,0.30981114907183543,,,,
S02,S02,1249,1249,OK,l1.cpss_one_se,l1,cpss_one_se,l1.final_development_selection_frequency,3,1.0,0.8696428571428572,0.8695492620662146,0.2870544594489762,0.948954081632653,1.0,1.0,1.0,0,0.0,3,1.0,1.0,1.0,0,0.0,,,False,,0.2968189734070448,0.018777446222614673,0.31559641962965945,4.0,0.9,3.0,3.0
S02,S02,1277,1277,OK,shil.fixed_k.k01,shil,fixed_k,shil.final_ranker_score,1,1.0,0.6482142857142857,0.6482041895335007,0.5960997383033121,0.71375,1.0,0.3333333333333333,0.5,0,0.0,1,1.0,0.3333333333333333,0.5,0,0.0,1.0,0.0,False,,,,,,,,
S02,S02,1277,1277,OK,shil.fixed_k.k02,shil,fixed_k,shil.final_ranker_score,2,1.0,0.7232142857142857,0.7230155564419625,0.5089127979344689,0.8240816326530612,1.0,0.6666666666666666,0.8,0,0.0,2,1.0,0.6666666666666666,0.8,0,0.0,2.0,0.0,False,,,,,,,,
S02,S02,1277,1277,OK,shil.fixed_k.k04,shil,fixed_k,shil.final_ranker_score,4,1.0,0.8696428571428572,0.8696424414618669,0.2806028677891723,0.9494770408163266,0.75,1.0,0.8571428571428571,1,0.25,3,0.75,1.0,0.8571428571428571,1,0.25,4.0,0.0,False,,,,,,,,
S02,S02,1277,1277,OK,shil.fixed_k.k08,shil,fixed_k,shil.final_ranker_score,8,1.0,0.8678571428571429,0.8678571428571429,0.2810526446642025,0.9492602040816328,0.375,1.0,0.5454545454545454,5,0.625,3,0.375,1.0,0.5454545454545454,5,0.625,8.0,0.0,False,,,,,,,,
S02,S02,1277,1277,OK,shil.fixed_k.k16,shil,fixed_k,shil.final_ranker_score,16,1.0,0.8660714285714286,0.8660710015019181,0.2813237917933073,0.9496301020408164,0.1875,1.0,0.3157894736842105,13,0.8125,3,0.1875,1.0,0.3157894736842105,13,0.8125,16.0,0.0,False,,,,,,,,
S02,S02,1277,1277,OK,shil.validation_one_se,shil,validation_one_se,shil.final_ranker_score,4,1.0,0.8696428571428572,0.8696424414618669,0.2806028677891723,0.9494770408163266,0.75,1.0,0.8571428571428571,1,0.25,3,0.75,1.0,0.8571428571428571,1,0.25,,0.0,False,4.0,0.35186823293882236,0.024423857537216015,0.3762920904760384,,,,
S02,S02,1277,1277,OK,shil.cpss_one_se,shil,cpss_one_se,shil.final_development_selection_frequency,3,1.0,0.8696428571428572,0.8696391159185053,0.278544957049355,0.950905612244898,1.0,1.0,1.0,0,0.0,3,1.0,1.0,1.0,0,0.0,,,False,,0.3534911219687888,0.024612882108656167,0.37810400407744493,4.0,0.9,3.0,3.0
S02,S02,1277,1277,OK,l1.fixed_k.k01,l1,fixed_k,l1.final_ranker_score,1,1.0,0.6482142857142857,0.6482041895335007,0.5960997383033121,0.71375,1.0,0.3333333333333333,0.5,0,0.0,1,1.0,0.3333333333333333,0.5,0,0.0,1.0,0.0,False,,,,,,,,
S02,S02,1277,1277,OK,l1.fixed_k.k02,l1,fixed_k,l1.final_ranker_score,2,1.0,0.7910714285714285,0.7910654323625359,0.4307624498079439,0.8829974489795919,1.0,0.6666666666666666,0.8,0,0.0,2,1.0,0.6666666666666666,0.8,0,0.0,2.0,0.0,False,,,,,,,,
S02,S02,1277,1277,OK,l1.fixed_k.k04,l1,fixed_k,l1.final_ranker_score,4,1.0,0.8625,0.8624995615419693,0.2759819359785774,0.9520535714285714,0.75,1.0,0.8571428571428571,1,0.25,3,0.75,1.0,0.8571428571428571,1,0.25,4.0,0.0,False,,,,,,,,
S02,S02,1277,1277,OK,l1.fixed_k.k08,l1,fixed_k,l1.final_ranker_score,8,1.0,0.8607142857142858,0.8607125090881261,0.2725018430947,0.9535969387755104,0.375,1.0,0.5454545454545454,5,0.625,3,0.375,1.0,0.5454545454545454,5,0.625,8.0,0.0,False,,,,,,,,
S02,S02,1277,1277,OK,l1.fixed_k.k16,l1,fixed_k,l1.final_ranker_score,16,1.0,0.8660714285714286,0.8660675848477795,0.2745740019972643,0.952155612244898,0.1875,1.0,0.3157894736842105,13,0.8125,3,0.1875,1.0,0.3157894736842105,13,0.8125,16.0,0.0,False,,,,,,,,
S02,S02,1277,1277,OK,l1.validation_one_se,l1,validation_one_se,l1.final_ranker_score,4,1.0,0.8625,0.8624995615419693,0.2759819359785774,0.9520535714285714,0.75,1.0,0.8571428571428571,1,0.25,3,0.75,1.0,0.8571428571428571,1,0.25,,0.0,False,4.0,0.3549600399556348,0.024535194556574828,0.3794952345122096,,,,
S02,S02,1277,1277,OK,l1.cpss_one_se,l1,cpss_one_se,l1.final_development_selection_frequency,3,1.0,0.8696428571428572,0.8696391159185053,0.278544957049355,0.950905612244898,1.0,1.0,1.0,0,0.0,3,1.0,1.0,1.0,0,0.0,,,False,,0.3534911219687888,0.024612882108656167,0.37810400407744493,4.0,0.9,3.0,3.0
S03,S03,1103,1103,OK,shil.fixed_k.k01,shil,fixed_k,shil.final_ranker_score,1,1.0,0.675,0.6749834175213021,0.5795054856677078,0.7483928571428571,1.0,0.25,0.4,0,0.0,1,1.0,0.25,0.4,0,0.0,1.0,0.0,False,,,,,,,,
S03,S03,1103,1103,OK,shil.fixed_k.k02,shil,fixed_k,shil.final_ranker_score,2,1.0,0.7482142857142857,0.7481942119110261,0.485382654529547,0.8457525510204081,1.0,0.5,0.6666666666666666,0,0.0,2,1.0,0.5,0.6666666666666666,0,0.0,2.0,0.0,False,,,,,,,,
S03,S03,1103,1103,OK,shil.fixed_k.k04,shil,fixed_k,shil.final_ranker_score,4,1.0,0.8982142857142857,0.8982061707725425,0.2092870855031355,0.9735204081632652,1.0,1.0,1.0,0,0.0,4,1.0,1.0,1.0,0,0.0,4.0,0.0,False,,,,,,,,
S03,S03,1103,1103,OK,shil.fixed_k.k08,shil,fixed_k,shil.final_ranker_score,8,1.0,0.9017857142857144,0.901777884078769,0.2090875186732504,0.973533163265306,0.5,1.0,0.6666666666666666,4,0.5,4,0.5,1.0,0.6666666666666666,4,0.5,8.0,0.0,False,,,,,,,,
S03,S03,1103,1103,OK,shil.fixed_k.k16,shil,fixed_k,shil.final_ranker_score,16,1.0,0.9017857142857144,0.901770365905387,0.2137438097607836,0.9722321428571428,0.25,1.0,0.4,12,0.75,4,0.25,1.0,0.4,12,0.75,16.0,0.0,False,,,,,,,,
S03,S03,1103,1103,OK,shil.validation_one_se,shil,validation_one_se,shil.final_ranker_score,4,1.0,0.8982142857142857,0.8982061707725425,0.2092870855031355,0.9735204081632652,1.0,1.0,1.0,0,0.0,4,1.0,1.0,1.0,0,0.0,,0.0,False,4.0,0.23402312517796808,0.021102472251300387,0.2551255974292685,,,,
S03,S03,1103,1103,OK,shil.cpss_one_se,shil,cpss_one_se,shil.final_development_selection_frequency,4,1.0,0.8982142857142857,0.8982061707725425,0.2092870855031355,0.9735204081632652,1.0,1.0,1.0,0,0.0,4,1.0,1.0,1.0,0,0.0,,,False,,0.23402312517796808,0.021102472251300387,0.2551255974292685,4.0,0.9,4.0,4.0
S03,S03,1103,1103,OK,l1.fixed_k.k01,l1,fixed_k,l1.final_ranker_score,1,1.0,0.675,0.6749834175213021,0.5795054856677078,0.7483928571428571,1.0,0.25,0.4,0,0.0,1,1.0,0.25,0.4,0,0.0,1.0,0.0,False,,,,,,,,
S03,S03,1103,1103,OK,l1.fixed_k.k02,l1,fixed_k,l1.final_ranker_score,2,1.0,0.7517857142857143,0.7517849227835548,0.4707939053507191,0.8515943877551021,1.0,0.5,0.6666666666666666,0,0.0,2,1.0,0.5,0.6666666666666666,0,0.0,2.0,0.0,False,,,,,,,,
S03,S03,1103,1103,OK,l1.fixed_k.k04,l1,fixed_k,l1.final_ranker_score,4,1.0,0.8982142857142857,0.8982061707725425,0.2092870855031355,0.9735204081632652,1.0,1.0,1.0,0,0.0,4,1.0,1.0,1.0,0,0.0,4.0,0.0,False,,,,,,,,
S03,S03,1103,1103,OK,l1.fixed_k.k08,l1,fixed_k,l1.final_ranker_score,8,1.0,0.9017857142857144,0.9017828955550382,0.2181614217430822,0.9709311224489796,0.5,1.0,0.6666666666666666,4,0.5,4,0.5,1.0,0.6666666666666666,4,0.5,8.0,0.0,False,,,,,,,,
S03,S03,1103,1103,OK,l1.fixed_k.k16,l1,fixed_k,l1.final_ranker_score,16,1.0,0.8964285714285715,0.8964232869023929,0.2315176591134227,0.9672704081632651,0.25,1.0,0.4,12,0.75,4,0.25,1.0,0.4,12,0.75,16.0,0.0,False,,,,,,,,
S03,S03,1103,1103,OK,l1.validation_one_se,l1,validation_one_se,l1.final_ranker_score,4,1.0,0.8982142857142857,0.8982061707725425,0.2092870855031355,0.9735204081632652,1.0,1.0,1.0,0,0.0,4,1.0,1.0,1.0,0,0.0,,0.0,False,4.0,0.23402312517796808,0.02110247225130039,0.2551255974292685,,,,
S03,S03,1103,1103,OK,l1.cpss_one_se,l1,cpss_one_se,l1.final_development_selection_frequency,4,1.0,0.8982142857142857,0.8982061707725425,0.2092870855031355,0.9735204081632652,1.0,1.0,1.0,0,0.0,4,1.0,1.0,1.0,0,0.0,,,False,,0.23402312517796808,0.021102472251300387,0.2551255974292685,4.0,0.9,4.0,4.0
S03,S03,1129,1129,OK,shil.fixed_k.k01,shil,fixed_k,shil.final_ranker_score,1,1.0,0.7017857142857142,0.7017619389300804,0.5759187685740506,0.7656122448979592,1.0,0.25,0.4,0,0.0,1,1.0,0.25,0.4,0,0.0,1.0,0.0,False,,,,,,,,
S03,S03,1129,1129,OK,shil.fixed_k.k02,shil,fixed_k,shil.final_ranker_score,2,1.0,0.7482142857142857,0.7482070595138253,0.5043191143560398,0.8347704081632652,1.0,0.5,0.6666666666666666,0,0.0,2,1.0,0.5,0.6666666666666666,0,0.0,2.0,0.0,False,,,,,,,,
S03,S03,1129,1129,OK,shil.fixed_k.k04,shil,fixed_k,shil.final_ranker_score,4,1.0,0.8839285714285714,0.8839282013016623,0.2370052663209353,0.9640561224489796,1.0,1.0,1.0,0,0.0,4,1.0,1.0,1.0,0,0.0,4.0,0.0,False,,,,,,,,
S03,S03,1129,1129,OK,shil.fixed_k.k08,shil,fixed_k,shil.final_ranker_score,8,1.0,0.8839285714285714,0.8839282013016623,0.2412131372478374,0.963405612244898,0.5,1.0,0.6666666666666666,4,0.5,4,0.5,1.0,0.6666666666666666,4,0.5,8.0,0.0,False,,,,,,,,
S03,S03,1129,1129,OK,shil.fixed_k.k16,shil,fixed_k,shil.final_ranker_score,16,1.0,0.8839285714285714,0.8839282013016623,0.2496324668832641,0.9607908163265306,0.25,1.0,0.4,12,0.75,4,0.25,1.0,0.4,12,0.75,16.0,0.0,False,,,,,,,,
S03,S03,1129,1129,OK,shil.validation_one_se,shil,validation_one_se,shil.final_ranker_score,4,1.0,0.8839285714285714,0.8839282013016623,0.2370052663209353,0.9640561224489796,1.0,1.0,1.0,0,0.0,4,1.0,1.0,1.0,0,0.0,,0.0,False,4.0,0.23136843546809197,0.020187775441277124,0.2515562109093691,,,,
S03,S03,1129,1129,OK,shil.cpss_one_se,shil,cpss_one_se,shil.final_development_selection_frequency,4,1.0,0.8839285714285714,0.8839282013016623,0.2370052663209353,0.9640561224489796,1.0,1.0,1.0,0,0.0,4,1.0,1.0,1.0,0,0.0,,,False,,0.23136843546809197,0.020187775441277124,0.2515562109093691,4.0,0.9,4.0,4.0
S03,S03,1129,1129,OK,l1.fixed_k.k01,l1,fixed_k,l1.final_ranker_score,1,1.0,0.7017857142857142,0.7017619389300804,0.5759187685740506,0.7656122448979592,1.0,0.25,0.4,0,0.0,1,1.0,0.25,0.4,0,0.0,1.0,0.0,False,,,,,,,,
S03,S03,1129,1129,OK,l1.fixed_k.k02,l1,fixed_k,l1.final_ranker_score,2,1.0,0.7767857142857143,0.7767679183608387,0.4724328702571383,0.8568622448979594,1.0,0.5,0.6666666666666666,0,0.0,2,1.0,0.5,0.6666666666666666,0,0.0,2.0,0.0,False,,,,,,,,
S03,S03,1129,1129,OK,l1.fixed_k.k04,l1,fixed_k,l1.final_ranker_score,4,1.0,0.8839285714285714,0.8839282013016623,0.2370052663209353,0.9640561224489796,1.0,1.0,1.0,0,0.0,4,1.0,1.0,1.0,0,0.0,4.0,0.0,False,,,,,,,,
S03,S03,1129,1129,OK,l1.fixed_k.k08,l1,fixed_k,l1.final_ranker_score,8,1.0,0.8803571428571428,0.8803567613417135,0.2460068792882547,0.9615178571428572,0.5,1.0,0.6666666666666666,4,0.5,4,0.5,1.0,0.6666666666666666,4,0.5,8.0,0.0,False,,,,,,,,
S03,S03,1129,1129,OK,l1.fixed_k.k16,l1,fixed_k,l1.final_ranker_score,16,1.0,0.8821428571428571,0.8821293260705948,0.267413107810534,0.9562372448979592,0.25,1.0,0.4,12,0.75,4,0.25,1.0,0.4,12,0.75,16.0,0.0,False,,,,,,,,
S03,S03,1129,1129,OK,l1.validation_one_se,l1,validation_one_se,l1.final_ranker_score,4,1.0,0.8839285714285714,0.8839282013016623,0.2370052663209353,0.9640561224489796,1.0,1.0,1.0,0,0.0,4,1.0,1.0,1.0,0,0.0,,0.0,False,4.0,0.23136843546809197,0.020187775441277124,0.2515562109093691,,,,
S03,S03,1129,1129,OK,l1.cpss_one_se,l1,cpss_one_se,l1.final_development_selection_frequency,4,1.0,0.8839285714285714,0.8839282013016623,0.2370052663209353,0.9640561224489796,1.0,1.0,1.0,0,0.0,4,1.0,1.0,1.0,0,0.0,,,False,,0.23136843546809197,0.020187775441277124,0.2515562109093691,4.0,0.9,4.0,4.0
S03,S03,1151,1151,OK,shil.fixed_k.k01,shil,fixed_k,shil.final_ranker_score,1,1.0,0.7107142857142857,0.7106995254859942,0.5691445844197519,0.7754336734693876,1.0,0.25,0.4,0,0.0,1,1.0,0.25,0.4,0,0.0,1.0,0.0,False,,,,,,,,
S03,S03,1151,1151,OK,shil.fixed_k.k02,shil,fixed_k,shil.final_ranker_score,2,1.0,0.7607142857142857,0.7606379585326954,0.4904207071044602,0.8464923469387756,1.0,0.5,0.6666666666666666,0,0.0,2,1.0,0.5,0.6666666666666666,0,0.0,2.0,0.0,False,,,,,,,,
S03,S03,1151,1151,OK,shil.fixed_k.k04,shil,fixed_k,shil.final_ranker_score,4,1.0,0.8928571428571429,0.8928352725045927,0.2399891207223825,0.9647321428571428,1.0,1.0,1.0,0,0.0,4,1.0,1.0,1.0,0,0.0,4.0,0.0,False,,,,,,,,
S03,S03,1151,1151,OK,shil.fixed_k.k08,shil,fixed_k,shil.final_ranker_score,8,1.0,0.8875,0.8874824191279886,0.242520611726243,0.9639540816326532,0.5,1.0,0.6666666666666666,4,0.5,4,0.5,1.0,0.6666666666666666,4,0.5,8.0,0.0,False,,,,,,,,
S03,S03,1151,1151,OK,shil.fixed_k.k16,shil,fixed_k,shil.final_ranker_score,16,1.0,0.8892857142857142,0.8892631149214125,0.242421550856534,0.9638010204081632,0.25,1.0,0.4,12,0.75,4,0.25,1.0,0.4,12,0.75,16.0,0.0,False,,,,,,,,
S03,S03,1151,1151,OK,shil.validation_one_se,shil,validation_one_se,shil.final_ranker_score,4,1.0,0.8928571428571429,0.8928352725045927,0.2399891207223825,0.9647321428571428,1.0,1.0,1.0,0,0.0,4,1.0,1.0,1.0,0,0.0,,0.0,False,4.0,0.24433483895742572,0.018128348498008963,0.2624631874554347,,,,
S03,S03,1151,1151,OK,shil.cpss_one_se,shil,cpss_one_se,shil.final_development_selection_frequency,4,1.0,0.8928571428571429,0.8928352725045927,0.2399891207223825,0.9647321428571428,1.0,1.0,1.0,0,0.0,4,1.0,1.0,1.0,0,0.0,,,False,,0.24433483895742567,0.018128348498008966,0.2624631874554346,4.0,0.9,4.0,4.0
S03,S03,1151,1151,OK,l1.fixed_k.k01,l1,fixed_k,l1.final_ranker_score,1,1.0,0.7107142857142857,0.7106995254859942,0.5691445844197519,0.7754336734693876,1.0,0.25,0.4,0,0.0,1,1.0,0.25,0.4,0,0.0,1.0,0.0,False,,,,,,,,
S03,S03,1151,1151,OK,l1.fixed_k.k02,l1,fixed_k,l1.final_ranker_score,2,1.0,0.7607142857142857,0.7606379585326954,0.4904207071044602,0.8464923469387756,1.0,0.5,0.6666666666666666,0,0.0,2,1.0,0.5,0.6666666666666666,0,0.0,2.0,0.0,False,,,,,,,,
S03,S03,1151,1151,OK,l1.fixed_k.k04,l1,fixed_k,l1.final_ranker_score,4,1.0,0.8928571428571429,0.8928352725045927,0.2399891207223825,0.9647321428571428,1.0,1.0,1.0,0,0.0,4,1.0,1.0,1.0,0,0.0,4.0,0.0,False,,,,,,,,
S03,S03,1151,1151,OK,l1.fixed_k.k08,l1,fixed_k,l1.final_ranker_score,8,1.0,0.8803571428571428,0.8803109618188141,0.2520517573223681,0.9608035714285714,0.5,1.0,0.6666666666666666,4,0.5,4,0.5,1.0,0.6666666666666666,4,0.5,8.0,0.0,False,,,,,,,,
S03,S03,1151,1151,OK,l1.fixed_k.k16,l1,fixed_k,l1.final_ranker_score,16,1.0,0.8839285714285714,0.8838837689287002,0.249883104743158,0.962002551020408,0.25,1.0,0.4,12,0.75,4,0.25,1.0,0.4,12,0.75,16.0,0.0,False,,,,,,,,
S03,S03,1151,1151,OK,l1.validation_one_se,l1,validation_one_se,l1.final_ranker_score,4,1.0,0.8928571428571429,0.8928352725045927,0.2399891207223825,0.9647321428571428,1.0,1.0,1.0,0,0.0,4,1.0,1.0,1.0,0,0.0,,0.0,False,4.0,0.24433483895742567,0.018128348498008966,0.2624631874554346,,,,
S03,S03,1151,1151,OK,l1.cpss_one_se,l1,cpss_one_se,l1.final_development_selection_frequency,4,1.0,0.8928571428571429,0.8928352725045927,0.2399891207223825,0.9647321428571428,1.0,1.0,1.0,0,0.0,4,1.0,1.0,1.0,0,0.0,,,False,,0.24433483895742567,0.018128348498008966,0.2624631874554346,4.0,0.9,4.0,4.0
S03,S03,1171,1171,OK,shil.fixed_k.k01,shil,fixed_k,shil.final_ranker_score,1,1.0,0.6928571428571428,0.6928532251686883,0.5730346570998617,0.761670918367347,1.0,0.25,0.4,0,0.0,1,1.0,0.25,0.4,0,0.0,1.0,0.0,False,,,,,,,,
S03,S03,1171,1171,OK,shil.fixed_k.k02,shil,fixed_k,shil.final_ranker_score,2,1.0,0.7803571428571429,0.7803396316670653,0.470234999748591,0.859923469387755,1.0,0.5,0.6666666666666666,0,0.0,2,1.0,0.5,0.6666666666666666,0,0.0,2.0,0.0,False,,,,,,,,
S03,S03,1171,1171,OK,shil.fixed_k.k04,shil,fixed_k,shil.final_ranker_score,4,1.0,0.8785714285714286,0.8785466421718718,0.2453862216887799,0.9621428571428572,1.0,1.0,1.0,0,0.0,4,1.0,1.0,1.0,0,0.0,4.0,0.0,False,,,,,,,,
S03,S03,1171,1171,OK,shil.fixed_k.k08,shil,fixed_k,shil.final_ranker_score,8,1.0,0.8732142857142857,0.8732041776289563,0.2507513753396632,0.9600892857142856,0.5,1.0,0.6666666666666666,4,0.5,4,0.5,1.0,0.6666666666666666,4,0.5,8.0,0.0,False,,,,,,,,
S03,S03,1171,1171,OK,shil.fixed_k.k16,shil,fixed_k,shil.final_ranker_score,16,1.0,0.8732142857142857,0.8731944723505904,0.2563388233501281,0.9579464285714284,0.25,1.0,0.4,12,0.75,4,0.25,1.0,0.4,12,0.75,16.0,0.0,False,,,,,,,,
S03,S03,1171,1171,OK,shil.validation_one_se,shil,validation_one_se,shil.final_ranker_score,4,1.0,0.8785714285714286,0.8785466421718718,0.2453862216887799,0.9621428571428572,1.0,1.0,1.0,0,0.0,4,1.0,1.0,1.0,0,0.0,,0.0,False,4.0,0.24899531995154872,0.019042421532496037,0.26803774148404474,,,,
S03,S03,1171,1171,OK,shil.cpss_one_se,shil,cpss_one_se,shil.final_development_selection_frequency,4,1.0,0.8785714285714286,0.8785466421718718,0.2453862216887799,0.9621428571428572,1.0,1.0,1.0,0,0.0,4,1.0,1.0,1.0,0,0.0,,,False,,0.24899531995154872,0.019042421532496037,0.26803774148404474,4.0,0.9,4.0,4.0
S03,S03,1171,1171,OK,l1.fixed_k.k01,l1,fixed_k,l1.final_ranker_score,1,1.0,0.6928571428571428,0.6928532251686883,0.5730346570998617,0.761670918367347,1.0,0.25,0.4,0,0.0,1,1.0,0.25,0.4,0,0.0,1.0,0.0,False,,,,,,,,
S03,S03,1171,1171,OK,l1.fixed_k.k02,l1,fixed_k,l1.final_ranker_score,2,1.0,0.7178571428571429,0.7178427470789326,0.5295718530355575,0.8099489795918366,1.0,0.5,0.6666666666666666,0,0.0,2,1.0,0.5,0.6666666666666666,0,0.0,2.0,0.0,False,,,,,,,,
S03,S03,1171,1171,OK,l1.fixed_k.k04,l1,fixed_k,l1.final_ranker_score,4,1.0,0.8785714285714286,0.8785466421718718,0.2453862216887799,0.9621428571428572,1.0,1.0,1.0,0,0.0,4,1.0,1.0,1.0,0,0.0,4.0,0.0,False,,,,,,,,
S03,S03,1171,1171,OK,l1.fixed_k.k08,l1,fixed_k,l1.final_ranker_score,8,1.0,0.8732142857142857,0.8732138814218158,0.2496967773912136,0.960127551020408,0.5,1.0,0.6666666666666666,4,0.5,4,0.5,1.0,0.6666666666666666,4,0.5,8.0,0.0,False,,,,,,,,
S03,S03,1171,1171,OK,l1.fixed_k.k16,l1,fixed_k,l1.final_ranker_score,16,1.0,0.8732142857142857,0.8732138814218158,0.2494955044962635,0.960688775510204,0.25,1.0,0.4,12,0.75,4,0.25,1.0,0.4,12,0.75,16.0,0.0,False,,,,,,,,
S03,S03,1171,1171,OK,l1.validation_one_se,l1,validation_one_se,l1.final_ranker_score,4,1.0,0.8785714285714286,0.8785466421718718,0.2453862216887799,0.9621428571428572,1.0,1.0,1.0,0,0.0,4,1.0,1.0,1.0,0,0.0,,0.0,False,4.0,0.24899531995154872,0.019042421532496037,0.26803774148404474,,,,
S03,S03,1171,1171,OK,l1.cpss_one_se,l1,cpss_one_se,l1.final_development_selection_frequency,4,1.0,0.8785714285714286,0.8785466421718718,0.2453862216887799,0.9621428571428572,1.0,1.0,1.0,0,0.0,4,1.0,1.0,1.0,0,0.0,,,False,,0.24899531995154872,0.019042421532496037,0.26803774148404474,4.0,0.9,4.0,4.0
S03,S03,1181,1181,OK,shil.fixed_k.k01,shil,fixed_k,shil.final_ranker_score,1,1.0,0.6910714285714286,0.6910625623822113,0.5852107630283565,0.7580229591836736,1.0,0.25,0.4,0,0.0,1,1.0,0.25,0.4,0,0.0,1.0,0.0,False,,,,,,,,
S03,S03,1181,1181,OK,shil.fixed_k.k02,shil,fixed_k,shil.final_ranker_score,2,1.0,0.7589285714285714,0.7588662888054631,0.4879096135231667,0.8436352040816328,1.0,0.5,0.6666666666666666,0,0.0,2,1.0,0.5,0.6666666666666666,0,0.0,2.0,0.0,False,,,,,,,,
S03,S03,1181,1181,OK,shil.fixed_k.k04,shil,fixed_k,shil.final_ranker_score,4,1.0,0.8892857142857142,0.8892164745823282,0.2297654020093715,0.9680739795918368,1.0,1.0,1.0,0,0.0,4,1.0,1.0,1.0,0,0.0,4.0,0.0,False,,,,,,,,
S03,S03,1181,1181,OK,shil.fixed_k.k08,shil,fixed_k,shil.final_ranker_score,8,1.0,0.8839285714285714,0.8838452333466295,0.2289194245432054,0.968405612244898,0.5,1.0,0.6666666666666666,4,0.5,4,0.5,1.0,0.6666666666666666,4,0.5,8.0,0.0,False,,,,,,,,
S03,S03,1181,1181,OK,shil.fixed_k.k16,shil,fixed_k,shil.final_ranker_score,16,1.0,0.8892857142857142,0.8892164745823282,0.229563297537015,0.968125,0.25,1.0,0.4,12,0.75,4,0.25,1.0,0.4,12,0.75,16.0,0.0,False,,,,,,,,
S03,S03,1181,1181,OK,shil.validation_one_se,shil,validation_one_se,shil.final_ranker_score,4,1.0,0.8892857142857142,0.8892164745823282,0.2297654020093715,0.9680739795918368,1.0,1.0,1.0,0,0.0,4,1.0,1.0,1.0,0,0.0,,0.0,False,4.0,0.23617817984389725,0.01906245849832578,0.25524063834222305,,,,
S03,S03,1181,1181,OK,shil.cpss_one_se,shil,cpss_one_se,shil.final_development_selection_frequency,4,1.0,0.8892857142857142,0.8892164745823282,0.2297654020093715,0.9680739795918368,1.0,1.0,1.0,0,0.0,4,1.0,1.0,1.0,0,0.0,,,False,,0.23617817984389725,0.01906245849832578,0.25524063834222305,4.0,0.9,4.0,4.0
S03,S03,1181,1181,OK,l1.fixed_k.k01,l1,fixed_k,l1.final_ranker_score,1,1.0,0.6910714285714286,0.6910625623822113,0.5852107630283565,0.7580229591836736,1.0,0.25,0.4,0,0.0,1,1.0,0.25,0.4,0,0.0,1.0,0.0,False,,,,,,,,
S03,S03,1181,1181,OK,l1.fixed_k.k02,l1,fixed_k,l1.final_ranker_score,2,1.0,0.7839285714285714,0.7839223702210841,0.4659996187637711,0.8608545918367347,1.0,0.5,0.6666666666666666,0,0.0,2,1.0,0.5,0.6666666666666666,0,0.0,2.0,0.0,False,,,,,,,,
S03,S03,1181,1181,OK,l1.fixed_k.k04,l1,fixed_k,l1.final_ranker_score,4,1.0,0.8892857142857142,0.8892164745823282,0.2297654020093715,0.9680739795918368,1.0,1.0,1.0,0,0.0,4,1.0,1.0,1.0,0,0.0,4.0,0.0,False,,,,,,,,
S03,S03,1181,1181,OK,l1.fixed_k.k08,l1,fixed_k,l1.final_ranker_score,8,1.0,0.8910714285714286,0.8909458911565928,0.2308649276691484,0.9673724489795918,0.5,1.0,0.6666666666666666,4,0.5,4,0.5,1.0,0.6666666666666666,4,0.5,8.0,0.0,False,,,,,,,,
S03,S03,1181,1181,OK,l1.fixed_k.k16,l1,fixed_k,l1.final_ranker_score,16,1.0,0.875,0.8748707210255493,0.2425173059930433,0.96452806122449,0.25,1.0,0.4,12,0.75,4,0.25,1.0,0.4,12,0.75,16.0,0.0,False,,,,,,,,
S03,S03,1181,1181,OK,l1.validation_one_se,l1,validation_one_se,l1.final_ranker_score,4,1.0,0.8892857142857142,0.8892164745823282,0.2297654020093715,0.9680739795918368,1.0,1.0,1.0,0,0.0,4,1.0,1.0,1.0,0,0.0,,0.0,False,4.0,0.2361781798438972,0.01906245849832578,0.255240638342223,,,,
S03,S03,1181,1181,OK,l1.cpss_one_se,l1,cpss_one_se,l1.final_development_selection_frequency,4,1.0,0.8892857142857142,0.8892164745823282,0.2297654020093715,0.9680739795918368,1.0,1.0,1.0,0,0.0,4,1.0,1.0,1.0,0,0.0,,,False,,0.23617817984389725,0.01906245849832578,0.25524063834222305,4.0,0.9,4.0,4.0
S03,S03,1201,1201,OK,shil.fixed_k.k01,shil,fixed_k,shil.final_ranker_score,1,1.0,0.65,0.6499598168157059,0.6090293835644217,0.7244897959183674,1.0,0.25,0.4,0,0.0,1,1.0,0.25,0.4,0,0.0,1.0,0.0,False,,,,,,,,
S03,S03,1201,1201,OK,shil.fixed_k.k02,shil,fixed_k,shil.final_ranker_score,2,1.0,0.7482142857142857,0.7480335061826885,0.5096029745973562,0.8303698979591837,1.0,0.5,0.6666666666666666,0,0.0,2,1.0,0.5,0.6666666666666666,0,0.0,2.0,0.0,False,,,,,,,,
S03,S03,1201,1201,OK,shil.fixed_k.k04,shil,fixed_k,shil.final_ranker_score,4,1.0,0.8660714285714286,0.8660504989618913,0.2608537011341182,0.9562627551020408,1.0,1.0,1.0,0,0.0,4,1.0,1.0,1.0,0,0.0,4.0,0.0,False,,,,,,,,
S03,S03,1201,1201,OK,shil.fixed_k.k08,shil,fixed_k,shil.final_ranker_score,8,1.0,0.8660714285714286,0.8660607510165033,0.2627652584049088,0.9565816326530612,0.5,1.0,0.6666666666666666,4,0.5,4,0.5,1.0,0.6666666666666666,4,0.5,8.0,0.0,False,,,,,,,,
S03,S03,1201,1201,OK,shil.fixed_k.k16,shil,fixed_k,shil.final_ranker_score,16,1.0,0.8678571428571429,0.867830169422331,0.2679582593848689,0.9552933673469388,0.25,1.0,0.4,12,0.75,4,0.25,1.0,0.4,12,0.75,16.0,0.0,False,,,,,,,,
S03,S03,1201,1201,OK,shil.validation_one_se,shil,validation_one_se,shil.final_ranker_score,4,1.0,0.8660714285714286,0.8660504989618913,0.2608537011341182,0.9562627551020408,1.0,1.0,1.0,0,0.0,4,1.0,1.0,1.0,0,0.0,,0.0,False,4.0,0.21548481030066532,0.020061889418257057,0.2355466997189224,,,,
S03,S03,1201,1201,OK,shil.cpss_one_se,shil,cpss_one_se,shil.final_development_selection_frequency,4,1.0,0.8660714285714286,0.8660504989618913,0.2608537011341182,0.9562627551020408,1.0,1.0,1.0,0,0.0,4,1.0,1.0,1.0,0,0.0,,,False,,0.21548481030066532,0.020061889418257057,0.2355466997189224,4.0,0.9,4.0,4.0
S03,S03,1201,1201,OK,l1.fixed_k.k01,l1,fixed_k,l1.final_ranker_score,1,1.0,0.65,0.6499598168157059,0.6090293835644217,0.7244897959183674,1.0,0.25,0.4,0,0.0,1,1.0,0.25,0.4,0,0.0,1.0,0.0,False,,,,,,,,
S03,S03,1201,1201,OK,l1.fixed_k.k02,l1,fixed_k,l1.final_ranker_score,2,1.0,0.7089285714285715,0.7089053655425337,0.534288232652336,0.8048979591836736,1.0,0.5,0.6666666666666666,0,0.0,2,1.0,0.5,0.6666666666666666,0,0.0,2.0,0.0,False,,,,,,,,
S03,S03,1201,1201,OK,l1.fixed_k.k04,l1,fixed_k,l1.final_ranker_score,4,1.0,0.8660714285714286,0.8660504989618913,0.2608537011341182,0.9562627551020408,1.0,1.0,1.0,0,0.0,4,1.0,1.0,1.0,0,0.0,4.0,0.0,False,,,,,,,,
S03,S03,1201,1201,OK,l1.fixed_k.k08,l1,fixed_k,l1.final_ranker_score,8,1.0,0.8625,0.8624890377102766,0.2659685359481802,0.9553188775510204,0.5,1.0,0.6666666666666666,4,0.5,4,0.5,1.0,0.6666666666666666,4,0.5,8.0,0.0,False,,,,,,,,
S03,S03,1201,1201,OK,l1.fixed_k.k16,l1,fixed_k,l1.final_ranker_score,16,1.0,0.8732142857142857,0.8731944723505904,0.2723874517196945,0.9541071428571428,0.25,1.0,0.4,12,0.75,4,0.25,1.0,0.4,12,0.75,16.0,0.0,False,,,,,,,,
S03,S03,1201,1201,OK,l1.validation_one_se,l1,validation_one_se,l1.final_ranker_score,4,1.0,0.8660714285714286,0.8660504989618913,0.2608537011341182,0.9562627551020408,1.0,1.0,1.0,0,0.0,4,1.0,1.0,1.0,0,0.0,,0.0,False,4.0,0.21548481030066532,0.020061889418257057,0.2355466997189224,,,,
S03,S03,1201,1201,OK,l1.cpss_one_se,l1,cpss_one_se,l1.final_development_selection_frequency,4,1.0,0.8660714285714286,0.8660504989618913,0.2608537011341182,0.9562627551020408,1.0,1.0,1.0,0,0.0,4,1.0,1.0,1.0,0,0.0,,,False,,0.21548481030066532,0.020061889418257057,0.2355466997189224,4.0,0.9,4.0,4.0
S03,S03,1213,1213,OK,shil.fixed_k.k01,shil,fixed_k,shil.final_ranker_score,1,1.0,0.6732142857142858,0.6729128565546694,0.576660163067096,0.7531887755102041,1.0,0.25,0.4,0,0.0,1,1.0,0.25,0.4,0,0.0,1.0,0.0,False,,,,,,,,
S03,S03,1213,1213,OK,shil.fixed_k.k02,shil,fixed_k,shil.final_ranker_score,2,1.0,0.775,0.7748592870544091,0.4332320238255358,0.8782270408163266,1.0,0.5,0.6666666666666666,0,0.0,2,1.0,0.5,0.6666666666666666,0,0.0,2.0,0.0,False,,,,,,,,
S03,S03,1213,1213,OK,shil.fixed_k.k04,shil,fixed_k,shil.final_ranker_score,4,1.0,0.8946428571428572,0.894615637329795,0.2277847061875309,0.9678698979591835,1.0,1.0,1.0,0,0.0,4,1.0,1.0,1.0,0,0.0,4.0,0.0,False,,,,,,,,
S03,S03,1213,1213,OK,shil.fixed_k.k08,shil,fixed_k,shil.final_ranker_score,8,1.0,0.8946428571428572,0.894615637329795,0.2292721214488647,0.967627551020408,0.5,1.0,0.6666666666666666,4,0.5,4,0.5,1.0,0.6666666666666666,4,0.5,8.0,0.0,False,,,,,,,,
S03,S03,1213,1213,OK,shil.fixed_k.k16,shil,fixed_k,shil.final_ranker_score,16,1.0,0.8946428571428572,0.8946263925166879,0.23109266611304,0.9668877551020408,0.25,1.0,0.4,12,0.75,4,0.25,1.0,0.4,12,0.75,16.0,0.0,False,,,,,,,,
S03,S03,1213,1213,OK,shil.validation_one_se,shil,validation_one_se,shil.final_ranker_score,4,1.0,0.8946428571428572,0.894615637329795,0.2277847061875309,0.9678698979591835,1.0,1.0,1.0,0,0.0,4,1.0,1.0,1.0,0,0.0,,0.0,False,4.0,0.2090984640839547,0.016241218729675874,0.22351876970214912,,,,
S03,S03,1213,1213,OK,shil.cpss_one_se,shil,cpss_one_se,shil.final_development_selection_frequency,4,1.0,0.8946428571428572,0.894615637329795,0.2277847061875309,0.9678698979591835,1.0,1.0,1.0,0,0.0,4,1.0,1.0,1.0,0,0.0,,,False,,0.2090984640839547,0.016241218729675874,0.22533968281363057,4.0,0.9,4.0,4.0
S03,S03,1213,1213,OK,l1.fixed_k.k01,l1,fixed_k,l1.final_ranker_score,1,1.0,0.6732142857142858,0.6729128565546694,0.576660163067096,0.7531887755102041,1.0,0.25,0.4,0,0.0,1,1.0,0.25,0.4,0,0.0,1.0,0.0,False,,,,,,,,
S03,S03,1213,1213,OK,l1.fixed_k.k02,l1,fixed_k,l1.final_ranker_score,2,1.0,0.7535714285714286,0.7533700980392157,0.4864611245015007,0.8419515306122449,1.0,0.5,0.6666666666666666,0,0.0,2,1.0,0.5,0.6666666666666666,0,0.0,2.0,0.0,False,,,,,,,,
S03,S03,1213,1213,OK,l1.fixed_k.k04,l1,fixed_k,l1.final_ranker_score,4,1.0,0.8946428571428572,0.894615637329795,0.2277847061875309,0.9678698979591835,1.0,1.0,1.0,0,0.0,4,1.0,1.0,1.0,0,0.0,4.0,0.0,False,,,,,,,,
S03,S03,1213,1213,OK,l1.fixed_k.k08,l1,fixed_k,l1.final_ranker_score,8,1.0,0.8964285714285715,0.8963637988028232,0.2291463007270358,0.9679081632653062,0.5,1.0,0.6666666666666666,4,0.5,4,0.5,1.0,0.6666666666666666,4,0.5,8.0,0.0,False,,,,,,,,
S03,S03,1213,1213,OK,l1.fixed_k.k16,l1,fixed_k,l1.final_ranker_score,16,1.0,0.8910714285714286,0.8910627441600893,0.2432818725251651,0.9637627551020408,0.25,1.0,0.4,12,0.75,4,0.25,1.0,0.4,12,0.75,16.0,0.0,False,,,,,,,,
S03,S03,1213,1213,OK,l1.validation_one_se,l1,validation_one_se,l1.final_ranker_score,4,1.0,0.8946428571428572,0.894615637329795,0.2277847061875309,0.9678698979591835,1.0,1.0,1.0,0,0.0,4,1.0,1.0,1.0,0,0.0,,0.0,False,4.0,0.20909846408395463,0.016241218729675874,0.2253396828136305,,,,
S03,S03,1213,1213,OK,l1.cpss_one_se,l1,cpss_one_se,l1.final_development_selection_frequency,4,1.0,0.8946428571428572,0.894615637329795,0.2277847061875309,0.9678698979591835,1.0,1.0,1.0,0,0.0,4,1.0,1.0,1.0,0,0.0,,,False,,0.2090984640839547,0.016241218729675874,0.22533968281363057,4.0,0.9,4.0,4.0
S03,S03,1231,1231,OK,shil.fixed_k.k01,shil,fixed_k,shil.final_ranker_score,1,1.0,0.6178571428571429,0.6175449346405228,0.6198108288091767,0.7064668367346938,1.0,0.25,0.4,0,0.0,1,1.0,0.25,0.4,0,0.0,1.0,0.0,False,,,,,,,,
S03,S03,1231,1231,OK,shil.fixed_k.k02,shil,fixed_k,shil.final_ranker_score,2,1.0,0.7607142857142857,0.7607112335616526,0.4895572142080888,0.8464668367346938,1.0,0.5,0.6666666666666666,0,0.0,2,1.0,0.5,0.6666666666666666,0,0.0,2.0,0.0,False,,,,,,,,
S03,S03,1231,1231,OK,shil.fixed_k.k04,shil,fixed_k,shil.final_ranker_score,4,1.0,0.9089285714285714,0.90892595769649,0.1987252325698823,0.9768239795918368,1.0,1.0,1.0,0,0.0,4,1.0,1.0,1.0,0,0.0,4.0,0.0,False,,,,,,,,
S03,S03,1231,1231,OK,shil.fixed_k.k08,shil,fixed_k,shil.final_ranker_score,8,1.0,0.9125,0.9124930239974488,0.2003794291025609,0.9761989795918368,0.5,1.0,0.6666666666666666,4,0.5,4,0.5,1.0,0.6666666666666666,4,0.5,8.0,0.0,False,,,,,,,,
S03,S03,1231,1231,OK,shil.fixed_k.k16,shil,fixed_k,shil.final_ranker_score,16,1.0,0.9178571428571428,0.917856095103254,0.2129298236192773,0.9728571428571428,0.25,1.0,0.4,12,0.75,4,0.25,1.0,0.4,12,0.75,16.0,0.0,False,,,,,,,,
S03,S03,1231,1231,OK,shil.validation_one_se,shil,validation_one_se,shil.final_ranker_score,4,1.0,0.9089285714285714,0.90892595769649,0.1987252325698823,0.9768239795918368,1.0,1.0,1.0,0,0.0,4,1.0,1.0,1.0,0,0.0,,0.0,False,4.0,0.21438074779829122,0.018540514342629582,0.2329212621409208,,,,
S03,S03,1231,1231,OK,shil.cpss_one_se,shil,cpss_one_se,shil.final_development_selection_frequency,4,1.0,0.9089285714285714,0.90892595769649,0.1987252325698823,0.9768239795918368,1.0,1.0,1.0,0,0.0,4,1.0,1.0,1.0,0,0.0,,,False,,0.21438074779829122,0.018540514342629582,0.2329212621409208,4.0,0.9,4.0,4.0
S03,S03,1231,1231,OK,l1.fixed_k.k01,l1,fixed_k,l1.final_ranker_score,1,1.0,0.6625,0.6624128043276484,0.5994009656699614,0.7364668367346939,1.0,0.25,0.4,0,0.0,1,1.0,0.25,0.4,0,0.0,1.0,0.0,False,,,,,,,,
S03,S03,1231,1231,OK,l1.fixed_k.k02,l1,fixed_k,l1.final_ranker_score,2,1.0,0.7607142857142857,0.7607112335616526,0.4895572142080888,0.8464668367346938,1.0,0.5,0.6666666666666666,0,0.0,2,1.0,0.5,0.6666666666666666,0,0.0,2.0,0.0,False,,,,,,,,
S03,S03,1231,1231,OK,l1.fixed_k.k04,l1,fixed_k,l1.final_ranker_score,4,1.0,0.9089285714285714,0.90892595769649,0.1987252325698823,0.9768239795918368,1.0,1.0,1.0,0,0.0,4,1.0,1.0,1.0,0,0.0,4.0,0.0,False,,,,,,,,
S03,S03,1231,1231,OK,l1.fixed_k.k08,l1,fixed_k,l1.final_ranker_score,8,1.0,0.9125,0.9124773937145756,0.2048934377288326,0.9746683673469388,0.5,1.0,0.6666666666666666,4,0.5,4,0.5,1.0,0.6666666666666666,4,0.5,8.0,0.0,False,,,,,,,,
S03,S03,1231,1231,OK,l1.fixed_k.k16,l1,fixed_k,l1.final_ranker_score,16,1.0,0.9089285714285714,0.9089282810213042,0.2144898239238855,0.9716836734693878,0.25,1.0,0.4,12,0.75,4,0.25,1.0,0.4,12,0.75,16.0,0.0,False,,,,,,,,
S03,S03,1231,1231,OK,l1.validation_one_se,l1,validation_one_se,l1.final_ranker_score,4,1.0,0.9089285714285714,0.90892595769649,0.1987252325698823,0.9768239795918368,1.0,1.0,1.0,0,0.0,4,1.0,1.0,1.0,0,0.0,,0.0,False,4.0,0.21438074779829122,0.018540514342629582,0.2329212621409208,,,,
S03,S03,1231,1231,OK,l1.cpss_one_se,l1,cpss_one_se,l1.final_development_selection_frequency,4,1.0,0.9089285714285714,0.90892595769649,0.1987252325698823,0.9768239795918368,1.0,1.0,1.0,0,0.0,4,1.0,1.0,1.0,0,0.0,,,False,,0.21438074779829122,0.018540514342629582,0.2329212621409208,4.0,0.9,4.0,4.0
S03,S03,1249,1249,OK,shil.fixed_k.k01,shil,fixed_k,shil.final_ranker_score,1,1.0,0.6642857142857143,0.6641314889490072,0.5708127901634348,0.7548596938775511,1.0,0.25,0.4,0,0.0,1,1.0,0.25,0.4,0,0.0,1.0,0.0,False,,,,,,,,
S03,S03,1249,1249,OK,shil.fixed_k.k02,shil,fixed_k,shil.final_ranker_score,2,1.0,0.7642857142857142,0.764093137254902,0.4712171723751074,0.8561479591836734,1.0,0.5,0.6666666666666666,0,0.0,2,1.0,0.5,0.6666666666666666,0,0.0,2.0,0.0,False,,,,,,,,
S03,S03,1249,1249,OK,shil.fixed_k.k04,shil,fixed_k,shil.final_ranker_score,4,1.0,0.9285714285714286,0.928567784070616,0.1846892826780702,0.9805739795918368,1.0,1.0,1.0,0,0.0,4,1.0,1.0,1.0,0,0.0,4.0,0.0,False,,,,,,,,
S03,S03,1249,1249,OK,shil.fixed_k.k08,shil,fixed_k,shil.final_ranker_score,8,1.0,0.9232142857142858,0.9232140408610996,0.1870006556448896,0.9798724489795918,0.5,1.0,0.6666666666666666,4,0.5,4,0.5,1.0,0.6666666666666666,4,0.5,8.0,0.0,False,,,,,,,,
S03,S03,1249,1249,OK,shil.fixed_k.k16,shil,fixed_k,shil.final_ranker_score,16,1.0,0.9267857142857144,0.9267854808210484,0.1904038064145863,0.978877551020408,0.25,1.0,0.4,12,0.75,4,0.25,1.0,0.4,12,0.75,16.0,0.0,False,,,,,,,,
S03,S03,1249,1249,OK,shil.validation_one_se,shil,validation_one_se,shil.final_ranker_score,4,1.0,0.9285714285714286,0.928567784070616,0.1846892826780702,0.9805739795918368,1.0,1.0,1.0,0,0.0,4,1.0,1.0,1.0,0,0.0,,0.0,False,4.0,0.23310199685628444,0.02122667265387871,0.25432866951016314,,,,
S03,S03,1249,1249,OK,shil.cpss_one_se,shil,cpss_one_se,shil.final_development_selection_frequency,4,1.0,0.9285714285714286,0.928567784070616,0.1846892826780702,0.9805739795918368,1.0,1.0,1.0,0,0.0,4,1.0,1.0,1.0,0,0.0,,,False,,0.23310199685628444,0.02122667265387871,0.25432866951016314,4.0,0.9,4.0,4.0
S03,S03,1249,1249,OK,l1.fixed_k.k01,l1,fixed_k,l1.final_ranker_score,1,1.0,0.6642857142857143,0.6641314889490072,0.5708127901634348,0.7548596938775511,1.0,0.25,0.4,0,0.0,1,1.0,0.25,0.4,0,0.0,1.0,0.0,False,,,,,,,,
S03,S03,1249,1249,OK,l1.fixed_k.k02,l1,fixed_k,l1.final_ranker_score,2,1.0,0.7428571428571429,0.7424596635112866,0.4947027374603919,0.8352040816326529,1.0,0.5,0.6666666666666666,0,0.0,2,1.0,0.5,0.6666666666666666,0,0.0,2.0,0.0,False,,,,,,,,
S03,S03,1249,1249,OK,l1.fixed_k.k04,l1,fixed_k,l1.final_ranker_score,4,1.0,0.9285714285714286,0.928567784070616,0.1846892826780702,0.9805739795918368,1.0,1.0,1.0,0,0.0,4,1.0,1.0,1.0,0,0.0,4.0,0.0,False,,,,,,,,
S03,S03,1249,1249,OK,l1.fixed_k.k08,l1,fixed_k,l1.final_ranker_score,8,1.0,0.9160714285714284,0.916071160941202,0.1926503099001875,0.9777423469387756,0.5,1.0,0.6666666666666666,4,0.5,4,0.5,1.0,0.6666666666666666,4,0.5,8.0,0.0,False,,,,,,,,
S03,S03,1249,1249,OK,l1.fixed_k.k16,l1,fixed_k,l1.final_ranker_score,16,1.0,0.9178571428571428,0.9178403755868544,0.1981263386873686,0.9755357142857144,0.25,1.0,0.4,12,0.75,4,0.25,1.0,0.4,12,0.75,16.0,0.0,False,,,,,,,,
S03,S03,1249,1249,OK,l1.validation_one_se,l1,validation_one_se,l1.final_ranker_score,4,1.0,0.9285714285714286,0.928567784070616,0.1846892826780702,0.9805739795918368,1.0,1.0,1.0,0,0.0,4,1.0,1.0,1.0,0,0.0,,0.0,False,4.0,0.23310199685628444,0.02122667265387871,0.25432866951016314,,,,
S03,S03,1249,1249,OK,l1.cpss_one_se,l1,cpss_one_se,l1.final_development_selection_frequency,4,1.0,0.9285714285714286,0.928567784070616,0.1846892826780702,0.9805739795918368,1.0,1.0,1.0,0,0.0,4,1.0,1.0,1.0,0,0.0,,,False,,0.23310199685628444,0.02122667265387871,0.25432866951016314,4.0,0.9,4.0,4.0
S03,S03,1277,1277,OK,shil.fixed_k.k01,shil,fixed_k,shil.final_ranker_score,1,1.0,0.6732142857142858,0.6731632174670149,0.5847940003751616,0.7455739795918367,1.0,0.25,0.4,0,0.0,1,1.0,0.25,0.4,0,0.0,1.0,0.0,False,,,,,,,,
S03,S03,1277,1277,OK,shil.fixed_k.k02,shil,fixed_k,shil.final_ranker_score,2,1.0,0.7607142857142857,0.760564638613419,0.4808593112314789,0.8460714285714286,1.0,0.5,0.6666666666666666,0,0.0,2,1.0,0.5,0.6666666666666666,0,0.0,2.0,0.0,False,,,,,,,,
S03,S03,1277,1277,OK,shil.fixed_k.k04,shil,fixed_k,shil.final_ranker_score,4,1.0,0.8714285714285714,0.8713481640310909,0.2496403305599051,0.9613392857142856,1.0,1.0,1.0,0,0.0,4,1.0,1.0,1.0,0,0.0,4.0,0.0,False,,,,,,,,
S03,S03,1277,1277,OK,shil.fixed_k.k08,shil,fixed_k,shil.final_ranker_score,8,1.0,0.8714285714285714,0.8713695064060027,0.2493129731696367,0.9610969387755102,0.5,1.0,0.6666666666666666,4,0.5,4,0.5,1.0,0.6666666666666666,4,0.5,8.0,0.0,False,,,,,,,,
S03,S03,1277,1277,OK,shil.fixed_k.k16,shil,fixed_k,shil.final_ranker_score,16,1.0,0.8625,0.8624012764260072,0.2588766361774884,0.9579336734693876,0.25,1.0,0.4,12,0.75,4,0.25,1.0,0.4,12,0.75,16.0,0.0,False,,,,,,,,
S03,S03,1277,1277,OK,shil.validation_one_se,shil,validation_one_se,shil.final_ranker_score,4,1.0,0.8714285714285714,0.8713481640310909,0.2496403305599051,0.9613392857142856,1.0,1.0,1.0,0,0.0,4,1.0,1.0,1.0,0,0.0,,0.0,False,4.0,0.2506344701113214,0.020633820414186616,0.271268290525508,,,,
S03,S03,1277,1277,OK,shil.cpss_one_se,shil,cpss_one_se,shil.final_development_selection_frequency,4,1.0,0.8714285714285714,0.8713481640310909,0.2496403305599051,0.9613392857142856,1.0,1.0,1.0,0,0.0,4,1.0,1.0,1.0,0,0.0,,,False,,0.2506344701113214,0.020633820414186616,0.271268290525508,4.0,0.9,4.0,4.0
S03,S03,1277,1277,OK,l1.fixed_k.k01,l1,fixed_k,l1.final_ranker_score,1,1.0,0.6732142857142858,0.6731632174670149,0.5847940003751616,0.7455739795918367,1.0,0.25,0.4,0,0.0,1,1.0,0.25,0.4,0,0.0,1.0,0.0,False,,,,,,,,
S03,S03,1277,1277,OK,l1.fixed_k.k02,l1,fixed_k,l1.final_ranker_score,2,1.0,0.7607142857142857,0.760564638613419,0.4808593112314789,0.8460714285714286,1.0,0.5,0.6666666666666666,0,0.0,2,1.0,0.5,0.6666666666666666,0,0.0,2.0,0.0,False,,,,,,,,
S03,S03,1277,1277,OK,l1.fixed_k.k04,l1,fixed_k,l1.final_ranker_score,4,1.0,0.8714285714285714,0.8713481640310909,0.2496403305599051,0.9613392857142856,1.0,1.0,1.0,0,0.0,4,1.0,1.0,1.0,0,0.0,4.0,0.0,False,,,,,,,,
S03,S03,1277,1277,OK,l1.fixed_k.k08,l1,fixed_k,l1.final_ranker_score,8,1.0,0.8803571428571428,0.8802192574998643,0.2518484009729757,0.960612244897959,0.5,1.0,0.6666666666666666,4,0.5,4,0.5,1.0,0.6666666666666666,4,0.5,8.0,0.0,False,,,,,,,,
S03,S03,1277,1277,OK,l1.fixed_k.k16,l1,fixed_k,l1.final_ranker_score,16,1.0,0.8696428571428572,0.8694926238431357,0.2587677031124028,0.9580229591836734,0.25,1.0,0.4,12,0.75,4,0.25,1.0,0.4,12,0.75,16.0,0.0,False,,,,,,,,
S03,S03,1277,1277,OK,l1.validation_one_se,l1,validation_one_se,l1.final_ranker_score,4,1.0,0.8714285714285714,0.8713481640310909,0.2496403305599051,0.9613392857142856,1.0,1.0,1.0,0,0.0,4,1.0,1.0,1.0,0,0.0,,0.0,False,4.0,0.2506344701113214,0.020633820414186616,0.271268290525508,,,,
S03,S03,1277,1277,OK,l1.cpss_one_se,l1,cpss_one_se,l1.final_development_selection_frequency,4,1.0,0.8714285714285714,0.8713481640310909,0.2496403305599051,0.9613392857142856,1.0,1.0,1.0,0,0.0,4,1.0,1.0,1.0,0,0.0,,,False,,0.2506344701113214,0.020633820414186616,0.271268290525508,4.0,0.9,4.0,4.0
S04,S04,1103,1103,OK,shil.fixed_k.k01,shil,fixed_k,shil.final_ranker_score,1,1.0,0.7055555555555556,0.7053281853281854,0.5741883932455429,0.7733333333333335,1.0,0.25,0.4,0,0.0,1,1.0,0.25,0.4,0,0.0,1.0,0.0,False,,,,,,,,
S04,S04,1103,1103,OK,shil.fixed_k.k02,shil,fixed_k,shil.final_ranker_score,2,1.0,0.8,0.7999753055932831,0.5095462296691708,0.8387654320987654,1.0,0.5,0.6666666666666666,0,0.0,2,1.0,0.5,0.6666666666666666,0,0.0,2.0,0.0,False,,,,,,,,
S04,S04,1103,1103,OK,shil.fixed_k.k04,shil,fixed_k,shil.final_ranker_score,4,1.0,0.9166666666666666,0.9166435120866908,0.2440640993782177,0.9665432098765432,1.0,1.0,1.0,0,0.0,4,1.0,1.0,1.0,0,0.0,4.0,0.0,False,,,,,,,,
S04,S04,1103,1103,OK,shil.fixed_k.k08,shil,fixed_k,shil.final_ranker_score,8,1.0,0.9166666666666666,0.9166435120866908,0.2355769275799314,0.9696296296296296,0.5,1.0,0.6666666666666666,4,0.5,4,0.5,1.0,0.6666666666666666,4,0.5,8.0,0.0,False,,,,,,,,
S04,S04,1103,1103,OK,shil.fixed_k.k16,shil,fixed_k,shil.final_ranker_score,16,1.0,0.9055555555555556,0.9055293136982496,0.2452935415695289,0.9650617283950618,0.25,1.0,0.4,12,0.75,4,0.25,1.0,0.4,12,0.75,16.0,0.0,False,,,,,,,,
S04,S04,1103,1103,OK,shil.validation_one_se,shil,validation_one_se,shil.final_ranker_score,4,1.0,0.9166666666666666,0.9166435120866908,0.2440640993782177,0.9665432098765432,1.0,1.0,1.0,0,0.0,4,1.0,1.0,1.0,0,0.0,,0.0,False,4.0,0.2148916976021688,0.02595543070310257,0.23418175161946755,,,,
S04,S04,1103,1103,OK,shil.cpss_one_se,shil,cpss_one_se,shil.final_development_selection_frequency,4,1.0,0.9166666666666666,0.9166435120866908,0.2440640993782177,0.9665432098765432,1.0,1.0,1.0,0,0.0,4,1.0,1.0,1.0,0,0.0,,,False,,0.2148916976021688,0.025955430703102574,0.24084712830527139,4.0,0.9,4.0,4.0
S04,S04,1103,1103,OK,l1.fixed_k.k01,l1,fixed_k,l1.final_ranker_score,1,1.0,0.5833333333333334,0.5822890559732665,0.6538188296606294,0.6639506172839507,1.0,0.25,0.4,0,0.0,1,1.0,0.25,0.4,0,0.0,1.0,0.0,False,,,,,,,,
S04,S04,1103,1103,OK,l1.fixed_k.k02,l1,fixed_k,l1.final_ranker_score,2,1.0,0.8,0.7999753055932831,0.5095462296691708,0.8387654320987654,1.0,0.5,0.6666666666666666,0,0.0,2,1.0,0.5,0.6666666666666666,0,0.0,2.0,0.0,False,,,,,,,,
S04,S04,1103,1103,OK,l1.fixed_k.k04,l1,fixed_k,l1.final_ranker_score,4,1.0,0.9166666666666666,0.9166435120866908,0.2440640993782177,0.9665432098765432,1.0,1.0,1.0,0,0.0,4,1.0,1.0,1.0,0,0.0,4.0,0.0,False,,,,,,,,
S04,S04,1103,1103,OK,l1.fixed_k.k08,l1,fixed_k,l1.final_ranker_score,8,1.0,0.9055555555555556,0.905412506568576,0.2493763290289894,0.9641975308641976,0.5,1.0,0.6666666666666666,4,0.5,4,0.5,1.0,0.6666666666666666,4,0.5,8.0,0.0,False,,,,,,,,
S04,S04,1103,1103,OK,l1.fixed_k.k16,l1,fixed_k,l1.final_ranker_score,16,1.0,0.9055555555555556,0.9055293136982496,0.286268433623043,0.9502469135802468,0.25,1.0,0.4,12,0.75,4,0.25,1.0,0.4,12,0.75,16.0,0.0,False,,,,,,,,
S04,S04,1103,1103,OK,l1.validation_one_se,l1,validation_one_se,l1.final_ranker_score,4,1.0,0.9166666666666666,0.9166435120866908,0.2440640993782177,0.9665432098765432,1.0,1.0,1.0,0,0.0,4,1.0,1.0,1.0,0,0.0,,0.0,False,4.0,0.2148916976021688,0.02595543070310257,0.24084712830527139,,,,
S04,S04,1103,1103,OK,l1.cpss_one_se,l1,cpss_one_se,l1.final_development_selection_frequency,4,1.0,0.9166666666666666,0.9166435120866908,0.2440640993782177,0.9665432098765432,1.0,1.0,1.0,0,0.0,4,1.0,1.0,1.0,0,0.0,,,False,,0.2148916976021688,0.025955430703102574,0.24084712830527139,4.0,0.9,4.0,4.0
S04,S04,1129,1129,OK,shil.fixed_k.k01,shil,fixed_k,shil.final_ranker_score,1,1.0,0.6444444444444445,0.6444444444444445,0.6159808043001918,0.7179012345679012,1.0,0.25,0.4,0,0.0,1,1.0,0.25,0.4,0,0.0,1.0,0.0,False,,,,,,,,
S04,S04,1129,1129,OK,shil.fixed_k.k02,shil,fixed_k,shil.final_ranker_score,2,1.0,0.7388888888888889,0.738816337871631,0.5385128413277802,0.8101234567901234,1.0,0.5,0.6666666666666666,0,0.0,2,1.0,0.5,0.6666666666666666,0,0.0,2.0,0.0,False,,,,,,,,
S04,S04,1129,1129,OK,shil.fixed_k.k04,shil,fixed_k,shil.final_ranker_score,4,1.0,0.8944444444444445,0.8944151153098083,0.2182908487816885,0.9727160493827162,1.0,1.0,1.0,0,0.0,4,1.0,1.0,1.0,0,0.0,4.0,0.0,False,,,,,,,,
S04,S04,1129,1129,OK,shil.fixed_k.k08,shil,fixed_k,shil.final_ranker_score,8,1.0,0.8833333333333333,0.883300916921367,0.22477183507777,0.9711111111111111,0.5,1.0,0.6666666666666666,4,0.5,4,0.5,1.0,0.6666666666666666,4,0.5,8.0,0.0,False,,,,,,,,
S04,S04,1129,1129,OK,shil.fixed_k.k16,shil,fixed_k,shil.final_ranker_score,16,1.0,0.8777777777777778,0.8777777777777778,0.2386936069296223,0.965679012345679,0.25,1.0,0.4,12,0.75,4,0.25,1.0,0.4,12,0.75,16.0,0.0,False,,,,,,,,
S04,S04,1129,1129,OK,shil.validation_one_se,shil,validation_one_se,shil.final_ranker_score,4,1.0,0.8944444444444445,0.8944151153098083,0.2182908487816885,0.9727160493827162,1.0,1.0,1.0,0,0.0,4,1.0,1.0,1.0,0,0.0,,0.0,False,4.0,0.2860538213939109,0.03656732079456919,0.3226211421884801,,,,
S04,S04,1129,1129,OK,shil.cpss_one_se,shil,cpss_one_se,shil.final_development_selection_frequency,4,1.0,0.8944444444444445,0.8944151153098083,0.2182908487816885,0.9727160493827162,1.0,1.0,1.0,0,0.0,4,1.0,1.0,1.0,0,0.0,,,False,,0.2860538213939109,0.03656732079456919,0.3226211421884801,4.0,0.8,4.0,4.0
S04,S04,1129,1129,OK,l1.fixed_k.k01,l1,fixed_k,l1.final_ranker_score,1,1.0,0.6444444444444445,0.6444444444444445,0.6159808043001918,0.7179012345679012,1.0,0.25,0.4,0,0.0,1,1.0,0.25,0.4,0,0.0,1.0,0.0,False,,,,,,,,
S04,S04,1129,1129,OK,l1.fixed_k.k02,l1,fixed_k,l1.final_ranker_score,2,1.0,0.7388888888888889,0.738816337871631,0.5385128413277802,0.8101234567901234,1.0,0.5,0.6666666666666666,0,0.0,2,1.0,0.5,0.6666666666666666,0,0.0,2.0,0.0,False,,,,,,,,
S04,S04,1129,1129,OK,l1.fixed_k.k04,l1,fixed_k,l1.final_ranker_score,4,1.0,0.8944444444444445,0.8944151153098083,0.2182908487816885,0.9727160493827162,1.0,1.0,1.0,0,0.0,4,1.0,1.0,1.0,0,0.0,4.0,0.0,False,,,,,,,,
S04,S04,1129,1129,OK,l1.fixed_k.k08,l1,fixed_k,l1.final_ranker_score,8,1.0,0.9055555555555556,0.9054826254826256,0.2365093587888903,0.9661728395061728,0.5,1.0,0.6666666666666666,4,0.5,4,0.5,1.0,0.6666666666666666,4,0.5,8.0,0.0,False,,,,,,,,
S04,S04,1129,1129,OK,l1.fixed_k.k16,l1,fixed_k,l1.final_ranker_score,16,1.0,0.8777777777777778,0.8776418242491657,0.2868242246652933,0.9520987654320988,0.25,1.0,0.4,12,0.75,4,0.25,1.0,0.4,12,0.75,16.0,0.0,False,,,,,,,,
S04,S04,1129,1129,OK,l1.validation_one_se,l1,validation_one_se,l1.final_ranker_score,4,1.0,0.8944444444444445,0.8944151153098083,0.2182908487816885,0.9727160493827162,1.0,1.0,1.0,0,0.0,4,1.0,1.0,1.0,0,0.0,,0.0,False,4.0,0.2860538213939109,0.03656732079456919,0.31261548155140684,,,,
S04,S04,1129,1129,OK,l1.cpss_one_se,l1,cpss_one_se,l1.final_development_selection_frequency,4,1.0,0.8944444444444445,0.8944151153098083,0.2182908487816885,0.9727160493827162,1.0,1.0,1.0,0,0.0,4,1.0,1.0,1.0,0,0.0,,,False,,0.2860538213939109,0.03656732079456919,0.3226211421884801,4.0,0.9,4.0,4.0
S04,S04,1151,1151,OK,shil.fixed_k.k01,shil,fixed_k,shil.final_ranker_score,1,1.0,0.6333333333333333,0.6311017264936033,0.6203013259248871,0.7054320987654321,1.0,0.25,0.4,0,0.0,1,1.0,0.25,0.4,0,0.0,1.0,0.0,False,,,,,,,,
S04,S04,1151,1151,OK,shil.fixed_k.k02,shil,fixed_k,shil.final_ranker_score,2,1.0,0.8,0.7996041563582384,0.4384577699931594,0.8758024691358025,1.0,0.5,0.6666666666666666,0,0.0,2,1.0,0.5,0.6666666666666666,0,0.0,2.0,0.0,False,,,,,,,,
S04,S04,1151,1151,OK,shil.fixed_k.k04,shil,fixed_k,shil.final_ranker_score,4,1.0,0.9277777777777778,0.927757710475132,0.2095658549243238,0.9751851851851852,1.0,1.0,1.0,0,0.0,4,1.0,1.0,1.0,0,0.0,4.0,0.0,False,,,,,,,,
S04,S04,1151,1151,OK,shil.fixed_k.k08,shil,fixed_k,shil.final_ranker_score,8,1.0,0.9333333333333332,0.933300395256917,0.2060639987396189,0.9765432098765432,0.5,1.0,0.6666666666666666,4,0.5,4,0.5,1.0,0.6666666666666666,4,0.5,8.0,0.0,False,,,,,,,,
S04,S04,1151,1151,OK,shil.fixed_k.k16,shil,fixed_k,shil.final_ranker_score,16,1.0,0.9277777777777778,0.927757710475132,0.196698167333255,0.9777777777777776,0.25,1.0,0.4,12,0.75,4,0.25,1.0,0.4,12,0.75,16.0,0.0,False,,,,,,,,
S04,S04,1151,1151,OK,shil.validation_one_se,shil,validation_one_se,shil.final_ranker_score,4,1.0,0.9277777777777778,0.927757710475132,0.2095658549243238,0.9751851851851852,1.0,1.0,1.0,0,0.0,4,1.0,1.0,1.0,0,0.0,,0.0,False,4.0,0.2071273779253084,0.02419425448321833,0.2313216324085267,,,,
S04,S04,1151,1151,OK,shil.cpss_one_se,shil,cpss_one_se,shil.final_development_selection_frequency,4,1.0,0.9277777777777778,0.927757710475132,0.2095658549243238,0.9751851851851852,1.0,1.0,1.0,0,0.0,4,1.0,1.0,1.0,0,0.0,,,False,,0.2071273779253084,0.02419425448321833,0.2313216324085267,4.0,0.9,4.0,4.0
S04,S04,1151,1151,OK,l1.fixed_k.k01,l1,fixed_k,l1.final_ranker_score,1,1.0,0.6333333333333333,0.6311017264936033,0.6203013259248871,0.7054320987654321,1.0,0.25,0.4,0,0.0,1,1.0,0.25,0.4,0,0.0,1.0,0.0,False,,,,,,,,
S04,S04,1151,1151,OK,l1.fixed_k.k02,l1,fixed_k,l1.final_ranker_score,2,1.0,0.7277777777777777,0.7270955165692008,0.5097171891706949,0.8218518518518518,1.0,0.5,0.6666666666666666,0,0.0,2,1.0,0.5,0.6666666666666666,0,0.0,2.0,0.0,False,,,,,,,,
S04,S04,1151,1151,OK,l1.fixed_k.k04,l1,fixed_k,l1.final_ranker_score,4,1.0,0.9277777777777778,0.927757710475132,0.2095658549243238,0.9751851851851852,1.0,1.0,1.0,0,0.0,4,1.0,1.0,1.0,0,0.0,4.0,0.0,False,,,,,,,,
S04,S04,1151,1151,OK,l1.fixed_k.k08,l1,fixed_k,l1.final_ranker_score,8,1.0,0.9,0.9,0.2199332957463844,0.971358024691358,0.5,1.0,0.6666666666666666,4,0.5,4,0.5,1.0,0.6666666666666666,4,0.5,8.0,0.0,False,,,,,,,,
S04,S04,1151,1151,OK,l1.fixed_k.k16,l1,fixed_k,l1.final_ranker_score,16,1.0,0.9222222222222224,0.9222126188418324,0.2132653382797294,0.97320987654321,0.25,1.0,0.4,12,0.75,4,0.25,1.0,0.4,12,0.75,16.0,0.0,False,,,,,,,,
S04,S04,1151,1151,OK,l1.validation_one_se,l1,validation_one_se,l1.final_ranker_score,4,1.0,0.9277777777777778,0.927757710475132,0.2095658549243238,0.9751851851851852,1.0,1.0,1.0,0,0.0,4,1.0,1.0,1.0,0,0.0,,0.0,False,4.0,0.2071273779253084,0.024194254483218325,0.2313216324085267,,,,
S04,S04,1151,1151,OK,l1.cpss_one_se,l1,cpss_one_se,l1.final_development_selection_frequency,4,1.0,0.9277777777777778,0.927757710475132,0.2095658549243238,0.9751851851851852,1.0,1.0,1.0,0,0.0,4,1.0,1.0,1.0,0,0.0,,,False,,0.2071273779253084,0.02419425448321833,0.2313216324085267,4.0,0.9,4.0,4.0
S04,S04,1171,1171,OK,shil.fixed_k.k01,shil,fixed_k,shil.final_ranker_score,1,1.0,0.6611111111111111,0.6608494208494209,0.5890828075796212,0.7451851851851853,1.0,0.25,0.4,0,0.0,1,1.0,0.25,0.4,0,0.0,1.0,0.0,False,,,,,,,,
S04,S04,1171,1171,OK,shil.fixed_k.k02,shil,fixed_k,shil.final_ranker_score,2,1.0,0.7277777777777777,0.7273654601094247,0.5041428440482393,0.8271604938271605,1.0,0.5,0.6666666666666666,0,0.0,2,1.0,0.5,0.6666666666666666,0,0.0,2.0,0.0,False,,,,,,,,
S04,S04,1171,1171,OK,shil.fixed_k.k04,shil,fixed_k,shil.final_ranker_score,4,1.0,0.9,0.9,0.2249514209306031,0.9698765432098766,1.0,1.0,1.0,0,0.0,4,1.0,1.0,1.0,0,0.0,4.0,0.0,False,,,,,,,,
S04,S04,1171,1171,OK,shil.fixed_k.k08,shil,fixed_k,shil.final_ranker_score,8,1.0,0.8944444444444445,0.8944411864563722,0.2456008833537663,0.961604938271605,0.5,1.0,0.6666666666666666,4,0.5,4,0.5,1.0,0.6666666666666666,4,0.5,8.0,0.0,False,,,,,,,,
S04,S04,1171,1171,OK,shil.fixed_k.k16,shil,fixed_k,shil.final_ranker_score,16,1.0,0.8833333333333333,0.883329732399148,0.2561429654228457,0.9571604938271604,0.25,1.0,0.4,12,0.75,4,0.25,1.0,0.4,12,0.75,16.0,0.0,False,,,,,,,,
S04,S04,1171,1171,OK,shil.validation_one_se,shil,validation_one_se,shil.final_ranker_score,4,1.0,0.9,0.9,0.2249514209306031,0.9698765432098766,1.0,1.0,1.0,0,0.0,4,1.0,1.0,1.0,0,0.0,,0.0,False,4.0,0.2379976060431438,0.0299968759627693,0.26720853958879415,,,,
S04,S04,1171,1171,OK,shil.cpss_one_se,shil,cpss_one_se,shil.final_development_selection_frequency,4,1.0,0.9,0.9,0.2249514209306031,0.9698765432098766,1.0,1.0,1.0,0,0.0,4,1.0,1.0,1.0,0,0.0,,,False,,0.2379976060431438,0.0299968759627693,0.2679944820059131,4.0,0.8,4.0,4.0
S04,S04,1171,1171,OK,l1.fixed_k.k01,l1,fixed_k,l1.final_ranker_score,1,1.0,0.6611111111111111,0.6608494208494209,0.5890828075796212,0.7451851851851853,1.0,0.25,0.4,0,0.0,1,1.0,0.25,0.4,0,0.0,1.0,0.0,False,,,,,,,,
S04,S04,1171,1171,OK,l1.fixed_k.k02,l1,fixed_k,l1.final_ranker_score,2,1.0,0.7444444444444445,0.7441601779755284,0.5085440130658634,0.8280246913580248,1.0,0.5,0.6666666666666666,0,0.0,2,1.0,0.5,0.6666666666666666,0,0.0,2.0,0.0,False,,,,,,,,
S04,S04,1171,1171,OK,l1.fixed_k.k04,l1,fixed_k,l1.final_ranker_score,4,1.0,0.9,0.9,0.2249514209306031,0.9698765432098766,1.0,1.0,1.0,0,0.0,4,1.0,1.0,1.0,0,0.0,4.0,0.0,False,,,,,,,,
S04,S04,1171,1171,OK,l1.fixed_k.k08,l1,fixed_k,l1.final_ranker_score,8,1.0,0.9,0.9,0.2305841270124295,0.9676543209876542,0.5,1.0,0.6666666666666666,4,0.5,4,0.5,1.0,0.6666666666666666,4,0.5,8.0,0.0,False,,,,,,,,
S04,S04,1171,1171,OK,l1.fixed_k.k16,l1,fixed_k,l1.final_ranker_score,8,1.0,0.9,0.9,0.2305841270124295,0.9676543209876542,0.5,1.0,0.6666666666666666,4,0.5,4,0.5,1.0,0.6666666666666666,4,0.5,16.0,8.0,False,,,,,,,,
S04,S04,1171,1171,OK,l1.validation_one_se,l1,validation_one_se,l1.final_ranker_score,4,1.0,0.9,0.9,0.2249514209306031,0.9698765432098766,1.0,1.0,1.0,0,0.0,4,1.0,1.0,1.0,0,0.0,,0.0,False,4.0,0.2379976060431438,0.0299968759627693,0.2679944820059131,,,,
S04,S04,1171,1171,OK,l1.cpss_one_se,l1,cpss_one_se,l1.final_development_selection_frequency,4,1.0,0.9,0.9,0.2249514209306031,0.9698765432098766,1.0,1.0,1.0,0,0.0,4,1.0,1.0,1.0,0,0.0,,,False,,0.2379976060431438,0.0299968759627693,0.2679944820059131,4.0,0.9,4.0,4.0
S04,S04,1181,1181,OK,shil.fixed_k.k01,shil,fixed_k,shil.final_ranker_score,1,1.0,0.6666666666666666,0.666501976284585,0.6003804969437426,0.7346913580246914,1.0,0.25,0.4,0,0.0,1,1.0,0.25,0.4,0,0.0,1.0,0.0,False,,,,,,,,
S04,S04,1181,1181,OK,shil.fixed_k.k02,shil,fixed_k,shil.final_ranker_score,2,1.0,0.7777777777777778,0.7777503395480924,0.4686526860453879,0.8554320987654321,1.0,0.5,0.6666666666666666,0,0.0,2,1.0,0.5,0.6666666666666666,0,0.0,2.0,0.0,False,,,,,,,,
S04,S04,1181,1181,OK,shil.fixed_k.k04,shil,fixed_k,shil.final_ranker_score,4,1.0,0.9055555555555556,0.9055293136982496,0.2243808325399469,0.9691358024691356,1.0,1.0,1.0,0,0.0,4,1.0,1.0,1.0,0,0.0,4.0,0.0,False,,,,,,,,
S04,S04,1181,1181,OK,shil.fixed_k.k08,shil,fixed_k,shil.final_ranker_score,8,1.0,0.8777777777777778,0.8777626867514507,0.2337579014325483,0.965925925925926,0.5,1.0,0.6666666666666666,4,0.5,4,0.5,1.0,0.6666666666666666,4,0.5,8.0,0.0,False,,,,,,,,
S04,S04,1181,1181,OK,shil.fixed_k.k16,shil,fixed_k,shil.final_ranker_score,16,1.0,0.8833333333333333,0.883329732399148,0.2372671472110231,0.9641975308641976,0.25,1.0,0.4,12,0.75,4,0.25,1.0,0.4,12,0.75,16.0,0.0,False,,,,,,,,
S04,S04,1181,1181,OK,shil.validation_one_se,shil,validation_one_se,shil.final_ranker_score,4,1.0,0.9055555555555556,0.9055293136982496,0.2243808325399469,0.9691358024691356,1.0,1.0,1.0,0,0.0,4,1.0,1.0,1.0,0,0.0,,0.0,False,4.0,0.234531980110917,0.03875370666104368,0.2732856867719607,,,,
S04,S04,1181,1181,OK,shil.cpss_one_se,shil,cpss_one_se,shil.final_development_selection_frequency,4,1.0,0.9055555555555556,0.9055293136982496,0.2243808325399469,0.9691358024691356,1.0,1.0,1.0,0,0.0,4,1.0,1.0,1.0,0,0.0,,,False,,0.234531980110917,0.038753706661043684,0.2732856867719607,4.0,0.7,4.0,4.0
S04,S04,1181,1181,OK,l1.fixed_k.k01,l1,fixed_k,l1.final_ranker_score,1,1.0,0.6666666666666666,0.666501976284585,0.6003804969437426,0.7346913580246914,1.0,0.25,0.4,0,0.0,1,1.0,0.25,0.4,0,0.0,1.0,0.0,False,,,,,,,,
S04,S04,1181,1181,OK,l1.fixed_k.k02,l1,fixed_k,l1.final_ranker_score,2,1.0,0.7777777777777778,0.7777503395480924,0.4686526860453879,0.8554320987654321,1.0,0.5,0.6666666666666666,0,0.0,2,1.0,0.5,0.6666666666666666,0,0.0,2.0,0.0,False,,,,,,,,
S04,S04,1181,1181,OK,l1.fixed_k.k04,l1,fixed_k,l1.final_ranker_score,4,1.0,0.9055555555555556,0.9055293136982496,0.2243808325399469,0.9691358024691356,1.0,1.0,1.0,0,0.0,4,1.0,1.0,1.0,0,0.0,4.0,0.0,False,,,,,,,,
S04,S04,1181,1181,OK,l1.fixed_k.k08,l1,fixed_k,l1.final_ranker_score,8,1.0,0.8722222222222222,0.8722182783419241,0.2595064172706405,0.9566666666666668,0.5,1.0,0.6666666666666666,4,0.5,4,0.5,1.0,0.6666666666666666,4,0.5,8.0,0.0,False,,,,,,,,
S04,S04,1181,1181,OK,l1.fixed_k.k16,l1,fixed_k,l1.final_ranker_score,16,1.0,0.8444444444444444,0.8444444444444444,0.3345490278215725,0.9379012345679012,0.25,1.0,0.4,12,0.75,4,0.25,1.0,0.4,12,0.75,16.0,0.0,False,,,,,,,,
S04,S04,1181,1181,OK,l1.validation_one_se,l1,validation_one_se,l1.final_ranker_score,4,1.0,0.9055555555555556,0.9055293136982496,0.2243808325399469,0.9691358024691356,1.0,1.0,1.0,0,0.0,4,1.0,1.0,1.0,0,0.0,,0.0,False,4.0,0.234531980110917,0.03875370666104368,0.2732856867719607,,,,
S04,S04,1181,1181,OK,l1.cpss_one_se,l1,cpss_one_se,l1.final_development_selection_frequency,4,1.0,0.9055555555555556,0.9055293136982496,0.2243808325399469,0.9691358024691356,1.0,1.0,1.0,0,0.0,4,1.0,1.0,1.0,0,0.0,,,False,,0.234531980110917,0.038753706661043684,0.2732856867719607,4.0,0.9,4.0,4.0
S04,S04,1201,1201,OK,shil.fixed_k.k01,shil,fixed_k,shil.final_ranker_score,1,1.0,0.6055555555555555,0.6040769540568172,0.6013682846213313,0.7112345679012345,1.0,0.25,0.4,0,0.0,1,1.0,0.25,0.4,0,0.0,1.0,0.0,False,,,,,,,,
S04,S04,1201,1201,OK,shil.fixed_k.k02,shil,fixed_k,shil.final_ranker_score,2,1.0,0.7333333333333333,0.7325077399380805,0.4945874526461902,0.8320987654320988,1.0,0.5,0.6666666666666666,0,0.0,2,1.0,0.5,0.6666666666666666,0,0.0,2.0,0.0,False,,,,,,,,
S04,S04,1201,1201,OK,shil.fixed_k.k04,shil,fixed_k,shil.final_ranker_score,4,1.0,0.8944444444444445,0.8944411864563722,0.2392279932239612,0.9653086419753087,1.0,1.0,1.0,0,0.0,4,1.0,1.0,1.0,0,0.0,4.0,0.0,False,,,,,,,,
S04,S04,1201,1201,OK,shil.fixed_k.k08,shil,fixed_k,shil.final_ranker_score,8,1.0,0.8666666666666667,0.8666502037288555,0.2688194289673601,0.9537037037037036,0.5,1.0,0.6666666666666666,4,0.5,4,0.5,1.0,0.6666666666666666,4,0.5,8.0,0.0,False,,,,,,,,
S04,S04,1201,1201,OK,shil.fixed_k.k16,shil,fixed_k,shil.final_ranker_score,16,1.0,0.8555555555555555,0.8555555555555555,0.3006826898587232,0.944074074074074,0.25,1.0,0.4,12,0.75,4,0.25,1.0,0.4,12,0.75,16.0,0.0,False,,,,,,,,
S04,S04,1201,1201,OK,shil.validation_one_se,shil,validation_one_se,shil.final_ranker_score,4,1.0,0.8944444444444445,0.8944411864563722,0.2392279932239612,0.9653086419753087,1.0,1.0,1.0,0,0.0,4,1.0,1.0,1.0,0,0.0,,0.0,False,4.0,0.2366540710469261,0.030863274006172232,0.2675173450530983,,,,
S04,S04,1201,1201,OK,shil.cpss_one_se,shil,cpss_one_se,shil.final_development_selection_frequency,4,1.0,0.8944444444444445,0.8944411864563722,0.2392279932239612,0.9653086419753087,1.0,1.0,1.0,0,0.0,4,1.0,1.0,1.0,0,0.0,,,False,,0.2366540710469261,0.030863274006172232,0.2675173450530983,4.0,0.7,4.0,4.0
S04,S04,1201,1201,OK,l1.fixed_k.k01,l1,fixed_k,l1.final_ranker_score,1,1.0,0.6055555555555555,0.6040769540568172,0.6013682846213313,0.7112345679012345,1.0,0.25,0.4,0,0.0,1,1.0,0.25,0.4,0,0.0,1.0,0.0,False,,,,,,,,
S04,S04,1201,1201,OK,l1.fixed_k.k02,l1,fixed_k,l1.final_ranker_score,2,1.0,0.6888888888888889,0.6888504753673292,0.5041998182649743,0.8129629629629629,1.0,0.5,0.6666666666666666,0,0.0,2,1.0,0.5,0.6666666666666666,0,0.0,2.0,0.0,False,,,,,,,,
S04,S04,1201,1201,OK,l1.fixed_k.k04,l1,fixed_k,l1.final_ranker_score,4,1.0,0.8944444444444445,0.8944411864563722,0.2392279932239612,0.9653086419753087,1.0,1.0,1.0,0,0.0,4,1.0,1.0,1.0,0,0.0,4.0,0.0,False,,,,,,,,
S04,S04,1201,1201,OK,l1.fixed_k.k08,l1,fixed_k,l1.final_ranker_score,8,1.0,0.8666666666666667,0.8666502037288555,0.2756458470687026,0.9519753086419752,0.5,1.0,0.6666666666666666,4,0.5,4,0.5,1.0,0.6666666666666666,4,0.5,8.0,0.0,False,,,,,,,,
S04,S04,1201,1201,OK,l1.fixed_k.k16,l1,fixed_k,l1.final_ranker_score,16,1.0,0.8777777777777778,0.8777777777777778,0.2991547046515161,0.945432098765432,0.25,1.0,0.4,12,0.75,4,0.25,1.0,0.4,12,0.75,16.0,0.0,False,,,,,,,,
S04,S04,1201,1201,OK,l1.validation_one_se,l1,validation_one_se,l1.final_ranker_score,4,1.0,0.8944444444444445,0.8944411864563722,0.2392279932239612,0.9653086419753087,1.0,1.0,1.0,0,0.0,4,1.0,1.0,1.0,0,0.0,,0.0,False,4.0,0.2366540710469261,0.030863274006172232,0.2675173450530983,,,,
S04,S04,1201,1201,OK,l1.cpss_one_se,l1,cpss_one_se,l1.final_development_selection_frequency,4,1.0,0.8944444444444445,0.8944411864563722,0.2392279932239612,0.9653086419753087,1.0,1.0,1.0,0,0.0,4,1.0,1.0,1.0,0,0.0,,,False,,0.2366540710469261,0.030863274006172232,0.2675173450530983,4.0,0.9,4.0,4.0
S04,S04,1213,1213,OK,shil.fixed_k.k01,shil,fixed_k,shil.final_ranker_score,1,1.0,0.6388888888888888,0.63878855237566,0.6357352004684544,0.7069135802469135,1.0,0.25,0.4,0,0.0,1,1.0,0.25,0.4,0,0.0,1.0,0.0,False,,,,,,,,
S04,S04,1213,1213,OK,shil.fixed_k.k02,shil,fixed_k,shil.final_ranker_score,2,1.0,0.7333333333333333,0.7333004074577109,0.5396178656924917,0.8137037037037037,1.0,0.5,0.6666666666666666,0,0.0,2,1.0,0.5,0.6666666666666666,0,0.0,2.0,0.0,False,,,,,,,,
S04,S04,1213,1213,OK,shil.fixed_k.k04,shil,fixed_k,shil.final_ranker_score,4,1.0,0.85,0.8499953702274762,0.2912855437347755,0.9434567901234568,1.0,1.0,1.0,0,0.0,4,1.0,1.0,1.0,0,0.0,4.0,0.0,False,,,,,,,,
S04,S04,1213,1213,OK,shil.fixed_k.k08,shil,fixed_k,shil.final_ranker_score,8,1.0,0.8444444444444444,0.8444444444444444,0.3102826352297466,0.9350617283950616,0.5,1.0,0.6666666666666666,4,0.5,4,0.5,1.0,0.6666666666666666,4,0.5,8.0,0.0,False,,,,,,,,
S04,S04,1213,1213,OK,shil.fixed_k.k16,shil,fixed_k,shil.final_ranker_score,16,1.0,0.8222222222222222,0.8222002716384739,0.319038201539616,0.9319753086419752,0.25,1.0,0.4,12,0.75,4,0.25,1.0,0.4,12,0.75,16.0,0.0,False,,,,,,,,
S04,S04,1213,1213,OK,shil.validation_one_se,shil,validation_one_se,shil.final_ranker_score,4,1.0,0.85,0.8499953702274762,0.2912855437347755,0.9434567901234568,1.0,1.0,1.0,0,0.0,4,1.0,1.0,1.0,0,0.0,,0.0,False,4.0,0.2755749976560968,0.045908318149164185,0.32148331580526096,,,,
S04,S04,1213,1213,OK,shil.cpss_one_se,shil,cpss_one_se,shil.final_development_selection_frequency,4,1.0,0.85,0.8499953702274762,0.2912855437347755,0.9434567901234568,1.0,1.0,1.0,0,0.0,4,1.0,1.0,1.0,0,0.0,,,False,,0.2755749976560967,0.045908318149164185,0.3214833158052609,4.0,0.9,4.0,4.0
S04,S04,1213,1213,OK,l1.fixed_k.k01,l1,fixed_k,l1.final_ranker_score,1,1.0,0.6388888888888888,0.63878855237566,0.6357352004684544,0.7069135802469135,1.0,0.25,0.4,0,0.0,1,1.0,0.25,0.4,0,0.0,1.0,0.0,False,,,,,,,,
S04,S04,1213,1213,OK,l1.fixed_k.k02,l1,fixed_k,l1.final_ranker_score,2,1.0,0.7055555555555556,0.7051095793020308,0.565581219073686,0.7727160493827161,1.0,0.5,0.6666666666666666,0,0.0,2,1.0,0.5,0.6666666666666666,0,0.0,2.0,0.0,False,,,,,,,,
S04,S04,1213,1213,OK,l1.fixed_k.k04,l1,fixed_k,l1.final_ranker_score,4,1.0,0.85,0.8499953702274762,0.2912855437347755,0.9434567901234568,1.0,1.0,1.0,0,0.0,4,1.0,1.0,1.0,0,0.0,4.0,0.0,False,,,,,,,,
S04,S04,1213,1213,OK,l1.fixed_k.k08,l1,fixed_k,l1.final_ranker_score,8,1.0,0.8277777777777777,0.8277724621130282,0.3049254533977623,0.9388888888888888,0.5,1.0,0.6666666666666666,4,0.5,4,0.5,1.0,0.6666666666666666,4,0.5,8.0,0.0,False,,,,,,,,
S04,S04,1213,1213,OK,l1.fixed_k.k16,l1,fixed_k,l1.final_ranker_score,16,1.0,0.8111111111111111,0.8111111111111111,0.3950766032029419,0.902962962962963,0.25,1.0,0.4,12,0.75,4,0.25,1.0,0.4,12,0.75,16.0,0.0,False,,,,,,,,
S04,S04,1213,1213,OK,l1.validation_one_se,l1,validation_one_se,l1.final_ranker_score,4,1.0,0.85,0.8499953702274762,0.2912855437347755,0.9434567901234568,1.0,1.0,1.0,0,0.0,4,1.0,1.0,1.0,0,0.0,,0.0,False,4.0,0.2755749976560967,0.045908318149164185,0.3214833158052609,,,,
S04,S04,1213,1213,OK,l1.cpss_one_se,l1,cpss_one_se,l1.final_development_selection_frequency,4,1.0,0.85,0.8499953702274762,0.2912855437347755,0.9434567901234568,1.0,1.0,1.0,0,0.0,4,1.0,1.0,1.0,0,0.0,,,False,,0.2755749976560967,0.045908318149164185,0.3214833158052609,4.0,0.9,4.0,4.0
S04,S04,1231,1231,OK,shil.fixed_k.k01,shil,fixed_k,shil.final_ranker_score,1,1.0,0.6388888888888888,0.6348200630481601,0.6340065367554826,0.6803703703703704,1.0,0.25,0.4,0,0.0,1,1.0,0.25,0.4,0,0.0,1.0,0.0,False,,,,,,,,
S04,S04,1231,1231,OK,shil.fixed_k.k02,shil,fixed_k,shil.final_ranker_score,2,1.0,0.7166666666666667,0.7159565580618212,0.5466578629288025,0.7951851851851852,1.0,0.5,0.6666666666666666,0,0.0,2,1.0,0.5,0.6666666666666666,0,0.0,2.0,0.0,False,,,,,,,,
S04,S04,1231,1231,OK,shil.fixed_k.k04,shil,fixed_k,shil.final_ranker_score,4,1.0,0.8944444444444445,0.8942845661648791,0.2325995869688448,0.9674074074074074,1.0,1.0,1.0,0,0.0,4,1.0,1.0,1.0,0,0.0,4.0,0.0,False,,,,,,,,
S04,S04,1231,1231,OK,shil.fixed_k.k08,shil,fixed_k,shil.final_ranker_score,8,1.0,0.8944444444444445,0.8943629343629345,0.233969858652591,0.9680246913580248,0.5,1.0,0.6666666666666666,4,0.5,4,0.5,1.0,0.6666666666666666,4,0.5,8.0,0.0,False,,,,,,,,
S04,S04,1231,1231,OK,shil.fixed_k.k16,shil,fixed_k,shil.final_ranker_score,16,1.0,0.9055555555555556,0.905412506568576,0.2175230069903656,0.974567901234568,0.25,1.0,0.4,12,0.75,4,0.25,1.0,0.4,12,0.75,16.0,0.0,False,,,,,,,,
S04,S04,1231,1231,OK,shil.validation_one_se,shil,validation_one_se,shil.final_ranker_score,4,1.0,0.8944444444444445,0.8942845661648791,0.2325995869688448,0.9674074074074074,1.0,1.0,1.0,0,0.0,4,1.0,1.0,1.0,0,0.0,,0.0,False,4.0,0.2739601342196456,0.036904220943604876,0.3108643551632505,,,,
S04,S04,1231,1231,OK,shil.cpss_one_se,shil,cpss_one_se,shil.final_development_selection_frequency,4,1.0,0.8944444444444445,0.8942845661648791,0.2325995869688448,0.9674074074074074,1.0,1.0,1.0,0,0.0,4,1.0,1.0,1.0,0,0.0,,,False,,0.27396013421964555,0.036904220943604876,0.3108643551632504,4.0,0.8,4.0,4.0
S04,S04,1231,1231,OK,l1.fixed_k.k01,l1,fixed_k,l1.final_ranker_score,1,1.0,0.5611111111111111,0.5607722007722008,0.6822462003782537,0.6355555555555555,1.0,0.25,0.4,0,0.0,1,1.0,0.25,0.4,0,0.0,1.0,0.0,False,,,,,,,,
S04,S04,1231,1231,OK,l1.fixed_k.k02,l1,fixed_k,l1.final_ranker_score,2,1.0,0.7111111111111111,0.71107544141252,0.5459364583772219,0.7980246913580247,1.0,0.5,0.6666666666666666,0,0.0,2,1.0,0.5,0.6666666666666666,0,0.0,2.0,0.0,False,,,,,,,,
S04,S04,1231,1231,OK,l1.fixed_k.k04,l1,fixed_k,l1.final_ranker_score,4,1.0,0.8944444444444445,0.8942845661648791,0.2325995869688448,0.9674074074074074,1.0,1.0,1.0,0,0.0,4,1.0,1.0,1.0,0,0.0,4.0,0.0,False,,,,,,,,
S04,S04,1231,1231,OK,l1.fixed_k.k08,l1,fixed_k,l1.final_ranker_score,8,1.0,0.8777777777777778,0.8777173913043479,0.2520671118261543,0.9616049382716048,0.5,1.0,0.6666666666666666,4,0.5,4,0.5,1.0,0.6666666666666666,4,0.5,8.0,0.0,False,,,,,,,,
S04,S04,1231,1231,OK,l1.fixed_k.k16,l1,fixed_k,l1.final_ranker_score,16,1.0,0.85,0.8499953702274762,0.2595477933156824,0.9576543209876544,0.25,1.0,0.4,12,0.75,4,0.25,1.0,0.4,12,0.75,16.0,0.0,False,,,,,,,,
S04,S04,1231,1231,OK,l1.validation_one_se,l1,validation_one_se,l1.final_ranker_score,4,1.0,0.8944444444444445,0.8942845661648791,0.2325995869688448,0.9674074074074074,1.0,1.0,1.0,0,0.0,4,1.0,1.0,1.0,0,0.0,,0.0,False,4.0,0.27396013421964555,0.03690422094360487,0.3108643551632504,,,,
S04,S04,1231,1231,OK,l1.cpss_one_se,l1,cpss_one_se,l1.final_development_selection_frequency,4,1.0,0.8944444444444445,0.8942845661648791,0.2325995869688448,0.9674074074074074,1.0,1.0,1.0,0,0.0,4,1.0,1.0,1.0,0,0.0,,,False,,0.27396013421964555,0.036904220943604876,0.3108643551632504,4.0,0.9,4.0,4.0
S04,S04,1249,1249,OK,shil.fixed_k.k01,shil,fixed_k,shil.final_ranker_score,1,1.0,0.6555555555555556,0.6540178571428572,0.6020136422516355,0.7134567901234566,1.0,0.25,0.4,0,0.0,1,1.0,0.25,0.4,0,0.0,1.0,0.0,False,,,,,,,,
S04,S04,1249,1249,OK,shil.fixed_k.k02,shil,fixed_k,shil.final_ranker_score,2,1.0,0.7722222222222223,0.7718772217242125,0.5227383089977793,0.8207407407407408,1.0,0.5,0.6666666666666666,0,0.0,2,1.0,0.5,0.6666666666666666,0,0.0,2.0,0.0,False,,,,,,,,
S04,S04,1249,1249,OK,shil.fixed_k.k04,shil,fixed_k,shil.final_ranker_score,4,1.0,0.8611111111111112,0.8610038610038611,0.3090330305044373,0.9380246913580248,1.0,1.0,1.0,0,0.0,4,1.0,1.0,1.0,0,0.0,4.0,0.0,False,,,,,,,,
S04,S04,1249,1249,OK,shil.fixed_k.k08,shil,fixed_k,shil.final_ranker_score,8,1.0,0.85,0.8498841698841699,0.3164943441050409,0.9338271604938272,0.5,1.0,0.6666666666666666,4,0.5,4,0.5,1.0,0.6666666666666666,4,0.5,8.0,0.0,False,,,,,,,,
S04,S04,1249,1249,OK,shil.fixed_k.k16,shil,fixed_k,shil.final_ranker_score,16,1.0,0.8444444444444444,0.8442714126807565,0.35173778323756,0.9188888888888888,0.25,1.0,0.4,12,0.75,4,0.25,1.0,0.4,12,0.75,16.0,0.0,False,,,,,,,,
S04,S04,1249,1249,OK,shil.validation_one_se,shil,validation_one_se,shil.final_ranker_score,4,1.0,0.8611111111111112,0.8610038610038611,0.3090330305044373,0.9380246913580248,1.0,1.0,1.0,0,0.0,4,1.0,1.0,1.0,0,0.0,,0.0,False,4.0,0.29497945763099076,0.034293610355164934,0.3292730679861557,,,,
S04,S04,1249,1249,OK,shil.cpss_one_se,shil,cpss_one_se,shil.final_development_selection_frequency,4,1.0,0.8611111111111112,0.8610038610038611,0.3090330305044373,0.9380246913580248,1.0,1.0,1.0,0,0.0,4,1.0,1.0,1.0,0,0.0,,,False,,0.29497945763099076,0.03429361035516494,0.3292730679861557,4.0,0.9,4.0,4.0
S04,S04,1249,1249,OK,l1.fixed_k.k01,l1,fixed_k,l1.final_ranker_score,1,1.0,0.6555555555555556,0.6555130262995432,0.6258321448198463,0.7065432098765433,1.0,0.25,0.4,0,0.0,1,1.0,0.25,0.4,0,0.0,1.0,0.0,False,,,,,,,,
S04,S04,1249,1249,OK,l1.fixed_k.k02,l1,fixed_k,l1.final_ranker_score,2,1.0,0.7166666666666667,0.7162375197057278,0.5622392742761952,0.7851851851851853,1.0,0.5,0.6666666666666666,0,0.0,2,1.0,0.5,0.6666666666666666,0,0.0,2.0,0.0,False,,,,,,,,
S04,S04,1249,1249,OK,l1.fixed_k.k04,l1,fixed_k,l1.final_ranker_score,4,1.0,0.8611111111111112,0.8610038610038611,0.3090330305044373,0.9380246913580248,1.0,1.0,1.0,0,0.0,4,1.0,1.0,1.0,0,0.0,4.0,0.0,False,,,,,,,,
S04,S04,1249,1249,OK,l1.fixed_k.k08,l1,fixed_k,l1.final_ranker_score,8,1.0,0.8444444444444444,0.8443675889328064,0.3164930103639335,0.9341975308641975,0.5,1.0,0.6666666666666666,4,0.5,4,0.5,1.0,0.6666666666666666,4,0.5,8.0,0.0,False,,,,,,,,
S04,S04,1249,1249,OK,l1.fixed_k.k16,l1,fixed_k,l1.final_ranker_score,16,1.0,0.8611111111111112,0.8611068242847002,0.3127550692223451,0.9437037037037036,0.25,1.0,0.4,12,0.75,4,0.25,1.0,0.4,12,0.75,16.0,0.0,False,,,,,,,,
S04,S04,1249,1249,OK,l1.validation_one_se,l1,validation_one_se,l1.final_ranker_score,4,1.0,0.8611111111111112,0.8610038610038611,0.3090330305044373,0.9380246913580248,1.0,1.0,1.0,0,0.0,4,1.0,1.0,1.0,0,0.0,,0.0,False,4.0,0.29497945763099076,0.034293610355164934,0.3292730679861557,,,,
S04,S04,1249,1249,OK,l1.cpss_one_se,l1,cpss_one_se,l1.final_development_selection_frequency,4,1.0,0.8611111111111112,0.8610038610038611,0.3090330305044373,0.9380246913580248,1.0,1.0,1.0,0,0.0,4,1.0,1.0,1.0,0,0.0,,,False,,0.29497945763099076,0.03429361035516494,0.3292730679861557,4.0,0.9,4.0,4.0
S04,S04,1277,1277,OK,shil.fixed_k.k01,shil,fixed_k,shil.final_ranker_score,1,1.0,0.6944444444444444,0.6936786410470621,0.5684292538359653,0.7617283950617284,1.0,0.25,0.4,0,0.0,1,1.0,0.25,0.4,0,0.0,1.0,0.0,False,,,,,,,,
S04,S04,1277,1277,OK,shil.fixed_k.k02,shil,fixed_k,shil.final_ranker_score,2,1.0,0.8166666666666667,0.8157053768111445,0.4576094231827353,0.8666666666666666,1.0,0.5,0.6666666666666666,0,0.0,2,1.0,0.5,0.6666666666666666,0,0.0,2.0,0.0,False,,,,,,,,
S04,S04,1277,1277,OK,shil.fixed_k.k04,shil,fixed_k,shil.final_ranker_score,4,1.0,0.9166666666666666,0.9166023166023166,0.1980584937777142,0.9811111111111112,1.0,1.0,1.0,0,0.0,4,1.0,1.0,1.0,0,0.0,4.0,0.0,False,,,,,,,,
S04,S04,1277,1277,OK,shil.fixed_k.k08,shil,fixed_k,shil.final_ranker_score,8,1.0,0.9166666666666666,0.9166023166023166,0.203739388103934,0.9785185185185185,0.5,1.0,0.6666666666666666,4,0.5,4,0.5,1.0,0.6666666666666666,4,0.5,8.0,0.0,False,,,,,,,,
S04,S04,1277,1277,OK,shil.fixed_k.k16,shil,fixed_k,shil.final_ranker_score,16,1.0,0.9166666666666666,0.9166435120866908,0.2150675595740914,0.9744444444444444,0.25,1.0,0.4,12,0.75,4,0.25,1.0,0.4,12,0.75,16.0,0.0,False,,,,,,,,
S04,S04,1277,1277,OK,shil.validation_one_se,shil,validation_one_se,shil.final_ranker_score,4,1.0,0.9166666666666666,0.9166023166023166,0.1980584937777142,0.9811111111111112,1.0,1.0,1.0,0,0.0,4,1.0,1.0,1.0,0,0.0,,0.0,False,4.0,0.26391850495607255,0.03782214499108515,0.3017406499471577,,,,
S04,S04,1277,1277,OK,shil.cpss_one_se,shil,cpss_one_se,shil.final_development_selection_frequency,4,1.0,0.9166666666666666,0.9166023166023166,0.1980584937777142,0.9811111111111112,1.0,1.0,1.0,0,0.0,4,1.0,1.0,1.0,0,0.0,,,False,,0.26391850495607255,0.03782214499108515,0.3017406499471577,4.0,0.7,4.0,4.0
S04,S04,1277,1277,OK,l1.fixed_k.k01,l1,fixed_k,l1.final_ranker_score,1,1.0,0.6944444444444444,0.6936786410470621,0.5684292538359653,0.7617283950617284,1.0,0.25,0.4,0,0.0,1,1.0,0.25,0.4,0,0.0,1.0,0.0,False,,,,,,,,
S04,S04,1277,1277,OK,l1.fixed_k.k02,l1,fixed_k,l1.final_ranker_score,2,1.0,0.7833333333333333,0.7827903091060986,0.4480632132308533,0.8669135802469136,1.0,0.5,0.6666666666666666,0,0.0,2,1.0,0.5,0.6666666666666666,0,0.0,2.0,0.0,False,,,,,,,,
S04,S04,1277,1277,OK,l1.fixed_k.k04,l1,fixed_k,l1.final_ranker_score,4,1.0,0.9166666666666666,0.9166023166023166,0.1980584937777142,0.9811111111111112,1.0,1.0,1.0,0,0.0,4,1.0,1.0,1.0,0,0.0,4.0,0.0,False,,,,,,,,
S04,S04,1277,1277,OK,l1.fixed_k.k08,l1,fixed_k,l1.final_ranker_score,8,1.0,0.9111111111111112,0.9110671936758892,0.2273150933880207,0.9692592592592592,0.5,1.0,0.6666666666666666,4,0.5,4,0.5,1.0,0.6666666666666666,4,0.5,8.0,0.0,False,,,,,,,,
S04,S04,1277,1277,OK,l1.fixed_k.k16,l1,fixed_k,l1.final_ranker_score,16,1.0,0.8944444444444445,0.8943629343629345,0.292795212009324,0.9512345679012344,0.25,1.0,0.4,12,0.75,4,0.25,1.0,0.4,12,0.75,16.0,0.0,False,,,,,,,,
S04,S04,1277,1277,OK,l1.validation_one_se,l1,validation_one_se,l1.final_ranker_score,4,1.0,0.9166666666666666,0.9166023166023166,0.1980584937777142,0.9811111111111112,1.0,1.0,1.0,0,0.0,4,1.0,1.0,1.0,0,0.0,,0.0,False,4.0,0.26391850495607255,0.03782214499108515,0.3017406499471577,,,,
S04,S04,1277,1277,OK,l1.cpss_one_se,l1,cpss_one_se,l1.final_development_selection_frequency,4,1.0,0.9166666666666666,0.9166023166023166,0.1980584937777142,0.9811111111111112,1.0,1.0,1.0,0,0.0,4,1.0,1.0,1.0,0,0.0,,,False,,0.26391850495607255,0.03782214499108515,0.30003260215478433,4.0,0.9,4.0,4.0
S05,S05,1103,1103,OK,shil.fixed_k.k01,shil,fixed_k,shil.final_ranker_score,1,1.0,0.6591666666666667,0.659138024792361,0.6013399659995898,0.7326805555555557,1.0,0.25,0.4,0,0.0,1,1.0,0.25,0.4,0,0.0,1.0,0.0,False,,,,,,,,
S05,S05,1103,1103,OK,shil.fixed_k.k02,shil,fixed_k,shil.final_ranker_score,2,1.0,0.7266666666666667,0.7266294578984361,0.5267064484345432,0.8142361111111112,1.0,0.5,0.6666666666666666,0,0.0,2,1.0,0.5,0.6666666666666666,0,0.0,2.0,0.0,False,,,,,,,,
S05,S05,1103,1103,OK,shil.fixed_k.k04,shil,fixed_k,shil.final_ranker_score,4,1.0,0.8991666666666667,0.8991548313656255,0.2115880384762748,0.9725138888888888,1.0,1.0,1.0,0,0.0,4,1.0,1.0,1.0,0,0.0,4.0,0.0,False,,,,,,,,
S05,S05,1103,1103,OK,shil.fixed_k.k08,shil,fixed_k,shil.final_ranker_score,8,1.0,0.8991666666666667,0.8991548313656255,0.2116193363678634,0.9724722222222224,0.5,1.0,0.6666666666666666,4,0.5,4,0.5,1.0,0.6666666666666666,4,0.5,8.0,0.0,False,,,,,,,,
S05,S05,1103,1103,OK,shil.fixed_k.k16,shil,fixed_k,shil.final_ranker_score,16,1.0,0.8941666666666667,0.894150127624108,0.2176309040722226,0.9705722222222222,0.25,1.0,0.4,12,0.75,4,0.25,1.0,0.4,12,0.75,16.0,0.0,False,,,,,,,,
S05,S05,1103,1103,OK,shil.validation_one_se,shil,validation_one_se,shil.final_ranker_score,4,1.0,0.8991666666666667,0.8991548313656255,0.2115880384762748,0.9725138888888888,1.0,1.0,1.0,0,0.0,4,1.0,1.0,1.0,0,0.0,,0.0,False,4.0,0.2394124272102932,0.013205804667545442,0.25261823187783866,,,,
S05,S05,1103,1103,OK,shil.cpss_one_se,shil,cpss_one_se,shil.final_development_selection_frequency,4,1.0,0.8991666666666667,0.8991548313656255,0.2115880384762748,0.9725138888888888,1.0,1.0,1.0,0,0.0,4,1.0,1.0,1.0,0,0.0,,,False,,0.2394124272102932,0.013205804667545442,0.25261823187783866,4.0,0.9,4.0,4.0
S05,S05,1103,1103,OK,l1.fixed_k.k01,l1,fixed_k,l1.final_ranker_score,1,1.0,0.6591666666666667,0.659138024792361,0.6013399659995898,0.7326805555555557,1.0,0.25,0.4,0,0.0,1,1.0,0.25,0.4,0,0.0,1.0,0.0,False,,,,,,,,
S05,S05,1103,1103,OK,l1.fixed_k.k02,l1,fixed_k,l1.final_ranker_score,2,1.0,0.7266666666666667,0.7266294578984361,0.5267064484345432,0.8142361111111112,1.0,0.5,0.6666666666666666,0,0.0,2,1.0,0.5,0.6666666666666666,0,0.0,2.0,0.0,False,,,,,,,,
S05,S05,1103,1103,OK,l1.fixed_k.k04,l1,fixed_k,l1.final_ranker_score,4,1.0,0.8991666666666667,0.8991548313656255,0.2115880384762748,0.9725138888888888,1.0,1.0,1.0,0,0.0,4,1.0,1.0,1.0,0,0.0,4.0,0.0,False,,,,,,,,
S05,S05,1103,1103,OK,l1.fixed_k.k08,l1,fixed_k,l1.final_ranker_score,8,1.0,0.8983333333333333,0.8983194934866134,0.214927512072945,0.9714111111111112,0.5,1.0,0.6666666666666666,4,0.5,4,0.5,1.0,0.6666666666666666,4,0.5,8.0,0.0,False,,,,,,,,
S05,S05,1103,1103,OK,l1.fixed_k.k16,l1,fixed_k,l1.final_ranker_score,16,1.0,0.895,0.8949813300142248,0.2162153130623293,0.9707583333333334,0.25,1.0,0.4,12,0.75,4,0.25,1.0,0.4,12,0.75,16.0,0.0,False,,,,,,,,
S05,S05,1103,1103,OK,l1.validation_one_se,l1,validation_one_se,l1.final_ranker_score,4,1.0,0.8991666666666667,0.8991548313656255,0.2115880384762748,0.9725138888888888,1.0,1.0,1.0,0,0.0,4,1.0,1.0,1.0,0,0.0,,0.0,False,4.0,0.2394124272102932,0.013205804667545442,0.25261823187783866,,,,
S05,S05,1103,1103,OK,l1.cpss_one_se,l1,cpss_one_se,l1.final_development_selection_frequency,4,1.0,0.8991666666666667,0.8991548313656255,0.2115880384762748,0.9725138888888888,1.0,1.0,1.0,0,0.0,4,1.0,1.0,1.0,0,0.0,,,False,,0.2394124272102932,0.013205804667545442,0.25261823187783866,4.0,0.9,4.0,4.0
S05,S05,1129,1129,OK,shil.fixed_k.k01,shil,fixed_k,shil.final_ranker_score,1,1.0,0.6758333333333333,0.6758150979325921,0.581880398320564,0.7506833333333333,1.0,0.25,0.4,0,0.0,1,1.0,0.25,0.4,0,0.0,1.0,0.0,False,,,,,,,,
S05,S05,1129,1129,OK,shil.fixed_k.k02,shil,fixed_k,shil.final_ranker_score,2,1.0,0.7508333333333334,0.7508040874241491,0.4958237138274285,0.8340000000000001,1.0,0.5,0.6666666666666666,0,0.0,2,1.0,0.5,0.6666666666666666,0,0.0,2.0,0.0,False,,,,,,,,
S05,S05,1129,1129,OK,shil.fixed_k.k04,shil,fixed_k,shil.final_ranker_score,4,1.0,0.8958333333333334,0.8958124234655427,0.2245046290272508,0.9685416666666666,1.0,1.0,1.0,0,0.0,4,1.0,1.0,1.0,0,0.0,4.0,0.0,False,,,,,,,,
S05,S05,1129,1129,OK,shil.fixed_k.k08,shil,fixed_k,shil.final_ranker_score,8,1.0,0.8966666666666666,0.896648293029872,0.2262502656122492,0.9681666666666668,0.5,1.0,0.6666666666666666,4,0.5,4,0.5,1.0,0.6666666666666666,4,0.5,8.0,0.0,False,,,,,,,,
S05,S05,1129,1129,OK,shil.fixed_k.k16,shil,fixed_k,shil.final_ranker_score,16,1.0,0.8908333333333334,0.8908241595300717,0.2337702193375274,0.9659888888888888,0.25,1.0,0.4,12,0.75,4,0.25,1.0,0.4,12,0.75,16.0,0.0,False,,,,,,,,
S05,S05,1129,1129,OK,shil.validation_one_se,shil,validation_one_se,shil.final_ranker_score,4,1.0,0.8958333333333334,0.8958124234655427,0.2245046290272508,0.9685416666666666,1.0,1.0,1.0,0,0.0,4,1.0,1.0,1.0,0,0.0,,0.0,False,4.0,0.22079553056242995,0.01252824998981542,0.23332378055224537,,,,
S05,S05,1129,1129,OK,shil.cpss_one_se,shil,cpss_one_se,shil.final_development_selection_frequency,4,1.0,0.8958333333333334,0.8958124234655427,0.2245046290272508,0.9685416666666666,1.0,1.0,1.0,0,0.0,4,1.0,1.0,1.0,0,0.0,,,False,,0.22079553056242995,0.01252824998981542,0.23332378055224537,4.0,0.9,4.0,4.0
S05,S05,1129,1129,OK,l1.fixed_k.k01,l1,fixed_k,l1.final_ranker_score,1,1.0,0.6758333333333333,0.6758150979325921,0.581880398320564,0.7506833333333333,1.0,0.25,0.4,0,0.0,1,1.0,0.25,0.4,0,0.0,1.0,0.0,False,,,,,,,,
S05,S05,1129,1129,OK,l1.fixed_k.k02,l1,fixed_k,l1.final_ranker_score,2,1.0,0.7508333333333334,0.7508040874241491,0.4958237138274285,0.8340000000000001,1.0,0.5,0.6666666666666666,0,0.0,2,1.0,0.5,0.6666666666666666,0,0.0,2.0,0.0,False,,,,,,,,
S05,S05,1129,1129,OK,l1.fixed_k.k04,l1,fixed_k,l1.final_ranker_score,4,1.0,0.8958333333333334,0.8958124234655427,0.2245046290272508,0.9685416666666666,1.0,1.0,1.0,0,0.0,4,1.0,1.0,1.0,0,0.0,4.0,0.0,False,,,,,,,,
S05,S05,1129,1129,OK,l1.fixed_k.k08,l1,fixed_k,l1.final_ranker_score,8,1.0,0.8941666666666667,0.894150127624108,0.2293051344344024,0.9671972222222224,0.5,1.0,0.6666666666666666,4,0.5,4,0.5,1.0,0.6666666666666666,4,0.5,8.0,0.0,False,,,,,,,,
S05,S05,1129,1129,OK,l1.fixed_k.k16,l1,fixed_k,l1.final_ranker_score,16,1.0,0.8933333333333333,0.8933188128384142,0.2395283670228049,0.9642611111111112,0.25,1.0,0.4,12,0.75,4,0.25,1.0,0.4,12,0.75,16.0,0.0,False,,,,,,,,
S05,S05,1129,1129,OK,l1.validation_one_se,l1,validation_one_se,l1.final_ranker_score,4,1.0,0.8958333333333334,0.8958124234655427,0.2245046290272508,0.9685416666666666,1.0,1.0,1.0,0,0.0,4,1.0,1.0,1.0,0,0.0,,0.0,False,4.0,0.22079553056242995,0.01252824998981542,0.23332378055224537,,,,
S05,S05,1129,1129,OK,l1.cpss_one_se,l1,cpss_one_se,l1.final_development_selection_frequency,4,1.0,0.8958333333333334,0.8958124234655427,0.2245046290272508,0.9685416666666666,1.0,1.0,1.0,0,0.0,4,1.0,1.0,1.0,0,0.0,,,False,,0.22079553056242995,0.01252824998981542,0.23332378055224537,4.0,0.9,4.0,4.0
S05,S05,1151,1151,OK,shil.fixed_k.k01,shil,fixed_k,shil.final_ranker_score,1,1.0,0.68,0.6799431009957326,0.572634111807523,0.7630083333333333,1.0,0.25,0.4,0,0.0,1,1.0,0.25,0.4,0,0.0,1.0,0.0,False,,,,,,,,
S05,S05,1151,1151,OK,shil.fixed_k.k02,shil,fixed_k,shil.final_ranker_score,2,1.0,0.8025,0.8024987656172851,0.4679655391495524,0.867263888888889,1.0,0.5,0.6666666666666666,0,0.0,2,1.0,0.5,0.6666666666666666,0,0.0,2.0,0.0,False,,,,,,,,
S05,S05,1151,1151,OK,shil.fixed_k.k04,shil,fixed_k,shil.final_ranker_score,4,1.0,0.91,0.9099509733076896,0.2096487980089815,0.9738694444444446,1.0,1.0,1.0,0,0.0,4,1.0,1.0,1.0,0,0.0,4.0,0.0,False,,,,,,,,
S05,S05,1151,1151,OK,shil.fixed_k.k08,shil,fixed_k,shil.final_ranker_score,8,1.0,0.9075,0.907453148156254,0.2131904743561898,0.972613888888889,0.5,1.0,0.6666666666666666,4,0.5,4,0.5,1.0,0.6666666666666666,4,0.5,8.0,0.0,False,,,,,,,,
S05,S05,1151,1151,OK,shil.fixed_k.k16,shil,fixed_k,shil.final_ranker_score,16,1.0,0.905,0.9049323963707524,0.2157035456108395,0.9717638888888888,0.25,1.0,0.4,12,0.75,4,0.25,1.0,0.4,12,0.75,16.0,0.0,False,,,,,,,,
S05,S05,1151,1151,OK,shil.validation_one_se,shil,validation_one_se,shil.final_ranker_score,4,1.0,0.91,0.9099509733076896,0.2096487980089815,0.9738694444444446,1.0,1.0,1.0,0,0.0,4,1.0,1.0,1.0,0,0.0,,0.0,False,4.0,0.2312268602645229,0.01283807093049158,0.2440649311950145,,,,
S05,S05,1151,1151,OK,shil.cpss_one_se,shil,cpss_one_se,shil.final_development_selection_frequency,4,1.0,0.91,0.9099509733076896,0.2096487980089815,0.9738694444444446,1.0,1.0,1.0,0,0.0,4,1.0,1.0,1.0,0,0.0,,,False,,0.2312268602645229,0.01283807093049158,0.2440649311950145,4.0,0.9,4.0,4.0
S05,S05,1151,1151,OK,l1.fixed_k.k01,l1,fixed_k,l1.final_ranker_score,1,1.0,0.68,0.6799431009957326,0.572634111807523,0.7630083333333333,1.0,0.25,0.4,0,0.0,1,1.0,0.25,0.4,0,0.0,1.0,0.0,False,,,,,,,,
S05,S05,1151,1151,OK,l1.fixed_k.k02,l1,fixed_k,l1.final_ranker_score,2,1.0,0.7533333333333333,0.7533086641997533,0.4883351725908137,0.8401333333333334,1.0,0.5,0.6666666666666666,0,0.0,2,1.0,0.5,0.6666666666666666,0,0.0,2.0,0.0,False,,,,,,,,
S05,S05,1151,1151,OK,l1.fixed_k.k04,l1,fixed_k,l1.final_ranker_score,4,1.0,0.91,0.9099509733076896,0.2096487980089816,0.9738694444444446,1.0,1.0,1.0,0,0.0,4,1.0,1.0,1.0,0,0.0,4.0,0.0,False,,,,,,,,
S05,S05,1151,1151,OK,l1.fixed_k.k08,l1,fixed_k,l1.final_ranker_score,8,1.0,0.9058333333333334,0.9057924446374296,0.2140231673012382,0.9724583333333332,0.5,1.0,0.6666666666666666,4,0.5,4,0.5,1.0,0.6666666666666666,4,0.5,8.0,0.0,False,,,,,,,,
S05,S05,1151,1151,OK,l1.fixed_k.k16,l1,fixed_k,l1.final_ranker_score,16,1.0,0.9033333333333332,0.903300831668422,0.222274626930913,0.9700388888888888,0.25,1.0,0.4,12,0.75,4,0.25,1.0,0.4,12,0.75,16.0,0.0,False,,,,,,,,
S05,S05,1151,1151,OK,l1.validation_one_se,l1,validation_one_se,l1.final_ranker_score,4,1.0,0.91,0.9099509733076896,0.2096487980089816,0.9738694444444446,1.0,1.0,1.0,0,0.0,4,1.0,1.0,1.0,0,0.0,,0.0,False,4.0,0.2312268602645229,0.01283807093049158,0.2440649311950145,,,,
S05,S05,1151,1151,OK,l1.cpss_one_se,l1,cpss_one_se,l1.final_development_selection_frequency,4,1.0,0.91,0.9099509733076896,0.2096487980089815,0.9738694444444446,1.0,1.0,1.0,0,0.0,4,1.0,1.0,1.0,0,0.0,,,False,,0.2312268602645229,0.01283807093049158,0.2440649311950145,4.0,0.9,4.0,4.0
S05,S05,1171,1171,OK,shil.fixed_k.k01,shil,fixed_k,shil.final_ranker_score,1,1.0,0.6825,0.6824891958129131,0.5925276308546243,0.7486916666666668,1.0,0.25,0.4,0,0.0,1,1.0,0.25,0.4,0,0.0,1.0,0.0,False,,,,,,,,
S05,S05,1171,1171,OK,shil.fixed_k.k02,shil,fixed_k,shil.final_ranker_score,2,1.0,0.7366666666666667,0.7365934981939428,0.5165534962788464,0.8202472222222223,1.0,0.5,0.6666666666666666,0,0.0,2,1.0,0.5,0.6666666666666666,0,0.0,2.0,0.0,False,,,,,,,,
S05,S05,1171,1171,OK,shil.fixed_k.k04,shil,fixed_k,shil.final_ranker_score,4,1.0,0.8991666666666667,0.8991609944726058,0.2277387121555761,0.967925,1.0,1.0,1.0,0,0.0,4,1.0,1.0,1.0,0,0.0,4.0,0.0,False,,,,,,,,
S05,S05,1171,1171,OK,shil.fixed_k.k08,shil,fixed_k,shil.final_ranker_score,8,1.0,0.8958333333333334,0.8958297886525305,0.2279787128782247,0.9678111111111112,0.5,1.0,0.6666666666666666,4,0.5,4,0.5,1.0,0.6666666666666666,4,0.5,8.0,0.0,False,,,,,,,,
S05,S05,1171,1171,OK,shil.fixed_k.k16,shil,fixed_k,shil.final_ranker_score,16,1.0,0.8966666666666666,0.8966663796288323,0.2316287860985693,0.9668444444444444,0.25,1.0,0.4,12,0.75,4,0.25,1.0,0.4,12,0.75,16.0,0.0,False,,,,,,,,
S05,S05,1171,1171,OK,shil.validation_one_se,shil,validation_one_se,shil.final_ranker_score,4,1.0,0.8991666666666667,0.8991609944726058,0.2277387121555761,0.967925,1.0,1.0,1.0,0,0.0,4,1.0,1.0,1.0,0,0.0,,0.0,False,4.0,0.21127035767215668,0.011909242499948534,0.22317960017210522,,,,
S05,S05,1171,1171,OK,shil.cpss_one_se,shil,cpss_one_se,shil.final_development_selection_frequency,4,1.0,0.8991666666666667,0.8991609944726058,0.2277387121555761,0.967925,1.0,1.0,1.0,0,0.0,4,1.0,1.0,1.0,0,0.0,,,False,,0.21127035767215668,0.011909242499948536,0.22317960017210522,4.0,0.9,4.0,4.0
S05,S05,1171,1171,OK,l1.fixed_k.k01,l1,fixed_k,l1.final_ranker_score,1,1.0,0.6825,0.6824891958129131,0.5925276308546243,0.7486916666666668,1.0,0.25,0.4,0,0.0,1,1.0,0.25,0.4,0,0.0,1.0,0.0,False,,,,,,,,
S05,S05,1171,1171,OK,l1.fixed_k.k02,l1,fixed_k,l1.final_ranker_score,2,1.0,0.7366666666666667,0.7365934981939428,0.5165534962788464,0.8202472222222223,1.0,0.5,0.6666666666666666,0,0.0,2,1.0,0.5,0.6666666666666666,0,0.0,2.0,0.0,False,,,,,,,,
S05,S05,1171,1171,OK,l1.fixed_k.k04,l1,fixed_k,l1.final_ranker_score,4,1.0,0.8991666666666667,0.8991609944726058,0.2277387121555761,0.967925,1.0,1.0,1.0,0,0.0,4,1.0,1.0,1.0,0,0.0,4.0,0.0,False,,,,,,,,
S05,S05,1171,1171,OK,l1.fixed_k.k08,l1,fixed_k,l1.final_ranker_score,8,1.0,0.8908333333333334,0.8908314380457995,0.2357273776724393,0.9658166666666668,0.5,1.0,0.6666666666666666,4,0.5,4,0.5,1.0,0.6666666666666666,4,0.5,8.0,0.0,False,,,,,,,,
S05,S05,1171,1171,OK,l1.fixed_k.k16,l1,fixed_k,l1.final_ranker_score,16,1.0,0.8941666666666667,0.8941660052041991,0.2385887816994587,0.9652805555555556,0.25,1.0,0.4,12,0.75,4,0.25,1.0,0.4,12,0.75,16.0,0.0,False,,,,,,,,
S05,S05,1171,1171,OK,l1.validation_one_se,l1,validation_one_se,l1.final_ranker_score,4,1.0,0.8991666666666667,0.8991609944726058,0.2277387121555761,0.967925,1.0,1.0,1.0,0,0.0,4,1.0,1.0,1.0,0,0.0,,0.0,False,4.0,0.21127035767215668,0.011909242499948534,0.22317960017210522,,,,
S05,S05,1171,1171,OK,l1.cpss_one_se,l1,cpss_one_se,l1.final_development_selection_frequency,4,1.0,0.8991666666666667,0.8991609944726058,0.2277387121555761,0.967925,1.0,1.0,1.0,0,0.0,4,1.0,1.0,1.0,0,0.0,,,False,,0.21127035767215668,0.011909242499948536,0.22317960017210522,4.0,0.9,4.0,4.0
S05,S05,1181,1181,OK,shil.fixed_k.k01,shil,fixed_k,shil.final_ranker_score,1,1.0,0.665,0.6648175117564007,0.5899596196751485,0.7411472222222222,1.0,0.25,0.4,0,0.0,1,1.0,0.25,0.4,0,0.0,1.0,0.0,False,,,,,,,,
S05,S05,1181,1181,OK,shil.fixed_k.k02,shil,fixed_k,shil.final_ranker_score,2,1.0,0.7366666666666667,0.7366483783596083,0.5097872397301194,0.8217888888888889,1.0,0.5,0.6666666666666666,0,0.0,2,1.0,0.5,0.6666666666666666,0,0.0,2.0,0.0,False,,,,,,,,
S05,S05,1181,1181,OK,shil.fixed_k.k04,shil,fixed_k,shil.final_ranker_score,4,1.0,0.8883333333333333,0.8883283701497844,0.2382467140821191,0.964486111111111,1.0,1.0,1.0,0,0.0,4,1.0,1.0,1.0,0,0.0,4.0,0.0,False,,,,,,,,
S05,S05,1181,1181,OK,shil.fixed_k.k08,shil,fixed_k,shil.final_ranker_score,8,1.0,0.8866666666666667,0.8866663518509774,0.2396402278337117,0.9644083333333332,0.5,1.0,0.6666666666666666,4,0.5,4,0.5,1.0,0.6666666666666666,4,0.5,8.0,0.0,False,,,,,,,,
S05,S05,1181,1181,OK,shil.fixed_k.k16,shil,fixed_k,shil.final_ranker_score,16,1.0,0.8933333333333333,0.8933306665999984,0.2434932501173216,0.9634305555555556,0.25,1.0,0.4,12,0.75,4,0.25,1.0,0.4,12,0.75,16.0,0.0,False,,,,,,,,
S05,S05,1181,1181,OK,shil.validation_one_se,shil,validation_one_se,shil.final_ranker_score,4,1.0,0.8883333333333333,0.8883283701497844,0.2382467140821191,0.964486111111111,1.0,1.0,1.0,0,0.0,4,1.0,1.0,1.0,0,0.0,,0.0,False,4.0,0.2539978782542672,0.015296959484678654,0.26907496335979264,,,,
S05,S05,1181,1181,OK,shil.cpss_one_se,shil,cpss_one_se,shil.final_development_selection_frequency,4,1.0,0.8883333333333333,0.8883283701497844,0.2382467140821192,0.964486111111111,1.0,1.0,1.0,0,0.0,4,1.0,1.0,1.0,0,0.0,,,False,,0.2539978782542672,0.015296959484678657,0.2692948377389458,4.0,0.9,4.0,4.0
S05,S05,1181,1181,OK,l1.fixed_k.k01,l1,fixed_k,l1.final_ranker_score,1,1.0,0.665,0.6648175117564007,0.5899596196751485,0.7411472222222222,1.0,0.25,0.4,0,0.0,1,1.0,0.25,0.4,0,0.0,1.0,0.0,False,,,,,,,,
S05,S05,1181,1181,OK,l1.fixed_k.k02,l1,fixed_k,l1.final_ranker_score,2,1.0,0.7366666666666667,0.7366483783596083,0.5097872397301194,0.8217888888888889,1.0,0.5,0.6666666666666666,0,0.0,2,1.0,0.5,0.6666666666666666,0,0.0,2.0,0.0,False,,,,,,,,
S05,S05,1181,1181,OK,l1.fixed_k.k04,l1,fixed_k,l1.final_ranker_score,4,1.0,0.8883333333333333,0.8883283701497844,0.2382467140821191,0.964486111111111,1.0,1.0,1.0,0,0.0,4,1.0,1.0,1.0,0,0.0,4.0,0.0,False,,,,,,,,
S05,S05,1181,1181,OK,l1.fixed_k.k08,l1,fixed_k,l1.final_ranker_score,8,1.0,0.8908333333333334,0.890829618507852,0.2451152766490108,0.9627111111111112,0.5,1.0,0.6666666666666666,4,0.5,4,0.5,1.0,0.6666666666666666,4,0.5,8.0,0.0,False,,,,,,,,
S05,S05,1181,1181,OK,l1.fixed_k.k16,l1,fixed_k,l1.final_ranker_score,16,1.0,0.8916666666666667,0.8916591429960414,0.2497934360500697,0.9617055555555556,0.25,1.0,0.4,12,0.75,4,0.25,1.0,0.4,12,0.75,16.0,0.0,False,,,,,,,,
S05,S05,1181,1181,OK,l1.validation_one_se,l1,validation_one_se,l1.final_ranker_score,4,1.0,0.8883333333333333,0.8883283701497844,0.2382467140821191,0.964486111111111,1.0,1.0,1.0,0,0.0,4,1.0,1.0,1.0,0,0.0,,0.0,False,4.0,0.2539978782542672,0.015296959484678654,0.2692948377389458,,,,
S05,S05,1181,1181,OK,l1.cpss_one_se,l1,cpss_one_se,l1.final_development_selection_frequency,4,1.0,0.8883333333333333,0.8883283701497844,0.2382467140821192,0.964486111111111,1.0,1.0,1.0,0,0.0,4,1.0,1.0,1.0,0,0.0,,,False,,0.2539978782542672,0.015296959484678657,0.2692948377389458,4.0,0.9,4.0,4.0
S05,S05,1201,1201,OK,shil.fixed_k.k01,shil,fixed_k,shil.final_ranker_score,1,1.0,0.6625,0.6624603859758541,0.5890809697341578,0.7383666666666666,1.0,0.25,0.4,0,0.0,1,1.0,0.25,0.4,0,0.0,1.0,0.0,False,,,,,,,,
S05,S05,1201,1201,OK,shil.fixed_k.k02,shil,fixed_k,shil.final_ranker_score,2,1.0,0.7416666666666667,0.741660208171871,0.4905930644976017,0.8343194444444443,1.0,0.5,0.6666666666666666,0,0.0,2,1.0,0.5,0.6666666666666666,0,0.0,2.0,0.0,False,,,,,,,,
S05,S05,1201,1201,OK,shil.fixed_k.k04,shil,fixed_k,shil.final_ranker_score,4,1.0,0.8958333333333334,0.8958326822875976,0.2161819460989972,0.971052777777778,1.0,1.0,1.0,0,0.0,4,1.0,1.0,1.0,0,0.0,4.0,0.0,False,,,,,,,,
S05,S05,1201,1201,OK,shil.fixed_k.k08,shil,fixed_k,shil.final_ranker_score,8,1.0,0.8966666666666666,0.8966663796288323,0.2179346109788874,0.9706055555555556,0.5,1.0,0.6666666666666666,4,0.5,4,0.5,1.0,0.6666666666666666,4,0.5,8.0,0.0,False,,,,,,,,
S05,S05,1201,1201,OK,shil.fixed_k.k16,shil,fixed_k,shil.final_ranker_score,16,1.0,0.8958333333333334,0.8958332609953201,0.218500799333861,0.9704888888888888,0.25,1.0,0.4,12,0.75,4,0.25,1.0,0.4,12,0.75,16.0,0.0,False,,,,,,,,
S05,S05,1201,1201,OK,shil.validation_one_se,shil,validation_one_se,shil.final_ranker_score,4,1.0,0.8958333333333334,0.8958326822875976,0.2161819460989972,0.971052777777778,1.0,1.0,1.0,0,0.0,4,1.0,1.0,1.0,0,0.0,,0.0,False,4.0,0.19497223144279505,0.011488340037330905,0.20646057148012595,,,,
S05,S05,1201,1201,OK,shil.cpss_one_se,shil,cpss_one_se,shil.final_development_selection_frequency,4,1.0,0.8958333333333334,0.8958326822875976,0.2161819460989972,0.971052777777778,1.0,1.0,1.0,0,0.0,4,1.0,1.0,1.0,0,0.0,,,False,,0.19497223144279507,0.011488340037330904,0.20646057148012598,4.0,0.9,4.0,4.0
S05,S05,1201,1201,OK,l1.fixed_k.k01,l1,fixed_k,l1.final_ranker_score,1,1.0,0.6625,0.6624603859758541,0.5890809697341578,0.7383666666666666,1.0,0.25,0.4,0,0.0,1,1.0,0.25,0.4,0,0.0,1.0,0.0,False,,,,,,,,
S05,S05,1201,1201,OK,l1.fixed_k.k02,l1,fixed_k,l1.final_ranker_score,2,1.0,0.7416666666666667,0.741660208171871,0.4905930644976017,0.8343194444444443,1.0,0.5,0.6666666666666666,0,0.0,2,1.0,0.5,0.6666666666666666,0,0.0,2.0,0.0,False,,,,,,,,
S05,S05,1201,1201,OK,l1.fixed_k.k04,l1,fixed_k,l1.final_ranker_score,4,1.0,0.8958333333333334,0.8958326822875976,0.2161819460989972,0.971052777777778,1.0,1.0,1.0,0,0.0,4,1.0,1.0,1.0,0,0.0,4.0,0.0,False,,,,,,,,
S05,S05,1201,1201,OK,l1.fixed_k.k08,l1,fixed_k,l1.final_ranker_score,8,1.0,0.8933333333333333,0.8933321481349792,0.2198666296912513,0.9700555555555556,0.5,1.0,0.6666666666666666,4,0.5,4,0.5,1.0,0.6666666666666666,4,0.5,8.0,0.0,False,,,,,,,,
S05,S05,1201,1201,OK,l1.fixed_k.k16,l1,fixed_k,l1.final_ranker_score,16,1.0,0.895,0.895,0.226238777472512,0.9683694444444444,0.25,1.0,0.4,12,0.75,4,0.25,1.0,0.4,12,0.75,16.0,0.0,False,,,,,,,,
S05,S05,1201,1201,OK,l1.validation_one_se,l1,validation_one_se,l1.final_ranker_score,4,1.0,0.8958333333333334,0.8958326822875976,0.2161819460989972,0.971052777777778,1.0,1.0,1.0,0,0.0,4,1.0,1.0,1.0,0,0.0,,0.0,False,4.0,0.19497223144279505,0.011488340037330905,0.20646057148012595,,,,
S05,S05,1201,1201,OK,l1.cpss_one_se,l1,cpss_one_se,l1.final_development_selection_frequency,4,1.0,0.8958333333333334,0.8958326822875976,0.2161819460989972,0.971052777777778,1.0,1.0,1.0,0,0.0,4,1.0,1.0,1.0,0,0.0,,,False,,0.19497223144279507,0.011488340037330904,0.20646057148012598,4.0,0.9,4.0,4.0
S05,S05,1213,1213,OK,shil.fixed_k.k01,shil,fixed_k,shil.final_ranker_score,1,1.0,0.6841666666666667,0.6840505991437132,0.582990977397576,0.7549777777777777,1.0,0.25,0.4,0,0.0,1,1.0,0.25,0.4,0,0.0,1.0,0.0,False,,,,,,,,
S05,S05,1213,1213,OK,shil.fixed_k.k02,shil,fixed_k,shil.final_ranker_score,2,1.0,0.7508333333333334,0.7507417655513727,0.5045635374685302,0.8323722222222222,1.0,0.5,0.6666666666666666,0,0.0,2,1.0,0.5,0.6666666666666666,0,0.0,2.0,0.0,False,,,,,,,,
S05,S05,1213,1213,OK,shil.fixed_k.k04,shil,fixed_k,shil.final_ranker_score,4,1.0,0.8941666666666667,0.8941607132067846,0.2308423250753487,0.9669111111111112,1.0,1.0,1.0,0,0.0,4,1.0,1.0,1.0,0,0.0,4.0,0.0,False,,,,,,,,
S05,S05,1213,1213,OK,shil.fixed_k.k08,shil,fixed_k,shil.final_ranker_score,8,1.0,0.8916666666666667,0.8916618516378505,0.2323684941159295,0.96645,0.5,1.0,0.6666666666666666,4,0.5,4,0.5,1.0,0.6666666666666666,4,0.5,8.0,0.0,False,,,,,,,,
S05,S05,1213,1213,OK,shil.fixed_k.k16,shil,fixed_k,shil.final_ranker_score,16,1.0,0.8883333333333333,0.8883255781651503,0.234151579254995,0.9659,0.25,1.0,0.4,12,0.75,4,0.25,1.0,0.4,12,0.75,16.0,0.0,False,,,,,,,,
S05,S05,1213,1213,OK,shil.validation_one_se,shil,validation_one_se,shil.final_ranker_score,4,1.0,0.8941666666666667,0.8941607132067846,0.2308423250753487,0.9669111111111112,1.0,1.0,1.0,0,0.0,4,1.0,1.0,1.0,0,0.0,,0.0,False,4.0,0.24279804851541803,0.014512094612972709,0.25731014312839073,,,,
S05,S05,1213,1213,OK,shil.cpss_one_se,shil,cpss_one_se,shil.final_development_selection_frequency,4,1.0,0.8941666666666667,0.8941607132067846,0.2308423250753487,0.9669111111111112,1.0,1.0,1.0,0,0.0,4,1.0,1.0,1.0,0,0.0,,,False,,0.24279804851541803,0.014512094612972712,0.25731014312839073,4.0,0.9,4.0,4.0
S05,S05,1213,1213,OK,l1.fixed_k.k01,l1,fixed_k,l1.final_ranker_score,1,1.0,0.6841666666666667,0.6840505991437132,0.582990977397576,0.7549777777777777,1.0,0.25,0.4,0,0.0,1,1.0,0.25,0.4,0,0.0,1.0,0.0,False,,,,,,,,
S05,S05,1213,1213,OK,l1.fixed_k.k02,l1,fixed_k,l1.final_ranker_score,2,1.0,0.7508333333333334,0.7507417655513727,0.5045635374685302,0.8323722222222222,1.0,0.5,0.6666666666666666,0,0.0,2,1.0,0.5,0.6666666666666666,0,0.0,2.0,0.0,False,,,,,,,,
S05,S05,1213,1213,OK,l1.fixed_k.k04,l1,fixed_k,l1.final_ranker_score,4,1.0,0.8941666666666667,0.8941607132067846,0.2308423250753487,0.9669111111111112,1.0,1.0,1.0,0,0.0,4,1.0,1.0,1.0,0,0.0,4.0,0.0,False,,,,,,,,
S05,S05,1213,1213,OK,l1.fixed_k.k08,l1,fixed_k,l1.final_ranker_score,8,1.0,0.8875,0.8874774173427862,0.2330907277805011,0.9661861111111112,0.5,1.0,0.6666666666666666,4,0.5,4,0.5,1.0,0.6666666666666666,4,0.5,8.0,0.0,False,,,,,,,,
S05,S05,1213,1213,OK,l1.fixed_k.k16,l1,fixed_k,l1.final_ranker_score,16,1.0,0.88,0.8799786628733997,0.238947720533737,0.9643222222222224,0.25,1.0,0.4,12,0.75,4,0.25,1.0,0.4,12,0.75,16.0,0.0,False,,,,,,,,
S05,S05,1213,1213,OK,l1.validation_one_se,l1,validation_one_se,l1.final_ranker_score,4,1.0,0.8941666666666667,0.8941607132067846,0.2308423250753487,0.9669111111111112,1.0,1.0,1.0,0,0.0,4,1.0,1.0,1.0,0,0.0,,0.0,False,4.0,0.24279804851541803,0.014512094612972709,0.25731014312839073,,,,
S05,S05,1213,1213,OK,l1.cpss_one_se,l1,cpss_one_se,l1.final_development_selection_frequency,4,1.0,0.8941666666666667,0.8941607132067846,0.2308423250753487,0.9669111111111112,1.0,1.0,1.0,0,0.0,4,1.0,1.0,1.0,0,0.0,,,False,,0.24279804851541803,0.014512094612972712,0.25731014312839073,4.0,0.9,4.0,4.0
S05,S05,1231,1231,OK,shil.fixed_k.k01,shil,fixed_k,shil.final_ranker_score,1,1.0,0.7008333333333333,0.7008331255785595,0.5724842352923261,0.7701555555555555,1.0,0.25,0.4,0,0.0,1,1.0,0.25,0.4,0,0.0,1.0,0.0,False,,,,,,,,
S05,S05,1231,1231,OK,shil.fixed_k.k02,shil,fixed_k,shil.final_ranker_score,2,1.0,0.7775,0.7773105593299856,0.4709530595106633,0.8576916666666667,1.0,0.5,0.6666666666666666,0,0.0,2,1.0,0.5,0.6666666666666666,0,0.0,2.0,0.0,False,,,,,,,,
S05,S05,1231,1231,OK,shil.fixed_k.k04,shil,fixed_k,shil.final_ranker_score,4,1.0,0.895,0.8949763696831787,0.2207348248296487,0.9704833333333333,1.0,1.0,1.0,0,0.0,4,1.0,1.0,1.0,0,0.0,4.0,0.0,False,,,,,,,,
S05,S05,1231,1231,OK,shil.fixed_k.k08,shil,fixed_k,shil.final_ranker_score,8,1.0,0.8958333333333334,0.8957881024750325,0.2230007482881338,0.969725,0.5,1.0,0.6666666666666666,4,0.5,4,0.5,1.0,0.6666666666666666,4,0.5,8.0,0.0,False,,,,,,,,
S05,S05,1231,1231,OK,shil.fixed_k.k16,shil,fixed_k,shil.final_ranker_score,16,1.0,0.8908333333333334,0.8907604310932504,0.225342103453548,0.969,0.25,1.0,0.4,12,0.75,4,0.25,1.0,0.4,12,0.75,16.0,0.0,False,,,,,,,,
S05,S05,1231,1231,OK,shil.validation_one_se,shil,validation_one_se,shil.final_ranker_score,4,1.0,0.895,0.8949763696831787,0.2207348248296487,0.9704833333333333,1.0,1.0,1.0,0,0.0,4,1.0,1.0,1.0,0,0.0,,0.0,False,4.0,0.23439732241415384,0.013020615222923491,0.24741793763707734,,,,
S05,S05,1231,1231,OK,shil.cpss_one_se,shil,cpss_one_se,shil.final_development_selection_frequency,4,1.0,0.895,0.8949763696831787,0.2207348248296487,0.9704833333333333,1.0,1.0,1.0,0,0.0,4,1.0,1.0,1.0,0,0.0,,,False,,0.23439732241415384,0.013020615222923491,0.24741793763707734,4.0,0.9,4.0,4.0
S05,S05,1231,1231,OK,l1.fixed_k.k01,l1,fixed_k,l1.final_ranker_score,1,1.0,0.7008333333333333,0.7008331255785595,0.5724842352923261,0.7701555555555555,1.0,0.25,0.4,0,0.0,1,1.0,0.25,0.4,0,0.0,1.0,0.0,False,,,,,,,,
S05,S05,1231,1231,OK,l1.fixed_k.k02,l1,fixed_k,l1.final_ranker_score,2,1.0,0.7775,0.7773105593299856,0.4709530595106633,0.8576916666666667,1.0,0.5,0.6666666666666666,0,0.0,2,1.0,0.5,0.6666666666666666,0,0.0,2.0,0.0,False,,,,,,,,
S05,S05,1231,1231,OK,l1.fixed_k.k04,l1,fixed_k,l1.final_ranker_score,4,1.0,0.895,0.8949763696831787,0.2207348248296487,0.9704833333333333,1.0,1.0,1.0,0,0.0,4,1.0,1.0,1.0,0,0.0,4.0,0.0,False,,,,,,,,
S05,S05,1231,1231,OK,l1.fixed_k.k08,l1,fixed_k,l1.final_ranker_score,8,1.0,0.8991666666666667,0.8991357769983724,0.2207053617706372,0.9702222222222222,0.5,1.0,0.6666666666666666,4,0.5,4,0.5,1.0,0.6666666666666666,4,0.5,8.0,0.0,False,,,,,,,,
S05,S05,1231,1231,OK,l1.fixed_k.k16,l1,fixed_k,l1.final_ranker_score,16,1.0,0.8991666666666667,0.8991357769983724,0.2192398064828636,0.9707166666666668,0.25,1.0,0.4,12,0.75,4,0.25,1.0,0.4,12,0.75,16.0,0.0,False,,,,,,,,
S05,S05,1231,1231,OK,l1.validation_one_se,l1,validation_one_se,l1.final_ranker_score,4,1.0,0.895,0.8949763696831787,0.2207348248296487,0.9704833333333333,1.0,1.0,1.0,0,0.0,4,1.0,1.0,1.0,0,0.0,,0.0,False,4.0,0.2343973224141538,0.01302061522292349,0.2474179376370773,,,,
S05,S05,1231,1231,OK,l1.cpss_one_se,l1,cpss_one_se,l1.final_development_selection_frequency,4,1.0,0.895,0.8949763696831787,0.2207348248296487,0.9704833333333333,1.0,1.0,1.0,0,0.0,4,1.0,1.0,1.0,0,0.0,,,False,,0.23439732241415384,0.013020615222923491,0.24741793763707734,4.0,0.9,4.0,4.0
S05,S05,1249,1249,OK,shil.fixed_k.k01,shil,fixed_k,shil.final_ranker_score,1,1.0,0.6666666666666666,0.6666657407381686,0.5940433701078841,0.73735,1.0,0.25,0.4,0,0.0,1,1.0,0.25,0.4,0,0.0,1.0,0.0,False,,,,,,,,
S05,S05,1249,1249,OK,shil.fixed_k.k02,shil,fixed_k,shil.final_ranker_score,2,1.0,0.7483333333333333,0.7483333333333333,0.5062912669706218,0.8293388888888888,1.0,0.5,0.6666666666666666,0,0.0,2,1.0,0.5,0.6666666666666666,0,0.0,2.0,0.0,False,,,,,,,,
S05,S05,1249,1249,OK,shil.fixed_k.k04,shil,fixed_k,shil.final_ranker_score,4,1.0,0.8883333333333333,0.8883283701497844,0.2323495293920729,0.9670527777777778,1.0,1.0,1.0,0,0.0,4,1.0,1.0,1.0,0,0.0,4.0,0.0,False,,,,,,,,
S05,S05,1249,1249,OK,shil.fixed_k.k08,shil,fixed_k,shil.final_ranker_score,8,1.0,0.89,0.8899850257396145,0.2357176227686078,0.9657194444444444,0.5,1.0,0.6666666666666666,4,0.5,4,0.5,1.0,0.6666666666666666,4,0.5,8.0,0.0,False,,,,,,,,
S05,S05,1249,1249,OK,shil.fixed_k.k16,shil,fixed_k,shil.final_ranker_score,16,1.0,0.8875,0.8874717898028603,0.245158917417656,0.9623555555555556,0.25,1.0,0.4,12,0.75,4,0.25,1.0,0.4,12,0.75,16.0,0.0,False,,,,,,,,
S05,S05,1249,1249,OK,shil.validation_one_se,shil,validation_one_se,shil.final_ranker_score,4,1.0,0.8883333333333333,0.8883283701497844,0.2323495293920729,0.9670527777777778,1.0,1.0,1.0,0,0.0,4,1.0,1.0,1.0,0,0.0,,0.0,False,4.0,0.2470026579688029,0.013986792414001064,0.26098945038280397,,,,
S05,S05,1249,1249,OK,shil.cpss_one_se,shil,cpss_one_se,shil.final_development_selection_frequency,4,1.0,0.8883333333333333,0.8883283701497844,0.2323495293920729,0.9670527777777778,1.0,1.0,1.0,0,0.0,4,1.0,1.0,1.0,0,0.0,,,False,,0.2470026579688029,0.013986792414001064,0.26098945038280397,4.0,0.9,4.0,4.0
S05,S05,1249,1249,OK,l1.fixed_k.k01,l1,fixed_k,l1.final_ranker_score,1,1.0,0.6666666666666666,0.6666657407381686,0.5940433701078841,0.73735,1.0,0.25,0.4,0,0.0,1,1.0,0.25,0.4,0,0.0,1.0,0.0,False,,,,,,,,
S05,S05,1249,1249,OK,l1.fixed_k.k02,l1,fixed_k,l1.final_ranker_score,2,1.0,0.7483333333333333,0.7483333333333333,0.5062912669706218,0.8293388888888888,1.0,0.5,0.6666666666666666,0,0.0,2,1.0,0.5,0.6666666666666666,0,0.0,2.0,0.0,False,,,,,,,,
S05,S05,1249,1249,OK,l1.fixed_k.k04,l1,fixed_k,l1.final_ranker_score,4,1.0,0.8883333333333333,0.8883283701497844,0.2323495293920729,0.9670527777777778,1.0,1.0,1.0,0,0.0,4,1.0,1.0,1.0,0,0.0,4.0,0.0,False,,,,,,,,
S05,S05,1249,1249,OK,l1.fixed_k.k08,l1,fixed_k,l1.final_ranker_score,8,1.0,0.89,0.8899923605805958,0.2369706201883571,0.9653361111111112,0.5,1.0,0.6666666666666666,4,0.5,4,0.5,1.0,0.6666666666666666,4,0.5,8.0,0.0,False,,,,,,,,
S05,S05,1249,1249,OK,l1.fixed_k.k16,l1,fixed_k,l1.final_ranker_score,16,1.0,0.8816666666666667,0.8816584485033683,0.2392700173009622,0.9643527777777776,0.25,1.0,0.4,12,0.75,4,0.25,1.0,0.4,12,0.75,16.0,0.0,False,,,,,,,,
S05,S05,1249,1249,OK,l1.validation_one_se,l1,validation_one_se,l1.final_ranker_score,4,1.0,0.8883333333333333,0.8883283701497844,0.2323495293920729,0.9670527777777778,1.0,1.0,1.0,0,0.0,4,1.0,1.0,1.0,0,0.0,,0.0,False,4.0,0.2470026579688029,0.013986792414001064,0.26098945038280397,,,,
S05,S05,1249,1249,OK,l1.cpss_one_se,l1,cpss_one_se,l1.final_development_selection_frequency,4,1.0,0.8883333333333333,0.8883283701497844,0.2323495293920729,0.9670527777777778,1.0,1.0,1.0,0,0.0,4,1.0,1.0,1.0,0,0.0,,,False,,0.2470026579688029,0.013986792414001064,0.26098945038280397,4.0,0.9,4.0,4.0
S05,S05,1277,1277,OK,shil.fixed_k.k01,shil,fixed_k,shil.final_ranker_score,1,1.0,0.6533333333333333,0.6532167756384785,0.6030145185255132,0.7270388888888888,1.0,0.25,0.4,0,0.0,1,1.0,0.25,0.4,0,0.0,1.0,0.0,False,,,,,,,,
S05,S05,1277,1277,OK,shil.fixed_k.k02,shil,fixed_k,shil.final_ranker_score,2,1.0,0.7375,0.7374691890923311,0.5170127061927667,0.8182333333333334,1.0,0.5,0.6666666666666666,0,0.0,2,1.0,0.5,0.6666666666666666,0,0.0,2.0,0.0,False,,,,,,,,
S05,S05,1277,1277,OK,shil.fixed_k.k04,shil,fixed_k,shil.final_ranker_score,4,1.0,0.9058333333333334,0.9058332679397694,0.2259043826049228,0.9689416666666668,1.0,1.0,1.0,0,0.0,4,1.0,1.0,1.0,0,0.0,4.0,0.0,False,,,,,,,,
S05,S05,1277,1277,OK,shil.fixed_k.k08,shil,fixed_k,shil.final_ranker_score,8,1.0,0.9025,0.9024999322916196,0.2292258382115721,0.9681611111111112,0.5,1.0,0.6666666666666666,4,0.5,4,0.5,1.0,0.6666666666666666,4,0.5,8.0,0.0,False,,,,,,,,
S05,S05,1277,1277,OK,shil.fixed_k.k16,shil,fixed_k,shil.final_ranker_score,16,1.0,0.9058333333333334,0.9058316984669872,0.2322960287361803,0.9672833333333332,0.25,1.0,0.4,12,0.75,4,0.25,1.0,0.4,12,0.75,16.0,0.0,False,,,,,,,,
S05,S05,1277,1277,OK,shil.validation_one_se,shil,validation_one_se,shil.final_ranker_score,4,1.0,0.9058333333333334,0.9058332679397694,0.2259043826049228,0.9689416666666668,1.0,1.0,1.0,0,0.0,4,1.0,1.0,1.0,0,0.0,,0.0,False,4.0,0.23045253774006974,0.013783169855044582,0.24423570759511432,,,,
S05,S05,1277,1277,OK,shil.cpss_one_se,shil,cpss_one_se,shil.final_development_selection_frequency,4,1.0,0.9058333333333334,0.9058332679397694,0.2259043826049228,0.9689416666666668,1.0,1.0,1.0,0,0.0,4,1.0,1.0,1.0,0,0.0,,,False,,0.23045253774006974,0.013783169855044583,0.24423570759511432,4.0,0.9,4.0,4.0
S05,S05,1277,1277,OK,l1.fixed_k.k01,l1,fixed_k,l1.final_ranker_score,1,1.0,0.6533333333333333,0.6532167756384785,0.6030145185255132,0.7270388888888888,1.0,0.25,0.4,0,0.0,1,1.0,0.25,0.4,0,0.0,1.0,0.0,False,,,,,,,,
S05,S05,1277,1277,OK,l1.fixed_k.k02,l1,fixed_k,l1.final_ranker_score,2,1.0,0.7375,0.7374691890923311,0.5170127061927667,0.8182333333333334,1.0,0.5,0.6666666666666666,0,0.0,2,1.0,0.5,0.6666666666666666,0,0.0,2.0,0.0,False,,,,,,,,
S05,S05,1277,1277,OK,l1.fixed_k.k04,l1,fixed_k,l1.final_ranker_score,4,1.0,0.9058333333333334,0.9058332679397694,0.2259043826049228,0.9689416666666668,1.0,1.0,1.0,0,0.0,4,1.0,1.0,1.0,0,0.0,4.0,0.0,False,,,,,,,,
S05,S05,1277,1277,OK,l1.fixed_k.k08,l1,fixed_k,l1.final_ranker_score,8,1.0,0.9041666666666668,0.9041666001156944,0.230063015019252,0.9678,0.5,1.0,0.6666666666666666,4,0.5,4,0.5,1.0,0.6666666666666666,4,0.5,8.0,0.0,False,,,,,,,,
S05,S05,1277,1277,OK,l1.fixed_k.k16,l1,fixed_k,l1.final_ranker_score,16,1.0,0.9,0.8999955553580159,0.2314665456597982,0.9674583333333332,0.25,1.0,0.4,12,0.75,4,0.25,1.0,0.4,12,0.75,16.0,0.0,False,,,,,,,,
S05,S05,1277,1277,OK,l1.validation_one_se,l1,validation_one_se,l1.final_ranker_score,4,1.0,0.9058333333333334,0.9058332679397694,0.2259043826049228,0.9689416666666668,1.0,1.0,1.0,0,0.0,4,1.0,1.0,1.0,0,0.0,,0.0,False,4.0,0.23045253774006974,0.013783169855044582,0.24423570759511432,,,,
S05,S05,1277,1277,OK,l1.cpss_one_se,l1,cpss_one_se,l1.final_development_selection_frequency,4,1.0,0.9058333333333334,0.9058332679397694,0.2259043826049228,0.9689416666666668,1.0,1.0,1.0,0,0.0,4,1.0,1.0,1.0,0,0.0,,,False,,0.23045253774006974,0.013783169855044583,0.24423570759511432,4.0,0.9,4.0,4.0
S06,S06,1103,1103,OK,shil.fixed_k.k01,shil,fixed_k,shil.final_ranker_score,1,1.0,0.6875,0.6874511642444132,0.5898212610280045,0.7536224489795919,1.0,0.25,0.4,0,0.0,1,1.0,0.25,0.4,0,0.0,1.0,0.0,False,,,,,,,,
S06,S06,1103,1103,OK,shil.fixed_k.k02,shil,fixed_k,shil.final_ranker_score,2,1.0,0.8,0.7999362041467305,0.4291681046231053,0.8860841836734694,1.0,0.5,0.6666666666666666,0,0.0,2,1.0,0.5,0.6666666666666666,0,0.0,2.0,0.0,False,,,,,,,,
S06,S06,1103,1103,OK,shil.fixed_k.k04,shil,fixed_k,shil.final_ranker_score,4,1.0,0.8964285714285715,0.8964166804862803,0.224860949513523,0.9689158163265308,1.0,1.0,1.0,0,0.0,4,1.0,1.0,1.0,0,0.0,4.0,0.0,False,,,,,,,,
S06,S06,1103,1103,OK,shil.fixed_k.k08,shil,fixed_k,shil.final_ranker_score,8,1.0,0.8928571428571429,0.8928352725045927,0.2257131282470992,0.9685459183673468,0.5,1.0,0.6666666666666666,4,0.5,4,0.5,1.0,0.6666666666666666,4,0.5,8.0,0.0,False,,,,,,,,
S06,S06,1103,1103,OK,shil.fixed_k.k16,shil,fixed_k,shil.final_ranker_score,16,1.0,0.8982142857142857,0.8981983792110374,0.2242316307337248,0.969094387755102,0.25,1.0,0.4,12,0.75,4,0.25,1.0,0.4,12,0.75,16.0,0.0,False,,,,,,,,
S06,S06,1103,1103,OK,shil.validation_one_se,shil,validation_one_se,shil.final_ranker_score,4,1.0,0.8964285714285715,0.8964166804862803,0.224860949513523,0.9689158163265308,1.0,1.0,1.0,0,0.0,4,1.0,1.0,1.0,0,0.0,,0.0,False,4.0,0.21419817372187347,0.016529816966272547,0.230727990688146,,,,
S06,S06,1103,1103,OK,shil.cpss_one_se,shil,cpss_one_se,shil.final_development_selection_frequency,4,1.0,0.8964285714285715,0.8964166804862803,0.224860949513523,0.9689158163265308,1.0,1.0,1.0,0,0.0,4,1.0,1.0,1.0,0,0.0,,,False,,0.21419817372187347,0.016529816966272547,0.230727990688146,4.0,0.9,4.0,4.0
S06,S06,1103,1103,OK,l1.fixed_k.k01,l1,fixed_k,l1.final_ranker_score,1,1.0,0.6875,0.6874511642444132,0.5898212610280045,0.7536224489795919,1.0,0.25,0.4,0,0.0,1,1.0,0.25,0.4,0,0.0,1.0,0.0,False,,,,,,,,
S06,S06,1103,1103,OK,l1.fixed_k.k02,l1,fixed_k,l1.final_ranker_score,2,1.0,0.8,0.7999362041467305,0.4291681046231053,0.8860841836734694,1.0,0.5,0.6666666666666666,0,0.0,2,1.0,0.5,0.6666666666666666,0,0.0,2.0,0.0,False,,,,,,,,
S06,S06,1103,1103,OK,l1.fixed_k.k04,l1,fixed_k,l1.final_ranker_score,4,1.0,0.8964285714285715,0.8964166804862803,0.224860949513523,0.9689158163265308,1.0,1.0,1.0,0,0.0,4,1.0,1.0,1.0,0,0.0,4.0,0.0,False,,,,,,,,
S06,S06,1103,1103,OK,l1.fixed_k.k08,l1,fixed_k,l1.final_ranker_score,8,1.0,0.8982142857142857,0.8981594035050777,0.2260403725578503,0.9687755102040816,0.5,1.0,0.6666666666666666,4,0.5,4,0.5,1.0,0.6666666666666666,4,0.5,8.0,0.0,False,,,,,,,,
S06,S06,1103,1103,OK,l1.fixed_k.k16,l1,fixed_k,l1.final_ranker_score,16,1.0,0.8803571428571428,0.8803109618188141,0.2594567223341509,0.960063775510204,0.25,1.0,0.4,12,0.75,4,0.25,1.0,0.4,12,0.75,16.0,0.0,False,,,,,,,,
S06,S06,1103,1103,OK,l1.validation_one_se,l1,validation_one_se,l1.final_ranker_score,4,1.0,0.8964285714285715,0.8964166804862803,0.224860949513523,0.9689158163265308,1.0,1.0,1.0,0,0.0,4,1.0,1.0,1.0,0,0.0,,0.0,False,4.0,0.21419817372187344,0.016529816966272547,0.23072799068814598,,,,
S06,S06,1103,1103,OK,l1.cpss_one_se,l1,cpss_one_se,l1.final_development_selection_frequency,4,1.0,0.8964285714285715,0.8964166804862803,0.224860949513523,0.9689158163265308,1.0,1.0,1.0,0,0.0,4,1.0,1.0,1.0,0,0.0,,,False,,0.21419817372187347,0.016529816966272547,0.230727990688146,4.0,0.9,4.0,4.0
S06,S06,1129,1129,OK,shil.fixed_k.k01,shil,fixed_k,shil.final_ranker_score,1,1.0,0.6714285714285714,0.6714118067248329,0.5887595989277472,0.7492729591836733,1.0,0.25,0.4,0,0.0,1,1.0,0.25,0.4,0,0.0,1.0,0.0,False,,,,,,,,
S06,S06,1129,1129,OK,shil.fixed_k.k02,shil,fixed_k,shil.final_ranker_score,2,1.0,0.7696428571428572,0.7696244917483857,0.4752953375962558,0.8566326530612246,1.0,0.5,0.6666666666666666,0,0.0,2,1.0,0.5,0.6666666666666666,0,0.0,2.0,0.0,False,,,,,,,,
S06,S06,1129,1129,OK,shil.fixed_k.k04,shil,fixed_k,shil.final_ranker_score,4,1.0,0.9035714285714286,0.903570198599472,0.2155560646517738,0.9705739795918368,1.0,1.0,1.0,0,0.0,4,1.0,1.0,1.0,0,0.0,4.0,0.0,False,,,,,,,,
S06,S06,1129,1129,OK,shil.fixed_k.k08,shil,fixed_k,shil.final_ranker_score,8,1.0,0.9035714285714286,0.9035714285714286,0.2161317722799692,0.9706122448979592,0.5,1.0,0.6666666666666666,4,0.5,4,0.5,1.0,0.6666666666666666,4,0.5,8.0,0.0,False,,,,,,,,
S06,S06,1129,1129,OK,shil.fixed_k.k16,shil,fixed_k,shil.final_ranker_score,16,1.0,0.8964285714285715,0.896427250347581,0.2168494439053689,0.970280612244898,0.25,1.0,0.4,12,0.75,4,0.25,1.0,0.4,12,0.75,16.0,0.0,False,,,,,,,,
S06,S06,1129,1129,OK,shil.validation_one_se,shil,validation_one_se,shil.final_ranker_score,4,1.0,0.9035714285714286,0.903570198599472,0.2155560646517738,0.9705739795918368,1.0,1.0,1.0,0,0.0,4,1.0,1.0,1.0,0,0.0,,0.0,False,4.0,0.20515591207121792,0.017191289146603384,0.2223472012178213,,,,
S06,S06,1129,1129,OK,shil.cpss_one_se,shil,cpss_one_se,shil.final_development_selection_frequency,4,1.0,0.9035714285714286,0.903570198599472,0.2155560646517738,0.9705739795918368,1.0,1.0,1.0,0,0.0,4,1.0,1.0,1.0,0,0.0,,,False,,0.20515591207121792,0.017191289146603384,0.2223472012178213,4.0,0.9,4.0,4.0
S06,S06,1129,1129,OK,l1.fixed_k.k01,l1,fixed_k,l1.final_ranker_score,1,1.0,0.6714285714285714,0.6714118067248329,0.5887595989277472,0.7492729591836733,1.0,0.25,0.4,0,0.0,1,1.0,0.25,0.4,0,0.0,1.0,0.0,False,,,,,,,,
S06,S06,1129,1129,OK,l1.fixed_k.k02,l1,fixed_k,l1.final_ranker_score,2,1.0,0.7696428571428572,0.7696244917483857,0.4752953375962558,0.8566326530612246,1.0,0.5,0.6666666666666666,0,0.0,2,1.0,0.5,0.6666666666666666,0,0.0,2.0,0.0,False,,,,,,,,
S06,S06,1129,1129,OK,l1.fixed_k.k04,l1,fixed_k,l1.final_ranker_score,4,1.0,0.9035714285714286,0.903570198599472,0.2155560646517738,0.9705739795918368,1.0,1.0,1.0,0,0.0,4,1.0,1.0,1.0,0,0.0,4.0,0.0,False,,,,,,,,
S06,S06,1129,1129,OK,l1.fixed_k.k08,l1,fixed_k,l1.final_ranker_score,8,1.0,0.8892857142857142,0.8892800653094546,0.2240817060529089,0.9677933673469388,0.5,1.0,0.6666666666666666,4,0.5,4,0.5,1.0,0.6666666666666666,4,0.5,8.0,0.0,False,,,,,,,,
S06,S06,1129,1129,OK,l1.fixed_k.k16,l1,fixed_k,l1.final_ranker_score,16,1.0,0.8732142857142857,0.8732138814218158,0.2512157214085614,0.9614540816326532,0.25,1.0,0.4,12,0.75,4,0.25,1.0,0.4,12,0.75,16.0,0.0,False,,,,,,,,
S06,S06,1129,1129,OK,l1.validation_one_se,l1,validation_one_se,l1.final_ranker_score,4,1.0,0.9035714285714286,0.903570198599472,0.2155560646517738,0.9705739795918368,1.0,1.0,1.0,0,0.0,4,1.0,1.0,1.0,0,0.0,,0.0,False,4.0,0.20515591207121792,0.017191289146603384,0.2223472012178213,,,,
S06,S06,1129,1129,OK,l1.cpss_one_se,l1,cpss_one_se,l1.final_development_selection_frequency,4,1.0,0.9035714285714286,0.903570198599472,0.2155560646517738,0.9705739795918368,1.0,1.0,1.0,0,0.0,4,1.0,1.0,1.0,0,0.0,,,False,,0.20515591207121792,0.017191289146603384,0.2223472012178213,4.0,0.9,4.0,4.0
S06,S06,1151,1151,OK,shil.fixed_k.k01,shil,fixed_k,shil.final_ranker_score,1,1.0,0.6982142857142857,0.698213323384322,0.5626037657478419,0.7789540816326532,1.0,0.25,0.4,0,0.0,1,1.0,0.25,0.4,0,0.0,1.0,0.0,False,,,,,,,,
S06,S06,1151,1151,OK,shil.fixed_k.k02,shil,fixed_k,shil.final_ranker_score,2,1.0,0.8071428571428572,0.807120715388246,0.433099425183392,0.8865051020408163,1.0,0.5,0.6666666666666666,0,0.0,2,1.0,0.5,0.6666666666666666,0,0.0,2.0,0.0,False,,,,,,,,
S06,S06,1151,1151,OK,shil.fixed_k.k04,shil,fixed_k,shil.final_ranker_score,4,1.0,0.9,0.8999948976988621,0.2120539232600869,0.9724617346938776,1.0,1.0,1.0,0,0.0,4,1.0,1.0,1.0,0,0.0,4.0,0.0,False,,,,,,,,
S06,S06,1151,1151,OK,shil.fixed_k.k08,shil,fixed_k,shil.final_ranker_score,8,1.0,0.9053571428571427,0.9053495973849957,0.2114262784132364,0.9724872448979592,0.5,1.0,0.6666666666666666,4,0.5,4,0.5,1.0,0.6666666666666666,4,0.5,8.0,0.0,False,,,,,,,,
S06,S06,1151,1151,OK,shil.fixed_k.k16,shil,fixed_k,shil.final_ranker_score,16,1.0,0.8982142857142857,0.8982139611414577,0.2135349342378391,0.9715178571428572,0.25,1.0,0.4,12,0.75,4,0.25,1.0,0.4,12,0.75,16.0,0.0,False,,,,,,,,
S06,S06,1151,1151,OK,shil.validation_one_se,shil,validation_one_se,shil.final_ranker_score,4,1.0,0.9,0.8999948976988621,0.2120539232600869,0.9724617346938776,1.0,1.0,1.0,0,0.0,4,1.0,1.0,1.0,0,0.0,,0.0,False,4.0,0.23064214347219328,0.01846340680730914,0.24910555027950243,,,,
S06,S06,1151,1151,OK,shil.cpss_one_se,shil,cpss_one_se,shil.final_development_selection_frequency,4,1.0,0.9,0.8999948976988621,0.2120539232600869,0.9724617346938776,1.0,1.0,1.0,0,0.0,4,1.0,1.0,1.0,0,0.0,,,False,,0.23064214347219328,0.018463406807309145,0.24910555027950243,4.0,0.9,4.0,4.0
S06,S06,1151,1151,OK,l1.fixed_k.k01,l1,fixed_k,l1.final_ranker_score,1,1.0,0.6982142857142857,0.698213323384322,0.5626037657478419,0.7789540816326532,1.0,0.25,0.4,0,0.0,1,1.0,0.25,0.4,0,0.0,1.0,0.0,False,,,,,,,,
S06,S06,1151,1151,OK,l1.fixed_k.k02,l1,fixed_k,l1.final_ranker_score,2,1.0,0.7392857142857143,0.7388827143933878,0.4809638411815412,0.8429846938775509,1.0,0.5,0.6666666666666666,0,0.0,2,1.0,0.5,0.6666666666666666,0,0.0,2.0,0.0,False,,,,,,,,
S06,S06,1151,1151,OK,l1.fixed_k.k04,l1,fixed_k,l1.final_ranker_score,4,1.0,0.9,0.8999948976988621,0.2120539232600869,0.9724617346938776,1.0,1.0,1.0,0,0.0,4,1.0,1.0,1.0,0,0.0,4.0,0.0,False,,,,,,,,
S06,S06,1151,1151,OK,l1.fixed_k.k08,l1,fixed_k,l1.final_ranker_score,8,1.0,0.8946428571428572,0.8946425211815088,0.21755180120478,0.970408163265306,0.5,1.0,0.6666666666666666,4,0.5,4,0.5,1.0,0.6666666666666666,4,0.5,8.0,0.0,False,,,,,,,,
S06,S06,1151,1151,OK,l1.fixed_k.k16,l1,fixed_k,l1.final_ranker_score,16,1.0,0.875,0.874998405591908,0.2531110610268898,0.9607397959183672,0.25,1.0,0.4,12,0.75,4,0.25,1.0,0.4,12,0.75,16.0,0.0,False,,,,,,,,
S06,S06,1151,1151,OK,l1.validation_one_se,l1,validation_one_se,l1.final_ranker_score,4,1.0,0.9,0.8999948976988621,0.2120539232600869,0.9724617346938776,1.0,1.0,1.0,0,0.0,4,1.0,1.0,1.0,0,0.0,,0.0,False,4.0,0.23064214347219328,0.01846340680730914,0.24910555027950243,,,,
S06,S06,1151,1151,OK,l1.cpss_one_se,l1,cpss_one_se,l1.final_development_selection_frequency,4,1.0,0.9,0.8999948976988621,0.2120539232600869,0.9724617346938776,1.0,1.0,1.0,0,0.0,4,1.0,1.0,1.0,0,0.0,,,False,,0.23064214347219328,0.018463406807309145,0.24910555027950243,4.0,0.9,4.0,4.0
S06,S06,1171,1171,OK,shil.fixed_k.k01,shil,fixed_k,shil.final_ranker_score,1,1.0,0.675,0.6749958545389609,0.5914856579502192,0.7414795918367347,1.0,0.25,0.4,0,0.0,1,1.0,0.25,0.4,0,0.0,1.0,0.0,False,,,,,,,,
S06,S06,1171,1171,OK,shil.fixed_k.k02,shil,fixed_k,shil.final_ranker_score,2,1.0,0.7339285714285714,0.7339209352309217,0.5157947659650225,0.8250255102040817,1.0,0.5,0.6666666666666666,0,0.0,2,1.0,0.5,0.6666666666666666,0,0.0,2.0,0.0,False,,,,,,,,
S06,S06,1171,1171,OK,shil.fixed_k.k04,shil,fixed_k,shil.final_ranker_score,4,1.0,0.9053571428571427,0.9053544266257642,0.2314248635890972,0.966785714285714,1.0,1.0,1.0,0,0.0,4,1.0,1.0,1.0,0,0.0,4.0,0.0,False,,,,,,,,
S06,S06,1171,1171,OK,shil.fixed_k.k08,shil,fixed_k,shil.final_ranker_score,8,1.0,0.8982142857142857,0.8982113644843124,0.2357286703090976,0.9656505102040815,0.5,1.0,0.6666666666666666,4,0.5,4,0.5,1.0,0.6666666666666666,4,0.5,8.0,0.0,False,,,,,,,,
S06,S06,1171,1171,OK,shil.fixed_k.k16,shil,fixed_k,shil.final_ranker_score,16,1.0,0.9035714285714286,0.903560357694123,0.2382492929795313,0.9645025510204082,0.25,1.0,0.4,12,0.75,4,0.25,1.0,0.4,12,0.75,16.0,0.0,False,,,,,,,,
S06,S06,1171,1171,OK,shil.validation_one_se,shil,validation_one_se,shil.final_ranker_score,4,1.0,0.9053571428571427,0.9053544266257642,0.2314248635890972,0.966785714285714,1.0,1.0,1.0,0,0.0,4,1.0,1.0,1.0,0,0.0,,0.0,False,4.0,0.2694130881089244,0.023268418454927768,0.28899255451086325,,,,
S06,S06,1171,1171,OK,shil.cpss_one_se,shil,cpss_one_se,shil.final_development_selection_frequency,4,1.0,0.9053571428571427,0.9053544266257642,0.2314248635890972,0.966785714285714,1.0,1.0,1.0,0,0.0,4,1.0,1.0,1.0,0,0.0,,,False,,0.2694130881089244,0.023268418454927768,0.29268150656385217,4.0,0.9,4.0,4.0
S06,S06,1171,1171,OK,l1.fixed_k.k01,l1,fixed_k,l1.final_ranker_score,1,1.0,0.675,0.6749958545389609,0.5914856579502192,0.7414795918367347,1.0,0.25,0.4,0,0.0,1,1.0,0.25,0.4,0,0.0,1.0,0.0,False,,,,,,,,
S06,S06,1171,1171,OK,l1.fixed_k.k02,l1,fixed_k,l1.final_ranker_score,2,1.0,0.7625,0.7624931837967288,0.5021479434504716,0.833813775510204,1.0,0.5,0.6666666666666666,0,0.0,2,1.0,0.5,0.6666666666666666,0,0.0,2.0,0.0,False,,,,,,,,
S06,S06,1171,1171,OK,l1.fixed_k.k04,l1,fixed_k,l1.final_ranker_score,4,1.0,0.9053571428571427,0.9053544266257642,0.2314248635890972,0.966785714285714,1.0,1.0,1.0,0,0.0,4,1.0,1.0,1.0,0,0.0,4.0,0.0,False,,,,,,,,
S06,S06,1171,1171,OK,l1.fixed_k.k08,l1,fixed_k,l1.final_ranker_score,8,1.0,0.8839285714285714,0.8839193175476361,0.2429068954413095,0.962295918367347,0.5,1.0,0.6666666666666666,4,0.5,4,0.5,1.0,0.6666666666666666,4,0.5,8.0,0.0,False,,,,,,,,
S06,S06,1171,1171,OK,l1.fixed_k.k16,l1,fixed_k,l1.final_ranker_score,16,1.0,0.875,0.8749856488627521,0.2627699816564131,0.9576785714285714,0.25,1.0,0.4,12,0.75,4,0.25,1.0,0.4,12,0.75,16.0,0.0,False,,,,,,,,
S06,S06,1171,1171,OK,l1.validation_one_se,l1,validation_one_se,l1.final_ranker_score,4,1.0,0.9053571428571427,0.9053544266257642,0.2314248635890972,0.966785714285714,1.0,1.0,1.0,0,0.0,4,1.0,1.0,1.0,0,0.0,,0.0,False,4.0,0.26941308810892445,0.023268418454927768,0.2926815065638522,,,,
S06,S06,1171,1171,OK,l1.cpss_one_se,l1,cpss_one_se,l1.final_development_selection_frequency,4,1.0,0.9053571428571427,0.9053544266257642,0.2314248635890972,0.966785714285714,1.0,1.0,1.0,0,0.0,4,1.0,1.0,1.0,0,0.0,,,False,,0.2694130881089244,0.023268418454927768,0.29268150656385217,4.0,0.9,4.0,4.0
S06,S06,1181,1181,OK,shil.fixed_k.k01,shil,fixed_k,shil.final_ranker_score,1,1.0,0.6642857142857143,0.6642814321611246,0.5882533488457543,0.735905612244898,1.0,0.25,0.4,0,0.0,1,1.0,0.25,0.4,0,0.0,1.0,0.0,False,,,,,,,,
S06,S06,1181,1181,OK,shil.fixed_k.k02,shil,fixed_k,shil.final_ranker_score,2,1.0,0.7607142857142857,0.7603444091007805,0.4703983047314179,0.8567091836734694,1.0,0.5,0.6666666666666666,0,0.0,2,1.0,0.5,0.6666666666666666,0,0.0,2.0,0.0,False,,,,,,,,
S06,S06,1181,1181,OK,shil.fixed_k.k04,shil,fixed_k,shil.final_ranker_score,4,1.0,0.8839285714285714,0.8839282013016623,0.2318640776704166,0.9661352040816328,1.0,1.0,1.0,0,0.0,4,1.0,1.0,1.0,0,0.0,4.0,0.0,False,,,,,,,,
S06,S06,1181,1181,OK,shil.fixed_k.k08,shil,fixed_k,shil.final_ranker_score,8,1.0,0.8892857142857142,0.8892800653094546,0.2373471505210307,0.9651530612244896,0.5,1.0,0.6666666666666666,4,0.5,4,0.5,1.0,0.6666666666666666,4,0.5,8.0,0.0,False,,,,,,,,
S06,S06,1181,1181,OK,shil.fixed_k.k16,shil,fixed_k,shil.final_ranker_score,16,1.0,0.8803571428571428,0.880353709130683,0.24234000718736,0.9630484693877552,0.25,1.0,0.4,12,0.75,4,0.25,1.0,0.4,12,0.75,16.0,0.0,False,,,,,,,,
S06,S06,1181,1181,OK,shil.validation_one_se,shil,validation_one_se,shil.final_ranker_score,4,1.0,0.8839285714285714,0.8839282013016623,0.2318640776704166,0.9661352040816328,1.0,1.0,1.0,0,0.0,4,1.0,1.0,1.0,0,0.0,,0.0,False,4.0,0.22127031335635722,0.019224749937035185,0.2404950632933924,,,,
S06,S06,1181,1181,OK,shil.cpss_one_se,shil,cpss_one_se,shil.final_development_selection_frequency,4,1.0,0.8839285714285714,0.8839282013016623,0.2318640776704166,0.9661352040816328,1.0,1.0,1.0,0,0.0,4,1.0,1.0,1.0,0,0.0,,,False,,0.22127031335635722,0.019224749937035185,0.2404950632933924,4.0,0.9,4.0,4.0
S06,S06,1181,1181,OK,l1.fixed_k.k01,l1,fixed_k,l1.final_ranker_score,1,1.0,0.6642857142857143,0.6642814321611246,0.5882533488457543,0.735905612244898,1.0,0.25,0.4,0,0.0,1,1.0,0.25,0.4,0,0.0,1.0,0.0,False,,,,,,,,
S06,S06,1181,1181,OK,l1.fixed_k.k02,l1,fixed_k,l1.final_ranker_score,2,1.0,0.7607142857142857,0.7603444091007805,0.4703983047314179,0.8567091836734694,1.0,0.5,0.6666666666666666,0,0.0,2,1.0,0.5,0.6666666666666666,0,0.0,2.0,0.0,False,,,,,,,,
S06,S06,1181,1181,OK,l1.fixed_k.k04,l1,fixed_k,l1.final_ranker_score,4,1.0,0.8839285714285714,0.8839282013016623,0.2318640776704166,0.9661352040816328,1.0,1.0,1.0,0,0.0,4,1.0,1.0,1.0,0,0.0,4.0,0.0,False,,,,,,,,
S06,S06,1181,1181,OK,l1.fixed_k.k08,l1,fixed_k,l1.final_ranker_score,8,1.0,0.8803571428571428,0.880353709130683,0.2351910570932659,0.9652295918367348,0.5,1.0,0.6666666666666666,4,0.5,4,0.5,1.0,0.6666666666666666,4,0.5,8.0,0.0,False,,,,,,,,
S06,S06,1181,1181,OK,l1.fixed_k.k16,l1,fixed_k,l1.final_ranker_score,16,1.0,0.875,0.8749744845886915,0.2449296119483277,0.9630739795918368,0.25,1.0,0.4,12,0.75,4,0.25,1.0,0.4,12,0.75,16.0,0.0,False,,,,,,,,
S06,S06,1181,1181,OK,l1.validation_one_se,l1,validation_one_se,l1.final_ranker_score,4,1.0,0.8839285714285714,0.8839282013016623,0.2318640776704166,0.9661352040816328,1.0,1.0,1.0,0,0.0,4,1.0,1.0,1.0,0,0.0,,0.0,False,4.0,0.22127031335635722,0.019224749937035185,0.2404950632933924,,,,
S06,S06,1181,1181,OK,l1.cpss_one_se,l1,cpss_one_se,l1.final_development_selection_frequency,4,1.0,0.8839285714285714,0.8839282013016623,0.2318640776704166,0.9661352040816328,1.0,1.0,1.0,0,0.0,4,1.0,1.0,1.0,0,0.0,,,False,,0.22127031335635722,0.019224749937035185,0.2404950632933924,4.0,0.9,4.0,4.0
S06,S06,1201,1201,OK,shil.fixed_k.k01,shil,fixed_k,shil.final_ranker_score,1,1.0,0.6392857142857142,0.6391200040835077,0.6259297417550755,0.7039795918367346,1.0,0.25,0.4,0,0.0,1,1.0,0.25,0.4,0,0.0,1.0,0.0,False,,,,,,,,
S06,S06,1201,1201,OK,shil.fixed_k.k02,shil,fixed_k,shil.final_ranker_score,2,1.0,0.7517857142857143,0.7517215862515509,0.5160608166299007,0.8313647959183673,1.0,0.5,0.6666666666666666,0,0.0,2,1.0,0.5,0.6666666666666666,0,0.0,2.0,0.0,False,,,,,,,,
S06,S06,1201,1201,OK,shil.fixed_k.k04,shil,fixed_k,shil.final_ranker_score,4,1.0,0.8928571428571429,0.8928352725045927,0.2241927384542397,0.969030612244898,1.0,1.0,1.0,0,0.0,4,1.0,1.0,1.0,0,0.0,4.0,0.0,False,,,,,,,,
S06,S06,1201,1201,OK,shil.fixed_k.k08,shil,fixed_k,shil.final_ranker_score,8,1.0,0.8892857142857142,0.8892730032784375,0.2310703700116555,0.9668367346938777,0.5,1.0,0.6666666666666666,4,0.5,4,0.5,1.0,0.6666666666666666,4,0.5,8.0,0.0,False,,,,,,,,
S06,S06,1201,1201,OK,shil.fixed_k.k16,shil,fixed_k,shil.final_ranker_score,16,1.0,0.8803571428571428,0.880292632190179,0.235741655754885,0.9649617346938776,0.25,1.0,0.4,12,0.75,4,0.25,1.0,0.4,12,0.75,16.0,0.0,False,,,,,,,,
S06,S06,1201,1201,OK,shil.validation_one_se,shil,validation_one_se,shil.final_ranker_score,4,1.0,0.8928571428571429,0.8928352725045927,0.2241927384542397,0.969030612244898,1.0,1.0,1.0,0,0.0,4,1.0,1.0,1.0,0,0.0,,0.0,False,4.0,0.23544189933899032,0.019957540785034387,0.2553994401240247,,,,
S06,S06,1201,1201,OK,shil.cpss_one_se,shil,cpss_one_se,shil.final_development_selection_frequency,4,1.0,0.8928571428571429,0.8928352725045927,0.2241927384542397,0.969030612244898,1.0,1.0,1.0,0,0.0,4,1.0,1.0,1.0,0,0.0,,,False,,0.23544189933899032,0.019957540785034387,0.2553994401240247,4.0,0.9,4.0,4.0
S06,S06,1201,1201,OK,l1.fixed_k.k01,l1,fixed_k,l1.final_ranker_score,1,1.0,0.6392857142857142,0.6391200040835077,0.6259297417550755,0.7039795918367346,1.0,0.25,0.4,0,0.0,1,1.0,0.25,0.4,0,0.0,1.0,0.0,False,,,,,,,,
S06,S06,1201,1201,OK,l1.fixed_k.k02,l1,fixed_k,l1.final_ranker_score,2,1.0,0.7517857142857143,0.7517215862515509,0.5160608166299007,0.8313647959183673,1.0,0.5,0.6666666666666666,0,0.0,2,1.0,0.5,0.6666666666666666,0,0.0,2.0,0.0,False,,,,,,,,
S06,S06,1201,1201,OK,l1.fixed_k.k04,l1,fixed_k,l1.final_ranker_score,4,1.0,0.8928571428571429,0.8928352725045927,0.2241927384542397,0.969030612244898,1.0,1.0,1.0,0,0.0,4,1.0,1.0,1.0,0,0.0,4.0,0.0,False,,,,,,,,
S06,S06,1201,1201,OK,l1.fixed_k.k08,l1,fixed_k,l1.final_ranker_score,8,1.0,0.8928571428571429,0.8928352725045927,0.2296639287521702,0.9667602040816324,0.5,1.0,0.6666666666666666,4,0.5,4,0.5,1.0,0.6666666666666666,4,0.5,8.0,0.0,False,,,,,,,,
S06,S06,1201,1201,OK,l1.fixed_k.k16,l1,fixed_k,l1.final_ranker_score,16,1.0,0.8875,0.8874192261667332,0.2464171487334575,0.9630484693877552,0.25,1.0,0.4,12,0.75,4,0.25,1.0,0.4,12,0.75,16.0,0.0,False,,,,,,,,
S06,S06,1201,1201,OK,l1.validation_one_se,l1,validation_one_se,l1.final_ranker_score,4,1.0,0.8928571428571429,0.8928352725045927,0.2241927384542397,0.969030612244898,1.0,1.0,1.0,0,0.0,4,1.0,1.0,1.0,0,0.0,,0.0,False,4.0,0.23544189933899032,0.019957540785034387,0.2553994401240247,,,,
S06,S06,1201,1201,OK,l1.cpss_one_se,l1,cpss_one_se,l1.final_development_selection_frequency,4,1.0,0.8928571428571429,0.8928352725045927,0.2241927384542397,0.969030612244898,1.0,1.0,1.0,0,0.0,4,1.0,1.0,1.0,0,0.0,,,False,,0.23544189933899032,0.019957540785034387,0.2553994401240247,4.0,0.9,4.0,4.0
S06,S06,1213,1213,OK,shil.fixed_k.k01,shil,fixed_k,shil.final_ranker_score,1,1.0,0.6482142857142857,0.6482131639450381,0.6098987260055048,0.7267219387755102,1.0,0.25,0.4,0,0.0,1,1.0,0.25,0.4,0,0.0,1.0,0.0,False,,,,,,,,
S06,S06,1213,1213,OK,shil.fixed_k.k02,shil,fixed_k,shil.final_ranker_score,2,1.0,0.7571428571428571,0.7571149749333469,0.4857545619461514,0.8491326530612244,1.0,0.5,0.6666666666666666,0,0.0,2,1.0,0.5,0.6666666666666666,0,0.0,2.0,0.0,False,,,,,,,,
S06,S06,1213,1213,OK,shil.fixed_k.k04,shil,fixed_k,shil.final_ranker_score,4,1.0,0.8910714285714286,0.8910544058223383,0.2148577184246257,0.9718877551020408,1.0,1.0,1.0,0,0.0,4,1.0,1.0,1.0,0,0.0,4.0,0.0,False,,,,,,,,
S06,S06,1213,1213,OK,shil.fixed_k.k08,shil,fixed_k,shil.final_ranker_score,8,1.0,0.8839285714285714,0.8839193175476361,0.2179965875681405,0.970625,0.5,1.0,0.6666666666666666,4,0.5,4,0.5,1.0,0.6666666666666666,4,0.5,8.0,0.0,False,,,,,,,,
S06,S06,1213,1213,OK,shil.fixed_k.k16,shil,fixed_k,shil.final_ranker_score,16,1.0,0.8839285714285714,0.8839193175476361,0.2255000260757284,0.9679464285714284,0.25,1.0,0.4,12,0.75,4,0.25,1.0,0.4,12,0.75,16.0,0.0,False,,,,,,,,
S06,S06,1213,1213,OK,shil.validation_one_se,shil,validation_one_se,shil.final_ranker_score,4,1.0,0.8910714285714286,0.8910544058223383,0.2148577184246257,0.9718877551020408,1.0,1.0,1.0,0,0.0,4,1.0,1.0,1.0,0,0.0,,0.0,False,4.0,0.31581581177038953,0.027030042019933625,0.3402795295021308,,,,
S06,S06,1213,1213,OK,shil.cpss_one_se,shil,cpss_one_se,shil.final_development_selection_frequency,4,1.0,0.8910714285714286,0.8910544058223383,0.2148577184246257,0.9718877551020408,1.0,1.0,1.0,0,0.0,4,1.0,1.0,1.0,0,0.0,,,False,,0.31581581177038953,0.027030042019933625,0.3428458537903232,4.0,0.9,4.0,4.0
S06,S06,1213,1213,OK,l1.fixed_k.k01,l1,fixed_k,l1.final_ranker_score,1,1.0,0.6482142857142857,0.6482131639450381,0.6098987260055048,0.7267219387755102,1.0,0.25,0.4,0,0.0,1,1.0,0.25,0.4,0,0.0,1.0,0.0,False,,,,,,,,
S06,S06,1213,1213,OK,l1.fixed_k.k02,l1,fixed_k,l1.final_ranker_score,2,1.0,0.7571428571428571,0.7571149749333469,0.4857545619461514,0.8491326530612244,1.0,0.5,0.6666666666666666,0,0.0,2,1.0,0.5,0.6666666666666666,0,0.0,2.0,0.0,False,,,,,,,,
S06,S06,1213,1213,OK,l1.fixed_k.k04,l1,fixed_k,l1.final_ranker_score,4,1.0,0.8910714285714286,0.8910544058223383,0.2148577184246257,0.9718877551020408,1.0,1.0,1.0,0,0.0,4,1.0,1.0,1.0,0,0.0,4.0,0.0,False,,,,,,,,
S06,S06,1213,1213,OK,l1.fixed_k.k08,l1,fixed_k,l1.final_ranker_score,8,1.0,0.8946428571428572,0.8946398334135865,0.2197475962987523,0.9701913265306122,0.5,1.0,0.6666666666666666,4,0.5,4,0.5,1.0,0.6666666666666666,4,0.5,8.0,0.0,False,,,,,,,,
S06,S06,1213,1213,OK,l1.fixed_k.k16,l1,fixed_k,l1.final_ranker_score,16,1.0,0.8928571428571429,0.8928448418823589,0.2470187605519628,0.9627678571428572,0.25,1.0,0.4,12,0.75,4,0.25,1.0,0.4,12,0.75,16.0,0.0,False,,,,,,,,
S06,S06,1213,1213,OK,l1.validation_one_se,l1,validation_one_se,l1.final_ranker_score,4,1.0,0.8910714285714286,0.8910544058223383,0.2148577184246257,0.9718877551020408,1.0,1.0,1.0,0,0.0,4,1.0,1.0,1.0,0,0.0,,0.0,False,4.0,0.31581581177038953,0.027030042019933625,0.3428458537903232,,,,
S06,S06,1213,1213,OK,l1.cpss_one_se,l1,cpss_one_se,l1.final_development_selection_frequency,4,1.0,0.8910714285714286,0.8910544058223383,0.2148577184246257,0.9718877551020408,1.0,1.0,1.0,0,0.0,4,1.0,1.0,1.0,0,0.0,,,False,,0.31581581177038953,0.027030042019933625,0.3428458537903232,4.0,0.9,4.0,4.0
S06,S06,1231,1231,OK,shil.fixed_k.k01,shil,fixed_k,shil.final_ranker_score,1,1.0,0.6571428571428571,0.6570334928229664,0.6025037320821669,0.7284056122448979,1.0,0.25,0.4,0,0.0,1,1.0,0.25,0.4,0,0.0,1.0,0.0,False,,,,,,,,
S06,S06,1231,1231,OK,shil.fixed_k.k02,shil,fixed_k,shil.final_ranker_score,2,1.0,0.7375,0.7373986774233681,0.5009229220884331,0.8289668367346938,1.0,0.5,0.6666666666666666,0,0.0,2,1.0,0.5,0.6666666666666666,0,0.0,2.0,0.0,False,,,,,,,,
S06,S06,1231,1231,OK,shil.fixed_k.k04,shil,fixed_k,shil.final_ranker_score,4,1.0,0.8785714285714286,0.878565232920047,0.2598004574692016,0.9578954081632652,1.0,1.0,1.0,0,0.0,4,1.0,1.0,1.0,0,0.0,4.0,0.0,False,,,,,,,,
S06,S06,1231,1231,OK,shil.fixed_k.k08,shil,fixed_k,shil.final_ranker_score,8,1.0,0.8785714285714286,0.878565232920047,0.2615691019086643,0.9573469387755102,0.5,1.0,0.6666666666666666,4,0.5,4,0.5,1.0,0.6666666666666666,4,0.5,8.0,0.0,False,,,,,,,,
S06,S06,1231,1231,OK,shil.fixed_k.k16,shil,fixed_k,shil.final_ranker_score,16,1.0,0.8839285714285714,0.8839104324336391,0.2621507034263841,0.9577040816326532,0.25,1.0,0.4,12,0.75,4,0.25,1.0,0.4,12,0.75,16.0,0.0,False,,,,,,,,
S06,S06,1231,1231,OK,shil.validation_one_se,shil,validation_one_se,shil.final_ranker_score,4,1.0,0.8785714285714286,0.878565232920047,0.2598004574692016,0.9578954081632652,1.0,1.0,1.0,0,0.0,4,1.0,1.0,1.0,0,0.0,,0.0,False,4.0,0.21625070100749047,0.01807886848122585,0.2343295694887163,,,,
S06,S06,1231,1231,OK,shil.cpss_one_se,shil,cpss_one_se,shil.final_development_selection_frequency,4,1.0,0.8785714285714286,0.878565232920047,0.2598004574692016,0.9578954081632652,1.0,1.0,1.0,0,0.0,4,1.0,1.0,1.0,0,0.0,,,False,,0.21625070100749047,0.01807886848122585,0.2343295694887163,4.0,0.9,4.0,4.0
S06,S06,1231,1231,OK,l1.fixed_k.k01,l1,fixed_k,l1.final_ranker_score,1,1.0,0.6571428571428571,0.6570334928229664,0.6025037320821669,0.7284056122448979,1.0,0.25,0.4,0,0.0,1,1.0,0.25,0.4,0,0.0,1.0,0.0,False,,,,,,,,
S06,S06,1231,1231,OK,l1.fixed_k.k02,l1,fixed_k,l1.final_ranker_score,2,1.0,0.725,0.7247155862562086,0.5186311483316487,0.8165051020408163,1.0,0.5,0.6666666666666666,0,0.0,2,1.0,0.5,0.6666666666666666,0,0.0,2.0,0.0,False,,,,,,,,
S06,S06,1231,1231,OK,l1.fixed_k.k04,l1,fixed_k,l1.final_ranker_score,4,1.0,0.8785714285714286,0.878565232920047,0.2598004574692016,0.9578954081632652,1.0,1.0,1.0,0,0.0,4,1.0,1.0,1.0,0,0.0,4.0,0.0,False,,,,,,,,
S06,S06,1231,1231,OK,l1.fixed_k.k08,l1,fixed_k,l1.final_ranker_score,8,1.0,0.8678571428571429,0.8678504005306393,0.2981935492570728,0.9473086734693876,0.5,1.0,0.6666666666666666,4,0.5,4,0.5,1.0,0.6666666666666666,4,0.5,8.0,0.0,False,,,,,,,,
S06,S06,1231,1231,OK,l1.fixed_k.k16,l1,fixed_k,l1.final_ranker_score,16,1.0,0.8571428571428571,0.8571410349621806,0.3321528325778235,0.9399107142857144,0.25,1.0,0.4,12,0.75,4,0.25,1.0,0.4,12,0.75,16.0,0.0,False,,,,,,,,
S06,S06,1231,1231,OK,l1.validation_one_se,l1,validation_one_se,l1.final_ranker_score,4,1.0,0.8785714285714286,0.878565232920047,0.2598004574692016,0.9578954081632652,1.0,1.0,1.0,0,0.0,4,1.0,1.0,1.0,0,0.0,,0.0,False,4.0,0.21625070100749047,0.01807886848122585,0.2343295694887163,,,,
S06,S06,1231,1231,OK,l1.cpss_one_se,l1,cpss_one_se,l1.final_development_selection_frequency,4,1.0,0.8785714285714286,0.878565232920047,0.2598004574692016,0.9578954081632652,1.0,1.0,1.0,0,0.0,4,1.0,1.0,1.0,0,0.0,,,False,,0.21625070100749047,0.01807886848122585,0.2343295694887163,4.0,0.9,4.0,4.0
S06,S06,1249,1249,OK,shil.fixed_k.k01,shil,fixed_k,shil.final_ranker_score,1,1.0,0.6446428571428572,0.6445056925663282,0.5945894106781395,0.7325892857142857,1.0,0.25,0.4,0,0.0,1,1.0,0.25,0.4,0,0.0,1.0,0.0,False,,,,,,,,
S06,S06,1249,1249,OK,shil.fixed_k.k02,shil,fixed_k,shil.final_ranker_score,2,1.0,0.7696428571428572,0.7694303742926358,0.4692389699288798,0.8591581632653061,1.0,0.5,0.6666666666666666,0,0.0,2,1.0,0.5,0.6666666666666666,0,0.0,2.0,0.0,False,,,,,,,,
S06,S06,1249,1249,OK,shil.fixed_k.k04,shil,fixed_k,shil.final_ranker_score,4,1.0,0.8946428571428572,0.8946398334135865,0.2299429678434487,0.9669642857142856,1.0,1.0,1.0,0,0.0,4,1.0,1.0,1.0,0,0.0,4.0,0.0,False,,,,,,,,
S06,S06,1249,1249,OK,shil.fixed_k.k08,shil,fixed_k,shil.final_ranker_score,8,1.0,0.9,0.8999948976988621,0.2306159550949895,0.966875,0.5,1.0,0.6666666666666666,4,0.5,4,0.5,1.0,0.6666666666666666,4,0.5,8.0,0.0,False,,,,,,,,
S06,S06,1249,1249,OK,shil.fixed_k.k16,shil,fixed_k,shil.final_ranker_score,16,1.0,0.8857142857142857,0.8856909573382323,0.2380563351238529,0.9644770408163266,0.25,1.0,0.4,12,0.75,4,0.25,1.0,0.4,12,0.75,16.0,0.0,False,,,,,,,,
S06,S06,1249,1249,OK,shil.validation_one_se,shil,validation_one_se,shil.final_ranker_score,4,1.0,0.8946428571428572,0.8946398334135865,0.2299429678434487,0.9669642857142856,1.0,1.0,1.0,0,0.0,4,1.0,1.0,1.0,0,0.0,,0.0,False,4.0,0.241033573963639,0.01833371687122695,0.259367290834866,,,,
S06,S06,1249,1249,OK,shil.cpss_one_se,shil,cpss_one_se,shil.final_development_selection_frequency,4,1.0,0.8946428571428572,0.8946398334135865,0.2299429678434487,0.9669642857142856,1.0,1.0,1.0,0,0.0,4,1.0,1.0,1.0,0,0.0,,,False,,0.241033573963639,0.01833371687122695,0.259367290834866,4.0,0.9,4.0,4.0
S06,S06,1249,1249,OK,l1.fixed_k.k01,l1,fixed_k,l1.final_ranker_score,1,1.0,0.6446428571428572,0.6445056925663282,0.5945894106781395,0.7325892857142857,1.0,0.25,0.4,0,0.0,1,1.0,0.25,0.4,0,0.0,1.0,0.0,False,,,,,,,,
S06,S06,1249,1249,OK,l1.fixed_k.k02,l1,fixed_k,l1.final_ranker_score,2,1.0,0.7696428571428572,0.7694303742926358,0.4692389699288798,0.8591581632653061,1.0,0.5,0.6666666666666666,0,0.0,2,1.0,0.5,0.6666666666666666,0,0.0,2.0,0.0,False,,,,,,,,
S06,S06,1249,1249,OK,l1.fixed_k.k04,l1,fixed_k,l1.final_ranker_score,4,1.0,0.8946428571428572,0.8946398334135865,0.2299429678434487,0.9669642857142856,1.0,1.0,1.0,0,0.0,4,1.0,1.0,1.0,0,0.0,4.0,0.0,False,,,,,,,,
S06,S06,1249,1249,OK,l1.fixed_k.k08,l1,fixed_k,l1.final_ranker_score,8,1.0,0.8910714285714286,0.8910627441600893,0.2293376213610846,0.9669770408163264,0.5,1.0,0.6666666666666666,4,0.5,4,0.5,1.0,0.6666666666666666,4,0.5,8.0,0.0,False,,,,,,,,
S06,S06,1249,1249,OK,l1.fixed_k.k16,l1,fixed_k,l1.final_ranker_score,16,1.0,0.9,0.8999987244735265,0.2311967619456431,0.9671045918367348,0.25,1.0,0.4,12,0.75,4,0.25,1.0,0.4,12,0.75,16.0,0.0,False,,,,,,,,
S06,S06,1249,1249,OK,l1.validation_one_se,l1,validation_one_se,l1.final_ranker_score,4,1.0,0.8946428571428572,0.8946398334135865,0.2299429678434487,0.9669642857142856,1.0,1.0,1.0,0,0.0,4,1.0,1.0,1.0,0,0.0,,0.0,False,4.0,0.241033573963639,0.01833371687122695,0.259367290834866,,,,
S06,S06,1249,1249,OK,l1.cpss_one_se,l1,cpss_one_se,l1.final_development_selection_frequency,4,1.0,0.8946428571428572,0.8946398334135865,0.2299429678434487,0.9669642857142856,1.0,1.0,1.0,0,0.0,4,1.0,1.0,1.0,0,0.0,,,False,,0.241033573963639,0.01833371687122695,0.259367290834866,4.0,0.9,4.0,4.0
S06,S06,1277,1277,OK,shil.fixed_k.k01,shil,fixed_k,shil.final_ranker_score,1,1.0,0.6607142857142857,0.6607142857142857,0.5681261059321224,0.7505357142857143,1.0,0.25,0.4,0,0.0,1,1.0,0.25,0.4,0,0.0,1.0,0.0,False,,,,,,,,
S06,S06,1277,1277,OK,shil.fixed_k.k02,shil,fixed_k,shil.final_ranker_score,2,1.0,0.7375,0.7374321811437266,0.493497531080776,0.8339413265306124,1.0,0.5,0.6666666666666666,0,0.0,2,1.0,0.5,0.6666666666666666,0,0.0,2.0,0.0,False,,,,,,,,
S06,S06,1277,1277,OK,shil.fixed_k.k04,shil,fixed_k,shil.final_ranker_score,4,1.0,0.8946428571428572,0.8946425211815088,0.2198139429286712,0.969719387755102,1.0,1.0,1.0,0,0.0,4,1.0,1.0,1.0,0,0.0,4.0,0.0,False,,,,,,,,
S06,S06,1277,1277,OK,shil.fixed_k.k08,shil,fixed_k,shil.final_ranker_score,8,1.0,0.8946428571428572,0.8946425211815088,0.2172932325339896,0.9703188775510204,0.5,1.0,0.6666666666666666,4,0.5,4,0.5,1.0,0.6666666666666666,4,0.5,8.0,0.0,False,,,,,,,,
S06,S06,1277,1277,OK,shil.fixed_k.k16,shil,fixed_k,shil.final_ranker_score,16,1.0,0.8964285714285715,0.896427250347581,0.2181806837577406,0.9705739795918368,0.25,1.0,0.4,12,0.75,4,0.25,1.0,0.4,12,0.75,16.0,0.0,False,,,,,,,,
S06,S06,1277,1277,OK,shil.validation_one_se,shil,validation_one_se,shil.final_ranker_score,4,1.0,0.8946428571428572,0.8946425211815088,0.2198139429286712,0.969719387755102,1.0,1.0,1.0,0,0.0,4,1.0,1.0,1.0,0,0.0,,0.0,False,4.0,0.20977857048781107,0.01754422121106598,0.22732279169887704,,,,
S06,S06,1277,1277,OK,shil.cpss_one_se,shil,cpss_one_se,shil.final_development_selection_frequency,4,1.0,0.8946428571428572,0.8946425211815088,0.2198139429286712,0.969719387755102,1.0,1.0,1.0,0,0.0,4,1.0,1.0,1.0,0,0.0,,,False,,0.20977857048781107,0.01754422121106598,0.22732279169887704,4.0,0.9,4.0,4.0
S06,S06,1277,1277,OK,l1.fixed_k.k01,l1,fixed_k,l1.final_ranker_score,1,1.0,0.6607142857142857,0.6607142857142857,0.5681261059321224,0.7505357142857143,1.0,0.25,0.4,0,0.0,1,1.0,0.25,0.4,0,0.0,1.0,0.0,False,,,,,,,,
S06,S06,1277,1277,OK,l1.fixed_k.k02,l1,fixed_k,l1.final_ranker_score,2,1.0,0.7375,0.7374321811437266,0.493497531080776,0.8339413265306124,1.0,0.5,0.6666666666666666,0,0.0,2,1.0,0.5,0.6666666666666666,0,0.0,2.0,0.0,False,,,,,,,,
S06,S06,1277,1277,OK,l1.fixed_k.k04,l1,fixed_k,l1.final_ranker_score,4,1.0,0.8946428571428572,0.8946425211815088,0.2198139429286712,0.969719387755102,1.0,1.0,1.0,0,0.0,4,1.0,1.0,1.0,0,0.0,4.0,0.0,False,,,,,,,,
S06,S06,1277,1277,OK,l1.fixed_k.k08,l1,fixed_k,l1.final_ranker_score,8,1.0,0.8857142857142857,0.8857084545129854,0.2348455924020437,0.9655229591836736,0.5,1.0,0.6666666666666666,4,0.5,4,0.5,1.0,0.6666666666666666,4,0.5,8.0,0.0,False,,,,,,,,
S06,S06,1277,1277,OK,l1.fixed_k.k16,l1,fixed_k,l1.final_ranker_score,16,1.0,0.8910714285714286,0.8910683023428605,0.2527883695193779,0.9629336734693876,0.25,1.0,0.4,12,0.75,4,0.25,1.0,0.4,12,0.75,16.0,0.0,False,,,,,,,,
S06,S06,1277,1277,OK,l1.validation_one_se,l1,validation_one_se,l1.final_ranker_score,4,1.0,0.8946428571428572,0.8946425211815088,0.2198139429286712,0.969719387755102,1.0,1.0,1.0,0,0.0,4,1.0,1.0,1.0,0,0.0,,0.0,False,4.0,0.20977857048781107,0.01754422121106598,0.22732279169887704,,,,
S06,S06,1277,1277,OK,l1.cpss_one_se,l1,cpss_one_se,l1.final_development_selection_frequency,4,1.0,0.8946428571428572,0.8946425211815088,0.2198139429286712,0.969719387755102,1.0,1.0,1.0,0,0.0,4,1.0,1.0,1.0,0,0.0,,,False,,0.20977857048781107,0.01754422121106598,0.22732279169887704,4.0,0.9,4.0,4.0
S07,S07,1103,1103,OK,shil.fixed_k.k01,shil,fixed_k,shil.final_ranker_score,1,1.0,0.625,0.6249952167757242,0.6405774419779099,0.6838137755102041,1.0,0.25,0.4,0,0.0,1,1.0,0.25,0.4,0,0.0,1.0,0.0,False,,,,,,,,
S07,S07,1103,1103,OK,shil.fixed_k.k02,shil,fixed_k,shil.final_ranker_score,2,1.0,0.6767857142857143,0.6767599457864945,0.5937161790647983,0.7439158163265307,1.0,0.5,0.6666666666666666,0,0.0,2,1.0,0.5,0.6666666666666666,0,0.0,2.0,0.0,False,,,,,,,,
S07,S07,1103,1103,OK,shil.fixed_k.k04,shil,fixed_k,shil.final_ranker_score,4,1.0,0.7678571428571429,0.7678452982295014,0.4787025706754014,0.8504209183673468,1.0,1.0,1.0,0,0.0,4,1.0,1.0,1.0,0,0.0,4.0,0.0,False,,,,,,,,
S07,S07,1103,1103,OK,shil.fixed_k.k08,shil,fixed_k,shil.final_ranker_score,8,1.0,0.7785714285714286,0.7785460065568752,0.4811129974774454,0.8484693877551022,0.5,1.0,0.6666666666666666,4,0.5,4,0.5,1.0,0.6666666666666666,4,0.5,8.0,0.0,False,,,,,,,,
S07,S07,1103,1103,OK,shil.fixed_k.k16,shil,fixed_k,shil.final_ranker_score,16,1.0,0.7642857142857142,0.7642736874330323,0.4914010196499954,0.8419005102040815,0.25,1.0,0.4,12,0.75,4,0.25,1.0,0.4,12,0.75,16.0,0.0,False,,,,,,,,
S07,S07,1103,1103,OK,shil.validation_one_se,shil,validation_one_se,shil.final_ranker_score,4,1.0,0.7678571428571429,0.7678452982295014,0.4787025706754014,0.8504209183673468,1.0,1.0,1.0,0,0.0,4,1.0,1.0,1.0,0,0.0,,0.0,False,4.0,0.45130309683798026,0.021457081152799626,0.4727601779907799,,,,
S07,S07,1103,1103,OK,shil.cpss_one_se,shil,cpss_one_se,shil.final_development_selection_frequency,4,1.0,0.7678571428571429,0.7678452982295014,0.4787025706754014,0.8504209183673468,1.0,1.0,1.0,0,0.0,4,1.0,1.0,1.0,0,0.0,,,False,,0.45130309683798026,0.021457081152799626,0.4727601779907799,4.0,0.9,4.0,4.0
S07,S07,1103,1103,OK,l1.fixed_k.k01,l1,fixed_k,l1.final_ranker_score,1,1.0,0.625,0.6249952167757242,0.6405774419779099,0.6838137755102041,1.0,0.25,0.4,0,0.0,1,1.0,0.25,0.4,0,0.0,1.0,0.0,False,,,,,,,,
S07,S07,1103,1103,OK,l1.fixed_k.k02,l1,fixed_k,l1.final_ranker_score,2,1.0,0.6660714285714285,0.6658913764113952,0.5967544868763965,0.7372831632653061,1.0,0.5,0.6666666666666666,0,0.0,2,1.0,0.5,0.6666666666666666,0,0.0,2.0,0.0,False,,,,,,,,
S07,S07,1103,1103,OK,l1.fixed_k.k04,l1,fixed_k,l1.final_ranker_score,4,1.0,0.7678571428571429,0.7678452982295014,0.4787025706754014,0.8504209183673468,1.0,1.0,1.0,0,0.0,4,1.0,1.0,1.0,0,0.0,4.0,0.0,False,,,,,,,,
S07,S07,1103,1103,OK,l1.fixed_k.k08,l1,fixed_k,l1.final_ranker_score,8,1.0,0.7642857142857142,0.7642857142857142,0.4969763337296422,0.8407908163265306,0.5,1.0,0.6666666666666666,4,0.5,4,0.5,1.0,0.6666666666666666,4,0.5,8.0,0.0,False,,,,,,,,
S07,S07,1103,1103,OK,l1.fixed_k.k16,l1,fixed_k,l1.final_ranker_score,16,1.0,0.7607142857142857,0.7607112335616526,0.5115831011484584,0.8319642857142857,0.25,1.0,0.4,12,0.75,4,0.25,1.0,0.4,12,0.75,16.0,0.0,False,,,,,,,,
S07,S07,1103,1103,OK,l1.validation_one_se,l1,validation_one_se,l1.final_ranker_score,4,1.0,0.7678571428571429,0.7678452982295014,0.4787025706754014,0.8504209183673468,1.0,1.0,1.0,0,0.0,4,1.0,1.0,1.0,0,0.0,,0.0,False,4.0,0.45130309683798026,0.021457081152799633,0.4727601779907799,,,,
S07,S07,1103,1103,OK,l1.cpss_one_se,l1,cpss_one_se,l1.final_development_selection_frequency,4,1.0,0.7678571428571429,0.7678452982295014,0.4787025706754014,0.8504209183673468,1.0,1.0,1.0,0,0.0,4,1.0,1.0,1.0,0,0.0,,,False,,0.45130309683798026,0.021457081152799626,0.4727601779907799,4.0,0.9,4.0,4.0
S07,S07,1129,1129,OK,shil.fixed_k.k01,shil,fixed_k,shil.final_ranker_score,1,1.0,0.6232142857142857,0.6231554037461211,0.6028822949620373,0.7155102040816326,1.0,0.25,0.4,0,0.0,1,1.0,0.25,0.4,0,0.0,1.0,0.0,False,,,,,,,,
S07,S07,1129,1129,OK,shil.fixed_k.k02,shil,fixed_k,shil.final_ranker_score,2,1.0,0.6982142857142857,0.6979359167089569,0.5462433776419595,0.7934183673469388,1.0,0.5,0.6666666666666666,0,0.0,2,1.0,0.5,0.6666666666666666,0,0.0,2.0,0.0,False,,,,,,,,
S07,S07,1129,1129,OK,shil.fixed_k.k04,shil,fixed_k,shil.final_ranker_score,4,1.0,0.7803571428571429,0.7802387128267465,0.4461276630082608,0.8739923469387755,1.0,1.0,1.0,0,0.0,4,1.0,1.0,1.0,0,0.0,4.0,0.0,False,,,,,,,,
S07,S07,1129,1129,OK,shil.fixed_k.k08,shil,fixed_k,shil.final_ranker_score,8,1.0,0.7767857142857143,0.7766995556321157,0.4505215406526526,0.8697321428571428,0.5,1.0,0.6666666666666666,4,0.5,4,0.5,1.0,0.6666666666666666,4,0.5,8.0,0.0,False,,,,,,,,
S07,S07,1129,1129,OK,shil.fixed_k.k16,shil,fixed_k,shil.final_ranker_score,16,1.0,0.7839285714285714,0.7837734343837256,0.4635732720445669,0.8626785714285714,0.25,1.0,0.4,12,0.75,4,0.25,1.0,0.4,12,0.75,16.0,0.0,False,,,,,,,,
S07,S07,1129,1129,OK,shil.validation_one_se,shil,validation_one_se,shil.final_ranker_score,4,1.0,0.7803571428571429,0.7802387128267465,0.4461276630082608,0.8739923469387755,1.0,1.0,1.0,0,0.0,4,1.0,1.0,1.0,0,0.0,,0.0,False,4.0,0.4905427091217765,0.021502057959406403,0.512217660291055,,,,
S07,S07,1129,1129,OK,shil.cpss_one_se,shil,cpss_one_se,shil.final_development_selection_frequency,4,1.0,0.7803571428571429,0.7802387128267465,0.4461276630082608,0.8739923469387755,1.0,1.0,1.0,0,0.0,4,1.0,1.0,1.0,0,0.0,,,False,,0.4905427091217765,0.021502057959406403,0.5120447670811828,4.0,0.9,4.0,4.0
S07,S07,1129,1129,OK,l1.fixed_k.k01,l1,fixed_k,l1.final_ranker_score,1,1.0,0.6232142857142857,0.6231554037461211,0.6028822949620373,0.7155102040816326,1.0,0.25,0.4,0,0.0,1,1.0,0.25,0.4,0,0.0,1.0,0.0,False,,,,,,,,
S07,S07,1129,1129,OK,l1.fixed_k.k02,l1,fixed_k,l1.final_ranker_score,2,1.0,0.7,0.699812382739212,0.550661230058446,0.7881122448979592,1.0,0.5,0.6666666666666666,0,0.0,2,1.0,0.5,0.6666666666666666,0,0.0,2.0,0.0,False,,,,,,,,
S07,S07,1129,1129,OK,l1.fixed_k.k04,l1,fixed_k,l1.final_ranker_score,4,1.0,0.7803571428571429,0.7802387128267465,0.4461276630082608,0.8739923469387755,1.0,1.0,1.0,0,0.0,4,1.0,1.0,1.0,0,0.0,4.0,0.0,False,,,,,,,,
S07,S07,1129,1129,OK,l1.fixed_k.k08,l1,fixed_k,l1.final_ranker_score,8,1.0,0.7732142857142857,0.7730514559234145,0.4600211150096362,0.8627295918367348,0.5,1.0,0.6666666666666666,4,0.5,4,0.5,1.0,0.6666666666666666,4,0.5,8.0,0.0,False,,,,,,,,
S07,S07,1129,1129,OK,l1.fixed_k.k16,l1,fixed_k,l1.final_ranker_score,16,1.0,0.7696428571428572,0.7695186500378074,0.4733157774743554,0.8551020408163266,0.25,1.0,0.4,12,0.75,4,0.25,1.0,0.4,12,0.75,16.0,0.0,False,,,,,,,,
S07,S07,1129,1129,OK,l1.validation_one_se,l1,validation_one_se,l1.final_ranker_score,4,1.0,0.7803571428571429,0.7802387128267465,0.4461276630082608,0.8739923469387755,1.0,1.0,1.0,0,0.0,4,1.0,1.0,1.0,0,0.0,,0.0,False,4.0,0.4905427091217765,0.021502057959406403,0.5120447670811828,,,,
S07,S07,1129,1129,OK,l1.cpss_one_se,l1,cpss_one_se,l1.final_development_selection_frequency,4,1.0,0.7803571428571429,0.7802387128267465,0.4461276630082608,0.8739923469387755,1.0,1.0,1.0,0,0.0,4,1.0,1.0,1.0,0,0.0,,,False,,0.4905427091217765,0.021502057959406403,0.5120447670811828,4.0,0.9,4.0,4.0
S07,S07,1151,1151,OK,shil.fixed_k.k01,shil,fixed_k,shil.final_ranker_score,1,1.0,0.6321428571428571,0.6321006237960991,0.613891517582918,0.7069132653061223,1.0,0.25,0.4,0,0.0,1,1.0,0.25,0.4,0,0.0,1.0,0.0,False,,,,,,,,
S07,S07,1151,1151,OK,shil.fixed_k.k02,shil,fixed_k,shil.final_ranker_score,2,1.0,0.7160714285714286,0.7156715917473233,0.5494136846356864,0.7937755102040817,1.0,0.5,0.6666666666666666,0,0.0,2,1.0,0.5,0.6666666666666666,0,0.0,2.0,0.0,False,,,,,,,,
S07,S07,1151,1151,OK,shil.fixed_k.k04,shil,fixed_k,shil.final_ranker_score,4,1.0,0.7464285714285714,0.7462699901724292,0.4676079372481667,0.8494897959183673,1.0,1.0,1.0,0,0.0,4,1.0,1.0,1.0,0,0.0,4.0,0.0,False,,,,,,,,
S07,S07,1151,1151,OK,shil.fixed_k.k08,shil,fixed_k,shil.final_ranker_score,8,1.0,0.7339285714285714,0.7338598298667705,0.4721159244237704,0.8463520408163265,0.5,1.0,0.6666666666666666,4,0.5,4,0.5,1.0,0.6666666666666666,4,0.5,8.0,0.0,False,,,,,,,,
S07,S07,1151,1151,OK,shil.fixed_k.k16,shil,fixed_k,shil.final_ranker_score,16,1.0,0.7375,0.7373986774233681,0.4835456495252052,0.8409821428571429,0.25,1.0,0.4,12,0.75,4,0.25,1.0,0.4,12,0.75,16.0,0.0,False,,,,,,,,
S07,S07,1151,1151,OK,shil.validation_one_se,shil,validation_one_se,shil.final_ranker_score,4,1.0,0.7464285714285714,0.7462699901724292,0.4676079372481667,0.8494897959183673,1.0,1.0,1.0,0,0.0,4,1.0,1.0,1.0,0,0.0,,0.0,False,4.0,0.4903025412852939,0.02364551900504165,0.5139480602903356,,,,
S07,S07,1151,1151,OK,shil.cpss_one_se,shil,cpss_one_se,shil.final_development_selection_frequency,4,1.0,0.7464285714285714,0.7462699901724292,0.4676079372481667,0.8494897959183673,1.0,1.0,1.0,0,0.0,4,1.0,1.0,1.0,0,0.0,,,False,,0.4903025412852939,0.02364551900504165,0.5139480602903356,4.0,0.9,4.0,4.0
S07,S07,1151,1151,OK,l1.fixed_k.k01,l1,fixed_k,l1.final_ranker_score,1,1.0,0.5910714285714286,0.5909657787885264,0.6460842862688055,0.6496811224489796,1.0,0.25,0.4,0,0.0,1,1.0,0.25,0.4,0,0.0,1.0,0.0,False,,,,,,,,
S07,S07,1151,1151,OK,l1.fixed_k.k02,l1,fixed_k,l1.final_ranker_score,2,1.0,0.6857142857142857,0.6857102769167974,0.5646511356786869,0.7653954081632653,1.0,0.5,0.6666666666666666,0,0.0,2,1.0,0.5,0.6666666666666666,0,0.0,2.0,0.0,False,,,,,,,,
S07,S07,1151,1151,OK,l1.fixed_k.k04,l1,fixed_k,l1.final_ranker_score,4,1.0,0.7464285714285714,0.7462699901724292,0.4676079372481667,0.8494897959183673,1.0,1.0,1.0,0,0.0,4,1.0,1.0,1.0,0,0.0,4.0,0.0,False,,,,,,,,
S07,S07,1151,1151,OK,l1.fixed_k.k08,l1,fixed_k,l1.final_ranker_score,8,1.0,0.7410714285714286,0.7410507852985729,0.4806324047786499,0.8434821428571428,0.5,1.0,0.6666666666666666,4,0.5,4,0.5,1.0,0.6666666666666666,4,0.5,8.0,0.0,False,,,,,,,,
S07,S07,1151,1151,OK,l1.fixed_k.k16,l1,fixed_k,l1.final_ranker_score,16,1.0,0.7303571428571428,0.7303150045766079,0.4896089705578013,0.8355994897959184,0.25,1.0,0.4,12,0.75,4,0.25,1.0,0.4,12,0.75,16.0,0.0,False,,,,,,,,
S07,S07,1151,1151,OK,l1.validation_one_se,l1,validation_one_se,l1.final_ranker_score,4,1.0,0.7464285714285714,0.7462699901724292,0.4676079372481667,0.8494897959183673,1.0,1.0,1.0,0,0.0,4,1.0,1.0,1.0,0,0.0,,0.0,False,4.0,0.49030254128529377,0.023645519005041655,0.5139480602903355,,,,
S07,S07,1151,1151,OK,l1.cpss_one_se,l1,cpss_one_se,l1.final_development_selection_frequency,4,1.0,0.7464285714285714,0.7462699901724292,0.4676079372481667,0.8494897959183673,1.0,1.0,1.0,0,0.0,4,1.0,1.0,1.0,0,0.0,,,False,,0.4903025412852939,0.02364551900504165,0.5139480602903356,4.0,0.9,4.0,4.0
S07,S07,1171,1171,OK,shil.fixed_k.k01,shil,fixed_k,shil.final_ranker_score,1,1.0,0.6267857142857143,0.6267845241853449,0.6225049256870638,0.6994387755102041,1.0,0.25,0.4,0,0.0,1,1.0,0.25,0.4,0,0.0,1.0,0.0,False,,,,,,,,
S07,S07,1171,1171,OK,shil.fixed_k.k02,shil,fixed_k,shil.final_ranker_score,2,1.0,0.6714285714285714,0.6714243804130156,0.5797071101916987,0.7612500000000002,1.0,0.5,0.6666666666666666,0,0.0,2,1.0,0.5,0.6666666666666666,0,0.0,2.0,0.0,False,,,,,,,,
S07,S07,1171,1171,OK,shil.fixed_k.k04,shil,fixed_k,shil.final_ranker_score,4,1.0,0.7785714285714286,0.778526229842825,0.4546803753449316,0.8654336734693878,1.0,1.0,1.0,0,0.0,4,1.0,1.0,1.0,0,0.0,4.0,0.0,False,,,,,,,,
S07,S07,1171,1171,OK,shil.fixed_k.k08,shil,fixed_k,shil.final_ranker_score,8,1.0,0.7785714285714286,0.7785460065568752,0.4552313750253648,0.8655612244897959,0.5,1.0,0.6666666666666666,4,0.5,4,0.5,1.0,0.6666666666666666,4,0.5,8.0,0.0,False,,,,,,,,
S07,S07,1171,1171,OK,shil.fixed_k.k16,shil,fixed_k,shil.final_ranker_score,16,1.0,0.7625,0.7624386400824192,0.4657881496318073,0.8583163265306122,0.25,1.0,0.4,12,0.75,4,0.25,1.0,0.4,12,0.75,16.0,0.0,False,,,,,,,,
S07,S07,1171,1171,OK,shil.validation_one_se,shil,validation_one_se,shil.final_ranker_score,4,1.0,0.7785714285714286,0.778526229842825,0.4546803753449316,0.8654336734693878,1.0,1.0,1.0,0,0.0,4,1.0,1.0,1.0,0,0.0,,0.0,False,4.0,0.47918989111959737,0.022578009446448808,0.5017679005660461,,,,
S07,S07,1171,1171,OK,shil.cpss_one_se,shil,cpss_one_se,shil.final_development_selection_frequency,4,1.0,0.7785714285714286,0.778526229842825,0.4546803753449316,0.8654336734693878,1.0,1.0,1.0,0,0.0,4,1.0,1.0,1.0,0,0.0,,,False,,0.47918989111959737,0.022578009446448808,0.5017679005660461,4.0,0.9,4.0,4.0
S07,S07,1171,1171,OK,l1.fixed_k.k01,l1,fixed_k,l1.final_ranker_score,1,1.0,0.6160714285714286,0.6159232356872391,0.6430089924709496,0.6657780612244899,1.0,0.25,0.4,0,0.0,1,1.0,0.25,0.4,0,0.0,1.0,0.0,False,,,,,,,,
S07,S07,1171,1171,OK,l1.fixed_k.k02,l1,fixed_k,l1.final_ranker_score,2,1.0,0.6660714285714285,0.6660448058678148,0.5966005811931091,0.7373086734693879,1.0,0.5,0.6666666666666666,0,0.0,2,1.0,0.5,0.6666666666666666,0,0.0,2.0,0.0,False,,,,,,,,
S07,S07,1171,1171,OK,l1.fixed_k.k04,l1,fixed_k,l1.final_ranker_score,4,1.0,0.7785714285714286,0.778526229842825,0.4546803753449316,0.8654336734693878,1.0,1.0,1.0,0,0.0,4,1.0,1.0,1.0,0,0.0,4.0,0.0,False,,,,,,,,
S07,S07,1171,1171,OK,l1.fixed_k.k08,l1,fixed_k,l1.final_ranker_score,8,1.0,0.7660714285714286,0.7659452957748276,0.4615459453135371,0.8607270408163264,0.5,1.0,0.6666666666666666,4,0.5,4,0.5,1.0,0.6666666666666666,4,0.5,8.0,0.0,False,,,,,,,,
S07,S07,1171,1171,OK,l1.fixed_k.k16,l1,fixed_k,l1.final_ranker_score,16,1.0,0.7732142857142857,0.7730514559234145,0.4649431153635663,0.8593494897959184,0.25,1.0,0.4,12,0.75,4,0.25,1.0,0.4,12,0.75,16.0,0.0,False,,,,,,,,
S07,S07,1171,1171,OK,l1.validation_one_se,l1,validation_one_se,l1.final_ranker_score,4,1.0,0.7785714285714286,0.778526229842825,0.4546803753449316,0.8654336734693878,1.0,1.0,1.0,0,0.0,4,1.0,1.0,1.0,0,0.0,,0.0,False,4.0,0.47918989111959737,0.022578009446448808,0.5017679005660461,,,,
S07,S07,1171,1171,OK,l1.cpss_one_se,l1,cpss_one_se,l1.final_development_selection_frequency,4,1.0,0.7785714285714286,0.778526229842825,0.4546803753449316,0.8654336734693878,1.0,1.0,1.0,0,0.0,4,1.0,1.0,1.0,0,0.0,,,False,,0.47918989111959737,0.022578009446448808,0.5017679005660461,4.0,0.9,4.0,4.0
S07,S07,1181,1181,OK,shil.fixed_k.k01,shil,fixed_k,shil.final_ranker_score,1,1.0,0.6071428571428571,0.6067365517945837,0.627128549378859,0.6814795918367347,1.0,0.25,0.4,0,0.0,1,1.0,0.25,0.4,0,0.0,1.0,0.0,False,,,,,,,,
S07,S07,1181,1181,OK,shil.fixed_k.k02,shil,fixed_k,shil.final_ranker_score,2,1.0,0.7232142857142857,0.7231427760359022,0.5386018719597617,0.7986862244897959,1.0,0.5,0.6666666666666666,0,0.0,2,1.0,0.5,0.6666666666666666,0,0.0,2.0,0.0,False,,,,,,,,
S07,S07,1181,1181,OK,shil.fixed_k.k04,shil,fixed_k,shil.final_ranker_score,4,1.0,0.7589285714285714,0.758835520082685,0.4727782066728013,0.8535076530612244,1.0,1.0,1.0,0,0.0,4,1.0,1.0,1.0,0,0.0,4.0,0.0,False,,,,,,,,
S07,S07,1181,1181,OK,shil.fixed_k.k08,shil,fixed_k,shil.final_ranker_score,8,1.0,0.7642857142857142,0.7641383007236666,0.4748120503922824,0.852576530612245,0.5,1.0,0.6666666666666666,4,0.5,4,0.5,1.0,0.6666666666666666,4,0.5,8.0,0.0,False,,,,,,,,
S07,S07,1181,1181,OK,shil.fixed_k.k16,shil,fixed_k,shil.final_ranker_score,16,1.0,0.7642857142857142,0.7641383007236666,0.4796048182417728,0.8504209183673469,0.25,1.0,0.4,12,0.75,4,0.25,1.0,0.4,12,0.75,16.0,0.0,False,,,,,,,,
S07,S07,1181,1181,OK,shil.validation_one_se,shil,validation_one_se,shil.final_ranker_score,4,1.0,0.7589285714285714,0.758835520082685,0.4727782066728013,0.8535076530612244,1.0,1.0,1.0,0,0.0,4,1.0,1.0,1.0,0,0.0,,0.0,False,4.0,0.4924912421092536,0.0230053796798772,0.5154966217891308,,,,
S07,S07,1181,1181,OK,shil.cpss_one_se,shil,cpss_one_se,shil.final_development_selection_frequency,4,1.0,0.7589285714285714,0.758835520082685,0.4727782066728013,0.8535076530612244,1.0,1.0,1.0,0,0.0,4,1.0,1.0,1.0,0,0.0,,,False,,0.4924912421092536,0.0230053796798772,0.5154966217891308,4.0,0.9,4.0,4.0
S07,S07,1181,1181,OK,l1.fixed_k.k01,l1,fixed_k,l1.final_ranker_score,1,1.0,0.6071428571428571,0.6067365517945837,0.627128549378859,0.6814795918367347,1.0,0.25,0.4,0,0.0,1,1.0,0.25,0.4,0,0.0,1.0,0.0,False,,,,,,,,
S07,S07,1181,1181,OK,l1.fixed_k.k02,l1,fixed_k,l1.final_ranker_score,2,1.0,0.7232142857142857,0.7231427760359022,0.5386018719597617,0.7986862244897959,1.0,0.5,0.6666666666666666,0,0.0,2,1.0,0.5,0.6666666666666666,0,0.0,2.0,0.0,False,,,,,,,,
S07,S07,1181,1181,OK,l1.fixed_k.k04,l1,fixed_k,l1.final_ranker_score,4,1.0,0.7589285714285714,0.758835520082685,0.4727782066728013,0.8535076530612244,1.0,1.0,1.0,0,0.0,4,1.0,1.0,1.0,0,0.0,4.0,0.0,False,,,,,,,,
S07,S07,1181,1181,OK,l1.fixed_k.k08,l1,fixed_k,l1.final_ranker_score,8,1.0,0.7517857142857143,0.7516074990027922,0.4809805413489203,0.8494005102040816,0.5,1.0,0.6666666666666666,4,0.5,4,0.5,1.0,0.6666666666666666,4,0.5,8.0,0.0,False,,,,,,,,
S07,S07,1181,1181,OK,l1.fixed_k.k16,l1,fixed_k,l1.final_ranker_score,16,1.0,0.7553571428571428,0.7551814918228958,0.4904425578740858,0.8453443877551021,0.25,1.0,0.4,12,0.75,4,0.25,1.0,0.4,12,0.75,16.0,0.0,False,,,,,,,,
S07,S07,1181,1181,OK,l1.validation_one_se,l1,validation_one_se,l1.final_ranker_score,4,1.0,0.7589285714285714,0.758835520082685,0.4727782066728013,0.8535076530612244,1.0,1.0,1.0,0,0.0,4,1.0,1.0,1.0,0,0.0,,0.0,False,4.0,0.4924912421092536,0.0230053796798772,0.5154966217891308,,,,
S07,S07,1181,1181,OK,l1.cpss_one_se,l1,cpss_one_se,l1.final_development_selection_frequency,4,1.0,0.7589285714285714,0.758835520082685,0.4727782066728013,0.8535076530612244,1.0,1.0,1.0,0,0.0,4,1.0,1.0,1.0,0,0.0,,,False,,0.4924912421092536,0.0230053796798772,0.5154966217891308,4.0,0.9,4.0,4.0
S07,S07,1201,1201,OK,shil.fixed_k.k01,shil,fixed_k,shil.final_ranker_score,1,1.0,0.6446428571428572,0.6443877143996809,0.6093445590076226,0.7105867346938776,1.0,0.25,0.4,0,0.0,1,1.0,0.25,0.4,0,0.0,1.0,0.0,False,,,,,,,,
S07,S07,1201,1201,OK,shil.fixed_k.k02,shil,fixed_k,shil.final_ranker_score,2,1.0,0.6892857142857143,0.689269860707179,0.5665652708634491,0.765969387755102,1.0,0.5,0.6666666666666666,0,0.0,2,1.0,0.5,0.6666666666666666,0,0.0,2.0,0.0,False,,,,,,,,
S07,S07,1201,1201,OK,shil.fixed_k.k04,shil,fixed_k,shil.final_ranker_score,4,1.0,0.7696428571428572,0.7694774631033108,0.4632067407354848,0.8590051020408163,1.0,1.0,1.0,0,0.0,4,1.0,1.0,1.0,0,0.0,4.0,0.0,False,,,,,,,,
S07,S07,1201,1201,OK,shil.fixed_k.k08,shil,fixed_k,shil.final_ranker_score,8,1.0,0.7625,0.7624083271925711,0.4672085767066603,0.8561862244897959,0.5,1.0,0.6666666666666666,4,0.5,4,0.5,1.0,0.6666666666666666,4,0.5,8.0,0.0,False,,,,,,,,
S07,S07,1201,1201,OK,shil.fixed_k.k16,shil,fixed_k,shil.final_ranker_score,16,1.0,0.7517857142857143,0.7517659252172526,0.4781273747369298,0.8458673469387755,0.25,1.0,0.4,12,0.75,4,0.25,1.0,0.4,12,0.75,16.0,0.0,False,,,,,,,,
S07,S07,1201,1201,OK,shil.validation_one_se,shil,validation_one_se,shil.final_ranker_score,4,1.0,0.7696428571428572,0.7694774631033108,0.4632067407354848,0.8590051020408163,1.0,1.0,1.0,0,0.0,4,1.0,1.0,1.0,0,0.0,,0.0,False,4.0,0.4636288602831903,0.020446933423259667,0.48407579370644993,,,,
S07,S07,1201,1201,OK,shil.cpss_one_se,shil,cpss_one_se,shil.final_development_selection_frequency,4,1.0,0.7696428571428572,0.7694774631033108,0.4632067407354848,0.8590051020408163,1.0,1.0,1.0,0,0.0,4,1.0,1.0,1.0,0,0.0,,,False,,0.4636288602831903,0.020446933423259667,0.48407579370644993,4.0,0.9,4.0,4.0
S07,S07,1201,1201,OK,l1.fixed_k.k01,l1,fixed_k,l1.final_ranker_score,1,1.0,0.6446428571428572,0.6443877143996809,0.6093445590076226,0.7105867346938776,1.0,0.25,0.4,0,0.0,1,1.0,0.25,0.4,0,0.0,1.0,0.0,False,,,,,,,,
S07,S07,1201,1201,OK,l1.fixed_k.k02,l1,fixed_k,l1.final_ranker_score,2,1.0,0.7,0.6998621816140065,0.5545924338729531,0.7799234693877553,1.0,0.5,0.6666666666666666,0,0.0,2,1.0,0.5,0.6666666666666666,0,0.0,2.0,0.0,False,,,,,,,,
S07,S07,1201,1201,OK,l1.fixed_k.k04,l1,fixed_k,l1.final_ranker_score,4,1.0,0.7696428571428572,0.7694774631033108,0.4632067407354848,0.8590051020408163,1.0,1.0,1.0,0,0.0,4,1.0,1.0,1.0,0,0.0,4.0,0.0,False,,,,,,,,
S07,S07,1201,1201,OK,l1.fixed_k.k08,l1,fixed_k,l1.final_ranker_score,8,1.0,0.7535714285714286,0.7534173143929241,0.4687477219879216,0.853609693877551,0.5,1.0,0.6666666666666666,4,0.5,4,0.5,1.0,0.6666666666666666,4,0.5,8.0,0.0,False,,,,,,,,
S07,S07,1201,1201,OK,l1.fixed_k.k16,l1,fixed_k,l1.final_ranker_score,16,1.0,0.7482142857142857,0.7480785244599291,0.4800891101227843,0.8432142857142857,0.25,1.0,0.4,12,0.75,4,0.25,1.0,0.4,12,0.75,16.0,0.0,False,,,,,,,,
S07,S07,1201,1201,OK,l1.validation_one_se,l1,validation_one_se,l1.final_ranker_score,4,1.0,0.7696428571428572,0.7694774631033108,0.4632067407354848,0.8590051020408163,1.0,1.0,1.0,0,0.0,4,1.0,1.0,1.0,0,0.0,,0.0,False,4.0,0.4636288602831903,0.020446933423259667,0.48407579370644993,,,,
S07,S07,1201,1201,OK,l1.cpss_one_se,l1,cpss_one_se,l1.final_development_selection_frequency,4,1.0,0.7696428571428572,0.7694774631033108,0.4632067407354848,0.8590051020408163,1.0,1.0,1.0,0,0.0,4,1.0,1.0,1.0,0,0.0,,,False,,0.4636288602831903,0.020446933423259667,0.48407579370644993,4.0,0.9,4.0,4.0
S07,S07,1213,1213,OK,shil.fixed_k.k01,shil,fixed_k,shil.final_ranker_score,1,1.0,0.6053571428571428,0.6048013948186065,0.6274482223701182,0.6814158163265307,1.0,0.25,0.4,0,0.0,1,1.0,0.25,0.4,0,0.0,1.0,0.0,False,,,,,,,,
S07,S07,1213,1213,OK,shil.fixed_k.k02,shil,fixed_k,shil.final_ranker_score,2,1.0,0.6892857142857143,0.689031862745098,0.5543294452653336,0.7761989795918366,1.0,0.5,0.6666666666666666,0,0.0,2,1.0,0.5,0.6666666666666666,0,0.0,2.0,0.0,False,,,,,,,,
S07,S07,1213,1213,OK,shil.fixed_k.k04,shil,fixed_k,shil.final_ranker_score,4,1.0,0.7785714285714286,0.7785007974481659,0.46921686053909,0.8529974489795918,1.0,1.0,1.0,0,0.0,4,1.0,1.0,1.0,0,0.0,4.0,0.0,False,,,,,,,,
S07,S07,1213,1213,OK,shil.fixed_k.k08,shil,fixed_k,shil.final_ranker_score,8,1.0,0.7553571428571428,0.7551314827758999,0.4813267149317409,0.8443622448979592,0.5,1.0,0.6666666666666666,4,0.5,4,0.5,1.0,0.6666666666666666,4,0.5,8.0,0.0,False,,,,,,,,
S07,S07,1213,1213,OK,shil.fixed_k.k16,shil,fixed_k,shil.final_ranker_score,16,1.0,0.7589285714285714,0.7585212300085284,0.4882621780902973,0.8407780612244897,0.25,1.0,0.4,12,0.75,4,0.25,1.0,0.4,12,0.75,16.0,0.0,False,,,,,,,,
S07,S07,1213,1213,OK,shil.validation_one_se,shil,validation_one_se,shil.final_ranker_score,4,1.0,0.7785714285714286,0.7785007974481659,0.46921686053909,0.8529974489795918,1.0,1.0,1.0,0,0.0,4,1.0,1.0,1.0,0,0.0,,0.0,False,4.0,0.4463397621492444,0.019318930754157488,0.4656586929034019,,,,
S07,S07,1213,1213,OK,shil.cpss_one_se,shil,cpss_one_se,shil.final_development_selection_frequency,4,1.0,0.7785714285714286,0.7785007974481659,0.46921686053909,0.8529974489795918,1.0,1.0,1.0,0,0.0,4,1.0,1.0,1.0,0,0.0,,,False,,0.4463397621492444,0.019318930754157488,0.4656586929034019,4.0,0.9,4.0,4.0
S07,S07,1213,1213,OK,l1.fixed_k.k01,l1,fixed_k,l1.final_ranker_score,1,1.0,0.6053571428571428,0.6048013948186065,0.6274482223701182,0.6814158163265307,1.0,0.25,0.4,0,0.0,1,1.0,0.25,0.4,0,0.0,1.0,0.0,False,,,,,,,,
S07,S07,1213,1213,OK,l1.fixed_k.k02,l1,fixed_k,l1.final_ranker_score,2,1.0,0.6892857142857143,0.689031862745098,0.5543294452653336,0.7761989795918366,1.0,0.5,0.6666666666666666,0,0.0,2,1.0,0.5,0.6666666666666666,0,0.0,2.0,0.0,False,,,,,,,,
S07,S07,1213,1213,OK,l1.fixed_k.k04,l1,fixed_k,l1.final_ranker_score,4,1.0,0.7785714285714286,0.7785007974481659,0.46921686053909,0.8529974489795918,1.0,1.0,1.0,0,0.0,4,1.0,1.0,1.0,0,0.0,4.0,0.0,False,,,,,,,,
S07,S07,1213,1213,OK,l1.fixed_k.k08,l1,fixed_k,l1.final_ranker_score,8,1.0,0.7678571428571429,0.767711962833914,0.4793619177749607,0.8467091836734695,0.5,1.0,0.6666666666666666,4,0.5,4,0.5,1.0,0.6666666666666666,4,0.5,8.0,0.0,False,,,,,,,,
S07,S07,1213,1213,OK,l1.fixed_k.k16,l1,fixed_k,l1.final_ranker_score,16,1.0,0.7589285714285714,0.7587985872488682,0.4890123640714798,0.8396428571428571,0.25,1.0,0.4,12,0.75,4,0.25,1.0,0.4,12,0.75,16.0,0.0,False,,,,,,,,
S07,S07,1213,1213,OK,l1.validation_one_se,l1,validation_one_se,l1.final_ranker_score,4,1.0,0.7785714285714286,0.7785007974481659,0.46921686053909,0.8529974489795918,1.0,1.0,1.0,0,0.0,4,1.0,1.0,1.0,0,0.0,,0.0,False,4.0,0.4463397621492444,0.019318930754157488,0.4656586929034019,,,,
S07,S07,1213,1213,OK,l1.cpss_one_se,l1,cpss_one_se,l1.final_development_selection_frequency,4,1.0,0.7785714285714286,0.7785007974481659,0.46921686053909,0.8529974489795918,1.0,1.0,1.0,0,0.0,4,1.0,1.0,1.0,0,0.0,,,False,,0.4463397621492444,0.019318930754157488,0.4656586929034019,4.0,0.9,4.0,4.0
S07,S07,1231,1231,OK,shil.fixed_k.k01,shil,fixed_k,shil.final_ranker_score,1,1.0,0.6053571428571428,0.6053558844256519,0.6476248325535163,0.6680357142857143,1.0,0.25,0.4,0,0.0,1,1.0,0.25,0.4,0,0.0,1.0,0.0,False,,,,,,,,
S07,S07,1231,1231,OK,shil.fixed_k.k02,shil,fixed_k,shil.final_ranker_score,2,1.0,0.7017857142857142,0.7012818178624018,0.571953019778671,0.7706122448979591,1.0,0.5,0.6666666666666666,0,0.0,2,1.0,0.5,0.6666666666666666,0,0.0,2.0,0.0,False,,,,,,,,
S07,S07,1231,1231,OK,shil.fixed_k.k04,shil,fixed_k,shil.final_ranker_score,4,1.0,0.7821428571428571,0.7821317414153783,0.4634888509661593,0.8609821428571429,1.0,1.0,1.0,0,0.0,4,1.0,1.0,1.0,0,0.0,4.0,0.0,False,,,,,,,,
S07,S07,1231,1231,OK,shil.fixed_k.k08,shil,fixed_k,shil.final_ranker_score,8,1.0,0.7857142857142857,0.785711552443271,0.4582292537403471,0.8641964285714285,0.5,1.0,0.6666666666666666,4,0.5,4,0.5,1.0,0.6666666666666666,4,0.5,8.0,0.0,False,,,,,,,,
S07,S07,1231,1231,OK,shil.fixed_k.k16,shil,fixed_k,shil.final_ranker_score,16,1.0,0.7803571428571429,0.7803508391503583,0.4591520838347835,0.8641454081632652,0.25,1.0,0.4,12,0.75,4,0.25,1.0,0.4,12,0.75,16.0,0.0,False,,,,,,,,
S07,S07,1231,1231,OK,shil.validation_one_se,shil,validation_one_se,shil.final_ranker_score,4,1.0,0.7821428571428571,0.7821317414153783,0.4634888509661593,0.8609821428571429,1.0,1.0,1.0,0,0.0,4,1.0,1.0,1.0,0,0.0,,0.0,False,4.0,0.44925410794225107,0.019768006202340326,0.4690221141445914,,,,
S07,S07,1231,1231,OK,shil.cpss_one_se,shil,cpss_one_se,shil.final_development_selection_frequency,4,1.0,0.7821428571428571,0.7821317414153783,0.4634888509661593,0.8609821428571429,1.0,1.0,1.0,0,0.0,4,1.0,1.0,1.0,0,0.0,,,False,,0.44925410794225107,0.019768006202340326,0.4690221141445914,4.0,0.9,4.0,4.0
S07,S07,1231,1231,OK,l1.fixed_k.k01,l1,fixed_k,l1.final_ranker_score,1,1.0,0.6053571428571428,0.6053558844256519,0.6476248325535163,0.6680357142857143,1.0,0.25,0.4,0,0.0,1,1.0,0.25,0.4,0,0.0,1.0,0.0,False,,,,,,,,
S07,S07,1231,1231,OK,l1.fixed_k.k02,l1,fixed_k,l1.final_ranker_score,2,1.0,0.6482142857142857,0.6475117820912213,0.6042197206743264,0.7269260204081632,1.0,0.5,0.6666666666666666,0,0.0,2,1.0,0.5,0.6666666666666666,0,0.0,2.0,0.0,False,,,,,,,,
S07,S07,1231,1231,OK,l1.fixed_k.k04,l1,fixed_k,l1.final_ranker_score,4,1.0,0.7821428571428571,0.7821317414153783,0.4634888509661593,0.8609821428571429,1.0,1.0,1.0,0,0.0,4,1.0,1.0,1.0,0,0.0,4.0,0.0,False,,,,,,,,
S07,S07,1231,1231,OK,l1.fixed_k.k08,l1,fixed_k,l1.final_ranker_score,8,1.0,0.7875,0.7874667916862009,0.4678394821945054,0.8602678571428573,0.5,1.0,0.6666666666666666,4,0.5,4,0.5,1.0,0.6666666666666666,4,0.5,8.0,0.0,False,,,,,,,,
S07,S07,1231,1231,OK,l1.fixed_k.k16,l1,fixed_k,l1.final_ranker_score,16,1.0,0.7785714285714286,0.7785601306189092,0.4800568604264398,0.8513647959183674,0.25,1.0,0.4,12,0.75,4,0.25,1.0,0.4,12,0.75,16.0,0.0,False,,,,,,,,
S07,S07,1231,1231,OK,l1.validation_one_se,l1,validation_one_se,l1.final_ranker_score,4,1.0,0.7821428571428571,0.7821317414153783,0.4634888509661593,0.8609821428571429,1.0,1.0,1.0,0,0.0,4,1.0,1.0,1.0,0,0.0,,0.0,False,4.0,0.44925410794225107,0.019768006202340326,0.4690221141445914,,,,
S07,S07,1231,1231,OK,l1.cpss_one_se,l1,cpss_one_se,l1.final_development_selection_frequency,4,1.0,0.7821428571428571,0.7821317414153783,0.4634888509661593,0.8609821428571429,1.0,1.0,1.0,0,0.0,4,1.0,1.0,1.0,0,0.0,,,False,,0.44925410794225107,0.019768006202340326,0.4690221141445914,4.0,0.9,4.0,4.0
S07,S07,1249,1249,OK,shil.fixed_k.k01,shil,fixed_k,shil.final_ranker_score,1,1.0,0.6321428571428571,0.6321428571428571,0.6247563584516267,0.6955867346938777,1.0,0.25,0.4,0,0.0,1,1.0,0.25,0.4,0,0.0,1.0,0.0,False,,,,,,,,
S07,S07,1249,1249,OK,shil.fixed_k.k02,shil,fixed_k,shil.final_ranker_score,2,1.0,0.7053571428571429,0.7053562033042198,0.5653699914963833,0.7743112244897961,1.0,0.5,0.6666666666666666,0,0.0,2,1.0,0.5,0.6666666666666666,0,0.0,2.0,0.0,False,,,,,,,,
S07,S07,1249,1249,OK,shil.fixed_k.k04,shil,fixed_k,shil.final_ranker_score,4,1.0,0.8107142857142857,0.8106756480914472,0.4106804180846652,0.8958545918367347,1.0,1.0,1.0,0,0.0,4,1.0,1.0,1.0,0,0.0,4.0,0.0,False,,,,,,,,
S07,S07,1249,1249,OK,shil.fixed_k.k08,shil,fixed_k,shil.final_ranker_score,8,1.0,0.8089285714285714,0.8089279621427364,0.4192500216675823,0.8892602040816326,0.5,1.0,0.6666666666666666,4,0.5,4,0.5,1.0,0.6666666666666666,4,0.5,8.0,0.0,False,,,,,,,,
S07,S07,1249,1249,OK,shil.fixed_k.k16,shil,fixed_k,shil.final_ranker_score,16,1.0,0.8035714285714286,0.8035714285714286,0.4234139592787317,0.8856887755102041,0.25,1.0,0.4,12,0.75,4,0.25,1.0,0.4,12,0.75,16.0,0.0,False,,,,,,,,
S07,S07,1249,1249,OK,shil.validation_one_se,shil,validation_one_se,shil.final_ranker_score,4,1.0,0.8107142857142857,0.8106756480914472,0.4106804180846652,0.8958545918367347,1.0,1.0,1.0,0,0.0,4,1.0,1.0,1.0,0,0.0,,0.0,False,4.0,0.4372455257276548,0.02048419218112678,0.4577297179087816,,,,
S07,S07,1249,1249,OK,shil.cpss_one_se,shil,cpss_one_se,shil.final_development_selection_frequency,4,1.0,0.8107142857142857,0.8106756480914472,0.4106804180846652,0.8958545918367347,1.0,1.0,1.0,0,0.0,4,1.0,1.0,1.0,0,0.0,,,False,,0.4372455257276548,0.020484192181126782,0.4577297179087816,4.0,0.9,4.0,4.0
S07,S07,1249,1249,OK,l1.fixed_k.k01,l1,fixed_k,l1.final_ranker_score,1,1.0,0.6321428571428571,0.6321428571428571,0.6247563584516267,0.6955867346938777,1.0,0.25,0.4,0,0.0,1,1.0,0.25,0.4,0,0.0,1.0,0.0,False,,,,,,,,
S07,S07,1249,1249,OK,l1.fixed_k.k02,l1,fixed_k,l1.final_ranker_score,2,1.0,0.7196428571428571,0.7195990444935592,0.5543456736844333,0.784311224489796,1.0,0.5,0.6666666666666666,0,0.0,2,1.0,0.5,0.6666666666666666,0,0.0,2.0,0.0,False,,,,,,,,
S07,S07,1249,1249,OK,l1.fixed_k.k04,l1,fixed_k,l1.final_ranker_score,4,1.0,0.8107142857142857,0.8106756480914472,0.4106804180846652,0.8958545918367347,1.0,1.0,1.0,0,0.0,4,1.0,1.0,1.0,0,0.0,4.0,0.0,False,,,,,,,,
S07,S07,1249,1249,OK,l1.fixed_k.k08,l1,fixed_k,l1.final_ranker_score,8,1.0,0.8035714285714286,0.8035689230729983,0.4220114378057817,0.8881505102040816,0.5,1.0,0.6666666666666666,4,0.5,4,0.5,1.0,0.6666666666666666,4,0.5,8.0,0.0,False,,,,,,,,
S07,S07,1249,1249,OK,l1.fixed_k.k16,l1,fixed_k,l1.final_ranker_score,16,1.0,0.7964285714285714,0.7963636363636364,0.440778591942838,0.8748341836734693,0.25,1.0,0.4,12,0.75,4,0.25,1.0,0.4,12,0.75,16.0,0.0,False,,,,,,,,
S07,S07,1249,1249,OK,l1.validation_one_se,l1,validation_one_se,l1.final_ranker_score,4,1.0,0.8107142857142857,0.8106756480914472,0.4106804180846652,0.8958545918367347,1.0,1.0,1.0,0,0.0,4,1.0,1.0,1.0,0,0.0,,0.0,False,4.0,0.4372455257276548,0.020484192181126782,0.4577297179087816,,,,
S07,S07,1249,1249,OK,l1.cpss_one_se,l1,cpss_one_se,l1.final_development_selection_frequency,4,1.0,0.8107142857142857,0.8106756480914472,0.4106804180846652,0.8958545918367347,1.0,1.0,1.0,0,0.0,4,1.0,1.0,1.0,0,0.0,,,False,,0.4372455257276548,0.020484192181126782,0.45697942805534697,4.0,0.9,4.0,4.0
S07,S07,1277,1277,OK,shil.fixed_k.k01,shil,fixed_k,shil.final_ranker_score,1,1.0,0.6142857142857143,0.6142414307764922,0.6423833331445717,0.664923469387755,1.0,0.25,0.4,0,0.0,1,1.0,0.25,0.4,0,0.0,1.0,0.0,False,,,,,,,,
S07,S07,1277,1277,OK,shil.fixed_k.k02,shil,fixed_k,shil.final_ranker_score,2,1.0,0.65,0.6499821419460177,0.6026052805092704,0.7242729591836735,1.0,0.5,0.6666666666666666,0,0.0,2,1.0,0.5,0.6666666666666666,0,0.0,2.0,0.0,False,,,,,,,,
S07,S07,1277,1277,OK,shil.fixed_k.k04,shil,fixed_k,shil.final_ranker_score,4,1.0,0.7482142857142857,0.748213482823606,0.4859980548146452,0.8368367346938776,1.0,1.0,1.0,0,0.0,4,1.0,1.0,1.0,0,0.0,4.0,0.0,False,,,,,,,,
S07,S07,1277,1277,OK,shil.fixed_k.k08,shil,fixed_k,shil.final_ranker_score,8,1.0,0.7303571428571428,0.7303562830238617,0.4956333548104196,0.827908163265306,0.5,1.0,0.6666666666666666,4,0.5,4,0.5,1.0,0.6666666666666666,4,0.5,8.0,0.0,False,,,,,,,,
S07,S07,1277,1277,OK,shil.fixed_k.k16,shil,fixed_k,shil.final_ranker_score,16,1.0,0.725,0.7249859686718709,0.5052006641108154,0.8228188775510205,0.25,1.0,0.4,12,0.75,4,0.25,1.0,0.4,12,0.75,16.0,0.0,False,,,,,,,,
S07,S07,1277,1277,OK,shil.validation_one_se,shil,validation_one_se,shil.final_ranker_score,4,1.0,0.7482142857142857,0.748213482823606,0.4859980548146452,0.8368367346938776,1.0,1.0,1.0,0,0.0,4,1.0,1.0,1.0,0,0.0,,0.0,False,4.0,0.4756748729330264,0.020931878715659238,0.4966067516486856,,,,
S07,S07,1277,1277,OK,shil.cpss_one_se,shil,cpss_one_se,shil.final_development_selection_frequency,4,1.0,0.7482142857142857,0.748213482823606,0.4859980548146451,0.8368367346938776,1.0,1.0,1.0,0,0.0,4,1.0,1.0,1.0,0,0.0,,,False,,0.4756748729330263,0.020931878715659238,0.4966067516486855,4.0,0.9,4.0,4.0
S07,S07,1277,1277,OK,l1.fixed_k.k01,l1,fixed_k,l1.final_ranker_score,1,1.0,0.6142857142857143,0.6142414307764922,0.6423833331445717,0.664923469387755,1.0,0.25,0.4,0,0.0,1,1.0,0.25,0.4,0,0.0,1.0,0.0,False,,,,,,,,
S07,S07,1277,1277,OK,l1.fixed_k.k02,l1,fixed_k,l1.final_ranker_score,2,1.0,0.65,0.6499821419460177,0.6026052805092704,0.7242729591836735,1.0,0.5,0.6666666666666666,0,0.0,2,1.0,0.5,0.6666666666666666,0,0.0,2.0,0.0,False,,,,,,,,
S07,S07,1277,1277,OK,l1.fixed_k.k04,l1,fixed_k,l1.final_ranker_score,4,1.0,0.7482142857142857,0.748213482823606,0.4859980548146452,0.8368367346938776,1.0,1.0,1.0,0,0.0,4,1.0,1.0,1.0,0,0.0,4.0,0.0,False,,,,,,,,
S07,S07,1277,1277,OK,l1.fixed_k.k08,l1,fixed_k,l1.final_ranker_score,8,1.0,0.7303571428571428,0.7302530632035957,0.4970233457221667,0.8288265306122449,0.5,1.0,0.6666666666666666,4,0.5,4,0.5,1.0,0.6666666666666666,4,0.5,8.0,0.0,False,,,,,,,,
S07,S07,1277,1277,OK,l1.fixed_k.k16,l1,fixed_k,l1.final_ranker_score,16,1.0,0.7178571428571429,0.7178571428571429,0.5134530370770923,0.8155612244897958,0.25,1.0,0.4,12,0.75,4,0.25,1.0,0.4,12,0.75,16.0,0.0,False,,,,,,,,
S07,S07,1277,1277,OK,l1.validation_one_se,l1,validation_one_se,l1.final_ranker_score,4,1.0,0.7482142857142857,0.748213482823606,0.4859980548146452,0.8368367346938776,1.0,1.0,1.0,0,0.0,4,1.0,1.0,1.0,0,0.0,,0.0,False,4.0,0.4756748729330264,0.020931878715659238,0.4966067516486856,,,,
S07,S07,1277,1277,OK,l1.cpss_one_se,l1,cpss_one_se,l1.final_development_selection_frequency,4,1.0,0.7482142857142857,0.748213482823606,0.4859980548146451,0.8368367346938776,1.0,1.0,1.0,0,0.0,4,1.0,1.0,1.0,0,0.0,,,False,,0.4756748729330263,0.020931878715659238,0.4966067516486855,4.0,0.9,4.0,4.0
S08,S08,1103,1103,OK,shil.fixed_k.k01,shil,fixed_k,shil.final_ranker_score,1,1.0,0.6982142857142857,0.6972866468994591,0.5765246920147967,0.7725255102040816,1.0,0.25,0.4,0,0.0,1,1.0,0.25,0.4,0,0.0,1.0,0.0,False,,,,,,,,
S08,S08,1103,1103,OK,shil.fixed_k.k02,shil,fixed_k,shil.final_ranker_score,2,1.0,0.7410714285714286,0.7401691460460591,0.5171037333801718,0.8303316326530613,1.0,0.5,0.6666666666666666,0,0.0,2,1.0,0.5,0.6666666666666666,0,0.0,2.0,0.0,False,,,,,,,,
S08,S08,1103,1103,OK,shil.fixed_k.k04,shil,fixed_k,shil.final_ranker_score,4,1.0,0.9089285714285714,0.90892595769649,0.2196153738127026,0.9710586734693878,1.0,1.0,1.0,0,0.0,4,1.0,1.0,1.0,0,0.0,4.0,0.0,False,,,,,,,,
S08,S08,1103,1103,OK,shil.fixed_k.k08,shil,fixed_k,shil.final_ranker_score,8,1.0,0.9053571428571427,0.9053568410613556,0.2227941780575768,0.970140306122449,0.5,1.0,0.6666666666666666,4,0.5,4,0.5,1.0,0.6666666666666666,4,0.5,8.0,0.0,False,,,,,,,,
S08,S08,1103,1103,OK,shil.fixed_k.k16,shil,fixed_k,shil.final_ranker_score,16,1.0,0.9035714285714286,0.9035665084953316,0.2337521249889631,0.966530612244898,0.25,1.0,0.4,12,0.75,4,0.25,1.0,0.4,12,0.75,16.0,0.0,False,,,,,,,,
S08,S08,1103,1103,OK,shil.validation_one_se,shil,validation_one_se,shil.final_ranker_score,4,1.0,0.9089285714285714,0.90892595769649,0.2196153738127026,0.9710586734693878,1.0,1.0,1.0,0,0.0,4,1.0,1.0,1.0,0,0.0,,0.0,False,4.0,0.239895135371353,0.021311827846862762,0.2612069632182158,,,,
S08,S08,1103,1103,OK,shil.cpss_one_se,shil,cpss_one_se,shil.final_development_selection_frequency,4,1.0,0.9089285714285714,0.90892595769649,0.2196153738127026,0.9710586734693878,1.0,1.0,1.0,0,0.0,4,1.0,1.0,1.0,0,0.0,,,False,,0.239895135371353,0.021311827846862762,0.2612069632182158,4.0,0.8,4.0,4.0
S08,S08,1103,1103,OK,l1.fixed_k.k01,l1,fixed_k,l1.final_ranker_score,1,1.0,0.6982142857142857,0.6972866468994591,0.5765246920147967,0.7725255102040816,1.0,0.25,0.4,0,0.0,1,1.0,0.25,0.4,0,0.0,1.0,0.0,False,,,,,,,,
S08,S08,1103,1103,OK,l1.fixed_k.k02,l1,fixed_k,l1.final_ranker_score,2,1.0,0.7892857142857143,0.7892749630083167,0.4465666238832025,0.8780484693877552,1.0,0.5,0.6666666666666666,0,0.0,2,1.0,0.5,0.6666666666666666,0,0.0,2.0,0.0,False,,,,,,,,
S08,S08,1103,1103,OK,l1.fixed_k.k04,l1,fixed_k,l1.final_ranker_score,4,1.0,0.9089285714285714,0.90892595769649,0.2196153738127026,0.9710586734693878,1.0,1.0,1.0,0,0.0,4,1.0,1.0,1.0,0,0.0,4.0,0.0,False,,,,,,,,
S08,S08,1103,1103,OK,l1.fixed_k.k08,l1,fixed_k,l1.final_ranker_score,8,1.0,0.8964285714285715,0.896427250347581,0.2337362259521353,0.966109693877551,0.5,1.0,0.6666666666666666,4,0.5,4,0.5,1.0,0.6666666666666666,4,0.5,8.0,0.0,False,,,,,,,,
S08,S08,1103,1103,OK,l1.fixed_k.k16,l1,fixed_k,l1.final_ranker_score,16,1.0,0.8982142857142857,0.8982113644843124,0.2351814586117477,0.9657653061224488,0.25,1.0,0.4,12,0.75,4,0.25,1.0,0.4,12,0.75,16.0,0.0,False,,,,,,,,
S08,S08,1103,1103,OK,l1.validation_one_se,l1,validation_one_se,l1.final_ranker_score,4,1.0,0.9089285714285714,0.90892595769649,0.2196153738127026,0.9710586734693878,1.0,1.0,1.0,0,0.0,4,1.0,1.0,1.0,0,0.0,,0.0,False,4.0,0.239895135371353,0.021311827846862762,0.2612069632182158,,,,
S08,S08,1103,1103,OK,l1.cpss_one_se,l1,cpss_one_se,l1.final_development_selection_frequency,4,1.0,0.9089285714285714,0.90892595769649,0.2196153738127026,0.9710586734693878,1.0,1.0,1.0,0,0.0,4,1.0,1.0,1.0,0,0.0,,,False,,0.239895135371353,0.021311827846862762,0.2601432182601601,4.0,0.9,4.0,4.0
S08,S08,1129,1129,OK,shil.fixed_k.k01,shil,fixed_k,shil.final_ranker_score,1,1.0,0.7053571428571429,0.7040652593752703,0.5336787092605264,0.7992857142857143,1.0,0.25,0.4,0,0.0,1,1.0,0.25,0.4,0,0.0,1.0,0.0,False,,,,,,,,
S08,S08,1129,1129,OK,shil.fixed_k.k02,shil,fixed_k,shil.final_ranker_score,2,1.0,0.7839285714285714,0.7836242930907302,0.4354226626291787,0.8793877551020408,1.0,0.5,0.6666666666666666,0,0.0,2,1.0,0.5,0.6666666666666666,0,0.0,2.0,0.0,False,,,,,,,,
S08,S08,1129,1129,OK,shil.fixed_k.k04,shil,fixed_k,shil.final_ranker_score,4,1.0,0.8857142857142857,0.8857142857142857,0.2511441118383784,0.9599617346938776,1.0,1.0,1.0,0,0.0,4,1.0,1.0,1.0,0,0.0,4.0,0.0,False,,,,,,,,
S08,S08,1129,1129,OK,shil.fixed_k.k08,shil,fixed_k,shil.final_ranker_score,8,1.0,0.8821428571428571,0.8821428571428571,0.2520254772814202,0.9595535714285716,0.5,1.0,0.6666666666666666,4,0.5,4,0.5,1.0,0.6666666666666666,4,0.5,8.0,0.0,False,,,,,,,,
S08,S08,1129,1129,OK,shil.fixed_k.k16,shil,fixed_k,shil.final_ranker_score,16,1.0,0.8821428571428571,0.8821428571428571,0.2571021720354444,0.9580867346938776,0.25,1.0,0.4,12,0.75,4,0.25,1.0,0.4,12,0.75,16.0,0.0,False,,,,,,,,
S08,S08,1129,1129,OK,shil.validation_one_se,shil,validation_one_se,shil.final_ranker_score,4,1.0,0.8857142857142857,0.8857142857142857,0.2511441118383784,0.9599617346938776,1.0,1.0,1.0,0,0.0,4,1.0,1.0,1.0,0,0.0,,0.0,False,4.0,0.2312864385143832,0.018729915270250752,0.25001635378463394,,,,
S08,S08,1129,1129,OK,shil.cpss_one_se,shil,cpss_one_se,shil.final_development_selection_frequency,4,1.0,0.8857142857142857,0.8857142857142857,0.2511441118383784,0.9599617346938776,1.0,1.0,1.0,0,0.0,4,1.0,1.0,1.0,0,0.0,,,False,,0.2312864385143832,0.018729915270250752,0.25001635378463394,4.0,0.7,4.0,4.0
S08,S08,1129,1129,OK,l1.fixed_k.k01,l1,fixed_k,l1.final_ranker_score,1,1.0,0.7053571428571429,0.7040652593752703,0.5336787092605264,0.7992857142857143,1.0,0.25,0.4,0,0.0,1,1.0,0.25,0.4,0,0.0,1.0,0.0,False,,,,,,,,
S08,S08,1129,1129,OK,l1.fixed_k.k02,l1,fixed_k,l1.final_ranker_score,2,1.0,0.7303571428571428,0.7290429666847176,0.5007539037581374,0.8322321428571429,1.0,0.5,0.6666666666666666,0,0.0,2,1.0,0.5,0.6666666666666666,0,0.0,2.0,0.0,False,,,,,,,,
S08,S08,1129,1129,OK,l1.fixed_k.k04,l1,fixed_k,l1.final_ranker_score,4,1.0,0.8857142857142857,0.8857142857142857,0.2511441118383783,0.9599617346938776,1.0,1.0,1.0,0,0.0,4,1.0,1.0,1.0,0,0.0,4.0,0.0,False,,,,,,,,
S08,S08,1129,1129,OK,l1.fixed_k.k08,l1,fixed_k,l1.final_ranker_score,8,1.0,0.8839285714285714,0.8839252402014088,0.2539034306668997,0.9587117346938776,0.5,1.0,0.6666666666666666,4,0.5,4,0.5,1.0,0.6666666666666666,4,0.5,8.0,0.0,False,,,,,,,,
S08,S08,1129,1129,OK,l1.fixed_k.k16,l1,fixed_k,l1.final_ranker_score,16,1.0,0.875,0.875,0.2544114695887959,0.9586224489795918,0.25,1.0,0.4,12,0.75,4,0.25,1.0,0.4,12,0.75,16.0,0.0,False,,,,,,,,
S08,S08,1129,1129,OK,l1.validation_one_se,l1,validation_one_se,l1.final_ranker_score,4,1.0,0.8857142857142857,0.8857142857142857,0.2511441118383783,0.9599617346938776,1.0,1.0,1.0,0,0.0,4,1.0,1.0,1.0,0,0.0,,0.0,False,4.0,0.23128643851438327,0.018729915270250752,0.2482285051316307,,,,
S08,S08,1129,1129,OK,l1.cpss_one_se,l1,cpss_one_se,l1.final_development_selection_frequency,4,1.0,0.8857142857142857,0.8857142857142857,0.2511441118383784,0.9599617346938776,1.0,1.0,1.0,0,0.0,4,1.0,1.0,1.0,0,0.0,,,False,,0.2312864385143832,0.018729915270250752,0.25001635378463394,4.0,0.9,4.0,4.0
S08,S08,1151,1151,OK,shil.fixed_k.k01,shil,fixed_k,shil.final_ranker_score,1,1.0,0.7089285714285715,0.7087195851615478,0.566399720693434,0.7752423469387757,1.0,0.25,0.4,0,0.0,1,1.0,0.25,0.4,0,0.0,1.0,0.0,False,,,,,,,,
S08,S08,1151,1151,OK,shil.fixed_k.k02,shil,fixed_k,shil.final_ranker_score,2,1.0,0.7732142857142857,0.7731962050546122,0.4510449755680434,0.8644387755102041,1.0,0.5,0.6666666666666666,0,0.0,2,1.0,0.5,0.6666666666666666,0,0.0,2.0,0.0,False,,,,,,,,
S08,S08,1151,1151,OK,shil.fixed_k.k04,shil,fixed_k,shil.final_ranker_score,4,1.0,0.8821428571428571,0.8821293260705948,0.2512111972579489,0.9607780612244898,1.0,1.0,1.0,0,0.0,4,1.0,1.0,1.0,0,0.0,4.0,0.0,False,,,,,,,,
S08,S08,1151,1151,OK,shil.fixed_k.k08,shil,fixed_k,shil.final_ranker_score,8,1.0,0.8821428571428571,0.882141353843799,0.2528647495769172,0.960204081632653,0.5,1.0,0.6666666666666666,4,0.5,4,0.5,1.0,0.6666666666666666,4,0.5,8.0,0.0,False,,,,,,,,
S08,S08,1151,1151,OK,shil.fixed_k.k16,shil,fixed_k,shil.final_ranker_score,16,1.0,0.8839285714285714,0.8839282013016623,0.2570374481645902,0.9584311224489797,0.25,1.0,0.4,12,0.75,4,0.25,1.0,0.4,12,0.75,16.0,0.0,False,,,,,,,,
S08,S08,1151,1151,OK,shil.validation_one_se,shil,validation_one_se,shil.final_ranker_score,4,1.0,0.8821428571428571,0.8821293260705948,0.2512111972579489,0.9607780612244898,1.0,1.0,1.0,0,0.0,4,1.0,1.0,1.0,0,0.0,,0.0,False,4.0,0.2575584775115692,0.02007717754162186,0.27763565505319104,,,,
S08,S08,1151,1151,OK,shil.cpss_one_se,shil,cpss_one_se,shil.final_development_selection_frequency,4,1.0,0.8821428571428571,0.8821293260705948,0.2512111972579489,0.9607780612244898,1.0,1.0,1.0,0,0.0,4,1.0,1.0,1.0,0,0.0,,,False,,0.25755847751156913,0.02007717754162186,0.277635655053191,4.0,0.6,4.0,4.0
S08,S08,1151,1151,OK,l1.fixed_k.k01,l1,fixed_k,l1.final_ranker_score,1,1.0,0.7089285714285715,0.7087195851615478,0.566399720693434,0.7752423469387757,1.0,0.25,0.4,0,0.0,1,1.0,0.25,0.4,0,0.0,1.0,0.0,False,,,,,,,,
S08,S08,1151,1151,OK,l1.fixed_k.k02,l1,fixed_k,l1.final_ranker_score,2,1.0,0.7196428571428571,0.7193842539840605,0.5176720974769798,0.817984693877551,1.0,0.5,0.6666666666666666,0,0.0,2,1.0,0.5,0.6666666666666666,0,0.0,2.0,0.0,False,,,,,,,,
S08,S08,1151,1151,OK,l1.fixed_k.k04,l1,fixed_k,l1.final_ranker_score,4,1.0,0.8821428571428571,0.8821293260705948,0.2512111972579489,0.9607780612244898,1.0,1.0,1.0,0,0.0,4,1.0,1.0,1.0,0,0.0,4.0,0.0,False,,,,,,,,
S08,S08,1151,1151,OK,l1.fixed_k.k08,l1,fixed_k,l1.final_ranker_score,8,1.0,0.8660714285714286,0.8660710015019181,0.2577582567345691,0.9580484693877552,0.5,1.0,0.6666666666666666,4,0.5,4,0.5,1.0,0.6666666666666666,4,0.5,8.0,0.0,False,,,,,,,,
S08,S08,1151,1151,OK,l1.fixed_k.k16,l1,fixed_k,l1.final_ranker_score,16,1.0,0.8696428571428572,0.8696424414618669,0.2630003751030721,0.9560459183673468,0.25,1.0,0.4,12,0.75,4,0.25,1.0,0.4,12,0.75,16.0,0.0,False,,,,,,,,
S08,S08,1151,1151,OK,l1.validation_one_se,l1,validation_one_se,l1.final_ranker_score,4,1.0,0.8821428571428571,0.8821293260705948,0.2512111972579489,0.9607780612244898,1.0,1.0,1.0,0,0.0,4,1.0,1.0,1.0,0,0.0,,0.0,False,4.0,0.25755847751156913,0.02007717754162186,0.277635655053191,,,,
S08,S08,1151,1151,OK,l1.cpss_one_se,l1,cpss_one_se,l1.final_development_selection_frequency,4,1.0,0.8821428571428571,0.8821293260705948,0.2512111972579489,0.9607780612244898,1.0,1.0,1.0,0,0.0,4,1.0,1.0,1.0,0,0.0,,,False,,0.25755847751156913,0.02007717754162186,0.277635655053191,4.0,0.9,4.0,4.0
S08,S08,1171,1171,OK,shil.fixed_k.k01,shil,fixed_k,shil.final_ranker_score,1,1.0,0.7267857142857143,0.7266802560937096,0.5305560236671848,0.8085331632653061,1.0,0.25,0.4,0,0.0,1,1.0,0.25,0.4,0,0.0,1.0,0.0,False,,,,,,,,
S08,S08,1171,1171,OK,shil.fixed_k.k02,shil,fixed_k,shil.final_ranker_score,2,1.0,0.8107142857142857,0.8107118713248893,0.3957976266228611,0.9012882653061224,1.0,0.5,0.6666666666666666,0,0.0,2,1.0,0.5,0.6666666666666666,0,0.0,2.0,0.0,False,,,,,,,,
S08,S08,1171,1171,OK,shil.fixed_k.k04,shil,fixed_k,shil.final_ranker_score,4,1.0,0.8982142857142857,0.8982139611414577,0.2402319263814539,0.9652933673469388,1.0,1.0,1.0,0,0.0,4,1.0,1.0,1.0,0,0.0,4.0,0.0,False,,,,,,,,
S08,S08,1171,1171,OK,shil.fixed_k.k08,shil,fixed_k,shil.final_ranker_score,8,1.0,0.9017857142857144,0.9017828955550382,0.2404809105373629,0.9652678571428572,0.5,1.0,0.6666666666666666,4,0.5,4,0.5,1.0,0.6666666666666666,4,0.5,8.0,0.0,False,,,,,,,,
S08,S08,1171,1171,OK,shil.fixed_k.k16,shil,fixed_k,shil.final_ranker_score,16,1.0,0.8946428571428572,0.8946344574663159,0.2450557503515459,0.9634311224489795,0.25,1.0,0.4,12,0.75,4,0.25,1.0,0.4,12,0.75,16.0,0.0,False,,,,,,,,
S08,S08,1171,1171,OK,shil.validation_one_se,shil,validation_one_se,shil.final_ranker_score,4,1.0,0.8982142857142857,0.8982139611414577,0.2402319263814539,0.9652933673469388,1.0,1.0,1.0,0,0.0,4,1.0,1.0,1.0,0,0.0,,0.0,False,4.0,0.2317703873914289,0.01823161251522889,0.2500019999066578,,,,
S08,S08,1171,1171,OK,shil.cpss_one_se,shil,cpss_one_se,shil.final_development_selection_frequency,4,1.0,0.8982142857142857,0.8982139611414577,0.2402319263814539,0.9652933673469388,1.0,1.0,1.0,0,0.0,4,1.0,1.0,1.0,0,0.0,,,False,,0.2317703873914289,0.01823161251522889,0.24998310481824737,4.0,0.6,4.0,4.0
S08,S08,1171,1171,OK,l1.fixed_k.k01,l1,fixed_k,l1.final_ranker_score,1,1.0,0.7267857142857143,0.7266802560937096,0.5305560236671848,0.8085331632653061,1.0,0.25,0.4,0,0.0,1,1.0,0.25,0.4,0,0.0,1.0,0.0,False,,,,,,,,
S08,S08,1171,1171,OK,l1.fixed_k.k02,l1,fixed_k,l1.final_ranker_score,2,1.0,0.7535714285714286,0.7535714285714286,0.4900638902307017,0.8414923469387754,1.0,0.5,0.6666666666666666,0,0.0,2,1.0,0.5,0.6666666666666666,0,0.0,2.0,0.0,False,,,,,,,,
S08,S08,1171,1171,OK,l1.fixed_k.k04,l1,fixed_k,l1.final_ranker_score,4,1.0,0.8982142857142857,0.8982139611414577,0.2402319263814539,0.9652933673469388,1.0,1.0,1.0,0,0.0,4,1.0,1.0,1.0,0,0.0,4.0,0.0,False,,,,,,,,
S08,S08,1171,1171,OK,l1.fixed_k.k08,l1,fixed_k,l1.final_ranker_score,8,1.0,0.8910714285714286,0.89107108122156,0.2426796011173926,0.9637882653061224,0.5,1.0,0.6666666666666666,4,0.5,4,0.5,1.0,0.6666666666666666,4,0.5,8.0,0.0,False,,,,,,,,
S08,S08,1171,1171,OK,l1.fixed_k.k16,l1,fixed_k,l1.final_ranker_score,16,1.0,0.8875,0.8874565760385863,0.2525072611425866,0.961186224489796,0.25,1.0,0.4,12,0.75,4,0.25,1.0,0.4,12,0.75,16.0,0.0,False,,,,,,,,
S08,S08,1171,1171,OK,l1.validation_one_se,l1,validation_one_se,l1.final_ranker_score,4,1.0,0.8982142857142857,0.8982139611414577,0.2402319263814539,0.9652933673469388,1.0,1.0,1.0,0,0.0,4,1.0,1.0,1.0,0,0.0,,0.0,False,4.0,0.23177038739142886,0.01823161251522889,0.2500019999066577,,,,
S08,S08,1171,1171,OK,l1.cpss_one_se,l1,cpss_one_se,l1.final_development_selection_frequency,4,1.0,0.8982142857142857,0.8982139611414577,0.2402319263814539,0.9652933673469388,1.0,1.0,1.0,0,0.0,4,1.0,1.0,1.0,0,0.0,,,False,,0.2317703873914289,0.01823161251522889,0.2500019999066578,4.0,0.9,4.0,4.0
S08,S08,1181,1181,OK,shil.fixed_k.k01,shil,fixed_k,shil.final_ranker_score,1,1.0,0.6803571428571429,0.6803561235845778,0.5915941485428363,0.745701530612245,1.0,0.25,0.4,0,0.0,1,1.0,0.25,0.4,0,0.0,1.0,0.0,False,,,,,,,,
S08,S08,1181,1181,OK,shil.fixed_k.k02,shil,fixed_k,shil.final_ranker_score,2,1.0,0.8214285714285714,0.8214194601765397,0.4191410283918432,0.88875,1.0,0.5,0.6666666666666666,0,0.0,2,1.0,0.5,0.6666666666666666,0,0.0,2.0,0.0,False,,,,,,,,
S08,S08,1181,1181,OK,shil.fixed_k.k04,shil,fixed_k,shil.final_ranker_score,4,1.0,0.9,0.8999987244735265,0.2316644251465604,0.9675127551020408,1.0,1.0,1.0,0,0.0,4,1.0,1.0,1.0,0,0.0,4.0,0.0,False,,,,,,,,
S08,S08,1181,1181,OK,shil.fixed_k.k08,shil,fixed_k,shil.final_ranker_score,8,1.0,0.8982142857142857,0.8982139611414577,0.2321285967668171,0.9676275510204082,0.5,1.0,0.6666666666666666,4,0.5,4,0.5,1.0,0.6666666666666666,4,0.5,8.0,0.0,False,,,,,,,,
S08,S08,1181,1181,OK,shil.fixed_k.k16,shil,fixed_k,shil.final_ranker_score,16,1.0,0.8946428571428572,0.8946425211815088,0.2368975223117406,0.9658163265306124,0.25,1.0,0.4,12,0.75,4,0.25,1.0,0.4,12,0.75,16.0,0.0,False,,,,,,,,
S08,S08,1181,1181,OK,shil.validation_one_se,shil,validation_one_se,shil.final_ranker_score,4,1.0,0.9,0.8999987244735265,0.2316644251465604,0.9675127551020408,1.0,1.0,1.0,0,0.0,4,1.0,1.0,1.0,0,0.0,,0.0,False,4.0,0.23289945777944096,0.01725545313022942,0.2501549109096704,,,,
S08,S08,1181,1181,OK,shil.cpss_one_se,shil,cpss_one_se,shil.final_development_selection_frequency,4,1.0,0.9,0.8999987244735265,0.2316644251465604,0.9675127551020408,1.0,1.0,1.0,0,0.0,4,1.0,1.0,1.0,0,0.0,,,False,,0.23289945777944096,0.01725545313022942,0.2501549109096704,4.0,0.8,4.0,4.0
S08,S08,1181,1181,OK,l1.fixed_k.k01,l1,fixed_k,l1.final_ranker_score,1,1.0,0.7232142857142857,0.7231074489838234,0.5519299505378066,0.7929081632653061,1.0,0.25,0.4,0,0.0,1,1.0,0.25,0.4,0,0.0,1.0,0.0,False,,,,,,,,
S08,S08,1181,1181,OK,l1.fixed_k.k02,l1,fixed_k,l1.final_ranker_score,2,1.0,0.75,0.7499872442471555,0.5026822526087877,0.8340816326530613,1.0,0.5,0.6666666666666666,0,0.0,2,1.0,0.5,0.6666666666666666,0,0.0,2.0,0.0,False,,,,,,,,
S08,S08,1181,1181,OK,l1.fixed_k.k04,l1,fixed_k,l1.final_ranker_score,4,1.0,0.9,0.8999987244735265,0.2316644251465603,0.9675127551020408,1.0,1.0,1.0,0,0.0,4,1.0,1.0,1.0,0,0.0,4.0,0.0,False,,,,,,,,
S08,S08,1181,1181,OK,l1.fixed_k.k08,l1,fixed_k,l1.final_ranker_score,8,1.0,0.9,0.8999948976988621,0.239203626194303,0.965140306122449,0.5,1.0,0.6666666666666666,4,0.5,4,0.5,1.0,0.6666666666666666,4,0.5,8.0,0.0,False,,,,,,,,
S08,S08,1181,1181,OK,l1.fixed_k.k16,l1,fixed_k,l1.final_ranker_score,16,1.0,0.8964285714285715,0.896427250347581,0.2414018052916594,0.964158163265306,0.25,1.0,0.4,12,0.75,4,0.25,1.0,0.4,12,0.75,16.0,0.0,False,,,,,,,,
S08,S08,1181,1181,OK,l1.validation_one_se,l1,validation_one_se,l1.final_ranker_score,4,1.0,0.9,0.8999987244735265,0.2316644251465603,0.9675127551020408,1.0,1.0,1.0,0,0.0,4,1.0,1.0,1.0,0,0.0,,0.0,False,4.0,0.23289945777944096,0.01725545313022942,0.2501549109096704,,,,
S08,S08,1181,1181,OK,l1.cpss_one_se,l1,cpss_one_se,l1.final_development_selection_frequency,4,1.0,0.9,0.8999987244735265,0.2316644251465604,0.9675127551020408,1.0,1.0,1.0,0,0.0,4,1.0,1.0,1.0,0,0.0,,,False,,0.23289945777944096,0.01725545313022942,0.2501549109096704,4.0,0.9,4.0,4.0
S08,S08,1201,1201,OK,shil.fixed_k.k01,shil,fixed_k,shil.final_ranker_score,1,1.0,0.7375,0.7374924663016477,0.544665540840384,0.8123086734693877,1.0,0.25,0.4,0,0.0,1,1.0,0.25,0.4,0,0.0,1.0,0.0,False,,,,,,,,
S08,S08,1201,1201,OK,shil.fixed_k.k02,shil,fixed_k,shil.final_ranker_score,2,1.0,0.8303571428571429,0.8303522741405207,0.4312723073919101,0.8928954081632653,1.0,0.5,0.6666666666666666,0,0.0,2,1.0,0.5,0.6666666666666666,0,0.0,2.0,0.0,False,,,,,,,,
S08,S08,1201,1201,OK,shil.fixed_k.k04,shil,fixed_k,shil.final_ranker_score,4,1.0,0.9,0.8999948976988621,0.2380750128018686,0.9649234693877552,1.0,1.0,1.0,0,0.0,4,1.0,1.0,1.0,0,0.0,4.0,0.0,False,,,,,,,,
S08,S08,1201,1201,OK,shil.fixed_k.k08,shil,fixed_k,shil.final_ranker_score,8,1.0,0.8964285714285715,0.896427250347581,0.2396041458282772,0.964247448979592,0.5,1.0,0.6666666666666666,4,0.5,4,0.5,1.0,0.6666666666666666,4,0.5,8.0,0.0,False,,,,,,,,
S08,S08,1201,1201,OK,shil.fixed_k.k16,shil,fixed_k,shil.final_ranker_score,16,1.0,0.8946428571428572,0.8946344574663159,0.2391181131792358,0.9643622448979592,0.25,1.0,0.4,12,0.75,4,0.25,1.0,0.4,12,0.75,16.0,0.0,False,,,,,,,,
S08,S08,1201,1201,OK,shil.validation_one_se,shil,validation_one_se,shil.final_ranker_score,4,1.0,0.9,0.8999948976988621,0.2380750128018686,0.9649234693877552,1.0,1.0,1.0,0,0.0,4,1.0,1.0,1.0,0,0.0,,0.0,False,4.0,0.25490636262305016,0.02146191943274699,0.27636828205579717,,,,
S08,S08,1201,1201,OK,shil.cpss_one_se,shil,cpss_one_se,shil.final_development_selection_frequency,4,1.0,0.9,0.8999948976988621,0.2380750128018686,0.9649234693877552,1.0,1.0,1.0,0,0.0,4,1.0,1.0,1.0,0,0.0,,,False,,0.25490636262305016,0.02146191943274699,0.27636828205579717,4.0,0.6,4.0,4.0
S08,S08,1201,1201,OK,l1.fixed_k.k01,l1,fixed_k,l1.final_ranker_score,1,1.0,0.6892857142857143,0.6892817510427429,0.5797671311831161,0.7527040816326531,1.0,0.25,0.4,0,0.0,1,1.0,0.25,0.4,0,0.0,1.0,0.0,False,,,,,,,,
S08,S08,1201,1201,OK,l1.fixed_k.k02,l1,fixed_k,l1.final_ranker_score,2,1.0,0.7767857142857143,0.7767508316031523,0.491939554025626,0.8465688775510204,1.0,0.5,0.6666666666666666,0,0.0,2,1.0,0.5,0.6666666666666666,0,0.0,2.0,0.0,False,,,,,,,,
S08,S08,1201,1201,OK,l1.fixed_k.k04,l1,fixed_k,l1.final_ranker_score,4,1.0,0.9,0.8999948976988621,0.2380750128018686,0.9649234693877552,1.0,1.0,1.0,0,0.0,4,1.0,1.0,1.0,0,0.0,4.0,0.0,False,,,,,,,,
S08,S08,1201,1201,OK,l1.fixed_k.k08,l1,fixed_k,l1.final_ranker_score,8,1.0,0.8892857142857142,0.8892730032784375,0.245443332101644,0.9620535714285714,0.5,1.0,0.6666666666666666,4,0.5,4,0.5,1.0,0.6666666666666666,4,0.5,8.0,0.0,False,,,,,,,,
S08,S08,1201,1201,OK,l1.fixed_k.k16,l1,fixed_k,l1.final_ranker_score,16,1.0,0.8910714285714286,0.8910544058223383,0.2570316932114784,0.958954081632653,0.25,1.0,0.4,12,0.75,4,0.25,1.0,0.4,12,0.75,16.0,0.0,False,,,,,,,,
S08,S08,1201,1201,OK,l1.validation_one_se,l1,validation_one_se,l1.final_ranker_score,4,1.0,0.9,0.8999948976988621,0.2380750128018686,0.9649234693877552,1.0,1.0,1.0,0,0.0,4,1.0,1.0,1.0,0,0.0,,0.0,False,4.0,0.25490636262305016,0.021461919432746987,0.27636828205579717,,,,
S08,S08,1201,1201,OK,l1.cpss_one_se,l1,cpss_one_se,l1.final_development_selection_frequency,4,1.0,0.9,0.8999948976988621,0.2380750128018686,0.9649234693877552,1.0,1.0,1.0,0,0.0,4,1.0,1.0,1.0,0,0.0,,,False,,0.25490636262305016,0.02146191943274699,0.27636828205579717,4.0,0.9,4.0,4.0
S08,S08,1213,1213,OK,shil.fixed_k.k01,shil,fixed_k,shil.final_ranker_score,1,1.0,0.7357142857142858,0.7355490038416868,0.5161213984353522,0.8181505102040816,1.0,0.25,0.4,0,0.0,1,1.0,0.25,0.4,0,0.0,1.0,0.0,False,,,,,,,,
S08,S08,1213,1213,OK,shil.fixed_k.k02,shil,fixed_k,shil.final_ranker_score,2,1.0,0.7625,0.7624083271925711,0.4423745006046949,0.8733035714285713,1.0,0.5,0.6666666666666666,0,0.0,2,1.0,0.5,0.6666666666666666,0,0.0,2.0,0.0,False,,,,,,,,
S08,S08,1213,1213,OK,shil.fixed_k.k04,shil,fixed_k,shil.final_ranker_score,4,1.0,0.8857142857142857,0.8856909573382323,0.2340580085035269,0.9658418367346938,1.0,1.0,1.0,0,0.0,4,1.0,1.0,1.0,0,0.0,4.0,0.0,False,,,,,,,,
S08,S08,1213,1213,OK,shil.fixed_k.k08,shil,fixed_k,shil.final_ranker_score,8,1.0,0.8839285714285714,0.8838985834989268,0.2365639051855568,0.9653316326530612,0.5,1.0,0.6666666666666666,4,0.5,4,0.5,1.0,0.6666666666666666,4,0.5,8.0,0.0,False,,,,,,,,
S08,S08,1213,1213,OK,shil.fixed_k.k16,shil,fixed_k,shil.final_ranker_score,16,1.0,0.8839285714285714,0.8839104324336391,0.2418129401984698,0.9633163265306124,0.25,1.0,0.4,12,0.75,4,0.25,1.0,0.4,12,0.75,16.0,0.0,False,,,,,,,,
S08,S08,1213,1213,OK,shil.validation_one_se,shil,validation_one_se,shil.final_ranker_score,4,1.0,0.8857142857142857,0.8856909573382323,0.2340580085035269,0.9658418367346938,1.0,1.0,1.0,0,0.0,4,1.0,1.0,1.0,0,0.0,,0.0,False,4.0,0.23260968068178492,0.017059664161837063,0.24966320178130696,,,,
S08,S08,1213,1213,OK,shil.cpss_one_se,shil,cpss_one_se,shil.final_development_selection_frequency,5,1.0,0.8875,0.8874709347758828,0.2343999035499992,0.9654591836734694,0.8,1.0,0.888888888888889,1,0.2,4,0.8,1.0,0.888888888888889,1,0.2,,,False,,0.23260968068178492,0.017059664161837063,0.2493448699777262,8.0,0.9,4.0,5.0
S08,S08,1213,1213,OK,l1.fixed_k.k01,l1,fixed_k,l1.final_ranker_score,1,1.0,0.7357142857142858,0.7355490038416868,0.5161213984353522,0.8181505102040816,1.0,0.25,0.4,0,0.0,1,1.0,0.25,0.4,0,0.0,1.0,0.0,False,,,,,,,,
S08,S08,1213,1213,OK,l1.fixed_k.k02,l1,fixed_k,l1.final_ranker_score,2,1.0,0.7875,0.7873039886885554,0.4626400695467802,0.8659438775510205,1.0,0.5,0.6666666666666666,0,0.0,2,1.0,0.5,0.6666666666666666,0,0.0,2.0,0.0,False,,,,,,,,
S08,S08,1213,1213,OK,l1.fixed_k.k04,l1,fixed_k,l1.final_ranker_score,4,1.0,0.8857142857142857,0.8856909573382323,0.2340580085035269,0.9658418367346938,1.0,1.0,1.0,0,0.0,4,1.0,1.0,1.0,0,0.0,4.0,0.0,False,,,,,,,,
S08,S08,1213,1213,OK,l1.fixed_k.k08,l1,fixed_k,l1.final_ranker_score,8,1.0,0.8821428571428571,0.8821293260705948,0.2362719036205541,0.9649872448979592,0.5,1.0,0.6666666666666666,4,0.5,4,0.5,1.0,0.6666666666666666,4,0.5,8.0,0.0,False,,,,,,,,
S08,S08,1213,1213,OK,l1.fixed_k.k16,l1,fixed_k,l1.final_ranker_score,16,1.0,0.8767857142857143,0.8767538809450145,0.2495747166821726,0.9599234693877552,0.25,1.0,0.4,12,0.75,4,0.25,1.0,0.4,12,0.75,16.0,0.0,False,,,,,,,,
S08,S08,1213,1213,OK,l1.validation_one_se,l1,validation_one_se,l1.final_ranker_score,4,1.0,0.8857142857142857,0.8856909573382323,0.2340580085035269,0.9658418367346938,1.0,1.0,1.0,0,0.0,4,1.0,1.0,1.0,0,0.0,,0.0,False,4.0,0.23260968068178492,0.017059664161837063,0.249669344843622,,,,
S08,S08,1213,1213,OK,l1.cpss_one_se,l1,cpss_one_se,l1.final_development_selection_frequency,4,1.0,0.8857142857142857,0.8856909573382323,0.2340580085035269,0.9658418367346938,1.0,1.0,1.0,0,0.0,4,1.0,1.0,1.0,0,0.0,,,False,,0.23260968068178492,0.017059664161837063,0.249669344843622,4.0,0.9,4.0,4.0
S08,S08,1231,1231,OK,shil.fixed_k.k01,shil,fixed_k,shil.final_ranker_score,1,1.0,0.6928571428571428,0.6928218800627624,0.5896883041475458,0.7539540816326531,1.0,0.25,0.4,0,0.0,1,1.0,0.25,0.4,0,0.0,1.0,0.0,False,,,,,,,,
S08,S08,1231,1231,OK,shil.fixed_k.k02,shil,fixed_k,shil.final_ranker_score,2,1.0,0.7785714285714286,0.7784697054770048,0.4670676731835016,0.8610076530612244,1.0,0.5,0.6666666666666666,0,0.0,2,1.0,0.5,0.6666666666666666,0,0.0,2.0,0.0,False,,,,,,,,
S08,S08,1231,1231,OK,shil.fixed_k.k04,shil,fixed_k,shil.final_ranker_score,4,1.0,0.875,0.874998405591908,0.2680578814680852,0.9541454081632654,1.0,1.0,1.0,0,0.0,4,1.0,1.0,1.0,0,0.0,4.0,0.0,False,,,,,,,,
S08,S08,1231,1231,OK,shil.fixed_k.k08,shil,fixed_k,shil.final_ranker_score,8,1.0,0.875,0.874998405591908,0.2699382682081155,0.9535841836734692,0.5,1.0,0.6666666666666666,4,0.5,4,0.5,1.0,0.6666666666666666,4,0.5,8.0,0.0,False,,,,,,,,
S08,S08,1231,1231,OK,shil.fixed_k.k16,shil,fixed_k,shil.final_ranker_score,16,1.0,0.8607142857142858,0.8607125090881261,0.2729796930784909,0.9524489795918368,0.25,1.0,0.4,12,0.75,4,0.25,1.0,0.4,12,0.75,16.0,0.0,False,,,,,,,,
S08,S08,1231,1231,OK,shil.validation_one_se,shil,validation_one_se,shil.final_ranker_score,4,1.0,0.875,0.874998405591908,0.2680578814680852,0.9541454081632654,1.0,1.0,1.0,0,0.0,4,1.0,1.0,1.0,0,0.0,,0.0,False,4.0,0.25603920961489046,0.018592930015576572,0.274632139630467,,,,
S08,S08,1231,1231,OK,shil.cpss_one_se,shil,cpss_one_se,shil.final_development_selection_frequency,4,1.0,0.875,0.874998405591908,0.2680578814680852,0.9541454081632654,1.0,1.0,1.0,0,0.0,4,1.0,1.0,1.0,0,0.0,,,False,,0.25603920961489046,0.018592930015576572,0.2746253034000922,4.0,0.8,4.0,4.0
S08,S08,1231,1231,OK,l1.fixed_k.k01,l1,fixed_k,l1.final_ranker_score,1,1.0,0.6928571428571428,0.6928218800627624,0.5896883041475458,0.7539540816326531,1.0,0.25,0.4,0,0.0,1,1.0,0.25,0.4,0,0.0,1.0,0.0,False,,,,,,,,
S08,S08,1231,1231,OK,l1.fixed_k.k02,l1,fixed_k,l1.final_ranker_score,2,1.0,0.7,0.699447965651196,0.5503183038763179,0.7895025510204081,1.0,0.5,0.6666666666666666,0,0.0,2,1.0,0.5,0.6666666666666666,0,0.0,2.0,0.0,False,,,,,,,,
S08,S08,1231,1231,OK,l1.fixed_k.k04,l1,fixed_k,l1.final_ranker_score,4,1.0,0.875,0.874998405591908,0.2680578814680852,0.9541454081632654,1.0,1.0,1.0,0,0.0,4,1.0,1.0,1.0,0,0.0,4.0,0.0,False,,,,,,,,
S08,S08,1231,1231,OK,l1.fixed_k.k08,l1,fixed_k,l1.final_ranker_score,8,1.0,0.875,0.8749744845886915,0.2686131438561948,0.95375,0.5,1.0,0.6666666666666666,4,0.5,4,0.5,1.0,0.6666666666666666,4,0.5,8.0,0.0,False,,,,,,,,
S08,S08,1231,1231,OK,l1.fixed_k.k16,l1,fixed_k,l1.final_ranker_score,16,1.0,0.8696428571428572,0.8696091783911023,0.2754619172112886,0.952295918367347,0.25,1.0,0.4,12,0.75,4,0.25,1.0,0.4,12,0.75,16.0,0.0,False,,,,,,,,
S08,S08,1231,1231,OK,l1.validation_one_se,l1,validation_one_se,l1.final_ranker_score,4,1.0,0.875,0.874998405591908,0.2680578814680852,0.9541454081632654,1.0,1.0,1.0,0,0.0,4,1.0,1.0,1.0,0,0.0,,0.0,False,4.0,0.25603920961489046,0.018592930015576575,0.27463213963046706,,,,
S08,S08,1231,1231,OK,l1.cpss_one_se,l1,cpss_one_se,l1.final_development_selection_frequency,4,1.0,0.875,0.874998405591908,0.2680578814680852,0.9541454081632654,1.0,1.0,1.0,0,0.0,4,1.0,1.0,1.0,0,0.0,,,False,,0.25603920961489046,0.018592930015576572,0.274632139630467,4.0,0.9,4.0,4.0
S08,S08,1249,1249,OK,shil.fixed_k.k01,shil,fixed_k,shil.final_ranker_score,1,1.0,0.7107142857142857,0.7103448275862069,0.5419880304931648,0.7966581632653061,1.0,0.25,0.4,0,0.0,1,1.0,0.25,0.4,0,0.0,1.0,0.0,False,,,,,,,,
S08,S08,1249,1249,OK,shil.fixed_k.k02,shil,fixed_k,shil.final_ranker_score,2,1.0,0.7892857142857143,0.7892615223686392,0.4327476578284424,0.8785331632653062,1.0,0.5,0.6666666666666666,0,0.0,2,1.0,0.5,0.6666666666666666,0,0.0,2.0,0.0,False,,,,,,,,
S08,S08,1249,1249,OK,shil.fixed_k.k04,shil,fixed_k,shil.final_ranker_score,4,1.0,0.9142857142857144,0.9142682180036742,0.1931949283277278,0.9774872448979592,1.0,1.0,1.0,0,0.0,4,1.0,1.0,1.0,0,0.0,4.0,0.0,False,,,,,,,,
S08,S08,1249,1249,OK,shil.fixed_k.k08,shil,fixed_k,shil.final_ranker_score,8,1.0,0.9142857142857144,0.9142758735058872,0.1935508329896421,0.9778826530612246,0.5,1.0,0.6666666666666666,4,0.5,4,0.5,1.0,0.6666666666666666,4,0.5,8.0,0.0,False,,,,,,,,
S08,S08,1249,1249,OK,shil.fixed_k.k16,shil,fixed_k,shil.final_ranker_score,16,1.0,0.9142857142857144,0.9142758735058872,0.1927460371458915,0.9777551020408164,0.25,1.0,0.4,12,0.75,4,0.25,1.0,0.4,12,0.75,16.0,0.0,False,,,,,,,,
S08,S08,1249,1249,OK,shil.validation_one_se,shil,validation_one_se,shil.final_ranker_score,4,1.0,0.9142857142857144,0.9142682180036742,0.1931949283277278,0.9774872448979592,1.0,1.0,1.0,0,0.0,4,1.0,1.0,1.0,0,0.0,,0.0,False,4.0,0.22175723354879281,0.018156946497034747,0.23991418004582757,,,,
S08,S08,1249,1249,OK,shil.cpss_one_se,shil,cpss_one_se,shil.final_development_selection_frequency,4,1.0,0.9142857142857144,0.9142682180036742,0.1931949283277278,0.9774872448979592,1.0,1.0,1.0,0,0.0,4,1.0,1.0,1.0,0,0.0,,,False,,0.22175723354879281,0.018156946497034747,0.23912596937751973,8.0,0.9,4.0,4.0
S08,S08,1249,1249,OK,l1.fixed_k.k01,l1,fixed_k,l1.final_ranker_score,1,1.0,0.6607142857142857,0.6606969743354253,0.5887093959631433,0.7345535714285714,1.0,0.25,0.4,0,0.0,1,1.0,0.25,0.4,0,0.0,1.0,0.0,False,,,,,,,,
S08,S08,1249,1249,OK,l1.fixed_k.k02,l1,fixed_k,l1.final_ranker_score,2,1.0,0.7660714285714286,0.7653523712652612,0.4848911893383934,0.8489795918367347,1.0,0.5,0.6666666666666666,0,0.0,2,1.0,0.5,0.6666666666666666,0,0.0,2.0,0.0,False,,,,,,,,
S08,S08,1249,1249,OK,l1.fixed_k.k04,l1,fixed_k,l1.final_ranker_score,4,1.0,0.9142857142857144,0.9142682180036742,0.1931949283277278,0.9774872448979592,1.0,1.0,1.0,0,0.0,4,1.0,1.0,1.0,0,0.0,4.0,0.0,False,,,,,,,,
S08,S08,1249,1249,OK,l1.fixed_k.k08,l1,fixed_k,l1.final_ranker_score,8,1.0,0.9107142857142856,0.9107040349019658,0.1976632279324352,0.9764668367346938,0.5,1.0,0.6666666666666666,4,0.5,4,0.5,1.0,0.6666666666666666,4,0.5,8.0,0.0,False,,,,,,,,
S08,S08,1249,1249,OK,l1.fixed_k.k16,l1,fixed_k,l1.final_ranker_score,16,1.0,0.9125,0.9124773937145756,0.210746133375156,0.972423469387755,0.25,1.0,0.4,12,0.75,4,0.25,1.0,0.4,12,0.75,16.0,0.0,False,,,,,,,,
S08,S08,1249,1249,OK,l1.validation_one_se,l1,validation_one_se,l1.final_ranker_score,4,1.0,0.9142857142857144,0.9142682180036742,0.1931949283277278,0.9774872448979592,1.0,1.0,1.0,0,0.0,4,1.0,1.0,1.0,0,0.0,,0.0,False,4.0,0.22175723354879281,0.018156946497034743,0.23991418004582757,,,,
S08,S08,1249,1249,OK,l1.cpss_one_se,l1,cpss_one_se,l1.final_development_selection_frequency,4,1.0,0.9142857142857144,0.9142682180036742,0.1931949283277278,0.9774872448979592,1.0,1.0,1.0,0,0.0,4,1.0,1.0,1.0,0,0.0,,,False,,0.22175723354879281,0.018156946497034747,0.23991418004582757,4.0,0.9,4.0,4.0
S08,S08,1277,1277,OK,shil.fixed_k.k01,shil,fixed_k,shil.final_ranker_score,1,1.0,0.6982142857142857,0.6980977992146205,0.5625216028454662,0.7756887755102041,1.0,0.25,0.4,0,0.0,1,1.0,0.25,0.4,0,0.0,1.0,0.0,False,,,,,,,,
S08,S08,1277,1277,OK,shil.fixed_k.k02,shil,fixed_k,shil.final_ranker_score,2,1.0,0.7321428571428571,0.7318007662835249,0.5214078509947307,0.8197066326530613,1.0,0.5,0.6666666666666666,0,0.0,2,1.0,0.5,0.6666666666666666,0,0.0,2.0,0.0,False,,,,,,,,
S08,S08,1277,1277,OK,shil.fixed_k.k04,shil,fixed_k,shil.final_ranker_score,4,1.0,0.8946428571428572,0.8945456750640737,0.2110860747288173,0.973048469387755,1.0,1.0,1.0,0,0.0,4,1.0,1.0,1.0,0,0.0,4.0,0.0,False,,,,,,,,
S08,S08,1277,1277,OK,shil.fixed_k.k08,shil,fixed_k,shil.final_ranker_score,8,1.0,0.8946428571428572,0.8946021902583586,0.209903664555353,0.9737882653061224,0.5,1.0,0.6666666666666666,4,0.5,4,0.5,1.0,0.6666666666666666,4,0.5,8.0,0.0,False,,,,,,,,
S08,S08,1277,1277,OK,shil.fixed_k.k16,shil,fixed_k,shil.final_ranker_score,16,1.0,0.9,0.8999681020733652,0.2145167881531818,0.972295918367347,0.25,1.0,0.4,12,0.75,4,0.25,1.0,0.4,12,0.75,16.0,0.0,False,,,,,,,,
S08,S08,1277,1277,OK,shil.validation_one_se,shil,validation_one_se,shil.final_ranker_score,4,1.0,0.8946428571428572,0.8945456750640737,0.2110860747288173,0.973048469387755,1.0,1.0,1.0,0,0.0,4,1.0,1.0,1.0,0,0.0,,0.0,False,4.0,0.2460444526543806,0.021125494312250883,0.26500319929015986,,,,
S08,S08,1277,1277,OK,shil.cpss_one_se,shil,cpss_one_se,shil.final_development_selection_frequency,3,1.0,0.8214285714285714,0.8213716108452951,0.3856079309033048,0.9136352040816326,1.0,0.75,0.8571428571428571,0,0.0,3,1.0,0.75,0.8571428571428571,0,0.0,,,False,,0.2460444526543806,0.021125494312250883,0.26537064271726707,4.0,0.6,4.0,3.0
S08,S08,1277,1277,OK,l1.fixed_k.k01,l1,fixed_k,l1.final_ranker_score,1,1.0,0.6285714285714286,0.6285666909016696,0.6232407452470607,0.704375,1.0,0.25,0.4,0,0.0,1,1.0,0.25,0.4,0,0.0,1.0,0.0,False,,,,,,,,
S08,S08,1277,1277,OK,l1.fixed_k.k02,l1,fixed_k,l1.final_ranker_score,2,1.0,0.7321428571428571,0.7318007662835249,0.5214078509947307,0.8197066326530613,1.0,0.5,0.6666666666666666,0,0.0,2,1.0,0.5,0.6666666666666666,0,0.0,2.0,0.0,False,,,,,,,,
S08,S08,1277,1277,OK,l1.fixed_k.k04,l1,fixed_k,l1.final_ranker_score,4,1.0,0.8946428571428572,0.8945456750640737,0.2110860747288173,0.973048469387755,1.0,1.0,1.0,0,0.0,4,1.0,1.0,1.0,0,0.0,4.0,0.0,False,,,,,,,,
S08,S08,1277,1277,OK,l1.fixed_k.k08,l1,fixed_k,l1.final_ranker_score,8,1.0,0.8875,0.8873962293057058,0.2154118234349037,0.9722704081632654,0.5,1.0,0.6666666666666666,4,0.5,4,0.5,1.0,0.6666666666666666,4,0.5,8.0,0.0,False,,,,,,,,
S08,S08,1277,1277,OK,l1.fixed_k.k16,l1,fixed_k,l1.final_ranker_score,16,1.0,0.8785714285714286,0.8784954882515859,0.2288415296699196,0.9680229591836734,0.25,1.0,0.4,12,0.75,4,0.25,1.0,0.4,12,0.75,16.0,0.0,False,,,,,,,,
S08,S08,1277,1277,OK,l1.validation_one_se,l1,validation_one_se,l1.final_ranker_score,4,1.0,0.8946428571428572,0.8945456750640737,0.2110860747288173,0.973048469387755,1.0,1.0,1.0,0,0.0,4,1.0,1.0,1.0,0,0.0,,0.0,False,4.0,0.24604445265438057,0.021125494312250883,0.26716994696663143,,,,
S08,S08,1277,1277,OK,l1.cpss_one_se,l1,cpss_one_se,l1.final_development_selection_frequency,4,1.0,0.8946428571428572,0.8945456750640737,0.2110860747288173,0.973048469387755,1.0,1.0,1.0,0,0.0,4,1.0,1.0,1.0,0,0.0,,,False,,0.2460444526543806,0.021125494312250883,0.2671699469666315,4.0,0.9,4.0,4.0
S09,S09,1103,1103,OK,shil.fixed_k.k01,shil,fixed_k,shil.final_ranker_score,1,1.0,0.7071428571428572,0.7071092344784478,0.5572025925984078,0.7870280612244899,1.0,0.25,0.4,0,0.0,1,1.0,0.25,0.4,0,0.0,1.0,0.0,False,,,,,,,,
S09,S09,1103,1103,OK,shil.fixed_k.k02,shil,fixed_k,shil.final_ranker_score,2,1.0,0.7892857142857143,0.7891539354953989,0.4559587004044799,0.8716071428571429,1.0,0.5,0.6666666666666666,0,0.0,2,1.0,0.5,0.6666666666666666,0,0.0,2.0,0.0,False,,,,,,,,
S09,S09,1103,1103,OK,shil.fixed_k.k04,shil,fixed_k,shil.final_ranker_score,4,1.0,0.9125,0.912497488767216,0.216447384276293,0.971313775510204,1.0,1.0,1.0,0,0.0,4,1.0,1.0,1.0,0,0.0,4.0,0.0,False,,,,,,,,
S09,S09,1103,1103,OK,shil.fixed_k.k08,shil,fixed_k,shil.final_ranker_score,8,1.0,0.9125,0.9124997209812532,0.2184480195076713,0.9709438775510204,0.5,1.0,0.6666666666666666,4,0.5,4,0.5,1.0,0.6666666666666666,4,0.5,8.0,0.0,False,,,,,,,,
S09,S09,1103,1103,OK,shil.fixed_k.k16,shil,fixed_k,shil.final_ranker_score,16,1.0,0.8982142857142857,0.8982139611414577,0.2277508830149928,0.9682397959183672,0.25,1.0,0.4,12,0.75,4,0.25,1.0,0.4,12,0.75,16.0,0.0,False,,,,,,,,
S09,S09,1103,1103,OK,shil.validation_one_se,shil,validation_one_se,shil.final_ranker_score,4,1.0,0.9125,0.912497488767216,0.216447384276293,0.971313775510204,1.0,1.0,1.0,0,0.0,4,1.0,1.0,1.0,0,0.0,,0.0,False,4.0,0.22121758364937513,0.018153106004816774,0.2393706896541919,,,,
S09,S09,1103,1103,OK,shil.cpss_one_se,shil,cpss_one_se,shil.final_development_selection_frequency,4,1.0,0.9125,0.912497488767216,0.216447384276293,0.971313775510204,1.0,1.0,1.0,0,0.0,4,1.0,1.0,1.0,0,0.0,,,False,,0.22121758364937513,0.018153106004816774,0.2393706896541919,4.0,0.9,4.0,4.0
S09,S09,1103,1103,OK,l1.fixed_k.k01,l1,fixed_k,l1.final_ranker_score,1,1.0,0.7071428571428572,0.7071092344784478,0.5572025925984078,0.7870280612244899,1.0,0.25,0.4,0,0.0,1,1.0,0.25,0.4,0,0.0,1.0,0.0,False,,,,,,,,
S09,S09,1103,1103,OK,l1.fixed_k.k02,l1,fixed_k,l1.final_ranker_score,2,1.0,0.7767857142857143,0.7767679183608387,0.4894147165525281,0.8483928571428572,1.0,0.5,0.6666666666666666,0,0.0,2,1.0,0.5,0.6666666666666666,0,0.0,2.0,0.0,False,,,,,,,,
S09,S09,1103,1103,OK,l1.fixed_k.k04,l1,fixed_k,l1.final_ranker_score,4,1.0,0.9125,0.912497488767216,0.216447384276293,0.971313775510204,1.0,1.0,1.0,0,0.0,4,1.0,1.0,1.0,0,0.0,4.0,0.0,False,,,,,,,,
S09,S09,1103,1103,OK,l1.fixed_k.k08,l1,fixed_k,l1.final_ranker_score,8,1.0,0.9053571428571427,0.9053544266257642,0.2244241035836676,0.968813775510204,0.5,1.0,0.6666666666666666,4,0.5,4,0.5,1.0,0.6666666666666666,4,0.5,8.0,0.0,False,,,,,,,,
S09,S09,1103,1103,OK,l1.fixed_k.k16,l1,fixed_k,l1.final_ranker_score,16,1.0,0.9,0.8999948976988621,0.2366564945508651,0.9663392857142856,0.25,1.0,0.4,12,0.75,4,0.25,1.0,0.4,12,0.75,16.0,0.0,False,,,,,,,,
S09,S09,1103,1103,OK,l1.validation_one_se,l1,validation_one_se,l1.final_ranker_score,4,1.0,0.9125,0.912497488767216,0.216447384276293,0.971313775510204,1.0,1.0,1.0,0,0.0,4,1.0,1.0,1.0,0,0.0,,0.0,False,4.0,0.22121758364937513,0.018153106004816774,0.2393706896541919,,,,
S09,S09,1103,1103,OK,l1.cpss_one_se,l1,cpss_one_se,l1.final_development_selection_frequency,4,1.0,0.9125,0.912497488767216,0.216447384276293,0.971313775510204,1.0,1.0,1.0,0,0.0,4,1.0,1.0,1.0,0,0.0,,,False,,0.22121758364937513,0.018153106004816774,0.2393706896541919,4.0,0.9,4.0,4.0
S09,S09,1129,1129,OK,shil.fixed_k.k01,shil,fixed_k,shil.final_ranker_score,1,1.0,0.7035714285714286,0.7034768740031898,0.5670983448381511,0.780408163265306,1.0,0.25,0.4,0,0.0,1,1.0,0.25,0.4,0,0.0,1.0,0.0,False,,,,,,,,
S09,S09,1129,1129,OK,shil.fixed_k.k02,shil,fixed_k,shil.final_ranker_score,2,1.0,0.7482142857142857,0.7481942119110261,0.5186340639369037,0.8312755102040816,1.0,0.5,0.6666666666666666,0,0.0,2,1.0,0.5,0.6666666666666666,0,0.0,2.0,0.0,False,,,,,,,,
S09,S09,1129,1129,OK,shil.fixed_k.k04,shil,fixed_k,shil.final_ranker_score,4,1.0,0.9035714285714286,0.9035517452541336,0.2205716784356082,0.9699107142857144,1.0,1.0,1.0,0,0.0,4,1.0,1.0,1.0,0,0.0,4.0,0.0,False,,,,,,,,
S09,S09,1129,1129,OK,shil.fixed_k.k08,shil,fixed_k,shil.final_ranker_score,8,1.0,0.8964285714285715,0.896407430087773,0.2196350295063368,0.9702933673469388,0.5,1.0,0.6666666666666666,4,0.5,4,0.5,1.0,0.6666666666666666,4,0.5,8.0,0.0,False,,,,,,,,
S09,S09,1129,1129,OK,shil.fixed_k.k16,shil,fixed_k,shil.final_ranker_score,16,1.0,0.8982142857142857,0.8981879886067511,0.2201986700470997,0.9701913265306124,0.25,1.0,0.4,12,0.75,4,0.25,1.0,0.4,12,0.75,16.0,0.0,False,,,,,,,,
S09,S09,1129,1129,OK,shil.validation_one_se,shil,validation_one_se,shil.final_ranker_score,4,1.0,0.9035714285714286,0.9035517452541336,0.2205716784356082,0.9699107142857144,1.0,1.0,1.0,0,0.0,4,1.0,1.0,1.0,0,0.0,,0.0,False,4.0,0.2311784966632472,0.021275438574930697,0.2524539352381779,,,,
S09,S09,1129,1129,OK,shil.cpss_one_se,shil,cpss_one_se,shil.final_development_selection_frequency,4,1.0,0.9035714285714286,0.9035517452541336,0.2205716784356082,0.9699107142857144,1.0,1.0,1.0,0,0.0,4,1.0,1.0,1.0,0,0.0,,,False,,0.2311784966632472,0.021275438574930697,0.2524539352381779,4.0,0.9,4.0,4.0
S09,S09,1129,1129,OK,l1.fixed_k.k01,l1,fixed_k,l1.final_ranker_score,1,1.0,0.7035714285714286,0.7034768740031898,0.5670983448381511,0.780408163265306,1.0,0.25,0.4,0,0.0,1,1.0,0.25,0.4,0,0.0,1.0,0.0,False,,,,,,,,
S09,S09,1129,1129,OK,l1.fixed_k.k02,l1,fixed_k,l1.final_ranker_score,2,1.0,0.7696428571428572,0.7695539414123433,0.4669304902139212,0.8575255102040815,1.0,0.5,0.6666666666666666,0,0.0,2,1.0,0.5,0.6666666666666666,0,0.0,2.0,0.0,False,,,,,,,,
S09,S09,1129,1129,OK,l1.fixed_k.k04,l1,fixed_k,l1.final_ranker_score,4,1.0,0.9035714285714286,0.9035517452541336,0.2205716784356082,0.9699107142857144,1.0,1.0,1.0,0,0.0,4,1.0,1.0,1.0,0,0.0,4.0,0.0,False,,,,,,,,
S09,S09,1129,1129,OK,l1.fixed_k.k08,l1,fixed_k,l1.final_ranker_score,8,1.0,0.8928571428571429,0.8928352725045927,0.2289758874545366,0.967704081632653,0.5,1.0,0.6666666666666666,4,0.5,4,0.5,1.0,0.6666666666666666,4,0.5,8.0,0.0,False,,,,,,,,
S09,S09,1129,1129,OK,l1.fixed_k.k16,l1,fixed_k,l1.final_ranker_score,16,1.0,0.8964285714285715,0.8964232869023929,0.2360902155344765,0.9658673469387756,0.25,1.0,0.4,12,0.75,4,0.25,1.0,0.4,12,0.75,16.0,0.0,False,,,,,,,,
S09,S09,1129,1129,OK,l1.validation_one_se,l1,validation_one_se,l1.final_ranker_score,4,1.0,0.9035714285714286,0.9035517452541336,0.2205716784356082,0.9699107142857144,1.0,1.0,1.0,0,0.0,4,1.0,1.0,1.0,0,0.0,,0.0,False,4.0,0.2311784966632472,0.021275438574930697,0.2524539352381779,,,,
S09,S09,1129,1129,OK,l1.cpss_one_se,l1,cpss_one_se,l1.final_development_selection_frequency,4,1.0,0.9035714285714286,0.9035517452541336,0.2205716784356082,0.9699107142857144,1.0,1.0,1.0,0,0.0,4,1.0,1.0,1.0,0,0.0,,,False,,0.2311784966632472,0.021275438574930697,0.2524539352381779,4.0,0.9,4.0,4.0
S09,S09,1151,1151,OK,shil.fixed_k.k01,shil,fixed_k,shil.final_ranker_score,1,1.0,0.7267857142857143,0.7267778730894701,0.5657640083775163,0.7782908163265306,1.0,0.25,0.4,0,0.0,1,1.0,0.25,0.4,0,0.0,1.0,0.0,False,,,,,,,,
S09,S09,1151,1151,OK,shil.fixed_k.k02,shil,fixed_k,shil.final_ranker_score,2,1.0,0.7803571428571429,0.7803003964671997,0.4634777424835062,0.8646301020408164,1.0,0.5,0.6666666666666666,0,0.0,2,1.0,0.5,0.6666666666666666,0,0.0,2.0,0.0,False,,,,,,,,
S09,S09,1151,1151,OK,shil.fixed_k.k04,shil,fixed_k,shil.final_ranker_score,4,1.0,0.9,0.8999885190902017,0.2254901366459297,0.9690816326530612,1.0,1.0,1.0,0,0.0,4,1.0,1.0,1.0,0,0.0,4.0,0.0,False,,,,,,,,
S09,S09,1151,1151,OK,shil.fixed_k.k08,shil,fixed_k,shil.final_ranker_score,8,1.0,0.8964285714285715,0.8963809912715022,0.2258801544118718,0.9694260204081632,0.5,1.0,0.6666666666666666,4,0.5,4,0.5,1.0,0.6666666666666666,4,0.5,8.0,0.0,False,,,,,,,,
S09,S09,1151,1151,OK,shil.fixed_k.k16,shil,fixed_k,shil.final_ranker_score,16,1.0,0.9053571428571427,0.9053495973849957,0.2265406774242651,0.9689285714285716,0.25,1.0,0.4,12,0.75,4,0.25,1.0,0.4,12,0.75,16.0,0.0,False,,,,,,,,
S09,S09,1151,1151,OK,shil.validation_one_se,shil,validation_one_se,shil.final_ranker_score,4,1.0,0.9,0.8999885190902017,0.2254901366459297,0.9690816326530612,1.0,1.0,1.0,0,0.0,4,1.0,1.0,1.0,0,0.0,,0.0,False,4.0,0.20183383736107804,0.016915149060478207,0.2176247501737007,,,,
S09,S09,1151,1151,OK,shil.cpss_one_se,shil,cpss_one_se,shil.final_development_selection_frequency,4,1.0,0.9,0.8999885190902017,0.2254901366459297,0.9690816326530612,1.0,1.0,1.0,0,0.0,4,1.0,1.0,1.0,0,0.0,,,False,,0.20183383736107804,0.016915149060478207,0.21874898642155624,4.0,0.9,4.0,4.0
S09,S09,1151,1151,OK,l1.fixed_k.k01,l1,fixed_k,l1.final_ranker_score,1,1.0,0.7267857142857143,0.7267778730894701,0.5657640083775163,0.7782908163265306,1.0,0.25,0.4,0,0.0,1,1.0,0.25,0.4,0,0.0,1.0,0.0,False,,,,,,,,
S09,S09,1151,1151,OK,l1.fixed_k.k02,l1,fixed_k,l1.final_ranker_score,2,1.0,0.7803571428571429,0.7803003964671997,0.4634777424835062,0.8646301020408164,1.0,0.5,0.6666666666666666,0,0.0,2,1.0,0.5,0.6666666666666666,0,0.0,2.0,0.0,False,,,,,,,,
S09,S09,1151,1151,OK,l1.fixed_k.k04,l1,fixed_k,l1.final_ranker_score,4,1.0,0.9,0.8999885190902017,0.2254901366459297,0.9690816326530612,1.0,1.0,1.0,0,0.0,4,1.0,1.0,1.0,0,0.0,4.0,0.0,False,,,,,,,,
S09,S09,1151,1151,OK,l1.fixed_k.k08,l1,fixed_k,l1.final_ranker_score,8,1.0,0.8946428571428572,0.8946021902583586,0.2304144229750592,0.9678698979591838,0.5,1.0,0.6666666666666666,4,0.5,4,0.5,1.0,0.6666666666666666,4,0.5,8.0,0.0,False,,,,,,,,
S09,S09,1151,1151,OK,l1.fixed_k.k16,l1,fixed_k,l1.final_ranker_score,16,1.0,0.9017857142857144,0.901777884078769,0.2349419374044901,0.9661989795918366,0.25,1.0,0.4,12,0.75,4,0.25,1.0,0.4,12,0.75,16.0,0.0,False,,,,,,,,
S09,S09,1151,1151,OK,l1.validation_one_se,l1,validation_one_se,l1.final_ranker_score,4,1.0,0.9,0.8999885190902017,0.2254901366459297,0.9690816326530612,1.0,1.0,1.0,0,0.0,4,1.0,1.0,1.0,0,0.0,,0.0,False,4.0,0.20183383736107804,0.016915149060478207,0.21874898642155624,,,,
S09,S09,1151,1151,OK,l1.cpss_one_se,l1,cpss_one_se,l1.final_development_selection_frequency,4,1.0,0.9,0.8999885190902017,0.2254901366459297,0.9690816326530612,1.0,1.0,1.0,0,0.0,4,1.0,1.0,1.0,0,0.0,,,False,,0.20183383736107804,0.016915149060478207,0.21874898642155624,4.0,0.9,4.0,4.0
S09,S09,1171,1171,OK,shil.fixed_k.k01,shil,fixed_k,shil.final_ranker_score,1,1.0,0.7321428571428571,0.7321428571428571,0.534320578196333,0.8062117346938775,1.0,0.25,0.4,0,0.0,1,1.0,0.25,0.4,0,0.0,1.0,0.0,False,,,,,,,,
S09,S09,1171,1171,OK,shil.fixed_k.k02,shil,fixed_k,shil.final_ranker_score,2,1.0,0.8017857142857143,0.8017547384635992,0.4342253565350925,0.8832142857142857,1.0,0.5,0.6666666666666666,0,0.0,2,1.0,0.5,0.6666666666666666,0,0.0,2.0,0.0,False,,,,,,,,
S09,S09,1171,1171,OK,shil.fixed_k.k04,shil,fixed_k,shil.final_ranker_score,4,1.0,0.9232142857142858,0.923184647137448,0.1843438979945205,0.9798086734693878,1.0,1.0,1.0,0,0.0,4,1.0,1.0,1.0,0,0.0,4.0,0.0,False,,,,,,,,
S09,S09,1171,1171,OK,shil.fixed_k.k08,shil,fixed_k,shil.final_ranker_score,8,1.0,0.9214285714285714,0.92140350877193,0.1835502086262415,0.9801785714285716,0.5,1.0,0.6666666666666666,4,0.5,4,0.5,1.0,0.6666666666666666,4,0.5,8.0,0.0,False,,,,,,,,
S09,S09,1171,1171,OK,shil.fixed_k.k16,shil,fixed_k,shil.final_ranker_score,16,1.0,0.9178571428571428,0.9178309409888356,0.1890179246340053,0.9790178571428572,0.25,1.0,0.4,12,0.75,4,0.25,1.0,0.4,12,0.75,16.0,0.0,False,,,,,,,,
S09,S09,1171,1171,OK,shil.validation_one_se,shil,validation_one_se,shil.final_ranker_score,4,1.0,0.9232142857142858,0.923184647137448,0.1843438979945205,0.9798086734693878,1.0,1.0,1.0,0,0.0,4,1.0,1.0,1.0,0,0.0,,0.0,False,4.0,0.17351812775055853,0.015968878943976472,0.1891643684110136,,,,
S09,S09,1171,1171,OK,shil.cpss_one_se,shil,cpss_one_se,shil.final_development_selection_frequency,4,1.0,0.9232142857142858,0.923184647137448,0.1843438979945205,0.9798086734693878,1.0,1.0,1.0,0,0.0,4,1.0,1.0,1.0,0,0.0,,,False,,0.17351812775055853,0.015968878943976472,0.189487006694535,4.0,0.9,4.0,4.0
S09,S09,1171,1171,OK,l1.fixed_k.k01,l1,fixed_k,l1.final_ranker_score,1,1.0,0.7321428571428571,0.7321428571428571,0.534320578196333,0.8062117346938775,1.0,0.25,0.4,0,0.0,1,1.0,0.25,0.4,0,0.0,1.0,0.0,False,,,,,,,,
S09,S09,1171,1171,OK,l1.fixed_k.k02,l1,fixed_k,l1.final_ranker_score,2,1.0,0.7839285714285714,0.7839223702210841,0.4692900255019863,0.858061224489796,1.0,0.5,0.6666666666666666,0,0.0,2,1.0,0.5,0.6666666666666666,0,0.0,2.0,0.0,False,,,,,,,,
S09,S09,1171,1171,OK,l1.fixed_k.k04,l1,fixed_k,l1.final_ranker_score,4,1.0,0.9232142857142858,0.923184647137448,0.1843438979945205,0.9798086734693878,1.0,1.0,1.0,0,0.0,4,1.0,1.0,1.0,0,0.0,4.0,0.0,False,,,,,,,,
S09,S09,1171,1171,OK,l1.fixed_k.k08,l1,fixed_k,l1.final_ranker_score,8,1.0,0.9178571428571428,0.917805771464308,0.1876661470799263,0.9795408163265308,0.5,1.0,0.6666666666666666,4,0.5,4,0.5,1.0,0.6666666666666666,4,0.5,8.0,0.0,False,,,,,,,,
S09,S09,1171,1171,OK,l1.fixed_k.k16,l1,fixed_k,l1.final_ranker_score,16,1.0,0.9089285714285714,0.9089050424376194,0.1990850486740377,0.9765178571428572,0.25,1.0,0.4,12,0.75,4,0.25,1.0,0.4,12,0.75,16.0,0.0,False,,,,,,,,
S09,S09,1171,1171,OK,l1.validation_one_se,l1,validation_one_se,l1.final_ranker_score,4,1.0,0.9232142857142858,0.923184647137448,0.1843438979945205,0.9798086734693878,1.0,1.0,1.0,0,0.0,4,1.0,1.0,1.0,0,0.0,,0.0,False,4.0,0.17351812775055853,0.01596887894397647,0.189487006694535,,,,
S09,S09,1171,1171,OK,l1.cpss_one_se,l1,cpss_one_se,l1.final_development_selection_frequency,4,1.0,0.9232142857142858,0.923184647137448,0.1843438979945205,0.9798086734693878,1.0,1.0,1.0,0,0.0,4,1.0,1.0,1.0,0,0.0,,,False,,0.17351812775055853,0.015968878943976472,0.189487006694535,4.0,0.9,4.0,4.0
S09,S09,1181,1181,OK,shil.fixed_k.k01,shil,fixed_k,shil.final_ranker_score,1,1.0,0.7267857142857143,0.7267848430639128,0.5489555894446986,0.793125,1.0,0.25,0.4,0,0.0,1,1.0,0.25,0.4,0,0.0,1.0,0.0,False,,,,,,,,
S09,S09,1181,1181,OK,shil.fixed_k.k02,shil,fixed_k,shil.final_ranker_score,2,1.0,0.7910714285714285,0.791054771585745,0.416309117126841,0.8870790816326531,1.0,0.5,0.6666666666666666,0,0.0,2,1.0,0.5,0.6666666666666666,0,0.0,2.0,0.0,False,,,,,,,,
S09,S09,1181,1181,OK,shil.fixed_k.k04,shil,fixed_k,shil.final_ranker_score,4,1.0,0.9071428571428573,0.9071416727254172,0.2085978334223804,0.9729591836734696,1.0,1.0,1.0,0,0.0,4,1.0,1.0,1.0,0,0.0,4.0,0.0,False,,,,,,,,
S09,S09,1181,1181,OK,shil.fixed_k.k08,shil,fixed_k,shil.final_ranker_score,8,1.0,0.8982142857142857,0.8982139611414577,0.2184000312474247,0.9709438775510204,0.5,1.0,0.6666666666666666,4,0.5,4,0.5,1.0,0.6666666666666666,4,0.5,8.0,0.0,False,,,,,,,,
S09,S09,1181,1181,OK,shil.fixed_k.k16,shil,fixed_k,shil.final_ranker_score,16,1.0,0.8946428571428572,0.8946344574663159,0.2172423821091256,0.9710204081632652,0.25,1.0,0.4,12,0.75,4,0.25,1.0,0.4,12,0.75,16.0,0.0,False,,,,,,,,
S09,S09,1181,1181,OK,shil.validation_one_se,shil,validation_one_se,shil.final_ranker_score,4,1.0,0.9071428571428573,0.9071416727254172,0.2085978334223804,0.9729591836734696,1.0,1.0,1.0,0,0.0,4,1.0,1.0,1.0,0,0.0,,0.0,False,4.0,0.19913617127244687,0.01642328299583415,0.21555945426828102,,,,
S09,S09,1181,1181,OK,shil.cpss_one_se,shil,cpss_one_se,shil.final_development_selection_frequency,4,1.0,0.9071428571428573,0.9071416727254172,0.2085978334223804,0.9729591836734696,1.0,1.0,1.0,0,0.0,4,1.0,1.0,1.0,0,0.0,,,False,,0.19913617127244687,0.01642328299583415,0.21555945426828102,4.0,0.9,4.0,4.0
S09,S09,1181,1181,OK,l1.fixed_k.k01,l1,fixed_k,l1.final_ranker_score,1,1.0,0.7267857142857143,0.7267848430639128,0.5489555894446986,0.793125,1.0,0.25,0.4,0,0.0,1,1.0,0.25,0.4,0,0.0,1.0,0.0,False,,,,,,,,
S09,S09,1181,1181,OK,l1.fixed_k.k02,l1,fixed_k,l1.final_ranker_score,2,1.0,0.7821428571428571,0.782006611274904,0.4812225251453912,0.8486734693877551,1.0,0.5,0.6666666666666666,0,0.0,2,1.0,0.5,0.6666666666666666,0,0.0,2.0,0.0,False,,,,,,,,
S09,S09,1181,1181,OK,l1.fixed_k.k04,l1,fixed_k,l1.final_ranker_score,4,1.0,0.9071428571428573,0.9071416727254172,0.2085978334223804,0.9729591836734696,1.0,1.0,1.0,0,0.0,4,1.0,1.0,1.0,0,0.0,4.0,0.0,False,,,,,,,,
S09,S09,1181,1181,OK,l1.fixed_k.k08,l1,fixed_k,l1.final_ranker_score,8,1.0,0.8982142857142857,0.8982139611414577,0.2241260242980958,0.9686607142857144,0.5,1.0,0.6666666666666666,4,0.5,4,0.5,1.0,0.6666666666666666,4,0.5,8.0,0.0,False,,,,,,,,
S09,S09,1181,1181,OK,l1.fixed_k.k16,l1,fixed_k,l1.final_ranker_score,16,1.0,0.8928571428571429,0.8928571428571429,0.236412750738365,0.9659438775510204,0.25,1.0,0.4,12,0.75,4,0.25,1.0,0.4,12,0.75,16.0,0.0,False,,,,,,,,
S09,S09,1181,1181,OK,l1.validation_one_se,l1,validation_one_se,l1.final_ranker_score,4,1.0,0.9071428571428573,0.9071416727254172,0.2085978334223804,0.9729591836734696,1.0,1.0,1.0,0,0.0,4,1.0,1.0,1.0,0,0.0,,0.0,False,4.0,0.19913617127244687,0.01642328299583415,0.21555945426828102,,,,
S09,S09,1181,1181,OK,l1.cpss_one_se,l1,cpss_one_se,l1.final_development_selection_frequency,4,1.0,0.9071428571428573,0.9071416727254172,0.2085978334223804,0.9729591836734696,1.0,1.0,1.0,0,0.0,4,1.0,1.0,1.0,0,0.0,,,False,,0.19913617127244687,0.01642328299583415,0.21555945426828102,4.0,0.9,4.0,4.0
S09,S09,1201,1201,OK,shil.fixed_k.k01,shil,fixed_k,shil.final_ranker_score,1,1.0,0.7482142857142857,0.7482070595138253,0.5342596549930154,0.8102295918367346,1.0,0.25,0.4,0,0.0,1,1.0,0.25,0.4,0,0.0,1.0,0.0,False,,,,,,,,
S09,S09,1201,1201,OK,shil.fixed_k.k02,shil,fixed_k,shil.final_ranker_score,2,1.0,0.8142857142857143,0.8142264752791069,0.4061981371961513,0.9004974489795918,1.0,0.5,0.6666666666666666,0,0.0,2,1.0,0.5,0.6666666666666666,0,0.0,2.0,0.0,False,,,,,,,,
S09,S09,1201,1201,OK,shil.fixed_k.k04,shil,fixed_k,shil.final_ranker_score,4,1.0,0.9214285714285714,0.92141955071373,0.1971899938142198,0.9767346938775512,1.0,1.0,1.0,0,0.0,4,1.0,1.0,1.0,0,0.0,4.0,0.0,False,,,,,,,,
S09,S09,1201,1201,OK,shil.fixed_k.k08,shil,fixed_k,shil.final_ranker_score,8,1.0,0.9160714285714284,0.9160583126827851,0.1979576700631129,0.9767857142857144,0.5,1.0,0.6666666666666666,4,0.5,4,0.5,1.0,0.6666666666666666,4,0.5,8.0,0.0,False,,,,,,,,
S09,S09,1201,1201,OK,shil.fixed_k.k16,shil,fixed_k,shil.final_ranker_score,16,1.0,0.9089285714285714,0.9089213106912222,0.213748998734582,0.9721173469387754,0.25,1.0,0.4,12,0.75,4,0.25,1.0,0.4,12,0.75,16.0,0.0,False,,,,,,,,
S09,S09,1201,1201,OK,shil.validation_one_se,shil,validation_one_se,shil.final_ranker_score,4,1.0,0.9214285714285714,0.92141955071373,0.1971899938142198,0.9767346938775512,1.0,1.0,1.0,0,0.0,4,1.0,1.0,1.0,0,0.0,,0.0,False,4.0,0.2275491248612083,0.019781815798377858,0.24733094065958616,,,,
S09,S09,1201,1201,OK,shil.cpss_one_se,shil,cpss_one_se,shil.final_development_selection_frequency,4,1.0,0.9214285714285714,0.92141955071373,0.1971899938142198,0.9767346938775512,1.0,1.0,1.0,0,0.0,4,1.0,1.0,1.0,0,0.0,,,False,,0.2275491248612083,0.019781815798377858,0.24733094065958616,4.0,0.9,4.0,4.0
S09,S09,1201,1201,OK,l1.fixed_k.k01,l1,fixed_k,l1.final_ranker_score,1,1.0,0.7482142857142857,0.7482070595138253,0.5342596549930154,0.8102295918367346,1.0,0.25,0.4,0,0.0,1,1.0,0.25,0.4,0,0.0,1.0,0.0,False,,,,,,,,
S09,S09,1201,1201,OK,l1.fixed_k.k02,l1,fixed_k,l1.final_ranker_score,2,1.0,0.8,0.7999591753419065,0.4754159199730939,0.8634311224489796,1.0,0.5,0.6666666666666666,0,0.0,2,1.0,0.5,0.6666666666666666,0,0.0,2.0,0.0,False,,,,,,,,
S09,S09,1201,1201,OK,l1.fixed_k.k04,l1,fixed_k,l1.final_ranker_score,4,1.0,0.9214285714285714,0.92141955071373,0.1971899938142198,0.9767346938775512,1.0,1.0,1.0,0,0.0,4,1.0,1.0,1.0,0,0.0,4.0,0.0,False,,,,,,,,
S09,S09,1201,1201,OK,l1.fixed_k.k08,l1,fixed_k,l1.final_ranker_score,8,1.0,0.9160714285714284,0.9160497449915316,0.2108893270663391,0.9722576530612244,0.5,1.0,0.6666666666666666,4,0.5,4,0.5,1.0,0.6666666666666666,4,0.5,8.0,0.0,False,,,,,,,,
S09,S09,1201,1201,OK,l1.fixed_k.k16,l1,fixed_k,l1.final_ranker_score,16,1.0,0.9107142857142856,0.910696060420494,0.2151270610336755,0.9719642857142856,0.25,1.0,0.4,12,0.75,4,0.25,1.0,0.4,12,0.75,16.0,0.0,False,,,,,,,,
S09,S09,1201,1201,OK,l1.validation_one_se,l1,validation_one_se,l1.final_ranker_score,4,1.0,0.9214285714285714,0.92141955071373,0.1971899938142198,0.9767346938775512,1.0,1.0,1.0,0,0.0,4,1.0,1.0,1.0,0,0.0,,0.0,False,4.0,0.2275491248612083,0.019781815798377858,0.24733094065958616,,,,
S09,S09,1201,1201,OK,l1.cpss_one_se,l1,cpss_one_se,l1.final_development_selection_frequency,4,1.0,0.9214285714285714,0.92141955071373,0.1971899938142198,0.9767346938775512,1.0,1.0,1.0,0,0.0,4,1.0,1.0,1.0,0,0.0,,,False,,0.2275491248612083,0.019781815798377858,0.24733094065958616,4.0,0.9,4.0,4.0
S09,S09,1213,1213,OK,shil.fixed_k.k01,shil,fixed_k,shil.final_ranker_score,1,1.0,0.7303571428571428,0.7301084226216124,0.527743743178935,0.8126785714285714,1.0,0.25,0.4,0,0.0,1,1.0,0.25,0.4,0,0.0,1.0,0.0,False,,,,,,,,
S09,S09,1213,1213,OK,shil.fixed_k.k02,shil,fixed_k,shil.final_ranker_score,2,1.0,0.8125,0.8124994021026852,0.3968042872617286,0.9011224489795918,1.0,0.5,0.6666666666666666,0,0.0,2,1.0,0.5,0.6666666666666666,0,0.0,2.0,0.0,False,,,,,,,,
S09,S09,1213,1213,OK,shil.fixed_k.k04,shil,fixed_k,shil.final_ranker_score,4,1.0,0.9285714285714286,0.9285705174810904,0.1734612169936293,0.9822576530612244,1.0,1.0,1.0,0,0.0,4,1.0,1.0,1.0,0,0.0,4.0,0.0,False,,,,,,,,
S09,S09,1213,1213,OK,shil.fixed_k.k08,shil,fixed_k,shil.final_ranker_score,8,1.0,0.9267857142857144,0.9267836130501196,0.1742711027809014,0.9820663265306122,0.5,1.0,0.6666666666666666,4,0.5,4,0.5,1.0,0.6666666666666666,4,0.5,8.0,0.0,False,,,,,,,,
S09,S09,1213,1213,OK,shil.fixed_k.k16,shil,fixed_k,shil.final_ranker_score,16,1.0,0.9267857142857144,0.9267836130501196,0.1756020603689901,0.9817602040816328,0.25,1.0,0.4,12,0.75,4,0.25,1.0,0.4,12,0.75,16.0,0.0,False,,,,,,,,
S09,S09,1213,1213,OK,shil.validation_one_se,shil,validation_one_se,shil.final_ranker_score,4,1.0,0.9285714285714286,0.9285705174810904,0.1734612169936293,0.9822576530612244,1.0,1.0,1.0,0,0.0,4,1.0,1.0,1.0,0,0.0,,0.0,False,4.0,0.22617832550551895,0.020306888384797203,0.24610764278983238,,,,
S09,S09,1213,1213,OK,shil.cpss_one_se,shil,cpss_one_se,shil.final_development_selection_frequency,4,1.0,0.9285714285714286,0.9285705174810904,0.1734612169936293,0.9822576530612244,1.0,1.0,1.0,0,0.0,4,1.0,1.0,1.0,0,0.0,,,False,,0.22617832550551895,0.020306888384797203,0.24648521389031613,4.0,0.9,4.0,4.0
S09,S09,1213,1213,OK,l1.fixed_k.k01,l1,fixed_k,l1.final_ranker_score,1,1.0,0.7214285714285714,0.7214143578754018,0.5439507252051765,0.7981887755102042,1.0,0.25,0.4,0,0.0,1,1.0,0.25,0.4,0,0.0,1.0,0.0,False,,,,,,,,
S09,S09,1213,1213,OK,l1.fixed_k.k02,l1,fixed_k,l1.final_ranker_score,2,1.0,0.8125,0.8124994021026852,0.3968042872617286,0.9011224489795918,1.0,0.5,0.6666666666666666,0,0.0,2,1.0,0.5,0.6666666666666666,0,0.0,2.0,0.0,False,,,,,,,,
S09,S09,1213,1213,OK,l1.fixed_k.k04,l1,fixed_k,l1.final_ranker_score,4,1.0,0.9285714285714286,0.9285705174810904,0.1734612169936293,0.9822576530612244,1.0,1.0,1.0,0,0.0,4,1.0,1.0,1.0,0,0.0,4.0,0.0,False,,,,,,,,
S09,S09,1213,1213,OK,l1.fixed_k.k08,l1,fixed_k,l1.final_ranker_score,8,1.0,0.925,0.9249961732741466,0.1766604674573546,0.9815688775510204,0.5,1.0,0.6666666666666666,4,0.5,4,0.5,1.0,0.6666666666666666,4,0.5,8.0,0.0,False,,,,,,,,
S09,S09,1213,1213,OK,l1.fixed_k.k16,l1,fixed_k,l1.final_ranker_score,16,1.0,0.9178571428571428,0.917856095103254,0.1903557628632382,0.977704081632653,0.25,1.0,0.4,12,0.75,4,0.25,1.0,0.4,12,0.75,16.0,0.0,False,,,,,,,,
S09,S09,1213,1213,OK,l1.validation_one_se,l1,validation_one_se,l1.final_ranker_score,4,1.0,0.9285714285714286,0.9285705174810904,0.1734612169936293,0.9822576530612244,1.0,1.0,1.0,0,0.0,4,1.0,1.0,1.0,0,0.0,,0.0,False,4.0,0.22617832550551892,0.0203068883847972,0.2464852138903161,,,,
S09,S09,1213,1213,OK,l1.cpss_one_se,l1,cpss_one_se,l1.final_development_selection_frequency,4,1.0,0.9285714285714286,0.9285705174810904,0.1734612169936293,0.9822576530612244,1.0,1.0,1.0,0,0.0,4,1.0,1.0,1.0,0,0.0,,,False,,0.22617832550551895,0.020306888384797203,0.24648521389031613,4.0,0.9,4.0,4.0
S09,S09,1231,1231,OK,shil.fixed_k.k01,shil,fixed_k,shil.final_ranker_score,1,1.0,0.725,0.7249438660951215,0.5424504492969626,0.7995663265306122,1.0,0.25,0.4,0,0.0,1,1.0,0.25,0.4,0,0.0,1.0,0.0,False,,,,,,,,
S09,S09,1231,1231,OK,shil.fixed_k.k02,shil,fixed_k,shil.final_ranker_score,2,1.0,0.8071428571428572,0.8070813397129186,0.4328763667425283,0.8819005102040817,1.0,0.5,0.6666666666666666,0,0.0,2,1.0,0.5,0.6666666666666666,0,0.0,2.0,0.0,False,,,,,,,,
S09,S09,1231,1231,OK,shil.fixed_k.k04,shil,fixed_k,shil.final_ranker_score,4,1.0,0.9089285714285714,0.9089143392940862,0.2043173065940707,0.9749872448979592,1.0,1.0,1.0,0,0.0,4,1.0,1.0,1.0,0,0.0,4.0,0.0,False,,,,,,,,
S09,S09,1231,1231,OK,shil.fixed_k.k08,shil,fixed_k,shil.final_ranker_score,8,1.0,0.9071428571428573,0.9071321962980444,0.2040918981040744,0.9751020408163265,0.5,1.0,0.6666666666666666,4,0.5,4,0.5,1.0,0.6666666666666666,4,0.5,8.0,0.0,False,,,,,,,,
S09,S09,1231,1231,OK,shil.fixed_k.k16,shil,fixed_k,shil.final_ranker_score,16,1.0,0.9035714285714286,0.903560357694123,0.2074299426228768,0.9742857142857144,0.25,1.0,0.4,12,0.75,4,0.25,1.0,0.4,12,0.75,16.0,0.0,False,,,,,,,,
S09,S09,1231,1231,OK,shil.validation_one_se,shil,validation_one_se,shil.final_ranker_score,4,1.0,0.9089285714285714,0.9089143392940862,0.2043173065940707,0.9749872448979592,1.0,1.0,1.0,0,0.0,4,1.0,1.0,1.0,0,0.0,,0.0,False,4.0,0.1911932582432679,0.017721807468894072,0.20891506571216198,,,,
S09,S09,1231,1231,OK,shil.cpss_one_se,shil,cpss_one_se,shil.final_development_selection_frequency,4,1.0,0.9089285714285714,0.9089143392940862,0.2043173065940707,0.9749872448979592,1.0,1.0,1.0,0,0.0,4,1.0,1.0,1.0,0,0.0,,,False,,0.1911932582432679,0.017721807468894072,0.20891506571216198,4.0,0.9,4.0,4.0
S09,S09,1231,1231,OK,l1.fixed_k.k01,l1,fixed_k,l1.final_ranker_score,1,1.0,0.725,0.7249438660951215,0.5424504492969626,0.7995663265306122,1.0,0.25,0.4,0,0.0,1,1.0,0.25,0.4,0,0.0,1.0,0.0,False,,,,,,,,
S09,S09,1231,1231,OK,l1.fixed_k.k02,l1,fixed_k,l1.final_ranker_score,2,1.0,0.7785714285714286,0.77856860419138,0.4752549909792264,0.8528316326530612,1.0,0.5,0.6666666666666666,0,0.0,2,1.0,0.5,0.6666666666666666,0,0.0,2.0,0.0,False,,,,,,,,
S09,S09,1231,1231,OK,l1.fixed_k.k04,l1,fixed_k,l1.final_ranker_score,4,1.0,0.9089285714285714,0.9089143392940862,0.2043173065940707,0.9749872448979592,1.0,1.0,1.0,0,0.0,4,1.0,1.0,1.0,0,0.0,4.0,0.0,False,,,,,,,,
S09,S09,1231,1231,OK,l1.fixed_k.k08,l1,fixed_k,l1.final_ranker_score,8,1.0,0.9125,0.9124863259884356,0.205989646708497,0.9747704081632652,0.5,1.0,0.6666666666666666,4,0.5,4,0.5,1.0,0.6666666666666666,4,0.5,8.0,0.0,False,,,,,,,,
S09,S09,1231,1231,OK,l1.fixed_k.k16,l1,fixed_k,l1.final_ranker_score,16,1.0,0.9089285714285714,0.9088631830873556,0.2200780081685977,0.97125,0.25,1.0,0.4,12,0.75,4,0.25,1.0,0.4,12,0.75,16.0,0.0,False,,,,,,,,
S09,S09,1231,1231,OK,l1.validation_one_se,l1,validation_one_se,l1.final_ranker_score,4,1.0,0.9089285714285714,0.9089143392940862,0.2043173065940707,0.9749872448979592,1.0,1.0,1.0,0,0.0,4,1.0,1.0,1.0,0,0.0,,0.0,False,4.0,0.1911932582432679,0.017721807468894072,0.20891506571216198,,,,
S09,S09,1231,1231,OK,l1.cpss_one_se,l1,cpss_one_se,l1.final_development_selection_frequency,4,1.0,0.9089285714285714,0.9089143392940862,0.2043173065940707,0.9749872448979592,1.0,1.0,1.0,0,0.0,4,1.0,1.0,1.0,0,0.0,,,False,,0.1911932582432679,0.017721807468894072,0.20891506571216198,4.0,0.9,4.0,4.0
S09,S09,1249,1249,OK,shil.fixed_k.k01,shil,fixed_k,shil.final_ranker_score,1,1.0,0.7375,0.7374589779653071,0.5379335810704612,0.8101530612244898,1.0,0.25,0.4,0,0.0,1,1.0,0.25,0.4,0,0.0,1.0,0.0,False,,,,,,,,
S09,S09,1249,1249,OK,shil.fixed_k.k02,shil,fixed_k,shil.final_ranker_score,2,1.0,0.8160714285714286,0.8160708420626341,0.4340436870699948,0.8881122448979591,1.0,0.5,0.6666666666666666,0,0.0,2,1.0,0.5,0.6666666666666666,0,0.0,2.0,0.0,False,,,,,,,,
S09,S09,1249,1249,OK,shil.fixed_k.k04,shil,fixed_k,shil.final_ranker_score,4,1.0,0.9107142857142856,0.9107097300882698,0.1885890102984393,0.9786352040816326,1.0,1.0,1.0,0,0.0,4,1.0,1.0,1.0,0,0.0,4.0,0.0,False,,,,,,,,
S09,S09,1249,1249,OK,shil.fixed_k.k08,shil,fixed_k,shil.final_ranker_score,8,1.0,0.9196428571428572,0.9196426009011508,0.1851322830429337,0.979311224489796,0.5,1.0,0.6666666666666666,4,0.5,4,0.5,1.0,0.6666666666666666,4,0.5,8.0,0.0,False,,,,,,,,
S09,S09,1249,1249,OK,shil.fixed_k.k16,shil,fixed_k,shil.final_ranker_score,16,1.0,0.9214285714285714,0.9214285714285714,0.1878492132243471,0.978673469387755,0.25,1.0,0.4,12,0.75,4,0.25,1.0,0.4,12,0.75,16.0,0.0,False,,,,,,,,
S09,S09,1249,1249,OK,shil.validation_one_se,shil,validation_one_se,shil.final_ranker_score,4,1.0,0.9107142857142856,0.9107097300882698,0.1885890102984393,0.9786352040816326,1.0,1.0,1.0,0,0.0,4,1.0,1.0,1.0,0,0.0,,0.0,False,4.0,0.1871881007641421,0.016098884130967765,0.20094803702245556,,,,
S09,S09,1249,1249,OK,shil.cpss_one_se,shil,cpss_one_se,shil.final_development_selection_frequency,4,1.0,0.9107142857142856,0.9107097300882698,0.1885890102984393,0.9786352040816326,1.0,1.0,1.0,0,0.0,4,1.0,1.0,1.0,0,0.0,,,False,,0.1871881007641421,0.016098884130967765,0.20328698489510988,4.0,0.9,4.0,4.0
S09,S09,1249,1249,OK,l1.fixed_k.k01,l1,fixed_k,l1.final_ranker_score,1,1.0,0.7375,0.7374589779653071,0.5379335810704612,0.8101530612244898,1.0,0.25,0.4,0,0.0,1,1.0,0.25,0.4,0,0.0,1.0,0.0,False,,,,,,,,
S09,S09,1249,1249,OK,l1.fixed_k.k02,l1,fixed_k,l1.final_ranker_score,2,1.0,0.8160714285714286,0.8160708420626341,0.4340436870699948,0.8881122448979591,1.0,0.5,0.6666666666666666,0,0.0,2,1.0,0.5,0.6666666666666666,0,0.0,2.0,0.0,False,,,,,,,,
S09,S09,1249,1249,OK,l1.fixed_k.k04,l1,fixed_k,l1.final_ranker_score,4,1.0,0.9107142857142856,0.9107097300882698,0.1885890102984393,0.9786352040816326,1.0,1.0,1.0,0,0.0,4,1.0,1.0,1.0,0,0.0,4.0,0.0,False,,,,,,,,
S09,S09,1249,1249,OK,l1.fixed_k.k08,l1,fixed_k,l1.final_ranker_score,8,1.0,0.9107142857142856,0.9107097300882698,0.1982587310577193,0.9760204081632652,0.5,1.0,0.6666666666666666,4,0.5,4,0.5,1.0,0.6666666666666666,4,0.5,8.0,0.0,False,,,,,,,,
S09,S09,1249,1249,OK,l1.fixed_k.k16,l1,fixed_k,l1.final_ranker_score,16,1.0,0.9035714285714286,0.903570198599472,0.2115091389283307,0.9726530612244896,0.25,1.0,0.4,12,0.75,4,0.25,1.0,0.4,12,0.75,16.0,0.0,False,,,,,,,,
S09,S09,1249,1249,OK,l1.validation_one_se,l1,validation_one_se,l1.final_ranker_score,4,1.0,0.9107142857142856,0.9107097300882698,0.1885890102984393,0.9786352040816326,1.0,1.0,1.0,0,0.0,4,1.0,1.0,1.0,0,0.0,,0.0,False,4.0,0.1871881007641421,0.016098884130967765,0.20328698489510988,,,,
S09,S09,1249,1249,OK,l1.cpss_one_se,l1,cpss_one_se,l1.final_development_selection_frequency,4,1.0,0.9107142857142856,0.9107097300882698,0.1885890102984393,0.9786352040816326,1.0,1.0,1.0,0,0.0,4,1.0,1.0,1.0,0,0.0,,,False,,0.1871881007641421,0.016098884130967765,0.20328698489510988,4.0,0.9,4.0,4.0
S09,S09,1277,1277,OK,shil.fixed_k.k01,shil,fixed_k,shil.final_ranker_score,1,1.0,0.7357142857142858,0.7355490038416868,0.5397734412441979,0.8015688775510204,1.0,0.25,0.4,0,0.0,1,1.0,0.25,0.4,0,0.0,1.0,0.0,False,,,,,,,,
S09,S09,1277,1277,OK,shil.fixed_k.k02,shil,fixed_k,shil.final_ranker_score,2,1.0,0.8214285714285714,0.8214285714285714,0.406765737907217,0.897563775510204,1.0,0.5,0.6666666666666666,0,0.0,2,1.0,0.5,0.6666666666666666,0,0.0,2.0,0.0,False,,,,,,,,
S09,S09,1277,1277,OK,shil.fixed_k.k04,shil,fixed_k,shil.final_ranker_score,4,1.0,0.9107142857142856,0.910641339869281,0.1942887335040052,0.9789413265306122,1.0,1.0,1.0,0,0.0,4,1.0,1.0,1.0,0,0.0,4.0,0.0,False,,,,,,,,
S09,S09,1277,1277,OK,shil.fixed_k.k08,shil,fixed_k,shil.final_ranker_score,8,1.0,0.9160714285714284,0.9159747030222928,0.1986540856733268,0.9780229591836734,0.5,1.0,0.6666666666666666,4,0.5,4,0.5,1.0,0.6666666666666666,4,0.5,8.0,0.0,False,,,,,,,,
S09,S09,1277,1277,OK,shil.fixed_k.k16,shil,fixed_k,shil.final_ranker_score,16,1.0,0.9125,0.9123767798466592,0.200181199234119,0.9771938775510204,0.25,1.0,0.4,12,0.75,4,0.25,1.0,0.4,12,0.75,16.0,0.0,False,,,,,,,,
S09,S09,1277,1277,OK,shil.validation_one_se,shil,validation_one_se,shil.final_ranker_score,4,1.0,0.9107142857142856,0.910641339869281,0.1942887335040052,0.9789413265306122,1.0,1.0,1.0,0,0.0,4,1.0,1.0,1.0,0,0.0,,0.0,False,4.0,0.23040944432185095,0.02035494794469602,0.25076439226654695,,,,
S09,S09,1277,1277,OK,shil.cpss_one_se,shil,cpss_one_se,shil.final_development_selection_frequency,4,1.0,0.9107142857142856,0.910641339869281,0.1942887335040052,0.9789413265306122,1.0,1.0,1.0,0,0.0,4,1.0,1.0,1.0,0,0.0,,,False,,0.23040944432185095,0.02035494794469602,0.25076439226654695,4.0,0.9,4.0,4.0
S09,S09,1277,1277,OK,l1.fixed_k.k01,l1,fixed_k,l1.final_ranker_score,1,1.0,0.7357142857142858,0.7355490038416868,0.5397734412441979,0.8015688775510204,1.0,0.25,0.4,0,0.0,1,1.0,0.25,0.4,0,0.0,1.0,0.0,False,,,,,,,,
S09,S09,1277,1277,OK,l1.fixed_k.k02,l1,fixed_k,l1.final_ranker_score,2,1.0,0.7571428571428571,0.7571428571428571,0.4678671150081562,0.8537755102040816,1.0,0.5,0.6666666666666666,0,0.0,2,1.0,0.5,0.6666666666666666,0,0.0,2.0,0.0,False,,,,,,,,
S09,S09,1277,1277,OK,l1.fixed_k.k04,l1,fixed_k,l1.final_ranker_score,4,1.0,0.9107142857142856,0.910641339869281,0.1942887335040052,0.9789413265306122,1.0,1.0,1.0,0,0.0,4,1.0,1.0,1.0,0,0.0,4.0,0.0,False,,,,,,,,
S09,S09,1277,1277,OK,l1.fixed_k.k08,l1,fixed_k,l1.final_ranker_score,8,1.0,0.9089285714285714,0.9088445665808096,0.2020891380843224,0.9768367346938776,0.5,1.0,0.6666666666666666,4,0.5,4,0.5,1.0,0.6666666666666666,4,0.5,8.0,0.0,False,,,,,,,,
S09,S09,1277,1277,OK,l1.fixed_k.k16,l1,fixed_k,l1.final_ranker_score,16,1.0,0.9035714285714286,0.9034223738167324,0.2097446729244367,0.9743239795918368,0.25,1.0,0.4,12,0.75,4,0.25,1.0,0.4,12,0.75,16.0,0.0,False,,,,,,,,
S09,S09,1277,1277,OK,l1.validation_one_se,l1,validation_one_se,l1.final_ranker_score,4,1.0,0.9107142857142856,0.910641339869281,0.1942887335040052,0.9789413265306122,1.0,1.0,1.0,0,0.0,4,1.0,1.0,1.0,0,0.0,,0.0,False,4.0,0.23040944432185095,0.020354947944696018,0.25076439226654695,,,,
S09,S09,1277,1277,OK,l1.cpss_one_se,l1,cpss_one_se,l1.final_development_selection_frequency,4,1.0,0.9107142857142856,0.910641339869281,0.1942887335040052,0.9789413265306122,1.0,1.0,1.0,0,0.0,4,1.0,1.0,1.0,0,0.0,,,False,,0.23040944432185095,0.02035494794469602,0.25076439226654695,4.0,0.9,4.0,4.0
S10,S10,1103,1103,OK,shil.fixed_k.k01,shil,fixed_k,shil.final_ranker_score,1,1.0,0.63875,0.6387449198504354,0.6094300911783364,0.71579375,1.0,0.125,0.2222222222222222,0,0.0,1,1.0,0.125,0.2222222222222222,0,0.0,1.0,0.0,False,,,,,,,,
S10,S10,1103,1103,OK,shil.fixed_k.k02,shil,fixed_k,shil.final_ranker_score,2,1.0,0.72625,0.7262461503364891,0.5231769240057106,0.815075,1.0,0.25,0.4,0,0.0,2,1.0,0.25,0.4,0,0.0,2.0,0.0,False,,,,,,,,
S10,S10,1103,1103,OK,shil.fixed_k.k04,shil,fixed_k,shil.final_ranker_score,4,1.0,0.80375,0.8037496933588959,0.4135872735223251,0.8916999999999999,1.0,0.5,0.6666666666666666,0,0.0,4,1.0,0.5,0.6666666666666666,0,0.0,4.0,0.0,False,,,,,,,,
S10,S10,1103,1103,OK,shil.fixed_k.k08,shil,fixed_k,shil.final_ranker_score,8,1.0,0.92375,0.923747021368022,0.1727214338456219,0.98180625,1.0,1.0,1.0,0,0.0,8,1.0,1.0,1.0,0,0.0,8.0,0.0,False,,,,,,,,
S10,S10,1103,1103,OK,shil.fixed_k.k16,shil,fixed_k,shil.final_ranker_score,16,1.0,0.91875,0.9187468260478924,0.1780447315056109,0.98080625,0.5,1.0,0.6666666666666666,8,0.5,8,0.5,1.0,0.6666666666666666,8,0.5,16.0,0.0,False,,,,,,,,
S10,S10,1103,1103,OK,shil.validation_one_se,shil,validation_one_se,shil.final_ranker_score,8,1.0,0.92375,0.923747021368022,0.1727214338456219,0.98180625,1.0,1.0,1.0,0,0.0,8,1.0,1.0,1.0,0,0.0,,0.0,False,8.0,0.15692077209772515,0.014788233084926217,0.17170900518265136,,,,
S10,S10,1103,1103,OK,shil.cpss_one_se,shil,cpss_one_se,shil.final_development_selection_frequency,8,1.0,0.92375,0.923747021368022,0.1727214338456219,0.98180625,1.0,1.0,1.0,0,0.0,8,1.0,1.0,1.0,0,0.0,,,False,,0.15692077209772515,0.014788233084926215,0.17170900518265136,8.0,0.9,8.0,8.0
S10,S10,1103,1103,OK,l1.fixed_k.k01,l1,fixed_k,l1.final_ranker_score,1,1.0,0.63875,0.6387449198504354,0.6094300911783364,0.71579375,1.0,0.125,0.2222222222222222,0,0.0,1,1.0,0.125,0.2222222222222222,0,0.0,1.0,0.0,False,,,,,,,,
S10,S10,1103,1103,OK,l1.fixed_k.k02,l1,fixed_k,l1.final_ranker_score,2,1.0,0.72625,0.7262461503364891,0.5231769240057106,0.815075,1.0,0.25,0.4,0,0.0,2,1.0,0.25,0.4,0,0.0,2.0,0.0,False,,,,,,,,
S10,S10,1103,1103,OK,l1.fixed_k.k04,l1,fixed_k,l1.final_ranker_score,4,1.0,0.80375,0.8037496933588959,0.4135872735223252,0.8916999999999999,1.0,0.5,0.6666666666666666,0,0.0,4,1.0,0.5,0.6666666666666666,0,0.0,4.0,0.0,False,,,,,,,,
S10,S10,1103,1103,OK,l1.fixed_k.k08,l1,fixed_k,l1.final_ranker_score,8,1.0,0.92375,0.923747021368022,0.1727214338456219,0.98180625,1.0,1.0,1.0,0,0.0,8,1.0,1.0,1.0,0,0.0,8.0,0.0,False,,,,,,,,
S10,S10,1103,1103,OK,l1.fixed_k.k16,l1,fixed_k,l1.final_ranker_score,16,1.0,0.91875,0.9187498730466768,0.1797000858943419,0.98093125,0.5,1.0,0.6666666666666666,8,0.5,8,0.5,1.0,0.6666666666666666,8,0.5,16.0,0.0,False,,,,,,,,
S10,S10,1103,1103,OK,l1.validation_one_se,l1,validation_one_se,l1.final_ranker_score,8,1.0,0.92375,0.923747021368022,0.1727214338456219,0.98180625,1.0,1.0,1.0,0,0.0,8,1.0,1.0,1.0,0,0.0,,0.0,False,8.0,0.15692077209772515,0.014788233084926217,0.17170900518265136,,,,
S10,S10,1103,1103,OK,l1.cpss_one_se,l1,cpss_one_se,l1.final_development_selection_frequency,8,1.0,0.92375,0.923747021368022,0.1727214338456219,0.98180625,1.0,1.0,1.0,0,0.0,8,1.0,1.0,1.0,0,0.0,,,False,,0.15692077209772515,0.014788233084926215,0.17170900518265136,8.0,0.9,8.0,8.0
S10,S10,1129,1129,OK,shil.fixed_k.k01,shil,fixed_k,shil.final_ranker_score,1,1.0,0.6125,0.6124127928783976,0.6433902052677122,0.66788125,1.0,0.125,0.2222222222222222,0,0.0,1,1.0,0.125,0.2222222222222222,0,0.0,1.0,0.0,False,,,,,,,,
S10,S10,1129,1129,OK,shil.fixed_k.k02,shil,fixed_k,shil.final_ranker_score,2,1.0,0.6975,0.6974829834178173,0.5662415582992529,0.7738375000000001,1.0,0.25,0.4,0,0.0,2,1.0,0.25,0.4,0,0.0,2.0,0.0,False,,,,,,,,
S10,S10,1129,1129,OK,shil.fixed_k.k04,shil,fixed_k,shil.final_ranker_score,4,1.0,0.78,0.7798885685878476,0.4798499003639496,0.8574250000000001,1.0,0.5,0.6666666666666666,0,0.0,4,1.0,0.5,0.6666666666666666,0,0.0,4.0,0.0,False,,,,,,,,
S10,S10,1129,1129,OK,shil.fixed_k.k08,shil,fixed_k,shil.final_ranker_score,8,1.0,0.9175,0.91749535911395,0.1837299759452977,0.9796125,1.0,1.0,1.0,0,0.0,8,1.0,1.0,1.0,0,0.0,8.0,0.0,False,,,,,,,,
S10,S10,1129,1129,OK,shil.fixed_k.k16,shil,fixed_k,shil.final_ranker_score,16,1.0,0.91875,0.9187498730466768,0.1858747989404218,0.9793125,0.5,1.0,0.6666666666666666,8,0.5,8,0.5,1.0,0.6666666666666666,8,0.5,16.0,0.0,False,,,,,,,,
S10,S10,1129,1129,OK,shil.validation_one_se,shil,validation_one_se,shil.final_ranker_score,8,1.0,0.9175,0.91749535911395,0.1837299759452977,0.9796125,1.0,1.0,1.0,0,0.0,8,1.0,1.0,1.0,0,0.0,,0.0,False,8.0,0.1567136068661798,0.012539455806941402,0.1692530626731212,,,,
S10,S10,1129,1129,OK,shil.cpss_one_se,shil,cpss_one_se,shil.final_development_selection_frequency,8,1.0,0.9175,0.91749535911395,0.1837299759452977,0.9796125,1.0,1.0,1.0,0,0.0,8,1.0,1.0,1.0,0,0.0,,,False,,0.15671360686617983,0.012539455806941402,0.16925306267312124,8.0,0.9,8.0,8.0
S10,S10,1129,1129,OK,l1.fixed_k.k01,l1,fixed_k,l1.final_ranker_score,1,1.0,0.605,0.6045155315261195,0.6346016640695431,0.6738812500000001,1.0,0.125,0.2222222222222222,0,0.0,1,1.0,0.125,0.2222222222222222,0,0.0,1.0,0.0,False,,,,,,,,
S10,S10,1129,1129,OK,l1.fixed_k.k02,l1,fixed_k,l1.final_ranker_score,2,1.0,0.6975,0.6974829834178173,0.5662415582992529,0.7738375000000001,1.0,0.25,0.4,0,0.0,2,1.0,0.25,0.4,0,0.0,2.0,0.0,False,,,,,,,,
S10,S10,1129,1129,OK,l1.fixed_k.k04,l1,fixed_k,l1.final_ranker_score,4,1.0,0.7925,0.7925,0.4417508539380422,0.87620625,1.0,0.5,0.6666666666666666,0,0.0,4,1.0,0.5,0.6666666666666666,0,0.0,4.0,0.0,False,,,,,,,,
S10,S10,1129,1129,OK,l1.fixed_k.k08,l1,fixed_k,l1.final_ranker_score,8,1.0,0.9175,0.91749535911395,0.1837299759452977,0.9796125,1.0,1.0,1.0,0,0.0,8,1.0,1.0,1.0,0,0.0,8.0,0.0,False,,,,,,,,
S10,S10,1129,1129,OK,l1.fixed_k.k16,l1,fixed_k,l1.final_ranker_score,16,1.0,0.91625,0.916239399048942,0.1915043455771417,0.97856875,0.5,1.0,0.6666666666666666,8,0.5,8,0.5,1.0,0.6666666666666666,8,0.5,16.0,0.0,False,,,,,,,,
S10,S10,1129,1129,OK,l1.validation_one_se,l1,validation_one_se,l1.final_ranker_score,8,1.0,0.9175,0.91749535911395,0.1837299759452977,0.9796125,1.0,1.0,1.0,0,0.0,8,1.0,1.0,1.0,0,0.0,,0.0,False,8.0,0.15671360686617983,0.012539455806941406,0.16925306267312124,,,,
S10,S10,1129,1129,OK,l1.cpss_one_se,l1,cpss_one_se,l1.final_development_selection_frequency,8,1.0,0.9175,0.91749535911395,0.1837299759452977,0.9796125,1.0,1.0,1.0,0,0.0,8,1.0,1.0,1.0,0,0.0,,,False,,0.15671360686617983,0.012539455806941402,0.16925306267312124,8.0,0.9,8.0,8.0
S10,S10,1151,1151,OK,shil.fixed_k.k01,shil,fixed_k,shil.final_ranker_score,1,1.0,0.63125,0.6312217654164147,0.6288411148479954,0.68693125,1.0,0.125,0.2222222222222222,0,0.0,1,1.0,0.125,0.2222222222222222,0,0.0,1.0,0.0,False,,,,,,,,
S10,S10,1151,1151,OK,shil.fixed_k.k02,shil,fixed_k,shil.final_ranker_score,2,1.0,0.69375,0.693745693298812,0.5492175571460077,0.7856624999999999,1.0,0.25,0.4,0,0.0,2,1.0,0.25,0.4,0,0.0,2.0,0.0,False,,,,,,,,
S10,S10,1151,1151,OK,shil.fixed_k.k04,shil,fixed_k,shil.final_ranker_score,4,1.0,0.78875,0.7887338249334714,0.4436561206731197,0.873275,1.0,0.5,0.6666666666666666,0,0.0,4,1.0,0.5,0.6666666666666666,0,0.0,4.0,0.0,False,,,,,,,,
S10,S10,1151,1151,OK,shil.fixed_k.k08,shil,fixed_k,shil.final_ranker_score,8,1.0,0.91625,0.9162341630214462,0.172572114630598,0.9813875,1.0,1.0,1.0,0,0.0,8,1.0,1.0,1.0,0,0.0,8.0,0.0,False,,,,,,,,
S10,S10,1151,1151,OK,shil.fixed_k.k16,shil,fixed_k,shil.final_ranker_score,16,1.0,0.915,0.9149808706959066,0.1803586327653258,0.979875,0.5,1.0,0.6666666666666666,8,0.5,8,0.5,1.0,0.6666666666666666,8,0.5,16.0,0.0,False,,,,,,,,
S10,S10,1151,1151,OK,shil.validation_one_se,shil,validation_one_se,shil.final_ranker_score,8,1.0,0.91625,0.9162341630214462,0.172572114630598,0.9813875,1.0,1.0,1.0,0,0.0,8,1.0,1.0,1.0,0,0.0,,0.0,False,8.0,0.16836841833421848,0.013987541928548071,0.18235596026276654,,,,
S10,S10,1151,1151,OK,shil.cpss_one_se,shil,cpss_one_se,shil.final_development_selection_frequency,8,1.0,0.91625,0.9162341630214462,0.1725721146305979,0.9813875,1.0,1.0,1.0,0,0.0,8,1.0,1.0,1.0,0,0.0,,,False,,0.16836841833421842,0.01398754192854807,0.1823559602627665,8.0,0.9,8.0,8.0
S10,S10,1151,1151,OK,l1.fixed_k.k01,l1,fixed_k,l1.final_ranker_score,1,1.0,0.63125,0.6312217654164147,0.6288411148479954,0.68693125,1.0,0.125,0.2222222222222222,0,0.0,1,1.0,0.125,0.2222222222222222,0,0.0,1.0,0.0,False,,,,,,,,
S10,S10,1151,1151,OK,l1.fixed_k.k02,l1,fixed_k,l1.final_ranker_score,2,1.0,0.69375,0.693745693298812,0.5492175571460077,0.7856624999999999,1.0,0.25,0.4,0,0.0,2,1.0,0.25,0.4,0,0.0,2.0,0.0,False,,,,,,,,
S10,S10,1151,1151,OK,l1.fixed_k.k04,l1,fixed_k,l1.final_ranker_score,4,1.0,0.765,0.7649985312408203,0.4465273033225182,0.86875,1.0,0.5,0.6666666666666666,0,0.0,4,1.0,0.5,0.6666666666666666,0,0.0,4.0,0.0,False,,,,,,,,
S10,S10,1151,1151,OK,l1.fixed_k.k08,l1,fixed_k,l1.final_ranker_score,8,1.0,0.91625,0.9162341630214462,0.1725721146305979,0.9813875,1.0,1.0,1.0,0,0.0,8,1.0,1.0,1.0,0,0.0,8.0,0.0,False,,,,,,,,
S10,S10,1151,1151,OK,l1.fixed_k.k16,l1,fixed_k,l1.final_ranker_score,16,1.0,0.9125,0.9124863259884356,0.18585692800303,0.97861875,0.5,1.0,0.6666666666666666,8,0.5,8,0.5,1.0,0.6666666666666666,8,0.5,16.0,0.0,False,,,,,,,,
S10,S10,1151,1151,OK,l1.validation_one_se,l1,validation_one_se,l1.final_ranker_score,8,1.0,0.91625,0.9162341630214462,0.1725721146305979,0.9813875,1.0,1.0,1.0,0,0.0,8,1.0,1.0,1.0,0,0.0,,0.0,False,8.0,0.16836841833421848,0.013987541928548071,0.18235596026276654,,,,
S10,S10,1151,1151,OK,l1.cpss_one_se,l1,cpss_one_se,l1.final_development_selection_frequency,8,1.0,0.91625,0.9162341630214462,0.1725721146305979,0.9813875,1.0,1.0,1.0,0,0.0,8,1.0,1.0,1.0,0,0.0,,,False,,0.16836841833421842,0.01398754192854807,0.1823559602627665,8.0,0.9,8.0,8.0
S10,S10,1171,1171,OK,shil.fixed_k.k01,shil,fixed_k,shil.final_ranker_score,1,1.0,0.6325,0.6323874186469607,0.6299530266656085,0.69649375,1.0,0.125,0.2222222222222222,0,0.0,1,1.0,0.125,0.2222222222222222,0,0.0,1.0,0.0,False,,,,,,,,
S10,S10,1171,1171,OK,shil.fixed_k.k02,shil,fixed_k,shil.final_ranker_score,2,1.0,0.71125,0.7112134504523229,0.5648289990046376,0.78064375,1.0,0.25,0.4,0,0.0,2,1.0,0.25,0.4,0,0.0,2.0,0.0,False,,,,,,,,
S10,S10,1171,1171,OK,shil.fixed_k.k04,shil,fixed_k,shil.final_ranker_score,4,1.0,0.785,0.784891101119942,0.4387746463538722,0.8796625,1.0,0.5,0.6666666666666666,0,0.0,4,1.0,0.5,0.6666666666666666,0,0.0,4.0,0.0,False,,,,,,,,
S10,S10,1171,1171,OK,shil.fixed_k.k08,shil,fixed_k,shil.final_ranker_score,8,1.0,0.9275,0.9274959216455926,0.1645835833120136,0.9835125,1.0,1.0,1.0,0,0.0,8,1.0,1.0,1.0,0,0.0,8.0,0.0,False,,,,,,,,
S10,S10,1171,1171,OK,shil.fixed_k.k16,shil,fixed_k,shil.final_ranker_score,16,1.0,0.9325,0.9324932493249324,0.1663720640677514,0.983025,0.5,1.0,0.6666666666666666,8,0.5,8,0.5,1.0,0.6666666666666666,8,0.5,16.0,0.0,False,,,,,,,,
S10,S10,1171,1171,OK,shil.validation_one_se,shil,validation_one_se,shil.final_ranker_score,8,1.0,0.9275,0.9274959216455926,0.1645835833120136,0.9835125,1.0,1.0,1.0,0,0.0,8,1.0,1.0,1.0,0,0.0,,0.0,False,8.0,0.130082208289355,0.01172630466631756,0.14180851295567254,,,,
S10,S10,1171,1171,OK,shil.cpss_one_se,shil,cpss_one_se,shil.final_development_selection_frequency,8,1.0,0.9275,0.9274959216455926,0.1645835833120136,0.9835125,1.0,1.0,1.0,0,0.0,8,1.0,1.0,1.0,0,0.0,,,False,,0.130082208289355,0.01172630466631756,0.14180851295567254,8.0,0.9,8.0,8.0
S10,S10,1171,1171,OK,l1.fixed_k.k01,l1,fixed_k,l1.final_ranker_score,1,1.0,0.6325,0.6323874186469607,0.6299530266656085,0.69649375,1.0,0.125,0.2222222222222222,0,0.0,1,1.0,0.125,0.2222222222222222,0,0.0,1.0,0.0,False,,,,,,,,
S10,S10,1171,1171,OK,l1.fixed_k.k02,l1,fixed_k,l1.final_ranker_score,2,1.0,0.71125,0.7112134504523229,0.5648289990046376,0.78064375,1.0,0.25,0.4,0,0.0,2,1.0,0.25,0.4,0,0.0,2.0,0.0,False,,,,,,,,
S10,S10,1171,1171,OK,l1.fixed_k.k04,l1,fixed_k,l1.final_ranker_score,4,1.0,0.785,0.784891101119942,0.4387746463538722,0.8796625,1.0,0.5,0.6666666666666666,0,0.0,4,1.0,0.5,0.6666666666666666,0,0.0,4.0,0.0,False,,,,,,,,
S10,S10,1171,1171,OK,l1.fixed_k.k08,l1,fixed_k,l1.final_ranker_score,8,1.0,0.9275,0.9274959216455926,0.1645835833120136,0.9835125,1.0,1.0,1.0,0,0.0,8,1.0,1.0,1.0,0,0.0,8.0,0.0,False,,,,,,,,
S10,S10,1171,1171,OK,l1.fixed_k.k16,l1,fixed_k,l1.final_ranker_score,16,1.0,0.9325,0.9324962029114138,0.163623638921835,0.98343125,0.5,1.0,0.6666666666666666,8,0.5,8,0.5,1.0,0.6666666666666666,8,0.5,16.0,0.0,False,,,,,,,,
S10,S10,1171,1171,OK,l1.validation_one_se,l1,validation_one_se,l1.final_ranker_score,8,1.0,0.9275,0.9274959216455926,0.1645835833120136,0.9835125,1.0,1.0,1.0,0,0.0,8,1.0,1.0,1.0,0,0.0,,0.0,False,8.0,0.130082208289355,0.011726304666317557,0.14180851295567254,,,,
S10,S10,1171,1171,OK,l1.cpss_one_se,l1,cpss_one_se,l1.final_development_selection_frequency,8,1.0,0.9275,0.9274959216455926,0.1645835833120136,0.9835125,1.0,1.0,1.0,0,0.0,8,1.0,1.0,1.0,0,0.0,,,False,,0.130082208289355,0.01172630466631756,0.14180851295567254,8.0,0.9,8.0,8.0
S10,S10,1181,1181,OK,shil.fixed_k.k01,shil,fixed_k,shil.final_ranker_score,1,1.0,0.64125,0.6408993157380254,0.617655684574521,0.7063625,1.0,0.125,0.2222222222222222,0,0.0,1,1.0,0.125,0.2222222222222222,0,0.0,1.0,0.0,False,,,,,,,,
S10,S10,1181,1181,OK,shil.fixed_k.k02,shil,fixed_k,shil.final_ranker_score,2,1.0,0.68375,0.6837455526718345,0.5511545624098971,0.78565625,1.0,0.25,0.4,0,0.0,2,1.0,0.25,0.4,0,0.0,2.0,0.0,False,,,,,,,,
S10,S10,1181,1181,OK,shil.fixed_k.k04,shil,fixed_k,shil.final_ranker_score,4,1.0,0.79625,0.7962242096265308,0.419318213110734,0.8883000000000001,1.0,0.5,0.6666666666666666,0,0.0,4,1.0,0.5,0.6666666666666666,0,0.0,4.0,0.0,False,,,,,,,,
S10,S10,1181,1181,OK,shil.fixed_k.k08,shil,fixed_k,shil.final_ranker_score,8,1.0,0.92,0.9199874980465698,0.1734433863381921,0.98204375,1.0,1.0,1.0,0,0.0,8,1.0,1.0,1.0,0,0.0,8.0,0.0,False,,,,,,,,
S10,S10,1181,1181,OK,shil.fixed_k.k16,shil,fixed_k,shil.final_ranker_score,16,1.0,0.91875,0.9187397154952424,0.1748920168068762,0.98153125,0.5,1.0,0.6666666666666666,8,0.5,8,0.5,1.0,0.6666666666666666,8,0.5,16.0,0.0,False,,,,,,,,
S10,S10,1181,1181,OK,shil.validation_one_se,shil,validation_one_se,shil.final_ranker_score,8,1.0,0.92,0.9199874980465698,0.1734433863381921,0.98204375,1.0,1.0,1.0,0,0.0,8,1.0,1.0,1.0,0,0.0,,0.0,False,8.0,0.16552884462238737,0.01321971565026671,0.1787485602726541,,,,
S10,S10,1181,1181,OK,shil.cpss_one_se,shil,cpss_one_se,shil.final_development_selection_frequency,8,1.0,0.92,0.9199874980465698,0.1734433863381921,0.98204375,1.0,1.0,1.0,0,0.0,8,1.0,1.0,1.0,0,0.0,,,False,,0.16552884462238737,0.01321971565026671,0.1787485602726541,8.0,0.9,8.0,8.0
S10,S10,1181,1181,OK,l1.fixed_k.k01,l1,fixed_k,l1.final_ranker_score,1,1.0,0.64125,0.6408993157380254,0.617655684574521,0.7063625,1.0,0.125,0.2222222222222222,0,0.0,1,1.0,0.125,0.2222222222222222,0,0.0,1.0,0.0,False,,,,,,,,
S10,S10,1181,1181,OK,l1.fixed_k.k02,l1,fixed_k,l1.final_ranker_score,2,1.0,0.68375,0.6837455526718345,0.5511545624098971,0.78565625,1.0,0.25,0.4,0,0.0,2,1.0,0.25,0.4,0,0.0,2.0,0.0,False,,,,,,,,
S10,S10,1181,1181,OK,l1.fixed_k.k04,l1,fixed_k,l1.final_ranker_score,4,1.0,0.79625,0.7962242096265308,0.419318213110734,0.8883000000000001,1.0,0.5,0.6666666666666666,0,0.0,4,1.0,0.5,0.6666666666666666,0,0.0,4.0,0.0,False,,,,,,,,
S10,S10,1181,1181,OK,l1.fixed_k.k08,l1,fixed_k,l1.final_ranker_score,8,1.0,0.92,0.9199874980465698,0.1734433863381921,0.98204375,1.0,1.0,1.0,0,0.0,8,1.0,1.0,1.0,0,0.0,8.0,0.0,False,,,,,,,,
S10,S10,1181,1181,OK,l1.fixed_k.k16,l1,fixed_k,l1.final_ranker_score,16,1.0,0.92625,0.926240664834143,0.1791825041666666,0.9808875,0.5,1.0,0.6666666666666666,8,0.5,8,0.5,1.0,0.6666666666666666,8,0.5,16.0,0.0,False,,,,,,,,
S10,S10,1181,1181,OK,l1.validation_one_se,l1,validation_one_se,l1.final_ranker_score,8,1.0,0.92,0.9199874980465698,0.1734433863381921,0.98204375,1.0,1.0,1.0,0,0.0,8,1.0,1.0,1.0,0,0.0,,0.0,False,8.0,0.16552884462238737,0.01321971565026671,0.1787485602726541,,,,
S10,S10,1181,1181,OK,l1.cpss_one_se,l1,cpss_one_se,l1.final_development_selection_frequency,8,1.0,0.92,0.9199874980465698,0.1734433863381921,0.98204375,1.0,1.0,1.0,0,0.0,8,1.0,1.0,1.0,0,0.0,,,False,,0.16552884462238737,0.01321971565026671,0.1787485602726541,8.0,0.9,8.0,8.0
S10,S10,1201,1201,OK,shil.fixed_k.k01,shil,fixed_k,shil.final_ranker_score,1,1.0,0.6225,0.6223087938268749,0.6190476470759368,0.69113125,1.0,0.125,0.2222222222222222,0,0.0,1,1.0,0.125,0.2222222222222222,0,0.0,1.0,0.0,False,,,,,,,,
S10,S10,1201,1201,OK,shil.fixed_k.k02,shil,fixed_k,shil.final_ranker_score,2,1.0,0.6925,0.6924980781129881,0.5404420089823196,0.7910187499999999,1.0,0.25,0.4,0,0.0,2,1.0,0.25,0.4,0,0.0,2.0,0.0,False,,,,,,,,
S10,S10,1201,1201,OK,shil.fixed_k.k04,shil,fixed_k,shil.final_ranker_score,4,1.0,0.78625,0.7862095802487659,0.4547328007025991,0.868,1.0,0.5,0.6666666666666666,0,0.0,4,1.0,0.5,0.6666666666666666,0,0.0,4.0,0.0,False,,,,,,,,
S10,S10,1201,1201,OK,shil.fixed_k.k08,shil,fixed_k,shil.final_ranker_score,8,1.0,0.93875,0.9387491386597624,0.1539249065002652,0.98603125,1.0,1.0,1.0,0,0.0,8,1.0,1.0,1.0,0,0.0,8.0,0.0,False,,,,,,,,
S10,S10,1201,1201,OK,shil.fixed_k.k16,shil,fixed_k,shil.final_ranker_score,16,1.0,0.94,0.9399996249976562,0.1561558617249515,0.9853375,0.5,1.0,0.6666666666666666,8,0.5,8,0.5,1.0,0.6666666666666666,8,0.5,16.0,0.0,False,,,,,,,,
S10,S10,1201,1201,OK,shil.validation_one_se,shil,validation_one_se,shil.final_ranker_score,8,1.0,0.93875,0.9387491386597624,0.1539249065002652,0.98603125,1.0,1.0,1.0,0,0.0,8,1.0,1.0,1.0,0,0.0,,0.0,False,8.0,0.1451753721413246,0.012402910878528118,0.15757828301985272,,,,
S10,S10,1201,1201,OK,shil.cpss_one_se,shil,cpss_one_se,shil.final_development_selection_frequency,8,1.0,0.93875,0.9387491386597624,0.1539249065002652,0.98603125,1.0,1.0,1.0,0,0.0,8,1.0,1.0,1.0,0,0.0,,,False,,0.1451753721413246,0.01240291087852812,0.15757828301985272,8.0,0.9,8.0,8.0
S10,S10,1201,1201,OK,l1.fixed_k.k01,l1,fixed_k,l1.final_ranker_score,1,1.0,0.6225,0.6223087938268749,0.6190476470759368,0.69113125,1.0,0.125,0.2222222222222222,0,0.0,1,1.0,0.125,0.2222222222222222,0,0.0,1.0,0.0,False,,,,,,,,
S10,S10,1201,1201,OK,l1.fixed_k.k02,l1,fixed_k,l1.final_ranker_score,2,1.0,0.6925,0.6924980781129881,0.5404420089823196,0.7910187499999999,1.0,0.25,0.4,0,0.0,2,1.0,0.25,0.4,0,0.0,2.0,0.0,False,,,,,,,,
S10,S10,1201,1201,OK,l1.fixed_k.k04,l1,fixed_k,l1.final_ranker_score,4,1.0,0.7925,0.7923130817735962,0.4344282200797657,0.88013125,1.0,0.5,0.6666666666666666,0,0.0,4,1.0,0.5,0.6666666666666666,0,0.0,4.0,0.0,False,,,,,,,,
S10,S10,1201,1201,OK,l1.fixed_k.k08,l1,fixed_k,l1.final_ranker_score,8,1.0,0.93875,0.9387491386597624,0.1539249065002652,0.98603125,1.0,1.0,1.0,0,0.0,8,1.0,1.0,1.0,0,0.0,8.0,0.0,False,,,,,,,,
S10,S10,1201,1201,OK,l1.fixed_k.k16,l1,fixed_k,l1.final_ranker_score,16,1.0,0.93625,0.9362451187669056,0.1652716234976013,0.98351875,0.5,1.0,0.6666666666666666,8,0.5,8,0.5,1.0,0.6666666666666666,8,0.5,16.0,0.0,False,,,,,,,,
S10,S10,1201,1201,OK,l1.validation_one_se,l1,validation_one_se,l1.final_ranker_score,8,1.0,0.93875,0.9387491386597624,0.1539249065002652,0.98603125,1.0,1.0,1.0,0,0.0,8,1.0,1.0,1.0,0,0.0,,0.0,False,8.0,0.1451753721413246,0.012402910878528118,0.15757828301985272,,,,
S10,S10,1201,1201,OK,l1.cpss_one_se,l1,cpss_one_se,l1.final_development_selection_frequency,8,1.0,0.93875,0.9387491386597624,0.1539249065002652,0.98603125,1.0,1.0,1.0,0,0.0,8,1.0,1.0,1.0,0,0.0,,,False,,0.1451753721413246,0.01240291087852812,0.15757828301985272,8.0,0.9,8.0,8.0
S10,S10,1213,1213,OK,shil.fixed_k.k01,shil,fixed_k,shil.final_ranker_score,1,1.0,0.61125,0.6112202340491695,0.6348077434238626,0.6695375,1.0,0.125,0.2222222222222222,0,0.0,1,1.0,0.125,0.2222222222222222,0,0.0,1.0,0.0,False,,,,,,,,
S10,S10,1213,1213,OK,shil.fixed_k.k02,shil,fixed_k,shil.final_ranker_score,2,1.0,0.70125,0.7012271252017732,0.5578947986838622,0.7779249999999999,1.0,0.25,0.4,0,0.0,2,1.0,0.25,0.4,0,0.0,2.0,0.0,False,,,,,,,,
S10,S10,1213,1213,OK,shil.fixed_k.k04,shil,fixed_k,shil.final_ranker_score,4,1.0,0.79875,0.7987421383647799,0.4237779053775246,0.88425,1.0,0.5,0.6666666666666666,0,0.0,4,1.0,0.5,0.6666666666666666,0,0.0,4.0,0.0,False,,,,,,,,
S10,S10,1213,1213,OK,shil.fixed_k.k08,shil,fixed_k,shil.final_ranker_score,8,1.0,0.93375,0.933744927346,0.155809577533812,0.98548125,1.0,1.0,1.0,0,0.0,8,1.0,1.0,1.0,0,0.0,8.0,0.0,False,,,,,,,,
S10,S10,1213,1213,OK,shil.fixed_k.k16,shil,fixed_k,shil.final_ranker_score,16,1.0,0.9325,0.9324995781223632,0.1595006918380614,0.98469375,0.5,1.0,0.6666666666666666,8,0.5,8,0.5,1.0,0.6666666666666666,8,0.5,16.0,0.0,False,,,,,,,,
S10,S10,1213,1213,OK,shil.validation_one_se,shil,validation_one_se,shil.final_ranker_score,8,1.0,0.93375,0.933744927346,0.155809577533812,0.98548125,1.0,1.0,1.0,0,0.0,8,1.0,1.0,1.0,0,0.0,,0.0,False,8.0,0.14004399324817893,0.011002075831790694,0.15104606907996962,,,,
S10,S10,1213,1213,OK,shil.cpss_one_se,shil,cpss_one_se,shil.final_development_selection_frequency,8,1.0,0.93375,0.933744927346,0.155809577533812,0.98548125,1.0,1.0,1.0,0,0.0,8,1.0,1.0,1.0,0,0.0,,,False,,0.1400439932481789,0.011002075831790694,0.1510460690799696,8.0,0.9,8.0,8.0
S10,S10,1213,1213,OK,l1.fixed_k.k01,l1,fixed_k,l1.final_ranker_score,1,1.0,0.61125,0.6112202340491695,0.6348077434238626,0.6695375,1.0,0.125,0.2222222222222222,0,0.0,1,1.0,0.125,0.2222222222222222,0,0.0,1.0,0.0,False,,,,,,,,
S10,S10,1213,1213,OK,l1.fixed_k.k02,l1,fixed_k,l1.final_ranker_score,2,1.0,0.70125,0.7012271252017732,0.5578947986838622,0.7779249999999999,1.0,0.25,0.4,0,0.0,2,1.0,0.25,0.4,0,0.0,2.0,0.0,False,,,,,,,,
S10,S10,1213,1213,OK,l1.fixed_k.k04,l1,fixed_k,l1.final_ranker_score,4,1.0,0.79875,0.7987421383647799,0.4237779053775246,0.88425,1.0,0.5,0.6666666666666666,0,0.0,4,1.0,0.5,0.6666666666666666,0,0.0,4.0,0.0,False,,,,,,,,
S10,S10,1213,1213,OK,l1.fixed_k.k08,l1,fixed_k,l1.final_ranker_score,8,1.0,0.93375,0.933744927346,0.1558095775338119,0.98548125,1.0,1.0,1.0,0,0.0,8,1.0,1.0,1.0,0,0.0,8.0,0.0,False,,,,,,,,
S10,S10,1213,1213,OK,l1.fixed_k.k16,l1,fixed_k,l1.final_ranker_score,16,1.0,0.925,0.925,0.1648197946899655,0.98324375,0.5,1.0,0.6666666666666666,8,0.5,8,0.5,1.0,0.6666666666666666,8,0.5,16.0,0.0,False,,,,,,,,
S10,S10,1213,1213,OK,l1.validation_one_se,l1,validation_one_se,l1.final_ranker_score,8,1.0,0.93375,0.933744927346,0.1558095775338119,0.98548125,1.0,1.0,1.0,0,0.0,8,1.0,1.0,1.0,0,0.0,,0.0,False,8.0,0.1400439932481789,0.011002075831790694,0.1510460690799696,,,,
S10,S10,1213,1213,OK,l1.cpss_one_se,l1,cpss_one_se,l1.final_development_selection_frequency,8,1.0,0.93375,0.933744927346,0.155809577533812,0.98548125,1.0,1.0,1.0,0,0.0,8,1.0,1.0,1.0,0,0.0,,,False,,0.1400439932481789,0.011002075831790694,0.1510460690799696,8.0,0.9,8.0,8.0
S10,S10,1231,1231,OK,shil.fixed_k.k01,shil,fixed_k,shil.final_ranker_score,1,1.0,0.62125,0.621220999732792,0.6211048197591198,0.6919062499999998,1.0,0.125,0.2222222222222222,0,0.0,1,1.0,0.125,0.2222222222222222,0,0.0,1.0,0.0,False,,,,,,,,
S10,S10,1231,1231,OK,shil.fixed_k.k02,shil,fixed_k,shil.final_ranker_score,2,1.0,0.695,0.6949828427849067,0.5607838789624335,0.77109375,1.0,0.25,0.4,0,0.0,2,1.0,0.25,0.4,0,0.0,2.0,0.0,False,,,,,,,,
S10,S10,1231,1231,OK,shil.fixed_k.k04,shil,fixed_k,shil.final_ranker_score,4,1.0,0.7825,0.7824945623640591,0.4382304075660781,0.8739,1.0,0.5,0.6666666666666666,0,0.0,4,1.0,0.5,0.6666666666666666,0,0.0,4.0,0.0,False,,,,,,,,
S10,S10,1231,1231,OK,shil.fixed_k.k08,shil,fixed_k,shil.final_ranker_score,8,1.0,0.94,0.93999399939994,0.150478909826374,0.98626875,1.0,1.0,1.0,0,0.0,8,1.0,1.0,1.0,0,0.0,8.0,0.0,False,,,,,,,,
S10,S10,1231,1231,OK,shil.fixed_k.k16,shil,fixed_k,shil.final_ranker_score,16,1.0,0.94,0.93999399939994,0.1499380218883776,0.98635625,0.5,1.0,0.6666666666666666,8,0.5,8,0.5,1.0,0.6666666666666666,8,0.5,16.0,0.0,False,,,,,,,,
S10,S10,1231,1231,OK,shil.validation_one_se,shil,validation_one_se,shil.final_ranker_score,8,1.0,0.94,0.93999399939994,0.150478909826374,0.98626875,1.0,1.0,1.0,0,0.0,8,1.0,1.0,1.0,0,0.0,,0.0,False,8.0,0.15724391300999574,0.012355356578649463,0.1695992695886452,,,,
S10,S10,1231,1231,OK,shil.cpss_one_se,shil,cpss_one_se,shil.final_development_selection_frequency,8,1.0,0.94,0.93999399939994,0.150478909826374,0.98626875,1.0,1.0,1.0,0,0.0,8,1.0,1.0,1.0,0,0.0,,,False,,0.15724391300999574,0.012355356578649463,0.1695992695886452,8.0,0.8,8.0,8.0
S10,S10,1231,1231,OK,l1.fixed_k.k01,l1,fixed_k,l1.final_ranker_score,1,1.0,0.62125,0.621220999732792,0.6211048197591198,0.6919062499999998,1.0,0.125,0.2222222222222222,0,0.0,1,1.0,0.125,0.2222222222222222,0,0.0,1.0,0.0,False,,,,,,,,
S10,S10,1231,1231,OK,l1.fixed_k.k02,l1,fixed_k,l1.final_ranker_score,2,1.0,0.695,0.6949828427849067,0.5607838789624335,0.77109375,1.0,0.25,0.4,0,0.0,2,1.0,0.25,0.4,0,0.0,2.0,0.0,False,,,,,,,,
S10,S10,1231,1231,OK,l1.fixed_k.k04,l1,fixed_k,l1.final_ranker_score,4,1.0,0.7825,0.7824945623640591,0.4382304075660781,0.8739,1.0,0.5,0.6666666666666666,0,0.0,4,1.0,0.5,0.6666666666666666,0,0.0,4.0,0.0,False,,,,,,,,
S10,S10,1231,1231,OK,l1.fixed_k.k08,l1,fixed_k,l1.final_ranker_score,8,1.0,0.94,0.93999399939994,0.150478909826374,0.98626875,1.0,1.0,1.0,0,0.0,8,1.0,1.0,1.0,0,0.0,8.0,0.0,False,,,,,,,,
S10,S10,1231,1231,OK,l1.fixed_k.k16,l1,fixed_k,l1.final_ranker_score,16,1.0,0.93375,0.933744927346,0.1512389891009255,0.98596875,0.5,1.0,0.6666666666666666,8,0.5,8,0.5,1.0,0.6666666666666666,8,0.5,16.0,0.0,False,,,,,,,,
S10,S10,1231,1231,OK,l1.validation_one_se,l1,validation_one_se,l1.final_ranker_score,8,1.0,0.94,0.93999399939994,0.150478909826374,0.98626875,1.0,1.0,1.0,0,0.0,8,1.0,1.0,1.0,0,0.0,,0.0,False,8.0,0.1572439130099957,0.012355356578649463,0.16959926958864519,,,,
S10,S10,1231,1231,OK,l1.cpss_one_se,l1,cpss_one_se,l1.final_development_selection_frequency,8,1.0,0.94,0.93999399939994,0.150478909826374,0.98626875,1.0,1.0,1.0,0,0.0,8,1.0,1.0,1.0,0,0.0,,,False,,0.15724391300999574,0.012355356578649463,0.1695992695886452,8.0,0.9,8.0,8.0
S10,S10,1249,1249,OK,shil.fixed_k.k01,shil,fixed_k,shil.final_ranker_score,1,1.0,0.63375,0.63362119495135,0.6256994454878999,0.69354375,1.0,0.125,0.2222222222222222,0,0.0,1,1.0,0.125,0.2222222222222222,0,0.0,1.0,0.0,False,,,,,,,,
S10,S10,1249,1249,OK,shil.fixed_k.k02,shil,fixed_k,shil.final_ranker_score,2,1.0,0.71,0.7099111602928396,0.5794205858953414,0.77184375,1.0,0.25,0.4,0,0.0,2,1.0,0.25,0.4,0,0.0,2.0,0.0,False,,,,,,,,
S10,S10,1249,1249,OK,shil.fixed_k.k04,shil,fixed_k,shil.final_ranker_score,4,1.0,0.78625,0.7861293635941523,0.4646549086930042,0.8618812499999999,1.0,0.5,0.6666666666666666,0,0.0,4,1.0,0.5,0.6666666666666666,0,0.0,4.0,0.0,False,,,,,,,,
S10,S10,1249,1249,OK,shil.fixed_k.k08,shil,fixed_k,shil.final_ranker_score,8,1.0,0.90875,0.9087430131369432,0.2086938961356116,0.97368125,1.0,1.0,1.0,0,0.0,8,1.0,1.0,1.0,0,0.0,8.0,0.0,False,,,,,,,,
S10,S10,1249,1249,OK,shil.fixed_k.k16,shil,fixed_k,shil.final_ranker_score,16,1.0,0.9125,0.912499453121582,0.2142041421019504,0.97279375,0.5,1.0,0.6666666666666666,8,0.5,8,0.5,1.0,0.6666666666666666,8,0.5,16.0,0.0,False,,,,,,,,
S10,S10,1249,1249,OK,shil.validation_one_se,shil,validation_one_se,shil.final_ranker_score,8,1.0,0.90875,0.9087430131369432,0.2086938961356116,0.97368125,1.0,1.0,1.0,0,0.0,8,1.0,1.0,1.0,0,0.0,,0.0,False,8.0,0.20811103859528007,0.016928071074249186,0.22234176091759666,,,,
S10,S10,1249,1249,OK,shil.cpss_one_se,shil,cpss_one_se,shil.final_development_selection_frequency,8,1.0,0.90875,0.9087430131369432,0.2086938961356116,0.97368125,1.0,1.0,1.0,0,0.0,8,1.0,1.0,1.0,0,0.0,,,False,,0.20811103859528007,0.016928071074249186,0.22503910966952925,8.0,0.9,8.0,8.0
S10,S10,1249,1249,OK,l1.fixed_k.k01,l1,fixed_k,l1.final_ranker_score,1,1.0,0.63375,0.63362119495135,0.6256994454878999,0.69354375,1.0,0.125,0.2222222222222222,0,0.0,1,1.0,0.125,0.2222222222222222,0,0.0,1.0,0.0,False,,,,,,,,
S10,S10,1249,1249,OK,l1.fixed_k.k02,l1,fixed_k,l1.final_ranker_score,2,1.0,0.71,0.7099111602928396,0.5794205858953414,0.77184375,1.0,0.25,0.4,0,0.0,2,1.0,0.25,0.4,0,0.0,2.0,0.0,False,,,,,,,,
S10,S10,1249,1249,OK,l1.fixed_k.k04,l1,fixed_k,l1.final_ranker_score,4,1.0,0.78625,0.7861293635941523,0.4646549086930042,0.8618812499999999,1.0,0.5,0.6666666666666666,0,0.0,4,1.0,0.5,0.6666666666666666,0,0.0,4.0,0.0,False,,,,,,,,
S10,S10,1249,1249,OK,l1.fixed_k.k08,l1,fixed_k,l1.final_ranker_score,8,1.0,0.90875,0.9087430131369432,0.2086938961356116,0.97368125,1.0,1.0,1.0,0,0.0,8,1.0,1.0,1.0,0,0.0,8.0,0.0,False,,,,,,,,
S10,S10,1249,1249,OK,l1.fixed_k.k16,l1,fixed_k,l1.final_ranker_score,16,1.0,0.90625,0.906249853515396,0.220851011325624,0.97155,0.5,1.0,0.6666666666666666,8,0.5,8,0.5,1.0,0.6666666666666666,8,0.5,16.0,0.0,False,,,,,,,,
S10,S10,1249,1249,OK,l1.validation_one_se,l1,validation_one_se,l1.final_ranker_score,8,1.0,0.90875,0.9087430131369432,0.2086938961356116,0.97368125,1.0,1.0,1.0,0,0.0,8,1.0,1.0,1.0,0,0.0,,0.0,False,8.0,0.20811103859528005,0.016928071074249186,0.22503910966952922,,,,
S10,S10,1249,1249,OK,l1.cpss_one_se,l1,cpss_one_se,l1.final_development_selection_frequency,8,1.0,0.90875,0.9087430131369432,0.2086938961356116,0.97368125,1.0,1.0,1.0,0,0.0,8,1.0,1.0,1.0,0,0.0,,,False,,0.20811103859528007,0.016928071074249186,0.22503910966952925,8.0,0.9,8.0,8.0
S10,S10,1277,1277,OK,shil.fixed_k.k01,shil,fixed_k,shil.final_ranker_score,1,1.0,0.65125,0.6509614978630776,0.6066244712537946,0.7218312499999999,1.0,0.125,0.2222222222222222,0,0.0,1,1.0,0.125,0.2222222222222222,0,0.0,1.0,0.0,False,,,,,,,,
S10,S10,1277,1277,OK,shil.fixed_k.k02,shil,fixed_k,shil.final_ranker_score,2,1.0,0.73375,0.7335664106048074,0.5346370688551962,0.8033312499999999,1.0,0.25,0.4,0,0.0,2,1.0,0.25,0.4,0,0.0,2.0,0.0,False,,,,,,,,
S10,S10,1277,1277,OK,shil.fixed_k.k04,shil,fixed_k,shil.final_ranker_score,4,1.0,0.78,0.779833499083682,0.4252913355729096,0.8805124999999999,1.0,0.5,0.6666666666666666,0,0.0,4,1.0,0.5,0.6666666666666666,0,0.0,4.0,0.0,False,,,,,,,,
S10,S10,1277,1277,OK,shil.fixed_k.k08,shil,fixed_k,shil.final_ranker_score,8,1.0,0.91,0.9099639855942376,0.1762887663363316,0.981175,1.0,1.0,1.0,0,0.0,8,1.0,1.0,1.0,0,0.0,8.0,0.0,False,,,,,,,,
S10,S10,1277,1277,OK,shil.fixed_k.k16,shil,fixed_k,shil.final_ranker_score,16,1.0,0.91125,0.9112265582630412,0.1786566748809754,0.98045625,0.5,1.0,0.6666666666666666,8,0.5,8,0.5,1.0,0.6666666666666666,8,0.5,16.0,0.0,False,,,,,,,,
S10,S10,1277,1277,OK,shil.validation_one_se,shil,validation_one_se,shil.final_ranker_score,8,1.0,0.91,0.9099639855942376,0.1762887663363316,0.981175,1.0,1.0,1.0,0,0.0,8,1.0,1.0,1.0,0,0.0,,0.0,False,8.0,0.18042890312203233,0.015817020684355337,0.19624592380638767,,,,
S10,S10,1277,1277,OK,shil.cpss_one_se,shil,cpss_one_se,shil.final_development_selection_frequency,8,1.0,0.91,0.9099639855942376,0.1762887663363316,0.981175,1.0,1.0,1.0,0,0.0,8,1.0,1.0,1.0,0,0.0,,,False,,0.18042890312203233,0.015817020684355337,0.19624592380638767,8.0,0.9,8.0,8.0
S10,S10,1277,1277,OK,l1.fixed_k.k01,l1,fixed_k,l1.final_ranker_score,1,1.0,0.65125,0.6509614978630776,0.6066244712537946,0.7218312499999999,1.0,0.125,0.2222222222222222,0,0.0,1,1.0,0.125,0.2222222222222222,0,0.0,1.0,0.0,False,,,,,,,,
S10,S10,1277,1277,OK,l1.fixed_k.k02,l1,fixed_k,l1.final_ranker_score,2,1.0,0.73375,0.7335664106048074,0.5346370688551962,0.8033312499999999,1.0,0.25,0.4,0,0.0,2,1.0,0.25,0.4,0,0.0,2.0,0.0,False,,,,,,,,
S10,S10,1277,1277,OK,l1.fixed_k.k04,l1,fixed_k,l1.final_ranker_score,4,1.0,0.78625,0.7862416500644557,0.437812529399762,0.8756937499999999,1.0,0.5,0.6666666666666666,0,0.0,4,1.0,0.5,0.6666666666666666,0,0.0,4.0,0.0,False,,,,,,,,
S10,S10,1277,1277,OK,l1.fixed_k.k08,l1,fixed_k,l1.final_ranker_score,8,1.0,0.91,0.9099639855942376,0.1762887663363316,0.981175,1.0,1.0,1.0,0,0.0,8,1.0,1.0,1.0,0,0.0,8.0,0.0,False,,,,,,,,
S10,S10,1277,1277,OK,l1.fixed_k.k16,l1,fixed_k,l1.final_ranker_score,16,1.0,0.9125,0.9124649859943976,0.1837477147733223,0.9792,0.5,1.0,0.6666666666666666,8,0.5,8,0.5,1.0,0.6666666666666666,8,0.5,16.0,0.0,False,,,,,,,,
S10,S10,1277,1277,OK,l1.validation_one_se,l1,validation_one_se,l1.final_ranker_score,8,1.0,0.91,0.9099639855942376,0.1762887663363316,0.981175,1.0,1.0,1.0,0,0.0,8,1.0,1.0,1.0,0,0.0,,0.0,False,8.0,0.18042890312203233,0.015817020684355337,0.19624592380638767,,,,
S10,S10,1277,1277,OK,l1.cpss_one_se,l1,cpss_one_se,l1.final_development_selection_frequency,8,1.0,0.91,0.9099639855942376,0.1762887663363316,0.981175,1.0,1.0,1.0,0,0.0,8,1.0,1.0,1.0,0,0.0,,,False,,0.18042890312203233,0.015817020684355337,0.19624592380638767,8.0,0.9,8.0,8.0
S11,S11,1103,1103,OK,shil.fixed_k.k01,shil,fixed_k,shil.final_ranker_score,1,0.6111111111111112,0.6642857142857143,0.6642685851318945,0.5672832873059256,0.7572193877551021,1.0,0.25,0.4,0,0.0,1,1.0,0.25,0.4,0,0.0,1.0,0.0,False,,,,,,,,
S11,S11,1103,1103,OK,shil.fixed_k.k02,shil,fixed_k,shil.final_ranker_score,2,0.6111111111111112,0.6678571428571428,0.6678190098353127,0.5678256963446934,0.7564668367346938,0.5,0.25,0.3333333333333333,1,0.5,1,0.5,0.25,0.3333333333333333,1,0.5,2.0,0.0,False,,,,,,,,
S11,S11,1103,1103,OK,shil.fixed_k.k04,shil,fixed_k,shil.final_ranker_score,4,0.6111111111111112,0.7875,0.7873474272038292,0.4457760483982042,0.8740816326530613,0.5,0.5,0.5,2,0.5,2,0.5,0.5,0.5,2,0.5,4.0,0.0,False,,,,,,,,
S11,S11,1103,1103,OK,shil.fixed_k.k08,shil,fixed_k,shil.final_ranker_score,8,0.6111111111111112,0.8517857142857143,0.8517625521844931,0.3418583419056822,0.9300382653061224,0.375,0.75,0.5,5,0.625,3,0.375,0.75,0.5,5,0.625,8.0,0.0,False,,,,,,,,
S11,S11,1103,1103,OK,shil.fixed_k.k16,shil,fixed_k,shil.final_ranker_score,16,0.6111111111111112,0.8821428571428571,0.882141353843799,0.2379127500454536,0.9642729591836736,0.25,1.0,0.4,12,0.75,4,0.25,1.0,0.4,12,0.75,16.0,0.0,False,,,,,,,,
S11,S11,1103,1103,OK,shil.validation_one_se,shil,validation_one_se,shil.final_ranker_score,16,0.6111111111111112,0.8821428571428571,0.882141353843799,0.2379127500454536,0.9642729591836736,0.25,1.0,0.4,12,0.75,4,0.25,1.0,0.4,12,0.75,,0.0,False,16.0,0.21536862741274992,0.0188836341985276,0.23425226161127752,,,,
S11,S11,1103,1103,OK,shil.cpss_one_se,shil,cpss_one_se,shil.final_development_selection_frequency,10,0.4,0.8875,0.8874967712721347,0.2339849732269928,0.9656632653061225,0.4,1.0,0.5714285714285715,6,0.6,4,0.4,1.0,0.5714285714285715,6,0.6,,,False,,0.21364383528827782,0.01864440131373392,0.23228823660201176,16.0,0.9,10.0,10.0
S11,S11,1103,1103,OK,l1.fixed_k.k01,l1,fixed_k,l1.final_ranker_score,1,1.0,0.5857142857142857,0.5856931476095719,0.633289873172599,0.667359693877551,1.0,0.25,0.4,0,0.0,1,1.0,0.25,0.4,0,0.0,1.0,0.0,False,,,,,,,,
S11,S11,1103,1103,OK,l1.fixed_k.k02,l1,fixed_k,l1.final_ranker_score,2,1.0,0.7535714285714286,0.753256704980843,0.4812025980875919,0.8533418367346939,1.0,0.5,0.6666666666666666,0,0.0,2,1.0,0.5,0.6666666666666666,0,0.0,2.0,0.0,False,,,,,,,,
S11,S11,1103,1103,OK,l1.fixed_k.k04,l1,fixed_k,l1.final_ranker_score,4,1.0,0.8875,0.8874996412616112,0.2294018273104238,0.9672066326530612,1.0,1.0,1.0,0,0.0,4,1.0,1.0,1.0,0,0.0,4.0,0.0,False,,,,,,,,
S11,S11,1103,1103,OK,l1.fixed_k.k08,l1,fixed_k,l1.final_ranker_score,8,1.0,0.8910714285714286,0.89107108122156,0.2277129897505405,0.9677168367346938,0.5,1.0,0.6666666666666666,4,0.5,4,0.5,1.0,0.6666666666666666,4,0.5,8.0,0.0,False,,,,,,,,
S11,S11,1103,1103,OK,l1.fixed_k.k16,l1,fixed_k,l1.final_ranker_score,16,1.0,0.8857142857142857,0.8857128279697446,0.2504424145906932,0.9610331632653062,0.25,1.0,0.4,12,0.75,4,0.25,1.0,0.4,12,0.75,16.0,0.0,False,,,,,,,,
S11,S11,1103,1103,OK,l1.validation_one_se,l1,validation_one_se,l1.final_ranker_score,4,1.0,0.8875,0.8874996412616112,0.2294018273104238,0.9672066326530612,1.0,1.0,1.0,0,0.0,4,1.0,1.0,1.0,0,0.0,,0.0,False,4.0,0.21015089804509723,0.018288774983077148,0.2284396730281744,,,,
S11,S11,1103,1103,OK,l1.cpss_one_se,l1,cpss_one_se,l1.final_development_selection_frequency,4,1.0,0.8875,0.8874996412616112,0.2294018273104238,0.9672066326530612,1.0,1.0,1.0,0,0.0,4,1.0,1.0,1.0,0,0.0,,,False,,0.21015089804509723,0.018288774983077148,0.2284396730281744,4.0,0.9,4.0,4.0
S11,S11,1129,1129,OK,shil.fixed_k.k01,shil,fixed_k,shil.final_ranker_score,1,0.6178571428571429,0.6660714285714285,0.66606184488713,0.580251378547135,0.7451275510204083,1.0,0.25,0.4,0,0.0,1,1.0,0.25,0.4,0,0.0,1.0,0.0,False,,,,,,,,
S11,S11,1129,1129,OK,shil.fixed_k.k02,shil,fixed_k,shil.final_ranker_score,2,0.6178571428571429,0.6696428571428571,0.6696333759578559,0.580163886370828,0.7452168367346939,0.5,0.25,0.3333333333333333,1,0.5,1,0.5,0.25,0.3333333333333333,1,0.5,2.0,0.0,False,,,,,,,,
S11,S11,1129,1129,OK,shil.fixed_k.k04,shil,fixed_k,shil.final_ranker_score,4,0.6178571428571429,0.6696428571428571,0.6696333759578559,0.5802038114371137,0.7451275510204082,0.25,0.25,0.25,3,0.75,1,0.25,0.25,0.25,3,0.75,4.0,0.0,False,,,,,,,,
S11,S11,1129,1129,OK,shil.fixed_k.k08,shil,fixed_k,shil.final_ranker_score,8,0.6178571428571429,0.8857142857142857,0.8856428124720808,0.2675080519144552,0.9569897959183672,0.5,1.0,0.6666666666666666,4,0.5,4,0.5,1.0,0.6666666666666666,4,0.5,8.0,0.0,False,,,,,,,,
S11,S11,1129,1129,OK,shil.fixed_k.k16,shil,fixed_k,shil.final_ranker_score,16,0.6178571428571429,0.8839285714285714,0.8838659864531587,0.2774908497523612,0.954936224489796,0.25,1.0,0.4,12,0.75,4,0.25,1.0,0.4,12,0.75,16.0,0.0,False,,,,,,,,
S11,S11,1129,1129,OK,shil.validation_one_se,shil,validation_one_se,shil.final_ranker_score,8,0.6178571428571429,0.8857142857142857,0.8856428124720808,0.2675080519144552,0.9569897959183672,0.5,1.0,0.6666666666666666,4,0.5,4,0.5,1.0,0.6666666666666666,4,0.5,,0.0,False,8.0,0.20727512614800295,0.01729761513874351,0.22457274128674645,,,,
S11,S11,1129,1129,OK,shil.cpss_one_se,shil,cpss_one_se,shil.final_development_selection_frequency,7,0.5178571428571428,0.8875,0.8874393407161385,0.2655012941421416,0.9575892857142856,0.5714285714285714,1.0,0.7272727272727273,3,0.4285714285714285,4,0.5714285714285714,1.0,0.7272727272727273,3,0.4285714285714285,,,False,,0.207275126148003,0.017297615138743495,0.22421548933362723,8.0,0.8,8.0,7.0
S11,S11,1129,1129,OK,l1.fixed_k.k01,l1,fixed_k,l1.final_ranker_score,1,1.0,0.6660714285714285,0.66606184488713,0.580251378547135,0.7451275510204083,1.0,0.25,0.4,0,0.0,1,1.0,0.25,0.4,0,0.0,1.0,0.0,False,,,,,,,,
S11,S11,1129,1129,OK,l1.fixed_k.k02,l1,fixed_k,l1.final_ranker_score,2,1.0,0.7,0.7,0.5228165252736212,0.8028316326530613,1.0,0.5,0.6666666666666666,0,0.0,2,1.0,0.5,0.6666666666666666,0,0.0,2.0,0.0,False,,,,,,,,
S11,S11,1129,1129,OK,l1.fixed_k.k04,l1,fixed_k,l1.final_ranker_score,4,1.0,0.8892857142857142,0.8892348527385023,0.266836136186651,0.9572704081632653,1.0,1.0,1.0,0,0.0,4,1.0,1.0,1.0,0,0.0,4.0,0.0,False,,,,,,,,
S11,S11,1129,1129,OK,l1.fixed_k.k08,l1,fixed_k,l1.final_ranker_score,8,1.0,0.875,0.8749218261413383,0.2779152077861055,0.9537755102040816,0.5,1.0,0.6666666666666666,4,0.5,4,0.5,1.0,0.6666666666666666,4,0.5,8.0,0.0,False,,,,,,,,
S11,S11,1129,1129,OK,l1.fixed_k.k16,l1,fixed_k,l1.final_ranker_score,16,1.0,0.8714285714285714,0.871264367816092,0.2937560205967753,0.9485841836734694,0.25,1.0,0.4,12,0.75,4,0.25,1.0,0.4,12,0.75,16.0,0.0,False,,,,,,,,
S11,S11,1129,1129,OK,l1.validation_one_se,l1,validation_one_se,l1.final_ranker_score,4,1.0,0.8892857142857142,0.8892348527385023,0.266836136186651,0.9572704081632653,1.0,1.0,1.0,0,0.0,4,1.0,1.0,1.0,0,0.0,,0.0,False,4.0,0.20636033786737018,0.017020978305139763,0.22338131617250995,,,,
S11,S11,1129,1129,OK,l1.cpss_one_se,l1,cpss_one_se,l1.final_development_selection_frequency,4,1.0,0.8892857142857142,0.8892348527385023,0.266836136186651,0.9572704081632653,1.0,1.0,1.0,0,0.0,4,1.0,1.0,1.0,0,0.0,,,False,,0.20636033786737018,0.017020978305139763,0.22338131617250995,4.0,0.9,4.0,4.0
S11,S11,1151,1151,OK,shil.fixed_k.k01,shil,fixed_k,shil.final_ranker_score,1,0.575,0.6553571428571429,0.655303283995267,0.6104559161233011,0.7158928571428571,1.0,0.25,0.4,0,0.0,1,1.0,0.25,0.4,0,0.0,1.0,0.0,False,,,,,,,,
S11,S11,1151,1151,OK,shil.fixed_k.k02,shil,fixed_k,shil.final_ranker_score,2,0.575,0.6464285714285715,0.6463157894736842,0.6125345148740146,0.7143877551020408,0.5,0.25,0.3333333333333333,1,0.5,1,0.5,0.25,0.3333333333333333,1,0.5,2.0,0.0,False,,,,,,,,
S11,S11,1151,1151,OK,shil.fixed_k.k04,shil,fixed_k,shil.final_ranker_score,4,0.575,0.6392857142857142,0.639170653907496,0.6106250977131149,0.7153316326530612,0.25,0.25,0.25,3,0.75,1,0.25,0.25,0.25,3,0.75,4.0,0.0,False,,,,,,,,
S11,S11,1151,1151,OK,shil.fixed_k.k08,shil,fixed_k,shil.final_ranker_score,8,0.575,0.8589285714285714,0.858892124560234,0.3326867595295466,0.933405612244898,0.375,0.75,0.5,5,0.625,3,0.375,0.75,0.5,5,0.625,8.0,0.0,False,,,,,,,,
S11,S11,1151,1151,OK,shil.fixed_k.k16,shil,fixed_k,shil.final_ranker_score,16,0.575,0.9107142857142856,0.910696060420494,0.2017936783536948,0.9757653061224488,0.25,1.0,0.4,12,0.75,4,0.25,1.0,0.4,12,0.75,16.0,0.0,False,,,,,,,,
S11,S11,1151,1151,OK,shil.validation_one_se,shil,validation_one_se,shil.final_ranker_score,8,0.575,0.8589285714285714,0.858892124560234,0.3326867595295466,0.933405612244898,0.375,0.75,0.5,5,0.625,3,0.375,0.75,0.5,5,0.625,,0.0,False,8.0,0.2113687672048831,0.018426540246443066,0.22979530745132615,,,,
S11,S11,1151,1151,OK,shil.cpss_one_se,shil,cpss_one_se,shil.final_development_selection_frequency,10,0.4,0.9089285714285714,0.9089050424376194,0.2010199348750865,0.9759566326530612,0.4,1.0,0.5714285714285715,6,0.6,4,0.4,1.0,0.5714285714285715,6,0.6,,,False,,0.21089149995739295,0.01844800196887668,0.22933950192626962,16.0,0.9,10.0,10.0
S11,S11,1151,1151,OK,l1.fixed_k.k01,l1,fixed_k,l1.final_ranker_score,1,1.0,0.6214285714285714,0.6211918163137675,0.6137046594023878,0.6918622448979591,1.0,0.25,0.4,0,0.0,1,1.0,0.25,0.4,0,0.0,1.0,0.0,False,,,,,,,,
S11,S11,1151,1151,OK,l1.fixed_k.k02,l1,fixed_k,l1.final_ranker_score,2,1.0,0.7428571428571429,0.7428046540110227,0.489637305943707,0.8408418367346939,1.0,0.5,0.6666666666666666,0,0.0,2,1.0,0.5,0.6666666666666666,0,0.0,2.0,0.0,False,,,,,,,,
S11,S11,1151,1151,OK,l1.fixed_k.k04,l1,fixed_k,l1.final_ranker_score,4,1.0,0.9053571428571427,0.9053061120310372,0.2024229393454985,0.9756760204081631,1.0,1.0,1.0,0,0.0,4,1.0,1.0,1.0,0,0.0,4.0,0.0,False,,,,,,,,
S11,S11,1151,1151,OK,l1.fixed_k.k08,l1,fixed_k,l1.final_ranker_score,8,1.0,0.9125,0.9124528205569966,0.2033010174251102,0.9756760204081631,0.5,1.0,0.6666666666666666,4,0.5,4,0.5,1.0,0.6666666666666666,4,0.5,8.0,0.0,False,,,,,,,,
S11,S11,1151,1151,OK,l1.fixed_k.k16,l1,fixed_k,l1.final_ranker_score,16,1.0,0.9089285714285714,0.9088934186979032,0.2118535849561147,0.97359693877551,0.25,1.0,0.4,12,0.75,4,0.25,1.0,0.4,12,0.75,16.0,0.0,False,,,,,,,,
S11,S11,1151,1151,OK,l1.validation_one_se,l1,validation_one_se,l1.final_ranker_score,4,1.0,0.9053571428571427,0.9053061120310372,0.2024229393454985,0.9756760204081631,1.0,1.0,1.0,0,0.0,4,1.0,1.0,1.0,0,0.0,,0.0,False,4.0,0.21403450928734155,0.018298826497281907,0.23233333578462345,,,,
S11,S11,1151,1151,OK,l1.cpss_one_se,l1,cpss_one_se,l1.final_development_selection_frequency,4,1.0,0.9053571428571427,0.9053061120310372,0.2024229393454985,0.9756760204081631,1.0,1.0,1.0,0,0.0,4,1.0,1.0,1.0,0,0.0,,,False,,0.21403450928734155,0.018298826497281907,0.23233333578462345,4.0,0.9,4.0,4.0
S11,S11,1171,1171,OK,shil.fixed_k.k01,shil,fixed_k,shil.final_ranker_score,1,0.7361111111111112,0.6642857142857143,0.6642171871810574,0.5900216268966243,0.735280612244898,1.0,0.25,0.4,0,0.0,1,1.0,0.25,0.4,0,0.0,1.0,0.0,False,,,,,,,,
S11,S11,1171,1171,OK,shil.fixed_k.k02,shil,fixed_k,shil.final_ranker_score,2,0.7361111111111112,0.7821428571428571,0.7820983874260052,0.4536132694257525,0.8698724489795918,1.0,0.5,0.6666666666666666,0,0.0,2,1.0,0.5,0.6666666666666666,0,0.0,2.0,0.0,False,,,,,,,,
S11,S11,1171,1171,OK,shil.fixed_k.k04,shil,fixed_k,shil.final_ranker_score,4,0.7361111111111112,0.7785714285714286,0.7785460065568752,0.4531890273439402,0.8701275510204083,0.5,0.5,0.5,2,0.5,2,0.5,0.5,0.5,2,0.5,4.0,0.0,False,,,,,,,,
S11,S11,1171,1171,OK,shil.fixed_k.k08,shil,fixed_k,shil.final_ranker_score,8,0.7361111111111112,0.8428571428571429,0.8428250663400694,0.3574876129400855,0.9210076530612245,0.375,0.75,0.5,5,0.625,3,0.375,0.75,0.5,5,0.625,8.0,0.0,False,,,,,,,,
S11,S11,1171,1171,OK,shil.fixed_k.k16,shil,fixed_k,shil.final_ranker_score,16,0.7361111111111112,0.9,0.9,0.2264398688459385,0.9685076530612244,0.25,1.0,0.4,12,0.75,4,0.25,1.0,0.4,12,0.75,16.0,0.0,False,,,,,,,,
S11,S11,1171,1171,OK,shil.validation_one_se,shil,validation_one_se,shil.final_ranker_score,16,0.7361111111111112,0.9,0.9,0.2264398688459385,0.9685076530612244,0.25,1.0,0.4,12,0.75,4,0.25,1.0,0.4,12,0.75,,0.0,False,16.0,0.22946253143298187,0.019182146015118678,0.24864467744810054,,,,
S11,S11,1171,1171,OK,shil.cpss_one_se,shil,cpss_one_se,shil.final_development_selection_frequency,10,0.4,0.9,0.8999885190902017,0.2242096781070592,0.9687755102040816,0.4,1.0,0.5714285714285715,6,0.6,4,0.4,1.0,0.5714285714285715,6,0.6,,,False,,0.22690632339006295,0.018858105670921756,0.2457644290609847,16.0,0.9,10.0,10.0
S11,S11,1171,1171,OK,l1.fixed_k.k01,l1,fixed_k,l1.final_ranker_score,1,1.0,0.6767857142857143,0.6767764380993078,0.5912411081046067,0.751875,1.0,0.25,0.4,0,0.0,1,1.0,0.25,0.4,0,0.0,1.0,0.0,False,,,,,,,,
S11,S11,1171,1171,OK,l1.fixed_k.k02,l1,fixed_k,l1.final_ranker_score,2,1.0,0.7821428571428571,0.7820983874260052,0.4536132694257524,0.8698724489795918,1.0,0.5,0.6666666666666666,0,0.0,2,1.0,0.5,0.6666666666666666,0,0.0,2.0,0.0,False,,,,,,,,
S11,S11,1171,1171,OK,l1.fixed_k.k04,l1,fixed_k,l1.final_ranker_score,4,1.0,0.9,0.9,0.2235745940123244,0.969158163265306,1.0,1.0,1.0,0,0.0,4,1.0,1.0,1.0,0,0.0,4.0,0.0,False,,,,,,,,
S11,S11,1171,1171,OK,l1.fixed_k.k08,l1,fixed_k,l1.final_ranker_score,8,1.0,0.8964285714285715,0.8964232869023929,0.2254257496287649,0.9685331632653064,0.5,1.0,0.6666666666666666,4,0.5,4,0.5,1.0,0.6666666666666666,4,0.5,8.0,0.0,False,,,,,,,,
S11,S11,1171,1171,OK,l1.fixed_k.k16,l1,fixed_k,l1.final_ranker_score,16,1.0,0.8875,0.8874996412616112,0.2397879118886349,0.9642602040816326,0.25,1.0,0.4,12,0.75,4,0.25,1.0,0.4,12,0.75,16.0,0.0,False,,,,,,,,
S11,S11,1171,1171,OK,l1.validation_one_se,l1,validation_one_se,l1.final_ranker_score,4,1.0,0.9,0.9,0.2235745940123244,0.969158163265306,1.0,1.0,1.0,0,0.0,4,1.0,1.0,1.0,0,0.0,,0.0,False,4.0,0.22391960210979578,0.018110684931052497,0.24203028704084828,,,,
S11,S11,1171,1171,OK,l1.cpss_one_se,l1,cpss_one_se,l1.final_development_selection_frequency,4,1.0,0.9,0.9,0.2235745940123244,0.969158163265306,1.0,1.0,1.0,0,0.0,4,1.0,1.0,1.0,0,0.0,,,False,,0.22391960210979578,0.018110684931052497,0.24203028704084828,4.0,0.9,4.0,4.0
S11,S11,1181,1181,OK,shil.fixed_k.k01,shil,fixed_k,shil.final_ranker_score,1,0.725,0.6410714285714286,0.6410428127242287,0.6180952876962772,0.7025510204081633,1.0,0.25,0.4,0,0.0,1,1.0,0.25,0.4,0,0.0,1.0,0.0,False,,,,,,,,
S11,S11,1181,1181,OK,shil.fixed_k.k02,shil,fixed_k,shil.final_ranker_score,2,0.725,0.7660714285714286,0.7658556514134518,0.4794025413100998,0.8517091836734694,1.0,0.5,0.6666666666666666,0,0.0,2,1.0,0.5,0.6666666666666666,0,0.0,2.0,0.0,False,,,,,,,,
S11,S11,1181,1181,OK,shil.fixed_k.k04,shil,fixed_k,shil.final_ranker_score,4,0.725,0.7696428571428572,0.7694303742926358,0.4790979729552333,0.8523214285714287,0.5,0.5,0.5,2,0.5,2,0.5,0.5,0.5,2,0.5,4.0,0.0,False,,,,,,,,
S11,S11,1181,1181,OK,shil.fixed_k.k08,shil,fixed_k,shil.final_ranker_score,8,0.725,0.8446428571428571,0.8445590895603817,0.3628804679765474,0.9196811224489796,0.375,0.75,0.5,5,0.625,3,0.375,0.75,0.5,5,0.625,8.0,0.0,False,,,,,,,,
S11,S11,1181,1181,OK,shil.fixed_k.k16,shil,fixed_k,shil.final_ranker_score,16,0.725,0.8732142857142857,0.8731653475990417,0.2730816319017294,0.9549489795918368,0.25,1.0,0.4,12,0.75,4,0.25,1.0,0.4,12,0.75,16.0,0.0,False,,,,,,,,
S11,S11,1181,1181,OK,shil.validation_one_se,shil,validation_one_se,shil.final_ranker_score,16,0.725,0.8732142857142857,0.8731653475990417,0.2730816319017294,0.9549489795918368,0.25,1.0,0.4,12,0.75,4,0.25,1.0,0.4,12,0.75,,0.0,False,16.0,0.2167753842255503,0.016683476583045188,0.2334588608085955,,,,
S11,S11,1181,1181,OK,shil.cpss_one_se,shil,cpss_one_se,shil.final_development_selection_frequency,10,0.4,0.875,0.8749218261413383,0.2704689946659409,0.9558290816326532,0.4,1.0,0.5714285714285715,6,0.6,4,0.4,1.0,0.5714285714285715,6,0.6,,,False,,0.21770211654339847,0.016702094927828884,0.23440421147122736,16.0,0.9,10.0,10.0
S11,S11,1181,1181,OK,l1.fixed_k.k01,l1,fixed_k,l1.final_ranker_score,1,1.0,0.6696428571428571,0.6683473389355743,0.5818453403808138,0.7515816326530613,1.0,0.25,0.4,0,0.0,1,1.0,0.25,0.4,0,0.0,1.0,0.0,False,,,,,,,,
S11,S11,1181,1181,OK,l1.fixed_k.k02,l1,fixed_k,l1.final_ranker_score,2,1.0,0.7660714285714286,0.7658556514134518,0.4794025413100998,0.8517091836734694,1.0,0.5,0.6666666666666666,0,0.0,2,1.0,0.5,0.6666666666666666,0,0.0,2.0,0.0,False,,,,,,,,
S11,S11,1181,1181,OK,l1.fixed_k.k04,l1,fixed_k,l1.final_ranker_score,4,1.0,0.8767857142857143,0.87676645904494,0.2664479826707404,0.9565433673469388,1.0,1.0,1.0,0,0.0,4,1.0,1.0,1.0,0,0.0,4.0,0.0,False,,,,,,,,
S11,S11,1181,1181,OK,l1.fixed_k.k08,l1,fixed_k,l1.final_ranker_score,8,1.0,0.8714285714285714,0.8714138102588307,0.2748480427315689,0.9549489795918368,0.5,1.0,0.6666666666666666,4,0.5,4,0.5,1.0,0.6666666666666666,4,0.5,8.0,0.0,False,,,,,,,,
S11,S11,1181,1181,OK,l1.fixed_k.k16,l1,fixed_k,l1.final_ranker_score,16,1.0,0.8714285714285714,0.8713875598086125,0.2908566364632859,0.9498469387755102,0.25,1.0,0.4,12,0.75,4,0.25,1.0,0.4,12,0.75,16.0,0.0,False,,,,,,,,
S11,S11,1181,1181,OK,l1.validation_one_se,l1,validation_one_se,l1.final_ranker_score,4,1.0,0.8767857142857143,0.87676645904494,0.2664479826707404,0.9565433673469388,1.0,1.0,1.0,0,0.0,4,1.0,1.0,1.0,0,0.0,,0.0,False,4.0,0.21213178126573853,0.015555917133103734,0.22768769839884226,,,,
S11,S11,1181,1181,OK,l1.cpss_one_se,l1,cpss_one_se,l1.final_development_selection_frequency,4,1.0,0.8767857142857143,0.87676645904494,0.2664479826707404,0.9565433673469388,1.0,1.0,1.0,0,0.0,4,1.0,1.0,1.0,0,0.0,,,False,,0.21213178126573853,0.015555917133103737,0.22768769839884226,4.0,0.9,4.0,4.0
S11,S11,1201,1201,OK,shil.fixed_k.k01,shil,fixed_k,shil.final_ranker_score,1,0.6,0.6535714285714286,0.6534609250398724,0.5787198018235151,0.7428826530612246,1.0,0.25,0.4,0,0.0,1,1.0,0.25,0.4,0,0.0,1.0,0.0,False,,,,,,,,
S11,S11,1201,1201,OK,shil.fixed_k.k02,shil,fixed_k,shil.final_ranker_score,2,0.6,0.6535714285714286,0.6535316554196273,0.5788701457523104,0.7427295918367347,0.5,0.25,0.3333333333333333,1,0.5,1,0.5,0.25,0.3333333333333333,1,0.5,2.0,0.0,False,,,,,,,,
S11,S11,1201,1201,OK,shil.fixed_k.k04,shil,fixed_k,shil.final_ranker_score,4,0.6,0.75,0.7499712977255042,0.4871908071033776,0.8392602040816326,0.5,0.5,0.5,2,0.5,2,0.5,0.5,0.5,2,0.5,4.0,0.0,False,,,,,,,,
S11,S11,1201,1201,OK,shil.fixed_k.k08,shil,fixed_k,shil.final_ranker_score,8,0.6,0.8196428571428571,0.819642282022583,0.3676188541523566,0.9130102040816326,0.375,0.75,0.5,5,0.625,3,0.375,0.75,0.5,5,0.625,8.0,0.0,False,,,,,,,,
S11,S11,1201,1201,OK,shil.fixed_k.k16,shil,fixed_k,shil.final_ranker_score,16,0.6,0.8839285714285714,0.8838837689287002,0.2400486582876739,0.9629591836734694,0.25,1.0,0.4,12,0.75,4,0.25,1.0,0.4,12,0.75,16.0,0.0,False,,,,,,,,
S11,S11,1201,1201,OK,shil.validation_one_se,shil,validation_one_se,shil.final_ranker_score,16,0.6,0.8839285714285714,0.8838837689287002,0.2400486582876739,0.9629591836734694,0.25,1.0,0.4,12,0.75,4,0.25,1.0,0.4,12,0.75,,0.0,False,16.0,0.2450291986598896,0.01998823402548668,0.26501743268537625,,,,
S11,S11,1201,1201,OK,shil.cpss_one_se,shil,cpss_one_se,shil.final_development_selection_frequency,10,0.4,0.8928571428571429,0.8928352725045927,0.2332162903568445,0.965829081632653,0.4,1.0,0.5714285714285715,6,0.6,4,0.4,1.0,0.5714285714285715,6,0.6,,,False,,0.24807306274230245,0.02065152231868604,0.2687245850609885,16.0,0.9,10.0,10.0
S11,S11,1201,1201,OK,l1.fixed_k.k01,l1,fixed_k,l1.final_ranker_score,1,1.0,0.6535714285714286,0.6534609250398724,0.5787198018235151,0.7428826530612246,1.0,0.25,0.4,0,0.0,1,1.0,0.25,0.4,0,0.0,1.0,0.0,False,,,,,,,,
S11,S11,1201,1201,OK,l1.fixed_k.k02,l1,fixed_k,l1.final_ranker_score,2,1.0,0.7589285714285714,0.7589278027034525,0.4897820433580513,0.8365433673469387,1.0,0.5,0.6666666666666666,0,0.0,2,1.0,0.5,0.6666666666666666,0,0.0,2.0,0.0,False,,,,,,,,
S11,S11,1201,1201,OK,l1.fixed_k.k04,l1,fixed_k,l1.final_ranker_score,4,1.0,0.8910714285714286,0.8910432860528389,0.2313591264068757,0.9669132653061224,1.0,1.0,1.0,0,0.0,4,1.0,1.0,1.0,0,0.0,4.0,0.0,False,,,,,,,,
S11,S11,1201,1201,OK,l1.fixed_k.k08,l1,fixed_k,l1.final_ranker_score,8,1.0,0.8928571428571429,0.8928571428571429,0.2383656205819531,0.9641326530612244,0.5,1.0,0.6666666666666666,4,0.5,4,0.5,1.0,0.6666666666666666,4,0.5,8.0,0.0,False,,,,,,,,
S11,S11,1201,1201,OK,l1.fixed_k.k16,l1,fixed_k,l1.final_ranker_score,16,1.0,0.8714285714285714,0.8714269314659626,0.2423270775217579,0.9621938775510204,0.25,1.0,0.4,12,0.75,4,0.25,1.0,0.4,12,0.75,16.0,0.0,False,,,,,,,,
S11,S11,1201,1201,OK,l1.validation_one_se,l1,validation_one_se,l1.final_ranker_score,4,1.0,0.8910714285714286,0.8910432860528389,0.2313591264068757,0.9669132653061224,1.0,1.0,1.0,0,0.0,4,1.0,1.0,1.0,0,0.0,,0.0,False,4.0,0.24750049545685318,0.020198975247459946,0.2676994707043131,,,,
S11,S11,1201,1201,OK,l1.cpss_one_se,l1,cpss_one_se,l1.final_development_selection_frequency,4,1.0,0.8910714285714286,0.8910432860528389,0.2313591264068758,0.9669132653061224,1.0,1.0,1.0,0,0.0,4,1.0,1.0,1.0,0,0.0,,,False,,0.24750049545685318,0.020198975247459946,0.2676994707043131,4.0,0.9,4.0,4.0
S11,S11,1213,1213,OK,shil.fixed_k.k01,shil,fixed_k,shil.final_ranker_score,1,0.5571428571428572,0.6607142857142857,0.6606753326274699,0.6034820390357213,0.7261734693877551,1.0,0.25,0.4,0,0.0,1,1.0,0.25,0.4,0,0.0,1.0,0.0,False,,,,,,,,
S11,S11,1213,1213,OK,shil.fixed_k.k02,shil,fixed_k,shil.final_ranker_score,2,0.5571428571428572,0.6696428571428571,0.6696418037047313,0.6029247904993427,0.7276275510204082,0.5,0.25,0.3333333333333333,1,0.5,1,0.5,0.25,0.3333333333333333,1,0.5,2.0,0.0,False,,,,,,,,
S11,S11,1213,1213,OK,shil.fixed_k.k04,shil,fixed_k,shil.final_ranker_score,4,0.5571428571428572,0.6678571428571428,0.6678401959283637,0.6032235983695147,0.7276913265306124,0.25,0.25,0.25,3,0.75,1,0.25,0.25,0.25,3,0.75,4.0,0.0,False,,,,,,,,
S11,S11,1213,1213,OK,shil.fixed_k.k08,shil,fixed_k,shil.final_ranker_score,8,0.5571428571428572,0.8267857142857142,0.8267807430697947,0.3813389672035226,0.9096301020408164,0.375,0.75,0.5,5,0.625,3,0.375,0.75,0.5,5,0.625,8.0,0.0,False,,,,,,,,
S11,S11,1213,1213,OK,shil.fixed_k.k16,shil,fixed_k,shil.final_ranker_score,16,0.5571428571428572,0.8875,0.8874824191279886,0.2478263033722357,0.9624234693877552,0.25,1.0,0.4,12,0.75,4,0.25,1.0,0.4,12,0.75,16.0,0.0,False,,,,,,,,
S11,S11,1213,1213,OK,shil.validation_one_se,shil,validation_one_se,shil.final_ranker_score,8,0.5571428571428572,0.8267857142857142,0.8267807430697947,0.3813389672035226,0.9096301020408164,0.375,0.75,0.5,5,0.625,3,0.375,0.75,0.5,5,0.625,,0.0,False,8.0,0.25727245947403,0.021044345192479774,0.2741095393227548,,,,
S11,S11,1213,1213,OK,shil.cpss_one_se,shil,cpss_one_se,shil.final_development_selection_frequency,10,0.4,0.8892857142857142,0.8892730032784375,0.2452780121918269,0.9625510204081632,0.4,1.0,0.5714285714285715,6,0.6,4,0.4,1.0,0.5714285714285715,6,0.6,,,False,,0.25692291008274637,0.020986740431310318,0.2779096505140567,16.0,0.9,10.0,10.0
S11,S11,1213,1213,OK,l1.fixed_k.k01,l1,fixed_k,l1.final_ranker_score,1,1.0,0.6607142857142857,0.6606753326274699,0.6034820390357213,0.7261734693877551,1.0,0.25,0.4,0,0.0,1,1.0,0.25,0.4,0,0.0,1.0,0.0,False,,,,,,,,
S11,S11,1213,1213,OK,l1.fixed_k.k02,l1,fixed_k,l1.final_ranker_score,2,1.0,0.7392857142857143,0.7392557819137402,0.5104037429636901,0.8289795918367346,1.0,0.5,0.6666666666666666,0,0.0,2,1.0,0.5,0.6666666666666666,0,0.0,2.0,0.0,False,,,,,,,,
S11,S11,1213,1213,OK,l1.fixed_k.k04,l1,fixed_k,l1.final_ranker_score,4,1.0,0.8857142857142857,0.8857084545129854,0.2490130896305303,0.961454081632653,1.0,1.0,1.0,0,0.0,4,1.0,1.0,1.0,0,0.0,4.0,0.0,False,,,,,,,,
S11,S11,1213,1213,OK,l1.fixed_k.k08,l1,fixed_k,l1.final_ranker_score,8,1.0,0.8821428571428571,0.8821368437165161,0.2471275416697331,0.962002551020408,0.5,1.0,0.6666666666666666,4,0.5,4,0.5,1.0,0.6666666666666666,4,0.5,8.0,0.0,False,,,,,,,,
S11,S11,1213,1213,OK,l1.fixed_k.k16,l1,fixed_k,l1.final_ranker_score,16,1.0,0.8803571428571428,0.8803476042414096,0.2478341728593136,0.9621938775510204,0.25,1.0,0.4,12,0.75,4,0.25,1.0,0.4,12,0.75,16.0,0.0,False,,,,,,,,
S11,S11,1213,1213,OK,l1.validation_one_se,l1,validation_one_se,l1.final_ranker_score,4,1.0,0.8857142857142857,0.8857084545129854,0.2490130896305303,0.961454081632653,1.0,1.0,1.0,0,0.0,4,1.0,1.0,1.0,0,0.0,,0.0,False,4.0,0.2547256825155831,0.020311390744700127,0.2750370732602832,,,,
S11,S11,1213,1213,OK,l1.cpss_one_se,l1,cpss_one_se,l1.final_development_selection_frequency,4,1.0,0.8857142857142857,0.8857084545129854,0.2490130896305303,0.961454081632653,1.0,1.0,1.0,0,0.0,4,1.0,1.0,1.0,0,0.0,,,False,,0.2547256825155831,0.020311390744700123,0.2750370732602832,4.0,0.9,4.0,4.0
S11,S11,1231,1231,OK,shil.fixed_k.k01,shil,fixed_k,shil.final_ranker_score,1,0.7361111111111112,0.6571428571428571,0.6561560601215222,0.6106614231559229,0.7134311224489795,1.0,0.25,0.4,0,0.0,1,1.0,0.25,0.4,0,0.0,1.0,0.0,False,,,,,,,,
S11,S11,1231,1231,OK,shil.fixed_k.k02,shil,fixed_k,shil.final_ranker_score,2,0.7361111111111112,0.7303571428571428,0.7299015239354651,0.4827208354879322,0.8398724489795919,1.0,0.5,0.6666666666666666,0,0.0,2,1.0,0.5,0.6666666666666666,0,0.0,2.0,0.0,False,,,,,,,,
S11,S11,1231,1231,OK,shil.fixed_k.k04,shil,fixed_k,shil.final_ranker_score,4,0.7361111111111112,0.7285714285714285,0.7281518670396914,0.4828737303825011,0.8399744897959184,0.5,0.5,0.5,2,0.5,2,0.5,0.5,0.5,2,0.5,4.0,0.0,False,,,,,,,,
S11,S11,1231,1231,OK,shil.fixed_k.k08,shil,fixed_k,shil.final_ranker_score,8,0.7361111111111112,0.8339285714285715,0.8339238052112465,0.3599230703317271,0.9183673469387756,0.375,0.75,0.5,5,0.625,3,0.375,0.75,0.5,5,0.625,8.0,0.0,False,,,,,,,,
S11,S11,1231,1231,OK,shil.fixed_k.k16,shil,fixed_k,shil.final_ranker_score,16,0.7361111111111112,0.8875,0.8873962293057058,0.2376993871246868,0.9655229591836736,0.25,1.0,0.4,12,0.75,4,0.25,1.0,0.4,12,0.75,16.0,0.0,False,,,,,,,,
S11,S11,1231,1231,OK,shil.validation_one_se,shil,validation_one_se,shil.final_ranker_score,8,0.7361111111111112,0.8339285714285715,0.8339238052112465,0.3599230703317271,0.9183673469387756,0.375,0.75,0.5,5,0.625,3,0.375,0.75,0.5,5,0.625,,0.0,False,8.0,0.21827143695710483,0.01802774046493361,0.23629917742203843,,,,
S11,S11,1231,1231,OK,shil.cpss_one_se,shil,cpss_one_se,shil.final_development_selection_frequency,7,0.575,0.8357142857142857,0.8357059033624165,0.3601912013215904,0.9182397959183676,0.4285714285714285,0.75,0.5454545454545454,4,0.5714285714285714,3,0.4285714285714285,0.75,0.5454545454545454,4,0.5714285714285714,,,False,,0.2182714369571048,0.01802774046493361,0.2362991774220384,8.0,0.7,8.0,7.0
S11,S11,1231,1231,OK,l1.fixed_k.k01,l1,fixed_k,l1.final_ranker_score,1,1.0,0.6660714285714285,0.6660448058678148,0.6017597856145647,0.7276275510204081,1.0,0.25,0.4,0,0.0,1,1.0,0.25,0.4,0,0.0,1.0,0.0,False,,,,,,,,
S11,S11,1231,1231,OK,l1.fixed_k.k02,l1,fixed_k,l1.final_ranker_score,2,1.0,0.7303571428571428,0.7299015239354651,0.4827208354879322,0.8398724489795919,1.0,0.5,0.6666666666666666,0,0.0,2,1.0,0.5,0.6666666666666666,0,0.0,2.0,0.0,False,,,,,,,,
S11,S11,1231,1231,OK,l1.fixed_k.k04,l1,fixed_k,l1.final_ranker_score,4,1.0,0.8964285714285715,0.896343954248366,0.2332504162454522,0.9669260204081632,1.0,1.0,1.0,0,0.0,4,1.0,1.0,1.0,0,0.0,4.0,0.0,False,,,,,,,,
S11,S11,1231,1231,OK,l1.fixed_k.k08,l1,fixed_k,l1.final_ranker_score,8,1.0,0.9017857142857144,0.9017327577680574,0.2369553174937272,0.9657270408163264,0.5,1.0,0.6666666666666666,4,0.5,4,0.5,1.0,0.6666666666666666,4,0.5,8.0,0.0,False,,,,,,,,
S11,S11,1231,1231,OK,l1.fixed_k.k16,l1,fixed_k,l1.final_ranker_score,16,1.0,0.8821428571428571,0.8820887142055025,0.2441488754738413,0.9641326530612244,0.25,1.0,0.4,12,0.75,4,0.25,1.0,0.4,12,0.75,16.0,0.0,False,,,,,,,,
S11,S11,1231,1231,OK,l1.validation_one_se,l1,validation_one_se,l1.final_ranker_score,4,1.0,0.8964285714285715,0.896343954248366,0.2332504162454522,0.9669260204081632,1.0,1.0,1.0,0,0.0,4,1.0,1.0,1.0,0,0.0,,0.0,False,4.0,0.21942615144997296,0.017987151309270796,0.23741330275924377,,,,
S11,S11,1231,1231,OK,l1.cpss_one_se,l1,cpss_one_se,l1.final_development_selection_frequency,4,1.0,0.8964285714285715,0.896343954248366,0.2332504162454522,0.9669260204081632,1.0,1.0,1.0,0,0.0,4,1.0,1.0,1.0,0,0.0,,,False,,0.21942615144997293,0.0179871513092708,0.23741330275924374,4.0,0.9,4.0,4.0
S11,S11,1249,1249,OK,shil.fixed_k.k01,shil,fixed_k,shil.final_ranker_score,1,0.6416666666666666,0.675,0.6749336599305981,0.5795056254535806,0.7521811224489796,1.0,0.25,0.4,0,0.0,1,1.0,0.25,0.4,0,0.0,1.0,0.0,False,,,,,,,,
S11,S11,1249,1249,OK,shil.fixed_k.k02,shil,fixed_k,shil.final_ranker_score,2,0.6416666666666666,0.6767857142857143,0.6767022094354728,0.5797619856217551,0.7515816326530611,0.5,0.25,0.3333333333333333,1,0.5,1,0.5,0.25,0.3333333333333333,1,0.5,2.0,0.0,False,,,,,,,,
S11,S11,1249,1249,OK,shil.fixed_k.k04,shil,fixed_k,shil.final_ranker_score,4,0.6416666666666666,0.7857142857142857,0.7857033522118475,0.4421313362934944,0.8747321428571428,0.5,0.5,0.5,2,0.5,2,0.5,0.5,0.5,2,0.5,4.0,0.0,False,,,,,,,,
S11,S11,1249,1249,OK,shil.fixed_k.k08,shil,fixed_k,shil.final_ranker_score,8,0.6416666666666666,0.8464285714285714,0.8464285714285714,0.3714425588734977,0.9198979591836732,0.375,0.75,0.5,5,0.625,3,0.375,0.75,0.5,5,0.625,8.0,0.0,False,,,,,,,,
S11,S11,1249,1249,OK,shil.fixed_k.k16,shil,fixed_k,shil.final_ranker_score,16,0.6416666666666666,0.8785714285714286,0.8785574874666735,0.2535931887889283,0.9616198979591836,0.25,1.0,0.4,12,0.75,4,0.25,1.0,0.4,12,0.75,16.0,0.0,False,,,,,,,,
S11,S11,1249,1249,OK,shil.validation_one_se,shil,validation_one_se,shil.final_ranker_score,16,0.6416666666666666,0.8785714285714286,0.8785574874666735,0.2535931887889283,0.9616198979591836,0.25,1.0,0.4,12,0.75,4,0.25,1.0,0.4,12,0.75,,0.0,False,16.0,0.2224069029665195,0.018481282893606548,0.24088818586012603,,,,
S11,S11,1249,1249,OK,shil.cpss_one_se,shil,cpss_one_se,shil.final_development_selection_frequency,10,0.4,0.8839285714285714,0.8838985834989268,0.2563787351809319,0.9609566326530612,0.4,1.0,0.5714285714285715,6,0.6,4,0.4,1.0,0.5714285714285715,6,0.6,,,False,,0.21616040166445735,0.017609099783962395,0.23376950144841974,16.0,0.9,10.0,10.0
S11,S11,1249,1249,OK,l1.fixed_k.k01,l1,fixed_k,l1.final_ranker_score,1,1.0,0.675,0.6749336599305981,0.5795056254535806,0.7521811224489796,1.0,0.25,0.4,0,0.0,1,1.0,0.25,0.4,0,0.0,1.0,0.0,False,,,,,,,,
S11,S11,1249,1249,OK,l1.fixed_k.k02,l1,fixed_k,l1.final_ranker_score,2,1.0,0.7892857142857143,0.7892749630083167,0.4407165758730871,0.8763647959183674,1.0,0.5,0.6666666666666666,0,0.0,2,1.0,0.5,0.6666666666666666,0,0.0,2.0,0.0,False,,,,,,,,
S11,S11,1249,1249,OK,l1.fixed_k.k04,l1,fixed_k,l1.final_ranker_score,4,1.0,0.8803571428571428,0.8803109618188141,0.2498046818732849,0.9624107142857142,1.0,1.0,1.0,0,0.0,4,1.0,1.0,1.0,0,0.0,4.0,0.0,False,,,,,,,,
S11,S11,1249,1249,OK,l1.fixed_k.k08,l1,fixed_k,l1.final_ranker_score,8,1.0,0.8875,0.8874824191279886,0.2604742128098784,0.9595918367346938,0.5,1.0,0.6666666666666666,4,0.5,4,0.5,1.0,0.6666666666666666,4,0.5,8.0,0.0,False,,,,,,,,
S11,S11,1249,1249,OK,l1.fixed_k.k16,l1,fixed_k,l1.final_ranker_score,16,1.0,0.8857142857142857,0.8857128279697446,0.2674089372538816,0.9578188775510204,0.25,1.0,0.4,12,0.75,4,0.25,1.0,0.4,12,0.75,16.0,0.0,False,,,,,,,,
S11,S11,1249,1249,OK,l1.validation_one_se,l1,validation_one_se,l1.final_ranker_score,4,1.0,0.8803571428571428,0.8803109618188141,0.2498046818732849,0.9624107142857142,1.0,1.0,1.0,0,0.0,4,1.0,1.0,1.0,0,0.0,,0.0,False,4.0,0.21716823180092779,0.017226202368383015,0.2343944341693108,,,,
S11,S11,1249,1249,OK,l1.cpss_one_se,l1,cpss_one_se,l1.final_development_selection_frequency,4,1.0,0.8803571428571428,0.8803109618188141,0.2498046818732849,0.9624107142857142,1.0,1.0,1.0,0,0.0,4,1.0,1.0,1.0,0,0.0,,,False,,0.21716823180092776,0.017226202368383018,0.23446017246478623,4.0,0.9,4.0,4.0
S11,S11,1277,1277,OK,shil.fixed_k.k01,shil,fixed_k,shil.final_ranker_score,1,0.6428571428571428,0.6732142857142858,0.6729128565546694,0.5818091043130348,0.7526530612244898,1.0,0.25,0.4,0,0.0,1,1.0,0.25,0.4,0,0.0,1.0,0.0,False,,,,,,,,
S11,S11,1277,1277,OK,shil.fixed_k.k02,shil,fixed_k,shil.final_ranker_score,2,0.6428571428571428,0.6714285714285714,0.6712230858572321,0.5805161746486287,0.7541964285714284,0.5,0.25,0.3333333333333333,1,0.5,1,0.5,0.25,0.3333333333333333,1,0.5,2.0,0.0,False,,,,,,,,
S11,S11,1277,1277,OK,shil.fixed_k.k04,shil,fixed_k,shil.final_ranker_score,4,0.6428571428571428,0.775,0.7748966362105048,0.4409679351869198,0.8728061224489796,0.5,0.5,0.5,2,0.5,2,0.5,0.5,0.5,2,0.5,4.0,0.0,False,,,,,,,,
S11,S11,1277,1277,OK,shil.fixed_k.k08,shil,fixed_k,shil.final_ranker_score,8,0.6428571428571428,0.9142857142857144,0.9142682180036742,0.2080623161844285,0.9741964285714286,0.5,1.0,0.6666666666666666,4,0.5,4,0.5,1.0,0.6666666666666666,4,0.5,8.0,0.0,False,,,,,,,,
S11,S11,1277,1277,OK,shil.fixed_k.k16,shil,fixed_k,shil.final_ranker_score,16,0.6428571428571428,0.9125,0.9124930239974488,0.2102995205899012,0.9734566326530611,0.25,1.0,0.4,12,0.75,4,0.25,1.0,0.4,12,0.75,16.0,0.0,False,,,,,,,,
S11,S11,1277,1277,OK,shil.validation_one_se,shil,validation_one_se,shil.final_ranker_score,8,0.6428571428571428,0.9142857142857144,0.9142682180036742,0.2080623161844285,0.9741964285714286,0.5,1.0,0.6666666666666666,4,0.5,4,0.5,1.0,0.6666666666666666,4,0.5,,0.0,False,8.0,0.287417020485462,0.023177839191201456,0.3105948596766635,,,,
S11,S11,1277,1277,OK,shil.cpss_one_se,shil,cpss_one_se,shil.final_development_selection_frequency,7,0.5,0.8517857142857143,0.8517625521844931,0.3323878634412914,0.9320790816326532,0.4285714285714285,0.75,0.5454545454545454,4,0.5714285714285714,3,0.4285714285714285,0.75,0.5454545454545454,4,0.5714285714285714,,,False,,0.287417020485462,0.023177839191201456,0.3105948596766635,8.0,0.8,8.0,7.0
S11,S11,1277,1277,OK,l1.fixed_k.k01,l1,fixed_k,l1.final_ranker_score,1,1.0,0.6732142857142858,0.6729128565546694,0.5818091043130348,0.7526530612244898,1.0,0.25,0.4,0,0.0,1,1.0,0.25,0.4,0,0.0,1.0,0.0,False,,,,,,,,
S11,S11,1277,1277,OK,l1.fixed_k.k02,l1,fixed_k,l1.final_ranker_score,2,1.0,0.7732142857142857,0.7731556939132875,0.4417152189423327,0.8719897959183673,1.0,0.5,0.6666666666666666,0,0.0,2,1.0,0.5,0.6666666666666666,0,0.0,2.0,0.0,False,,,,,,,,
S11,S11,1277,1277,OK,l1.fixed_k.k04,l1,fixed_k,l1.final_ranker_score,4,1.0,0.9214285714285714,0.92141955071373,0.2034465204739498,0.9753826530612244,1.0,1.0,1.0,0,0.0,4,1.0,1.0,1.0,0,0.0,4.0,0.0,False,,,,,,,,
S11,S11,1277,1277,OK,l1.fixed_k.k08,l1,fixed_k,l1.final_ranker_score,8,1.0,0.9160714285714284,0.9160497449915316,0.2118394338095446,0.9727423469387756,0.5,1.0,0.6666666666666666,4,0.5,4,0.5,1.0,0.6666666666666666,4,0.5,8.0,0.0,False,,,,,,,,
S11,S11,1277,1277,OK,l1.fixed_k.k16,l1,fixed_k,l1.final_ranker_score,16,1.0,0.9089285714285714,0.9088794662940168,0.2175750478860278,0.9710841836734694,0.25,1.0,0.4,12,0.75,4,0.25,1.0,0.4,12,0.75,16.0,0.0,False,,,,,,,,
S11,S11,1277,1277,OK,l1.validation_one_se,l1,validation_one_se,l1.final_ranker_score,4,1.0,0.9214285714285714,0.92141955071373,0.2034465204739498,0.9753826530612244,1.0,1.0,1.0,0,0.0,4,1.0,1.0,1.0,0,0.0,,0.0,False,4.0,0.2882868202338262,0.02316276494351136,0.31144958517733756,,,,
S11,S11,1277,1277,OK,l1.cpss_one_se,l1,cpss_one_se,l1.final_development_selection_frequency,4,1.0,0.9214285714285714,0.92141955071373,0.2034465204739498,0.9753826530612244,1.0,1.0,1.0,0,0.0,4,1.0,1.0,1.0,0,0.0,,,False,,0.2882868202338261,0.02316276494351136,0.3114495851773375,4.0,0.9,4.0,4.0
S12,S12,1103,1103,OK,shil.fixed_k.k01,shil,fixed_k,shil.final_ranker_score,1,1.0,0.7553571428571428,0.6521817975745212,0.5232217217166016,0.7375334062196308,1.0,0.25,0.4,0,0.0,1,1.0,0.25,0.4,0,0.0,1.0,0.0,False,,,,,,,,
S12,S12,1103,1103,OK,shil.fixed_k.k02,shil,fixed_k,shil.final_ranker_score,2,1.0,0.8017857142857143,0.7411714738985422,0.4392852586532335,0.8406675170068026,1.0,0.5,0.6666666666666666,0,0.0,2,1.0,0.5,0.6666666666666666,0,0.0,2.0,0.0,False,,,,,,,,
S12,S12,1103,1103,OK,shil.fixed_k.k04,shil,fixed_k,shil.final_ranker_score,4,1.0,0.9125,0.8930126832996074,0.1958561687919507,0.971604713313897,1.0,1.0,1.0,0,0.0,4,1.0,1.0,1.0,0,0.0,4.0,0.0,False,,,,,,,,
S12,S12,1103,1103,OK,shil.fixed_k.k08,shil,fixed_k,shil.final_ranker_score,8,1.0,0.9107142857142856,0.890625,0.1957546354000392,0.9715895286686104,0.5,1.0,0.6666666666666666,4,0.5,4,0.5,1.0,0.6666666666666666,4,0.5,8.0,0.0,False,,,,,,,,
S12,S12,1103,1103,OK,shil.fixed_k.k16,shil,fixed_k,shil.final_ranker_score,16,1.0,0.9107142857142856,0.8914324709969601,0.199361786566402,0.970875850340136,0.25,1.0,0.4,12,0.75,4,0.25,1.0,0.4,12,0.75,16.0,0.0,False,,,,,,,,
S12,S12,1103,1103,OK,shil.validation_one_se,shil,validation_one_se,shil.final_ranker_score,4,1.0,0.9125,0.8930126832996074,0.1958561687919507,0.971604713313897,1.0,1.0,1.0,0,0.0,4,1.0,1.0,1.0,0,0.0,,0.0,False,4.0,0.21734205013908345,0.021616102002204506,0.23895815214128796,,,,
S12,S12,1103,1103,OK,shil.cpss_one_se,shil,cpss_one_se,shil.final_development_selection_frequency,4,1.0,0.9125,0.8930126832996074,0.1958561687919507,0.971604713313897,1.0,1.0,1.0,0,0.0,4,1.0,1.0,1.0,0,0.0,,,False,,0.21734205013908345,0.021616102002204506,0.23895815214128796,4.0,0.9,4.0,4.0
S12,S12,1103,1103,OK,l1.fixed_k.k01,l1,fixed_k,l1.final_ranker_score,1,1.0,0.7357142857142858,0.5842613214550854,0.5369145742828509,0.6978407434402333,1.0,0.25,0.4,0,0.0,1,1.0,0.25,0.4,0,0.0,1.0,0.0,False,,,,,,,,
S12,S12,1103,1103,OK,l1.fixed_k.k02,l1,fixed_k,l1.final_ranker_score,2,1.0,0.8160714285714286,0.7598257820860347,0.4240592290558785,0.8415785957240038,1.0,0.5,0.6666666666666666,0,0.0,2,1.0,0.5,0.6666666666666666,0,0.0,2.0,0.0,False,,,,,,,,
S12,S12,1103,1103,OK,l1.fixed_k.k04,l1,fixed_k,l1.final_ranker_score,4,1.0,0.9125,0.8930126832996074,0.1958561687919507,0.971604713313897,1.0,1.0,1.0,0,0.0,4,1.0,1.0,1.0,0,0.0,4.0,0.0,False,,,,,,,,
S12,S12,1103,1103,OK,l1.fixed_k.k08,l1,fixed_k,l1.final_ranker_score,8,1.0,0.9160714285714284,0.8981325592646348,0.193771047501218,0.9714984207968902,0.5,1.0,0.6666666666666666,4,0.5,4,0.5,1.0,0.6666666666666666,4,0.5,8.0,0.0,False,,,,,,,,
S12,S12,1103,1103,OK,l1.fixed_k.k16,l1,fixed_k,l1.final_ranker_score,16,1.0,0.9071428571428573,0.885820041092238,0.2012496342533838,0.9703140184645288,0.25,1.0,0.4,12,0.75,4,0.25,1.0,0.4,12,0.75,16.0,0.0,False,,,,,,,,
S12,S12,1103,1103,OK,l1.validation_one_se,l1,validation_one_se,l1.final_ranker_score,4,1.0,0.9125,0.8930126832996074,0.1958561687919507,0.971604713313897,1.0,1.0,1.0,0,0.0,4,1.0,1.0,1.0,0,0.0,,0.0,False,4.0,0.21734205013908345,0.021616102002204502,0.23895815214128796,,,,
S12,S12,1103,1103,OK,l1.cpss_one_se,l1,cpss_one_se,l1.final_development_selection_frequency,4,1.0,0.9125,0.8930126832996074,0.1958561687919507,0.971604713313897,1.0,1.0,1.0,0,0.0,4,1.0,1.0,1.0,0,0.0,,,False,,0.21734205013908345,0.021616102002204506,0.23895815214128796,4.0,0.9,4.0,4.0
S12,S12,1129,1129,OK,shil.fixed_k.k01,shil,fixed_k,shil.final_ranker_score,1,1.0,0.75,0.6415770609318996,0.5195086483350991,0.7364552964042761,1.0,0.25,0.4,0,0.0,1,1.0,0.25,0.4,0,0.0,1.0,0.0,False,,,,,,,,
S12,S12,1129,1129,OK,shil.fixed_k.k02,shil,fixed_k,shil.final_ranker_score,2,1.0,0.8196428571428571,0.7600939942907801,0.4260831314875491,0.844235908649174,1.0,0.5,0.6666666666666666,0,0.0,2,1.0,0.5,0.6666666666666666,0,0.0,2.0,0.0,False,,,,,,,,
S12,S12,1129,1129,OK,shil.fixed_k.k04,shil,fixed_k,shil.final_ranker_score,4,1.0,0.9357142857142856,0.9229404929362118,0.1532948431593044,0.9826591350826044,1.0,1.0,1.0,0,0.0,4,1.0,1.0,1.0,0,0.0,4.0,0.0,False,,,,,,,,
S12,S12,1129,1129,OK,shil.fixed_k.k08,shil,fixed_k,shil.final_ranker_score,8,1.0,0.9285714285714286,0.9146744678581769,0.1627288702049636,0.9800321914480078,0.5,1.0,0.6666666666666666,4,0.5,4,0.5,1.0,0.6666666666666666,4,0.5,8.0,0.0,False,,,,,,,,
S12,S12,1129,1129,OK,shil.fixed_k.k16,shil,fixed_k,shil.final_ranker_score,16,1.0,0.9285714285714286,0.9140774836977368,0.1644343583392781,0.9798499757045676,0.25,1.0,0.4,12,0.75,4,0.25,1.0,0.4,12,0.75,16.0,0.0,False,,,,,,,,
S12,S12,1129,1129,OK,shil.validation_one_se,shil,validation_one_se,shil.final_ranker_score,4,1.0,0.9357142857142856,0.9229404929362118,0.1532948431593044,0.9826591350826044,1.0,1.0,1.0,0,0.0,4,1.0,1.0,1.0,0,0.0,,0.0,False,4.0,0.1680106054311345,0.016226614694178323,0.18423722012531282,,,,
S12,S12,1129,1129,OK,shil.cpss_one_se,shil,cpss_one_se,shil.final_development_selection_frequency,4,1.0,0.9357142857142856,0.9229404929362118,0.1532948431593044,0.9826591350826044,1.0,1.0,1.0,0,0.0,4,1.0,1.0,1.0,0,0.0,,,False,,0.16801060543113452,0.016226614694178323,0.18423722012531285,4.0,0.9,4.0,4.0
S12,S12,1129,1129,OK,l1.fixed_k.k01,l1,fixed_k,l1.final_ranker_score,1,1.0,0.75,0.6415770609318996,0.5195086483350991,0.7364552964042761,1.0,0.25,0.4,0,0.0,1,1.0,0.25,0.4,0,0.0,1.0,0.0,False,,,,,,,,
S12,S12,1129,1129,OK,l1.fixed_k.k02,l1,fixed_k,l1.final_ranker_score,2,1.0,0.825,0.7709668803418803,0.4198528242098395,0.846604713313897,1.0,0.5,0.6666666666666666,0,0.0,2,1.0,0.5,0.6666666666666666,0,0.0,2.0,0.0,False,,,,,,,,
S12,S12,1129,1129,OK,l1.fixed_k.k04,l1,fixed_k,l1.final_ranker_score,4,1.0,0.9357142857142856,0.9229404929362118,0.1532948431593044,0.9826591350826044,1.0,1.0,1.0,0,0.0,4,1.0,1.0,1.0,0,0.0,4.0,0.0,False,,,,,,,,
S12,S12,1129,1129,OK,l1.fixed_k.k08,l1,fixed_k,l1.final_ranker_score,8,1.0,0.9285714285714286,0.9140774836977368,0.1577412562251278,0.9813380709426628,0.5,1.0,0.6666666666666666,4,0.5,4,0.5,1.0,0.6666666666666666,4,0.5,8.0,0.0,False,,,,,,,,
S12,S12,1129,1129,OK,l1.fixed_k.k16,l1,fixed_k,l1.final_ranker_score,16,1.0,0.9214285714285714,0.905816158033148,0.1667988061098379,0.97915148202138,0.25,1.0,0.4,12,0.75,4,0.25,1.0,0.4,12,0.75,16.0,0.0,False,,,,,,,,
S12,S12,1129,1129,OK,l1.validation_one_se,l1,validation_one_se,l1.final_ranker_score,4,1.0,0.9357142857142856,0.9229404929362118,0.1532948431593044,0.9826591350826044,1.0,1.0,1.0,0,0.0,4,1.0,1.0,1.0,0,0.0,,0.0,False,4.0,0.16801060543113452,0.016226614694178323,0.18423722012531285,,,,
S12,S12,1129,1129,OK,l1.cpss_one_se,l1,cpss_one_se,l1.final_development_selection_frequency,4,1.0,0.9357142857142856,0.9229404929362118,0.1532948431593044,0.9826591350826044,1.0,1.0,1.0,0,0.0,4,1.0,1.0,1.0,0,0.0,,,False,,0.16801060543113452,0.016226614694178323,0.18423722012531285,4.0,0.9,4.0,4.0
S12,S12,1151,1151,OK,shil.fixed_k.k01,shil,fixed_k,shil.final_ranker_score,1,1.0,0.7553571428571428,0.6311095083543695,0.5181339022520866,0.7452320213799806,1.0,0.25,0.4,0,0.0,1,1.0,0.25,0.4,0,0.0,1.0,0.0,False,,,,,,,,
S12,S12,1151,1151,OK,shil.fixed_k.k02,shil,fixed_k,shil.final_ranker_score,2,1.0,0.8178571428571428,0.7547908510199877,0.4039824791533636,0.8708242225461612,1.0,0.5,0.6666666666666666,0,0.0,2,1.0,0.5,0.6666666666666666,0,0.0,2.0,0.0,False,,,,,,,,
S12,S12,1151,1151,OK,shil.fixed_k.k04,shil,fixed_k,shil.final_ranker_score,4,1.0,0.9357142857142856,0.921542987904544,0.1613443373559503,0.9812925170068028,1.0,1.0,1.0,0,0.0,4,1.0,1.0,1.0,0,0.0,4.0,0.0,False,,,,,,,,
S12,S12,1151,1151,OK,shil.fixed_k.k08,shil,fixed_k,shil.final_ranker_score,8,1.0,0.9285714285714286,0.9125,0.167037782011215,0.9796070213799806,0.5,1.0,0.6666666666666666,4,0.5,4,0.5,1.0,0.6666666666666666,4,0.5,8.0,0.0,False,,,,,,,,
S12,S12,1151,1151,OK,shil.fixed_k.k16,shil,fixed_k,shil.final_ranker_score,16,1.0,0.9303571428571428,0.9154716981132076,0.1683055727179722,0.9787870505344995,0.25,1.0,0.4,12,0.75,4,0.25,1.0,0.4,12,0.75,16.0,0.0,False,,,,,,,,
S12,S12,1151,1151,OK,shil.validation_one_se,shil,validation_one_se,shil.final_ranker_score,4,1.0,0.9357142857142856,0.921542987904544,0.1613443373559503,0.9812925170068028,1.0,1.0,1.0,0,0.0,4,1.0,1.0,1.0,0,0.0,,0.0,False,4.0,0.18660607042375163,0.018756789642631333,0.20536286006638296,,,,
S12,S12,1151,1151,OK,shil.cpss_one_se,shil,cpss_one_se,shil.final_development_selection_frequency,4,1.0,0.9357142857142856,0.921542987904544,0.1613443373559503,0.9812925170068028,1.0,1.0,1.0,0,0.0,4,1.0,1.0,1.0,0,0.0,,,False,,0.18660607042375163,0.018756789642631333,0.20536286006638296,4.0,0.9,4.0,4.0
S12,S12,1151,1151,OK,l1.fixed_k.k01,l1,fixed_k,l1.final_ranker_score,1,1.0,0.7553571428571428,0.6311095083543695,0.5181339022520866,0.7452320213799806,1.0,0.25,0.4,0,0.0,1,1.0,0.25,0.4,0,0.0,1.0,0.0,False,,,,,,,,
S12,S12,1151,1151,OK,l1.fixed_k.k02,l1,fixed_k,l1.final_ranker_score,2,1.0,0.7910714285714285,0.7108242303872889,0.4497159798700089,0.8294156948493683,1.0,0.5,0.6666666666666666,0,0.0,2,1.0,0.5,0.6666666666666666,0,0.0,2.0,0.0,False,,,,,,,,
S12,S12,1151,1151,OK,l1.fixed_k.k04,l1,fixed_k,l1.final_ranker_score,4,1.0,0.9357142857142856,0.921542987904544,0.1613443373559503,0.9812925170068028,1.0,1.0,1.0,0,0.0,4,1.0,1.0,1.0,0,0.0,4.0,0.0,False,,,,,,,,
S12,S12,1151,1151,OK,l1.fixed_k.k08,l1,fixed_k,l1.final_ranker_score,8,1.0,0.9321428571428572,0.916875,0.169102146926155,0.9782859572400388,0.5,1.0,0.6666666666666666,4,0.5,4,0.5,1.0,0.6666666666666666,4,0.5,8.0,0.0,False,,,,,,,,
S12,S12,1151,1151,OK,l1.fixed_k.k16,l1,fixed_k,l1.final_ranker_score,16,1.0,0.9321428571428572,0.917184265010352,0.1745671767338349,0.9766004616132168,0.25,1.0,0.4,12,0.75,4,0.25,1.0,0.4,12,0.75,16.0,0.0,False,,,,,,,,
S12,S12,1151,1151,OK,l1.validation_one_se,l1,validation_one_se,l1.final_ranker_score,4,1.0,0.9357142857142856,0.921542987904544,0.1613443373559503,0.9812925170068028,1.0,1.0,1.0,0,0.0,4,1.0,1.0,1.0,0,0.0,,0.0,False,4.0,0.18660607042375163,0.018756789642631333,0.20536286006638296,,,,
S12,S12,1151,1151,OK,l1.cpss_one_se,l1,cpss_one_se,l1.final_development_selection_frequency,4,1.0,0.9357142857142856,0.921542987904544,0.1613443373559503,0.9812925170068028,1.0,1.0,1.0,0,0.0,4,1.0,1.0,1.0,0,0.0,,,False,,0.18660607042375163,0.018756789642631333,0.20536286006638296,4.0,0.9,4.0,4.0
S12,S12,1171,1171,OK,shil.fixed_k.k01,shil,fixed_k,shil.final_ranker_score,1,1.0,0.7535714285714286,0.6384459914664271,0.5151986876248985,0.7392340864917396,1.0,0.25,0.4,0,0.0,1,1.0,0.25,0.4,0,0.0,1.0,0.0,False,,,,,,,,
S12,S12,1171,1171,OK,shil.fixed_k.k02,shil,fixed_k,shil.final_ranker_score,2,1.0,0.7928571428571428,0.7313215538349547,0.4321231776744171,0.840804178814383,1.0,0.5,0.6666666666666666,0,0.0,2,1.0,0.5,0.6666666666666666,0,0.0,2.0,0.0,False,,,,,,,,
S12,S12,1171,1171,OK,shil.fixed_k.k04,shil,fixed_k,shil.final_ranker_score,4,1.0,0.9232142857142858,0.9068021286889212,0.1834216048016598,0.9747934888241012,1.0,1.0,1.0,0,0.0,4,1.0,1.0,1.0,0,0.0,4.0,0.0,False,,,,,,,,
S12,S12,1171,1171,OK,shil.fixed_k.k08,shil,fixed_k,shil.final_ranker_score,8,1.0,0.925,0.9088032756374465,0.1828915049816263,0.9747479348882412,0.5,1.0,0.6666666666666666,4,0.5,4,0.5,1.0,0.6666666666666666,4,0.5,8.0,0.0,False,,,,,,,,
S12,S12,1171,1171,OK,shil.fixed_k.k16,shil,fixed_k,shil.final_ranker_score,16,1.0,0.9214285714285714,0.904108096327776,0.1848127677503101,0.974368318756074,0.25,1.0,0.4,12,0.75,4,0.25,1.0,0.4,12,0.75,16.0,0.0,False,,,,,,,,
S12,S12,1171,1171,OK,shil.validation_one_se,shil,validation_one_se,shil.final_ranker_score,4,1.0,0.9232142857142858,0.9068021286889212,0.1834216048016598,0.9747934888241012,1.0,1.0,1.0,0,0.0,4,1.0,1.0,1.0,0,0.0,,0.0,False,4.0,0.20575399200436364,0.017920321843847536,0.22367431384821118,,,,
S12,S12,1171,1171,OK,shil.cpss_one_se,shil,cpss_one_se,shil.final_development_selection_frequency,4,1.0,0.9232142857142858,0.9068021286889212,0.1834216048016598,0.9747934888241012,1.0,1.0,1.0,0,0.0,4,1.0,1.0,1.0,0,0.0,,,False,,0.20575399200436364,0.017920321843847536,0.22367431384821118,4.0,0.9,4.0,4.0
S12,S12,1171,1171,OK,l1.fixed_k.k01,l1,fixed_k,l1.final_ranker_score,1,1.0,0.7535714285714286,0.6384459914664271,0.5151986876248985,0.7392340864917396,1.0,0.25,0.4,0,0.0,1,1.0,0.25,0.4,0,0.0,1.0,0.0,False,,,,,,,,
S12,S12,1171,1171,OK,l1.fixed_k.k02,l1,fixed_k,l1.final_ranker_score,2,1.0,0.8,0.7267102396514161,0.4212134014356001,0.8498390427599611,1.0,0.5,0.6666666666666666,0,0.0,2,1.0,0.5,0.6666666666666666,0,0.0,2.0,0.0,False,,,,,,,,
S12,S12,1171,1171,OK,l1.fixed_k.k04,l1,fixed_k,l1.final_ranker_score,4,1.0,0.9232142857142858,0.9068021286889212,0.1834216048016598,0.9747934888241012,1.0,1.0,1.0,0,0.0,4,1.0,1.0,1.0,0,0.0,4.0,0.0,False,,,,,,,,
S12,S12,1171,1171,OK,l1.fixed_k.k08,l1,fixed_k,l1.final_ranker_score,8,1.0,0.9196428571428572,0.9021096915289922,0.1860287694109492,0.9741557337220604,0.5,1.0,0.6666666666666666,4,0.5,4,0.5,1.0,0.6666666666666666,4,0.5,8.0,0.0,False,,,,,,,,
S12,S12,1171,1171,OK,l1.fixed_k.k16,l1,fixed_k,l1.final_ranker_score,16,1.0,0.9267857142857144,0.9104800003119164,0.1896351481830806,0.9739431486880468,0.25,1.0,0.4,12,0.75,4,0.25,1.0,0.4,12,0.75,16.0,0.0,False,,,,,,,,
S12,S12,1171,1171,OK,l1.validation_one_se,l1,validation_one_se,l1.final_ranker_score,4,1.0,0.9232142857142858,0.9068021286889212,0.1834216048016598,0.9747934888241012,1.0,1.0,1.0,0,0.0,4,1.0,1.0,1.0,0,0.0,,0.0,False,4.0,0.20575399200436367,0.017920321843847536,0.2236743138482112,,,,
S12,S12,1171,1171,OK,l1.cpss_one_se,l1,cpss_one_se,l1.final_development_selection_frequency,4,1.0,0.9232142857142858,0.9068021286889212,0.1834216048016598,0.9747934888241012,1.0,1.0,1.0,0,0.0,4,1.0,1.0,1.0,0,0.0,,,False,,0.20575399200436364,0.017920321843847536,0.22367431384821118,4.0,0.9,4.0,4.0
S12,S12,1181,1181,OK,shil.fixed_k.k01,shil,fixed_k,shil.final_ranker_score,1,1.0,0.7214285714285714,0.591286772962048,0.5537514218958827,0.6945912293488825,1.0,0.25,0.4,0,0.0,1,1.0,0.25,0.4,0,0.0,1.0,0.0,False,,,,,,,,
S12,S12,1181,1181,OK,shil.fixed_k.k02,shil,fixed_k,shil.final_ranker_score,2,1.0,0.8178571428571428,0.75828974762606,0.3920302180115813,0.8761692176870748,1.0,0.5,0.6666666666666666,0,0.0,2,1.0,0.5,0.6666666666666666,0,0.0,2.0,0.0,False,,,,,,,,
S12,S12,1181,1181,OK,shil.fixed_k.k04,shil,fixed_k,shil.final_ranker_score,4,1.0,0.9196428571428572,0.901377196999049,0.1625230345147291,0.981368440233236,1.0,1.0,1.0,0,0.0,4,1.0,1.0,1.0,0,0.0,4.0,0.0,False,,,,,,,,
S12,S12,1181,1181,OK,shil.fixed_k.k08,shil,fixed_k,shil.final_ranker_score,8,1.0,0.9214285714285714,0.9030165627558412,0.1660233633947018,0.9806243926141884,0.5,1.0,0.6666666666666666,4,0.5,4,0.5,1.0,0.6666666666666666,4,0.5,8.0,0.0,False,,,,,,,,
S12,S12,1181,1181,OK,shil.fixed_k.k16,shil,fixed_k,shil.final_ranker_score,16,1.0,0.9214285714285714,0.9033861886165092,0.1678158618321974,0.979774052478134,0.25,1.0,0.4,12,0.75,4,0.25,1.0,0.4,12,0.75,16.0,0.0,False,,,,,,,,
S12,S12,1181,1181,OK,shil.validation_one_se,shil,validation_one_se,shil.final_ranker_score,4,1.0,0.9196428571428572,0.901377196999049,0.1625230345147291,0.981368440233236,1.0,1.0,1.0,0,0.0,4,1.0,1.0,1.0,0,0.0,,0.0,False,4.0,0.18396236250754272,0.0187867168357908,0.20274907934333353,,,,
S12,S12,1181,1181,OK,shil.cpss_one_se,shil,cpss_one_se,shil.final_development_selection_frequency,4,1.0,0.9196428571428572,0.901377196999049,0.1625230345147291,0.981368440233236,1.0,1.0,1.0,0,0.0,4,1.0,1.0,1.0,0,0.0,,,False,,0.18396236250754272,0.0187867168357908,0.20274907934333353,4.0,0.9,4.0,4.0
S12,S12,1181,1181,OK,l1.fixed_k.k01,l1,fixed_k,l1.final_ranker_score,1,1.0,0.7785714285714286,0.6712121212121213,0.4834240240093864,0.7792304421768708,1.0,0.25,0.4,0,0.0,1,1.0,0.25,0.4,0,0.0,1.0,0.0,False,,,,,,,,
S12,S12,1181,1181,OK,l1.fixed_k.k02,l1,fixed_k,l1.final_ranker_score,2,1.0,0.8178571428571428,0.75828974762606,0.3920302180115813,0.8761692176870748,1.0,0.5,0.6666666666666666,0,0.0,2,1.0,0.5,0.6666666666666666,0,0.0,2.0,0.0,False,,,,,,,,
S12,S12,1181,1181,OK,l1.fixed_k.k04,l1,fixed_k,l1.final_ranker_score,4,1.0,0.9196428571428572,0.901377196999049,0.1625230345147291,0.981368440233236,1.0,1.0,1.0,0,0.0,4,1.0,1.0,1.0,0,0.0,4.0,0.0,False,,,,,,,,
S12,S12,1181,1181,OK,l1.fixed_k.k08,l1,fixed_k,l1.final_ranker_score,8,1.0,0.9178571428571428,0.899749373433584,0.167837124118847,0.9798347910592808,0.5,1.0,0.6666666666666666,4,0.5,4,0.5,1.0,0.6666666666666666,4,0.5,8.0,0.0,False,,,,,,,,
S12,S12,1181,1181,OK,l1.fixed_k.k16,l1,fixed_k,l1.final_ranker_score,16,1.0,0.9142857142857144,0.8937902040429264,0.1797362238701752,0.9767674927113702,0.25,1.0,0.4,12,0.75,4,0.25,1.0,0.4,12,0.75,16.0,0.0,False,,,,,,,,
S12,S12,1181,1181,OK,l1.validation_one_se,l1,validation_one_se,l1.final_ranker_score,4,1.0,0.9196428571428572,0.901377196999049,0.1625230345147291,0.981368440233236,1.0,1.0,1.0,0,0.0,4,1.0,1.0,1.0,0,0.0,,0.0,False,4.0,0.18396236250754272,0.0187867168357908,0.20274907934333353,,,,
S12,S12,1181,1181,OK,l1.cpss_one_se,l1,cpss_one_se,l1.final_development_selection_frequency,4,1.0,0.9196428571428572,0.901377196999049,0.1625230345147291,0.981368440233236,1.0,1.0,1.0,0,0.0,4,1.0,1.0,1.0,0,0.0,,,False,,0.18396236250754272,0.0187867168357908,0.20274907934333353,4.0,0.9,4.0,4.0
S12,S12,1201,1201,OK,shil.fixed_k.k01,shil,fixed_k,shil.final_ranker_score,1,1.0,0.7464285714285714,0.638486297757815,0.5270718258185985,0.7378978377065112,1.0,0.25,0.4,0,0.0,1,1.0,0.25,0.4,0,0.0,1.0,0.0,False,,,,,,,,
S12,S12,1201,1201,OK,shil.fixed_k.k02,shil,fixed_k,shil.final_ranker_score,2,1.0,0.8142857142857143,0.7569444444444444,0.4101575411523384,0.857340257531584,1.0,0.5,0.6666666666666666,0,0.0,2,1.0,0.5,0.6666666666666666,0,0.0,2.0,0.0,False,,,,,,,,
S12,S12,1201,1201,OK,shil.fixed_k.k04,shil,fixed_k,shil.final_ranker_score,4,1.0,0.9267857142857144,0.9120842092365188,0.170923275812538,0.9786352040816326,1.0,1.0,1.0,0,0.0,4,1.0,1.0,1.0,0,0.0,4.0,0.0,False,,,,,,,,
S12,S12,1201,1201,OK,shil.fixed_k.k08,shil,fixed_k,shil.final_ranker_score,8,1.0,0.9232142857142858,0.9074696721090996,0.1857729518343275,0.9736242711370262,0.5,1.0,0.6666666666666666,4,0.5,4,0.5,1.0,0.6666666666666666,4,0.5,8.0,0.0,False,,,,,,,,
S12,S12,1201,1201,OK,shil.fixed_k.k16,shil,fixed_k,shil.final_ranker_score,16,1.0,0.9267857142857144,0.9114576705191836,0.185345612196441,0.9742468415937804,0.25,1.0,0.4,12,0.75,4,0.25,1.0,0.4,12,0.75,16.0,0.0,False,,,,,,,,
S12,S12,1201,1201,OK,shil.validation_one_se,shil,validation_one_se,shil.final_ranker_score,4,1.0,0.9267857142857144,0.9120842092365188,0.170923275812538,0.9786352040816326,1.0,1.0,1.0,0,0.0,4,1.0,1.0,1.0,0,0.0,,0.0,False,4.0,0.18154605283968858,0.017591265823865134,0.19913731866355372,,,,
S12,S12,1201,1201,OK,shil.cpss_one_se,shil,cpss_one_se,shil.final_development_selection_frequency,4,1.0,0.9267857142857144,0.9120842092365188,0.170923275812538,0.9786352040816326,1.0,1.0,1.0,0,0.0,4,1.0,1.0,1.0,0,0.0,,,False,,0.18154605283968858,0.017591265823865134,0.19913731866355372,4.0,0.9,4.0,4.0
S12,S12,1201,1201,OK,l1.fixed_k.k01,l1,fixed_k,l1.final_ranker_score,1,1.0,0.7464285714285714,0.638486297757815,0.5270718258185985,0.7378978377065112,1.0,0.25,0.4,0,0.0,1,1.0,0.25,0.4,0,0.0,1.0,0.0,False,,,,,,,,
S12,S12,1201,1201,OK,l1.fixed_k.k02,l1,fixed_k,l1.final_ranker_score,2,1.0,0.825,0.7740112994350282,0.4379227341004498,0.8370991253644314,1.0,0.5,0.6666666666666666,0,0.0,2,1.0,0.5,0.6666666666666666,0,0.0,2.0,0.0,False,,,,,,,,
S12,S12,1201,1201,OK,l1.fixed_k.k04,l1,fixed_k,l1.final_ranker_score,4,1.0,0.9267857142857144,0.9120842092365188,0.170923275812538,0.9786352040816326,1.0,1.0,1.0,0,0.0,4,1.0,1.0,1.0,0,0.0,4.0,0.0,False,,,,,,,,
S12,S12,1201,1201,OK,l1.fixed_k.k08,l1,fixed_k,l1.final_ranker_score,8,1.0,0.9285714285714286,0.9146744678581769,0.1694343899100779,0.9789996355685132,0.5,1.0,0.6666666666666666,4,0.5,4,0.5,1.0,0.6666666666666666,4,0.5,8.0,0.0,False,,,,,,,,
S12,S12,1201,1201,OK,l1.fixed_k.k16,l1,fixed_k,l1.final_ranker_score,16,1.0,0.9267857142857144,0.9123901538132796,0.1821838511933754,0.9753553206997084,0.25,1.0,0.4,12,0.75,4,0.25,1.0,0.4,12,0.75,16.0,0.0,False,,,,,,,,
S12,S12,1201,1201,OK,l1.validation_one_se,l1,validation_one_se,l1.final_ranker_score,4,1.0,0.9267857142857144,0.9120842092365188,0.170923275812538,0.9786352040816326,1.0,1.0,1.0,0,0.0,4,1.0,1.0,1.0,0,0.0,,0.0,False,4.0,0.18154605283968858,0.017591265823865134,0.19913731866355372,,,,
S12,S12,1201,1201,OK,l1.cpss_one_se,l1,cpss_one_se,l1.final_development_selection_frequency,4,1.0,0.9267857142857144,0.9120842092365188,0.170923275812538,0.9786352040816326,1.0,1.0,1.0,0,0.0,4,1.0,1.0,1.0,0,0.0,,,False,,0.18154605283968858,0.017591265823865134,0.19913731866355372,4.0,0.9,4.0,4.0
S12,S12,1213,1213,OK,shil.fixed_k.k01,shil,fixed_k,shil.final_ranker_score,1,1.0,0.7428571428571429,0.6158463385354142,0.5238503651690304,0.7378978377065112,1.0,0.25,0.4,0,0.0,1,1.0,0.25,0.4,0,0.0,1.0,0.0,False,,,,,,,,
S12,S12,1213,1213,OK,shil.fixed_k.k02,shil,fixed_k,shil.final_ranker_score,2,1.0,0.8017857142857143,0.73634092441858,0.432507383925963,0.837129494655005,1.0,0.5,0.6666666666666666,0,0.0,2,1.0,0.5,0.6666666666666666,0,0.0,2.0,0.0,False,,,,,,,,
S12,S12,1213,1213,OK,shil.fixed_k.k04,shil,fixed_k,shil.final_ranker_score,4,1.0,0.9375,0.9230016774634552,0.1727443764661498,0.9774204324586976,1.0,1.0,1.0,0,0.0,4,1.0,1.0,1.0,0,0.0,4.0,0.0,False,,,,,,,,
S12,S12,1213,1213,OK,shil.fixed_k.k08,shil,fixed_k,shil.final_ranker_score,8,1.0,0.9357142857142856,0.9206499149820516,0.1747042464529231,0.9766915694849369,0.5,1.0,0.6666666666666666,4,0.5,4,0.5,1.0,0.6666666666666666,4,0.5,8.0,0.0,False,,,,,,,,
S12,S12,1213,1213,OK,shil.fixed_k.k16,shil,fixed_k,shil.final_ranker_score,16,1.0,0.9285714285714286,0.9121692623786446,0.1850359953153468,0.9734268707482991,0.25,1.0,0.4,12,0.75,4,0.25,1.0,0.4,12,0.75,16.0,0.0,False,,,,,,,,
S12,S12,1213,1213,OK,shil.validation_one_se,shil,validation_one_se,shil.final_ranker_score,4,1.0,0.9375,0.9230016774634552,0.1727443764661498,0.9774204324586976,1.0,1.0,1.0,0,0.0,4,1.0,1.0,1.0,0,0.0,,0.0,False,4.0,0.18642291176366987,0.019346636230336306,0.20576954799400618,,,,
S12,S12,1213,1213,OK,shil.cpss_one_se,shil,cpss_one_se,shil.final_development_selection_frequency,4,1.0,0.9375,0.9230016774634552,0.1727443764661498,0.9774204324586976,1.0,1.0,1.0,0,0.0,4,1.0,1.0,1.0,0,0.0,,,False,,0.18642291176366987,0.019346636230336306,0.20576954799400618,4.0,0.9,4.0,4.0
S12,S12,1213,1213,OK,l1.fixed_k.k01,l1,fixed_k,l1.final_ranker_score,1,1.0,0.7428571428571429,0.6158463385354142,0.5238503651690304,0.7378978377065112,1.0,0.25,0.4,0,0.0,1,1.0,0.25,0.4,0,0.0,1.0,0.0,False,,,,,,,,
S12,S12,1213,1213,OK,l1.fixed_k.k02,l1,fixed_k,l1.final_ranker_score,2,1.0,0.8017857142857143,0.73634092441858,0.432507383925963,0.837129494655005,1.0,0.5,0.6666666666666666,0,0.0,2,1.0,0.5,0.6666666666666666,0,0.0,2.0,0.0,False,,,,,,,,
S12,S12,1213,1213,OK,l1.fixed_k.k04,l1,fixed_k,l1.final_ranker_score,4,1.0,0.9375,0.9230016774634552,0.1727443764661498,0.9774204324586976,1.0,1.0,1.0,0,0.0,4,1.0,1.0,1.0,0,0.0,4.0,0.0,False,,,,,,,,
S12,S12,1213,1213,OK,l1.fixed_k.k08,l1,fixed_k,l1.final_ranker_score,8,1.0,0.9321428571428572,0.9162415769254992,0.1823548449259843,0.9749301506316812,0.5,1.0,0.6666666666666666,4,0.5,4,0.5,1.0,0.6666666666666666,4,0.5,8.0,0.0,False,,,,,,,,
S12,S12,1213,1213,OK,l1.fixed_k.k16,l1,fixed_k,l1.final_ranker_score,16,1.0,0.9196428571428572,0.9021096915289922,0.1946944431482015,0.9703595724003888,0.25,1.0,0.4,12,0.75,4,0.25,1.0,0.4,12,0.75,16.0,0.0,False,,,,,,,,
S12,S12,1213,1213,OK,l1.validation_one_se,l1,validation_one_se,l1.final_ranker_score,4,1.0,0.9375,0.9230016774634552,0.1727443764661498,0.9774204324586976,1.0,1.0,1.0,0,0.0,4,1.0,1.0,1.0,0,0.0,,0.0,False,4.0,0.18642291176366987,0.019346636230336306,0.20576954799400618,,,,
S12,S12,1213,1213,OK,l1.cpss_one_se,l1,cpss_one_se,l1.final_development_selection_frequency,4,1.0,0.9375,0.9230016774634552,0.1727443764661498,0.9774204324586976,1.0,1.0,1.0,0,0.0,4,1.0,1.0,1.0,0,0.0,,,False,,0.18642291176366987,0.019346636230336306,0.20576954799400618,4.0,0.9,4.0,4.0
S12,S12,1231,1231,OK,shil.fixed_k.k01,shil,fixed_k,shil.final_ranker_score,1,1.0,0.7535714285714286,0.6446896551724138,0.5187126857852326,0.743030247813411,1.0,0.25,0.4,0,0.0,1,1.0,0.25,0.4,0,0.0,1.0,0.0,False,,,,,,,,
S12,S12,1231,1231,OK,shil.fixed_k.k02,shil,fixed_k,shil.final_ranker_score,2,1.0,0.8142857142857143,0.7622430150720946,0.4278765457256049,0.8516763848396502,1.0,0.5,0.6666666666666666,0,0.0,2,1.0,0.5,0.6666666666666666,0,0.0,2.0,0.0,False,,,,,,,,
S12,S12,1231,1231,OK,shil.fixed_k.k04,shil,fixed_k,shil.final_ranker_score,4,1.0,0.8982142857142857,0.8769045663315478,0.2054102159474769,0.968992954324587,1.0,1.0,1.0,0,0.0,4,1.0,1.0,1.0,0,0.0,4.0,0.0,False,,,,,,,,
S12,S12,1231,1231,OK,shil.fixed_k.k08,shil,fixed_k,shil.final_ranker_score,8,1.0,0.8964285714285715,0.8745190153142434,0.2066019495680577,0.9688107385811467,0.5,1.0,0.6666666666666666,4,0.5,4,0.5,1.0,0.6666666666666666,4,0.5,8.0,0.0,False,,,,,,,,
S12,S12,1231,1231,OK,shil.fixed_k.k16,shil,fixed_k,shil.final_ranker_score,16,1.0,0.9017857142857144,0.881647255023267,0.2076216712322777,0.9682033527696792,0.25,1.0,0.4,12,0.75,4,0.25,1.0,0.4,12,0.75,16.0,0.0,False,,,,,,,,
S12,S12,1231,1231,OK,shil.validation_one_se,shil,validation_one_se,shil.final_ranker_score,4,1.0,0.8982142857142857,0.8769045663315478,0.2054102159474769,0.968992954324587,1.0,1.0,1.0,0,0.0,4,1.0,1.0,1.0,0,0.0,,0.0,False,4.0,0.17602512435715742,0.017908805851119324,0.19393393020827673,,,,
S12,S12,1231,1231,OK,shil.cpss_one_se,shil,cpss_one_se,shil.final_development_selection_frequency,4,1.0,0.8982142857142857,0.8769045663315478,0.2054102159474769,0.968992954324587,1.0,1.0,1.0,0,0.0,4,1.0,1.0,1.0,0,0.0,,,False,,0.17602512435715742,0.017908805851119324,0.19393393020827673,4.0,0.9,4.0,4.0
S12,S12,1231,1231,OK,l1.fixed_k.k01,l1,fixed_k,l1.final_ranker_score,1,1.0,0.7535714285714286,0.6446896551724138,0.5187126857852326,0.743030247813411,1.0,0.25,0.4,0,0.0,1,1.0,0.25,0.4,0,0.0,1.0,0.0,False,,,,,,,,
S12,S12,1231,1231,OK,l1.fixed_k.k02,l1,fixed_k,l1.final_ranker_score,2,1.0,0.8142857142857143,0.7622430150720946,0.4278765457256049,0.8516763848396502,1.0,0.5,0.6666666666666666,0,0.0,2,1.0,0.5,0.6666666666666666,0,0.0,2.0,0.0,False,,,,,,,,
S12,S12,1231,1231,OK,l1.fixed_k.k04,l1,fixed_k,l1.final_ranker_score,4,1.0,0.8982142857142857,0.8769045663315478,0.2054102159474769,0.968992954324587,1.0,1.0,1.0,0,0.0,4,1.0,1.0,1.0,0,0.0,4.0,0.0,False,,,,,,,,
S12,S12,1231,1231,OK,l1.fixed_k.k08,l1,fixed_k,l1.final_ranker_score,8,1.0,0.9017857142857144,0.8820641831221594,0.2092713615083533,0.967687074829932,0.5,1.0,0.6666666666666666,4,0.5,4,0.5,1.0,0.6666666666666666,4,0.5,8.0,0.0,False,,,,,,,,
S12,S12,1231,1231,OK,l1.fixed_k.k16,l1,fixed_k,l1.final_ranker_score,16,1.0,0.8910714285714286,0.8687360464803507,0.2078878294683248,0.9680515063168124,0.25,1.0,0.4,12,0.75,4,0.25,1.0,0.4,12,0.75,16.0,0.0,False,,,,,,,,
S12,S12,1231,1231,OK,l1.validation_one_se,l1,validation_one_se,l1.final_ranker_score,4,1.0,0.8982142857142857,0.8769045663315478,0.2054102159474769,0.968992954324587,1.0,1.0,1.0,0,0.0,4,1.0,1.0,1.0,0,0.0,,0.0,False,4.0,0.17602512435715742,0.017908805851119324,0.19393393020827673,,,,
S12,S12,1231,1231,OK,l1.cpss_one_se,l1,cpss_one_se,l1.final_development_selection_frequency,4,1.0,0.8982142857142857,0.8769045663315478,0.2054102159474769,0.968992954324587,1.0,1.0,1.0,0,0.0,4,1.0,1.0,1.0,0,0.0,,,False,,0.17602512435715742,0.017908805851119324,0.19393393020827673,4.0,0.9,4.0,4.0
S12,S12,1249,1249,OK,shil.fixed_k.k01,shil,fixed_k,shil.final_ranker_score,1,1.0,0.75,0.6265172735760971,0.5351661772588306,0.7105351068999027,1.0,0.25,0.4,0,0.0,1,1.0,0.25,0.4,0,0.0,1.0,0.0,False,,,,,,,,
S12,S12,1249,1249,OK,shil.fixed_k.k02,shil,fixed_k,shil.final_ranker_score,2,1.0,0.7964285714285714,0.7298532473467729,0.4380974123058146,0.8238581146744413,1.0,0.5,0.6666666666666666,0,0.0,2,1.0,0.5,0.6666666666666666,0,0.0,2.0,0.0,False,,,,,,,,
S12,S12,1249,1249,OK,shil.fixed_k.k04,shil,fixed_k,shil.final_ranker_score,4,1.0,0.9178571428571428,0.9025408980160112,0.1791431789358457,0.9780733722060252,1.0,1.0,1.0,0,0.0,4,1.0,1.0,1.0,0,0.0,4.0,0.0,False,,,,,,,,
S12,S12,1249,1249,OK,shil.fixed_k.k08,shil,fixed_k,shil.final_ranker_score,8,1.0,0.9160714285714284,0.9009181633720952,0.1831737202673843,0.9767978620019436,0.5,1.0,0.6666666666666666,4,0.5,4,0.5,1.0,0.6666666666666666,4,0.5,8.0,0.0,False,,,,,,,,
S12,S12,1249,1249,OK,shil.fixed_k.k16,shil,fixed_k,shil.final_ranker_score,16,1.0,0.9142857142857144,0.8986425339366515,0.1924116636886568,0.973487609329446,0.25,1.0,0.4,12,0.75,4,0.25,1.0,0.4,12,0.75,16.0,0.0,False,,,,,,,,
S12,S12,1249,1249,OK,shil.validation_one_se,shil,validation_one_se,shil.final_ranker_score,4,1.0,0.9178571428571428,0.9025408980160112,0.1791431789358457,0.9780733722060252,1.0,1.0,1.0,0,0.0,4,1.0,1.0,1.0,0,0.0,,0.0,False,4.0,0.19001401237527474,0.01793312267017084,0.20794713504544557,,,,
S12,S12,1249,1249,OK,shil.cpss_one_se,shil,cpss_one_se,shil.final_development_selection_frequency,4,1.0,0.9178571428571428,0.9025408980160112,0.1791431789358457,0.9780733722060252,1.0,1.0,1.0,0,0.0,4,1.0,1.0,1.0,0,0.0,,,False,,0.19001401237527474,0.01793312267017084,0.20794713504544557,4.0,0.9,4.0,4.0
S12,S12,1249,1249,OK,l1.fixed_k.k01,l1,fixed_k,l1.final_ranker_score,1,1.0,0.75,0.6265172735760971,0.5351661772588306,0.7105351068999027,1.0,0.25,0.4,0,0.0,1,1.0,0.25,0.4,0,0.0,1.0,0.0,False,,,,,,,,
S12,S12,1249,1249,OK,l1.fixed_k.k02,l1,fixed_k,l1.final_ranker_score,2,1.0,0.7964285714285714,0.7298532473467729,0.4380974123058146,0.8238581146744413,1.0,0.5,0.6666666666666666,0,0.0,2,1.0,0.5,0.6666666666666666,0,0.0,2.0,0.0,False,,,,,,,,
S12,S12,1249,1249,OK,l1.fixed_k.k04,l1,fixed_k,l1.final_ranker_score,4,1.0,0.9178571428571428,0.9025408980160112,0.1791431789358457,0.9780733722060252,1.0,1.0,1.0,0,0.0,4,1.0,1.0,1.0,0,0.0,4.0,0.0,False,,,,,,,,
S12,S12,1249,1249,OK,l1.fixed_k.k08,l1,fixed_k,l1.final_ranker_score,8,1.0,0.9089285714285714,0.8917652944052208,0.1917807697659195,0.974656827016521,0.5,1.0,0.6666666666666666,4,0.5,4,0.5,1.0,0.6666666666666666,4,0.5,8.0,0.0,False,,,,,,,,
S12,S12,1249,1249,OK,l1.fixed_k.k16,l1,fixed_k,l1.final_ranker_score,16,1.0,0.9071428571428573,0.8901960784313725,0.2045251358895486,0.9711339893100096,0.25,1.0,0.4,12,0.75,4,0.25,1.0,0.4,12,0.75,16.0,0.0,False,,,,,,,,
S12,S12,1249,1249,OK,l1.validation_one_se,l1,validation_one_se,l1.final_ranker_score,4,1.0,0.9178571428571428,0.9025408980160112,0.1791431789358457,0.9780733722060252,1.0,1.0,1.0,0,0.0,4,1.0,1.0,1.0,0,0.0,,0.0,False,4.0,0.19001401237527474,0.017933122670170838,0.20794713504544557,,,,
S12,S12,1249,1249,OK,l1.cpss_one_se,l1,cpss_one_se,l1.final_development_selection_frequency,4,1.0,0.9178571428571428,0.9025408980160112,0.1791431789358457,0.9780733722060252,1.0,1.0,1.0,0,0.0,4,1.0,1.0,1.0,0,0.0,,,False,,0.19001401237527474,0.01793312267017084,0.20794713504544557,4.0,0.9,4.0,4.0
S12,S12,1277,1277,OK,shil.fixed_k.k01,shil,fixed_k,shil.final_ranker_score,1,1.0,0.7696428571428572,0.658986305637772,0.5037849271811118,0.7703170553935861,1.0,0.25,0.4,0,0.0,1,1.0,0.25,0.4,0,0.0,1.0,0.0,False,,,,,,,,
S12,S12,1277,1277,OK,shil.fixed_k.k02,shil,fixed_k,shil.final_ranker_score,2,1.0,0.8071428571428572,0.7323704333050127,0.4274355204821818,0.8510993683187562,1.0,0.5,0.6666666666666666,0,0.0,2,1.0,0.5,0.6666666666666666,0,0.0,2.0,0.0,False,,,,,,,,
S12,S12,1277,1277,OK,shil.fixed_k.k04,shil,fixed_k,shil.final_ranker_score,4,1.0,0.9160714285714284,0.8985002564488201,0.1881092850630246,0.974550534499514,1.0,1.0,1.0,0,0.0,4,1.0,1.0,1.0,0,0.0,4.0,0.0,False,,,,,,,,
S12,S12,1277,1277,OK,shil.fixed_k.k08,shil,fixed_k,shil.final_ranker_score,8,1.0,0.9160714285714284,0.8995692007127839,0.1951935292983745,0.972424684159378,0.5,1.0,0.6666666666666666,4,0.5,4,0.5,1.0,0.6666666666666666,4,0.5,8.0,0.0,False,,,,,,,,
S12,S12,1277,1277,OK,shil.fixed_k.k16,shil,fixed_k,shil.final_ranker_score,16,1.0,0.9125,0.8941811184253656,0.2042300013959106,0.9693877551020408,0.25,1.0,0.4,12,0.75,4,0.25,1.0,0.4,12,0.75,16.0,0.0,False,,,,,,,,
S12,S12,1277,1277,OK,shil.validation_one_se,shil,validation_one_se,shil.final_ranker_score,4,1.0,0.9160714285714284,0.8985002564488201,0.1881092850630246,0.974550534499514,1.0,1.0,1.0,0,0.0,4,1.0,1.0,1.0,0,0.0,,0.0,False,4.0,0.20432169038425937,0.020058134898703204,0.22437982528296258,,,,
S12,S12,1277,1277,OK,shil.cpss_one_se,shil,cpss_one_se,shil.final_development_selection_frequency,4,1.0,0.9160714285714284,0.8985002564488201,0.1881092850630246,0.974550534499514,1.0,1.0,1.0,0,0.0,4,1.0,1.0,1.0,0,0.0,,,False,,0.20432169038425937,0.020058134898703204,0.22437982528296258,4.0,0.9,4.0,4.0
S12,S12,1277,1277,OK,l1.fixed_k.k01,l1,fixed_k,l1.final_ranker_score,1,1.0,0.7696428571428572,0.658986305637772,0.5037849271811118,0.7703170553935861,1.0,0.25,0.4,0,0.0,1,1.0,0.25,0.4,0,0.0,1.0,0.0,False,,,,,,,,
S12,S12,1277,1277,OK,l1.fixed_k.k02,l1,fixed_k,l1.final_ranker_score,2,1.0,0.8071428571428572,0.7323704333050127,0.4274355204821818,0.8510993683187562,1.0,0.5,0.6666666666666666,0,0.0,2,1.0,0.5,0.6666666666666666,0,0.0,2.0,0.0,False,,,,,,,,
S12,S12,1277,1277,OK,l1.fixed_k.k04,l1,fixed_k,l1.final_ranker_score,4,1.0,0.9160714285714284,0.8985002564488201,0.1881092850630246,0.974550534499514,1.0,1.0,1.0,0,0.0,4,1.0,1.0,1.0,0,0.0,4.0,0.0,False,,,,,,,,
S12,S12,1277,1277,OK,l1.fixed_k.k08,l1,fixed_k,l1.final_ranker_score,8,1.0,0.9142857142857144,0.8957751721570817,0.1948133545950678,0.972667638483965,0.5,1.0,0.6666666666666666,4,0.5,4,0.5,1.0,0.6666666666666666,4,0.5,8.0,0.0,False,,,,,,,,
S12,S12,1277,1277,OK,l1.fixed_k.k16,l1,fixed_k,l1.final_ranker_score,16,1.0,0.9017857142857144,0.881647255023267,0.2121461462118756,0.9672315354713314,0.25,1.0,0.4,12,0.75,4,0.25,1.0,0.4,12,0.75,16.0,0.0,False,,,,,,,,
S12,S12,1277,1277,OK,l1.validation_one_se,l1,validation_one_se,l1.final_ranker_score,4,1.0,0.9160714285714284,0.8985002564488201,0.1881092850630246,0.974550534499514,1.0,1.0,1.0,0,0.0,4,1.0,1.0,1.0,0,0.0,,0.0,False,4.0,0.20432169038425937,0.020058134898703204,0.22437982528296258,,,,
S12,S12,1277,1277,OK,l1.cpss_one_se,l1,cpss_one_se,l1.final_development_selection_frequency,4,1.0,0.9160714285714284,0.8985002564488201,0.1881092850630246,0.974550534499514,1.0,1.0,1.0,0,0.0,4,1.0,1.0,1.0,0,0.0,,,False,,0.20432169038425937,0.020058134898703204,0.22437982528296258,4.0,0.9,4.0,4.0
S13,S13,1103,1103,OK,shil.fixed_k.k01,shil,fixed_k,shil.final_ranker_score,1,1.0,0.6821428571428572,0.6820414673046252,0.6095357616802606,0.7461607142857143,1.0,0.3333333333333333,0.5,0,0.0,1,1.0,0.3333333333333333,0.5,0,0.0,1.0,0.0,False,,,,,,,,
S13,S13,1103,1103,OK,shil.fixed_k.k02,shil,fixed_k,shil.final_ranker_score,2,1.0,0.8,0.7999897953977244,0.4621035021546788,0.8740561224489796,1.0,0.6666666666666666,0.8,0,0.0,2,1.0,0.6666666666666666,0.8,0,0.0,2.0,0.0,False,,,,,,,,
S13,S13,1103,1103,OK,shil.fixed_k.k04,shil,fixed_k,shil.final_ranker_score,4,1.0,0.8946428571428572,0.8946398334135865,0.2347804806216094,0.9657270408163264,0.75,1.0,0.8571428571428571,1,0.25,3,0.75,1.0,0.8571428571428571,1,0.25,4.0,0.0,False,,,,,,,,
S13,S13,1103,1103,OK,shil.fixed_k.k08,shil,fixed_k,shil.final_ranker_score,8,1.0,0.8821428571428571,0.8821368437165161,0.2396424174960252,0.9638647959183672,0.375,1.0,0.5454545454545454,5,0.625,3,0.375,1.0,0.5454545454545454,5,0.625,8.0,0.0,False,,,,,,,,
S13,S13,1103,1103,OK,shil.fixed_k.k16,shil,fixed_k,shil.final_ranker_score,16,1.0,0.8821428571428571,0.8821428571428571,0.2423661769896432,0.963482142857143,0.1875,1.0,0.3157894736842105,13,0.8125,3,0.1875,1.0,0.3157894736842105,13,0.8125,16.0,0.0,False,,,,,,,,
S13,S13,1103,1103,OK,shil.validation_one_se,shil,validation_one_se,shil.final_ranker_score,4,1.0,0.8946428571428572,0.8946398334135865,0.2347804806216094,0.9657270408163264,0.75,1.0,0.8571428571428571,1,0.25,3,0.75,1.0,0.8571428571428571,1,0.25,,0.0,False,4.0,0.19317224893511709,0.01590747763737119,0.20907972657248827,,,,
S13,S13,1103,1103,OK,shil.cpss_one_se,shil,cpss_one_se,shil.final_development_selection_frequency,3,1.0,0.8946428571428572,0.8946425211815088,0.2339098356455512,0.9659948979591836,1.0,1.0,1.0,0,0.0,3,1.0,1.0,1.0,0,0.0,,,False,,0.19061131334834508,0.015570350191666929,0.206181663540012,4.0,0.9,3.0,3.0
S13,S13,1103,1103,OK,l1.fixed_k.k01,l1,fixed_k,l1.final_ranker_score,1,1.0,0.6821428571428572,0.6820414673046252,0.6095357616802606,0.7461607142857143,1.0,0.3333333333333333,0.5,0,0.0,1,1.0,0.3333333333333333,0.5,0,0.0,1.0,0.0,False,,,,,,,,
S13,S13,1103,1103,OK,l1.fixed_k.k02,l1,fixed_k,l1.final_ranker_score,2,1.0,0.8,0.7999897953977244,0.4621035021546788,0.8740561224489796,1.0,0.6666666666666666,0.8,0,0.0,2,1.0,0.6666666666666666,0.8,0,0.0,2.0,0.0,False,,,,,,,,
S13,S13,1103,1103,OK,l1.fixed_k.k04,l1,fixed_k,l1.final_ranker_score,4,1.0,0.8910714285714286,0.89107108122156,0.2381847263465683,0.9649617346938776,0.75,1.0,0.8571428571428571,1,0.25,3,0.75,1.0,0.8571428571428571,1,0.25,4.0,0.0,False,,,,,,,,
S13,S13,1103,1103,OK,l1.fixed_k.k08,l1,fixed_k,l1.final_ranker_score,8,1.0,0.8785714285714286,0.878565232920047,0.2431382245499986,0.9631122448979592,0.375,1.0,0.5454545454545454,5,0.625,3,0.375,1.0,0.5454545454545454,5,0.625,8.0,0.0,False,,,,,,,,
S13,S13,1103,1103,OK,l1.fixed_k.k16,l1,fixed_k,l1.final_ranker_score,16,1.0,0.8714285714285714,0.8714220113271085,0.2534268282944685,0.9601658163265306,0.1875,1.0,0.3157894736842105,13,0.8125,3,0.1875,1.0,0.3157894736842105,13,0.8125,16.0,0.0,False,,,,,,,,
S13,S13,1103,1103,OK,l1.validation_one_se,l1,validation_one_se,l1.final_ranker_score,4,1.0,0.8910714285714286,0.89107108122156,0.2381847263465683,0.9649617346938776,0.75,1.0,0.8571428571428571,1,0.25,3,0.75,1.0,0.8571428571428571,1,0.25,,0.0,False,4.0,0.1950372461031356,0.01612947243072061,0.2111667185338562,,,,
S13,S13,1103,1103,OK,l1.cpss_one_se,l1,cpss_one_se,l1.final_development_selection_frequency,3,1.0,0.8946428571428572,0.8946425211815088,0.2339098356455512,0.9659948979591836,1.0,1.0,1.0,0,0.0,3,1.0,1.0,1.0,0,0.0,,,False,,0.19061131334834508,0.015570350191666929,0.206181663540012,4.0,0.9,3.0,3.0
S13,S13,1129,1129,OK,shil.fixed_k.k01,shil,fixed_k,shil.final_ranker_score,1,1.0,0.6910714285714286,0.6907864709505891,0.5647853226740943,0.7691709183673469,1.0,0.3333333333333333,0.5,0,0.0,1,1.0,0.3333333333333333,0.5,0,0.0,1.0,0.0,False,,,,,,,,
S13,S13,1129,1129,OK,shil.fixed_k.k02,shil,fixed_k,shil.final_ranker_score,2,1.0,0.7928571428571428,0.7927910685805423,0.4276159639882488,0.884094387755102,1.0,0.6666666666666666,0.8,0,0.0,2,1.0,0.6666666666666666,0.8,0,0.0,2.0,0.0,False,,,,,,,,
S13,S13,1129,1129,OK,shil.fixed_k.k04,shil,fixed_k,shil.final_ranker_score,4,1.0,0.9107142857142856,0.9107097300882698,0.2127334245081138,0.971747448979592,0.75,1.0,0.8571428571428571,1,0.25,3,0.75,1.0,0.8571428571428571,1,0.25,4.0,0.0,False,,,,,,,,
S13,S13,1129,1129,OK,shil.fixed_k.k08,shil,fixed_k,shil.final_ranker_score,8,1.0,0.9053571428571427,0.9053568410613556,0.2142276486341769,0.971670918367347,0.375,1.0,0.5454545454545454,5,0.625,3,0.375,1.0,0.5454545454545454,5,0.625,8.0,0.0,False,,,,,,,,
S13,S13,1129,1129,OK,shil.fixed_k.k16,shil,fixed_k,shil.final_ranker_score,16,1.0,0.9035714285714286,0.903560357694123,0.2145378553869415,0.9713520408163264,0.1875,1.0,0.3157894736842105,13,0.8125,3,0.1875,1.0,0.3157894736842105,13,0.8125,16.0,0.0,False,,,,,,,,
S13,S13,1129,1129,OK,shil.validation_one_se,shil,validation_one_se,shil.final_ranker_score,4,1.0,0.9107142857142856,0.9107097300882698,0.2127334245081138,0.971747448979592,0.75,1.0,0.8571428571428571,1,0.25,3,0.75,1.0,0.8571428571428571,1,0.25,,0.0,False,4.0,0.2117611800445244,0.01898701208349944,0.23074819212802383,,,,
S13,S13,1129,1129,OK,shil.cpss_one_se,shil,cpss_one_se,shil.final_development_selection_frequency,3,1.0,0.9107142857142856,0.910713146851363,0.2124489483205666,0.971811224489796,1.0,1.0,1.0,0,0.0,3,1.0,1.0,1.0,0,0.0,,,False,,0.2118456544361531,0.018931588381824294,0.2307772428179774,4.0,0.9,3.0,3.0
S13,S13,1129,1129,OK,l1.fixed_k.k01,l1,fixed_k,l1.final_ranker_score,1,1.0,0.6910714285714286,0.6907864709505891,0.5647853226740943,0.7691709183673469,1.0,0.3333333333333333,0.5,0,0.0,1,1.0,0.3333333333333333,0.5,0,0.0,1.0,0.0,False,,,,,,,,
S13,S13,1129,1129,OK,l1.fixed_k.k02,l1,fixed_k,l1.final_ranker_score,2,1.0,0.7928571428571428,0.7927910685805423,0.4276159639882488,0.884094387755102,1.0,0.6666666666666666,0.8,0,0.0,2,1.0,0.6666666666666666,0.8,0,0.0,2.0,0.0,False,,,,,,,,
S13,S13,1129,1129,OK,l1.fixed_k.k04,l1,fixed_k,l1.final_ranker_score,4,1.0,0.9089285714285714,0.9089213106912222,0.2145602270533834,0.970969387755102,0.75,1.0,0.8571428571428571,1,0.25,3,0.75,1.0,0.8571428571428571,1,0.25,4.0,0.0,False,,,,,,,,
S13,S13,1129,1129,OK,l1.fixed_k.k08,l1,fixed_k,l1.final_ranker_score,8,1.0,0.9,0.8999987244735265,0.2186741177325972,0.9698341836734694,0.375,1.0,0.5454545454545454,5,0.625,3,0.375,1.0,0.5454545454545454,5,0.625,8.0,0.0,False,,,,,,,,
S13,S13,1129,1129,OK,l1.fixed_k.k16,l1,fixed_k,l1.final_ranker_score,16,1.0,0.8982142857142857,0.8982061707725425,0.2231371803199376,0.9685586734693878,0.1875,1.0,0.3157894736842105,13,0.8125,3,0.1875,1.0,0.3157894736842105,13,0.8125,16.0,0.0,False,,,,,,,,
S13,S13,1129,1129,OK,l1.validation_one_se,l1,validation_one_se,l1.final_ranker_score,4,1.0,0.9089285714285714,0.9089213106912222,0.2145602270533834,0.970969387755102,0.75,1.0,0.8571428571428571,1,0.25,3,0.75,1.0,0.8571428571428571,1,0.25,,0.0,False,4.0,0.2123954262317032,0.01911794340316358,0.2315133696348668,,,,
S13,S13,1129,1129,OK,l1.cpss_one_se,l1,cpss_one_se,l1.final_development_selection_frequency,3,1.0,0.9107142857142856,0.910713146851363,0.2124489483205666,0.971811224489796,1.0,1.0,1.0,0,0.0,3,1.0,1.0,1.0,0,0.0,,,False,,0.2118456544361531,0.018931588381824294,0.2307772428179774,4.0,0.9,3.0,3.0
S13,S13,1151,1151,OK,shil.fixed_k.k01,shil,fixed_k,shil.final_ranker_score,1,1.0,0.6910714285714286,0.6909521849948481,0.5585115886394784,0.7751913265306123,1.0,0.3333333333333333,0.5,0,0.0,1,1.0,0.3333333333333333,0.5,0,0.0,1.0,0.0,False,,,,,,,,
S13,S13,1151,1151,OK,shil.fixed_k.k02,shil,fixed_k,shil.final_ranker_score,2,1.0,0.8053571428571429,0.8053515566454394,0.4272979035951605,0.8884183673469388,1.0,0.6666666666666666,0.8,0,0.0,2,1.0,0.6666666666666666,0.8,0,0.0,2.0,0.0,False,,,,,,,,
S13,S13,1151,1151,OK,shil.fixed_k.k04,shil,fixed_k,shil.final_ranker_score,4,1.0,0.8857142857142857,0.8857128279697446,0.2214210146416969,0.9695025510204084,0.75,1.0,0.8571428571428571,1,0.25,3,0.75,1.0,0.8571428571428571,1,0.25,4.0,0.0,False,,,,,,,,
S13,S13,1151,1151,OK,shil.fixed_k.k08,shil,fixed_k,shil.final_ranker_score,8,1.0,0.8875,0.8874967712721347,0.2192496237495301,0.970216836734694,0.375,1.0,0.5454545454545454,5,0.625,3,0.375,1.0,0.5454545454545454,5,0.625,8.0,0.0,False,,,,,,,,
S13,S13,1151,1151,OK,shil.fixed_k.k16,shil,fixed_k,shil.final_ranker_score,16,1.0,0.8821428571428571,0.882141353843799,0.2162326184119813,0.9709311224489796,0.1875,1.0,0.3157894736842105,13,0.8125,3,0.1875,1.0,0.3157894736842105,13,0.8125,16.0,0.0,False,,,,,,,,
S13,S13,1151,1151,OK,shil.validation_one_se,shil,validation_one_se,shil.final_ranker_score,4,1.0,0.8857142857142857,0.8857128279697446,0.2214210146416969,0.9695025510204084,0.75,1.0,0.8571428571428571,1,0.25,3,0.75,1.0,0.8571428571428571,1,0.25,,0.0,False,4.0,0.22610381645533045,0.01852344610642206,0.2443339131933932,,,,
S13,S13,1151,1151,OK,shil.cpss_one_se,shil,cpss_one_se,shil.final_development_selection_frequency,3,1.0,0.8857142857142857,0.8857128279697446,0.2222236757698905,0.9694260204081632,1.0,1.0,1.0,0,0.0,3,1.0,1.0,1.0,0,0.0,,,False,,0.22580045415047179,0.018412625766106982,0.24421307991657876,4.0,0.9,3.0,3.0
S13,S13,1151,1151,OK,l1.fixed_k.k01,l1,fixed_k,l1.final_ranker_score,1,1.0,0.6910714285714286,0.6909521849948481,0.5585115886394784,0.7751913265306123,1.0,0.3333333333333333,0.5,0,0.0,1,1.0,0.3333333333333333,0.5,0,0.0,1.0,0.0,False,,,,,,,,
S13,S13,1151,1151,OK,l1.fixed_k.k02,l1,fixed_k,l1.final_ranker_score,2,1.0,0.8053571428571429,0.8053515566454394,0.4272979035951605,0.8884183673469388,1.0,0.6666666666666666,0.8,0,0.0,2,1.0,0.6666666666666666,0.8,0,0.0,2.0,0.0,False,,,,,,,,
S13,S13,1151,1151,OK,l1.fixed_k.k04,l1,fixed_k,l1.final_ranker_score,4,1.0,0.8839285714285714,0.8839193175476361,0.2285349553514515,0.9675892857142856,0.75,1.0,0.8571428571428571,1,0.25,3,0.75,1.0,0.8571428571428571,1,0.25,4.0,0.0,False,,,,,,,,
S13,S13,1151,1151,OK,l1.fixed_k.k08,l1,fixed_k,l1.final_ranker_score,8,1.0,0.8839285714285714,0.8839193175476361,0.2363136002122151,0.9655994897959184,0.375,1.0,0.5454545454545454,5,0.625,3,0.375,1.0,0.5454545454545454,5,0.625,8.0,0.0,False,,,,,,,,
S13,S13,1151,1151,OK,l1.fixed_k.k16,l1,fixed_k,l1.final_ranker_score,16,1.0,0.8839285714285714,0.8838985834989268,0.2393416188942957,0.9649489795918368,0.1875,1.0,0.3157894736842105,13,0.8125,3,0.1875,1.0,0.3157894736842105,13,0.8125,16.0,0.0,False,,,,,,,,
S13,S13,1151,1151,OK,l1.validation_one_se,l1,validation_one_se,l1.final_ranker_score,4,1.0,0.8839285714285714,0.8839193175476361,0.2285349553514515,0.9675892857142856,0.75,1.0,0.8571428571428571,1,0.25,3,0.75,1.0,0.8571428571428571,1,0.25,,0.0,False,4.0,0.22828943824368256,0.0189798514048284,0.24726928964851097,,,,
S13,S13,1151,1151,OK,l1.cpss_one_se,l1,cpss_one_se,l1.final_development_selection_frequency,3,1.0,0.8857142857142857,0.8857128279697446,0.2222236757698905,0.9694260204081632,1.0,1.0,1.0,0,0.0,3,1.0,1.0,1.0,0,0.0,,,False,,0.22580045415047179,0.018412625766106982,0.24421307991657876,4.0,0.9,3.0,3.0
S13,S13,1171,1171,OK,shil.fixed_k.k01,shil,fixed_k,shil.final_ranker_score,1,1.0,0.6946428571428571,0.694478210515233,0.5329309608542298,0.7971683673469389,1.0,0.3333333333333333,0.5,0,0.0,1,1.0,0.3333333333333333,0.5,0,0.0,1.0,0.0,False,,,,,,,,
S13,S13,1171,1171,OK,shil.fixed_k.k02,shil,fixed_k,shil.final_ranker_score,2,1.0,0.7928571428571428,0.7928571428571428,0.4300036652376301,0.8791071428571429,1.0,0.6666666666666666,0.8,0,0.0,2,1.0,0.6666666666666666,0.8,0,0.0,2.0,0.0,False,,,,,,,,
S13,S13,1171,1171,OK,shil.fixed_k.k04,shil,fixed_k,shil.final_ranker_score,4,1.0,0.9071428571428573,0.9071416727254172,0.2211146798711781,0.9698469387755104,0.75,1.0,0.8571428571428571,1,0.25,3,0.75,1.0,0.8571428571428571,1,0.25,4.0,0.0,False,,,,,,,,
S13,S13,1171,1171,OK,shil.fixed_k.k08,shil,fixed_k,shil.final_ranker_score,8,1.0,0.8982142857142857,0.8982061707725425,0.2217550382497758,0.9693367346938776,0.375,1.0,0.5454545454545454,5,0.625,3,0.375,1.0,0.5454545454545454,5,0.625,8.0,0.0,False,,,,,,,,
S13,S13,1171,1171,OK,shil.fixed_k.k16,shil,fixed_k,shil.final_ranker_score,16,1.0,0.8928571428571429,0.8928448418823589,0.2298275428727668,0.9673086734693876,0.1875,1.0,0.3157894736842105,13,0.8125,3,0.1875,1.0,0.3157894736842105,13,0.8125,16.0,0.0,False,,,,,,,,
S13,S13,1171,1171,OK,shil.validation_one_se,shil,validation_one_se,shil.final_ranker_score,4,1.0,0.9071428571428573,0.9071416727254172,0.2211146798711781,0.9698469387755104,0.75,1.0,0.8571428571428571,1,0.25,3,0.75,1.0,0.8571428571428571,1,0.25,,0.0,False,4.0,0.22647443210542914,0.018516674295936068,0.2449911064013652,,,,
S13,S13,1171,1171,OK,shil.cpss_one_se,shil,cpss_one_se,shil.final_development_selection_frequency,3,1.0,0.9089285714285714,0.9089282810213042,0.2187638993069604,0.970625,1.0,1.0,1.0,0,0.0,3,1.0,1.0,1.0,0,0.0,,,False,,0.22313250624385692,0.01829151053587048,0.24142401677972739,4.0,0.9,3.0,3.0
S13,S13,1171,1171,OK,l1.fixed_k.k01,l1,fixed_k,l1.final_ranker_score,1,1.0,0.6946428571428571,0.694478210515233,0.5329309608542298,0.7971683673469389,1.0,0.3333333333333333,0.5,0,0.0,1,1.0,0.3333333333333333,0.5,0,0.0,1.0,0.0,False,,,,,,,,
S13,S13,1171,1171,OK,l1.fixed_k.k02,l1,fixed_k,l1.final_ranker_score,2,1.0,0.8267857142857142,0.8267851619424806,0.3837133225911074,0.909719387755102,1.0,0.6666666666666666,0.8,0,0.0,2,1.0,0.6666666666666666,0.8,0,0.0,2.0,0.0,False,,,,,,,,
S13,S13,1171,1171,OK,l1.fixed_k.k04,l1,fixed_k,l1.final_ranker_score,4,1.0,0.9071428571428573,0.9071428571428573,0.2217012752458716,0.9692729591836736,0.75,1.0,0.8571428571428571,1,0.25,3,0.75,1.0,0.8571428571428571,1,0.25,4.0,0.0,False,,,,,,,,
S13,S13,1171,1171,OK,l1.fixed_k.k08,l1,fixed_k,l1.final_ranker_score,8,1.0,0.8946428571428572,0.8946398334135865,0.2318906142802554,0.9671173469387756,0.375,1.0,0.5454545454545454,5,0.625,3,0.375,1.0,0.5454545454545454,5,0.625,8.0,0.0,False,,,,,,,,
S13,S13,1171,1171,OK,l1.fixed_k.k16,l1,fixed_k,l1.final_ranker_score,16,1.0,0.8946428571428572,0.894615637329795,0.2454029829978294,0.9641326530612244,0.1875,1.0,0.3157894736842105,13,0.8125,3,0.1875,1.0,0.3157894736842105,13,0.8125,16.0,0.0,False,,,,,,,,
S13,S13,1171,1171,OK,l1.validation_one_se,l1,validation_one_se,l1.final_ranker_score,4,1.0,0.9071428571428573,0.9071428571428573,0.2217012752458716,0.9692729591836736,0.75,1.0,0.8571428571428571,1,0.25,3,0.75,1.0,0.8571428571428571,1,0.25,,0.0,False,4.0,0.22373934662563053,0.018397074410625543,0.24213642103625607,,,,
S13,S13,1171,1171,OK,l1.cpss_one_se,l1,cpss_one_se,l1.final_development_selection_frequency,3,1.0,0.9089285714285714,0.9089282810213042,0.2187638993069604,0.970625,1.0,1.0,1.0,0,0.0,3,1.0,1.0,1.0,0,0.0,,,False,,0.22313250624385692,0.01829151053587048,0.24142401677972739,4.0,0.9,3.0,3.0
S13,S13,1181,1181,OK,shil.fixed_k.k01,shil,fixed_k,shil.final_ranker_score,1,1.0,0.7375,0.7373986774233681,0.5196986039823598,0.8155102040816327,1.0,0.3333333333333333,0.5,0,0.0,1,1.0,0.3333333333333333,0.5,0,0.0,1.0,0.0,False,,,,,,,,
S13,S13,1181,1181,OK,shil.fixed_k.k02,shil,fixed_k,shil.final_ranker_score,2,1.0,0.8357142857142857,0.8355044699872286,0.3894330930191841,0.909311224489796,1.0,0.6666666666666666,0.8,0,0.0,2,1.0,0.6666666666666666,0.8,0,0.0,2.0,0.0,False,,,,,,,,
S13,S13,1181,1181,OK,shil.fixed_k.k04,shil,fixed_k,shil.final_ranker_score,4,1.0,0.9196428571428572,0.9196405509086676,0.1795023131870625,0.9810969387755102,0.75,1.0,0.8571428571428571,1,0.25,3,0.75,1.0,0.8571428571428571,1,0.25,4.0,0.0,False,,,,,,,,
S13,S13,1181,1181,OK,shil.fixed_k.k08,shil,fixed_k,shil.final_ranker_score,8,1.0,0.9214285714285714,0.9214275692291992,0.1799538183344703,0.9808035714285712,0.375,1.0,0.5454545454545454,5,0.625,3,0.375,1.0,0.5454545454545454,5,0.625,8.0,0.0,False,,,,,,,,
S13,S13,1181,1181,OK,shil.fixed_k.k16,shil,fixed_k,shil.final_ranker_score,16,1.0,0.9232142857142858,0.9232120819793936,0.1817815159963392,0.9801785714285716,0.1875,1.0,0.3157894736842105,13,0.8125,3,0.1875,1.0,0.3157894736842105,13,0.8125,16.0,0.0,False,,,,,,,,
S13,S13,1181,1181,OK,shil.validation_one_se,shil,validation_one_se,shil.final_ranker_score,4,1.0,0.9196428571428572,0.9196405509086676,0.1795023131870625,0.9810969387755102,0.75,1.0,0.8571428571428571,1,0.25,3,0.75,1.0,0.8571428571428571,1,0.25,,0.0,False,4.0,0.19328708167797817,0.017879320257805996,0.21034769031499478,,,,
S13,S13,1181,1181,OK,shil.cpss_one_se,shil,cpss_one_se,shil.final_development_selection_frequency,3,1.0,0.9196428571428572,0.9196405509086676,0.1793175285738218,0.9811479591836736,1.0,1.0,1.0,0,0.0,3,1.0,1.0,1.0,0,0.0,,,False,,0.193336129935883,0.01787671760210221,0.21121284753798522,4.0,0.9,3.0,3.0
S13,S13,1181,1181,OK,l1.fixed_k.k01,l1,fixed_k,l1.final_ranker_score,1,1.0,0.7375,0.7373986774233681,0.5196986039823598,0.8155102040816327,1.0,0.3333333333333333,0.5,0,0.0,1,1.0,0.3333333333333333,0.5,0,0.0,1.0,0.0,False,,,,,,,,
S13,S13,1181,1181,OK,l1.fixed_k.k02,l1,fixed_k,l1.final_ranker_score,2,1.0,0.8357142857142857,0.8355044699872286,0.3894330930191841,0.909311224489796,1.0,0.6666666666666666,0.8,0,0.0,2,1.0,0.6666666666666666,0.8,0,0.0,2.0,0.0,False,,,,,,,,
S13,S13,1181,1181,OK,l1.fixed_k.k04,l1,fixed_k,l1.final_ranker_score,4,1.0,0.9142857142857144,0.914281340884739,0.1827634154216388,0.9799489795918368,0.75,1.0,0.8571428571428571,1,0.25,3,0.75,1.0,0.8571428571428571,1,0.25,4.0,0.0,False,,,,,,,,
S13,S13,1181,1181,OK,l1.fixed_k.k08,l1,fixed_k,l1.final_ranker_score,8,1.0,0.9196428571428572,0.9196426009011508,0.1840231641646374,0.9795025510204082,0.375,1.0,0.5454545454545454,5,0.625,3,0.375,1.0,0.5454545454545454,5,0.625,8.0,0.0,False,,,,,,,,
S13,S13,1181,1181,OK,l1.fixed_k.k16,l1,fixed_k,l1.final_ranker_score,16,1.0,0.9142857142857144,0.9142846209773084,0.1975547128558877,0.975905612244898,0.1875,1.0,0.3157894736842105,13,0.8125,3,0.1875,1.0,0.3157894736842105,13,0.8125,16.0,0.0,False,,,,,,,,
S13,S13,1181,1181,OK,l1.validation_one_se,l1,validation_one_se,l1.final_ranker_score,4,1.0,0.9142857142857144,0.914281340884739,0.1827634154216388,0.9799489795918368,0.75,1.0,0.8571428571428571,1,0.25,3,0.75,1.0,0.8571428571428571,1,0.25,,0.0,False,4.0,0.1976376541044232,0.018397236609416674,0.21603489071383986,,,,
S13,S13,1181,1181,OK,l1.cpss_one_se,l1,cpss_one_se,l1.final_development_selection_frequency,3,1.0,0.9196428571428572,0.9196405509086676,0.1793175285738218,0.9811479591836736,1.0,1.0,1.0,0,0.0,3,1.0,1.0,1.0,0,0.0,,,False,,0.193336129935883,0.01787671760210221,0.21121284753798522,4.0,0.9,3.0,3.0
S13,S13,1201,1201,OK,shil.fixed_k.k01,shil,fixed_k,shil.final_ranker_score,1,1.0,0.7214285714285714,0.7213965888941333,0.5602751139414679,0.7863392857142857,1.0,0.3333333333333333,0.5,0,0.0,1,1.0,0.3333333333333333,0.5,0,0.0,1.0,0.0,False,,,,,,,,
S13,S13,1201,1201,OK,shil.fixed_k.k02,shil,fixed_k,shil.final_ranker_score,2,1.0,0.8089285714285714,0.8089133381168779,0.402427968197514,0.9001530612244898,1.0,0.6666666666666666,0.8,0,0.0,2,1.0,0.6666666666666666,0.8,0,0.0,2.0,0.0,False,,,,,,,,
S13,S13,1201,1201,OK,shil.fixed_k.k04,shil,fixed_k,shil.final_ranker_score,4,1.0,0.9178571428571428,0.9178529516812082,0.2035539708998795,0.974438775510204,0.75,1.0,0.8571428571428571,1,0.25,3,0.75,1.0,0.8571428571428571,1,0.25,4.0,0.0,False,,,,,,,,
S13,S13,1201,1201,OK,shil.fixed_k.k08,shil,fixed_k,shil.final_ranker_score,8,1.0,0.9160714285714284,0.9160690198379418,0.2108415654168048,0.9728826530612243,0.375,1.0,0.5454545454545454,5,0.625,3,0.375,1.0,0.5454545454545454,5,0.625,8.0,0.0,False,,,,,,,,
S13,S13,1201,1201,OK,shil.fixed_k.k16,shil,fixed_k,shil.final_ranker_score,16,1.0,0.9107142857142856,0.9107097300882698,0.2159720052253744,0.9710969387755102,0.1875,1.0,0.3157894736842105,13,0.8125,3,0.1875,1.0,0.3157894736842105,13,0.8125,16.0,0.0,False,,,,,,,,
S13,S13,1201,1201,OK,shil.validation_one_se,shil,validation_one_se,shil.final_ranker_score,4,1.0,0.9178571428571428,0.9178529516812082,0.2035539708998795,0.974438775510204,0.75,1.0,0.8571428571428571,1,0.25,3,0.75,1.0,0.8571428571428571,1,0.25,,0.0,False,4.0,0.2308464831666213,0.018323902525703963,0.24917038569232525,,,,
S13,S13,1201,1201,OK,shil.cpss_one_se,shil,cpss_one_se,shil.final_development_selection_frequency,3,1.0,0.9142857142857144,0.9142758735058872,0.2028808430178403,0.9745025510204082,1.0,1.0,1.0,0,0.0,3,1.0,1.0,1.0,0,0.0,,,False,,0.2311782433793292,0.018344299062780376,0.24952254244210959,4.0,0.9,3.0,3.0
S13,S13,1201,1201,OK,l1.fixed_k.k01,l1,fixed_k,l1.final_ranker_score,1,1.0,0.7214285714285714,0.7213965888941333,0.5602751139414679,0.7863392857142857,1.0,0.3333333333333333,0.5,0,0.0,1,1.0,0.3333333333333333,0.5,0,0.0,1.0,0.0,False,,,,,,,,
S13,S13,1201,1201,OK,l1.fixed_k.k02,l1,fixed_k,l1.final_ranker_score,2,1.0,0.8089285714285714,0.8089133381168779,0.402427968197514,0.9001530612244898,1.0,0.6666666666666666,0.8,0,0.0,2,1.0,0.6666666666666666,0.8,0,0.0,2.0,0.0,False,,,,,,,,
S13,S13,1201,1201,OK,l1.fixed_k.k04,l1,fixed_k,l1.final_ranker_score,4,1.0,0.9178571428571428,0.9178403755868544,0.2104873064054052,0.972563775510204,0.75,1.0,0.8571428571428571,1,0.25,3,0.75,1.0,0.8571428571428571,1,0.25,4.0,0.0,False,,,,,,,,
S13,S13,1201,1201,OK,l1.fixed_k.k08,l1,fixed_k,l1.final_ranker_score,8,1.0,0.9125,0.912497488767216,0.22095282069567,0.9704336734693878,0.375,1.0,0.5454545454545454,5,0.625,3,0.375,1.0,0.5454545454545454,5,0.625,8.0,0.0,False,,,,,,,,
S13,S13,1201,1201,OK,l1.fixed_k.k16,l1,fixed_k,l1.final_ranker_score,16,1.0,0.8982142857142857,0.8981879886067511,0.2331349783217449,0.9673469387755104,0.1875,1.0,0.3157894736842105,13,0.8125,3,0.1875,1.0,0.3157894736842105,13,0.8125,16.0,0.0,False,,,,,,,,
S13,S13,1201,1201,OK,l1.validation_one_se,l1,validation_one_se,l1.final_ranker_score,4,1.0,0.9178571428571428,0.9178403755868544,0.2104873064054052,0.972563775510204,0.75,1.0,0.8571428571428571,1,0.25,3,0.75,1.0,0.8571428571428571,1,0.25,,0.0,False,4.0,0.2321261801474429,0.018516606741153813,0.2506427868885967,,,,
S13,S13,1201,1201,OK,l1.cpss_one_se,l1,cpss_one_se,l1.final_development_selection_frequency,3,1.0,0.9142857142857144,0.9142758735058872,0.2028808430178403,0.9745025510204082,1.0,1.0,1.0,0,0.0,3,1.0,1.0,1.0,0,0.0,,,False,,0.2311782433793292,0.018344299062780376,0.24952254244210959,4.0,0.9,3.0,3.0
S13,S13,1213,1213,OK,shil.fixed_k.k01,shil,fixed_k,shil.final_ranker_score,1,1.0,0.7535714285714286,0.7535211267605634,0.5110795392049138,0.8378061224489796,1.0,0.3333333333333333,0.5,0,0.0,1,1.0,0.3333333333333333,0.5,0,0.0,1.0,0.0,False,,,,,,,,
S13,S13,1213,1213,OK,shil.fixed_k.k02,shil,fixed_k,shil.final_ranker_score,2,1.0,0.8303571428571429,0.8303522741405207,0.3675016260978346,0.918252551020408,1.0,0.6666666666666666,0.8,0,0.0,2,1.0,0.6666666666666666,0.8,0,0.0,2.0,0.0,False,,,,,,,,
S13,S13,1213,1213,OK,shil.fixed_k.k04,shil,fixed_k,shil.final_ranker_score,4,1.0,0.9107142857142856,0.9106858054226474,0.1978510819350783,0.977857142857143,0.75,1.0,0.8571428571428571,1,0.25,3,0.75,1.0,0.8571428571428571,1,0.25,4.0,0.0,False,,,,,,,,
S13,S13,1213,1213,OK,shil.fixed_k.k08,shil,fixed_k,shil.final_ranker_score,8,1.0,0.9125,0.9124662258077894,0.1983340778925646,0.9774234693877552,0.375,1.0,0.5454545454545454,5,0.625,3,0.375,1.0,0.5454545454545454,5,0.625,8.0,0.0,False,,,,,,,,
S13,S13,1213,1213,OK,shil.fixed_k.k16,shil,fixed_k,shil.final_ranker_score,16,1.0,0.9107142857142856,0.910696060420494,0.1997235835344551,0.9769770408163266,0.1875,1.0,0.3157894736842105,13,0.8125,3,0.1875,1.0,0.3157894736842105,13,0.8125,16.0,0.0,False,,,,,,,,
S13,S13,1213,1213,OK,shil.validation_one_se,shil,validation_one_se,shil.final_ranker_score,4,1.0,0.9107142857142856,0.9106858054226474,0.1978510819350783,0.977857142857143,0.75,1.0,0.8571428571428571,1,0.25,3,0.75,1.0,0.8571428571428571,1,0.25,,0.0,False,4.0,0.204033131363442,0.017782439985630442,0.22181557134907245,,,,
S13,S13,1213,1213,OK,shil.cpss_one_se,shil,cpss_one_se,shil.final_development_selection_frequency,3,1.0,0.9107142857142856,0.9106858054226474,0.1975364312410336,0.9777295918367348,1.0,1.0,1.0,0,0.0,3,1.0,1.0,1.0,0,0.0,,,False,,0.19916780141835944,0.017067304982966467,0.2162351064013259,4.0,0.9,3.0,3.0
S13,S13,1213,1213,OK,l1.fixed_k.k01,l1,fixed_k,l1.final_ranker_score,1,1.0,0.7535714285714286,0.7535211267605634,0.5110795392049138,0.8378061224489796,1.0,0.3333333333333333,0.5,0,0.0,1,1.0,0.3333333333333333,0.5,0,0.0,1.0,0.0,False,,,,,,,,
S13,S13,1213,1213,OK,l1.fixed_k.k02,l1,fixed_k,l1.final_ranker_score,2,1.0,0.8303571428571429,0.8303522741405207,0.3675016260978346,0.918252551020408,1.0,0.6666666666666666,0.8,0,0.0,2,1.0,0.6666666666666666,0.8,0,0.0,2.0,0.0,False,,,,,,,,
S13,S13,1213,1213,OK,l1.fixed_k.k04,l1,fixed_k,l1.final_ranker_score,4,1.0,0.9125,0.9124773937145756,0.2030744670697933,0.9760204081632652,0.75,1.0,0.8571428571428571,1,0.25,3,0.75,1.0,0.8571428571428571,1,0.25,4.0,0.0,False,,,,,,,,
S13,S13,1213,1213,OK,l1.fixed_k.k08,l1,fixed_k,l1.final_ranker_score,8,1.0,0.9125,0.9124930239974488,0.2028539517889276,0.9759311224489796,0.375,1.0,0.5454545454545454,5,0.625,3,0.375,1.0,0.5454545454545454,5,0.625,8.0,0.0,False,,,,,,,,
S13,S13,1213,1213,OK,l1.fixed_k.k16,l1,fixed_k,l1.final_ranker_score,16,1.0,0.9142857142857144,0.9142682180036742,0.2038116446408621,0.9752551020408164,0.1875,1.0,0.3157894736842105,13,0.8125,3,0.1875,1.0,0.3157894736842105,13,0.8125,16.0,0.0,False,,,,,,,,
S13,S13,1213,1213,OK,l1.validation_one_se,l1,validation_one_se,l1.final_ranker_score,4,1.0,0.9125,0.9124773937145756,0.2030744670697933,0.9760204081632652,0.75,1.0,0.8571428571428571,1,0.25,3,0.75,1.0,0.8571428571428571,1,0.25,,0.0,False,4.0,0.20181306846449318,0.01761800864300269,0.21943107710749588,,,,
S13,S13,1213,1213,OK,l1.cpss_one_se,l1,cpss_one_se,l1.final_development_selection_frequency,3,1.0,0.9107142857142856,0.9106858054226474,0.1975364312410336,0.9777295918367348,1.0,1.0,1.0,0,0.0,3,1.0,1.0,1.0,0,0.0,,,False,,0.19916780141835944,0.017067304982966467,0.2162351064013259,4.0,0.9,3.0,3.0
S13,S13,1231,1231,OK,shil.fixed_k.k01,shil,fixed_k,shil.final_ranker_score,1,1.0,0.7178571428571429,0.7177671451355663,0.5617128665784527,0.7828954081632653,1.0,0.3333333333333333,0.5,0,0.0,1,1.0,0.3333333333333333,0.5,0,0.0,1.0,0.0,False,,,,,,,,
S13,S13,1231,1231,OK,shil.fixed_k.k02,shil,fixed_k,shil.final_ranker_score,2,1.0,0.8071428571428572,0.8070542596090041,0.4076619449141732,0.8940433673469388,1.0,0.6666666666666666,0.8,0,0.0,2,1.0,0.6666666666666666,0.8,0,0.0,2.0,0.0,False,,,,,,,,
S13,S13,1231,1231,OK,shil.fixed_k.k04,shil,fixed_k,shil.final_ranker_score,4,1.0,0.9053571428571427,0.9053544266257642,0.2115452433667859,0.9721938775510204,0.75,1.0,0.8571428571428571,1,0.25,3,0.75,1.0,0.8571428571428571,1,0.25,4.0,0.0,False,,,,,,,,
S13,S13,1231,1231,OK,shil.fixed_k.k08,shil,fixed_k,shil.final_ranker_score,8,1.0,0.9035714285714286,0.903570198599472,0.2138077194215348,0.9714158163265308,0.375,1.0,0.5454545454545454,5,0.625,3,0.375,1.0,0.5454545454545454,5,0.625,8.0,0.0,False,,,,,,,,
S13,S13,1231,1231,OK,shil.fixed_k.k16,shil,fixed_k,shil.final_ranker_score,16,1.0,0.8928571428571429,0.8928516761059238,0.2138646558909007,0.9712882653061226,0.1875,1.0,0.3157894736842105,13,0.8125,3,0.1875,1.0,0.3157894736842105,13,0.8125,16.0,0.0,False,,,,,,,,
S13,S13,1231,1231,OK,shil.validation_one_se,shil,validation_one_se,shil.final_ranker_score,4,1.0,0.9053571428571427,0.9053544266257642,0.2115452433667859,0.9721938775510204,0.75,1.0,0.8571428571428571,1,0.25,3,0.75,1.0,0.8571428571428571,1,0.25,,0.0,False,4.0,0.206733877434994,0.01890540250340442,0.2256392799383984,,,,
S13,S13,1231,1231,OK,shil.cpss_one_se,shil,cpss_one_se,shil.final_development_selection_frequency,3,1.0,0.9035714285714286,0.903570198599472,0.2125436858147802,0.9721173469387756,1.0,1.0,1.0,0,0.0,3,1.0,1.0,1.0,0,0.0,,,False,,0.2053690919525423,0.018647644382666768,0.22401673633520908,4.0,0.9,3.0,3.0
S13,S13,1231,1231,OK,l1.fixed_k.k01,l1,fixed_k,l1.final_ranker_score,1,1.0,0.7178571428571429,0.7177671451355663,0.5617128665784527,0.7828954081632653,1.0,0.3333333333333333,0.5,0,0.0,1,1.0,0.3333333333333333,0.5,0,0.0,1.0,0.0,False,,,,,,,,
S13,S13,1231,1231,OK,l1.fixed_k.k02,l1,fixed_k,l1.final_ranker_score,2,1.0,0.8071428571428572,0.8070542596090041,0.4076619449141732,0.8940433673469388,1.0,0.6666666666666666,0.8,0,0.0,2,1.0,0.6666666666666666,0.8,0,0.0,2.0,0.0,False,,,,,,,,
S13,S13,1231,1231,OK,l1.fixed_k.k04,l1,fixed_k,l1.final_ranker_score,4,1.0,0.8928571428571429,0.8928571428571429,0.2155095940579457,0.9708801020408164,0.75,1.0,0.8571428571428571,1,0.25,3,0.75,1.0,0.8571428571428571,1,0.25,4.0,0.0,False,,,,,,,,
S13,S13,1231,1231,OK,l1.fixed_k.k08,l1,fixed_k,l1.final_ranker_score,8,1.0,0.8857142857142857,0.8857128279697446,0.2236296148293749,0.9689923469387756,0.375,1.0,0.5454545454545454,5,0.625,3,0.375,1.0,0.5454545454545454,5,0.625,8.0,0.0,False,,,,,,,,
S13,S13,1231,1231,OK,l1.fixed_k.k16,l1,fixed_k,l1.final_ranker_score,16,1.0,0.8928571428571429,0.8928571428571429,0.2209011905100347,0.9695153061224488,0.1875,1.0,0.3157894736842105,13,0.8125,3,0.1875,1.0,0.3157894736842105,13,0.8125,16.0,0.0,False,,,,,,,,
S13,S13,1231,1231,OK,l1.validation_one_se,l1,validation_one_se,l1.final_ranker_score,4,1.0,0.8928571428571429,0.8928571428571429,0.2155095940579457,0.9708801020408164,0.75,1.0,0.8571428571428571,1,0.25,3,0.75,1.0,0.8571428571428571,1,0.25,,0.0,False,4.0,0.20759466486273898,0.018700654551820482,0.22629531941455946,,,,
S13,S13,1231,1231,OK,l1.cpss_one_se,l1,cpss_one_se,l1.final_development_selection_frequency,3,1.0,0.9035714285714286,0.903570198599472,0.2125436858147802,0.9721173469387756,1.0,1.0,1.0,0,0.0,3,1.0,1.0,1.0,0,0.0,,,False,,0.2053690919525423,0.018647644382666768,0.22401673633520908,4.0,0.9,3.0,3.0
S13,S13,1249,1249,OK,shil.fixed_k.k01,shil,fixed_k,shil.final_ranker_score,1,1.0,0.7267857142857143,0.7267639320736666,0.5569220145469911,0.7900637755102041,1.0,0.3333333333333333,0.5,0,0.0,1,1.0,0.3333333333333333,0.5,0,0.0,1.0,0.0,False,,,,,,,,
S13,S13,1249,1249,OK,shil.fixed_k.k02,shil,fixed_k,shil.final_ranker_score,2,1.0,0.8035714285714286,0.8035614061941936,0.4059504610901421,0.8942346938775511,1.0,0.6666666666666666,0.8,0,0.0,2,1.0,0.6666666666666666,0.8,0,0.0,2.0,0.0,False,,,,,,,,
S13,S13,1249,1249,OK,shil.fixed_k.k04,shil,fixed_k,shil.final_ranker_score,4,1.0,0.8964285714285715,0.8964166804862803,0.2233073994564808,0.968966836734694,0.75,1.0,0.8571428571428571,1,0.25,3,0.75,1.0,0.8571428571428571,1,0.25,4.0,0.0,False,,,,,,,,
S13,S13,1249,1249,OK,shil.fixed_k.k08,shil,fixed_k,shil.final_ranker_score,8,1.0,0.8946428571428572,0.8946344574663159,0.2228550178600559,0.968890306122449,0.375,1.0,0.5454545454545454,5,0.625,3,0.375,1.0,0.5454545454545454,5,0.625,8.0,0.0,False,,,,,,,,
S13,S13,1249,1249,OK,shil.fixed_k.k16,shil,fixed_k,shil.final_ranker_score,16,1.0,0.8964285714285715,0.896427250347581,0.2224734506881154,0.969719387755102,0.1875,1.0,0.3157894736842105,13,0.8125,3,0.1875,1.0,0.3157894736842105,13,0.8125,16.0,0.0,False,,,,,,,,
S13,S13,1249,1249,OK,shil.validation_one_se,shil,validation_one_se,shil.final_ranker_score,4,1.0,0.8964285714285715,0.8964166804862803,0.2233073994564808,0.968966836734694,0.75,1.0,0.8571428571428571,1,0.25,3,0.75,1.0,0.8571428571428571,1,0.25,,0.0,False,4.0,0.19869792502891914,0.01732404460704285,0.21602196963596199,,,,
S13,S13,1249,1249,OK,shil.cpss_one_se,shil,cpss_one_se,shil.final_development_selection_frequency,3,1.0,0.8946428571428572,0.8946344574663159,0.2229806738424084,0.9689285714285714,1.0,1.0,1.0,0,0.0,3,1.0,1.0,1.0,0,0.0,,,False,,0.19798745124023778,0.017223438181708798,0.21521088942194658,4.0,0.9,3.0,3.0
S13,S13,1249,1249,OK,l1.fixed_k.k01,l1,fixed_k,l1.final_ranker_score,1,1.0,0.7267857142857143,0.7267639320736666,0.5569220145469911,0.7900637755102041,1.0,0.3333333333333333,0.5,0,0.0,1,1.0,0.3333333333333333,0.5,0,0.0,1.0,0.0,False,,,,,,,,
S13,S13,1249,1249,OK,l1.fixed_k.k02,l1,fixed_k,l1.final_ranker_score,2,1.0,0.8035714285714286,0.8035614061941936,0.4059504610901421,0.8942346938775511,1.0,0.6666666666666666,0.8,0,0.0,2,1.0,0.6666666666666666,0.8,0,0.0,2.0,0.0,False,,,,,,,,
S13,S13,1249,1249,OK,l1.fixed_k.k04,l1,fixed_k,l1.final_ranker_score,4,1.0,0.8910714285714286,0.8910544058223383,0.2267154208666507,0.9680739795918368,0.75,1.0,0.8571428571428571,1,0.25,3,0.75,1.0,0.8571428571428571,1,0.25,4.0,0.0,False,,,,,,,,
S13,S13,1249,1249,OK,l1.fixed_k.k08,l1,fixed_k,l1.final_ranker_score,8,1.0,0.8964285714285715,0.8964166804862803,0.2257582635939714,0.9682908163265308,0.375,1.0,0.5454545454545454,5,0.625,3,0.375,1.0,0.5454545454545454,5,0.625,8.0,0.0,False,,,,,,,,
S13,S13,1249,1249,OK,l1.fixed_k.k16,l1,fixed_k,l1.final_ranker_score,16,1.0,0.8803571428571428,0.8803476042414096,0.2421309143295297,0.9642474489795918,0.1875,1.0,0.3157894736842105,13,0.8125,3,0.1875,1.0,0.3157894736842105,13,0.8125,16.0,0.0,False,,,,,,,,
S13,S13,1249,1249,OK,l1.validation_one_se,l1,validation_one_se,l1.final_ranker_score,4,1.0,0.8910714285714286,0.8910544058223383,0.2267154208666507,0.9680739795918368,0.75,1.0,0.8571428571428571,1,0.25,3,0.75,1.0,0.8571428571428571,1,0.25,,0.0,False,4.0,0.195431559396208,0.017078108344461693,0.21250966774066968,,,,
S13,S13,1249,1249,OK,l1.cpss_one_se,l1,cpss_one_se,l1.final_development_selection_frequency,3,1.0,0.8946428571428572,0.8946344574663159,0.2229806738424084,0.9689285714285714,1.0,1.0,1.0,0,0.0,3,1.0,1.0,1.0,0,0.0,,,False,,0.19798745124023778,0.017223438181708798,0.21521088942194658,4.0,0.9,3.0,3.0
S13,S13,1277,1277,OK,shil.fixed_k.k01,shil,fixed_k,shil.final_ranker_score,1,1.0,0.6839285714285714,0.6838469119893851,0.5839466515779892,0.757704081632653,1.0,0.3333333333333333,0.5,0,0.0,1,1.0,0.3333333333333333,0.5,0,0.0,1.0,0.0,False,,,,,,,,
S13,S13,1277,1277,OK,shil.fixed_k.k02,shil,fixed_k,shil.final_ranker_score,2,1.0,0.7875,0.7874830582795185,0.4417629992713438,0.8762755102040816,1.0,0.6666666666666666,0.8,0,0.0,2,1.0,0.6666666666666666,0.8,0,0.0,2.0,0.0,False,,,,,,,,
S13,S13,1277,1277,OK,shil.fixed_k.k04,shil,fixed_k,shil.final_ranker_score,4,1.0,0.8982142857142857,0.8981983792110374,0.2286169811006561,0.9676658163265306,0.75,1.0,0.8571428571428571,1,0.25,3,0.75,1.0,0.8571428571428571,1,0.25,4.0,0.0,False,,,,,,,,
S13,S13,1277,1277,OK,shil.fixed_k.k08,shil,fixed_k,shil.final_ranker_score,8,1.0,0.9,0.8999540605380021,0.2300170897581961,0.9676913265306122,0.375,1.0,0.5454545454545454,5,0.625,3,0.375,1.0,0.5454545454545454,5,0.625,8.0,0.0,False,,,,,,,,
S13,S13,1277,1277,OK,shil.fixed_k.k16,shil,fixed_k,shil.final_ranker_score,16,1.0,0.9,0.8999374609130707,0.2362259548660855,0.9659438775510204,0.1875,1.0,0.3157894736842105,13,0.8125,3,0.1875,1.0,0.3157894736842105,13,0.8125,16.0,0.0,False,,,,,,,,
S13,S13,1277,1277,OK,shil.validation_one_se,shil,validation_one_se,shil.final_ranker_score,4,1.0,0.8982142857142857,0.8981983792110374,0.2286169811006561,0.9676658163265306,0.75,1.0,0.8571428571428571,1,0.25,3,0.75,1.0,0.8571428571428571,1,0.25,,0.0,False,4.0,0.2150496647199049,0.01912720921210308,0.23380359707392756,,,,
S13,S13,1277,1277,OK,shil.cpss_one_se,shil,cpss_one_se,shil.final_development_selection_frequency,3,1.0,0.8982142857142857,0.8981983792110374,0.2283220613048538,0.9676913265306122,1.0,1.0,1.0,0,0.0,3,1.0,1.0,1.0,0,0.0,,,False,,0.21245453828826158,0.019027863336044313,0.2314824016243059,4.0,0.9,3.0,3.0
S13,S13,1277,1277,OK,l1.fixed_k.k01,l1,fixed_k,l1.final_ranker_score,1,1.0,0.6839285714285714,0.6838469119893851,0.5839466515779892,0.757704081632653,1.0,0.3333333333333333,0.5,0,0.0,1,1.0,0.3333333333333333,0.5,0,0.0,1.0,0.0,False,,,,,,,,
S13,S13,1277,1277,OK,l1.fixed_k.k02,l1,fixed_k,l1.final_ranker_score,2,1.0,0.7875,0.7874830582795185,0.4417629992713438,0.8762755102040816,1.0,0.6666666666666666,0.8,0,0.0,2,1.0,0.6666666666666666,0.8,0,0.0,2.0,0.0,False,,,,,,,,
S13,S13,1277,1277,OK,l1.fixed_k.k04,l1,fixed_k,l1.final_ranker_score,4,1.0,0.8982142857142857,0.8981983792110374,0.2308730941963097,0.9669897959183672,0.75,1.0,0.8571428571428571,1,0.25,3,0.75,1.0,0.8571428571428571,1,0.25,4.0,0.0,False,,,,,,,,
S13,S13,1277,1277,OK,l1.fixed_k.k08,l1,fixed_k,l1.final_ranker_score,8,1.0,0.8964285714285715,0.8963955342902712,0.237957647981906,0.9644897959183674,0.375,1.0,0.5454545454545454,5,0.625,3,0.375,1.0,0.5454545454545454,5,0.625,8.0,0.0,False,,,,,,,,
S13,S13,1277,1277,OK,l1.fixed_k.k16,l1,fixed_k,l1.final_ranker_score,16,1.0,0.8946428571428572,0.8946425211815088,0.2479983016786347,0.961798469387755,0.1875,1.0,0.3157894736842105,13,0.8125,3,0.1875,1.0,0.3157894736842105,13,0.8125,16.0,0.0,False,,,,,,,,
S13,S13,1277,1277,OK,l1.validation_one_se,l1,validation_one_se,l1.final_ranker_score,4,1.0,0.8982142857142857,0.8981983792110374,0.2308730941963097,0.9669897959183672,0.75,1.0,0.8571428571428571,1,0.25,3,0.75,1.0,0.8571428571428571,1,0.25,,0.0,False,4.0,0.2134095228590947,0.01937377423868629,0.232783297097781,,,,
S13,S13,1277,1277,OK,l1.cpss_one_se,l1,cpss_one_se,l1.final_development_selection_frequency,3,1.0,0.8982142857142857,0.8981983792110374,0.2283220613048538,0.9676913265306122,1.0,1.0,1.0,0,0.0,3,1.0,1.0,1.0,0,0.0,,,False,,0.21245453828826158,0.019027863336044313,0.2314824016243059,4.0,0.9,3.0,3.0
