dataset,scenario,data_seed,split_seed,method_id,ranker_id,policy_id,score_family_id,selected_edge_count,support_indices_json,edges_json
S00,S00,1103,1103,shil.fixed_k.k01,shil,fixed_k,shil.final_ranker_score,1,[678],"[[12,14,15]]"
S00,S00,1103,1103,shil.fixed_k.k02,shil,fixed_k,shil.final_ranker_score,2,"[678,441]","[[12,14,15],[3,9,12]]"
S00,S00,1103,1103,shil.fixed_k.k04,shil,fixed_k,shil.final_ranker_score,4,"[678,441,223,340]","[[12,14,15],[3,9,12],[0,13,15],[2,5,7]]"
S00,S00,1103,1103,shil.fixed_k.k08,shil,fixed_k,shil.final_ranker_score,8,"[678,441,223,340,518,128,460,147]","[[12,14,15],[3,9,12],[0,13,15],[2,5,7],[5,6,10],[0,1,10],[4,5,6],[0,3,4]]"
S00,S00,1103,1103,shil.fixed_k.k16,shil,fixed_k,shil.final_ranker_score,16,"[678,441,223,340,518,128,460,147,459,176,580,237,571,228,164,498]","[[12,14,15],[3,9,12],[0,13,15],[2,5,7],[5,6,10],[0,1,10],[4,5,6],[0,3,4],[3,14,15],[0,5,12],[6,9,15],[1,2,15],[6,8,12],[1,2,6],[0,4,10],[4,9,14]]"
S00,S00,1103,1103,shil.validation_one_se,shil,validation_one_se,shil.final_ranker_score,1,[678],"[[12,14,15]]"
S00,S00,1103,1103,shil.cpss_one_se,shil,cpss_one_se,shil.final_development_selection_frequency,0,[],[]
S00,S00,1103,1103,l1.fixed_k.k01,l1,fixed_k,l1.final_ranker_score,1,[459],"[[3,14,15]]"
S00,S00,1103,1103,l1.fixed_k.k02,l1,fixed_k,l1.final_ranker_score,2,"[459,498]","[[3,14,15],[4,9,14]]"
S00,S00,1103,1103,l1.fixed_k.k04,l1,fixed_k,l1.final_ranker_score,4,"[459,498,172,69]","[[3,14,15],[4,9,14],[0,5,8],[5,10]]"
S00,S00,1103,1103,l1.fixed_k.k08,l1,fixed_k,l1.final_ranker_score,8,"[459,498,172,69,441,128,347,147]","[[3,14,15],[4,9,14],[0,5,8],[5,10],[3,9,12],[0,1,10],[2,5,14],[0,3,4]]"
S00,S00,1103,1103,l1.fixed_k.k16,l1,fixed_k,l1.final_ranker_score,11,"[459,498,172,69,441,128,347,147,329,199,653]","[[3,14,15],[4,9,14],[0,5,8],[5,10],[3,9,12],[0,1,10],[2,5,14],[0,3,4],[2,4,6],[0,8,11],[9,11,15]]"
S00,S00,1103,1103,l1.validation_one_se,l1,validation_one_se,l1.final_ranker_score,1,[459],"[[3,14,15]]"
S00,S00,1103,1103,l1.cpss_one_se,l1,cpss_one_se,l1.final_development_selection_frequency,0,[],[]
S00,S00,1129,1129,shil.fixed_k.k01,shil,fixed_k,shil.final_ranker_score,1,[241],"[[1,3,7]]"
S00,S00,1129,1129,shil.fixed_k.k02,shil,fixed_k,shil.final_ranker_score,2,"[241,262]","[[1,3,7],[1,5,7]]"
S00,S00,1129,1129,shil.fixed_k.k04,shil,fixed_k,shil.final_ranker_score,4,"[241,262,655,446]","[[1,3,7],[1,5,7],[9,12,14],[3,10,12]]"
S00,S00,1129,1129,shil.fixed_k.k08,shil,fixed_k,shil.final_ranker_score,8,"[241,262,655,446,121,337,537,596]","[[1,3,7],[1,5,7],[9,12,14],[3,10,12],[0,1,3],[2,4,14],[5,8,14],[7,8,9]]"
S00,S00,1129,1129,shil.fixed_k.k16,shil,fixed_k,shil.final_ranker_score,16,"[241,262,655,446,121,337,537,596,353,344,146,567,484,29,120,672]","[[1,3,7],[1,5,7],[9,12,14],[3,10,12],[0,1,3],[2,4,14],[5,8,14],[7,8,9],[2,6,11],[2,5,11],[0,2,15],[6,7,15],[4,7,13],[2,3],[0,1,2],[11,12,15]]"
S00,S00,1129,1129,shil.validation_one_se,shil,validation_one_se,shil.final_ranker_score,1,[241],"[[1,3,7]]"
S00,S00,1129,1129,shil.cpss_one_se,shil,cpss_one_se,shil.final_development_selection_frequency,0,[],[]
S00,S00,1129,1129,l1.fixed_k.k01,l1,fixed_k,l1.final_ranker_score,1,[262],"[[1,5,7]]"
S00,S00,1129,1129,l1.fixed_k.k02,l1,fixed_k,l1.final_ranker_score,2,"[262,446]","[[1,5,7],[3,10,12]]"
S00,S00,1129,1129,l1.fixed_k.k04,l1,fixed_k,l1.final_ranker_score,4,"[262,446,337,641]","[[1,5,7],[3,10,12],[2,4,14],[8,12,15]]"
S00,S00,1129,1129,l1.fixed_k.k08,l1,fixed_k,l1.final_ranker_score,8,"[262,446,337,641,121,241,656,191]","[[1,5,7],[3,10,12],[2,4,14],[8,12,15],[0,1,3],[1,3,7],[9,12,15],[0,7,10]]"
S00,S00,1129,1129,l1.fixed_k.k16,l1,fixed_k,l1.final_ranker_score,14,"[262,446,337,641,121,241,656,191,120,672,654,655,663,128]","[[1,5,7],[3,10,12],[2,4,14],[8,12,15],[0,1,3],[1,3,7],[9,12,15],[0,7,10],[0,1,2],[11,12,15],[9,12,13],[9,12,14],[10,11,15],[0,1,10]]"
S00,S00,1129,1129,l1.validation_one_se,l1,validation_one_se,l1.final_ranker_score,1,[262],"[[1,5,7]]"
S00,S00,1129,1129,l1.cpss_one_se,l1,cpss_one_se,l1.final_development_selection_frequency,0,[],[]
S00,S00,1151,1151,shil.fixed_k.k01,shil,fixed_k,shil.final_ranker_score,1,[148],"[[0,3,5]]"
S00,S00,1151,1151,shil.fixed_k.k02,shil,fixed_k,shil.final_ranker_score,2,"[148,379]","[[0,3,5],[2,10,11]]"
S00,S00,1151,1151,shil.fixed_k.k04,shil,fixed_k,shil.final_ranker_score,4,"[148,379,42,101]","[[0,3,5],[2,10,11],[3,4],[9,12]]"
S00,S00,1151,1151,shil.fixed_k.k08,shil,fixed_k,shil.final_ranker_score,8,"[148,379,42,101,182,114,197,447]","[[0,3,5],[2,10,11],[3,4],[9,12],[0,6,9],[12,13],[0,8,9],[3,10,13]]"
S00,S00,1151,1151,shil.fixed_k.k16,shil,fixed_k,shil.final_ranker_score,16,"[148,379,42,101,182,114,197,447,341,591,617,643,297,456,445,360]","[[0,3,5],[2,10,11],[3,4],[9,12],[0,6,9],[12,13],[0,8,9],[3,10,13],[2,5,8],[6,12,14],[7,11,15],[8,13,15],[1,9,12],[3,12,15],[3,10,11],[2,7,10]]"
S00,S00,1151,1151,shil.validation_one_se,shil,validation_one_se,shil.final_ranker_score,1,[148],"[[0,3,5]]"
S00,S00,1151,1151,shil.cpss_one_se,shil,cpss_one_se,shil.final_development_selection_frequency,0,[],[]
S00,S00,1151,1151,l1.fixed_k.k01,l1,fixed_k,l1.final_ranker_score,1,[182],"[[0,6,9]]"
S00,S00,1151,1151,l1.fixed_k.k02,l1,fixed_k,l1.final_ranker_score,2,"[182,114]","[[0,6,9],[12,13]]"
S00,S00,1151,1151,l1.fixed_k.k04,l1,fixed_k,l1.final_ranker_score,4,"[182,114,148,463]","[[0,6,9],[12,13],[0,3,5],[4,5,9]]"
S00,S00,1151,1151,l1.fixed_k.k08,l1,fixed_k,l1.final_ranker_score,8,"[182,114,148,463,499,591,566,360]","[[0,6,9],[12,13],[0,3,5],[4,5,9],[4,9,15],[6,12,14],[6,7,14],[2,7,10]]"
S00,S00,1151,1151,l1.fixed_k.k16,l1,fixed_k,l1.final_ranker_score,16,"[182,114,148,463,499,591,566,360,16,216,42,379,81,472,171,447]","[[0,6,9],[12,13],[0,3,5],[4,5,9],[4,9,15],[6,12,14],[6,7,14],[2,7,10],[1,3],[0,11,13],[3,4],[2,10,11],[6,13],[4,6,9],[0,5,7],[3,10,13]]"
S00,S00,1151,1151,l1.validation_one_se,l1,validation_one_se,l1.final_ranker_score,1,[182],"[[0,6,9]]"
S00,S00,1151,1151,l1.cpss_one_se,l1,cpss_one_se,l1.final_development_selection_frequency,0,[],[]
S00,S00,1171,1171,shil.fixed_k.k01,shil,fixed_k,shil.final_ranker_score,1,[27],"[[1,14]]"
S00,S00,1171,1171,shil.fixed_k.k02,shil,fixed_k,shil.final_ranker_score,2,"[27,430]","[[1,14],[3,7,14]]"
S00,S00,1171,1171,shil.fixed_k.k04,shil,fixed_k,shil.final_ranker_score,4,"[27,430,410,4]","[[1,14],[3,7,14],[3,5,11],[0,5]]"
S00,S00,1171,1171,shil.fixed_k.k08,shil,fixed_k,shil.final_ranker_score,8,"[27,430,410,4,601,126,389,649]","[[1,14],[3,7,14],[3,5,11],[0,5],[7,8,14],[0,1,8],[2,12,14],[9,10,15]]"
S00,S00,1171,1171,shil.fixed_k.k16,shil,fixed_k,shil.final_ranker_score,16,"[27,430,410,4,601,126,389,649,79,142,353,175,288,235,131,672]","[[1,14],[3,7,14],[3,5,11],[0,5],[7,8,14],[0,1,8],[2,12,14],[9,10,15],[6,11],[0,2,11],[2,6,11],[0,5,11],[1,8,9],[1,2,13],[0,1,13],[11,12,15]]"
S00,S00,1171,1171,shil.validation_one_se,shil,validation_one_se,shil.final_ranker_score,1,[27],"[[1,14]]"
S00,S00,1171,1171,shil.cpss_one_se,shil,cpss_one_se,shil.final_development_selection_frequency,0,[],[]
S00,S00,1171,1171,l1.fixed_k.k01,l1,fixed_k,l1.final_ranker_score,1,[27],"[[1,14]]"
S00,S00,1171,1171,l1.fixed_k.k02,l1,fixed_k,l1.final_ranker_score,2,"[27,4]","[[1,14],[0,5]]"
S00,S00,1171,1171,l1.fixed_k.k04,l1,fixed_k,l1.final_ranker_score,4,"[27,4,418,126]","[[1,14],[0,5],[3,6,10],[0,1,8]]"
S00,S00,1171,1171,l1.fixed_k.k08,l1,fixed_k,l1.final_ranker_score,8,"[27,4,418,126,240,618,80,114]","[[1,14],[0,5],[3,6,10],[0,1,8],[1,3,6],[7,12,13],[6,12],[12,13]]"
S00,S00,1171,1171,l1.fixed_k.k16,l1,fixed_k,l1.final_ranker_score,14,"[27,4,418,126,240,618,80,114,187,51,175,226,410,95]","[[1,14],[0,5],[3,6,10],[0,1,8],[1,3,6],[7,12,13],[6,12],[12,13],[0,6,14],[3,13],[0,5,11],[1,2,4],[3,5,11],[8,12]]"
S00,S00,1171,1171,l1.validation_one_se,l1,validation_one_se,l1.final_ranker_score,1,[27],"[[1,14]]"
S00,S00,1171,1171,l1.cpss_one_se,l1,cpss_one_se,l1.final_development_selection_frequency,0,[],[]
S00,S00,1181,1181,shil.fixed_k.k01,shil,fixed_k,shil.final_ranker_score,1,[668],"[[10,13,15]]"
S00,S00,1181,1181,shil.fixed_k.k02,shil,fixed_k,shil.final_ranker_score,2,"[668,610]","[[10,13,15],[7,10,12]]"
S00,S00,1181,1181,shil.fixed_k.k04,shil,fixed_k,shil.final_ranker_score,4,"[668,610,673,58]","[[10,13,15],[7,10,12],[11,13,14],[4,9]]"
S00,S00,1181,1181,shil.fixed_k.k08,shil,fixed_k,shil.final_ranker_score,8,"[668,610,673,58,419,433,201,553]","[[10,13,15],[7,10,12],[11,13,14],[4,9],[3,6,11],[3,8,10],[0,8,13],[5,11,15]]"
S00,S00,1181,1181,shil.fixed_k.k16,shil,fixed_k,shil.final_ranker_score,16,"[668,610,673,58,419,433,201,553,664,15,49,20,644,616,102,17]","[[10,13,15],[7,10,12],[11,13,14],[4,9],[3,6,11],[3,8,10],[0,8,13],[5,11,15],[10,12,13],[1,2],[3,11],[1,7],[8,14,15],[7,11,14],[9,13],[1,4]]"
S00,S00,1181,1181,shil.validation_one_se,shil,validation_one_se,shil.final_ranker_score,1,[668],"[[10,13,15]]"
S00,S00,1181,1181,shil.cpss_one_se,shil,cpss_one_se,shil.final_development_selection_frequency,0,[],[]
S00,S00,1181,1181,l1.fixed_k.k01,l1,fixed_k,l1.final_ranker_score,1,[671],"[[11,12,14]]"
S00,S00,1181,1181,l1.fixed_k.k02,l1,fixed_k,l1.final_ranker_score,2,"[671,15]","[[11,12,14],[1,2]]"
S00,S00,1181,1181,l1.fixed_k.k04,l1,fixed_k,l1.final_ranker_score,4,"[671,15,419,20]","[[11,12,14],[1,2],[3,6,11],[1,7]]"
S00,S00,1181,1181,l1.fixed_k.k08,l1,fixed_k,l1.final_ranker_score,8,"[671,15,419,20,58,668,201,373]","[[11,12,14],[1,2],[3,6,11],[1,7],[4,9],[10,13,15],[0,8,13],[2,9,10]]"
S00,S00,1181,1181,l1.fixed_k.k16,l1,fixed_k,l1.final_ranker_score,16,"[671,15,419,20,58,668,201,373,308,366,553,673,414,610,516,611]","[[11,12,14],[1,2],[3,6,11],[1,7],[4,9],[10,13,15],[0,8,13],[2,9,10],[1,11,14],[2,8,9],[5,11,15],[11,13,14],[3,5,15],[7,10,12],[5,6,8],[7,10,13]]"
S00,S00,1181,1181,l1.validation_one_se,l1,validation_one_se,l1.final_ranker_score,1,[671],"[[11,12,14]]"
S00,S00,1181,1181,l1.cpss_one_se,l1,cpss_one_se,l1.final_development_selection_frequency,0,[],[]
S00,S00,1201,1201,shil.fixed_k.k01,shil,fixed_k,shil.final_ranker_score,1,[0],"[[0,1]]"
S00,S00,1201,1201,shil.fixed_k.k02,shil,fixed_k,shil.final_ranker_score,2,"[0,197]","[[0,1],[0,8,9]]"
S00,S00,1201,1201,shil.fixed_k.k04,shil,fixed_k,shil.final_ranker_score,4,"[0,197,174,580]","[[0,1],[0,8,9],[0,5,10],[6,9,15]]"
S00,S00,1201,1201,shil.fixed_k.k08,shil,fixed_k,shil.final_ranker_score,8,"[0,197,174,580,648,83,240,19]","[[0,1],[0,8,9],[0,5,10],[6,9,15],[9,10,14],[6,15],[1,3,6],[1,6]]"
S00,S00,1201,1201,shil.fixed_k.k16,shil,fixed_k,shil.final_ranker_score,16,"[0,197,174,580,648,83,240,19,310,193,667,106,336,58,222,195]","[[0,1],[0,8,9],[0,5,10],[6,9,15],[9,10,14],[6,15],[1,3,6],[1,6],[1,12,13],[0,7,12],[10,13,14],[10,12],[2,4,13],[4,9],[0,13,14],[0,7,14]]"
S00,S00,1201,1201,shil.validation_one_se,shil,validation_one_se,shil.final_ranker_score,1,[0],"[[0,1]]"
S00,S00,1201,1201,shil.cpss_one_se,shil,cpss_one_se,shil.final_development_selection_frequency,0,[],[]
S00,S00,1201,1201,l1.fixed_k.k01,l1,fixed_k,l1.final_ranker_score,1,[573],"[[6,8,14]]"
S00,S00,1201,1201,l1.fixed_k.k02,l1,fixed_k,l1.final_ranker_score,2,"[573,0]","[[6,8,14],[0,1]]"
S00,S00,1201,1201,l1.fixed_k.k04,l1,fixed_k,l1.final_ranker_score,4,"[573,0,174,197]","[[6,8,14],[0,1],[0,5,10],[0,8,9]]"
S00,S00,1201,1201,l1.fixed_k.k08,l1,fixed_k,l1.final_ranker_score,8,"[573,0,174,197,220,83,19,341]","[[6,8,14],[0,1],[0,5,10],[0,8,9],[0,12,14],[6,15],[1,6],[2,5,8]]"
S00,S00,1201,1201,l1.fixed_k.k16,l1,fixed_k,l1.final_ranker_score,15,"[573,0,174,197,220,83,19,341,106,588,580,653,184,336,172]","[[6,8,14],[0,1],[0,5,10],[0,8,9],[0,12,14],[6,15],[1,6],[2,5,8],[10,12],[6,11,14],[6,9,15],[9,11,15],[0,6,11],[2,4,13],[0,5,8]]"
S00,S00,1201,1201,l1.validation_one_se,l1,validation_one_se,l1.final_ranker_score,1,[573],"[[6,8,14]]"
S00,S00,1201,1201,l1.cpss_one_se,l1,cpss_one_se,l1.final_development_selection_frequency,0,[],[]
S00,S00,1213,1213,shil.fixed_k.k01,shil,fixed_k,shil.final_ranker_score,1,[612],"[[7,10,14]]"
S00,S00,1213,1213,shil.fixed_k.k02,shil,fixed_k,shil.final_ranker_score,2,"[612,527]","[[7,10,14],[5,7,11]]"
S00,S00,1213,1213,shil.fixed_k.k04,shil,fixed_k,shil.final_ranker_score,4,"[612,527,503,408]","[[7,10,14],[5,7,11],[4,10,14],[3,5,9]]"
S00,S00,1213,1213,shil.fixed_k.k08,shil,fixed_k,shil.final_ranker_score,8,"[612,527,503,408,188,42,387,220]","[[7,10,14],[5,7,11],[4,10,14],[3,5,9],[0,6,15],[3,4],[2,11,15],[0,12,14]]"
S00,S00,1213,1213,shil.fixed_k.k16,shil,fixed_k,shil.final_ranker_score,16,"[612,527,503,408,188,42,387,220,103,112,474,51,375,557,45,232]","[[7,10,14],[5,7,11],[4,10,14],[3,5,9],[0,6,15],[3,4],[2,11,15],[0,12,14],[9,14],[11,14],[4,6,11],[3,13],[2,9,12],[5,13,14],[3,7],[1,2,10]]"
S00,S00,1213,1213,shil.validation_one_se,shil,validation_one_se,shil.final_ranker_score,1,[612],"[[7,10,14]]"
S00,S00,1213,1213,shil.cpss_one_se,shil,cpss_one_se,shil.final_development_selection_frequency,0,[],[]
S00,S00,1213,1213,l1.fixed_k.k01,l1,fixed_k,l1.final_ranker_score,1,[266],"[[1,5,11]]"
S00,S00,1213,1213,l1.fixed_k.k02,l1,fixed_k,l1.final_ranker_score,2,"[266,612]","[[1,5,11],[7,10,14]]"
S00,S00,1213,1213,l1.fixed_k.k04,l1,fixed_k,l1.final_ranker_score,4,"[266,612,527,310]","[[1,5,11],[7,10,14],[5,7,11],[1,12,13]]"
S00,S00,1213,1213,l1.fixed_k.k08,l1,fixed_k,l1.final_ranker_score,8,"[266,612,527,310,503,574,339,55]","[[1,5,11],[7,10,14],[5,7,11],[1,12,13],[4,10,14],[6,8,15],[2,5,6],[4,6]]"
S00,S00,1213,1213,l1.fixed_k.k16,l1,fixed_k,l1.final_ranker_score,14,"[266,612,527,310,503,574,339,55,652,474,406,188,42,125]","[[1,5,11],[7,10,14],[5,7,11],[1,12,13],[4,10,14],[6,8,15],[2,5,6],[4,6],[9,11,14],[4,6,11],[3,5,7],[0,6,15],[3,4],[0,1,7]]"
S00,S00,1213,1213,l1.validation_one_se,l1,validation_one_se,l1.final_ranker_score,1,[266],"[[1,5,11]]"
S00,S00,1213,1213,l1.cpss_one_se,l1,cpss_one_se,l1.final_development_selection_frequency,0,[],[]
S00,S00,1231,1231,shil.fixed_k.k01,shil,fixed_k,shil.final_ranker_score,1,[11],"[[0,12]]"
S00,S00,1231,1231,shil.fixed_k.k02,shil,fixed_k,shil.final_ranker_score,2,"[11,366]","[[0,12],[2,8,9]]"
S00,S00,1231,1231,shil.fixed_k.k04,shil,fixed_k,shil.final_ranker_score,4,"[11,366,492,510]","[[0,12],[2,8,9],[4,8,14],[4,12,14]]"
S00,S00,1231,1231,shil.fixed_k.k08,shil,fixed_k,shil.final_ranker_score,8,"[11,366,492,510,25,343,132,509]","[[0,12],[2,8,9],[4,8,14],[4,12,14],[1,12],[2,5,10],[0,1,14],[4,12,13]]"
S00,S00,1231,1231,shil.fixed_k.k16,shil,fixed_k,shil.final_ranker_score,16,"[11,366,492,510,25,343,132,509,469,637,193,229,67,181,260,408]","[[0,12],[2,8,9],[4,8,14],[4,12,14],[1,12],[2,5,10],[0,1,14],[4,12,13],[4,5,15],[8,11,14],[0,7,12],[1,2,7],[5,8],[0,6,8],[1,4,15],[3,5,9]]"
S00,S00,1231,1231,shil.validation_one_se,shil,validation_one_se,shil.final_ranker_score,1,[11],"[[0,12]]"
S00,S00,1231,1231,shil.cpss_one_se,shil,cpss_one_se,shil.final_development_selection_frequency,0,[],[]
S00,S00,1231,1231,l1.fixed_k.k01,l1,fixed_k,l1.final_ranker_score,1,[11],"[[0,12]]"
S00,S00,1231,1231,l1.fixed_k.k02,l1,fixed_k,l1.final_ranker_score,2,"[11,343]","[[0,12],[2,5,10]]"
S00,S00,1231,1231,l1.fixed_k.k04,l1,fixed_k,l1.final_ranker_score,4,"[11,343,510,297]","[[0,12],[2,5,10],[4,12,14],[1,9,12]]"
S00,S00,1231,1231,l1.fixed_k.k08,l1,fixed_k,l1.final_ranker_score,8,"[11,343,510,297,25,450,366,408]","[[0,12],[2,5,10],[4,12,14],[1,9,12],[1,12],[3,11,12],[2,8,9],[3,5,9]]"
S00,S00,1231,1231,l1.fixed_k.k16,l1,fixed_k,l1.final_ranker_score,16,"[11,343,510,297,25,450,366,408,333,126,186,448,633,492,39,509]","[[0,12],[2,5,10],[4,12,14],[1,9,12],[1,12],[3,11,12],[2,8,9],[3,5,9],[2,4,10],[0,1,8],[0,6,13],[3,10,14],[8,10,14],[4,8,14],[2,13],[4,12,13]]"
S00,S00,1231,1231,l1.validation_one_se,l1,validation_one_se,l1.final_ranker_score,1,[11],"[[0,12]]"
S00,S00,1231,1231,l1.cpss_one_se,l1,cpss_one_se,l1.final_development_selection_frequency,0,[],[]
S00,S00,1249,1249,shil.fixed_k.k01,shil,fixed_k,shil.final_ranker_score,1,[33],"[[2,7]]"
S00,S00,1249,1249,shil.fixed_k.k02,shil,fixed_k,shil.final_ranker_score,2,"[33,569]","[[2,7],[6,8,10]]"
S00,S00,1249,1249,shil.fixed_k.k04,shil,fixed_k,shil.final_ranker_score,4,"[33,569,462,514]","[[2,7],[6,8,10],[4,5,8],[4,14,15]]"
S00,S00,1249,1249,shil.fixed_k.k08,shil,fixed_k,shil.final_ranker_score,8,"[33,569,462,514,619,50,165,533]","[[2,7],[6,8,10],[4,5,8],[4,14,15],[7,12,14],[3,12],[0,4,11],[5,8,10]]"
S00,S00,1249,1249,shil.fixed_k.k16,shil,fixed_k,shil.final_ranker_score,16,"[33,569,462,514,619,50,165,533,491,519,589,139,534,1,199,304]","[[2,7],[6,8,10],[4,5,8],[4,14,15],[7,12,14],[3,12],[0,4,11],[5,8,10],[4,8,13],[5,6,11],[6,11,15],[0,2,8],[5,8,11],[0,2],[0,8,11],[1,10,14]]"
S00,S00,1249,1249,shil.validation_one_se,shil,validation_one_se,shil.final_ranker_score,1,[33],"[[2,7]]"
S00,S00,1249,1249,shil.cpss_one_se,shil,cpss_one_se,shil.final_development_selection_frequency,0,[],[]
S00,S00,1249,1249,l1.fixed_k.k01,l1,fixed_k,l1.final_ranker_score,1,[33],"[[2,7]]"
S00,S00,1249,1249,l1.fixed_k.k02,l1,fixed_k,l1.final_ranker_score,2,"[33,486]","[[2,7],[4,7,15]]"
S00,S00,1249,1249,l1.fixed_k.k04,l1,fixed_k,l1.final_ranker_score,4,"[33,486,619,616]","[[2,7],[4,7,15],[7,12,14],[7,11,14]]"
S00,S00,1249,1249,l1.fixed_k.k08,l1,fixed_k,l1.final_ranker_score,8,"[33,486,619,616,514,47,285,1]","[[2,7],[4,7,15],[7,12,14],[7,11,14],[4,14,15],[3,9],[1,7,13],[0,2]]"
S00,S00,1249,1249,l1.fixed_k.k16,l1,fixed_k,l1.final_ranker_score,16,"[33,486,619,616,514,47,285,1,491,298,627,247,569,165,50,462]","[[2,7],[4,7,15],[7,12,14],[7,11,14],[4,14,15],[3,9],[1,7,13],[0,2],[4,8,13],[1,9,13],[8,9,13],[1,3,13],[6,8,10],[0,4,11],[3,12],[4,5,8]]"
S00,S00,1249,1249,l1.validation_one_se,l1,validation_one_se,l1.final_ranker_score,1,[33],"[[2,7]]"
S00,S00,1249,1249,l1.cpss_one_se,l1,cpss_one_se,l1.final_development_selection_frequency,0,[],[]
S00,S00,1277,1277,shil.fixed_k.k01,shil,fixed_k,shil.final_ranker_score,1,[343],"[[2,5,10]]"
S00,S00,1277,1277,shil.fixed_k.k02,shil,fixed_k,shil.final_ranker_score,2,"[343,76]","[[2,5,10],[6,8]]"
S00,S00,1277,1277,shil.fixed_k.k04,shil,fixed_k,shil.final_ranker_score,4,"[343,76,202,532]","[[2,5,10],[6,8],[0,8,14],[5,8,9]]"
S00,S00,1277,1277,shil.fixed_k.k08,shil,fixed_k,shil.final_ranker_score,8,"[343,76,202,532,654,255,2,365]","[[2,5,10],[6,8],[0,8,14],[5,8,9],[9,12,13],[1,4,10],[0,3],[2,7,15]]"
S00,S00,1277,1277,shil.fixed_k.k16,shil,fixed_k,shil.final_ranker_score,16,"[343,76,202,532,654,255,2,365,54,144,548,551,656,672,6,417]","[[2,5,10],[6,8],[0,8,14],[5,8,9],[9,12,13],[1,4,10],[0,3],[2,7,15],[4,5],[0,2,13],[5,10,14],[5,11,13],[9,12,15],[11,12,15],[0,7],[3,6,9]]"
S00,S00,1277,1277,shil.validation_one_se,shil,validation_one_se,shil.final_ranker_score,1,[343],"[[2,5,10]]"
S00,S00,1277,1277,shil.cpss_one_se,shil,cpss_one_se,shil.final_development_selection_frequency,0,[],[]
S00,S00,1277,1277,l1.fixed_k.k01,l1,fixed_k,l1.final_ranker_score,1,[654],"[[9,12,13]]"
S00,S00,1277,1277,l1.fixed_k.k02,l1,fixed_k,l1.final_ranker_score,2,"[654,144]","[[9,12,13],[0,2,13]]"
S00,S00,1277,1277,l1.fixed_k.k04,l1,fixed_k,l1.final_ranker_score,4,"[654,144,336,532]","[[9,12,13],[0,2,13],[2,4,13],[5,8,9]]"
S00,S00,1277,1277,l1.fixed_k.k08,l1,fixed_k,l1.final_ranker_score,8,"[654,144,336,532,265,202,624,320]","[[9,12,13],[0,2,13],[2,4,13],[5,8,9],[1,5,10],[0,8,14],[8,9,10],[2,3,8]]"
S00,S00,1277,1277,l1.fixed_k.k16,l1,fixed_k,l1.final_ranker_score,14,"[654,144,336,532,265,202,624,320,551,384,33,648,649,661]","[[9,12,13],[0,2,13],[2,4,13],[5,8,9],[1,5,10],[0,8,14],[8,9,10],[2,3,8],[5,11,13],[2,11,12],[2,7],[9,10,14],[9,10,15],[10,11,13]]"
S00,S00,1277,1277,l1.validation_one_se,l1,validation_one_se,l1.final_ranker_score,1,[654],"[[9,12,13]]"
S00,S00,1277,1277,l1.cpss_one_se,l1,cpss_one_se,l1.final_development_selection_frequency,0,[],[]
S01,S01,1103,1103,shil.fixed_k.k01,shil,fixed_k,shil.final_ranker_score,1,[0],"[[0,1]]"
S01,S01,1103,1103,shil.fixed_k.k02,shil,fixed_k,shil.final_ranker_score,2,"[0,29]","[[0,1],[2,3]]"
S01,S01,1103,1103,shil.fixed_k.k04,shil,fixed_k,shil.final_ranker_score,4,"[0,29,54,558]","[[0,1],[2,3],[4,5],[5,13,15]]"
S01,S01,1103,1103,shil.fixed_k.k08,shil,fixed_k,shil.final_ranker_score,8,"[0,29,54,558,569,51,307,151]","[[0,1],[2,3],[4,5],[5,13,15],[6,8,10],[3,13],[1,11,13],[0,3,8]]"
S01,S01,1103,1103,shil.fixed_k.k16,shil,fixed_k,shil.final_ranker_score,16,"[0,29,54,558,569,51,307,151,622,234,393,633,467,578,505,18]","[[0,1],[2,3],[4,5],[5,13,15],[6,8,10],[3,13],[1,11,13],[0,3,8],[7,13,15],[1,2,12],[2,14,15],[8,10,14],[4,5,13],[6,9,13],[4,11,12],[1,5]]"
S01,S01,1103,1103,shil.validation_one_se,shil,validation_one_se,shil.final_ranker_score,4,"[0,29,54,558]","[[0,1],[2,3],[4,5],[5,13,15]]"
S01,S01,1103,1103,shil.cpss_one_se,shil,cpss_one_se,shil.final_development_selection_frequency,3,"[0,29,54]","[[0,1],[2,3],[4,5]]"
S01,S01,1103,1103,l1.fixed_k.k01,l1,fixed_k,l1.final_ranker_score,1,[0],"[[0,1]]"
S01,S01,1103,1103,l1.fixed_k.k02,l1,fixed_k,l1.final_ranker_score,2,"[0,29]","[[0,1],[2,3]]"
S01,S01,1103,1103,l1.fixed_k.k04,l1,fixed_k,l1.final_ranker_score,4,"[0,29,54,450]","[[0,1],[2,3],[4,5],[3,11,12]]"
S01,S01,1103,1103,l1.fixed_k.k08,l1,fixed_k,l1.final_ranker_score,8,"[0,29,54,450,578,569,498,151]","[[0,1],[2,3],[4,5],[3,11,12],[6,9,13],[6,8,10],[4,9,14],[0,3,8]]"
S01,S01,1103,1103,l1.fixed_k.k16,l1,fixed_k,l1.final_ranker_score,16,"[0,29,54,450,578,569,498,151,98,609,612,660,84,199,273,390]","[[0,1],[2,3],[4,5],[3,11,12],[6,9,13],[6,8,10],[4,9,14],[0,3,8],[8,15],[7,10,11],[7,10,14],[10,11,12],[7,8],[0,8,11],[1,6,9],[2,12,15]]"
S01,S01,1103,1103,l1.validation_one_se,l1,validation_one_se,l1.final_ranker_score,4,"[0,29,54,450]","[[0,1],[2,3],[4,5],[3,11,12]]"
S01,S01,1103,1103,l1.cpss_one_se,l1,cpss_one_se,l1.final_development_selection_frequency,3,"[0,29,54]","[[0,1],[2,3],[4,5]]"
S01,S01,1129,1129,shil.fixed_k.k01,shil,fixed_k,shil.final_ranker_score,1,[0],"[[0,1]]"
S01,S01,1129,1129,shil.fixed_k.k02,shil,fixed_k,shil.final_ranker_score,2,"[0,29]","[[0,1],[2,3]]"
S01,S01,1129,1129,shil.fixed_k.k04,shil,fixed_k,shil.final_ranker_score,4,"[0,29,54,370]","[[0,1],[2,3],[4,5],[2,8,13]]"
S01,S01,1129,1129,shil.fixed_k.k08,shil,fixed_k,shil.final_ranker_score,8,"[0,29,54,370,40,319,16,294]","[[0,1],[2,3],[4,5],[2,8,13],[2,14],[2,3,7],[1,3],[1,8,15]]"
S01,S01,1129,1129,shil.fixed_k.k16,shil,fixed_k,shil.final_ranker_score,16,"[0,29,54,370,40,319,16,294,369,644,590,503,626,18,362,404]","[[0,1],[2,3],[4,5],[2,8,13],[2,14],[2,3,7],[1,3],[1,8,15],[2,8,12],[8,14,15],[6,12,13],[4,10,14],[8,9,12],[1,5],[2,7,12],[3,4,15]]"
S01,S01,1129,1129,shil.validation_one_se,shil,validation_one_se,shil.final_ranker_score,4,"[0,29,54,370]","[[0,1],[2,3],[4,5],[2,8,13]]"
S01,S01,1129,1129,shil.cpss_one_se,shil,cpss_one_se,shil.final_development_selection_frequency,3,"[0,29,54]","[[0,1],[2,3],[4,5]]"
S01,S01,1129,1129,l1.fixed_k.k01,l1,fixed_k,l1.final_ranker_score,1,[0],"[[0,1]]"
S01,S01,1129,1129,l1.fixed_k.k02,l1,fixed_k,l1.final_ranker_score,2,"[0,29]","[[0,1],[2,3]]"
S01,S01,1129,1129,l1.fixed_k.k04,l1,fixed_k,l1.final_ranker_score,4,"[0,29,54,105]","[[0,1],[2,3],[4,5],[10,11]]"
S01,S01,1129,1129,l1.fixed_k.k08,l1,fixed_k,l1.final_ranker_score,8,"[0,29,54,105,644,563,50,362]","[[0,1],[2,3],[4,5],[10,11],[8,14,15],[6,7,11],[3,12],[2,7,12]]"
S01,S01,1129,1129,l1.fixed_k.k16,l1,fixed_k,l1.final_ranker_score,16,"[0,29,54,105,644,563,50,362,430,308,628,204,208,353,75,48]","[[0,1],[2,3],[4,5],[10,11],[8,14,15],[6,7,11],[3,12],[2,7,12],[3,7,14],[1,11,14],[8,9,14],[0,9,10],[0,9,14],[2,6,11],[6,7],[3,10]]"
S01,S01,1129,1129,l1.validation_one_se,l1,validation_one_se,l1.final_ranker_score,4,"[0,29,54,105]","[[0,1],[2,3],[4,5],[10,11]]"
S01,S01,1129,1129,l1.cpss_one_se,l1,cpss_one_se,l1.final_development_selection_frequency,3,"[0,29,54]","[[0,1],[2,3],[4,5]]"
S01,S01,1151,1151,shil.fixed_k.k01,shil,fixed_k,shil.final_ranker_score,1,[0],"[[0,1]]"
S01,S01,1151,1151,shil.fixed_k.k02,shil,fixed_k,shil.final_ranker_score,2,"[0,29]","[[0,1],[2,3]]"
S01,S01,1151,1151,shil.fixed_k.k04,shil,fixed_k,shil.final_ranker_score,4,"[0,29,54,63]","[[0,1],[2,3],[4,5],[4,14]]"
S01,S01,1151,1151,shil.fixed_k.k08,shil,fixed_k,shil.final_ranker_score,8,"[0,29,54,63,111,188,17,56]","[[0,1],[2,3],[4,5],[4,14],[11,13],[0,6,15],[1,4],[4,7]]"
S01,S01,1151,1151,shil.fixed_k.k16,shil,fixed_k,shil.final_ranker_score,16,"[0,29,54,63,111,188,17,56,386,158,361,674,649,652,384,85]","[[0,1],[2,3],[4,5],[4,14],[11,13],[0,6,15],[1,4],[4,7],[2,11,14],[0,3,15],[2,7,11],[11,13,15],[9,10,15],[9,11,14],[2,11,12],[7,9]]"
S01,S01,1151,1151,shil.validation_one_se,shil,validation_one_se,shil.final_ranker_score,4,"[0,29,54,63]","[[0,1],[2,3],[4,5],[4,14]]"
S01,S01,1151,1151,shil.cpss_one_se,shil,cpss_one_se,shil.final_development_selection_frequency,3,"[0,29,54]","[[0,1],[2,3],[4,5]]"
S01,S01,1151,1151,l1.fixed_k.k01,l1,fixed_k,l1.final_ranker_score,1,[0],"[[0,1]]"
S01,S01,1151,1151,l1.fixed_k.k02,l1,fixed_k,l1.final_ranker_score,2,"[0,29]","[[0,1],[2,3]]"
S01,S01,1151,1151,l1.fixed_k.k04,l1,fixed_k,l1.final_ranker_score,4,"[0,29,54,164]","[[0,1],[2,3],[4,5],[0,4,10]]"
S01,S01,1151,1151,l1.fixed_k.k08,l1,fixed_k,l1.final_ranker_score,8,"[0,29,54,164,532,631,33,277]","[[0,1],[2,3],[4,5],[0,4,10],[5,8,9],[8,10,12],[2,7],[1,6,13]]"
S01,S01,1151,1151,l1.fixed_k.k16,l1,fixed_k,l1.final_ranker_score,16,"[0,29,54,164,532,631,33,277,649,456,27,111,52,212,648,540]","[[0,1],[2,3],[4,5],[0,4,10],[5,8,9],[8,10,12],[2,7],[1,6,13],[9,10,15],[3,12,15],[1,14],[11,13],[3,14],[0,10,13],[9,10,14],[5,9,11]]"
S01,S01,1151,1151,l1.validation_one_se,l1,validation_one_se,l1.final_ranker_score,4,"[0,29,54,164]","[[0,1],[2,3],[4,5],[0,4,10]]"
S01,S01,1151,1151,l1.cpss_one_se,l1,cpss_one_se,l1.final_development_selection_frequency,3,"[0,29,54]","[[0,1],[2,3],[4,5]]"
S01,S01,1171,1171,shil.fixed_k.k01,shil,fixed_k,shil.final_ranker_score,1,[0],"[[0,1]]"
S01,S01,1171,1171,shil.fixed_k.k02,shil,fixed_k,shil.final_ranker_score,2,"[0,29]","[[0,1],[2,3]]"
S01,S01,1171,1171,shil.fixed_k.k04,shil,fixed_k,shil.final_ranker_score,4,"[0,29,54,555]","[[0,1],[2,3],[4,5],[5,12,14]]"
S01,S01,1171,1171,shil.fixed_k.k08,shil,fixed_k,shil.final_ranker_score,8,"[0,29,54,555,373,138,167,409]","[[0,1],[2,3],[4,5],[5,12,14],[2,9,10],[0,2,7],[0,4,13],[3,5,10]]"
S01,S01,1171,1171,shil.fixed_k.k16,shil,fixed_k,shil.final_ranker_score,16,"[0,29,54,555,373,138,167,409,103,126,547,14,551,71,298,165]","[[0,1],[2,3],[4,5],[5,12,14],[2,9,10],[0,2,7],[0,4,13],[3,5,10],[9,14],[0,1,8],[5,10,13],[0,15],[5,11,13],[5,12],[1,9,13],[0,4,11]]"
S01,S01,1171,1171,shil.validation_one_se,shil,validation_one_se,shil.final_ranker_score,4,"[0,29,54,555]","[[0,1],[2,3],[4,5],[5,12,14]]"
S01,S01,1171,1171,shil.cpss_one_se,shil,cpss_one_se,shil.final_development_selection_frequency,3,"[0,29,54]","[[0,1],[2,3],[4,5]]"
S01,S01,1171,1171,l1.fixed_k.k01,l1,fixed_k,l1.final_ranker_score,1,[0],"[[0,1]]"
S01,S01,1171,1171,l1.fixed_k.k02,l1,fixed_k,l1.final_ranker_score,2,"[0,29]","[[0,1],[2,3]]"
S01,S01,1171,1171,l1.fixed_k.k04,l1,fixed_k,l1.final_ranker_score,4,"[0,29,54,397]","[[0,1],[2,3],[4,5],[3,4,8]]"
S01,S01,1171,1171,l1.fixed_k.k08,l1,fixed_k,l1.final_ranker_score,8,"[0,29,54,397,555,563,604,71]","[[0,1],[2,3],[4,5],[3,4,8],[5,12,14],[6,7,11],[7,9,11],[5,12]]"
S01,S01,1171,1171,l1.fixed_k.k16,l1,fixed_k,l1.final_ranker_score,16,"[0,29,54,397,555,563,604,71,626,576,89,516,639,103,551,589]","[[0,1],[2,3],[4,5],[3,4,8],[5,12,14],[6,7,11],[7,9,11],[5,12],[8,9,12],[6,9,11],[7,13],[5,6,8],[8,12,13],[9,14],[5,11,13],[6,11,15]]"
S01,S01,1171,1171,l1.validation_one_se,l1,validation_one_se,l1.final_ranker_score,4,"[0,29,54,397]","[[0,1],[2,3],[4,5],[3,4,8]]"
S01,S01,1171,1171,l1.cpss_one_se,l1,cpss_one_se,l1.final_development_selection_frequency,3,"[0,29,54]","[[0,1],[2,3],[4,5]]"
S01,S01,1181,1181,shil.fixed_k.k01,shil,fixed_k,shil.final_ranker_score,1,[0],"[[0,1]]"
S01,S01,1181,1181,shil.fixed_k.k02,shil,fixed_k,shil.final_ranker_score,2,"[0,29]","[[0,1],[2,3]]"
S01,S01,1181,1181,shil.fixed_k.k04,shil,fixed_k,shil.final_ranker_score,4,"[0,29,54,527]","[[0,1],[2,3],[4,5],[5,7,11]]"
S01,S01,1181,1181,shil.fixed_k.k08,shil,fixed_k,shil.final_ranker_score,8,"[0,29,54,527,376,543,233,636]","[[0,1],[2,3],[4,5],[5,7,11],[2,9,13],[5,9,14],[1,2,11],[8,11,13]]"
S01,S01,1181,1181,shil.fixed_k.k16,shil,fixed_k,shil.final_ranker_score,16,"[0,29,54,527,376,543,233,636,423,149,353,421,368,341,161,440]","[[0,1],[2,3],[4,5],[5,7,11],[2,9,13],[5,9,14],[1,2,11],[8,11,13],[3,6,15],[0,3,6],[2,6,11],[3,6,13],[2,8,11],[2,5,8],[0,4,7],[3,9,11]]"
S01,S01,1181,1181,shil.validation_one_se,shil,validation_one_se,shil.final_ranker_score,4,"[0,29,54,527]","[[0,1],[2,3],[4,5],[5,7,11]]"
S01,S01,1181,1181,shil.cpss_one_se,shil,cpss_one_se,shil.final_development_selection_frequency,3,"[0,29,54]","[[0,1],[2,3],[4,5]]"
S01,S01,1181,1181,l1.fixed_k.k01,l1,fixed_k,l1.final_ranker_score,1,[0],"[[0,1]]"
S01,S01,1181,1181,l1.fixed_k.k02,l1,fixed_k,l1.final_ranker_score,2,"[0,29]","[[0,1],[2,3]]"
S01,S01,1181,1181,l1.fixed_k.k04,l1,fixed_k,l1.final_ranker_score,4,"[0,29,54,353]","[[0,1],[2,3],[4,5],[2,6,11]]"
S01,S01,1181,1181,l1.fixed_k.k08,l1,fixed_k,l1.final_ranker_score,8,"[0,29,54,353,313,666,459,659]","[[0,1],[2,3],[4,5],[2,6,11],[1,13,14],[10,12,15],[3,14,15],[9,14,15]]"
S01,S01,1181,1181,l1.fixed_k.k16,l1,fixed_k,l1.final_ranker_score,16,"[0,29,54,353,313,666,459,659,595,450,390,383,636,631,554,97]","[[0,1],[2,3],[4,5],[2,6,11],[1,13,14],[10,12,15],[3,14,15],[9,14,15],[6,14,15],[3,11,12],[2,12,15],[2,10,15],[8,11,13],[8,10,12],[5,12,13],[8,14]]"
S01,S01,1181,1181,l1.validation_one_se,l1,validation_one_se,l1.final_ranker_score,4,"[0,29,54,353]","[[0,1],[2,3],[4,5],[2,6,11]]"
S01,S01,1181,1181,l1.cpss_one_se,l1,cpss_one_se,l1.final_development_selection_frequency,3,"[0,29,54]","[[0,1],[2,3],[4,5]]"
S01,S01,1201,1201,shil.fixed_k.k01,shil,fixed_k,shil.final_ranker_score,1,[0],"[[0,1]]"
S01,S01,1201,1201,shil.fixed_k.k02,shil,fixed_k,shil.final_ranker_score,2,"[0,29]","[[0,1],[2,3]]"
S01,S01,1201,1201,shil.fixed_k.k04,shil,fixed_k,shil.final_ranker_score,4,"[0,29,54,410]","[[0,1],[2,3],[4,5],[3,5,11]]"
S01,S01,1201,1201,shil.fixed_k.k08,shil,fixed_k,shil.final_ranker_score,8,"[0,29,54,410,628,73,126,217]","[[0,1],[2,3],[4,5],[3,5,11],[8,9,14],[5,14],[0,1,8],[0,11,14]]"
S01,S01,1201,1201,shil.fixed_k.k16,shil,fixed_k,shil.final_ranker_score,16,"[0,29,54,410,628,73,126,217,335,162,212,2,191,530,253,205]","[[0,1],[2,3],[4,5],[3,5,11],[8,9,14],[5,14],[0,1,8],[0,11,14],[2,4,12],[0,4,8],[0,10,13],[0,3],[0,7,10],[5,7,14],[1,4,8],[0,9,11]]"
S01,S01,1201,1201,shil.validation_one_se,shil,validation_one_se,shil.final_ranker_score,4,"[0,29,54,410]","[[0,1],[2,3],[4,5],[3,5,11]]"
S01,S01,1201,1201,shil.cpss_one_se,shil,cpss_one_se,shil.final_development_selection_frequency,3,"[0,29,54]","[[0,1],[2,3],[4,5]]"
S01,S01,1201,1201,l1.fixed_k.k01,l1,fixed_k,l1.final_ranker_score,1,[0],"[[0,1]]"
S01,S01,1201,1201,l1.fixed_k.k02,l1,fixed_k,l1.final_ranker_score,2,"[0,29]","[[0,1],[2,3]]"
S01,S01,1201,1201,l1.fixed_k.k04,l1,fixed_k,l1.final_ranker_score,4,"[0,29,54,444]","[[0,1],[2,3],[4,5],[3,9,15]]"
S01,S01,1201,1201,l1.fixed_k.k08,l1,fixed_k,l1.final_ranker_score,8,"[0,29,54,444,65,73,470,655]","[[0,1],[2,3],[4,5],[3,9,15],[5,6],[5,14],[4,6,7],[9,12,14]]"
S01,S01,1201,1201,l1.fixed_k.k16,l1,fixed_k,l1.final_ranker_score,16,"[0,29,54,444,65,73,470,655,481,611,59,355,86,408,676,108]","[[0,1],[2,3],[4,5],[3,9,15],[5,6],[5,14],[4,6,7],[9,12,14],[4,7,10],[7,10,13],[4,10],[2,6,13],[7,10],[3,5,9],[12,13,14],[10,14]]"
S01,S01,1201,1201,l1.validation_one_se,l1,validation_one_se,l1.final_ranker_score,4,"[0,29,54,444]","[[0,1],[2,3],[4,5],[3,9,15]]"
S01,S01,1201,1201,l1.cpss_one_se,l1,cpss_one_se,l1.final_development_selection_frequency,3,"[0,29,54]","[[0,1],[2,3],[4,5]]"
S01,S01,1213,1213,shil.fixed_k.k01,shil,fixed_k,shil.final_ranker_score,1,[0],"[[0,1]]"
S01,S01,1213,1213,shil.fixed_k.k02,shil,fixed_k,shil.final_ranker_score,2,"[0,29]","[[0,1],[2,3]]"
S01,S01,1213,1213,shil.fixed_k.k04,shil,fixed_k,shil.final_ranker_score,4,"[0,29,54,590]","[[0,1],[2,3],[4,5],[6,12,13]]"
S01,S01,1213,1213,shil.fixed_k.k08,shil,fixed_k,shil.final_ranker_score,8,"[0,29,54,590,577,230,478,511]","[[0,1],[2,3],[4,5],[6,12,13],[6,9,12],[1,2,8],[4,6,15],[4,12,15]]"
S01,S01,1213,1213,shil.fixed_k.k16,shil,fixed_k,shil.final_ranker_score,16,"[0,29,54,590,577,230,478,511,229,382,46,389,645,607,186,103]","[[0,1],[2,3],[4,5],[6,12,13],[6,9,12],[1,2,8],[4,6,15],[4,12,15],[1,2,7],[2,10,14],[3,8],[2,12,14],[9,10,11],[7,9,14],[0,6,13],[9,14]]"
S01,S01,1213,1213,shil.validation_one_se,shil,validation_one_se,shil.final_ranker_score,4,"[0,29,54,590]","[[0,1],[2,3],[4,5],[6,12,13]]"
S01,S01,1213,1213,shil.cpss_one_se,shil,cpss_one_se,shil.final_development_selection_frequency,3,"[0,29,54]","[[0,1],[2,3],[4,5]]"
S01,S01,1213,1213,l1.fixed_k.k01,l1,fixed_k,l1.final_ranker_score,1,[0],"[[0,1]]"
S01,S01,1213,1213,l1.fixed_k.k02,l1,fixed_k,l1.final_ranker_score,2,"[0,29]","[[0,1],[2,3]]"
S01,S01,1213,1213,l1.fixed_k.k04,l1,fixed_k,l1.final_ranker_score,4,"[0,29,54,645]","[[0,1],[2,3],[4,5],[9,10,11]]"
S01,S01,1213,1213,l1.fixed_k.k08,l1,fixed_k,l1.final_ranker_score,8,"[0,29,54,645,541,362,28,352]","[[0,1],[2,3],[4,5],[9,10,11],[5,9,12],[2,7,12],[1,15],[2,6,10]]"
S01,S01,1213,1213,l1.fixed_k.k16,l1,fixed_k,l1.final_ranker_score,16,"[0,29,54,645,541,362,28,352,473,550,577,406,620,105,536,83]","[[0,1],[2,3],[4,5],[9,10,11],[5,9,12],[2,7,12],[1,15],[2,6,10],[4,6,10],[5,11,12],[6,9,12],[3,5,7],[7,12,15],[10,11],[5,8,13],[6,15]]"
S01,S01,1213,1213,l1.validation_one_se,l1,validation_one_se,l1.final_ranker_score,4,"[0,29,54,645]","[[0,1],[2,3],[4,5],[9,10,11]]"
S01,S01,1213,1213,l1.cpss_one_se,l1,cpss_one_se,l1.final_development_selection_frequency,3,"[0,29,54]","[[0,1],[2,3],[4,5]]"
S01,S01,1231,1231,shil.fixed_k.k01,shil,fixed_k,shil.final_ranker_score,1,[0],"[[0,1]]"
S01,S01,1231,1231,shil.fixed_k.k02,shil,fixed_k,shil.final_ranker_score,2,"[0,29]","[[0,1],[2,3]]"
S01,S01,1231,1231,shil.fixed_k.k04,shil,fixed_k,shil.final_ranker_score,4,"[0,29,54,294]","[[0,1],[2,3],[4,5],[1,8,15]]"
S01,S01,1231,1231,shil.fixed_k.k08,shil,fixed_k,shil.final_ranker_score,8,"[0,29,54,294,159,290,528,37]","[[0,1],[2,3],[4,5],[1,8,15],[0,4,5],[1,8,11],[5,7,12],[2,11]]"
S01,S01,1231,1231,shil.fixed_k.k16,shil,fixed_k,shil.final_ranker_score,16,"[0,29,54,294,159,290,528,37,368,620,300,305,440,626,140,5]","[[0,1],[2,3],[4,5],[1,8,15],[0,4,5],[1,8,11],[5,7,12],[2,11],[2,8,11],[7,12,15],[1,9,15],[1,10,15],[3,9,11],[8,9,12],[0,2,9],[0,6]]"
S01,S01,1231,1231,shil.validation_one_se,shil,validation_one_se,shil.final_ranker_score,4,"[0,29,54,294]","[[0,1],[2,3],[4,5],[1,8,15]]"
S01,S01,1231,1231,shil.cpss_one_se,shil,cpss_one_se,shil.final_development_selection_frequency,3,"[0,29,54]","[[0,1],[2,3],[4,5]]"
S01,S01,1231,1231,l1.fixed_k.k01,l1,fixed_k,l1.final_ranker_score,1,[0],"[[0,1]]"
S01,S01,1231,1231,l1.fixed_k.k02,l1,fixed_k,l1.final_ranker_score,2,"[0,29]","[[0,1],[2,3]]"
S01,S01,1231,1231,l1.fixed_k.k04,l1,fixed_k,l1.final_ranker_score,4,"[0,29,54,626]","[[0,1],[2,3],[4,5],[8,9,12]]"
S01,S01,1231,1231,l1.fixed_k.k08,l1,fixed_k,l1.final_ranker_score,8,"[0,29,54,626,93,140,451,17]","[[0,1],[2,3],[4,5],[8,9,12],[8,10],[0,2,9],[3,11,13],[1,4]]"
S01,S01,1231,1231,l1.fixed_k.k16,l1,fixed_k,l1.final_ranker_score,16,"[0,29,54,626,93,140,451,17,262,577,547,366,79,37,288,546]","[[0,1],[2,3],[4,5],[8,9,12],[8,10],[0,2,9],[3,11,13],[1,4],[1,5,7],[6,9,12],[5,10,13],[2,8,9],[6,11],[2,11],[1,8,9],[5,10,12]]"
S01,S01,1231,1231,l1.validation_one_se,l1,validation_one_se,l1.final_ranker_score,4,"[0,29,54,626]","[[0,1],[2,3],[4,5],[8,9,12]]"
S01,S01,1231,1231,l1.cpss_one_se,l1,cpss_one_se,l1.final_development_selection_frequency,3,"[0,29,54]","[[0,1],[2,3],[4,5]]"
S01,S01,1249,1249,shil.fixed_k.k01,shil,fixed_k,shil.final_ranker_score,1,[0],"[[0,1]]"
S01,S01,1249,1249,shil.fixed_k.k02,shil,fixed_k,shil.final_ranker_score,2,"[0,54]","[[0,1],[4,5]]"
S01,S01,1249,1249,shil.fixed_k.k04,shil,fixed_k,shil.final_ranker_score,4,"[0,54,29,110]","[[0,1],[4,5],[2,3],[11,12]]"
S01,S01,1249,1249,shil.fixed_k.k08,shil,fixed_k,shil.final_ranker_score,8,"[0,54,29,110,462,281,195,537]","[[0,1],[4,5],[2,3],[11,12],[4,5,8],[1,7,9],[0,7,14],[5,8,14]]"
S01,S01,1249,1249,shil.fixed_k.k16,shil,fixed_k,shil.final_ranker_score,16,"[0,54,29,110,462,281,195,537,341,107,574,459,196,318,80,377]","[[0,1],[4,5],[2,3],[11,12],[4,5,8],[1,7,9],[0,7,14],[5,8,14],[2,5,8],[10,13],[6,8,15],[3,14,15],[0,7,15],[2,3,6],[6,12],[2,9,14]]"
S01,S01,1249,1249,shil.validation_one_se,shil,validation_one_se,shil.final_ranker_score,4,"[0,54,29,110]","[[0,1],[4,5],[2,3],[11,12]]"
S01,S01,1249,1249,shil.cpss_one_se,shil,cpss_one_se,shil.final_development_selection_frequency,3,"[0,29,54]","[[0,1],[2,3],[4,5]]"
S01,S01,1249,1249,l1.fixed_k.k01,l1,fixed_k,l1.final_ranker_score,1,[0],"[[0,1]]"
S01,S01,1249,1249,l1.fixed_k.k02,l1,fixed_k,l1.final_ranker_score,2,"[0,29]","[[0,1],[2,3]]"
S01,S01,1249,1249,l1.fixed_k.k04,l1,fixed_k,l1.final_ranker_score,4,"[0,29,54,348]","[[0,1],[2,3],[4,5],[2,5,15]]"
S01,S01,1249,1249,l1.fixed_k.k08,l1,fixed_k,l1.final_ranker_score,8,"[0,29,54,348,377,503,627,393]","[[0,1],[2,3],[4,5],[2,5,15],[2,9,14],[4,10,14],[8,9,13],[2,14,15]]"
S01,S01,1249,1249,l1.fixed_k.k16,l1,fixed_k,l1.final_ranker_score,16,"[0,29,54,348,377,503,627,393,43,406,233,488,195,32,155,451]","[[0,1],[2,3],[4,5],[2,5,15],[2,9,14],[4,10,14],[8,9,13],[2,14,15],[3,5],[3,5,7],[1,2,11],[4,8,10],[0,7,14],[2,6],[0,3,12],[3,11,13]]"
S01,S01,1249,1249,l1.validation_one_se,l1,validation_one_se,l1.final_ranker_score,4,"[0,29,54,348]","[[0,1],[2,3],[4,5],[2,5,15]]"
S01,S01,1249,1249,l1.cpss_one_se,l1,cpss_one_se,l1.final_development_selection_frequency,3,"[0,29,54]","[[0,1],[2,3],[4,5]]"
S01,S01,1277,1277,shil.fixed_k.k01,shil,fixed_k,shil.final_ranker_score,1,[0],"[[0,1]]"
S01,S01,1277,1277,shil.fixed_k.k02,shil,fixed_k,shil.final_ranker_score,2,"[0,29]","[[0,1],[2,3]]"
S01,S01,1277,1277,shil.fixed_k.k04,shil,fixed_k,shil.final_ranker_score,4,"[0,29,54,216]","[[0,1],[2,3],[4,5],[0,11,13]]"
S01,S01,1277,1277,shil.fixed_k.k08,shil,fixed_k,shil.final_ranker_score,8,"[0,29,54,216,135,168,546,670]","[[0,1],[2,3],[4,5],[0,11,13],[0,2,4],[0,4,14],[5,10,12],[11,12,13]]"
S01,S01,1277,1277,shil.fixed_k.k16,shil,fixed_k,shil.final_ranker_score,16,"[0,29,54,216,135,168,546,670,264,287,229,318,90,515,323,99]","[[0,1],[2,3],[4,5],[0,11,13],[0,2,4],[0,4,14],[5,10,12],[11,12,13],[1,5,9],[1,7,15],[1,2,7],[2,3,6],[7,14],[5,6,7],[2,3,11],[9,10]]"
S01,S01,1277,1277,shil.validation_one_se,shil,validation_one_se,shil.final_ranker_score,4,"[0,29,54,216]","[[0,1],[2,3],[4,5],[0,11,13]]"
S01,S01,1277,1277,shil.cpss_one_se,shil,cpss_one_se,shil.final_development_selection_frequency,3,"[0,29,54]","[[0,1],[2,3],[4,5]]"
S01,S01,1277,1277,l1.fixed_k.k01,l1,fixed_k,l1.final_ranker_score,1,[0],"[[0,1]]"
S01,S01,1277,1277,l1.fixed_k.k02,l1,fixed_k,l1.final_ranker_score,2,"[0,29]","[[0,1],[2,3]]"
S01,S01,1277,1277,l1.fixed_k.k04,l1,fixed_k,l1.final_ranker_score,4,"[0,29,54,192]","[[0,1],[2,3],[4,5],[0,7,11]]"
S01,S01,1277,1277,l1.fixed_k.k08,l1,fixed_k,l1.final_ranker_score,8,"[0,29,54,192,648,555,118,548]","[[0,1],[2,3],[4,5],[0,7,11],[9,10,14],[5,12,14],[13,15],[5,10,14]]"
S01,S01,1277,1277,l1.fixed_k.k16,l1,fixed_k,l1.final_ranker_score,16,"[0,29,54,192,648,555,118,548,657,403,455,430,21,362,654,389]","[[0,1],[2,3],[4,5],[0,7,11],[9,10,14],[5,12,14],[13,15],[5,10,14],[9,13,14],[3,4,14],[3,12,14],[3,7,14],[1,8],[2,7,12],[9,12,13],[2,12,14]]"
S01,S01,1277,1277,l1.validation_one_se,l1,validation_one_se,l1.final_ranker_score,4,"[0,29,54,192]","[[0,1],[2,3],[4,5],[0,7,11]]"
S01,S01,1277,1277,l1.cpss_one_se,l1,cpss_one_se,l1.final_development_selection_frequency,3,"[0,29,54]","[[0,1],[2,3],[4,5]]"
S02,S02,1103,1103,shil.fixed_k.k01,shil,fixed_k,shil.final_ranker_score,1,[120],"[[0,1,2]]"
S02,S02,1103,1103,shil.fixed_k.k02,shil,fixed_k,shil.final_ranker_score,2,"[120,394]","[[0,1,2],[3,4,5]]"
S02,S02,1103,1103,shil.fixed_k.k04,shil,fixed_k,shil.final_ranker_score,4,"[120,394,560,608]","[[0,1,2],[3,4,5],[6,7,8],[7,9,15]]"
S02,S02,1103,1103,shil.fixed_k.k08,shil,fixed_k,shil.final_ranker_score,8,"[120,394,560,608,127,505,397,208]","[[0,1,2],[3,4,5],[6,7,8],[7,9,15],[0,1,9],[4,11,12],[3,4,8],[0,9,14]]"
S02,S02,1103,1103,shil.fixed_k.k16,shil,fixed_k,shil.final_ranker_score,16,"[120,394,560,608,127,505,397,208,365,247,66,518,516,348,437,44]","[[0,1,2],[3,4,5],[6,7,8],[7,9,15],[0,1,9],[4,11,12],[3,4,8],[0,9,14],[2,7,15],[1,3,13],[5,7],[5,6,10],[5,6,8],[2,5,15],[3,8,14],[3,6]]"
S02,S02,1103,1103,shil.validation_one_se,shil,validation_one_se,shil.final_ranker_score,4,"[120,394,560,608]","[[0,1,2],[3,4,5],[6,7,8],[7,9,15]]"
S02,S02,1103,1103,shil.cpss_one_se,shil,cpss_one_se,shil.final_development_selection_frequency,3,"[120,394,560]","[[0,1,2],[3,4,5],[6,7,8]]"
S02,S02,1103,1103,l1.fixed_k.k01,l1,fixed_k,l1.final_ranker_score,1,[120],"[[0,1,2]]"
S02,S02,1103,1103,l1.fixed_k.k02,l1,fixed_k,l1.final_ranker_score,2,"[120,394]","[[0,1,2],[3,4,5]]"
S02,S02,1103,1103,l1.fixed_k.k04,l1,fixed_k,l1.final_ranker_score,4,"[120,394,560,555]","[[0,1,2],[3,4,5],[6,7,8],[5,12,14]]"
S02,S02,1103,1103,l1.fixed_k.k08,l1,fixed_k,l1.final_ranker_score,8,"[120,394,560,555,437,208,8,611]","[[0,1,2],[3,4,5],[6,7,8],[5,12,14],[3,8,14],[0,9,14],[0,9],[7,10,13]]"
S02,S02,1103,1103,l1.fixed_k.k16,l1,fixed_k,l1.final_ranker_score,16,"[120,394,560,555,437,208,8,611,450,58,585,636,345,55,575,247]","[[0,1,2],[3,4,5],[6,7,8],[5,12,14],[3,8,14],[0,9,14],[0,9],[7,10,13],[3,11,12],[4,9],[6,10,15],[8,11,13],[2,5,12],[4,6],[6,9,10],[1,3,13]]"
S02,S02,1103,1103,l1.validation_one_se,l1,validation_one_se,l1.final_ranker_score,4,"[120,394,560,555]","[[0,1,2],[3,4,5],[6,7,8],[5,12,14]]"
S02,S02,1103,1103,l1.cpss_one_se,l1,cpss_one_se,l1.final_development_selection_frequency,3,"[120,394,560]","[[0,1,2],[3,4,5],[6,7,8]]"
S02,S02,1129,1129,shil.fixed_k.k01,shil,fixed_k,shil.final_ranker_score,1,[394],"[[3,4,5]]"
S02,S02,1129,1129,shil.fixed_k.k02,shil,fixed_k,shil.final_ranker_score,2,"[394,120]","[[3,4,5],[0,1,2]]"
S02,S02,1129,1129,shil.fixed_k.k04,shil,fixed_k,shil.final_ranker_score,4,"[394,120,560,380]","[[3,4,5],[0,1,2],[6,7,8],[2,10,12]]"
S02,S02,1129,1129,shil.fixed_k.k08,shil,fixed_k,shil.final_ranker_score,8,"[394,120,560,380,641,476,135,306]","[[3,4,5],[0,1,2],[6,7,8],[2,10,12],[8,12,15],[4,6,13],[0,2,4],[1,11,12]]"
S02,S02,1129,1129,shil.fixed_k.k16,shil,fixed_k,shil.final_ranker_score,16,"[394,120,560,380,641,476,135,306,437,537,451,354,639,65,148,329]","[[3,4,5],[0,1,2],[6,7,8],[2,10,12],[8,12,15],[4,6,13],[0,2,4],[1,11,12],[3,8,14],[5,8,14],[3,11,13],[2,6,12],[8,12,13],[5,6],[0,3,5],[2,4,6]]"
S02,S02,1129,1129,shil.validation_one_se,shil,validation_one_se,shil.final_ranker_score,4,"[394,120,560,380]","[[3,4,5],[0,1,2],[6,7,8],[2,10,12]]"
S02,S02,1129,1129,shil.cpss_one_se,shil,cpss_one_se,shil.final_development_selection_frequency,3,"[120,394,560]","[[0,1,2],[3,4,5],[6,7,8]]"
S02,S02,1129,1129,l1.fixed_k.k01,l1,fixed_k,l1.final_ranker_score,1,[394],"[[3,4,5]]"
S02,S02,1129,1129,l1.fixed_k.k02,l1,fixed_k,l1.final_ranker_score,2,"[394,120]","[[3,4,5],[0,1,2]]"
S02,S02,1129,1129,l1.fixed_k.k04,l1,fixed_k,l1.final_ranker_score,4,"[394,120,560,641]","[[3,4,5],[0,1,2],[6,7,8],[8,12,15]]"
S02,S02,1129,1129,l1.fixed_k.k08,l1,fixed_k,l1.final_ranker_score,8,"[394,120,560,641,588,223,380,602]","[[3,4,5],[0,1,2],[6,7,8],[8,12,15],[6,11,14],[0,13,15],[2,10,12],[7,8,15]]"
S02,S02,1129,1129,l1.fixed_k.k16,l1,fixed_k,l1.final_ranker_score,16,"[394,120,560,641,588,223,380,602,30,678,497,49,472,354,451,639]","[[3,4,5],[0,1,2],[6,7,8],[8,12,15],[6,11,14],[0,13,15],[2,10,12],[7,8,15],[2,4],[12,14,15],[4,9,13],[3,11],[4,6,9],[2,6,12],[3,11,13],[8,12,13]]"
S02,S02,1129,1129,l1.validation_one_se,l1,validation_one_se,l1.final_ranker_score,4,"[394,120,560,641]","[[3,4,5],[0,1,2],[6,7,8],[8,12,15]]"
S02,S02,1129,1129,l1.cpss_one_se,l1,cpss_one_se,l1.final_development_selection_frequency,3,"[120,394,560]","[[0,1,2],[3,4,5],[6,7,8]]"
S02,S02,1151,1151,shil.fixed_k.k01,shil,fixed_k,shil.final_ranker_score,1,[120],"[[0,1,2]]"
S02,S02,1151,1151,shil.fixed_k.k02,shil,fixed_k,shil.final_ranker_score,2,"[120,394]","[[0,1,2],[3,4,5]]"
S02,S02,1151,1151,shil.fixed_k.k04,shil,fixed_k,shil.final_ranker_score,4,"[120,394,560,254]","[[0,1,2],[3,4,5],[6,7,8],[1,4,9]]"
S02,S02,1151,1151,shil.fixed_k.k08,shil,fixed_k,shil.final_ranker_score,8,"[120,394,560,254,355,148,480,260]","[[0,1,2],[3,4,5],[6,7,8],[1,4,9],[2,6,13],[0,3,5],[4,7,9],[1,4,15]]"
S02,S02,1151,1151,shil.fixed_k.k16,shil,fixed_k,shil.final_ranker_score,16,"[120,394,560,254,355,148,480,260,142,16,268,574,164,504,315,127]","[[0,1,2],[3,4,5],[6,7,8],[1,4,9],[2,6,13],[0,3,5],[4,7,9],[1,4,15],[0,2,11],[1,3],[1,5,13],[6,8,15],[0,4,10],[4,10,15],[1,14,15],[0,1,9]]"
S02,S02,1151,1151,shil.validation_one_se,shil,validation_one_se,shil.final_ranker_score,4,"[120,394,560,254]","[[0,1,2],[3,4,5],[6,7,8],[1,4,9]]"
S02,S02,1151,1151,shil.cpss_one_se,shil,cpss_one_se,shil.final_development_selection_frequency,3,"[120,394,560]","[[0,1,2],[3,4,5],[6,7,8]]"
S02,S02,1151,1151,l1.fixed_k.k01,l1,fixed_k,l1.final_ranker_score,1,[120],"[[0,1,2]]"
S02,S02,1151,1151,l1.fixed_k.k02,l1,fixed_k,l1.final_ranker_score,2,"[120,394]","[[0,1,2],[3,4,5]]"
S02,S02,1151,1151,l1.fixed_k.k04,l1,fixed_k,l1.final_ranker_score,4,"[120,394,560,148]","[[0,1,2],[3,4,5],[6,7,8],[0,3,5]]"
S02,S02,1151,1151,l1.fixed_k.k08,l1,fixed_k,l1.final_ranker_score,8,"[120,394,560,148,552,324,16,412]","[[0,1,2],[3,4,5],[6,7,8],[0,3,5],[5,11,14],[2,3,12],[1,3],[3,5,13]]"
S02,S02,1151,1151,l1.fixed_k.k16,l1,fixed_k,l1.final_ranker_score,16,"[120,394,560,148,552,324,16,412,489,60,113,617,234,114,52,472]","[[0,1,2],[3,4,5],[6,7,8],[0,3,5],[5,11,14],[2,3,12],[1,3],[3,5,13],[4,8,11],[4,11],[11,15],[7,11,15],[1,2,12],[12,13],[3,14],[4,6,9]]"
S02,S02,1151,1151,l1.validation_one_se,l1,validation_one_se,l1.final_ranker_score,4,"[120,394,560,148]","[[0,1,2],[3,4,5],[6,7,8],[0,3,5]]"
S02,S02,1151,1151,l1.cpss_one_se,l1,cpss_one_se,l1.final_development_selection_frequency,3,"[120,394,560]","[[0,1,2],[3,4,5],[6,7,8]]"
S02,S02,1171,1171,shil.fixed_k.k01,shil,fixed_k,shil.final_ranker_score,1,[120],"[[0,1,2]]"
S02,S02,1171,1171,shil.fixed_k.k02,shil,fixed_k,shil.final_ranker_score,2,"[120,394]","[[0,1,2],[3,4,5]]"
S02,S02,1171,1171,shil.fixed_k.k04,shil,fixed_k,shil.final_ranker_score,4,"[120,394,560,537]","[[0,1,2],[3,4,5],[6,7,8],[5,8,14]]"
S02,S02,1171,1171,shil.fixed_k.k08,shil,fixed_k,shil.final_ranker_score,8,"[120,394,560,537,620,373,679,188]","[[0,1,2],[3,4,5],[6,7,8],[5,8,14],[7,12,15],[2,9,10],[13,14,15],[0,6,15]]"
S02,S02,1171,1171,shil.fixed_k.k16,shil,fixed_k,shil.final_ranker_score,16,"[120,394,560,537,620,373,679,188,552,330,332,386,247,93,582,73]","[[0,1,2],[3,4,5],[6,7,8],[5,8,14],[7,12,15],[2,9,10],[13,14,15],[0,6,15],[5,11,14],[2,4,7],[2,4,9],[2,11,14],[1,3,13],[8,10],[6,10,12],[5,14]]"
S02,S02,1171,1171,shil.validation_one_se,shil,validation_one_se,shil.final_ranker_score,4,"[120,394,560,537]","[[0,1,2],[3,4,5],[6,7,8],[5,8,14]]"
S02,S02,1171,1171,shil.cpss_one_se,shil,cpss_one_se,shil.final_development_selection_frequency,3,"[120,394,560]","[[0,1,2],[3,4,5],[6,7,8]]"
S02,S02,1171,1171,l1.fixed_k.k01,l1,fixed_k,l1.final_ranker_score,1,[120],"[[0,1,2]]"
S02,S02,1171,1171,l1.fixed_k.k02,l1,fixed_k,l1.final_ranker_score,2,"[120,394]","[[0,1,2],[3,4,5]]"
S02,S02,1171,1171,l1.fixed_k.k04,l1,fixed_k,l1.final_ranker_score,4,"[120,394,560,0]","[[0,1,2],[3,4,5],[6,7,8],[0,1]]"
S02,S02,1171,1171,l1.fixed_k.k08,l1,fixed_k,l1.final_ranker_score,8,"[120,394,560,0,620,679,382,95]","[[0,1,2],[3,4,5],[6,7,8],[0,1],[7,12,15],[13,14,15],[2,10,14],[8,12]]"
S02,S02,1171,1171,l1.fixed_k.k16,l1,fixed_k,l1.final_ranker_score,16,"[120,394,560,0,620,679,382,95,202,100,341,303,76,183,418,7]","[[0,1,2],[3,4,5],[6,7,8],[0,1],[7,12,15],[13,14,15],[2,10,14],[8,12],[0,8,14],[9,11],[2,5,8],[1,10,13],[6,8],[0,6,10],[3,6,10],[0,8]]"
S02,S02,1171,1171,l1.validation_one_se,l1,validation_one_se,l1.final_ranker_score,4,"[120,394,560,0]","[[0,1,2],[3,4,5],[6,7,8],[0,1]]"
S02,S02,1171,1171,l1.cpss_one_se,l1,cpss_one_se,l1.final_development_selection_frequency,3,"[120,394,560]","[[0,1,2],[3,4,5],[6,7,8]]"
S02,S02,1181,1181,shil.fixed_k.k01,shil,fixed_k,shil.final_ranker_score,1,[120],"[[0,1,2]]"
S02,S02,1181,1181,shil.fixed_k.k02,shil,fixed_k,shil.final_ranker_score,2,"[120,394]","[[0,1,2],[3,4,5]]"
S02,S02,1181,1181,shil.fixed_k.k04,shil,fixed_k,shil.final_ranker_score,4,"[120,394,560,97]","[[0,1,2],[3,4,5],[6,7,8],[8,14]]"
S02,S02,1181,1181,shil.fixed_k.k08,shil,fixed_k,shil.final_ranker_score,8,"[120,394,560,97,276,148,38,383]","[[0,1,2],[3,4,5],[6,7,8],[8,14],[1,6,12],[0,3,5],[2,12],[2,10,15]]"
S02,S02,1181,1181,shil.fixed_k.k16,shil,fixed_k,shil.final_ranker_score,16,"[120,394,560,97,276,148,38,383,160,537,332,173,328,34,373,311]","[[0,1,2],[3,4,5],[6,7,8],[8,14],[1,6,12],[0,3,5],[2,12],[2,10,15],[0,4,6],[5,8,14],[2,4,9],[0,5,9],[2,4,5],[2,8],[2,9,10],[1,12,14]]"
S02,S02,1181,1181,shil.validation_one_se,shil,validation_one_se,shil.final_ranker_score,4,"[120,394,560,97]","[[0,1,2],[3,4,5],[6,7,8],[8,14]]"
S02,S02,1181,1181,shil.cpss_one_se,shil,cpss_one_se,shil.final_development_selection_frequency,3,"[120,394,560]","[[0,1,2],[3,4,5],[6,7,8]]"
S02,S02,1181,1181,l1.fixed_k.k01,l1,fixed_k,l1.final_ranker_score,1,[120],"[[0,1,2]]"
S02,S02,1181,1181,l1.fixed_k.k02,l1,fixed_k,l1.final_ranker_score,2,"[120,394]","[[0,1,2],[3,4,5]]"
S02,S02,1181,1181,l1.fixed_k.k04,l1,fixed_k,l1.final_ranker_score,4,"[120,394,560,671]","[[0,1,2],[3,4,5],[6,7,8],[11,12,14]]"
S02,S02,1181,1181,l1.fixed_k.k08,l1,fixed_k,l1.final_ranker_score,8,"[120,394,560,671,73,302,74,313]","[[0,1,2],[3,4,5],[6,7,8],[11,12,14],[5,14],[1,10,12],[5,15],[1,13,14]]"
S02,S02,1181,1181,l1.fixed_k.k16,l1,fixed_k,l1.final_ranker_score,16,"[120,394,560,671,73,302,74,313,366,383,84,376,377,213,82,333]","[[0,1,2],[3,4,5],[6,7,8],[11,12,14],[5,14],[1,10,12],[5,15],[1,13,14],[2,8,9],[2,10,15],[7,8],[2,9,13],[2,9,14],[0,10,14],[6,14],[2,4,10]]"
S02,S02,1181,1181,l1.validation_one_se,l1,validation_one_se,l1.final_ranker_score,4,"[120,394,560,671]","[[0,1,2],[3,4,5],[6,7,8],[11,12,14]]"
S02,S02,1181,1181,l1.cpss_one_se,l1,cpss_one_se,l1.final_development_selection_frequency,3,"[120,394,560]","[[0,1,2],[3,4,5],[6,7,8]]"
S02,S02,1201,1201,shil.fixed_k.k01,shil,fixed_k,shil.final_ranker_score,1,[120],"[[0,1,2]]"
S02,S02,1201,1201,shil.fixed_k.k02,shil,fixed_k,shil.final_ranker_score,2,"[120,394]","[[0,1,2],[3,4,5]]"
S02,S02,1201,1201,shil.fixed_k.k04,shil,fixed_k,shil.final_ranker_score,4,"[120,394,560,278]","[[0,1,2],[3,4,5],[6,7,8],[1,6,14]]"
S02,S02,1201,1201,shil.fixed_k.k08,shil,fixed_k,shil.final_ranker_score,8,"[120,394,560,278,188,244,222,353]","[[0,1,2],[3,4,5],[6,7,8],[1,6,14],[0,6,15],[1,3,10],[0,13,14],[2,6,11]]"
S02,S02,1201,1201,shil.fixed_k.k16,shil,fixed_k,shil.final_ranker_score,16,"[120,394,560,278,188,244,222,353,220,264,644,453,11,502,107,447]","[[0,1,2],[3,4,5],[6,7,8],[1,6,14],[0,6,15],[1,3,10],[0,13,14],[2,6,11],[0,12,14],[1,5,9],[8,14,15],[3,11,15],[0,12],[4,10,13],[10,13],[3,10,13]]"
S02,S02,1201,1201,shil.validation_one_se,shil,validation_one_se,shil.final_ranker_score,4,"[120,394,560,278]","[[0,1,2],[3,4,5],[6,7,8],[1,6,14]]"
S02,S02,1201,1201,shil.cpss_one_se,shil,cpss_one_se,shil.final_development_selection_frequency,3,"[120,394,560]","[[0,1,2],[3,4,5],[6,7,8]]"
S02,S02,1201,1201,l1.fixed_k.k01,l1,fixed_k,l1.final_ranker_score,1,[394],"[[3,4,5]]"
S02,S02,1201,1201,l1.fixed_k.k02,l1,fixed_k,l1.final_ranker_score,2,"[394,120]","[[3,4,5],[0,1,2]]"
S02,S02,1201,1201,l1.fixed_k.k04,l1,fixed_k,l1.final_ranker_score,4,"[394,120,560,174]","[[3,4,5],[0,1,2],[6,7,8],[0,5,10]]"
S02,S02,1201,1201,l1.fixed_k.k08,l1,fixed_k,l1.final_ranker_score,8,"[394,120,560,174,222,220,383,608]","[[3,4,5],[0,1,2],[6,7,8],[0,5,10],[0,13,14],[0,12,14],[2,10,15],[7,9,15]]"
S02,S02,1201,1201,l1.fixed_k.k16,l1,fixed_k,l1.final_ranker_score,16,"[394,120,560,174,222,220,383,608,391,365,672,432,148,493,498,13]","[[3,4,5],[0,1,2],[6,7,8],[0,5,10],[0,13,14],[0,12,14],[2,10,15],[7,9,15],[2,13,14],[2,7,15],[11,12,15],[3,8,9],[0,3,5],[4,8,15],[4,9,14],[0,14]]"
S02,S02,1201,1201,l1.validation_one_se,l1,validation_one_se,l1.final_ranker_score,4,"[394,120,560,174]","[[3,4,5],[0,1,2],[6,7,8],[0,5,10]]"
S02,S02,1201,1201,l1.cpss_one_se,l1,cpss_one_se,l1.final_development_selection_frequency,3,"[120,394,560]","[[0,1,2],[3,4,5],[6,7,8]]"
S02,S02,1213,1213,shil.fixed_k.k01,shil,fixed_k,shil.final_ranker_score,1,[120],"[[0,1,2]]"
S02,S02,1213,1213,shil.fixed_k.k02,shil,fixed_k,shil.final_ranker_score,2,"[120,394]","[[0,1,2],[3,4,5]]"
S02,S02,1213,1213,shil.fixed_k.k04,shil,fixed_k,shil.final_ranker_score,4,"[120,394,560,185]","[[0,1,2],[3,4,5],[6,7,8],[0,6,12]]"
S02,S02,1213,1213,shil.fixed_k.k08,shil,fixed_k,shil.final_ranker_score,8,"[120,394,560,185,550,462,203,628]","[[0,1,2],[3,4,5],[6,7,8],[0,6,12],[5,11,12],[4,5,8],[0,8,15],[8,9,14]]"
S02,S02,1213,1213,shil.fixed_k.k16,shil,fixed_k,shil.final_ranker_score,16,"[120,394,560,185,550,462,203,628,83,609,547,191,509,236,539,476]","[[0,1,2],[3,4,5],[6,7,8],[0,6,12],[5,11,12],[4,5,8],[0,8,15],[8,9,14],[6,15],[7,10,11],[5,10,13],[0,7,10],[4,12,13],[1,2,14],[5,9,10],[4,6,13]]"
S02,S02,1213,1213,shil.validation_one_se,shil,validation_one_se,shil.final_ranker_score,4,"[120,394,560,185]","[[0,1,2],[3,4,5],[6,7,8],[0,6,12]]"
S02,S02,1213,1213,shil.cpss_one_se,shil,cpss_one_se,shil.final_development_selection_frequency,3,"[120,394,560]","[[0,1,2],[3,4,5],[6,7,8]]"
S02,S02,1213,1213,l1.fixed_k.k01,l1,fixed_k,l1.final_ranker_score,1,[120],"[[0,1,2]]"
S02,S02,1213,1213,l1.fixed_k.k02,l1,fixed_k,l1.final_ranker_score,2,"[120,394]","[[0,1,2],[3,4,5]]"
S02,S02,1213,1213,l1.fixed_k.k04,l1,fixed_k,l1.final_ranker_score,4,"[120,394,560,243]","[[0,1,2],[3,4,5],[6,7,8],[1,3,9]]"
S02,S02,1213,1213,l1.fixed_k.k08,l1,fixed_k,l1.final_ranker_score,8,"[120,394,560,243,165,342,185,579]","[[0,1,2],[3,4,5],[6,7,8],[1,3,9],[0,4,11],[2,5,9],[0,6,12],[6,9,14]]"
S02,S02,1213,1213,l1.fixed_k.k16,l1,fixed_k,l1.final_ranker_score,16,"[120,394,560,243,165,342,185,579,37,170,76,422,345,667,608,435]","[[0,1,2],[3,4,5],[6,7,8],[1,3,9],[0,4,11],[2,5,9],[0,6,12],[6,9,14],[2,11],[0,5,6],[6,8],[3,6,14],[2,5,12],[10,13,14],[7,9,15],[3,8,12]]"
S02,S02,1213,1213,l1.validation_one_se,l1,validation_one_se,l1.final_ranker_score,4,"[120,394,560,243]","[[0,1,2],[3,4,5],[6,7,8],[1,3,9]]"
S02,S02,1213,1213,l1.cpss_one_se,l1,cpss_one_se,l1.final_development_selection_frequency,3,"[120,394,560]","[[0,1,2],[3,4,5],[6,7,8]]"
S02,S02,1231,1231,shil.fixed_k.k01,shil,fixed_k,shil.final_ranker_score,1,[120],"[[0,1,2]]"
S02,S02,1231,1231,shil.fixed_k.k02,shil,fixed_k,shil.final_ranker_score,2,"[120,560]","[[0,1,2],[6,7,8]]"
S02,S02,1231,1231,shil.fixed_k.k04,shil,fixed_k,shil.final_ranker_score,4,"[120,560,394,349]","[[0,1,2],[6,7,8],[3,4,5],[2,6,7]]"
S02,S02,1231,1231,shil.fixed_k.k08,shil,fixed_k,shil.final_ranker_score,8,"[120,560,394,349,675,278,649,75]","[[0,1,2],[6,7,8],[3,4,5],[2,6,7],[11,14,15],[1,6,14],[9,10,15],[6,7]]"
S02,S02,1231,1231,shil.fixed_k.k16,shil,fixed_k,shil.final_ranker_score,16,"[120,560,394,349,675,278,649,75,531,215,392,408,674,9,158,218]","[[0,1,2],[6,7,8],[3,4,5],[2,6,7],[11,14,15],[1,6,14],[9,10,15],[6,7],[5,7,15],[0,11,12],[2,13,15],[3,5,9],[11,13,15],[0,10],[0,3,15],[0,11,15]]"
S02,S02,1231,1231,shil.validation_one_se,shil,validation_one_se,shil.final_ranker_score,4,"[120,560,394,349]","[[0,1,2],[6,7,8],[3,4,5],[2,6,7]]"
S02,S02,1231,1231,shil.cpss_one_se,shil,cpss_one_se,shil.final_development_selection_frequency,3,"[120,394,560]","[[0,1,2],[3,4,5],[6,7,8]]"
S02,S02,1231,1231,l1.fixed_k.k01,l1,fixed_k,l1.final_ranker_score,1,[120],"[[0,1,2]]"
S02,S02,1231,1231,l1.fixed_k.k02,l1,fixed_k,l1.final_ranker_score,2,"[120,394]","[[0,1,2],[3,4,5]]"
S02,S02,1231,1231,l1.fixed_k.k04,l1,fixed_k,l1.final_ranker_score,4,"[120,394,560,114]","[[0,1,2],[3,4,5],[6,7,8],[12,13]]"
S02,S02,1231,1231,l1.fixed_k.k08,l1,fixed_k,l1.final_ranker_score,8,"[120,394,560,114,520,312,347,633]","[[0,1,2],[3,4,5],[6,7,8],[12,13],[5,6,12],[1,12,15],[2,5,14],[8,10,14]]"
S02,S02,1231,1231,l1.fixed_k.k16,l1,fixed_k,l1.final_ranker_score,16,"[120,394,560,114,520,312,347,633,672,675,674,552,568,176,267,174]","[[0,1,2],[3,4,5],[6,7,8],[12,13],[5,6,12],[1,12,15],[2,5,14],[8,10,14],[11,12,15],[11,14,15],[11,13,15],[5,11,14],[6,8,9],[0,5,12],[1,5,12],[0,5,10]]"
S02,S02,1231,1231,l1.validation_one_se,l1,validation_one_se,l1.final_ranker_score,4,"[120,394,560,114]","[[0,1,2],[3,4,5],[6,7,8],[12,13]]"
S02,S02,1231,1231,l1.cpss_one_se,l1,cpss_one_se,l1.final_development_selection_frequency,3,"[120,394,560]","[[0,1,2],[3,4,5],[6,7,8]]"
S02,S02,1249,1249,shil.fixed_k.k01,shil,fixed_k,shil.final_ranker_score,1,[394],"[[3,4,5]]"
S02,S02,1249,1249,shil.fixed_k.k02,shil,fixed_k,shil.final_ranker_score,2,"[394,120]","[[3,4,5],[0,1,2]]"
S02,S02,1249,1249,shil.fixed_k.k04,shil,fixed_k,shil.final_ranker_score,4,"[394,120,560,467]","[[3,4,5],[0,1,2],[6,7,8],[4,5,13]]"
S02,S02,1249,1249,shil.fixed_k.k08,shil,fixed_k,shil.final_ranker_score,8,"[394,120,560,467,593,282,51,330]","[[3,4,5],[0,1,2],[6,7,8],[4,5,13],[6,13,14],[1,7,10],[3,13],[2,4,7]]"
S02,S02,1249,1249,shil.fixed_k.k16,shil,fixed_k,shil.final_ranker_score,16,"[394,120,560,467,593,282,51,330,328,293,417,320,326,131,499,310]","[[3,4,5],[0,1,2],[6,7,8],[4,5,13],[6,13,14],[1,7,10],[3,13],[2,4,7],[2,4,5],[1,8,14],[3,6,9],[2,3,8],[2,3,14],[0,1,13],[4,9,15],[1,12,13]]"
S02,S02,1249,1249,shil.validation_one_se,shil,validation_one_se,shil.final_ranker_score,4,"[394,120,560,467]","[[3,4,5],[0,1,2],[6,7,8],[4,5,13]]"
S02,S02,1249,1249,shil.cpss_one_se,shil,cpss_one_se,shil.final_development_selection_frequency,3,"[120,394,560]","[[0,1,2],[3,4,5],[6,7,8]]"
S02,S02,1249,1249,l1.fixed_k.k01,l1,fixed_k,l1.final_ranker_score,1,[120],"[[0,1,2]]"
S02,S02,1249,1249,l1.fixed_k.k02,l1,fixed_k,l1.final_ranker_score,2,"[120,394]","[[0,1,2],[3,4,5]]"
S02,S02,1249,1249,l1.fixed_k.k04,l1,fixed_k,l1.final_ranker_score,4,"[120,394,560,33]","[[0,1,2],[3,4,5],[6,7,8],[2,7]]"
S02,S02,1249,1249,l1.fixed_k.k08,l1,fixed_k,l1.final_ranker_score,8,"[120,394,560,33,17,673,492,628]","[[0,1,2],[3,4,5],[6,7,8],[2,7],[1,4],[11,13,14],[4,8,14],[8,9,14]]"
S02,S02,1249,1249,l1.fixed_k.k16,l1,fixed_k,l1.final_ranker_score,16,"[120,394,560,33,17,673,492,628,399,577,542,367,219,381,342,317]","[[0,1,2],[3,4,5],[6,7,8],[2,7],[1,4],[11,13,14],[4,8,14],[8,9,14],[3,4,10],[6,9,12],[5,9,13],[2,8,10],[0,12,13],[2,10,13],[2,5,9],[2,3,5]]"
S02,S02,1249,1249,l1.validation_one_se,l1,validation_one_se,l1.final_ranker_score,4,"[120,394,560,33]","[[0,1,2],[3,4,5],[6,7,8],[2,7]]"
S02,S02,1249,1249,l1.cpss_one_se,l1,cpss_one_se,l1.final_development_selection_frequency,3,"[120,394,560]","[[0,1,2],[3,4,5],[6,7,8]]"
S02,S02,1277,1277,shil.fixed_k.k01,shil,fixed_k,shil.final_ranker_score,1,[120],"[[0,1,2]]"
S02,S02,1277,1277,shil.fixed_k.k02,shil,fixed_k,shil.final_ranker_score,2,"[120,560]","[[0,1,2],[6,7,8]]"
S02,S02,1277,1277,shil.fixed_k.k04,shil,fixed_k,shil.final_ranker_score,4,"[120,560,394,216]","[[0,1,2],[6,7,8],[3,4,5],[0,11,13]]"
S02,S02,1277,1277,shil.fixed_k.k08,shil,fixed_k,shil.final_ranker_score,8,"[120,560,394,216,16,173,444,270]","[[0,1,2],[6,7,8],[3,4,5],[0,11,13],[1,3],[0,5,9],[3,9,15],[1,5,15]]"
S02,S02,1277,1277,shil.fixed_k.k16,shil,fixed_k,shil.final_ranker_score,16,"[120,560,394,216,16,173,444,270,281,277,635,304,343,37,34,136]","[[0,1,2],[6,7,8],[3,4,5],[0,11,13],[1,3],[0,5,9],[3,9,15],[1,5,15],[1,7,9],[1,6,13],[8,11,12],[1,10,14],[2,5,10],[2,11],[2,8],[0,2,5]]"
S02,S02,1277,1277,shil.validation_one_se,shil,validation_one_se,shil.final_ranker_score,4,"[120,560,394,216]","[[0,1,2],[6,7,8],[3,4,5],[0,11,13]]"
S02,S02,1277,1277,shil.cpss_one_se,shil,cpss_one_se,shil.final_development_selection_frequency,3,"[120,394,560]","[[0,1,2],[3,4,5],[6,7,8]]"
S02,S02,1277,1277,l1.fixed_k.k01,l1,fixed_k,l1.final_ranker_score,1,[120],"[[0,1,2]]"
S02,S02,1277,1277,l1.fixed_k.k02,l1,fixed_k,l1.final_ranker_score,2,"[120,394]","[[0,1,2],[3,4,5]]"
S02,S02,1277,1277,l1.fixed_k.k04,l1,fixed_k,l1.final_ranker_score,4,"[120,394,560,118]","[[0,1,2],[3,4,5],[6,7,8],[13,15]]"
S02,S02,1277,1277,l1.fixed_k.k08,l1,fixed_k,l1.final_ranker_score,8,"[120,394,560,118,654,650,620,145]","[[0,1,2],[3,4,5],[6,7,8],[13,15],[9,12,13],[9,11,12],[7,12,15],[0,2,14]]"
S02,S02,1277,1277,l1.fixed_k.k16,l1,fixed_k,l1.final_ranker_score,16,"[120,394,560,118,654,650,620,145,315,500,64,534,1,355,258,456]","[[0,1,2],[3,4,5],[6,7,8],[13,15],[9,12,13],[9,11,12],[7,12,15],[0,2,14],[1,14,15],[4,10,11],[4,15],[5,8,11],[0,2],[2,6,13],[1,4,13],[3,12,15]]"
S02,S02,1277,1277,l1.validation_one_se,l1,validation_one_se,l1.final_ranker_score,4,"[120,394,560,118]","[[0,1,2],[3,4,5],[6,7,8],[13,15]]"
S02,S02,1277,1277,l1.cpss_one_se,l1,cpss_one_se,l1.final_development_selection_frequency,3,"[120,394,560]","[[0,1,2],[3,4,5],[6,7,8]]"
S03,S03,1103,1103,shil.fixed_k.k01,shil,fixed_k,shil.final_ranker_score,1,[0],"[[0,1]]"
S03,S03,1103,1103,shil.fixed_k.k02,shil,fixed_k,shil.final_ranker_score,2,"[0,29]","[[0,1],[2,3]]"
S03,S03,1103,1103,shil.fixed_k.k04,shil,fixed_k,shil.final_ranker_score,4,"[0,29,460,596]","[[0,1],[2,3],[4,5,6],[7,8,9]]"
S03,S03,1103,1103,shil.fixed_k.k08,shil,fixed_k,shil.final_ranker_score,8,"[0,29,460,596,336,557,102,171]","[[0,1],[2,3],[4,5,6],[7,8,9],[2,4,13],[5,13,14],[9,13],[0,5,7]]"
S03,S03,1103,1103,shil.fixed_k.k16,shil,fixed_k,shil.final_ranker_score,16,"[0,29,460,596,336,557,102,171,442,592,259,368,290,47,201,450]","[[0,1],[2,3],[4,5,6],[7,8,9],[2,4,13],[5,13,14],[9,13],[0,5,7],[3,9,13],[6,12,15],[1,4,14],[2,8,11],[1,8,11],[3,9],[0,8,13],[3,11,12]]"
S03,S03,1103,1103,shil.validation_one_se,shil,validation_one_se,shil.final_ranker_score,4,"[0,29,460,596]","[[0,1],[2,3],[4,5,6],[7,8,9]]"
S03,S03,1103,1103,shil.cpss_one_se,shil,cpss_one_se,shil.final_development_selection_frequency,4,"[0,29,460,596]","[[0,1],[2,3],[4,5,6],[7,8,9]]"
S03,S03,1103,1103,l1.fixed_k.k01,l1,fixed_k,l1.final_ranker_score,1,[0],"[[0,1]]"
S03,S03,1103,1103,l1.fixed_k.k02,l1,fixed_k,l1.final_ranker_score,2,"[0,460]","[[0,1],[4,5,6]]"
S03,S03,1103,1103,l1.fixed_k.k04,l1,fixed_k,l1.final_ranker_score,4,"[0,460,596,29]","[[0,1],[4,5,6],[7,8,9],[2,3]]"
S03,S03,1103,1103,l1.fixed_k.k08,l1,fixed_k,l1.final_ranker_score,8,"[0,460,596,29,377,324,42,273]","[[0,1],[4,5,6],[7,8,9],[2,3],[2,9,14],[2,3,12],[3,4],[1,6,9]]"
S03,S03,1103,1103,l1.fixed_k.k16,l1,fixed_k,l1.final_ranker_score,16,"[0,460,596,29,377,324,42,273,573,442,83,678,71,67,353,290]","[[0,1],[4,5,6],[7,8,9],[2,3],[2,9,14],[2,3,12],[3,4],[1,6,9],[6,8,14],[3,9,13],[6,15],[12,14,15],[5,12],[5,8],[2,6,11],[1,8,11]]"
S03,S03,1103,1103,l1.validation_one_se,l1,validation_one_se,l1.final_ranker_score,4,"[0,460,596,29]","[[0,1],[4,5,6],[7,8,9],[2,3]]"
S03,S03,1103,1103,l1.cpss_one_se,l1,cpss_one_se,l1.final_development_selection_frequency,4,"[0,29,460,596]","[[0,1],[2,3],[4,5,6],[7,8,9]]"
S03,S03,1129,1129,shil.fixed_k.k01,shil,fixed_k,shil.final_ranker_score,1,[0],"[[0,1]]"
S03,S03,1129,1129,shil.fixed_k.k02,shil,fixed_k,shil.final_ranker_score,2,"[0,29]","[[0,1],[2,3]]"
S03,S03,1129,1129,shil.fixed_k.k04,shil,fixed_k,shil.final_ranker_score,4,"[0,29,460,596]","[[0,1],[2,3],[4,5,6],[7,8,9]]"
S03,S03,1129,1129,shil.fixed_k.k08,shil,fixed_k,shil.final_ranker_score,8,"[0,29,460,596,64,74,672,41]","[[0,1],[2,3],[4,5,6],[7,8,9],[4,15],[5,15],[11,12,15],[2,15]]"
S03,S03,1129,1129,shil.fixed_k.k16,shil,fixed_k,shil.final_ranker_score,16,"[0,29,460,596,64,74,672,41,47,590,129,643,330,304,518,34]","[[0,1],[2,3],[4,5,6],[7,8,9],[4,15],[5,15],[11,12,15],[2,15],[3,9],[6,12,13],[0,1,11],[8,13,15],[2,4,7],[1,10,14],[5,6,10],[2,8]]"
S03,S03,1129,1129,shil.validation_one_se,shil,validation_one_se,shil.final_ranker_score,4,"[0,29,460,596]","[[0,1],[2,3],[4,5,6],[7,8,9]]"
S03,S03,1129,1129,shil.cpss_one_se,shil,cpss_one_se,shil.final_development_selection_frequency,4,"[0,29,460,596]","[[0,1],[2,3],[4,5,6],[7,8,9]]"
S03,S03,1129,1129,l1.fixed_k.k01,l1,fixed_k,l1.final_ranker_score,1,[0],"[[0,1]]"
S03,S03,1129,1129,l1.fixed_k.k02,l1,fixed_k,l1.final_ranker_score,2,"[0,460]","[[0,1],[4,5,6]]"
S03,S03,1129,1129,l1.fixed_k.k04,l1,fixed_k,l1.final_ranker_score,4,"[0,460,29,596]","[[0,1],[4,5,6],[2,3],[7,8,9]]"
S03,S03,1129,1129,l1.fixed_k.k08,l1,fixed_k,l1.final_ranker_score,8,"[0,460,29,596,75,236,615,71]","[[0,1],[4,5,6],[2,3],[7,8,9],[6,7],[1,2,14],[7,11,13],[5,12]]"
S03,S03,1129,1129,l1.fixed_k.k16,l1,fixed_k,l1.final_ranker_score,16,"[0,460,29,596,75,236,615,71,504,63,524,160,672,648,464,381]","[[0,1],[4,5,6],[2,3],[7,8,9],[6,7],[1,2,14],[7,11,13],[5,12],[4,10,15],[4,14],[5,7,8],[0,4,6],[11,12,15],[9,10,14],[4,5,10],[2,10,13]]"
S03,S03,1129,1129,l1.validation_one_se,l1,validation_one_se,l1.final_ranker_score,4,"[0,460,29,596]","[[0,1],[4,5,6],[2,3],[7,8,9]]"
S03,S03,1129,1129,l1.cpss_one_se,l1,cpss_one_se,l1.final_development_selection_frequency,4,"[0,29,460,596]","[[0,1],[2,3],[4,5,6],[7,8,9]]"
S03,S03,1151,1151,shil.fixed_k.k01,shil,fixed_k,shil.final_ranker_score,1,[0],"[[0,1]]"
S03,S03,1151,1151,shil.fixed_k.k02,shil,fixed_k,shil.final_ranker_score,2,"[0,29]","[[0,1],[2,3]]"
S03,S03,1151,1151,shil.fixed_k.k04,shil,fixed_k,shil.final_ranker_score,4,"[0,29,460,596]","[[0,1],[2,3],[4,5,6],[7,8,9]]"
S03,S03,1151,1151,shil.fixed_k.k08,shil,fixed_k,shil.final_ranker_score,8,"[0,29,460,596,231,27,103,191]","[[0,1],[2,3],[4,5,6],[7,8,9],[1,2,9],[1,14],[9,14],[0,7,10]]"
S03,S03,1151,1151,shil.fixed_k.k16,shil,fixed_k,shil.final_ranker_score,16,"[0,29,460,596,231,27,103,191,33,384,31,577,444,386,401,494]","[[0,1],[2,3],[4,5,6],[7,8,9],[1,2,9],[1,14],[9,14],[0,7,10],[2,7],[2,11,12],[2,5],[6,9,12],[3,9,15],[2,11,14],[3,4,12],[4,9,10]]"
S03,S03,1151,1151,shil.validation_one_se,shil,validation_one_se,shil.final_ranker_score,4,"[0,29,460,596]","[[0,1],[2,3],[4,5,6],[7,8,9]]"
S03,S03,1151,1151,shil.cpss_one_se,shil,cpss_one_se,shil.final_development_selection_frequency,4,"[0,29,460,596]","[[0,1],[2,3],[4,5,6],[7,8,9]]"
S03,S03,1151,1151,l1.fixed_k.k01,l1,fixed_k,l1.final_ranker_score,1,[0],"[[0,1]]"
S03,S03,1151,1151,l1.fixed_k.k02,l1,fixed_k,l1.final_ranker_score,2,"[0,29]","[[0,1],[2,3]]"
S03,S03,1151,1151,l1.fixed_k.k04,l1,fixed_k,l1.final_ranker_score,4,"[0,29,460,596]","[[0,1],[2,3],[4,5,6],[7,8,9]]"
S03,S03,1151,1151,l1.fixed_k.k08,l1,fixed_k,l1.final_ranker_score,8,"[0,29,460,596,175,55,598,148]","[[0,1],[2,3],[4,5,6],[7,8,9],[0,5,11],[4,6],[7,8,11],[0,3,5]]"
S03,S03,1151,1151,l1.fixed_k.k16,l1,fixed_k,l1.final_ranker_score,16,"[0,29,460,596,175,55,598,148,670,667,297,157,428,679,378,536]","[[0,1],[2,3],[4,5,6],[7,8,9],[0,5,11],[4,6],[7,8,11],[0,3,5],[11,12,13],[10,13,14],[1,9,12],[0,3,14],[3,7,12],[13,14,15],[2,9,15],[5,8,13]]"
S03,S03,1151,1151,l1.validation_one_se,l1,validation_one_se,l1.final_ranker_score,4,"[0,29,460,596]","[[0,1],[2,3],[4,5,6],[7,8,9]]"
S03,S03,1151,1151,l1.cpss_one_se,l1,cpss_one_se,l1.final_development_selection_frequency,4,"[0,29,460,596]","[[0,1],[2,3],[4,5,6],[7,8,9]]"
S03,S03,1171,1171,shil.fixed_k.k01,shil,fixed_k,shil.final_ranker_score,1,[0],"[[0,1]]"
S03,S03,1171,1171,shil.fixed_k.k02,shil,fixed_k,shil.final_ranker_score,2,"[0,29]","[[0,1],[2,3]]"
S03,S03,1171,1171,shil.fixed_k.k04,shil,fixed_k,shil.final_ranker_score,4,"[0,29,460,596]","[[0,1],[2,3],[4,5,6],[7,8,9]]"
S03,S03,1171,1171,shil.fixed_k.k08,shil,fixed_k,shil.final_ranker_score,8,"[0,29,460,596,138,524,366,184]","[[0,1],[2,3],[4,5,6],[7,8,9],[0,2,7],[5,7,8],[2,8,9],[0,6,11]]"
S03,S03,1171,1171,shil.fixed_k.k16,shil,fixed_k,shil.final_ranker_score,16,"[0,29,460,596,138,524,366,184,369,520,207,60,409,555,217,114]","[[0,1],[2,3],[4,5,6],[7,8,9],[0,2,7],[5,7,8],[2,8,9],[0,6,11],[2,8,12],[5,6,12],[0,9,13],[4,11],[3,5,10],[5,12,14],[0,11,14],[12,13]]"
S03,S03,1171,1171,shil.validation_one_se,shil,validation_one_se,shil.final_ranker_score,4,"[0,29,460,596]","[[0,1],[2,3],[4,5,6],[7,8,9]]"
S03,S03,1171,1171,shil.cpss_one_se,shil,cpss_one_se,shil.final_development_selection_frequency,4,"[0,29,460,596]","[[0,1],[2,3],[4,5,6],[7,8,9]]"
S03,S03,1171,1171,l1.fixed_k.k01,l1,fixed_k,l1.final_ranker_score,1,[0],"[[0,1]]"
S03,S03,1171,1171,l1.fixed_k.k02,l1,fixed_k,l1.final_ranker_score,2,"[0,460]","[[0,1],[4,5,6]]"
S03,S03,1171,1171,l1.fixed_k.k04,l1,fixed_k,l1.final_ranker_score,4,"[0,460,29,596]","[[0,1],[4,5,6],[2,3],[7,8,9]]"
S03,S03,1171,1171,l1.fixed_k.k08,l1,fixed_k,l1.final_ranker_score,8,"[0,460,29,596,114,67,279,103]","[[0,1],[4,5,6],[2,3],[7,8,9],[12,13],[5,8],[1,6,15],[9,14]]"
S03,S03,1171,1171,l1.fixed_k.k16,l1,fixed_k,l1.final_ranker_score,16,"[0,460,29,596,114,67,279,103,161,27,217,380,32,213,543,104]","[[0,1],[4,5,6],[2,3],[7,8,9],[12,13],[5,8],[1,6,15],[9,14],[0,4,7],[1,14],[0,11,14],[2,10,12],[2,6],[0,10,14],[5,9,14],[9,15]]"
S03,S03,1171,1171,l1.validation_one_se,l1,validation_one_se,l1.final_ranker_score,4,"[0,460,29,596]","[[0,1],[4,5,6],[2,3],[7,8,9]]"
S03,S03,1171,1171,l1.cpss_one_se,l1,cpss_one_se,l1.final_development_selection_frequency,4,"[0,29,460,596]","[[0,1],[2,3],[4,5,6],[7,8,9]]"
S03,S03,1181,1181,shil.fixed_k.k01,shil,fixed_k,shil.final_ranker_score,1,[0],"[[0,1]]"
S03,S03,1181,1181,shil.fixed_k.k02,shil,fixed_k,shil.final_ranker_score,2,"[0,29]","[[0,1],[2,3]]"
S03,S03,1181,1181,shil.fixed_k.k04,shil,fixed_k,shil.final_ranker_score,4,"[0,29,460,596]","[[0,1],[2,3],[4,5,6],[7,8,9]]"
S03,S03,1181,1181,shil.fixed_k.k08,shil,fixed_k,shil.final_ranker_score,8,"[0,29,460,596,229,575,546,110]","[[0,1],[2,3],[4,5,6],[7,8,9],[1,2,7],[6,9,10],[5,10,12],[11,12]]"
S03,S03,1181,1181,shil.fixed_k.k16,shil,fixed_k,shil.final_ranker_score,16,"[0,29,460,596,229,575,546,110,343,530,516,612,414,678,603,430]","[[0,1],[2,3],[4,5,6],[7,8,9],[1,2,7],[6,9,10],[5,10,12],[11,12],[2,5,10],[5,7,14],[5,6,8],[7,10,14],[3,5,15],[12,14,15],[7,9,10],[3,7,14]]"
S03,S03,1181,1181,shil.validation_one_se,shil,validation_one_se,shil.final_ranker_score,4,"[0,29,460,596]","[[0,1],[2,3],[4,5,6],[7,8,9]]"
S03,S03,1181,1181,shil.cpss_one_se,shil,cpss_one_se,shil.final_development_selection_frequency,4,"[0,29,460,596]","[[0,1],[2,3],[4,5,6],[7,8,9]]"
S03,S03,1181,1181,l1.fixed_k.k01,l1,fixed_k,l1.final_ranker_score,1,[0],"[[0,1]]"
S03,S03,1181,1181,l1.fixed_k.k02,l1,fixed_k,l1.final_ranker_score,2,"[0,460]","[[0,1],[4,5,6]]"
S03,S03,1181,1181,l1.fixed_k.k04,l1,fixed_k,l1.final_ranker_score,4,"[0,460,29,596]","[[0,1],[4,5,6],[2,3],[7,8,9]]"
S03,S03,1181,1181,l1.fixed_k.k08,l1,fixed_k,l1.final_ranker_score,8,"[0,460,29,596,310,443,671,27]","[[0,1],[4,5,6],[2,3],[7,8,9],[1,12,13],[3,9,14],[11,12,14],[1,14]]"
S03,S03,1181,1181,l1.fixed_k.k16,l1,fixed_k,l1.final_ranker_score,16,"[0,460,29,596,310,443,671,27,383,564,505,43,341,277,662,146]","[[0,1],[4,5,6],[2,3],[7,8,9],[1,12,13],[3,9,14],[11,12,14],[1,14],[2,10,15],[6,7,12],[4,11,12],[3,5],[2,5,8],[1,6,13],[10,11,14],[0,2,15]]"
S03,S03,1181,1181,l1.validation_one_se,l1,validation_one_se,l1.final_ranker_score,4,"[0,460,29,596]","[[0,1],[4,5,6],[2,3],[7,8,9]]"
S03,S03,1181,1181,l1.cpss_one_se,l1,cpss_one_se,l1.final_development_selection_frequency,4,"[0,29,460,596]","[[0,1],[2,3],[4,5,6],[7,8,9]]"
S03,S03,1201,1201,shil.fixed_k.k01,shil,fixed_k,shil.final_ranker_score,1,[0],"[[0,1]]"
S03,S03,1201,1201,shil.fixed_k.k02,shil,fixed_k,shil.final_ranker_score,2,"[0,29]","[[0,1],[2,3]]"
S03,S03,1201,1201,shil.fixed_k.k04,shil,fixed_k,shil.final_ranker_score,4,"[0,29,460,596]","[[0,1],[2,3],[4,5,6],[7,8,9]]"
S03,S03,1201,1201,shil.fixed_k.k08,shil,fixed_k,shil.final_ranker_score,8,"[0,29,460,596,570,38,557,184]","[[0,1],[2,3],[4,5,6],[7,8,9],[6,8,11],[2,12],[5,13,14],[0,6,11]]"
S03,S03,1201,1201,shil.fixed_k.k16,shil,fixed_k,shil.final_ranker_score,16,"[0,29,460,596,570,38,557,184,385,462,273,293,248,382,568,74]","[[0,1],[2,3],[4,5,6],[7,8,9],[6,8,11],[2,12],[5,13,14],[0,6,11],[2,11,13],[4,5,8],[1,6,9],[1,8,14],[1,3,14],[2,10,14],[6,8,9],[5,15]]"
S03,S03,1201,1201,shil.validation_one_se,shil,validation_one_se,shil.final_ranker_score,4,"[0,29,460,596]","[[0,1],[2,3],[4,5,6],[7,8,9]]"
S03,S03,1201,1201,shil.cpss_one_se,shil,cpss_one_se,shil.final_development_selection_frequency,4,"[0,29,460,596]","[[0,1],[2,3],[4,5,6],[7,8,9]]"
S03,S03,1201,1201,l1.fixed_k.k01,l1,fixed_k,l1.final_ranker_score,1,[0],"[[0,1]]"
S03,S03,1201,1201,l1.fixed_k.k02,l1,fixed_k,l1.final_ranker_score,2,"[0,460]","[[0,1],[4,5,6]]"
S03,S03,1201,1201,l1.fixed_k.k04,l1,fixed_k,l1.final_ranker_score,4,"[0,460,29,596]","[[0,1],[4,5,6],[2,3],[7,8,9]]"
S03,S03,1201,1201,l1.fixed_k.k08,l1,fixed_k,l1.final_ranker_score,8,"[0,460,29,596,651,668,568,38]","[[0,1],[4,5,6],[2,3],[7,8,9],[9,11,13],[10,13,15],[6,8,9],[2,12]]"
S03,S03,1201,1201,l1.fixed_k.k16,l1,fixed_k,l1.final_ranker_score,16,"[0,460,29,596,651,668,568,38,644,335,388,492,631,547,447,25]","[[0,1],[4,5,6],[2,3],[7,8,9],[9,11,13],[10,13,15],[6,8,9],[2,12],[8,14,15],[2,4,12],[2,12,13],[4,8,14],[8,10,12],[5,10,13],[3,10,13],[1,12]]"
S03,S03,1201,1201,l1.validation_one_se,l1,validation_one_se,l1.final_ranker_score,4,"[0,460,29,596]","[[0,1],[4,5,6],[2,3],[7,8,9]]"
S03,S03,1201,1201,l1.cpss_one_se,l1,cpss_one_se,l1.final_development_selection_frequency,4,"[0,29,460,596]","[[0,1],[2,3],[4,5,6],[7,8,9]]"
S03,S03,1213,1213,shil.fixed_k.k01,shil,fixed_k,shil.final_ranker_score,1,[0],"[[0,1]]"
S03,S03,1213,1213,shil.fixed_k.k02,shil,fixed_k,shil.final_ranker_score,2,"[0,29]","[[0,1],[2,3]]"
S03,S03,1213,1213,shil.fixed_k.k04,shil,fixed_k,shil.final_ranker_score,4,"[0,29,460,596]","[[0,1],[2,3],[4,5,6],[7,8,9]]"
S03,S03,1213,1213,shil.fixed_k.k08,shil,fixed_k,shil.final_ranker_score,8,"[0,29,460,596,53,641,678,164]","[[0,1],[2,3],[4,5,6],[7,8,9],[3,15],[8,12,15],[12,14,15],[0,4,10]]"
S03,S03,1213,1213,shil.fixed_k.k16,shil,fixed_k,shil.final_ranker_score,16,"[0,29,460,596,53,641,678,164,553,17,335,44,374,96,116,428]","[[0,1],[2,3],[4,5,6],[7,8,9],[3,15],[8,12,15],[12,14,15],[0,4,10],[5,11,15],[1,4],[2,4,12],[3,6],[2,9,11],[8,13],[12,15],[3,7,12]]"
S03,S03,1213,1213,shil.validation_one_se,shil,validation_one_se,shil.final_ranker_score,4,"[0,29,460,596]","[[0,1],[2,3],[4,5,6],[7,8,9]]"
S03,S03,1213,1213,shil.cpss_one_se,shil,cpss_one_se,shil.final_development_selection_frequency,4,"[0,29,460,596]","[[0,1],[2,3],[4,5,6],[7,8,9]]"
S03,S03,1213,1213,l1.fixed_k.k01,l1,fixed_k,l1.final_ranker_score,1,[0],"[[0,1]]"
S03,S03,1213,1213,l1.fixed_k.k02,l1,fixed_k,l1.final_ranker_score,2,"[0,460]","[[0,1],[4,5,6]]"
S03,S03,1213,1213,l1.fixed_k.k04,l1,fixed_k,l1.final_ranker_score,4,"[0,460,29,596]","[[0,1],[4,5,6],[2,3],[7,8,9]]"
S03,S03,1213,1213,l1.fixed_k.k08,l1,fixed_k,l1.final_ranker_score,8,"[0,460,29,596,455,221,447,583]","[[0,1],[4,5,6],[2,3],[7,8,9],[3,12,14],[0,12,15],[3,10,13],[6,10,13]]"
S03,S03,1213,1213,l1.fixed_k.k16,l1,fixed_k,l1.final_ranker_score,16,"[0,460,29,596,455,221,447,583,214,557,678,248,582,433,622,43]","[[0,1],[4,5,6],[2,3],[7,8,9],[3,12,14],[0,12,15],[3,10,13],[6,10,13],[0,10,15],[5,13,14],[12,14,15],[1,3,14],[6,10,12],[3,8,10],[7,13,15],[3,5]]"
S03,S03,1213,1213,l1.validation_one_se,l1,validation_one_se,l1.final_ranker_score,4,"[0,460,29,596]","[[0,1],[4,5,6],[2,3],[7,8,9]]"
S03,S03,1213,1213,l1.cpss_one_se,l1,cpss_one_se,l1.final_development_selection_frequency,4,"[0,29,460,596]","[[0,1],[2,3],[4,5,6],[7,8,9]]"
S03,S03,1231,1231,shil.fixed_k.k01,shil,fixed_k,shil.final_ranker_score,1,[29],"[[2,3]]"
S03,S03,1231,1231,shil.fixed_k.k02,shil,fixed_k,shil.final_ranker_score,2,"[29,0]","[[2,3],[0,1]]"
S03,S03,1231,1231,shil.fixed_k.k04,shil,fixed_k,shil.final_ranker_score,4,"[29,0,460,596]","[[2,3],[0,1],[4,5,6],[7,8,9]]"
S03,S03,1231,1231,shil.fixed_k.k08,shil,fixed_k,shil.final_ranker_score,8,"[29,0,460,596,101,242,337,246]","[[2,3],[0,1],[4,5,6],[7,8,9],[9,12],[1,3,8],[2,4,14],[1,3,12]]"
S03,S03,1231,1231,shil.fixed_k.k16,shil,fixed_k,shil.final_ranker_score,16,"[29,0,460,596,101,242,337,246,610,483,211,616,280,556,363,147]","[[2,3],[0,1],[4,5,6],[7,8,9],[9,12],[1,3,8],[2,4,14],[1,3,12],[7,10,12],[4,7,12],[0,10,12],[7,11,14],[1,7,8],[5,12,15],[2,7,13],[0,3,4]]"
S03,S03,1231,1231,shil.validation_one_se,shil,validation_one_se,shil.final_ranker_score,4,"[29,0,460,596]","[[2,3],[0,1],[4,5,6],[7,8,9]]"
S03,S03,1231,1231,shil.cpss_one_se,shil,cpss_one_se,shil.final_development_selection_frequency,4,"[0,29,460,596]","[[0,1],[2,3],[4,5,6],[7,8,9]]"
S03,S03,1231,1231,l1.fixed_k.k01,l1,fixed_k,l1.final_ranker_score,1,[0],"[[0,1]]"
S03,S03,1231,1231,l1.fixed_k.k02,l1,fixed_k,l1.final_ranker_score,2,"[0,29]","[[0,1],[2,3]]"
S03,S03,1231,1231,l1.fixed_k.k04,l1,fixed_k,l1.final_ranker_score,4,"[0,29,460,596]","[[0,1],[2,3],[4,5,6],[7,8,9]]"
S03,S03,1231,1231,l1.fixed_k.k08,l1,fixed_k,l1.final_ranker_score,8,"[0,29,460,596,242,37,21,664]","[[0,1],[2,3],[4,5,6],[7,8,9],[1,3,8],[2,11],[1,8],[10,12,13]]"
S03,S03,1231,1231,l1.fixed_k.k16,l1,fixed_k,l1.final_ranker_score,16,"[0,29,460,596,242,37,21,664,360,610,196,569,314,162,78,623]","[[0,1],[2,3],[4,5,6],[7,8,9],[1,3,8],[2,11],[1,8],[10,12,13],[2,7,10],[7,10,12],[0,7,15],[6,8,10],[1,13,15],[0,4,8],[6,10],[7,14,15]]"
S03,S03,1231,1231,l1.validation_one_se,l1,validation_one_se,l1.final_ranker_score,4,"[0,29,460,596]","[[0,1],[2,3],[4,5,6],[7,8,9]]"
S03,S03,1231,1231,l1.cpss_one_se,l1,cpss_one_se,l1.final_development_selection_frequency,4,"[0,29,460,596]","[[0,1],[2,3],[4,5,6],[7,8,9]]"
S03,S03,1249,1249,shil.fixed_k.k01,shil,fixed_k,shil.final_ranker_score,1,[0],"[[0,1]]"
S03,S03,1249,1249,shil.fixed_k.k02,shil,fixed_k,shil.final_ranker_score,2,"[0,29]","[[0,1],[2,3]]"
S03,S03,1249,1249,shil.fixed_k.k04,shil,fixed_k,shil.final_ranker_score,4,"[0,29,460,596]","[[0,1],[2,3],[4,5,6],[7,8,9]]"
S03,S03,1249,1249,shil.fixed_k.k08,shil,fixed_k,shil.final_ranker_score,8,"[0,29,460,596,111,23,638,32]","[[0,1],[2,3],[4,5,6],[7,8,9],[11,13],[1,10],[8,11,15],[2,6]]"
S03,S03,1249,1249,shil.fixed_k.k16,shil,fixed_k,shil.final_ranker_score,16,"[0,29,460,596,111,23,638,32,191,526,312,646,417,149,265,150]","[[0,1],[2,3],[4,5,6],[7,8,9],[11,13],[1,10],[8,11,15],[2,6],[0,7,10],[5,7,10],[1,12,15],[9,10,12],[3,6,9],[0,3,6],[1,5,10],[0,3,7]]"
S03,S03,1249,1249,shil.validation_one_se,shil,validation_one_se,shil.final_ranker_score,4,"[0,29,460,596]","[[0,1],[2,3],[4,5,6],[7,8,9]]"
S03,S03,1249,1249,shil.cpss_one_se,shil,cpss_one_se,shil.final_development_selection_frequency,4,"[0,29,460,596]","[[0,1],[2,3],[4,5,6],[7,8,9]]"
S03,S03,1249,1249,l1.fixed_k.k01,l1,fixed_k,l1.final_ranker_score,1,[0],"[[0,1]]"
S03,S03,1249,1249,l1.fixed_k.k02,l1,fixed_k,l1.final_ranker_score,2,"[0,460]","[[0,1],[4,5,6]]"
S03,S03,1249,1249,l1.fixed_k.k04,l1,fixed_k,l1.final_ranker_score,4,"[0,460,29,596]","[[0,1],[4,5,6],[2,3],[7,8,9]]"
S03,S03,1249,1249,l1.fixed_k.k08,l1,fixed_k,l1.final_ranker_score,8,"[0,460,29,596,10,634,32,341]","[[0,1],[4,5,6],[2,3],[7,8,9],[0,11],[8,10,15],[2,6],[2,5,8]]"
S03,S03,1249,1249,l1.fixed_k.k16,l1,fixed_k,l1.final_ranker_score,16,"[0,460,29,596,10,634,32,341,655,347,102,38,414,515,514,80]","[[0,1],[4,5,6],[2,3],[7,8,9],[0,11],[8,10,15],[2,6],[2,5,8],[9,12,14],[2,5,14],[9,13],[2,12],[3,5,15],[5,6,7],[4,14,15],[6,12]]"
S03,S03,1249,1249,l1.validation_one_se,l1,validation_one_se,l1.final_ranker_score,4,"[0,460,29,596]","[[0,1],[4,5,6],[2,3],[7,8,9]]"
S03,S03,1249,1249,l1.cpss_one_se,l1,cpss_one_se,l1.final_development_selection_frequency,4,"[0,29,460,596]","[[0,1],[2,3],[4,5,6],[7,8,9]]"
S03,S03,1277,1277,shil.fixed_k.k01,shil,fixed_k,shil.final_ranker_score,1,[0],"[[0,1]]"
S03,S03,1277,1277,shil.fixed_k.k02,shil,fixed_k,shil.final_ranker_score,2,"[0,29]","[[0,1],[2,3]]"
S03,S03,1277,1277,shil.fixed_k.k04,shil,fixed_k,shil.final_ranker_score,4,"[0,29,460,596]","[[0,1],[2,3],[4,5,6],[7,8,9]]"
S03,S03,1277,1277,shil.fixed_k.k08,shil,fixed_k,shil.final_ranker_score,8,"[0,29,460,596,318,548,480,482]","[[0,1],[2,3],[4,5,6],[7,8,9],[2,3,6],[5,10,14],[4,7,9],[4,7,11]]"
S03,S03,1277,1277,shil.fixed_k.k16,shil,fixed_k,shil.final_ranker_score,16,"[0,29,460,596,318,548,480,482,369,617,523,615,428,265,629,48]","[[0,1],[2,3],[4,5,6],[7,8,9],[2,3,6],[5,10,14],[4,7,9],[4,7,11],[2,8,12],[7,11,15],[5,6,15],[7,11,13],[3,7,12],[1,5,10],[8,9,15],[3,10]]"
S03,S03,1277,1277,shil.validation_one_se,shil,validation_one_se,shil.final_ranker_score,4,"[0,29,460,596]","[[0,1],[2,3],[4,5,6],[7,8,9]]"
S03,S03,1277,1277,shil.cpss_one_se,shil,cpss_one_se,shil.final_development_selection_frequency,4,"[0,29,460,596]","[[0,1],[2,3],[4,5,6],[7,8,9]]"
S03,S03,1277,1277,l1.fixed_k.k01,l1,fixed_k,l1.final_ranker_score,1,[0],"[[0,1]]"
S03,S03,1277,1277,l1.fixed_k.k02,l1,fixed_k,l1.final_ranker_score,2,"[0,29]","[[0,1],[2,3]]"
S03,S03,1277,1277,l1.fixed_k.k04,l1,fixed_k,l1.final_ranker_score,4,"[0,29,460,596]","[[0,1],[2,3],[4,5,6],[7,8,9]]"
S03,S03,1277,1277,l1.fixed_k.k08,l1,fixed_k,l1.final_ranker_score,8,"[0,29,460,596,389,118,364,644]","[[0,1],[2,3],[4,5,6],[7,8,9],[2,12,14],[13,15],[2,7,14],[8,14,15]]"
S03,S03,1277,1277,l1.fixed_k.k16,l1,fixed_k,l1.final_ranker_score,16,"[0,29,460,596,389,118,364,644,548,10,40,531,115,498,491,571]","[[0,1],[2,3],[4,5,6],[7,8,9],[2,12,14],[13,15],[2,7,14],[8,14,15],[5,10,14],[0,11],[2,14],[5,7,15],[12,14],[4,9,14],[4,8,13],[6,8,12]]"
S03,S03,1277,1277,l1.validation_one_se,l1,validation_one_se,l1.final_ranker_score,4,"[0,29,460,596]","[[0,1],[2,3],[4,5,6],[7,8,9]]"
S03,S03,1277,1277,l1.cpss_one_se,l1,cpss_one_se,l1.final_development_selection_frequency,4,"[0,29,460,596]","[[0,1],[2,3],[4,5,6],[7,8,9]]"
S04,S04,1103,1103,shil.fixed_k.k01,shil,fixed_k,shil.final_ranker_score,1,[0],"[[0,1]]"
S04,S04,1103,1103,shil.fixed_k.k02,shil,fixed_k,shil.final_ranker_score,2,"[0,460]","[[0,1],[4,5,6]]"
S04,S04,1103,1103,shil.fixed_k.k04,shil,fixed_k,shil.final_ranker_score,4,"[0,460,29,596]","[[0,1],[4,5,6],[2,3],[7,8,9]]"
S04,S04,1103,1103,shil.fixed_k.k08,shil,fixed_k,shil.final_ranker_score,8,"[0,460,29,596,28,501,82,168]","[[0,1],[4,5,6],[2,3],[7,8,9],[1,15],[4,10,12],[6,14],[0,4,14]]"
S04,S04,1103,1103,shil.fixed_k.k16,shil,fixed_k,shil.final_ranker_score,16,"[0,460,29,596,28,501,82,168,329,72,396,633,116,31,386,530]","[[0,1],[4,5,6],[2,3],[7,8,9],[1,15],[4,10,12],[6,14],[0,4,14],[2,4,6],[5,13],[3,4,7],[8,10,14],[12,15],[2,5],[2,11,14],[5,7,14]]"
S04,S04,1103,1103,shil.validation_one_se,shil,validation_one_se,shil.final_ranker_score,4,"[0,460,29,596]","[[0,1],[4,5,6],[2,3],[7,8,9]]"
S04,S04,1103,1103,shil.cpss_one_se,shil,cpss_one_se,shil.final_development_selection_frequency,4,"[0,29,460,596]","[[0,1],[2,3],[4,5,6],[7,8,9]]"
S04,S04,1103,1103,l1.fixed_k.k01,l1,fixed_k,l1.final_ranker_score,1,[460],"[[4,5,6]]"
S04,S04,1103,1103,l1.fixed_k.k02,l1,fixed_k,l1.final_ranker_score,2,"[460,0]","[[4,5,6],[0,1]]"
S04,S04,1103,1103,l1.fixed_k.k04,l1,fixed_k,l1.final_ranker_score,4,"[460,0,29,596]","[[4,5,6],[0,1],[2,3],[7,8,9]]"
S04,S04,1103,1103,l1.fixed_k.k08,l1,fixed_k,l1.final_ranker_score,8,"[460,0,29,596,406,9,586,204]","[[4,5,6],[0,1],[2,3],[7,8,9],[3,5,7],[0,10],[6,11,12],[0,9,10]]"
S04,S04,1103,1103,l1.fixed_k.k16,l1,fixed_k,l1.final_ranker_score,16,"[460,0,29,596,406,9,586,204,47,107,242,275,110,68,40,75]","[[4,5,6],[0,1],[2,3],[7,8,9],[3,5,7],[0,10],[6,11,12],[0,9,10],[3,9],[10,13],[1,3,8],[1,6,11],[11,12],[5,9],[2,14],[6,7]]"
S04,S04,1103,1103,l1.validation_one_se,l1,validation_one_se,l1.final_ranker_score,4,"[460,0,29,596]","[[4,5,6],[0,1],[2,3],[7,8,9]]"
S04,S04,1103,1103,l1.cpss_one_se,l1,cpss_one_se,l1.final_development_selection_frequency,4,"[0,29,460,596]","[[0,1],[2,3],[4,5,6],[7,8,9]]"
S04,S04,1129,1129,shil.fixed_k.k01,shil,fixed_k,shil.final_ranker_score,1,[0],"[[0,1]]"
S04,S04,1129,1129,shil.fixed_k.k02,shil,fixed_k,shil.final_ranker_score,2,"[0,29]","[[0,1],[2,3]]"
S04,S04,1129,1129,shil.fixed_k.k04,shil,fixed_k,shil.final_ranker_score,4,"[0,29,460,596]","[[0,1],[2,3],[4,5,6],[7,8,9]]"
S04,S04,1129,1129,shil.fixed_k.k08,shil,fixed_k,shil.final_ranker_score,8,"[0,29,460,596,187,39,641,445]","[[0,1],[2,3],[4,5,6],[7,8,9],[0,6,14],[2,13],[8,12,15],[3,10,11]]"
S04,S04,1129,1129,shil.fixed_k.k16,shil,fixed_k,shil.final_ranker_score,16,"[0,29,460,596,187,39,641,445,230,500,272,166,232,317,354,275]","[[0,1],[2,3],[4,5,6],[7,8,9],[0,6,14],[2,13],[8,12,15],[3,10,11],[1,2,8],[4,10,11],[1,6,8],[0,4,12],[1,2,10],[2,3,5],[2,6,12],[1,6,11]]"
S04,S04,1129,1129,shil.validation_one_se,shil,validation_one_se,shil.final_ranker_score,4,"[0,29,460,596]","[[0,1],[2,3],[4,5,6],[7,8,9]]"
S04,S04,1129,1129,shil.cpss_one_se,shil,cpss_one_se,shil.final_development_selection_frequency,4,"[0,29,460,596]","[[0,1],[2,3],[4,5,6],[7,8,9]]"
S04,S04,1129,1129,l1.fixed_k.k01,l1,fixed_k,l1.final_ranker_score,1,[0],"[[0,1]]"
S04,S04,1129,1129,l1.fixed_k.k02,l1,fixed_k,l1.final_ranker_score,2,"[0,29]","[[0,1],[2,3]]"
S04,S04,1129,1129,l1.fixed_k.k04,l1,fixed_k,l1.final_ranker_score,4,"[0,29,460,596]","[[0,1],[2,3],[4,5,6],[7,8,9]]"
S04,S04,1129,1129,l1.fixed_k.k08,l1,fixed_k,l1.final_ranker_score,8,"[0,29,460,596,270,465,55,78]","[[0,1],[2,3],[4,5,6],[7,8,9],[1,5,15],[4,5,11],[4,6],[6,10]]"
S04,S04,1129,1129,l1.fixed_k.k16,l1,fixed_k,l1.final_ranker_score,16,"[0,29,460,596,270,465,55,78,650,507,404,95,641,557,368,588]","[[0,1],[2,3],[4,5,6],[7,8,9],[1,5,15],[4,5,11],[4,6],[6,10],[9,11,12],[4,11,14],[3,4,15],[8,12],[8,12,15],[5,13,14],[2,8,11],[6,11,14]]"
S04,S04,1129,1129,l1.validation_one_se,l1,validation_one_se,l1.final_ranker_score,4,"[0,29,460,596]","[[0,1],[2,3],[4,5,6],[7,8,9]]"
S04,S04,1129,1129,l1.cpss_one_se,l1,cpss_one_se,l1.final_development_selection_frequency,4,"[0,29,460,596]","[[0,1],[2,3],[4,5,6],[7,8,9]]"
S04,S04,1151,1151,shil.fixed_k.k01,shil,fixed_k,shil.final_ranker_score,1,[0],"[[0,1]]"
S04,S04,1151,1151,shil.fixed_k.k02,shil,fixed_k,shil.final_ranker_score,2,"[0,29]","[[0,1],[2,3]]"
S04,S04,1151,1151,shil.fixed_k.k04,shil,fixed_k,shil.final_ranker_score,4,"[0,29,596,460]","[[0,1],[2,3],[7,8,9],[4,5,6]]"
S04,S04,1151,1151,shil.fixed_k.k08,shil,fixed_k,shil.final_ranker_score,8,"[0,29,596,460,634,448,166,236]","[[0,1],[2,3],[7,8,9],[4,5,6],[8,10,15],[3,10,14],[0,4,12],[1,2,14]]"
S04,S04,1151,1151,shil.fixed_k.k16,shil,fixed_k,shil.final_ranker_score,16,"[0,29,596,460,634,448,166,236,117,538,287,610,160,331,35,209]","[[0,1],[2,3],[7,8,9],[4,5,6],[8,10,15],[3,10,14],[0,4,12],[1,2,14],[13,14],[5,8,15],[1,7,15],[7,10,12],[0,4,6],[2,4,8],[2,9],[0,9,15]]"
S04,S04,1151,1151,shil.validation_one_se,shil,validation_one_se,shil.final_ranker_score,4,"[0,29,596,460]","[[0,1],[2,3],[7,8,9],[4,5,6]]"
S04,S04,1151,1151,shil.cpss_one_se,shil,cpss_one_se,shil.final_development_selection_frequency,4,"[0,29,460,596]","[[0,1],[2,3],[4,5,6],[7,8,9]]"
S04,S04,1151,1151,l1.fixed_k.k01,l1,fixed_k,l1.final_ranker_score,1,[0],"[[0,1]]"
S04,S04,1151,1151,l1.fixed_k.k02,l1,fixed_k,l1.final_ranker_score,2,"[0,460]","[[0,1],[4,5,6]]"
S04,S04,1151,1151,l1.fixed_k.k04,l1,fixed_k,l1.final_ranker_score,4,"[0,460,29,596]","[[0,1],[4,5,6],[2,3],[7,8,9]]"
S04,S04,1151,1151,l1.fixed_k.k08,l1,fixed_k,l1.final_ranker_score,8,"[0,460,29,596,14,603,239,137]","[[0,1],[4,5,6],[2,3],[7,8,9],[0,15],[7,9,10],[1,3,5],[0,2,6]]"
S04,S04,1151,1151,l1.fixed_k.k16,l1,fixed_k,l1.final_ranker_score,16,"[0,460,29,596,14,603,239,137,151,610,472,660,538,2,672,84]","[[0,1],[4,5,6],[2,3],[7,8,9],[0,15],[7,9,10],[1,3,5],[0,2,6],[0,3,8],[7,10,12],[4,6,9],[10,11,12],[5,8,15],[0,3],[11,12,15],[7,8]]"
S04,S04,1151,1151,l1.validation_one_se,l1,validation_one_se,l1.final_ranker_score,4,"[0,460,29,596]","[[0,1],[4,5,6],[2,3],[7,8,9]]"
S04,S04,1151,1151,l1.cpss_one_se,l1,cpss_one_se,l1.final_development_selection_frequency,4,"[0,29,460,596]","[[0,1],[2,3],[4,5,6],[7,8,9]]"
S04,S04,1171,1171,shil.fixed_k.k01,shil,fixed_k,shil.final_ranker_score,1,[0],"[[0,1]]"
S04,S04,1171,1171,shil.fixed_k.k02,shil,fixed_k,shil.final_ranker_score,2,"[0,460]","[[0,1],[4,5,6]]"
S04,S04,1171,1171,shil.fixed_k.k04,shil,fixed_k,shil.final_ranker_score,4,"[0,460,29,596]","[[0,1],[4,5,6],[2,3],[7,8,9]]"
S04,S04,1171,1171,shil.fixed_k.k08,shil,fixed_k,shil.final_ranker_score,8,"[0,460,29,596,461,365,431,229]","[[0,1],[4,5,6],[2,3],[7,8,9],[4,5,7],[2,7,15],[3,7,15],[1,2,7]]"
S04,S04,1171,1171,shil.fixed_k.k16,shil,fixed_k,shil.final_ranker_score,16,"[0,460,29,596,461,365,431,229,329,608,289,502,218,653,2,284]","[[0,1],[4,5,6],[2,3],[7,8,9],[4,5,7],[2,7,15],[3,7,15],[1,2,7],[2,4,6],[7,9,15],[1,8,10],[4,10,13],[0,11,15],[9,11,15],[0,3],[1,7,12]]"
S04,S04,1171,1171,shil.validation_one_se,shil,validation_one_se,shil.final_ranker_score,4,"[0,460,29,596]","[[0,1],[4,5,6],[2,3],[7,8,9]]"
S04,S04,1171,1171,shil.cpss_one_se,shil,cpss_one_se,shil.final_development_selection_frequency,4,"[0,29,460,596]","[[0,1],[2,3],[4,5,6],[7,8,9]]"
S04,S04,1171,1171,l1.fixed_k.k01,l1,fixed_k,l1.final_ranker_score,1,[0],"[[0,1]]"
S04,S04,1171,1171,l1.fixed_k.k02,l1,fixed_k,l1.final_ranker_score,2,"[0,29]","[[0,1],[2,3]]"
S04,S04,1171,1171,l1.fixed_k.k04,l1,fixed_k,l1.final_ranker_score,4,"[0,29,460,596]","[[0,1],[2,3],[4,5,6],[7,8,9]]"
S04,S04,1171,1171,l1.fixed_k.k08,l1,fixed_k,l1.final_ranker_score,8,"[0,29,460,596,365,566,110,177]","[[0,1],[2,3],[4,5,6],[7,8,9],[2,7,15],[6,7,14],[11,12],[0,5,13]]"
S04,S04,1171,1171,l1.fixed_k.k16,l1,fixed_k,l1.final_ranker_score,8,"[0,29,460,596,365,566,110,177]","[[0,1],[2,3],[4,5,6],[7,8,9],[2,7,15],[6,7,14],[11,12],[0,5,13]]"
S04,S04,1171,1171,l1.validation_one_se,l1,validation_one_se,l1.final_ranker_score,4,"[0,29,460,596]","[[0,1],[2,3],[4,5,6],[7,8,9]]"
S04,S04,1171,1171,l1.cpss_one_se,l1,cpss_one_se,l1.final_development_selection_frequency,4,"[0,29,460,596]","[[0,1],[2,3],[4,5,6],[7,8,9]]"
S04,S04,1181,1181,shil.fixed_k.k01,shil,fixed_k,shil.final_ranker_score,1,[0],"[[0,1]]"
S04,S04,1181,1181,shil.fixed_k.k02,shil,fixed_k,shil.final_ranker_score,2,"[0,29]","[[0,1],[2,3]]"
S04,S04,1181,1181,shil.fixed_k.k04,shil,fixed_k,shil.final_ranker_score,4,"[0,29,460,596]","[[0,1],[2,3],[4,5,6],[7,8,9]]"
S04,S04,1181,1181,shil.fixed_k.k08,shil,fixed_k,shil.final_ranker_score,8,"[0,29,460,596,121,663,181,264]","[[0,1],[2,3],[4,5,6],[7,8,9],[0,1,3],[10,11,15],[0,6,8],[1,5,9]]"
S04,S04,1181,1181,shil.fixed_k.k16,shil,fixed_k,shil.final_ranker_score,16,"[0,29,460,596,121,663,181,264,10,325,60,377,232,506,438,143]","[[0,1],[2,3],[4,5,6],[7,8,9],[0,1,3],[10,11,15],[0,6,8],[1,5,9],[0,11],[2,3,13],[4,11],[2,9,14],[1,2,10],[4,11,13],[3,8,15],[0,2,12]]"
S04,S04,1181,1181,shil.validation_one_se,shil,validation_one_se,shil.final_ranker_score,4,"[0,29,460,596]","[[0,1],[2,3],[4,5,6],[7,8,9]]"
S04,S04,1181,1181,shil.cpss_one_se,shil,cpss_one_se,shil.final_development_selection_frequency,4,"[0,29,460,596]","[[0,1],[2,3],[4,5,6],[7,8,9]]"
S04,S04,1181,1181,l1.fixed_k.k01,l1,fixed_k,l1.final_ranker_score,1,[0],"[[0,1]]"
S04,S04,1181,1181,l1.fixed_k.k02,l1,fixed_k,l1.final_ranker_score,2,"[0,29]","[[0,1],[2,3]]"
S04,S04,1181,1181,l1.fixed_k.k04,l1,fixed_k,l1.final_ranker_score,4,"[0,29,460,596]","[[0,1],[2,3],[4,5,6],[7,8,9]]"
S04,S04,1181,1181,l1.fixed_k.k08,l1,fixed_k,l1.final_ranker_score,8,"[0,29,460,596,238,348,483,73]","[[0,1],[2,3],[4,5,6],[7,8,9],[1,3,4],[2,5,15],[4,7,12],[5,14]]"
S04,S04,1181,1181,l1.fixed_k.k16,l1,fixed_k,l1.final_ranker_score,16,"[0,29,460,596,238,348,483,73,52,631,117,504,478,593,153,638]","[[0,1],[2,3],[4,5,6],[7,8,9],[1,3,4],[2,5,15],[4,7,12],[5,14],[3,14],[8,10,12],[13,14],[4,10,15],[4,6,15],[6,13,14],[0,3,10],[8,11,15]]"
S04,S04,1181,1181,l1.validation_one_se,l1,validation_one_se,l1.final_ranker_score,4,"[0,29,460,596]","[[0,1],[2,3],[4,5,6],[7,8,9]]"
S04,S04,1181,1181,l1.cpss_one_se,l1,cpss_one_se,l1.final_development_selection_frequency,4,"[0,29,460,596]","[[0,1],[2,3],[4,5,6],[7,8,9]]"
S04,S04,1201,1201,shil.fixed_k.k01,shil,fixed_k,shil.final_ranker_score,1,[0],"[[0,1]]"
S04,S04,1201,1201,shil.fixed_k.k02,shil,fixed_k,shil.final_ranker_score,2,"[0,29]","[[0,1],[2,3]]"
S04,S04,1201,1201,shil.fixed_k.k04,shil,fixed_k,shil.final_ranker_score,4,"[0,29,460,596]","[[0,1],[2,3],[4,5,6],[7,8,9]]"
S04,S04,1201,1201,shil.fixed_k.k08,shil,fixed_k,shil.final_ranker_score,8,"[0,29,460,596,534,672,189,567]","[[0,1],[2,3],[4,5,6],[7,8,9],[5,8,11],[11,12,15],[0,7,8],[6,7,15]]"
S04,S04,1201,1201,shil.fixed_k.k16,shil,fixed_k,shil.final_ranker_score,16,"[0,29,460,596,534,672,189,567,593,93,172,139,249,381,432,571]","[[0,1],[2,3],[4,5,6],[7,8,9],[5,8,11],[11,12,15],[0,7,8],[6,7,15],[6,13,14],[8,10],[0,5,8],[0,2,8],[1,3,15],[2,10,13],[3,8,9],[6,8,12]]"
S04,S04,1201,1201,shil.validation_one_se,shil,validation_one_se,shil.final_ranker_score,4,"[0,29,460,596]","[[0,1],[2,3],[4,5,6],[7,8,9]]"
S04,S04,1201,1201,shil.cpss_one_se,shil,cpss_one_se,shil.final_development_selection_frequency,4,"[0,29,460,596]","[[0,1],[2,3],[4,5,6],[7,8,9]]"
S04,S04,1201,1201,l1.fixed_k.k01,l1,fixed_k,l1.final_ranker_score,1,[0],"[[0,1]]"
S04,S04,1201,1201,l1.fixed_k.k02,l1,fixed_k,l1.final_ranker_score,2,"[0,460]","[[0,1],[4,5,6]]"
S04,S04,1201,1201,l1.fixed_k.k04,l1,fixed_k,l1.final_ranker_score,4,"[0,460,29,596]","[[0,1],[4,5,6],[2,3],[7,8,9]]"
S04,S04,1201,1201,l1.fixed_k.k08,l1,fixed_k,l1.final_ranker_score,8,"[0,460,29,596,534,672,242,172]","[[0,1],[4,5,6],[2,3],[7,8,9],[5,8,11],[11,12,15],[1,3,8],[0,5,8]]"
S04,S04,1201,1201,l1.fixed_k.k16,l1,fixed_k,l1.final_ranker_score,16,"[0,460,29,596,534,672,242,172,488,173,42,44,630,339,68,285]","[[0,1],[4,5,6],[2,3],[7,8,9],[5,8,11],[11,12,15],[1,3,8],[0,5,8],[4,8,10],[0,5,9],[3,4],[3,6],[8,10,11],[2,5,6],[5,9],[1,7,13]]"
S04,S04,1201,1201,l1.validation_one_se,l1,validation_one_se,l1.final_ranker_score,4,"[0,460,29,596]","[[0,1],[4,5,6],[2,3],[7,8,9]]"
S04,S04,1201,1201,l1.cpss_one_se,l1,cpss_one_se,l1.final_development_selection_frequency,4,"[0,29,460,596]","[[0,1],[2,3],[4,5,6],[7,8,9]]"
S04,S04,1213,1213,shil.fixed_k.k01,shil,fixed_k,shil.final_ranker_score,1,[0],"[[0,1]]"
S04,S04,1213,1213,shil.fixed_k.k02,shil,fixed_k,shil.final_ranker_score,2,"[0,29]","[[0,1],[2,3]]"
S04,S04,1213,1213,shil.fixed_k.k04,shil,fixed_k,shil.final_ranker_score,4,"[0,29,460,596]","[[0,1],[2,3],[4,5,6],[7,8,9]]"
S04,S04,1213,1213,shil.fixed_k.k08,shil,fixed_k,shil.final_ranker_score,8,"[0,29,460,596,403,463,527,128]","[[0,1],[2,3],[4,5,6],[7,8,9],[3,4,14],[4,5,9],[5,7,11],[0,1,10]]"
S04,S04,1213,1213,shil.fixed_k.k16,shil,fixed_k,shil.final_ranker_score,16,"[0,29,460,596,403,463,527,128,211,30,146,536,374,145,487,443]","[[0,1],[2,3],[4,5,6],[7,8,9],[3,4,14],[4,5,9],[5,7,11],[0,1,10],[0,10,12],[2,4],[0,2,15],[5,8,13],[2,9,11],[0,2,14],[4,8,9],[3,9,14]]"
S04,S04,1213,1213,shil.validation_one_se,shil,validation_one_se,shil.final_ranker_score,4,"[0,29,460,596]","[[0,1],[2,3],[4,5,6],[7,8,9]]"
S04,S04,1213,1213,shil.cpss_one_se,shil,cpss_one_se,shil.final_development_selection_frequency,4,"[0,29,460,596]","[[0,1],[2,3],[4,5,6],[7,8,9]]"
S04,S04,1213,1213,l1.fixed_k.k01,l1,fixed_k,l1.final_ranker_score,1,[0],"[[0,1]]"
S04,S04,1213,1213,l1.fixed_k.k02,l1,fixed_k,l1.final_ranker_score,2,"[0,460]","[[0,1],[4,5,6]]"
S04,S04,1213,1213,l1.fixed_k.k04,l1,fixed_k,l1.final_ranker_score,4,"[0,460,29,596]","[[0,1],[4,5,6],[2,3],[7,8,9]]"
S04,S04,1213,1213,l1.fixed_k.k08,l1,fixed_k,l1.final_ranker_score,8,"[0,460,29,596,173,668,406,635]","[[0,1],[4,5,6],[2,3],[7,8,9],[0,5,9],[10,13,15],[3,5,7],[8,11,12]]"
S04,S04,1213,1213,l1.fixed_k.k16,l1,fixed_k,l1.final_ranker_score,16,"[0,460,29,596,173,668,406,635,260,620,341,45,75,438,630,30]","[[0,1],[4,5,6],[2,3],[7,8,9],[0,5,9],[10,13,15],[3,5,7],[8,11,12],[1,4,15],[7,12,15],[2,5,8],[3,7],[6,7],[3,8,15],[8,10,11],[2,4]]"
S04,S04,1213,1213,l1.validation_one_se,l1,validation_one_se,l1.final_ranker_score,4,"[0,460,29,596]","[[0,1],[4,5,6],[2,3],[7,8,9]]"
S04,S04,1213,1213,l1.cpss_one_se,l1,cpss_one_se,l1.final_development_selection_frequency,4,"[0,29,460,596]","[[0,1],[2,3],[4,5,6],[7,8,9]]"
S04,S04,1231,1231,shil.fixed_k.k01,shil,fixed_k,shil.final_ranker_score,1,[29],"[[2,3]]"
S04,S04,1231,1231,shil.fixed_k.k02,shil,fixed_k,shil.final_ranker_score,2,"[29,0]","[[2,3],[0,1]]"
S04,S04,1231,1231,shil.fixed_k.k04,shil,fixed_k,shil.final_ranker_score,4,"[29,0,460,596]","[[2,3],[0,1],[4,5,6],[7,8,9]]"
S04,S04,1231,1231,shil.fixed_k.k08,shil,fixed_k,shil.final_ranker_score,8,"[29,0,460,596,397,315,266,423]","[[2,3],[0,1],[4,5,6],[7,8,9],[3,4,8],[1,14,15],[1,5,11],[3,6,15]]"
S04,S04,1231,1231,shil.fixed_k.k16,shil,fixed_k,shil.final_ranker_score,16,"[29,0,460,596,397,315,266,423,217,222,566,484,112,80,369,401]","[[2,3],[0,1],[4,5,6],[7,8,9],[3,4,8],[1,14,15],[1,5,11],[3,6,15],[0,11,14],[0,13,14],[6,7,14],[4,7,13],[11,14],[6,12],[2,8,12],[3,4,12]]"
S04,S04,1231,1231,shil.validation_one_se,shil,validation_one_se,shil.final_ranker_score,4,"[29,0,460,596]","[[2,3],[0,1],[4,5,6],[7,8,9]]"
S04,S04,1231,1231,shil.cpss_one_se,shil,cpss_one_se,shil.final_development_selection_frequency,4,"[0,29,460,596]","[[0,1],[2,3],[4,5,6],[7,8,9]]"
S04,S04,1231,1231,l1.fixed_k.k01,l1,fixed_k,l1.final_ranker_score,1,[460],"[[4,5,6]]"
S04,S04,1231,1231,l1.fixed_k.k02,l1,fixed_k,l1.final_ranker_score,2,"[460,0]","[[4,5,6],[0,1]]"
S04,S04,1231,1231,l1.fixed_k.k04,l1,fixed_k,l1.final_ranker_score,4,"[460,0,29,596]","[[4,5,6],[0,1],[2,3],[7,8,9]]"
S04,S04,1231,1231,l1.fixed_k.k08,l1,fixed_k,l1.final_ranker_score,8,"[460,0,29,596,14,618,91,353]","[[4,5,6],[0,1],[2,3],[7,8,9],[0,15],[7,12,13],[7,15],[2,6,11]]"
S04,S04,1231,1231,l1.fixed_k.k16,l1,fixed_k,l1.final_ranker_score,16,"[460,0,29,596,14,618,91,353,106,455,340,484,33,52,65,66]","[[4,5,6],[0,1],[2,3],[7,8,9],[0,15],[7,12,13],[7,15],[2,6,11],[10,12],[3,12,14],[2,5,7],[4,7,13],[2,7],[3,14],[5,6],[5,7]]"
S04,S04,1231,1231,l1.validation_one_se,l1,validation_one_se,l1.final_ranker_score,4,"[460,0,29,596]","[[4,5,6],[0,1],[2,3],[7,8,9]]"
S04,S04,1231,1231,l1.cpss_one_se,l1,cpss_one_se,l1.final_development_selection_frequency,4,"[0,29,460,596]","[[0,1],[2,3],[4,5,6],[7,8,9]]"
S04,S04,1249,1249,shil.fixed_k.k01,shil,fixed_k,shil.final_ranker_score,1,[29],"[[2,3]]"
S04,S04,1249,1249,shil.fixed_k.k02,shil,fixed_k,shil.final_ranker_score,2,"[29,0]","[[2,3],[0,1]]"
S04,S04,1249,1249,shil.fixed_k.k04,shil,fixed_k,shil.final_ranker_score,4,"[29,0,596,460]","[[2,3],[0,1],[7,8,9],[4,5,6]]"
S04,S04,1249,1249,shil.fixed_k.k08,shil,fixed_k,shil.final_ranker_score,8,"[29,0,596,460,216,57,488,576]","[[2,3],[0,1],[7,8,9],[4,5,6],[0,11,13],[4,8],[4,8,10],[6,9,11]]"
S04,S04,1249,1249,shil.fixed_k.k16,shil,fixed_k,shil.final_ranker_score,16,"[29,0,596,460,216,57,488,576,195,317,376,213,196,163,621,287]","[[2,3],[0,1],[7,8,9],[4,5,6],[0,11,13],[4,8],[4,8,10],[6,9,11],[0,7,14],[2,3,5],[2,9,13],[0,10,14],[0,7,15],[0,4,9],[7,13,14],[1,7,15]]"
S04,S04,1249,1249,shil.validation_one_se,shil,validation_one_se,shil.final_ranker_score,4,"[29,0,596,460]","[[2,3],[0,1],[7,8,9],[4,5,6]]"
S04,S04,1249,1249,shil.cpss_one_se,shil,cpss_one_se,shil.final_development_selection_frequency,4,"[0,29,460,596]","[[0,1],[2,3],[4,5,6],[7,8,9]]"
S04,S04,1249,1249,l1.fixed_k.k01,l1,fixed_k,l1.final_ranker_score,1,[0],"[[0,1]]"
S04,S04,1249,1249,l1.fixed_k.k02,l1,fixed_k,l1.final_ranker_score,2,"[0,596]","[[0,1],[7,8,9]]"
S04,S04,1249,1249,l1.fixed_k.k04,l1,fixed_k,l1.final_ranker_score,4,"[0,596,29,460]","[[0,1],[7,8,9],[2,3],[4,5,6]]"
S04,S04,1249,1249,l1.fixed_k.k08,l1,fixed_k,l1.final_ranker_score,8,"[0,596,29,460,55,30,391,636]","[[0,1],[7,8,9],[2,3],[4,5,6],[4,6],[2,4],[2,13,14],[8,11,13]]"
S04,S04,1249,1249,l1.fixed_k.k16,l1,fixed_k,l1.final_ranker_score,16,"[0,596,29,460,55,30,391,636,358,646,17,630,608,478,585,216]","[[0,1],[7,8,9],[2,3],[4,5,6],[4,6],[2,4],[2,13,14],[8,11,13],[2,7,8],[9,10,12],[1,4],[8,10,11],[7,9,15],[4,6,15],[6,10,15],[0,11,13]]"
S04,S04,1249,1249,l1.validation_one_se,l1,validation_one_se,l1.final_ranker_score,4,"[0,596,29,460]","[[0,1],[7,8,9],[2,3],[4,5,6]]"
S04,S04,1249,1249,l1.cpss_one_se,l1,cpss_one_se,l1.final_development_selection_frequency,4,"[0,29,460,596]","[[0,1],[2,3],[4,5,6],[7,8,9]]"
S04,S04,1277,1277,shil.fixed_k.k01,shil,fixed_k,shil.final_ranker_score,1,[0],"[[0,1]]"
S04,S04,1277,1277,shil.fixed_k.k02,shil,fixed_k,shil.final_ranker_score,2,"[0,29]","[[0,1],[2,3]]"
S04,S04,1277,1277,shil.fixed_k.k04,shil,fixed_k,shil.final_ranker_score,4,"[0,29,460,596]","[[0,1],[2,3],[4,5,6],[7,8,9]]"
S04,S04,1277,1277,shil.fixed_k.k08,shil,fixed_k,shil.final_ranker_score,8,"[0,29,460,596,620,151,122,132]","[[0,1],[2,3],[4,5,6],[7,8,9],[7,12,15],[0,3,8],[0,1,4],[0,1,14]]"
S04,S04,1277,1277,shil.fixed_k.k16,shil,fixed_k,shil.final_ranker_score,16,"[0,29,460,596,620,151,122,132,287,30,314,89,424,164,431,471]","[[0,1],[2,3],[4,5,6],[7,8,9],[7,12,15],[0,3,8],[0,1,4],[0,1,14],[1,7,15],[2,4],[1,13,15],[7,13],[3,7,8],[0,4,10],[3,7,15],[4,6,8]]"
S04,S04,1277,1277,shil.validation_one_se,shil,validation_one_se,shil.final_ranker_score,4,"[0,29,460,596]","[[0,1],[2,3],[4,5,6],[7,8,9]]"
S04,S04,1277,1277,shil.cpss_one_se,shil,cpss_one_se,shil.final_development_selection_frequency,4,"[0,29,460,596]","[[0,1],[2,3],[4,5,6],[7,8,9]]"
S04,S04,1277,1277,l1.fixed_k.k01,l1,fixed_k,l1.final_ranker_score,1,[0],"[[0,1]]"
S04,S04,1277,1277,l1.fixed_k.k02,l1,fixed_k,l1.final_ranker_score,2,"[0,460]","[[0,1],[4,5,6]]"
S04,S04,1277,1277,l1.fixed_k.k04,l1,fixed_k,l1.final_ranker_score,4,"[0,460,29,596]","[[0,1],[4,5,6],[2,3],[7,8,9]]"
S04,S04,1277,1277,l1.fixed_k.k08,l1,fixed_k,l1.final_ranker_score,8,"[0,460,29,596,38,16,532,330]","[[0,1],[4,5,6],[2,3],[7,8,9],[2,12],[1,3],[5,8,9],[2,4,7]]"
S04,S04,1277,1277,l1.fixed_k.k16,l1,fixed_k,l1.final_ranker_score,16,"[0,460,29,596,38,16,532,330,305,262,108,80,323,52,209,526]","[[0,1],[4,5,6],[2,3],[7,8,9],[2,12],[1,3],[5,8,9],[2,4,7],[1,10,15],[1,5,7],[10,14],[6,12],[2,3,11],[3,14],[0,9,15],[5,7,10]]"
S04,S04,1277,1277,l1.validation_one_se,l1,validation_one_se,l1.final_ranker_score,4,"[0,460,29,596]","[[0,1],[4,5,6],[2,3],[7,8,9]]"
S04,S04,1277,1277,l1.cpss_one_se,l1,cpss_one_se,l1.final_development_selection_frequency,4,"[0,29,460,596]","[[0,1],[2,3],[4,5,6],[7,8,9]]"
S05,S05,1103,1103,shil.fixed_k.k01,shil,fixed_k,shil.final_ranker_score,1,[0],"[[0,1]]"
S05,S05,1103,1103,shil.fixed_k.k02,shil,fixed_k,shil.final_ranker_score,2,"[0,460]","[[0,1],[4,5,6]]"
S05,S05,1103,1103,shil.fixed_k.k04,shil,fixed_k,shil.final_ranker_score,4,"[0,460,29,596]","[[0,1],[4,5,6],[2,3],[7,8,9]]"
S05,S05,1103,1103,shil.fixed_k.k08,shil,fixed_k,shil.final_ranker_score,8,"[0,460,29,596,529,352,419,327]","[[0,1],[4,5,6],[2,3],[7,8,9],[5,7,13],[2,6,10],[3,6,11],[2,3,15]]"
S05,S05,1103,1103,shil.fixed_k.k16,shil,fixed_k,shil.final_ranker_score,16,"[0,460,29,596,529,352,419,327,182,563,70,566,527,90,16,67]","[[0,1],[4,5,6],[2,3],[7,8,9],[5,7,13],[2,6,10],[3,6,11],[2,3,15],[0,6,9],[6,7,11],[5,11],[6,7,14],[5,7,11],[7,14],[1,3],[5,8]]"
S05,S05,1103,1103,shil.validation_one_se,shil,validation_one_se,shil.final_ranker_score,4,"[0,460,29,596]","[[0,1],[4,5,6],[2,3],[7,8,9]]"
S05,S05,1103,1103,shil.cpss_one_se,shil,cpss_one_se,shil.final_development_selection_frequency,4,"[0,29,460,596]","[[0,1],[2,3],[4,5,6],[7,8,9]]"
S05,S05,1103,1103,l1.fixed_k.k01,l1,fixed_k,l1.final_ranker_score,1,[0],"[[0,1]]"
S05,S05,1103,1103,l1.fixed_k.k02,l1,fixed_k,l1.final_ranker_score,2,"[0,460]","[[0,1],[4,5,6]]"
S05,S05,1103,1103,l1.fixed_k.k04,l1,fixed_k,l1.final_ranker_score,4,"[0,460,29,596]","[[0,1],[4,5,6],[2,3],[7,8,9]]"
S05,S05,1103,1103,l1.fixed_k.k08,l1,fixed_k,l1.final_ranker_score,8,"[0,460,29,596,444,529,70,235]","[[0,1],[4,5,6],[2,3],[7,8,9],[3,9,15],[5,7,13],[5,11],[1,2,13]]"
S05,S05,1103,1103,l1.fixed_k.k16,l1,fixed_k,l1.final_ranker_score,16,"[0,460,29,596,444,529,70,235,673,459,344,383,510,91,671,182]","[[0,1],[4,5,6],[2,3],[7,8,9],[3,9,15],[5,7,13],[5,11],[1,2,13],[11,13,14],[3,14,15],[2,5,11],[2,10,15],[4,12,14],[7,15],[11,12,14],[0,6,9]]"
S05,S05,1103,1103,l1.validation_one_se,l1,validation_one_se,l1.final_ranker_score,4,"[0,460,29,596]","[[0,1],[4,5,6],[2,3],[7,8,9]]"
S05,S05,1103,1103,l1.cpss_one_se,l1,cpss_one_se,l1.final_development_selection_frequency,4,"[0,29,460,596]","[[0,1],[2,3],[4,5,6],[7,8,9]]"
S05,S05,1129,1129,shil.fixed_k.k01,shil,fixed_k,shil.final_ranker_score,1,[0],"[[0,1]]"
S05,S05,1129,1129,shil.fixed_k.k02,shil,fixed_k,shil.final_ranker_score,2,"[0,460]","[[0,1],[4,5,6]]"
S05,S05,1129,1129,shil.fixed_k.k04,shil,fixed_k,shil.final_ranker_score,4,"[0,460,29,596]","[[0,1],[4,5,6],[2,3],[7,8,9]]"
S05,S05,1129,1129,shil.fixed_k.k08,shil,fixed_k,shil.final_ranker_score,8,"[0,460,29,596,137,651,282,629]","[[0,1],[4,5,6],[2,3],[7,8,9],[0,2,6],[9,11,13],[1,7,10],[8,9,15]]"
S05,S05,1129,1129,shil.fixed_k.k16,shil,fixed_k,shil.final_ranker_score,16,"[0,460,29,596,137,651,282,629,538,365,100,571,125,106,319,37]","[[0,1],[4,5,6],[2,3],[7,8,9],[0,2,6],[9,11,13],[1,7,10],[8,9,15],[5,8,15],[2,7,15],[9,11],[6,8,12],[0,1,7],[10,12],[2,3,7],[2,11]]"
S05,S05,1129,1129,shil.validation_one_se,shil,validation_one_se,shil.final_ranker_score,4,"[0,460,29,596]","[[0,1],[4,5,6],[2,3],[7,8,9]]"
S05,S05,1129,1129,shil.cpss_one_se,shil,cpss_one_se,shil.final_development_selection_frequency,4,"[0,29,460,596]","[[0,1],[2,3],[4,5,6],[7,8,9]]"
S05,S05,1129,1129,l1.fixed_k.k01,l1,fixed_k,l1.final_ranker_score,1,[0],"[[0,1]]"
S05,S05,1129,1129,l1.fixed_k.k02,l1,fixed_k,l1.final_ranker_score,2,"[0,460]","[[0,1],[4,5,6]]"
S05,S05,1129,1129,l1.fixed_k.k04,l1,fixed_k,l1.final_ranker_score,4,"[0,460,29,596]","[[0,1],[4,5,6],[2,3],[7,8,9]]"
S05,S05,1129,1129,l1.fixed_k.k08,l1,fixed_k,l1.final_ranker_score,8,"[0,460,29,596,391,616,106,641]","[[0,1],[4,5,6],[2,3],[7,8,9],[2,13,14],[7,11,14],[10,12],[8,12,15]]"
S05,S05,1129,1129,l1.fixed_k.k16,l1,fixed_k,l1.final_ranker_score,16,"[0,460,29,596,391,616,106,641,340,411,571,651,538,387,534,20]","[[0,1],[4,5,6],[2,3],[7,8,9],[2,13,14],[7,11,14],[10,12],[8,12,15],[2,5,7],[3,5,12],[6,8,12],[9,11,13],[5,8,15],[2,11,15],[5,8,11],[1,7]]"
S05,S05,1129,1129,l1.validation_one_se,l1,validation_one_se,l1.final_ranker_score,4,"[0,460,29,596]","[[0,1],[4,5,6],[2,3],[7,8,9]]"
S05,S05,1129,1129,l1.cpss_one_se,l1,cpss_one_se,l1.final_development_selection_frequency,4,"[0,29,460,596]","[[0,1],[2,3],[4,5,6],[7,8,9]]"
S05,S05,1151,1151,shil.fixed_k.k01,shil,fixed_k,shil.final_ranker_score,1,[0],"[[0,1]]"
S05,S05,1151,1151,shil.fixed_k.k02,shil,fixed_k,shil.final_ranker_score,2,"[0,29]","[[0,1],[2,3]]"
S05,S05,1151,1151,shil.fixed_k.k04,shil,fixed_k,shil.final_ranker_score,4,"[0,29,460,596]","[[0,1],[2,3],[4,5,6],[7,8,9]]"
S05,S05,1151,1151,shil.fixed_k.k08,shil,fixed_k,shil.final_ranker_score,8,"[0,29,460,596,130,660,298,170]","[[0,1],[2,3],[4,5,6],[7,8,9],[0,1,12],[10,11,12],[1,9,13],[0,5,6]]"
S05,S05,1151,1151,shil.fixed_k.k16,shil,fixed_k,shil.final_ranker_score,16,"[0,29,460,596,130,660,298,170,442,192,428,618,639,328,640,55]","[[0,1],[2,3],[4,5,6],[7,8,9],[0,1,12],[10,11,12],[1,9,13],[0,5,6],[3,9,13],[0,7,11],[3,7,12],[7,12,13],[8,12,13],[2,4,5],[8,12,14],[4,6]]"
S05,S05,1151,1151,shil.validation_one_se,shil,validation_one_se,shil.final_ranker_score,4,"[0,29,460,596]","[[0,1],[2,3],[4,5,6],[7,8,9]]"
S05,S05,1151,1151,shil.cpss_one_se,shil,cpss_one_se,shil.final_development_selection_frequency,4,"[0,29,460,596]","[[0,1],[2,3],[4,5,6],[7,8,9]]"
S05,S05,1151,1151,l1.fixed_k.k01,l1,fixed_k,l1.final_ranker_score,1,[0],"[[0,1]]"
S05,S05,1151,1151,l1.fixed_k.k02,l1,fixed_k,l1.final_ranker_score,2,"[0,460]","[[0,1],[4,5,6]]"
S05,S05,1151,1151,l1.fixed_k.k04,l1,fixed_k,l1.final_ranker_score,4,"[0,460,29,596]","[[0,1],[4,5,6],[2,3],[7,8,9]]"
S05,S05,1151,1151,l1.fixed_k.k08,l1,fixed_k,l1.final_ranker_score,8,"[0,460,29,596,328,170,587,246]","[[0,1],[4,5,6],[2,3],[7,8,9],[2,4,5],[0,5,6],[6,11,13],[1,3,12]]"
S05,S05,1151,1151,l1.fixed_k.k16,l1,fixed_k,l1.final_ranker_score,16,"[0,460,29,596,328,170,587,246,344,550,5,55,119,309,660,315]","[[0,1],[4,5,6],[2,3],[7,8,9],[2,4,5],[0,5,6],[6,11,13],[1,3,12],[2,5,11],[5,11,12],[0,6],[4,6],[14,15],[1,11,15],[10,11,12],[1,14,15]]"
S05,S05,1151,1151,l1.validation_one_se,l1,validation_one_se,l1.final_ranker_score,4,"[0,460,29,596]","[[0,1],[4,5,6],[2,3],[7,8,9]]"
S05,S05,1151,1151,l1.cpss_one_se,l1,cpss_one_se,l1.final_development_selection_frequency,4,"[0,29,460,596]","[[0,1],[2,3],[4,5,6],[7,8,9]]"
S05,S05,1171,1171,shil.fixed_k.k01,shil,fixed_k,shil.final_ranker_score,1,[0],"[[0,1]]"
S05,S05,1171,1171,shil.fixed_k.k02,shil,fixed_k,shil.final_ranker_score,2,"[0,460]","[[0,1],[4,5,6]]"
S05,S05,1171,1171,shil.fixed_k.k04,shil,fixed_k,shil.final_ranker_score,4,"[0,460,29,596]","[[0,1],[4,5,6],[2,3],[7,8,9]]"
S05,S05,1171,1171,shil.fixed_k.k08,shil,fixed_k,shil.final_ranker_score,8,"[0,460,29,596,120,583,427,593]","[[0,1],[4,5,6],[2,3],[7,8,9],[0,1,2],[6,10,13],[3,7,11],[6,13,14]]"
S05,S05,1171,1171,shil.fixed_k.k16,shil,fixed_k,shil.final_ranker_score,16,"[0,460,29,596,120,583,427,593,186,393,288,632,379,280,643,166]","[[0,1],[4,5,6],[2,3],[7,8,9],[0,1,2],[6,10,13],[3,7,11],[6,13,14],[0,6,13],[2,14,15],[1,8,9],[8,10,13],[2,10,11],[1,7,8],[8,13,15],[0,4,12]]"
S05,S05,1171,1171,shil.validation_one_se,shil,validation_one_se,shil.final_ranker_score,4,"[0,460,29,596]","[[0,1],[4,5,6],[2,3],[7,8,9]]"
S05,S05,1171,1171,shil.cpss_one_se,shil,cpss_one_se,shil.final_development_selection_frequency,4,"[0,29,460,596]","[[0,1],[2,3],[4,5,6],[7,8,9]]"
S05,S05,1171,1171,l1.fixed_k.k01,l1,fixed_k,l1.final_ranker_score,1,[0],"[[0,1]]"
S05,S05,1171,1171,l1.fixed_k.k02,l1,fixed_k,l1.final_ranker_score,2,"[0,460]","[[0,1],[4,5,6]]"
S05,S05,1171,1171,l1.fixed_k.k04,l1,fixed_k,l1.final_ranker_score,4,"[0,460,29,596]","[[0,1],[4,5,6],[2,3],[7,8,9]]"
S05,S05,1171,1171,l1.fixed_k.k08,l1,fixed_k,l1.final_ranker_score,8,"[0,460,29,596,636,87,673,237]","[[0,1],[4,5,6],[2,3],[7,8,9],[8,11,13],[7,11],[11,13,14],[1,2,15]]"
S05,S05,1171,1171,l1.fixed_k.k16,l1,fixed_k,l1.final_ranker_score,16,"[0,460,29,596,636,87,673,237,382,393,176,81,518,552,51,91]","[[0,1],[4,5,6],[2,3],[7,8,9],[8,11,13],[7,11],[11,13,14],[1,2,15],[2,10,14],[2,14,15],[0,5,12],[6,13],[5,6,10],[5,11,14],[3,13],[7,15]]"
S05,S05,1171,1171,l1.validation_one_se,l1,validation_one_se,l1.final_ranker_score,4,"[0,460,29,596]","[[0,1],[4,5,6],[2,3],[7,8,9]]"
S05,S05,1171,1171,l1.cpss_one_se,l1,cpss_one_se,l1.final_development_selection_frequency,4,"[0,29,460,596]","[[0,1],[2,3],[4,5,6],[7,8,9]]"
S05,S05,1181,1181,shil.fixed_k.k01,shil,fixed_k,shil.final_ranker_score,1,[0],"[[0,1]]"
S05,S05,1181,1181,shil.fixed_k.k02,shil,fixed_k,shil.final_ranker_score,2,"[0,460]","[[0,1],[4,5,6]]"
S05,S05,1181,1181,shil.fixed_k.k04,shil,fixed_k,shil.final_ranker_score,4,"[0,460,29,596]","[[0,1],[4,5,6],[2,3],[7,8,9]]"
S05,S05,1181,1181,shil.fixed_k.k08,shil,fixed_k,shil.final_ranker_score,8,"[0,460,29,596,187,143,184,442]","[[0,1],[4,5,6],[2,3],[7,8,9],[0,6,14],[0,2,12],[0,6,11],[3,9,13]]"
S05,S05,1181,1181,shil.fixed_k.k16,shil,fixed_k,shil.final_ranker_score,16,"[0,460,29,596,187,143,184,442,266,369,240,567,335,253,378,1]","[[0,1],[4,5,6],[2,3],[7,8,9],[0,6,14],[0,2,12],[0,6,11],[3,9,13],[1,5,11],[2,8,12],[1,3,6],[6,7,15],[2,4,12],[1,4,8],[2,9,15],[0,2]]"
S05,S05,1181,1181,shil.validation_one_se,shil,validation_one_se,shil.final_ranker_score,4,"[0,460,29,596]","[[0,1],[4,5,6],[2,3],[7,8,9]]"
S05,S05,1181,1181,shil.cpss_one_se,shil,cpss_one_se,shil.final_development_selection_frequency,4,"[0,29,460,596]","[[0,1],[2,3],[4,5,6],[7,8,9]]"
S05,S05,1181,1181,l1.fixed_k.k01,l1,fixed_k,l1.final_ranker_score,1,[0],"[[0,1]]"
S05,S05,1181,1181,l1.fixed_k.k02,l1,fixed_k,l1.final_ranker_score,2,"[0,460]","[[0,1],[4,5,6]]"
S05,S05,1181,1181,l1.fixed_k.k04,l1,fixed_k,l1.final_ranker_score,4,"[0,460,29,596]","[[0,1],[4,5,6],[2,3],[7,8,9]]"
S05,S05,1181,1181,l1.fixed_k.k08,l1,fixed_k,l1.final_ranker_score,8,"[0,460,29,596,442,8,143,240]","[[0,1],[4,5,6],[2,3],[7,8,9],[3,9,13],[0,9],[0,2,12],[1,3,6]]"
S05,S05,1181,1181,l1.fixed_k.k16,l1,fixed_k,l1.final_ranker_score,16,"[0,460,29,596,442,8,143,240,341,378,65,233,84,567,606,184]","[[0,1],[4,5,6],[2,3],[7,8,9],[3,9,13],[0,9],[0,2,12],[1,3,6],[2,5,8],[2,9,15],[5,6],[1,2,11],[7,8],[6,7,15],[7,9,13],[0,6,11]]"
S05,S05,1181,1181,l1.validation_one_se,l1,validation_one_se,l1.final_ranker_score,4,"[0,460,29,596]","[[0,1],[4,5,6],[2,3],[7,8,9]]"
S05,S05,1181,1181,l1.cpss_one_se,l1,cpss_one_se,l1.final_development_selection_frequency,4,"[0,29,460,596]","[[0,1],[2,3],[4,5,6],[7,8,9]]"
S05,S05,1201,1201,shil.fixed_k.k01,shil,fixed_k,shil.final_ranker_score,1,[0],"[[0,1]]"
S05,S05,1201,1201,shil.fixed_k.k02,shil,fixed_k,shil.final_ranker_score,2,"[0,460]","[[0,1],[4,5,6]]"
S05,S05,1201,1201,shil.fixed_k.k04,shil,fixed_k,shil.final_ranker_score,4,"[0,460,29,596]","[[0,1],[4,5,6],[2,3],[7,8,9]]"
S05,S05,1201,1201,shil.fixed_k.k08,shil,fixed_k,shil.final_ranker_score,8,"[0,460,29,596,10,483,524,122]","[[0,1],[4,5,6],[2,3],[7,8,9],[0,11],[4,7,12],[5,7,8],[0,1,4]]"
S05,S05,1201,1201,shil.fixed_k.k16,shil,fixed_k,shil.final_ranker_score,16,"[0,460,29,596,10,483,524,122,368,84,235,294,386,395,244,173]","[[0,1],[4,5,6],[2,3],[7,8,9],[0,11],[4,7,12],[5,7,8],[0,1,4],[2,8,11],[7,8],[1,2,13],[1,8,15],[2,11,14],[3,4,6],[1,3,10],[0,5,9]]"
S05,S05,1201,1201,shil.validation_one_se,shil,validation_one_se,shil.final_ranker_score,4,"[0,460,29,596]","[[0,1],[4,5,6],[2,3],[7,8,9]]"
S05,S05,1201,1201,shil.cpss_one_se,shil,cpss_one_se,shil.final_development_selection_frequency,4,"[0,29,460,596]","[[0,1],[2,3],[4,5,6],[7,8,9]]"
S05,S05,1201,1201,l1.fixed_k.k01,l1,fixed_k,l1.final_ranker_score,1,[0],"[[0,1]]"
S05,S05,1201,1201,l1.fixed_k.k02,l1,fixed_k,l1.final_ranker_score,2,"[0,460]","[[0,1],[4,5,6]]"
S05,S05,1201,1201,l1.fixed_k.k04,l1,fixed_k,l1.final_ranker_score,4,"[0,460,29,596]","[[0,1],[4,5,6],[2,3],[7,8,9]]"
S05,S05,1201,1201,l1.fixed_k.k08,l1,fixed_k,l1.final_ranker_score,8,"[0,460,29,596,87,10,84,294]","[[0,1],[4,5,6],[2,3],[7,8,9],[7,11],[0,11],[7,8],[1,8,15]]"
S05,S05,1201,1201,l1.fixed_k.k16,l1,fixed_k,l1.final_ranker_score,16,"[0,460,29,596,87,10,84,294,26,451,614,528,383,265,352,493]","[[0,1],[4,5,6],[2,3],[7,8,9],[7,11],[0,11],[7,8],[1,8,15],[1,13],[3,11,13],[7,11,12],[5,7,12],[2,10,15],[1,5,10],[2,6,10],[4,8,15]]"
S05,S05,1201,1201,l1.validation_one_se,l1,validation_one_se,l1.final_ranker_score,4,"[0,460,29,596]","[[0,1],[4,5,6],[2,3],[7,8,9]]"
S05,S05,1201,1201,l1.cpss_one_se,l1,cpss_one_se,l1.final_development_selection_frequency,4,"[0,29,460,596]","[[0,1],[2,3],[4,5,6],[7,8,9]]"
S05,S05,1213,1213,shil.fixed_k.k01,shil,fixed_k,shil.final_ranker_score,1,[0],"[[0,1]]"
S05,S05,1213,1213,shil.fixed_k.k02,shil,fixed_k,shil.final_ranker_score,2,"[0,460]","[[0,1],[4,5,6]]"
S05,S05,1213,1213,shil.fixed_k.k04,shil,fixed_k,shil.final_ranker_score,4,"[0,460,29,596]","[[0,1],[4,5,6],[2,3],[7,8,9]]"
S05,S05,1213,1213,shil.fixed_k.k08,shil,fixed_k,shil.final_ranker_score,8,"[0,460,29,596,373,203,275,642]","[[0,1],[4,5,6],[2,3],[7,8,9],[2,9,10],[0,8,15],[1,6,11],[8,13,14]]"
S05,S05,1213,1213,shil.fixed_k.k16,shil,fixed_k,shil.final_ranker_score,16,"[0,460,29,596,373,203,275,642,396,519,584,542,377,364,356,479]","[[0,1],[4,5,6],[2,3],[7,8,9],[2,9,10],[0,8,15],[1,6,11],[8,13,14],[3,4,7],[5,6,11],[6,10,14],[5,9,13],[2,9,14],[2,7,14],[2,6,14],[4,7,8]]"
S05,S05,1213,1213,shil.validation_one_se,shil,validation_one_se,shil.final_ranker_score,4,"[0,460,29,596]","[[0,1],[4,5,6],[2,3],[7,8,9]]"
S05,S05,1213,1213,shil.cpss_one_se,shil,cpss_one_se,shil.final_development_selection_frequency,4,"[0,29,460,596]","[[0,1],[2,3],[4,5,6],[7,8,9]]"
S05,S05,1213,1213,l1.fixed_k.k01,l1,fixed_k,l1.final_ranker_score,1,[0],"[[0,1]]"
S05,S05,1213,1213,l1.fixed_k.k02,l1,fixed_k,l1.final_ranker_score,2,"[0,460]","[[0,1],[4,5,6]]"
S05,S05,1213,1213,l1.fixed_k.k04,l1,fixed_k,l1.final_ranker_score,4,"[0,460,29,596]","[[0,1],[4,5,6],[2,3],[7,8,9]]"
S05,S05,1213,1213,l1.fixed_k.k08,l1,fixed_k,l1.final_ranker_score,8,"[0,460,29,596,584,327,373,9]","[[0,1],[4,5,6],[2,3],[7,8,9],[6,10,14],[2,3,15],[2,9,10],[0,10]]"
S05,S05,1213,1213,l1.fixed_k.k16,l1,fixed_k,l1.final_ranker_score,16,"[0,460,29,596,584,327,373,9,277,251,562,484,256,482,642,619]","[[0,1],[4,5,6],[2,3],[7,8,9],[6,10,14],[2,3,15],[2,9,10],[0,10],[1,6,13],[1,4,6],[6,7,10],[4,7,13],[1,4,11],[4,7,11],[8,13,14],[7,12,14]]"
S05,S05,1213,1213,l1.validation_one_se,l1,validation_one_se,l1.final_ranker_score,4,"[0,460,29,596]","[[0,1],[4,5,6],[2,3],[7,8,9]]"
S05,S05,1213,1213,l1.cpss_one_se,l1,cpss_one_se,l1.final_development_selection_frequency,4,"[0,29,460,596]","[[0,1],[2,3],[4,5,6],[7,8,9]]"
S05,S05,1231,1231,shil.fixed_k.k01,shil,fixed_k,shil.final_ranker_score,1,[0],"[[0,1]]"
S05,S05,1231,1231,shil.fixed_k.k02,shil,fixed_k,shil.final_ranker_score,2,"[0,29]","[[0,1],[2,3]]"
S05,S05,1231,1231,shil.fixed_k.k04,shil,fixed_k,shil.final_ranker_score,4,"[0,29,460,596]","[[0,1],[2,3],[4,5,6],[7,8,9]]"
S05,S05,1231,1231,shil.fixed_k.k08,shil,fixed_k,shil.final_ranker_score,8,"[0,29,460,596,320,401,159,239]","[[0,1],[2,3],[4,5,6],[7,8,9],[2,3,8],[3,4,12],[0,4,5],[1,3,5]]"
S05,S05,1231,1231,shil.fixed_k.k16,shil,fixed_k,shil.final_ranker_score,16,"[0,29,460,596,320,401,159,239,150,183,318,170,353,580,68,435]","[[0,1],[2,3],[4,5,6],[7,8,9],[2,3,8],[3,4,12],[0,4,5],[1,3,5],[0,3,7],[0,6,10],[2,3,6],[0,5,6],[2,6,11],[6,9,15],[5,9],[3,8,12]]"
S05,S05,1231,1231,shil.validation_one_se,shil,validation_one_se,shil.final_ranker_score,4,"[0,29,460,596]","[[0,1],[2,3],[4,5,6],[7,8,9]]"
S05,S05,1231,1231,shil.cpss_one_se,shil,cpss_one_se,shil.final_development_selection_frequency,4,"[0,29,460,596]","[[0,1],[2,3],[4,5,6],[7,8,9]]"
S05,S05,1231,1231,l1.fixed_k.k01,l1,fixed_k,l1.final_ranker_score,1,[0],"[[0,1]]"
S05,S05,1231,1231,l1.fixed_k.k02,l1,fixed_k,l1.final_ranker_score,2,"[0,29]","[[0,1],[2,3]]"
S05,S05,1231,1231,l1.fixed_k.k04,l1,fixed_k,l1.final_ranker_score,4,"[0,29,460,596]","[[0,1],[2,3],[4,5,6],[7,8,9]]"
S05,S05,1231,1231,l1.fixed_k.k08,l1,fixed_k,l1.final_ranker_score,8,"[0,29,460,596,353,78,620,491]","[[0,1],[2,3],[4,5,6],[7,8,9],[2,6,11],[6,10],[7,12,15],[4,8,13]]"
S05,S05,1231,1231,l1.fixed_k.k16,l1,fixed_k,l1.final_ranker_score,16,"[0,29,460,596,353,78,620,491,435,424,66,151,523,94,646,259]","[[0,1],[2,3],[4,5,6],[7,8,9],[2,6,11],[6,10],[7,12,15],[4,8,13],[3,8,12],[3,7,8],[5,7],[0,3,8],[5,6,15],[8,11],[9,10,12],[1,4,14]]"
S05,S05,1231,1231,l1.validation_one_se,l1,validation_one_se,l1.final_ranker_score,4,"[0,29,460,596]","[[0,1],[2,3],[4,5,6],[7,8,9]]"
S05,S05,1231,1231,l1.cpss_one_se,l1,cpss_one_se,l1.final_development_selection_frequency,4,"[0,29,460,596]","[[0,1],[2,3],[4,5,6],[7,8,9]]"
S05,S05,1249,1249,shil.fixed_k.k01,shil,fixed_k,shil.final_ranker_score,1,[0],"[[0,1]]"
S05,S05,1249,1249,shil.fixed_k.k02,shil,fixed_k,shil.final_ranker_score,2,"[0,460]","[[0,1],[4,5,6]]"
S05,S05,1249,1249,shil.fixed_k.k04,shil,fixed_k,shil.final_ranker_score,4,"[0,460,29,596]","[[0,1],[4,5,6],[2,3],[7,8,9]]"
S05,S05,1249,1249,shil.fixed_k.k08,shil,fixed_k,shil.final_ranker_score,8,"[0,460,29,596,401,318,65,74]","[[0,1],[4,5,6],[2,3],[7,8,9],[3,4,12],[2,3,6],[5,6],[5,15]]"
S05,S05,1249,1249,shil.fixed_k.k16,shil,fixed_k,shil.final_ranker_score,16,"[0,460,29,596,401,318,65,74,269,487,369,92,242,488,187,276]","[[0,1],[4,5,6],[2,3],[7,8,9],[3,4,12],[2,3,6],[5,6],[5,15],[1,5,14],[4,8,9],[2,8,12],[8,9],[1,3,8],[4,8,10],[0,6,14],[1,6,12]]"
S05,S05,1249,1249,shil.validation_one_se,shil,validation_one_se,shil.final_ranker_score,4,"[0,460,29,596]","[[0,1],[4,5,6],[2,3],[7,8,9]]"
S05,S05,1249,1249,shil.cpss_one_se,shil,cpss_one_se,shil.final_development_selection_frequency,4,"[0,29,460,596]","[[0,1],[2,3],[4,5,6],[7,8,9]]"
S05,S05,1249,1249,l1.fixed_k.k01,l1,fixed_k,l1.final_ranker_score,1,[0],"[[0,1]]"
S05,S05,1249,1249,l1.fixed_k.k02,l1,fixed_k,l1.final_ranker_score,2,"[0,460]","[[0,1],[4,5,6]]"
S05,S05,1249,1249,l1.fixed_k.k04,l1,fixed_k,l1.final_ranker_score,4,"[0,460,29,596]","[[0,1],[4,5,6],[2,3],[7,8,9]]"
S05,S05,1249,1249,l1.fixed_k.k08,l1,fixed_k,l1.final_ranker_score,8,"[0,460,29,596,269,401,538,110]","[[0,1],[4,5,6],[2,3],[7,8,9],[1,5,14],[3,4,12],[5,8,15],[11,12]]"
S05,S05,1249,1249,l1.fixed_k.k16,l1,fixed_k,l1.final_ranker_score,16,"[0,460,29,596,269,401,538,110,330,556,48,487,615,413,32,669]","[[0,1],[4,5,6],[2,3],[7,8,9],[1,5,14],[3,4,12],[5,8,15],[11,12],[2,4,7],[5,12,15],[3,10],[4,8,9],[7,11,13],[3,5,14],[2,6],[10,14,15]]"
S05,S05,1249,1249,l1.validation_one_se,l1,validation_one_se,l1.final_ranker_score,4,"[0,460,29,596]","[[0,1],[4,5,6],[2,3],[7,8,9]]"
S05,S05,1249,1249,l1.cpss_one_se,l1,cpss_one_se,l1.final_development_selection_frequency,4,"[0,29,460,596]","[[0,1],[2,3],[4,5,6],[7,8,9]]"
S05,S05,1277,1277,shil.fixed_k.k01,shil,fixed_k,shil.final_ranker_score,1,[0],"[[0,1]]"
S05,S05,1277,1277,shil.fixed_k.k02,shil,fixed_k,shil.final_ranker_score,2,"[0,460]","[[0,1],[4,5,6]]"
S05,S05,1277,1277,shil.fixed_k.k04,shil,fixed_k,shil.final_ranker_score,4,"[0,460,29,596]","[[0,1],[4,5,6],[2,3],[7,8,9]]"
S05,S05,1277,1277,shil.fixed_k.k08,shil,fixed_k,shil.final_ranker_score,8,"[0,460,29,596,639,48,149,393]","[[0,1],[4,5,6],[2,3],[7,8,9],[8,12,13],[3,10],[0,3,6],[2,14,15]]"
S05,S05,1277,1277,shil.fixed_k.k16,shil,fixed_k,shil.final_ranker_score,16,"[0,460,29,596,639,48,149,393,130,597,246,243,238,523,237,380]","[[0,1],[4,5,6],[2,3],[7,8,9],[8,12,13],[3,10],[0,3,6],[2,14,15],[0,1,12],[7,8,10],[1,3,12],[1,3,9],[1,3,4],[5,6,15],[1,2,15],[2,10,12]]"
S05,S05,1277,1277,shil.validation_one_se,shil,validation_one_se,shil.final_ranker_score,4,"[0,460,29,596]","[[0,1],[4,5,6],[2,3],[7,8,9]]"
S05,S05,1277,1277,shil.cpss_one_se,shil,cpss_one_se,shil.final_development_selection_frequency,4,"[0,29,460,596]","[[0,1],[2,3],[4,5,6],[7,8,9]]"
S05,S05,1277,1277,l1.fixed_k.k01,l1,fixed_k,l1.final_ranker_score,1,[0],"[[0,1]]"
S05,S05,1277,1277,l1.fixed_k.k02,l1,fixed_k,l1.final_ranker_score,2,"[0,460]","[[0,1],[4,5,6]]"
S05,S05,1277,1277,l1.fixed_k.k04,l1,fixed_k,l1.final_ranker_score,4,"[0,460,29,596]","[[0,1],[4,5,6],[2,3],[7,8,9]]"
S05,S05,1277,1277,l1.fixed_k.k08,l1,fixed_k,l1.final_ranker_score,8,"[0,460,29,596,48,597,639,589]","[[0,1],[4,5,6],[2,3],[7,8,9],[3,10],[7,8,10],[8,12,13],[6,11,15]]"
S05,S05,1277,1277,l1.fixed_k.k16,l1,fixed_k,l1.final_ranker_score,16,"[0,460,29,596,48,597,639,589,543,237,393,232,270,638,33,65]","[[0,1],[4,5,6],[2,3],[7,8,9],[3,10],[7,8,10],[8,12,13],[6,11,15],[5,9,14],[1,2,15],[2,14,15],[1,2,10],[1,5,15],[8,11,15],[2,7],[5,6]]"
S05,S05,1277,1277,l1.validation_one_se,l1,validation_one_se,l1.final_ranker_score,4,"[0,460,29,596]","[[0,1],[4,5,6],[2,3],[7,8,9]]"
S05,S05,1277,1277,l1.cpss_one_se,l1,cpss_one_se,l1.final_development_selection_frequency,4,"[0,29,460,596]","[[0,1],[2,3],[4,5,6],[7,8,9]]"
S06,S06,1103,1103,shil.fixed_k.k01,shil,fixed_k,shil.final_ranker_score,1,[0],"[[0,1]]"
S06,S06,1103,1103,shil.fixed_k.k02,shil,fixed_k,shil.final_ranker_score,2,"[0,61]","[[0,1],[2,3]]"
S06,S06,1103,1103,shil.fixed_k.k04,shil,fixed_k,shil.final_ranker_score,4,"[0,61,2180,3156]","[[0,1],[2,3],[4,5,6],[7,8,9]]"
S06,S06,1103,1103,shil.fixed_k.k08,shil,fixed_k,shil.final_ranker_score,8,"[0,61,2180,3156,4757,3333,3571,4522]","[[0,1],[2,3],[4,5,6],[7,8,9],[14,25,28],[7,17,24],[8,16,23],[13,16,19]]"
S06,S06,1103,1103,shil.fixed_k.k16,shil,fixed_k,shil.final_ranker_score,16,"[0,61,2180,3156,4757,3333,3571,4522,4867,2196,2801,4414,4382,4038,2542,1531]","[[0,1],[2,3],[4,5,6],[7,8,9],[14,25,28],[7,17,24],[8,16,23],[13,16,19],[15,23,31],[4,5,22],[5,21,22],[12,19,25],[12,17,18],[10,18,22],[5,6,18],[2,8,14]]"
S06,S06,1103,1103,shil.validation_one_se,shil,validation_one_se,shil.final_ranker_score,4,"[0,61,2180,3156]","[[0,1],[2,3],[4,5,6],[7,8,9]]"
S06,S06,1103,1103,shil.cpss_one_se,shil,cpss_one_se,shil.final_development_selection_frequency,4,"[0,61,2180,3156]","[[0,1],[2,3],[4,5,6],[7,8,9]]"
S06,S06,1103,1103,l1.fixed_k.k01,l1,fixed_k,l1.final_ranker_score,1,[0],"[[0,1]]"
S06,S06,1103,1103,l1.fixed_k.k02,l1,fixed_k,l1.final_ranker_score,2,"[0,61]","[[0,1],[2,3]]"
S06,S06,1103,1103,l1.fixed_k.k04,l1,fixed_k,l1.final_ranker_score,4,"[0,61,2180,3156]","[[0,1],[2,3],[4,5,6],[7,8,9]]"
S06,S06,1103,1103,l1.fixed_k.k08,l1,fixed_k,l1.final_ranker_score,8,"[0,61,2180,3156,1749,2960,2172,5081]","[[0,1],[2,3],[4,5,6],[7,8,9],[2,21,24],[6,11,26],[3,27,30],[17,26,31]]"
S06,S06,1103,1103,l1.fixed_k.k16,l1,fixed_k,l1.final_ranker_score,16,"[0,61,2180,3156,1749,2960,2172,5081,5330,228,4221,252,384,2035,5165,1726]","[[0,1],[2,3],[4,5,6],[7,8,9],[2,21,24],[6,11,26],[3,27,30],[17,26,31],[21,28,29],[8,17],[11,17,28],[9,19],[16,25],[3,14,23],[18,28,30],[2,19,22]]"
S06,S06,1103,1103,l1.validation_one_se,l1,validation_one_se,l1.final_ranker_score,4,"[0,61,2180,3156]","[[0,1],[2,3],[4,5,6],[7,8,9]]"
S06,S06,1103,1103,l1.cpss_one_se,l1,cpss_one_se,l1.final_development_selection_frequency,4,"[0,61,2180,3156]","[[0,1],[2,3],[4,5,6],[7,8,9]]"
S06,S06,1129,1129,shil.fixed_k.k01,shil,fixed_k,shil.final_ranker_score,1,[0],"[[0,1]]"
S06,S06,1129,1129,shil.fixed_k.k02,shil,fixed_k,shil.final_ranker_score,2,"[0,61]","[[0,1],[2,3]]"
S06,S06,1129,1129,shil.fixed_k.k04,shil,fixed_k,shil.final_ranker_score,4,"[0,61,3156,2180]","[[0,1],[2,3],[7,8,9],[4,5,6]]"
S06,S06,1129,1129,shil.fixed_k.k08,shil,fixed_k,shil.final_ranker_score,8,"[0,61,3156,2180,1575,872,4947,242]","[[0,1],[2,3],[7,8,9],[4,5,6],[2,10,15],[0,18,21],[16,21,23],[8,31]]"
S06,S06,1129,1129,shil.fixed_k.k16,shil,fixed_k,shil.final_ranker_score,16,"[0,61,3156,2180,1575,872,4947,242,576,2120,3725,3091,674,3120,1726,306]","[[0,1],[2,3],[7,8,9],[4,5,6],[2,10,15],[0,18,21],[16,21,23],[8,31],[0,3,25],[3,20,27],[9,11,31],[6,20,22],[0,7,21],[6,23,24],[2,19,22],[12,13]]"
S06,S06,1129,1129,shil.validation_one_se,shil,validation_one_se,shil.final_ranker_score,4,"[0,61,3156,2180]","[[0,1],[2,3],[7,8,9],[4,5,6]]"
S06,S06,1129,1129,shil.cpss_one_se,shil,cpss_one_se,shil.final_development_selection_frequency,4,"[0,61,2180,3156]","[[0,1],[2,3],[4,5,6],[7,8,9]]"
S06,S06,1129,1129,l1.fixed_k.k01,l1,fixed_k,l1.final_ranker_score,1,[0],"[[0,1]]"
S06,S06,1129,1129,l1.fixed_k.k02,l1,fixed_k,l1.final_ranker_score,2,"[0,61]","[[0,1],[2,3]]"
S06,S06,1129,1129,l1.fixed_k.k04,l1,fixed_k,l1.final_ranker_score,4,"[0,61,2180,3156]","[[0,1],[2,3],[4,5,6],[7,8,9]]"
S06,S06,1129,1129,l1.fixed_k.k08,l1,fixed_k,l1.final_ranker_score,8,"[0,61,2180,3156,3725,2403,201,1220]","[[0,1],[2,3],[4,5,6],[7,8,9],[9,11,31],[4,15,24],[7,13],[1,12,27]]"
S06,S06,1129,1129,l1.fixed_k.k16,l1,fixed_k,l1.final_ranker_score,16,"[0,61,2180,3156,3725,2403,201,1220,5350,118,3940,5435,2659,4601,983,306]","[[0,1],[2,3],[4,5,6],[7,8,9],[9,11,31],[4,15,24],[7,13],[1,12,27],[22,24,31],[4,5],[10,12,17],[25,30,31],[5,11,25],[13,22,29],[1,2,25],[12,13]]"
S06,S06,1129,1129,l1.validation_one_se,l1,validation_one_se,l1.final_ranker_score,4,"[0,61,2180,3156]","[[0,1],[2,3],[4,5,6],[7,8,9]]"
S06,S06,1129,1129,l1.cpss_one_se,l1,cpss_one_se,l1.final_development_selection_frequency,4,"[0,61,2180,3156]","[[0,1],[2,3],[4,5,6],[7,8,9]]"
S06,S06,1151,1151,shil.fixed_k.k01,shil,fixed_k,shil.final_ranker_score,1,[0],"[[0,1]]"
S06,S06,1151,1151,shil.fixed_k.k02,shil,fixed_k,shil.final_ranker_score,2,"[0,61]","[[0,1],[2,3]]"
S06,S06,1151,1151,shil.fixed_k.k04,shil,fixed_k,shil.final_ranker_score,4,"[0,61,3156,2180]","[[0,1],[2,3],[7,8,9],[4,5,6]]"
S06,S06,1151,1151,shil.fixed_k.k08,shil,fixed_k,shil.final_ranker_score,8,"[0,61,3156,2180,1688,2442,1050,3491]","[[0,1],[2,3],[7,8,9],[4,5,6],[2,16,23],[4,18,21],[1,5,11],[8,11,28]]"
S06,S06,1151,1151,shil.fixed_k.k16,shil,fixed_k,shil.final_ranker_score,16,"[0,61,3156,2180,1688,2442,1050,3491,3235,5349,3081,4865,5128,3951,375,4313]","[[0,1],[2,3],[7,8,9],[4,5,6],[2,16,23],[4,18,21],[1,5,11],[8,11,28],[7,11,25],[22,24,30],[6,19,23],[15,23,29],[18,22,26],[10,12,28],[15,31],[11,29,30]]"
S06,S06,1151,1151,shil.validation_one_se,shil,validation_one_se,shil.final_ranker_score,4,"[0,61,3156,2180]","[[0,1],[2,3],[7,8,9],[4,5,6]]"
S06,S06,1151,1151,shil.cpss_one_se,shil,cpss_one_se,shil.final_development_selection_frequency,4,"[0,61,2180,3156]","[[0,1],[2,3],[4,5,6],[7,8,9]]"
S06,S06,1151,1151,l1.fixed_k.k01,l1,fixed_k,l1.final_ranker_score,1,[0],"[[0,1]]"
S06,S06,1151,1151,l1.fixed_k.k02,l1,fixed_k,l1.final_ranker_score,2,"[0,2180]","[[0,1],[4,5,6]]"
S06,S06,1151,1151,l1.fixed_k.k04,l1,fixed_k,l1.final_ranker_score,4,"[0,2180,61,3156]","[[0,1],[4,5,6],[2,3],[7,8,9]]"
S06,S06,1151,1151,l1.fixed_k.k08,l1,fixed_k,l1.final_ranker_score,8,"[0,2180,61,3156,4068,2210,377,4865]","[[0,1],[4,5,6],[2,3],[7,8,9],[10,20,29],[4,6,11],[16,18],[15,23,29]]"
S06,S06,1151,1151,l1.fixed_k.k16,l1,fixed_k,l1.final_ranker_score,16,"[0,2180,61,3156,4068,2210,377,4865,1050,5302,4746,5364,3470,3324,4365,2670]","[[0,1],[4,5,6],[2,3],[7,8,9],[10,20,29],[4,6,11],[16,18],[15,23,29],[1,5,11],[21,23,26],[14,23,30],[22,27,30],[8,10,27],[7,16,29],[12,15,30],[5,12,17]]"
S06,S06,1151,1151,l1.validation_one_se,l1,validation_one_se,l1.final_ranker_score,4,"[0,2180,61,3156]","[[0,1],[4,5,6],[2,3],[7,8,9]]"
S06,S06,1151,1151,l1.cpss_one_se,l1,cpss_one_se,l1.final_development_selection_frequency,4,"[0,61,2180,3156]","[[0,1],[2,3],[4,5,6],[7,8,9]]"
S06,S06,1171,1171,shil.fixed_k.k01,shil,fixed_k,shil.final_ranker_score,1,[0],"[[0,1]]"
S06,S06,1171,1171,shil.fixed_k.k02,shil,fixed_k,shil.final_ranker_score,2,"[0,61]","[[0,1],[2,3]]"
S06,S06,1171,1171,shil.fixed_k.k04,shil,fixed_k,shil.final_ranker_score,4,"[0,61,2180,3156]","[[0,1],[2,3],[4,5,6],[7,8,9]]"
S06,S06,1171,1171,shil.fixed_k.k08,shil,fixed_k,shil.final_ranker_score,8,"[0,61,2180,3156,3155,3508,4568,1741]","[[0,1],[2,3],[4,5,6],[7,8,9],[6,30,31],[8,12,26],[13,19,26],[2,20,26]]"
S06,S06,1171,1171,shil.fixed_k.k16,shil,fixed_k,shil.final_ranker_score,16,"[0,61,2180,3156,3155,3508,4568,1741,4978,1542,2359,2123,3526,1673,4327,1012]","[[0,1],[2,3],[4,5,6],[7,8,9],[6,30,31],[8,12,26],[13,19,26],[2,20,26],[16,24,30],[2,8,25],[4,12,31],[3,20,30],[8,13,26],[2,15,23],[12,13,25],[1,3,26]]"
S06,S06,1171,1171,shil.validation_one_se,shil,validation_one_se,shil.final_ranker_score,4,"[0,61,2180,3156]","[[0,1],[2,3],[4,5,6],[7,8,9]]"
S06,S06,1171,1171,shil.cpss_one_se,shil,cpss_one_se,shil.final_development_selection_frequency,4,"[0,61,2180,3156]","[[0,1],[2,3],[4,5,6],[7,8,9]]"
S06,S06,1171,1171,l1.fixed_k.k01,l1,fixed_k,l1.final_ranker_score,1,[0],"[[0,1]]"
S06,S06,1171,1171,l1.fixed_k.k02,l1,fixed_k,l1.final_ranker_score,2,"[0,2180]","[[0,1],[4,5,6]]"
S06,S06,1171,1171,l1.fixed_k.k04,l1,fixed_k,l1.final_ranker_score,4,"[0,2180,61,3156]","[[0,1],[4,5,6],[2,3],[7,8,9]]"
S06,S06,1171,1171,l1.fixed_k.k08,l1,fixed_k,l1.final_ranker_score,8,"[0,2180,61,3156,290,2399,939,1741]","[[0,1],[4,5,6],[2,3],[7,8,9],[11,16],[4,15,20],[0,24,31],[2,20,26]]"
S06,S06,1171,1171,l1.fixed_k.k16,l1,fixed_k,l1.final_ranker_score,16,"[0,2180,61,3156,290,2399,939,1741,2359,4221,3285,3389,279,3468,4489,5141]","[[0,1],[4,5,6],[2,3],[7,8,9],[11,16],[4,15,20],[0,24,31],[2,20,26],[4,12,31],[11,17,28],[7,14,21],[7,22,25],[10,25],[8,10,25],[13,14,17],[18,23,31]]"
S06,S06,1171,1171,l1.validation_one_se,l1,validation_one_se,l1.final_ranker_score,4,"[0,2180,61,3156]","[[0,1],[4,5,6],[2,3],[7,8,9]]"
S06,S06,1171,1171,l1.cpss_one_se,l1,cpss_one_se,l1.final_development_selection_frequency,4,"[0,61,2180,3156]","[[0,1],[2,3],[4,5,6],[7,8,9]]"
S06,S06,1181,1181,shil.fixed_k.k01,shil,fixed_k,shil.final_ranker_score,1,[0],"[[0,1]]"
S06,S06,1181,1181,shil.fixed_k.k02,shil,fixed_k,shil.final_ranker_score,2,"[0,61]","[[0,1],[2,3]]"
S06,S06,1181,1181,shil.fixed_k.k04,shil,fixed_k,shil.final_ranker_score,4,"[0,61,2180,3156]","[[0,1],[2,3],[4,5,6],[7,8,9]]"
S06,S06,1181,1181,shil.fixed_k.k08,shil,fixed_k,shil.final_ranker_score,8,"[0,61,2180,3156,3901,2645,3133,5439]","[[0,1],[2,3],[4,5,6],[7,8,9],[9,26,27],[5,10,31],[6,24,30],[26,27,31]]"
S06,S06,1181,1181,shil.fixed_k.k16,shil,fixed_k,shil.final_ranker_score,16,"[0,61,2180,3156,3901,2645,3133,5439,2620,2363,3405,3483,18,4137,3159,5144]","[[0,1],[2,3],[4,5,6],[7,8,9],[9,26,27],[5,10,31],[6,24,30],[26,27,31],[5,9,27],[4,13,17],[7,24,26],[8,11,20],[0,19],[11,12,24],[7,8,12],[18,24,27]]"
S06,S06,1181,1181,shil.validation_one_se,shil,validation_one_se,shil.final_ranker_score,4,"[0,61,2180,3156]","[[0,1],[2,3],[4,5,6],[7,8,9]]"
S06,S06,1181,1181,shil.cpss_one_se,shil,cpss_one_se,shil.final_development_selection_frequency,4,"[0,61,2180,3156]","[[0,1],[2,3],[4,5,6],[7,8,9]]"
S06,S06,1181,1181,l1.fixed_k.k01,l1,fixed_k,l1.final_ranker_score,1,[0],"[[0,1]]"
S06,S06,1181,1181,l1.fixed_k.k02,l1,fixed_k,l1.final_ranker_score,2,"[0,61]","[[0,1],[2,3]]"
S06,S06,1181,1181,l1.fixed_k.k04,l1,fixed_k,l1.final_ranker_score,4,"[0,61,2180,3156]","[[0,1],[2,3],[4,5,6],[7,8,9]]"
S06,S06,1181,1181,l1.fixed_k.k08,l1,fixed_k,l1.final_ranker_score,8,"[0,61,2180,3156,3315,3994,3576,2102]","[[0,1],[2,3],[4,5,6],[7,8,9],[7,16,20],[10,15,20],[8,16,28],[3,19,20]]"
S06,S06,1181,1181,l1.fixed_k.k16,l1,fixed_k,l1.final_ranker_score,16,"[0,61,2180,3156,3315,3994,3576,2102,2363,5228,95,2292,3940,304,4327,4088]","[[0,1],[2,3],[4,5,6],[7,8,9],[7,16,20],[10,15,20],[8,16,28],[3,19,20],[4,13,17],[19,27,30],[3,9],[4,9,24],[10,12,17],[11,30],[12,13,25],[10,22,30]]"
S06,S06,1181,1181,l1.validation_one_se,l1,validation_one_se,l1.final_ranker_score,4,"[0,61,2180,3156]","[[0,1],[2,3],[4,5,6],[7,8,9]]"
S06,S06,1181,1181,l1.cpss_one_se,l1,cpss_one_se,l1.final_development_selection_frequency,4,"[0,61,2180,3156]","[[0,1],[2,3],[4,5,6],[7,8,9]]"
S06,S06,1201,1201,shil.fixed_k.k01,shil,fixed_k,shil.final_ranker_score,1,[0],"[[0,1]]"
S06,S06,1201,1201,shil.fixed_k.k02,shil,fixed_k,shil.final_ranker_score,2,"[0,61]","[[0,1],[2,3]]"
S06,S06,1201,1201,shil.fixed_k.k04,shil,fixed_k,shil.final_ranker_score,4,"[0,61,2180,3156]","[[0,1],[2,3],[4,5,6],[7,8,9]]"
S06,S06,1201,1201,shil.fixed_k.k08,shil,fixed_k,shil.final_ranker_score,8,"[0,61,2180,3156,4865,1928,5103,2334]","[[0,1],[2,3],[4,5,6],[7,8,9],[15,23,29],[3,9,11],[18,19,31],[4,11,25]]"
S06,S06,1201,1201,shil.fixed_k.k16,shil,fixed_k,shil.final_ranker_score,16,"[0,61,2180,3156,4865,1928,5103,2334,172,2749,2556,4544,3775,1438,102,5245]","[[0,1],[2,3],[4,5,6],[7,8,9],[15,23,29],[3,9,11],[18,19,31],[4,11,25],[6,8],[5,16,30],[5,7,8],[13,17,27],[9,14,27],[2,4,19],[3,16],[20,21,31]]"
S06,S06,1201,1201,shil.validation_one_se,shil,validation_one_se,shil.final_ranker_score,4,"[0,61,2180,3156]","[[0,1],[2,3],[4,5,6],[7,8,9]]"
S06,S06,1201,1201,shil.cpss_one_se,shil,cpss_one_se,shil.final_development_selection_frequency,4,"[0,61,2180,3156]","[[0,1],[2,3],[4,5,6],[7,8,9]]"
S06,S06,1201,1201,l1.fixed_k.k01,l1,fixed_k,l1.final_ranker_score,1,[0],"[[0,1]]"
S06,S06,1201,1201,l1.fixed_k.k02,l1,fixed_k,l1.final_ranker_score,2,"[0,61]","[[0,1],[2,3]]"
S06,S06,1201,1201,l1.fixed_k.k04,l1,fixed_k,l1.final_ranker_score,4,"[0,61,2180,3156]","[[0,1],[2,3],[4,5,6],[7,8,9]]"
S06,S06,1201,1201,l1.fixed_k.k08,l1,fixed_k,l1.final_ranker_score,8,"[0,61,2180,3156,3009,3172,1312,3820]","[[0,1],[2,3],[4,5,6],[7,8,9],[6,14,21],[7,8,25],[1,18,26],[9,17,27]]"
S06,S06,1201,1201,l1.fixed_k.k16,l1,fixed_k,l1.final_ranker_score,16,"[0,61,2180,3156,3009,3172,1312,3820,2697,4736,4656,3104,21,4455,3053,155]","[[0,1],[2,3],[4,5,6],[7,8,9],[6,14,21],[7,8,25],[1,18,26],[9,17,27],[5,13,26],[14,22,28],[14,16,17],[6,21,25],[0,22],[12,23,28],[6,17,20],[5,16]]"
S06,S06,1201,1201,l1.validation_one_se,l1,validation_one_se,l1.final_ranker_score,4,"[0,61,2180,3156]","[[0,1],[2,3],[4,5,6],[7,8,9]]"
S06,S06,1201,1201,l1.cpss_one_se,l1,cpss_one_se,l1.final_development_selection_frequency,4,"[0,61,2180,3156]","[[0,1],[2,3],[4,5,6],[7,8,9]]"
S06,S06,1213,1213,shil.fixed_k.k01,shil,fixed_k,shil.final_ranker_score,1,[0],"[[0,1]]"
S06,S06,1213,1213,shil.fixed_k.k02,shil,fixed_k,shil.final_ranker_score,2,"[0,61]","[[0,1],[2,3]]"
S06,S06,1213,1213,shil.fixed_k.k04,shil,fixed_k,shil.final_ranker_score,4,"[0,61,3156,2180]","[[0,1],[2,3],[7,8,9],[4,5,6]]"
S06,S06,1213,1213,shil.fixed_k.k08,shil,fixed_k,shil.final_ranker_score,8,"[0,61,3156,2180,3330,2216,1537,822]","[[0,1],[2,3],[7,8,9],[4,5,6],[7,17,21],[4,6,17],[2,8,20],[0,14,29]]"
S06,S06,1213,1213,shil.fixed_k.k16,shil,fixed_k,shil.final_ranker_score,16,"[0,61,3156,2180,3330,2216,1537,822,5139,468,4818,3109,63,5395,200,2918]","[[0,1],[2,3],[7,8,9],[4,5,6],[7,17,21],[4,6,17],[2,8,20],[0,14,29],[18,23,29],[24,25],[15,19,20],[6,21,30],[2,5],[23,28,30],[7,12],[6,9,25]]"
S06,S06,1213,1213,shil.validation_one_se,shil,validation_one_se,shil.final_ranker_score,4,"[0,61,3156,2180]","[[0,1],[2,3],[7,8,9],[4,5,6]]"
S06,S06,1213,1213,shil.cpss_one_se,shil,cpss_one_se,shil.final_development_selection_frequency,4,"[0,61,2180,3156]","[[0,1],[2,3],[4,5,6],[7,8,9]]"
S06,S06,1213,1213,l1.fixed_k.k01,l1,fixed_k,l1.final_ranker_score,1,[0],"[[0,1]]"
S06,S06,1213,1213,l1.fixed_k.k02,l1,fixed_k,l1.final_ranker_score,2,"[0,61]","[[0,1],[2,3]]"
S06,S06,1213,1213,l1.fixed_k.k04,l1,fixed_k,l1.final_ranker_score,4,"[0,61,2180,3156]","[[0,1],[2,3],[4,5,6],[7,8,9]]"
S06,S06,1213,1213,l1.fixed_k.k08,l1,fixed_k,l1.final_ranker_score,8,"[0,61,2180,3156,2129,4311,2349,2970]","[[0,1],[2,3],[4,5,6],[7,8,9],[3,21,26],[11,28,30],[4,12,21],[6,12,17]]"
S06,S06,1213,1213,l1.fixed_k.k16,l1,fixed_k,l1.final_ranker_score,16,"[0,61,2180,3156,2129,4311,2349,2970,4187,4016,1845,2791,213,4678,4503,4314]","[[0,1],[2,3],[4,5,6],[7,8,9],[3,21,26],[11,28,30],[4,12,21],[6,12,17],[11,15,23],[10,16,27],[3,5,22],[5,20,22],[7,25],[14,17,25],[13,14,31],[11,29,31]]"
S06,S06,1213,1213,l1.validation_one_se,l1,validation_one_se,l1.final_ranker_score,4,"[0,61,2180,3156]","[[0,1],[2,3],[4,5,6],[7,8,9]]"
S06,S06,1213,1213,l1.cpss_one_se,l1,cpss_one_se,l1.final_development_selection_frequency,4,"[0,61,2180,3156]","[[0,1],[2,3],[4,5,6],[7,8,9]]"
S06,S06,1231,1231,shil.fixed_k.k01,shil,fixed_k,shil.final_ranker_score,1,[0],"[[0,1]]"
S06,S06,1231,1231,shil.fixed_k.k02,shil,fixed_k,shil.final_ranker_score,2,"[0,61]","[[0,1],[2,3]]"
S06,S06,1231,1231,shil.fixed_k.k04,shil,fixed_k,shil.final_ranker_score,4,"[0,61,3156,2180]","[[0,1],[2,3],[7,8,9],[4,5,6]]"
S06,S06,1231,1231,shil.fixed_k.k08,shil,fixed_k,shil.final_ranker_score,8,"[0,61,3156,2180,135,3717,2123,613]","[[0,1],[2,3],[7,8,9],[4,5,6],[4,22],[9,11,23],[3,20,30],[0,5,9]]"
S06,S06,1231,1231,shil.fixed_k.k16,shil,fixed_k,shil.final_ranker_score,16,"[0,61,3156,2180,135,3717,2123,613,994,19,4883,1667,1938,206,191,5095]","[[0,1],[2,3],[7,8,9],[4,5,6],[4,22],[9,11,23],[3,20,30],[0,5,9],[1,3,8],[0,20],[15,26,29],[2,15,17],[3,9,21],[7,18],[6,27],[18,19,23]]"
S06,S06,1231,1231,shil.validation_one_se,shil,validation_one_se,shil.final_ranker_score,4,"[0,61,3156,2180]","[[0,1],[2,3],[7,8,9],[4,5,6]]"
S06,S06,1231,1231,shil.cpss_one_se,shil,cpss_one_se,shil.final_development_selection_frequency,4,"[0,61,2180,3156]","[[0,1],[2,3],[4,5,6],[7,8,9]]"
S06,S06,1231,1231,l1.fixed_k.k01,l1,fixed_k,l1.final_ranker_score,1,[0],"[[0,1]]"
S06,S06,1231,1231,l1.fixed_k.k02,l1,fixed_k,l1.final_ranker_score,2,"[0,2180]","[[0,1],[4,5,6]]"
S06,S06,1231,1231,l1.fixed_k.k04,l1,fixed_k,l1.final_ranker_score,4,"[0,2180,61,3156]","[[0,1],[4,5,6],[2,3],[7,8,9]]"
S06,S06,1231,1231,l1.fixed_k.k08,l1,fixed_k,l1.final_ranker_score,8,"[0,2180,61,3156,4108,5152,620,1709]","[[0,1],[4,5,6],[2,3],[7,8,9],[10,25,29],[18,25,29],[0,5,16],[2,17,30]]"
S06,S06,1231,1231,l1.fixed_k.k16,l1,fixed_k,l1.final_ranker_score,16,"[0,2180,61,3156,4108,5152,620,1709,21,2677,2754,4848,5241,2909,675,1280]","[[0,1],[4,5,6],[2,3],[7,8,9],[10,25,29],[18,25,29],[0,5,16],[2,17,30],[0,22],[5,12,24],[5,17,21],[15,21,29],[20,21,27],[6,9,16],[0,7,22],[1,16,21]]"
S06,S06,1231,1231,l1.validation_one_se,l1,validation_one_se,l1.final_ranker_score,4,"[0,2180,61,3156]","[[0,1],[4,5,6],[2,3],[7,8,9]]"
S06,S06,1231,1231,l1.cpss_one_se,l1,cpss_one_se,l1.final_development_selection_frequency,4,"[0,61,2180,3156]","[[0,1],[2,3],[4,5,6],[7,8,9]]"
S06,S06,1249,1249,shil.fixed_k.k01,shil,fixed_k,shil.final_ranker_score,1,[0],"[[0,1]]"
S06,S06,1249,1249,shil.fixed_k.k02,shil,fixed_k,shil.final_ranker_score,2,"[0,61]","[[0,1],[2,3]]"
S06,S06,1249,1249,shil.fixed_k.k04,shil,fixed_k,shil.final_ranker_score,4,"[0,61,2180,3156]","[[0,1],[2,3],[4,5,6],[7,8,9]]"
S06,S06,1249,1249,shil.fixed_k.k08,shil,fixed_k,shil.final_ranker_score,8,"[0,61,2180,3156,3003,56,2591,2465]","[[0,1],[2,3],[4,5,6],[7,8,9],[6,14,15],[1,27],[5,8,20],[4,20,21]]"
S06,S06,1249,1249,shil.fixed_k.k16,shil,fixed_k,shil.final_ranker_score,16,"[0,61,2180,3156,3003,56,2591,2465,1720,2315,3796,5154,5435,2884,3360,691]","[[0,1],[2,3],[4,5,6],[7,8,9],[6,14,15],[1,27],[5,8,20],[4,20,21],[2,18,28],[4,10,26],[9,16,17],[18,25,31],[25,30,31],[6,8,13],[7,19,26],[0,8,15]]"
S06,S06,1249,1249,shil.validation_one_se,shil,validation_one_se,shil.final_ranker_score,4,"[0,61,2180,3156]","[[0,1],[2,3],[4,5,6],[7,8,9]]"
S06,S06,1249,1249,shil.cpss_one_se,shil,cpss_one_se,shil.final_development_selection_frequency,4,"[0,61,2180,3156]","[[0,1],[2,3],[4,5,6],[7,8,9]]"
S06,S06,1249,1249,l1.fixed_k.k01,l1,fixed_k,l1.final_ranker_score,1,[0],"[[0,1]]"
S06,S06,1249,1249,l1.fixed_k.k02,l1,fixed_k,l1.final_ranker_score,2,"[0,61]","[[0,1],[2,3]]"
S06,S06,1249,1249,l1.fixed_k.k04,l1,fixed_k,l1.final_ranker_score,4,"[0,61,2180,3156]","[[0,1],[2,3],[4,5,6],[7,8,9]]"
S06,S06,1249,1249,l1.fixed_k.k08,l1,fixed_k,l1.final_ranker_score,8,"[0,61,2180,3156,5053,4937,2438,5364]","[[0,1],[2,3],[4,5,6],[7,8,9],[17,22,29],[16,20,23],[4,17,30],[22,27,30]]"
S06,S06,1249,1249,l1.fixed_k.k16,l1,fixed_k,l1.final_ranker_score,16,"[0,61,2180,3156,5053,4937,2438,5364,4528,4110,5011,2461,2238,4895,679,494]","[[0,1],[2,3],[4,5,6],[7,8,9],[17,22,29],[16,20,23],[4,17,30],[22,27,30],[13,16,25],[10,25,31],[17,18,29],[4,19,28],[4,7,15],[15,30,31],[0,7,26],[29,31]]"
S06,S06,1249,1249,l1.validation_one_se,l1,validation_one_se,l1.final_ranker_score,4,"[0,61,2180,3156]","[[0,1],[2,3],[4,5,6],[7,8,9]]"
S06,S06,1249,1249,l1.cpss_one_se,l1,cpss_one_se,l1.final_development_selection_frequency,4,"[0,61,2180,3156]","[[0,1],[2,3],[4,5,6],[7,8,9]]"
S06,S06,1277,1277,shil.fixed_k.k01,shil,fixed_k,shil.final_ranker_score,1,[0],"[[0,1]]"
S06,S06,1277,1277,shil.fixed_k.k02,shil,fixed_k,shil.final_ranker_score,2,"[0,61]","[[0,1],[2,3]]"
S06,S06,1277,1277,shil.fixed_k.k04,shil,fixed_k,shil.final_ranker_score,4,"[0,61,2180,3156]","[[0,1],[2,3],[4,5,6],[7,8,9]]"
S06,S06,1277,1277,shil.fixed_k.k08,shil,fixed_k,shil.final_ranker_score,8,"[0,61,2180,3156,1793,1335,4168,1627]","[[0,1],[2,3],[4,5,6],[7,8,9],[2,27,29],[1,20,26],[11,14,20],[2,12,28]]"
S06,S06,1277,1277,shil.fixed_k.k16,shil,fixed_k,shil.final_ranker_score,16,"[0,61,2180,3156,1793,1335,4168,1627,2280,5363,3290,2294,3137,4923,3175,318]","[[0,1],[2,3],[4,5,6],[7,8,9],[2,27,29],[1,20,26],[11,14,20],[2,12,28],[4,9,12],[22,27,29],[7,14,26],[4,9,26],[6,25,28],[16,19,20],[7,8,28],[12,25]]"
S06,S06,1277,1277,shil.validation_one_se,shil,validation_one_se,shil.final_ranker_score,4,"[0,61,2180,3156]","[[0,1],[2,3],[4,5,6],[7,8,9]]"
S06,S06,1277,1277,shil.cpss_one_se,shil,cpss_one_se,shil.final_development_selection_frequency,4,"[0,61,2180,3156]","[[0,1],[2,3],[4,5,6],[7,8,9]]"
S06,S06,1277,1277,l1.fixed_k.k01,l1,fixed_k,l1.final_ranker_score,1,[0],"[[0,1]]"
S06,S06,1277,1277,l1.fixed_k.k02,l1,fixed_k,l1.final_ranker_score,2,"[0,61]","[[0,1],[2,3]]"
S06,S06,1277,1277,l1.fixed_k.k04,l1,fixed_k,l1.final_ranker_score,4,"[0,61,2180,3156]","[[0,1],[2,3],[4,5,6],[7,8,9]]"
S06,S06,1277,1277,l1.fixed_k.k08,l1,fixed_k,l1.final_ranker_score,8,"[0,61,2180,3156,4647,3899,2696,2340]","[[0,1],[2,3],[4,5,6],[7,8,9],[14,15,23],[9,25,30],[5,13,25],[4,11,31]]"
S06,S06,1277,1277,l1.fixed_k.k16,l1,fixed_k,l1.final_ranker_score,16,"[0,61,2180,3156,4647,3899,2696,2340,4923,3563,2308,58,1704,3358,5273,393]","[[0,1],[2,3],[4,5,6],[7,8,9],[14,15,23],[9,25,30],[5,13,25],[4,11,31],[16,19,20],[8,15,30],[4,10,19],[1,29],[2,17,25],[7,19,24],[20,25,29],[17,20]]"
S06,S06,1277,1277,l1.validation_one_se,l1,validation_one_se,l1.final_ranker_score,4,"[0,61,2180,3156]","[[0,1],[2,3],[4,5,6],[7,8,9]]"
S06,S06,1277,1277,l1.cpss_one_se,l1,cpss_one_se,l1.final_development_selection_frequency,4,"[0,61,2180,3156]","[[0,1],[2,3],[4,5,6],[7,8,9]]"
S07,S07,1103,1103,shil.fixed_k.k01,shil,fixed_k,shil.final_ranker_score,1,[0],"[[0,1]]"
S07,S07,1103,1103,shil.fixed_k.k02,shil,fixed_k,shil.final_ranker_score,2,"[0,29]","[[0,1],[2,3]]"
S07,S07,1103,1103,shil.fixed_k.k04,shil,fixed_k,shil.final_ranker_score,4,"[0,29,460,596]","[[0,1],[2,3],[4,5,6],[7,8,9]]"
S07,S07,1103,1103,shil.fixed_k.k08,shil,fixed_k,shil.final_ranker_score,8,"[0,29,460,596,416,103,640,396]","[[0,1],[2,3],[4,5,6],[7,8,9],[3,6,8],[9,14],[8,12,14],[3,4,7]]"
S07,S07,1103,1103,shil.fixed_k.k16,shil,fixed_k,shil.final_ranker_score,16,"[0,29,460,596,416,103,640,396,622,317,450,84,368,228,581,370]","[[0,1],[2,3],[4,5,6],[7,8,9],[3,6,8],[9,14],[8,12,14],[3,4,7],[7,13,15],[2,3,5],[3,11,12],[7,8],[2,8,11],[1,2,6],[6,10,11],[2,8,13]]"
S07,S07,1103,1103,shil.validation_one_se,shil,validation_one_se,shil.final_ranker_score,4,"[0,29,460,596]","[[0,1],[2,3],[4,5,6],[7,8,9]]"
S07,S07,1103,1103,shil.cpss_one_se,shil,cpss_one_se,shil.final_development_selection_frequency,4,"[0,29,460,596]","[[0,1],[2,3],[4,5,6],[7,8,9]]"
S07,S07,1103,1103,l1.fixed_k.k01,l1,fixed_k,l1.final_ranker_score,1,[0],"[[0,1]]"
S07,S07,1103,1103,l1.fixed_k.k02,l1,fixed_k,l1.final_ranker_score,2,"[0,460]","[[0,1],[4,5,6]]"
S07,S07,1103,1103,l1.fixed_k.k04,l1,fixed_k,l1.final_ranker_score,4,"[0,460,596,29]","[[0,1],[4,5,6],[7,8,9],[2,3]]"
S07,S07,1103,1103,l1.fixed_k.k08,l1,fixed_k,l1.final_ranker_score,8,"[0,460,596,29,678,177,556,146]","[[0,1],[4,5,6],[7,8,9],[2,3],[12,14,15],[0,5,13],[5,12,15],[0,2,15]]"
S07,S07,1103,1103,l1.fixed_k.k16,l1,fixed_k,l1.final_ranker_score,16,"[0,460,596,29,678,177,556,146,585,243,199,329,622,558,268,107]","[[0,1],[4,5,6],[7,8,9],[2,3],[12,14,15],[0,5,13],[5,12,15],[0,2,15],[6,10,15],[1,3,9],[0,8,11],[2,4,6],[7,13,15],[5,13,15],[1,5,13],[10,13]]"
S07,S07,1103,1103,l1.validation_one_se,l1,validation_one_se,l1.final_ranker_score,4,"[0,460,596,29]","[[0,1],[4,5,6],[7,8,9],[2,3]]"
S07,S07,1103,1103,l1.cpss_one_se,l1,cpss_one_se,l1.final_development_selection_frequency,4,"[0,29,460,596]","[[0,1],[2,3],[4,5,6],[7,8,9]]"
S07,S07,1129,1129,shil.fixed_k.k01,shil,fixed_k,shil.final_ranker_score,1,[0],"[[0,1]]"
S07,S07,1129,1129,shil.fixed_k.k02,shil,fixed_k,shil.final_ranker_score,2,"[0,29]","[[0,1],[2,3]]"
S07,S07,1129,1129,shil.fixed_k.k04,shil,fixed_k,shil.final_ranker_score,4,"[0,29,460,596]","[[0,1],[2,3],[4,5,6],[7,8,9]]"
S07,S07,1129,1129,shil.fixed_k.k08,shil,fixed_k,shil.final_ranker_score,8,"[0,29,460,596,415,551,472,597]","[[0,1],[2,3],[4,5,6],[7,8,9],[3,6,7],[5,11,13],[4,6,9],[7,8,10]]"
S07,S07,1129,1129,shil.fixed_k.k16,shil,fixed_k,shil.final_ranker_score,16,"[0,29,460,596,415,551,472,597,216,599,549,330,434,172,74,304]","[[0,1],[2,3],[4,5,6],[7,8,9],[3,6,7],[5,11,13],[4,6,9],[7,8,10],[0,11,13],[7,8,12],[5,10,15],[2,4,7],[3,8,11],[0,5,8],[5,15],[1,10,14]]"
S07,S07,1129,1129,shil.validation_one_se,shil,validation_one_se,shil.final_ranker_score,4,"[0,29,460,596]","[[0,1],[2,3],[4,5,6],[7,8,9]]"
S07,S07,1129,1129,shil.cpss_one_se,shil,cpss_one_se,shil.final_development_selection_frequency,4,"[0,29,460,596]","[[0,1],[2,3],[4,5,6],[7,8,9]]"
S07,S07,1129,1129,l1.fixed_k.k01,l1,fixed_k,l1.final_ranker_score,1,[0],"[[0,1]]"
S07,S07,1129,1129,l1.fixed_k.k02,l1,fixed_k,l1.final_ranker_score,2,"[0,460]","[[0,1],[4,5,6]]"
S07,S07,1129,1129,l1.fixed_k.k04,l1,fixed_k,l1.final_ranker_score,4,"[0,460,29,596]","[[0,1],[4,5,6],[2,3],[7,8,9]]"
S07,S07,1129,1129,l1.fixed_k.k08,l1,fixed_k,l1.final_ranker_score,8,"[0,460,29,596,216,551,657,240]","[[0,1],[4,5,6],[2,3],[7,8,9],[0,11,13],[5,11,13],[9,13,14],[1,3,6]]"
S07,S07,1129,1129,l1.fixed_k.k16,l1,fixed_k,l1.final_ranker_score,16,"[0,460,29,596,216,551,657,240,597,588,36,526,599,350,641,245]","[[0,1],[4,5,6],[2,3],[7,8,9],[0,11,13],[5,11,13],[9,13,14],[1,3,6],[7,8,10],[6,11,14],[2,10],[5,7,10],[7,8,12],[2,6,8],[8,12,15],[1,3,11]]"
S07,S07,1129,1129,l1.validation_one_se,l1,validation_one_se,l1.final_ranker_score,4,"[0,460,29,596]","[[0,1],[4,5,6],[2,3],[7,8,9]]"
S07,S07,1129,1129,l1.cpss_one_se,l1,cpss_one_se,l1.final_development_selection_frequency,4,"[0,29,460,596]","[[0,1],[2,3],[4,5,6],[7,8,9]]"
S07,S07,1151,1151,shil.fixed_k.k01,shil,fixed_k,shil.final_ranker_score,1,[0],"[[0,1]]"
S07,S07,1151,1151,shil.fixed_k.k02,shil,fixed_k,shil.final_ranker_score,2,"[0,29]","[[0,1],[2,3]]"
S07,S07,1151,1151,shil.fixed_k.k04,shil,fixed_k,shil.final_ranker_score,4,"[0,29,460,596]","[[0,1],[2,3],[4,5,6],[7,8,9]]"
S07,S07,1151,1151,shil.fixed_k.k08,shil,fixed_k,shil.final_ranker_score,8,"[0,29,460,596,379,577,175,401]","[[0,1],[2,3],[4,5,6],[7,8,9],[2,10,11],[6,9,12],[0,5,11],[3,4,12]]"
S07,S07,1151,1151,shil.fixed_k.k16,shil,fixed_k,shil.final_ranker_score,16,"[0,29,460,596,379,577,175,401,229,669,652,390,595,613,555,244]","[[0,1],[2,3],[4,5,6],[7,8,9],[2,10,11],[6,9,12],[0,5,11],[3,4,12],[1,2,7],[10,14,15],[9,11,14],[2,12,15],[6,14,15],[7,10,15],[5,12,14],[1,3,10]]"
S07,S07,1151,1151,shil.validation_one_se,shil,validation_one_se,shil.final_ranker_score,4,"[0,29,460,596]","[[0,1],[2,3],[4,5,6],[7,8,9]]"
S07,S07,1151,1151,shil.cpss_one_se,shil,cpss_one_se,shil.final_development_selection_frequency,4,"[0,29,460,596]","[[0,1],[2,3],[4,5,6],[7,8,9]]"
S07,S07,1151,1151,l1.fixed_k.k01,l1,fixed_k,l1.final_ranker_score,1,[460],"[[4,5,6]]"
S07,S07,1151,1151,l1.fixed_k.k02,l1,fixed_k,l1.final_ranker_score,2,"[460,0]","[[4,5,6],[0,1]]"
S07,S07,1151,1151,l1.fixed_k.k04,l1,fixed_k,l1.final_ranker_score,4,"[460,0,29,596]","[[4,5,6],[0,1],[2,3],[7,8,9]]"
S07,S07,1151,1151,l1.fixed_k.k08,l1,fixed_k,l1.final_ranker_score,8,"[460,0,29,596,148,175,244,453]","[[4,5,6],[0,1],[2,3],[7,8,9],[0,3,5],[0,5,11],[1,3,10],[3,11,15]]"
S07,S07,1151,1151,l1.fixed_k.k16,l1,fixed_k,l1.final_ranker_score,16,"[460,0,29,596,148,175,244,453,617,667,63,289,652,375,121,39]","[[4,5,6],[0,1],[2,3],[7,8,9],[0,3,5],[0,5,11],[1,3,10],[3,11,15],[7,11,15],[10,13,14],[4,14],[1,8,10],[9,11,14],[2,9,12],[0,1,3],[2,13]]"
S07,S07,1151,1151,l1.validation_one_se,l1,validation_one_se,l1.final_ranker_score,4,"[460,0,29,596]","[[4,5,6],[0,1],[2,3],[7,8,9]]"
S07,S07,1151,1151,l1.cpss_one_se,l1,cpss_one_se,l1.final_development_selection_frequency,4,"[0,29,460,596]","[[0,1],[2,3],[4,5,6],[7,8,9]]"
S07,S07,1171,1171,shil.fixed_k.k01,shil,fixed_k,shil.final_ranker_score,1,[0],"[[0,1]]"
S07,S07,1171,1171,shil.fixed_k.k02,shil,fixed_k,shil.final_ranker_score,2,"[0,29]","[[0,1],[2,3]]"
S07,S07,1171,1171,shil.fixed_k.k04,shil,fixed_k,shil.final_ranker_score,4,"[0,29,460,596]","[[0,1],[2,3],[4,5,6],[7,8,9]]"
S07,S07,1171,1171,shil.fixed_k.k08,shil,fixed_k,shil.final_ranker_score,8,"[0,29,460,596,265,157,387,492]","[[0,1],[2,3],[4,5,6],[7,8,9],[1,5,10],[0,3,14],[2,11,15],[4,8,14]]"
S07,S07,1171,1171,shil.fixed_k.k16,shil,fixed_k,shil.final_ranker_score,16,"[0,29,460,596,265,157,387,492,132,367,8,278,425,633,404,618]","[[0,1],[2,3],[4,5,6],[7,8,9],[1,5,10],[0,3,14],[2,11,15],[4,8,14],[0,1,14],[2,8,10],[0,9],[1,6,14],[3,7,9],[8,10,14],[3,4,15],[7,12,13]]"
S07,S07,1171,1171,shil.validation_one_se,shil,validation_one_se,shil.final_ranker_score,4,"[0,29,460,596]","[[0,1],[2,3],[4,5,6],[7,8,9]]"
S07,S07,1171,1171,shil.cpss_one_se,shil,cpss_one_se,shil.final_development_selection_frequency,4,"[0,29,460,596]","[[0,1],[2,3],[4,5,6],[7,8,9]]"
S07,S07,1171,1171,l1.fixed_k.k01,l1,fixed_k,l1.final_ranker_score,1,[460],"[[4,5,6]]"
S07,S07,1171,1171,l1.fixed_k.k02,l1,fixed_k,l1.final_ranker_score,2,"[460,29]","[[4,5,6],[2,3]]"
S07,S07,1171,1171,l1.fixed_k.k04,l1,fixed_k,l1.final_ranker_score,4,"[460,29,0,596]","[[4,5,6],[2,3],[0,1],[7,8,9]]"
S07,S07,1171,1171,l1.fixed_k.k08,l1,fixed_k,l1.final_ranker_score,8,"[460,29,0,596,468,418,348,43]","[[4,5,6],[2,3],[0,1],[7,8,9],[4,5,14],[3,6,10],[2,5,15],[3,5]]"
S07,S07,1171,1171,l1.fixed_k.k16,l1,fixed_k,l1.final_ranker_score,16,"[460,29,0,596,468,418,348,43,364,135,27,46,240,68,95,609]","[[4,5,6],[2,3],[0,1],[7,8,9],[4,5,14],[3,6,10],[2,5,15],[3,5],[2,7,14],[0,2,4],[1,14],[3,8],[1,3,6],[5,9],[8,12],[7,10,11]]"
S07,S07,1171,1171,l1.validation_one_se,l1,validation_one_se,l1.final_ranker_score,4,"[460,29,0,596]","[[4,5,6],[2,3],[0,1],[7,8,9]]"
S07,S07,1171,1171,l1.cpss_one_se,l1,cpss_one_se,l1.final_development_selection_frequency,4,"[0,29,460,596]","[[0,1],[2,3],[4,5,6],[7,8,9]]"
S07,S07,1181,1181,shil.fixed_k.k01,shil,fixed_k,shil.final_ranker_score,1,[0],"[[0,1]]"
S07,S07,1181,1181,shil.fixed_k.k02,shil,fixed_k,shil.final_ranker_score,2,"[0,29]","[[0,1],[2,3]]"
S07,S07,1181,1181,shil.fixed_k.k04,shil,fixed_k,shil.final_ranker_score,4,"[0,29,460,596]","[[0,1],[2,3],[4,5,6],[7,8,9]]"
S07,S07,1181,1181,shil.fixed_k.k08,shil,fixed_k,shil.final_ranker_score,8,"[0,29,460,596,266,218,678,492]","[[0,1],[2,3],[4,5,6],[7,8,9],[1,5,11],[0,11,15],[12,14,15],[4,8,14]]"
S07,S07,1181,1181,shil.fixed_k.k16,shil,fixed_k,shil.final_ranker_score,16,"[0,29,460,596,266,218,678,492,245,149,166,229,185,653,579,603]","[[0,1],[2,3],[4,5,6],[7,8,9],[1,5,11],[0,11,15],[12,14,15],[4,8,14],[1,3,11],[0,3,6],[0,4,12],[1,2,7],[0,6,12],[9,11,15],[6,9,14],[7,9,10]]"
S07,S07,1181,1181,shil.validation_one_se,shil,validation_one_se,shil.final_ranker_score,4,"[0,29,460,596]","[[0,1],[2,3],[4,5,6],[7,8,9]]"
S07,S07,1181,1181,shil.cpss_one_se,shil,cpss_one_se,shil.final_development_selection_frequency,4,"[0,29,460,596]","[[0,1],[2,3],[4,5,6],[7,8,9]]"
S07,S07,1181,1181,l1.fixed_k.k01,l1,fixed_k,l1.final_ranker_score,1,[0],"[[0,1]]"
S07,S07,1181,1181,l1.fixed_k.k02,l1,fixed_k,l1.final_ranker_score,2,"[0,29]","[[0,1],[2,3]]"
S07,S07,1181,1181,l1.fixed_k.k04,l1,fixed_k,l1.final_ranker_score,4,"[0,29,460,596]","[[0,1],[2,3],[4,5,6],[7,8,9]]"
S07,S07,1181,1181,l1.fixed_k.k08,l1,fixed_k,l1.final_ranker_score,8,"[0,29,460,596,266,383,262,169]","[[0,1],[2,3],[4,5,6],[7,8,9],[1,5,11],[2,10,15],[1,5,7],[0,4,15]]"
S07,S07,1181,1181,l1.fixed_k.k16,l1,fixed_k,l1.final_ranker_score,16,"[0,29,460,596,266,383,262,169,468,579,353,153,341,75,295,333]","[[0,1],[2,3],[4,5,6],[7,8,9],[1,5,11],[2,10,15],[1,5,7],[0,4,15],[4,5,14],[6,9,14],[2,6,11],[0,3,10],[2,5,8],[6,7],[1,9,10],[2,4,10]]"
S07,S07,1181,1181,l1.validation_one_se,l1,validation_one_se,l1.final_ranker_score,4,"[0,29,460,596]","[[0,1],[2,3],[4,5,6],[7,8,9]]"
S07,S07,1181,1181,l1.cpss_one_se,l1,cpss_one_se,l1.final_development_selection_frequency,4,"[0,29,460,596]","[[0,1],[2,3],[4,5,6],[7,8,9]]"
S07,S07,1201,1201,shil.fixed_k.k01,shil,fixed_k,shil.final_ranker_score,1,[0],"[[0,1]]"
S07,S07,1201,1201,shil.fixed_k.k02,shil,fixed_k,shil.final_ranker_score,2,"[0,29]","[[0,1],[2,3]]"
S07,S07,1201,1201,shil.fixed_k.k04,shil,fixed_k,shil.final_ranker_score,4,"[0,29,460,596]","[[0,1],[2,3],[4,5,6],[7,8,9]]"
S07,S07,1201,1201,shil.fixed_k.k08,shil,fixed_k,shil.final_ranker_score,8,"[0,29,460,596,593,677,301,266]","[[0,1],[2,3],[4,5,6],[7,8,9],[6,13,14],[12,13,15],[1,10,11],[1,5,11]]"
S07,S07,1201,1201,shil.fixed_k.k16,shil,fixed_k,shil.final_ranker_score,16,"[0,29,460,596,593,677,301,266,49,607,501,269,568,199,570,59]","[[0,1],[2,3],[4,5,6],[7,8,9],[6,13,14],[12,13,15],[1,10,11],[1,5,11],[3,11],[7,9,14],[4,10,12],[1,5,14],[6,8,9],[0,8,11],[6,8,11],[4,10]]"
S07,S07,1201,1201,shil.validation_one_se,shil,validation_one_se,shil.final_ranker_score,4,"[0,29,460,596]","[[0,1],[2,3],[4,5,6],[7,8,9]]"
S07,S07,1201,1201,shil.cpss_one_se,shil,cpss_one_se,shil.final_development_selection_frequency,4,"[0,29,460,596]","[[0,1],[2,3],[4,5,6],[7,8,9]]"
S07,S07,1201,1201,l1.fixed_k.k01,l1,fixed_k,l1.final_ranker_score,1,[0],"[[0,1]]"
S07,S07,1201,1201,l1.fixed_k.k02,l1,fixed_k,l1.final_ranker_score,2,"[0,460]","[[0,1],[4,5,6]]"
S07,S07,1201,1201,l1.fixed_k.k04,l1,fixed_k,l1.final_ranker_score,4,"[0,460,29,596]","[[0,1],[4,5,6],[2,3],[7,8,9]]"
S07,S07,1201,1201,l1.fixed_k.k08,l1,fixed_k,l1.final_ranker_score,8,"[0,460,29,596,672,49,218,335]","[[0,1],[4,5,6],[2,3],[7,8,9],[11,12,15],[3,11],[0,11,15],[2,4,12]]"
S07,S07,1201,1201,l1.fixed_k.k16,l1,fixed_k,l1.final_ranker_score,16,"[0,460,29,596,672,49,218,335,199,356,422,45,620,220,158,490]","[[0,1],[4,5,6],[2,3],[7,8,9],[11,12,15],[3,11],[0,11,15],[2,4,12],[0,8,11],[2,6,14],[3,6,14],[3,7],[7,12,15],[0,12,14],[0,3,15],[4,8,12]]"
S07,S07,1201,1201,l1.validation_one_se,l1,validation_one_se,l1.final_ranker_score,4,"[0,460,29,596]","[[0,1],[4,5,6],[2,3],[7,8,9]]"
S07,S07,1201,1201,l1.cpss_one_se,l1,cpss_one_se,l1.final_development_selection_frequency,4,"[0,29,460,596]","[[0,1],[2,3],[4,5,6],[7,8,9]]"
S07,S07,1213,1213,shil.fixed_k.k01,shil,fixed_k,shil.final_ranker_score,1,[0],"[[0,1]]"
S07,S07,1213,1213,shil.fixed_k.k02,shil,fixed_k,shil.final_ranker_score,2,"[0,29]","[[0,1],[2,3]]"
S07,S07,1213,1213,shil.fixed_k.k04,shil,fixed_k,shil.final_ranker_score,4,"[0,29,596,460]","[[0,1],[2,3],[7,8,9],[4,5,6]]"
S07,S07,1213,1213,shil.fixed_k.k08,shil,fixed_k,shil.final_ranker_score,8,"[0,29,596,460,506,482,46,137]","[[0,1],[2,3],[7,8,9],[4,5,6],[4,11,13],[4,7,11],[3,8],[0,2,6]]"
S07,S07,1213,1213,shil.fixed_k.k16,shil,fixed_k,shil.final_ranker_score,16,"[0,29,596,460,506,482,46,137,672,98,17,109,531,553,394,246]","[[0,1],[2,3],[7,8,9],[4,5,6],[4,11,13],[4,7,11],[3,8],[0,2,6],[11,12,15],[8,15],[1,4],[10,15],[5,7,15],[5,11,15],[3,4,5],[1,3,12]]"
S07,S07,1213,1213,shil.validation_one_se,shil,validation_one_se,shil.final_ranker_score,4,"[0,29,596,460]","[[0,1],[2,3],[7,8,9],[4,5,6]]"
S07,S07,1213,1213,shil.cpss_one_se,shil,cpss_one_se,shil.final_development_selection_frequency,4,"[0,29,460,596]","[[0,1],[2,3],[4,5,6],[7,8,9]]"
S07,S07,1213,1213,l1.fixed_k.k01,l1,fixed_k,l1.final_ranker_score,1,[0],"[[0,1]]"
S07,S07,1213,1213,l1.fixed_k.k02,l1,fixed_k,l1.final_ranker_score,2,"[0,29]","[[0,1],[2,3]]"
S07,S07,1213,1213,l1.fixed_k.k04,l1,fixed_k,l1.final_ranker_score,4,"[0,29,596,460]","[[0,1],[2,3],[7,8,9],[4,5,6]]"
S07,S07,1213,1213,l1.fixed_k.k08,l1,fixed_k,l1.final_ranker_score,8,"[0,29,596,460,506,226,208,98]","[[0,1],[2,3],[7,8,9],[4,5,6],[4,11,13],[1,2,4],[0,9,14],[8,15]]"
S07,S07,1213,1213,l1.fixed_k.k16,l1,fixed_k,l1.final_ranker_score,16,"[0,29,596,460,506,226,208,98,191,295,95,46,583,319,503,139]","[[0,1],[2,3],[7,8,9],[4,5,6],[4,11,13],[1,2,4],[0,9,14],[8,15],[0,7,10],[1,9,10],[8,12],[3,8],[6,10,13],[2,3,7],[4,10,14],[0,2,8]]"
S07,S07,1213,1213,l1.validation_one_se,l1,validation_one_se,l1.final_ranker_score,4,"[0,29,596,460]","[[0,1],[2,3],[7,8,9],[4,5,6]]"
S07,S07,1213,1213,l1.cpss_one_se,l1,cpss_one_se,l1.final_development_selection_frequency,4,"[0,29,460,596]","[[0,1],[2,3],[4,5,6],[7,8,9]]"
S07,S07,1231,1231,shil.fixed_k.k01,shil,fixed_k,shil.final_ranker_score,1,[0],"[[0,1]]"
S07,S07,1231,1231,shil.fixed_k.k02,shil,fixed_k,shil.final_ranker_score,2,"[0,29]","[[0,1],[2,3]]"
S07,S07,1231,1231,shil.fixed_k.k04,shil,fixed_k,shil.final_ranker_score,4,"[0,29,460,596]","[[0,1],[2,3],[4,5,6],[7,8,9]]"
S07,S07,1231,1231,shil.fixed_k.k08,shil,fixed_k,shil.final_ranker_score,8,"[0,29,460,596,499,488,633,603]","[[0,1],[2,3],[4,5,6],[7,8,9],[4,9,15],[4,8,10],[8,10,14],[7,9,10]]"
S07,S07,1231,1231,shil.fixed_k.k16,shil,fixed_k,shil.final_ranker_score,16,"[0,29,460,596,499,488,633,603,616,458,357,189,258,300,39,475]","[[0,1],[2,3],[4,5,6],[7,8,9],[4,9,15],[4,8,10],[8,10,14],[7,9,10],[7,11,14],[3,13,15],[2,6,15],[0,7,8],[1,4,13],[1,9,15],[2,13],[4,6,12]]"
S07,S07,1231,1231,shil.validation_one_se,shil,validation_one_se,shil.final_ranker_score,4,"[0,29,460,596]","[[0,1],[2,3],[4,5,6],[7,8,9]]"
S07,S07,1231,1231,shil.cpss_one_se,shil,cpss_one_se,shil.final_development_selection_frequency,4,"[0,29,460,596]","[[0,1],[2,3],[4,5,6],[7,8,9]]"
S07,S07,1231,1231,l1.fixed_k.k01,l1,fixed_k,l1.final_ranker_score,1,[0],"[[0,1]]"
S07,S07,1231,1231,l1.fixed_k.k02,l1,fixed_k,l1.final_ranker_score,2,"[0,460]","[[0,1],[4,5,6]]"
S07,S07,1231,1231,l1.fixed_k.k04,l1,fixed_k,l1.final_ranker_score,4,"[0,460,29,596]","[[0,1],[4,5,6],[2,3],[7,8,9]]"
S07,S07,1231,1231,l1.fixed_k.k08,l1,fixed_k,l1.final_ranker_score,8,"[0,460,29,596,569,318,258,78]","[[0,1],[4,5,6],[2,3],[7,8,9],[6,8,10],[2,3,6],[1,4,13],[6,10]]"
S07,S07,1231,1231,l1.fixed_k.k16,l1,fixed_k,l1.final_ranker_score,16,"[0,460,29,596,569,318,258,78,448,19,497,162,196,144,642,150]","[[0,1],[4,5,6],[2,3],[7,8,9],[6,8,10],[2,3,6],[1,4,13],[6,10],[3,10,14],[1,6],[4,9,13],[0,4,8],[0,7,15],[0,2,13],[8,13,14],[0,3,7]]"
S07,S07,1231,1231,l1.validation_one_se,l1,validation_one_se,l1.final_ranker_score,4,"[0,460,29,596]","[[0,1],[4,5,6],[2,3],[7,8,9]]"
S07,S07,1231,1231,l1.cpss_one_se,l1,cpss_one_se,l1.final_development_selection_frequency,4,"[0,29,460,596]","[[0,1],[2,3],[4,5,6],[7,8,9]]"
S07,S07,1249,1249,shil.fixed_k.k01,shil,fixed_k,shil.final_ranker_score,1,[0],"[[0,1]]"
S07,S07,1249,1249,shil.fixed_k.k02,shil,fixed_k,shil.final_ranker_score,2,"[0,29]","[[0,1],[2,3]]"
S07,S07,1249,1249,shil.fixed_k.k04,shil,fixed_k,shil.final_ranker_score,4,"[0,29,596,460]","[[0,1],[2,3],[7,8,9],[4,5,6]]"
S07,S07,1249,1249,shil.fixed_k.k08,shil,fixed_k,shil.final_ranker_score,8,"[0,29,596,460,481,498,643,160]","[[0,1],[2,3],[7,8,9],[4,5,6],[4,7,10],[4,9,14],[8,13,15],[0,4,6]]"
S07,S07,1249,1249,shil.fixed_k.k16,shil,fixed_k,shil.final_ranker_score,16,"[0,29,596,460,481,498,643,160,328,646,98,346,628,347,480,72]","[[0,1],[2,3],[7,8,9],[4,5,6],[4,7,10],[4,9,14],[8,13,15],[0,4,6],[2,4,5],[9,10,12],[8,15],[2,5,13],[8,9,14],[2,5,14],[4,7,9],[5,13]]"
S07,S07,1249,1249,shil.validation_one_se,shil,validation_one_se,shil.final_ranker_score,4,"[0,29,596,460]","[[0,1],[2,3],[7,8,9],[4,5,6]]"
S07,S07,1249,1249,shil.cpss_one_se,shil,cpss_one_se,shil.final_development_selection_frequency,4,"[0,29,460,596]","[[0,1],[2,3],[4,5,6],[7,8,9]]"
S07,S07,1249,1249,l1.fixed_k.k01,l1,fixed_k,l1.final_ranker_score,1,[0],"[[0,1]]"
S07,S07,1249,1249,l1.fixed_k.k02,l1,fixed_k,l1.final_ranker_score,2,"[0,460]","[[0,1],[4,5,6]]"
S07,S07,1249,1249,l1.fixed_k.k04,l1,fixed_k,l1.final_ranker_score,4,"[0,460,29,596]","[[0,1],[4,5,6],[2,3],[7,8,9]]"
S07,S07,1249,1249,l1.fixed_k.k08,l1,fixed_k,l1.final_ranker_score,8,"[0,460,29,596,347,481,498,486]","[[0,1],[4,5,6],[2,3],[7,8,9],[2,5,14],[4,7,10],[4,9,14],[4,7,15]]"
S07,S07,1249,1249,l1.fixed_k.k16,l1,fixed_k,l1.final_ranker_score,16,"[0,460,29,596,347,481,498,486,609,514,234,646,110,312,558,534]","[[0,1],[4,5,6],[2,3],[7,8,9],[2,5,14],[4,7,10],[4,9,14],[4,7,15],[7,10,11],[4,14,15],[1,2,12],[9,10,12],[11,12],[1,12,15],[5,13,15],[5,8,11]]"
S07,S07,1249,1249,l1.validation_one_se,l1,validation_one_se,l1.final_ranker_score,4,"[0,460,29,596]","[[0,1],[4,5,6],[2,3],[7,8,9]]"
S07,S07,1249,1249,l1.cpss_one_se,l1,cpss_one_se,l1.final_development_selection_frequency,4,"[0,29,460,596]","[[0,1],[2,3],[4,5,6],[7,8,9]]"
S07,S07,1277,1277,shil.fixed_k.k01,shil,fixed_k,shil.final_ranker_score,1,[0],"[[0,1]]"
S07,S07,1277,1277,shil.fixed_k.k02,shil,fixed_k,shil.final_ranker_score,2,"[0,29]","[[0,1],[2,3]]"
S07,S07,1277,1277,shil.fixed_k.k04,shil,fixed_k,shil.final_ranker_score,4,"[0,29,596,460]","[[0,1],[2,3],[7,8,9],[4,5,6]]"
S07,S07,1277,1277,shil.fixed_k.k08,shil,fixed_k,shil.final_ranker_score,8,"[0,29,596,460,92,674,548,591]","[[0,1],[2,3],[7,8,9],[4,5,6],[8,9],[11,13,15],[5,10,14],[6,12,14]]"
S07,S07,1277,1277,shil.fixed_k.k16,shil,fixed_k,shil.final_ranker_score,16,"[0,29,596,460,92,674,548,591,304,369,311,564,621,301,654,667]","[[0,1],[2,3],[7,8,9],[4,5,6],[8,9],[11,13,15],[5,10,14],[6,12,14],[1,10,14],[2,8,12],[1,12,14],[6,7,12],[7,13,14],[1,10,11],[9,12,13],[10,13,14]]"
S07,S07,1277,1277,shil.validation_one_se,shil,validation_one_se,shil.final_ranker_score,4,"[0,29,596,460]","[[0,1],[2,3],[7,8,9],[4,5,6]]"
S07,S07,1277,1277,shil.cpss_one_se,shil,cpss_one_se,shil.final_development_selection_frequency,4,"[0,29,460,596]","[[0,1],[2,3],[4,5,6],[7,8,9]]"
S07,S07,1277,1277,l1.fixed_k.k01,l1,fixed_k,l1.final_ranker_score,1,[0],"[[0,1]]"
S07,S07,1277,1277,l1.fixed_k.k02,l1,fixed_k,l1.final_ranker_score,2,"[0,29]","[[0,1],[2,3]]"
S07,S07,1277,1277,l1.fixed_k.k04,l1,fixed_k,l1.final_ranker_score,4,"[0,29,596,460]","[[0,1],[2,3],[7,8,9],[4,5,6]]"
S07,S07,1277,1277,l1.fixed_k.k08,l1,fixed_k,l1.final_ranker_score,8,"[0,29,596,460,674,556,548,614]","[[0,1],[2,3],[7,8,9],[4,5,6],[11,13,15],[5,12,15],[5,10,14],[7,11,12]]"
S07,S07,1277,1277,l1.fixed_k.k16,l1,fixed_k,l1.final_ranker_score,16,"[0,29,596,460,674,556,548,614,311,338,591,532,156,92,512,438]","[[0,1],[2,3],[7,8,9],[4,5,6],[11,13,15],[5,12,15],[5,10,14],[7,11,12],[1,12,14],[2,4,15],[6,12,14],[5,8,9],[0,3,13],[8,9],[4,13,14],[3,8,15]]"
S07,S07,1277,1277,l1.validation_one_se,l1,validation_one_se,l1.final_ranker_score,4,"[0,29,596,460]","[[0,1],[2,3],[7,8,9],[4,5,6]]"
S07,S07,1277,1277,l1.cpss_one_se,l1,cpss_one_se,l1.final_development_selection_frequency,4,"[0,29,460,596]","[[0,1],[2,3],[4,5,6],[7,8,9]]"
S08,S08,1103,1103,shil.fixed_k.k01,shil,fixed_k,shil.final_ranker_score,1,[0],"[[0,1]]"
S08,S08,1103,1103,shil.fixed_k.k02,shil,fixed_k,shil.final_ranker_score,2,"[0,460]","[[0,1],[4,5,6]]"
S08,S08,1103,1103,shil.fixed_k.k04,shil,fixed_k,shil.final_ranker_score,4,"[0,460,29,596]","[[0,1],[4,5,6],[2,3],[7,8,9]]"
S08,S08,1103,1103,shil.fixed_k.k08,shil,fixed_k,shil.final_ranker_score,8,"[0,460,29,596,1,238,138,380]","[[0,1],[4,5,6],[2,3],[7,8,9],[0,2],[1,3,4],[0,2,7],[2,10,12]]"
S08,S08,1103,1103,shil.fixed_k.k16,shil,fixed_k,shil.final_ranker_score,16,"[0,460,29,596,1,238,138,380,546,369,87,292,597,505,581,53]","[[0,1],[4,5,6],[2,3],[7,8,9],[0,2],[1,3,4],[0,2,7],[2,10,12],[5,10,12],[2,8,12],[7,11],[1,8,13],[7,8,10],[4,11,12],[6,10,11],[3,15]]"
S08,S08,1103,1103,shil.validation_one_se,shil,validation_one_se,shil.final_ranker_score,4,"[0,460,29,596]","[[0,1],[4,5,6],[2,3],[7,8,9]]"
S08,S08,1103,1103,shil.cpss_one_se,shil,cpss_one_se,shil.final_development_selection_frequency,4,"[0,29,460,596]","[[0,1],[2,3],[4,5,6],[7,8,9]]"
S08,S08,1103,1103,l1.fixed_k.k01,l1,fixed_k,l1.final_ranker_score,1,[0],"[[0,1]]"
S08,S08,1103,1103,l1.fixed_k.k02,l1,fixed_k,l1.final_ranker_score,2,"[0,29]","[[0,1],[2,3]]"
S08,S08,1103,1103,l1.fixed_k.k04,l1,fixed_k,l1.final_ranker_score,4,"[0,29,460,596]","[[0,1],[2,3],[4,5,6],[7,8,9]]"
S08,S08,1103,1103,l1.fixed_k.k08,l1,fixed_k,l1.final_ranker_score,8,"[0,29,460,596,546,93,53,383]","[[0,1],[2,3],[4,5,6],[7,8,9],[5,10,12],[8,10],[3,15],[2,10,15]]"
S08,S08,1103,1103,l1.fixed_k.k16,l1,fixed_k,l1.final_ranker_score,16,"[0,29,460,596,546,93,53,383,557,555,663,673,339,110,219,120]","[[0,1],[2,3],[4,5,6],[7,8,9],[5,10,12],[8,10],[3,15],[2,10,15],[5,13,14],[5,12,14],[10,11,15],[11,13,14],[2,5,6],[11,12],[0,12,13],[0,1,2]]"
S08,S08,1103,1103,l1.validation_one_se,l1,validation_one_se,l1.final_ranker_score,4,"[0,29,460,596]","[[0,1],[2,3],[4,5,6],[7,8,9]]"
S08,S08,1103,1103,l1.cpss_one_se,l1,cpss_one_se,l1.final_development_selection_frequency,4,"[0,29,460,596]","[[0,1],[2,3],[4,5,6],[7,8,9]]"
S08,S08,1129,1129,shil.fixed_k.k01,shil,fixed_k,shil.final_ranker_score,1,[0],"[[0,1]]"
S08,S08,1129,1129,shil.fixed_k.k02,shil,fixed_k,shil.final_ranker_score,2,"[0,29]","[[0,1],[2,3]]"
S08,S08,1129,1129,shil.fixed_k.k04,shil,fixed_k,shil.final_ranker_score,4,"[0,29,460,596]","[[0,1],[2,3],[4,5,6],[7,8,9]]"
S08,S08,1129,1129,shil.fixed_k.k08,shil,fixed_k,shil.final_ranker_score,8,"[0,29,460,596,30,597,89,1]","[[0,1],[2,3],[4,5,6],[7,8,9],[2,4],[7,8,10],[7,13],[0,2]]"
S08,S08,1129,1129,shil.fixed_k.k16,shil,fixed_k,shil.final_ranker_score,16,"[0,29,460,596,30,597,89,1,16,461,561,458,454,470,562,72]","[[0,1],[2,3],[4,5,6],[7,8,9],[2,4],[7,8,10],[7,13],[0,2],[1,3],[4,5,7],[6,7,9],[3,13,15],[3,12,13],[4,6,7],[6,7,10],[5,13]]"
S08,S08,1129,1129,shil.validation_one_se,shil,validation_one_se,shil.final_ranker_score,4,"[0,29,460,596]","[[0,1],[2,3],[4,5,6],[7,8,9]]"
S08,S08,1129,1129,shil.cpss_one_se,shil,cpss_one_se,shil.final_development_selection_frequency,4,"[0,29,460,596]","[[0,1],[2,3],[4,5,6],[7,8,9]]"
S08,S08,1129,1129,l1.fixed_k.k01,l1,fixed_k,l1.final_ranker_score,1,[0],"[[0,1]]"
S08,S08,1129,1129,l1.fixed_k.k02,l1,fixed_k,l1.final_ranker_score,2,"[0,460]","[[0,1],[4,5,6]]"
S08,S08,1129,1129,l1.fixed_k.k04,l1,fixed_k,l1.final_ranker_score,4,"[0,460,29,596]","[[0,1],[4,5,6],[2,3],[7,8,9]]"
S08,S08,1129,1129,l1.fixed_k.k08,l1,fixed_k,l1.final_ranker_score,8,"[0,460,29,596,306,504,514,414]","[[0,1],[4,5,6],[2,3],[7,8,9],[1,11,12],[4,10,15],[4,14,15],[3,5,15]]"
S08,S08,1129,1129,l1.fixed_k.k16,l1,fixed_k,l1.final_ranker_score,16,"[0,460,29,596,306,504,514,414,92,54,674,206,70,72,561,223]","[[0,1],[4,5,6],[2,3],[7,8,9],[1,11,12],[4,10,15],[4,14,15],[3,5,15],[8,9],[4,5],[11,13,15],[0,9,12],[5,11],[5,13],[6,7,9],[0,13,15]]"
S08,S08,1129,1129,l1.validation_one_se,l1,validation_one_se,l1.final_ranker_score,4,"[0,460,29,596]","[[0,1],[4,5,6],[2,3],[7,8,9]]"
S08,S08,1129,1129,l1.cpss_one_se,l1,cpss_one_se,l1.final_development_selection_frequency,4,"[0,29,460,596]","[[0,1],[2,3],[4,5,6],[7,8,9]]"
S08,S08,1151,1151,shil.fixed_k.k01,shil,fixed_k,shil.final_ranker_score,1,[0],"[[0,1]]"
S08,S08,1151,1151,shil.fixed_k.k02,shil,fixed_k,shil.final_ranker_score,2,"[0,29]","[[0,1],[2,3]]"
S08,S08,1151,1151,shil.fixed_k.k04,shil,fixed_k,shil.final_ranker_score,4,"[0,29,596,460]","[[0,1],[2,3],[7,8,9],[4,5,6]]"
S08,S08,1151,1151,shil.fixed_k.k08,shil,fixed_k,shil.final_ranker_score,8,"[0,29,596,460,405,597,461,1]","[[0,1],[2,3],[7,8,9],[4,5,6],[3,5,6],[7,8,10],[4,5,7],[0,2]]"
S08,S08,1151,1151,shil.fixed_k.k16,shil,fixed_k,shil.final_ranker_score,16,"[0,29,596,460,405,597,461,1,127,409,294,568,157,352,509,122]","[[0,1],[2,3],[7,8,9],[4,5,6],[3,5,6],[7,8,10],[4,5,7],[0,2],[0,1,9],[3,5,10],[1,8,15],[6,8,9],[0,3,14],[2,6,10],[4,12,13],[0,1,4]]"
S08,S08,1151,1151,shil.validation_one_se,shil,validation_one_se,shil.final_ranker_score,4,"[0,29,596,460]","[[0,1],[2,3],[7,8,9],[4,5,6]]"
S08,S08,1151,1151,shil.cpss_one_se,shil,cpss_one_se,shil.final_development_selection_frequency,4,"[0,29,460,596]","[[0,1],[2,3],[4,5,6],[7,8,9]]"
S08,S08,1151,1151,l1.fixed_k.k01,l1,fixed_k,l1.final_ranker_score,1,[0],"[[0,1]]"
S08,S08,1151,1151,l1.fixed_k.k02,l1,fixed_k,l1.final_ranker_score,2,"[0,460]","[[0,1],[4,5,6]]"
S08,S08,1151,1151,l1.fixed_k.k04,l1,fixed_k,l1.final_ranker_score,4,"[0,460,596,29]","[[0,1],[4,5,6],[7,8,9],[2,3]]"
S08,S08,1151,1151,l1.fixed_k.k08,l1,fixed_k,l1.final_ranker_score,8,"[0,460,596,29,314,119,127,40]","[[0,1],[4,5,6],[7,8,9],[2,3],[1,13,15],[14,15],[0,1,9],[2,14]]"
S08,S08,1151,1151,l1.fixed_k.k16,l1,fixed_k,l1.final_ranker_score,16,"[0,460,596,29,314,119,127,40,597,678,649,105,118,310,346,676]","[[0,1],[4,5,6],[7,8,9],[2,3],[1,13,15],[14,15],[0,1,9],[2,14],[7,8,10],[12,14,15],[9,10,15],[10,11],[13,15],[1,12,13],[2,5,13],[12,13,14]]"
S08,S08,1151,1151,l1.validation_one_se,l1,validation_one_se,l1.final_ranker_score,4,"[0,460,596,29]","[[0,1],[4,5,6],[7,8,9],[2,3]]"
S08,S08,1151,1151,l1.cpss_one_se,l1,cpss_one_se,l1.final_development_selection_frequency,4,"[0,29,460,596]","[[0,1],[2,3],[4,5,6],[7,8,9]]"
S08,S08,1171,1171,shil.fixed_k.k01,shil,fixed_k,shil.final_ranker_score,1,[0],"[[0,1]]"
S08,S08,1171,1171,shil.fixed_k.k02,shil,fixed_k,shil.final_ranker_score,2,"[0,29]","[[0,1],[2,3]]"
S08,S08,1171,1171,shil.fixed_k.k04,shil,fixed_k,shil.final_ranker_score,4,"[0,29,460,596]","[[0,1],[2,3],[4,5,6],[7,8,9]]"
S08,S08,1171,1171,shil.fixed_k.k08,shil,fixed_k,shil.final_ranker_score,8,"[0,29,460,596,405,16,1,45]","[[0,1],[2,3],[4,5,6],[7,8,9],[3,5,6],[1,3],[0,2],[3,7]]"
S08,S08,1171,1171,shil.fixed_k.k16,shil,fixed_k,shil.final_ranker_score,16,"[0,29,460,596,405,16,1,45,597,169,465,64,219,55,365,470]","[[0,1],[2,3],[4,5,6],[7,8,9],[3,5,6],[1,3],[0,2],[3,7],[7,8,10],[0,4,15],[4,5,11],[4,15],[0,12,13],[4,6],[2,7,15],[4,6,7]]"
S08,S08,1171,1171,shil.validation_one_se,shil,validation_one_se,shil.final_ranker_score,4,"[0,29,460,596]","[[0,1],[2,3],[4,5,6],[7,8,9]]"
S08,S08,1171,1171,shil.cpss_one_se,shil,cpss_one_se,shil.final_development_selection_frequency,4,"[0,29,460,596]","[[0,1],[2,3],[4,5,6],[7,8,9]]"
S08,S08,1171,1171,l1.fixed_k.k01,l1,fixed_k,l1.final_ranker_score,1,[0],"[[0,1]]"
S08,S08,1171,1171,l1.fixed_k.k02,l1,fixed_k,l1.final_ranker_score,2,"[0,460]","[[0,1],[4,5,6]]"
S08,S08,1171,1171,l1.fixed_k.k04,l1,fixed_k,l1.final_ranker_score,4,"[0,460,29,596]","[[0,1],[4,5,6],[2,3],[7,8,9]]"
S08,S08,1171,1171,l1.fixed_k.k08,l1,fixed_k,l1.final_ranker_score,8,"[0,460,29,596,516,316,519,189]","[[0,1],[4,5,6],[2,3],[7,8,9],[5,6,8],[2,3,4],[5,6,11],[0,7,8]]"
S08,S08,1171,1171,l1.fixed_k.k16,l1,fixed_k,l1.final_ranker_score,16,"[0,460,29,596,516,316,519,189,549,45,455,649,119,115,465,87]","[[0,1],[4,5,6],[2,3],[7,8,9],[5,6,8],[2,3,4],[5,6,11],[0,7,8],[5,10,15],[3,7],[3,12,14],[9,10,15],[14,15],[12,14],[4,5,11],[7,11]]"
S08,S08,1171,1171,l1.validation_one_se,l1,validation_one_se,l1.final_ranker_score,4,"[0,460,29,596]","[[0,1],[4,5,6],[2,3],[7,8,9]]"
S08,S08,1171,1171,l1.cpss_one_se,l1,cpss_one_se,l1.final_development_selection_frequency,4,"[0,29,460,596]","[[0,1],[2,3],[4,5,6],[7,8,9]]"
S08,S08,1181,1181,shil.fixed_k.k01,shil,fixed_k,shil.final_ranker_score,1,[29],"[[2,3]]"
S08,S08,1181,1181,shil.fixed_k.k02,shil,fixed_k,shil.final_ranker_score,2,"[29,0]","[[2,3],[0,1]]"
S08,S08,1181,1181,shil.fixed_k.k04,shil,fixed_k,shil.final_ranker_score,4,"[29,0,460,596]","[[2,3],[0,1],[4,5,6],[7,8,9]]"
S08,S08,1181,1181,shil.fixed_k.k08,shil,fixed_k,shil.final_ranker_score,8,"[29,0,460,596,461,568,22,329]","[[2,3],[0,1],[4,5,6],[7,8,9],[4,5,7],[6,8,9],[1,9],[2,4,6]]"
S08,S08,1181,1181,shil.fixed_k.k16,shil,fixed_k,shil.final_ranker_score,16,"[29,0,460,596,461,568,22,329,405,70,561,110,395,286,597,68]","[[2,3],[0,1],[4,5,6],[7,8,9],[4,5,7],[6,8,9],[1,9],[2,4,6],[3,5,6],[5,11],[6,7,9],[11,12],[3,4,6],[1,7,14],[7,8,10],[5,9]]"
S08,S08,1181,1181,shil.validation_one_se,shil,validation_one_se,shil.final_ranker_score,4,"[29,0,460,596]","[[2,3],[0,1],[4,5,6],[7,8,9]]"
S08,S08,1181,1181,shil.cpss_one_se,shil,cpss_one_se,shil.final_development_selection_frequency,4,"[0,29,460,596]","[[0,1],[2,3],[4,5,6],[7,8,9]]"
S08,S08,1181,1181,l1.fixed_k.k01,l1,fixed_k,l1.final_ranker_score,1,[0],"[[0,1]]"
S08,S08,1181,1181,l1.fixed_k.k02,l1,fixed_k,l1.final_ranker_score,2,"[0,460]","[[0,1],[4,5,6]]"
S08,S08,1181,1181,l1.fixed_k.k04,l1,fixed_k,l1.final_ranker_score,4,"[0,460,29,596]","[[0,1],[4,5,6],[2,3],[7,8,9]]"
S08,S08,1181,1181,l1.fixed_k.k08,l1,fixed_k,l1.final_ranker_score,8,"[0,460,29,596,110,628,663,225]","[[0,1],[4,5,6],[2,3],[7,8,9],[11,12],[8,9,14],[10,11,15],[1,2,3]]"
S08,S08,1181,1181,l1.fixed_k.k16,l1,fixed_k,l1.final_ranker_score,16,"[0,460,29,596,110,628,663,225,167,500,97,119,624,74,44,671]","[[0,1],[4,5,6],[2,3],[7,8,9],[11,12],[8,9,14],[10,11,15],[1,2,3],[0,4,13],[4,10,11],[8,14],[14,15],[8,9,10],[5,15],[3,6],[11,12,14]]"
S08,S08,1181,1181,l1.validation_one_se,l1,validation_one_se,l1.final_ranker_score,4,"[0,460,29,596]","[[0,1],[4,5,6],[2,3],[7,8,9]]"
S08,S08,1181,1181,l1.cpss_one_se,l1,cpss_one_se,l1.final_development_selection_frequency,4,"[0,29,460,596]","[[0,1],[2,3],[4,5,6],[7,8,9]]"
S08,S08,1201,1201,shil.fixed_k.k01,shil,fixed_k,shil.final_ranker_score,1,[0],"[[0,1]]"
S08,S08,1201,1201,shil.fixed_k.k02,shil,fixed_k,shil.final_ranker_score,2,"[0,29]","[[0,1],[2,3]]"
S08,S08,1201,1201,shil.fixed_k.k04,shil,fixed_k,shil.final_ranker_score,4,"[0,29,460,596]","[[0,1],[2,3],[4,5,6],[7,8,9]]"
S08,S08,1201,1201,shil.fixed_k.k08,shil,fixed_k,shil.final_ranker_score,8,"[0,29,460,596,405,461,77,1]","[[0,1],[2,3],[4,5,6],[7,8,9],[3,5,6],[4,5,7],[6,9],[0,2]]"
S08,S08,1201,1201,shil.fixed_k.k16,shil,fixed_k,shil.final_ranker_score,16,"[0,29,460,596,405,461,77,1,395,325,414,397,305,366,121,657]","[[0,1],[2,3],[4,5,6],[7,8,9],[3,5,6],[4,5,7],[6,9],[0,2],[3,4,6],[2,3,13],[3,5,15],[3,4,8],[1,10,15],[2,8,9],[0,1,3],[9,13,14]]"
S08,S08,1201,1201,shil.validation_one_se,shil,validation_one_se,shil.final_ranker_score,4,"[0,29,460,596]","[[0,1],[2,3],[4,5,6],[7,8,9]]"
S08,S08,1201,1201,shil.cpss_one_se,shil,cpss_one_se,shil.final_development_selection_frequency,4,"[0,29,460,596]","[[0,1],[2,3],[4,5,6],[7,8,9]]"
S08,S08,1201,1201,l1.fixed_k.k01,l1,fixed_k,l1.final_ranker_score,1,[460],"[[4,5,6]]"
S08,S08,1201,1201,l1.fixed_k.k02,l1,fixed_k,l1.final_ranker_score,2,"[460,0]","[[4,5,6],[0,1]]"
S08,S08,1201,1201,l1.fixed_k.k04,l1,fixed_k,l1.final_ranker_score,4,"[460,0,29,596]","[[4,5,6],[0,1],[2,3],[7,8,9]]"
S08,S08,1201,1201,l1.fixed_k.k08,l1,fixed_k,l1.final_ranker_score,8,"[460,0,29,596,394,606,671,184]","[[4,5,6],[0,1],[2,3],[7,8,9],[3,4,5],[7,9,13],[11,12,14],[0,6,11]]"
S08,S08,1201,1201,l1.fixed_k.k16,l1,fixed_k,l1.final_ranker_score,16,"[460,0,29,596,394,606,671,184,677,79,560,550,670,672,638,583]","[[4,5,6],[0,1],[2,3],[7,8,9],[3,4,5],[7,9,13],[11,12,14],[0,6,11],[12,13,15],[6,11],[6,7,8],[5,11,12],[11,12,13],[11,12,15],[8,11,15],[6,10,13]]"
S08,S08,1201,1201,l1.validation_one_se,l1,validation_one_se,l1.final_ranker_score,4,"[460,0,29,596]","[[4,5,6],[0,1],[2,3],[7,8,9]]"
S08,S08,1201,1201,l1.cpss_one_se,l1,cpss_one_se,l1.final_development_selection_frequency,4,"[0,29,460,596]","[[0,1],[2,3],[4,5,6],[7,8,9]]"
S08,S08,1213,1213,shil.fixed_k.k01,shil,fixed_k,shil.final_ranker_score,1,[0],"[[0,1]]"
S08,S08,1213,1213,shil.fixed_k.k02,shil,fixed_k,shil.final_ranker_score,2,"[0,29]","[[0,1],[2,3]]"
S08,S08,1213,1213,shil.fixed_k.k04,shil,fixed_k,shil.final_ranker_score,4,"[0,29,460,596]","[[0,1],[2,3],[4,5,6],[7,8,9]]"
S08,S08,1213,1213,shil.fixed_k.k08,shil,fixed_k,shil.final_ranker_score,8,"[0,29,460,596,597,575,481,196]","[[0,1],[2,3],[4,5,6],[7,8,9],[7,8,10],[6,9,10],[4,7,10],[0,7,15]]"
S08,S08,1213,1213,shil.fixed_k.k16,shil,fixed_k,shil.final_ranker_score,16,"[0,29,460,596,597,575,481,196,30,194,619,374,1,66,461,180]","[[0,1],[2,3],[4,5,6],[7,8,9],[7,8,10],[6,9,10],[4,7,10],[0,7,15],[2,4],[0,7,13],[7,12,14],[2,9,11],[0,2],[5,7],[4,5,7],[0,6,7]]"
S08,S08,1213,1213,shil.validation_one_se,shil,validation_one_se,shil.final_ranker_score,4,"[0,29,460,596]","[[0,1],[2,3],[4,5,6],[7,8,9]]"
S08,S08,1213,1213,shil.cpss_one_se,shil,cpss_one_se,shil.final_development_selection_frequency,5,"[0,29,30,460,596]","[[0,1],[2,3],[2,4],[4,5,6],[7,8,9]]"
S08,S08,1213,1213,l1.fixed_k.k01,l1,fixed_k,l1.final_ranker_score,1,[0],"[[0,1]]"
S08,S08,1213,1213,l1.fixed_k.k02,l1,fixed_k,l1.final_ranker_score,2,"[0,460]","[[0,1],[4,5,6]]"
S08,S08,1213,1213,l1.fixed_k.k04,l1,fixed_k,l1.final_ranker_score,4,"[0,460,29,596]","[[0,1],[4,5,6],[2,3],[7,8,9]]"
S08,S08,1213,1213,l1.fixed_k.k08,l1,fixed_k,l1.final_ranker_score,8,"[0,460,29,596,196,180,374,275]","[[0,1],[4,5,6],[2,3],[7,8,9],[0,7,15],[0,6,7],[2,9,11],[1,6,11]]"
S08,S08,1213,1213,l1.fixed_k.k16,l1,fixed_k,l1.final_ranker_score,16,"[0,460,29,596,196,180,374,275,248,301,253,377,135,155,622,24]","[[0,1],[4,5,6],[2,3],[7,8,9],[0,7,15],[0,6,7],[2,9,11],[1,6,11],[1,3,14],[1,10,11],[1,4,8],[2,9,14],[0,2,4],[0,3,12],[7,13,15],[1,11]]"
S08,S08,1213,1213,l1.validation_one_se,l1,validation_one_se,l1.final_ranker_score,4,"[0,460,29,596]","[[0,1],[4,5,6],[2,3],[7,8,9]]"
S08,S08,1213,1213,l1.cpss_one_se,l1,cpss_one_se,l1.final_development_selection_frequency,4,"[0,29,460,596]","[[0,1],[2,3],[4,5,6],[7,8,9]]"
S08,S08,1231,1231,shil.fixed_k.k01,shil,fixed_k,shil.final_ranker_score,1,[0],"[[0,1]]"
S08,S08,1231,1231,shil.fixed_k.k02,shil,fixed_k,shil.final_ranker_score,2,"[0,29]","[[0,1],[2,3]]"
S08,S08,1231,1231,shil.fixed_k.k04,shil,fixed_k,shil.final_ranker_score,4,"[0,29,460,596]","[[0,1],[2,3],[4,5,6],[7,8,9]]"
S08,S08,1231,1231,shil.fixed_k.k08,shil,fixed_k,shil.final_ranker_score,8,"[0,29,460,596,597,461,76,514]","[[0,1],[2,3],[4,5,6],[7,8,9],[7,8,10],[4,5,7],[6,8],[4,14,15]]"
S08,S08,1231,1231,shil.fixed_k.k16,shil,fixed_k,shil.final_ranker_score,16,"[0,29,460,596,597,461,76,514,405,459,550,344,1,633,608,627]","[[0,1],[2,3],[4,5,6],[7,8,9],[7,8,10],[4,5,7],[6,8],[4,14,15],[3,5,6],[3,14,15],[5,11,12],[2,5,11],[0,2],[8,10,14],[7,9,15],[8,9,13]]"
S08,S08,1231,1231,shil.validation_one_se,shil,validation_one_se,shil.final_ranker_score,4,"[0,29,460,596]","[[0,1],[2,3],[4,5,6],[7,8,9]]"
S08,S08,1231,1231,shil.cpss_one_se,shil,cpss_one_se,shil.final_development_selection_frequency,4,"[0,29,460,596]","[[0,1],[2,3],[4,5,6],[7,8,9]]"
S08,S08,1231,1231,l1.fixed_k.k01,l1,fixed_k,l1.final_ranker_score,1,[0],"[[0,1]]"
S08,S08,1231,1231,l1.fixed_k.k02,l1,fixed_k,l1.final_ranker_score,2,"[0,460]","[[0,1],[4,5,6]]"
S08,S08,1231,1231,l1.fixed_k.k04,l1,fixed_k,l1.final_ranker_score,4,"[0,460,29,596]","[[0,1],[4,5,6],[2,3],[7,8,9]]"
S08,S08,1231,1231,l1.fixed_k.k08,l1,fixed_k,l1.final_ranker_score,8,"[0,460,29,596,513,556,6,210]","[[0,1],[4,5,6],[2,3],[7,8,9],[4,13,15],[5,12,15],[0,7],[0,10,11]]"
S08,S08,1231,1231,l1.fixed_k.k16,l1,fixed_k,l1.final_ranker_score,16,"[0,460,29,596,513,556,6,210,105,393,550,80,391,92,236,248]","[[0,1],[4,5,6],[2,3],[7,8,9],[4,13,15],[5,12,15],[0,7],[0,10,11],[10,11],[2,14,15],[5,11,12],[6,12],[2,13,14],[8,9],[1,2,14],[1,3,14]]"
S08,S08,1231,1231,l1.validation_one_se,l1,validation_one_se,l1.final_ranker_score,4,"[0,460,29,596]","[[0,1],[4,5,6],[2,3],[7,8,9]]"
S08,S08,1231,1231,l1.cpss_one_se,l1,cpss_one_se,l1.final_development_selection_frequency,4,"[0,29,460,596]","[[0,1],[2,3],[4,5,6],[7,8,9]]"
S08,S08,1249,1249,shil.fixed_k.k01,shil,fixed_k,shil.final_ranker_score,1,[0],"[[0,1]]"
S08,S08,1249,1249,shil.fixed_k.k02,shil,fixed_k,shil.final_ranker_score,2,"[0,29]","[[0,1],[2,3]]"
S08,S08,1249,1249,shil.fixed_k.k04,shil,fixed_k,shil.final_ranker_score,4,"[0,29,460,596]","[[0,1],[2,3],[4,5,6],[7,8,9]]"
S08,S08,1249,1249,shil.fixed_k.k08,shil,fixed_k,shil.final_ranker_score,8,"[0,29,460,596,568,461,30,395]","[[0,1],[2,3],[4,5,6],[7,8,9],[6,8,9],[4,5,7],[2,4],[3,4,6]]"
S08,S08,1249,1249,shil.fixed_k.k16,shil,fixed_k,shil.final_ranker_score,16,"[0,29,460,596,568,461,30,395,373,1,365,569,597,294,265,463]","[[0,1],[2,3],[4,5,6],[7,8,9],[6,8,9],[4,5,7],[2,4],[3,4,6],[2,9,10],[0,2],[2,7,15],[6,8,10],[7,8,10],[1,8,15],[1,5,10],[4,5,9]]"
S08,S08,1249,1249,shil.validation_one_se,shil,validation_one_se,shil.final_ranker_score,4,"[0,29,460,596]","[[0,1],[2,3],[4,5,6],[7,8,9]]"
S08,S08,1249,1249,shil.cpss_one_se,shil,cpss_one_se,shil.final_development_selection_frequency,4,"[0,29,460,596]","[[0,1],[2,3],[4,5,6],[7,8,9]]"
S08,S08,1249,1249,l1.fixed_k.k01,l1,fixed_k,l1.final_ranker_score,1,[460],"[[4,5,6]]"
S08,S08,1249,1249,l1.fixed_k.k02,l1,fixed_k,l1.final_ranker_score,2,"[460,0]","[[4,5,6],[0,1]]"
S08,S08,1249,1249,l1.fixed_k.k04,l1,fixed_k,l1.final_ranker_score,4,"[460,0,29,596]","[[4,5,6],[0,1],[2,3],[7,8,9]]"
S08,S08,1249,1249,l1.fixed_k.k08,l1,fixed_k,l1.final_ranker_score,8,"[460,0,29,596,18,464,672,63]","[[4,5,6],[0,1],[2,3],[7,8,9],[1,5],[4,5,10],[11,12,15],[4,14]]"
S08,S08,1249,1249,l1.fixed_k.k16,l1,fixed_k,l1.final_ranker_score,16,"[460,0,29,596,18,464,672,63,130,635,265,360,534,463,531,291]","[[4,5,6],[0,1],[2,3],[7,8,9],[1,5],[4,5,10],[11,12,15],[4,14],[0,1,12],[8,11,12],[1,5,10],[2,7,10],[5,8,11],[4,5,9],[5,7,15],[1,8,12]]"
S08,S08,1249,1249,l1.validation_one_se,l1,validation_one_se,l1.final_ranker_score,4,"[460,0,29,596]","[[4,5,6],[0,1],[2,3],[7,8,9]]"
S08,S08,1249,1249,l1.cpss_one_se,l1,cpss_one_se,l1.final_development_selection_frequency,4,"[0,29,460,596]","[[0,1],[2,3],[4,5,6],[7,8,9]]"
S08,S08,1277,1277,shil.fixed_k.k01,shil,fixed_k,shil.final_ranker_score,1,[0],"[[0,1]]"
S08,S08,1277,1277,shil.fixed_k.k02,shil,fixed_k,shil.final_ranker_score,2,"[0,460]","[[0,1],[4,5,6]]"
S08,S08,1277,1277,shil.fixed_k.k04,shil,fixed_k,shil.final_ranker_score,4,"[0,460,29,596]","[[0,1],[4,5,6],[2,3],[7,8,9]]"
S08,S08,1277,1277,shil.fixed_k.k08,shil,fixed_k,shil.final_ranker_score,8,"[0,460,29,596,102,405,459,30]","[[0,1],[4,5,6],[2,3],[7,8,9],[9,13],[3,5,6],[3,14,15],[2,4]]"
S08,S08,1277,1277,shil.fixed_k.k16,shil,fixed_k,shil.final_ranker_score,16,"[0,460,29,596,102,405,459,30,438,437,209,308,620,279,68,62]","[[0,1],[4,5,6],[2,3],[7,8,9],[9,13],[3,5,6],[3,14,15],[2,4],[3,8,15],[3,8,14],[0,9,15],[1,11,14],[7,12,15],[1,6,15],[5,9],[4,13]]"
S08,S08,1277,1277,shil.validation_one_se,shil,validation_one_se,shil.final_ranker_score,4,"[0,460,29,596]","[[0,1],[4,5,6],[2,3],[7,8,9]]"
S08,S08,1277,1277,shil.cpss_one_se,shil,cpss_one_se,shil.final_development_selection_frequency,3,"[0,29,460]","[[0,1],[2,3],[4,5,6]]"
S08,S08,1277,1277,l1.fixed_k.k01,l1,fixed_k,l1.final_ranker_score,1,[460],"[[4,5,6]]"
S08,S08,1277,1277,l1.fixed_k.k02,l1,fixed_k,l1.final_ranker_score,2,"[460,0]","[[4,5,6],[0,1]]"
S08,S08,1277,1277,l1.fixed_k.k04,l1,fixed_k,l1.final_ranker_score,4,"[460,0,29,596]","[[4,5,6],[0,1],[2,3],[7,8,9]]"
S08,S08,1277,1277,l1.fixed_k.k08,l1,fixed_k,l1.final_ranker_score,8,"[460,0,29,596,459,17,296,247]","[[4,5,6],[0,1],[2,3],[7,8,9],[3,14,15],[1,4],[1,9,11],[1,3,13]]"
S08,S08,1277,1277,l1.fixed_k.k16,l1,fixed_k,l1.final_ranker_score,16,"[460,0,29,596,459,17,296,247,431,273,600,94,15,205,281,70]","[[4,5,6],[0,1],[2,3],[7,8,9],[3,14,15],[1,4],[1,9,11],[1,3,13],[3,7,15],[1,6,9],[7,8,13],[8,11],[1,2],[0,9,11],[1,7,9],[5,11]]"
S08,S08,1277,1277,l1.validation_one_se,l1,validation_one_se,l1.final_ranker_score,4,"[460,0,29,596]","[[4,5,6],[0,1],[2,3],[7,8,9]]"
S08,S08,1277,1277,l1.cpss_one_se,l1,cpss_one_se,l1.final_development_selection_frequency,4,"[0,29,460,596]","[[0,1],[2,3],[4,5,6],[7,8,9]]"
S09,S09,1103,1103,shil.fixed_k.k01,shil,fixed_k,shil.final_ranker_score,1,[0],"[[0,1]]"
S09,S09,1103,1103,shil.fixed_k.k02,shil,fixed_k,shil.final_ranker_score,2,"[0,29]","[[0,1],[2,3]]"
S09,S09,1103,1103,shil.fixed_k.k04,shil,fixed_k,shil.final_ranker_score,4,"[0,29,460,596]","[[0,1],[2,3],[4,5,6],[7,8,9]]"
S09,S09,1103,1103,shil.fixed_k.k08,shil,fixed_k,shil.final_ranker_score,8,"[0,29,460,596,423,186,141,657]","[[0,1],[2,3],[4,5,6],[7,8,9],[3,6,15],[0,6,13],[0,2,10],[9,13,14]]"
S09,S09,1103,1103,shil.fixed_k.k16,shil,fixed_k,shil.final_ranker_score,16,"[0,29,460,596,423,186,141,657,615,376,523,52,28,591,372,245]","[[0,1],[2,3],[4,5,6],[7,8,9],[3,6,15],[0,6,13],[0,2,10],[9,13,14],[7,11,13],[2,9,13],[5,6,15],[3,14],[1,15],[6,12,14],[2,8,15],[1,3,11]]"
S09,S09,1103,1103,shil.validation_one_se,shil,validation_one_se,shil.final_ranker_score,4,"[0,29,460,596]","[[0,1],[2,3],[4,5,6],[7,8,9]]"
S09,S09,1103,1103,shil.cpss_one_se,shil,cpss_one_se,shil.final_development_selection_frequency,4,"[0,29,460,596]","[[0,1],[2,3],[4,5,6],[7,8,9]]"
S09,S09,1103,1103,l1.fixed_k.k01,l1,fixed_k,l1.final_ranker_score,1,[0],"[[0,1]]"
S09,S09,1103,1103,l1.fixed_k.k02,l1,fixed_k,l1.final_ranker_score,2,"[0,460]","[[0,1],[4,5,6]]"
S09,S09,1103,1103,l1.fixed_k.k04,l1,fixed_k,l1.final_ranker_score,4,"[0,460,29,596]","[[0,1],[4,5,6],[2,3],[7,8,9]]"
S09,S09,1103,1103,l1.fixed_k.k08,l1,fixed_k,l1.final_ranker_score,8,"[0,460,29,596,39,523,657,424]","[[0,1],[4,5,6],[2,3],[7,8,9],[2,13],[5,6,15],[9,13,14],[3,7,8]]"
S09,S09,1103,1103,l1.fixed_k.k16,l1,fixed_k,l1.final_ranker_score,16,"[0,460,29,596,39,523,657,424,116,372,622,311,188,397,52,24]","[[0,1],[4,5,6],[2,3],[7,8,9],[2,13],[5,6,15],[9,13,14],[3,7,8],[12,15],[2,8,15],[7,13,15],[1,12,14],[0,6,15],[3,4,8],[3,14],[1,11]]"
S09,S09,1103,1103,l1.validation_one_se,l1,validation_one_se,l1.final_ranker_score,4,"[0,460,29,596]","[[0,1],[4,5,6],[2,3],[7,8,9]]"
S09,S09,1103,1103,l1.cpss_one_se,l1,cpss_one_se,l1.final_development_selection_frequency,4,"[0,29,460,596]","[[0,1],[2,3],[4,5,6],[7,8,9]]"
S09,S09,1129,1129,shil.fixed_k.k01,shil,fixed_k,shil.final_ranker_score,1,[0],"[[0,1]]"
S09,S09,1129,1129,shil.fixed_k.k02,shil,fixed_k,shil.final_ranker_score,2,"[0,29]","[[0,1],[2,3]]"
S09,S09,1129,1129,shil.fixed_k.k04,shil,fixed_k,shil.final_ranker_score,4,"[0,29,460,596]","[[0,1],[2,3],[4,5,6],[7,8,9]]"
S09,S09,1129,1129,shil.fixed_k.k08,shil,fixed_k,shil.final_ranker_score,8,"[0,29,460,596,500,252,625,157]","[[0,1],[2,3],[4,5,6],[7,8,9],[4,10,11],[1,4,7],[8,9,11],[0,3,14]]"
S09,S09,1129,1129,shil.fixed_k.k16,shil,fixed_k,shil.final_ranker_score,16,"[0,29,460,596,500,252,625,157,160,56,151,81,678,267,575,356]","[[0,1],[2,3],[4,5,6],[7,8,9],[4,10,11],[1,4,7],[8,9,11],[0,3,14],[0,4,6],[4,7],[0,3,8],[6,13],[12,14,15],[1,5,12],[6,9,10],[2,6,14]]"
S09,S09,1129,1129,shil.validation_one_se,shil,validation_one_se,shil.final_ranker_score,4,"[0,29,460,596]","[[0,1],[2,3],[4,5,6],[7,8,9]]"
S09,S09,1129,1129,shil.cpss_one_se,shil,cpss_one_se,shil.final_development_selection_frequency,4,"[0,29,460,596]","[[0,1],[2,3],[4,5,6],[7,8,9]]"
S09,S09,1129,1129,l1.fixed_k.k01,l1,fixed_k,l1.final_ranker_score,1,[0],"[[0,1]]"
S09,S09,1129,1129,l1.fixed_k.k02,l1,fixed_k,l1.final_ranker_score,2,"[0,460]","[[0,1],[4,5,6]]"
S09,S09,1129,1129,l1.fixed_k.k04,l1,fixed_k,l1.final_ranker_score,4,"[0,460,29,596]","[[0,1],[4,5,6],[2,3],[7,8,9]]"
S09,S09,1129,1129,l1.fixed_k.k08,l1,fixed_k,l1.final_ranker_score,8,"[0,460,29,596,234,252,330,212]","[[0,1],[4,5,6],[2,3],[7,8,9],[1,2,12],[1,4,7],[2,4,7],[0,10,13]]"
S09,S09,1129,1129,l1.fixed_k.k16,l1,fixed_k,l1.final_ranker_score,16,"[0,460,29,596,234,252,330,212,477,509,30,603,258,225,106,269]","[[0,1],[4,5,6],[2,3],[7,8,9],[1,2,12],[1,4,7],[2,4,7],[0,10,13],[4,6,14],[4,12,13],[2,4],[7,9,10],[1,4,13],[1,2,3],[10,12],[1,5,14]]"
S09,S09,1129,1129,l1.validation_one_se,l1,validation_one_se,l1.final_ranker_score,4,"[0,460,29,596]","[[0,1],[4,5,6],[2,3],[7,8,9]]"
S09,S09,1129,1129,l1.cpss_one_se,l1,cpss_one_se,l1.final_development_selection_frequency,4,"[0,29,460,596]","[[0,1],[2,3],[4,5,6],[7,8,9]]"
S09,S09,1151,1151,shil.fixed_k.k01,shil,fixed_k,shil.final_ranker_score,1,[0],"[[0,1]]"
S09,S09,1151,1151,shil.fixed_k.k02,shil,fixed_k,shil.final_ranker_score,2,"[0,29]","[[0,1],[2,3]]"
S09,S09,1151,1151,shil.fixed_k.k04,shil,fixed_k,shil.final_ranker_score,4,"[0,29,460,596]","[[0,1],[2,3],[4,5,6],[7,8,9]]"
S09,S09,1151,1151,shil.fixed_k.k08,shil,fixed_k,shil.final_ranker_score,8,"[0,29,460,596,46,670,40,149]","[[0,1],[2,3],[4,5,6],[7,8,9],[3,8],[11,12,13],[2,14],[0,3,6]]"
S09,S09,1151,1151,shil.fixed_k.k16,shil,fixed_k,shil.final_ranker_score,16,"[0,29,460,596,46,670,40,149,134,301,672,49,439,170,202,464]","[[0,1],[2,3],[4,5,6],[7,8,9],[3,8],[11,12,13],[2,14],[0,3,6],[0,2,3],[1,10,11],[11,12,15],[3,11],[3,9,10],[0,5,6],[0,8,14],[4,5,10]]"
S09,S09,1151,1151,shil.validation_one_se,shil,validation_one_se,shil.final_ranker_score,4,"[0,29,460,596]","[[0,1],[2,3],[4,5,6],[7,8,9]]"
S09,S09,1151,1151,shil.cpss_one_se,shil,cpss_one_se,shil.final_development_selection_frequency,4,"[0,29,460,596]","[[0,1],[2,3],[4,5,6],[7,8,9]]"
S09,S09,1151,1151,l1.fixed_k.k01,l1,fixed_k,l1.final_ranker_score,1,[0],"[[0,1]]"
S09,S09,1151,1151,l1.fixed_k.k02,l1,fixed_k,l1.final_ranker_score,2,"[0,29]","[[0,1],[2,3]]"
S09,S09,1151,1151,l1.fixed_k.k04,l1,fixed_k,l1.final_ranker_score,4,"[0,29,460,596]","[[0,1],[2,3],[4,5,6],[7,8,9]]"
S09,S09,1151,1151,l1.fixed_k.k08,l1,fixed_k,l1.final_ranker_score,8,"[0,29,460,596,593,304,134,40]","[[0,1],[2,3],[4,5,6],[7,8,9],[6,13,14],[1,10,14],[0,2,3],[2,14]]"
S09,S09,1151,1151,l1.fixed_k.k16,l1,fixed_k,l1.final_ranker_score,16,"[0,29,460,596,593,304,134,40,521,582,359,564,247,189,290,672]","[[0,1],[2,3],[4,5,6],[7,8,9],[6,13,14],[1,10,14],[0,2,3],[2,14],[5,6,13],[6,10,12],[2,7,9],[6,7,12],[1,3,13],[0,7,8],[1,8,11],[11,12,15]]"
S09,S09,1151,1151,l1.validation_one_se,l1,validation_one_se,l1.final_ranker_score,4,"[0,29,460,596]","[[0,1],[2,3],[4,5,6],[7,8,9]]"
S09,S09,1151,1151,l1.cpss_one_se,l1,cpss_one_se,l1.final_development_selection_frequency,4,"[0,29,460,596]","[[0,1],[2,3],[4,5,6],[7,8,9]]"
S09,S09,1171,1171,shil.fixed_k.k01,shil,fixed_k,shil.final_ranker_score,1,[0],"[[0,1]]"
S09,S09,1171,1171,shil.fixed_k.k02,shil,fixed_k,shil.final_ranker_score,2,"[0,29]","[[0,1],[2,3]]"
S09,S09,1171,1171,shil.fixed_k.k04,shil,fixed_k,shil.final_ranker_score,4,"[0,29,460,596]","[[0,1],[2,3],[4,5,6],[7,8,9]]"
S09,S09,1171,1171,shil.fixed_k.k08,shil,fixed_k,shil.final_ranker_score,8,"[0,29,460,596,524,73,43,155]","[[0,1],[2,3],[4,5,6],[7,8,9],[5,7,8],[5,14],[3,5],[0,3,12]]"
S09,S09,1171,1171,shil.fixed_k.k16,shil,fixed_k,shil.final_ranker_score,16,"[0,29,460,596,524,73,43,155,385,397,138,618,597,15,132,396]","[[0,1],[2,3],[4,5,6],[7,8,9],[5,7,8],[5,14],[3,5],[0,3,12],[2,11,13],[3,4,8],[0,2,7],[7,12,13],[7,8,10],[1,2],[0,1,14],[3,4,7]]"
S09,S09,1171,1171,shil.validation_one_se,shil,validation_one_se,shil.final_ranker_score,4,"[0,29,460,596]","[[0,1],[2,3],[4,5,6],[7,8,9]]"
S09,S09,1171,1171,shil.cpss_one_se,shil,cpss_one_se,shil.final_development_selection_frequency,4,"[0,29,460,596]","[[0,1],[2,3],[4,5,6],[7,8,9]]"
S09,S09,1171,1171,l1.fixed_k.k01,l1,fixed_k,l1.final_ranker_score,1,[0],"[[0,1]]"
S09,S09,1171,1171,l1.fixed_k.k02,l1,fixed_k,l1.final_ranker_score,2,"[0,460]","[[0,1],[4,5,6]]"
S09,S09,1171,1171,l1.fixed_k.k04,l1,fixed_k,l1.final_ranker_score,4,"[0,460,29,596]","[[0,1],[4,5,6],[2,3],[7,8,9]]"
S09,S09,1171,1171,l1.fixed_k.k08,l1,fixed_k,l1.final_ranker_score,8,"[0,460,29,596,450,597,418,426]","[[0,1],[4,5,6],[2,3],[7,8,9],[3,11,12],[7,8,10],[3,6,10],[3,7,10]]"
S09,S09,1171,1171,l1.fixed_k.k16,l1,fixed_k,l1.final_ranker_score,16,"[0,460,29,596,450,597,418,426,538,188,364,385,108,111,89,167]","[[0,1],[4,5,6],[2,3],[7,8,9],[3,11,12],[7,8,10],[3,6,10],[3,7,10],[5,8,15],[0,6,15],[2,7,14],[2,11,13],[10,14],[11,13],[7,13],[0,4,13]]"
S09,S09,1171,1171,l1.validation_one_se,l1,validation_one_se,l1.final_ranker_score,4,"[0,460,29,596]","[[0,1],[4,5,6],[2,3],[7,8,9]]"
S09,S09,1171,1171,l1.cpss_one_se,l1,cpss_one_se,l1.final_development_selection_frequency,4,"[0,29,460,596]","[[0,1],[2,3],[4,5,6],[7,8,9]]"
S09,S09,1181,1181,shil.fixed_k.k01,shil,fixed_k,shil.final_ranker_score,1,[0],"[[0,1]]"
S09,S09,1181,1181,shil.fixed_k.k02,shil,fixed_k,shil.final_ranker_score,2,"[0,29]","[[0,1],[2,3]]"
S09,S09,1181,1181,shil.fixed_k.k04,shil,fixed_k,shil.final_ranker_score,4,"[0,29,460,596]","[[0,1],[2,3],[4,5,6],[7,8,9]]"
S09,S09,1181,1181,shil.fixed_k.k08,shil,fixed_k,shil.final_ranker_score,8,"[0,29,460,596,612,329,549,567]","[[0,1],[2,3],[4,5,6],[7,8,9],[7,10,14],[2,4,6],[5,10,15],[6,7,15]]"
S09,S09,1181,1181,shil.fixed_k.k16,shil,fixed_k,shil.final_ranker_score,16,"[0,29,460,596,612,329,549,567,603,650,377,125,575,149,60,528]","[[0,1],[2,3],[4,5,6],[7,8,9],[7,10,14],[2,4,6],[5,10,15],[6,7,15],[7,9,10],[9,11,12],[2,9,14],[0,1,7],[6,9,10],[0,3,6],[4,11],[5,7,12]]"
S09,S09,1181,1181,shil.validation_one_se,shil,validation_one_se,shil.final_ranker_score,4,"[0,29,460,596]","[[0,1],[2,3],[4,5,6],[7,8,9]]"
S09,S09,1181,1181,shil.cpss_one_se,shil,cpss_one_se,shil.final_development_selection_frequency,4,"[0,29,460,596]","[[0,1],[2,3],[4,5,6],[7,8,9]]"
S09,S09,1181,1181,l1.fixed_k.k01,l1,fixed_k,l1.final_ranker_score,1,[0],"[[0,1]]"
S09,S09,1181,1181,l1.fixed_k.k02,l1,fixed_k,l1.final_ranker_score,2,"[0,460]","[[0,1],[4,5,6]]"
S09,S09,1181,1181,l1.fixed_k.k04,l1,fixed_k,l1.final_ranker_score,4,"[0,460,29,596]","[[0,1],[4,5,6],[2,3],[7,8,9]]"
S09,S09,1181,1181,l1.fixed_k.k08,l1,fixed_k,l1.final_ranker_score,8,"[0,460,29,596,612,329,107,127]","[[0,1],[4,5,6],[2,3],[7,8,9],[7,10,14],[2,4,6],[10,13],[0,1,9]]"
S09,S09,1181,1181,l1.fixed_k.k16,l1,fixed_k,l1.final_ranker_score,16,"[0,460,29,596,612,329,107,127,182,567,320,245,267,121,526,601]","[[0,1],[4,5,6],[2,3],[7,8,9],[7,10,14],[2,4,6],[10,13],[0,1,9],[0,6,9],[6,7,15],[2,3,8],[1,3,11],[1,5,12],[0,1,3],[5,7,10],[7,8,14]]"
S09,S09,1181,1181,l1.validation_one_se,l1,validation_one_se,l1.final_ranker_score,4,"[0,460,29,596]","[[0,1],[4,5,6],[2,3],[7,8,9]]"
S09,S09,1181,1181,l1.cpss_one_se,l1,cpss_one_se,l1.final_development_selection_frequency,4,"[0,29,460,596]","[[0,1],[2,3],[4,5,6],[7,8,9]]"
S09,S09,1201,1201,shil.fixed_k.k01,shil,fixed_k,shil.final_ranker_score,1,[0],"[[0,1]]"
S09,S09,1201,1201,shil.fixed_k.k02,shil,fixed_k,shil.final_ranker_score,2,"[0,29]","[[0,1],[2,3]]"
S09,S09,1201,1201,shil.fixed_k.k04,shil,fixed_k,shil.final_ranker_score,4,"[0,29,460,596]","[[0,1],[2,3],[4,5,6],[7,8,9]]"
S09,S09,1201,1201,shil.fixed_k.k08,shil,fixed_k,shil.final_ranker_score,8,"[0,29,460,596,182,459,38,646]","[[0,1],[2,3],[4,5,6],[7,8,9],[0,6,9],[3,14,15],[2,12],[9,10,12]]"
S09,S09,1201,1201,shil.fixed_k.k16,shil,fixed_k,shil.final_ranker_score,16,"[0,29,460,596,182,459,38,646,334,353,358,387,433,248,570,636]","[[0,1],[2,3],[4,5,6],[7,8,9],[0,6,9],[3,14,15],[2,12],[9,10,12],[2,4,11],[2,6,11],[2,7,8],[2,11,15],[3,8,10],[1,3,14],[6,8,11],[8,11,13]]"
S09,S09,1201,1201,shil.validation_one_se,shil,validation_one_se,shil.final_ranker_score,4,"[0,29,460,596]","[[0,1],[2,3],[4,5,6],[7,8,9]]"
S09,S09,1201,1201,shil.cpss_one_se,shil,cpss_one_se,shil.final_development_selection_frequency,4,"[0,29,460,596]","[[0,1],[2,3],[4,5,6],[7,8,9]]"
S09,S09,1201,1201,l1.fixed_k.k01,l1,fixed_k,l1.final_ranker_score,1,[0],"[[0,1]]"
S09,S09,1201,1201,l1.fixed_k.k02,l1,fixed_k,l1.final_ranker_score,2,"[0,460]","[[0,1],[4,5,6]]"
S09,S09,1201,1201,l1.fixed_k.k04,l1,fixed_k,l1.final_ranker_score,4,"[0,460,29,596]","[[0,1],[4,5,6],[2,3],[7,8,9]]"
S09,S09,1201,1201,l1.fixed_k.k08,l1,fixed_k,l1.final_ranker_score,8,"[0,460,29,596,397,329,433,502]","[[0,1],[4,5,6],[2,3],[7,8,9],[3,4,8],[2,4,6],[3,8,10],[4,10,13]]"
S09,S09,1201,1201,l1.fixed_k.k16,l1,fixed_k,l1.final_ranker_score,16,"[0,460,29,596,397,329,433,502,175,168,450,25,398,185,181,204]","[[0,1],[4,5,6],[2,3],[7,8,9],[3,4,8],[2,4,6],[3,8,10],[4,10,13],[0,5,11],[0,4,14],[3,11,12],[1,12],[3,4,9],[0,6,12],[0,6,8],[0,9,10]]"
S09,S09,1201,1201,l1.validation_one_se,l1,validation_one_se,l1.final_ranker_score,4,"[0,460,29,596]","[[0,1],[4,5,6],[2,3],[7,8,9]]"
S09,S09,1201,1201,l1.cpss_one_se,l1,cpss_one_se,l1.final_development_selection_frequency,4,"[0,29,460,596]","[[0,1],[2,3],[4,5,6],[7,8,9]]"
S09,S09,1213,1213,shil.fixed_k.k01,shil,fixed_k,shil.final_ranker_score,1,[29],"[[2,3]]"
S09,S09,1213,1213,shil.fixed_k.k02,shil,fixed_k,shil.final_ranker_score,2,"[29,0]","[[2,3],[0,1]]"
S09,S09,1213,1213,shil.fixed_k.k04,shil,fixed_k,shil.final_ranker_score,4,"[29,0,596,460]","[[2,3],[0,1],[7,8,9],[4,5,6]]"
S09,S09,1213,1213,shil.fixed_k.k08,shil,fixed_k,shil.final_ranker_score,8,"[29,0,596,460,38,76,5,293]","[[2,3],[0,1],[7,8,9],[4,5,6],[2,12],[6,8],[0,6],[1,8,14]]"
S09,S09,1213,1213,shil.fixed_k.k16,shil,fixed_k,shil.final_ranker_score,16,"[29,0,596,460,38,76,5,293,166,358,295,283,282,526,506,10]","[[2,3],[0,1],[7,8,9],[4,5,6],[2,12],[6,8],[0,6],[1,8,14],[0,4,12],[2,7,8],[1,9,10],[1,7,11],[1,7,10],[5,7,10],[4,11,13],[0,11]]"
S09,S09,1213,1213,shil.validation_one_se,shil,validation_one_se,shil.final_ranker_score,4,"[29,0,596,460]","[[2,3],[0,1],[7,8,9],[4,5,6]]"
S09,S09,1213,1213,shil.cpss_one_se,shil,cpss_one_se,shil.final_development_selection_frequency,4,"[0,29,460,596]","[[0,1],[2,3],[4,5,6],[7,8,9]]"
S09,S09,1213,1213,l1.fixed_k.k01,l1,fixed_k,l1.final_ranker_score,1,[0],"[[0,1]]"
S09,S09,1213,1213,l1.fixed_k.k02,l1,fixed_k,l1.final_ranker_score,2,"[0,29]","[[0,1],[2,3]]"
S09,S09,1213,1213,l1.fixed_k.k04,l1,fixed_k,l1.final_ranker_score,4,"[0,29,460,596]","[[0,1],[2,3],[4,5,6],[7,8,9]]"
S09,S09,1213,1213,l1.fixed_k.k08,l1,fixed_k,l1.final_ranker_score,8,"[0,29,460,596,563,267,281,357]","[[0,1],[2,3],[4,5,6],[7,8,9],[6,7,11],[1,5,12],[1,7,9],[2,6,15]]"
S09,S09,1213,1213,l1.fixed_k.k16,l1,fixed_k,l1.final_ranker_score,16,"[0,29,460,596,563,267,281,357,164,187,226,324,661,131,565,447]","[[0,1],[2,3],[4,5,6],[7,8,9],[6,7,11],[1,5,12],[1,7,9],[2,6,15],[0,4,10],[0,6,14],[1,2,4],[2,3,12],[10,11,13],[0,1,13],[6,7,13],[3,10,13]]"
S09,S09,1213,1213,l1.validation_one_se,l1,validation_one_se,l1.final_ranker_score,4,"[0,29,460,596]","[[0,1],[2,3],[4,5,6],[7,8,9]]"
S09,S09,1213,1213,l1.cpss_one_se,l1,cpss_one_se,l1.final_development_selection_frequency,4,"[0,29,460,596]","[[0,1],[2,3],[4,5,6],[7,8,9]]"
S09,S09,1231,1231,shil.fixed_k.k01,shil,fixed_k,shil.final_ranker_score,1,[0],"[[0,1]]"
S09,S09,1231,1231,shil.fixed_k.k02,shil,fixed_k,shil.final_ranker_score,2,"[0,29]","[[0,1],[2,3]]"
S09,S09,1231,1231,shil.fixed_k.k04,shil,fixed_k,shil.final_ranker_score,4,"[0,29,460,596]","[[0,1],[2,3],[4,5,6],[7,8,9]]"
S09,S09,1231,1231,shil.fixed_k.k08,shil,fixed_k,shil.final_ranker_score,8,"[0,29,460,596,256,18,421,150]","[[0,1],[2,3],[4,5,6],[7,8,9],[1,4,11],[1,5],[3,6,13],[0,3,7]]"
S09,S09,1231,1231,shil.fixed_k.k16,shil,fixed_k,shil.final_ranker_score,16,"[0,29,460,596,256,18,421,150,615,425,85,82,33,38,583,431]","[[0,1],[2,3],[4,5,6],[7,8,9],[1,4,11],[1,5],[3,6,13],[0,3,7],[7,11,13],[3,7,9],[7,9],[6,14],[2,7],[2,12],[6,10,13],[3,7,15]]"
S09,S09,1231,1231,shil.validation_one_se,shil,validation_one_se,shil.final_ranker_score,4,"[0,29,460,596]","[[0,1],[2,3],[4,5,6],[7,8,9]]"
S09,S09,1231,1231,shil.cpss_one_se,shil,cpss_one_se,shil.final_development_selection_frequency,4,"[0,29,460,596]","[[0,1],[2,3],[4,5,6],[7,8,9]]"
S09,S09,1231,1231,l1.fixed_k.k01,l1,fixed_k,l1.final_ranker_score,1,[0],"[[0,1]]"
S09,S09,1231,1231,l1.fixed_k.k02,l1,fixed_k,l1.final_ranker_score,2,"[0,460]","[[0,1],[4,5,6]]"
S09,S09,1231,1231,l1.fixed_k.k04,l1,fixed_k,l1.final_ranker_score,4,"[0,460,29,596]","[[0,1],[4,5,6],[2,3],[7,8,9]]"
S09,S09,1231,1231,l1.fixed_k.k08,l1,fixed_k,l1.final_ranker_score,8,"[0,460,29,596,491,428,5,181]","[[0,1],[4,5,6],[2,3],[7,8,9],[4,8,13],[3,7,12],[0,6],[0,6,8]]"
S09,S09,1231,1231,l1.fixed_k.k16,l1,fixed_k,l1.final_ranker_score,16,"[0,460,29,596,491,428,5,181,116,166,67,360,390,282,382,488]","[[0,1],[4,5,6],[2,3],[7,8,9],[4,8,13],[3,7,12],[0,6],[0,6,8],[12,15],[0,4,12],[5,8],[2,7,10],[2,12,15],[1,7,10],[2,10,14],[4,8,10]]"
S09,S09,1231,1231,l1.validation_one_se,l1,validation_one_se,l1.final_ranker_score,4,"[0,460,29,596]","[[0,1],[4,5,6],[2,3],[7,8,9]]"
S09,S09,1231,1231,l1.cpss_one_se,l1,cpss_one_se,l1.final_development_selection_frequency,4,"[0,29,460,596]","[[0,1],[2,3],[4,5,6],[7,8,9]]"
S09,S09,1249,1249,shil.fixed_k.k01,shil,fixed_k,shil.final_ranker_score,1,[0],"[[0,1]]"
S09,S09,1249,1249,shil.fixed_k.k02,shil,fixed_k,shil.final_ranker_score,2,"[0,29]","[[0,1],[2,3]]"
S09,S09,1249,1249,shil.fixed_k.k04,shil,fixed_k,shil.final_ranker_score,4,"[0,29,460,596]","[[0,1],[2,3],[4,5,6],[7,8,9]]"
S09,S09,1249,1249,shil.fixed_k.k08,shil,fixed_k,shil.final_ranker_score,8,"[0,29,460,596,646,399,346,508]","[[0,1],[2,3],[4,5,6],[7,8,9],[9,10,12],[3,4,10],[2,5,13],[4,11,15]]"
S09,S09,1249,1249,shil.fixed_k.k16,shil,fixed_k,shil.final_ranker_score,16,"[0,29,460,596,646,399,346,508,181,16,7,405,350,541,514,637]","[[0,1],[2,3],[4,5,6],[7,8,9],[9,10,12],[3,4,10],[2,5,13],[4,11,15],[0,6,8],[1,3],[0,8],[3,5,6],[2,6,8],[5,9,12],[4,14,15],[8,11,14]]"
S09,S09,1249,1249,shil.validation_one_se,shil,validation_one_se,shil.final_ranker_score,4,"[0,29,460,596]","[[0,1],[2,3],[4,5,6],[7,8,9]]"
S09,S09,1249,1249,shil.cpss_one_se,shil,cpss_one_se,shil.final_development_selection_frequency,4,"[0,29,460,596]","[[0,1],[2,3],[4,5,6],[7,8,9]]"
S09,S09,1249,1249,l1.fixed_k.k01,l1,fixed_k,l1.final_ranker_score,1,[0],"[[0,1]]"
S09,S09,1249,1249,l1.fixed_k.k02,l1,fixed_k,l1.final_ranker_score,2,"[0,29]","[[0,1],[2,3]]"
S09,S09,1249,1249,l1.fixed_k.k04,l1,fixed_k,l1.final_ranker_score,4,"[0,29,596,460]","[[0,1],[2,3],[7,8,9],[4,5,6]]"
S09,S09,1249,1249,l1.fixed_k.k08,l1,fixed_k,l1.final_ranker_score,8,"[0,29,596,460,34,497,645,646]","[[0,1],[2,3],[7,8,9],[4,5,6],[2,8],[4,9,13],[9,10,11],[9,10,12]]"
S09,S09,1249,1249,l1.fixed_k.k16,l1,fixed_k,l1.final_ranker_score,16,"[0,29,596,460,34,497,645,646,676,165,395,190,627,296,7,551]","[[0,1],[2,3],[7,8,9],[4,5,6],[2,8],[4,9,13],[9,10,11],[9,10,12],[12,13,14],[0,4,11],[3,4,6],[0,7,9],[8,9,13],[1,9,11],[0,8],[5,11,13]]"
S09,S09,1249,1249,l1.validation_one_se,l1,validation_one_se,l1.final_ranker_score,4,"[0,29,596,460]","[[0,1],[2,3],[7,8,9],[4,5,6]]"
S09,S09,1249,1249,l1.cpss_one_se,l1,cpss_one_se,l1.final_development_selection_frequency,4,"[0,29,460,596]","[[0,1],[2,3],[4,5,6],[7,8,9]]"
S09,S09,1277,1277,shil.fixed_k.k01,shil,fixed_k,shil.final_ranker_score,1,[0],"[[0,1]]"
S09,S09,1277,1277,shil.fixed_k.k02,shil,fixed_k,shil.final_ranker_score,2,"[0,29]","[[0,1],[2,3]]"
S09,S09,1277,1277,shil.fixed_k.k04,shil,fixed_k,shil.final_ranker_score,4,"[0,29,460,596]","[[0,1],[2,3],[4,5,6],[7,8,9]]"
S09,S09,1277,1277,shil.fixed_k.k08,shil,fixed_k,shil.final_ranker_score,8,"[0,29,460,596,536,234,591,60]","[[0,1],[2,3],[4,5,6],[7,8,9],[5,8,13],[1,2,12],[6,12,14],[4,11]]"
S09,S09,1277,1277,shil.fixed_k.k16,shil,fixed_k,shil.final_ranker_score,16,"[0,29,460,596,536,234,591,60,35,417,625,627,233,608,620,664]","[[0,1],[2,3],[4,5,6],[7,8,9],[5,8,13],[1,2,12],[6,12,14],[4,11],[2,9],[3,6,9],[8,9,11],[8,9,13],[1,2,11],[7,9,15],[7,12,15],[10,12,13]]"
S09,S09,1277,1277,shil.validation_one_se,shil,validation_one_se,shil.final_ranker_score,4,"[0,29,460,596]","[[0,1],[2,3],[4,5,6],[7,8,9]]"
S09,S09,1277,1277,shil.cpss_one_se,shil,cpss_one_se,shil.final_development_selection_frequency,4,"[0,29,460,596]","[[0,1],[2,3],[4,5,6],[7,8,9]]"
S09,S09,1277,1277,l1.fixed_k.k01,l1,fixed_k,l1.final_ranker_score,1,[0],"[[0,1]]"
S09,S09,1277,1277,l1.fixed_k.k02,l1,fixed_k,l1.final_ranker_score,2,"[0,460]","[[0,1],[4,5,6]]"
S09,S09,1277,1277,l1.fixed_k.k04,l1,fixed_k,l1.final_ranker_score,4,"[0,460,29,596]","[[0,1],[4,5,6],[2,3],[7,8,9]]"
S09,S09,1277,1277,l1.fixed_k.k08,l1,fixed_k,l1.final_ranker_score,8,"[0,460,29,596,283,389,78,659]","[[0,1],[4,5,6],[2,3],[7,8,9],[1,7,11],[2,12,14],[6,10],[9,14,15]]"
S09,S09,1277,1277,l1.fixed_k.k16,l1,fixed_k,l1.final_ranker_score,16,"[0,460,29,596,283,389,78,659,377,523,234,534,419,577,199,654]","[[0,1],[4,5,6],[2,3],[7,8,9],[1,7,11],[2,12,14],[6,10],[9,14,15],[2,9,14],[5,6,15],[1,2,12],[5,8,11],[3,6,11],[6,9,12],[0,8,11],[9,12,13]]"
S09,S09,1277,1277,l1.validation_one_se,l1,validation_one_se,l1.final_ranker_score,4,"[0,460,29,596]","[[0,1],[4,5,6],[2,3],[7,8,9]]"
S09,S09,1277,1277,l1.cpss_one_se,l1,cpss_one_se,l1.final_development_selection_frequency,4,"[0,29,460,596]","[[0,1],[2,3],[4,5,6],[7,8,9]]"
S10,S10,1103,1103,shil.fixed_k.k01,shil,fixed_k,shil.final_ranker_score,1,[0],"[[0,1]]"
S10,S10,1103,1103,shil.fixed_k.k02,shil,fixed_k,shil.final_ranker_score,2,"[0,45]","[[0,1],[2,3]]"
S10,S10,1103,1103,shil.fixed_k.k04,shil,fixed_k,shil.final_ranker_score,4,"[0,45,86,1740]","[[0,1],[2,3],[4,5],[8,9,10]]"
S10,S10,1103,1103,shil.fixed_k.k08,shil,fixed_k,shil.final_ranker_score,8,"[0,45,86,1740,123,2014,2180,2265]","[[0,1],[2,3],[4,5],[8,9,10],[6,7],[11,12,13],[14,15,16],[17,18,19]]"
S10,S10,1103,1103,shil.fixed_k.k16,shil,fixed_k,shil.final_ranker_score,16,"[0,45,86,1740,123,2014,2180,2265,1311,258,407,382,1090,268,1019,1069]","[[0,1],[2,3],[4,5],[8,9,10],[6,7],[11,12,13],[14,15,16],[17,18,19],[4,17,19],[17,21],[0,7,22],[0,6,13],[3,11,20],[19,22],[3,6,19],[3,10,11]]"
S10,S10,1103,1103,shil.validation_one_se,shil,validation_one_se,shil.final_ranker_score,8,"[0,45,86,1740,123,2014,2180,2265]","[[0,1],[2,3],[4,5],[8,9,10],[6,7],[11,12,13],[14,15,16],[17,18,19]]"
S10,S10,1103,1103,shil.cpss_one_se,shil,cpss_one_se,shil.final_development_selection_frequency,8,"[0,45,86,123,1740,2014,2180,2265]","[[0,1],[2,3],[4,5],[6,7],[8,9,10],[11,12,13],[14,15,16],[17,18,19]]"
S10,S10,1103,1103,l1.fixed_k.k01,l1,fixed_k,l1.final_ranker_score,1,[0],"[[0,1]]"
S10,S10,1103,1103,l1.fixed_k.k02,l1,fixed_k,l1.final_ranker_score,2,"[0,45]","[[0,1],[2,3]]"
S10,S10,1103,1103,l1.fixed_k.k04,l1,fixed_k,l1.final_ranker_score,4,"[0,45,1740,86]","[[0,1],[2,3],[8,9,10],[4,5]]"
S10,S10,1103,1103,l1.fixed_k.k08,l1,fixed_k,l1.final_ranker_score,8,"[0,45,1740,86,2014,123,2180,2265]","[[0,1],[2,3],[8,9,10],[4,5],[11,12,13],[6,7],[14,15,16],[17,18,19]]"
S10,S10,1103,1103,l1.fixed_k.k16,l1,fixed_k,l1.final_ranker_score,16,"[0,45,1740,86,2014,123,2180,2265,2007,573,565,41,258,725,2181,1639]","[[0,1],[2,3],[8,9,10],[4,5],[11,12,13],[6,7],[14,15,16],[17,18,19],[10,19,23],[1,4,8],[1,3,19],[1,20],[17,21],[1,15,17],[14,15,17],[7,9,14]]"
S10,S10,1103,1103,l1.validation_one_se,l1,validation_one_se,l1.final_ranker_score,8,"[0,45,1740,86,2014,123,2180,2265]","[[0,1],[2,3],[8,9,10],[4,5],[11,12,13],[6,7],[14,15,16],[17,18,19]]"
S10,S10,1103,1103,l1.cpss_one_se,l1,cpss_one_se,l1.final_development_selection_frequency,8,"[0,45,86,123,1740,2014,2180,2265]","[[0,1],[2,3],[4,5],[6,7],[8,9,10],[11,12,13],[14,15,16],[17,18,19]]"
S10,S10,1129,1129,shil.fixed_k.k01,shil,fixed_k,shil.final_ranker_score,1,[45],"[[2,3]]"
S10,S10,1129,1129,shil.fixed_k.k02,shil,fixed_k,shil.final_ranker_score,2,"[45,0]","[[2,3],[0,1]]"
S10,S10,1129,1129,shil.fixed_k.k04,shil,fixed_k,shil.final_ranker_score,4,"[45,0,86,123]","[[2,3],[0,1],[4,5],[6,7]]"
S10,S10,1129,1129,shil.fixed_k.k08,shil,fixed_k,shil.final_ranker_score,8,"[45,0,86,123,1740,2014,2180,2265]","[[2,3],[0,1],[4,5],[6,7],[8,9,10],[11,12,13],[14,15,16],[17,18,19]]"
S10,S10,1129,1129,shil.fixed_k.k16,shil,fixed_k,shil.final_ranker_score,16,"[45,0,86,123,1740,2014,2180,2265,1279,829,1335,781,727,897,1713,52]","[[2,3],[0,1],[4,5],[6,7],[8,9,10],[11,12,13],[14,15,16],[17,18,19],[4,13,17],[2,6,19],[5,6,11],[2,4,6],[1,15,19],[2,11,17],[7,16,18],[2,10]]"
S10,S10,1129,1129,shil.validation_one_se,shil,validation_one_se,shil.final_ranker_score,8,"[45,0,86,123,1740,2014,2180,2265]","[[2,3],[0,1],[4,5],[6,7],[8,9,10],[11,12,13],[14,15,16],[17,18,19]]"
S10,S10,1129,1129,shil.cpss_one_se,shil,cpss_one_se,shil.final_development_selection_frequency,8,"[0,45,86,123,1740,2014,2180,2265]","[[0,1],[2,3],[4,5],[6,7],[8,9,10],[11,12,13],[14,15,16],[17,18,19]]"
S10,S10,1129,1129,l1.fixed_k.k01,l1,fixed_k,l1.final_ranker_score,1,[0],"[[0,1]]"
S10,S10,1129,1129,l1.fixed_k.k02,l1,fixed_k,l1.final_ranker_score,2,"[0,45]","[[0,1],[2,3]]"
S10,S10,1129,1129,l1.fixed_k.k04,l1,fixed_k,l1.final_ranker_score,4,"[0,45,1740,86]","[[0,1],[2,3],[8,9,10],[4,5]]"
S10,S10,1129,1129,l1.fixed_k.k08,l1,fixed_k,l1.final_ranker_score,8,"[0,45,1740,86,2014,123,2180,2265]","[[0,1],[2,3],[8,9,10],[4,5],[11,12,13],[6,7],[14,15,16],[17,18,19]]"
S10,S10,1129,1129,l1.fixed_k.k16,l1,fixed_k,l1.final_ranker_score,16,"[0,45,1740,86,2014,123,2180,2265,2231,1323,1621,1236,1410,1922,319,947]","[[0,1],[2,3],[8,9,10],[4,5],[11,12,13],[6,7],[14,15,16],[17,18,19],[15,18,21],[4,19,22],[7,8,10],[4,9,20],[5,11,16],[9,18,20],[0,3,4],[2,16,22]]"
S10,S10,1129,1129,l1.validation_one_se,l1,validation_one_se,l1.final_ranker_score,8,"[0,45,1740,86,2014,123,2180,2265]","[[0,1],[2,3],[8,9,10],[4,5],[11,12,13],[6,7],[14,15,16],[17,18,19]]"
S10,S10,1129,1129,l1.cpss_one_se,l1,cpss_one_se,l1.final_development_selection_frequency,8,"[0,45,86,123,1740,2014,2180,2265]","[[0,1],[2,3],[4,5],[6,7],[8,9,10],[11,12,13],[14,15,16],[17,18,19]]"
S10,S10,1151,1151,shil.fixed_k.k01,shil,fixed_k,shil.final_ranker_score,1,[0],"[[0,1]]"
S10,S10,1151,1151,shil.fixed_k.k02,shil,fixed_k,shil.final_ranker_score,2,"[0,45]","[[0,1],[2,3]]"
S10,S10,1151,1151,shil.fixed_k.k04,shil,fixed_k,shil.final_ranker_score,4,"[0,45,86,123]","[[0,1],[2,3],[4,5],[6,7]]"
S10,S10,1151,1151,shil.fixed_k.k08,shil,fixed_k,shil.final_ranker_score,8,"[0,45,86,123,2014,1740,2265,2180]","[[0,1],[2,3],[4,5],[6,7],[11,12,13],[8,9,10],[17,18,19],[14,15,16]]"
S10,S10,1151,1151,shil.fixed_k.k16,shil,fixed_k,shil.final_ranker_score,16,"[0,45,86,123,2014,1740,2265,2180,1666,951,2082,17,1430,1372,1358,1156]","[[0,1],[2,3],[4,5],[6,7],[11,12,13],[8,9,10],[17,18,19],[14,15,16],[7,11,16],[2,17,20],[12,13,16],[0,18],[5,13,15],[5,8,17],[5,7,18],[3,20,23]]"
S10,S10,1151,1151,shil.validation_one_se,shil,validation_one_se,shil.final_ranker_score,8,"[0,45,86,123,2014,1740,2265,2180]","[[0,1],[2,3],[4,5],[6,7],[11,12,13],[8,9,10],[17,18,19],[14,15,16]]"
S10,S10,1151,1151,shil.cpss_one_se,shil,cpss_one_se,shil.final_development_selection_frequency,8,"[0,45,86,123,1740,2014,2180,2265]","[[0,1],[2,3],[4,5],[6,7],[8,9,10],[11,12,13],[14,15,16],[17,18,19]]"
S10,S10,1151,1151,l1.fixed_k.k01,l1,fixed_k,l1.final_ranker_score,1,[0],"[[0,1]]"
S10,S10,1151,1151,l1.fixed_k.k02,l1,fixed_k,l1.final_ranker_score,2,"[0,45]","[[0,1],[2,3]]"
S10,S10,1151,1151,l1.fixed_k.k04,l1,fixed_k,l1.final_ranker_score,4,"[0,45,86,1740]","[[0,1],[2,3],[4,5],[8,9,10]]"
S10,S10,1151,1151,l1.fixed_k.k08,l1,fixed_k,l1.final_ranker_score,8,"[0,45,86,1740,2014,123,2180,2265]","[[0,1],[2,3],[4,5],[8,9,10],[11,12,13],[6,7],[14,15,16],[17,18,19]]"
S10,S10,1151,1151,l1.fixed_k.k16,l1,fixed_k,l1.final_ranker_score,16,"[0,45,86,1740,2014,123,2180,2265,1995,993,2250,492,1550,1444,17,171]","[[0,1],[2,3],[4,5],[8,9,10],[11,12,13],[6,7],[14,15,16],[17,18,19],[10,17,20],[3,5,10],[16,18,19],[0,14,23],[6,11,20],[5,14,20],[0,18],[9,10]]"
S10,S10,1151,1151,l1.validation_one_se,l1,validation_one_se,l1.final_ranker_score,8,"[0,45,86,1740,2014,123,2180,2265]","[[0,1],[2,3],[4,5],[8,9,10],[11,12,13],[6,7],[14,15,16],[17,18,19]]"
S10,S10,1151,1151,l1.cpss_one_se,l1,cpss_one_se,l1.final_development_selection_frequency,8,"[0,45,86,123,1740,2014,2180,2265]","[[0,1],[2,3],[4,5],[6,7],[8,9,10],[11,12,13],[14,15,16],[17,18,19]]"
S10,S10,1171,1171,shil.fixed_k.k01,shil,fixed_k,shil.final_ranker_score,1,[0],"[[0,1]]"
S10,S10,1171,1171,shil.fixed_k.k02,shil,fixed_k,shil.final_ranker_score,2,"[0,45]","[[0,1],[2,3]]"
S10,S10,1171,1171,shil.fixed_k.k04,shil,fixed_k,shil.final_ranker_score,4,"[0,45,86,1740]","[[0,1],[2,3],[4,5],[8,9,10]]"
S10,S10,1171,1171,shil.fixed_k.k08,shil,fixed_k,shil.final_ranker_score,8,"[0,45,86,1740,123,2014,2180,2265]","[[0,1],[2,3],[4,5],[8,9,10],[6,7],[11,12,13],[14,15,16],[17,18,19]]"
S10,S10,1171,1171,shil.fixed_k.k16,shil,fixed_k,shil.final_ranker_score,16,"[0,45,86,1740,123,2014,2180,2265,1441,2028,1389,253,609,372,680,1034]","[[0,1],[2,3],[4,5],[8,9,10],[6,7],[11,12,13],[14,15,16],[17,18,19],[5,14,17],[11,13,17],[5,9,20],[16,22],[1,6,9],[0,5,20],[1,10,22],[3,7,18]]"
S10,S10,1171,1171,shil.validation_one_se,shil,validation_one_se,shil.final_ranker_score,8,"[0,45,86,1740,123,2014,2180,2265]","[[0,1],[2,3],[4,5],[8,9,10],[6,7],[11,12,13],[14,15,16],[17,18,19]]"
S10,S10,1171,1171,shil.cpss_one_se,shil,cpss_one_se,shil.final_development_selection_frequency,8,"[0,45,86,123,1740,2014,2180,2265]","[[0,1],[2,3],[4,5],[6,7],[8,9,10],[11,12,13],[14,15,16],[17,18,19]]"
S10,S10,1171,1171,l1.fixed_k.k01,l1,fixed_k,l1.final_ranker_score,1,[0],"[[0,1]]"
S10,S10,1171,1171,l1.fixed_k.k02,l1,fixed_k,l1.final_ranker_score,2,"[0,45]","[[0,1],[2,3]]"
S10,S10,1171,1171,l1.fixed_k.k04,l1,fixed_k,l1.final_ranker_score,4,"[0,45,1740,86]","[[0,1],[2,3],[8,9,10],[4,5]]"
S10,S10,1171,1171,l1.fixed_k.k08,l1,fixed_k,l1.final_ranker_score,8,"[0,45,1740,86,2014,123,2180,2265]","[[0,1],[2,3],[8,9,10],[4,5],[11,12,13],[6,7],[14,15,16],[17,18,19]]"
S10,S10,1171,1171,l1.fixed_k.k16,l1,fixed_k,l1.final_ranker_score,16,"[0,45,1740,86,2014,123,2180,2265,1034,1167,2234,1919,1495,254,177,2019]","[[0,1],[2,3],[8,9,10],[4,5],[11,12,13],[6,7],[14,15,16],[17,18,19],[3,7,18],[4,5,13],[15,19,20],[9,17,22],[6,7,19],[16,23],[9,16],[11,12,18]]"
S10,S10,1171,1171,l1.validation_one_se,l1,validation_one_se,l1.final_ranker_score,8,"[0,45,1740,86,2014,123,2180,2265]","[[0,1],[2,3],[8,9,10],[4,5],[11,12,13],[6,7],[14,15,16],[17,18,19]]"
S10,S10,1171,1171,l1.cpss_one_se,l1,cpss_one_se,l1.final_development_selection_frequency,8,"[0,45,86,123,1740,2014,2180,2265]","[[0,1],[2,3],[4,5],[6,7],[8,9,10],[11,12,13],[14,15,16],[17,18,19]]"
S10,S10,1181,1181,shil.fixed_k.k01,shil,fixed_k,shil.final_ranker_score,1,[0],"[[0,1]]"
S10,S10,1181,1181,shil.fixed_k.k02,shil,fixed_k,shil.final_ranker_score,2,"[0,45]","[[0,1],[2,3]]"
S10,S10,1181,1181,shil.fixed_k.k04,shil,fixed_k,shil.final_ranker_score,4,"[0,45,86,1740]","[[0,1],[2,3],[4,5],[8,9,10]]"
S10,S10,1181,1181,shil.fixed_k.k08,shil,fixed_k,shil.final_ranker_score,8,"[0,45,86,1740,123,2014,2180,2265]","[[0,1],[2,3],[4,5],[8,9,10],[6,7],[11,12,13],[14,15,16],[17,18,19]]"
S10,S10,1181,1181,shil.fixed_k.k16,shil,fixed_k,shil.final_ranker_score,16,"[0,45,86,1740,123,2014,2180,2265,2071,2017,116,1371,2102,525,1141,998]","[[0,1],[2,3],[4,5],[8,9,10],[6,7],[11,12,13],[14,15,16],[17,18,19],[11,19,21],[11,12,16],[5,17],[5,8,16],[12,15,19],[0,20,23],[3,17,20],[3,5,15]]"
S10,S10,1181,1181,shil.validation_one_se,shil,validation_one_se,shil.final_ranker_score,8,"[0,45,86,1740,123,2014,2180,2265]","[[0,1],[2,3],[4,5],[8,9,10],[6,7],[11,12,13],[14,15,16],[17,18,19]]"
S10,S10,1181,1181,shil.cpss_one_se,shil,cpss_one_se,shil.final_development_selection_frequency,8,"[0,45,86,123,1740,2014,2180,2265]","[[0,1],[2,3],[4,5],[6,7],[8,9,10],[11,12,13],[14,15,16],[17,18,19]]"
S10,S10,1181,1181,l1.fixed_k.k01,l1,fixed_k,l1.final_ranker_score,1,[0],"[[0,1]]"
S10,S10,1181,1181,l1.fixed_k.k02,l1,fixed_k,l1.final_ranker_score,2,"[0,45]","[[0,1],[2,3]]"
S10,S10,1181,1181,l1.fixed_k.k04,l1,fixed_k,l1.final_ranker_score,4,"[0,45,86,1740]","[[0,1],[2,3],[4,5],[8,9,10]]"
S10,S10,1181,1181,l1.fixed_k.k08,l1,fixed_k,l1.final_ranker_score,8,"[0,45,86,1740,2014,123,2180,2265]","[[0,1],[2,3],[4,5],[8,9,10],[11,12,13],[6,7],[14,15,16],[17,18,19]]"
S10,S10,1181,1181,l1.fixed_k.k16,l1,fixed_k,l1.final_ranker_score,16,"[0,45,86,1740,2014,123,2180,2265,1907,1078,917,253,2129,212,1188,2176]","[[0,1],[2,3],[4,5],[8,9,10],[11,12,13],[6,7],[14,15,16],[17,18,19],[9,15,23],[3,10,20],[2,13,16],[16,22],[12,20,21],[12,15],[4,6,17],[13,20,23]]"
S10,S10,1181,1181,l1.validation_one_se,l1,validation_one_se,l1.final_ranker_score,8,"[0,45,86,1740,2014,123,2180,2265]","[[0,1],[2,3],[4,5],[8,9,10],[11,12,13],[6,7],[14,15,16],[17,18,19]]"
S10,S10,1181,1181,l1.cpss_one_se,l1,cpss_one_se,l1.final_development_selection_frequency,8,"[0,45,86,123,1740,2014,2180,2265]","[[0,1],[2,3],[4,5],[6,7],[8,9,10],[11,12,13],[14,15,16],[17,18,19]]"
S10,S10,1201,1201,shil.fixed_k.k01,shil,fixed_k,shil.final_ranker_score,1,[0],"[[0,1]]"
S10,S10,1201,1201,shil.fixed_k.k02,shil,fixed_k,shil.final_ranker_score,2,"[0,45]","[[0,1],[2,3]]"
S10,S10,1201,1201,shil.fixed_k.k04,shil,fixed_k,shil.final_ranker_score,4,"[0,45,123,86]","[[0,1],[2,3],[6,7],[4,5]]"
S10,S10,1201,1201,shil.fixed_k.k08,shil,fixed_k,shil.final_ranker_score,8,"[0,45,123,86,1740,2014,2180,2265]","[[0,1],[2,3],[6,7],[4,5],[8,9,10],[11,12,13],[14,15,16],[17,18,19]]"
S10,S10,1201,1201,shil.fixed_k.k16,shil,fixed_k,shil.final_ranker_score,16,"[0,45,123,86,1740,2014,2180,2265,1689,747,762,326,1933,2111,1686,2284]","[[0,1],[2,3],[6,7],[4,5],[8,9,10],[11,12,13],[14,15,16],[17,18,19],[7,13,18],[1,18,21],[2,3,6],[0,3,11],[9,21,22],[12,16,21],[7,13,15],[18,20,21]]"
S10,S10,1201,1201,shil.validation_one_se,shil,validation_one_se,shil.final_ranker_score,8,"[0,45,123,86,1740,2014,2180,2265]","[[0,1],[2,3],[6,7],[4,5],[8,9,10],[11,12,13],[14,15,16],[17,18,19]]"
S10,S10,1201,1201,shil.cpss_one_se,shil,cpss_one_se,shil.final_development_selection_frequency,8,"[0,45,86,123,1740,2014,2180,2265]","[[0,1],[2,3],[4,5],[6,7],[8,9,10],[11,12,13],[14,15,16],[17,18,19]]"
S10,S10,1201,1201,l1.fixed_k.k01,l1,fixed_k,l1.final_ranker_score,1,[0],"[[0,1]]"
S10,S10,1201,1201,l1.fixed_k.k02,l1,fixed_k,l1.final_ranker_score,2,"[0,45]","[[0,1],[2,3]]"
S10,S10,1201,1201,l1.fixed_k.k04,l1,fixed_k,l1.final_ranker_score,4,"[0,45,1740,86]","[[0,1],[2,3],[8,9,10],[4,5]]"
S10,S10,1201,1201,l1.fixed_k.k08,l1,fixed_k,l1.final_ranker_score,8,"[0,45,1740,86,2014,123,2180,2265]","[[0,1],[2,3],[8,9,10],[4,5],[11,12,13],[6,7],[14,15,16],[17,18,19]]"
S10,S10,1201,1201,l1.fixed_k.k16,l1,fixed_k,l1.final_ranker_score,16,"[0,45,1740,86,2014,123,2180,2265,1516,2216,1364,998,642,833,1659,1933]","[[0,1],[2,3],[8,9,10],[4,5],[11,12,13],[6,7],[14,15,16],[17,18,19],[6,9,11],[15,16,17],[5,8,9],[3,5,15],[1,8,11],[2,6,23],[7,10,21],[9,21,22]]"
S10,S10,1201,1201,l1.validation_one_se,l1,validation_one_se,l1.final_ranker_score,8,"[0,45,1740,86,2014,123,2180,2265]","[[0,1],[2,3],[8,9,10],[4,5],[11,12,13],[6,7],[14,15,16],[17,18,19]]"
S10,S10,1201,1201,l1.cpss_one_se,l1,cpss_one_se,l1.final_development_selection_frequency,8,"[0,45,86,123,1740,2014,2180,2265]","[[0,1],[2,3],[4,5],[6,7],[8,9,10],[11,12,13],[14,15,16],[17,18,19]]"
S10,S10,1213,1213,shil.fixed_k.k01,shil,fixed_k,shil.final_ranker_score,1,[0],"[[0,1]]"
S10,S10,1213,1213,shil.fixed_k.k02,shil,fixed_k,shil.final_ranker_score,2,"[0,45]","[[0,1],[2,3]]"
S10,S10,1213,1213,shil.fixed_k.k04,shil,fixed_k,shil.final_ranker_score,4,"[0,45,86,1740]","[[0,1],[2,3],[4,5],[8,9,10]]"
S10,S10,1213,1213,shil.fixed_k.k08,shil,fixed_k,shil.final_ranker_score,8,"[0,45,86,1740,123,2014,2180,2265]","[[0,1],[2,3],[4,5],[8,9,10],[6,7],[11,12,13],[14,15,16],[17,18,19]]"
S10,S10,1213,1213,shil.fixed_k.k16,shil,fixed_k,shil.final_ranker_score,16,"[0,45,86,1740,123,2014,2180,2265,784,1219,1476,379,1319,1371,1687,1030]","[[0,1],[2,3],[4,5],[8,9,10],[6,7],[11,12,13],[14,15,16],[17,18,19],[2,4,9],[4,8,17],[5,19,22],[0,6,10],[4,18,22],[5,8,16],[7,13,16],[3,7,14]]"
S10,S10,1213,1213,shil.validation_one_se,shil,validation_one_se,shil.final_ranker_score,8,"[0,45,86,1740,123,2014,2180,2265]","[[0,1],[2,3],[4,5],[8,9,10],[6,7],[11,12,13],[14,15,16],[17,18,19]]"
S10,S10,1213,1213,shil.cpss_one_se,shil,cpss_one_se,shil.final_development_selection_frequency,8,"[0,45,86,123,1740,2014,2180,2265]","[[0,1],[2,3],[4,5],[6,7],[8,9,10],[11,12,13],[14,15,16],[17,18,19]]"
S10,S10,1213,1213,l1.fixed_k.k01,l1,fixed_k,l1.final_ranker_score,1,[0],"[[0,1]]"
S10,S10,1213,1213,l1.fixed_k.k02,l1,fixed_k,l1.final_ranker_score,2,"[0,45]","[[0,1],[2,3]]"
S10,S10,1213,1213,l1.fixed_k.k04,l1,fixed_k,l1.final_ranker_score,4,"[0,45,1740,86]","[[0,1],[2,3],[8,9,10],[4,5]]"
S10,S10,1213,1213,l1.fixed_k.k08,l1,fixed_k,l1.final_ranker_score,8,"[0,45,1740,86,2014,123,2180,2265]","[[0,1],[2,3],[8,9,10],[4,5],[11,12,13],[6,7],[14,15,16],[17,18,19]]"
S10,S10,1213,1213,l1.fixed_k.k16,l1,fixed_k,l1.final_ranker_score,16,"[0,45,1740,86,2014,123,2180,2265,1014,259,551,667,89,928,886,759]","[[0,1],[2,3],[8,9,10],[4,5],[11,12,13],[6,7],[14,15,16],[17,18,19],[3,6,14],[17,22],[1,3,5],[1,9,22],[4,8],[2,14,18],[2,10,18],[1,22,23]]"
S10,S10,1213,1213,l1.validation_one_se,l1,validation_one_se,l1.final_ranker_score,8,"[0,45,1740,86,2014,123,2180,2265]","[[0,1],[2,3],[8,9,10],[4,5],[11,12,13],[6,7],[14,15,16],[17,18,19]]"
S10,S10,1213,1213,l1.cpss_one_se,l1,cpss_one_se,l1.final_development_selection_frequency,8,"[0,45,86,123,1740,2014,2180,2265]","[[0,1],[2,3],[4,5],[6,7],[8,9,10],[11,12,13],[14,15,16],[17,18,19]]"
S10,S10,1231,1231,shil.fixed_k.k01,shil,fixed_k,shil.final_ranker_score,1,[0],"[[0,1]]"
S10,S10,1231,1231,shil.fixed_k.k02,shil,fixed_k,shil.final_ranker_score,2,"[0,45]","[[0,1],[2,3]]"
S10,S10,1231,1231,shil.fixed_k.k04,shil,fixed_k,shil.final_ranker_score,4,"[0,45,86,1740]","[[0,1],[2,3],[4,5],[8,9,10]]"
S10,S10,1231,1231,shil.fixed_k.k08,shil,fixed_k,shil.final_ranker_score,8,"[0,45,86,1740,123,2014,2180,2265]","[[0,1],[2,3],[4,5],[8,9,10],[6,7],[11,12,13],[14,15,16],[17,18,19]]"
S10,S10,1231,1231,shil.fixed_k.k16,shil,fixed_k,shil.final_ranker_score,16,"[0,45,86,1740,123,2014,2180,2265,1702,1693,35,622,1398,1138,1842,558]","[[0,1],[2,3],[4,5],[8,9,10],[6,7],[11,12,13],[14,15,16],[17,18,19],[7,14,22],[7,13,22],[1,14],[1,6,22],[5,10,16],[3,16,23],[8,21,22],[1,3,12]]"
S10,S10,1231,1231,shil.validation_one_se,shil,validation_one_se,shil.final_ranker_score,8,"[0,45,86,1740,123,2014,2180,2265]","[[0,1],[2,3],[4,5],[8,9,10],[6,7],[11,12,13],[14,15,16],[17,18,19]]"
S10,S10,1231,1231,shil.cpss_one_se,shil,cpss_one_se,shil.final_development_selection_frequency,8,"[0,45,86,123,1740,2014,2180,2265]","[[0,1],[2,3],[4,5],[6,7],[8,9,10],[11,12,13],[14,15,16],[17,18,19]]"
S10,S10,1231,1231,l1.fixed_k.k01,l1,fixed_k,l1.final_ranker_score,1,[0],"[[0,1]]"
S10,S10,1231,1231,l1.fixed_k.k02,l1,fixed_k,l1.final_ranker_score,2,"[0,45]","[[0,1],[2,3]]"
S10,S10,1231,1231,l1.fixed_k.k04,l1,fixed_k,l1.final_ranker_score,4,"[0,45,1740,86]","[[0,1],[2,3],[8,9,10],[4,5]]"
S10,S10,1231,1231,l1.fixed_k.k08,l1,fixed_k,l1.final_ranker_score,8,"[0,45,1740,86,2014,123,2180,2265]","[[0,1],[2,3],[8,9,10],[4,5],[11,12,13],[6,7],[14,15,16],[17,18,19]]"
S10,S10,1231,1231,l1.fixed_k.k16,l1,fixed_k,l1.final_ranker_score,16,"[0,45,1740,86,2014,123,2180,2265,266,1338,1702,466,1810,950,654,96]","[[0,1],[2,3],[8,9,10],[4,5],[11,12,13],[6,7],[14,15,16],[17,18,19],[19,20],[5,6,14],[7,14,22],[0,12,16],[8,15,17],[2,17,19],[1,8,23],[4,15]]"
S10,S10,1231,1231,l1.validation_one_se,l1,validation_one_se,l1.final_ranker_score,8,"[0,45,1740,86,2014,123,2180,2265]","[[0,1],[2,3],[8,9,10],[4,5],[11,12,13],[6,7],[14,15,16],[17,18,19]]"
S10,S10,1231,1231,l1.cpss_one_se,l1,cpss_one_se,l1.final_development_selection_frequency,8,"[0,45,86,123,1740,2014,2180,2265]","[[0,1],[2,3],[4,5],[6,7],[8,9,10],[11,12,13],[14,15,16],[17,18,19]]"
S10,S10,1249,1249,shil.fixed_k.k01,shil,fixed_k,shil.final_ranker_score,1,[0],"[[0,1]]"
S10,S10,1249,1249,shil.fixed_k.k02,shil,fixed_k,shil.final_ranker_score,2,"[0,45]","[[0,1],[2,3]]"
S10,S10,1249,1249,shil.fixed_k.k04,shil,fixed_k,shil.final_ranker_score,4,"[0,45,86,1740]","[[0,1],[2,3],[4,5],[8,9,10]]"
S10,S10,1249,1249,shil.fixed_k.k08,shil,fixed_k,shil.final_ranker_score,8,"[0,45,86,1740,123,2014,2180,2265]","[[0,1],[2,3],[4,5],[8,9,10],[6,7],[11,12,13],[14,15,16],[17,18,19]]"
S10,S10,1249,1249,shil.fixed_k.k16,shil,fixed_k,shil.final_ranker_score,16,"[0,45,86,1740,123,2014,2180,2265,194,1359,1121,2162,1054,489,742,1942]","[[0,1],[2,3],[4,5],[8,9,10],[6,7],[11,12,13],[14,15,16],[17,18,19],[10,20],[5,7,19],[3,14,21],[13,17,21],[3,8,23],[0,14,20],[1,17,21],[10,11,18]]"
S10,S10,1249,1249,shil.validation_one_se,shil,validation_one_se,shil.final_ranker_score,8,"[0,45,86,1740,123,2014,2180,2265]","[[0,1],[2,3],[4,5],[8,9,10],[6,7],[11,12,13],[14,15,16],[17,18,19]]"
S10,S10,1249,1249,shil.cpss_one_se,shil,cpss_one_se,shil.final_development_selection_frequency,8,"[0,45,86,123,1740,2014,2180,2265]","[[0,1],[2,3],[4,5],[6,7],[8,9,10],[11,12,13],[14,15,16],[17,18,19]]"
S10,S10,1249,1249,l1.fixed_k.k01,l1,fixed_k,l1.final_ranker_score,1,[0],"[[0,1]]"
S10,S10,1249,1249,l1.fixed_k.k02,l1,fixed_k,l1.final_ranker_score,2,"[0,45]","[[0,1],[2,3]]"
S10,S10,1249,1249,l1.fixed_k.k04,l1,fixed_k,l1.final_ranker_score,4,"[0,45,1740,86]","[[0,1],[2,3],[8,9,10],[4,5]]"
S10,S10,1249,1249,l1.fixed_k.k08,l1,fixed_k,l1.final_ranker_score,8,"[0,45,1740,86,2014,123,2180,2265]","[[0,1],[2,3],[8,9,10],[4,5],[11,12,13],[6,7],[14,15,16],[17,18,19]]"
S10,S10,1249,1249,l1.fixed_k.k16,l1,fixed_k,l1.final_ranker_score,16,"[0,45,1740,86,2014,123,2180,2265,194,261,2231,2049,1966,1479,724,2244]","[[0,1],[2,3],[8,9,10],[4,5],[11,12,13],[6,7],[14,15,16],[17,18,19],[10,20],[18,19],[15,18,21],[11,15,21],[10,13,21],[5,20,22],[1,15,16],[16,17,18]]"
S10,S10,1249,1249,l1.validation_one_se,l1,validation_one_se,l1.final_ranker_score,8,"[0,45,1740,86,2014,123,2180,2265]","[[0,1],[2,3],[8,9,10],[4,5],[11,12,13],[6,7],[14,15,16],[17,18,19]]"
S10,S10,1249,1249,l1.cpss_one_se,l1,cpss_one_se,l1.final_development_selection_frequency,8,"[0,45,86,123,1740,2014,2180,2265]","[[0,1],[2,3],[4,5],[6,7],[8,9,10],[11,12,13],[14,15,16],[17,18,19]]"
S10,S10,1277,1277,shil.fixed_k.k01,shil,fixed_k,shil.final_ranker_score,1,[0],"[[0,1]]"
S10,S10,1277,1277,shil.fixed_k.k02,shil,fixed_k,shil.final_ranker_score,2,"[0,45]","[[0,1],[2,3]]"
S10,S10,1277,1277,shil.fixed_k.k04,shil,fixed_k,shil.final_ranker_score,4,"[0,45,86,1740]","[[0,1],[2,3],[4,5],[8,9,10]]"
S10,S10,1277,1277,shil.fixed_k.k08,shil,fixed_k,shil.final_ranker_score,8,"[0,45,86,1740,123,2014,2180,2265]","[[0,1],[2,3],[4,5],[8,9,10],[6,7],[11,12,13],[14,15,16],[17,18,19]]"
S10,S10,1277,1277,shil.fixed_k.k16,shil,fixed_k,shil.final_ranker_score,16,"[0,45,86,1740,123,2014,2180,2265,697,126,482,2216,722,62,1476,1040]","[[0,1],[2,3],[4,5],[8,9,10],[6,7],[11,12,13],[14,15,16],[17,18,19],[1,12,16],[6,10],[0,13,22],[15,16,17],[1,14,22],[2,20],[5,19,22],[3,8,9]]"
S10,S10,1277,1277,shil.validation_one_se,shil,validation_one_se,shil.final_ranker_score,8,"[0,45,86,1740,123,2014,2180,2265]","[[0,1],[2,3],[4,5],[8,9,10],[6,7],[11,12,13],[14,15,16],[17,18,19]]"
S10,S10,1277,1277,shil.cpss_one_se,shil,cpss_one_se,shil.final_development_selection_frequency,8,"[0,45,86,123,1740,2014,2180,2265]","[[0,1],[2,3],[4,5],[6,7],[8,9,10],[11,12,13],[14,15,16],[17,18,19]]"
S10,S10,1277,1277,l1.fixed_k.k01,l1,fixed_k,l1.final_ranker_score,1,[0],"[[0,1]]"
S10,S10,1277,1277,l1.fixed_k.k02,l1,fixed_k,l1.final_ranker_score,2,"[0,45]","[[0,1],[2,3]]"
S10,S10,1277,1277,l1.fixed_k.k04,l1,fixed_k,l1.final_ranker_score,4,"[0,45,2014,86]","[[0,1],[2,3],[11,12,13],[4,5]]"
S10,S10,1277,1277,l1.fixed_k.k08,l1,fixed_k,l1.final_ranker_score,8,"[0,45,2014,86,1740,123,2180,2265]","[[0,1],[2,3],[11,12,13],[4,5],[8,9,10],[6,7],[14,15,16],[17,18,19]]"
S10,S10,1277,1277,l1.fixed_k.k16,l1,fixed_k,l1.final_ranker_score,16,"[0,45,2014,86,1740,123,2180,2265,205,1081,1988,2034,1664,656,927,466]","[[0,1],[2,3],[11,12,13],[4,5],[8,9,10],[6,7],[14,15,16],[17,18,19],[11,19],[3,10,23],[10,16,19],[11,13,23],[7,11,14],[1,9,11],[2,14,17],[0,12,16]]"
S10,S10,1277,1277,l1.validation_one_se,l1,validation_one_se,l1.final_ranker_score,8,"[0,45,2014,86,1740,123,2180,2265]","[[0,1],[2,3],[11,12,13],[4,5],[8,9,10],[6,7],[14,15,16],[17,18,19]]"
S10,S10,1277,1277,l1.cpss_one_se,l1,cpss_one_se,l1.final_development_selection_frequency,8,"[0,45,86,123,1740,2014,2180,2265]","[[0,1],[2,3],[4,5],[6,7],[8,9,10],[11,12,13],[14,15,16],[17,18,19]]"
S11,S11,1103,1103,shil.fixed_k.k01,shil,fixed_k,shil.final_ranker_score,1,[0],"[[0,1]]"
S11,S11,1103,1103,shil.fixed_k.k02,shil,fixed_k,shil.final_ranker_score,2,"[0,33]","[[0,1],[1,16]]"
S11,S11,1103,1103,shil.fixed_k.k04,shil,fixed_k,shil.final_ranker_score,4,"[0,33,16,37]","[[0,1],[1,16],[0,17],[2,3]]"
S11,S11,1103,1103,shil.fixed_k.k08,shil,fixed_k,shil.final_ranker_score,8,"[0,33,16,37,184,770,886,796]","[[0,1],[1,16],[0,17],[2,3],[16,17],[4,5,6],[5,6,18],[4,6,19]]"
S11,S11,1103,1103,shil.fixed_k.k16,shil,fixed_k,shil.final_ranker_score,16,"[0,33,16,37,184,770,886,796,1044,1043,315,462,1192,1206,259,511]","[[0,1],[1,16],[0,17],[2,3],[16,17],[4,5,6],[5,6,18],[4,6,19],[7,8,9],[6,18,19],[0,9,19],[1,9,13],[9,13,17],[9,16,19],[0,5,9],[1,17,18]]"
S11,S11,1103,1103,shil.validation_one_se,shil,validation_one_se,shil.final_ranker_score,16,"[0,33,16,37,184,770,886,796,1044,1043,315,462,1192,1206,259,511]","[[0,1],[1,16],[0,17],[2,3],[16,17],[4,5,6],[5,6,18],[4,6,19],[7,8,9],[6,18,19],[0,9,19],[1,9,13],[9,13,17],[9,16,19],[0,5,9],[1,17,18]]"
S11,S11,1103,1103,shil.cpss_one_se,shil,cpss_one_se,shil.final_development_selection_frequency,10,"[0,16,33,37,184,770,796,886,1043,1044]","[[0,1],[0,17],[1,16],[2,3],[16,17],[4,5,6],[4,6,19],[5,6,18],[6,18,19],[7,8,9]]"
S11,S11,1103,1103,l1.fixed_k.k01,l1,fixed_k,l1.final_ranker_score,1,[770],"[[4,5,6]]"
S11,S11,1103,1103,l1.fixed_k.k02,l1,fixed_k,l1.final_ranker_score,2,"[770,0]","[[4,5,6],[0,1]]"
S11,S11,1103,1103,l1.fixed_k.k04,l1,fixed_k,l1.final_ranker_score,4,"[770,0,37,1044]","[[4,5,6],[0,1],[2,3],[7,8,9]]"
S11,S11,1103,1103,l1.fixed_k.k08,l1,fixed_k,l1.final_ranker_score,8,"[770,0,37,1044,33,274,795,31]","[[4,5,6],[0,1],[2,3],[7,8,9],[1,16],[0,6,11],[4,6,18],[1,14]]"
S11,S11,1103,1103,l1.fixed_k.k16,l1,fixed_k,l1.final_ranker_score,16,"[770,0,37,1044,33,274,795,31,315,157,145,511,504,170,1185,306]","[[4,5,6],[0,1],[2,3],[7,8,9],[1,16],[0,6,11],[4,6,18],[1,14],[0,9,19],[11,15],[10,11],[1,17,18],[1,15,16],[13,15],[9,12,16],[0,9,10]]"
S11,S11,1103,1103,l1.validation_one_se,l1,validation_one_se,l1.final_ranker_score,4,"[770,0,37,1044]","[[4,5,6],[0,1],[2,3],[7,8,9]]"
S11,S11,1103,1103,l1.cpss_one_se,l1,cpss_one_se,l1.final_development_selection_frequency,4,"[0,37,770,1044]","[[0,1],[2,3],[4,5,6],[7,8,9]]"
S11,S11,1129,1129,shil.fixed_k.k01,shil,fixed_k,shil.final_ranker_score,1,[0],"[[0,1]]"
S11,S11,1129,1129,shil.fixed_k.k02,shil,fixed_k,shil.final_ranker_score,2,"[0,33]","[[0,1],[1,16]]"
S11,S11,1129,1129,shil.fixed_k.k04,shil,fixed_k,shil.final_ranker_score,4,"[0,33,16,184]","[[0,1],[1,16],[0,17],[16,17]]"
S11,S11,1129,1129,shil.fixed_k.k08,shil,fixed_k,shil.final_ranker_score,8,"[0,33,16,184,37,1044,770,796]","[[0,1],[1,16],[0,17],[16,17],[2,3],[7,8,9],[4,5,6],[4,6,19]]"
S11,S11,1129,1129,shil.fixed_k.k16,shil,fixed_k,shil.final_ranker_score,16,"[0,33,16,184,37,1044,770,796,886,1043,667,798,785,1063,839,714]","[[0,1],[1,16],[0,17],[16,17],[2,3],[7,8,9],[4,5,6],[4,6,19],[5,6,18],[6,18,19],[3,5,8],[4,7,9],[4,6,8],[7,9,18],[4,11,12],[3,8,19]]"
S11,S11,1129,1129,shil.validation_one_se,shil,validation_one_se,shil.final_ranker_score,8,"[0,33,16,184,37,1044,770,796]","[[0,1],[1,16],[0,17],[16,17],[2,3],[7,8,9],[4,5,6],[4,6,19]]"
S11,S11,1129,1129,shil.cpss_one_se,shil,cpss_one_se,shil.final_development_selection_frequency,7,"[0,16,33,37,184,770,1044]","[[0,1],[0,17],[1,16],[2,3],[16,17],[4,5,6],[7,8,9]]"
S11,S11,1129,1129,l1.fixed_k.k01,l1,fixed_k,l1.final_ranker_score,1,[0],"[[0,1]]"
S11,S11,1129,1129,l1.fixed_k.k02,l1,fixed_k,l1.final_ranker_score,2,"[0,770]","[[0,1],[4,5,6]]"
S11,S11,1129,1129,l1.fixed_k.k04,l1,fixed_k,l1.final_ranker_score,4,"[0,770,37,1044]","[[0,1],[4,5,6],[2,3],[7,8,9]]"
S11,S11,1129,1129,l1.fixed_k.k08,l1,fixed_k,l1.final_ranker_score,8,"[0,770,37,1044,1145,555,1012,44]","[[0,1],[4,5,6],[2,3],[7,8,9],[8,13,15],[2,5,16],[6,11,16],[2,10]]"
S11,S11,1129,1129,l1.fixed_k.k16,l1,fixed_k,l1.final_ranker_score,16,"[0,770,37,1044,1145,555,1012,44,842,541,1076,404,106,221,912,1188]","[[0,1],[4,5,6],[2,3],[7,8,9],[8,13,15],[2,5,16],[6,11,16],[2,10],[4,11,15],[2,4,16],[7,11,14],[1,4,15],[6,14],[0,2,16],[5,9,11],[9,12,19]]"
S11,S11,1129,1129,l1.validation_one_se,l1,validation_one_se,l1.final_ranker_score,4,"[0,770,37,1044]","[[0,1],[4,5,6],[2,3],[7,8,9]]"
S11,S11,1129,1129,l1.cpss_one_se,l1,cpss_one_se,l1.final_development_selection_frequency,4,"[0,37,770,1044]","[[0,1],[2,3],[4,5,6],[7,8,9]]"
S11,S11,1151,1151,shil.fixed_k.k01,shil,fixed_k,shil.final_ranker_score,1,[0],"[[0,1]]"
S11,S11,1151,1151,shil.fixed_k.k02,shil,fixed_k,shil.final_ranker_score,2,"[0,33]","[[0,1],[1,16]]"
S11,S11,1151,1151,shil.fixed_k.k04,shil,fixed_k,shil.final_ranker_score,4,"[0,33,16,184]","[[0,1],[1,16],[0,17],[16,17]]"
S11,S11,1151,1151,shil.fixed_k.k08,shil,fixed_k,shil.final_ranker_score,8,"[0,33,16,184,37,770,886,796]","[[0,1],[1,16],[0,17],[16,17],[2,3],[4,5,6],[5,6,18],[4,6,19]]"
S11,S11,1151,1151,shil.fixed_k.k16,shil,fixed_k,shil.final_ranker_score,16,"[0,33,16,184,37,770,886,796,1043,1044,610,215,218,194,672,558]","[[0,1],[1,16],[0,17],[16,17],[2,3],[4,5,6],[5,6,18],[4,6,19],[6,18,19],[7,8,9],[2,10,16],[0,2,10],[0,2,13],[0,1,6],[3,5,13],[2,5,19]]"
S11,S11,1151,1151,shil.validation_one_se,shil,validation_one_se,shil.final_ranker_score,8,"[0,33,16,184,37,770,886,796]","[[0,1],[1,16],[0,17],[16,17],[2,3],[4,5,6],[5,6,18],[4,6,19]]"
S11,S11,1151,1151,shil.cpss_one_se,shil,cpss_one_se,shil.final_development_selection_frequency,10,"[0,16,33,37,184,770,796,886,1043,1044]","[[0,1],[0,17],[1,16],[2,3],[16,17],[4,5,6],[4,6,19],[5,6,18],[6,18,19],[7,8,9]]"
S11,S11,1151,1151,l1.fixed_k.k01,l1,fixed_k,l1.final_ranker_score,1,[770],"[[4,5,6]]"
S11,S11,1151,1151,l1.fixed_k.k02,l1,fixed_k,l1.final_ranker_score,2,"[770,37]","[[4,5,6],[2,3]]"
S11,S11,1151,1151,l1.fixed_k.k04,l1,fixed_k,l1.final_ranker_score,4,"[770,37,0,1044]","[[4,5,6],[2,3],[0,1],[7,8,9]]"
S11,S11,1151,1151,l1.fixed_k.k08,l1,fixed_k,l1.final_ranker_score,8,"[770,37,0,1044,33,16,511,778]","[[4,5,6],[2,3],[0,1],[7,8,9],[1,16],[0,17],[1,17,18],[4,5,14]]"
S11,S11,1151,1151,l1.fixed_k.k16,l1,fixed_k,l1.final_ranker_score,16,"[770,37,0,1044,33,16,511,778,715,1281,498,391,178,98,1294,737]","[[4,5,6],[2,3],[0,1],[7,8,9],[1,16],[0,17],[1,17,18],[4,5,14],[3,9,10],[12,14,16],[1,13,19],[1,3,17],[14,18],[5,19],[12,18,19],[3,11,15]]"
S11,S11,1151,1151,l1.validation_one_se,l1,validation_one_se,l1.final_ranker_score,4,"[770,37,0,1044]","[[4,5,6],[2,3],[0,1],[7,8,9]]"
S11,S11,1151,1151,l1.cpss_one_se,l1,cpss_one_se,l1.final_development_selection_frequency,4,"[0,37,770,1044]","[[0,1],[2,3],[4,5,6],[7,8,9]]"
S11,S11,1171,1171,shil.fixed_k.k01,shil,fixed_k,shil.final_ranker_score,1,[37],"[[2,3]]"
S11,S11,1171,1171,shil.fixed_k.k02,shil,fixed_k,shil.final_ranker_score,2,"[37,0]","[[2,3],[0,1]]"
S11,S11,1171,1171,shil.fixed_k.k04,shil,fixed_k,shil.final_ranker_score,4,"[37,0,33,16]","[[2,3],[0,1],[1,16],[0,17]]"
S11,S11,1171,1171,shil.fixed_k.k08,shil,fixed_k,shil.final_ranker_score,8,"[37,0,33,16,184,770,886,796]","[[2,3],[0,1],[1,16],[0,17],[16,17],[4,5,6],[5,6,18],[4,6,19]]"
S11,S11,1171,1171,shil.fixed_k.k16,shil,fixed_k,shil.final_ranker_score,16,"[37,0,33,16,184,770,886,796,1044,1043,1124,511,406,750,99,291]","[[2,3],[0,1],[1,16],[0,17],[16,17],[4,5,6],[5,6,18],[4,6,19],[7,8,9],[6,18,19],[8,10,15],[1,17,18],[1,4,17],[3,13,15],[6,7],[0,7,16]]"
S11,S11,1171,1171,shil.validation_one_se,shil,validation_one_se,shil.final_ranker_score,16,"[37,0,33,16,184,770,886,796,1044,1043,1124,511,406,750,99,291]","[[2,3],[0,1],[1,16],[0,17],[16,17],[4,5,6],[5,6,18],[4,6,19],[7,8,9],[6,18,19],[8,10,15],[1,17,18],[1,4,17],[3,13,15],[6,7],[0,7,16]]"
S11,S11,1171,1171,shil.cpss_one_se,shil,cpss_one_se,shil.final_development_selection_frequency,10,"[0,16,33,37,184,770,796,886,1043,1044]","[[0,1],[0,17],[1,16],[2,3],[16,17],[4,5,6],[4,6,19],[5,6,18],[6,18,19],[7,8,9]]"
S11,S11,1171,1171,l1.fixed_k.k01,l1,fixed_k,l1.final_ranker_score,1,[0],"[[0,1]]"
S11,S11,1171,1171,l1.fixed_k.k02,l1,fixed_k,l1.final_ranker_score,2,"[0,37]","[[0,1],[2,3]]"
S11,S11,1171,1171,l1.fixed_k.k04,l1,fixed_k,l1.final_ranker_score,4,"[0,37,770,1044]","[[0,1],[2,3],[4,5,6],[7,8,9]]"
S11,S11,1171,1171,l1.fixed_k.k08,l1,fixed_k,l1.final_ranker_score,8,"[0,37,770,1044,886,176,79,728]","[[0,1],[2,3],[4,5,6],[7,8,9],[5,6,18],[14,16],[4,14],[3,10,14]]"
S11,S11,1171,1171,l1.fixed_k.k16,l1,fixed_k,l1.final_ranker_score,16,"[0,37,770,1044,886,176,79,728,1061,259,678,2,716,901,154,620]","[[0,1],[2,3],[4,5,6],[7,8,9],[5,6,18],[14,16],[4,14],[3,10,14],[7,9,16],[0,5,9],[3,5,19],[0,3],[3,9,11],[5,8,10],[11,12],[2,11,18]]"
S11,S11,1171,1171,l1.validation_one_se,l1,validation_one_se,l1.final_ranker_score,4,"[0,37,770,1044]","[[0,1],[2,3],[4,5,6],[7,8,9]]"
S11,S11,1171,1171,l1.cpss_one_se,l1,cpss_one_se,l1.final_development_selection_frequency,4,"[0,37,770,1044]","[[0,1],[2,3],[4,5,6],[7,8,9]]"
S11,S11,1181,1181,shil.fixed_k.k01,shil,fixed_k,shil.final_ranker_score,1,[0],"[[0,1]]"
S11,S11,1181,1181,shil.fixed_k.k02,shil,fixed_k,shil.final_ranker_score,2,"[0,37]","[[0,1],[2,3]]"
S11,S11,1181,1181,shil.fixed_k.k04,shil,fixed_k,shil.final_ranker_score,4,"[0,37,16,33]","[[0,1],[2,3],[0,17],[1,16]]"
S11,S11,1181,1181,shil.fixed_k.k08,shil,fixed_k,shil.final_ranker_score,8,"[0,37,16,33,184,770,886,796]","[[0,1],[2,3],[0,17],[1,16],[16,17],[4,5,6],[5,6,18],[4,6,19]]"
S11,S11,1181,1181,shil.fixed_k.k16,shil,fixed_k,shil.final_ranker_score,16,"[0,37,16,33,184,770,886,796,1043,1044,2,739,1244,385,927,776]","[[0,1],[2,3],[0,17],[1,16],[16,17],[4,5,6],[5,6,18],[4,6,19],[6,18,19],[7,8,9],[0,3],[3,11,17],[10,17,19],[1,3,11],[5,10,17],[4,5,12]]"
S11,S11,1181,1181,shil.validation_one_se,shil,validation_one_se,shil.final_ranker_score,16,"[0,37,16,33,184,770,886,796,1043,1044,2,739,1244,385,927,776]","[[0,1],[2,3],[0,17],[1,16],[16,17],[4,5,6],[5,6,18],[4,6,19],[6,18,19],[7,8,9],[0,3],[3,11,17],[10,17,19],[1,3,11],[5,10,17],[4,5,12]]"
S11,S11,1181,1181,shil.cpss_one_se,shil,cpss_one_se,shil.final_development_selection_frequency,10,"[0,16,33,37,184,770,796,886,1043,1044]","[[0,1],[0,17],[1,16],[2,3],[16,17],[4,5,6],[4,6,19],[5,6,18],[6,18,19],[7,8,9]]"
S11,S11,1181,1181,l1.fixed_k.k01,l1,fixed_k,l1.final_ranker_score,1,[37],"[[2,3]]"
S11,S11,1181,1181,l1.fixed_k.k02,l1,fixed_k,l1.final_ranker_score,2,"[37,0]","[[2,3],[0,1]]"
S11,S11,1181,1181,l1.fixed_k.k04,l1,fixed_k,l1.final_ranker_score,4,"[37,0,770,1044]","[[2,3],[0,1],[4,5,6],[7,8,9]]"
S11,S11,1181,1181,l1.fixed_k.k08,l1,fixed_k,l1.final_ranker_score,8,"[37,0,770,1044,16,796,886,791]","[[2,3],[0,1],[4,5,6],[7,8,9],[0,17],[4,6,19],[5,6,18],[4,6,14]]"
S11,S11,1181,1181,l1.fixed_k.k16,l1,fixed_k,l1.final_ranker_score,16,"[37,0,770,1044,16,796,886,791,83,685,566,914,1143,929,142,1195]","[[2,3],[0,1],[4,5,6],[7,8,9],[0,17],[4,6,19],[5,6,18],[4,6,14],[4,18],[3,6,13],[2,6,14],[5,9,13],[8,12,19],[5,10,19],[9,17],[9,14,15]]"
S11,S11,1181,1181,l1.validation_one_se,l1,validation_one_se,l1.final_ranker_score,4,"[37,0,770,1044]","[[2,3],[0,1],[4,5,6],[7,8,9]]"
S11,S11,1181,1181,l1.cpss_one_se,l1,cpss_one_se,l1.final_development_selection_frequency,4,"[0,37,770,1044]","[[0,1],[2,3],[4,5,6],[7,8,9]]"
S11,S11,1201,1201,shil.fixed_k.k01,shil,fixed_k,shil.final_ranker_score,1,[0],"[[0,1]]"
S11,S11,1201,1201,shil.fixed_k.k02,shil,fixed_k,shil.final_ranker_score,2,"[0,16]","[[0,1],[0,17]]"
S11,S11,1201,1201,shil.fixed_k.k04,shil,fixed_k,shil.final_ranker_score,4,"[0,16,33,37]","[[0,1],[0,17],[1,16],[2,3]]"
S11,S11,1201,1201,shil.fixed_k.k08,shil,fixed_k,shil.final_ranker_score,8,"[0,16,33,37,184,770,886,796]","[[0,1],[0,17],[1,16],[2,3],[16,17],[4,5,6],[5,6,18],[4,6,19]]"
S11,S11,1201,1201,shil.fixed_k.k16,shil,fixed_k,shil.final_ranker_score,16,"[0,16,33,37,184,770,886,796,1043,1044,1224,922,559,324,1288,624]","[[0,1],[0,17],[1,16],[2,3],[16,17],[4,5,6],[5,6,18],[4,6,19],[6,18,19],[7,8,9],[10,12,19],[5,10,12],[2,6,7],[0,10,19],[12,15,19],[2,12,15]]"
S11,S11,1201,1201,shil.validation_one_se,shil,validation_one_se,shil.final_ranker_score,16,"[0,16,33,37,184,770,886,796,1043,1044,1224,922,559,324,1288,624]","[[0,1],[0,17],[1,16],[2,3],[16,17],[4,5,6],[5,6,18],[4,6,19],[6,18,19],[7,8,9],[10,12,19],[5,10,12],[2,6,7],[0,10,19],[12,15,19],[2,12,15]]"
S11,S11,1201,1201,shil.cpss_one_se,shil,cpss_one_se,shil.final_development_selection_frequency,10,"[0,16,33,37,184,770,796,886,1043,1044]","[[0,1],[0,17],[1,16],[2,3],[16,17],[4,5,6],[4,6,19],[5,6,18],[6,18,19],[7,8,9]]"
S11,S11,1201,1201,l1.fixed_k.k01,l1,fixed_k,l1.final_ranker_score,1,[0],"[[0,1]]"
S11,S11,1201,1201,l1.fixed_k.k02,l1,fixed_k,l1.final_ranker_score,2,"[0,770]","[[0,1],[4,5,6]]"
S11,S11,1201,1201,l1.fixed_k.k04,l1,fixed_k,l1.final_ranker_score,4,"[0,770,37,1044]","[[0,1],[4,5,6],[2,3],[7,8,9]]"
S11,S11,1201,1201,l1.fixed_k.k08,l1,fixed_k,l1.final_ranker_score,8,"[0,770,37,1044,922,1025,1142,501]","[[0,1],[4,5,6],[2,3],[7,8,9],[5,10,12],[6,13,16],[8,12,18],[1,14,17]]"
S11,S11,1201,1201,l1.fixed_k.k16,l1,fixed_k,l1.final_ranker_score,16,"[0,770,37,1044,922,1025,1142,501,252,624,559,633,1315,469,85,312]","[[0,1],[4,5,6],[2,3],[7,8,9],[5,10,12],[6,13,16],[8,12,18],[1,14,17],[0,4,16],[2,12,15],[2,6,7],[2,13,18],[14,16,18],[1,10,11],[5,6],[0,9,16]]"
S11,S11,1201,1201,l1.validation_one_se,l1,validation_one_se,l1.final_ranker_score,4,"[0,770,37,1044]","[[0,1],[4,5,6],[2,3],[7,8,9]]"
S11,S11,1201,1201,l1.cpss_one_se,l1,cpss_one_se,l1.final_development_selection_frequency,4,"[0,37,770,1044]","[[0,1],[2,3],[4,5,6],[7,8,9]]"
S11,S11,1213,1213,shil.fixed_k.k01,shil,fixed_k,shil.final_ranker_score,1,[0],"[[0,1]]"
S11,S11,1213,1213,shil.fixed_k.k02,shil,fixed_k,shil.final_ranker_score,2,"[0,33]","[[0,1],[1,16]]"
S11,S11,1213,1213,shil.fixed_k.k04,shil,fixed_k,shil.final_ranker_score,4,"[0,33,16,184]","[[0,1],[1,16],[0,17],[16,17]]"
S11,S11,1213,1213,shil.fixed_k.k08,shil,fixed_k,shil.final_ranker_score,8,"[0,33,16,184,37,886,770,1043]","[[0,1],[1,16],[0,17],[16,17],[2,3],[5,6,18],[4,5,6],[6,18,19]]"
S11,S11,1213,1213,shil.fixed_k.k16,shil,fixed_k,shil.final_ranker_score,16,"[0,33,16,184,37,886,770,1043,796,1044,620,635,536,1304,957,380]","[[0,1],[1,16],[0,17],[16,17],[2,3],[5,6,18],[4,5,6],[6,18,19],[4,6,19],[7,8,9],[2,11,18],[2,14,15],[2,4,11],[13,16,17],[5,15,17],[1,3,6]]"
S11,S11,1213,1213,shil.validation_one_se,shil,validation_one_se,shil.final_ranker_score,8,"[0,33,16,184,37,886,770,1043]","[[0,1],[1,16],[0,17],[16,17],[2,3],[5,6,18],[4,5,6],[6,18,19]]"
S11,S11,1213,1213,shil.cpss_one_se,shil,cpss_one_se,shil.final_development_selection_frequency,10,"[0,16,33,37,184,770,796,886,1043,1044]","[[0,1],[0,17],[1,16],[2,3],[16,17],[4,5,6],[4,6,19],[5,6,18],[6,18,19],[7,8,9]]"
S11,S11,1213,1213,l1.fixed_k.k01,l1,fixed_k,l1.final_ranker_score,1,[0],"[[0,1]]"
S11,S11,1213,1213,l1.fixed_k.k02,l1,fixed_k,l1.final_ranker_score,2,"[0,37]","[[0,1],[2,3]]"
S11,S11,1213,1213,l1.fixed_k.k04,l1,fixed_k,l1.final_ranker_score,4,"[0,37,1044,770]","[[0,1],[2,3],[7,8,9],[4,5,6]]"
S11,S11,1213,1213,l1.fixed_k.k08,l1,fixed_k,l1.final_ranker_score,8,"[0,37,1044,770,886,1324,318,698]","[[0,1],[2,3],[7,8,9],[4,5,6],[5,6,18],[15,17,19],[0,10,13],[3,7,14]]"
S11,S11,1213,1213,l1.fixed_k.k16,l1,fixed_k,l1.final_ranker_score,16,"[0,37,1044,770,886,1324,318,698,733,852,616,107,837,422,487,605]","[[0,1],[2,3],[7,8,9],[4,5,6],[5,6,18],[15,17,19],[0,10,13],[3,7,14],[3,10,19],[4,12,18],[2,11,14],[6,15],[4,10,18],[1,5,19],[1,12,14],[2,10,11]]"
S11,S11,1213,1213,l1.validation_one_se,l1,validation_one_se,l1.final_ranker_score,4,"[0,37,1044,770]","[[0,1],[2,3],[7,8,9],[4,5,6]]"
S11,S11,1213,1213,l1.cpss_one_se,l1,cpss_one_se,l1.final_development_selection_frequency,4,"[0,37,770,1044]","[[0,1],[2,3],[4,5,6],[7,8,9]]"
S11,S11,1231,1231,shil.fixed_k.k01,shil,fixed_k,shil.final_ranker_score,1,[37],"[[2,3]]"
S11,S11,1231,1231,shil.fixed_k.k02,shil,fixed_k,shil.final_ranker_score,2,"[37,0]","[[2,3],[0,1]]"
S11,S11,1231,1231,shil.fixed_k.k04,shil,fixed_k,shil.final_ranker_score,4,"[37,0,33,16]","[[2,3],[0,1],[1,16],[0,17]]"
S11,S11,1231,1231,shil.fixed_k.k08,shil,fixed_k,shil.final_ranker_score,8,"[37,0,33,16,184,770,886,796]","[[2,3],[0,1],[1,16],[0,17],[16,17],[4,5,6],[5,6,18],[4,6,19]]"
S11,S11,1231,1231,shil.fixed_k.k16,shil,fixed_k,shil.final_ranker_score,16,"[37,0,33,16,184,770,886,796,1044,1043,334,1281,186,756,95,18]","[[2,3],[0,1],[1,16],[0,17],[16,17],[4,5,6],[5,6,18],[4,6,19],[7,8,9],[6,18,19],[0,12,14],[12,14,16],[16,19],[3,14,16],[5,16],[0,19]]"
S11,S11,1231,1231,shil.validation_one_se,shil,validation_one_se,shil.final_ranker_score,8,"[37,0,33,16,184,770,886,796]","[[2,3],[0,1],[1,16],[0,17],[16,17],[4,5,6],[5,6,18],[4,6,19]]"
S11,S11,1231,1231,shil.cpss_one_se,shil,cpss_one_se,shil.final_development_selection_frequency,7,"[0,16,33,37,184,770,886]","[[0,1],[0,17],[1,16],[2,3],[16,17],[4,5,6],[5,6,18]]"
S11,S11,1231,1231,l1.fixed_k.k01,l1,fixed_k,l1.final_ranker_score,1,[0],"[[0,1]]"
S11,S11,1231,1231,l1.fixed_k.k02,l1,fixed_k,l1.final_ranker_score,2,"[0,37]","[[0,1],[2,3]]"
S11,S11,1231,1231,l1.fixed_k.k04,l1,fixed_k,l1.final_ranker_score,4,"[0,37,770,1044]","[[0,1],[2,3],[4,5,6],[7,8,9]]"
S11,S11,1231,1231,l1.fixed_k.k08,l1,fixed_k,l1.final_ranker_score,8,"[0,37,770,1044,886,826,959,949]","[[0,1],[2,3],[4,5,6],[7,8,9],[5,6,18],[4,9,16],[5,15,19],[5,13,18]]"
S11,S11,1231,1231,l1.fixed_k.k16,l1,fixed_k,l1.final_ranker_score,16,"[0,37,770,1044,886,826,959,949,96,34,1093,1254,118,180,955,305]","[[0,1],[2,3],[4,5,6],[7,8,9],[5,6,18],[4,9,16],[5,15,19],[5,13,18],[5,17],[1,17],[7,13,18],[11,13,15],[7,14],[15,16],[5,14,19],[0,8,19]]"
S11,S11,1231,1231,l1.validation_one_se,l1,validation_one_se,l1.final_ranker_score,4,"[0,37,770,1044]","[[0,1],[2,3],[4,5,6],[7,8,9]]"
S11,S11,1231,1231,l1.cpss_one_se,l1,cpss_one_se,l1.final_development_selection_frequency,4,"[0,37,770,1044]","[[0,1],[2,3],[4,5,6],[7,8,9]]"
S11,S11,1249,1249,shil.fixed_k.k01,shil,fixed_k,shil.final_ranker_score,1,[0],"[[0,1]]"
S11,S11,1249,1249,shil.fixed_k.k02,shil,fixed_k,shil.final_ranker_score,2,"[0,33]","[[0,1],[1,16]]"
S11,S11,1249,1249,shil.fixed_k.k04,shil,fixed_k,shil.final_ranker_score,4,"[0,33,37,16]","[[0,1],[1,16],[2,3],[0,17]]"
S11,S11,1249,1249,shil.fixed_k.k08,shil,fixed_k,shil.final_ranker_score,8,"[0,33,37,16,184,770,886,796]","[[0,1],[1,16],[2,3],[0,17],[16,17],[4,5,6],[5,6,18],[4,6,19]]"
S11,S11,1249,1249,shil.fixed_k.k16,shil,fixed_k,shil.final_ranker_score,16,"[0,33,37,16,184,770,886,796,1043,1044,762,660,607,913,1188,428]","[[0,1],[1,16],[2,3],[0,17],[16,17],[4,5,6],[5,6,18],[4,6,19],[6,18,19],[7,8,9],[3,15,18],[3,4,15],[2,10,13],[5,9,12],[9,12,19],[1,6,12]]"
S11,S11,1249,1249,shil.validation_one_se,shil,validation_one_se,shil.final_ranker_score,16,"[0,33,37,16,184,770,886,796,1043,1044,762,660,607,913,1188,428]","[[0,1],[1,16],[2,3],[0,17],[16,17],[4,5,6],[5,6,18],[4,6,19],[6,18,19],[7,8,9],[3,15,18],[3,4,15],[2,10,13],[5,9,12],[9,12,19],[1,6,12]]"
S11,S11,1249,1249,shil.cpss_one_se,shil,cpss_one_se,shil.final_development_selection_frequency,10,"[0,16,33,37,184,770,796,886,1043,1044]","[[0,1],[0,17],[1,16],[2,3],[16,17],[4,5,6],[4,6,19],[5,6,18],[6,18,19],[7,8,9]]"
S11,S11,1249,1249,l1.fixed_k.k01,l1,fixed_k,l1.final_ranker_score,1,[0],"[[0,1]]"
S11,S11,1249,1249,l1.fixed_k.k02,l1,fixed_k,l1.final_ranker_score,2,"[0,37]","[[0,1],[2,3]]"
S11,S11,1249,1249,l1.fixed_k.k04,l1,fixed_k,l1.final_ranker_score,4,"[0,37,770,1044]","[[0,1],[2,3],[4,5,6],[7,8,9]]"
S11,S11,1249,1249,l1.fixed_k.k08,l1,fixed_k,l1.final_ranker_score,8,"[0,37,770,1044,33,886,121,792]","[[0,1],[2,3],[4,5,6],[7,8,9],[1,16],[5,6,18],[7,17],[4,6,15]]"
S11,S11,1249,1249,l1.fixed_k.k16,l1,fixed_k,l1.final_ranker_score,16,"[0,37,770,1044,33,886,121,792,1028,695,512,45,1215,656,14,863]","[[0,1],[2,3],[4,5,6],[7,8,9],[1,16],[5,6,18],[7,17],[4,6,15],[6,13,19],[3,7,11],[1,17,19],[2,11],[10,11,17],[3,4,11],[0,15],[4,14,18]]"
S11,S11,1249,1249,l1.validation_one_se,l1,validation_one_se,l1.final_ranker_score,4,"[0,37,770,1044]","[[0,1],[2,3],[4,5,6],[7,8,9]]"
S11,S11,1249,1249,l1.cpss_one_se,l1,cpss_one_se,l1.final_development_selection_frequency,4,"[0,37,770,1044]","[[0,1],[2,3],[4,5,6],[7,8,9]]"
S11,S11,1277,1277,shil.fixed_k.k01,shil,fixed_k,shil.final_ranker_score,1,[0],"[[0,1]]"
S11,S11,1277,1277,shil.fixed_k.k02,shil,fixed_k,shil.final_ranker_score,2,"[0,33]","[[0,1],[1,16]]"
S11,S11,1277,1277,shil.fixed_k.k04,shil,fixed_k,shil.final_ranker_score,4,"[0,33,16,37]","[[0,1],[1,16],[0,17],[2,3]]"
S11,S11,1277,1277,shil.fixed_k.k08,shil,fixed_k,shil.final_ranker_score,8,"[0,33,16,37,184,770,1044,886]","[[0,1],[1,16],[0,17],[2,3],[16,17],[4,5,6],[7,8,9],[5,6,18]]"
S11,S11,1277,1277,shil.fixed_k.k16,shil,fixed_k,shil.final_ranker_score,16,"[0,33,16,37,184,770,1044,886,796,1043,76,166,29,816,244,160]","[[0,1],[1,16],[0,17],[2,3],[16,17],[4,5,6],[7,8,9],[5,6,18],[4,6,19],[6,18,19],[4,11],[12,17],[1,12],[4,8,16],[0,4,8],[11,18]]"
S11,S11,1277,1277,shil.validation_one_se,shil,validation_one_se,shil.final_ranker_score,8,"[0,33,16,37,184,770,1044,886]","[[0,1],[1,16],[0,17],[2,3],[16,17],[4,5,6],[7,8,9],[5,6,18]]"
S11,S11,1277,1277,shil.cpss_one_se,shil,cpss_one_se,shil.final_development_selection_frequency,7,"[0,16,33,37,184,770,886]","[[0,1],[0,17],[1,16],[2,3],[16,17],[4,5,6],[5,6,18]]"
S11,S11,1277,1277,l1.fixed_k.k01,l1,fixed_k,l1.final_ranker_score,1,[0],"[[0,1]]"
S11,S11,1277,1277,l1.fixed_k.k02,l1,fixed_k,l1.final_ranker_score,2,"[0,37]","[[0,1],[2,3]]"
S11,S11,1277,1277,l1.fixed_k.k04,l1,fixed_k,l1.final_ranker_score,4,"[0,37,1044,770]","[[0,1],[2,3],[7,8,9],[4,5,6]]"
S11,S11,1277,1277,l1.fixed_k.k08,l1,fixed_k,l1.final_ranker_score,8,"[0,37,1044,770,886,16,356,258]","[[0,1],[2,3],[7,8,9],[4,5,6],[5,6,18],[0,17],[0,16,18],[0,5,8]]"
S11,S11,1277,1277,l1.fixed_k.k16,l1,fixed_k,l1.final_ranker_score,16,"[0,37,1044,770,886,16,356,258,592,266,945,713,1283,1295,547,66]","[[0,1],[2,3],[7,8,9],[4,5,6],[5,6,18],[0,17],[0,16,18],[0,5,8],[2,8,17],[0,5,16],[5,13,14],[3,8,18],[12,14,18],[13,14,15],[2,5,8],[3,16]]"
S11,S11,1277,1277,l1.validation_one_se,l1,validation_one_se,l1.final_ranker_score,4,"[0,37,1044,770]","[[0,1],[2,3],[7,8,9],[4,5,6]]"
S11,S11,1277,1277,l1.cpss_one_se,l1,cpss_one_se,l1.final_development_selection_frequency,4,"[0,37,770,1044]","[[0,1],[2,3],[4,5,6],[7,8,9]]"
S12,S12,1103,1103,shil.fixed_k.k01,shil,fixed_k,shil.final_ranker_score,1,[0],"[[0,1]]"
S12,S12,1103,1103,shil.fixed_k.k02,shil,fixed_k,shil.final_ranker_score,2,"[0,29]","[[0,1],[2,3]]"
S12,S12,1103,1103,shil.fixed_k.k04,shil,fixed_k,shil.final_ranker_score,4,"[0,29,460,596]","[[0,1],[2,3],[4,5,6],[7,8,9]]"
S12,S12,1103,1103,shil.fixed_k.k08,shil,fixed_k,shil.final_ranker_score,8,"[0,29,460,596,198,228,166,150]","[[0,1],[2,3],[4,5,6],[7,8,9],[0,8,10],[1,2,6],[0,4,12],[0,3,7]]"
S12,S12,1103,1103,shil.fixed_k.k16,shil,fixed_k,shil.final_ranker_score,16,"[0,29,460,596,198,228,166,150,28,140,561,524,92,219,522,245]","[[0,1],[2,3],[4,5,6],[7,8,9],[0,8,10],[1,2,6],[0,4,12],[0,3,7],[1,15],[0,2,9],[6,7,9],[5,7,8],[8,9],[0,12,13],[5,6,14],[1,3,11]]"
S12,S12,1103,1103,shil.validation_one_se,shil,validation_one_se,shil.final_ranker_score,4,"[0,29,460,596]","[[0,1],[2,3],[4,5,6],[7,8,9]]"
S12,S12,1103,1103,shil.cpss_one_se,shil,cpss_one_se,shil.final_development_selection_frequency,4,"[0,29,460,596]","[[0,1],[2,3],[4,5,6],[7,8,9]]"
S12,S12,1103,1103,l1.fixed_k.k01,l1,fixed_k,l1.final_ranker_score,1,[460],"[[4,5,6]]"
S12,S12,1103,1103,l1.fixed_k.k02,l1,fixed_k,l1.final_ranker_score,2,"[460,0]","[[4,5,6],[0,1]]"
S12,S12,1103,1103,l1.fixed_k.k04,l1,fixed_k,l1.final_ranker_score,4,"[460,0,29,596]","[[4,5,6],[0,1],[2,3],[7,8,9]]"
S12,S12,1103,1103,l1.fixed_k.k08,l1,fixed_k,l1.final_ranker_score,8,"[460,0,29,596,142,281,372,151]","[[4,5,6],[0,1],[2,3],[7,8,9],[0,2,11],[1,7,9],[2,8,15],[0,3,8]]"
S12,S12,1103,1103,l1.fixed_k.k16,l1,fixed_k,l1.final_ranker_score,16,"[460,0,29,596,142,281,372,151,350,96,575,312,462,412,347,192]","[[4,5,6],[0,1],[2,3],[7,8,9],[0,2,11],[1,7,9],[2,8,15],[0,3,8],[2,6,8],[8,13],[6,9,10],[1,12,15],[4,5,8],[3,5,13],[2,5,14],[0,7,11]]"
S12,S12,1103,1103,l1.validation_one_se,l1,validation_one_se,l1.final_ranker_score,4,"[460,0,29,596]","[[4,5,6],[0,1],[2,3],[7,8,9]]"
S12,S12,1103,1103,l1.cpss_one_se,l1,cpss_one_se,l1.final_development_selection_frequency,4,"[0,29,460,596]","[[0,1],[2,3],[4,5,6],[7,8,9]]"
S12,S12,1129,1129,shil.fixed_k.k01,shil,fixed_k,shil.final_ranker_score,1,[0],"[[0,1]]"
S12,S12,1129,1129,shil.fixed_k.k02,shil,fixed_k,shil.final_ranker_score,2,"[0,29]","[[0,1],[2,3]]"
S12,S12,1129,1129,shil.fixed_k.k04,shil,fixed_k,shil.final_ranker_score,4,"[0,29,460,596]","[[0,1],[2,3],[4,5,6],[7,8,9]]"
S12,S12,1129,1129,shil.fixed_k.k08,shil,fixed_k,shil.final_ranker_score,8,"[0,29,460,596,472,595,433,655]","[[0,1],[2,3],[4,5,6],[7,8,9],[4,6,9],[6,14,15],[3,8,10],[9,12,14]]"
S12,S12,1129,1129,shil.fixed_k.k16,shil,fixed_k,shil.final_ranker_score,16,"[0,29,460,596,472,595,433,655,590,285,270,249,43,602,16,242]","[[0,1],[2,3],[4,5,6],[7,8,9],[4,6,9],[6,14,15],[3,8,10],[9,12,14],[6,12,13],[1,7,13],[1,5,15],[1,3,15],[3,5],[7,8,15],[1,3],[1,3,8]]"
S12,S12,1129,1129,shil.validation_one_se,shil,validation_one_se,shil.final_ranker_score,4,"[0,29,460,596]","[[0,1],[2,3],[4,5,6],[7,8,9]]"
S12,S12,1129,1129,shil.cpss_one_se,shil,cpss_one_se,shil.final_development_selection_frequency,4,"[0,29,460,596]","[[0,1],[2,3],[4,5,6],[7,8,9]]"
S12,S12,1129,1129,l1.fixed_k.k01,l1,fixed_k,l1.final_ranker_score,1,[0],"[[0,1]]"
S12,S12,1129,1129,l1.fixed_k.k02,l1,fixed_k,l1.final_ranker_score,2,"[0,460]","[[0,1],[4,5,6]]"
S12,S12,1129,1129,l1.fixed_k.k04,l1,fixed_k,l1.final_ranker_score,4,"[0,460,29,596]","[[0,1],[4,5,6],[2,3],[7,8,9]]"
S12,S12,1129,1129,l1.fixed_k.k08,l1,fixed_k,l1.final_ranker_score,8,"[0,460,29,596,384,50,446,107]","[[0,1],[4,5,6],[2,3],[7,8,9],[2,11,12],[3,12],[3,10,12],[10,13]]"
S12,S12,1129,1129,l1.fixed_k.k16,l1,fixed_k,l1.final_ranker_score,16,"[0,460,29,596,384,50,446,107,200,379,436,293,129,388,602,639]","[[0,1],[4,5,6],[2,3],[7,8,9],[2,11,12],[3,12],[3,10,12],[10,13],[0,8,12],[2,10,11],[3,8,13],[1,8,14],[0,1,11],[2,12,13],[7,8,15],[8,12,13]]"
S12,S12,1129,1129,l1.validation_one_se,l1,validation_one_se,l1.final_ranker_score,4,"[0,460,29,596]","[[0,1],[4,5,6],[2,3],[7,8,9]]"
S12,S12,1129,1129,l1.cpss_one_se,l1,cpss_one_se,l1.final_development_selection_frequency,4,"[0,29,460,596]","[[0,1],[2,3],[4,5,6],[7,8,9]]"
S12,S12,1151,1151,shil.fixed_k.k01,shil,fixed_k,shil.final_ranker_score,1,[0],"[[0,1]]"
S12,S12,1151,1151,shil.fixed_k.k02,shil,fixed_k,shil.final_ranker_score,2,"[0,29]","[[0,1],[2,3]]"
S12,S12,1151,1151,shil.fixed_k.k04,shil,fixed_k,shil.final_ranker_score,4,"[0,29,460,596]","[[0,1],[2,3],[4,5,6],[7,8,9]]"
S12,S12,1151,1151,shil.fixed_k.k08,shil,fixed_k,shil.final_ranker_score,8,"[0,29,460,596,316,354,463,188]","[[0,1],[2,3],[4,5,6],[7,8,9],[2,3,4],[2,6,12],[4,5,9],[0,6,15]]"
S12,S12,1151,1151,shil.fixed_k.k16,shil,fixed_k,shil.final_ranker_score,16,"[0,29,460,596,316,354,463,188,279,190,229,520,215,235,464,647]","[[0,1],[2,3],[4,5,6],[7,8,9],[2,3,4],[2,6,12],[4,5,9],[0,6,15],[1,6,15],[0,7,9],[1,2,7],[5,6,12],[0,11,12],[1,2,13],[4,5,10],[9,10,13]]"
S12,S12,1151,1151,shil.validation_one_se,shil,validation_one_se,shil.final_ranker_score,4,"[0,29,460,596]","[[0,1],[2,3],[4,5,6],[7,8,9]]"
S12,S12,1151,1151,shil.cpss_one_se,shil,cpss_one_se,shil.final_development_selection_frequency,4,"[0,29,460,596]","[[0,1],[2,3],[4,5,6],[7,8,9]]"
S12,S12,1151,1151,l1.fixed_k.k01,l1,fixed_k,l1.final_ranker_score,1,[0],"[[0,1]]"
S12,S12,1151,1151,l1.fixed_k.k02,l1,fixed_k,l1.final_ranker_score,2,"[0,460]","[[0,1],[4,5,6]]"
S12,S12,1151,1151,l1.fixed_k.k04,l1,fixed_k,l1.final_ranker_score,4,"[0,460,29,596]","[[0,1],[4,5,6],[2,3],[7,8,9]]"
S12,S12,1151,1151,l1.fixed_k.k08,l1,fixed_k,l1.final_ranker_score,8,"[0,460,29,596,589,135,445,547]","[[0,1],[4,5,6],[2,3],[7,8,9],[6,11,15],[0,2,4],[3,10,11],[5,10,13]]"
S12,S12,1151,1151,l1.fixed_k.k16,l1,fixed_k,l1.final_ranker_score,16,"[0,460,29,596,589,135,445,547,431,463,652,108,493,371,368,385]","[[0,1],[4,5,6],[2,3],[7,8,9],[6,11,15],[0,2,4],[3,10,11],[5,10,13],[3,7,15],[4,5,9],[9,11,14],[10,14],[4,8,15],[2,8,14],[2,8,11],[2,11,13]]"
S12,S12,1151,1151,l1.validation_one_se,l1,validation_one_se,l1.final_ranker_score,4,"[0,460,29,596]","[[0,1],[4,5,6],[2,3],[7,8,9]]"
S12,S12,1151,1151,l1.cpss_one_se,l1,cpss_one_se,l1.final_development_selection_frequency,4,"[0,29,460,596]","[[0,1],[2,3],[4,5,6],[7,8,9]]"
S12,S12,1171,1171,shil.fixed_k.k01,shil,fixed_k,shil.final_ranker_score,1,[0],"[[0,1]]"
S12,S12,1171,1171,shil.fixed_k.k02,shil,fixed_k,shil.final_ranker_score,2,"[0,29]","[[0,1],[2,3]]"
S12,S12,1171,1171,shil.fixed_k.k04,shil,fixed_k,shil.final_ranker_score,4,"[0,29,460,596]","[[0,1],[2,3],[4,5,6],[7,8,9]]"
S12,S12,1171,1171,shil.fixed_k.k08,shil,fixed_k,shil.final_ranker_score,8,"[0,29,460,596,550,498,250,409]","[[0,1],[2,3],[4,5,6],[7,8,9],[5,11,12],[4,9,14],[1,4,5],[3,5,10]]"
S12,S12,1171,1171,shil.fixed_k.k16,shil,fixed_k,shil.final_ranker_score,16,"[0,29,460,596,550,498,250,409,266,312,160,432,138,552,320,404]","[[0,1],[2,3],[4,5,6],[7,8,9],[5,11,12],[4,9,14],[1,4,5],[3,5,10],[1,5,11],[1,12,15],[0,4,6],[3,8,9],[0,2,7],[5,11,14],[2,3,8],[3,4,15]]"
S12,S12,1171,1171,shil.validation_one_se,shil,validation_one_se,shil.final_ranker_score,4,"[0,29,460,596]","[[0,1],[2,3],[4,5,6],[7,8,9]]"
S12,S12,1171,1171,shil.cpss_one_se,shil,cpss_one_se,shil.final_development_selection_frequency,4,"[0,29,460,596]","[[0,1],[2,3],[4,5,6],[7,8,9]]"
S12,S12,1171,1171,l1.fixed_k.k01,l1,fixed_k,l1.final_ranker_score,1,[0],"[[0,1]]"
S12,S12,1171,1171,l1.fixed_k.k02,l1,fixed_k,l1.final_ranker_score,2,"[0,460]","[[0,1],[4,5,6]]"
S12,S12,1171,1171,l1.fixed_k.k04,l1,fixed_k,l1.final_ranker_score,4,"[0,460,29,596]","[[0,1],[4,5,6],[2,3],[7,8,9]]"
S12,S12,1171,1171,l1.fixed_k.k08,l1,fixed_k,l1.final_ranker_score,8,"[0,460,29,596,48,620,645,90]","[[0,1],[4,5,6],[2,3],[7,8,9],[3,10],[7,12,15],[9,10,11],[7,14]]"
S12,S12,1171,1171,l1.fixed_k.k16,l1,fixed_k,l1.final_ranker_score,16,"[0,460,29,596,48,620,645,90,612,14,162,50,296,450,364,279]","[[0,1],[4,5,6],[2,3],[7,8,9],[3,10],[7,12,15],[9,10,11],[7,14],[7,10,14],[0,15],[0,4,8],[3,12],[1,9,11],[3,11,12],[2,7,14],[1,6,15]]"
S12,S12,1171,1171,l1.validation_one_se,l1,validation_one_se,l1.final_ranker_score,4,"[0,460,29,596]","[[0,1],[4,5,6],[2,3],[7,8,9]]"
S12,S12,1171,1171,l1.cpss_one_se,l1,cpss_one_se,l1.final_development_selection_frequency,4,"[0,29,460,596]","[[0,1],[2,3],[4,5,6],[7,8,9]]"
S12,S12,1181,1181,shil.fixed_k.k01,shil,fixed_k,shil.final_ranker_score,1,[29],"[[2,3]]"
S12,S12,1181,1181,shil.fixed_k.k02,shil,fixed_k,shil.final_ranker_score,2,"[29,0]","[[2,3],[0,1]]"
S12,S12,1181,1181,shil.fixed_k.k04,shil,fixed_k,shil.final_ranker_score,4,"[29,0,460,596]","[[2,3],[0,1],[4,5,6],[7,8,9]]"
S12,S12,1181,1181,shil.fixed_k.k08,shil,fixed_k,shil.final_ranker_score,8,"[29,0,460,596,18,484,631,648]","[[2,3],[0,1],[4,5,6],[7,8,9],[1,5],[4,7,13],[8,10,12],[9,10,14]]"
S12,S12,1181,1181,shil.fixed_k.k16,shil,fixed_k,shil.final_ranker_score,16,"[29,0,460,596,18,484,631,648,600,305,603,441,639,11,594,630]","[[2,3],[0,1],[4,5,6],[7,8,9],[1,5],[4,7,13],[8,10,12],[9,10,14],[7,8,13],[1,10,15],[7,9,10],[3,9,12],[8,12,13],[0,12],[6,13,15],[8,10,11]]"
S12,S12,1181,1181,shil.validation_one_se,shil,validation_one_se,shil.final_ranker_score,4,"[29,0,460,596]","[[2,3],[0,1],[4,5,6],[7,8,9]]"
S12,S12,1181,1181,shil.cpss_one_se,shil,cpss_one_se,shil.final_development_selection_frequency,4,"[0,29,460,596]","[[0,1],[2,3],[4,5,6],[7,8,9]]"
S12,S12,1181,1181,l1.fixed_k.k01,l1,fixed_k,l1.final_ranker_score,1,[0],"[[0,1]]"
S12,S12,1181,1181,l1.fixed_k.k02,l1,fixed_k,l1.final_ranker_score,2,"[0,29]","[[0,1],[2,3]]"
S12,S12,1181,1181,l1.fixed_k.k04,l1,fixed_k,l1.final_ranker_score,4,"[0,29,460,596]","[[0,1],[2,3],[4,5,6],[7,8,9]]"
S12,S12,1181,1181,l1.fixed_k.k08,l1,fixed_k,l1.final_ranker_score,8,"[0,29,460,596,571,675,575,72]","[[0,1],[2,3],[4,5,6],[7,8,9],[6,8,12],[11,14,15],[6,9,10],[5,13]]"
S12,S12,1181,1181,l1.fixed_k.k16,l1,fixed_k,l1.final_ranker_score,16,"[0,29,460,596,571,675,575,72,61,649,348,517,97,418,618,301]","[[0,1],[2,3],[4,5,6],[7,8,9],[6,8,12],[11,14,15],[6,9,10],[5,13],[4,12],[9,10,15],[2,5,15],[5,6,9],[8,14],[3,6,10],[7,12,13],[1,10,11]]"
S12,S12,1181,1181,l1.validation_one_se,l1,validation_one_se,l1.final_ranker_score,4,"[0,29,460,596]","[[0,1],[2,3],[4,5,6],[7,8,9]]"
S12,S12,1181,1181,l1.cpss_one_se,l1,cpss_one_se,l1.final_development_selection_frequency,4,"[0,29,460,596]","[[0,1],[2,3],[4,5,6],[7,8,9]]"
S12,S12,1201,1201,shil.fixed_k.k01,shil,fixed_k,shil.final_ranker_score,1,[0],"[[0,1]]"
S12,S12,1201,1201,shil.fixed_k.k02,shil,fixed_k,shil.final_ranker_score,2,"[0,29]","[[0,1],[2,3]]"
S12,S12,1201,1201,shil.fixed_k.k04,shil,fixed_k,shil.final_ranker_score,4,"[0,29,596,460]","[[0,1],[2,3],[7,8,9],[4,5,6]]"
S12,S12,1201,1201,shil.fixed_k.k08,shil,fixed_k,shil.final_ranker_score,8,"[0,29,596,460,392,583,223,557]","[[0,1],[2,3],[7,8,9],[4,5,6],[2,13,15],[6,10,13],[0,13,15],[5,13,14]]"
S12,S12,1201,1201,shil.fixed_k.k16,shil,fixed_k,shil.final_ranker_score,16,"[0,29,596,460,392,583,223,557,274,113,301,487,322,330,248,123]","[[0,1],[2,3],[7,8,9],[4,5,6],[2,13,15],[6,10,13],[0,13,15],[5,13,14],[1,6,10],[11,15],[1,10,11],[4,8,9],[2,3,10],[2,4,7],[1,3,14],[0,1,5]]"
S12,S12,1201,1201,shil.validation_one_se,shil,validation_one_se,shil.final_ranker_score,4,"[0,29,596,460]","[[0,1],[2,3],[7,8,9],[4,5,6]]"
S12,S12,1201,1201,shil.cpss_one_se,shil,cpss_one_se,shil.final_development_selection_frequency,4,"[0,29,460,596]","[[0,1],[2,3],[4,5,6],[7,8,9]]"
S12,S12,1201,1201,l1.fixed_k.k01,l1,fixed_k,l1.final_ranker_score,1,[0],"[[0,1]]"
S12,S12,1201,1201,l1.fixed_k.k02,l1,fixed_k,l1.final_ranker_score,2,"[0,460]","[[0,1],[4,5,6]]"
S12,S12,1201,1201,l1.fixed_k.k04,l1,fixed_k,l1.final_ranker_score,4,"[0,460,29,596]","[[0,1],[4,5,6],[2,3],[7,8,9]]"
S12,S12,1201,1201,l1.fixed_k.k08,l1,fixed_k,l1.final_ranker_score,8,"[0,460,29,596,488,636,425,356]","[[0,1],[4,5,6],[2,3],[7,8,9],[4,8,10],[8,11,13],[3,7,9],[2,6,14]]"
S12,S12,1201,1201,l1.fixed_k.k16,l1,fixed_k,l1.final_ranker_score,16,"[0,460,29,596,488,636,425,356,95,13,223,549,429,238,144,583]","[[0,1],[4,5,6],[2,3],[7,8,9],[4,8,10],[8,11,13],[3,7,9],[2,6,14],[8,12],[0,14],[0,13,15],[5,10,15],[3,7,13],[1,3,4],[0,2,13],[6,10,13]]"
S12,S12,1201,1201,l1.validation_one_se,l1,validation_one_se,l1.final_ranker_score,4,"[0,460,29,596]","[[0,1],[4,5,6],[2,3],[7,8,9]]"
S12,S12,1201,1201,l1.cpss_one_se,l1,cpss_one_se,l1.final_development_selection_frequency,4,"[0,29,460,596]","[[0,1],[2,3],[4,5,6],[7,8,9]]"
S12,S12,1213,1213,shil.fixed_k.k01,shil,fixed_k,shil.final_ranker_score,1,[0],"[[0,1]]"
S12,S12,1213,1213,shil.fixed_k.k02,shil,fixed_k,shil.final_ranker_score,2,"[0,29]","[[0,1],[2,3]]"
S12,S12,1213,1213,shil.fixed_k.k04,shil,fixed_k,shil.final_ranker_score,4,"[0,29,596,460]","[[0,1],[2,3],[7,8,9],[4,5,6]]"
S12,S12,1213,1213,shil.fixed_k.k08,shil,fixed_k,shil.final_ranker_score,8,"[0,29,596,460,269,394,229,99]","[[0,1],[2,3],[7,8,9],[4,5,6],[1,5,14],[3,4,5],[1,2,7],[9,10]]"
S12,S12,1213,1213,shil.fixed_k.k16,shil,fixed_k,shil.final_ranker_score,16,"[0,29,596,460,269,394,229,99,226,450,316,103,553,140,667,321]","[[0,1],[2,3],[7,8,9],[4,5,6],[1,5,14],[3,4,5],[1,2,7],[9,10],[1,2,4],[3,11,12],[2,3,4],[9,14],[5,11,15],[0,2,9],[10,13,14],[2,3,9]]"
S12,S12,1213,1213,shil.validation_one_se,shil,validation_one_se,shil.final_ranker_score,4,"[0,29,596,460]","[[0,1],[2,3],[7,8,9],[4,5,6]]"
S12,S12,1213,1213,shil.cpss_one_se,shil,cpss_one_se,shil.final_development_selection_frequency,4,"[0,29,460,596]","[[0,1],[2,3],[4,5,6],[7,8,9]]"
S12,S12,1213,1213,l1.fixed_k.k01,l1,fixed_k,l1.final_ranker_score,1,[0],"[[0,1]]"
S12,S12,1213,1213,l1.fixed_k.k02,l1,fixed_k,l1.final_ranker_score,2,"[0,29]","[[0,1],[2,3]]"
S12,S12,1213,1213,l1.fixed_k.k04,l1,fixed_k,l1.final_ranker_score,4,"[0,29,460,596]","[[0,1],[2,3],[4,5,6],[7,8,9]]"
S12,S12,1213,1213,l1.fixed_k.k08,l1,fixed_k,l1.final_ranker_score,8,"[0,29,460,596,218,93,611,269]","[[0,1],[2,3],[4,5,6],[7,8,9],[0,11,15],[8,10],[7,10,13],[1,5,14]]"
S12,S12,1213,1213,l1.fixed_k.k16,l1,fixed_k,l1.final_ranker_score,16,"[0,29,460,596,218,93,611,269,407,39,669,592,146,545,378,229]","[[0,1],[2,3],[4,5,6],[7,8,9],[0,11,15],[8,10],[7,10,13],[1,5,14],[3,5,8],[2,13],[10,14,15],[6,12,15],[0,2,15],[5,10,11],[2,9,15],[1,2,7]]"
S12,S12,1213,1213,l1.validation_one_se,l1,validation_one_se,l1.final_ranker_score,4,"[0,29,460,596]","[[0,1],[2,3],[4,5,6],[7,8,9]]"
S12,S12,1213,1213,l1.cpss_one_se,l1,cpss_one_se,l1.final_development_selection_frequency,4,"[0,29,460,596]","[[0,1],[2,3],[4,5,6],[7,8,9]]"
S12,S12,1231,1231,shil.fixed_k.k01,shil,fixed_k,shil.final_ranker_score,1,[0],"[[0,1]]"
S12,S12,1231,1231,shil.fixed_k.k02,shil,fixed_k,shil.final_ranker_score,2,"[0,29]","[[0,1],[2,3]]"
S12,S12,1231,1231,shil.fixed_k.k04,shil,fixed_k,shil.final_ranker_score,4,"[0,29,460,596]","[[0,1],[2,3],[4,5,6],[7,8,9]]"
S12,S12,1231,1231,shil.fixed_k.k08,shil,fixed_k,shil.final_ranker_score,8,"[0,29,460,596,425,616,299,406]","[[0,1],[2,3],[4,5,6],[7,8,9],[3,7,9],[7,11,14],[1,9,14],[3,5,7]]"
S12,S12,1231,1231,shil.fixed_k.k16,shil,fixed_k,shil.final_ranker_score,16,"[0,29,460,596,425,616,299,406,356,624,488,472,431,554,339,509]","[[0,1],[2,3],[4,5,6],[7,8,9],[3,7,9],[7,11,14],[1,9,14],[3,5,7],[2,6,14],[8,9,10],[4,8,10],[4,6,9],[3,7,15],[5,12,13],[2,5,6],[4,12,13]]"
S12,S12,1231,1231,shil.validation_one_se,shil,validation_one_se,shil.final_ranker_score,4,"[0,29,460,596]","[[0,1],[2,3],[4,5,6],[7,8,9]]"
S12,S12,1231,1231,shil.cpss_one_se,shil,cpss_one_se,shil.final_development_selection_frequency,4,"[0,29,460,596]","[[0,1],[2,3],[4,5,6],[7,8,9]]"
S12,S12,1231,1231,l1.fixed_k.k01,l1,fixed_k,l1.final_ranker_score,1,[0],"[[0,1]]"
S12,S12,1231,1231,l1.fixed_k.k02,l1,fixed_k,l1.final_ranker_score,2,"[0,29]","[[0,1],[2,3]]"
S12,S12,1231,1231,l1.fixed_k.k04,l1,fixed_k,l1.final_ranker_score,4,"[0,29,460,596]","[[0,1],[2,3],[4,5,6],[7,8,9]]"
S12,S12,1231,1231,l1.fixed_k.k08,l1,fixed_k,l1.final_ranker_score,8,"[0,29,460,596,602,431,377,633]","[[0,1],[2,3],[4,5,6],[7,8,9],[7,8,15],[3,7,15],[2,9,14],[8,10,14]]"
S12,S12,1231,1231,l1.fixed_k.k16,l1,fixed_k,l1.final_ranker_score,16,"[0,29,460,596,602,431,377,633,61,541,675,662,195,510,446,639]","[[0,1],[2,3],[4,5,6],[7,8,9],[7,8,15],[3,7,15],[2,9,14],[8,10,14],[4,12],[5,9,12],[11,14,15],[10,11,14],[0,7,14],[4,12,14],[3,10,12],[8,12,13]]"
S12,S12,1231,1231,l1.validation_one_se,l1,validation_one_se,l1.final_ranker_score,4,"[0,29,460,596]","[[0,1],[2,3],[4,5,6],[7,8,9]]"
S12,S12,1231,1231,l1.cpss_one_se,l1,cpss_one_se,l1.final_development_selection_frequency,4,"[0,29,460,596]","[[0,1],[2,3],[4,5,6],[7,8,9]]"
S12,S12,1249,1249,shil.fixed_k.k01,shil,fixed_k,shil.final_ranker_score,1,[0],"[[0,1]]"
S12,S12,1249,1249,shil.fixed_k.k02,shil,fixed_k,shil.final_ranker_score,2,"[0,460]","[[0,1],[4,5,6]]"
S12,S12,1249,1249,shil.fixed_k.k04,shil,fixed_k,shil.final_ranker_score,4,"[0,460,29,596]","[[0,1],[4,5,6],[2,3],[7,8,9]]"
S12,S12,1249,1249,shil.fixed_k.k08,shil,fixed_k,shil.final_ranker_score,8,"[0,460,29,596,414,473,642,120]","[[0,1],[4,5,6],[2,3],[7,8,9],[3,5,15],[4,6,10],[8,13,14],[0,1,2]]"
S12,S12,1249,1249,shil.fixed_k.k16,shil,fixed_k,shil.final_ranker_score,16,"[0,460,29,596,414,473,642,120,536,429,516,179,168,434,298,669]","[[0,1],[4,5,6],[2,3],[7,8,9],[3,5,15],[4,6,10],[8,13,14],[0,1,2],[5,8,13],[3,7,13],[5,6,8],[0,5,15],[0,4,14],[3,8,11],[1,9,13],[10,14,15]]"
S12,S12,1249,1249,shil.validation_one_se,shil,validation_one_se,shil.final_ranker_score,4,"[0,460,29,596]","[[0,1],[4,5,6],[2,3],[7,8,9]]"
S12,S12,1249,1249,shil.cpss_one_se,shil,cpss_one_se,shil.final_development_selection_frequency,4,"[0,29,460,596]","[[0,1],[2,3],[4,5,6],[7,8,9]]"
S12,S12,1249,1249,l1.fixed_k.k01,l1,fixed_k,l1.final_ranker_score,1,[0],"[[0,1]]"
S12,S12,1249,1249,l1.fixed_k.k02,l1,fixed_k,l1.final_ranker_score,2,"[0,460]","[[0,1],[4,5,6]]"
S12,S12,1249,1249,l1.fixed_k.k04,l1,fixed_k,l1.final_ranker_score,4,"[0,460,29,596]","[[0,1],[4,5,6],[2,3],[7,8,9]]"
S12,S12,1249,1249,l1.fixed_k.k08,l1,fixed_k,l1.final_ranker_score,8,"[0,460,29,596,245,414,298,669]","[[0,1],[4,5,6],[2,3],[7,8,9],[1,3,11],[3,5,15],[1,9,13],[10,14,15]]"
S12,S12,1249,1249,l1.fixed_k.k16,l1,fixed_k,l1.final_ranker_score,16,"[0,460,29,596,245,414,298,669,433,95,317,154,385,633,113,473]","[[0,1],[4,5,6],[2,3],[7,8,9],[1,3,11],[3,5,15],[1,9,13],[10,14,15],[3,8,10],[8,12],[2,3,5],[0,3,11],[2,11,13],[8,10,14],[11,15],[4,6,10]]"
S12,S12,1249,1249,l1.validation_one_se,l1,validation_one_se,l1.final_ranker_score,4,"[0,460,29,596]","[[0,1],[4,5,6],[2,3],[7,8,9]]"
S12,S12,1249,1249,l1.cpss_one_se,l1,cpss_one_se,l1.final_development_selection_frequency,4,"[0,29,460,596]","[[0,1],[2,3],[4,5,6],[7,8,9]]"
S12,S12,1277,1277,shil.fixed_k.k01,shil,fixed_k,shil.final_ranker_score,1,[0],"[[0,1]]"
S12,S12,1277,1277,shil.fixed_k.k02,shil,fixed_k,shil.final_ranker_score,2,"[0,460]","[[0,1],[4,5,6]]"
S12,S12,1277,1277,shil.fixed_k.k04,shil,fixed_k,shil.final_ranker_score,4,"[0,460,29,596]","[[0,1],[4,5,6],[2,3],[7,8,9]]"
S12,S12,1277,1277,shil.fixed_k.k08,shil,fixed_k,shil.final_ranker_score,8,"[0,460,29,596,548,402,139,478]","[[0,1],[4,5,6],[2,3],[7,8,9],[5,10,14],[3,4,13],[0,2,8],[4,6,15]]"
S12,S12,1277,1277,shil.fixed_k.k16,shil,fixed_k,shil.final_ranker_score,16,"[0,460,29,596,548,402,139,478,252,265,52,461,656,493,324,43]","[[0,1],[4,5,6],[2,3],[7,8,9],[5,10,14],[3,4,13],[0,2,8],[4,6,15],[1,4,7],[1,5,10],[3,14],[4,5,7],[9,12,15],[4,8,15],[2,3,12],[3,5]]"
S12,S12,1277,1277,shil.validation_one_se,shil,validation_one_se,shil.final_ranker_score,4,"[0,460,29,596]","[[0,1],[4,5,6],[2,3],[7,8,9]]"
S12,S12,1277,1277,shil.cpss_one_se,shil,cpss_one_se,shil.final_development_selection_frequency,4,"[0,29,460,596]","[[0,1],[2,3],[4,5,6],[7,8,9]]"
S12,S12,1277,1277,l1.fixed_k.k01,l1,fixed_k,l1.final_ranker_score,1,[0],"[[0,1]]"
S12,S12,1277,1277,l1.fixed_k.k02,l1,fixed_k,l1.final_ranker_score,2,"[0,460]","[[0,1],[4,5,6]]"
S12,S12,1277,1277,l1.fixed_k.k04,l1,fixed_k,l1.final_ranker_score,4,"[0,460,29,596]","[[0,1],[4,5,6],[2,3],[7,8,9]]"
S12,S12,1277,1277,l1.fixed_k.k08,l1,fixed_k,l1.final_ranker_score,8,"[0,460,29,596,548,139,383,265]","[[0,1],[4,5,6],[2,3],[7,8,9],[5,10,14],[0,2,8],[2,10,15],[1,5,10]]"
S12,S12,1277,1277,l1.fixed_k.k16,l1,fixed_k,l1.final_ranker_score,16,"[0,460,29,596,548,139,383,265,539,252,656,482,478,118,197,156]","[[0,1],[4,5,6],[2,3],[7,8,9],[5,10,14],[0,2,8],[2,10,15],[1,5,10],[5,9,10],[1,4,7],[9,12,15],[4,7,11],[4,6,15],[13,15],[0,8,9],[0,3,13]]"
S12,S12,1277,1277,l1.validation_one_se,l1,validation_one_se,l1.final_ranker_score,4,"[0,460,29,596]","[[0,1],[4,5,6],[2,3],[7,8,9]]"
S12,S12,1277,1277,l1.cpss_one_se,l1,cpss_one_se,l1.final_development_selection_frequency,4,"[0,29,460,596]","[[0,1],[2,3],[4,5,6],[7,8,9]]"
S13,S13,1103,1103,shil.fixed_k.k01,shil,fixed_k,shil.final_ranker_score,1,[0],"[[0,1]]"
S13,S13,1103,1103,shil.fixed_k.k02,shil,fixed_k,shil.final_ranker_score,2,"[0,29]","[[0,1],[2,3]]"
S13,S13,1103,1103,shil.fixed_k.k04,shil,fixed_k,shil.final_ranker_score,4,"[0,29,54,151]","[[0,1],[2,3],[4,5],[0,3,8]]"
S13,S13,1103,1103,shil.fixed_k.k08,shil,fixed_k,shil.final_ranker_score,8,"[0,29,54,151,101,150,360,628]","[[0,1],[2,3],[4,5],[0,3,8],[9,12],[0,3,7],[2,7,10],[8,9,14]]"
S13,S13,1103,1103,shil.fixed_k.k16,shil,fixed_k,shil.final_ranker_score,16,"[0,29,54,151,101,150,360,628,578,362,126,72,479,296,632,637]","[[0,1],[2,3],[4,5],[0,3,8],[9,12],[0,3,7],[2,7,10],[8,9,14],[6,9,13],[2,7,12],[0,1,8],[5,13],[4,7,8],[1,9,11],[8,10,13],[8,11,14]]"
S13,S13,1103,1103,shil.validation_one_se,shil,validation_one_se,shil.final_ranker_score,4,"[0,29,54,151]","[[0,1],[2,3],[4,5],[0,3,8]]"
S13,S13,1103,1103,shil.cpss_one_se,shil,cpss_one_se,shil.final_development_selection_frequency,3,"[0,29,54]","[[0,1],[2,3],[4,5]]"
S13,S13,1103,1103,l1.fixed_k.k01,l1,fixed_k,l1.final_ranker_score,1,[0],"[[0,1]]"
S13,S13,1103,1103,l1.fixed_k.k02,l1,fixed_k,l1.final_ranker_score,2,"[0,29]","[[0,1],[2,3]]"
S13,S13,1103,1103,l1.fixed_k.k04,l1,fixed_k,l1.final_ranker_score,4,"[0,29,54,659]","[[0,1],[2,3],[4,5],[9,14,15]]"
S13,S13,1103,1103,l1.fixed_k.k08,l1,fixed_k,l1.final_ranker_score,8,"[0,29,54,659,402,192,417,622]","[[0,1],[2,3],[4,5],[9,14,15],[3,4,13],[0,7,11],[3,6,9],[7,13,15]]"
S13,S13,1103,1103,l1.fixed_k.k16,l1,fixed_k,l1.final_ranker_score,16,"[0,29,54,659,402,192,417,622,210,626,578,360,101,581,80,641]","[[0,1],[2,3],[4,5],[9,14,15],[3,4,13],[0,7,11],[3,6,9],[7,13,15],[0,10,11],[8,9,12],[6,9,13],[2,7,10],[9,12],[6,10,11],[6,12],[8,12,15]]"
S13,S13,1103,1103,l1.validation_one_se,l1,validation_one_se,l1.final_ranker_score,4,"[0,29,54,659]","[[0,1],[2,3],[4,5],[9,14,15]]"
S13,S13,1103,1103,l1.cpss_one_se,l1,cpss_one_se,l1.final_development_selection_frequency,3,"[0,29,54]","[[0,1],[2,3],[4,5]]"
S13,S13,1129,1129,shil.fixed_k.k01,shil,fixed_k,shil.final_ranker_score,1,[0],"[[0,1]]"
S13,S13,1129,1129,shil.fixed_k.k02,shil,fixed_k,shil.final_ranker_score,2,"[0,29]","[[0,1],[2,3]]"
S13,S13,1129,1129,shil.fixed_k.k04,shil,fixed_k,shil.final_ranker_score,4,"[0,29,54,97]","[[0,1],[2,3],[4,5],[8,14]]"
S13,S13,1129,1129,shil.fixed_k.k08,shil,fixed_k,shil.final_ranker_score,8,"[0,29,54,97,389,209,18,13]","[[0,1],[2,3],[4,5],[8,14],[2,12,14],[0,9,15],[1,5],[0,14]]"
S13,S13,1129,1129,shil.fixed_k.k16,shil,fixed_k,shil.final_ranker_score,16,"[0,29,54,97,389,209,18,13,146,394,542,72,425,655,276,130]","[[0,1],[2,3],[4,5],[8,14],[2,12,14],[0,9,15],[1,5],[0,14],[0,2,15],[3,4,5],[5,9,13],[5,13],[3,7,9],[9,12,14],[1,6,12],[0,1,12]]"
S13,S13,1129,1129,shil.validation_one_se,shil,validation_one_se,shil.final_ranker_score,4,"[0,29,54,97]","[[0,1],[2,3],[4,5],[8,14]]"
S13,S13,1129,1129,shil.cpss_one_se,shil,cpss_one_se,shil.final_development_selection_frequency,3,"[0,29,54]","[[0,1],[2,3],[4,5]]"
S13,S13,1129,1129,l1.fixed_k.k01,l1,fixed_k,l1.final_ranker_score,1,[0],"[[0,1]]"
S13,S13,1129,1129,l1.fixed_k.k02,l1,fixed_k,l1.final_ranker_score,2,"[0,29]","[[0,1],[2,3]]"
S13,S13,1129,1129,l1.fixed_k.k04,l1,fixed_k,l1.final_ranker_score,4,"[0,29,54,208]","[[0,1],[2,3],[4,5],[0,9,14]]"
S13,S13,1129,1129,l1.fixed_k.k08,l1,fixed_k,l1.final_ranker_score,8,"[0,29,54,208,47,380,459,371]","[[0,1],[2,3],[4,5],[0,9,14],[3,9],[2,10,12],[3,14,15],[2,8,14]]"
S13,S13,1129,1129,l1.fixed_k.k16,l1,fixed_k,l1.final_ranker_score,16,"[0,29,54,208,47,380,459,371,655,625,546,529,38,426,272,94]","[[0,1],[2,3],[4,5],[0,9,14],[3,9],[2,10,12],[3,14,15],[2,8,14],[9,12,14],[8,9,11],[5,10,12],[5,7,13],[2,12],[3,7,10],[1,6,8],[8,11]]"
S13,S13,1129,1129,l1.validation_one_se,l1,validation_one_se,l1.final_ranker_score,4,"[0,29,54,208]","[[0,1],[2,3],[4,5],[0,9,14]]"
S13,S13,1129,1129,l1.cpss_one_se,l1,cpss_one_se,l1.final_development_selection_frequency,3,"[0,29,54]","[[0,1],[2,3],[4,5]]"
S13,S13,1151,1151,shil.fixed_k.k01,shil,fixed_k,shil.final_ranker_score,1,[0],"[[0,1]]"
S13,S13,1151,1151,shil.fixed_k.k02,shil,fixed_k,shil.final_ranker_score,2,"[0,29]","[[0,1],[2,3]]"
S13,S13,1151,1151,shil.fixed_k.k04,shil,fixed_k,shil.final_ranker_score,4,"[0,29,54,647]","[[0,1],[2,3],[4,5],[9,10,13]]"
S13,S13,1151,1151,shil.fixed_k.k08,shil,fixed_k,shil.final_ranker_score,8,"[0,29,54,647,64,246,423,223]","[[0,1],[2,3],[4,5],[9,10,13],[4,15],[1,3,12],[3,6,15],[0,13,15]]"
S13,S13,1151,1151,shil.fixed_k.k16,shil,fixed_k,shil.final_ranker_score,16,"[0,29,54,647,64,246,423,223,266,538,16,444,263,488,677,452]","[[0,1],[2,3],[4,5],[9,10,13],[4,15],[1,3,12],[3,6,15],[0,13,15],[1,5,11],[5,8,15],[1,3],[3,9,15],[1,5,8],[4,8,10],[12,13,15],[3,11,14]]"
S13,S13,1151,1151,shil.validation_one_se,shil,validation_one_se,shil.final_ranker_score,4,"[0,29,54,647]","[[0,1],[2,3],[4,5],[9,10,13]]"
S13,S13,1151,1151,shil.cpss_one_se,shil,cpss_one_se,shil.final_development_selection_frequency,3,"[0,29,54]","[[0,1],[2,3],[4,5]]"
S13,S13,1151,1151,l1.fixed_k.k01,l1,fixed_k,l1.final_ranker_score,1,[0],"[[0,1]]"
S13,S13,1151,1151,l1.fixed_k.k02,l1,fixed_k,l1.final_ranker_score,2,"[0,29]","[[0,1],[2,3]]"
S13,S13,1151,1151,l1.fixed_k.k04,l1,fixed_k,l1.final_ranker_score,4,"[0,29,54,97]","[[0,1],[2,3],[4,5],[8,14]]"
S13,S13,1151,1151,l1.fixed_k.k08,l1,fixed_k,l1.final_ranker_score,8,"[0,29,54,97,510,394,671,277]","[[0,1],[2,3],[4,5],[8,14],[4,12,14],[3,4,5],[11,12,14],[1,6,13]]"
S13,S13,1151,1151,l1.fixed_k.k16,l1,fixed_k,l1.final_ranker_score,16,"[0,29,54,97,510,394,671,277,297,342,245,92,276,573,600,436]","[[0,1],[2,3],[4,5],[8,14],[4,12,14],[3,4,5],[11,12,14],[1,6,13],[1,9,12],[2,5,9],[1,3,11],[8,9],[1,6,12],[6,8,14],[7,8,13],[3,8,13]]"
S13,S13,1151,1151,l1.validation_one_se,l1,validation_one_se,l1.final_ranker_score,4,"[0,29,54,97]","[[0,1],[2,3],[4,5],[8,14]]"
S13,S13,1151,1151,l1.cpss_one_se,l1,cpss_one_se,l1.final_development_selection_frequency,3,"[0,29,54]","[[0,1],[2,3],[4,5]]"
S13,S13,1171,1171,shil.fixed_k.k01,shil,fixed_k,shil.final_ranker_score,1,[0],"[[0,1]]"
S13,S13,1171,1171,shil.fixed_k.k02,shil,fixed_k,shil.final_ranker_score,2,"[0,54]","[[0,1],[4,5]]"
S13,S13,1171,1171,shil.fixed_k.k04,shil,fixed_k,shil.final_ranker_score,4,"[0,54,29,138]","[[0,1],[4,5],[2,3],[0,2,7]]"
S13,S13,1171,1171,shil.fixed_k.k08,shil,fixed_k,shil.final_ranker_score,8,"[0,54,29,138,60,498,507,676]","[[0,1],[4,5],[2,3],[0,2,7],[4,11],[4,9,14],[4,11,14],[12,13,14]]"
S13,S13,1171,1171,shil.fixed_k.k16,shil,fixed_k,shil.final_ranker_score,16,"[0,54,29,138,60,498,507,676,569,526,665,547,419,188,246,367]","[[0,1],[4,5],[2,3],[0,2,7],[4,11],[4,9,14],[4,11,14],[12,13,14],[6,8,10],[5,7,10],[10,12,14],[5,10,13],[3,6,11],[0,6,15],[1,3,12],[2,8,10]]"
S13,S13,1171,1171,shil.validation_one_se,shil,validation_one_se,shil.final_ranker_score,4,"[0,54,29,138]","[[0,1],[4,5],[2,3],[0,2,7]]"
S13,S13,1171,1171,shil.cpss_one_se,shil,cpss_one_se,shil.final_development_selection_frequency,3,"[0,29,54]","[[0,1],[2,3],[4,5]]"
S13,S13,1171,1171,l1.fixed_k.k01,l1,fixed_k,l1.final_ranker_score,1,[0],"[[0,1]]"
S13,S13,1171,1171,l1.fixed_k.k02,l1,fixed_k,l1.final_ranker_score,2,"[0,29]","[[0,1],[2,3]]"
S13,S13,1171,1171,l1.fixed_k.k04,l1,fixed_k,l1.final_ranker_score,4,"[0,29,54,650]","[[0,1],[2,3],[4,5],[9,11,12]]"
S13,S13,1171,1171,l1.fixed_k.k08,l1,fixed_k,l1.final_ranker_score,8,"[0,29,54,650,646,88,604,138]","[[0,1],[2,3],[4,5],[9,11,12],[9,10,12],[7,12],[7,9,11],[0,2,7]]"
S13,S13,1171,1171,l1.fixed_k.k16,l1,fixed_k,l1.final_ranker_score,16,"[0,29,54,650,646,88,604,138,339,561,659,114,68,217,622,569]","[[0,1],[2,3],[4,5],[9,11,12],[9,10,12],[7,12],[7,9,11],[0,2,7],[2,5,6],[6,7,9],[9,14,15],[12,13],[5,9],[0,11,14],[7,13,15],[6,8,10]]"
S13,S13,1171,1171,l1.validation_one_se,l1,validation_one_se,l1.final_ranker_score,4,"[0,29,54,650]","[[0,1],[2,3],[4,5],[9,11,12]]"
S13,S13,1171,1171,l1.cpss_one_se,l1,cpss_one_se,l1.final_development_selection_frequency,3,"[0,29,54]","[[0,1],[2,3],[4,5]]"
S13,S13,1181,1181,shil.fixed_k.k01,shil,fixed_k,shil.final_ranker_score,1,[0],"[[0,1]]"
S13,S13,1181,1181,shil.fixed_k.k02,shil,fixed_k,shil.final_ranker_score,2,"[0,29]","[[0,1],[2,3]]"
S13,S13,1181,1181,shil.fixed_k.k04,shil,fixed_k,shil.final_ranker_score,4,"[0,29,54,311]","[[0,1],[2,3],[4,5],[1,12,14]]"
S13,S13,1181,1181,shil.fixed_k.k08,shil,fixed_k,shil.final_ranker_score,8,"[0,29,54,311,530,66,376,675]","[[0,1],[2,3],[4,5],[1,12,14],[5,7,14],[5,7],[2,9,13],[11,14,15]]"
S13,S13,1181,1181,shil.fixed_k.k16,shil,fixed_k,shil.final_ranker_score,16,"[0,29,54,311,530,66,376,675,76,48,450,516,434,575,290,449]","[[0,1],[2,3],[4,5],[1,12,14],[5,7,14],[5,7],[2,9,13],[11,14,15],[6,8],[3,10],[3,11,12],[5,6,8],[3,8,11],[6,9,10],[1,8,11],[3,10,15]]"
S13,S13,1181,1181,shil.validation_one_se,shil,validation_one_se,shil.final_ranker_score,4,"[0,29,54,311]","[[0,1],[2,3],[4,5],[1,12,14]]"
S13,S13,1181,1181,shil.cpss_one_se,shil,cpss_one_se,shil.final_development_selection_frequency,3,"[0,29,54]","[[0,1],[2,3],[4,5]]"
S13,S13,1181,1181,l1.fixed_k.k01,l1,fixed_k,l1.final_ranker_score,1,[0],"[[0,1]]"
S13,S13,1181,1181,l1.fixed_k.k02,l1,fixed_k,l1.final_ranker_score,2,"[0,29]","[[0,1],[2,3]]"
S13,S13,1181,1181,l1.fixed_k.k04,l1,fixed_k,l1.final_ranker_score,4,"[0,29,54,489]","[[0,1],[2,3],[4,5],[4,8,11]]"
S13,S13,1181,1181,l1.fixed_k.k08,l1,fixed_k,l1.final_ranker_score,8,"[0,29,54,489,317,102,450,291]","[[0,1],[2,3],[4,5],[4,8,11],[2,3,5],[9,13],[3,11,12],[1,8,12]]"
S13,S13,1181,1181,l1.fixed_k.k16,l1,fixed_k,l1.final_ranker_score,16,"[0,29,54,489,317,102,450,291,563,575,420,280,660,20,512,32]","[[0,1],[2,3],[4,5],[4,8,11],[2,3,5],[9,13],[3,11,12],[1,8,12],[6,7,11],[6,9,10],[3,6,12],[1,7,8],[10,11,12],[1,7],[4,13,14],[2,6]]"
S13,S13,1181,1181,l1.validation_one_se,l1,validation_one_se,l1.final_ranker_score,4,"[0,29,54,489]","[[0,1],[2,3],[4,5],[4,8,11]]"
S13,S13,1181,1181,l1.cpss_one_se,l1,cpss_one_se,l1.final_development_selection_frequency,3,"[0,29,54]","[[0,1],[2,3],[4,5]]"
S13,S13,1201,1201,shil.fixed_k.k01,shil,fixed_k,shil.final_ranker_score,1,[0],"[[0,1]]"
S13,S13,1201,1201,shil.fixed_k.k02,shil,fixed_k,shil.final_ranker_score,2,"[0,29]","[[0,1],[2,3]]"
S13,S13,1201,1201,shil.fixed_k.k04,shil,fixed_k,shil.final_ranker_score,4,"[0,29,54,529]","[[0,1],[2,3],[4,5],[5,7,13]]"
S13,S13,1201,1201,shil.fixed_k.k08,shil,fixed_k,shil.final_ranker_score,8,"[0,29,54,529,66,387,367,49]","[[0,1],[2,3],[4,5],[5,7,13],[5,7],[2,11,15],[2,8,10],[3,11]]"
S13,S13,1201,1201,shil.fixed_k.k16,shil,fixed_k,shil.final_ranker_score,16,"[0,29,54,529,66,387,367,49,142,573,540,530,316,298,523,146]","[[0,1],[2,3],[4,5],[5,7,13],[5,7],[2,11,15],[2,8,10],[3,11],[0,2,11],[6,8,14],[5,9,11],[5,7,14],[2,3,4],[1,9,13],[5,6,15],[0,2,15]]"
S13,S13,1201,1201,shil.validation_one_se,shil,validation_one_se,shil.final_ranker_score,4,"[0,29,54,529]","[[0,1],[2,3],[4,5],[5,7,13]]"
S13,S13,1201,1201,shil.cpss_one_se,shil,cpss_one_se,shil.final_development_selection_frequency,3,"[0,29,54]","[[0,1],[2,3],[4,5]]"
S13,S13,1201,1201,l1.fixed_k.k01,l1,fixed_k,l1.final_ranker_score,1,[0],"[[0,1]]"
S13,S13,1201,1201,l1.fixed_k.k02,l1,fixed_k,l1.final_ranker_score,2,"[0,29]","[[0,1],[2,3]]"
S13,S13,1201,1201,l1.fixed_k.k04,l1,fixed_k,l1.final_ranker_score,4,"[0,29,54,37]","[[0,1],[2,3],[4,5],[2,11]]"
S13,S13,1201,1201,l1.fixed_k.k08,l1,fixed_k,l1.final_ranker_score,8,"[0,29,54,37,595,116,473,387]","[[0,1],[2,3],[4,5],[2,11],[6,14,15],[12,15],[4,6,10],[2,11,15]]"
S13,S13,1201,1201,l1.fixed_k.k16,l1,fixed_k,l1.final_ranker_score,16,"[0,29,54,37,595,116,473,387,581,364,523,336,367,175,517,296]","[[0,1],[2,3],[4,5],[2,11],[6,14,15],[12,15],[4,6,10],[2,11,15],[6,10,11],[2,7,14],[5,6,15],[2,4,13],[2,8,10],[0,5,11],[5,6,9],[1,9,11]]"
S13,S13,1201,1201,l1.validation_one_se,l1,validation_one_se,l1.final_ranker_score,4,"[0,29,54,37]","[[0,1],[2,3],[4,5],[2,11]]"
S13,S13,1201,1201,l1.cpss_one_se,l1,cpss_one_se,l1.final_development_selection_frequency,3,"[0,29,54]","[[0,1],[2,3],[4,5]]"
S13,S13,1213,1213,shil.fixed_k.k01,shil,fixed_k,shil.final_ranker_score,1,[0],"[[0,1]]"
S13,S13,1213,1213,shil.fixed_k.k02,shil,fixed_k,shil.final_ranker_score,2,"[0,29]","[[0,1],[2,3]]"
S13,S13,1213,1213,shil.fixed_k.k04,shil,fixed_k,shil.final_ranker_score,4,"[0,29,54,313]","[[0,1],[2,3],[4,5],[1,13,14]]"
S13,S13,1213,1213,shil.fixed_k.k08,shil,fixed_k,shil.final_ranker_score,8,"[0,29,54,313,666,167,257,103]","[[0,1],[2,3],[4,5],[1,13,14],[10,12,15],[0,4,13],[1,4,12],[9,14]]"
S13,S13,1213,1213,shil.fixed_k.k16,shil,fixed_k,shil.final_ranker_score,16,"[0,29,54,313,666,167,257,103,423,195,271,473,230,607,269,92]","[[0,1],[2,3],[4,5],[1,13,14],[10,12,15],[0,4,13],[1,4,12],[9,14],[3,6,15],[0,7,14],[1,6,7],[4,6,10],[1,2,8],[7,9,14],[1,5,14],[8,9]]"
S13,S13,1213,1213,shil.validation_one_se,shil,validation_one_se,shil.final_ranker_score,4,"[0,29,54,313]","[[0,1],[2,3],[4,5],[1,13,14]]"
S13,S13,1213,1213,shil.cpss_one_se,shil,cpss_one_se,shil.final_development_selection_frequency,3,"[0,29,54]","[[0,1],[2,3],[4,5]]"
S13,S13,1213,1213,l1.fixed_k.k01,l1,fixed_k,l1.final_ranker_score,1,[0],"[[0,1]]"
S13,S13,1213,1213,l1.fixed_k.k02,l1,fixed_k,l1.final_ranker_score,2,"[0,29]","[[0,1],[2,3]]"
S13,S13,1213,1213,l1.fixed_k.k04,l1,fixed_k,l1.final_ranker_score,4,"[0,29,54,341]","[[0,1],[2,3],[4,5],[2,5,8]]"
S13,S13,1213,1213,l1.fixed_k.k08,l1,fixed_k,l1.final_ranker_score,8,"[0,29,54,341,246,563,614,340]","[[0,1],[2,3],[4,5],[2,5,8],[1,3,12],[6,7,11],[7,11,12],[2,5,7]]"
S13,S13,1213,1213,l1.fixed_k.k16,l1,fixed_k,l1.final_ranker_score,16,"[0,29,54,341,246,563,614,340,639,491,425,195,235,589,274,44]","[[0,1],[2,3],[4,5],[2,5,8],[1,3,12],[6,7,11],[7,11,12],[2,5,7],[8,12,13],[4,8,13],[3,7,9],[0,7,14],[1,2,13],[6,11,15],[1,6,10],[3,6]]"
S13,S13,1213,1213,l1.validation_one_se,l1,validation_one_se,l1.final_ranker_score,4,"[0,29,54,341]","[[0,1],[2,3],[4,5],[2,5,8]]"
S13,S13,1213,1213,l1.cpss_one_se,l1,cpss_one_se,l1.final_development_selection_frequency,3,"[0,29,54]","[[0,1],[2,3],[4,5]]"
S13,S13,1231,1231,shil.fixed_k.k01,shil,fixed_k,shil.final_ranker_score,1,[0],"[[0,1]]"
S13,S13,1231,1231,shil.fixed_k.k02,shil,fixed_k,shil.final_ranker_score,2,"[0,29]","[[0,1],[2,3]]"
S13,S13,1231,1231,shil.fixed_k.k04,shil,fixed_k,shil.final_ranker_score,4,"[0,29,54,674]","[[0,1],[2,3],[4,5],[11,13,15]]"
S13,S13,1231,1231,shil.fixed_k.k08,shil,fixed_k,shil.final_ranker_score,8,"[0,29,54,674,147,368,613,333]","[[0,1],[2,3],[4,5],[11,13,15],[0,3,4],[2,8,11],[7,10,15],[2,4,10]]"
S13,S13,1231,1231,shil.fixed_k.k16,shil,fixed_k,shil.final_ranker_score,16,"[0,29,54,674,147,368,613,333,98,117,197,564,658,33,367,654]","[[0,1],[2,3],[4,5],[11,13,15],[0,3,4],[2,8,11],[7,10,15],[2,4,10],[8,15],[13,14],[0,8,9],[6,7,12],[9,13,15],[2,7],[2,8,10],[9,12,13]]"
S13,S13,1231,1231,shil.validation_one_se,shil,validation_one_se,shil.final_ranker_score,4,"[0,29,54,674]","[[0,1],[2,3],[4,5],[11,13,15]]"
S13,S13,1231,1231,shil.cpss_one_se,shil,cpss_one_se,shil.final_development_selection_frequency,3,"[0,29,54]","[[0,1],[2,3],[4,5]]"
S13,S13,1231,1231,l1.fixed_k.k01,l1,fixed_k,l1.final_ranker_score,1,[0],"[[0,1]]"
S13,S13,1231,1231,l1.fixed_k.k02,l1,fixed_k,l1.final_ranker_score,2,"[0,29]","[[0,1],[2,3]]"
S13,S13,1231,1231,l1.fixed_k.k04,l1,fixed_k,l1.final_ranker_score,4,"[0,29,54,641]","[[0,1],[2,3],[4,5],[8,12,15]]"
S13,S13,1231,1231,l1.fixed_k.k08,l1,fixed_k,l1.final_ranker_score,8,"[0,29,54,641,253,472,63,525]","[[0,1],[2,3],[4,5],[8,12,15],[1,4,8],[4,6,9],[4,14],[5,7,9]]"
S13,S13,1231,1231,l1.fixed_k.k16,l1,fixed_k,l1.final_ranker_score,16,"[0,29,54,641,253,472,63,525,175,239,248,647,8,674,533,563]","[[0,1],[2,3],[4,5],[8,12,15],[1,4,8],[4,6,9],[4,14],[5,7,9],[0,5,11],[1,3,5],[1,3,14],[9,10,13],[0,9],[11,13,15],[5,8,10],[6,7,11]]"
S13,S13,1231,1231,l1.validation_one_se,l1,validation_one_se,l1.final_ranker_score,4,"[0,29,54,641]","[[0,1],[2,3],[4,5],[8,12,15]]"
S13,S13,1231,1231,l1.cpss_one_se,l1,cpss_one_se,l1.final_development_selection_frequency,3,"[0,29,54]","[[0,1],[2,3],[4,5]]"
S13,S13,1249,1249,shil.fixed_k.k01,shil,fixed_k,shil.final_ranker_score,1,[0],"[[0,1]]"
S13,S13,1249,1249,shil.fixed_k.k02,shil,fixed_k,shil.final_ranker_score,2,"[0,29]","[[0,1],[2,3]]"
S13,S13,1249,1249,shil.fixed_k.k04,shil,fixed_k,shil.final_ranker_score,4,"[0,29,54,458]","[[0,1],[2,3],[4,5],[3,13,15]]"
S13,S13,1249,1249,shil.fixed_k.k08,shil,fixed_k,shil.final_ranker_score,8,"[0,29,54,458,491,196,225,484]","[[0,1],[2,3],[4,5],[3,13,15],[4,8,13],[0,7,15],[1,2,3],[4,7,13]]"
S13,S13,1249,1249,shil.fixed_k.k16,shil,fixed_k,shil.final_ranker_score,16,"[0,29,54,458,491,196,225,484,129,252,121,591,279,150,525,314]","[[0,1],[2,3],[4,5],[3,13,15],[4,8,13],[0,7,15],[1,2,3],[4,7,13],[0,1,11],[1,4,7],[0,1,3],[6,12,14],[1,6,15],[0,3,7],[5,7,9],[1,13,15]]"
S13,S13,1249,1249,shil.validation_one_se,shil,validation_one_se,shil.final_ranker_score,4,"[0,29,54,458]","[[0,1],[2,3],[4,5],[3,13,15]]"
S13,S13,1249,1249,shil.cpss_one_se,shil,cpss_one_se,shil.final_development_selection_frequency,3,"[0,29,54]","[[0,1],[2,3],[4,5]]"
S13,S13,1249,1249,l1.fixed_k.k01,l1,fixed_k,l1.final_ranker_score,1,[0],"[[0,1]]"
S13,S13,1249,1249,l1.fixed_k.k02,l1,fixed_k,l1.final_ranker_score,2,"[0,29]","[[0,1],[2,3]]"
S13,S13,1249,1249,l1.fixed_k.k04,l1,fixed_k,l1.final_ranker_score,4,"[0,29,54,287]","[[0,1],[2,3],[4,5],[1,7,15]]"
S13,S13,1249,1249,l1.fixed_k.k08,l1,fixed_k,l1.final_ranker_score,8,"[0,29,54,287,81,221,140,415]","[[0,1],[2,3],[4,5],[1,7,15],[6,13],[0,12,15],[0,2,9],[3,6,7]]"
S13,S13,1249,1249,l1.fixed_k.k16,l1,fixed_k,l1.final_ranker_score,16,"[0,29,54,287,81,221,140,415,434,254,33,670,558,370,377,630]","[[0,1],[2,3],[4,5],[1,7,15],[6,13],[0,12,15],[0,2,9],[3,6,7],[3,8,11],[1,4,9],[2,7],[11,12,13],[5,13,15],[2,8,13],[2,9,14],[8,10,11]]"
S13,S13,1249,1249,l1.validation_one_se,l1,validation_one_se,l1.final_ranker_score,4,"[0,29,54,287]","[[0,1],[2,3],[4,5],[1,7,15]]"
S13,S13,1249,1249,l1.cpss_one_se,l1,cpss_one_se,l1.final_development_selection_frequency,3,"[0,29,54]","[[0,1],[2,3],[4,5]]"
S13,S13,1277,1277,shil.fixed_k.k01,shil,fixed_k,shil.final_ranker_score,1,[0],"[[0,1]]"
S13,S13,1277,1277,shil.fixed_k.k02,shil,fixed_k,shil.final_ranker_score,2,"[0,29]","[[0,1],[2,3]]"
S13,S13,1277,1277,shil.fixed_k.k04,shil,fixed_k,shil.final_ranker_score,4,"[0,29,54,279]","[[0,1],[2,3],[4,5],[1,6,15]]"
S13,S13,1277,1277,shil.fixed_k.k08,shil,fixed_k,shil.final_ranker_score,8,"[0,29,54,279,287,182,251,199]","[[0,1],[2,3],[4,5],[1,6,15],[1,7,15],[0,6,9],[1,4,6],[0,8,11]]"
S13,S13,1277,1277,shil.fixed_k.k16,shil,fixed_k,shil.final_ranker_score,16,"[0,29,54,279,287,182,251,199,674,156,424,55,570,128,448,181]","[[0,1],[2,3],[4,5],[1,6,15],[1,7,15],[0,6,9],[1,4,6],[0,8,11],[11,13,15],[0,3,13],[3,7,8],[4,6],[6,8,11],[0,1,10],[3,10,14],[0,6,8]]"
S13,S13,1277,1277,shil.validation_one_se,shil,validation_one_se,shil.final_ranker_score,4,"[0,29,54,279]","[[0,1],[2,3],[4,5],[1,6,15]]"
S13,S13,1277,1277,shil.cpss_one_se,shil,cpss_one_se,shil.final_development_selection_frequency,3,"[0,29,54]","[[0,1],[2,3],[4,5]]"
S13,S13,1277,1277,l1.fixed_k.k01,l1,fixed_k,l1.final_ranker_score,1,[0],"[[0,1]]"
S13,S13,1277,1277,l1.fixed_k.k02,l1,fixed_k,l1.final_ranker_score,2,"[0,29]","[[0,1],[2,3]]"
S13,S13,1277,1277,l1.fixed_k.k04,l1,fixed_k,l1.final_ranker_score,4,"[0,29,54,343]","[[0,1],[2,3],[4,5],[2,5,10]]"
S13,S13,1277,1277,l1.fixed_k.k08,l1,fixed_k,l1.final_ranker_score,8,"[0,29,54,343,456,580,137,674]","[[0,1],[2,3],[4,5],[2,5,10],[3,12,15],[6,9,15],[0,2,6],[11,13,15]]"
S13,S13,1277,1277,l1.fixed_k.k16,l1,fixed_k,l1.final_ranker_score,16,"[0,29,54,343,456,580,137,674,570,338,169,344,118,419,648,72]","[[0,1],[2,3],[4,5],[2,5,10],[3,12,15],[6,9,15],[0,2,6],[11,13,15],[6,8,11],[2,4,15],[0,4,15],[2,5,11],[13,15],[3,6,11],[9,10,14],[5,13]]"
S13,S13,1277,1277,l1.validation_one_se,l1,validation_one_se,l1.final_ranker_score,4,"[0,29,54,343]","[[0,1],[2,3],[4,5],[2,5,10]]"
S13,S13,1277,1277,l1.cpss_one_se,l1,cpss_one_se,l1.final_development_selection_frequency,3,"[0,29,54]","[[0,1],[2,3],[4,5]]"
