dataset,scenario,data_seed,split_seed,model,feature_count,candidate_edges,selected_edges,refit_seconds,predict_seconds,peak_rss_bytes,accuracy,macro_f1,log_loss,roc_auc_ovr,support_precision,support_recall,support_f1,false_inclusions,false_discovery_proportion,equivalence_precision,equivalence_recall,selection_seconds,selected_c,chosen_q,chosen_pi,base_fit_count,warning_count,tuning_support_size,final_support_size,validation_log_loss,validation_log_loss_se,one_se_ceiling,run_mean_jaccard
S01,S01,1103,1103,L1-full,16,680,30,0.0049907999928109,0.0005436999781522,232615936,0.8892857142857142,0.889250398724083,0.2673966725644247,0.9576913265306124,0.1,1.0,0.1818181818181818,27,0.9,,,0.4233911999908741,0.05,,,5,0,,,,,,0.06782391535749627
S01,S01,1103,1103,L1-top8,16,680,8,0.0045709999976679,0.0004123999970033,232706048,0.8928571428571429,0.8928079220050023,0.2423228734125698,0.9639413265306122,0.375,1.0,0.5454545454545454,5,0.625,,,0.4233911999908741,0.05,8.0,,5,0,,,,,,0.23076923076923078
S01,S01,1103,1103,L1-match,16,680,3,0.00438570001279,0.0002794999745674,232714240,0.8928571428571429,0.8928079220050023,0.2393194913430457,0.9644132653061224,1.0,1.0,1.0,0,0.0,,,0.4233911999908741,0.05,3.0,,5,0,,,,,,1.0
S01,S01,1103,1103,SHIL-k8,16,680,8,0.0041351999971084,0.0003674000035971,232714240,0.8875,0.8874709347758828,0.2402451634401958,0.9640306122448978,0.375,1.0,0.5454545454545454,5,0.625,,,0.5570608999987599,,8.0,,1,0,,,,,,0.23076923076923078
S01,S01,1103,1103,SC-L1,16,680,3,0.0033863999997265,0.0002080999838653,286912512,0.8928571428571429,0.8928079220050023,0.2393194913430457,0.9644132653061224,1.0,1.0,1.0,0,0.0,,,13.513038500008406,,4.0,0.9,80,0,3.0,3.0,0.1958884524230715,0.0170408780924293,0.2129293305155008,1.0
S01,S01,1103,1103,SC-SHIL,16,680,3,0.0030795999919064,0.0002083999861497,252948480,0.8928571428571429,0.8928079220050023,0.2393194913430457,0.9644132653061224,1.0,1.0,1.0,0,0.0,,,19.749060899979668,,4.0,0.9,80,0,3.0,3.0,0.1958884524230715,0.0170408780924293,0.2129293305155008,1.0
S01,S01,1129,1129,L1-full,16,680,37,0.0070106000057421,0.0018602999916765,235589632,0.8678571428571429,0.8677964371395028,0.2910572016939604,0.950063775510204,0.081081081081081,1.0,0.15,34,0.918918918918919,,,0.5169961999927182,0.05,,,5,0,,,,,,0.07653525084925426
S01,S01,1129,1129,L1-top8,16,680,8,0.0063459999801125,0.0005259999888949,235601920,0.8982142857142857,0.8981879886067511,0.2378138862229749,0.9653954081632654,0.375,1.0,0.5454545454545454,5,0.625,,,0.5169961999927182,0.05,8.0,,5,0,,,,,,0.25356125356125353
S01,S01,1129,1129,L1-match,16,680,3,0.0079255000164266,0.0007232000061776,235610112,0.8910714285714286,0.8910544058223383,0.2322860724842293,0.9669132653061224,1.0,1.0,1.0,0,0.0,,,0.5169961999927182,0.05,3.0,,5,0,,,,,,1.0
S01,S01,1129,1129,SHIL-k8,16,680,8,0.0071442000044044,0.0005344000237528,235610112,0.8892857142857142,0.88928430209569,0.2355461617144604,0.9655102040816328,0.375,1.0,0.5454545454545454,5,0.625,,,0.5194897000037599,,8.0,,1,0,,,,,,0.24216524216524216
S01,S01,1129,1129,SC-L1,16,680,3,0.0060871999885421,0.0005244000058155,289914880,0.8910714285714286,0.8910544058223383,0.2322860724842293,0.9669132653061224,1.0,1.0,1.0,0,0.0,,,14.666439499997068,,4.0,0.9,80,0,3.0,3.0,0.2170452832303826,0.0168941977607423,0.2339394809911249,1.0
S01,S01,1129,1129,SC-SHIL,16,680,3,0.006795699999202,0.0003127999952994,256176128,0.8910714285714286,0.8910544058223383,0.2322860724842293,0.9669132653061224,1.0,1.0,1.0,0,0.0,,,17.492170600016834,,4.0,0.9,80,0,3.0,3.0,0.2170452832303826,0.0168941977607423,0.2339394809911249,1.0
S01,S01,1151,1151,L1-full,16,680,304,0.0295757999992929,0.0048498999967705,237780992,0.8625,0.8624012764260072,0.4312470568043893,0.9425510204081632,0.0098684210526315,1.0,0.019543973941368,301,0.9901315789473684,,,0.5963662999856751,0.25,,,5,0,,,,,,0.05814647265828391
S01,S01,1151,1151,L1-top8,16,680,8,0.0049078000010922,0.0006266999989748,238006272,0.9017857142857144,0.901715197447148,0.2058873292700153,0.9752551020408164,0.375,1.0,0.5454545454545454,5,0.625,,,0.5963662999856751,0.25,8.0,,5,0,,,,,,0.23076923076923078
S01,S01,1151,1151,L1-match,16,680,3,0.003541900019627,0.0004430999979376,238014464,0.9,0.8999183006535948,0.2028318169696568,0.9761352040816328,1.0,1.0,1.0,0,0.0,,,0.5963662999856751,0.25,3.0,,5,0,,,,,,1.0
S01,S01,1151,1151,SHIL-k8,16,680,8,0.0045247999951243,0.0004415999865159,238014464,0.9,0.8999374609130707,0.2049606722416915,0.975127551020408,0.375,1.0,0.5454545454545454,5,0.625,,,0.4598750000004656,,8.0,,1,0,,,,,,0.25356125356125353
S01,S01,1151,1151,SC-L1,16,680,3,0.005229500005953,0.0003087999939452,292831232,0.9,0.8999183006535948,0.2028318169696568,0.9761352040816328,1.0,1.0,1.0,0,0.0,,,15.739125799998874,,4.0,0.9,80,0,3.0,3.0,0.1906002161445489,0.0155023956815257,0.2061026118260746,1.0
S01,S01,1151,1151,SC-SHIL,16,680,3,0.0050377000006847,0.0002598999999463,259031040,0.9,0.8999183006535948,0.2028318169696568,0.9761352040816328,1.0,1.0,1.0,0,0.0,,,18.447470300015997,,4.0,0.9,80,0,3.0,3.0,0.1906002161445489,0.0155023956815257,0.2061026118260746,1.0
S01,S01,1171,1171,L1-full,16,680,28,0.0042859000095631,0.0004094999749213,240160768,0.8767857142857143,0.8767821780599571,0.2932828093632953,0.949795918367347,0.1071428571428571,1.0,0.1935483870967741,25,0.8928571428571429,,,0.3764498000091407,0.05,,,5,0,,,,,,0.07438735973606356
S01,S01,1171,1171,L1-top8,16,680,8,0.0033543999888934,0.0002652000111993,240164864,0.8785714285714286,0.8785714285714286,0.2689139323947689,0.9558928571428572,0.375,1.0,0.5454545454545454,5,0.625,,,0.3764498000091407,0.05,8.0,,5,0,,,,,,0.25356125356125353
S01,S01,1171,1171,L1-match,16,680,3,0.0030400000105146,0.0002103000006172,240173056,0.875,0.874998405591908,0.2527016766568195,0.9602168367346938,1.0,1.0,1.0,0,0.0,,,0.3764498000091407,0.05,3.0,,5,0,,,,,,1.0
S01,S01,1171,1171,SHIL-k8,16,680,8,0.004791200015461,0.0002652999828569,240173056,0.8732142857142857,0.8732041776289563,0.2578704420857798,0.9588010204081634,0.375,1.0,0.5454545454545454,5,0.625,,,0.3567306000040844,,8.0,,1,0,,,,,,0.23076923076923078
S01,S01,1171,1171,SC-L1,16,680,3,0.0050543000106699,0.000520100002177,295235584,0.875,0.874998405591908,0.2527016766568195,0.9602168367346938,1.0,1.0,1.0,0,0.0,,,14.623469600017415,,4.0,0.9,80,0,3.0,3.0,0.2083490127071191,0.0176170469511706,0.2259660596582897,1.0
S01,S01,1171,1171,SC-SHIL,16,680,3,0.0034371000074315,0.000273699988611,261451776,0.875,0.874998405591908,0.2527016766568195,0.9602168367346938,1.0,1.0,1.0,0,0.0,,,21.29131690002396,,4.0,0.9,80,0,3.0,3.0,0.2083490127071191,0.0176170469511706,0.2259660596582897,1.0
S01,S01,1181,1181,L1-full,16,680,38,0.0048873999912757,0.0007576000061817,242315264,0.8803571428571428,0.880353709130683,0.2588314720388293,0.9603571428571428,0.0789473684210526,1.0,0.1463414634146341,35,0.9210526315789472,,,0.8711873000138439,0.05,,,5,0,,,,,,0.06487801539418772
S01,S01,1181,1181,L1-top8,16,680,8,0.0039235000149346,0.0002893999917432,242331648,0.8839285714285714,0.8839252402014088,0.2372495377657434,0.9653188775510204,0.375,1.0,0.5454545454545454,5,0.625,,,0.8711873000138439,0.05,8.0,,5,0,,,,,,0.23076923076923078
S01,S01,1181,1181,L1-match,16,680,3,0.0037938999885227,0.0002324000233784,242335744,0.9017857142857144,0.9017854011014066,0.2200383750522146,0.9701147959183672,1.0,1.0,1.0,0,0.0,,,0.8711873000138439,0.05,3.0,,5,0,,,,,,1.0
S01,S01,1181,1181,SHIL-k8,16,680,8,0.0042084000015165,0.0002729999832808,242339840,0.8982142857142857,0.8982113644843124,0.2270812763932941,0.9683545918367346,0.375,1.0,0.5454545454545454,5,0.625,,,0.4490553000068757,,8.0,,1,0,,,,,,0.23076923076923078
S01,S01,1181,1181,SC-L1,16,680,3,0.0031659000087529,0.0002884999848902,297361408,0.9017857142857144,0.9017854011014066,0.2200383750522146,0.9701147959183672,1.0,1.0,1.0,0,0.0,,,15.114083599997684,,4.0,0.9,80,0,3.0,3.0,0.1938960166303054,0.0162902537994669,0.2101862704297724,1.0
S01,S01,1181,1181,SC-SHIL,16,680,3,0.0036408999876584,0.0002244999923277,263557120,0.9017857142857144,0.9017854011014066,0.2200383750522146,0.9701147959183672,1.0,1.0,1.0,0,0.0,,,18.81527570000617,,4.0,0.9,80,0,3.0,3.0,0.1938960166303054,0.0162902537994669,0.2101862704297724,1.0
S01,S01,1201,1201,L1-full,16,680,44,0.0064944000041577,0.0006982999911997,244477952,0.8964285714285715,0.896407430087773,0.2612624373410967,0.9593494897959184,0.0681818181818181,1.0,0.1276595744680851,41,0.9318181818181818,,,0.4403947999817319,0.05,,,5,0,,,,,,0.0690692594756749
S01,S01,1201,1201,L1-top8,16,680,8,0.0040984000079333,0.0009479000000283,244494336,0.8910714285714286,0.8910126949791182,0.2331568449428367,0.9664030612244898,0.375,1.0,0.5454545454545454,5,0.625,,,0.4403947999817319,0.05,8.0,,5,0,,,,,,0.23076923076923078
S01,S01,1201,1201,L1-match,16,680,3,0.0065001999901141,0.0004277999978512,244510720,0.9053571428571427,0.9052891902672516,0.2162311839368501,0.9716198979591836,1.0,1.0,1.0,0,0.0,,,0.4403947999817319,0.05,3.0,,5,0,,,,,,1.0
S01,S01,1201,1201,SHIL-k8,16,680,8,0.0046839999849908,0.0004096000047866,244510720,0.9035714285714286,0.9035111230233182,0.2184272344677702,0.9704974489795918,0.375,1.0,0.5454545454545454,5,0.625,,,0.4466592999815475,,8.0,,1,0,,,,,,0.23076923076923078
S01,S01,1201,1201,SC-L1,16,680,3,0.0049227000272367,0.0003878000134136,299528192,0.9053571428571427,0.9052891902672516,0.2162311839368501,0.9716198979591836,1.0,1.0,1.0,0,0.0,,,13.806434200028889,,4.0,0.9,80,0,3.0,3.0,0.2474161927920931,0.01955955911454,0.2669757519066332,1.0
S01,S01,1201,1201,SC-SHIL,16,680,3,0.0047720999864395,0.00033720000647,265723904,0.9053571428571427,0.9052891902672516,0.2162311839368501,0.9716198979591836,1.0,1.0,1.0,0,0.0,,,19.73752969998168,,4.0,0.9,80,0,3.0,3.0,0.2474161927920931,0.01955955911454,0.2669757519066332,1.0
S01,S01,1213,1213,L1-full,16,680,32,0.0051184000039938,0.000527600001078,246648832,0.8928571428571429,0.8928516761059238,0.2448164436739175,0.9635076530612244,0.09375,1.0,0.1714285714285714,29,0.90625,,,0.7422312000126112,0.05,,,5,0,,,,,,0.07652898186858267
S01,S01,1213,1213,L1-top8,16,680,8,0.0036373000184539,0.0002923000138252,246661120,0.9089285714285714,0.9089282810213042,0.2247035406605406,0.9689285714285716,0.375,1.0,0.5454545454545454,5,0.625,,,0.7422312000126112,0.05,8.0,,5,0,,,,,,0.24216524216524216
S01,S01,1213,1213,L1-match,16,680,3,0.0046935999998822,0.000304999994114,246661120,0.9,0.8999987244735265,0.2320514846363529,0.9664923469387756,1.0,1.0,1.0,0,0.0,,,0.7422312000126112,0.05,3.0,,5,0,,,,,,1.0
S01,S01,1213,1213,SHIL-k8,16,680,8,0.0040605000103823,0.000340899976436,246669312,0.9017857142857144,0.9017854011014066,0.2381817331244778,0.9650765306122449,0.375,1.0,0.5454545454545454,5,0.625,,,0.649429599987343,,8.0,,1,0,,,,,,0.24216524216524216
S01,S01,1213,1213,SC-L1,16,680,3,0.004943199979607,0.0002659000165294,301678592,0.9,0.8999987244735265,0.2320514846363529,0.9664923469387756,1.0,1.0,1.0,0,0.0,,,17.478618299996015,,4.0,0.9,80,0,3.0,3.0,0.1948925877498137,0.0162614311925566,0.2111540189423704,1.0
S01,S01,1213,1213,SC-SHIL,16,680,3,0.005186299997149,0.000425299978815,267907072,0.9,0.8999987244735265,0.2320514846363529,0.9664923469387756,1.0,1.0,1.0,0,0.0,,,19.8437526000198,,4.0,0.9,80,0,3.0,3.0,0.1948925877498137,0.0162614311925566,0.2111540189423704,1.0
S01,S01,1231,1231,L1-full,16,680,35,0.0048408999864477,0.0005176000122446,248803328,0.8732142857142857,0.8732041776289563,0.261072956684283,0.9595025510204082,0.0857142857142857,1.0,0.1578947368421052,32,0.9142857142857144,,,0.6093706999963615,0.05,,,5,0,,,,,,0.0653393464397724
S01,S01,1231,1231,L1-top8,16,680,8,0.0039590000233147,0.0002678000018931,248811520,0.9017857142857144,0.9017478044781309,0.2180706540889246,0.970497448979592,0.375,1.0,0.5454545454545454,5,0.625,,,0.6093706999963615,0.05,8.0,,5,0,,,,,,0.23076923076923078
S01,S01,1231,1231,L1-match,16,680,3,0.0032745000207796,0.000281900021946,248819712,0.8982142857142857,0.8982061707725425,0.2119217920076018,0.9724489795918368,1.0,1.0,1.0,0,0.0,,,0.6093706999963615,0.05,3.0,,5,0,,,,,,1.0
S01,S01,1231,1231,SHIL-k8,16,680,8,0.0029256000125315,0.0002357000194024,248823808,0.9,0.8999681020733652,0.2155128181635608,0.9715816326530612,0.375,1.0,0.5454545454545454,5,0.625,,,0.462328499997966,,8.0,,1,0,,,,,,0.25356125356125353
S01,S01,1231,1231,SC-L1,16,680,3,0.0028690999897662,0.0002033000055234,303865856,0.8982142857142857,0.8982061707725425,0.2119217920076018,0.9724489795918368,1.0,1.0,1.0,0,0.0,,,14.05336609997903,,4.0,0.9,80,0,3.0,3.0,0.2221603212622672,0.0202535124295341,0.2424138336918014,1.0
S01,S01,1231,1231,SC-SHIL,16,680,3,0.0044697999837808,0.0003570000117179,270061568,0.8982142857142857,0.8982061707725425,0.2119217920076018,0.9724489795918368,1.0,1.0,1.0,0,0.0,,,19.40667359999497,,4.0,0.9,80,0,3.0,3.0,0.2221603212622672,0.0202535124295341,0.2424138336918014,1.0
S01,S01,1249,1249,L1-full,16,680,27,0.0041971000027842,0.0004696999967563,251895808,0.8982142857142857,0.8981879886067511,0.2276589471631608,0.9687627551020408,0.1111111111111111,1.0,0.1999999999999999,24,0.8888888888888888,,,0.5259505000140052,0.05,,,5,0,,,,,,0.06624416621261524
S01,S01,1249,1249,L1-top8,16,680,8,0.0042704000079538,0.0006834999949205,251904000,0.9035714285714286,0.9035665084953316,0.2214881136765017,0.9706377551020408,0.375,1.0,0.5454545454545454,5,0.625,,,0.5259505000140052,0.05,8.0,,5,0,,,,,,0.23076923076923078
S01,S01,1249,1249,L1-match,16,680,3,0.0048696000012569,0.0003604000085033,251904000,0.9035714285714286,0.9035517452541336,0.2053276038174608,0.974719387755102,1.0,1.0,1.0,0,0.0,,,0.5259505000140052,0.05,3.0,,5,0,,,,,,1.0
S01,S01,1249,1249,SHIL-k8,16,680,8,0.0032713999971747,0.0004614999925252,251912192,0.8982142857142857,0.8981749973682447,0.2066543194084763,0.974170918367347,0.375,1.0,0.5454545454545454,5,0.625,,,0.4164573999878485,,8.0,,1,0,,,,,,0.23076923076923078
S01,S01,1249,1249,SC-L1,16,680,3,0.0039901999989524,0.0002402999962214,306929664,0.9035714285714286,0.9035517452541336,0.2053276038174608,0.974719387755102,1.0,1.0,1.0,0,0.0,,,14.7222573000181,,4.0,0.9,80,0,3.0,3.0,0.2529833294000836,0.0207155789456272,0.2736989083457109,1.0
S01,S01,1249,1249,SC-SHIL,16,680,3,0.0031619000073987,0.0003187999827787,273129472,0.9035714285714286,0.9035517452541336,0.2053276038174608,0.974719387755102,1.0,1.0,1.0,0,0.0,,,17.063691500021378,,4.0,0.9,80,0,3.0,3.0,0.2529833294000836,0.0207155789456272,0.2736989083457109,1.0
S01,S01,1277,1277,L1-full,16,680,34,0.0058980000030715,0.0005078999965917,254173184,0.8857142857142857,0.8857084545129854,0.2863241216146709,0.9544770408163266,0.088235294117647,1.0,0.1621621621621622,31,0.9117647058823528,,,0.4201819000008981,0.05,,,5,0,,,,,,0.06973968914218359
S01,S01,1277,1277,L1-top8,16,680,8,0.0034307999885641,0.0002588000206742,254185472,0.9017857142857144,0.9017828955550382,0.2471671787966387,0.9619387755102042,0.375,1.0,0.5454545454545454,5,0.625,,,0.4201819000008981,0.05,8.0,,5,0,,,,,,0.24216524216524216
S01,S01,1277,1277,L1-match,16,680,3,0.0033415999787393,0.0002153000095859,254193664,0.8964285714285715,0.8964232869023929,0.2422075722921058,0.9634948979591836,1.0,1.0,1.0,0,0.0,,,0.4201819000008981,0.05,3.0,,5,0,,,,,,1.0
S01,S01,1277,1277,SHIL-k8,16,680,8,0.0046366000024136,0.0005458999949041,254197760,0.8892857142857142,0.8892857142857142,0.2466589618577636,0.9621428571428572,0.375,1.0,0.5454545454545454,5,0.625,,,0.4054269999905955,,8.0,,1,0,,,,,,0.23076923076923078
S01,S01,1277,1277,SC-L1,16,680,3,0.0039561000012326,0.0002854999911505,309084160,0.8964285714285715,0.8964232869023929,0.2422075722921058,0.9634948979591836,1.0,1.0,1.0,0,0.0,,,15.306698900007175,,4.0,0.9,80,0,3.0,3.0,0.2132858022775662,0.0178020101747683,0.2310878124523345,1.0
S01,S01,1277,1277,SC-SHIL,16,680,3,0.0040224000113084,0.0002258000022266,275304448,0.8964285714285715,0.8964232869023929,0.2422075722921058,0.9634948979591836,1.0,1.0,1.0,0,0.0,,,18.82077620000928,,4.0,0.9,80,0,3.0,3.0,0.2132858022775662,0.0178020101747683,0.2310878124523345,1.0
S02,S02,1103,1103,L1-full,16,680,47,0.0069761000049766,0.0009685000113677,256376832,0.8375,0.8374994818223273,0.3406471380915472,0.9320408163265306,0.0638297872340425,1.0,0.12,44,0.9361702127659576,,,0.6015450000122655,0.05,,,5,0,,,,,,0.08448882653724782
S02,S02,1103,1103,L1-top8,16,680,8,0.0034693999914452,0.0003155000158585,256393216,0.8535714285714285,0.853524720893142,0.3017236555459165,0.9425127551020408,0.375,1.0,0.5454545454545454,5,0.625,,,0.6015450000122655,0.05,8.0,,5,0,,,,,,0.23076923076923078
S02,S02,1103,1103,L1-match,16,680,3,0.0033490000059828,0.0002534000086598,256401408,0.8589285714285714,0.8589065255731922,0.2829693457297451,0.9497448979591836,1.0,1.0,1.0,0,0.0,,,0.6015450000122655,0.05,3.0,,5,0,,,,,,1.0
S02,S02,1103,1103,SHIL-k8,16,680,8,0.0040419000142719,0.0003393999941181,256401408,0.8678571428571429,0.867830169422331,0.2852569643611523,0.9503316326530612,0.375,1.0,0.5454545454545454,5,0.625,,,0.4336667000025045,,8.0,,1,0,,,,,,0.23076923076923078
S02,S02,1103,1103,SC-L1,16,680,3,0.0039053999935276,0.0002657999866642,311382016,0.8589285714285714,0.8589065255731922,0.2829693457297451,0.9497448979591836,1.0,1.0,1.0,0,0.0,,,14.239713799994206,,4.0,0.9,80,0,3.0,3.0,0.2951458862091851,0.02060871681524,0.3157546030244251,1.0
S02,S02,1103,1103,SC-SHIL,16,680,3,0.0035951999889221,0.0002384000108577,277594112,0.8589285714285714,0.8589065255731922,0.2829693457297451,0.9497448979591836,1.0,1.0,1.0,0,0.0,,,18.224620199995115,,4.0,0.9,80,0,3.0,3.0,0.2951458862091851,0.02060871681524,0.3157546030244251,1.0
S02,S02,1129,1129,L1-full,16,680,50,0.0098278000077698,0.0011498999956529,258482176,0.8535714285714285,0.8535546172392239,0.3271129259553649,0.935841836734694,0.06,1.0,0.1132075471698113,47,0.94,,,0.7425716999860015,0.05,,,5,0,,,,,,0.07362619230376709
S02,S02,1129,1129,L1-top8,16,680,8,0.0071151999873109,0.0009304000122938,258494464,0.8589285714285714,0.8589245227063277,0.2973366438323504,0.9434821428571428,0.375,1.0,0.5454545454545454,5,0.625,,,0.7425716999860015,0.05,8.0,,5,0,,,,,,0.23076923076923078
S02,S02,1129,1129,L1-match,16,680,3,0.0060158999986015,0.0011037000222131,258498560,0.8625,0.8624890377102766,0.2853290381476753,0.9484438775510204,1.0,1.0,1.0,0,0.0,,,0.7425716999860015,0.05,3.0,,5,0,,,,,,1.0
S02,S02,1129,1129,SHIL-k8,16,680,8,0.0093504000105895,0.000568600022234,258506752,0.8678571428571429,0.8678504005306393,0.2883797894233317,0.9474234693877552,0.375,1.0,0.5454545454545454,5,0.625,,,0.7272120999987237,,8.0,,1,0,,,,,,0.24216524216524216
S02,S02,1129,1129,SC-L1,16,680,3,0.0072231000231113,0.0007022999925538,313511936,0.8625,0.8624890377102766,0.2853290381476753,0.9484438775510204,1.0,1.0,1.0,0,0.0,,,14.968216000008397,,4.0,0.9,80,0,3.0,3.0,0.3334348083140239,0.0221172783461598,0.3555520866601838,1.0
S02,S02,1129,1129,SC-SHIL,16,680,3,0.0062543000094592,0.0008144000021275,279777280,0.8625,0.8624890377102766,0.2853290381476753,0.9484438775510204,1.0,1.0,1.0,0,0.0,,,19.32311070003197,,4.0,0.9,80,0,3.0,3.0,0.3334348083140239,0.0221172783461598,0.3555520866601838,1.0
S02,S02,1151,1151,L1-full,16,680,72,0.0217031000065617,0.0042451000190339,195981312,0.8571428571428571,0.8570772293400031,0.333331694227952,0.9311096938775508,0.0416666666666666,1.0,0.0799999999999999,69,0.9583333333333334,,,1.2361767999827862,0.05,,,5,0,,,,,,0.07920408802037215
S02,S02,1151,1151,L1-top8,16,680,8,0.010161500016693,0.001034700020682,196001792,0.8464285714285714,0.8464207357518241,0.3028829928561824,0.9418239795918368,0.375,1.0,0.5454545454545454,5,0.625,,,1.2361767999827862,0.05,8.0,,5,0,,,,,,0.23076923076923078
S02,S02,1151,1151,L1-match,16,680,3,0.0091260999906808,0.0006989999965298,196009984,0.8535714285714285,0.8535546172392239,0.3034158156736473,0.941045918367347,1.0,1.0,1.0,0,0.0,,,1.2361767999827862,0.05,3.0,,5,0,,,,,,1.0
S02,S02,1151,1151,SHIL-k8,16,680,8,0.0080722999991849,0.0013632999907713,196009984,0.8553571428571428,0.8553456110978235,0.3008482766077462,0.9428316326530612,0.375,1.0,0.5454545454545454,5,0.625,,,1.0353452999843284,,8.0,,1,0,,,,,,0.23076923076923078
S02,S02,1151,1151,SC-L1,16,680,3,0.0094388999859802,0.001091499987524,315715584,0.8535714285714285,0.8535546172392239,0.3034158156736473,0.941045918367347,1.0,1.0,1.0,0,0.0,,,23.251527100015664,,4.0,0.9,80,0,3.0,3.0,0.3183192489960481,0.0200019130336347,0.3383211620296829,1.0
S02,S02,1151,1151,SC-SHIL,16,680,3,0.0058085999917238,0.0010033999860752,281903104,0.8535714285714285,0.8535546172392239,0.3034158156736473,0.941045918367347,1.0,1.0,1.0,0,0.0,,,22.07540780000272,,4.0,0.9,80,0,3.0,3.0,0.3183192489960481,0.0200019130336347,0.3383211620296829,1.0
S02,S02,1171,1171,L1-full,16,680,60,0.0064140999747905,0.0010344000183977,198533120,0.7982142857142858,0.7981827517692497,0.4113077491967588,0.901109693877551,0.05,1.0,0.0952380952380952,57,0.95,,,0.671737700002268,0.05,,,5,0,,,,,,0.08959176194954298
S02,S02,1171,1171,L1-top8,16,680,8,0.0051107000035699,0.0004277999978512,198549504,0.8178571428571428,0.8178478493800705,0.3578791698058834,0.9152933673469388,0.375,1.0,0.5454545454545454,5,0.625,,,0.671737700002268,0.05,8.0,,5,0,,,,,,0.24216524216524218
S02,S02,1171,1171,L1-match,16,680,3,0.0039171999960672,0.0002739999908953,198553600,0.8303571428571429,0.8303306320183956,0.3440602082096198,0.9212372448979592,1.0,1.0,1.0,0,0.0,,,0.671737700002268,0.05,3.0,,5,0,,,,,,1.0
S02,S02,1171,1171,SHIL-k8,16,680,8,0.0034944999788422,0.0004642000130843,198557696,0.8303571428571429,0.8303306320183956,0.3468478845989345,0.919158163265306,0.375,1.0,0.5454545454545454,5,0.625,,,0.5942005999968387,,8.0,,1,0,,,,,,0.24216524216524218
S02,S02,1171,1171,SC-L1,16,680,3,0.0043182000226806,0.0004122000245843,253554688,0.8303571428571429,0.8303306320183956,0.3440602082096198,0.9212372448979592,1.0,1.0,1.0,0,0.0,,,14.590169900038743,,4.0,0.9,80,0,3.0,3.0,0.2719857788379033,0.017015096673387,0.2890008755112904,1.0
S02,S02,1171,1171,SC-SHIL,16,680,3,0.0050785999919753,0.0004790999810211,219791360,0.8303571428571429,0.8303306320183956,0.3440602082096198,0.9212372448979592,1.0,1.0,1.0,0,0.0,,,20.51652649999596,,4.0,0.9,80,0,3.0,3.0,0.2719857788379033,0.017015096673387,0.2890008755112904,1.0
S02,S02,1181,1181,L1-full,16,680,59,0.0102294000098481,0.0006624000088777,201072640,0.8125,0.8124946187868911,0.3782720867146199,0.9128826530612244,0.0508474576271186,1.0,0.0967741935483871,56,0.9491525423728814,,,0.6773662000196055,0.05,,,5,0,,,,,,0.07773005454433253
S02,S02,1181,1181,L1-top8,16,680,8,0.0030956999980844,0.0002375999756623,201089024,0.8303571428571429,0.8303566019024295,0.3245605474282192,0.9300127551020408,0.375,1.0,0.5454545454545454,5,0.625,,,0.6773662000196055,0.05,8.0,,5,0,,,,,,0.23076923076923078
S02,S02,1181,1181,L1-match,16,680,3,0.0036844999995082,0.0003358999965712,201101312,0.8392857142857143,0.8392775141588857,0.3068660105835862,0.9375255102040816,1.0,1.0,1.0,0,0.0,,,0.6773662000196055,0.05,3.0,,5,0,,,,,,1.0
S02,S02,1181,1181,SHIL-k8,16,680,8,0.0039114000101108,0.0003826000029221,201113600,0.8357142857142857,0.8357142857142857,0.308135298129447,0.9365051020408164,0.375,1.0,0.5454545454545454,5,0.625,,,0.5460672999906819,,8.0,,1,0,,,,,,0.24216524216524216
S02,S02,1181,1181,SC-L1,16,680,3,0.0044597999949473,0.0003111999831162,256122880,0.8392857142857143,0.8392775141588857,0.3068660105835862,0.9375255102040816,1.0,1.0,1.0,0,0.0,,,14.80970830001752,,4.0,0.9,80,0,3.0,3.0,0.3150671681360096,0.0193871538993903,0.3344543220354,1.0
S02,S02,1181,1181,SC-SHIL,16,680,3,0.0046237000206019,0.0003345000150147,222330880,0.8392857142857143,0.8392775141588857,0.3068660105835862,0.9375255102040816,1.0,1.0,1.0,0,0.0,,,19.571677099971566,,4.0,0.9,80,0,3.0,3.0,0.3150671681360096,0.0193871538993903,0.3344543220354,1.0
S02,S02,1201,1201,L1-full,16,680,57,0.0065178000077139,0.0007714999956078,203644928,0.8303571428571429,0.8302656725084627,0.3498771132940614,0.9251913265306122,0.0526315789473684,1.0,0.1,54,0.9473684210526316,,,0.5593150000204332,0.05,,,5,0,,,,,,0.07732109269755348
S02,S02,1201,1201,L1-top8,16,680,8,0.0036640999896917,0.0004246000025887,203653120,0.8410714285714286,0.8408476205378099,0.3144099630740091,0.9351275510204082,0.375,1.0,0.5454545454545454,5,0.625,,,0.5593150000204332,0.05,8.0,,5,0,,,,,,0.23076923076923078
S02,S02,1201,1201,L1-match,16,680,3,0.0048875999927986,0.0003523000050336,203661312,0.8357142857142857,0.8355044699872286,0.3098759891358634,0.9374107142857142,1.0,1.0,1.0,0,0.0,,,0.5593150000204332,0.05,3.0,,5,0,,,,,,1.0
S02,S02,1201,1201,SHIL-k8,16,680,8,0.0040232999890577,0.0002764000091701,203669504,0.8375,0.8373833266852813,0.3110177670855779,0.9361352040816326,0.375,1.0,0.5454545454545454,5,0.625,,,0.4729439000075217,,8.0,,1,0,,,,,,0.24216524216524216
S02,S02,1201,1201,SC-L1,16,680,3,0.0038830999983474,0.0002536000101827,258670592,0.8357142857142857,0.8355044699872286,0.3098759891358634,0.9374107142857142,1.0,1.0,1.0,0,0.0,,,15.801113900000928,,4.0,0.9,80,0,3.0,3.0,0.280299519695493,0.0188479022284626,0.2991474219239557,1.0
S02,S02,1201,1201,SC-SHIL,16,680,3,0.0040996999887283,0.0002688000095076,224849920,0.8357142857142857,0.8355044699872286,0.3098759891358634,0.9374107142857142,1.0,1.0,1.0,0,0.0,,,22.47784480001428,,4.0,0.9,80,0,3.0,3.0,0.280299519695493,0.0188479022284626,0.2991474219239557,1.0
S02,S02,1213,1213,L1-full,16,680,55,0.0093421000055968,0.0009432999941054,203403264,0.8339285714285715,0.8339280418623785,0.3506710495880101,0.925420918367347,0.0545454545454545,1.0,0.1034482758620689,52,0.9454545454545454,,,0.7268777999852318,0.05,,,5,0,,,,,,0.08426705640827283
S02,S02,1213,1213,L1-top8,16,680,8,0.0070855999947525,0.0007409999961964,203419648,0.8428571428571429,0.8428551384583987,0.304483809148927,0.9397959183673468,0.375,1.0,0.5454545454545454,5,0.625,,,0.7268777999852318,0.05,8.0,,5,0,,,,,,0.23076923076923078
S02,S02,1213,1213,L1-match,16,680,3,0.0044152000045869,0.000440100004198,203423744,0.8446428571428571,0.844642361742225,0.2961773212927104,0.9437372448979592,1.0,1.0,1.0,0,0.0,,,0.7268777999852318,0.05,3.0,,5,0,,,,,,1.0
S02,S02,1213,1213,SHIL-k8,16,680,8,0.0051672999979928,0.000413000001572,203427840,0.8339285714285715,0.8339280418623785,0.3043665613926098,0.9399617346938776,0.375,1.0,0.5454545454545454,5,0.625,,,0.6137650999880861,,8.0,,1,0,,,,,,0.23076923076923078
S02,S02,1213,1213,SC-L1,16,680,3,0.0057696000149007,0.0004926999972667,262193152,0.8446428571428571,0.844642361742225,0.2961773212927104,0.9437372448979592,1.0,1.0,1.0,0,0.0,,,21.90101859997958,,4.0,0.9,80,0,3.0,3.0,0.2869781705759154,0.0182312331482763,0.3052094037241917,1.0
S02,S02,1213,1213,SC-SHIL,16,680,3,0.0046389999915845,0.0005499999970197,228384768,0.8446428571428571,0.844642361742225,0.2961773212927104,0.9437372448979592,1.0,1.0,1.0,0,0.0,,,20.69696030000341,,4.0,0.9,80,0,3.0,3.0,0.2869781705759154,0.0182312331482763,0.3052094037241917,1.0
S02,S02,1231,1231,L1-full,16,680,55,0.0070346999855246,0.0006885000038892,205946880,0.8303571428571429,0.8303436179542374,0.3455942019081063,0.9286479591836736,0.0545454545454545,1.0,0.1034482758620689,52,0.9454545454545454,,,0.4777884999930393,0.05,,,5,0,,,,,,0.07448856385341626
S02,S02,1231,1231,L1-top8,16,680,8,0.0033308000129181,0.0003011000226251,205959168,0.8410714285714286,0.841070921782276,0.3135054483760824,0.9361607142857142,0.375,1.0,0.5454545454545454,5,0.625,,,0.4777884999930393,0.05,8.0,,5,0,,,,,,0.23076923076923078
S02,S02,1231,1231,L1-match,16,680,3,0.0033325999975204,0.0002233999839518,205967360,0.8571428571428571,0.8571264558431453,0.3045786921407476,0.9390816326530612,1.0,1.0,1.0,0,0.0,,,0.4777884999930393,0.05,3.0,,5,0,,,,,,1.0
S02,S02,1231,1231,SHIL-k8,16,680,8,0.0034401000011712,0.0002830000012181,205971456,0.8482142857142857,0.8481905654901436,0.3086865507232836,0.937155612244898,0.375,1.0,0.5454545454545454,5,0.625,,,0.3761319000041112,,8.0,,1,0,,,,,,0.24216524216524216
S02,S02,1231,1231,SC-L1,16,680,3,0.0027746999985538,0.0002013999910559,260980736,0.8571428571428571,0.8571264558431453,0.3045786921407476,0.9390816326530612,1.0,1.0,1.0,0,0.0,,,14.038319999992382,,4.0,0.9,80,0,3.0,3.0,0.2905764070876436,0.0181550821661738,0.3087314892538174,1.0
S02,S02,1231,1231,SC-SHIL,16,680,3,0.0029597000102512,0.0002273999853059,227205120,0.8571428571428571,0.8571264558431453,0.3045786921407476,0.9390816326530612,1.0,1.0,1.0,0,0.0,,,36.410822200006805,,4.0,0.9,80,0,3.0,3.0,0.2905764070876436,0.0181550821661738,0.3087314892538174,1.0
S02,S02,1249,1249,L1-full,16,680,48,0.0084037999913562,0.0007770000083837,208519168,0.8589285714285714,0.858892124560234,0.3273780820900869,0.933813775510204,0.0625,1.0,0.1176470588235294,45,0.9375,,,0.4483253000071272,0.05,,,5,0,,,,,,0.0822030590141311
S02,S02,1249,1249,L1-top8,16,680,8,0.0029671000083908,0.0002854999911505,208531456,0.8642857142857143,0.8642424242424243,0.3027253749412709,0.9426530612244898,0.375,1.0,0.5454545454545454,5,0.625,,,0.4483253000071272,0.05,8.0,,5,0,,,,,,0.23076923076923078
S02,S02,1249,1249,L1-match,16,680,3,0.0030834999924991,0.0002153000095859,208539648,0.8696428571428572,0.8695492620662146,0.2870544594489762,0.948954081632653,1.0,1.0,1.0,0,0.0,,,0.4483253000071272,0.05,3.0,,5,0,,,,,,1.0
S02,S02,1249,1249,SHIL-k8,16,680,8,0.0041102999821305,0.0009537999867461,208539648,0.8660714285714286,0.8659992151382601,0.2889157878363809,0.9475892857142858,0.375,1.0,0.5454545454545454,5,0.625,,,0.4542438999924343,,8.0,,1,0,,,,,,0.23076923076923078
S02,S02,1249,1249,SC-L1,16,680,3,0.0039687999815214,0.000564599991776,263536640,0.8696428571428572,0.8695492620662146,0.2870544594489762,0.948954081632653,1.0,1.0,1.0,0,0.0,,,14.023689000023296,,4.0,0.9,80,0,3.0,3.0,0.2968189734070448,0.0187774462226146,0.3155964196296595,1.0
S02,S02,1249,1249,SC-SHIL,16,680,3,0.0053957999916747,0.0006009999779053,229756928,0.8696428571428572,0.8695492620662146,0.2870544594489762,0.948954081632653,1.0,1.0,1.0,0,0.0,,,18.99116880001384,,4.0,0.9,80,0,3.0,3.0,0.2968189734070448,0.0187774462226146,0.3155964196296595,1.0
S02,S02,1277,1277,L1-full,16,680,53,0.007747499999823,0.0009513999975752,211087360,0.8625,0.8624995615419693,0.3009413158672924,0.9436352040816328,0.0566037735849056,1.0,0.1071428571428571,50,0.9433962264150944,,,0.5115437000058591,0.05,,,5,0,,,,,,0.060151343052840325
S02,S02,1277,1277,L1-top8,16,680,8,0.0039052999927662,0.0002797000051941,211099648,0.8607142857142858,0.8607125090881261,0.2725018430947,0.9535969387755104,0.375,1.0,0.5454545454545454,5,0.625,,,0.5115437000058591,0.05,8.0,,5,0,,,,,,0.24216524216524216
S02,S02,1277,1277,L1-match,16,680,3,0.0045035000075586,0.0002345999819226,211107840,0.8696428571428572,0.8696391159185053,0.278544957049355,0.950905612244898,1.0,1.0,1.0,0,0.0,,,0.5115437000058591,0.05,3.0,,5,0,,,,,,1.0
S02,S02,1277,1277,SHIL-k8,16,680,8,0.0044043000089004,0.0003477999998722,211107840,0.8642857142857143,0.8642839832140716,0.2788829018364986,0.9503061224489796,0.375,1.0,0.5454545454545454,5,0.625,,,0.4382833999989088,,8.0,,1,0,,,,,,0.24216524216524216
S02,S02,1277,1277,SC-L1,16,680,3,0.0030667999817524,0.0002175999979954,266174464,0.8696428571428572,0.8696391159185053,0.278544957049355,0.950905612244898,1.0,1.0,1.0,0,0.0,,,16.831592200003797,,4.0,0.9,80,0,3.0,3.0,0.3534911219687888,0.0246128821086561,0.378104004077445,1.0
S02,S02,1277,1277,SC-SHIL,16,680,3,0.0030625000072177,0.0002924999862443,232312832,0.8696428571428572,0.8696391159185053,0.278544957049355,0.950905612244898,1.0,1.0,1.0,0,0.0,,,21.8576849999954,,4.0,0.9,80,0,3.0,3.0,0.3534911219687888,0.0246128821086561,0.378104004077445,1.0
S03,S03,1103,1103,L1-full,16,680,41,0.005519300000742,0.0005397999775595,125440000,0.8875,0.8874996412616112,0.2600179293408942,0.9601913265306122,0.0975609756097561,1.0,0.1777777777777777,37,0.902439024390244,,,0.4992668000049889,0.05,,,5,0,,,,,,0.08649830337118533
S03,S03,1103,1103,L1-top8,16,680,8,0.0037053999840281,0.0004006999952252,125456384,0.9017857142857144,0.9017828955550382,0.2181614217430822,0.9709311224489796,0.5,1.0,0.6666666666666666,4,0.5,,,0.4992668000049889,0.05,8.0,,5,0,,,,,,0.3333333333333333
S03,S03,1103,1103,L1-match,16,680,4,0.0043942999909631,0.0002782999945338,125460480,0.8982142857142857,0.8982061707725425,0.2092870855031355,0.9735204081632652,1.0,1.0,1.0,0,0.0,,,0.4992668000049889,0.05,4.0,,5,0,,,,,,1.0
S03,S03,1103,1103,SHIL-k8,16,680,8,0.0048530000203754,0.0003492999821901,125464576,0.8964285714285715,0.8963955342902712,0.2119906555248098,0.9725382653061224,0.5,1.0,0.6666666666666666,4,0.5,,,0.4198156999773346,,8.0,,1,0,,,,,,0.34680134680134683
S03,S03,1103,1103,SC-L1,16,680,4,0.0035782000049948,0.0003427000192459,268656640,0.8982142857142857,0.8982061707725425,0.2092870855031355,0.9735204081632652,1.0,1.0,1.0,0,0.0,,,15.737884500005748,,4.0,0.9,80,0,4.0,4.0,0.234023125177968,0.0211024722513003,0.2551255974292685,1.0
S03,S03,1103,1103,SC-SHIL,16,680,4,0.00364169999375,0.0002384000108577,234860544,0.8982142857142857,0.8982061707725425,0.2092870855031355,0.9735204081632652,1.0,1.0,1.0,0,0.0,,,18.25184559999616,,4.0,0.9,80,0,4.0,4.0,0.234023125177968,0.0211024722513003,0.2551255974292685,1.0
S03,S03,1129,1129,L1-full,16,680,55,0.007115899992641,0.0006905999907758,128008192,0.8589285714285714,0.8589245227063277,0.304150520677188,0.947091836734694,0.0727272727272727,1.0,0.135593220338983,51,0.9272727272727272,,,0.5688797000038903,0.05,,,5,0,,,,,,0.09082208787516405
S03,S03,1129,1129,L1-top8,16,680,8,0.0034205999982077,0.0004391999973449,128020480,0.8803571428571428,0.8803567613417135,0.2460068792882546,0.9615178571428572,0.5,1.0,0.6666666666666666,4,0.5,,,0.5688797000038903,0.05,8.0,,5,0,,,,,,0.3333333333333333
S03,S03,1129,1129,L1-match,16,680,4,0.0038008999836165,0.0002649000089149,128028672,0.8839285714285714,0.8839282013016623,0.2370052663209353,0.9640561224489796,1.0,1.0,1.0,0,0.0,,,0.5688797000038903,0.05,4.0,,5,0,,,,,,1.0
S03,S03,1129,1129,SHIL-k8,16,680,8,0.0038235000101849,0.0003967999946326,128040960,0.8857142857142857,0.8857142857142857,0.2385191859414363,0.9640561224489796,0.5,1.0,0.6666666666666666,4,0.5,,,0.381847699987702,,8.0,,1,0,,,,,,0.3333333333333333
S03,S03,1129,1129,SC-L1,16,680,4,0.0033111999800894,0.0002736000169534,183037952,0.8839285714285714,0.8839282013016623,0.2370052663209353,0.9640561224489796,1.0,1.0,1.0,0,0.0,,,14.345164800004568,,4.0,0.9,80,0,4.0,4.0,0.2313684354680919,0.0201877754412771,0.2515562109093691,1.0
S03,S03,1129,1129,SC-SHIL,16,680,4,0.0037620000075548,0.0004549000004772,149233664,0.8839285714285714,0.8839282013016623,0.2370052663209353,0.9640561224489796,1.0,1.0,1.0,0,0.0,,,19.33187569997972,,4.0,0.9,80,0,4.0,4.0,0.2313684354680919,0.0201877754412771,0.2515562109093691,1.0
S03,S03,1151,1151,L1-full,16,680,38,0.0053119999938644,0.0010150999878533,131616768,0.8803571428571428,0.880353709130683,0.2609891608293623,0.9591964285714284,0.1052631578947368,1.0,0.1904761904761905,34,0.8947368421052632,,,0.5869519999832846,0.05,,,5,0,,,,,,0.08364717572828688
S03,S03,1151,1151,L1-top8,16,680,8,0.0043328000174369,0.0004563000111375,131637248,0.8803571428571428,0.8803109618188141,0.252051757322368,0.9608035714285714,0.5,1.0,0.6666666666666666,4,0.5,,,0.5869519999832846,0.05,8.0,,5,0,,,,,,0.3333333333333333
S03,S03,1151,1151,L1-match,16,680,4,0.0035898000060115,0.0003661999944597,131637248,0.8928571428571429,0.8928352725045927,0.2399891207223826,0.9647321428571428,1.0,1.0,1.0,0,0.0,,,0.5869519999832846,0.05,4.0,,5,0,,,,,,1.0
S03,S03,1151,1151,SHIL-k8,16,680,8,0.0032243000168818,0.0002939999976661,131649536,0.8928571428571429,0.892822966507177,0.2413799687587956,0.9643239795918368,0.5,1.0,0.6666666666666666,4,0.5,,,0.4290449999971315,,8.0,,1,0,,,,,,0.3602693602693603
S03,S03,1151,1151,SC-L1,16,680,4,0.0033051999926101,0.0003966999938711,186638336,0.8928571428571429,0.8928352725045927,0.2399891207223826,0.9647321428571428,1.0,1.0,1.0,0,0.0,,,16.26278380001895,,4.0,0.9,80,0,4.0,4.0,0.2443348389574257,0.0181283484980089,0.2624631874554347,1.0
S03,S03,1151,1151,SC-SHIL,16,680,4,0.0041328000079374,0.000279900006717,152829952,0.8928571428571429,0.8928352725045927,0.2399891207223826,0.9647321428571428,1.0,1.0,1.0,0,0.0,,,21.738550299982307,,4.0,0.9,80,0,4.0,4.0,0.2443348389574257,0.0181283484980089,0.2624631874554347,1.0
S03,S03,1171,1171,L1-full,16,680,40,0.0047214000078383,0.0008222999749705,134213632,0.8625,0.8624995615419693,0.2800121931076117,0.9537372448979592,0.1,1.0,0.1818181818181818,36,0.9,,,0.40520170002128,0.05,,,5,0,,,,,,0.08544409764678695
S03,S03,1171,1171,L1-top8,16,680,8,0.0034273999917786,0.0003875999827869,134230016,0.8732142857142857,0.8732138814218158,0.2496967773912136,0.960127551020408,0.5,1.0,0.6666666666666666,4,0.5,,,0.40520170002128,0.05,8.0,,5,0,,,,,,0.3333333333333333
S03,S03,1171,1171,L1-match,16,680,4,0.003237099997932,0.0003276000206824,134242304,0.8785714285714286,0.8785466421718718,0.2453862216887799,0.9621428571428572,1.0,1.0,1.0,0,0.0,,,0.40520170002128,0.05,4.0,,5,0,,,,,,1.0
S03,S03,1171,1171,SHIL-k8,16,680,8,0.004631200019503,0.000375499977963,134246400,0.8857142857142857,0.8856778309409888,0.2425346779897744,0.9634438775510203,0.5,1.0,0.6666666666666666,4,0.5,,,0.3908414000179618,,8.0,,1,0,,,,,,0.34680134680134683
S03,S03,1171,1171,SC-L1,16,680,4,0.0035537999938242,0.0002589999930933,189222912,0.8785714285714286,0.8785466421718718,0.2453862216887799,0.9621428571428572,1.0,1.0,1.0,0,0.0,,,15.348857200006025,,4.0,0.9,80,0,4.0,4.0,0.2489953199515487,0.019042421532496,0.2680377414840447,1.0
S03,S03,1171,1171,SC-SHIL,16,680,4,0.0030242999782785,0.0002315000165253,155410432,0.8785714285714286,0.8785466421718718,0.2453862216887799,0.9621428571428572,1.0,1.0,1.0,0,0.0,,,25.79998899999191,,4.0,0.9,80,0,4.0,4.0,0.2489953199515487,0.019042421532496,0.2680377414840447,1.0
S03,S03,1181,1181,L1-full,16,680,308,0.0208621999772731,0.0038344000058714,136871936,0.8607142857142858,0.8605363984674329,0.4870789300247813,0.9312627551020408,0.0129870129870129,1.0,0.0256410256410256,304,0.987012987012987,,,0.4582587000040803,0.25,,,5,0,,,,,,0.07090544626693042
S03,S03,1181,1181,L1-top8,16,680,8,0.0038368999958038,0.0002892999909818,136986624,0.8910714285714286,0.8910293831484725,0.2328139694949646,0.9675255102040816,0.5,1.0,0.6666666666666666,4,0.5,,,0.4582587000040803,0.25,8.0,,5,0,,,,,,0.3333333333333333
S03,S03,1181,1181,L1-match,16,680,4,0.0027121999883092,0.0002665999927558,136998912,0.8892857142857142,0.8892164745823282,0.2297654020093715,0.9680739795918368,1.0,1.0,1.0,0,0.0,,,0.4582587000040803,0.25,4.0,,5,0,,,,,,1.0
S03,S03,1181,1181,SHIL-k8,16,680,8,0.0035823000071104,0.0002686000079847,137003008,0.8875,0.8874192261667332,0.2316695767536676,0.9673341836734692,0.5,1.0,0.6666666666666666,4,0.5,,,0.421603100025095,,8.0,,1,0,,,,,,0.3333333333333333
S03,S03,1181,1181,SC-L1,16,680,4,0.0034480999747756,0.0002267000090796,191877120,0.8892857142857142,0.8892164745823282,0.2297654020093715,0.9680739795918368,1.0,1.0,1.0,0,0.0,,,13.377630600007253,,4.0,0.9,80,0,4.0,4.0,0.2361781798438972,0.0190624584983257,0.255240638342223,1.0
S03,S03,1181,1181,SC-SHIL,16,680,4,0.0030131000094115,0.0002570999786257,158068736,0.8892857142857142,0.8892164745823282,0.2297654020093715,0.9680739795918368,1.0,1.0,1.0,0,0.0,,,19.241352200013356,,4.0,0.9,80,0,4.0,4.0,0.2361781798438972,0.0190624584983257,0.255240638342223,1.0
S03,S03,1201,1201,L1-full,16,680,29,0.0069559999974444,0.0010451999842189,139632640,0.8625,0.8624469262693832,0.2934685501410247,0.9480357142857142,0.1379310344827586,1.0,0.2424242424242424,25,0.8620689655172413,,,0.8339823000133038,0.05,,,5,0,,,,,,0.0796168661088016
S03,S03,1201,1201,L1-top8,16,680,8,0.0055290999880526,0.0006123000057414,139640832,0.8625,0.8624890377102766,0.2659685359481802,0.9553188775510204,0.5,1.0,0.6666666666666666,4,0.5,,,0.8339823000133038,0.05,8.0,,5,0,,,,,,0.3333333333333333
S03,S03,1201,1201,L1-match,16,680,4,0.0050186999724246,0.0005513000069186,139649024,0.8660714285714286,0.8660504989618913,0.2608537011341182,0.9562627551020408,1.0,1.0,1.0,0,0.0,,,0.8339823000133038,0.05,4.0,,5,0,,,,,,1.0
S03,S03,1201,1201,SHIL-k8,16,680,8,0.0047899000055622,0.0004236999957356,139653120,0.8732142857142857,0.8732106469892311,0.261147982343717,0.9567984693877551,0.5,1.0,0.6666666666666666,4,0.5,,,0.6134391000086907,,8.0,,1,0,,,,,,0.3333333333333333
S03,S03,1201,1201,SC-L1,16,680,4,0.0045090999919921,0.0005567999905906,194662400,0.8660714285714286,0.8660504989618913,0.2608537011341182,0.9562627551020408,1.0,1.0,1.0,0,0.0,,,16.606742799980566,,4.0,0.9,80,0,4.0,4.0,0.2154848103006653,0.020061889418257,0.2355466997189224,1.0
S03,S03,1201,1201,SC-SHIL,16,680,4,0.0061110999959055,0.0004838999884668,160890880,0.8660714285714286,0.8660504989618913,0.2608537011341182,0.9562627551020408,1.0,1.0,1.0,0,0.0,,,22.51323039998533,,4.0,0.9,80,0,4.0,4.0,0.2154848103006653,0.020061889418257,0.2355466997189224,1.0
S03,S03,1213,1213,L1-full,16,680,41,0.0060452999896369,0.0006020000146236,142172160,0.8821428571428571,0.8821293260705948,0.2475628458287761,0.9630612244897958,0.0975609756097561,1.0,0.1777777777777777,37,0.902439024390244,,,0.3604425999801606,0.05,,,5,0,,,,,,0.08815353985231841
S03,S03,1213,1213,L1-top8,16,680,8,0.0048227999941445,0.0003402000002097,142188544,0.8964285714285715,0.8963637988028232,0.2291463007270356,0.9679081632653062,0.5,1.0,0.6666666666666666,4,0.5,,,0.3604425999801606,0.05,8.0,,5,0,,,,,,0.3333333333333333
S03,S03,1213,1213,L1-match,16,680,4,0.003708700009156,0.000333000003593,142196736,0.8946428571428572,0.894615637329795,0.2277847061875309,0.9678698979591835,1.0,1.0,1.0,0,0.0,,,0.3604425999801606,0.05,4.0,,5,0,,,,,,1.0
S03,S03,1213,1213,SHIL-k8,16,680,8,0.003808499983279,0.0002853000187315,142200832,0.8928571428571429,0.8928352725045927,0.2279632907106374,0.9682015306122448,0.5,1.0,0.6666666666666666,4,0.5,,,0.438636899983976,,8.0,,1,0,,,,,,0.3333333333333333
S03,S03,1213,1213,SC-L1,16,680,4,0.0037786000175401,0.0003565999795682,197259264,0.8946428571428572,0.894615637329795,0.2277847061875309,0.9678698979591835,1.0,1.0,1.0,0,0.0,,,14.288214000000153,,4.0,0.9,80,0,4.0,4.0,0.2090984640839547,0.0162412187296758,0.2253396828136305,1.0
S03,S03,1213,1213,SC-SHIL,16,680,4,0.0040052999975159,0.0002666999935172,163446784,0.8946428571428572,0.894615637329795,0.2277847061875309,0.9678698979591835,1.0,1.0,1.0,0,0.0,,,22.725021899997955,,4.0,0.9,80,0,4.0,4.0,0.2090984640839547,0.0162412187296758,0.2253396828136305,1.0
S03,S03,1231,1231,L1-full,16,680,38,0.0064825000008568,0.0005400000081863,144777216,0.9053571428571427,0.9053568410613556,0.2327442298809573,0.9676275510204082,0.1052631578947368,1.0,0.1904761904761905,34,0.8947368421052632,,,0.4872291999927256,0.05,,,5,0,,,,,,0.08115324209152665
S03,S03,1231,1231,L1-top8,16,680,8,0.0039793000032659,0.0003101000038441,144789504,0.9125,0.9124773937145756,0.2048934377288325,0.9746683673469388,0.5,1.0,0.6666666666666666,4,0.5,,,0.4872291999927256,0.05,8.0,,5,0,,,,,,0.3333333333333333
S03,S03,1231,1231,L1-match,16,680,4,0.003984799986938,0.0002623000182211,144797696,0.9089285714285714,0.90892595769649,0.1987252325698823,0.9768239795918368,1.0,1.0,1.0,0,0.0,,,0.4872291999927256,0.05,4.0,,5,0,,,,,,1.0
S03,S03,1231,1231,SHIL-k8,16,680,8,0.0051779999921564,0.0005553999799303,144801792,0.9071428571428573,0.9071428571428573,0.2006225983655354,0.9763392857142856,0.5,1.0,0.6666666666666666,4,0.5,,,0.413646000000881,,8.0,,1,0,,,,,,0.3333333333333333
S03,S03,1231,1231,SC-L1,16,680,4,0.0061033000238239,0.0003611000138334,199831552,0.9089285714285714,0.90892595769649,0.1987252325698823,0.9768239795918368,1.0,1.0,1.0,0,0.0,,,14.305526700016344,,4.0,0.9,80,0,4.0,4.0,0.2143807477982912,0.0185405143426295,0.2329212621409208,1.0
S03,S03,1231,1231,SC-SHIL,16,680,4,0.0039231000118888,0.0002362999948672,165969920,0.9089285714285714,0.90892595769649,0.1987252325698823,0.9768239795918368,1.0,1.0,1.0,0,0.0,,,19.002772899984848,,4.0,0.9,80,0,4.0,4.0,0.2143807477982912,0.0185405143426295,0.2329212621409208,1.0
S03,S03,1249,1249,L1-full,16,680,31,0.0065276000241283,0.0005714000144507,120012800,0.9125,0.9124997209812532,0.2057538856258689,0.9743622448979592,0.1290322580645161,1.0,0.2285714285714286,27,0.8709677419354839,,,0.5280554000055417,0.05,,,5,0,,,,,,0.09252701881773671
S03,S03,1249,1249,L1-top8,16,680,8,0.0034041999897453,0.0002673999988473,120033280,0.9160714285714284,0.916071160941202,0.1926503099001875,0.9777423469387756,0.5,1.0,0.6666666666666666,4,0.5,,,0.5280554000055417,0.05,8.0,,5,0,,,,,,0.3333333333333333
S03,S03,1249,1249,L1-match,16,680,4,0.0032347000087611,0.0002192999818362,120049664,0.9285714285714286,0.928567784070616,0.1846892826780702,0.9805739795918368,1.0,1.0,1.0,0,0.0,,,0.5280554000055417,0.05,4.0,,5,0,,,,,,1.0
S03,S03,1249,1249,SHIL-k8,16,680,8,0.0036227999953553,0.0002687000087462,120061952,0.9214285714285714,0.9214275692291992,0.1913863972054444,0.9781377551020408,0.5,1.0,0.6666666666666666,4,0.5,,,0.4737897000159137,,8.0,,1,0,,,,,,0.3333333333333333
S03,S03,1249,1249,SC-L1,16,680,4,0.0055102000187616,0.0003015000256709,202465280,0.9285714285714286,0.928567784070616,0.1846892826780702,0.9805739795918368,1.0,1.0,1.0,0,0.0,,,14.289896899979794,,4.0,0.9,80,0,4.0,4.0,0.2331019968562845,0.0212266726538787,0.2543286695101632,1.0
S03,S03,1249,1249,SC-SHIL,16,680,4,0.0037831999943591,0.0002688000095076,168603648,0.9285714285714286,0.928567784070616,0.1846892826780702,0.9805739795918368,1.0,1.0,1.0,0,0.0,,,18.12845859999652,,4.0,0.9,80,0,4.0,4.0,0.2331019968562845,0.0212266726538787,0.2543286695101632,1.0
S03,S03,1277,1277,L1-full,16,680,38,0.0060306999948807,0.0009589999972376,122667008,0.8517857142857143,0.8515769944341373,0.2814956210476108,0.9521173469387756,0.1052631578947368,1.0,0.1904761904761905,34,0.8947368421052632,,,0.4859723999979906,0.05,,,5,0,,,,,,0.07860411460768021
S03,S03,1277,1277,L1-top8,16,680,8,0.0040552999998908,0.000307199981762,122675200,0.8803571428571428,0.8802192574998643,0.2518484009729757,0.960612244897959,0.5,1.0,0.6666666666666666,4,0.5,,,0.4859723999979906,0.05,8.0,,5,0,,,,,,0.3333333333333333
S03,S03,1277,1277,L1-match,16,680,4,0.0033031000057235,0.0003483000036794,122675200,0.8714285714285714,0.8713481640310909,0.2496403305599051,0.9613392857142856,1.0,1.0,1.0,0,0.0,,,0.4859723999979906,0.05,4.0,,5,0,,,,,,1.0
S03,S03,1277,1277,SHIL-k8,16,680,8,0.0036735000030603,0.0003141999768558,122683392,0.8732142857142857,0.8731459236642196,0.2502429082623607,0.960752551020408,0.5,1.0,0.6666666666666666,4,0.5,,,0.4693955999973696,,8.0,,1,0,,,,,,0.3333333333333333
S03,S03,1277,1277,SC-L1,16,680,4,0.002894200006267,0.0002278999891132,177700864,0.8714285714285714,0.8713481640310909,0.2496403305599051,0.9613392857142856,1.0,1.0,1.0,0,0.0,,,18.01410410000244,,4.0,0.9,80,0,4.0,4.0,0.2506344701113214,0.0206338204141866,0.271268290525508,1.0
S03,S03,1277,1277,SC-SHIL,16,680,4,0.0032437999907415,0.0002942999999504,143888384,0.8714285714285714,0.8713481640310909,0.2496403305599051,0.9613392857142856,1.0,1.0,1.0,0,0.0,,,25.7258121999912,,4.0,0.9,80,0,4.0,4.0,0.2506344701113214,0.0206338204141866,0.271268290525508,1.0
S04,S04,1103,1103,L1-full,16,680,137,0.007161299989093,0.0009634000016376,126693376,0.8111111111111111,0.8110877886158785,0.551485497235934,0.888395061728395,0.0291970802919708,1.0,0.0567375886524822,133,0.9708029197080292,,,0.1289467999886255,0.25,,,5,0,,,,,,0.11156043201488187
S04,S04,1103,1103,L1-top8,16,680,8,0.0030459999979939,0.0002308000111952,126738432,0.9055555555555556,0.905412506568576,0.2493763290289894,0.9641975308641976,0.5,1.0,0.6666666666666666,4,0.5,,,0.1289467999886255,0.25,8.0,,5,0,,,,,,0.3501683501683502
S04,S04,1103,1103,L1-match,16,680,4,0.0028218000079505,0.0002049999893642,126758912,0.9166666666666666,0.9166435120866908,0.2440640993782176,0.9665432098765432,1.0,1.0,1.0,0,0.0,,,0.1289467999886255,0.25,4.0,,5,0,,,,,,1.0
S04,S04,1103,1103,SHIL-k8,16,680,8,0.0055904000182636,0.0002527000033296,126763008,0.9055555555555556,0.9054826254826256,0.2431987393000081,0.968641975308642,0.5,1.0,0.6666666666666666,4,0.5,,,0.2150826000142842,,8.0,,1,0,,,,,,0.3333333333333333
S04,S04,1103,1103,SC-L1,16,680,4,0.0033123999892268,0.0002270000113639,142475264,0.9166666666666666,0.9166435120866908,0.2440640993782176,0.9665432098765432,1.0,1.0,1.0,0,0.0,,,4.245144399988931,,4.0,0.9,80,0,4.0,4.0,0.2148916976021687,0.0259554307031025,0.2408471283052713,1.0
S04,S04,1103,1103,SC-SHIL,16,680,4,0.0024136000138241,0.0002861999964807,130363392,0.9166666666666666,0.9166435120866908,0.2440640993782176,0.9665432098765432,1.0,1.0,1.0,0,0.0,,,8.980804800026817,,4.0,0.9,80,0,4.0,4.0,0.2148916976021687,0.0259554307031025,0.2408471283052713,1.0
S04,S04,1129,1129,L1-full,16,680,152,0.0094562000012956,0.0017323000065516,129101824,0.7833333333333333,0.7833266458841321,0.6987758489354715,0.8628395061728394,0.0263157894736842,1.0,0.0512820512820512,148,0.9736842105263158,,,0.106203600007575,0.25,,,5,0,,,,,,0.12016223662011354
S04,S04,1129,1129,L1-top8,16,680,8,0.0028044000209774,0.000420700001996,129146880,0.9055555555555556,0.9054826254826256,0.2365093587888903,0.9661728395061728,0.5,1.0,0.6666666666666666,4,0.5,,,0.106203600007575,0.25,8.0,,5,0,,,,,,0.3501683501683502
S04,S04,1129,1129,L1-match,16,680,4,0.0029807000246364,0.0002400000230409,129159168,0.8944444444444445,0.8944151153098083,0.2182908487816886,0.9727160493827162,1.0,1.0,1.0,0,0.0,,,0.106203600007575,0.25,4.0,,5,0,,,,,,1.0
S04,S04,1129,1129,SHIL-k8,16,680,8,0.0033296000037807,0.0003826000029221,129163264,0.8888888888888888,0.8888751697740461,0.2275816278517619,0.969753086419753,0.5,1.0,0.6666666666666666,4,0.5,,,0.1760525999998208,,8.0,,1,0,,,,,,0.3333333333333333
S04,S04,1129,1129,SC-L1,16,680,4,0.0037700000102631,0.0003739999956451,146092032,0.8944444444444445,0.8944151153098083,0.2182908487816886,0.9727160493827162,1.0,1.0,1.0,0,0.0,,,4.630127200012794,,4.0,0.9,80,0,4.0,4.0,0.2860538213939108,0.0365673207945691,0.32262114218848,1.0
S04,S04,1129,1129,SC-SHIL,16,680,4,0.0031905000214464,0.0004424000217113,134049792,0.8944444444444445,0.8944151153098083,0.2182908487816886,0.9727160493827162,1.0,1.0,1.0,0,0.0,,,9.424679700023262,,4.0,0.8,80,0,4.0,4.0,0.2860538213939108,0.0365673207945691,0.32262114218848,1.0
S04,S04,1151,1151,L1-full,16,680,149,0.0069129000185057,0.002009599993471,131514368,0.8666666666666667,0.8666502037288555,0.4029591270348014,0.9361728395061728,0.0268456375838926,1.0,0.0522875816993464,145,0.9731543624161074,,,0.1069315000204369,0.25,,,5,0,,,,,,0.12112444647323338
S04,S04,1151,1151,L1-top8,16,680,8,0.0033344000112265,0.0003754000063054,131559424,0.9,0.9,0.2199332957463843,0.971358024691358,0.5,1.0,0.6666666666666666,4,0.5,,,0.1069315000204369,0.25,8.0,,5,0,,,,,,0.3501683501683502
S04,S04,1151,1151,L1-match,16,680,4,0.0030656000017188,0.0002654000127222,131567616,0.9277777777777778,0.927757710475132,0.2095658549243239,0.9751851851851852,1.0,1.0,1.0,0,0.0,,,0.1069315000204369,0.25,4.0,,5,0,,,,,,1.0
S04,S04,1151,1151,SHIL-k8,16,680,8,0.0033297999761998,0.0002937999961432,131571712,0.9388888888888888,0.9388416988416988,0.2043796910299189,0.975432098765432,0.5,1.0,0.6666666666666666,4,0.5,,,0.1913096000207588,,8.0,,1,0,,,,,,0.3602693602693603
S04,S04,1151,1151,SC-L1,16,680,4,0.0025525000237394,0.0001836000010371,148516864,0.9277777777777778,0.927757710475132,0.2095658549243238,0.9751851851851852,1.0,1.0,1.0,0,0.0,,,5.0603359999659006,,4.0,0.9,80,0,4.0,4.0,0.2071273779253083,0.0241942544832183,0.2313216324085266,1.0
S04,S04,1151,1151,SC-SHIL,16,680,4,0.0025714999937918,0.0001993999758269,136523776,0.9277777777777778,0.927757710475132,0.2095658549243238,0.9751851851851852,1.0,1.0,1.0,0,0.0,,,9.852040599973408,,4.0,0.9,80,0,4.0,4.0,0.2071273779253083,0.0241942544832183,0.2313216324085266,1.0
S04,S04,1171,1171,L1-full,16,680,130,0.0093610000039916,0.0020715999999083,134090752,0.8166666666666667,0.8166157265907197,0.4559144205066683,0.9061728395061728,0.0307692307692307,1.0,0.0597014925373134,126,0.9692307692307692,,,0.1256116000004112,0.25,,,5,0,,,,,,0.12390906755890208
S04,S04,1171,1171,L1-top8,16,680,8,0.0044720000005327,0.0004408000095281,134131712,0.8666666666666667,0.8666666666666667,0.2320775481831006,0.965432098765432,0.5,1.0,0.6666666666666666,4,0.5,,,0.1256116000004112,0.25,8.0,,5,0,,,,,,0.3367003367003367
S04,S04,1171,1171,L1-match,16,680,4,0.0034529999829828,0.0003410000063013,134144000,0.9,0.9,0.2249514209306031,0.9698765432098766,1.0,1.0,1.0,0,0.0,,,0.1256116000004112,0.25,4.0,,5,0,,,,,,1.0
S04,S04,1171,1171,SHIL-k8,16,680,8,0.0032322000188287,0.0004311999946366,134148096,0.8888888888888888,0.8888888888888888,0.245646357633428,0.9619753086419752,0.5,1.0,0.6666666666666666,4,0.5,,,0.1996021999802906,,8.0,,1,0,,,,,,0.3333333333333333
S04,S04,1171,1171,SC-L1,16,680,4,0.0035313999978825,0.0003428000200074,150978560,0.9,0.9,0.2249514209306031,0.9698765432098766,1.0,1.0,1.0,0,0.0,,,4.955239300004905,,4.0,0.9,80,0,4.0,4.0,0.2379976060431438,0.0299968759627692,0.2679944820059131,1.0
S04,S04,1171,1171,SC-SHIL,16,680,4,0.0064939000003505,0.0009177000029012,138944512,0.9,0.9,0.2249514209306031,0.9698765432098766,1.0,1.0,1.0,0,0.0,,,9.416645100020103,,4.0,0.8,80,0,4.0,4.0,0.2379976060431438,0.0299968759627692,0.2679944820059131,1.0
S04,S04,1181,1181,L1-full,16,680,7,0.0027549999940674,0.0002253999991808,136429568,0.8833333333333333,0.883329732399148,0.227137338085858,0.9681481481481482,0.5714285714285714,1.0,0.7272727272727273,3,0.4285714285714285,,,0.1226503000070806,0.05,,,5,0,,,,,,0.03341866667587509
S04,S04,1181,1181,L1-top8,16,680,7,0.0034523999784141,0.0002194000117015,136433664,0.8833333333333333,0.883329732399148,0.227137338085858,0.9681481481481482,0.5714285714285714,1.0,0.7272727272727273,3,0.4285714285714285,,,0.1226503000070806,0.05,8.0,,5,0,,,,,,0.3787878787878788
S04,S04,1181,1181,L1-match,16,680,4,0.0032135999936144,0.0002510999911464,136429568,0.9055555555555556,0.9055293136982496,0.2243808325399469,0.9691358024691356,1.0,1.0,1.0,0,0.0,,,0.1226503000070806,0.05,4.0,,5,0,,,,,,1.0
S04,S04,1181,1181,SHIL-k8,16,680,8,0.0043214999896008,0.0007299999997485,136433664,0.8833333333333333,0.883300916921367,0.2243766897187109,0.9696296296296296,0.5,1.0,0.6666666666666666,4,0.5,,,0.1702030000160448,,8.0,,1,0,,,,,,0.3333333333333333
S04,S04,1181,1181,SC-L1,16,680,4,0.0047334000119008,0.0004799999878741,153432064,0.9055555555555556,0.9055293136982496,0.2243808325399469,0.9691358024691356,1.0,1.0,1.0,0,0.0,,,4.464771800034214,,4.0,0.9,80,0,4.0,4.0,0.234531980110917,0.0387537066610436,0.2732856867719607,1.0
S04,S04,1181,1181,SC-SHIL,16,680,4,0.0026705000200308,0.0001945000258274,141426688,0.9055555555555556,0.9055293136982496,0.2243808325399469,0.9691358024691356,1.0,1.0,1.0,0,0.0,,,8.811146000021836,,4.0,0.6,80,0,4.0,4.0,0.234531980110917,0.0387537066610436,0.2732856867719607,1.0
S04,S04,1201,1201,L1-full,16,680,124,0.0071034000138752,0.0015526999777648,138792960,0.8277777777777777,0.8277299249791609,0.5461315254947097,0.902962962962963,0.032258064516129,1.0,0.0625,120,0.967741935483871,,,0.1017632000148296,0.25,,,5,0,,,,,,0.11760526736824956
S04,S04,1201,1201,L1-top8,16,680,8,0.0051320000202395,0.0003144999791402,138842112,0.8666666666666667,0.8666502037288555,0.2756458470687025,0.9519753086419752,0.5,1.0,0.6666666666666666,4,0.5,,,0.1017632000148296,0.25,8.0,,5,0,,,,,,0.3367003367003367
S04,S04,1201,1201,L1-match,16,680,4,0.0025831999955698,0.0002112000074703,138850304,0.8944444444444445,0.8944411864563722,0.2392279932239612,0.9653086419753087,1.0,1.0,1.0,0,0.0,,,0.1017632000148296,0.25,4.0,,5,0,,,,,,1.0
S04,S04,1201,1201,SHIL-k8,16,680,8,0.0035579999967012,0.0003281999961473,138858496,0.9,0.9,0.2496887359433822,0.9608641975308644,0.5,1.0,0.6666666666666666,4,0.5,,,0.1798055000253953,,8.0,,1,0,,,,,,0.34680134680134683
S04,S04,1201,1201,SC-L1,16,680,4,0.0029493999900296,0.0002302000066265,155795456,0.8944444444444445,0.8944411864563722,0.2392279932239612,0.9653086419753087,1.0,1.0,1.0,0,0.0,,,5.87857110000914,,4.0,0.9,80,0,4.0,4.0,0.2366540710469261,0.0308632740061722,0.2675173450530983,1.0
S04,S04,1201,1201,SC-SHIL,16,680,4,0.0033391999895684,0.0003165999951306,143798272,0.8944444444444445,0.8944411864563722,0.2392279932239612,0.9653086419753087,1.0,1.0,1.0,0,0.0,,,8.546681700012414,,4.0,0.9,80,0,4.0,4.0,0.2366540710469261,0.0308632740061722,0.2675173450530983,1.0
S04,S04,1213,1213,L1-full,16,680,132,0.0074726000020746,0.0008961000130511,141123584,0.7944444444444444,0.7944380999413563,0.6526573196468738,0.8580246913580246,0.0303030303030303,1.0,0.0588235294117647,128,0.9696969696969696,,,0.1222801000112667,0.25,,,5,0,,,,,,0.12139378031114464
S04,S04,1213,1213,L1-top8,16,680,8,0.0026504999841563,0.0002810999867506,141168640,0.8277777777777777,0.8277724621130282,0.3049254533977623,0.9388888888888888,0.5,1.0,0.6666666666666666,4,0.5,,,0.1222801000112667,0.25,8.0,,5,0,,,,,,0.3501683501683502
S04,S04,1213,1213,L1-match,16,680,4,0.0023185999889392,0.0001723000023048,141180928,0.85,0.8499953702274762,0.2912855437347756,0.9434567901234568,1.0,1.0,1.0,0,0.0,,,0.1222801000112667,0.25,4.0,,5,0,,,,,,1.0
S04,S04,1213,1213,SHIL-k8,16,680,8,0.0022323000011965,0.0001952000020537,141185024,0.8555555555555555,0.85553772070626,0.3071937145076352,0.9402469135802468,0.5,1.0,0.6666666666666666,4,0.5,,,0.1647263999911956,,8.0,,1,0,,,,,,0.3333333333333333
S04,S04,1213,1213,SC-L1,16,680,4,0.0031932999845594,0.0002023999986704,158171136,0.85,0.8499953702274762,0.2912855437347756,0.9434567901234568,1.0,1.0,1.0,0,0.0,,,5.022678000008455,,4.0,0.9,80,0,4.0,4.0,0.2755749976560967,0.0459083181491641,0.3214833158052609,1.0
S04,S04,1213,1213,SC-SHIL,16,680,4,0.0032676999981049,0.0002770999853964,146132992,0.85,0.8499953702274762,0.2912855437347756,0.9434567901234568,1.0,1.0,1.0,0,0.0,,,13.783654500031844,,4.0,0.9,80,0,4.0,4.0,0.2755749976560967,0.0459083181491641,0.3214833158052609,1.0
S04,S04,1231,1231,L1-full,16,680,139,0.0192747999972198,0.0021590999967884,143503360,0.7888888888888889,0.7887845849802371,0.6540501914707175,0.884320987654321,0.0287769784172661,1.0,0.0559440559440559,135,0.9712230215827338,,,0.3210911999922246,0.25,,,5,0,,,,,,0.127802451443874
S04,S04,1231,1231,L1-top8,16,680,8,0.0031139999919105,0.0003063000040128,143552512,0.8777777777777778,0.8777173913043479,0.2520671118261543,0.9616049382716048,0.5,1.0,0.6666666666666666,4,0.5,,,0.3210911999922246,0.25,8.0,,5,0,,,,,,0.3501683501683502
S04,S04,1231,1231,L1-match,16,680,4,0.0036238000029698,0.0003408000047784,143560704,0.8944444444444445,0.8942845661648791,0.2325995869688448,0.9674074074074074,1.0,1.0,1.0,0,0.0,,,0.3210911999922246,0.25,4.0,,5,0,,,,,,1.0
S04,S04,1231,1231,SHIL-k8,16,680,8,0.0071012999978847,0.000750799983507,143564800,0.8944444444444445,0.8944411864563722,0.2323928592807485,0.9675308641975308,0.5,1.0,0.6666666666666666,4,0.5,,,0.3655139000038616,,8.0,,1,0,,,,,,0.34680134680134683
S04,S04,1231,1231,SC-L1,16,680,4,0.0048002999974414,0.0004491999861784,160522240,0.8944444444444445,0.8942845661648791,0.2325995869688448,0.9674074074074074,1.0,1.0,1.0,0,0.0,,,6.371551499993075,,4.0,0.9,80,0,4.0,4.0,0.2739601342196455,0.0369042209436048,0.3108643551632504,1.0
S04,S04,1231,1231,SC-SHIL,16,680,4,0.0094992000085767,0.0011296000157017,148520960,0.8944444444444445,0.8942845661648791,0.2325995869688448,0.9674074074074074,1.0,1.0,1.0,0,0.0,,,11.820468699996129,,4.0,0.8,80,0,4.0,4.0,0.2739601342196455,0.0369042209436048,0.3108643551632504,1.0
S04,S04,1249,1249,L1-full,16,680,137,0.0069153000076767,0.0009309999877586,145891328,0.7777777777777778,0.7776679841897234,0.5766320100185272,0.8846913580246915,0.0291970802919708,1.0,0.0567375886524822,133,0.9708029197080292,,,0.1849079999956302,0.25,,,5,0,,,,,,0.12126016690629315
S04,S04,1249,1249,L1-top8,16,680,8,0.0034132000000681,0.0006055999838281,145928192,0.8444444444444444,0.8443675889328064,0.3164930103639335,0.9341975308641975,0.5,1.0,0.6666666666666666,4,0.5,,,0.1849079999956302,0.25,8.0,,5,0,,,,,,0.3653198653198653
S04,S04,1249,1249,L1-match,16,680,4,0.003270799992606,0.0004290000069886,145936384,0.8611111111111112,0.8610038610038611,0.3090330305044373,0.9380246913580248,1.0,1.0,1.0,0,0.0,,,0.1849079999956302,0.25,4.0,,5,0,,,,,,1.0
S04,S04,1249,1249,SHIL-k8,16,680,8,0.0032574000069871,0.0003286999999545,145940480,0.85,0.8498841698841699,0.3273263614417776,0.9302469135802468,0.5,1.0,0.6666666666666666,4,0.5,,,0.2090287999890279,,8.0,,1,0,,,,,,0.3333333333333333
S04,S04,1249,1249,SC-L1,16,680,4,0.0031309000041801,0.0002203999902121,162889728,0.8611111111111112,0.8610038610038611,0.3090330305044373,0.9380246913580248,1.0,1.0,1.0,0,0.0,,,4.301706400001422,,4.0,0.9,80,0,4.0,4.0,0.2949794576309907,0.0342936103551649,0.3292730679861557,1.0
S04,S04,1249,1249,SC-SHIL,16,680,4,0.0028203999972902,0.0002144000027328,150900736,0.8611111111111112,0.8610038610038611,0.3090330305044373,0.9380246913580248,1.0,1.0,1.0,0,0.0,,,11.626699999993434,,4.0,0.9,80,0,4.0,4.0,0.2949794576309907,0.0342936103551649,0.3292730679861557,1.0
S04,S04,1277,1277,L1-full,16,680,134,0.0054185000190045,0.0011485999857541,148246528,0.8555555555555555,0.8553948832035595,0.5180503574529656,0.909753086419753,0.0298507462686567,1.0,0.0579710144927536,130,0.9701492537313432,,,0.0875764999946113,0.25,,,5,0,,,,,,0.12376187669509589
S04,S04,1277,1277,L1-top8,16,680,8,0.0024804999993648,0.0002112999791279,148287488,0.9111111111111112,0.9110671936758892,0.2273150933880208,0.9692592592592592,0.5,1.0,0.6666666666666666,4,0.5,,,0.0875764999946113,0.25,8.0,,5,0,,,,,,0.3367003367003367
S04,S04,1277,1277,L1-match,16,680,4,0.0024290999863296,0.0001862999924924,148295680,0.9166666666666666,0.9166023166023166,0.1980584937777142,0.9811111111111112,1.0,1.0,1.0,0,0.0,,,0.0875764999946113,0.25,4.0,,5,0,,,,,,1.0
S04,S04,1277,1277,SHIL-k8,16,680,8,0.002538300002925,0.0002247999946121,148303872,0.9055555555555556,0.905412506568576,0.211868087188235,0.974074074074074,0.5,1.0,0.6666666666666666,4,0.5,,,0.1536980000091716,,8.0,,1,0,,,,,,0.3333333333333333
S04,S04,1277,1277,SC-L1,16,680,4,0.0023842999944463,0.0001912000006996,165253120,0.9166666666666666,0.9166023166023166,0.1980584937777142,0.9811111111111112,1.0,1.0,1.0,0,0.0,,,4.12257349997526,,4.0,0.9,80,0,4.0,4.0,0.2639185049560725,0.0378221449910851,0.3000326021547842,1.0
S04,S04,1277,1277,SC-SHIL,16,680,4,0.0031803000019863,0.0002419999800622,153251840,0.9166666666666666,0.9166023166023166,0.1980584937777142,0.9811111111111112,1.0,1.0,1.0,0,0.0,,,7.666352900007041,,4.0,0.8,80,0,4.0,4.0,0.2639185049560725,0.0378221449910851,0.3017406499471577,1.0
S05,S05,1103,1103,L1-full,16,680,113,0.0225150000187568,0.0036850000033155,121688064,0.8808333333333334,0.8808233191816812,0.2536504615381165,0.9614166666666666,0.0353982300884955,1.0,0.0683760683760683,109,0.9646017699115044,,,1.62616290000733,0.05,,,5,0,,,,,,0.11014706417797271
S05,S05,1103,1103,L1-top8,16,680,8,0.0061516000132542,0.0006694000039715,121729024,0.8983333333333333,0.8983194934866134,0.214927512072945,0.9714111111111112,0.5,1.0,0.6666666666666666,4,0.5,,,1.62616290000733,0.05,8.0,,5,0,,,,,,0.3333333333333333
S05,S05,1103,1103,L1-match,16,680,4,0.0048458999954164,0.0003298000083304,121741312,0.8991666666666667,0.8991548313656255,0.2115880384762748,0.9725138888888888,1.0,1.0,1.0,0,0.0,,,1.62616290000733,0.05,4.0,,5,0,,,,,,1.0
S05,S05,1103,1103,SHIL-k8,16,680,8,0.0067025999887846,0.0004322000022511,121741312,0.8991666666666667,0.8991509089961973,0.2114817673714807,0.97255,0.5,1.0,0.6666666666666666,4,0.5,,,4.77544329999364,,8.0,,1,0,,,,,,0.3333333333333333
S05,S05,1103,1103,SC-L1,16,680,4,0.0059990000154357,0.0005644000193569,240693248,0.8991666666666667,0.8991548313656255,0.2115880384762748,0.9725138888888888,1.0,1.0,1.0,0,0.0,,,44.43231879998348,,4.0,0.9,80,0,4.0,4.0,0.2394124272102932,0.0132058046675454,0.2526182318778386,1.0
S05,S05,1103,1103,SC-SHIL,16,680,4,0.005839499994181,0.0004439000040292,198737920,0.8991666666666667,0.8991548313656255,0.2115880384762748,0.9725138888888888,1.0,1.0,1.0,0,0.0,,,76.55243550002342,,4.0,0.9,80,0,4.0,4.0,0.2394124272102932,0.0132058046675454,0.2526182318778386,1.0
S05,S05,1129,1129,L1-full,16,680,115,0.0260678000049665,0.0055974000133574,124768256,0.8741666666666666,0.8741595881434998,0.2767611575457668,0.9559,0.0347826086956521,1.0,0.0672268907563025,111,0.9652173913043478,,,1.54786689998582,0.05,,,5,0,,,,,,0.11947287534734424
S05,S05,1129,1129,L1-top8,16,680,8,0.0100699000176973,0.0005027999868616,124792832,0.8941666666666667,0.894150127624108,0.2293051344344024,0.9671972222222224,0.5,1.0,0.6666666666666666,4,0.5,,,1.54786689998582,0.05,8.0,,5,0,,,,,,0.3333333333333333
S05,S05,1129,1129,L1-match,16,680,4,0.0054445000132545,0.0005770999996457,124792832,0.8958333333333334,0.8958124234655427,0.2245046290272508,0.9685416666666666,1.0,1.0,1.0,0,0.0,,,1.54786689998582,0.05,4.0,,5,0,,,,,,1.0
S05,S05,1129,1129,SHIL-k8,16,680,8,0.0080051999830175,0.0004955999902449,124796928,0.8941666666666667,0.8941342452792834,0.2268762930905428,0.9680833333333334,0.5,1.0,0.6666666666666666,4,0.5,,,5.588102699985029,,8.0,,1,0,,,,,,0.34680134680134683
S05,S05,1129,1129,SC-L1,16,680,4,0.0059748999774456,0.0005553000082727,243814400,0.8958333333333334,0.8958124234655427,0.2245046290272508,0.9685416666666666,1.0,1.0,1.0,0,0.0,,,41.72976949997246,,4.0,0.9,80,0,4.0,4.0,0.2207955305624299,0.0125282499898154,0.2333237805522453,1.0
S05,S05,1129,1129,SC-SHIL,16,680,4,0.0061620000051334,0.0005879999953322,172597248,0.8958333333333334,0.8958124234655427,0.2245046290272508,0.9685416666666666,1.0,1.0,1.0,0,0.0,,,71.26270289998502,,4.0,0.9,80,0,4.0,4.0,0.2207955305624299,0.0125282499898154,0.2333237805522453,1.0
S05,S05,1151,1151,L1-full,16,680,101,0.0267787000047974,0.0038201999850571,127807488,0.8883333333333333,0.8882886487928505,0.2542414227050489,0.9620944444444444,0.0396039603960396,1.0,0.0761904761904761,97,0.9603960396039604,,,1.8060724000097248,0.05,,,5,0,,,,,,0.09706357033555572
S05,S05,1151,1151,L1-top8,16,680,8,0.0058489999792072,0.0004382000188343,127840256,0.9058333333333334,0.9057924446374296,0.2140231673012382,0.9724583333333332,0.5,1.0,0.6666666666666666,4,0.5,,,1.8060724000097248,0.05,8.0,,5,0,,,,,,0.3333333333333333
S05,S05,1151,1151,L1-match,16,680,4,0.0057856000203173,0.000458599999547,127852544,0.91,0.9099509733076896,0.2096487980089815,0.9738694444444446,1.0,1.0,1.0,0,0.0,,,1.8060724000097248,0.05,4.0,,5,0,,,,,,1.0
S05,S05,1151,1151,SHIL-k8,16,680,8,0.0045531000068876,0.0003814999945461,127860736,0.9125,0.912467844089947,0.2135433606106301,0.9727888888888888,0.5,1.0,0.6666666666666666,4,0.5,,,5.952701599977445,,8.0,,1,0,,,,,,0.3333333333333333
S05,S05,1151,1151,SC-L1,16,680,4,0.0074313000077381,0.0004745000042021,246861824,0.91,0.9099509733076896,0.2096487980089815,0.9738694444444446,1.0,1.0,1.0,0,0.0,,,42.10052470001392,,4.0,0.9,80,0,4.0,4.0,0.2312268602645229,0.0128380709304915,0.2440649311950145,1.0
S05,S05,1151,1151,SC-SHIL,16,680,4,0.0056953000021167,0.0003487000067252,175689728,0.91,0.9099509733076896,0.2096487980089815,0.9738694444444446,1.0,1.0,1.0,0,0.0,,,71.54292300000088,,4.0,0.9,80,0,4.0,4.0,0.2312268602645229,0.0128380709304915,0.2440649311950145,1.0
S05,S05,1171,1171,L1-full,16,680,113,0.0167129000183194,0.0033516999974381,116060160,0.8875,0.8874824191279886,0.2741065338629009,0.9588305555555556,0.0353982300884955,1.0,0.0683760683760683,109,0.9646017699115044,,,1.9499279000156091,0.05,,,5,0,,,,,,0.10302162269238545
S05,S05,1171,1171,L1-top8,16,680,8,0.0049254999903496,0.000333900010446,116133888,0.8908333333333334,0.8908314380457995,0.2357273776724393,0.9658166666666668,0.5,1.0,0.6666666666666666,4,0.5,,,1.9499279000156091,0.05,8.0,,5,0,,,,,,0.34680134680134683
S05,S05,1171,1171,L1-match,16,680,4,0.0042262999922968,0.0004176000074949,116146176,0.8991666666666667,0.8991609944726058,0.2277387121555761,0.967925,1.0,1.0,1.0,0,0.0,,,1.9499279000156091,0.05,4.0,,5,0,,,,,,1.0
S05,S05,1171,1171,SHIL-k8,16,680,8,0.0044425000087358,0.0003984999784734,116150272,0.8975,0.8974913864289986,0.2297148167333389,0.9675083333333332,0.5,1.0,0.6666666666666666,4,0.5,,,5.729717899987008,,8.0,,1,0,,,,,,0.34680134680134683
S05,S05,1171,1171,SC-L1,16,680,4,0.0042997999989893,0.0004288999771233,235159552,0.8991666666666667,0.8991609944726058,0.2277387121555761,0.967925,1.0,1.0,1.0,0,0.0,,,41.54194819997065,,4.0,0.9,80,0,4.0,4.0,0.2112703576721566,0.0119092424999485,0.2231796001721052,1.0
S05,S05,1171,1171,SC-SHIL,16,680,4,0.0043044000049121,0.0004045999958179,178860032,0.8991666666666667,0.8991609944726058,0.2277387121555761,0.967925,1.0,1.0,1.0,0,0.0,,,64.06447730000946,,4.0,0.9,80,0,4.0,4.0,0.2112703576721566,0.0119092424999485,0.2231796001721052,1.0
S05,S05,1181,1181,L1-full,16,680,108,0.0198205000197049,0.0025745999882929,119214080,0.8791666666666667,0.8791625548369354,0.2714110384945489,0.9567027777777778,0.037037037037037,1.0,0.0714285714285714,104,0.9629629629629628,,,1.487109799985774,0.05,,,5,0,,,,,,0.11219765215788143
S05,S05,1181,1181,L1-top8,16,680,8,0.0056002000055741,0.0006264999974519,119250944,0.8908333333333334,0.890829618507852,0.2451152766490107,0.9627111111111112,0.5,1.0,0.6666666666666666,4,0.5,,,1.487109799985774,0.05,8.0,,5,0,,,,,,0.3333333333333333
S05,S05,1181,1181,L1-match,16,680,4,0.0063617999840062,0.0003909000079147,119263232,0.8883333333333333,0.8883283701497844,0.2382467140821192,0.964486111111111,1.0,1.0,1.0,0,0.0,,,1.487109799985774,0.05,4.0,,5,0,,,,,,1.0
S05,S05,1181,1181,SHIL-k8,16,680,8,0.0050901999929919,0.0003573000140022,119275520,0.8875,0.8874992968706055,0.2372661355825359,0.9649472222222224,0.5,1.0,0.6666666666666666,4,0.5,,,5.058718499989482,,8.0,,1,0,,,,,,0.34680134680134683
S05,S05,1181,1181,SC-L1,16,680,4,0.0043968000099994,0.0003501999890431,238280704,0.8883333333333333,0.8883283701497844,0.2382467140821192,0.964486111111111,1.0,1.0,1.0,0,0.0,,,43.23697329999413,,4.0,0.9,80,0,4.0,4.0,0.2539978782542672,0.0152969594846786,0.2692948377389458,1.0
S05,S05,1181,1181,SC-SHIL,16,680,4,0.0052031000086572,0.0003226000117138,167079936,0.8883333333333333,0.8883283701497844,0.2382467140821192,0.964486111111111,1.0,1.0,1.0,0,0.0,,,69.7950453000085,,4.0,0.9,80,0,4.0,4.0,0.2539978782542672,0.0152969594846786,0.2692948377389458,1.0
S05,S05,1201,1201,L1-full,16,680,116,0.0184690000023692,0.0022924999939277,113520640,0.8866666666666667,0.8866663518509774,0.2621756465969173,0.9612083333333332,0.0344827586206896,1.0,0.0666666666666666,112,0.9655172413793104,,,1.5924970000050962,0.05,,,5,0,,,,,,0.11568195284552218
S05,S05,1201,1201,L1-top8,16,680,8,0.0051875000062864,0.0004804000200238,113557504,0.8933333333333333,0.8933321481349792,0.2198666296912514,0.9700555555555556,0.5,1.0,0.6666666666666666,4,0.5,,,1.5924970000050962,0.05,8.0,,5,0,,,,,,0.34680134680134683
S05,S05,1201,1201,L1-match,16,680,4,0.0055272000026889,0.0003117000160273,113569792,0.8958333333333334,0.8958326822875976,0.2161819460989972,0.971052777777778,1.0,1.0,1.0,0,0.0,,,1.5924970000050962,0.05,4.0,,5,0,,,,,,1.0
S05,S05,1201,1201,SHIL-k8,16,680,8,0.0065168000000994,0.0005169999785721,113577984,0.8966666666666666,0.8966663796288323,0.217335340980548,0.970588888888889,0.5,1.0,0.6666666666666666,4,0.5,,,4.953167300001951,,8.0,,1,0,,,,,,0.3333333333333333
S05,S05,1201,1201,SC-L1,16,680,4,0.0049323000130243,0.0003120000183116,232636416,0.8958333333333334,0.8958326822875976,0.2161819460989972,0.971052777777778,1.0,1.0,1.0,0,0.0,,,43.9438713999989,,4.0,0.9,80,0,4.0,4.0,0.194972231442795,0.0114883400373309,0.2064605714801259,1.0
S05,S05,1201,1201,SC-SHIL,16,680,4,0.0046871999802533,0.0004161999968346,170221568,0.8958333333333334,0.8958326822875976,0.2161819460989972,0.971052777777778,1.0,1.0,1.0,0,0.0,,,80.22958610000205,,4.0,0.9,80,0,4.0,4.0,0.194972231442795,0.0114883400373309,0.2064605714801259,1.0
S05,S05,1213,1213,L1-full,16,680,107,0.0155929000175092,0.0031623000104445,117673984,0.8775,0.8774999149304965,0.2714668372615768,0.9575777777777776,0.0373831775700934,1.0,0.072072072072072,103,0.9626168224299064,,,2.242783399997279,0.05,,,5,0,,,,,,0.1073622881271362
S05,S05,1213,1213,L1-top8,16,680,8,0.0045229000097606,0.0004807999939657,117727232,0.8875,0.8874774173427862,0.233090727780501,0.9661861111111112,0.5,1.0,0.6666666666666666,4,0.5,,,2.242783399997279,0.05,8.0,,5,0,,,,,,0.3333333333333333
S05,S05,1213,1213,L1-match,16,680,4,0.0049785000155679,0.0004181000113021,117735424,0.8941666666666667,0.8941607132067846,0.2308423250753487,0.9669111111111112,1.0,1.0,1.0,0,0.0,,,2.242783399997279,0.05,4.0,,5,0,,,,,,1.0
S05,S05,1213,1213,SHIL-k8,16,680,8,0.0049152999999932,0.0005966000026091,117743616,0.8908333333333334,0.8908241595300717,0.2318634894551259,0.9665166666666668,0.5,1.0,0.6666666666666666,4,0.5,,,5.1864682000014,,8.0,,1,0,,,,,,0.34680134680134683
S05,S05,1213,1213,SC-L1,16,680,4,0.0041482000087853,0.0003037999849766,235732992,0.8941666666666667,0.8941607132067846,0.2308423250753487,0.9669111111111112,1.0,1.0,1.0,0,0.0,,,49.27406199998222,,4.0,0.9,80,0,4.0,4.0,0.2427980485154179,0.0145120946129727,0.2573101431283907,1.0
S05,S05,1213,1213,SC-SHIL,16,680,4,0.0041417999891564,0.0003289000014774,164487168,0.8941666666666667,0.8941607132067846,0.2308423250753487,0.9669111111111112,1.0,1.0,1.0,0,0.0,,,47.11525089998031,,4.0,0.9,80,0,4.0,4.0,0.2427980485154179,0.0145120946129727,0.2573101431283907,1.0
S05,S05,1231,1231,L1-full,16,680,132,0.0209872999985236,0.0043662000098265,120860672,0.88,0.8799346310769196,0.2705136079278062,0.9582138888888888,0.0303030303030303,1.0,0.0588235294117647,128,0.9696969696969696,,,1.49066139999195,0.05,,,5,0,,,,,,0.11161068689025136
S05,S05,1231,1231,L1-top8,16,680,8,0.0060586999752558,0.0004114000184927,120897536,0.8991666666666667,0.8991357769983724,0.2207053617706372,0.9702222222222222,0.5,1.0,0.6666666666666666,4,0.5,,,1.49066139999195,0.05,8.0,,5,0,,,,,,0.3333333333333333
S05,S05,1231,1231,L1-match,16,680,4,0.0049831000214908,0.0003987999807577,120905728,0.895,0.8949763696831787,0.2207348248296487,0.9704833333333333,1.0,1.0,1.0,0,0.0,,,1.49066139999195,0.05,4.0,,5,0,,,,,,1.0
S05,S05,1231,1231,SHIL-k8,16,680,8,0.0065819000010378,0.000757900008466,120913920,0.8941666666666667,0.8941277733278405,0.224624625017454,0.9693694444444444,0.5,1.0,0.6666666666666666,4,0.5,,,5.742200799984857,,8.0,,1,0,,,,,,0.3333333333333333
S05,S05,1231,1231,SC-L1,16,680,4,0.0053362000035122,0.0006088000081945,239919104,0.895,0.8949763696831787,0.2207348248296487,0.9704833333333333,1.0,1.0,1.0,0,0.0,,,44.95274750000681,,4.0,0.9,80,0,4.0,4.0,0.2343973224141538,0.0130206152229234,0.2474179376370773,1.0
S05,S05,1231,1231,SC-SHIL,16,680,4,0.0071027999802026,0.0004369000089354,168701952,0.895,0.8949763696831787,0.2207348248296487,0.9704833333333333,1.0,1.0,1.0,0,0.0,,,78.44582290001563,,4.0,0.9,80,0,4.0,4.0,0.2343973224141538,0.0130206152229234,0.2474179376370773,1.0
S05,S05,1249,1249,L1-full,16,680,111,0.0276787000184413,0.0050142999971285,112676864,0.8833333333333333,0.8833125889046942,0.256444084850854,0.9596972222222222,0.036036036036036,1.0,0.0695652173913043,107,0.963963963963964,,,1.867324999999255,0.05,,,5,0,,,,,,0.11722634065023074
S05,S05,1249,1249,L1-top8,16,680,8,0.0089093999995384,0.0008794000023044,112709632,0.89,0.8899923605805958,0.2369706201883571,0.9653361111111112,0.5,1.0,0.6666666666666666,4,0.5,,,1.867324999999255,0.05,8.0,,5,0,,,,,,0.3333333333333333
S05,S05,1249,1249,L1-match,16,680,4,0.0050695000099949,0.0006880000000819,112726016,0.8883333333333333,0.8883283701497844,0.2323495293920729,0.9670527777777778,1.0,1.0,1.0,0,0.0,,,1.867324999999255,0.05,4.0,,5,0,,,,,,1.0
S05,S05,1249,1249,SHIL-k8,16,680,8,0.0092204000102356,0.0005566999898292,112738304,0.8858333333333334,0.8858104161182349,0.2363547681803627,0.9654583333333332,0.5,1.0,0.6666666666666666,4,0.5,,,5.234187399997609,,8.0,,1,0,,,,,,0.3333333333333333
S05,S05,1249,1249,SC-L1,16,680,4,0.0047205000009853,0.0002902999985963,231763968,0.8883333333333333,0.8883283701497844,0.2323495293920729,0.9670527777777778,1.0,1.0,1.0,0,0.0,,,46.42593620001571,,4.0,0.9,80,0,4.0,4.0,0.2470026579688029,0.013986792414001,0.2609894503828039,1.0
S05,S05,1249,1249,SC-SHIL,16,680,4,0.0057357000187039,0.0007301999721676,171835392,0.8883333333333333,0.8883283701497844,0.2323495293920729,0.9670527777777778,1.0,1.0,1.0,0,0.0,,,90.91658530000132,,4.0,0.9,80,0,4.0,4.0,0.2470026579688029,0.013986792414001,0.2609894503828039,1.0
S05,S05,1277,1277,L1-full,16,680,112,0.0172223999979905,0.0034397999988868,115838976,0.8825,0.88249926562041,0.2579669686759094,0.9613111111111112,0.0357142857142857,1.0,0.0689655172413793,108,0.9642857142857144,,,1.5501440000080038,0.05,,,5,0,,,,,,0.12152728484076745
S05,S05,1277,1277,L1-top8,16,680,8,0.004994799994165,0.0009198999905493,115884032,0.9041666666666668,0.9041666001156944,0.230063015019252,0.9678,0.5,1.0,0.6666666666666666,4,0.5,,,1.5501440000080038,0.05,8.0,,5,0,,,,,,0.3333333333333333
S05,S05,1277,1277,L1-match,16,680,4,0.0042359999788459,0.0004575999919325,115892224,0.9058333333333334,0.9058332679397694,0.2259043826049228,0.9689416666666668,1.0,1.0,1.0,0,0.0,,,1.5501440000080038,0.05,4.0,,5,0,,,,,,1.0
S05,S05,1277,1277,SHIL-k8,16,680,8,0.0053343000181484,0.0005267999949865,115900416,0.9066666666666666,0.9066643332749984,0.2297660559882746,0.9679027777777776,0.5,1.0,0.6666666666666666,4,0.5,,,4.893138099985663,,8.0,,1,0,,,,,,0.3333333333333333
S05,S05,1277,1277,SC-L1,16,680,4,0.0044911000004503,0.0006280999805312,234909696,0.9058333333333334,0.9058332679397694,0.2259043826049228,0.9689416666666668,1.0,1.0,1.0,0,0.0,,,42.579810900002485,,4.0,0.9,80,0,4.0,4.0,0.2304525377400697,0.0137831698550445,0.2442357075951143,1.0
S05,S05,1277,1277,SC-SHIL,16,680,4,0.0042046000016853,0.0004190000181552,163667968,0.9058333333333334,0.9058332679397694,0.2259043826049228,0.9689416666666668,1.0,1.0,1.0,0,0.0,,,89.72120749999885,,4.0,0.9,80,0,4.0,4.0,0.2304525377400697,0.0137831698550445,0.2442357075951143,1.0
S06,S06,1103,1103,L1-full,32,5456,192,0.0190701000101398,0.0023050000017974,128864256,0.8428571428571429,0.8426946207178334,0.5151665245413742,0.9219642857142856,0.0208333333333333,1.0,0.0408163265306122,188,0.9791666666666666,,,2.5914718999993056,0.05,,,5,0,,,,,,0.03496129747648712
S06,S06,1103,1103,L1-top8,32,5456,8,0.0036582000029738,0.0002763000084087,129236992,0.8982142857142857,0.8981594035050777,0.2260403725578503,0.9687755102040816,0.5,1.0,0.6666666666666666,4,0.5,,,2.5914718999993056,0.05,8.0,,5,0,,,,,,0.3333333333333333
S06,S06,1103,1103,L1-match,32,5456,4,0.00477420000243,0.0003025999758392,129323008,0.8964285714285715,0.8964166804862803,0.224860949513523,0.9689158163265308,1.0,1.0,1.0,0,0.0,,,2.5914718999993056,0.05,4.0,,5,0,,,,,,1.0
S06,S06,1103,1103,SHIL-k8,32,5456,8,0.0039298999763559,0.0003027000057045,129327104,0.8946428571428572,0.894615637329795,0.2280496228802149,0.9679719387755102,0.5,1.0,0.6666666666666666,4,0.5,,,2.730096800019965,,8.0,,1,0,,,,,,0.3333333333333333
S06,S06,1103,1103,SC-L1,32,5456,4,0.004019399988465,0.0003608000115491,562610176,0.8964285714285715,0.8964166804862803,0.224860949513523,0.9689158163265308,1.0,1.0,1.0,0,0.0,,,107.59843799998634,,4.0,0.9,80,0,4.0,4.0,0.2141981737218734,0.0165298169662725,0.230727990688146,1.0
S06,S06,1103,1103,SC-SHIL,32,5456,4,0.0032780999899841,0.0002722000062931,297488384,0.8964285714285715,0.8964166804862803,0.224860949513523,0.9689158163265308,1.0,1.0,1.0,0,0.0,,,131.6292708000401,,4.0,0.9,80,0,4.0,4.0,0.2141981737218734,0.0165298169662725,0.230727990688146,1.0
S06,S06,1129,1129,L1-full,32,5456,193,0.0247057999949902,0.0052935999992769,132616192,0.8535714285714285,0.8535714285714285,0.4256174221877198,0.939451530612245,0.0207253886010362,1.0,0.0406091370558375,189,0.9792746113989638,,,3.1541295999777503,0.05,,,5,0,,,,,,0.03258384403546017
S06,S06,1129,1129,L1-top8,32,5456,8,0.0070763999829068,0.0009158999891951,133033984,0.8892857142857142,0.8892800653094546,0.2240817060529089,0.9677933673469388,0.5,1.0,0.6666666666666666,4,0.5,,,3.1541295999777503,0.05,8.0,,5,0,,,,,,0.3333333333333333
S06,S06,1129,1129,L1-match,32,5456,4,0.0105321000155527,0.0005369999853428,133038080,0.9035714285714286,0.903570198599472,0.2155560646517738,0.9705739795918368,1.0,1.0,1.0,0,0.0,,,3.1541295999777503,0.05,4.0,,5,0,,,,,,1.0
S06,S06,1129,1129,SHIL-k8,32,5456,8,0.0091375999909359,0.0011504999711178,133103616,0.9053571428571427,0.9053568410613556,0.2160017187893287,0.970688775510204,0.5,1.0,0.6666666666666666,4,0.5,,,3.719355299981544,,8.0,,1,0,,,,,,0.3333333333333333
S06,S06,1129,1129,SC-L1,32,5456,4,0.0041342000185977,0.0003890999942086,566423552,0.9035714285714286,0.903570198599472,0.2155560646517738,0.9705739795918368,1.0,1.0,1.0,0,0.0,,,111.3331095999747,,4.0,0.9,80,0,4.0,4.0,0.2051559120712179,0.0171912891466033,0.2223472012178213,1.0
S06,S06,1129,1129,SC-SHIL,32,5456,4,0.0049902999890036,0.0003378000110387,316239872,0.9035714285714286,0.903570198599472,0.2155560646517738,0.9705739795918368,1.0,1.0,1.0,0,0.0,,,117.73470760000056,,4.0,0.9,80,0,4.0,4.0,0.2051559120712179,0.0171912891466033,0.2223472012178213,1.0
S06,S06,1151,1151,L1-full,32,5456,187,0.0215429000090807,0.0020197999838273,136134656,0.8410714285714286,0.840985735297402,0.4793208058128085,0.9260841836734692,0.0213903743315508,1.0,0.0418848167539267,183,0.9786096256684492,,,2.8330463000165764,0.05,,,5,0,,,,,,0.029741220048362233
S06,S06,1151,1151,L1-top8,32,5456,8,0.004899599996861,0.0005684999923687,136548352,0.8946428571428572,0.8946425211815088,0.21755180120478,0.970408163265306,0.5,1.0,0.6666666666666666,4,0.5,,,2.8330463000165764,0.05,8.0,,5,0,,,,,,0.3333333333333333
S06,S06,1151,1151,L1-match,32,5456,4,0.0046722999832127,0.0002944000007119,136622080,0.9,0.8999948976988621,0.2120539232600868,0.9724617346938776,1.0,1.0,1.0,0,0.0,,,2.8330463000165764,0.05,4.0,,5,0,,,,,,1.0
S06,S06,1151,1151,SHIL-k8,32,5456,8,0.0056249000190291,0.0003332000051159,136650752,0.8982142857142857,0.8982061707725425,0.2145076575593856,0.971594387755102,0.5,1.0,0.6666666666666666,4,0.5,,,3.270120200002566,,8.0,,1,0,,,,,,0.3333333333333333
S06,S06,1151,1151,SC-L1,32,5456,4,0.0051399999938439,0.0006357000092975,569901056,0.9,0.8999948976988621,0.2120539232600868,0.9724617346938776,1.0,1.0,1.0,0,0.0,,,109.40893500001404,,4.0,0.9,80,0,4.0,4.0,0.2306421434721932,0.0184634068073091,0.2491055502795024,1.0
S06,S06,1151,1151,SC-SHIL,32,5456,4,0.0053556000057142,0.0005347999976947,320045056,0.9,0.8999948976988621,0.2120539232600868,0.9724617346938776,1.0,1.0,1.0,0,0.0,,,125.48860869999044,,4.0,0.9,80,0,4.0,4.0,0.2306421434721932,0.0184634068073091,0.2491055502795024,1.0
S06,S06,1171,1171,L1-full,32,5456,199,0.0167933000193443,0.0019033999997191,154398720,0.8267857142857142,0.826740963067629,0.5481206924440745,0.9134183673469388,0.0201005025125628,1.0,0.0394088669950738,195,0.9798994974874372,,,3.098546199995326,0.05,,,5,0,,,,,,0.03246995783066389
S06,S06,1171,1171,L1-top8,32,5456,8,0.004481299984036,0.0002870000025723,154771456,0.8839285714285714,0.8839193175476361,0.2429068954413095,0.962295918367347,0.5,1.0,0.6666666666666666,4,0.5,,,3.098546199995326,0.05,8.0,,5,0,,,,,,0.3333333333333333
S06,S06,1171,1171,L1-match,32,5456,4,0.0033499999844934,0.0002582000161055,154845184,0.9053571428571427,0.9053544266257642,0.2314248635890972,0.966785714285714,1.0,1.0,1.0,0,0.0,,,3.098546199995326,0.05,4.0,,5,0,,,,,,1.0
S06,S06,1171,1171,SHIL-k8,32,5456,8,0.0046537000162061,0.0002715000009629,154857472,0.9017857142857144,0.9017854011014066,0.2305754638136047,0.9673341836734692,0.5,1.0,0.6666666666666666,4,0.5,,,3.136885199986864,,8.0,,1,0,,,,,,0.3333333333333333
S06,S06,1171,1171,SC-L1,32,5456,4,0.003891799977282,0.0002747999969869,588660736,0.9053571428571427,0.9053544266257642,0.2314248635890971,0.966785714285714,1.0,1.0,1.0,0,0.0,,,111.06967090000398,,4.0,0.9,80,0,4.0,4.0,0.2694130881089244,0.0232684184549277,0.2926815065638521,1.0
S06,S06,1171,1171,SC-SHIL,32,5456,4,0.0042987000197172,0.0003714000049512,323846144,0.9053571428571427,0.9053544266257642,0.2314248635890971,0.966785714285714,1.0,1.0,1.0,0,0.0,,,127.10047030000716,,4.0,0.9,80,0,4.0,4.0,0.2694130881089244,0.0232684184549277,0.2926815065638521,1.0
S06,S06,1181,1181,L1-full,32,5456,187,0.0339032000047154,0.0032378999749198,172941312,0.8303571428571429,0.830291662280408,0.4714046748079419,0.927908163265306,0.0213903743315508,1.0,0.0418848167539267,183,0.9786096256684492,,,2.199633600015659,0.05,,,5,0,,,,,,0.03315483777660512
S06,S06,1181,1181,L1-top8,32,5456,8,0.0048957999679259,0.0004384000203572,173297664,0.8803571428571428,0.880353709130683,0.2351910570932659,0.9652295918367348,0.5,1.0,0.6666666666666666,4,0.5,,,2.199633600015659,0.05,8.0,,5,0,,,,,,0.3333333333333333
S06,S06,1181,1181,L1-match,32,5456,4,0.0042331999866291,0.0002654999843798,173375488,0.8839285714285714,0.8839282013016623,0.2318640776704166,0.9661352040816328,1.0,1.0,1.0,0,0.0,,,2.199633600015659,0.05,4.0,,5,0,,,,,,1.0
S06,S06,1181,1181,SHIL-k8,32,5456,8,0.0062366999918594,0.0004244000301696,173379584,0.8732142857142857,0.8732138814218158,0.2376901131166042,0.9644260204081632,0.5,1.0,0.6666666666666666,4,0.5,,,2.5041860999772325,,8.0,,1,0,,,,,,0.3333333333333333
S06,S06,1181,1181,SC-L1,32,5456,4,0.0053990000160411,0.0004489999846555,606695424,0.8839285714285714,0.8839282013016623,0.2318640776704166,0.9661352040816328,1.0,1.0,1.0,0,0.0,,,107.0523794000037,,4.0,0.9,80,0,4.0,4.0,0.2212703133563572,0.0192247499370351,0.2404950632933924,1.0
S06,S06,1181,1181,SC-SHIL,32,5456,4,0.0050727000343613,0.0006406999891623,341934080,0.8839285714285714,0.8839282013016623,0.2318640776704166,0.9661352040816328,1.0,1.0,1.0,0,0.0,,,123.06520540002384,,4.0,0.9,80,0,4.0,4.0,0.2212703133563572,0.0192247499370351,0.2404950632933924,1.0
S06,S06,1201,1201,L1-full,32,5456,189,0.0174436999950557,0.0017249999800696,180461568,0.8339285714285715,0.833915331260464,0.5302059946996112,0.9224234693877552,0.0211640211640211,1.0,0.0414507772020725,185,0.9788359788359788,,,3.286451500025578,0.05,,,5,0,,,,,,0.030799777434257727
S06,S06,1201,1201,L1-top8,32,5456,8,0.0039694999577477,0.0003153000143356,180887552,0.8928571428571429,0.8928352725045927,0.2296639287521703,0.9667602040816324,0.5,1.0,0.6666666666666666,4,0.5,,,3.286451500025578,0.05,8.0,,5,0,,,,,,0.3333333333333333
S06,S06,1201,1201,L1-match,32,5456,4,0.0032594000222161,0.0002570000360719,180891648,0.8928571428571429,0.8928352725045927,0.2241927384542397,0.969030612244898,1.0,1.0,1.0,0,0.0,,,3.286451500025578,0.05,4.0,,5,0,,,,,,1.0
S06,S06,1201,1201,SHIL-k8,32,5456,8,0.0035669000353664,0.0002846999559551,180961280,0.8821428571428571,0.8821052631578947,0.225656082654139,0.9684438775510203,0.5,1.0,0.6666666666666666,4,0.5,,,2.893368699995335,,8.0,,1,0,,,,,,0.3333333333333333
S06,S06,1201,1201,SC-L1,32,5456,4,0.0030674000154249,0.0002289999974891,614248448,0.8928571428571429,0.8928352725045927,0.2241927384542397,0.969030612244898,1.0,1.0,1.0,0,0.0,,,114.72315550001804,,4.0,0.9,80,0,4.0,4.0,0.2354418993389903,0.0199575407850343,0.2553994401240247,1.0
S06,S06,1201,1201,SC-SHIL,32,5456,4,0.0033781999954953,0.0002404999686405,349380608,0.8928571428571429,0.8928352725045927,0.2241927384542397,0.969030612244898,1.0,1.0,1.0,0,0.0,,,107.57602169999154,,4.0,0.9,80,0,4.0,4.0,0.2354418993389903,0.0199575407850343,0.2553994401240247,1.0
S06,S06,1213,1213,L1-full,32,5456,216,0.0303419000119902,0.0036856000078842,193499136,0.8410714285714286,0.8410587578729172,0.5036559448887997,0.9250255102040816,0.0185185185185185,1.0,0.0363636363636363,212,0.9814814814814816,,,3.02515509998193,0.05,,,5,0,,,,,,0.03335437904758612
S06,S06,1213,1213,L1-top8,32,5456,8,0.0048190000234171,0.0004215000080876,193892352,0.8946428571428572,0.8946398334135865,0.2197475962987523,0.9701913265306122,0.5,1.0,0.6666666666666666,4,0.5,,,3.02515509998193,0.05,8.0,,5,0,,,,,,0.3333333333333333
S06,S06,1213,1213,L1-match,32,5456,4,0.0046043000183999,0.00032510003075,193957888,0.8910714285714286,0.8910544058223383,0.2148577184246257,0.9718877551020408,1.0,1.0,1.0,0,0.0,,,3.02515509998193,0.05,4.0,,5,0,,,,,,1.0
S06,S06,1213,1213,SHIL-k8,32,5456,8,0.0057895999634638,0.0006408999906852,193957888,0.8875,0.8874996412616112,0.2198069774074318,0.970280612244898,0.5,1.0,0.6666666666666666,4,0.5,,,3.361864299979061,,8.0,,1,0,,,,,,0.3333333333333333
S06,S06,1213,1213,SC-L1,32,5456,4,0.0049949000240303,0.0003876999835483,627261440,0.8910714285714286,0.8910544058223383,0.2148577184246257,0.9718877551020408,1.0,1.0,1.0,0,0.0,,,114.19061340001645,,4.0,0.9,80,0,4.0,4.0,0.3158158117703895,0.0270300420199336,0.3428458537903232,1.0
S06,S06,1213,1213,SC-SHIL,32,5456,4,0.0039773000171408,0.0003102999762631,367919104,0.8910714285714286,0.8910544058223383,0.2148577184246257,0.9718877551020408,1.0,1.0,1.0,0,0.0,,,115.59605710004688,,4.0,0.9,80,0,4.0,4.0,0.3158158117703895,0.0270300420199336,0.3428458537903232,1.0
S06,S06,1231,1231,L1-full,32,5456,212,0.0168808000162243,0.0023553000064566,198696960,0.8196428571428571,0.819637680928343,0.5931902440524258,0.9110459183673468,0.0188679245283018,1.0,0.037037037037037,208,0.981132075471698,,,4.347853199986275,0.05,,,5,0,,,,,,0.03219589840575171
S06,S06,1231,1231,L1-top8,32,5456,8,0.0044310999801382,0.0003032999811694,199061504,0.8678571428571429,0.8678504005306393,0.2981935492570728,0.9473086734693876,0.5,1.0,0.6666666666666666,4,0.5,,,4.347853199986275,0.05,8.0,,5,0,,,,,,0.3333333333333333
S06,S06,1231,1231,L1-match,32,5456,4,0.004526300006546,0.0003473000251688,199155712,0.8785714285714286,0.878565232920047,0.2598004574692016,0.9578954081632652,1.0,1.0,1.0,0,0.0,,,4.347853199986275,0.05,4.0,,5,0,,,,,,1.0
S06,S06,1231,1231,SHIL-k8,32,5456,8,0.0043544999789446,0.000295499979984,199172096,0.8732142857142857,0.8732138814218158,0.2621996056174362,0.9579336734693876,0.5,1.0,0.6666666666666666,4,0.5,,,2.8771695000468758,,8.0,,1,0,,,,,,0.3333333333333333
S06,S06,1231,1231,SC-L1,32,5456,4,0.003651599981822,0.0002916000084951,645701632,0.8785714285714286,0.878565232920047,0.2598004574692015,0.9578954081632652,1.0,1.0,1.0,0,0.0,,,102.6842705999734,,4.0,0.9,80,0,4.0,4.0,0.2162507010074904,0.0180788684812258,0.2343295694887163,1.0
S06,S06,1231,1231,SC-SHIL,32,5456,4,0.0042258000466972,0.0002726999809965,380936192,0.8785714285714286,0.878565232920047,0.2598004574692015,0.9578954081632652,1.0,1.0,1.0,0,0.0,,,110.88806770002702,,4.0,0.9,80,0,4.0,4.0,0.2162507010074904,0.0180788684812258,0.2343295694887163,1.0
S06,S06,1249,1249,L1-full,32,5456,193,0.0203824000200256,0.0041073999600484,217206784,0.8732142857142857,0.8732138814218158,0.398313131915813,0.9450255102040818,0.0207253886010362,1.0,0.0406091370558375,189,0.9792746113989638,,,3.261309200024698,0.05,,,5,0,,,,,,0.03473560905080345
S06,S06,1249,1249,L1-top8,32,5456,8,0.0048476999509148,0.0006012000376358,217563136,0.8910714285714286,0.8910627441600893,0.2293376213610846,0.9669770408163264,0.5,1.0,0.6666666666666666,4,0.5,,,3.261309200024698,0.05,8.0,,5,0,,,,,,0.3333333333333333
S06,S06,1249,1249,L1-match,32,5456,4,0.0037065000506117,0.0002762000076472,217636864,0.8946428571428572,0.8946398334135865,0.2299429678434487,0.9669642857142856,1.0,1.0,1.0,0,0.0,,,3.261309200024698,0.05,4.0,,5,0,,,,,,1.0
S06,S06,1249,1249,SHIL-k8,32,5456,8,0.0048291999846696,0.0004715000395663,217640960,0.8946428571428572,0.8946344574663159,0.2313220602257185,0.9667091836734694,0.5,1.0,0.6666666666666666,4,0.5,,,3.406001700030174,,8.0,,1,0,,,,,,0.3333333333333333
S06,S06,1249,1249,SC-L1,32,5456,4,0.0037370999925769,0.0002944999723695,650997760,0.8946428571428572,0.8946398334135865,0.2299429678434487,0.9669642857142856,1.0,1.0,1.0,0,0.0,,,105.8949364,,4.0,0.9,80,0,4.0,4.0,0.241033573963639,0.0183337168712269,0.259367290834866,1.0
S06,S06,1249,1249,SC-SHIL,32,5456,4,0.0042207000078633,0.0004218000103719,386170880,0.8946428571428572,0.8946398334135865,0.2299429678434487,0.9669642857142856,1.0,1.0,1.0,0,0.0,,,121.59581949992572,,4.0,0.9,80,0,4.0,4.0,0.241033573963639,0.0183337168712269,0.259367290834866,1.0
S06,S06,1277,1277,L1-full,32,5456,172,0.0221786999609321,0.0018501000013202,222994432,0.8678571428571429,0.8678571428571429,0.3983230006125974,0.9446173469387756,0.0232558139534883,1.0,0.0454545454545454,168,0.9767441860465116,,,3.745381799992174,0.05,,,5,0,,,,,,0.03423751482012021
S06,S06,1277,1277,L1-top8,32,5456,8,0.0037038999726064,0.000370500027202,223338496,0.8857142857142857,0.8857084545129854,0.2348455924020437,0.9655229591836736,0.5,1.0,0.6666666666666666,4,0.5,,,3.745381799992174,0.05,8.0,,5,0,,,,,,0.3333333333333333
S06,S06,1277,1277,L1-match,32,5456,4,0.0042445000144653,0.0002191999810747,223412224,0.8946428571428572,0.8946425211815088,0.2198139429286712,0.969719387755102,1.0,1.0,1.0,0,0.0,,,3.745381799992174,0.05,4.0,,5,0,,,,,,1.0
S06,S06,1277,1277,SHIL-k8,32,5456,8,0.0031318999826908,0.0002494999789632,223420416,0.8946428571428572,0.8946344574663159,0.2184932429689956,0.9699744897959184,0.5,1.0,0.6666666666666666,4,0.5,,,3.128414100036025,,8.0,,1,0,,,,,,0.3333333333333333
S06,S06,1277,1277,SC-L1,32,5456,4,0.0030274000018835,0.0002197999856434,656678912,0.8946428571428572,0.8946425211815088,0.2198139429286712,0.969719387755102,1.0,1.0,1.0,0,0.0,,,128.82043710001744,,4.0,0.9,80,0,4.0,4.0,0.209778570487811,0.0175442212110659,0.227322791698877,1.0
S06,S06,1277,1277,SC-SHIL,32,5456,4,0.0040598000050522,0.0002201999886892,391909376,0.8946428571428572,0.8946425211815088,0.2198139429286712,0.969719387755102,1.0,1.0,1.0,0,0.0,,,134.38812719995622,,4.0,0.9,80,0,4.0,4.0,0.209778570487811,0.0175442212110659,0.227322791698877,1.0
S07,S07,1103,1103,L1-full,16,680,126,0.0112438999931328,0.0012656999751925,226013184,0.7196428571428571,0.7196348109480183,0.6591984888559952,0.7886989795918368,0.0317460317460317,1.0,0.0615384615384615,122,0.9682539682539684,,,0.5178180999937467,0.05,,,5,0,,,,,,0.11097259233092702
S07,S07,1103,1103,L1-top8,16,680,8,0.0027331999735906,0.0002821000525727,226054144,0.7642857142857142,0.7642857142857142,0.4969763337296422,0.8407908163265306,0.5,1.0,0.6666666666666666,4,0.5,,,0.5178180999937467,0.05,8.0,,5,0,,,,,,0.3468013468013468
S07,S07,1103,1103,L1-match,16,680,4,0.0037518999888561,0.0003109000390395,226062336,0.7678571428571429,0.7678452982295014,0.4787025706754014,0.8504209183673468,1.0,1.0,1.0,0,0.0,,,0.5178180999937467,0.05,4.0,,5,0,,,,,,1.0
S07,S07,1103,1103,SHIL-k8,16,680,8,0.0036152999964542,0.0004764000186696,226070528,0.7678571428571429,0.767830490745111,0.4870164455006957,0.8442602040816325,0.5,1.0,0.6666666666666666,4,0.5,,,0.4440868999809026,,8.0,,1,0,,,,,,0.3333333333333333
S07,S07,1103,1103,SC-L1,16,680,4,0.0029256000416353,0.0004965999978594,281178112,0.7678571428571429,0.7678452982295014,0.4787025706754014,0.8504209183673468,1.0,1.0,1.0,0,0.0,,,13.825849000015296,,4.0,0.9,80,0,4.0,4.0,0.4513030968379802,0.0214570811527996,0.4727601779907799,1.0
S07,S07,1103,1103,SC-SHIL,16,680,4,0.003536999982316,0.0002622000174596,247615488,0.7678571428571429,0.7678452982295014,0.4787025706754014,0.8504209183673468,1.0,1.0,1.0,0,0.0,,,18.363189600000624,,4.0,0.9,80,0,4.0,4.0,0.4513030968379802,0.0214570811527996,0.4727601779907799,1.0
S07,S07,1129,1129,L1-full,16,680,110,0.0082040000124834,0.0012670999858528,217169920,0.7553571428571428,0.7549437667493955,0.5726353673558896,0.8176020408163266,0.0363636363636363,1.0,0.0701754385964912,106,0.9636363636363636,,,0.5301790999947116,0.05,,,5,0,,,,,,0.10642323503479255
S07,S07,1129,1129,L1-top8,16,680,8,0.0025989999994635,0.0002585000474937,217214976,0.7732142857142857,0.7730514559234145,0.4600211150096362,0.8627295918367348,0.5,1.0,0.6666666666666666,4,0.5,,,0.5301790999947116,0.05,8.0,,5,0,,,,,,0.3333333333333333
S07,S07,1129,1129,L1-match,16,680,4,0.0024571000249125,0.0002375000040046,217227264,0.7803571428571429,0.7802387128267465,0.4461276630082608,0.8739923469387755,1.0,1.0,1.0,0,0.0,,,0.5301790999947116,0.05,4.0,,5,0,,,,,,1.0
S07,S07,1129,1129,SHIL-k8,16,680,8,0.003537899989169,0.0003089999663643,217239552,0.7803571428571429,0.7801545429301876,0.4471612015500832,0.8737755102040815,0.5,1.0,0.6666666666666666,4,0.5,,,0.4326159000047482,,8.0,,1,0,,,,,,0.3333333333333333
S07,S07,1129,1129,SC-L1,16,680,4,0.0024846000014804,0.0003984000068157,272236544,0.7803571428571429,0.7802387128267465,0.4461276630082608,0.8739923469387755,1.0,1.0,1.0,0,0.0,,,16.882314699993003,,4.0,0.9,80,0,4.0,4.0,0.4905427091217765,0.0215020579594064,0.5120447670811828,1.0
S07,S07,1129,1129,SC-SHIL,16,680,4,0.0026780999614857,0.0002424000413157,249917440,0.7803571428571429,0.7802387128267465,0.4461276630082608,0.8739923469387755,1.0,1.0,1.0,0,0.0,,,18.90747089998331,,4.0,0.9,80,0,4.0,4.0,0.4905427091217765,0.0215020579594064,0.5120447670811828,1.0
S07,S07,1151,1151,L1-full,16,680,120,0.0137031999765895,0.0014870999730192,219897856,0.7232142857142857,0.723213403103964,0.5664189094529875,0.812359693877551,0.0333333333333333,1.0,0.064516129032258,116,0.9666666666666668,,,0.6647520999540575,0.05,,,5,0,,,,,,0.10081014956660085
S07,S07,1151,1151,L1-top8,16,680,8,0.0033083999878726,0.0002999000134877,219930624,0.7410714285714286,0.7410507852985729,0.4806324047786497,0.8434821428571428,0.5,1.0,0.6666666666666666,4,0.5,,,0.6647520999540575,0.05,8.0,,5,0,,,,,,0.3333333333333333
S07,S07,1151,1151,L1-match,16,680,4,0.0032068999717012,0.0002707000239752,219938816,0.7464285714285714,0.7462699901724292,0.4676079372481667,0.8494897959183673,1.0,1.0,1.0,0,0.0,,,0.6647520999540575,0.05,4.0,,5,0,,,,,,1.0
S07,S07,1151,1151,SHIL-k8,16,680,8,0.0035582999698817,0.0003776000230573,219951104,0.7517857142857143,0.7516518787229087,0.4697071352067427,0.8485714285714285,0.5,1.0,0.6666666666666666,4,0.5,,,0.4341143000056036,,8.0,,1,0,,,,,,0.3333333333333333
S07,S07,1151,1151,SC-L1,16,680,4,0.0023486000136472,0.0002156000118702,274944000,0.7464285714285714,0.7462699901724292,0.4676079372481667,0.8494897959183673,1.0,1.0,1.0,0,0.0,,,18.96033529995475,,4.0,0.9,80,0,4.0,4.0,0.4903025412852939,0.0236455190050416,0.5139480602903356,1.0
S07,S07,1151,1151,SC-SHIL,16,680,4,0.004006200004369,0.0002513999934308,241094656,0.7464285714285714,0.7462699901724292,0.4676079372481667,0.8494897959183673,1.0,1.0,1.0,0,0.0,,,20.04687100002775,,4.0,0.9,80,0,4.0,4.0,0.4903025412852939,0.0236455190050416,0.5139480602903356,1.0
S07,S07,1171,1171,L1-full,16,680,130,0.012899900029879,0.0014441999956034,222523392,0.7392857142857143,0.7391226659519342,0.5405558735170785,0.8321045918367347,0.0307692307692307,1.0,0.0597014925373134,126,0.9692307692307692,,,0.6835001999861561,0.05,,,5,0,,,,,,0.11832700074492025
S07,S07,1171,1171,L1-top8,16,680,8,0.0026782999630086,0.0002890999894589,222564352,0.7660714285714286,0.7659452957748276,0.4615459453135372,0.8607270408163264,0.5,1.0,0.6666666666666666,4,0.5,,,0.6835001999861561,0.05,8.0,,5,0,,,,,,0.3333333333333333
S07,S07,1171,1171,L1-match,16,680,4,0.0035956000210717,0.0004777999711222,222576640,0.7785714285714286,0.778526229842825,0.4546803753449316,0.8654336734693878,1.0,1.0,1.0,0,0.0,,,0.6835001999861561,0.05,4.0,,5,0,,,,,,1.0
S07,S07,1171,1171,SHIL-k8,16,680,8,0.0042470000335015,0.0004879999905824,222584832,0.7678571428571429,0.7678452982295014,0.4569653555438681,0.8648214285714286,0.5,1.0,0.6666666666666666,4,0.5,,,0.4737196000060066,,8.0,,1,0,,,,,,0.3333333333333333
S07,S07,1171,1171,SC-L1,16,680,4,0.0030113999964669,0.0003749000024981,277540864,0.7785714285714286,0.778526229842825,0.4546803753449316,0.8654336734693878,1.0,1.0,1.0,0,0.0,,,15.54096270003356,,4.0,0.9,80,0,4.0,4.0,0.4791898911195973,0.0225780094464488,0.5017679005660461,1.0
S07,S07,1171,1171,SC-SHIL,16,680,4,0.0053416999871842,0.0012052999809384,243724288,0.7785714285714286,0.778526229842825,0.4546803753449316,0.8654336734693878,1.0,1.0,1.0,0,0.0,,,20.231232499994803,,4.0,0.9,80,0,4.0,4.0,0.4791898911195973,0.0225780094464488,0.5017679005660461,1.0
S07,S07,1181,1181,L1-full,16,680,116,0.0094230000395327,0.0027356999926269,225304576,0.7482142857142857,0.7480785244599291,0.5864086270147029,0.8148596938775511,0.0344827586206896,1.0,0.0666666666666666,112,0.9655172413793104,,,1.227025300031528,0.05,,,5,0,,,,,,0.11732179271210708
S07,S07,1181,1181,L1-top8,16,680,8,0.0033117000130005,0.0005097999819554,225341440,0.7517857142857143,0.7516074990027922,0.4809805413489203,0.8494005102040816,0.5,1.0,0.6666666666666666,4,0.5,,,1.227025300031528,0.05,8.0,,5,0,,,,,,0.3333333333333333
S07,S07,1181,1181,L1-match,16,680,4,0.0024932000087574,0.000355300027877,225353728,0.7589285714285714,0.758835520082685,0.4727782066728013,0.8535076530612244,1.0,1.0,1.0,0,0.0,,,1.227025300031528,0.05,4.0,,5,0,,,,,,1.0
S07,S07,1181,1181,SHIL-k8,16,680,8,0.002359099977184,0.0002470000181347,225357824,0.7553571428571428,0.7552252329858884,0.4718728905247397,0.8543367346938775,0.5,1.0,0.6666666666666666,4,0.5,,,0.4404078000225127,,8.0,,1,0,,,,,,0.3333333333333333
S07,S07,1181,1181,SC-L1,16,680,4,0.0023112000199034,0.0002167000202462,280367104,0.7589285714285714,0.758835520082685,0.4727782066728013,0.8535076530612244,1.0,1.0,1.0,0,0.0,,,21.21142099995632,,4.0,0.9,80,0,4.0,4.0,0.4924912421092537,0.0230053796798771,0.5154966217891309,1.0
S07,S07,1181,1181,SC-SHIL,16,680,4,0.0031506000086665,0.0002775999600999,246415360,0.7589285714285714,0.758835520082685,0.4727782066728013,0.8535076530612244,1.0,1.0,1.0,0,0.0,,,18.167370000039227,,4.0,0.9,80,0,4.0,4.0,0.4924912421092537,0.0230053796798771,0.5154966217891309,1.0
S07,S07,1201,1201,L1-full,16,680,124,0.0097867000149562,0.0013784000184386,227987456,0.7089285714285715,0.7088533709280778,0.573379995303638,0.8064413265306123,0.032258064516129,1.0,0.0625,120,0.967741935483871,,,0.5444386000162922,0.05,,,5,0,,,,,,0.10373481521029253
S07,S07,1201,1201,L1-top8,16,680,8,0.0027425000444054,0.000408999971114,228036608,0.7535714285714286,0.7534173143929241,0.4687477219879216,0.853609693877551,0.5,1.0,0.6666666666666666,4,0.5,,,0.5444386000162922,0.05,8.0,,5,0,,,,,,0.3333333333333333
S07,S07,1201,1201,L1-match,16,680,4,0.0024427000316791,0.0002400999655947,228040704,0.7696428571428572,0.7694774631033108,0.4632067407354849,0.8590051020408163,1.0,1.0,1.0,0,0.0,,,0.5444386000162922,0.05,4.0,,5,0,,,,,,1.0
S07,S07,1201,1201,SHIL-k8,16,680,8,0.003577800001949,0.0004691000212915,228044800,0.7696428571428572,0.7695186500378074,0.4643216572135419,0.8578826530612246,0.5,1.0,0.6666666666666666,4,0.5,,,0.403202700021211,,8.0,,1,0,,,,,,0.34680134680134683
S07,S07,1201,1201,SC-L1,16,680,4,0.0028082999633625,0.0002911000046879,283049984,0.7696428571428572,0.7694774631033108,0.4632067407354849,0.8590051020408163,1.0,1.0,1.0,0,0.0,,,15.597723099926952,,4.0,0.9,80,0,4.0,4.0,0.4636288602831903,0.0204469334232596,0.4840757937064499,1.0
S07,S07,1201,1201,SC-SHIL,16,680,4,0.0022769000497646,0.0002231000107713,249180160,0.7696428571428572,0.7694774631033108,0.4632067407354849,0.8590051020408163,1.0,1.0,1.0,0,0.0,,,27.750897200021427,,4.0,0.9,80,0,4.0,4.0,0.4636288602831903,0.0204469334232596,0.4840757937064499,1.0
S07,S07,1213,1213,L1-full,16,680,144,0.0086685999995097,0.0013255000230856,230600704,0.7375,0.7373115277223774,0.5797299668741658,0.8095408163265306,0.0277777777777777,1.0,0.054054054054054,140,0.9722222222222222,,,0.4881292000063695,0.05,,,5,0,,,,,,0.11445991596702895
S07,S07,1213,1213,L1-top8,16,680,8,0.0022288999753072,0.0002353999880142,230653952,0.7678571428571429,0.767711962833914,0.4793619177749605,0.8467091836734695,0.5,1.0,0.6666666666666666,4,0.5,,,0.4881292000063695,0.05,8.0,,5,0,,,,,,0.3333333333333333
S07,S07,1213,1213,L1-match,16,680,4,0.002888899995014,0.0002354999887757,230666240,0.7785714285714286,0.7785007974481659,0.46921686053909,0.8529974489795918,1.0,1.0,1.0,0,0.0,,,0.4881292000063695,0.05,4.0,,5,0,,,,,,1.0
S07,S07,1213,1213,SHIL-k8,16,680,8,0.0024299999931827,0.000261400011368,230678528,0.7696428571428572,0.7693773763803358,0.4780612425365376,0.846875,0.5,1.0,0.6666666666666666,4,0.5,,,0.3686277000233531,,8.0,,1,0,,,,,,0.34680134680134683
S07,S07,1213,1213,SC-L1,16,680,4,0.0023885000264272,0.0003110999823547,285597696,0.7785714285714286,0.7785007974481659,0.4692168605390899,0.8529974489795918,1.0,1.0,1.0,0,0.0,,,15.019102100050077,,4.0,0.9,80,0,4.0,4.0,0.4463397621492445,0.0193189307541574,0.4656586929034019,1.0
S07,S07,1213,1213,SC-SHIL,16,680,4,0.0026017000200226,0.0002181999734602,251781120,0.7785714285714286,0.7785007974481659,0.4692168605390899,0.8529974489795918,1.0,1.0,1.0,0,0.0,,,19.223691499966662,,4.0,0.9,80,0,4.0,4.0,0.4463397621492445,0.0193189307541574,0.4656586929034019,1.0
S07,S07,1231,1231,L1-full,16,680,131,0.0066322999773547,0.001118000014685,233287680,0.7107142857142857,0.7107105957984159,0.5784762561437099,0.8077551020408164,0.0305343511450381,1.0,0.0592592592592592,127,0.9694656488549618,,,0.3810685999924317,0.05,,,5,0,,,,,,0.11901272393411272
S07,S07,1231,1231,L1-top8,16,680,8,0.0021804000134579,0.0002269999822601,233328640,0.7875,0.7874667916862009,0.4678394821945054,0.8602678571428573,0.5,1.0,0.6666666666666666,4,0.5,,,0.3810685999924317,0.05,8.0,,5,0,,,,,,0.3333333333333333
S07,S07,1231,1231,L1-match,16,680,4,0.0020517000230029,0.0001932000159285,233336832,0.7821428571428571,0.7821317414153783,0.4634888509661593,0.8609821428571429,1.0,1.0,1.0,0,0.0,,,0.3810685999924317,0.05,4.0,,5,0,,,,,,1.0
S07,S07,1231,1231,SHIL-k8,16,680,8,0.0019999000360257,0.0002158999559469,233340928,0.7732142857142857,0.7732077770089065,0.4624511544174384,0.8620535714285714,0.5,1.0,0.6666666666666666,4,0.5,,,0.3046005999785848,,8.0,,1,0,,,,,,0.3333333333333333
S07,S07,1231,1231,SC-L1,16,680,4,0.0022859000018797,0.0002183999749831,288317440,0.7821428571428571,0.7821317414153783,0.4634888509661593,0.8609821428571429,1.0,1.0,1.0,0,0.0,,,11.83628630003659,,4.0,0.9,80,0,4.0,4.0,0.4492541079422511,0.0197680062023403,0.4690221141445914,1.0
S07,S07,1231,1231,SC-SHIL,16,680,4,0.0029656999977305,0.0002889000461436,254537728,0.7821428571428571,0.7821317414153783,0.4634888509661593,0.8609821428571429,1.0,1.0,1.0,0,0.0,,,15.572853700025007,,4.0,0.9,80,0,4.0,4.0,0.4492541079422511,0.0197680062023403,0.4690221141445914,1.0
S07,S07,1249,1249,L1-full,16,680,118,0.0058896000264212,0.0011905999854207,235880448,0.7553571428571428,0.755293937528507,0.5646300529851619,0.8280102040816327,0.0338983050847457,1.0,0.0655737704918032,114,0.9661016949152542,,,0.4813212999724783,0.05,,,5,0,,,,,,0.12522499698636988
S07,S07,1249,1249,L1-top8,16,680,8,0.0021515000262297,0.0002156000118702,235929600,0.8035714285714286,0.8035689230729983,0.4220114378057816,0.8881505102040816,0.5,1.0,0.6666666666666666,4,0.5,,,0.4813212999724783,0.05,8.0,,5,0,,,,,,0.3333333333333333
S07,S07,1249,1249,L1-match,16,680,4,0.004832400009036,0.0001972999889403,235945984,0.8107142857142857,0.8106756480914472,0.4106804180846652,0.8958545918367347,1.0,1.0,1.0,0,0.0,,,0.4813212999724783,0.05,4.0,,5,0,,,,,,1.0
S07,S07,1249,1249,SHIL-k8,16,680,8,0.0020947000011801,0.0002191999810747,235954176,0.8089285714285714,0.8089133381168779,0.4136983228065942,0.8923724489795917,0.5,1.0,0.6666666666666666,4,0.5,,,0.3050197000266053,,8.0,,1,0,,,,,,0.3333333333333333
S07,S07,1249,1249,SC-L1,16,680,4,0.0019776000408455,0.0002041999832727,290910208,0.8107142857142857,0.8106756480914472,0.4106804180846652,0.8958545918367347,1.0,1.0,1.0,0,0.0,,,10.597349999996368,,4.0,0.9,80,0,4.0,4.0,0.4372455257276547,0.0204841921811267,0.4569794280553469,1.0
S07,S07,1249,1249,SC-SHIL,16,680,4,0.0021552999969571,0.0001795999705791,257114112,0.8107142857142857,0.8106756480914472,0.4106804180846652,0.8958545918367347,1.0,1.0,1.0,0,0.0,,,12.575994700018782,,4.0,0.9,80,0,4.0,4.0,0.4372455257276547,0.0204841921811267,0.4577297179087815,1.0
S07,S07,1277,1277,L1-full,16,680,133,0.0080052999546751,0.0012644000235013,223940608,0.7357142857142858,0.7357109146800342,0.6018898933708065,0.802219387755102,0.0300751879699248,1.0,0.0583941605839416,129,0.9699248120300752,,,0.4278709000209346,0.05,,,5,0,,,,,,0.1167658303460694
S07,S07,1277,1277,L1-top8,16,680,8,0.0023329999530687,0.0002452000044286,223981568,0.7303571428571428,0.7302530632035957,0.4970233457221667,0.8288265306122449,0.5,1.0,0.6666666666666666,4,0.5,,,0.4278709000209346,0.05,8.0,,5,0,,,,,,0.34680134680134683
S07,S07,1277,1277,L1-match,16,680,4,0.0020180999999865,0.0002051999908871,223993856,0.7482142857142857,0.748213482823606,0.4859980548146451,0.8368367346938776,1.0,1.0,1.0,0,0.0,,,0.4278709000209346,0.05,4.0,,5,0,,,,,,1.0
S07,S07,1277,1277,SHIL-k8,16,680,8,0.0050806999788619,0.0002565999748185,224006144,0.725,0.7249859686718709,0.4985062081408385,0.8278316326530611,0.5,1.0,0.6666666666666666,4,0.5,,,0.3653827999951318,,8.0,,1,0,,,,,,0.3333333333333333
S07,S07,1277,1277,SC-L1,16,680,4,0.0020285000209696,0.000215699954424,293634048,0.7482142857142857,0.748213482823606,0.4859980548146451,0.8368367346938776,1.0,1.0,1.0,0,0.0,,,11.422384100034831,,4.0,0.9,80,0,4.0,4.0,0.4756748729330264,0.0209318787156592,0.4966067516486856,1.0
S07,S07,1277,1277,SC-SHIL,16,680,4,0.0023930000024847,0.0002351999864913,259809280,0.7482142857142857,0.748213482823606,0.4859980548146451,0.8368367346938776,1.0,1.0,1.0,0,0.0,,,12.501837500021791,,4.0,0.9,80,0,4.0,4.0,0.4756748729330264,0.0209318787156592,0.4966067516486856,1.0
S08,S08,1103,1103,L1-full,16,680,242,0.0230216000345535,0.0023910999880172,226557952,0.8303571428571429,0.8303522741405207,0.4969416941096,0.9191454081632654,0.0165289256198347,1.0,0.032520325203252,238,0.9834710743801652,,,0.4318575999932363,0.25,,,5,0,,,,,,0.08444042208219135
S08,S08,1103,1103,L1-top8,16,680,8,0.0039500000420957,0.0002242000191472,226803712,0.9053571428571427,0.9053544266257642,0.2317616135855667,0.966938775510204,0.5,1.0,0.6666666666666666,4,0.5,,,0.4318575999932363,0.25,8.0,,5,0,,,,,,0.3333333333333333
S08,S08,1103,1103,L1-match,16,680,4,0.0034019000013358,0.0001820999896153,226811904,0.9089285714285714,0.90892595769649,0.2196153738127031,0.9710586734693878,1.0,1.0,1.0,0,0.0,,,0.4318575999932363,0.25,4.0,,5,0,,,,,,0.9407407407407408
S08,S08,1103,1103,SHIL-k8,16,680,8,0.0034350999630987,0.0002021000254899,226811904,0.9053571428571427,0.9053544266257642,0.2236013607708055,0.9696301020408165,0.5,1.0,0.6666666666666666,4,0.5,,,1.7262324000475928,,8.0,,1,0,,,,,,0.37373737373737376
S08,S08,1103,1103,SC-L1,16,680,4,0.0039010000182315,0.0001774000120349,281751552,0.9089285714285714,0.90892595769649,0.2196153738127031,0.9710586734693878,1.0,1.0,1.0,0,0.0,,,10.627835699997377,,4.0,0.9,80,0,4.0,4.0,0.2398951353713526,0.0213118278468627,0.2601432182601597,1.0
S08,S08,1103,1103,SC-SHIL,16,680,4,0.0036123000318184,0.0002089000190608,247906304,0.9089285714285714,0.90892595769649,0.2196153738127031,0.9710586734693878,1.0,1.0,1.0,0,0.0,,,17.395789000031073,,4.0,0.6,80,0,4.0,4.0,0.2398951353713526,0.0213118278468627,0.2612069632182153,0.9407407407407408
S08,S08,1129,1129,L1-full,16,680,22,0.0056126000126823,0.0004133000038564,229515264,0.8857142857142857,0.8857084545129854,0.2553526382938011,0.9582653061224492,0.1818181818181818,1.0,0.3076923076923077,18,0.8181818181818182,,,0.3908519999822601,0.05,,,5,0,,,,,,0.09098665179645646
S08,S08,1129,1129,L1-top8,16,680,8,0.003984099952504,0.0002507000463083,229535744,0.8839285714285714,0.8839252402014088,0.2539034306668995,0.9587117346938776,0.5,1.0,0.6666666666666666,4,0.5,,,0.3908519999822601,0.05,8.0,,5,0,,,,,,0.3333333333333333
S08,S08,1129,1129,L1-match,16,680,4,0.0042076000245288,0.0002516999957151,229543936,0.8857142857142857,0.8857142857142857,0.2511441118383782,0.9599617346938776,1.0,1.0,1.0,0,0.0,,,0.3908519999822601,0.05,4.0,,5,0,,,,,,0.9407407407407408
S08,S08,1129,1129,SHIL-k8,16,680,8,0.0059973000315949,0.0002819999936036,229548032,0.8803571428571428,0.8803567613417135,0.2499103290460513,0.960216836734694,0.5,1.0,0.6666666666666666,4,0.5,,,0.9599222000106238,,8.0,,1,0,,,,,,0.4895622895622895
S08,S08,1129,1129,SC-L1,16,680,4,0.0041191999916918,0.0002049999893642,284540928,0.8857142857142857,0.8857142857142857,0.2511441118383782,0.9599617346938776,1.0,1.0,1.0,0,0.0,,,10.623282300017308,,4.0,0.9,80,0,4.0,4.0,0.2312864385143831,0.0187299152702507,0.2500163537846339,1.0
S08,S08,1129,1129,SC-SHIL,16,680,4,0.0040131999994628,0.0003798999823629,250720256,0.8857142857142857,0.8857142857142857,0.2511441118383782,0.9599617346938776,1.0,1.0,1.0,0,0.0,,,18.802708900009748,,4.0,0.8,80,0,4.0,4.0,0.2312864385143831,0.0187299152702507,0.2500163537846339,0.9407407407407408
S08,S08,1151,1151,L1-full,16,680,25,0.005321999953594,0.0003270000452175,232136704,0.8732142857142857,0.8732106469892311,0.2698123985589163,0.9544387755102042,0.16,1.0,0.2758620689655173,21,0.84,,,0.3282259000116028,0.05,,,5,0,,,,,,0.09797412416694169
S08,S08,1151,1151,L1-top8,16,680,8,0.0032745000207796,0.0002002999535761,232148992,0.8660714285714286,0.8660710015019181,0.2577582567345688,0.9580484693877552,0.5,1.0,0.6666666666666666,4,0.5,,,0.3282259000116028,0.05,8.0,,5,0,,,,,,0.3333333333333333
S08,S08,1151,1151,L1-match,16,680,4,0.0032232000376097,0.0001773999538272,232157184,0.8821428571428571,0.8821293260705948,0.2512111972579485,0.9607780612244898,1.0,1.0,1.0,0,0.0,,,0.3282259000116028,0.05,4.0,,5,0,,,,,,0.9407407407407408
S08,S08,1151,1151,SHIL-k8,16,680,8,0.0037789000198245,0.000199900008738,232157184,0.8821428571428571,0.8821368437165161,0.2504510605006137,0.9608035714285714,0.5,1.0,0.6666666666666666,4,0.5,,,0.7316775000072084,,8.0,,1,0,,,,,,0.47968574635241296
S08,S08,1151,1151,SC-L1,16,680,4,0.0031414999975822,0.0001724999747239,287170560,0.8821428571428571,0.8821293260705948,0.2512111972579485,0.9607780612244898,1.0,1.0,1.0,0,0.0,,,10.667259100067897,,4.0,0.9,80,0,4.0,4.0,0.2575584775115692,0.0200771775416218,0.2776356550531911,1.0
S08,S08,1151,1151,SC-SHIL,16,680,4,0.0031444999622181,0.0001869000261649,253345792,0.8821428571428571,0.8821293260705948,0.2512111972579485,0.9607780612244898,1.0,1.0,1.0,0,0.0,,,18.405427400022745,,4.0,0.6,80,0,4.0,4.0,0.2575584775115692,0.0200771775416218,0.2776356550531911,0.9407407407407408
S08,S08,1171,1171,L1-full,16,680,40,0.0059757999842986,0.0004924000240862,234774528,0.8875,0.8874709347758828,0.2641335758200105,0.9576658163265306,0.1,1.0,0.1818181818181818,36,0.9,,,0.4035491000395268,0.05,,,5,0,,,,,,0.09112839145169538
S08,S08,1171,1171,L1-top8,16,680,8,0.0040258999797515,0.0002436999930068,234803200,0.8910714285714286,0.89107108122156,0.2426796011173922,0.9637882653061224,0.5,1.0,0.6666666666666666,4,0.5,,,0.4035491000395268,0.05,8.0,,5,0,,,,,,0.3333333333333333
S08,S08,1171,1171,L1-match,16,680,5,0.0041846000240184,0.0002322000218555,234811392,0.9035714285714286,0.903570198599472,0.2406673503221472,0.9649872448979592,0.8,1.0,0.888888888888889,1,0.2,,,0.4035491000395268,0.05,5.0,,5,0,,,,,,0.7746031746031746
S08,S08,1171,1171,SHIL-k8,16,680,8,0.0038266000337898,0.0002323999651707,234815488,0.8946428571428572,0.8946425211815088,0.2423020564973463,0.964591836734694,0.5,1.0,0.6666666666666666,4,0.5,,,0.8918239999911748,,8.0,,1,0,,,,,,0.37373737373737376
S08,S08,1171,1171,SC-L1,16,680,4,0.0033371999743394,0.000195300031919,289824768,0.8982142857142857,0.8982139611414577,0.2402319263814535,0.9652933673469388,1.0,1.0,1.0,0,0.0,,,11.92155269999057,,4.0,0.9,80,0,4.0,4.0,0.2317703873914283,0.0182316125152288,0.2500019999066571,1.0
S08,S08,1171,1171,SC-SHIL,16,680,5,0.0038776000146754,0.0002189999795518,256024576,0.8982142857142857,0.8982139611414577,0.2402708519052965,0.9652551020408164,0.8,1.0,0.888888888888889,1,0.2,,,17.788653500028886,,8.0,0.9,80,0,4.0,5.0,0.2317703873914283,0.0182316125152288,0.2500019999066571,0.8037037037037037
S08,S08,1181,1181,L1-full,16,680,22,0.0050760000012815,0.0003851999645121,237449216,0.9053571428571427,0.9053568410613556,0.2452999624994052,0.9638647959183672,0.1818181818181818,1.0,0.3076923076923077,18,0.8181818181818182,,,0.3905699999886565,0.05,,,5,0,,,,,,0.08649161066329987
S08,S08,1181,1181,L1-top8,16,680,8,0.0038049999857321,0.000230100005865,237461504,0.9,0.8999948976988621,0.2392036261943029,0.965140306122449,0.5,1.0,0.6666666666666666,4,0.5,,,0.3905699999886565,0.05,8.0,,5,0,,,,,,0.34680134680134683
S08,S08,1181,1181,L1-match,16,680,4,0.0034900999744422,0.0002005000133067,237465600,0.9,0.8999987244735265,0.2316644251465603,0.9675127551020408,1.0,1.0,1.0,0,0.0,,,0.3905699999886565,0.05,4.0,,5,0,,,,,,0.9407407407407408
S08,S08,1181,1181,SHIL-k8,16,680,8,0.0048599999863654,0.00035809999099,237469696,0.9,0.9,0.2344177786648317,0.9665051020408164,0.5,1.0,0.6666666666666666,4,0.5,,,0.9311632000026292,,8.0,,1,0,,,,,,0.41683501683501684
S08,S08,1181,1181,SC-L1,16,680,4,0.0047195999650284,0.0003067000070586,292507648,0.9,0.8999987244735265,0.2316644251465603,0.9675127551020408,1.0,1.0,1.0,0,0.0,,,11.236353299987968,,4.0,0.9,80,0,4.0,4.0,0.2328994577794411,0.0172554531302294,0.2501549109096706,1.0
S08,S08,1181,1181,SC-SHIL,16,680,4,0.0040683000115677,0.0002507999888621,258695168,0.9,0.8999987244735265,0.2316644251465603,0.9675127551020408,1.0,1.0,1.0,0,0.0,,,18.80264419998275,,4.0,0.8,80,0,4.0,4.0,0.2328994577794411,0.0172554531302294,0.2501549109096706,0.9407407407407408
S08,S08,1201,1201,L1-full,16,680,28,0.0064693000167608,0.0004409999819472,240037888,0.8821428571428571,0.8821368437165161,0.2732654093013324,0.9548596938775512,0.1428571428571428,1.0,0.25,24,0.8571428571428571,,,0.3735761999851092,0.05,,,5,0,,,,,,0.09082430906292094
S08,S08,1201,1201,L1-top8,16,680,8,0.0045603999751619,0.000286100024823,240050176,0.8892857142857142,0.8892730032784375,0.2454433321016436,0.9620535714285714,0.5,1.0,0.6666666666666666,4,0.5,,,0.3735761999851092,0.05,8.0,,5,0,,,,,,0.3333333333333333
S08,S08,1201,1201,L1-match,16,680,4,0.0037964999792166,0.0002256000298075,240058368,0.9,0.8999948976988621,0.2380750128018682,0.9649234693877552,1.0,1.0,1.0,0,0.0,,,0.3735761999851092,0.05,4.0,,5,0,,,,,,0.9407407407407408
S08,S08,1201,1201,SHIL-k8,16,680,8,0.0057259000022895,0.0003925000200979,240066560,0.8964285714285715,0.8964285714285715,0.2368550544237211,0.9652423469387756,0.5,1.0,0.6666666666666666,4,0.5,,,0.5774988000048324,,8.0,,1,0,,,,,,0.5120089786756452
S08,S08,1201,1201,SC-L1,16,680,4,0.0044646000023931,0.0002390000154264,295092224,0.9,0.8999948976988621,0.2380750128018682,0.9649234693877552,1.0,1.0,1.0,0,0.0,,,10.596904700039886,,4.0,0.9,80,0,4.0,4.0,0.2549063626230501,0.021461919432747,0.2763682820557971,1.0
S08,S08,1201,1201,SC-SHIL,16,680,4,0.0048792999587021,0.000255900027696,261259264,0.9,0.8999948976988621,0.2380750128018682,0.9649234693877552,1.0,1.0,1.0,0,0.0,,,18.14830160001293,,4.0,0.7,80,0,4.0,4.0,0.2549063626230501,0.021461919432747,0.2763682820557971,0.9407407407407408
S08,S08,1213,1213,L1-full,16,680,209,0.0248288000002503,0.00285960000474,242671616,0.8160714285714286,0.8160426852409974,0.4417203642609448,0.9199234693877552,0.0191387559808612,1.0,0.0375586854460093,205,0.9808612440191388,,,0.4168164999573491,0.25,,,5,0,,,,,,0.09019048089573764
S08,S08,1213,1213,L1-top8,16,680,8,0.0037019000155851,0.0002491999766789,242733056,0.8821428571428571,0.8821293260705948,0.2362719036205538,0.9649872448979592,0.5,1.0,0.6666666666666666,4,0.5,,,0.4168164999573491,0.25,8.0,,5,0,,,,,,0.3333333333333333
S08,S08,1213,1213,L1-match,16,680,6,0.0037605999968945,0.0002694999566301,242737152,0.8821428571428571,0.8821293260705948,0.2361920655221527,0.9653188775510204,0.6666666666666666,1.0,0.8,2,0.3333333333333333,,,0.4168164999573491,0.25,6.0,,5,0,,,,,,0.656084656084656
S08,S08,1213,1213,SHIL-k8,16,680,8,0.0039167000213637,0.0002722999779507,242741248,0.8875,0.8874824191279886,0.2340121531875978,0.9661989795918368,0.5,1.0,0.6666666666666666,4,0.5,,,1.7696891000377946,,8.0,,1,0,,,,,,0.37373737373737376
S08,S08,1213,1213,SC-L1,16,680,4,0.0036388000007718,0.0002714999718591,297693184,0.8857142857142857,0.8856909573382323,0.2340580085035267,0.9658418367346938,1.0,1.0,1.0,0,0.0,,,10.627081700018609,,4.0,0.9,80,0,4.0,4.0,0.2326096806817842,0.017059664161837,0.2496693448436212,1.0
S08,S08,1213,1213,SC-SHIL,16,680,6,0.0061339000239968,0.000265099981334,263856128,0.8875,0.8874709347758828,0.2344978345559501,0.9654209183673468,0.6666666666666666,1.0,0.8,2,0.3333333333333333,,,17.26564400002826,,8.0,0.9,80,0,5.0,6.0,0.2323098943182404,0.017034975659485,0.2493448699777254,0.6851851851851852
S08,S08,1231,1231,L1-full,16,680,24,0.0049890000373125,0.0003757000085897,245379072,0.8732142857142857,0.8732138814218158,0.2765744074308722,0.9527678571428572,0.1666666666666666,1.0,0.2857142857142857,20,0.8333333333333334,,,0.381425199972,0.05,,,5,0,,,,,,0.08913071988009282
S08,S08,1231,1231,L1-top8,16,680,8,0.0042194999987259,0.0002434999914839,245391360,0.875,0.8749744845886915,0.2686131438561949,0.95375,0.5,1.0,0.6666666666666666,4,0.5,,,0.381425199972,0.05,8.0,,5,0,,,,,,0.3333333333333333
S08,S08,1231,1231,L1-match,16,680,4,0.0037005000049248,0.0002069000038318,245395456,0.875,0.874998405591908,0.2680578814680854,0.9541454081632654,1.0,1.0,1.0,0,0.0,,,0.381425199972,0.05,4.0,,5,0,,,,,,0.9407407407407408
S08,S08,1231,1231,SHIL-k8,16,680,8,0.0051829000003635,0.0002536000101827,245399552,0.8714285714285714,0.8714285714285714,0.2740108594553874,0.9519515306122448,0.5,1.0,0.6666666666666666,4,0.5,,,1.057088700006716,,8.0,,1,0,,,,,,0.44377104377104376
S08,S08,1231,1231,SC-L1,16,680,4,0.0033401999971829,0.000199900008738,300429312,0.875,0.874998405591908,0.2680578814680854,0.9541454081632654,1.0,1.0,1.0,0,0.0,,,10.724531600018963,,4.0,0.9,80,0,4.0,4.0,0.2560392096148906,0.0185929300155765,0.2746321396304672,1.0
S08,S08,1231,1231,SC-SHIL,16,680,4,0.0033392999903298,0.0001929000136442,266625024,0.875,0.874998405591908,0.2680578814680854,0.9541454081632654,1.0,1.0,1.0,0,0.0,,,16.70282510004472,,4.0,0.7,80,0,4.0,4.0,0.2560392096148906,0.0185929300155765,0.2746321396304672,0.9407407407407408
S08,S08,1249,1249,L1-full,16,680,38,0.0060554999508894,0.0005108000477775,247947264,0.8946428571428572,0.8946425211815088,0.2264005116009257,0.9678826530612245,0.1052631578947368,1.0,0.1904761904761905,34,0.8947368421052632,,,0.3449971999507397,0.05,,,5,0,,,,,,0.09135905832919411
S08,S08,1249,1249,L1-top8,16,680,8,0.0040926000219769,0.0002327999682165,247955456,0.9053571428571427,0.9053544266257642,0.2022290715255666,0.9743494897959184,0.5,1.0,0.6666666666666666,4,0.5,,,0.3449971999507397,0.05,8.0,,5,0,,,,,,0.34680134680134683
S08,S08,1249,1249,L1-match,16,680,4,0.0035152999917045,0.0002131999935954,247963648,0.9142857142857144,0.9142682180036742,0.1931949283277277,0.9774872448979592,1.0,1.0,1.0,0,0.0,,,0.3449971999507397,0.05,4.0,,5,0,,,,,,0.9407407407407408
S08,S08,1249,1249,SHIL-k8,16,680,8,0.0050016999593935,0.0003249000292271,247971840,0.9125,0.9124930239974488,0.1939459522077201,0.9769770408163264,0.5,1.0,0.6666666666666666,4,0.5,,,0.8816817000042647,,8.0,,1,0,,,,,,0.4464646464646464
S08,S08,1249,1249,SC-L1,16,680,4,0.0044601000263355,0.0002346999826841,302981120,0.9142857142857144,0.9142682180036742,0.1931949283277277,0.9774872448979592,1.0,1.0,1.0,0,0.0,,,10.5457048000535,,4.0,0.9,80,0,4.0,4.0,0.2217572335487928,0.0181569464970347,0.2399141800458276,1.0
S08,S08,1249,1249,SC-SHIL,16,680,4,0.0034452999825589,0.0002159000141546,269168640,0.9142857142857144,0.9142682180036742,0.1931949283277277,0.9774872448979592,1.0,1.0,1.0,0,0.0,,,17.68781220004894,,8.0,0.9,80,0,4.0,4.0,0.2217572335487928,0.0181569464970347,0.2388129597762883,0.9407407407407408
S08,S08,1277,1277,L1-full,16,680,224,0.0249237999669276,0.0029588000033982,227102720,0.8535714285714285,0.8535041600735032,0.4028920834336959,0.9407525510204082,0.0178571428571428,1.0,0.0350877192982456,220,0.9821428571428572,,,0.3764088000170886,0.25,,,5,0,,,,,,0.09066141014186008
S08,S08,1277,1277,L1-top8,16,680,8,0.0036162000033073,0.0002490999759174,227176448,0.8875,0.8873962293057058,0.2154118234349042,0.9722704081632654,0.5,1.0,0.6666666666666666,4,0.5,,,0.3764088000170886,0.25,8.0,,5,0,,,,,,0.3333333333333333
S08,S08,1277,1277,L1-match,16,680,4,0.0040344999870285,0.0003459000145085,227188736,0.8946428571428572,0.8945456750640737,0.2110860747288176,0.973048469387755,1.0,1.0,1.0,0,0.0,,,0.3764088000170886,0.25,4.0,,5,0,,,,,,0.9407407407407408
S08,S08,1277,1277,SHIL-k8,16,680,8,0.0046666000271216,0.0003561999765224,227192832,0.8982142857142857,0.8981594035050777,0.2113380385670268,0.9733418367346938,0.5,1.0,0.6666666666666666,4,0.5,,,0.995792200032156,,8.0,,1,0,,,,,,0.3898989898989899
S08,S08,1277,1277,SC-L1,16,680,4,0.0034148999839089,0.0001959000364877,305577984,0.8946428571428572,0.8945456750640737,0.2110860747288176,0.973048469387755,1.0,1.0,1.0,0,0.0,,,10.624692599987611,,4.0,0.9,80,0,4.0,4.0,0.2460444526543798,0.0211254943122508,0.2671699469666306,1.0
S08,S08,1277,1277,SC-SHIL,16,680,4,0.0029787000385113,0.0001824999926611,271749120,0.8946428571428572,0.8945456750640737,0.2110860747288176,0.973048469387755,1.0,1.0,1.0,0,0.0,,,17.561656399979256,,8.0,0.9,80,0,4.0,4.0,0.2460444526543798,0.0211254943122508,0.2651491928810396,0.9407407407407408
S09,S09,1103,1103,L1-full,16,680,35,0.0046957999584265,0.000566600007005,229797888,0.8928571428571429,0.892822966507177,0.2429011767786185,0.9646173469387754,0.1142857142857142,1.0,0.2051282051282051,31,0.8857142857142857,,,0.3364222999662161,0.05,,,5,0,,,,,,0.06390775257277918
S09,S09,1103,1103,L1-top8,16,680,8,0.003736899991054,0.0002676000003702,229806080,0.9053571428571427,0.9053544266257642,0.2244241035836677,0.968813775510204,0.5,1.0,0.6666666666666666,4,0.5,,,0.3364222999662161,0.05,8.0,,5,0,,,,,,0.3468013468013468
S09,S09,1103,1103,L1-match,16,680,4,0.0034889999660663,0.0003445000038482,229818368,0.9125,0.912497488767216,0.216447384276293,0.971313775510204,1.0,1.0,1.0,0,0.0,,,0.3364222999662161,0.05,4.0,,5,0,,,,,,1.0
S09,S09,1103,1103,SHIL-k8,16,680,8,0.003506599983666,0.0002611000090837,229822464,0.9142857142857144,0.9142857142857144,0.2170350732143918,0.9709821428571428,0.5,1.0,0.6666666666666666,4,0.5,,,0.357503299950622,,8.0,,1,0,,,,,,0.3333333333333333
S09,S09,1103,1103,SC-L1,16,680,4,0.0029366000089794,0.0002183999749831,284856320,0.9125,0.912497488767216,0.216447384276293,0.971313775510204,1.0,1.0,1.0,0,0.0,,,10.03236830001697,,4.0,0.9,80,0,4.0,4.0,0.2212175836493751,0.0181531060048167,0.2393706896541919,1.0
S09,S09,1103,1103,SC-SHIL,16,680,4,0.0029656999977305,0.0002288999967277,251060224,0.9125,0.912497488767216,0.216447384276293,0.971313775510204,1.0,1.0,1.0,0,0.0,,,12.76626430003671,,4.0,0.9,80,0,4.0,4.0,0.2212175836493751,0.0181531060048167,0.2393706896541919,1.0
S09,S09,1129,1129,L1-full,16,680,45,0.0046029999502934,0.0005549000343307,232349696,0.8839285714285714,0.8838837689287002,0.2677898309114826,0.9580994897959184,0.0888888888888888,1.0,0.163265306122449,41,0.9111111111111112,,,0.3818923999788239,0.05,,,5,0,,,,,,0.07728205143533473
S09,S09,1129,1129,L1-top8,16,680,8,0.0034092999994754,0.0002562000299803,232361984,0.8928571428571429,0.8928352725045927,0.2289758874545366,0.967704081632653,0.5,1.0,0.6666666666666666,4,0.5,,,0.3818923999788239,0.05,8.0,,5,0,,,,,,0.3333333333333333
S09,S09,1129,1129,L1-match,16,680,4,0.0030291000148281,0.0002156000118702,232370176,0.9035714285714286,0.9035517452541336,0.2205716784356082,0.9699107142857144,1.0,1.0,1.0,0,0.0,,,0.3818923999788239,0.05,4.0,,5,0,,,,,,1.0
S09,S09,1129,1129,SHIL-k8,16,680,8,0.0034249000018462,0.0003193999873474,232374272,0.8964285714285715,0.896407430087773,0.226367710496945,0.9685459183673468,0.5,1.0,0.6666666666666666,4,0.5,,,0.3118335999897681,,8.0,,1,0,,,,,,0.3333333333333333
S09,S09,1129,1129,SC-L1,16,680,4,0.0034117000177502,0.0002263999776914,287408128,0.9035714285714286,0.9035517452541336,0.2205716784356082,0.9699107142857144,1.0,1.0,1.0,0,0.0,,,10.170986699988134,,4.0,0.9,80,0,4.0,4.0,0.2311784966632472,0.0212754385749307,0.2524539352381779,1.0
S09,S09,1129,1129,SC-SHIL,16,680,4,0.0044392999843694,0.0003537000156939,253603840,0.9035714285714286,0.9035517452541336,0.2205716784356082,0.9699107142857144,1.0,1.0,1.0,0,0.0,,,12.553945799940266,,4.0,0.9,80,0,4.0,4.0,0.2311784966632472,0.0212754385749307,0.2524539352381779,1.0
S09,S09,1151,1151,L1-full,16,680,303,0.0166877000010572,0.002891499956604,235061248,0.8339285714285715,0.8339280418623785,0.5624398400446231,0.9174744897959184,0.0132013201320132,1.0,0.0260586319218241,299,0.9867986798679867,,,0.3905866999994032,0.25,,,5,0,,,,,,0.19035420704751788
S09,S09,1151,1151,L1-top8,16,680,8,0.0026441999943926,0.0002056999946944,235155456,0.8946428571428572,0.8946021902583586,0.2304144229750593,0.9678698979591838,0.5,1.0,0.6666666666666666,4,0.5,,,0.3905866999994032,0.25,8.0,,5,0,,,,,,0.3333333333333333
S09,S09,1151,1151,L1-match,16,680,4,0.0023362999781966,0.0001624000142328,235163648,0.9,0.8999885190902017,0.2254901366459297,0.9690816326530612,1.0,1.0,1.0,0,0.0,,,0.3905866999994032,0.25,4.0,,5,0,,,,,,1.0
S09,S09,1151,1151,SHIL-k8,16,680,8,0.0027242000214755,0.0002040999825112,235171840,0.9017857142857144,0.901770365905387,0.2267594806020614,0.9686224489795918,0.5,1.0,0.6666666666666666,4,0.5,,,0.2734287999919615,,8.0,,1,0,,,,,,0.3333333333333333
S09,S09,1151,1151,SC-L1,16,680,4,0.0022329000057652,0.0001728000352159,290111488,0.9,0.8999885190902017,0.2254901366459297,0.9690816326530612,1.0,1.0,1.0,0,0.0,,,9.666703500028234,,4.0,0.9,80,0,4.0,4.0,0.201833837361078,0.0169151490604782,0.2187489864215562,1.0
S09,S09,1151,1151,SC-SHIL,16,680,4,0.0023217999842017,0.0001800999743863,256286720,0.9,0.8999885190902017,0.2254901366459297,0.9690816326530612,1.0,1.0,1.0,0,0.0,,,13.122192100039683,,4.0,0.9,80,0,4.0,4.0,0.201833837361078,0.0169151490604782,0.2187489864215562,1.0
S09,S09,1171,1171,L1-full,16,680,35,0.0036589000374078,0.0004380999598652,237780992,0.9035714285714286,0.9035406698564594,0.2219713339539878,0.9715433673469388,0.1142857142857142,1.0,0.2051282051282051,31,0.8857142857142857,,,0.2935857000411488,0.05,,,5,0,,,,,,0.07328141010161426
S09,S09,1171,1171,L1-top8,16,680,8,0.0026855000178329,0.0002150000073015,237793280,0.9178571428571428,0.917805771464308,0.1876661470799263,0.9795408163265308,0.5,1.0,0.6666666666666666,4,0.5,,,0.2935857000411488,0.05,8.0,,5,0,,,,,,0.3333333333333333
S09,S09,1171,1171,L1-match,16,680,4,0.0024631000123918,0.0001860999618656,237801472,0.9232142857142858,0.923184647137448,0.1843438979945205,0.9798086734693878,1.0,1.0,1.0,0,0.0,,,0.2935857000411488,0.05,4.0,,5,0,,,,,,1.0
S09,S09,1171,1171,SHIL-k8,16,680,8,0.0028593000024557,0.0002118000411428,237801472,0.9267857142857144,0.926774272765834,0.185382836574448,0.9795535714285716,0.5,1.0,0.6666666666666666,4,0.5,,,0.3047721000039018,,8.0,,1,0,,,,,,0.3333333333333333
S09,S09,1171,1171,SC-L1,16,680,4,0.0024902999866753,0.0001922000083141,292823040,0.9232142857142858,0.923184647137448,0.1843438979945205,0.9798086734693878,1.0,1.0,1.0,0,0.0,,,9.963410200027283,,4.0,0.9,80,0,4.0,4.0,0.1735181277505585,0.0159688789439764,0.189487006694535,1.0
S09,S09,1171,1171,SC-SHIL,16,680,4,0.002609500021208,0.000178899965249,259018752,0.9232142857142858,0.923184647137448,0.1843438979945205,0.9798086734693878,1.0,1.0,1.0,0,0.0,,,12.740628200001083,,4.0,0.9,80,0,4.0,4.0,0.1735181277505585,0.0159688789439764,0.189487006694535,1.0
S09,S09,1181,1181,L1-full,16,680,330,0.0191386000369675,0.0034988999832421,240377856,0.8178571428571428,0.8176687649229433,0.6622660426652268,0.9000765306122449,0.0121212121212121,1.0,0.0239520958083832,326,0.987878787878788,,,0.4345976000186056,0.25,,,5,0,,,,,,0.20035879894941053
S09,S09,1181,1181,L1-top8,16,680,8,0.0031832000240683,0.0002323999651707,240480256,0.8928571428571429,0.8928571428571429,0.2230511241918142,0.9692857142857144,0.5,1.0,0.6666666666666666,4,0.5,,,0.4345976000186056,0.25,8.0,,5,0,,,,,,0.34680134680134683
S09,S09,1181,1181,L1-match,16,680,4,0.0031590999569743,0.0002087000175379,240484352,0.9071428571428573,0.9071416727254172,0.2085978334223804,0.9729591836734696,1.0,1.0,1.0,0,0.0,,,0.4345976000186056,0.25,4.0,,5,0,,,,,,1.0
S09,S09,1181,1181,SHIL-k8,16,680,8,0.0027010000194422,0.0002141000004485,240492544,0.9053571428571427,0.9053568410613556,0.2068877378686205,0.973265306122449,0.5,1.0,0.6666666666666666,4,0.5,,,0.3373996000154875,,8.0,,1,0,,,,,,0.3333333333333333
S09,S09,1181,1181,SC-L1,16,680,4,0.0024069999926723,0.000189299986232,295391232,0.9071428571428573,0.9071416727254172,0.2085978334223804,0.9729591836734696,1.0,1.0,1.0,0,0.0,,,10.145393999991938,,4.0,0.9,80,0,4.0,4.0,0.1991361712724468,0.0164232829958341,0.215559454268281,1.0
S09,S09,1181,1181,SC-SHIL,16,680,4,0.0028411000384949,0.0002623999607749,261578752,0.9071428571428573,0.9071416727254172,0.2085978334223804,0.9729591836734696,1.0,1.0,1.0,0,0.0,,,12.375493399973491,,4.0,0.9,80,0,4.0,4.0,0.1991361712724468,0.0164232829958341,0.215559454268281,1.0
S09,S09,1201,1201,L1-full,16,680,313,0.0192395999911241,0.0034606999834068,243089408,0.8535714285714285,0.8535546172392239,0.4963456957400349,0.9289158163265306,0.0127795527156549,1.0,0.0252365930599369,309,0.987220447284345,,,0.3872648999677039,0.25,,,5,0,,,,,,0.1960216937079238
S09,S09,1201,1201,L1-top8,16,680,8,0.0030785999842919,0.0002571999793872,243187712,0.9160714285714284,0.9160497449915316,0.2108893270663391,0.9722576530612244,0.5,1.0,0.6666666666666666,4,0.5,,,0.3872648999677039,0.25,8.0,,5,0,,,,,,0.34680134680134683
S09,S09,1201,1201,L1-match,16,680,4,0.0025402999599464,0.0001997000072151,243200000,0.9214285714285714,0.92141955071373,0.1971899938142198,0.9767346938775512,1.0,1.0,1.0,0,0.0,,,0.3872648999677039,0.25,4.0,,5,0,,,,,,1.0
S09,S09,1201,1201,SHIL-k8,16,680,8,0.0026956999790854,0.0002178999711759,243204096,0.9142857142857144,0.914281340884739,0.1995294795622852,0.9761734693877552,0.5,1.0,0.6666666666666666,4,0.5,,,0.2709108999697491,,8.0,,1,0,,,,,,0.3333333333333333
S09,S09,1201,1201,SC-L1,16,680,4,0.0024283999809995,0.0001845000078901,298168320,0.9214285714285714,0.92141955071373,0.1971899938142198,0.9767346938775512,1.0,1.0,1.0,0,0.0,,,10.156996000034267,,4.0,0.9,80,0,4.0,4.0,0.2275491248612083,0.0197818157983778,0.2473309406595861,1.0
S09,S09,1201,1201,SC-SHIL,16,680,4,0.0025294999941252,0.0002414000337012,264302592,0.9214285714285714,0.92141955071373,0.1971899938142198,0.9767346938775512,1.0,1.0,1.0,0,0.0,,,13.145559300028252,,4.0,0.9,80,0,4.0,4.0,0.2275491248612083,0.0197818157983778,0.2473309406595861,1.0
S09,S09,1213,1213,L1-full,16,680,321,0.0168748999712988,0.0032887000124901,245800960,0.8660714285714286,0.8660504989618913,0.4105472372154662,0.9462117346938776,0.0124610591900311,1.0,0.0246153846153846,317,0.9875389408099688,,,0.3375943999853916,0.25,,,5,0,,,,,,0.20088068801075115
S09,S09,1213,1213,L1-top8,16,680,8,0.0029513000044971,0.0002339999773539,245895168,0.925,0.9249961732741466,0.1766604674573546,0.9815688775510204,0.5,1.0,0.6666666666666666,4,0.5,,,0.3375943999853916,0.25,8.0,,5,0,,,,,,0.3333333333333333
S09,S09,1213,1213,L1-match,16,680,4,0.002910699986387,0.0002082000137306,245903360,0.9285714285714286,0.9285705174810904,0.1734612169936293,0.9822576530612244,1.0,1.0,1.0,0,0.0,,,0.3375943999853916,0.25,4.0,,5,0,,,,,,1.0
S09,S09,1213,1213,SHIL-k8,16,680,8,0.0028145000105723,0.0002245000214315,245907456,0.9232142857142858,0.9232140408610996,0.1726750473046517,0.9821428571428572,0.5,1.0,0.6666666666666666,4,0.5,,,0.2956786000286229,,8.0,,1,0,,,,,,0.3333333333333333
S09,S09,1213,1213,SC-L1,16,680,4,0.0024210999836213,0.0001881000353023,300834816,0.9285714285714286,0.9285705174810904,0.1734612169936293,0.9822576530612244,1.0,1.0,1.0,0,0.0,,,9.741400600003544,,4.0,0.9,80,0,4.0,4.0,0.2261783255055189,0.0203068883847971,0.2464852138903161,1.0
S09,S09,1213,1213,SC-SHIL,16,680,4,0.00251100002788,0.0001920000067912,267001856,0.9285714285714286,0.9285705174810904,0.1734612169936293,0.9822576530612244,1.0,1.0,1.0,0,0.0,,,11.846566600026565,,4.0,0.9,80,0,4.0,4.0,0.2261783255055189,0.0203068883847971,0.2464852138903161,1.0
S09,S09,1231,1231,L1-full,16,680,288,0.0219670999795198,0.0037564000231213,248446976,0.8464285714285714,0.8463972239232496,0.4331159869773749,0.936313775510204,0.0138888888888888,1.0,0.0273972602739726,284,0.9861111111111112,,,0.3761864000116475,0.25,,,5,0,,,,,,0.19725390465834805
S09,S09,1231,1231,L1-top8,16,680,8,0.0034123000223189,0.0002608000067993,248537088,0.9125,0.9124863259884356,0.205989646708497,0.9747704081632652,0.5,1.0,0.6666666666666666,4,0.5,,,0.3761864000116475,0.25,8.0,,5,0,,,,,,0.3333333333333333
S09,S09,1231,1231,L1-match,16,680,4,0.0046620999928563,0.0002434999914839,248549376,0.9089285714285714,0.9089143392940862,0.2043173065940707,0.9749872448979592,1.0,1.0,1.0,0,0.0,,,0.3761864000116475,0.25,4.0,,5,0,,,,,,1.0
S09,S09,1231,1231,SHIL-k8,16,680,8,0.0032886000117287,0.0002327999682165,248557568,0.9071428571428573,0.9071132376395534,0.2061506309999762,0.974515306122449,0.5,1.0,0.6666666666666666,4,0.5,,,0.3125224999967031,,8.0,,1,0,,,,,,0.3333333333333333
S09,S09,1231,1231,SC-L1,16,680,4,0.0027362999971956,0.0001932000159285,303476736,0.9089285714285714,0.9089143392940862,0.2043173065940707,0.9749872448979592,1.0,1.0,1.0,0,0.0,,,9.915992599970195,,4.0,0.9,80,0,4.0,4.0,0.1911932582432679,0.017721807468894,0.208915065712162,1.0
S09,S09,1231,1231,SC-SHIL,16,680,4,0.0028874999843537,0.0001954999752342,269660160,0.9089285714285714,0.9089143392940862,0.2043173065940707,0.9749872448979592,1.0,1.0,1.0,0,0.0,,,12.193358800024724,,4.0,0.9,80,0,4.0,4.0,0.1911932582432679,0.017721807468894,0.208915065712162,1.0
S09,S09,1249,1249,L1-full,16,680,291,0.016106299997773,0.00299399998039,251154432,0.8625,0.8624785122675418,0.4432630668595157,0.9377933673469389,0.0137457044673539,1.0,0.0271186440677966,287,0.986254295532646,,,0.2997847000369802,0.25,,,5,0,,,,,,0.19661984251565884
S09,S09,1249,1249,L1-top8,16,680,8,0.0029416999896056,0.00031560001662,251248640,0.9107142857142856,0.9107097300882698,0.1982587310577193,0.9760204081632652,0.5,1.0,0.6666666666666666,4,0.5,,,0.2997847000369802,0.25,8.0,,5,0,,,,,,0.3333333333333333
S09,S09,1249,1249,L1-match,16,680,4,0.0026574999792501,0.0001950999721884,251256832,0.9107142857142856,0.9107097300882698,0.1885890102984393,0.9786352040816326,1.0,1.0,1.0,0,0.0,,,0.2997847000369802,0.25,4.0,,5,0,,,,,,1.0
S09,S09,1249,1249,SHIL-k8,16,680,8,0.0024551999522373,0.0002038000384345,251256832,0.9142857142857144,0.9142846209773084,0.1873992056715405,0.9786734693877552,0.5,1.0,0.6666666666666666,4,0.5,,,0.302528100030031,,8.0,,1,0,,,,,,0.3333333333333333
S09,S09,1249,1249,SC-L1,16,680,4,0.0025459000025875,0.0001800999743863,306171904,0.9107142857142856,0.9107097300882698,0.1885890102984393,0.9786352040816326,1.0,1.0,1.0,0,0.0,,,9.716510400001424,,4.0,0.9,80,0,4.0,4.0,0.1871881007641421,0.0160988841309677,0.2032869848951098,1.0
S09,S09,1249,1249,SC-SHIL,16,680,4,0.0024895000387914,0.0001785999629646,272408576,0.9107142857142856,0.9107097300882698,0.1885890102984393,0.9786352040816326,1.0,1.0,1.0,0,0.0,,,11.78444620000664,,4.0,0.9,80,0,4.0,4.0,0.1871881007641421,0.0160988841309677,0.2032869848951098,1.0
S09,S09,1277,1277,L1-full,16,680,42,0.005445199960377,0.0005329000414349,253853696,0.8946428571428572,0.8944648338555791,0.2429401241241267,0.967219387755102,0.0952380952380952,1.0,0.1739130434782608,38,0.9047619047619048,,,0.3055264999857172,0.05,,,5,0,,,,,,0.07108384096640201
S09,S09,1277,1277,L1-top8,16,680,8,0.0031737000099383,0.0002603000029921,253870080,0.9089285714285714,0.9088445665808096,0.2011563849366129,0.97625,0.5,1.0,0.6666666666666666,4,0.5,,,0.3055264999857172,0.05,8.0,,5,0,,,,,,0.34680134680134683
S09,S09,1277,1277,L1-match,16,680,4,0.0032975999638438,0.0002348000416532,253878272,0.9107142857142856,0.910641339869281,0.1942887335040052,0.9789413265306122,1.0,1.0,1.0,0,0.0,,,0.3055264999857172,0.05,4.0,,5,0,,,,,,1.0
S09,S09,1277,1277,SHIL-k8,16,680,8,0.0031433000112883,0.0002416999777778,253878272,0.9142857142857144,0.914197065846091,0.1925770934137098,0.9791326530612244,0.5,1.0,0.6666666666666666,4,0.5,,,0.2721366000478156,,8.0,,1,0,,,,,,0.3333333333333333
S09,S09,1277,1277,SC-L1,16,680,4,0.0028563999803736,0.0002204000484198,308928512,0.9107142857142856,0.910641339869281,0.1942887335040052,0.9789413265306122,1.0,1.0,1.0,0,0.0,,,9.329422899987549,,4.0,0.9,80,0,4.0,4.0,0.2304094443218509,0.020354947944696,0.2507643922665469,1.0
S09,S09,1277,1277,SC-SHIL,16,680,4,0.0033479999983683,0.0003041999880224,275124224,0.9107142857142856,0.910641339869281,0.1942887335040052,0.9789413265306122,1.0,1.0,1.0,0,0.0,,,13.38433349999832,,4.0,0.9,80,0,4.0,4.0,0.2304094443218509,0.020354947944696,0.2507643922665469,1.0
S10,S10,1103,1103,L1-full,24,2300,526,0.0403190000215545,0.0071297999820671,262152192,0.87125,0.8712159929731444,0.4418444848405445,0.94516875,0.0152091254752851,1.0,0.0299625468164794,518,0.9847908745247148,,,2.2381255999789573,0.25,,,5,0,,,,,,0.06414308430026565
S10,S10,1103,1103,L1-top8,24,2300,8,0.0037085000076331,0.0002939000260084,262471680,0.92375,0.923747021368022,0.1727214338456219,0.98180625,1.0,1.0,1.0,0,0.0,,,2.2381255999789573,0.25,8.0,,5,0,,,,,,1.0
S10,S10,1103,1103,L1-match,24,2300,8,0.0036265000235289,0.0002486999728716,262479872,0.92375,0.923747021368022,0.1727214338456219,0.98180625,1.0,1.0,1.0,0,0.0,,,2.2381255999789573,0.25,8.0,,5,0,,,,,,1.0
S10,S10,1103,1103,SHIL-k8,24,2300,8,0.0033103000023402,0.0004037999897263,262483968,0.92375,0.923747021368022,0.1727214338456219,0.98180625,1.0,1.0,1.0,0,0.0,,,1.7017808999517,,8.0,,1,0,,,,,,1.0
S10,S10,1103,1103,SC-L1,24,2300,8,0.0031684000277891,0.0002380000078119,526016512,0.92375,0.923747021368022,0.1727214338456219,0.98180625,1.0,1.0,1.0,0,0.0,,,67.887286400015,,8.0,0.9,80,0,8.0,8.0,0.1569207720977251,0.0147882330849262,0.1717090051826513,1.0
S10,S10,1103,1103,SC-SHIL,24,2300,8,0.003472700016573,0.0003433999954722,367124480,0.92375,0.923747021368022,0.1727214338456219,0.98180625,1.0,1.0,1.0,0,0.0,,,51.091256899992,,8.0,0.9,80,0,8.0,8.0,0.1569207720977251,0.0147882330849262,0.1717090051826513,1.0
S10,S10,1129,1129,L1-full,24,2300,123,0.0127659999998286,0.0013813999830745,270577664,0.89625,0.8962485409951078,0.2687039516112803,0.96774375,0.065040650406504,1.0,0.1221374045801527,115,0.934959349593496,,,1.563220000010915,0.05,,,5,0,,,,,,0.06265100917899145
S10,S10,1129,1129,L1-top8,24,2300,8,0.0035002999939024,0.0002688000095076,270774272,0.9175,0.91749535911395,0.1837299759452977,0.9796125,1.0,1.0,1.0,0,0.0,,,1.563220000010915,0.05,8.0,,5,0,,,,,,1.0
S10,S10,1129,1129,L1-match,24,2300,8,0.0034839999862015,0.0002587999915704,270778368,0.9175,0.91749535911395,0.1837299759452977,0.9796125,1.0,1.0,1.0,0,0.0,,,1.563220000010915,0.05,8.0,,5,0,,,,,,1.0
S10,S10,1129,1129,SHIL-k8,24,2300,8,0.0034479000023566,0.0002600000007078,270782464,0.9175,0.91749535911395,0.1837299759452977,0.9796125,1.0,1.0,1.0,0,0.0,,,1.396335099998396,,8.0,,1,0,,,,,,1.0
S10,S10,1129,1129,SC-L1,24,2300,8,0.0035862999502569,0.000261400011368,534462464,0.9175,0.91749535911395,0.1837299759452977,0.9796125,1.0,1.0,1.0,0,0.0,,,67.49828030000208,,8.0,0.9,80,0,8.0,8.0,0.1567136068661798,0.0125394558069414,0.1692530626731212,1.0
S10,S10,1129,1129,SC-SHIL,24,2300,8,0.00444210000569,0.0002792999730445,375570432,0.9175,0.91749535911395,0.1837299759452977,0.9796125,1.0,1.0,1.0,0,0.0,,,61.50203530001454,,8.0,0.9,80,0,8.0,8.0,0.1567136068661798,0.0125394558069414,0.1692530626731212,1.0
S10,S10,1151,1151,L1-full,24,2300,135,0.0122808999731205,0.0017101999837905,278806528,0.89375,0.89372990831079,0.297854080077557,0.96073125,0.0592592592592592,1.0,0.1118881118881118,127,0.9407407407407408,,,1.4344985000207089,0.05,,,5,0,,,,,,0.06223438703590675
S10,S10,1151,1151,L1-top8,24,2300,8,0.0033648000098764,0.0002461000112816,278990848,0.91625,0.9162341630214462,0.1725721146305979,0.9813875,1.0,1.0,1.0,0,0.0,,,1.4344985000207089,0.05,8.0,,5,0,,,,,,1.0
S10,S10,1151,1151,L1-match,24,2300,8,0.0032454000320285,0.0002459000097587,278990848,0.91625,0.9162341630214462,0.1725721146305979,0.9813875,1.0,1.0,1.0,0,0.0,,,1.4344985000207089,0.05,8.0,,5,0,,,,,,1.0
S10,S10,1151,1151,SHIL-k8,24,2300,8,0.0034237999934703,0.0002684999490156,278994944,0.91625,0.9162341630214462,0.172572114630598,0.9813875,1.0,1.0,1.0,0,0.0,,,1.3412717999890449,,8.0,,1,0,,,,,,1.0
S10,S10,1151,1151,SC-L1,24,2300,8,0.0032206999603658,0.0002500000409781,542711808,0.91625,0.9162341630214462,0.172572114630598,0.9813875,1.0,1.0,1.0,0,0.0,,,48.3847250000108,,8.0,0.9,80,0,8.0,8.0,0.1683684183342184,0.013987541928548,0.1823559602627665,1.0
S10,S10,1151,1151,SC-SHIL,24,2300,8,0.003197599959094,0.0002429000451229,383807488,0.91625,0.9162341630214462,0.172572114630598,0.9813875,1.0,1.0,1.0,0,0.0,,,50.17693009995856,,8.0,0.9,80,0,8.0,8.0,0.1683684183342184,0.013987541928548,0.1823559602627665,1.0
S10,S10,1171,1171,L1-full,24,2300,87,0.0116029999917373,0.0012034999672323,269606912,0.91375,0.9137336902758176,0.225486386222131,0.97146875,0.0919540229885057,1.0,0.1684210526315789,79,0.9080459770114944,,,1.503547800006345,0.05,,,5,0,,,,,,0.060296000297882145
S10,S10,1171,1171,L1-top8,24,2300,8,0.0044465000391937,0.0006221999647095,269770752,0.9275,0.9274959216455926,0.1645835833120136,0.9835125,1.0,1.0,1.0,0,0.0,,,1.503547800006345,0.05,8.0,,5,0,,,,,,1.0
S10,S10,1171,1171,L1-match,24,2300,8,0.00488259998383,0.000452900014352,269778944,0.9275,0.9274959216455926,0.1645835833120136,0.9835125,1.0,1.0,1.0,0,0.0,,,1.503547800006345,0.05,8.0,,5,0,,,,,,1.0
S10,S10,1171,1171,SHIL-k8,24,2300,8,0.0060421000234782,0.0004626999725587,269778944,0.9275,0.9274959216455926,0.1645835833120136,0.9835125,1.0,1.0,1.0,0,0.0,,,1.6064902999787591,,8.0,,1,0,,,,,,1.0
S10,S10,1171,1171,SC-L1,24,2300,8,0.0044492000015452,0.0003358000540174,533471232,0.9275,0.9274959216455926,0.1645835833120136,0.9835125,1.0,1.0,1.0,0,0.0,,,50.77077040000586,,8.0,0.9,80,0,8.0,8.0,0.130082208289355,0.0117263046663175,0.1418085129556725,1.0
S10,S10,1171,1171,SC-SHIL,24,2300,8,0.004335000005085,0.0003119999892078,374632448,0.9275,0.9274959216455926,0.1645835833120136,0.9835125,1.0,1.0,1.0,0,0.0,,,49.81256310001481,,8.0,0.9,80,0,8.0,8.0,0.130082208289355,0.0117263046663175,0.1418085129556725,1.0
S10,S10,1181,1181,L1-full,24,2300,134,0.017942399950698,0.0017167000332847,277872640,0.89375,0.8937418646115093,0.2972796284143225,0.9610375,0.0597014925373134,1.0,0.1126760563380281,126,0.9402985074626866,,,1.4505430000135675,0.05,,,5,0,,,,,,0.06857890067308796
S10,S10,1181,1181,L1-top8,24,2300,8,0.0038933999603614,0.0002998000127263,278081536,0.92,0.9199874980465698,0.1734433863381921,0.98204375,1.0,1.0,1.0,0,0.0,,,1.4505430000135675,0.05,8.0,,5,0,,,,,,1.0
S10,S10,1181,1181,L1-match,24,2300,8,0.0041107999859377,0.0002890999894589,278081536,0.92,0.9199874980465698,0.1734433863381921,0.98204375,1.0,1.0,1.0,0,0.0,,,1.4505430000135675,0.05,8.0,,5,0,,,,,,1.0
S10,S10,1181,1181,SHIL-k8,24,2300,8,0.0046008999925106,0.0003196999896317,278081536,0.92,0.9199874980465698,0.1734433863381921,0.98204375,1.0,1.0,1.0,0,0.0,,,1.4531331000034695,,8.0,,1,0,,,,,,1.0
S10,S10,1181,1181,SC-L1,24,2300,8,0.004158700001426,0.0003461000160314,541757440,0.92,0.9199874980465698,0.1734433863381921,0.98204375,1.0,1.0,1.0,0,0.0,,,48.5843985999818,,8.0,0.9,80,0,8.0,8.0,0.1655288446223873,0.0132197156502667,0.1787485602726541,1.0
S10,S10,1181,1181,SC-SHIL,24,2300,8,0.0052657999913208,0.0003649000427685,382869504,0.92,0.9199874980465698,0.1734433863381921,0.98204375,1.0,1.0,1.0,0,0.0,,,51.60013919998892,,8.0,0.9,80,0,8.0,8.0,0.1655288446223873,0.0132197156502667,0.1787485602726541,1.0
S10,S10,1201,1201,L1-full,24,2300,113,0.0100881000398658,0.0012985999928787,235962368,0.9125,0.912499453121582,0.248818622180881,0.96963125,0.0707964601769911,1.0,0.1322314049586776,105,0.9292035398230089,,,1.473242099978961,0.05,,,5,0,,,,,,0.06073853679203632
S10,S10,1201,1201,L1-top8,24,2300,8,0.0034013999975286,0.0002705000224523,236154880,0.93875,0.9387491386597624,0.1539249065002652,0.98603125,1.0,1.0,1.0,0,0.0,,,1.473242099978961,0.05,8.0,,5,0,,,,,,1.0
S10,S10,1201,1201,L1-match,24,2300,8,0.003318799950648,0.0002486000303179,236158976,0.93875,0.9387491386597624,0.1539249065002652,0.98603125,1.0,1.0,1.0,0,0.0,,,1.473242099978961,0.05,8.0,,5,0,,,,,,1.0
S10,S10,1201,1201,SHIL-k8,24,2300,8,0.0031207000138238,0.0002322000218555,236158976,0.93875,0.9387491386597624,0.1539249065002652,0.98603125,1.0,1.0,1.0,0,0.0,,,1.329910199972801,,8.0,,1,0,,,,,,1.0
S10,S10,1201,1201,SC-L1,24,2300,8,0.0031609000288881,0.0002374000032432,550035456,0.93875,0.9387491386597624,0.1539249065002652,0.98603125,1.0,1.0,1.0,0,0.0,,,49.21546360000502,,8.0,0.9,80,0,8.0,8.0,0.1451753721413246,0.0124029108785281,0.1575782830198527,1.0
S10,S10,1201,1201,SC-SHIL,24,2300,8,0.0030587000073865,0.0002418999793007,391143424,0.93875,0.9387491386597624,0.1539249065002652,0.98603125,1.0,1.0,1.0,0,0.0,,,50.12616599997273,,8.0,0.9,80,0,8.0,8.0,0.1451753721413246,0.0124029108785281,0.1575782830198527,1.0
S10,S10,1213,1213,L1-full,24,2300,549,0.05856939998921,0.0098149999976158,247685120,0.85,0.8499240240371688,0.496698033187782,0.93474375,0.0145719489981785,1.0,0.0287253141831238,541,0.9854280510018216,,,1.855957199994009,0.25,,,5,0,,,,,,0.06507609294811949
S10,S10,1213,1213,L1-top8,24,2300,8,0.0039532000082544,0.0003557000309228,244465664,0.93375,0.933744927346,0.155809577533812,0.98548125,1.0,1.0,1.0,0,0.0,,,1.855957199994009,0.25,8.0,,5,0,,,,,,1.0
S10,S10,1213,1213,L1-match,24,2300,8,0.0050302000017836,0.0002874000347219,244473856,0.93375,0.933744927346,0.155809577533812,0.98548125,1.0,1.0,1.0,0,0.0,,,1.855957199994009,0.25,8.0,,5,0,,,,,,1.0
S10,S10,1213,1213,SHIL-k8,24,2300,8,0.0036868000170215,0.0003011000226251,244486144,0.93375,0.933744927346,0.155809577533812,0.98548125,1.0,1.0,1.0,0,0.0,,,1.360973400005605,,8.0,,1,0,,,,,,1.0
S10,S10,1213,1213,SC-L1,24,2300,8,0.0032991000334732,0.0002572999801486,508063744,0.93375,0.933744927346,0.155809577533812,0.98548125,1.0,1.0,1.0,0,0.0,,,49.79618509998545,,8.0,0.9,80,0,8.0,8.0,0.1400439932481789,0.0110020758317906,0.1510460690799696,1.0
S10,S10,1213,1213,SC-SHIL,24,2300,8,0.0043432000093162,0.0002973999944515,349171712,0.93375,0.933744927346,0.155809577533812,0.98548125,1.0,1.0,1.0,0,0.0,,,50.87107300001662,,8.0,0.9,80,0,8.0,8.0,0.1400439932481789,0.0110020758317906,0.1510460690799696,1.0
S10,S10,1231,1231,L1-full,24,2300,133,0.0131636000005528,0.0020094999927096,252489728,0.90375,0.9037462400875034,0.225273175491603,0.97365625,0.0601503759398496,1.0,0.1134751773049645,125,0.9398496240601504,,,1.5788019999745302,0.05,,,5,0,,,,,,0.06614691600261607
S10,S10,1231,1231,L1-top8,24,2300,8,0.0036870999610982,0.0003003000165335,252661760,0.94,0.93999399939994,0.150478909826374,0.98626875,1.0,1.0,1.0,0,0.0,,,1.5788019999745302,0.05,8.0,,5,0,,,,,,1.0
S10,S10,1231,1231,L1-match,24,2300,8,0.0037507000379264,0.0002642999752424,252665856,0.94,0.93999399939994,0.150478909826374,0.98626875,1.0,1.0,1.0,0,0.0,,,1.5788019999745302,0.05,8.0,,5,0,,,,,,1.0
S10,S10,1231,1231,SHIL-k8,24,2300,8,0.0041336999856866,0.0002801999798975,252669952,0.94,0.93999399939994,0.150478909826374,0.98626875,1.0,1.0,1.0,0,0.0,,,1.496179400011897,,8.0,,1,0,,,,,,1.0
S10,S10,1231,1231,SC-L1,24,2300,8,0.0032873000018298,0.0002589999930933,516415488,0.94,0.93999399939994,0.150478909826374,0.98626875,1.0,1.0,1.0,0,0.0,,,51.381687099987175,,8.0,0.9,80,0,8.0,8.0,0.1572439130099957,0.0123553565786494,0.1695992695886451,1.0
S10,S10,1231,1231,SC-SHIL,24,2300,8,0.0038972000475041,0.0002809000434353,357449728,0.94,0.93999399939994,0.150478909826374,0.98626875,1.0,1.0,1.0,0,0.0,,,55.25590829993598,,8.0,0.9,80,0,8.0,8.0,0.1572439130099957,0.0123553565786494,0.1695992695886451,1.0
S10,S10,1249,1249,L1-full,24,2300,119,0.0105868999962694,0.0012005000025965,260718592,0.88625,0.8862412903487924,0.2894147766413757,0.96088125,0.0672268907563025,1.0,0.1259842519685039,111,0.9327731092436976,,,1.4848000000347383,0.05,,,5,0,,,,,,0.06917983506942388
S10,S10,1249,1249,L1-top8,24,2300,8,0.0035956000210717,0.0002384999534115,260890624,0.90875,0.9087430131369432,0.2086938961356116,0.97368125,1.0,1.0,1.0,0,0.0,,,1.4848000000347383,0.05,8.0,,5,0,,,,,,1.0
S10,S10,1249,1249,L1-match,24,2300,8,0.0031803000019863,0.0002275999868288,260898816,0.90875,0.9087430131369432,0.2086938961356116,0.97368125,1.0,1.0,1.0,0,0.0,,,1.4848000000347383,0.05,8.0,,5,0,,,,,,1.0
S10,S10,1249,1249,SHIL-k8,24,2300,8,0.0033338000066578,0.0002410999732092,260898816,0.90875,0.9087430131369432,0.2086938961356116,0.97368125,1.0,1.0,1.0,0,0.0,,,1.383953400014434,,8.0,,1,0,,,,,,1.0
S10,S10,1249,1249,SC-L1,24,2300,8,0.0030678999610245,0.0002290999982506,524591104,0.90875,0.9087430131369432,0.2086938961356116,0.97368125,1.0,1.0,1.0,0,0.0,,,49.18538040004205,,8.0,0.9,80,0,8.0,8.0,0.20811103859528,0.0169280710742491,0.2250391096695292,1.0
S10,S10,1249,1249,SC-SHIL,24,2300,8,0.0032003999804146,0.0002458000089973,365740032,0.90875,0.9087430131369432,0.2086938961356116,0.97368125,1.0,1.0,1.0,0,0.0,,,52.4876985999872,,8.0,0.9,80,0,8.0,8.0,0.20811103859528,0.0169280710742491,0.2250391096695292,1.0
S10,S10,1277,1277,L1-full,24,2300,135,0.0188210000051185,0.0017292000120505,268992512,0.8775,0.8774877487748776,0.3112347830791999,0.95750625,0.0592592592592592,1.0,0.1118881118881118,127,0.9407407407407408,,,1.4543524999753572,0.05,,,5,0,,,,,,0.06014216746465944
S10,S10,1277,1277,L1-top8,24,2300,8,0.0043212999589741,0.0003053999971598,269164544,0.91,0.9099639855942376,0.1762887663363316,0.981175,1.0,1.0,1.0,0,0.0,,,1.4543524999753572,0.05,8.0,,5,0,,,,,,1.0
S10,S10,1277,1277,L1-match,24,2300,8,0.0035213999799452,0.0002615000121295,269176832,0.91,0.9099639855942376,0.1762887663363316,0.981175,1.0,1.0,1.0,0,0.0,,,1.4543524999753572,0.05,8.0,,5,0,,,,,,1.0
S10,S10,1277,1277,SHIL-k8,24,2300,8,0.0038027000264264,0.0002803999814204,269180928,0.91,0.9099639855942376,0.1762887663363316,0.981175,1.0,1.0,1.0,0,0.0,,,1.4864573000231758,,8.0,,1,0,,,,,,1.0
S10,S10,1277,1277,SC-L1,24,2300,8,0.0041783000342547,0.0003938999725505,532889600,0.91,0.9099639855942376,0.1762887663363316,0.981175,1.0,1.0,1.0,0,0.0,,,50.15986200008774,,8.0,0.9,80,0,8.0,8.0,0.1804289031220323,0.0158170206843553,0.1962459238063876,1.0
S10,S10,1277,1277,SC-SHIL,24,2300,8,0.0040942999767139,0.0002785000251606,373972992,0.91,0.9099639855942376,0.1762887663363316,0.981175,1.0,1.0,1.0,0,0.0,,,52.62886779999826,,8.0,0.9,80,0,8.0,8.0,0.1804289031220323,0.0158170206843553,0.1962459238063876,1.0
S11,S11,1103,1103,L1-full,20,1330,60,0.0089088000240735,0.0006872999947518,273842176,0.8660714285714286,0.8660368271141461,0.2920347277321939,0.9532780612244898,0.0666666666666666,1.0,0.125,56,0.9333333333333332,0.0833333333333333,1.0,0.7722362999920733,0.05,,,5,0,,,,,,0.07994554149692035
S11,S11,1103,1103,L1-top8,20,1330,8,0.0053233000217005,0.0002697000163607,273874944,0.8910714285714286,0.89107108122156,0.2277129897505405,0.9677168367346938,0.5,1.0,0.6666666666666666,4,0.5,0.5,1.0,0.7722362999920733,0.05,8.0,,5,0,,,,,,0.37373737373737376
S11,S11,1103,1103,L1-match,20,1330,10,0.0056959999492391,0.0003274000482633,273887232,0.8964285714285715,0.896427250347581,0.2338155919109266,0.9658163265306124,0.4,1.0,0.5714285714285715,6,0.6,0.4,1.0,0.7722362999920733,0.05,10.0,,5,0,,,,,,0.29985754985754975
S11,S11,1103,1103,SHIL-k8,20,1330,8,0.0067559999879449,0.0002556000254116,273895424,0.8517857142857143,0.8517625521844931,0.3418583419056821,0.9300382653061224,0.375,0.75,0.5,5,0.625,0.875,0.75,0.5265847999835387,,8.0,,1,0,,,,,,0.9012345679012346
S11,S11,1103,1103,SC-L1,20,1330,4,0.0033932000515051,0.0002203999902121,380579840,0.8875,0.8874996412616112,0.2294018273104238,0.9672066326530612,1.0,1.0,1.0,0,0.0,1.0,1.0,21.415594100020822,,4.0,0.9,80,0,4.0,4.0,0.2101508980450971,0.0182887749830771,0.2284396730281743,1.0
S11,S11,1103,1103,SC-SHIL,20,1330,10,0.0065356999984942,0.0002537000109441,315166720,0.8875,0.8874967712721347,0.2339849732269927,0.9656632653061225,0.4,1.0,0.5714285714285715,6,0.6,0.9,1.0,22.217606799968053,,16.0,0.9,80,0,10.0,10.0,0.2136438352882778,0.0186444013137339,0.2322882366020117,0.8888888888888888
S11,S11,1129,1129,L1-full,20,1330,50,0.0082725000102072,0.0005485999863594,278609920,0.8607142857142858,0.8606858542559706,0.3531662253087851,0.9362117346938776,0.08,1.0,0.1481481481481481,46,0.92,0.12,1.0,0.6650684999767691,0.05,,,5,0,,,,,,0.0892971015473088
S11,S11,1129,1129,L1-top8,20,1330,8,0.003778800019063,0.0002227000077255,278650880,0.875,0.8749218261413383,0.2779152077861055,0.9537755102040816,0.5,1.0,0.6666666666666666,4,0.5,0.5,1.0,0.6650684999767691,0.05,8.0,,5,0,,,,,,0.3333333333333333
S11,S11,1129,1129,L1-match,20,1330,6,0.0059281999710947,0.0003066000062972,278663168,0.8910714285714286,0.8910126949791182,0.2707588419607344,0.955969387755102,0.6666666666666666,1.0,0.8,2,0.3333333333333333,0.6666666666666666,1.0,0.6650684999767691,0.05,6.0,,5,0,,,,,,0.3580246913580247
S11,S11,1129,1129,SHIL-k8,20,1330,8,0.0085237000021152,0.0003406999749131,278671360,0.8857142857142857,0.8856428124720808,0.2675080519144552,0.9569897959183672,0.5,1.0,0.6666666666666666,4,0.5,0.875,1.0,0.5224234000197612,,8.0,,1,0,,,,,,0.7580246913580246
S11,S11,1129,1129,SC-L1,20,1330,4,0.0035627000033855,0.0002547000185586,385343488,0.8892857142857142,0.8892348527385023,0.266836136186651,0.9572704081632653,1.0,1.0,1.0,0,0.0,1.0,1.0,19.93691950000357,,4.0,0.9,80,0,4.0,4.0,0.2063603378673701,0.0170209783051397,0.2233813161725099,1.0
S11,S11,1129,1129,SC-SHIL,20,1330,6,0.0069142000284045,0.0003251999733038,319954944,0.825,0.8249642784241682,0.3757705790583973,0.9117602040816326,0.5,0.75,0.6,3,0.5,0.8333333333333334,0.75,21.17599810002139,,8.0,0.9,80,0,7.0,6.0,0.2076968882201307,0.0174297090563267,0.2242154893336272,0.657142857142857
S11,S11,1151,1151,L1-full,20,1330,58,0.0091091999784111,0.0006786999874748,283398144,0.8928571428571429,0.892822966507177,0.2369707058114133,0.9678061224489796,0.0689655172413793,1.0,0.1290322580645161,54,0.9310344827586208,0.0862068965517241,1.0,0.5982674999977462,0.05,,,5,0,,,,,,0.08956285509991055
S11,S11,1151,1151,L1-top8,20,1330,8,0.005416799976956,0.000261400011368,283439104,0.9125,0.9124528205569966,0.2033010174251102,0.9756760204081631,0.5,1.0,0.6666666666666666,4,0.5,0.625,1.0,0.5982674999977462,0.05,8.0,,5,0,,,,,,0.41414141414141414
S11,S11,1151,1151,L1-match,20,1330,10,0.006080400024075,0.0002559999702498,283447296,0.9142857142857144,0.9142321093540606,0.2060487449062237,0.9749744897959184,0.4,1.0,0.5714285714285715,6,0.6,0.5,1.0,0.5982674999977462,0.05,10.0,,5,0,,,,,,0.33048433048433046
S11,S11,1151,1151,SHIL-k8,20,1330,8,0.007815400022082,0.0003848999622277,283451392,0.8589285714285714,0.858892124560234,0.3326867595295465,0.933405612244898,0.375,0.75,0.5,5,0.625,0.875,0.75,0.5834706000168808,,8.0,,1,0,,,,,,0.9012345679012346
S11,S11,1151,1151,SC-L1,20,1330,4,0.0038805999793112,0.0002052999916486,390111232,0.9053571428571427,0.9053061120310372,0.2024229393454985,0.9756760204081631,1.0,1.0,1.0,0,0.0,1.0,1.0,20.63740810006857,,4.0,0.9,80,0,4.0,4.0,0.2140345092873415,0.0182988264972819,0.2323333357846234,1.0
S11,S11,1151,1151,SC-SHIL,20,1330,10,0.0053683000151067,0.0002840000088326,324718592,0.9089285714285714,0.9089050424376194,0.2010199348750865,0.9759566326530612,0.4,1.0,0.5714285714285715,6,0.6,0.9,1.0,21.6080304000061,,16.0,0.9,80,0,10.0,10.0,0.2108914999573927,0.0184480019688766,0.2293395019262694,0.8888888888888888
S11,S11,1171,1171,L1-full,20,1330,57,0.0079491999931633,0.0006111999973654,288157696,0.875,0.8749601275917065,0.2795118685237847,0.9531122448979592,0.0701754385964912,1.0,0.1311475409836065,53,0.9298245614035088,0.1052631578947368,1.0,0.592962599999737,0.05,,,5,0,,,,,,0.08278237427814886
S11,S11,1171,1171,L1-top8,20,1330,8,0.0047097000060603,0.0002206999924965,288190464,0.8964285714285715,0.8964232869023929,0.2254257496287649,0.9685331632653064,0.5,1.0,0.6666666666666666,4,0.5,0.625,1.0,0.592962599999737,0.05,8.0,,5,0,,,,,,0.3872053872053872
S11,S11,1171,1171,L1-match,20,1330,10,0.0045451000332832,0.0002318999613635,288202752,0.8964285714285715,0.896427250347581,0.2263065265473857,0.9681632653061224,0.4,1.0,0.5714285714285715,6,0.6,0.5,1.0,0.592962599999737,0.05,10.0,,5,0,,,,,,0.31481481481481477
S11,S11,1171,1171,SHIL-k8,20,1330,8,0.0067734000040218,0.0002448000013828,288206848,0.8428571428571429,0.8428250663400694,0.3574876129400854,0.9210076530612245,0.375,0.75,0.5,5,0.625,0.875,0.75,0.5617739000008442,,8.0,,1,0,,,,,,0.9012345679012346
S11,S11,1171,1171,SC-L1,20,1330,4,0.0031069000251591,0.000170299957972,394878976,0.9,0.9,0.2235745940123244,0.969158163265306,1.0,1.0,1.0,0,0.0,1.0,1.0,20.28570280002896,,4.0,0.9,80,0,4.0,4.0,0.2239196021097957,0.0181106849310525,0.2420302870408482,1.0
S11,S11,1171,1171,SC-SHIL,20,1330,10,0.005497700010892,0.0002123999875038,329490432,0.9,0.8999885190902017,0.2242096781070592,0.9687755102040816,0.4,1.0,0.5714285714285715,6,0.6,0.9,1.0,21.95380479999585,,16.0,0.9,80,0,10.0,10.0,0.2269063233900629,0.0188581056709217,0.2457644290609846,0.8888888888888888
S11,S11,1181,1181,L1-full,20,1330,65,0.0125709999701939,0.0006718999939039,292933632,0.825,0.8248905565978737,0.3700636185404245,0.9282908163265308,0.0615384615384615,1.0,0.1159420289855072,61,0.9384615384615383,0.1076923076923077,1.0,0.6470815000357106,0.05,,,5,0,,,,,,0.09563689738298554
S11,S11,1181,1181,L1-top8,20,1330,8,0.0045704999938607,0.0002996000112034,292978688,0.8696428571428572,0.8696391159185053,0.2799274665485139,0.9539158163265306,0.5,1.0,0.6666666666666666,4,0.5,0.75,1.0,0.6470815000357106,0.05,8.0,,5,0,,,,,,0.37373737373737376
S11,S11,1181,1181,L1-match,20,1330,10,0.0047662999713793,0.0002343999803997,292986880,0.8732142857142857,0.8731944723505904,0.2811337852390007,0.9533928571428572,0.4,1.0,0.5714285714285715,6,0.6,0.6,1.0,0.6470815000357106,0.05,10.0,,5,0,,,,,,0.30270655270655267
S11,S11,1181,1181,SHIL-k8,20,1330,8,0.0055402999860234,0.0002629999653436,292990976,0.8446428571428571,0.8445590895603817,0.3628804679765473,0.9196811224489796,0.375,0.75,0.5,5,0.625,0.875,0.75,0.5410523999598809,,8.0,,1,0,,,,,,0.9012345679012346
S11,S11,1181,1181,SC-L1,20,1330,4,0.0038852000143378,0.0002589999930933,399642624,0.8767857142857143,0.87676645904494,0.2664479826707404,0.9565433673469388,1.0,1.0,1.0,0,0.0,1.0,1.0,19.52200190006988,,4.0,0.9,80,0,4.0,4.0,0.2121317812657385,0.0155559171331037,0.2276876983988422,1.0
S11,S11,1181,1181,SC-SHIL,20,1330,10,0.0054796999902464,0.000268000003416,334258176,0.875,0.8749218261413383,0.2704689946659409,0.9558290816326532,0.4,1.0,0.5714285714285715,6,0.6,0.9,1.0,20.78731670003617,,16.0,0.9,80,0,10.0,10.0,0.2177021165433984,0.0167020949278288,0.2344042114712272,0.8888888888888888
S11,S11,1201,1201,L1-full,20,1330,59,0.007936600013636,0.0008539999835193,297701376,0.8553571428571428,0.8553345388788427,0.2965567396743717,0.9479846938775508,0.0677966101694915,1.0,0.1269841269841269,55,0.9322033898305084,0.0847457627118644,1.0,0.649125500000082,0.05,,,5,0,,,,,,0.07980177153932894
S11,S11,1201,1201,L1-top8,20,1330,8,0.0051297000027261,0.0002288999967277,297742336,0.8946428571428572,0.8946425211815088,0.2400189313172157,0.9632015306122448,0.5,1.0,0.6666666666666666,4,0.5,0.625,1.0,0.649125500000082,0.05,8.0,,5,0,,,,,,0.37373737373737376
S11,S11,1201,1201,L1-match,20,1330,10,0.0046750000328756,0.0002589999930933,297758720,0.8857142857142857,0.8857084545129854,0.2391064630913066,0.9637244897959184,0.4,1.0,0.5714285714285715,6,0.6,0.5,1.0,0.649125500000082,0.05,10.0,,5,0,,,,,,0.30270655270655267
S11,S11,1201,1201,SHIL-k8,20,1330,8,0.0063780000200495,0.0002142000012099,297762816,0.8196428571428571,0.819642282022583,0.3676188541523567,0.9130102040816326,0.375,0.75,0.5,5,0.625,0.875,0.75,0.5260549000231549,,8.0,,1,0,,,,,,0.9012345679012346
S11,S11,1201,1201,SC-L1,20,1330,4,0.0039369000005535,0.0001928000128827,404430848,0.8910714285714286,0.8910432860528389,0.2313591264068758,0.9669132653061224,1.0,1.0,1.0,0,0.0,1.0,1.0,19.870224000012968,,4.0,0.9,80,0,4.0,4.0,0.2475004954568531,0.0201989752474599,0.2676994707043131,1.0
S11,S11,1201,1201,SC-SHIL,20,1330,10,0.0085980999865569,0.0004655999946407,339025920,0.8928571428571429,0.8928352725045927,0.2332162903568445,0.965829081632653,0.4,1.0,0.5714285714285715,6,0.6,0.9,1.0,21.506191699998453,,16.0,0.9,80,0,10.0,10.0,0.2480730627423024,0.020651522318686,0.2687245850609885,0.8888888888888888
S11,S11,1213,1213,L1-full,20,1330,50,0.0093220000271685,0.0005881999968551,302534656,0.8714285714285714,0.8714138102588307,0.2789737611203166,0.9546811224489796,0.08,1.0,0.1481481481481481,46,0.92,0.12,1.0,0.6360363999847323,0.05,,,5,0,,,,,,0.09190174996606212
S11,S11,1213,1213,L1-top8,20,1330,8,0.0059115999611094,0.0002354000462219,302579712,0.8857142857142857,0.8857084545129854,0.2433576771419951,0.9632525510204082,0.5,1.0,0.6666666666666666,4,0.5,0.625,1.0,0.6360363999847323,0.05,8.0,,5,0,,,,,,0.4303030303030303
S11,S11,1213,1213,L1-match,20,1330,10,0.0049291999894194,0.0002467000158503,302583808,0.8875,0.8874910308538627,0.2425298253390564,0.963341836734694,0.4,1.0,0.5714285714285715,6,0.6,0.5,1.0,0.6360363999847323,0.05,10.0,,5,0,,,,,,0.34391534391534395
S11,S11,1213,1213,SHIL-k8,20,1330,8,0.0061515999841503,0.000309000024572,302596096,0.8267857142857142,0.8267807430697947,0.3813389672035226,0.9096301020408164,0.375,0.75,0.5,5,0.625,0.875,0.75,0.5460234000347555,,8.0,,1,0,,,,,,0.7580246913580246
S11,S11,1213,1213,SC-L1,20,1330,4,0.0035598999820649,0.0001828000531531,409247744,0.8857142857142857,0.8857084545129854,0.2490130896305302,0.961454081632653,1.0,1.0,1.0,0,0.0,1.0,1.0,19.552265300008003,,4.0,0.9,80,0,4.0,4.0,0.2547256825155831,0.0203113907447001,0.2750370732602832,1.0
S11,S11,1213,1213,SC-SHIL,20,1330,10,0.00619009998627,0.000230100005865,343867392,0.8892857142857142,0.8892730032784375,0.2452780121918269,0.9625510204081632,0.4,1.0,0.5714285714285715,6,0.6,0.9,1.0,20.39644199999748,,16.0,0.9,80,0,10.0,10.0,0.2569229100827463,0.0209867404313103,0.2779096505140567,0.8888888888888888
S11,S11,1231,1231,L1-full,20,1330,51,0.0088370000012218,0.0005950000486336,307310592,0.8785714285714286,0.8785156449390026,0.2751131389766649,0.9569770408163264,0.0784313725490196,1.0,0.1454545454545454,47,0.9215686274509804,0.1176470588235294,1.0,0.6509858000208624,0.05,,,5,0,,,,,,0.08814029772101524
S11,S11,1231,1231,L1-top8,20,1330,8,0.0058836999814957,0.0002770000137388,307347456,0.9,0.8999681020733652,0.2328536664330869,0.9674872448979592,0.5,1.0,0.6666666666666666,4,0.5,0.625,1.0,0.6509858000208624,0.05,8.0,,5,0,,,,,,0.3872053872053872
S11,S11,1231,1231,L1-match,20,1330,7,0.0045334000024013,0.0003433999954722,307351552,0.9035714285714286,0.9035111230233182,0.2354632955701365,0.966938775510204,0.5714285714285714,1.0,0.7272727272727273,3,0.4285714285714285,0.7142857142857143,1.0,0.6509858000208624,0.05,7.0,,5,0,,,,,,0.38675213675213677
S11,S11,1231,1231,SHIL-k8,20,1330,8,0.006140100012999,0.0002678000018931,307412992,0.8946428571428572,0.8945672118069405,0.2329794091172021,0.9674872448979592,0.5,1.0,0.6666666666666666,4,0.5,0.875,1.0,0.5647552000009455,,8.0,,1,0,,,,,,0.8024691358024691
S11,S11,1231,1231,SC-L1,20,1330,4,0.003939599962905,0.0002137999981641,414027776,0.8964285714285715,0.896343954248366,0.2332504162454522,0.9669260204081632,1.0,1.0,1.0,0,0.0,1.0,1.0,19.35161630000221,,4.0,0.9,80,0,4.0,4.0,0.2194261514499729,0.0179871513092707,0.2374133027592437,1.0
S11,S11,1231,1231,SC-SHIL,20,1330,7,0.0077929000253789,0.0002095999661833,348614656,0.8357142857142857,0.8357059033624165,0.36019120132159,0.9182397959183676,0.4285714285714285,0.75,0.5454545454545454,4,0.5714285714285714,0.8571428571428571,0.75,20.806060799979605,,8.0,0.7,80,0,8.0,7.0,0.2182714369571048,0.0180277404649336,0.2362991774220384,0.7507936507936507
S11,S11,1249,1249,L1-full,20,1330,50,0.0100434000487439,0.0006299999658949,312033280,0.8696428571428572,0.8696324643227298,0.3169492381037864,0.9501530612244896,0.08,1.0,0.1481481481481481,46,0.92,0.12,1.0,0.6440799999982119,0.05,,,5,0,,,,,,0.08636877013299163
S11,S11,1249,1249,L1-top8,20,1330,8,0.0055271000019274,0.0003788999747484,312074240,0.8875,0.8874824191279886,0.2604742128098785,0.9595918367346938,0.5,1.0,0.6666666666666666,4,0.5,0.625,1.0,0.6440799999982119,0.05,8.0,,5,0,,,,,,0.4303030303030303
S11,S11,1249,1249,L1-match,20,1330,10,0.0056564999977126,0.0002529000048525,312082432,0.8857142857142857,0.8857011646745162,0.2631470473407404,0.9584566326530612,0.4,1.0,0.5714285714285715,6,0.6,0.5,1.0,0.6440799999982119,0.05,10.0,,5,0,,,,,,0.34391534391534395
S11,S11,1249,1249,SHIL-k8,20,1330,8,0.0052366000018082,0.0003063000040128,312098816,0.8464285714285714,0.8464285714285714,0.3714425588734977,0.9198979591836732,0.375,0.75,0.5,5,0.625,0.875,0.75,0.5411820000153966,,8.0,,1,0,,,,,,0.9012345679012346
S11,S11,1249,1249,SC-L1,20,1330,4,0.0039641000330448,0.0004074999596923,418766848,0.8803571428571428,0.8803109618188141,0.2498046818732849,0.9624107142857142,1.0,1.0,1.0,0,0.0,1.0,1.0,20.10765540000284,,4.0,0.9,80,0,4.0,4.0,0.2171682318009277,0.017226202368383,0.2344601724647862,1.0
S11,S11,1249,1249,SC-SHIL,20,1330,10,0.0062470000120811,0.0002352999872528,353378304,0.8839285714285714,0.8838985834989268,0.2563787351809319,0.9609566326530612,0.4,1.0,0.5714285714285715,6,0.6,0.9,1.0,20.77752559998771,,16.0,0.9,80,0,10.0,10.0,0.2161604016644573,0.0176090997839623,0.2337695014484198,0.8888888888888888
S11,S11,1277,1277,L1-full,20,1330,85,0.0116475999820977,0.0010113999596796,316866560,0.8857142857142857,0.8857011646745162,0.2699816728906071,0.9607653061224488,0.0470588235294117,1.0,0.0898876404494382,81,0.9529411764705882,0.0705882352941176,1.0,0.670355100010056,0.05,,,5,0,,,,,,0.09258012266767394
S11,S11,1277,1277,L1-top8,20,1330,8,0.0052064000046812,0.0002362999948672,316911616,0.9160714285714284,0.9160497449915316,0.2118394338095445,0.9727423469387756,0.5,1.0,0.6666666666666666,4,0.5,0.75,1.0,0.670355100010056,0.05,8.0,,5,0,,,,,,0.42760942760942755
S11,S11,1277,1277,L1-match,20,1330,7,0.0049203999806195,0.0002048999886028,316919808,0.9160714285714284,0.9160497449915316,0.2092771187416748,0.9735459183673468,0.5714285714285714,1.0,0.7272727272727273,3,0.4285714285714285,0.8571428571428571,1.0,0.670355100010056,0.05,7.0,,5,0,,,,,,0.42307692307692313
S11,S11,1277,1277,SHIL-k8,20,1330,8,0.0063141999999061,0.0002077000099234,316923904,0.9142857142857144,0.9142682180036742,0.2080623161844285,0.9741964285714286,0.5,1.0,0.6666666666666666,4,0.5,0.875,1.0,0.518990499956999,,8.0,,1,0,,,,,,0.8024691358024691
S11,S11,1277,1277,SC-L1,20,1330,4,0.0044036000035703,0.0002541000139899,423571456,0.9214285714285714,0.92141955071373,0.2034465204739498,0.9753826530612244,1.0,1.0,1.0,0,0.0,1.0,1.0,19.24299759999849,,4.0,0.9,80,0,4.0,4.0,0.2882868202338262,0.0231627649435113,0.3114495851773376,1.0
S11,S11,1277,1277,SC-SHIL,20,1330,7,0.0069861999945715,0.0002320000203326,358187008,0.8517857142857143,0.8517625521844931,0.3323878634412915,0.9320790816326532,0.4285714285714285,0.75,0.5454545454545454,4,0.5714285714285714,0.8571428571428571,0.75,20.12541590002365,,8.0,0.8,80,0,8.0,7.0,0.2874170204854619,0.0231778391912014,0.3105948596766634,0.7507936507936508
S12,S12,1103,1103,L1-full,16,680,282,0.0156936999992467,0.0028001000173389,319569920,0.8625,0.8360300408784105,0.46235066639348,0.9291028911564624,0.0141843971631205,1.0,0.0279720279720279,278,0.9858156028368794,,,0.3936350999865681,0.25,,,5,0,,,,,,0.09757208537769911
S12,S12,1103,1103,L1-top8,16,680,8,0.0027834000065922,0.0002317000180482,319660032,0.9160714285714284,0.8981325592646348,0.1937710475012181,0.9714984207968902,0.5,1.0,0.6666666666666666,4,0.5,,,0.3936350999865681,0.25,8.0,,5,0,,,,,,0.3333333333333333
S12,S12,1103,1103,L1-match,16,680,4,0.0023937000078149,0.0001722000306472,319668224,0.9125,0.8930126832996074,0.1958561687919507,0.971604713313897,1.0,1.0,1.0,0,0.0,,,0.3936350999865681,0.25,4.0,,5,0,,,,,,1.0
S12,S12,1103,1103,SHIL-k8,16,680,8,0.0027719000354409,0.0002072000061161,319672320,0.9125,0.8937977745524915,0.1969997210098773,0.97131620505345,0.5,1.0,0.6666666666666666,4,0.5,,,0.283119399973657,,8.0,,1,0,,,,,,0.3333333333333333
S12,S12,1103,1103,SC-L1,16,680,4,0.0024829999892972,0.0001735999830998,374591488,0.9125,0.8930126832996074,0.1958561687919507,0.971604713313897,1.0,1.0,1.0,0,0.0,,,9.71940469997935,,4.0,0.9,80,0,4.0,4.0,0.2173420501390834,0.0216161020022044,0.2375261113716376,1.0
S12,S12,1103,1103,SC-SHIL,16,680,4,0.0024670999846421,0.0001756999990902,340791296,0.9125,0.8930126832996074,0.1958561687919507,0.971604713313897,1.0,1.0,1.0,0,0.0,,,11.71514569997089,,4.0,0.9,80,0,4.0,4.0,0.2173420501390834,0.0216161020022044,0.2389581521412879,1.0
S12,S12,1129,1129,L1-full,16,680,272,0.0178135000169277,0.0030871999915689,322207744,0.8875,0.8649098824853825,0.3320595681869697,0.953125,0.0147058823529411,1.0,0.0289855072463768,268,0.9852941176470588,,,0.3374701999709941,0.25,,,5,0,,,,,,0.09853869589386575
S12,S12,1129,1129,L1-top8,16,680,8,0.0030190999968908,0.0002316999598406,322285568,0.9285714285714286,0.9140774836977368,0.1577412562251279,0.9813380709426628,0.5,1.0,0.6666666666666666,4,0.5,,,0.3374701999709941,0.25,8.0,,5,0,,,,,,0.3333333333333333
S12,S12,1129,1129,L1-match,16,680,4,0.0026358999894,0.0001989000011235,322293760,0.9357142857142856,0.9229404929362118,0.1532948431593044,0.9826591350826044,1.0,1.0,1.0,0,0.0,,,0.3374701999709941,0.25,4.0,,5,0,,,,,,1.0
S12,S12,1129,1129,SHIL-k8,16,680,8,0.0027076000114902,0.0002344999811612,322293760,0.9232142857142858,0.9077956340773246,0.1572868143616368,0.9810799319727892,0.5,1.0,0.6666666666666666,4,0.5,,,1.756920200015884,,8.0,,1,0,,,,,,0.3333333333333333
S12,S12,1129,1129,SC-L1,16,680,4,0.0027088000206276,0.0001905999961309,377270272,0.9357142857142856,0.9229404929362118,0.1532948431593044,0.9826591350826044,1.0,1.0,1.0,0,0.0,,,9.926826399983838,,4.0,0.9,80,0,4.0,4.0,0.1680106054311345,0.0162266146941783,0.1842372201253128,1.0
S12,S12,1129,1129,SC-SHIL,16,680,4,0.0031442000181414,0.000228299992159,343478272,0.9357142857142856,0.9229404929362118,0.1532948431593044,0.9826591350826044,1.0,1.0,1.0,0,0.0,,,11.455584600043949,,4.0,0.9,80,0,4.0,4.0,0.1680106054311345,0.0162266146941783,0.1842372201253128,1.0
S12,S12,1151,1151,L1-full,16,680,36,0.0040851999656297,0.000419000047259,324886528,0.9089285714285714,0.8902547273852113,0.2009188570942015,0.9695244169096212,0.1111111111111111,1.0,0.1999999999999999,32,0.8888888888888888,,,0.3131828000186942,0.05,,,5,0,,,,,,0.08060002562081875
S12,S12,1151,1151,L1-top8,16,680,8,0.0029301000176928,0.000249899982009,324898816,0.9321428571428572,0.916875,0.169102146926155,0.9782859572400388,0.5,1.0,0.6666666666666666,4,0.5,,,0.3131828000186942,0.05,8.0,,5,0,,,,,,0.3333333333333333
S12,S12,1151,1151,L1-match,16,680,4,0.0029518000083044,0.0002033999771811,324907008,0.9357142857142856,0.921542987904544,0.1613443373559503,0.9812925170068028,1.0,1.0,1.0,0,0.0,,,0.3131828000186942,0.05,4.0,,5,0,,,,,,1.0
S12,S12,1151,1151,SHIL-k8,16,680,8,0.003107699973043,0.0002505000447854,324907008,0.9321428571428572,0.917184265010352,0.1577749670009404,0.9823554421768708,0.5,1.0,0.6666666666666666,4,0.5,,,0.3120093999896198,,8.0,,1,0,,,,,,0.3333333333333333
S12,S12,1151,1151,SC-L1,16,680,4,0.002784900018014,0.0002180999726988,379957248,0.9357142857142856,0.921542987904544,0.1613443373559503,0.9812925170068028,1.0,1.0,1.0,0,0.0,,,9.772597900009714,,4.0,0.9,80,0,4.0,4.0,0.1866060704237516,0.0187567896426313,0.2053628600663829,1.0
S12,S12,1151,1151,SC-SHIL,16,680,4,0.0030819000094197,0.0003122999914921,346148864,0.9357142857142856,0.921542987904544,0.1613443373559503,0.9812925170068028,1.0,1.0,1.0,0,0.0,,,11.533367800002452,,4.0,0.9,80,0,4.0,4.0,0.1866060704237516,0.0187567896426313,0.2053628600663829,1.0
S12,S12,1171,1171,L1-full,16,680,29,0.0038834000006318,0.0004341999883763,327421952,0.9160714285714284,0.897759011152503,0.1998438816665194,0.9712402818270164,0.1379310344827586,1.0,0.2424242424242424,25,0.8620689655172413,,,0.2845023999689147,0.05,,,5,0,,,,,,0.07177855729837833
S12,S12,1171,1171,L1-top8,16,680,8,0.002953500021249,0.0002304000081494,327438336,0.9196428571428572,0.9021096915289922,0.1860287694109492,0.9741557337220604,0.5,1.0,0.6666666666666666,4,0.5,,,0.2845023999689147,0.05,8.0,,5,0,,,,,,0.3333333333333333
S12,S12,1171,1171,L1-match,16,680,4,0.0026562999701127,0.0001811000402085,327442432,0.9232142857142858,0.9068021286889212,0.1834216048016598,0.9747934888241012,1.0,1.0,1.0,0,0.0,,,0.2845023999689147,0.05,4.0,,5,0,,,,,,1.0
S12,S12,1171,1171,SHIL-k8,16,680,8,0.0027734999894164,0.0002047999878413,327442432,0.925,0.908466819221968,0.1820110793102178,0.9750212585034012,0.5,1.0,0.6666666666666666,4,0.5,,,0.2962777999928221,,8.0,,1,0,,,,,,0.3333333333333333
S12,S12,1171,1171,SC-L1,16,680,4,0.0024556000134907,0.0001772999530658,382447616,0.9232142857142858,0.9068021286889212,0.1834216048016598,0.9747934888241012,1.0,1.0,1.0,0,0.0,,,9.616715700016355,,4.0,0.9,80,0,4.0,4.0,0.2057539920043636,0.0179203218438475,0.2236743138482111,1.0
S12,S12,1171,1171,SC-SHIL,16,680,4,0.0024736000341363,0.0001730999792926,348696576,0.9232142857142858,0.9068021286889212,0.1834216048016598,0.9747934888241012,1.0,1.0,1.0,0,0.0,,,11.476588700024877,,4.0,0.9,80,0,4.0,4.0,0.2057539920043636,0.0179203218438475,0.2236743138482111,1.0
S12,S12,1181,1181,L1-full,16,680,32,0.0034677000367082,0.0003698999644257,330031104,0.9053571428571427,0.8834025401589465,0.2040295947703123,0.9712554664723032,0.125,1.0,0.2222222222222222,28,0.875,,,0.3307319000014104,0.05,,,5,0,,,,,,0.07743770239501425
S12,S12,1181,1181,L1-top8,16,680,8,0.0027993000112473,0.0002230000100098,330039296,0.9178571428571428,0.899749373433584,0.167837124118847,0.9798347910592808,0.5,1.0,0.6666666666666666,4,0.5,,,0.3307319000014104,0.05,8.0,,5,0,,,,,,0.3333333333333333
S12,S12,1181,1181,L1-match,16,680,4,0.0024957999703474,0.0001799000310711,330051584,0.9196428571428572,0.901377196999049,0.1625230345147291,0.981368440233236,1.0,1.0,1.0,0,0.0,,,0.3307319000014104,0.05,4.0,,5,0,,,,,,1.0
S12,S12,1181,1181,SHIL-k8,16,680,8,0.0026185000315308,0.0002748999977484,330051584,0.9214285714285714,0.90375,0.1633158180067418,0.9811103012633624,0.5,1.0,0.6666666666666666,4,0.5,,,0.2654469000408426,,8.0,,1,0,,,,,,0.3333333333333333
S12,S12,1181,1181,SC-L1,16,680,4,0.0025550000136718,0.0001726999762468,385060864,0.9196428571428572,0.901377196999049,0.1625230345147291,0.981368440233236,1.0,1.0,1.0,0,0.0,,,9.689469399978409,,4.0,0.9,80,0,4.0,4.0,0.1839623625075427,0.0187867168357907,0.2027490793433335,1.0
S12,S12,1181,1181,SC-SHIL,16,680,4,0.0023937000078149,0.0001733999815769,351293440,0.9196428571428572,0.901377196999049,0.1625230345147291,0.981368440233236,1.0,1.0,1.0,0,0.0,,,11.587485700030811,,4.0,0.9,80,0,4.0,4.0,0.1839623625075427,0.0187867168357907,0.2027490793433335,1.0
S12,S12,1201,1201,L1-full,16,680,28,0.0035647999611683,0.0003539000172168,332648448,0.9232142857142858,0.9074696721090996,0.1910531154881408,0.973442055393586,0.1428571428571428,1.0,0.25,24,0.8571428571428571,,,0.338131099997554,0.05,,,5,0,,,,,,0.07096818298342758
S12,S12,1201,1201,L1-top8,16,680,8,0.0026226000045426,0.0002029999741353,332660736,0.9285714285714286,0.913461389871892,0.1800210268830241,0.9753249514091352,0.5,1.0,0.6666666666666666,4,0.5,,,0.338131099997554,0.05,8.0,,5,0,,,,,,0.3333333333333333
S12,S12,1201,1201,L1-match,16,680,4,0.0023827000404708,0.0001811999827623,332664832,0.9267857142857144,0.9120842092365188,0.170923275812538,0.9786352040816326,1.0,1.0,1.0,0,0.0,,,0.338131099997554,0.05,4.0,,5,0,,,,,,1.0
S12,S12,1201,1201,SHIL-k8,16,680,8,0.0025267000310122,0.0002036999794654,332668928,0.9232142857142858,0.9071385324957292,0.1772515989651559,0.9762208454810496,0.5,1.0,0.6666666666666666,4,0.5,,,0.2801533999736421,,8.0,,1,0,,,,,,0.3333333333333333
S12,S12,1201,1201,SC-L1,16,680,4,0.0025348999770358,0.0001784000196494,387670016,0.9267857142857144,0.9120842092365188,0.170923275812538,0.9786352040816326,1.0,1.0,1.0,0,0.0,,,9.9560564000858,,4.0,0.9,80,0,4.0,4.0,0.1815460528396885,0.0175912658238651,0.1991373186635537,1.0
S12,S12,1201,1201,SC-SHIL,16,680,4,0.0031159000354819,0.0001850999542511,353865728,0.9267857142857144,0.9120842092365188,0.170923275812538,0.9786352040816326,1.0,1.0,1.0,0,0.0,,,11.860713799949735,,4.0,0.9,80,0,4.0,4.0,0.1815460528396885,0.0175912658238651,0.1991373186635537,1.0
S12,S12,1213,1213,L1-full,16,680,28,0.0042688000248745,0.0004159000236541,335192064,0.9178571428571428,0.899749373433584,0.1968981193521904,0.969721817298348,0.1428571428571428,1.0,0.25,24,0.8571428571428571,,,0.2917477000155486,0.05,,,5,0,,,,,,0.08131177765380469
S12,S12,1213,1213,L1-top8,16,680,8,0.0029941999819129,0.000246400013566,335204352,0.9321428571428572,0.9162415769254992,0.1823548449259843,0.9749301506316812,0.5,1.0,0.6666666666666666,4,0.5,,,0.2917477000155486,0.05,8.0,,5,0,,,,,,0.3333333333333333
S12,S12,1213,1213,L1-match,16,680,4,0.002588800038211,0.0002037999802269,335212544,0.9375,0.9230016774634552,0.1727443764661498,0.9774204324586976,1.0,1.0,1.0,0,0.0,,,0.2917477000155486,0.05,4.0,,5,0,,,,,,1.0
S12,S12,1213,1213,SHIL-k8,16,680,8,0.0027704999665729,0.0002283999929204,335212544,0.9285714285714286,0.91282554211616,0.1790743111104356,0.974854227405248,0.5,1.0,0.6666666666666666,4,0.5,,,0.2912193999509327,,8.0,,1,0,,,,,,0.3333333333333333
S12,S12,1213,1213,SC-L1,16,680,4,0.0025122999795712,0.0001795000280253,390221824,0.9375,0.9230016774634552,0.1727443764661498,0.9774204324586976,1.0,1.0,1.0,0,0.0,,,9.827602900040802,,4.0,0.9,80,0,4.0,4.0,0.1864229117636698,0.0193466362303363,0.2057695479940061,1.0
S12,S12,1213,1213,SC-SHIL,16,680,4,0.0025277999811805,0.0001884999801404,356466688,0.9375,0.9230016774634552,0.1727443764661498,0.9774204324586976,1.0,1.0,1.0,0,0.0,,,11.971114400075749,,4.0,0.9,80,0,4.0,4.0,0.1864229117636698,0.0193466362303363,0.2057695479940061,1.0
S12,S12,1231,1231,L1-full,16,680,293,0.0150674000033177,0.0027684000087901,337805312,0.8642857142857143,0.8361665434836167,0.4720200807559804,0.9260204081632654,0.0136518771331058,1.0,0.0269360269360269,289,0.9863481228668942,,,0.3846650999621488,0.25,,,5,0,,,,,,0.09817817975319605
S12,S12,1231,1231,L1-top8,16,680,8,0.0027727000415325,0.0002028999733738,337899520,0.9017857142857144,0.881647255023267,0.2026435467260051,0.9694181243926142,0.5,1.0,0.6666666666666666,4,0.5,,,0.3846650999621488,0.25,8.0,,5,0,,,,,,0.3333333333333333
S12,S12,1231,1231,L1-match,16,680,4,0.0025173000176437,0.0001736999838612,337907712,0.8982142857142857,0.8769045663315478,0.2054102159474769,0.968992954324587,1.0,1.0,1.0,0,0.0,,,0.3846650999621488,0.25,4.0,,5,0,,,,,,1.0
S12,S12,1231,1231,SHIL-k8,16,680,8,0.002405599982012,0.0001985999988391,337915904,0.8982142857142857,0.8773435188422949,0.2069532708197031,0.9684766763848396,0.5,1.0,0.6666666666666666,4,0.5,,,0.2713916999637149,,8.0,,1,0,,,,,,0.3333333333333333
S12,S12,1231,1231,SC-L1,16,680,4,0.0041525000124238,0.0001750999945215,392839168,0.8982142857142857,0.8769045663315478,0.2054102159474769,0.968992954324587,1.0,1.0,1.0,0,0.0,,,10.412071500031743,,4.0,0.9,80,0,4.0,4.0,0.1760251243571574,0.0179088058511193,0.1939339302082767,1.0
S12,S12,1231,1231,SC-SHIL,16,680,4,0.0023863000096753,0.0001700999564491,359018496,0.8982142857142857,0.8769045663315478,0.2054102159474769,0.968992954324587,1.0,1.0,1.0,0,0.0,,,11.800203700026032,,4.0,0.9,80,0,4.0,4.0,0.1760251243571574,0.0179088058511193,0.1939339302082767,1.0
S12,S12,1249,1249,L1-full,16,680,34,0.0042326999828219,0.0004859999753534,340496384,0.9053571428571427,0.8878980506800525,0.2407489012854145,0.9648627308066084,0.1176470588235294,1.0,0.2105263157894736,30,0.8823529411764706,,,0.3255569000029936,0.05,,,5,0,,,,,,0.08810027171607744
S12,S12,1249,1249,L1-top8,16,680,8,0.0030142000177875,0.00024530000519,340508672,0.9089285714285714,0.8917652944052208,0.1917807697659195,0.974656827016521,0.5,1.0,0.6666666666666666,4,0.5,,,0.3255569000029936,0.05,8.0,,5,0,,,,,,0.3333333333333333
S12,S12,1249,1249,L1-match,16,680,4,0.0035630000056698,0.000246400013566,340520960,0.9178571428571428,0.9025408980160112,0.1791431789358457,0.9780733722060252,1.0,1.0,1.0,0,0.0,,,0.3255569000029936,0.05,4.0,,5,0,,,,,,1.0
S12,S12,1249,1249,SHIL-k8,16,680,8,0.0030012000352144,0.0002304999507032,340516864,0.9178571428571428,0.9025408980160112,0.1823771770406058,0.9769345238095236,0.5,1.0,0.6666666666666666,4,0.5,,,1.76033300004201,,8.0,,1,0,,,,,,0.3333333333333333
S12,S12,1249,1249,SC-L1,16,680,4,0.0028356999973766,0.0002263999776914,395587584,0.9178571428571428,0.9025408980160112,0.1791431789358457,0.9780733722060252,1.0,1.0,1.0,0,0.0,,,9.574596699967516,,4.0,0.9,80,0,4.0,4.0,0.1900140123752747,0.0179331226701708,0.2079471350454455,1.0
S12,S12,1249,1249,SC-SHIL,16,680,4,0.0026107999728992,0.0001827999949455,361721856,0.9178571428571428,0.9025408980160112,0.1791431789358457,0.9780733722060252,1.0,1.0,1.0,0,0.0,,,11.84507969999686,,4.0,0.9,80,0,4.0,4.0,0.1900140123752747,0.0179331226701708,0.2079471350454455,1.0
S12,S12,1277,1277,L1-full,16,680,41,0.0033815000206232,0.0004301000153645,343044096,0.8821428571428571,0.8582278481012658,0.2493387129048157,0.9554330660835764,0.0975609756097561,1.0,0.1777777777777777,37,0.902439024390244,,,0.2855621000053361,0.05,,,5,0,,,,,,0.068670354339611
S12,S12,1277,1277,L1-top8,16,680,8,0.0025295999948866,0.0002007000148296,343056384,0.9178571428571428,0.9004805983526758,0.1918526712670041,0.973533163265306,0.5,1.0,0.6666666666666666,4,0.5,,,0.2855621000053361,0.05,8.0,,5,0,,,,,,0.3333333333333333
S12,S12,1277,1277,L1-match,16,680,4,0.0029842999647371,0.0001830999972298,343064576,0.9160714285714284,0.8985002564488201,0.1881092850630246,0.974550534499514,1.0,1.0,1.0,0,0.0,,,0.2855621000053361,0.05,4.0,,5,0,,,,,,1.0
S12,S12,1277,1277,SHIL-k8,16,680,8,0.002550599980168,0.000205900054425,343064576,0.9125,0.8941811184253656,0.1913511085551188,0.973396501457726,0.5,1.0,0.6666666666666666,4,0.5,,,1.704674300039187,,8.0,,1,0,,,,,,0.3333333333333333
S12,S12,1277,1277,SC-L1,16,680,4,0.0022462999913841,0.0001765000051818,398114816,0.9160714285714284,0.8985002564488201,0.1881092850630246,0.974550534499514,1.0,1.0,1.0,0,0.0,,,9.92351900000358,,4.0,0.9,80,0,4.0,4.0,0.2043216903842593,0.0200581348987032,0.2243798252829625,1.0
S12,S12,1277,1277,SC-SHIL,16,680,4,0.0022830999805592,0.000179799972102,364261376,0.9160714285714284,0.8985002564488201,0.1881092850630246,0.974550534499514,1.0,1.0,1.0,0,0.0,,,11.690987599955406,,4.0,0.9,80,0,4.0,4.0,0.2043216903842593,0.0200581348987032,0.2243798252829625,1.0
