dataset,scenario,data_seed,split_seed,status,method_id,ranker_id,policy_id,score_family_id,selected_edge_count,candidate_average_precision,accuracy,macro_f1,log_loss,roc_auc_ovr,support_precision,support_recall,support_f1,false_inclusions,false_discovery_proportion,group_tp,group_precision,group_recall,group_f1,group_false_inclusions,group_false_discovery_proportion,requested_k,budget_shortfall,zero_padding_applied,chosen_k,validation_log_loss,validation_log_loss_se,one_se_ceiling,chosen_q,chosen_pi,tuning_support_size,final_support_size,run_mean_jaccard,analysis_role
S00,S00,1103,1103,OK,shil.fixed_k.k01,shil,fixed_k,shil.final_ranker_score,1,,0.6,0.5999948978941058,0.6545648291078051,0.6499107142857143,0.0,1.0,0.0,1,1.0,0,0.0,1.0,0.0,1,1.0,1.0,0.0,False,,,,,,,,,0.0,DESCRIPTIVE_NO_INFERENCE
S00,S00,1103,1103,OK,shil.fixed_k.k02,shil,fixed_k,shil.final_ranker_score,2,,0.5946428571428571,0.5946312234726123,0.6590883345703584,0.6400765306122449,0.0,1.0,0.0,2,1.0,0,0.0,1.0,0.0,2,1.0,2.0,0.0,False,,,,,,,,,0.0,DESCRIPTIVE_NO_INFERENCE
S00,S00,1103,1103,OK,shil.fixed_k.k04,shil,fixed_k,shil.final_ranker_score,4,,0.6,0.5997498436522827,0.6592365875529783,0.6427551020408163,0.0,1.0,0.0,4,1.0,0,0.0,1.0,0.0,4,1.0,4.0,0.0,False,,,,,,,,,0.0,DESCRIPTIVE_NO_INFERENCE
S00,S00,1103,1103,OK,shil.fixed_k.k08,shil,fixed_k,shil.final_ranker_score,8,,0.5767857142857142,0.5766763736807019,0.6654805860716946,0.6317984693877551,0.0,1.0,0.0,8,1.0,0,0.0,1.0,0.0,8,1.0,8.0,0.0,False,,,,,,,,,0.0,DESCRIPTIVE_NO_INFERENCE
S00,S00,1103,1103,OK,shil.fixed_k.k16,shil,fixed_k,shil.final_ranker_score,16,,0.5821428571428572,0.5818815331010453,0.6760612228528811,0.6185076530612246,0.0,1.0,0.0,16,1.0,0,0.0,1.0,0.0,16,1.0,16.0,0.0,False,,,,,,,,,0.0035842293906810036,DESCRIPTIVE_NO_INFERENCE
S00,S00,1103,1103,OK,shil.validation_one_se,shil,validation_one_se,shil.final_ranker_score,1,,0.6,0.5999948978941058,0.6545648291078051,0.6499107142857143,0.0,1.0,0.0,1,1.0,0,0.0,1.0,0.0,1,1.0,,0.0,False,1.0,0.6710955477590719,0.0109824652779431,0.6820780130370151,,,,,0.0,DESCRIPTIVE_NO_INFERENCE
S00,S00,1103,1103,OK,shil.cpss_one_se,shil,cpss_one_se,shil.final_development_selection_frequency,0,,0.5964285714285714,0.5964285714285714,0.6548625540415544,0.6509566326530611,1.0,1.0,1.0,0,0.0,0,1.0,1.0,1.0,0,0.0,,,False,,0.6657177669333199,0.0105705722244806,0.6762883391578005,4.0,0.9,0.0,0.0,1.0,DESCRIPTIVE_NO_INFERENCE
S00,S00,1103,1103,OK,l1.fixed_k.k01,l1,fixed_k,l1.final_ranker_score,1,,0.6017857142857143,0.601784444465703,0.6571878379602768,0.649094387755102,0.0,1.0,0.0,1,1.0,0,0.0,1.0,0.0,1,1.0,1.0,0.0,False,,,,,,,,,0.0,DESCRIPTIVE_NO_INFERENCE
S00,S00,1103,1103,OK,l1.fixed_k.k02,l1,fixed_k,l1.final_ranker_score,2,,0.5892857142857143,0.5892804755162693,0.6606087169874093,0.6421173469387755,0.0,1.0,0.0,2,1.0,0,0.0,1.0,0.0,2,1.0,2.0,0.0,False,,,,,,,,,0.0,DESCRIPTIVE_NO_INFERENCE
S00,S00,1103,1103,OK,l1.fixed_k.k04,l1,fixed_k,l1.final_ranker_score,4,,0.6053571428571428,0.6051443539407397,0.6625033669116407,0.6413903061224491,0.0,1.0,0.0,4,1.0,0,0.0,1.0,0.0,4,1.0,4.0,0.0,False,,,,,,,,,0.0,DESCRIPTIVE_NO_INFERENCE
S00,S00,1103,1103,OK,l1.fixed_k.k08,l1,fixed_k,l1.final_ranker_score,8,,0.5839285714285715,0.5838210762346141,0.6749748017658581,0.6247066326530611,0.0,1.0,0.0,8,1.0,0,0.0,1.0,0.0,8,1.0,8.0,0.0,False,,,,,,,,,0.0,DESCRIPTIVE_NO_INFERENCE
S00,S00,1103,1103,OK,l1.fixed_k.k16,l1,fixed_k,l1.final_ranker_score,11,,0.5964285714285714,0.5963822377568854,0.6683474926625363,0.6355994897959184,0.0,1.0,0.0,11,1.0,0,0.0,1.0,0.0,11,1.0,16.0,5.0,False,,,,,,,,,0.013888888888888888,DESCRIPTIVE_NO_INFERENCE
S00,S00,1103,1103,OK,l1.validation_one_se,l1,validation_one_se,l1.final_ranker_score,1,,0.6017857142857143,0.601784444465703,0.6571878379602768,0.649094387755102,0.0,1.0,0.0,1,1.0,0,0.0,1.0,0.0,1,1.0,,0.0,False,1.0,0.6710955477590719,0.0109824652779431,0.6817779677860949,,,,,0.0,DESCRIPTIVE_NO_INFERENCE
S00,S00,1103,1103,OK,l1.cpss_one_se,l1,cpss_one_se,l1.final_development_selection_frequency,0,,0.5964285714285714,0.5964285714285714,0.6548625540415544,0.6509566326530611,1.0,1.0,1.0,0,0.0,0,1.0,1.0,1.0,0,0.0,,,False,,0.6657177669333199,0.0105705722244806,0.6762883391578005,4.0,0.9,0.0,0.0,1.0,DESCRIPTIVE_NO_INFERENCE
S00,S00,1129,1129,OK,shil.fixed_k.k01,shil,fixed_k,shil.final_ranker_score,1,,0.6196428571428572,0.6194377709926586,0.660310945396406,0.649375,0.0,1.0,0.0,1,1.0,0,0.0,1.0,0.0,1,1.0,1.0,0.0,False,,,,,,,,,0.0,DESCRIPTIVE_NO_INFERENCE
S00,S00,1129,1129,OK,shil.fixed_k.k02,shil,fixed_k,shil.final_ranker_score,2,,0.6125,0.612399886450263,0.6634811997058787,0.6431250000000001,0.0,1.0,0.0,2,1.0,0,0.0,1.0,0.0,2,1.0,2.0,0.0,False,,,,,,,,,0.0,DESCRIPTIVE_NO_INFERENCE
S00,S00,1129,1129,OK,shil.fixed_k.k04,shil,fixed_k,shil.final_ranker_score,4,,0.6107142857142858,0.6107142857142858,0.6691904829363929,0.6333035714285715,0.0,1.0,0.0,4,1.0,0,0.0,1.0,0.0,4,1.0,4.0,0.0,False,,,,,,,,,0.0,DESCRIPTIVE_NO_INFERENCE
S00,S00,1129,1129,OK,shil.fixed_k.k08,shil,fixed_k,shil.final_ranker_score,8,,0.5910714285714286,0.5910388264370565,0.672822822242308,0.6265178571428571,0.0,1.0,0.0,8,1.0,0,0.0,1.0,0.0,8,1.0,8.0,0.0,False,,,,,,,,,0.0,DESCRIPTIVE_NO_INFERENCE
S00,S00,1129,1129,OK,shil.fixed_k.k16,shil,fixed_k,shil.final_ranker_score,16,,0.5625,0.5623311290389468,0.6981150961761511,0.5823724489795918,0.0,1.0,0.0,16,1.0,0,0.0,1.0,0.0,16,1.0,16.0,0.0,False,,,,,,,,,0.01099163679808841,DESCRIPTIVE_NO_INFERENCE
S00,S00,1129,1129,OK,shil.validation_one_se,shil,validation_one_se,shil.final_ranker_score,1,,0.6196428571428572,0.6194377709926586,0.660310945396406,0.649375,0.0,1.0,0.0,1,1.0,0,0.0,1.0,0.0,1,1.0,,0.0,False,1.0,0.6616728974015316,0.0092201588395867,0.6708930562411183,,,,,0.0,DESCRIPTIVE_NO_INFERENCE
S00,S00,1129,1129,OK,shil.cpss_one_se,shil,cpss_one_se,shil.final_development_selection_frequency,0,,0.6125,0.6124987643455495,0.6607924513478575,0.6467219387755102,1.0,1.0,1.0,0,0.0,0,1.0,1.0,1.0,0,0.0,,,False,,0.6605587176277838,0.0090855038485231,0.669644221476307,4.0,0.9,0.0,0.0,1.0,DESCRIPTIVE_NO_INFERENCE
S00,S00,1129,1129,OK,l1.fixed_k.k01,l1,fixed_k,l1.final_ranker_score,1,,0.6053571428571428,0.6053256796619628,0.6646831659381027,0.6420918367346939,0.0,1.0,0.0,1,1.0,0,0.0,1.0,0.0,1,1.0,1.0,0.0,False,,,,,,,,,0.0,DESCRIPTIVE_NO_INFERENCE
S00,S00,1129,1129,OK,l1.fixed_k.k02,l1,fixed_k,l1.final_ranker_score,2,,0.5982142857142857,0.5982027545433383,0.6719078431844746,0.6282525510204082,0.0,1.0,0.0,2,1.0,0,0.0,1.0,0.0,2,1.0,2.0,0.0,False,,,,,,,,,0.0,DESCRIPTIVE_NO_INFERENCE
S00,S00,1129,1129,OK,l1.fixed_k.k04,l1,fixed_k,l1.final_ranker_score,4,,0.5964285714285714,0.5964285714285714,0.6752251141713626,0.6171938775510204,0.0,1.0,0.0,4,1.0,0,0.0,1.0,0.0,4,1.0,4.0,0.0,False,,,,,,,,,0.0,DESCRIPTIVE_NO_INFERENCE
S00,S00,1129,1129,OK,l1.fixed_k.k08,l1,fixed_k,l1.final_ranker_score,8,,0.5964285714285714,0.5962998405103668,0.6753856244045884,0.6222704081632653,0.0,1.0,0.0,8,1.0,0,0.0,1.0,0.0,8,1.0,8.0,0.0,False,,,,,,,,,0.0,DESCRIPTIVE_NO_INFERENCE
S00,S00,1129,1129,OK,l1.fixed_k.k16,l1,fixed_k,l1.final_ranker_score,14,,0.5732142857142857,0.5729078579976068,0.6786040578401652,0.6159948979591837,0.0,1.0,0.0,14,1.0,0,0.0,1.0,0.0,14,1.0,16.0,2.0,False,,,,,,,,,0.008744855967078188,DESCRIPTIVE_NO_INFERENCE
S00,S00,1129,1129,OK,l1.validation_one_se,l1,validation_one_se,l1.final_ranker_score,1,,0.6053571428571428,0.6053256796619628,0.6646831659381027,0.6420918367346939,0.0,1.0,0.0,1,1.0,0,0.0,1.0,0.0,1,1.0,,0.0,False,1.0,0.6565441829302253,0.0092865125101966,0.665830695440422,,,,,0.0,DESCRIPTIVE_NO_INFERENCE
S00,S00,1129,1129,OK,l1.cpss_one_se,l1,cpss_one_se,l1.final_development_selection_frequency,0,,0.6125,0.6124987643455495,0.6607924513478575,0.6467219387755102,1.0,1.0,1.0,0,0.0,0,1.0,1.0,1.0,0,0.0,,,False,,0.6605587176277838,0.0090855038485231,0.669644221476307,4.0,0.9,0.0,0.0,1.0,DESCRIPTIVE_NO_INFERENCE
S00,S00,1151,1151,OK,shil.fixed_k.k01,shil,fixed_k,shil.final_ranker_score,1,,0.5910714285714286,0.5910596924018865,0.6560182801611506,0.6503826530612246,0.0,1.0,0.0,1,1.0,0,0.0,1.0,0.0,1,1.0,1.0,0.0,False,,,,,,,,,0.0,DESCRIPTIVE_NO_INFERENCE
S00,S00,1151,1151,OK,shil.fixed_k.k02,shil,fixed_k,shil.final_ranker_score,2,,0.5964285714285714,0.5964234237681603,0.6601542225596921,0.6368750000000001,0.0,1.0,0.0,2,1.0,0,0.0,1.0,0.0,2,1.0,2.0,0.0,False,,,,,,,,,0.0,DESCRIPTIVE_NO_INFERENCE
S00,S00,1151,1151,OK,shil.fixed_k.k04,shil,fixed_k,shil.final_ranker_score,4,,0.6142857142857143,0.6142857142857143,0.6625783422110301,0.637359693877551,0.0,1.0,0.0,4,1.0,0,0.0,1.0,0.0,4,1.0,4.0,0.0,False,,,,,,,,,0.0,DESCRIPTIVE_NO_INFERENCE
S00,S00,1151,1151,OK,shil.fixed_k.k08,shil,fixed_k,shil.final_ranker_score,8,,0.5928571428571429,0.5928519496422149,0.6730010218946293,0.6257908163265307,0.0,1.0,0.0,8,1.0,0,0.0,1.0,0.0,8,1.0,8.0,0.0,False,,,,,,,,,0.014814814814814815,DESCRIPTIVE_NO_INFERENCE
S00,S00,1151,1151,OK,shil.fixed_k.k16,shil,fixed_k,shil.final_ranker_score,16,,0.5714285714285714,0.5714231048865419,0.6759351871459027,0.6216071428571429,0.0,1.0,0.0,16,1.0,0,0.0,1.0,0.0,16,1.0,16.0,0.0,False,,,,,,,,,0.007168458781362007,DESCRIPTIVE_NO_INFERENCE
S00,S00,1151,1151,OK,shil.validation_one_se,shil,validation_one_se,shil.final_ranker_score,1,,0.5910714285714286,0.5910596924018865,0.6560182801611506,0.6503826530612246,0.0,1.0,0.0,1,1.0,0,0.0,1.0,0.0,1,1.0,,0.0,False,1.0,0.6966813523480092,0.0122071645613166,0.7088885169093259,,,,,0.0,DESCRIPTIVE_NO_INFERENCE
S00,S00,1151,1151,OK,shil.cpss_one_se,shil,cpss_one_se,shil.final_development_selection_frequency,0,,0.5857142857142857,0.5855821371610845,0.6571959841011826,0.6456505102040817,1.0,1.0,1.0,0,0.0,0,1.0,1.0,1.0,0,0.0,,,False,,0.6957507845278968,0.0118333152730057,0.7075840998009026,4.0,0.9,0.0,0.0,1.0,DESCRIPTIVE_NO_INFERENCE
S00,S00,1151,1151,OK,l1.fixed_k.k01,l1,fixed_k,l1.final_ranker_score,1,,0.5875,0.5874355368026254,0.6619165277259076,0.6388775510204082,0.0,1.0,0.0,1,1.0,0,0.0,1.0,0.0,1,1.0,1.0,0.0,False,,,,,,,,,0.0,DESCRIPTIVE_NO_INFERENCE
S00,S00,1151,1151,OK,l1.fixed_k.k02,l1,fixed_k,l1.final_ranker_score,2,,0.5857142857142857,0.5856931476095719,0.6639238817716688,0.6378826530612245,0.0,1.0,0.0,2,1.0,0,0.0,1.0,0.0,2,1.0,2.0,0.0,False,,,,,,,,,0.0,DESCRIPTIVE_NO_INFERENCE
S00,S00,1151,1151,OK,l1.fixed_k.k04,l1,fixed_k,l1.final_ranker_score,4,,0.5839285714285715,0.5838210762346141,0.6686780711768658,0.6336096938775511,0.0,1.0,0.0,4,1.0,0,0.0,1.0,0.0,4,1.0,4.0,0.0,False,,,,,,,,,0.0,DESCRIPTIVE_NO_INFERENCE
S00,S00,1151,1151,OK,l1.fixed_k.k08,l1,fixed_k,l1.final_ranker_score,8,,0.5910714285714286,0.5909657787885264,0.6710208027907386,0.629591836734694,0.0,1.0,0.0,8,1.0,0,0.0,1.0,0.0,8,1.0,8.0,0.0,False,,,,,,,,,0.007407407407407408,DESCRIPTIVE_NO_INFERENCE
S00,S00,1151,1151,OK,l1.fixed_k.k16,l1,fixed_k,l1.final_ranker_score,16,,0.5892857142857143,0.5892804755162693,0.6799649081356277,0.6205484693877552,0.0,1.0,0.0,16,1.0,0,0.0,1.0,0.0,16,1.0,16.0,0.0,False,,,,,,,,,0.007662835249042145,DESCRIPTIVE_NO_INFERENCE
S00,S00,1151,1151,OK,l1.validation_one_se,l1,validation_one_se,l1.final_ranker_score,1,,0.5875,0.5874355368026254,0.6619165277259076,0.6388775510204082,0.0,1.0,0.0,1,1.0,0,0.0,1.0,0.0,1,1.0,,0.0,False,1.0,0.6966813523480092,0.0122071645613166,0.7088885169093259,,,,,0.0,DESCRIPTIVE_NO_INFERENCE
S00,S00,1151,1151,OK,l1.cpss_one_se,l1,cpss_one_se,l1.final_development_selection_frequency,0,,0.5857142857142857,0.5855821371610845,0.6571959841011826,0.6456505102040817,1.0,1.0,1.0,0,0.0,0,1.0,1.0,1.0,0,0.0,,,False,,0.6957507845278968,0.0118333152730057,0.7075840998009026,4.0,0.9,0.0,0.0,1.0,DESCRIPTIVE_NO_INFERENCE
S00,S00,1171,1171,OK,shil.fixed_k.k01,shil,fixed_k,shil.final_ranker_score,1,,0.5892857142857143,0.5892804755162693,0.686633703682867,0.5906632653061225,0.0,1.0,0.0,1,1.0,0,0.0,1.0,0.0,1,1.0,1.0,0.0,False,,,,,,,,,0.0,DESCRIPTIVE_NO_INFERENCE
S00,S00,1171,1171,OK,shil.fixed_k.k02,shil,fixed_k,shil.final_ranker_score,2,,0.5857142857142857,0.5856667219451213,0.6862094708613862,0.5908673469387755,0.0,1.0,0.0,2,1.0,0,0.0,1.0,0.0,2,1.0,2.0,0.0,False,,,,,,,,,0.0,DESCRIPTIVE_NO_INFERENCE
S00,S00,1171,1171,OK,shil.fixed_k.k04,shil,fixed_k,shil.final_ranker_score,4,,0.5660714285714286,0.5660368332934704,0.6942826965461446,0.5729719387755102,0.0,1.0,0.0,4,1.0,0,0.0,1.0,0.0,4,1.0,4.0,0.0,False,,,,,,,,,0.0,DESCRIPTIVE_NO_INFERENCE
S00,S00,1171,1171,OK,shil.fixed_k.k08,shil,fixed_k,shil.final_ranker_score,8,,0.5660714285714286,0.5660700448662146,0.695326051223453,0.5771173469387755,0.0,1.0,0.0,8,1.0,0,0.0,1.0,0.0,8,1.0,8.0,0.0,False,,,,,,,,,0.0,DESCRIPTIVE_NO_INFERENCE
S00,S00,1171,1171,OK,shil.fixed_k.k16,shil,fixed_k,shil.final_ranker_score,16,,0.55,0.5499770396448799,0.7051896496944893,0.567015306122449,0.0,1.0,0.0,16,1.0,0,0.0,1.0,0.0,16,1.0,16.0,0.0,False,,,,,,,,,0.01099163679808841,DESCRIPTIVE_NO_INFERENCE
S00,S00,1171,1171,OK,shil.validation_one_se,shil,validation_one_se,shil.final_ranker_score,1,,0.5892857142857143,0.5892804755162693,0.686633703682867,0.5906632653061225,0.0,1.0,0.0,1,1.0,0,0.0,1.0,0.0,1,1.0,,0.0,False,1.0,0.6748496624132246,0.0101201579980282,0.6833257830798508,,,,,0.0,DESCRIPTIVE_NO_INFERENCE
S00,S00,1171,1171,OK,shil.cpss_one_se,shil,cpss_one_se,shil.final_development_selection_frequency,0,,0.5660714285714286,0.5660368332934704,0.6839892354453121,0.5902168367346938,1.0,1.0,1.0,0,0.0,0,1.0,1.0,1.0,0,0.0,,,False,,0.6754025955776884,0.010005357294947,0.6854079528726355,4.0,0.9,0.0,0.0,1.0,DESCRIPTIVE_NO_INFERENCE
S00,S00,1171,1171,OK,l1.fixed_k.k01,l1,fixed_k,l1.final_ranker_score,1,,0.5892857142857143,0.5892804755162693,0.686633703682867,0.5906632653061225,0.0,1.0,0.0,1,1.0,0,0.0,1.0,0.0,1,1.0,1.0,0.0,False,,,,,,,,,0.0,DESCRIPTIVE_NO_INFERENCE
S00,S00,1171,1171,OK,l1.fixed_k.k02,l1,fixed_k,l1.final_ranker_score,2,,0.5767857142857142,0.5767843647460611,0.69039277507354,0.5819770408163265,0.0,1.0,0.0,2,1.0,0,0.0,1.0,0.0,2,1.0,2.0,0.0,False,,,,,,,,,0.0,DESCRIPTIVE_NO_INFERENCE
S00,S00,1171,1171,OK,l1.fixed_k.k04,l1,fixed_k,l1.final_ranker_score,4,,0.5678571428571428,0.5678516307605965,0.6870902470177518,0.5891581632653061,0.0,1.0,0.0,4,1.0,0,0.0,1.0,0.0,4,1.0,4.0,0.0,False,,,,,,,,,0.0,DESCRIPTIVE_NO_INFERENCE
S00,S00,1171,1171,OK,l1.fixed_k.k08,l1,fixed_k,l1.final_ranker_score,8,,0.5660714285714286,0.5660036166365281,0.6905608120144302,0.5851658163265306,0.0,1.0,0.0,8,1.0,0,0.0,1.0,0.0,8,1.0,8.0,0.0,False,,,,,,,,,0.007407407407407408,DESCRIPTIVE_NO_INFERENCE
S00,S00,1171,1171,OK,l1.fixed_k.k16,l1,fixed_k,l1.final_ranker_score,14,,0.5571428571428572,0.5569394109540096,0.6939427800240657,0.585344387755102,0.0,1.0,0.0,14,1.0,0,0.0,1.0,0.0,14,1.0,16.0,2.0,False,,,,,,,,,0.007662835249042145,DESCRIPTIVE_NO_INFERENCE
S00,S00,1171,1171,OK,l1.validation_one_se,l1,validation_one_se,l1.final_ranker_score,1,,0.5892857142857143,0.5892804755162693,0.686633703682867,0.5906632653061225,0.0,1.0,0.0,1,1.0,0,0.0,1.0,0.0,1,1.0,,0.0,False,1.0,0.685378397811204,0.0108812807758627,0.6947210556229141,,,,,0.0,DESCRIPTIVE_NO_INFERENCE
S00,S00,1171,1171,OK,l1.cpss_one_se,l1,cpss_one_se,l1.final_development_selection_frequency,0,,0.5660714285714286,0.5660368332934704,0.6839892354453121,0.5902168367346938,1.0,1.0,1.0,0,0.0,0,1.0,1.0,1.0,0,0.0,,,False,,0.6754025955776884,0.010005357294947,0.6854079528726355,4.0,0.9,0.0,0.0,1.0,DESCRIPTIVE_NO_INFERENCE
S00,S00,1181,1181,OK,shil.fixed_k.k01,shil,fixed_k,shil.final_ranker_score,1,,0.5660714285714286,0.5659039361488329,0.6829206324891888,0.5950255102040816,0.0,1.0,0.0,1,1.0,0,0.0,1.0,0.0,1,1.0,1.0,0.0,False,,,,,,,,,0.0,DESCRIPTIVE_NO_INFERENCE
S00,S00,1181,1181,OK,shil.fixed_k.k02,shil,fixed_k,shil.final_ranker_score,2,,0.5660714285714286,0.5657598723573993,0.6913869743759812,0.5855229591836735,0.0,1.0,0.0,2,1.0,0,0.0,1.0,0.0,2,1.0,2.0,0.0,False,,,,,,,,,0.0,DESCRIPTIVE_NO_INFERENCE
S00,S00,1181,1181,OK,shil.fixed_k.k04,shil,fixed_k,shil.final_ranker_score,4,,0.5446428571428571,0.544525212188097,0.6918917922631936,0.585829081632653,0.0,1.0,0.0,4,1.0,0,0.0,1.0,0.0,4,1.0,4.0,0.0,False,,,,,,,,,0.0,DESCRIPTIVE_NO_INFERENCE
S00,S00,1181,1181,OK,shil.fixed_k.k08,shil,fixed_k,shil.final_ranker_score,8,,0.5446428571428571,0.5443973314700843,0.6981139947997854,0.579311224489796,0.0,1.0,0.0,8,1.0,0,0.0,1.0,0.0,8,1.0,8.0,0.0,False,,,,,,,,,0.0,DESCRIPTIVE_NO_INFERENCE
S00,S00,1181,1181,OK,shil.fixed_k.k16,shil,fixed_k,shil.final_ranker_score,16,,0.5357142857142857,0.5357083636270872,0.7154653945524415,0.5623469387755102,0.0,1.0,0.0,16,1.0,0,0.0,1.0,0.0,16,1.0,16.0,0.0,False,,,,,,,,,0.0035842293906810036,DESCRIPTIVE_NO_INFERENCE
S00,S00,1181,1181,OK,shil.validation_one_se,shil,validation_one_se,shil.final_ranker_score,1,,0.5660714285714286,0.5659039361488329,0.6829206324891888,0.5950255102040816,0.0,1.0,0.0,1,1.0,0,0.0,1.0,0.0,1,1.0,,0.0,False,1.0,0.6896641656803254,0.0119653042126079,0.7019642580894567,,,,,0.0,DESCRIPTIVE_NO_INFERENCE
S00,S00,1181,1181,OK,shil.cpss_one_se,shil,cpss_one_se,shil.final_development_selection_frequency,0,,0.5696428571428571,0.5693338651775031,0.6810452477820564,0.5981760204081633,1.0,1.0,1.0,0,0.0,0,1.0,1.0,1.0,0,0.0,,,False,,0.6868733664833856,0.0119286741935942,0.6988020406769798,4.0,0.9,0.0,0.0,1.0,DESCRIPTIVE_NO_INFERENCE
S00,S00,1181,1181,OK,l1.fixed_k.k01,l1,fixed_k,l1.final_ranker_score,1,,0.575,0.5747342088805503,0.6794728935839738,0.6004591836734694,0.0,1.0,0.0,1,1.0,0,0.0,1.0,0.0,1,1.0,1.0,0.0,False,,,,,,,,,0.0,DESCRIPTIVE_NO_INFERENCE
S00,S00,1181,1181,OK,l1.fixed_k.k02,l1,fixed_k,l1.final_ranker_score,2,,0.5625,0.5618838992332968,0.6862629195001341,0.5889030612244899,0.0,1.0,0.0,2,1.0,0,0.0,1.0,0.0,2,1.0,2.0,0.0,False,,,,,,,,,0.0,DESCRIPTIVE_NO_INFERENCE
S00,S00,1181,1181,OK,l1.fixed_k.k04,l1,fixed_k,l1.final_ranker_score,4,,0.5446428571428571,0.5445716964704306,0.6925892688046054,0.5766198979591837,0.0,1.0,0.0,4,1.0,0,0.0,1.0,0.0,4,1.0,4.0,0.0,False,,,,,,,,,0.0,DESCRIPTIVE_NO_INFERENCE
S00,S00,1181,1181,OK,l1.fixed_k.k08,l1,fixed_k,l1.final_ranker_score,8,,0.5357142857142857,0.5357083636270872,0.6988807377836275,0.577219387755102,0.0,1.0,0.0,8,1.0,0,0.0,1.0,0.0,8,1.0,8.0,0.0,False,,,,,,,,,0.0,DESCRIPTIVE_NO_INFERENCE
S00,S00,1181,1181,OK,l1.fixed_k.k16,l1,fixed_k,l1.final_ranker_score,16,,0.5517857142857143,0.5516699147420092,0.7165659072843326,0.5658801020408163,0.0,1.0,0.0,16,1.0,0,0.0,1.0,0.0,16,1.0,16.0,0.0,False,,,,,,,,,0.0035842293906810036,DESCRIPTIVE_NO_INFERENCE
S00,S00,1181,1181,OK,l1.validation_one_se,l1,validation_one_se,l1.final_ranker_score,1,,0.575,0.5747342088805503,0.6794728935839738,0.6004591836734694,0.0,1.0,0.0,1,1.0,0,0.0,1.0,0.0,1,1.0,,0.0,False,1.0,0.6896641656803254,0.0119653042126079,0.7016294698929334,,,,,0.0,DESCRIPTIVE_NO_INFERENCE
S00,S00,1181,1181,OK,l1.cpss_one_se,l1,cpss_one_se,l1.final_development_selection_frequency,0,,0.5696428571428571,0.5693338651775031,0.6810452477820564,0.5981760204081633,1.0,1.0,1.0,0,0.0,0,1.0,1.0,1.0,0,0.0,,,False,,0.6868733664833856,0.0119286741935942,0.6988020406769798,4.0,0.9,0.0,0.0,1.0,DESCRIPTIVE_NO_INFERENCE
S00,S00,1201,1201,OK,shil.fixed_k.k01,shil,fixed_k,shil.final_ranker_score,1,,0.6107142857142858,0.6107093202719422,0.6581021617527353,0.650280612244898,0.0,1.0,0.0,1,1.0,0,0.0,1.0,0.0,1,1.0,1.0,0.0,False,,,,,,,,,0.0,DESCRIPTIVE_NO_INFERENCE
S00,S00,1201,1201,OK,shil.fixed_k.k02,shil,fixed_k,shil.final_ranker_score,2,,0.6017857142857143,0.6017742856140642,0.6594839398553444,0.6455612244897959,0.0,1.0,0.0,2,1.0,0,0.0,1.0,0.0,2,1.0,2.0,0.0,False,,,,,,,,,0.0,DESCRIPTIVE_NO_INFERENCE
S00,S00,1201,1201,OK,shil.fixed_k.k04,shil,fixed_k,shil.final_ranker_score,4,,0.5982142857142857,0.5981822530495098,0.6583618165977333,0.646045918367347,0.0,1.0,0.0,4,1.0,0,0.0,1.0,0.0,4,1.0,4.0,0.0,False,,,,,,,,,0.0,DESCRIPTIVE_NO_INFERENCE
S00,S00,1201,1201,OK,shil.fixed_k.k08,shil,fixed_k,shil.final_ranker_score,8,,0.5964285714285714,0.5964234237681603,0.6663043337953943,0.6317219387755103,0.0,1.0,0.0,8,1.0,0,0.0,1.0,0.0,8,1.0,8.0,0.0,False,,,,,,,,,0.007407407407407408,DESCRIPTIVE_NO_INFERENCE
S00,S00,1201,1201,OK,shil.fixed_k.k16,shil,fixed_k,shil.final_ranker_score,16,,0.5660714285714286,0.5659039361488329,0.6767604947649118,0.6099872448979592,0.0,1.0,0.0,16,1.0,0,0.0,1.0,0.0,16,1.0,16.0,0.0,False,,,,,,,,,0.014336917562724014,DESCRIPTIVE_NO_INFERENCE
S00,S00,1201,1201,OK,shil.validation_one_se,shil,validation_one_se,shil.final_ranker_score,1,,0.6107142857142858,0.6107093202719422,0.6581021617527353,0.650280612244898,0.0,1.0,0.0,1,1.0,0,0.0,1.0,0.0,1,1.0,,0.0,False,1.0,0.6662996853006778,0.0106744616190501,0.676974146919728,,,,,0.0,DESCRIPTIVE_NO_INFERENCE
S00,S00,1201,1201,OK,shil.cpss_one_se,shil,cpss_one_se,shil.final_development_selection_frequency,0,,0.5875,0.5874986846259076,0.6638129323403693,0.6354591836734693,1.0,1.0,1.0,0,0.0,0,1.0,1.0,1.0,0,0.0,,,False,,0.6654292191458903,0.0103898679272091,0.6758190870730993,4.0,0.9,0.0,0.0,1.0,DESCRIPTIVE_NO_INFERENCE
S00,S00,1201,1201,OK,l1.fixed_k.k01,l1,fixed_k,l1.final_ranker_score,1,,0.5821428571428572,0.5821215368131027,0.6666021562692326,0.6308035714285715,0.0,1.0,0.0,1,1.0,0,0.0,1.0,0.0,1,1.0,1.0,0.0,False,,,,,,,,,0.0,DESCRIPTIVE_NO_INFERENCE
S00,S00,1201,1201,OK,l1.fixed_k.k02,l1,fixed_k,l1.final_ranker_score,2,,0.6142857142857143,0.6142807943978877,0.6610478059815529,0.6460204081632653,0.0,1.0,0.0,2,1.0,0,0.0,1.0,0.0,2,1.0,2.0,0.0,False,,,,,,,,,0.0,DESCRIPTIVE_NO_INFERENCE
S00,S00,1201,1201,OK,l1.fixed_k.k04,l1,fixed_k,l1.final_ranker_score,4,,0.6053571428571428,0.6052551838963508,0.6597128366419405,0.642015306122449,0.0,1.0,0.0,4,1.0,0,0.0,1.0,0.0,4,1.0,4.0,0.0,False,,,,,,,,,0.0,DESCRIPTIVE_NO_INFERENCE
S00,S00,1201,1201,OK,l1.fixed_k.k08,l1,fixed_k,l1.final_ranker_score,8,,0.5875,0.58746711313083,0.668692324182425,0.6300637755102041,0.0,1.0,0.0,8,1.0,0,0.0,1.0,0.0,8,1.0,8.0,0.0,False,,,,,,,,,0.0,DESCRIPTIVE_NO_INFERENCE
S00,S00,1201,1201,OK,l1.fixed_k.k16,l1,fixed_k,l1.final_ranker_score,15,,0.5732142857142857,0.5731475900252272,0.6767899152092448,0.6226020408163265,0.0,1.0,0.0,15,1.0,0,0.0,1.0,0.0,15,1.0,16.0,1.0,False,,,,,,,,,0.013227513227513227,DESCRIPTIVE_NO_INFERENCE
S00,S00,1201,1201,OK,l1.validation_one_se,l1,validation_one_se,l1.final_ranker_score,1,,0.5821428571428572,0.5821215368131027,0.6666021562692326,0.6308035714285715,0.0,1.0,0.0,1,1.0,0,0.0,1.0,0.0,1,1.0,,0.0,False,1.0,0.6686867041954027,0.0108510096042265,0.6799541463738211,,,,,0.0,DESCRIPTIVE_NO_INFERENCE
S00,S00,1201,1201,OK,l1.cpss_one_se,l1,cpss_one_se,l1.final_development_selection_frequency,0,,0.5875,0.5874986846259076,0.6638129323403693,0.6354591836734693,1.0,1.0,1.0,0,0.0,0,1.0,1.0,1.0,0,0.0,,,False,,0.6654292191458903,0.0103898679272091,0.6758190870730993,4.0,0.9,0.0,0.0,1.0,DESCRIPTIVE_NO_INFERENCE
S00,S00,1213,1213,OK,shil.fixed_k.k01,shil,fixed_k,shil.final_ranker_score,1,,0.5982142857142857,0.5979976454147803,0.6639702614474761,0.6335204081632653,0.0,1.0,0.0,1,1.0,0,0.0,1.0,0.0,1,1.0,1.0,0.0,False,,,,,,,,,0.0,DESCRIPTIVE_NO_INFERENCE
S00,S00,1213,1213,OK,shil.fixed_k.k02,shil,fixed_k,shil.final_ranker_score,2,,0.5982142857142857,0.5980592001378082,0.6684377272708157,0.6262372448979592,0.0,1.0,0.0,2,1.0,0,0.0,1.0,0.0,2,1.0,2.0,0.0,False,,,,,,,,,0.0,DESCRIPTIVE_NO_INFERENCE
S00,S00,1213,1213,OK,shil.fixed_k.k04,shil,fixed_k,shil.final_ranker_score,4,,0.5803571428571429,0.5803236865183767,0.6697230539123926,0.6239668367346939,0.0,1.0,0.0,4,1.0,0,0.0,1.0,0.0,4,1.0,4.0,0.0,False,,,,,,,,,0.0,DESCRIPTIVE_NO_INFERENCE
S00,S00,1213,1213,OK,shil.fixed_k.k08,shil,fixed_k,shil.final_ranker_score,8,,0.5696428571428571,0.5695756033308776,0.6780784277752133,0.6075382653061225,0.0,1.0,0.0,8,1.0,0,0.0,1.0,0.0,8,1.0,8.0,0.0,False,,,,,,,,,0.007407407407407408,DESCRIPTIVE_NO_INFERENCE
S00,S00,1213,1213,OK,shil.fixed_k.k16,shil,fixed_k,shil.final_ranker_score,16,,0.575,0.5748047572865091,0.6917038367743635,0.5914923469387755,0.0,1.0,0.0,16,1.0,0,0.0,1.0,0.0,16,1.0,16.0,0.0,False,,,,,,,,,0.007168458781362007,DESCRIPTIVE_NO_INFERENCE
S00,S00,1213,1213,OK,shil.validation_one_se,shil,validation_one_se,shil.final_ranker_score,1,,0.5982142857142857,0.5979976454147803,0.6639702614474761,0.6335204081632653,0.0,1.0,0.0,1,1.0,0,0.0,1.0,0.0,1,1.0,,0.0,False,1.0,0.6536138594377758,0.0099077218718122,0.663521581309588,,,,,0.0,DESCRIPTIVE_NO_INFERENCE
S00,S00,1213,1213,OK,shil.cpss_one_se,shil,cpss_one_se,shil.final_development_selection_frequency,0,,0.6035714285714285,0.6033893114185085,0.6658923115952865,0.632984693877551,1.0,1.0,1.0,0,0.0,0,1.0,1.0,1.0,0,0.0,,,False,,0.6522951368331741,0.0091548289389138,0.661449965772088,4.0,0.9,0.0,0.0,1.0,DESCRIPTIVE_NO_INFERENCE
S00,S00,1213,1213,OK,l1.fixed_k.k01,l1,fixed_k,l1.final_ranker_score,1,,0.6017857142857143,0.6017234835800236,0.668891154217462,0.628890306122449,0.0,1.0,0.0,1,1.0,0,0.0,1.0,0.0,1,1.0,1.0,0.0,False,,,,,,,,,0.0,DESCRIPTIVE_NO_INFERENCE
S00,S00,1213,1213,OK,l1.fixed_k.k02,l1,fixed_k,l1.final_ranker_score,2,,0.6053571428571428,0.6052551838963508,0.6670024505933162,0.6299362244897959,0.0,1.0,0.0,2,1.0,0,0.0,1.0,0.0,2,1.0,2.0,0.0,False,,,,,,,,,0.0,DESCRIPTIVE_NO_INFERENCE
S00,S00,1213,1213,OK,l1.fixed_k.k04,l1,fixed_k,l1.final_ranker_score,4,,0.5982142857142857,0.5982027545433383,0.6750604425655423,0.6185204081632653,0.0,1.0,0.0,4,1.0,0,0.0,1.0,0.0,4,1.0,4.0,0.0,False,,,,,,,,,0.0,DESCRIPTIVE_NO_INFERENCE
S00,S00,1213,1213,OK,l1.fixed_k.k08,l1,fixed_k,l1.final_ranker_score,8,,0.5839285714285715,0.5838635501082758,0.6853373852619382,0.6026275510204081,0.0,1.0,0.0,8,1.0,0,0.0,1.0,0.0,8,1.0,8.0,0.0,False,,,,,,,,,0.0,DESCRIPTIVE_NO_INFERENCE
S00,S00,1213,1213,OK,l1.fixed_k.k16,l1,fixed_k,l1.final_ranker_score,14,,0.5482142857142858,0.5480975634650531,0.7054128380959073,0.5781377551020408,0.0,1.0,0.0,14,1.0,0,0.0,1.0,0.0,14,1.0,16.0,2.0,False,,,,,,,,,0.0038314176245210726,DESCRIPTIVE_NO_INFERENCE
S00,S00,1213,1213,OK,l1.validation_one_se,l1,validation_one_se,l1.final_ranker_score,1,,0.6017857142857143,0.6017234835800236,0.668891154217462,0.628890306122449,0.0,1.0,0.0,1,1.0,0,0.0,1.0,0.0,1,1.0,,0.0,False,1.0,0.6536138594377758,0.0099077218718122,0.663521581309588,,,,,0.0,DESCRIPTIVE_NO_INFERENCE
S00,S00,1213,1213,OK,l1.cpss_one_se,l1,cpss_one_se,l1.final_development_selection_frequency,0,,0.6035714285714285,0.6033893114185085,0.6658923115952865,0.632984693877551,1.0,1.0,1.0,0,0.0,0,1.0,1.0,1.0,0,0.0,,,False,,0.6522951368331741,0.0091548289389138,0.661449965772088,4.0,0.9,0.0,0.0,1.0,DESCRIPTIVE_NO_INFERENCE
S00,S00,1231,1231,OK,shil.fixed_k.k01,shil,fixed_k,shil.final_ranker_score,1,,0.5714285714285714,0.5714067044236951,0.6775843360670966,0.6017984693877552,0.0,1.0,0.0,1,1.0,0,0.0,1.0,0.0,1,1.0,1.0,0.0,False,,,,,,,,,0.0,DESCRIPTIVE_NO_INFERENCE
S00,S00,1231,1231,OK,shil.fixed_k.k02,shil,fixed_k,shil.final_ranker_score,2,,0.5535714285714286,0.5535201745098289,0.6797207902688154,0.5983035714285715,0.0,1.0,0.0,2,1.0,0,0.0,1.0,0.0,2,1.0,2.0,0.0,False,,,,,,,,,0.0,DESCRIPTIVE_NO_INFERENCE
S00,S00,1231,1231,OK,shil.fixed_k.k04,shil,fixed_k,shil.final_ranker_score,4,,0.5428571428571428,0.5428571428571428,0.6839657070985696,0.5910204081632653,0.0,1.0,0.0,4,1.0,0,0.0,1.0,0.0,4,1.0,4.0,0.0,False,,,,,,,,,0.0,DESCRIPTIVE_NO_INFERENCE
S00,S00,1231,1231,OK,shil.fixed_k.k08,shil,fixed_k,shil.final_ranker_score,8,,0.5517857142857143,0.5517842850264191,0.6915984612577087,0.5763903061224489,0.0,1.0,0.0,8,1.0,0,0.0,1.0,0.0,8,1.0,8.0,0.0,False,,,,,,,,,0.007407407407407408,DESCRIPTIVE_NO_INFERENCE
S00,S00,1231,1231,OK,shil.fixed_k.k16,shil,fixed_k,shil.final_ranker_score,16,,0.5517857142857143,0.5517499800685641,0.699546494890048,0.5751530612244898,0.0,1.0,0.0,16,1.0,0,0.0,1.0,0.0,16,1.0,16.0,0.0,False,,,,,,,,,0.01075268817204301,DESCRIPTIVE_NO_INFERENCE
S00,S00,1231,1231,OK,shil.validation_one_se,shil,validation_one_se,shil.final_ranker_score,1,,0.5714285714285714,0.5714067044236951,0.6775843360670966,0.6017984693877552,0.0,1.0,0.0,1,1.0,0,0.0,1.0,0.0,1,1.0,,0.0,False,1.0,0.6866695555893879,0.0104999383485872,0.6971694939379752,,,,,0.0,DESCRIPTIVE_NO_INFERENCE
S00,S00,1231,1231,OK,shil.cpss_one_se,shil,cpss_one_se,shil.final_development_selection_frequency,0,,0.5714285714285714,0.5714067044236951,0.6718223474318256,0.6107142857142857,1.0,1.0,1.0,0,0.0,0,1.0,1.0,1.0,0,0.0,,,False,,0.6845258487511064,0.0100878135683414,0.6946136623194479,4.0,0.9,0.0,0.0,1.0,DESCRIPTIVE_NO_INFERENCE
S00,S00,1231,1231,OK,l1.fixed_k.k01,l1,fixed_k,l1.final_ranker_score,1,,0.5714285714285714,0.5714067044236951,0.6775843360670966,0.6017984693877552,0.0,1.0,0.0,1,1.0,0,0.0,1.0,0.0,1,1.0,1.0,0.0,False,,,,,,,,,0.0,DESCRIPTIVE_NO_INFERENCE
S00,S00,1231,1231,OK,l1.fixed_k.k02,l1,fixed_k,l1.final_ranker_score,2,,0.5607142857142857,0.5607086825087054,0.6838196188061357,0.5894132653061225,0.0,1.0,0.0,2,1.0,0,0.0,1.0,0.0,2,1.0,2.0,0.0,False,,,,,,,,,0.0,DESCRIPTIVE_NO_INFERENCE
S00,S00,1231,1231,OK,l1.fixed_k.k04,l1,fixed_k,l1.final_ranker_score,4,,0.5642857142857143,0.5642801566346509,0.6890057770621111,0.5842729591836735,0.0,1.0,0.0,4,1.0,0,0.0,1.0,0.0,4,1.0,4.0,0.0,False,,,,,,,,,0.0,DESCRIPTIVE_NO_INFERENCE
S00,S00,1231,1231,OK,l1.fixed_k.k08,l1,fixed_k,l1.final_ranker_score,8,,0.5642857142857143,0.5642634828307567,0.6858880975495006,0.5921683673469388,0.0,1.0,0.0,8,1.0,0,0.0,1.0,0.0,8,1.0,8.0,0.0,False,,,,,,,,,0.0,DESCRIPTIVE_NO_INFERENCE
S00,S00,1231,1231,OK,l1.fixed_k.k16,l1,fixed_k,l1.final_ranker_score,16,,0.5517857142857143,0.5517156698591298,0.7080571158072264,0.5683673469387756,0.0,1.0,0.0,16,1.0,0,0.0,1.0,0.0,16,1.0,16.0,0.0,False,,,,,,,,,0.007415647015202077,DESCRIPTIVE_NO_INFERENCE
S00,S00,1231,1231,OK,l1.validation_one_se,l1,validation_one_se,l1.final_ranker_score,1,,0.5714285714285714,0.5714067044236951,0.6775843360670966,0.6017984693877552,0.0,1.0,0.0,1,1.0,0,0.0,1.0,0.0,1,1.0,,0.0,False,1.0,0.6866695555893879,0.0104999383485872,0.693384095363484,,,,,0.0,DESCRIPTIVE_NO_INFERENCE
S00,S00,1231,1231,OK,l1.cpss_one_se,l1,cpss_one_se,l1.final_development_selection_frequency,0,,0.5714285714285714,0.5714067044236951,0.6718223474318256,0.6107142857142857,1.0,1.0,1.0,0,0.0,0,1.0,1.0,1.0,0,0.0,,,False,,0.6845258487511064,0.0100878135683414,0.6946136623194479,4.0,0.9,0.0,0.0,1.0,DESCRIPTIVE_NO_INFERENCE
S00,S00,1249,1249,OK,shil.fixed_k.k01,shil,fixed_k,shil.final_ranker_score,1,,0.5482142857142858,0.5481782667623376,0.685177377443309,0.5807015306122448,0.0,1.0,0.0,1,1.0,0,0.0,1.0,0.0,1,1.0,1.0,0.0,False,,,,,,,,,0.0,DESCRIPTIVE_NO_INFERENCE
S00,S00,1249,1249,OK,shil.fixed_k.k02,shil,fixed_k,shil.final_ranker_score,2,,0.5410714285714285,0.5410348401498843,0.6882203350588398,0.5739158163265307,0.0,1.0,0.0,2,1.0,0,0.0,1.0,0.0,2,1.0,2.0,0.0,False,,,,,,,,,0.0,DESCRIPTIVE_NO_INFERENCE
S00,S00,1249,1249,OK,shil.fixed_k.k04,shil,fixed_k,shil.final_ranker_score,4,,0.5517857142857143,0.5515440399960438,0.6911580047039438,0.5716326530612245,0.0,1.0,0.0,4,1.0,0,0.0,1.0,0.0,4,1.0,4.0,0.0,False,,,,,,,,,0.0,DESCRIPTIVE_NO_INFERENCE
S00,S00,1249,1249,OK,shil.fixed_k.k08,shil,fixed_k,shil.final_ranker_score,8,,0.5428571428571428,0.5427113237639554,0.6963317265278525,0.5628826530612245,0.0,1.0,0.0,8,1.0,0,0.0,1.0,0.0,8,1.0,8.0,0.0,False,,,,,,,,,0.0,DESCRIPTIVE_NO_INFERENCE
S00,S00,1249,1249,OK,shil.fixed_k.k16,shil,fixed_k,shil.final_ranker_score,16,,0.5482142857142858,0.5474508977196866,0.6993090949608726,0.5747193877551021,0.0,1.0,0.0,16,1.0,0,0.0,1.0,0.0,16,1.0,16.0,0.0,False,,,,,,,,,0.0,DESCRIPTIVE_NO_INFERENCE
S00,S00,1249,1249,OK,shil.validation_one_se,shil,validation_one_se,shil.final_ranker_score,1,,0.5482142857142858,0.5481782667623376,0.685177377443309,0.5807015306122448,0.0,1.0,0.0,1,1.0,0,0.0,1.0,0.0,1,1.0,,0.0,False,1.0,0.6660987655205121,0.0096263468986306,0.6749220049571838,,,,,0.0,DESCRIPTIVE_NO_INFERENCE
S00,S00,1249,1249,OK,shil.cpss_one_se,shil,cpss_one_se,shil.final_development_selection_frequency,0,,0.5642857142857143,0.5642801566346509,0.67652729080245,0.599515306122449,1.0,1.0,1.0,0,0.0,0,1.0,1.0,1.0,0,0.0,,,False,,0.6642259017906231,0.0093771968543055,0.6736030986449287,4.0,0.9,0.0,0.0,1.0,DESCRIPTIVE_NO_INFERENCE
S00,S00,1249,1249,OK,l1.fixed_k.k01,l1,fixed_k,l1.final_ranker_score,1,,0.5482142857142858,0.5481782667623376,0.685177377443309,0.5807015306122448,0.0,1.0,0.0,1,1.0,0,0.0,1.0,0.0,1,1.0,1.0,0.0,False,,,,,,,,,0.0,DESCRIPTIVE_NO_INFERENCE
S00,S00,1249,1249,OK,l1.fixed_k.k02,l1,fixed_k,l1.final_ranker_score,2,,0.5482142857142858,0.5481436831647801,0.6850456589389637,0.5825,0.0,1.0,0.0,2,1.0,0,0.0,1.0,0.0,2,1.0,2.0,0.0,False,,,,,,,,,0.0,DESCRIPTIVE_NO_INFERENCE
S00,S00,1249,1249,OK,l1.fixed_k.k04,l1,fixed_k,l1.final_ranker_score,4,,0.5446428571428571,0.5443973314700843,0.6901011923803176,0.5759438775510204,0.0,1.0,0.0,4,1.0,0,0.0,1.0,0.0,4,1.0,4.0,0.0,False,,,,,,,,,0.0,DESCRIPTIVE_NO_INFERENCE
S00,S00,1249,1249,OK,l1.fixed_k.k08,l1,fixed_k,l1.final_ranker_score,8,,0.5446428571428571,0.544315915436777,0.6809261936248538,0.5894005102040816,0.0,1.0,0.0,8,1.0,0,0.0,1.0,0.0,8,1.0,8.0,0.0,False,,,,,,,,,0.0,DESCRIPTIVE_NO_INFERENCE
S00,S00,1249,1249,OK,l1.fixed_k.k16,l1,fixed_k,l1.final_ranker_score,16,,0.5660714285714286,0.5660700448662146,0.6917270471115514,0.5934183673469388,0.0,1.0,0.0,16,1.0,0,0.0,1.0,0.0,16,1.0,16.0,0.0,False,,,,,,,,,0.0038314176245210726,DESCRIPTIVE_NO_INFERENCE
S00,S00,1249,1249,OK,l1.validation_one_se,l1,validation_one_se,l1.final_ranker_score,1,,0.5482142857142858,0.5481782667623376,0.685177377443309,0.5807015306122448,0.0,1.0,0.0,1,1.0,0,0.0,1.0,0.0,1,1.0,,0.0,False,1.0,0.6728726281778865,0.0103898230676021,0.6813281251310722,,,,,0.0,DESCRIPTIVE_NO_INFERENCE
S00,S00,1249,1249,OK,l1.cpss_one_se,l1,cpss_one_se,l1.final_development_selection_frequency,0,,0.5642857142857143,0.5642801566346509,0.67652729080245,0.599515306122449,1.0,1.0,1.0,0,0.0,0,1.0,1.0,1.0,0,0.0,,,False,,0.6642259017906231,0.0093771968543055,0.6736030986449287,4.0,0.9,0.0,0.0,1.0,DESCRIPTIVE_NO_INFERENCE
S00,S00,1277,1277,OK,shil.fixed_k.k01,shil,fixed_k,shil.final_ranker_score,1,,0.6053571428571428,0.6051443539407397,0.6537649567492148,0.661734693877551,0.0,1.0,0.0,1,1.0,0,0.0,1.0,0.0,1,1.0,1.0,0.0,False,,,,,,,,,0.0,DESCRIPTIVE_NO_INFERENCE
S00,S00,1277,1277,OK,shil.fixed_k.k02,shil,fixed_k,shil.final_ranker_score,2,,0.6142857142857143,0.6141626794258374,0.6568282217037091,0.652219387755102,0.0,1.0,0.0,2,1.0,0,0.0,1.0,0.0,2,1.0,2.0,0.0,False,,,,,,,,,0.0,DESCRIPTIVE_NO_INFERENCE
S00,S00,1277,1277,OK,shil.fixed_k.k04,shil,fixed_k,shil.final_ranker_score,4,,0.6071428571428571,0.6071228123883872,0.6559657273137117,0.6507270408163266,0.0,1.0,0.0,4,1.0,0,0.0,1.0,0.0,4,1.0,4.0,0.0,False,,,,,,,,,0.0,DESCRIPTIVE_NO_INFERENCE
S00,S00,1277,1277,OK,shil.fixed_k.k08,shil,fixed_k,shil.final_ranker_score,8,,0.6071428571428571,0.6070175438596491,0.6652817347926447,0.6345408163265307,0.0,1.0,0.0,8,1.0,0,0.0,1.0,0.0,8,1.0,8.0,0.0,False,,,,,,,,,0.007407407407407408,DESCRIPTIVE_NO_INFERENCE
S00,S00,1277,1277,OK,shil.fixed_k.k16,shil,fixed_k,shil.final_ranker_score,16,,0.5910714285714286,0.5910701245858565,0.6765939792923621,0.6188647959183673,0.0,1.0,0.0,16,1.0,0,0.0,1.0,0.0,16,1.0,16.0,0.0,False,,,,,,,,,0.01075268817204301,DESCRIPTIVE_NO_INFERENCE
S00,S00,1277,1277,OK,shil.validation_one_se,shil,validation_one_se,shil.final_ranker_score,1,,0.6053571428571428,0.6051443539407397,0.6537649567492148,0.661734693877551,0.0,1.0,0.0,1,1.0,0,0.0,1.0,0.0,1,1.0,,0.0,False,1.0,0.6557614939746093,0.0103044632208644,0.6660659571954737,,,,,0.0,DESCRIPTIVE_NO_INFERENCE
S00,S00,1277,1277,OK,shil.cpss_one_se,shil,cpss_one_se,shil.final_development_selection_frequency,0,,0.6160714285714286,0.615864416729679,0.6531950659670593,0.6641581632653062,1.0,1.0,1.0,0,0.0,0,1.0,1.0,1.0,0,0.0,,,False,,0.6552456360535994,0.0100681891275701,0.6653138251811695,4.0,0.9,0.0,0.0,1.0,DESCRIPTIVE_NO_INFERENCE
S00,S00,1277,1277,OK,l1.fixed_k.k01,l1,fixed_k,l1.final_ranker_score,1,,0.6160714285714286,0.615972237727219,0.655115008491809,0.6582397959183672,0.0,1.0,0.0,1,1.0,0,0.0,1.0,0.0,1,1.0,1.0,0.0,False,,,,,,,,,0.0,DESCRIPTIVE_NO_INFERENCE
S00,S00,1277,1277,OK,l1.fixed_k.k02,l1,fixed_k,l1.final_ranker_score,2,,0.6053571428571428,0.6052551838963508,0.6598846361391661,0.6480229591836735,0.0,1.0,0.0,2,1.0,0,0.0,1.0,0.0,2,1.0,2.0,0.0,False,,,,,,,,,0.0,DESCRIPTIVE_NO_INFERENCE
S00,S00,1277,1277,OK,l1.fixed_k.k04,l1,fixed_k,l1.final_ranker_score,4,,0.625,0.624827727017508,0.6611149031843725,0.6517984693877552,0.0,1.0,0.0,4,1.0,0,0.0,1.0,0.0,4,1.0,4.0,0.0,False,,,,,,,,,0.0,DESCRIPTIVE_NO_INFERENCE
S00,S00,1277,1277,OK,l1.fixed_k.k08,l1,fixed_k,l1.final_ranker_score,8,,0.6089285714285714,0.6088973929681895,0.662221665759478,0.6443494897959183,0.0,1.0,0.0,8,1.0,0,0.0,1.0,0.0,8,1.0,8.0,0.0,False,,,,,,,,,0.0,DESCRIPTIVE_NO_INFERENCE
S00,S00,1277,1277,OK,l1.fixed_k.k16,l1,fixed_k,l1.final_ranker_score,14,,0.6089285714285714,0.6088973929681895,0.6672242060573295,0.6447321428571429,0.0,1.0,0.0,14,1.0,0,0.0,1.0,0.0,14,1.0,16.0,2.0,False,,,,,,,,,0.0119148979302236,DESCRIPTIVE_NO_INFERENCE
S00,S00,1277,1277,OK,l1.validation_one_se,l1,validation_one_se,l1.final_ranker_score,1,,0.6160714285714286,0.615972237727219,0.655115008491809,0.6582397959183672,0.0,1.0,0.0,1,1.0,0,0.0,1.0,0.0,1,1.0,,0.0,False,1.0,0.6551353579471518,0.0109012520429695,0.6660366099901214,,,,,0.0,DESCRIPTIVE_NO_INFERENCE
S00,S00,1277,1277,OK,l1.cpss_one_se,l1,cpss_one_se,l1.final_development_selection_frequency,0,,0.6160714285714286,0.615864416729679,0.6531950659670593,0.6641581632653062,1.0,1.0,1.0,0,0.0,0,1.0,1.0,1.0,0,0.0,,,False,,0.6552456360535994,0.0100681891275701,0.6653138251811695,4.0,0.9,0.0,0.0,1.0,DESCRIPTIVE_NO_INFERENCE
S01,S01,1103,1103,OK,shil.fixed_k.k01,shil,fixed_k,shil.final_ranker_score,1,1.0,0.6946428571428571,0.6946340934529371,0.5729170764075682,0.7625000000000001,1.0,0.3333333333333333,0.5,0,0.0,1,1.0,0.3333333333333333,0.5,0,0.0,1.0,0.0,False,,,,,,,,,1.0,DESCRIPTIVE_NO_INFERENCE
S01,S01,1103,1103,OK,shil.fixed_k.k02,shil,fixed_k,shil.final_ranker_score,2,1.0,0.8053571428571429,0.8051328219027644,0.4292038154523011,0.8846045918367346,1.0,0.6666666666666666,0.8,0,0.0,2,1.0,0.6666666666666666,0.8,0,0.0,2.0,0.0,False,,,,,,,,,0.9259259259259258,DESCRIPTIVE_NO_INFERENCE
S01,S01,1103,1103,OK,shil.fixed_k.k04,shil,fixed_k,shil.final_ranker_score,4,1.0,0.8910714285714286,0.8910293831484725,0.239908620375092,0.9641836734693878,0.75,1.0,0.8571428571428571,1,0.25,3,0.75,1.0,0.8571428571428571,1,0.25,4.0,0.0,False,,,,,,,,,0.6,DESCRIPTIVE_NO_INFERENCE
S01,S01,1103,1103,OK,shil.fixed_k.k08,shil,fixed_k,shil.final_ranker_score,8,1.0,0.8928571428571429,0.8928352725045927,0.2374388104931572,0.9647448979591836,0.375,1.0,0.5454545454545454,5,0.625,3,0.375,1.0,0.5454545454545454,5,0.625,8.0,0.0,False,,,,,,,,,0.23076923076923078,DESCRIPTIVE_NO_INFERENCE
S01,S01,1103,1103,OK,shil.fixed_k.k16,shil,fixed_k,shil.final_ranker_score,16,1.0,0.8910714285714286,0.8910293831484725,0.2451731905364834,0.9632525510204082,0.1875,1.0,0.3157894736842105,13,0.8125,3,0.1875,1.0,0.3157894736842105,13,0.8125,16.0,0.0,False,,,,,,,,,0.10782703886152162,DESCRIPTIVE_NO_INFERENCE
S01,S01,1103,1103,OK,shil.validation_one_se,shil,validation_one_se,shil.final_ranker_score,4,1.0,0.8910714285714286,0.8910293831484725,0.239908620375092,0.9641836734693878,0.75,1.0,0.8571428571428571,1,0.25,3,0.75,1.0,0.8571428571428571,1,0.25,,0.0,False,4.0,0.1960586090471051,0.0170240408484229,0.213082649895528,,,,,0.6,DESCRIPTIVE_NO_INFERENCE
S01,S01,1103,1103,OK,shil.cpss_one_se,shil,cpss_one_se,shil.final_development_selection_frequency,3,1.0,0.8928571428571429,0.8928079220050023,0.2393194913430457,0.9644132653061224,1.0,1.0,1.0,0,0.0,3,1.0,1.0,1.0,0,0.0,,,False,,0.1958884524230715,0.0170408780924293,0.2129293305155008,4.0,0.9,3.0,3.0,1.0,DESCRIPTIVE_NO_INFERENCE
S01,S01,1103,1103,OK,l1.fixed_k.k01,l1,fixed_k,l1.final_ranker_score,1,1.0,0.6946428571428571,0.6946340934529371,0.5729170764075682,0.7625000000000001,1.0,0.3333333333333333,0.5,0,0.0,1,1.0,0.3333333333333333,0.5,0,0.0,1.0,0.0,False,,,,,,,,,1.0,DESCRIPTIVE_NO_INFERENCE
S01,S01,1103,1103,OK,l1.fixed_k.k02,l1,fixed_k,l1.final_ranker_score,2,1.0,0.8053571428571429,0.8051328219027644,0.4292038154523011,0.8846045918367346,1.0,0.6666666666666666,0.8,0,0.0,2,1.0,0.6666666666666666,0.8,0,0.0,2.0,0.0,False,,,,,,,,,1.0,DESCRIPTIVE_NO_INFERENCE
S01,S01,1103,1103,OK,l1.fixed_k.k04,l1,fixed_k,l1.final_ranker_score,4,1.0,0.8910714285714286,0.8910293831484725,0.2407313922992789,0.9639285714285716,0.75,1.0,0.8571428571428571,1,0.25,3,0.75,1.0,0.8571428571428571,1,0.25,4.0,0.0,False,,,,,,,,,0.6,DESCRIPTIVE_NO_INFERENCE
S01,S01,1103,1103,OK,l1.fixed_k.k08,l1,fixed_k,l1.final_ranker_score,8,1.0,0.8928571428571429,0.8928079220050023,0.2423228734125698,0.9639413265306122,0.375,1.0,0.5454545454545454,5,0.625,3,0.375,1.0,0.5454545454545454,5,0.625,8.0,0.0,False,,,,,,,,,0.23076923076923078,DESCRIPTIVE_NO_INFERENCE
S01,S01,1103,1103,OK,l1.fixed_k.k16,l1,fixed_k,l1.final_ranker_score,16,1.0,0.8946428571428572,0.8946263925166879,0.2423956900045506,0.9644897959183674,0.1875,1.0,0.3157894736842105,13,0.8125,3,0.1875,1.0,0.3157894736842105,13,0.8125,16.0,0.0,False,,,,,,,,,0.11253015467574855,DESCRIPTIVE_NO_INFERENCE
S01,S01,1103,1103,OK,l1.validation_one_se,l1,validation_one_se,l1.final_ranker_score,4,1.0,0.8910714285714286,0.8910293831484725,0.2407313922992789,0.9639285714285716,0.75,1.0,0.8571428571428571,1,0.25,3,0.75,1.0,0.8571428571428571,1,0.25,,0.0,False,4.0,0.1969008903554947,0.0171892712729262,0.214090161628421,,,,,0.6,DESCRIPTIVE_NO_INFERENCE
S01,S01,1103,1103,OK,l1.cpss_one_se,l1,cpss_one_se,l1.final_development_selection_frequency,3,1.0,0.8928571428571429,0.8928079220050023,0.2393194913430457,0.9644132653061224,1.0,1.0,1.0,0,0.0,3,1.0,1.0,1.0,0,0.0,,,False,,0.1958884524230715,0.0170408780924293,0.2129293305155008,4.0,0.9,3.0,3.0,1.0,DESCRIPTIVE_NO_INFERENCE
S01,S01,1129,1129,OK,shil.fixed_k.k01,shil,fixed_k,shil.final_ranker_score,1,1.0,0.6660714285714285,0.6660192440783158,0.5760721265433865,0.7659948979591836,1.0,0.3333333333333333,0.5,0,0.0,1,1.0,0.3333333333333333,0.5,0,0.0,1.0,0.0,False,,,,,,,,,1.0,DESCRIPTIVE_NO_INFERENCE
S01,S01,1129,1129,OK,shil.fixed_k.k02,shil,fixed_k,shil.final_ranker_score,2,1.0,0.8,0.7998749218261414,0.4253475918590162,0.8895280612244898,1.0,0.6666666666666666,0.8,0,0.0,2,1.0,0.6666666666666666,0.8,0,0.0,2.0,0.0,False,,,,,,,,,0.9259259259259258,DESCRIPTIVE_NO_INFERENCE
S01,S01,1129,1129,OK,shil.fixed_k.k04,shil,fixed_k,shil.final_ranker_score,4,1.0,0.8875,0.8874824191279886,0.23482704384961,0.9661607142857144,0.75,1.0,0.8571428571428571,1,0.25,3,0.75,1.0,0.8571428571428571,1,0.25,4.0,0.0,False,,,,,,,,,0.6,DESCRIPTIVE_NO_INFERENCE
S01,S01,1129,1129,OK,shil.fixed_k.k08,shil,fixed_k,shil.final_ranker_score,8,1.0,0.8928571428571429,0.8928448418823589,0.2351024805759347,0.9662372448979591,0.375,1.0,0.5454545454545454,5,0.625,3,0.375,1.0,0.5454545454545454,5,0.625,8.0,0.0,False,,,,,,,,,0.24216524216524216,DESCRIPTIVE_NO_INFERENCE
S01,S01,1129,1129,OK,shil.fixed_k.k16,shil,fixed_k,shil.final_ranker_score,16,1.0,0.8910714285714286,0.8910627441600893,0.2449288243014588,0.9634948979591836,0.1875,1.0,0.3157894736842105,13,0.8125,3,0.1875,1.0,0.3157894736842105,13,0.8125,16.0,0.0,False,,,,,,,,,0.12128768067465384,DESCRIPTIVE_NO_INFERENCE
S01,S01,1129,1129,OK,shil.validation_one_se,shil,validation_one_se,shil.final_ranker_score,4,1.0,0.8875,0.8874824191279886,0.23482704384961,0.9661607142857144,0.75,1.0,0.8571428571428571,1,0.25,3,0.75,1.0,0.8571428571428571,1,0.25,,0.0,False,4.0,0.2182503712978072,0.0171048335610968,0.2330019118412477,,,,,0.6,DESCRIPTIVE_NO_INFERENCE
S01,S01,1129,1129,OK,shil.cpss_one_se,shil,cpss_one_se,shil.final_development_selection_frequency,3,1.0,0.8910714285714286,0.8910544058223383,0.2322860724842293,0.9669132653061224,1.0,1.0,1.0,0,0.0,3,1.0,1.0,1.0,0,0.0,,,False,,0.2170452832303826,0.0168941977607423,0.2339394809911249,4.0,0.9,3.0,3.0,1.0,DESCRIPTIVE_NO_INFERENCE
S01,S01,1129,1129,OK,l1.fixed_k.k01,l1,fixed_k,l1.final_ranker_score,1,1.0,0.6660714285714285,0.6660192440783158,0.5760721265433865,0.7659948979591836,1.0,0.3333333333333333,0.5,0,0.0,1,1.0,0.3333333333333333,0.5,0,0.0,1.0,0.0,False,,,,,,,,,1.0,DESCRIPTIVE_NO_INFERENCE
S01,S01,1129,1129,OK,l1.fixed_k.k02,l1,fixed_k,l1.final_ranker_score,2,1.0,0.8,0.7998749218261414,0.4253475918590162,0.8895280612244898,1.0,0.6666666666666666,0.8,0,0.0,2,1.0,0.6666666666666666,0.8,0,0.0,2.0,0.0,False,,,,,,,,,1.0,DESCRIPTIVE_NO_INFERENCE
S01,S01,1129,1129,OK,l1.fixed_k.k04,l1,fixed_k,l1.final_ranker_score,4,1.0,0.8928571428571429,0.8928352725045927,0.2325919210234885,0.9667729591836736,0.75,1.0,0.8571428571428571,1,0.25,3,0.75,1.0,0.8571428571428571,1,0.25,4.0,0.0,False,,,,,,,,,0.6,DESCRIPTIVE_NO_INFERENCE
S01,S01,1129,1129,OK,l1.fixed_k.k08,l1,fixed_k,l1.final_ranker_score,8,1.0,0.8982142857142857,0.8981879886067511,0.2378138862229749,0.9653954081632654,0.375,1.0,0.5454545454545454,5,0.625,3,0.375,1.0,0.5454545454545454,5,0.625,8.0,0.0,False,,,,,,,,,0.25356125356125353,DESCRIPTIVE_NO_INFERENCE
S01,S01,1129,1129,OK,l1.fixed_k.k16,l1,fixed_k,l1.final_ranker_score,16,1.0,0.8892857142857142,0.8892800653094546,0.2565525457515741,0.9588647959183676,0.1875,1.0,0.3157894736842105,13,0.8125,3,0.1875,1.0,0.3157894736842105,13,0.8125,16.0,0.0,False,,,,,,,,,0.13036955948833343,DESCRIPTIVE_NO_INFERENCE
S01,S01,1129,1129,OK,l1.validation_one_se,l1,validation_one_se,l1.final_ranker_score,4,1.0,0.8928571428571429,0.8928352725045927,0.2325919210234885,0.9667729591836736,0.75,1.0,0.8571428571428571,1,0.25,3,0.75,1.0,0.8571428571428571,1,0.25,,0.0,False,4.0,0.2218311545682609,0.0174398278348413,0.2392709824031023,,,,,0.6,DESCRIPTIVE_NO_INFERENCE
S01,S01,1129,1129,OK,l1.cpss_one_se,l1,cpss_one_se,l1.final_development_selection_frequency,3,1.0,0.8910714285714286,0.8910544058223383,0.2322860724842293,0.9669132653061224,1.0,1.0,1.0,0,0.0,3,1.0,1.0,1.0,0,0.0,,,False,,0.2170452832303826,0.0168941977607423,0.2339394809911249,4.0,0.9,3.0,3.0,1.0,DESCRIPTIVE_NO_INFERENCE
S01,S01,1151,1151,OK,shil.fixed_k.k01,shil,fixed_k,shil.final_ranker_score,1,1.0,0.6785714285714286,0.6780745793891082,0.5650602243390519,0.7668877551020408,1.0,0.3333333333333333,0.5,0,0.0,1,1.0,0.3333333333333333,0.5,0,0.0,1.0,0.0,False,,,,,,,,,1.0,DESCRIPTIVE_NO_INFERENCE
S01,S01,1151,1151,OK,shil.fixed_k.k02,shil,fixed_k,shil.final_ranker_score,2,1.0,0.8142857142857143,0.8142478056746275,0.4139886887872513,0.8915051020408162,1.0,0.6666666666666666,0.8,0,0.0,2,1.0,0.6666666666666666,0.8,0,0.0,2.0,0.0,False,,,,,,,,,0.9259259259259258,DESCRIPTIVE_NO_INFERENCE
S01,S01,1151,1151,OK,shil.fixed_k.k04,shil,fixed_k,shil.final_ranker_score,4,1.0,0.9,0.8999183006535948,0.2025715359480032,0.97625,0.75,1.0,0.8571428571428571,1,0.25,3,0.75,1.0,0.8571428571428571,1,0.25,4.0,0.0,False,,,,,,,,,0.6,DESCRIPTIVE_NO_INFERENCE
S01,S01,1151,1151,OK,shil.fixed_k.k08,shil,fixed_k,shil.final_ranker_score,8,1.0,0.9,0.8999374609130707,0.2005575157108453,0.976670918367347,0.375,1.0,0.5454545454545454,5,0.625,3,0.375,1.0,0.5454545454545454,5,0.625,8.0,0.0,False,,,,,,,,,0.23076923076923078,DESCRIPTIVE_NO_INFERENCE
S01,S01,1151,1151,OK,shil.fixed_k.k16,shil,fixed_k,shil.final_ranker_score,16,1.0,0.9035714285714286,0.9035111230233182,0.2070095221758065,0.9753826530612244,0.1875,1.0,0.3157894736842105,13,0.8125,3,0.1875,1.0,0.3157894736842105,13,0.8125,16.0,0.0,False,,,,,,,,,0.10344827586206896,DESCRIPTIVE_NO_INFERENCE
S01,S01,1151,1151,OK,shil.validation_one_se,shil,validation_one_se,shil.final_ranker_score,4,1.0,0.9,0.8999183006535948,0.2025715359480032,0.97625,0.75,1.0,0.8571428571428571,1,0.25,3,0.75,1.0,0.8571428571428571,1,0.25,,0.0,False,4.0,0.1906378494453714,0.0155274484382492,0.2056980632084051,,,,,0.6,DESCRIPTIVE_NO_INFERENCE
S01,S01,1151,1151,OK,shil.cpss_one_se,shil,cpss_one_se,shil.final_development_selection_frequency,3,1.0,0.9,0.8999183006535948,0.2028318169696568,0.9761352040816328,1.0,1.0,1.0,0,0.0,3,1.0,1.0,1.0,0,0.0,,,False,,0.1906002161445489,0.0155023956815257,0.2061026118260746,4.0,0.9,3.0,3.0,1.0,DESCRIPTIVE_NO_INFERENCE
S01,S01,1151,1151,OK,l1.fixed_k.k01,l1,fixed_k,l1.final_ranker_score,1,1.0,0.6785714285714286,0.6780745793891082,0.5650602243390519,0.7668877551020408,1.0,0.3333333333333333,0.5,0,0.0,1,1.0,0.3333333333333333,0.5,0,0.0,1.0,0.0,False,,,,,,,,,1.0,DESCRIPTIVE_NO_INFERENCE
S01,S01,1151,1151,OK,l1.fixed_k.k02,l1,fixed_k,l1.final_ranker_score,2,1.0,0.8142857142857143,0.8142478056746275,0.4139886887872513,0.8915051020408162,1.0,0.6666666666666666,0.8,0,0.0,2,1.0,0.6666666666666666,0.8,0,0.0,2.0,0.0,False,,,,,,,,,1.0,DESCRIPTIVE_NO_INFERENCE
S01,S01,1151,1151,OK,l1.fixed_k.k04,l1,fixed_k,l1.final_ranker_score,4,1.0,0.8982142857142857,0.8981203979432577,0.2050866555916531,0.9755102040816328,0.75,1.0,0.8571428571428571,1,0.25,3,0.75,1.0,0.8571428571428571,1,0.25,4.0,0.0,False,,,,,,,,,0.6,DESCRIPTIVE_NO_INFERENCE
S01,S01,1151,1151,OK,l1.fixed_k.k08,l1,fixed_k,l1.final_ranker_score,8,1.0,0.9017857142857144,0.9017327577680574,0.2199898545281493,0.9720280612244898,0.375,1.0,0.5454545454545454,5,0.625,3,0.375,1.0,0.5454545454545454,5,0.625,8.0,0.0,False,,,,,,,,,0.23076923076923078,DESCRIPTIVE_NO_INFERENCE
S01,S01,1151,1151,OK,l1.fixed_k.k16,l1,fixed_k,l1.final_ranker_score,16,1.0,0.9017857142857144,0.9016951208224416,0.22516867290236,0.970561224489796,0.1875,1.0,0.3157894736842105,13,0.8125,3,0.1875,1.0,0.3157894736842105,13,0.8125,16.0,0.0,False,,,,,,,,,0.11220580186097427,DESCRIPTIVE_NO_INFERENCE
S01,S01,1151,1151,OK,l1.validation_one_se,l1,validation_one_se,l1.final_ranker_score,4,1.0,0.8982142857142857,0.8981203979432577,0.2050866555916531,0.9755102040816328,0.75,1.0,0.8571428571428571,1,0.25,3,0.75,1.0,0.8571428571428571,1,0.25,,0.0,False,4.0,0.1955762617108384,0.0161344074470296,0.2114228609508467,,,,,0.6,DESCRIPTIVE_NO_INFERENCE
S01,S01,1151,1151,OK,l1.cpss_one_se,l1,cpss_one_se,l1.final_development_selection_frequency,3,1.0,0.9,0.8999183006535948,0.2028318169696568,0.9761352040816328,1.0,1.0,1.0,0,0.0,3,1.0,1.0,1.0,0,0.0,,,False,,0.1906002161445489,0.0155023956815257,0.2061026118260746,4.0,0.9,3.0,3.0,1.0,DESCRIPTIVE_NO_INFERENCE
S01,S01,1171,1171,OK,shil.fixed_k.k01,shil,fixed_k,shil.final_ranker_score,1,1.0,0.6928571428571428,0.6927160430810066,0.5499642751131765,0.7813647959183673,1.0,0.3333333333333333,0.5,0,0.0,1,1.0,0.3333333333333333,0.5,0,0.0,1.0,0.0,False,,,,,,,,,1.0,DESCRIPTIVE_NO_INFERENCE
S01,S01,1171,1171,OK,shil.fixed_k.k02,shil,fixed_k,shil.final_ranker_score,2,1.0,0.7821428571428571,0.7821428571428571,0.4167884018573604,0.8867857142857143,1.0,0.6666666666666666,0.8,0,0.0,2,1.0,0.6666666666666666,0.8,0,0.0,2.0,0.0,False,,,,,,,,,0.9259259259259258,DESCRIPTIVE_NO_INFERENCE
S01,S01,1171,1171,OK,shil.fixed_k.k04,shil,fixed_k,shil.final_ranker_score,4,1.0,0.8785714285714286,0.8785698797178535,0.2552654118391457,0.9593877551020408,0.75,1.0,0.8571428571428571,1,0.25,3,0.75,1.0,0.8571428571428571,1,0.25,4.0,0.0,False,,,,,,,,,0.6,DESCRIPTIVE_NO_INFERENCE
S01,S01,1171,1171,OK,shil.fixed_k.k08,shil,fixed_k,shil.final_ranker_score,8,1.0,0.8767857142857143,0.8767821780599571,0.2582132135561057,0.9586352040816326,0.375,1.0,0.5454545454545454,5,0.625,3,0.375,1.0,0.5454545454545454,5,0.625,8.0,0.0,False,,,,,,,,,0.23076923076923078,DESCRIPTIVE_NO_INFERENCE
S01,S01,1171,1171,OK,shil.fixed_k.k16,shil,fixed_k,shil.final_ranker_score,16,1.0,0.8767857142857143,0.8767821780599571,0.2550780606965924,0.959158163265306,0.1875,1.0,0.3157894736842105,13,0.8125,3,0.1875,1.0,0.3157894736842105,13,0.8125,16.0,0.0,False,,,,,,,,,0.11220580186097427,DESCRIPTIVE_NO_INFERENCE
S01,S01,1171,1171,OK,shil.validation_one_se,shil,validation_one_se,shil.final_ranker_score,4,1.0,0.8785714285714286,0.8785698797178535,0.2552654118391457,0.9593877551020408,0.75,1.0,0.8571428571428571,1,0.25,3,0.75,1.0,0.8571428571428571,1,0.25,,0.0,False,4.0,0.2092115474129247,0.0176489410443279,0.2268604884572526,,,,,0.6,DESCRIPTIVE_NO_INFERENCE
S01,S01,1171,1171,OK,shil.cpss_one_se,shil,cpss_one_se,shil.final_development_selection_frequency,3,1.0,0.875,0.874998405591908,0.2527016766568195,0.9602168367346938,1.0,1.0,1.0,0,0.0,3,1.0,1.0,1.0,0,0.0,,,False,,0.2083490127071191,0.0176170469511706,0.2259660596582898,4.0,0.9,3.0,3.0,1.0,DESCRIPTIVE_NO_INFERENCE
S01,S01,1171,1171,OK,l1.fixed_k.k01,l1,fixed_k,l1.final_ranker_score,1,1.0,0.6928571428571428,0.6927160430810066,0.5499642751131765,0.7813647959183673,1.0,0.3333333333333333,0.5,0,0.0,1,1.0,0.3333333333333333,0.5,0,0.0,1.0,0.0,False,,,,,,,,,1.0,DESCRIPTIVE_NO_INFERENCE
S01,S01,1171,1171,OK,l1.fixed_k.k02,l1,fixed_k,l1.final_ranker_score,2,1.0,0.7821428571428571,0.7821428571428571,0.4167884018573604,0.8867857142857143,1.0,0.6666666666666666,0.8,0,0.0,2,1.0,0.6666666666666666,0.8,0,0.0,2.0,0.0,False,,,,,,,,,1.0,DESCRIPTIVE_NO_INFERENCE
S01,S01,1171,1171,OK,l1.fixed_k.k04,l1,fixed_k,l1.final_ranker_score,4,1.0,0.8785714285714286,0.878565232920047,0.2556603210539376,0.9594897959183672,0.75,1.0,0.8571428571428571,1,0.25,3,0.75,1.0,0.8571428571428571,1,0.25,4.0,0.0,False,,,,,,,,,0.6,DESCRIPTIVE_NO_INFERENCE
S01,S01,1171,1171,OK,l1.fixed_k.k08,l1,fixed_k,l1.final_ranker_score,8,1.0,0.8785714285714286,0.8785714285714286,0.2689139323947688,0.9558928571428572,0.375,1.0,0.5454545454545454,5,0.625,3,0.375,1.0,0.5454545454545454,5,0.625,8.0,0.0,False,,,,,,,,,0.25356125356125353,DESCRIPTIVE_NO_INFERENCE
S01,S01,1171,1171,OK,l1.fixed_k.k16,l1,fixed_k,l1.final_ranker_score,16,1.0,0.8839285714285714,0.8839282013016623,0.2701746925355718,0.9561989795918368,0.1875,1.0,0.3157894736842105,13,0.8125,3,0.1875,1.0,0.3157894736842105,13,0.8125,16.0,0.0,False,,,,,,,,,0.11658456486042693,DESCRIPTIVE_NO_INFERENCE
S01,S01,1171,1171,OK,l1.validation_one_se,l1,validation_one_se,l1.final_ranker_score,4,1.0,0.8785714285714286,0.878565232920047,0.2556603210539376,0.9594897959183672,0.75,1.0,0.8571428571428571,1,0.25,3,0.75,1.0,0.8571428571428571,1,0.25,,0.0,False,4.0,0.210403568106703,0.0180567853875357,0.2284603534942388,,,,,0.6,DESCRIPTIVE_NO_INFERENCE
S01,S01,1171,1171,OK,l1.cpss_one_se,l1,cpss_one_se,l1.final_development_selection_frequency,3,1.0,0.875,0.874998405591908,0.2527016766568195,0.9602168367346938,1.0,1.0,1.0,0,0.0,3,1.0,1.0,1.0,0,0.0,,,False,,0.2083490127071191,0.0176170469511706,0.2259660596582898,4.0,0.9,3.0,3.0,1.0,DESCRIPTIVE_NO_INFERENCE
S01,S01,1181,1181,OK,shil.fixed_k.k01,shil,fixed_k,shil.final_ranker_score,1,1.0,0.6517857142857143,0.6516957504967802,0.5890089353165363,0.7363775510204081,1.0,0.3333333333333333,0.5,0,0.0,1,1.0,0.3333333333333333,0.5,0,0.0,1.0,0.0,False,,,,,,,,,1.0,DESCRIPTIVE_NO_INFERENCE
S01,S01,1181,1181,OK,shil.fixed_k.k02,shil,fixed_k,shil.final_ranker_score,2,1.0,0.7767857142857143,0.7766653585637668,0.4441159707189682,0.869030612244898,1.0,0.6666666666666666,0.8,0,0.0,2,1.0,0.6666666666666666,0.8,0,0.0,2.0,0.0,False,,,,,,,,,0.9259259259259258,DESCRIPTIVE_NO_INFERENCE
S01,S01,1181,1181,OK,shil.fixed_k.k04,shil,fixed_k,shil.final_ranker_score,4,1.0,0.9035714285714286,0.9035714285714286,0.2231850717938432,0.9695153061224488,0.75,1.0,0.8571428571428571,1,0.25,3,0.75,1.0,0.8571428571428571,1,0.25,4.0,0.0,False,,,,,,,,,0.6,DESCRIPTIVE_NO_INFERENCE
S01,S01,1181,1181,OK,shil.fixed_k.k08,shil,fixed_k,shil.final_ranker_score,8,1.0,0.9017857142857144,0.9017854011014066,0.2248741489711687,0.9690816326530614,0.375,1.0,0.5454545454545454,5,0.625,3,0.375,1.0,0.5454545454545454,5,0.625,8.0,0.0,False,,,,,,,,,0.23076923076923078,DESCRIPTIVE_NO_INFERENCE
S01,S01,1181,1181,OK,shil.fixed_k.k16,shil,fixed_k,shil.final_ranker_score,16,1.0,0.8964285714285715,0.8964232869023929,0.2302971579079015,0.9674107142857143,0.1875,1.0,0.3157894736842105,13,0.8125,3,0.1875,1.0,0.3157894736842105,13,0.8125,16.0,0.0,False,,,,,,,,,0.1169089176752012,DESCRIPTIVE_NO_INFERENCE
S01,S01,1181,1181,OK,shil.validation_one_se,shil,validation_one_se,shil.final_ranker_score,4,1.0,0.9035714285714286,0.9035714285714286,0.2231850717938432,0.9695153061224488,0.75,1.0,0.8571428571428571,1,0.25,3,0.75,1.0,0.8571428571428571,1,0.25,,0.0,False,4.0,0.1944757009906091,0.0164523219573168,0.210928022947926,,,,,0.6,DESCRIPTIVE_NO_INFERENCE
S01,S01,1181,1181,OK,shil.cpss_one_se,shil,cpss_one_se,shil.final_development_selection_frequency,3,1.0,0.9017857142857144,0.9017854011014066,0.2200383750522146,0.9701147959183672,1.0,1.0,1.0,0,0.0,3,1.0,1.0,1.0,0,0.0,,,False,,0.1938960166303054,0.0162902537994669,0.2101862704297724,4.0,0.9,3.0,3.0,1.0,DESCRIPTIVE_NO_INFERENCE
S01,S01,1181,1181,OK,l1.fixed_k.k01,l1,fixed_k,l1.final_ranker_score,1,1.0,0.6517857142857143,0.6516957504967802,0.5890089353165363,0.7363775510204081,1.0,0.3333333333333333,0.5,0,0.0,1,1.0,0.3333333333333333,0.5,0,0.0,1.0,0.0,False,,,,,,,,,1.0,DESCRIPTIVE_NO_INFERENCE
S01,S01,1181,1181,OK,l1.fixed_k.k02,l1,fixed_k,l1.final_ranker_score,2,1.0,0.7767857142857143,0.7766653585637668,0.4441159707189682,0.869030612244898,1.0,0.6666666666666666,0.8,0,0.0,2,1.0,0.6666666666666666,0.8,0,0.0,2.0,0.0,False,,,,,,,,,1.0,DESCRIPTIVE_NO_INFERENCE
S01,S01,1181,1181,OK,l1.fixed_k.k04,l1,fixed_k,l1.final_ranker_score,4,1.0,0.8964285714285715,0.896427250347581,0.2257271949774277,0.9684948979591836,0.75,1.0,0.8571428571428571,1,0.25,3,0.75,1.0,0.8571428571428571,1,0.25,4.0,0.0,False,,,,,,,,,0.6,DESCRIPTIVE_NO_INFERENCE
S01,S01,1181,1181,OK,l1.fixed_k.k08,l1,fixed_k,l1.final_ranker_score,8,1.0,0.8839285714285714,0.8839252402014088,0.2372495377657434,0.9653188775510204,0.375,1.0,0.5454545454545454,5,0.625,3,0.375,1.0,0.5454545454545454,5,0.625,8.0,0.0,False,,,,,,,,,0.23076923076923078,DESCRIPTIVE_NO_INFERENCE
S01,S01,1181,1181,OK,l1.fixed_k.k16,l1,fixed_k,l1.final_ranker_score,16,1.0,0.8857142857142857,0.8857142857142857,0.2580361842233897,0.9601147959183672,0.1875,1.0,0.3157894736842105,13,0.8125,3,0.1875,1.0,0.3157894736842105,13,0.8125,16.0,0.0,False,,,,,,,,,0.12128768067465384,DESCRIPTIVE_NO_INFERENCE
S01,S01,1181,1181,OK,l1.validation_one_se,l1,validation_one_se,l1.final_ranker_score,4,1.0,0.8964285714285715,0.896427250347581,0.2257271949774277,0.9684948979591836,0.75,1.0,0.8571428571428571,1,0.25,3,0.75,1.0,0.8571428571428571,1,0.25,,0.0,False,4.0,0.1939129200933656,0.0162780058783981,0.2101909259717638,,,,,0.6,DESCRIPTIVE_NO_INFERENCE
S01,S01,1181,1181,OK,l1.cpss_one_se,l1,cpss_one_se,l1.final_development_selection_frequency,3,1.0,0.9017857142857144,0.9017854011014066,0.2200383750522146,0.9701147959183672,1.0,1.0,1.0,0,0.0,3,1.0,1.0,1.0,0,0.0,,,False,,0.1938960166303054,0.0162902537994669,0.2101862704297724,4.0,0.9,3.0,3.0,1.0,DESCRIPTIVE_NO_INFERENCE
S01,S01,1201,1201,OK,shil.fixed_k.k01,shil,fixed_k,shil.final_ranker_score,1,1.0,0.7035714285714286,0.7033860448494595,0.5529027404717752,0.7880739795918367,1.0,0.3333333333333333,0.5,0,0.0,1,1.0,0.3333333333333333,0.5,0,0.0,1.0,0.0,False,,,,,,,,,1.0,DESCRIPTIVE_NO_INFERENCE
S01,S01,1201,1201,OK,shil.fixed_k.k02,shil,fixed_k,shil.final_ranker_score,2,1.0,0.8339285714285715,0.833915331260464,0.3988498567463786,0.9045280612244898,1.0,0.6666666666666666,0.8,0,0.0,2,1.0,0.6666666666666666,0.8,0,0.0,2.0,0.0,False,,,,,,,,,0.9259259259259258,DESCRIPTIVE_NO_INFERENCE
S01,S01,1201,1201,OK,shil.fixed_k.k04,shil,fixed_k,shil.final_ranker_score,4,1.0,0.9053571428571427,0.9052891902672516,0.2163402763030175,0.9715816326530612,0.75,1.0,0.8571428571428571,1,0.25,3,0.75,1.0,0.8571428571428571,1,0.25,4.0,0.0,False,,,,,,,,,0.6,DESCRIPTIVE_NO_INFERENCE
S01,S01,1201,1201,OK,shil.fixed_k.k08,shil,fixed_k,shil.final_ranker_score,8,1.0,0.9071428571428573,0.907100199071002,0.2192007020336663,0.9703188775510204,0.375,1.0,0.5454545454545454,5,0.625,3,0.375,1.0,0.5454545454545454,5,0.625,8.0,0.0,False,,,,,,,,,0.23076923076923078,DESCRIPTIVE_NO_INFERENCE
S01,S01,1201,1201,OK,shil.fixed_k.k16,shil,fixed_k,shil.final_ranker_score,16,1.0,0.9142857142857144,0.9142583732057415,0.2145280168826565,0.9717857142857144,0.1875,1.0,0.3157894736842105,13,0.8125,3,0.1875,1.0,0.3157894736842105,13,0.8125,16.0,0.0,False,,,,,,,,,0.10782703886152162,DESCRIPTIVE_NO_INFERENCE
S01,S01,1201,1201,OK,shil.validation_one_se,shil,validation_one_se,shil.final_ranker_score,4,1.0,0.9053571428571427,0.9052891902672516,0.2163402763030175,0.9715816326530612,0.75,1.0,0.8571428571428571,1,0.25,3,0.75,1.0,0.8571428571428571,1,0.25,,0.0,False,4.0,0.2476130383245802,0.0195695309417785,0.2671825692663588,,,,,0.6,DESCRIPTIVE_NO_INFERENCE
S01,S01,1201,1201,OK,shil.cpss_one_se,shil,cpss_one_se,shil.final_development_selection_frequency,3,1.0,0.9053571428571427,0.9052891902672516,0.2162311839368501,0.9716198979591836,1.0,1.0,1.0,0,0.0,3,1.0,1.0,1.0,0,0.0,,,False,,0.2474161927920931,0.01955955911454,0.2669757519066332,4.0,0.9,3.0,3.0,1.0,DESCRIPTIVE_NO_INFERENCE
S01,S01,1201,1201,OK,l1.fixed_k.k01,l1,fixed_k,l1.final_ranker_score,1,1.0,0.7035714285714286,0.7033860448494595,0.5529027404717752,0.7880739795918367,1.0,0.3333333333333333,0.5,0,0.0,1,1.0,0.3333333333333333,0.5,0,0.0,1.0,0.0,False,,,,,,,,,1.0,DESCRIPTIVE_NO_INFERENCE
S01,S01,1201,1201,OK,l1.fixed_k.k02,l1,fixed_k,l1.final_ranker_score,2,1.0,0.8339285714285715,0.833915331260464,0.3988498567463786,0.9045280612244898,1.0,0.6666666666666666,0.8,0,0.0,2,1.0,0.6666666666666666,0.8,0,0.0,2.0,0.0,False,,,,,,,,,1.0,DESCRIPTIVE_NO_INFERENCE
S01,S01,1201,1201,OK,l1.fixed_k.k04,l1,fixed_k,l1.final_ranker_score,4,1.0,0.8964285714285715,0.8963809912715022,0.2247221002716088,0.9686989795918368,0.75,1.0,0.8571428571428571,1,0.25,3,0.75,1.0,0.8571428571428571,1,0.25,4.0,0.0,False,,,,,,,,,0.6,DESCRIPTIVE_NO_INFERENCE
S01,S01,1201,1201,OK,l1.fixed_k.k08,l1,fixed_k,l1.final_ranker_score,8,1.0,0.8946428571428572,0.894586049242098,0.231636363203405,0.966670918367347,0.375,1.0,0.5454545454545454,5,0.625,3,0.375,1.0,0.5454545454545454,5,0.625,8.0,0.0,False,,,,,,,,,0.23076923076923078,DESCRIPTIVE_NO_INFERENCE
S01,S01,1201,1201,OK,l1.fixed_k.k16,l1,fixed_k,l1.final_ranker_score,16,1.0,0.8875,0.8874709347758828,0.2374718718626036,0.9653188775510204,0.1875,1.0,0.3157894736842105,13,0.8125,3,0.1875,1.0,0.3157894736842105,13,0.8125,16.0,0.0,False,,,,,,,,,0.10344827586206896,DESCRIPTIVE_NO_INFERENCE
S01,S01,1201,1201,OK,l1.validation_one_se,l1,validation_one_se,l1.final_ranker_score,4,1.0,0.8964285714285715,0.8963809912715022,0.2247221002716088,0.9686989795918368,0.75,1.0,0.8571428571428571,1,0.25,3,0.75,1.0,0.8571428571428571,1,0.25,,0.0,False,4.0,0.2495715752067731,0.0198399438406774,0.2694115190474506,,,,,0.6,DESCRIPTIVE_NO_INFERENCE
S01,S01,1201,1201,OK,l1.cpss_one_se,l1,cpss_one_se,l1.final_development_selection_frequency,3,1.0,0.9053571428571427,0.9052891902672516,0.2162311839368501,0.9716198979591836,1.0,1.0,1.0,0,0.0,3,1.0,1.0,1.0,0,0.0,,,False,,0.2474161927920931,0.01955955911454,0.2669757519066332,4.0,0.9,3.0,3.0,1.0,DESCRIPTIVE_NO_INFERENCE
S01,S01,1213,1213,OK,shil.fixed_k.k01,shil,fixed_k,shil.final_ranker_score,1,1.0,0.6767857142857143,0.6767764380993078,0.5759662466371406,0.7554464285714286,1.0,0.3333333333333333,0.5,0,0.0,1,1.0,0.3333333333333333,0.5,0,0.0,1.0,0.0,False,,,,,,,,,1.0,DESCRIPTIVE_NO_INFERENCE
S01,S01,1213,1213,OK,shil.fixed_k.k02,shil,fixed_k,shil.final_ranker_score,2,1.0,0.825,0.8249441786283891,0.3761674100340593,0.9123596938775512,1.0,0.6666666666666666,0.8,0,0.0,2,1.0,0.6666666666666666,0.8,0,0.0,2.0,0.0,False,,,,,,,,,0.9259259259259258,DESCRIPTIVE_NO_INFERENCE
S01,S01,1213,1213,OK,shil.fixed_k.k04,shil,fixed_k,shil.final_ranker_score,4,1.0,0.9017857142857144,0.9017828955550382,0.2326650582351712,0.9666454081632652,0.75,1.0,0.8571428571428571,1,0.25,3,0.75,1.0,0.8571428571428571,1,0.25,4.0,0.0,False,,,,,,,,,0.6,DESCRIPTIVE_NO_INFERENCE
S01,S01,1213,1213,OK,shil.fixed_k.k08,shil,fixed_k,shil.final_ranker_score,8,1.0,0.9017857142857144,0.9017854011014066,0.2308152516523368,0.9669770408163264,0.375,1.0,0.5454545454545454,5,0.625,3,0.375,1.0,0.5454545454545454,5,0.625,8.0,0.0,False,,,,,,,,,0.23076923076923078,DESCRIPTIVE_NO_INFERENCE
S01,S01,1213,1213,OK,shil.fixed_k.k16,shil,fixed_k,shil.final_ranker_score,16,1.0,0.8982142857142857,0.8982113644843124,0.2300661681525387,0.9674617346938776,0.1875,1.0,0.3157894736842105,13,0.8125,3,0.1875,1.0,0.3157894736842105,13,0.8125,16.0,0.0,False,,,,,,,,,0.11658456486042693,DESCRIPTIVE_NO_INFERENCE
S01,S01,1213,1213,OK,shil.validation_one_se,shil,validation_one_se,shil.final_ranker_score,4,1.0,0.9017857142857144,0.9017828955550382,0.2326650582351712,0.9666454081632652,0.75,1.0,0.8571428571428571,1,0.25,3,0.75,1.0,0.8571428571428571,1,0.25,,0.0,False,4.0,0.1952312967921121,0.0163997799882636,0.2116310767803757,,,,,0.6,DESCRIPTIVE_NO_INFERENCE
S01,S01,1213,1213,OK,shil.cpss_one_se,shil,cpss_one_se,shil.final_development_selection_frequency,3,1.0,0.9,0.8999987244735265,0.2320514846363528,0.9664923469387756,1.0,1.0,1.0,0,0.0,3,1.0,1.0,1.0,0,0.0,,,False,,0.1948925877498137,0.0162614311925566,0.2111540189423704,4.0,0.9,3.0,3.0,1.0,DESCRIPTIVE_NO_INFERENCE
S01,S01,1213,1213,OK,l1.fixed_k.k01,l1,fixed_k,l1.final_ranker_score,1,1.0,0.6767857142857143,0.6767764380993078,0.5759662466371406,0.7554464285714286,1.0,0.3333333333333333,0.5,0,0.0,1,1.0,0.3333333333333333,0.5,0,0.0,1.0,0.0,False,,,,,,,,,1.0,DESCRIPTIVE_NO_INFERENCE
S01,S01,1213,1213,OK,l1.fixed_k.k02,l1,fixed_k,l1.final_ranker_score,2,1.0,0.825,0.8249441786283891,0.3761674100340593,0.9123596938775512,1.0,0.6666666666666666,0.8,0,0.0,2,1.0,0.6666666666666666,0.8,0,0.0,2.0,0.0,False,,,,,,,,,1.0,DESCRIPTIVE_NO_INFERENCE
S01,S01,1213,1213,OK,l1.fixed_k.k04,l1,fixed_k,l1.final_ranker_score,4,1.0,0.8964285714285715,0.896427250347581,0.2309324072420501,0.966454081632653,0.75,1.0,0.8571428571428571,1,0.25,3,0.75,1.0,0.8571428571428571,1,0.25,4.0,0.0,False,,,,,,,,,0.6,DESCRIPTIVE_NO_INFERENCE
S01,S01,1213,1213,OK,l1.fixed_k.k08,l1,fixed_k,l1.final_ranker_score,8,1.0,0.9089285714285714,0.9089282810213042,0.2247035406605406,0.9689285714285716,0.375,1.0,0.5454545454545454,5,0.625,3,0.375,1.0,0.5454545454545454,5,0.625,8.0,0.0,False,,,,,,,,,0.24216524216524216,DESCRIPTIVE_NO_INFERENCE
S01,S01,1213,1213,OK,l1.fixed_k.k16,l1,fixed_k,l1.final_ranker_score,16,1.0,0.8964285714285715,0.896427250347581,0.2399550408946784,0.964783163265306,0.1875,1.0,0.3157894736842105,13,0.8125,3,0.1875,1.0,0.3157894736842105,13,0.8125,16.0,0.0,False,,,,,,,,,0.1256664436741065,DESCRIPTIVE_NO_INFERENCE
S01,S01,1213,1213,OK,l1.validation_one_se,l1,validation_one_se,l1.final_ranker_score,4,1.0,0.8964285714285715,0.896427250347581,0.2309324072420501,0.966454081632653,0.75,1.0,0.8571428571428571,1,0.25,3,0.75,1.0,0.8571428571428571,1,0.25,,0.0,False,4.0,0.1942879490746628,0.0163751079277502,0.2106630570024131,,,,,0.6,DESCRIPTIVE_NO_INFERENCE
S01,S01,1213,1213,OK,l1.cpss_one_se,l1,cpss_one_se,l1.final_development_selection_frequency,3,1.0,0.9,0.8999987244735265,0.2320514846363528,0.9664923469387756,1.0,1.0,1.0,0,0.0,3,1.0,1.0,1.0,0,0.0,,,False,,0.1948925877498137,0.0162614311925566,0.2111540189423704,4.0,0.9,3.0,3.0,1.0,DESCRIPTIVE_NO_INFERENCE
S01,S01,1231,1231,OK,shil.fixed_k.k01,shil,fixed_k,shil.final_ranker_score,1,1.0,0.6839285714285714,0.6822251930789724,0.5612138699326914,0.7739158163265306,1.0,0.3333333333333333,0.5,0,0.0,1,1.0,0.3333333333333333,0.5,0,0.0,1.0,0.0,False,,,,,,,,,1.0,DESCRIPTIVE_NO_INFERENCE
S01,S01,1231,1231,OK,shil.fixed_k.k02,shil,fixed_k,shil.final_ranker_score,2,1.0,0.7875,0.7873854213527061,0.4247231399417394,0.8823086734693878,1.0,0.6666666666666666,0.8,0,0.0,2,1.0,0.6666666666666666,0.8,0,0.0,2.0,0.0,False,,,,,,,,,0.9259259259259258,DESCRIPTIVE_NO_INFERENCE
S01,S01,1231,1231,OK,shil.fixed_k.k04,shil,fixed_k,shil.final_ranker_score,4,1.0,0.8982142857142857,0.8982061707725425,0.2122775322879577,0.9724362244897958,0.75,1.0,0.8571428571428571,1,0.25,3,0.75,1.0,0.8571428571428571,1,0.25,4.0,0.0,False,,,,,,,,,0.6,DESCRIPTIVE_NO_INFERENCE
S01,S01,1231,1231,OK,shil.fixed_k.k08,shil,fixed_k,shil.final_ranker_score,8,1.0,0.9,0.8999885190902017,0.2235502219942965,0.9690816326530612,0.375,1.0,0.5454545454545454,5,0.625,3,0.375,1.0,0.5454545454545454,5,0.625,8.0,0.0,False,,,,,,,,,0.24216524216524216,DESCRIPTIVE_NO_INFERENCE
S01,S01,1231,1231,OK,shil.fixed_k.k16,shil,fixed_k,shil.final_ranker_score,16,1.0,0.9035714285714286,0.9035517452541336,0.2245113375501197,0.969234693877551,0.1875,1.0,0.3157894736842105,13,0.8125,3,0.1875,1.0,0.3157894736842105,13,0.8125,16.0,0.0,False,,,,,,,,,0.12161203348942812,DESCRIPTIVE_NO_INFERENCE
S01,S01,1231,1231,OK,shil.validation_one_se,shil,validation_one_se,shil.final_ranker_score,4,1.0,0.8982142857142857,0.8982061707725425,0.2122775322879577,0.9724362244897958,0.75,1.0,0.8571428571428571,1,0.25,3,0.75,1.0,0.8571428571428571,1,0.25,,0.0,False,4.0,0.221163970480831,0.0200673099934195,0.2412312804742506,,,,,0.6,DESCRIPTIVE_NO_INFERENCE
S01,S01,1231,1231,OK,shil.cpss_one_se,shil,cpss_one_se,shil.final_development_selection_frequency,3,1.0,0.8982142857142857,0.8982061707725425,0.2119217920076018,0.9724489795918368,1.0,1.0,1.0,0,0.0,3,1.0,1.0,1.0,0,0.0,,,False,,0.2221603212622672,0.0202535124295341,0.2424138336918014,4.0,0.9,3.0,3.0,1.0,DESCRIPTIVE_NO_INFERENCE
S01,S01,1231,1231,OK,l1.fixed_k.k01,l1,fixed_k,l1.final_ranker_score,1,1.0,0.6839285714285714,0.6822251930789724,0.5612138699326914,0.7739158163265306,1.0,0.3333333333333333,0.5,0,0.0,1,1.0,0.3333333333333333,0.5,0,0.0,1.0,0.0,False,,,,,,,,,1.0,DESCRIPTIVE_NO_INFERENCE
S01,S01,1231,1231,OK,l1.fixed_k.k02,l1,fixed_k,l1.final_ranker_score,2,1.0,0.7875,0.7873854213527061,0.4247231399417394,0.8823086734693878,1.0,0.6666666666666666,0.8,0,0.0,2,1.0,0.6666666666666666,0.8,0,0.0,2.0,0.0,False,,,,,,,,,1.0,DESCRIPTIVE_NO_INFERENCE
S01,S01,1231,1231,OK,l1.fixed_k.k04,l1,fixed_k,l1.final_ranker_score,4,1.0,0.8946428571428572,0.8946021902583586,0.2142618185379088,0.9719260204081632,0.75,1.0,0.8571428571428571,1,0.25,3,0.75,1.0,0.8571428571428571,1,0.25,4.0,0.0,False,,,,,,,,,0.6,DESCRIPTIVE_NO_INFERENCE
S01,S01,1231,1231,OK,l1.fixed_k.k08,l1,fixed_k,l1.final_ranker_score,8,1.0,0.9017857142857144,0.9017478044781309,0.2180706540889246,0.970497448979592,0.375,1.0,0.5454545454545454,5,0.625,3,0.375,1.0,0.5454545454545454,5,0.625,8.0,0.0,False,,,,,,,,,0.23076923076923078,DESCRIPTIVE_NO_INFERENCE
S01,S01,1231,1231,OK,l1.fixed_k.k16,l1,fixed_k,l1.final_ranker_score,16,1.0,0.8910714285714286,0.8910293831484725,0.2386127565158518,0.9651147959183674,0.1875,1.0,0.3157894736842105,13,0.8125,3,0.1875,1.0,0.3157894736842105,13,0.8125,16.0,0.0,False,,,,,,,,,0.11658456486042693,DESCRIPTIVE_NO_INFERENCE
S01,S01,1231,1231,OK,l1.validation_one_se,l1,validation_one_se,l1.final_ranker_score,4,1.0,0.8946428571428572,0.8946021902583586,0.2142618185379088,0.9719260204081632,0.75,1.0,0.8571428571428571,1,0.25,3,0.75,1.0,0.8571428571428571,1,0.25,,0.0,False,4.0,0.2230692206438506,0.0202670759419995,0.2433362965858502,,,,,0.6,DESCRIPTIVE_NO_INFERENCE
S01,S01,1231,1231,OK,l1.cpss_one_se,l1,cpss_one_se,l1.final_development_selection_frequency,3,1.0,0.8982142857142857,0.8982061707725425,0.2119217920076018,0.9724489795918368,1.0,1.0,1.0,0,0.0,3,1.0,1.0,1.0,0,0.0,,,False,,0.2221603212622672,0.0202535124295341,0.2424138336918014,4.0,0.9,3.0,3.0,1.0,DESCRIPTIVE_NO_INFERENCE
S01,S01,1249,1249,OK,shil.fixed_k.k01,shil,fixed_k,shil.final_ranker_score,1,1.0,0.7089285714285715,0.7089276432641686,0.55707499633721,0.7713392857142857,1.0,0.3333333333333333,0.5,0,0.0,1,1.0,0.3333333333333333,0.5,0,0.0,1.0,0.0,False,,,,,,,,,1.0,DESCRIPTIVE_NO_INFERENCE
S01,S01,1249,1249,OK,shil.fixed_k.k02,shil,fixed_k,shil.final_ranker_score,2,1.0,0.7839285714285714,0.783911344973292,0.4281093477048401,0.8796811224489796,1.0,0.6666666666666666,0.8,0,0.0,2,1.0,0.6666666666666666,0.8,0,0.0,2.0,0.0,False,,,,,,,,,0.3333333333333333,DESCRIPTIVE_NO_INFERENCE
S01,S01,1249,1249,OK,shil.fixed_k.k04,shil,fixed_k,shil.final_ranker_score,4,1.0,0.9035714285714286,0.9035517452541336,0.2048688073369957,0.974859693877551,0.75,1.0,0.8571428571428571,1,0.25,3,0.75,1.0,0.8571428571428571,1,0.25,4.0,0.0,False,,,,,,,,,0.6,DESCRIPTIVE_NO_INFERENCE
S01,S01,1249,1249,OK,shil.fixed_k.k08,shil,fixed_k,shil.final_ranker_score,8,1.0,0.9017857142857144,0.9017603398837072,0.2069709719247447,0.9741198979591836,0.375,1.0,0.5454545454545454,5,0.625,3,0.375,1.0,0.5454545454545454,5,0.625,8.0,0.0,False,,,,,,,,,0.23076923076923078,DESCRIPTIVE_NO_INFERENCE
S01,S01,1249,1249,OK,shil.fixed_k.k16,shil,fixed_k,shil.final_ranker_score,16,1.0,0.9035714285714286,0.903560357694123,0.2135896776704895,0.9719515306122448,0.1875,1.0,0.3157894736842105,13,0.8125,3,0.1875,1.0,0.3157894736842105,13,0.8125,16.0,0.0,False,,,,,,,,,0.11220580186097427,DESCRIPTIVE_NO_INFERENCE
S01,S01,1249,1249,OK,shil.validation_one_se,shil,validation_one_se,shil.final_ranker_score,4,1.0,0.9035714285714286,0.9035517452541336,0.2048688073369957,0.974859693877551,0.75,1.0,0.8571428571428571,1,0.25,3,0.75,1.0,0.8571428571428571,1,0.25,,0.0,False,4.0,0.2562809585001497,0.0210596814577957,0.2773406399579455,,,,,0.6,DESCRIPTIVE_NO_INFERENCE
S01,S01,1249,1249,OK,shil.cpss_one_se,shil,cpss_one_se,shil.final_development_selection_frequency,3,1.0,0.9035714285714286,0.9035517452541336,0.2053276038174608,0.974719387755102,1.0,1.0,1.0,0,0.0,3,1.0,1.0,1.0,0,0.0,,,False,,0.2529833294000836,0.0207155789456272,0.2736989083457109,4.0,0.9,3.0,3.0,1.0,DESCRIPTIVE_NO_INFERENCE
S01,S01,1249,1249,OK,l1.fixed_k.k01,l1,fixed_k,l1.final_ranker_score,1,1.0,0.7089285714285715,0.7089276432641686,0.55707499633721,0.7713392857142857,1.0,0.3333333333333333,0.5,0,0.0,1,1.0,0.3333333333333333,0.5,0,0.0,1.0,0.0,False,,,,,,,,,1.0,DESCRIPTIVE_NO_INFERENCE
S01,S01,1249,1249,OK,l1.fixed_k.k02,l1,fixed_k,l1.final_ranker_score,2,1.0,0.8017857142857143,0.8017345041289363,0.4120277477780685,0.8906632653061225,1.0,0.6666666666666666,0.8,0,0.0,2,1.0,0.6666666666666666,0.8,0,0.0,2.0,0.0,False,,,,,,,,,1.0,DESCRIPTIVE_NO_INFERENCE
S01,S01,1249,1249,OK,l1.fixed_k.k04,l1,fixed_k,l1.final_ranker_score,4,1.0,0.9017857142857144,0.901777884078769,0.2080960181360263,0.9734183673469388,0.75,1.0,0.8571428571428571,1,0.25,3,0.75,1.0,0.8571428571428571,1,0.25,4.0,0.0,False,,,,,,,,,0.6,DESCRIPTIVE_NO_INFERENCE
S01,S01,1249,1249,OK,l1.fixed_k.k08,l1,fixed_k,l1.final_ranker_score,8,1.0,0.9035714285714286,0.9035665084953316,0.2214881136765017,0.9706377551020408,0.375,1.0,0.5454545454545454,5,0.625,3,0.375,1.0,0.5454545454545454,5,0.625,8.0,0.0,False,,,,,,,,,0.23076923076923078,DESCRIPTIVE_NO_INFERENCE
S01,S01,1249,1249,OK,l1.fixed_k.k16,l1,fixed_k,l1.final_ranker_score,16,1.0,0.9053571428571427,0.9053544266257642,0.2321369512842679,0.968469387755102,0.1875,1.0,0.3157894736842105,13,0.8125,3,0.1875,1.0,0.3157894736842105,13,0.8125,16.0,0.0,False,,,,,,,,,0.11220580186097427,DESCRIPTIVE_NO_INFERENCE
S01,S01,1249,1249,OK,l1.validation_one_se,l1,validation_one_se,l1.final_ranker_score,4,1.0,0.9017857142857144,0.901777884078769,0.2080960181360263,0.9734183673469388,0.75,1.0,0.8571428571428571,1,0.25,3,0.75,1.0,0.8571428571428571,1,0.25,,0.0,False,4.0,0.2544860432603688,0.021023968963702,0.2755100122240708,,,,,0.6,DESCRIPTIVE_NO_INFERENCE
S01,S01,1249,1249,OK,l1.cpss_one_se,l1,cpss_one_se,l1.final_development_selection_frequency,3,1.0,0.9035714285714286,0.9035517452541336,0.2053276038174608,0.974719387755102,1.0,1.0,1.0,0,0.0,3,1.0,1.0,1.0,0,0.0,,,False,,0.2529833294000836,0.0207155789456272,0.2736989083457109,4.0,0.9,3.0,3.0,1.0,DESCRIPTIVE_NO_INFERENCE
S01,S01,1277,1277,OK,shil.fixed_k.k01,shil,fixed_k,shil.final_ranker_score,1,1.0,0.6785714285714286,0.6785550283177713,0.582096929589425,0.7475127551020408,1.0,0.3333333333333333,0.5,0,0.0,1,1.0,0.3333333333333333,0.5,0,0.0,1.0,0.0,False,,,,,,,,,1.0,DESCRIPTIVE_NO_INFERENCE
S01,S01,1277,1277,OK,shil.fixed_k.k02,shil,fixed_k,shil.final_ranker_score,2,1.0,0.7982142857142858,0.7981827517692497,0.4280579061321019,0.8842602040816328,1.0,0.6666666666666666,0.8,0,0.0,2,1.0,0.6666666666666666,0.8,0,0.0,2.0,0.0,False,,,,,,,,,0.925925925925926,DESCRIPTIVE_NO_INFERENCE
S01,S01,1277,1277,OK,shil.fixed_k.k04,shil,fixed_k,shil.final_ranker_score,4,1.0,0.8910714285714286,0.8910627441600893,0.2438422276641742,0.9629591836734694,0.75,1.0,0.8571428571428571,1,0.25,3,0.75,1.0,0.8571428571428571,1,0.25,4.0,0.0,False,,,,,,,,,0.6,DESCRIPTIVE_NO_INFERENCE
S01,S01,1277,1277,OK,shil.fixed_k.k08,shil,fixed_k,shil.final_ranker_score,8,1.0,0.8928571428571429,0.8928448418823589,0.2455124033685112,0.9627040816326532,0.375,1.0,0.5454545454545454,5,0.625,3,0.375,1.0,0.5454545454545454,5,0.625,8.0,0.0,False,,,,,,,,,0.23076923076923078,DESCRIPTIVE_NO_INFERENCE
S01,S01,1277,1277,OK,shil.fixed_k.k16,shil,fixed_k,shil.final_ranker_score,16,1.0,0.8892857142857142,0.88928430209569,0.2478005781455302,0.9620790816326532,0.1875,1.0,0.3157894736842105,13,0.8125,3,0.1875,1.0,0.3157894736842105,13,0.8125,16.0,0.0,False,,,,,,,,,0.11220580186097427,DESCRIPTIVE_NO_INFERENCE
S01,S01,1277,1277,OK,shil.validation_one_se,shil,validation_one_se,shil.final_ranker_score,4,1.0,0.8910714285714286,0.8910627441600893,0.2438422276641742,0.9629591836734694,0.75,1.0,0.8571428571428571,1,0.25,3,0.75,1.0,0.8571428571428571,1,0.25,,0.0,False,4.0,0.2136311163522967,0.0178474332200239,0.2314785495723206,,,,,0.6,DESCRIPTIVE_NO_INFERENCE
S01,S01,1277,1277,OK,shil.cpss_one_se,shil,cpss_one_se,shil.final_development_selection_frequency,3,1.0,0.8964285714285715,0.8964232869023929,0.2422075722921059,0.9634948979591836,1.0,1.0,1.0,0,0.0,3,1.0,1.0,1.0,0,0.0,,,False,,0.2132858022775662,0.0178020101747683,0.2310878124523345,4.0,0.9,3.0,3.0,1.0,DESCRIPTIVE_NO_INFERENCE
S01,S01,1277,1277,OK,l1.fixed_k.k01,l1,fixed_k,l1.final_ranker_score,1,1.0,0.6785714285714286,0.6785550283177713,0.582096929589425,0.7475127551020408,1.0,0.3333333333333333,0.5,0,0.0,1,1.0,0.3333333333333333,0.5,0,0.0,1.0,0.0,False,,,,,,,,,1.0,DESCRIPTIVE_NO_INFERENCE
S01,S01,1277,1277,OK,l1.fixed_k.k02,l1,fixed_k,l1.final_ranker_score,2,1.0,0.7982142857142858,0.7981827517692497,0.4280579061321019,0.8842602040816328,1.0,0.6666666666666666,0.8,0,0.0,2,1.0,0.6666666666666666,0.8,0,0.0,2.0,0.0,False,,,,,,,,,1.0,DESCRIPTIVE_NO_INFERENCE
S01,S01,1277,1277,OK,l1.fixed_k.k04,l1,fixed_k,l1.final_ranker_score,4,1.0,0.9,0.8999885190902017,0.2456399245285219,0.9625255102040816,0.75,1.0,0.8571428571428571,1,0.25,3,0.75,1.0,0.8571428571428571,1,0.25,4.0,0.0,False,,,,,,,,,0.6,DESCRIPTIVE_NO_INFERENCE
S01,S01,1277,1277,OK,l1.fixed_k.k08,l1,fixed_k,l1.final_ranker_score,8,1.0,0.9017857142857144,0.9017828955550382,0.2471671787966387,0.9619387755102042,0.375,1.0,0.5454545454545454,5,0.625,3,0.375,1.0,0.5454545454545454,5,0.625,8.0,0.0,False,,,,,,,,,0.24216524216524216,DESCRIPTIVE_NO_INFERENCE
S01,S01,1277,1277,OK,l1.fixed_k.k16,l1,fixed_k,l1.final_ranker_score,16,1.0,0.8892857142857142,0.8892800653094546,0.2619990905368415,0.9593877551020408,0.1875,1.0,0.3157894736842105,13,0.8125,3,0.1875,1.0,0.3157894736842105,13,0.8125,16.0,0.0,False,,,,,,,,,0.1256664436741065,DESCRIPTIVE_NO_INFERENCE
S01,S01,1277,1277,OK,l1.validation_one_se,l1,validation_one_se,l1.final_ranker_score,4,1.0,0.9,0.8999885190902017,0.2456399245285219,0.9625255102040816,0.75,1.0,0.8571428571428571,1,0.25,3,0.75,1.0,0.8571428571428571,1,0.25,,0.0,False,4.0,0.2178031275851165,0.0180335381835854,0.2358366657687019,,,,,0.6,DESCRIPTIVE_NO_INFERENCE
S01,S01,1277,1277,OK,l1.cpss_one_se,l1,cpss_one_se,l1.final_development_selection_frequency,3,1.0,0.8964285714285715,0.8964232869023929,0.2422075722921059,0.9634948979591836,1.0,1.0,1.0,0,0.0,3,1.0,1.0,1.0,0,0.0,,,False,,0.2132858022775662,0.0178020101747683,0.2310878124523345,4.0,0.9,3.0,3.0,1.0,DESCRIPTIVE_NO_INFERENCE
S02,S02,1103,1103,OK,shil.fixed_k.k01,shil,fixed_k,shil.final_ranker_score,1,1.0,0.6607142857142857,0.6605584196825073,0.5786396665138394,0.7449617346938775,1.0,0.3333333333333333,0.5,0,0.0,1,1.0,0.3333333333333333,0.5,0,0.0,1.0,0.0,False,,,,,,,,,0.7777777777777778,DESCRIPTIVE_NO_INFERENCE
S02,S02,1103,1103,OK,shil.fixed_k.k02,shil,fixed_k,shil.final_ranker_score,2,1.0,0.7607142857142857,0.7606868135372683,0.4652671049705706,0.8546811224489795,1.0,0.6666666666666666,0.8,0,0.0,2,1.0,0.6666666666666666,0.8,0,0.0,2.0,0.0,False,,,,,,,,,0.8518518518518517,DESCRIPTIVE_NO_INFERENCE
S02,S02,1103,1103,OK,shil.fixed_k.k04,shil,fixed_k,shil.final_ranker_score,4,1.0,0.8517857142857143,0.8517474220063218,0.2852688003944788,0.948609693877551,0.75,1.0,0.8571428571428571,1,0.25,3,0.75,1.0,0.8571428571428571,1,0.25,4.0,0.0,False,,,,,,,,,0.6,DESCRIPTIVE_NO_INFERENCE
S02,S02,1103,1103,OK,shil.fixed_k.k08,shil,fixed_k,shil.final_ranker_score,8,1.0,0.8535714285714285,0.8534798534798534,0.296437163558374,0.944311224489796,0.375,1.0,0.5454545454545454,5,0.625,3,0.375,1.0,0.5454545454545454,5,0.625,8.0,0.0,False,,,,,,,,,0.23076923076923078,DESCRIPTIVE_NO_INFERENCE
S02,S02,1103,1103,OK,shil.fixed_k.k16,shil,fixed_k,shil.final_ranker_score,16,1.0,0.8642857142857143,0.8642008398105959,0.3013739271608966,0.9427933673469387,0.1875,1.0,0.3157894736842105,13,0.8125,3,0.1875,1.0,0.3157894736842105,13,0.8125,16.0,0.0,False,,,,,,,,,0.11658456486042693,DESCRIPTIVE_NO_INFERENCE
S02,S02,1103,1103,OK,shil.validation_one_se,shil,validation_one_se,shil.final_ranker_score,4,1.0,0.8517857142857143,0.8517474220063218,0.2852688003944788,0.948609693877551,0.75,1.0,0.8571428571428571,1,0.25,3,0.75,1.0,0.8571428571428571,1,0.25,,0.0,False,4.0,0.293889064103772,0.0204782514111802,0.3128231355421694,,,,,0.6,DESCRIPTIVE_NO_INFERENCE
S02,S02,1103,1103,OK,shil.cpss_one_se,shil,cpss_one_se,shil.final_development_selection_frequency,3,1.0,0.8589285714285714,0.8589065255731922,0.2829693457297451,0.9497448979591836,1.0,1.0,1.0,0,0.0,3,1.0,1.0,1.0,0,0.0,,,False,,0.2951458862091851,0.02060871681524,0.3157546030244251,4.0,0.9,3.0,3.0,1.0,DESCRIPTIVE_NO_INFERENCE
S02,S02,1103,1103,OK,l1.fixed_k.k01,l1,fixed_k,l1.final_ranker_score,1,1.0,0.6607142857142857,0.6605584196825073,0.5786396665138394,0.7449617346938775,1.0,0.3333333333333333,0.5,0,0.0,1,1.0,0.3333333333333333,0.5,0,0.0,1.0,0.0,False,,,,,,,,,0.7777777777777778,DESCRIPTIVE_NO_INFERENCE
S02,S02,1103,1103,OK,l1.fixed_k.k02,l1,fixed_k,l1.final_ranker_score,2,1.0,0.7607142857142857,0.7606868135372683,0.4652671049705706,0.8546811224489795,1.0,0.6666666666666666,0.8,0,0.0,2,1.0,0.6666666666666666,0.8,0,0.0,2.0,0.0,False,,,,,,,,,1.0,DESCRIPTIVE_NO_INFERENCE
S02,S02,1103,1103,OK,l1.fixed_k.k04,l1,fixed_k,l1.final_ranker_score,4,1.0,0.8607142857142858,0.8606858542559706,0.283857603701689,0.949579081632653,0.75,1.0,0.8571428571428571,1,0.25,3,0.75,1.0,0.8571428571428571,1,0.25,4.0,0.0,False,,,,,,,,,0.6,DESCRIPTIVE_NO_INFERENCE
S02,S02,1103,1103,OK,l1.fixed_k.k08,l1,fixed_k,l1.final_ranker_score,8,1.0,0.8535714285714285,0.853524720893142,0.3017236555459165,0.9425127551020408,0.375,1.0,0.5454545454545454,5,0.625,3,0.375,1.0,0.5454545454545454,5,0.625,8.0,0.0,False,,,,,,,,,0.23076923076923078,DESCRIPTIVE_NO_INFERENCE
S02,S02,1103,1103,OK,l1.fixed_k.k16,l1,fixed_k,l1.final_ranker_score,16,1.0,0.8553571428571428,0.8553456110978235,0.3161840006468979,0.9383035714285716,0.1875,1.0,0.3157894736842105,13,0.8125,3,0.1875,1.0,0.3157894736842105,13,0.8125,16.0,0.0,False,,,,,,,,,0.10782703886152162,DESCRIPTIVE_NO_INFERENCE
S02,S02,1103,1103,OK,l1.validation_one_se,l1,validation_one_se,l1.final_ranker_score,4,1.0,0.8607142857142858,0.8606858542559706,0.283857603701689,0.949579081632653,0.75,1.0,0.8571428571428571,1,0.25,3,0.75,1.0,0.8571428571428571,1,0.25,,0.0,False,4.0,0.3007531443262162,0.021262846599028,0.3220159909252443,,,,,0.6,DESCRIPTIVE_NO_INFERENCE
S02,S02,1103,1103,OK,l1.cpss_one_se,l1,cpss_one_se,l1.final_development_selection_frequency,3,1.0,0.8589285714285714,0.8589065255731922,0.2829693457297451,0.9497448979591836,1.0,1.0,1.0,0,0.0,3,1.0,1.0,1.0,0,0.0,,,False,,0.2951458862091851,0.02060871681524,0.3157546030244251,4.0,0.9,3.0,3.0,1.0,DESCRIPTIVE_NO_INFERENCE
S02,S02,1129,1129,OK,shil.fixed_k.k01,shil,fixed_k,shil.final_ranker_score,1,1.0,0.6625,0.6623180221484155,0.5915591513197388,0.7305739795918368,1.0,0.3333333333333333,0.5,0,0.0,1,1.0,0.3333333333333333,0.5,0,0.0,1.0,0.0,False,,,,,,,,,0.1111111111111111,DESCRIPTIVE_NO_INFERENCE
S02,S02,1129,1129,OK,shil.fixed_k.k02,shil,fixed_k,shil.final_ranker_score,2,1.0,0.7946428571428571,0.7946264848919716,0.4440404865911947,0.8733290816326531,1.0,0.6666666666666666,0.8,0,0.0,2,1.0,0.6666666666666666,0.8,0,0.0,2.0,0.0,False,,,,,,,,,0.8518518518518517,DESCRIPTIVE_NO_INFERENCE
S02,S02,1129,1129,OK,shil.fixed_k.k04,shil,fixed_k,shil.final_ranker_score,4,1.0,0.8642857142857143,0.8642787897341702,0.2866330567024519,0.9478954081632652,0.75,1.0,0.8571428571428571,1,0.25,3,0.75,1.0,0.8571428571428571,1,0.25,4.0,0.0,False,,,,,,,,,0.6,DESCRIPTIVE_NO_INFERENCE
S02,S02,1129,1129,OK,shil.fixed_k.k08,shil,fixed_k,shil.final_ranker_score,8,1.0,0.8589285714285714,0.8589281215820204,0.2888406703614438,0.9474872448979592,0.375,1.0,0.5454545454545454,5,0.625,3,0.375,1.0,0.5454545454545454,5,0.625,8.0,0.0,False,,,,,,,,,0.23076923076923078,DESCRIPTIVE_NO_INFERENCE
S02,S02,1129,1129,OK,shil.fixed_k.k16,shil,fixed_k,shil.final_ranker_score,16,1.0,0.8571428571428571,0.8571264558431453,0.2858809696727769,0.9475255102040816,0.1875,1.0,0.3157894736842105,13,0.8125,3,0.1875,1.0,0.3157894736842105,13,0.8125,16.0,0.0,False,,,,,,,,,0.13004520667355918,DESCRIPTIVE_NO_INFERENCE
S02,S02,1129,1129,OK,shil.validation_one_se,shil,validation_one_se,shil.final_ranker_score,4,1.0,0.8642857142857143,0.8642787897341702,0.2866330567024519,0.9478954081632652,0.75,1.0,0.8571428571428571,1,0.25,3,0.75,1.0,0.8571428571428571,1,0.25,,0.0,False,4.0,0.3339258320212715,0.0221080776334324,0.3560339096547039,,,,,0.6,DESCRIPTIVE_NO_INFERENCE
S02,S02,1129,1129,OK,shil.cpss_one_se,shil,cpss_one_se,shil.final_development_selection_frequency,3,1.0,0.8625,0.8624890377102766,0.2853290381476753,0.9484438775510204,1.0,1.0,1.0,0,0.0,3,1.0,1.0,1.0,0,0.0,,,False,,0.3334348083140239,0.0221172783461598,0.3555520866601838,4.0,0.9,3.0,3.0,1.0,DESCRIPTIVE_NO_INFERENCE
S02,S02,1129,1129,OK,l1.fixed_k.k01,l1,fixed_k,l1.final_ranker_score,1,1.0,0.6625,0.6623180221484155,0.5915591513197388,0.7305739795918368,1.0,0.3333333333333333,0.5,0,0.0,1,1.0,0.3333333333333333,0.5,0,0.0,1.0,0.0,False,,,,,,,,,0.1111111111111111,DESCRIPTIVE_NO_INFERENCE
S02,S02,1129,1129,OK,l1.fixed_k.k02,l1,fixed_k,l1.final_ranker_score,2,1.0,0.7946428571428571,0.7946264848919716,0.4440404865911947,0.8733290816326531,1.0,0.6666666666666666,0.8,0,0.0,2,1.0,0.6666666666666666,0.8,0,0.0,2.0,0.0,False,,,,,,,,,1.0,DESCRIPTIVE_NO_INFERENCE
S02,S02,1129,1129,OK,l1.fixed_k.k04,l1,fixed_k,l1.final_ranker_score,4,1.0,0.8571428571428571,0.8571410349621806,0.2878422162964018,0.947436224489796,0.75,1.0,0.8571428571428571,1,0.25,3,0.75,1.0,0.8571428571428571,1,0.25,4.0,0.0,False,,,,,,,,,0.6,DESCRIPTIVE_NO_INFERENCE
S02,S02,1129,1129,OK,l1.fixed_k.k08,l1,fixed_k,l1.final_ranker_score,8,1.0,0.8589285714285714,0.8589245227063277,0.2973366438323504,0.9434821428571428,0.375,1.0,0.5454545454545454,5,0.625,3,0.375,1.0,0.5454545454545454,5,0.625,8.0,0.0,False,,,,,,,,,0.23076923076923078,DESCRIPTIVE_NO_INFERENCE
S02,S02,1129,1129,OK,l1.fixed_k.k16,l1,fixed_k,l1.final_ranker_score,16,1.0,0.8517857142857143,0.8517285049397247,0.3090564908715559,0.9401913265306124,0.1875,1.0,0.3157894736842105,13,0.8125,3,0.1875,1.0,0.3157894736842105,13,0.8125,16.0,0.0,False,,,,,,,,,0.10782703886152162,DESCRIPTIVE_NO_INFERENCE
S02,S02,1129,1129,OK,l1.validation_one_se,l1,validation_one_se,l1.final_ranker_score,4,1.0,0.8571428571428571,0.8571410349621806,0.2878422162964018,0.947436224489796,0.75,1.0,0.8571428571428571,1,0.25,3,0.75,1.0,0.8571428571428571,1,0.25,,0.0,False,4.0,0.3365641833292833,0.0229805179526576,0.3595447012819409,,,,,0.6,DESCRIPTIVE_NO_INFERENCE
S02,S02,1129,1129,OK,l1.cpss_one_se,l1,cpss_one_se,l1.final_development_selection_frequency,3,1.0,0.8625,0.8624890377102766,0.2853290381476753,0.9484438775510204,1.0,1.0,1.0,0,0.0,3,1.0,1.0,1.0,0,0.0,,,False,,0.3334348083140239,0.0221172783461598,0.3555520866601838,4.0,0.9,3.0,3.0,1.0,DESCRIPTIVE_NO_INFERENCE
S02,S02,1151,1151,OK,shil.fixed_k.k01,shil,fixed_k,shil.final_ranker_score,1,1.0,0.6607142857142857,0.6601898337996142,0.5989628485149482,0.7460586734693877,1.0,0.3333333333333333,0.5,0,0.0,1,1.0,0.3333333333333333,0.5,0,0.0,1.0,0.0,False,,,,,,,,,0.7777777777777778,DESCRIPTIVE_NO_INFERENCE
S02,S02,1151,1151,OK,shil.fixed_k.k02,shil,fixed_k,shil.final_ranker_score,2,1.0,0.7946428571428571,0.7946107650749001,0.4460380134924531,0.8745280612244898,1.0,0.6666666666666666,0.8,0,0.0,2,1.0,0.6666666666666666,0.8,0,0.0,2.0,0.0,False,,,,,,,,,0.8518518518518517,DESCRIPTIVE_NO_INFERENCE
S02,S02,1151,1151,OK,shil.fixed_k.k04,shil,fixed_k,shil.final_ranker_score,4,1.0,0.8535714285714285,0.8535415390896102,0.3029412155089844,0.9416326530612243,0.75,1.0,0.8571428571428571,1,0.25,3,0.75,1.0,0.8571428571428571,1,0.25,4.0,0.0,False,,,,,,,,,0.6,DESCRIPTIVE_NO_INFERENCE
S02,S02,1151,1151,OK,shil.fixed_k.k08,shil,fixed_k,shil.final_ranker_score,8,1.0,0.85,0.8499693815064299,0.2999985715937284,0.9425127551020408,0.375,1.0,0.5454545454545454,5,0.625,3,0.375,1.0,0.5454545454545454,5,0.625,8.0,0.0,False,,,,,,,,,0.24216524216524216,DESCRIPTIVE_NO_INFERENCE
S02,S02,1151,1151,OK,shil.fixed_k.k16,shil,fixed_k,shil.final_ranker_score,16,1.0,0.8535714285714285,0.8535639573447624,0.3023308739752117,0.9417602040816326,0.1875,1.0,0.3157894736842105,13,0.8125,3,0.1875,1.0,0.3157894736842105,13,0.8125,16.0,0.0,False,,,,,,,,,0.12096332785987957,DESCRIPTIVE_NO_INFERENCE
S02,S02,1151,1151,OK,shil.validation_one_se,shil,validation_one_se,shil.final_ranker_score,4,1.0,0.8535714285714285,0.8535415390896102,0.3029412155089844,0.9416326530612243,0.75,1.0,0.8571428571428571,1,0.25,3,0.75,1.0,0.8571428571428571,1,0.25,,0.0,False,4.0,0.3188614340364142,0.0201524445206439,0.3390138785570581,,,,,0.6,DESCRIPTIVE_NO_INFERENCE
S02,S02,1151,1151,OK,shil.cpss_one_se,shil,cpss_one_se,shil.final_development_selection_frequency,3,1.0,0.8535714285714285,0.8535546172392239,0.3034158156736473,0.941045918367347,1.0,1.0,1.0,0,0.0,3,1.0,1.0,1.0,0,0.0,,,False,,0.3183192489960481,0.0200019130336347,0.3383211620296829,4.0,0.9,3.0,3.0,1.0,DESCRIPTIVE_NO_INFERENCE
S02,S02,1151,1151,OK,l1.fixed_k.k01,l1,fixed_k,l1.final_ranker_score,1,1.0,0.6607142857142857,0.6601898337996142,0.5989628485149482,0.7460586734693877,1.0,0.3333333333333333,0.5,0,0.0,1,1.0,0.3333333333333333,0.5,0,0.0,1.0,0.0,False,,,,,,,,,0.7777777777777778,DESCRIPTIVE_NO_INFERENCE
S02,S02,1151,1151,OK,l1.fixed_k.k02,l1,fixed_k,l1.final_ranker_score,2,1.0,0.7946428571428571,0.7946107650749001,0.4460380134924531,0.8745280612244898,1.0,0.6666666666666666,0.8,0,0.0,2,1.0,0.6666666666666666,0.8,0,0.0,2.0,0.0,False,,,,,,,,,1.0,DESCRIPTIVE_NO_INFERENCE
S02,S02,1151,1151,OK,l1.fixed_k.k04,l1,fixed_k,l1.final_ranker_score,4,1.0,0.8392857142857143,0.8392529087568892,0.3042376424843523,0.9403316326530612,0.75,1.0,0.8571428571428571,1,0.25,3,0.75,1.0,0.8571428571428571,1,0.25,4.0,0.0,False,,,,,,,,,0.6,DESCRIPTIVE_NO_INFERENCE
S02,S02,1151,1151,OK,l1.fixed_k.k08,l1,fixed_k,l1.final_ranker_score,8,1.0,0.8464285714285714,0.8464207357518241,0.3028829928561825,0.9418239795918368,0.375,1.0,0.5454545454545454,5,0.625,3,0.375,1.0,0.5454545454545454,5,0.625,8.0,0.0,False,,,,,,,,,0.23076923076923078,DESCRIPTIVE_NO_INFERENCE
S02,S02,1151,1151,OK,l1.fixed_k.k16,l1,fixed_k,l1.final_ranker_score,16,1.0,0.8553571428571428,0.8553529916356017,0.3025729453484689,0.9417474489795918,0.1875,1.0,0.3157894736842105,13,0.8125,3,0.1875,1.0,0.3157894736842105,13,0.8125,16.0,0.0,False,,,,,,,,,0.12128768067465384,DESCRIPTIVE_NO_INFERENCE
S02,S02,1151,1151,OK,l1.validation_one_se,l1,validation_one_se,l1.final_ranker_score,4,1.0,0.8392857142857143,0.8392529087568892,0.3042376424843523,0.9403316326530612,0.75,1.0,0.8571428571428571,1,0.25,3,0.75,1.0,0.8571428571428571,1,0.25,,0.0,False,4.0,0.329075182037684,0.0208056105447136,0.3498807925823977,,,,,0.6,DESCRIPTIVE_NO_INFERENCE
S02,S02,1151,1151,OK,l1.cpss_one_se,l1,cpss_one_se,l1.final_development_selection_frequency,3,1.0,0.8535714285714285,0.8535546172392239,0.3034158156736473,0.941045918367347,1.0,1.0,1.0,0,0.0,3,1.0,1.0,1.0,0,0.0,,,False,,0.3183192489960481,0.0200019130336347,0.3383211620296829,4.0,0.9,3.0,3.0,1.0,DESCRIPTIVE_NO_INFERENCE
S02,S02,1171,1171,OK,shil.fixed_k.k01,shil,fixed_k,shil.final_ranker_score,1,1.0,0.6607142857142857,0.6599813373215222,0.5838891169495097,0.7421811224489796,1.0,0.3333333333333333,0.5,0,0.0,1,1.0,0.3333333333333333,0.5,0,0.0,1.0,0.0,False,,,,,,,,,0.7777777777777778,DESCRIPTIVE_NO_INFERENCE
S02,S02,1171,1171,OK,shil.fixed_k.k02,shil,fixed_k,shil.final_ranker_score,2,1.0,0.7482142857142857,0.7481492349745948,0.4985227580748658,0.832436224489796,1.0,0.6666666666666666,0.8,0,0.0,2,1.0,0.6666666666666666,0.8,0,0.0,2.0,0.0,False,,,,,,,,,0.8518518518518517,DESCRIPTIVE_NO_INFERENCE
S02,S02,1171,1171,OK,shil.fixed_k.k04,shil,fixed_k,shil.final_ranker_score,4,1.0,0.8267857142857142,0.8267586453240461,0.3452000215292283,0.9206377551020408,0.75,1.0,0.8571428571428571,1,0.25,3,0.75,1.0,0.8571428571428571,1,0.25,4.0,0.0,False,,,,,,,,,0.6,DESCRIPTIVE_NO_INFERENCE
S02,S02,1171,1171,OK,shil.fixed_k.k08,shil,fixed_k,shil.final_ranker_score,8,1.0,0.8303571428571429,0.8303522741405207,0.3493189309542713,0.9189030612244896,0.375,1.0,0.5454545454545454,5,0.625,3,0.375,1.0,0.5454545454545454,5,0.625,8.0,0.0,False,,,,,,,,,0.24216524216524216,DESCRIPTIVE_NO_INFERENCE
S02,S02,1171,1171,OK,shil.fixed_k.k16,shil,fixed_k,shil.final_ranker_score,16,1.0,0.8232142857142857,0.8231686117906729,0.3546218036647242,0.9164540816326532,0.1875,1.0,0.3157894736842105,13,0.8125,3,0.1875,1.0,0.3157894736842105,13,0.8125,16.0,0.0,False,,,,,,,,,0.13511010062734197,DESCRIPTIVE_NO_INFERENCE
S02,S02,1171,1171,OK,shil.validation_one_se,shil,validation_one_se,shil.final_ranker_score,4,1.0,0.8267857142857142,0.8267586453240461,0.3452000215292283,0.9206377551020408,0.75,1.0,0.8571428571428571,1,0.25,3,0.75,1.0,0.8571428571428571,1,0.25,,0.0,False,4.0,0.2719632436440762,0.0169944197152365,0.2889576633593127,,,,,0.6,DESCRIPTIVE_NO_INFERENCE
S02,S02,1171,1171,OK,shil.cpss_one_se,shil,cpss_one_se,shil.final_development_selection_frequency,3,1.0,0.8303571428571429,0.8303306320183956,0.3440602082096198,0.9212372448979592,1.0,1.0,1.0,0,0.0,3,1.0,1.0,1.0,0,0.0,,,False,,0.2719857788379033,0.017015096673387,0.2890008755112904,4.0,0.9,3.0,3.0,1.0,DESCRIPTIVE_NO_INFERENCE
S02,S02,1171,1171,OK,l1.fixed_k.k01,l1,fixed_k,l1.final_ranker_score,1,1.0,0.6607142857142857,0.6599813373215222,0.5838891169495097,0.7421811224489796,1.0,0.3333333333333333,0.5,0,0.0,1,1.0,0.3333333333333333,0.5,0,0.0,1.0,0.0,False,,,,,,,,,0.7777777777777778,DESCRIPTIVE_NO_INFERENCE
S02,S02,1171,1171,OK,l1.fixed_k.k02,l1,fixed_k,l1.final_ranker_score,2,1.0,0.7482142857142857,0.7481492349745948,0.4985227580748658,0.832436224489796,1.0,0.6666666666666666,0.8,0,0.0,2,1.0,0.6666666666666666,0.8,0,0.0,2.0,0.0,False,,,,,,,,,1.0,DESCRIPTIVE_NO_INFERENCE
S02,S02,1171,1171,OK,l1.fixed_k.k04,l1,fixed_k,l1.final_ranker_score,4,1.0,0.8321428571428572,0.8321407160805623,0.3362010270069794,0.924923469387755,0.75,1.0,0.8571428571428571,1,0.25,3,0.75,1.0,0.8571428571428571,1,0.25,4.0,0.0,False,,,,,,,,,0.6,DESCRIPTIVE_NO_INFERENCE
S02,S02,1171,1171,OK,l1.fixed_k.k08,l1,fixed_k,l1.final_ranker_score,8,1.0,0.8285714285714286,0.8285692419546168,0.3528071113584243,0.9175382653061224,0.375,1.0,0.5454545454545454,5,0.625,3,0.375,1.0,0.5454545454545454,5,0.625,8.0,0.0,False,,,,,,,,,0.24216524216524218,DESCRIPTIVE_NO_INFERENCE
S02,S02,1171,1171,OK,l1.fixed_k.k16,l1,fixed_k,l1.final_ranker_score,16,1.0,0.8107142857142857,0.8106539074960127,0.3685635170837529,0.9142857142857144,0.1875,1.0,0.3157894736842105,13,0.8125,3,0.1875,1.0,0.3157894736842105,13,0.8125,16.0,0.0,False,,,,,,,,,0.11220580186097427,DESCRIPTIVE_NO_INFERENCE
S02,S02,1171,1171,OK,l1.validation_one_se,l1,validation_one_se,l1.final_ranker_score,4,1.0,0.8321428571428572,0.8321407160805623,0.3362010270069794,0.924923469387755,0.75,1.0,0.8571428571428571,1,0.25,3,0.75,1.0,0.8571428571428571,1,0.25,,0.0,False,4.0,0.275838334555217,0.0178566925004258,0.2936950270556429,,,,,0.6,DESCRIPTIVE_NO_INFERENCE
S02,S02,1171,1171,OK,l1.cpss_one_se,l1,cpss_one_se,l1.final_development_selection_frequency,3,1.0,0.8303571428571429,0.8303306320183956,0.3440602082096198,0.9212372448979592,1.0,1.0,1.0,0,0.0,3,1.0,1.0,1.0,0,0.0,,,False,,0.2719857788379033,0.017015096673387,0.2890008755112904,4.0,0.9,3.0,3.0,1.0,DESCRIPTIVE_NO_INFERENCE
S02,S02,1181,1181,OK,shil.fixed_k.k01,shil,fixed_k,shil.final_ranker_score,1,1.0,0.6875,0.6872117480714051,0.5536053946026663,0.7666581632653061,1.0,0.3333333333333333,0.5,0,0.0,1,1.0,0.3333333333333333,0.5,0,0.0,1.0,0.0,False,,,,,,,,,0.7777777777777778,DESCRIPTIVE_NO_INFERENCE
S02,S02,1181,1181,OK,shil.fixed_k.k02,shil,fixed_k,shil.final_ranker_score,2,1.0,0.7696428571428572,0.7693184612289604,0.4421160639851972,0.8683673469387756,1.0,0.6666666666666666,0.8,0,0.0,2,1.0,0.6666666666666666,0.8,0,0.0,2.0,0.0,False,,,,,,,,,0.8518518518518517,DESCRIPTIVE_NO_INFERENCE
S02,S02,1181,1181,OK,shil.fixed_k.k04,shil,fixed_k,shil.final_ranker_score,4,1.0,0.8357142857142857,0.8357121902065077,0.3073551947625406,0.937283163265306,0.75,1.0,0.8571428571428571,1,0.25,3,0.75,1.0,0.8571428571428571,1,0.25,4.0,0.0,False,,,,,,,,,0.6,DESCRIPTIVE_NO_INFERENCE
S02,S02,1181,1181,OK,shil.fixed_k.k08,shil,fixed_k,shil.final_ranker_score,8,1.0,0.8303571428571429,0.8303566019024295,0.3134956662780571,0.9334438775510204,0.375,1.0,0.5454545454545454,5,0.625,3,0.375,1.0,0.5454545454545454,5,0.625,8.0,0.0,False,,,,,,,,,0.24216524216524216,DESCRIPTIVE_NO_INFERENCE
S02,S02,1181,1181,OK,shil.fixed_k.k16,shil,fixed_k,shil.final_ranker_score,16,1.0,0.8392857142857143,0.8392836643324533,0.3147106350319259,0.9333928571428572,0.1875,1.0,0.3157894736842105,13,0.8125,3,0.1875,1.0,0.3157894736842105,13,0.8125,16.0,0.0,False,,,,,,,,,0.14451633225579583,DESCRIPTIVE_NO_INFERENCE
S02,S02,1181,1181,OK,shil.validation_one_se,shil,validation_one_se,shil.final_ranker_score,4,1.0,0.8357142857142857,0.8357121902065077,0.3073551947625406,0.937283163265306,0.75,1.0,0.8571428571428571,1,0.25,3,0.75,1.0,0.8571428571428571,1,0.25,,0.0,False,4.0,0.3173218410317868,0.0194642437571255,0.3367860847889124,,,,,0.6,DESCRIPTIVE_NO_INFERENCE
S02,S02,1181,1181,OK,shil.cpss_one_se,shil,cpss_one_se,shil.final_development_selection_frequency,3,1.0,0.8392857142857143,0.8392775141588857,0.3068660105835862,0.9375255102040816,1.0,1.0,1.0,0,0.0,3,1.0,1.0,1.0,0,0.0,,,False,,0.3150671681360096,0.0193871538993903,0.3344543220354,4.0,0.9,3.0,3.0,1.0,DESCRIPTIVE_NO_INFERENCE
S02,S02,1181,1181,OK,l1.fixed_k.k01,l1,fixed_k,l1.final_ranker_score,1,1.0,0.6875,0.6872117480714051,0.5536053946026663,0.7666581632653061,1.0,0.3333333333333333,0.5,0,0.0,1,1.0,0.3333333333333333,0.5,0,0.0,1.0,0.0,False,,,,,,,,,0.7777777777777778,DESCRIPTIVE_NO_INFERENCE
S02,S02,1181,1181,OK,l1.fixed_k.k02,l1,fixed_k,l1.final_ranker_score,2,1.0,0.7696428571428572,0.7693184612289604,0.4421160639851972,0.8683673469387756,1.0,0.6666666666666666,0.8,0,0.0,2,1.0,0.6666666666666666,0.8,0,0.0,2.0,0.0,False,,,,,,,,,1.0,DESCRIPTIVE_NO_INFERENCE
S02,S02,1181,1181,OK,l1.fixed_k.k04,l1,fixed_k,l1.final_ranker_score,4,1.0,0.8339285714285715,0.8339280418623785,0.3101815915820393,0.9358163265306124,0.75,1.0,0.8571428571428571,1,0.25,3,0.75,1.0,0.8571428571428571,1,0.25,4.0,0.0,False,,,,,,,,,0.6,DESCRIPTIVE_NO_INFERENCE
S02,S02,1181,1181,OK,l1.fixed_k.k08,l1,fixed_k,l1.final_ranker_score,8,1.0,0.8303571428571429,0.8303566019024295,0.3245605474282192,0.9300127551020408,0.375,1.0,0.5454545454545454,5,0.625,3,0.375,1.0,0.5454545454545454,5,0.625,8.0,0.0,False,,,,,,,,,0.23076923076923078,DESCRIPTIVE_NO_INFERENCE
S02,S02,1181,1181,OK,l1.fixed_k.k16,l1,fixed_k,l1.final_ranker_score,16,1.0,0.8321428571428572,0.8321235856156957,0.3359324520996263,0.9255867346938776,0.1875,1.0,0.3157894736842105,13,0.8125,3,0.1875,1.0,0.3157894736842105,13,0.8125,16.0,0.0,False,,,,,,,,,0.10782703886152162,DESCRIPTIVE_NO_INFERENCE
S02,S02,1181,1181,OK,l1.validation_one_se,l1,validation_one_se,l1.final_ranker_score,4,1.0,0.8339285714285715,0.8339280418623785,0.3101815915820393,0.9358163265306124,0.75,1.0,0.8571428571428571,1,0.25,3,0.75,1.0,0.8571428571428571,1,0.25,,0.0,False,4.0,0.3169049191574244,0.0201461158627965,0.337051035020221,,,,,0.6,DESCRIPTIVE_NO_INFERENCE
S02,S02,1181,1181,OK,l1.cpss_one_se,l1,cpss_one_se,l1.final_development_selection_frequency,3,1.0,0.8392857142857143,0.8392775141588857,0.3068660105835862,0.9375255102040816,1.0,1.0,1.0,0,0.0,3,1.0,1.0,1.0,0,0.0,,,False,,0.3150671681360096,0.0193871538993903,0.3344543220354,4.0,0.9,3.0,3.0,1.0,DESCRIPTIVE_NO_INFERENCE
S02,S02,1201,1201,OK,shil.fixed_k.k01,shil,fixed_k,shil.final_ranker_score,1,1.0,0.6553571428571429,0.6552241138959867,0.5763500774041875,0.7488265306122449,1.0,0.3333333333333333,0.5,0,0.0,1,1.0,0.3333333333333333,0.5,0,0.0,1.0,0.0,False,,,,,,,,,0.7777777777777778,DESCRIPTIVE_NO_INFERENCE
S02,S02,1201,1201,OK,shil.fixed_k.k02,shil,fixed_k,shil.final_ranker_score,2,1.0,0.7767857142857143,0.776408546304193,0.4446839457899457,0.8648979591836735,1.0,0.6666666666666666,0.8,0,0.0,2,1.0,0.6666666666666666,0.8,0,0.0,2.0,0.0,False,,,,,,,,,0.8518518518518517,DESCRIPTIVE_NO_INFERENCE
S02,S02,1201,1201,OK,shil.fixed_k.k04,shil,fixed_k,shil.final_ranker_score,4,1.0,0.8375,0.83731272287295,0.3103747164236025,0.9369770408163264,0.75,1.0,0.8571428571428571,1,0.25,3,0.75,1.0,0.8571428571428571,1,0.25,4.0,0.0,False,,,,,,,,,0.6,DESCRIPTIVE_NO_INFERENCE
S02,S02,1201,1201,OK,shil.fixed_k.k08,shil,fixed_k,shil.final_ranker_score,8,1.0,0.8446428571428571,0.8444995547554985,0.3097713660068904,0.936811224489796,0.375,1.0,0.5454545454545454,5,0.625,3,0.375,1.0,0.5454545454545454,5,0.625,8.0,0.0,False,,,,,,,,,0.25356125356125353,DESCRIPTIVE_NO_INFERENCE
S02,S02,1201,1201,OK,shil.fixed_k.k16,shil,fixed_k,shil.final_ranker_score,16,1.0,0.8446428571428571,0.8445313123254887,0.3128958996659173,0.935,0.1875,1.0,0.3157894736842105,13,0.8125,3,0.1875,1.0,0.3157894736842105,13,0.8125,16.0,0.0,False,,,,,,,,,0.11220580186097427,DESCRIPTIVE_NO_INFERENCE
S02,S02,1201,1201,OK,shil.validation_one_se,shil,validation_one_se,shil.final_ranker_score,4,1.0,0.8375,0.83731272287295,0.3103747164236025,0.9369770408163264,0.75,1.0,0.8571428571428571,1,0.25,3,0.75,1.0,0.8571428571428571,1,0.25,,0.0,False,4.0,0.2771422946615051,0.0186330500306796,0.2957753446921848,,,,,0.6,DESCRIPTIVE_NO_INFERENCE
S02,S02,1201,1201,OK,shil.cpss_one_se,shil,cpss_one_se,shil.final_development_selection_frequency,3,1.0,0.8357142857142857,0.8355044699872286,0.3098759891358634,0.9374107142857142,1.0,1.0,1.0,0,0.0,3,1.0,1.0,1.0,0,0.0,,,False,,0.280299519695493,0.0188479022284626,0.2991474219239556,4.0,0.9,3.0,3.0,1.0,DESCRIPTIVE_NO_INFERENCE
S02,S02,1201,1201,OK,l1.fixed_k.k01,l1,fixed_k,l1.final_ranker_score,1,1.0,0.6660714285714285,0.66606184488713,0.5982266168329249,0.7273469387755103,1.0,0.3333333333333333,0.5,0,0.0,1,1.0,0.3333333333333333,0.5,0,0.0,1.0,0.0,False,,,,,,,,,0.1111111111111111,DESCRIPTIVE_NO_INFERENCE
S02,S02,1201,1201,OK,l1.fixed_k.k02,l1,fixed_k,l1.final_ranker_score,2,1.0,0.7767857142857143,0.776408546304193,0.4446839457899457,0.8648979591836735,1.0,0.6666666666666666,0.8,0,0.0,2,1.0,0.6666666666666666,0.8,0,0.0,2.0,0.0,False,,,,,,,,,1.0,DESCRIPTIVE_NO_INFERENCE
S02,S02,1201,1201,OK,l1.fixed_k.k04,l1,fixed_k,l1.final_ranker_score,4,1.0,0.8357142857142857,0.8354603405766553,0.3076552743756749,0.9384566326530612,0.75,1.0,0.8571428571428571,1,0.25,3,0.75,1.0,0.8571428571428571,1,0.25,4.0,0.0,False,,,,,,,,,0.6,DESCRIPTIVE_NO_INFERENCE
S02,S02,1201,1201,OK,l1.fixed_k.k08,l1,fixed_k,l1.final_ranker_score,8,1.0,0.8410714285714286,0.8408476205378099,0.3144099630740091,0.9351275510204082,0.375,1.0,0.5454545454545454,5,0.625,3,0.375,1.0,0.5454545454545454,5,0.625,8.0,0.0,False,,,,,,,,,0.23076923076923078,DESCRIPTIVE_NO_INFERENCE
S02,S02,1201,1201,OK,l1.fixed_k.k16,l1,fixed_k,l1.final_ranker_score,16,1.0,0.8232142857142857,0.8230512174803949,0.3318371858556699,0.9294132653061224,0.1875,1.0,0.3157894736842105,13,0.8125,3,0.1875,1.0,0.3157894736842105,13,0.8125,16.0,0.0,False,,,,,,,,,0.1256664436741065,DESCRIPTIVE_NO_INFERENCE
S02,S02,1201,1201,OK,l1.validation_one_se,l1,validation_one_se,l1.final_ranker_score,4,1.0,0.8357142857142857,0.8354603405766553,0.3076552743756749,0.9384566326530612,0.75,1.0,0.8571428571428571,1,0.25,3,0.75,1.0,0.8571428571428571,1,0.25,,0.0,False,4.0,0.2799166956306743,0.018823553132094,0.2987402487627683,,,,,0.6,DESCRIPTIVE_NO_INFERENCE
S02,S02,1201,1201,OK,l1.cpss_one_se,l1,cpss_one_se,l1.final_development_selection_frequency,3,1.0,0.8357142857142857,0.8355044699872286,0.3098759891358634,0.9374107142857142,1.0,1.0,1.0,0,0.0,3,1.0,1.0,1.0,0,0.0,,,False,,0.280299519695493,0.0188479022284626,0.2991474219239556,4.0,0.9,3.0,3.0,1.0,DESCRIPTIVE_NO_INFERENCE
S02,S02,1213,1213,OK,shil.fixed_k.k01,shil,fixed_k,shil.final_ranker_score,1,1.0,0.6482142857142857,0.648123399219824,0.5834656823990136,0.7258418367346939,1.0,0.3333333333333333,0.5,0,0.0,1,1.0,0.3333333333333333,0.5,0,0.0,1.0,0.0,False,,,,,,,,,0.7777777777777778,DESCRIPTIVE_NO_INFERENCE
S02,S02,1213,1213,OK,shil.fixed_k.k02,shil,fixed_k,shil.final_ranker_score,2,1.0,0.8,0.7999974489470529,0.418079399104599,0.8874107142857144,1.0,0.6666666666666666,0.8,0,0.0,2,1.0,0.6666666666666666,0.8,0,0.0,2.0,0.0,False,,,,,,,,,0.8518518518518517,DESCRIPTIVE_NO_INFERENCE
S02,S02,1213,1213,OK,shil.fixed_k.k04,shil,fixed_k,shil.final_ranker_score,4,1.0,0.8446428571428571,0.844642361742225,0.2981627888565344,0.942423469387755,0.75,1.0,0.8571428571428571,1,0.25,3,0.75,1.0,0.8571428571428571,1,0.25,4.0,0.0,False,,,,,,,,,0.6,DESCRIPTIVE_NO_INFERENCE
S02,S02,1213,1213,OK,shil.fixed_k.k08,shil,fixed_k,shil.final_ranker_score,8,1.0,0.85,0.85,0.2985407689829661,0.942155612244898,0.375,1.0,0.5454545454545454,5,0.625,3,0.375,1.0,0.5454545454545454,5,0.625,8.0,0.0,False,,,,,,,,,0.23076923076923078,DESCRIPTIVE_NO_INFERENCE
S02,S02,1213,1213,OK,shil.fixed_k.k16,shil,fixed_k,shil.final_ranker_score,16,1.0,0.8446428571428571,0.844642361742225,0.3002645085841501,0.9416964285714284,0.1875,1.0,0.3157894736842105,13,0.8125,3,0.1875,1.0,0.3157894736842105,13,0.8125,16.0,0.0,False,,,,,,,,,0.10782703886152162,DESCRIPTIVE_NO_INFERENCE
S02,S02,1213,1213,OK,shil.validation_one_se,shil,validation_one_se,shil.final_ranker_score,4,1.0,0.8446428571428571,0.844642361742225,0.2981627888565344,0.942423469387755,0.75,1.0,0.8571428571428571,1,0.25,3,0.75,1.0,0.8571428571428571,1,0.25,,0.0,False,4.0,0.2887627886744173,0.0185624438054867,0.3073252324799041,,,,,0.6,DESCRIPTIVE_NO_INFERENCE
S02,S02,1213,1213,OK,shil.cpss_one_se,shil,cpss_one_se,shil.final_development_selection_frequency,3,1.0,0.8446428571428571,0.844642361742225,0.2961773212927104,0.9437372448979592,1.0,1.0,1.0,0,0.0,3,1.0,1.0,1.0,0,0.0,,,False,,0.2869781705759154,0.0182312331482763,0.3052094037241917,4.0,0.9,3.0,3.0,1.0,DESCRIPTIVE_NO_INFERENCE
S02,S02,1213,1213,OK,l1.fixed_k.k01,l1,fixed_k,l1.final_ranker_score,1,1.0,0.6482142857142857,0.648123399219824,0.5834656823990136,0.7258418367346939,1.0,0.3333333333333333,0.5,0,0.0,1,1.0,0.3333333333333333,0.5,0,0.0,1.0,0.0,False,,,,,,,,,0.7777777777777778,DESCRIPTIVE_NO_INFERENCE
S02,S02,1213,1213,OK,l1.fixed_k.k02,l1,fixed_k,l1.final_ranker_score,2,1.0,0.8,0.7999974489470529,0.418079399104599,0.8874107142857144,1.0,0.6666666666666666,0.8,0,0.0,2,1.0,0.6666666666666666,0.8,0,0.0,2.0,0.0,False,,,,,,,,,1.0,DESCRIPTIVE_NO_INFERENCE
S02,S02,1213,1213,OK,l1.fixed_k.k04,l1,fixed_k,l1.final_ranker_score,4,1.0,0.8428571428571429,0.8428551384583987,0.2978125831987985,0.9429719387755102,0.75,1.0,0.8571428571428571,1,0.25,3,0.75,1.0,0.8571428571428571,1,0.25,4.0,0.0,False,,,,,,,,,0.6,DESCRIPTIVE_NO_INFERENCE
S02,S02,1213,1213,OK,l1.fixed_k.k08,l1,fixed_k,l1.final_ranker_score,8,1.0,0.8428571428571429,0.8428551384583987,0.304483809148927,0.9397959183673468,0.375,1.0,0.5454545454545454,5,0.625,3,0.375,1.0,0.5454545454545454,5,0.625,8.0,0.0,False,,,,,,,,,0.23076923076923078,DESCRIPTIVE_NO_INFERENCE
S02,S02,1213,1213,OK,l1.fixed_k.k16,l1,fixed_k,l1.final_ranker_score,16,1.0,0.8339285714285715,0.8339280418623785,0.3250395453968512,0.932576530612245,0.1875,1.0,0.3157894736842105,13,0.8125,3,0.1875,1.0,0.3157894736842105,13,0.8125,16.0,0.0,False,,,,,,,,,0.12096332785987957,DESCRIPTIVE_NO_INFERENCE
S02,S02,1213,1213,OK,l1.validation_one_se,l1,validation_one_se,l1.final_ranker_score,4,1.0,0.8428571428571429,0.8428551384583987,0.2978125831987985,0.9429719387755102,0.75,1.0,0.8571428571428571,1,0.25,3,0.75,1.0,0.8571428571428571,1,0.25,,0.0,False,4.0,0.2917990222758058,0.0185730611094083,0.3103720833852141,,,,,0.6,DESCRIPTIVE_NO_INFERENCE
S02,S02,1213,1213,OK,l1.cpss_one_se,l1,cpss_one_se,l1.final_development_selection_frequency,3,1.0,0.8446428571428571,0.844642361742225,0.2961773212927104,0.9437372448979592,1.0,1.0,1.0,0,0.0,3,1.0,1.0,1.0,0,0.0,,,False,,0.2869781705759154,0.0182312331482763,0.3052094037241917,4.0,0.9,3.0,3.0,1.0,DESCRIPTIVE_NO_INFERENCE
S02,S02,1231,1231,OK,shil.fixed_k.k01,shil,fixed_k,shil.final_ranker_score,1,1.0,0.6571428571428571,0.6571428571428571,0.5833809329477906,0.739936224489796,1.0,0.3333333333333333,0.5,0,0.0,1,1.0,0.3333333333333333,0.5,0,0.0,1.0,0.0,False,,,,,,,,,0.7777777777777778,DESCRIPTIVE_NO_INFERENCE
S02,S02,1231,1231,OK,shil.fixed_k.k02,shil,fixed_k,shil.final_ranker_score,2,1.0,0.7339285714285714,0.7336219308579073,0.4816610160710425,0.8369515306122448,1.0,0.6666666666666666,0.8,0,0.0,2,1.0,0.6666666666666666,0.8,0,0.0,2.0,0.0,False,,,,,,,,,0.4074074074074074,DESCRIPTIVE_NO_INFERENCE
S02,S02,1231,1231,OK,shil.fixed_k.k04,shil,fixed_k,shil.final_ranker_score,4,1.0,0.8571428571428571,0.8571264558431453,0.30379379726215,0.9393239795918368,0.75,1.0,0.8571428571428571,1,0.25,3,0.75,1.0,0.8571428571428571,1,0.25,4.0,0.0,False,,,,,,,,,0.6,DESCRIPTIVE_NO_INFERENCE
S02,S02,1231,1231,OK,shil.fixed_k.k08,shil,fixed_k,shil.final_ranker_score,8,1.0,0.8464285714285714,0.8464109400313812,0.303754824532744,0.9393367346938776,0.375,1.0,0.5454545454545454,5,0.625,3,0.375,1.0,0.5454545454545454,5,0.625,8.0,0.0,False,,,,,,,,,0.24216524216524216,DESCRIPTIVE_NO_INFERENCE
S02,S02,1231,1231,OK,shil.fixed_k.k16,shil,fixed_k,shil.final_ranker_score,16,1.0,0.8517857142857143,0.8517814605648759,0.3059757669375554,0.9393494897959184,0.1875,1.0,0.3157894736842105,13,0.8125,3,0.1875,1.0,0.3157894736842105,13,0.8125,16.0,0.0,False,,,,,,,,,0.10782703886152162,DESCRIPTIVE_NO_INFERENCE
S02,S02,1231,1231,OK,shil.validation_one_se,shil,validation_one_se,shil.final_ranker_score,4,1.0,0.8571428571428571,0.8571264558431453,0.30379379726215,0.9393239795918368,0.75,1.0,0.8571428571428571,1,0.25,3,0.75,1.0,0.8571428571428571,1,0.25,,0.0,False,4.0,0.2952491337205783,0.0185205624930859,0.3137696962136642,,,,,0.6,DESCRIPTIVE_NO_INFERENCE
S02,S02,1231,1231,OK,shil.cpss_one_se,shil,cpss_one_se,shil.final_development_selection_frequency,3,1.0,0.8571428571428571,0.8571264558431453,0.3045786921407476,0.9390816326530612,1.0,1.0,1.0,0,0.0,3,1.0,1.0,1.0,0,0.0,,,False,,0.2905764070876436,0.0181550821661738,0.3087314892538174,4.0,0.9,3.0,3.0,1.0,DESCRIPTIVE_NO_INFERENCE
S02,S02,1231,1231,OK,l1.fixed_k.k01,l1,fixed_k,l1.final_ranker_score,1,1.0,0.6571428571428571,0.6571428571428571,0.5833809329477906,0.739936224489796,1.0,0.3333333333333333,0.5,0,0.0,1,1.0,0.3333333333333333,0.5,0,0.0,1.0,0.0,False,,,,,,,,,0.7777777777777778,DESCRIPTIVE_NO_INFERENCE
S02,S02,1231,1231,OK,l1.fixed_k.k02,l1,fixed_k,l1.final_ranker_score,2,1.0,0.7678571428571429,0.7678097570932843,0.4598884624950916,0.8625127551020408,1.0,0.6666666666666666,0.8,0,0.0,2,1.0,0.6666666666666666,0.8,0,0.0,2.0,0.0,False,,,,,,,,,1.0,DESCRIPTIVE_NO_INFERENCE
S02,S02,1231,1231,OK,l1.fixed_k.k04,l1,fixed_k,l1.final_ranker_score,4,1.0,0.8410714285714286,0.8410668673526983,0.307864280457267,0.9377933673469389,0.75,1.0,0.8571428571428571,1,0.25,3,0.75,1.0,0.8571428571428571,1,0.25,4.0,0.0,False,,,,,,,,,0.6,DESCRIPTIVE_NO_INFERENCE
S02,S02,1231,1231,OK,l1.fixed_k.k08,l1,fixed_k,l1.final_ranker_score,8,1.0,0.8410714285714286,0.841070921782276,0.3135054483760824,0.9361607142857142,0.375,1.0,0.5454545454545454,5,0.625,3,0.375,1.0,0.5454545454545454,5,0.625,8.0,0.0,False,,,,,,,,,0.23076923076923078,DESCRIPTIVE_NO_INFERENCE
S02,S02,1231,1231,OK,l1.fixed_k.k16,l1,fixed_k,l1.final_ranker_score,16,1.0,0.8303571428571429,0.8303436179542374,0.3232135503145663,0.9334821428571428,0.1875,1.0,0.3157894736842105,13,0.8125,3,0.1875,1.0,0.3157894736842105,13,0.8125,16.0,0.0,False,,,,,,,,,0.12161203348942812,DESCRIPTIVE_NO_INFERENCE
S02,S02,1231,1231,OK,l1.validation_one_se,l1,validation_one_se,l1.final_ranker_score,4,1.0,0.8410714285714286,0.8410668673526983,0.307864280457267,0.9377933673469389,0.75,1.0,0.8571428571428571,1,0.25,3,0.75,1.0,0.8571428571428571,1,0.25,,0.0,False,4.0,0.2941050504132784,0.0183013377256634,0.3124063881389419,,,,,0.6,DESCRIPTIVE_NO_INFERENCE
S02,S02,1231,1231,OK,l1.cpss_one_se,l1,cpss_one_se,l1.final_development_selection_frequency,3,1.0,0.8571428571428571,0.8571264558431453,0.3045786921407476,0.9390816326530612,1.0,1.0,1.0,0,0.0,3,1.0,1.0,1.0,0,0.0,,,False,,0.2905764070876436,0.0181550821661738,0.3087314892538174,4.0,0.9,3.0,3.0,1.0,DESCRIPTIVE_NO_INFERENCE
S02,S02,1249,1249,OK,shil.fixed_k.k01,shil,fixed_k,shil.final_ranker_score,1,1.0,0.6339285714285714,0.6338993861117754,0.6085851860241666,0.7126020408163265,1.0,0.3333333333333333,0.5,0,0.0,1,1.0,0.3333333333333333,0.5,0,0.0,1.0,0.0,False,,,,,,,,,0.1111111111111111,DESCRIPTIVE_NO_INFERENCE
S02,S02,1249,1249,OK,shil.fixed_k.k02,shil,fixed_k,shil.final_ranker_score,2,1.0,0.7785714285714286,0.778390522875817,0.4536268779569598,0.8700765306122449,1.0,0.6666666666666666,0.8,0,0.0,2,1.0,0.6666666666666666,0.8,0,0.0,2.0,0.0,False,,,,,,,,,0.8518518518518517,DESCRIPTIVE_NO_INFERENCE
S02,S02,1249,1249,OK,shil.fixed_k.k04,shil,fixed_k,shil.final_ranker_score,4,1.0,0.8678571428571429,0.867749183006536,0.2863119670234105,0.9493622448979592,0.75,1.0,0.8571428571428571,1,0.25,3,0.75,1.0,0.8571428571428571,1,0.25,4.0,0.0,False,,,,,,,,,0.6,DESCRIPTIVE_NO_INFERENCE
S02,S02,1249,1249,OK,shil.fixed_k.k08,shil,fixed_k,shil.final_ranker_score,8,1.0,0.8696428571428572,0.8695226149097861,0.2882618925975035,0.9486479591836736,0.375,1.0,0.5454545454545454,5,0.625,3,0.375,1.0,0.5454545454545454,5,0.625,8.0,0.0,False,,,,,,,,,0.23076923076923078,DESCRIPTIVE_NO_INFERENCE
S02,S02,1249,1249,OK,shil.fixed_k.k16,shil,fixed_k,shil.final_ranker_score,16,1.0,0.8607142857142858,0.8606271777003485,0.2955348633573057,0.9455612244897958,0.1875,1.0,0.3157894736842105,13,0.8125,3,0.1875,1.0,0.3157894736842105,13,0.8125,16.0,0.0,False,,,,,,,,,0.11220580186097427,DESCRIPTIVE_NO_INFERENCE
S02,S02,1249,1249,OK,shil.validation_one_se,shil,validation_one_se,shil.final_ranker_score,4,1.0,0.8678571428571429,0.867749183006536,0.2863119670234105,0.9493622448979592,0.75,1.0,0.8571428571428571,1,0.25,3,0.75,1.0,0.8571428571428571,1,0.25,,0.0,False,4.0,0.2990976401049877,0.0188413619935241,0.3179390020985119,,,,,0.6,DESCRIPTIVE_NO_INFERENCE
S02,S02,1249,1249,OK,shil.cpss_one_se,shil,cpss_one_se,shil.final_development_selection_frequency,3,1.0,0.8696428571428572,0.8695492620662146,0.2870544594489762,0.948954081632653,1.0,1.0,1.0,0,0.0,3,1.0,1.0,1.0,0,0.0,,,False,,0.2968189734070448,0.0187774462226146,0.3155964196296594,4.0,0.9,3.0,3.0,1.0,DESCRIPTIVE_NO_INFERENCE
S02,S02,1249,1249,OK,l1.fixed_k.k01,l1,fixed_k,l1.final_ranker_score,1,1.0,0.6875,0.6870599280237835,0.5753241039798336,0.7628188775510204,1.0,0.3333333333333333,0.5,0,0.0,1,1.0,0.3333333333333333,0.5,0,0.0,1.0,0.0,False,,,,,,,,,0.7777777777777778,DESCRIPTIVE_NO_INFERENCE
S02,S02,1249,1249,OK,l1.fixed_k.k02,l1,fixed_k,l1.final_ranker_score,2,1.0,0.7785714285714286,0.778390522875817,0.4536268779569597,0.8700765306122449,1.0,0.6666666666666666,0.8,0,0.0,2,1.0,0.6666666666666666,0.8,0,0.0,2.0,0.0,False,,,,,,,,,1.0,DESCRIPTIVE_NO_INFERENCE
S02,S02,1249,1249,OK,l1.fixed_k.k04,l1,fixed_k,l1.final_ranker_score,4,1.0,0.8696428571428572,0.8695925404891556,0.2939275407516802,0.9459821428571428,0.75,1.0,0.8571428571428571,1,0.25,3,0.75,1.0,0.8571428571428571,1,0.25,4.0,0.0,False,,,,,,,,,0.6,DESCRIPTIVE_NO_INFERENCE
S02,S02,1249,1249,OK,l1.fixed_k.k08,l1,fixed_k,l1.final_ranker_score,8,1.0,0.8642857142857143,0.8642424242424243,0.3027253749412709,0.9426530612244898,0.375,1.0,0.5454545454545454,5,0.625,3,0.375,1.0,0.5454545454545454,5,0.625,8.0,0.0,False,,,,,,,,,0.23076923076923078,DESCRIPTIVE_NO_INFERENCE
S02,S02,1249,1249,OK,l1.fixed_k.k16,l1,fixed_k,l1.final_ranker_score,16,1.0,0.8625,0.8624469262693832,0.3032696553339488,0.9412882653061224,0.1875,1.0,0.3157894736842105,13,0.8125,3,0.1875,1.0,0.3157894736842105,13,0.8125,16.0,0.0,False,,,,,,,,,0.10782703886152162,DESCRIPTIVE_NO_INFERENCE
S02,S02,1249,1249,OK,l1.validation_one_se,l1,validation_one_se,l1.final_ranker_score,4,1.0,0.8696428571428572,0.8695925404891556,0.2939275407516802,0.9459821428571428,0.75,1.0,0.8571428571428571,1,0.25,3,0.75,1.0,0.8571428571428571,1,0.25,,0.0,False,4.0,0.29138022317652,0.0184309258953154,0.3098111490718354,,,,,0.6,DESCRIPTIVE_NO_INFERENCE
S02,S02,1249,1249,OK,l1.cpss_one_se,l1,cpss_one_se,l1.final_development_selection_frequency,3,1.0,0.8696428571428572,0.8695492620662146,0.2870544594489762,0.948954081632653,1.0,1.0,1.0,0,0.0,3,1.0,1.0,1.0,0,0.0,,,False,,0.2968189734070448,0.0187774462226146,0.3155964196296594,4.0,0.9,3.0,3.0,1.0,DESCRIPTIVE_NO_INFERENCE
S02,S02,1277,1277,OK,shil.fixed_k.k01,shil,fixed_k,shil.final_ranker_score,1,1.0,0.6482142857142857,0.6482041895335007,0.5960997383033121,0.71375,1.0,0.3333333333333333,0.5,0,0.0,1,1.0,0.3333333333333333,0.5,0,0.0,1.0,0.0,False,,,,,,,,,0.7777777777777778,DESCRIPTIVE_NO_INFERENCE
S02,S02,1277,1277,OK,shil.fixed_k.k02,shil,fixed_k,shil.final_ranker_score,2,1.0,0.7232142857142857,0.7230155564419625,0.5089127979344689,0.8240816326530612,1.0,0.6666666666666666,0.8,0,0.0,2,1.0,0.6666666666666666,0.8,0,0.0,2.0,0.0,False,,,,,,,,,0.4074074074074074,DESCRIPTIVE_NO_INFERENCE
S02,S02,1277,1277,OK,shil.fixed_k.k04,shil,fixed_k,shil.final_ranker_score,4,1.0,0.8696428571428572,0.8696424414618669,0.2806028677891723,0.9494770408163266,0.75,1.0,0.8571428571428571,1,0.25,3,0.75,1.0,0.8571428571428571,1,0.25,4.0,0.0,False,,,,,,,,,0.6,DESCRIPTIVE_NO_INFERENCE
S02,S02,1277,1277,OK,shil.fixed_k.k08,shil,fixed_k,shil.final_ranker_score,8,1.0,0.8678571428571429,0.8678571428571429,0.2810526446642025,0.9492602040816328,0.375,1.0,0.5454545454545454,5,0.625,3,0.375,1.0,0.5454545454545454,5,0.625,8.0,0.0,False,,,,,,,,,0.23076923076923078,DESCRIPTIVE_NO_INFERENCE
S02,S02,1277,1277,OK,shil.fixed_k.k16,shil,fixed_k,shil.final_ranker_score,16,1.0,0.8660714285714286,0.8660710015019181,0.2813237917933073,0.9496301020408164,0.1875,1.0,0.3157894736842105,13,0.8125,3,0.1875,1.0,0.3157894736842105,13,0.8125,16.0,0.0,False,,,,,,,,,0.1169089176752012,DESCRIPTIVE_NO_INFERENCE
S02,S02,1277,1277,OK,shil.validation_one_se,shil,validation_one_se,shil.final_ranker_score,4,1.0,0.8696428571428572,0.8696424414618669,0.2806028677891723,0.9494770408163266,0.75,1.0,0.8571428571428571,1,0.25,3,0.75,1.0,0.8571428571428571,1,0.25,,0.0,False,4.0,0.3518682329388223,0.024423857537216,0.3762920904760384,,,,,0.6,DESCRIPTIVE_NO_INFERENCE
S02,S02,1277,1277,OK,shil.cpss_one_se,shil,cpss_one_se,shil.final_development_selection_frequency,3,1.0,0.8696428571428572,0.8696391159185053,0.278544957049355,0.950905612244898,1.0,1.0,1.0,0,0.0,3,1.0,1.0,1.0,0,0.0,,,False,,0.3534911219687888,0.0246128821086561,0.3781040040774449,4.0,0.9,3.0,3.0,1.0,DESCRIPTIVE_NO_INFERENCE
S02,S02,1277,1277,OK,l1.fixed_k.k01,l1,fixed_k,l1.final_ranker_score,1,1.0,0.6482142857142857,0.6482041895335007,0.5960997383033121,0.71375,1.0,0.3333333333333333,0.5,0,0.0,1,1.0,0.3333333333333333,0.5,0,0.0,1.0,0.0,False,,,,,,,,,0.7777777777777778,DESCRIPTIVE_NO_INFERENCE
S02,S02,1277,1277,OK,l1.fixed_k.k02,l1,fixed_k,l1.final_ranker_score,2,1.0,0.7910714285714285,0.7910654323625359,0.4307624498079439,0.8829974489795919,1.0,0.6666666666666666,0.8,0,0.0,2,1.0,0.6666666666666666,0.8,0,0.0,2.0,0.0,False,,,,,,,,,1.0,DESCRIPTIVE_NO_INFERENCE
S02,S02,1277,1277,OK,l1.fixed_k.k04,l1,fixed_k,l1.final_ranker_score,4,1.0,0.8625,0.8624995615419693,0.2759819359785774,0.9520535714285714,0.75,1.0,0.8571428571428571,1,0.25,3,0.75,1.0,0.8571428571428571,1,0.25,4.0,0.0,False,,,,,,,,,0.6,DESCRIPTIVE_NO_INFERENCE
S02,S02,1277,1277,OK,l1.fixed_k.k08,l1,fixed_k,l1.final_ranker_score,8,1.0,0.8607142857142858,0.8607125090881261,0.2725018430947,0.9535969387755104,0.375,1.0,0.5454545454545454,5,0.625,3,0.375,1.0,0.5454545454545454,5,0.625,8.0,0.0,False,,,,,,,,,0.24216524216524216,DESCRIPTIVE_NO_INFERENCE
S02,S02,1277,1277,OK,l1.fixed_k.k16,l1,fixed_k,l1.final_ranker_score,16,1.0,0.8660714285714286,0.8660675848477795,0.2745740019972643,0.952155612244898,0.1875,1.0,0.3157894736842105,13,0.8125,3,0.1875,1.0,0.3157894736842105,13,0.8125,16.0,0.0,False,,,,,,,,,0.10782703886152162,DESCRIPTIVE_NO_INFERENCE
S02,S02,1277,1277,OK,l1.validation_one_se,l1,validation_one_se,l1.final_ranker_score,4,1.0,0.8625,0.8624995615419693,0.2759819359785774,0.9520535714285714,0.75,1.0,0.8571428571428571,1,0.25,3,0.75,1.0,0.8571428571428571,1,0.25,,0.0,False,4.0,0.3549600399556348,0.0245351945565748,0.3794952345122096,,,,,0.6,DESCRIPTIVE_NO_INFERENCE
S02,S02,1277,1277,OK,l1.cpss_one_se,l1,cpss_one_se,l1.final_development_selection_frequency,3,1.0,0.8696428571428572,0.8696391159185053,0.278544957049355,0.950905612244898,1.0,1.0,1.0,0,0.0,3,1.0,1.0,1.0,0,0.0,,,False,,0.3534911219687888,0.0246128821086561,0.3781040040774449,4.0,0.9,3.0,3.0,1.0,DESCRIPTIVE_NO_INFERENCE
S03,S03,1103,1103,OK,shil.fixed_k.k01,shil,fixed_k,shil.final_ranker_score,1,1.0,0.675,0.6749834175213021,0.5795054856677078,0.7483928571428571,1.0,0.25,0.4,0,0.0,1,1.0,0.25,0.4,0,0.0,1.0,0.0,False,,,,,,,,,0.8888888888888888,DESCRIPTIVE_NO_INFERENCE
S03,S03,1103,1103,OK,shil.fixed_k.k02,shil,fixed_k,shil.final_ranker_score,2,1.0,0.7482142857142857,0.7481942119110261,0.485382654529547,0.8457525510204081,1.0,0.5,0.6666666666666666,0,0.0,2,1.0,0.5,0.6666666666666666,0,0.0,2.0,0.0,False,,,,,,,,,1.0,DESCRIPTIVE_NO_INFERENCE
S03,S03,1103,1103,OK,shil.fixed_k.k04,shil,fixed_k,shil.final_ranker_score,4,1.0,0.8982142857142857,0.8982061707725425,0.2092870855031355,0.9735204081632652,1.0,1.0,1.0,0,0.0,4,1.0,1.0,1.0,0,0.0,4.0,0.0,False,,,,,,,,,1.0,DESCRIPTIVE_NO_INFERENCE
S03,S03,1103,1103,OK,shil.fixed_k.k08,shil,fixed_k,shil.final_ranker_score,8,1.0,0.9017857142857144,0.901777884078769,0.2090875186732504,0.973533163265306,0.5,1.0,0.6666666666666666,4,0.5,4,0.5,1.0,0.6666666666666666,4,0.5,8.0,0.0,False,,,,,,,,,0.34680134680134683,DESCRIPTIVE_NO_INFERENCE
S03,S03,1103,1103,OK,shil.fixed_k.k16,shil,fixed_k,shil.final_ranker_score,16,1.0,0.9017857142857144,0.901770365905387,0.2137438097607836,0.9722321428571428,0.25,1.0,0.4,12,0.75,4,0.25,1.0,0.4,12,0.75,16.0,0.0,False,,,,,,,,,0.15226337448559668,DESCRIPTIVE_NO_INFERENCE
S03,S03,1103,1103,OK,shil.validation_one_se,shil,validation_one_se,shil.final_ranker_score,4,1.0,0.8982142857142857,0.8982061707725425,0.2092870855031355,0.9735204081632652,1.0,1.0,1.0,0,0.0,4,1.0,1.0,1.0,0,0.0,,0.0,False,4.0,0.234023125177968,0.0211024722513003,0.2551255974292685,,,,,1.0,DESCRIPTIVE_NO_INFERENCE
S03,S03,1103,1103,OK,shil.cpss_one_se,shil,cpss_one_se,shil.final_development_selection_frequency,4,1.0,0.8982142857142857,0.8982061707725425,0.2092870855031355,0.9735204081632652,1.0,1.0,1.0,0,0.0,4,1.0,1.0,1.0,0,0.0,,,False,,0.234023125177968,0.0211024722513003,0.2551255974292685,4.0,0.9,4.0,4.0,1.0,DESCRIPTIVE_NO_INFERENCE
S03,S03,1103,1103,OK,l1.fixed_k.k01,l1,fixed_k,l1.final_ranker_score,1,1.0,0.675,0.6749834175213021,0.5795054856677078,0.7483928571428571,1.0,0.25,0.4,0,0.0,1,1.0,0.25,0.4,0,0.0,1.0,0.0,False,,,,,,,,,1.0,DESCRIPTIVE_NO_INFERENCE
S03,S03,1103,1103,OK,l1.fixed_k.k02,l1,fixed_k,l1.final_ranker_score,2,1.0,0.7517857142857143,0.7517849227835548,0.4707939053507191,0.8515943877551021,1.0,0.5,0.6666666666666666,0,0.0,2,1.0,0.5,0.6666666666666666,0,0.0,2.0,0.0,False,,,,,,,,,0.7777777777777777,DESCRIPTIVE_NO_INFERENCE
S03,S03,1103,1103,OK,l1.fixed_k.k04,l1,fixed_k,l1.final_ranker_score,4,1.0,0.8982142857142857,0.8982061707725425,0.2092870855031355,0.9735204081632652,1.0,1.0,1.0,0,0.0,4,1.0,1.0,1.0,0,0.0,4.0,0.0,False,,,,,,,,,1.0,DESCRIPTIVE_NO_INFERENCE
S03,S03,1103,1103,OK,l1.fixed_k.k08,l1,fixed_k,l1.final_ranker_score,8,1.0,0.9017857142857144,0.9017828955550382,0.2181614217430822,0.9709311224489796,0.5,1.0,0.6666666666666666,4,0.5,4,0.5,1.0,0.6666666666666666,4,0.5,8.0,0.0,False,,,,,,,,,0.3333333333333333,DESCRIPTIVE_NO_INFERENCE
S03,S03,1103,1103,OK,l1.fixed_k.k16,l1,fixed_k,l1.final_ranker_score,16,1.0,0.8964285714285715,0.8964232869023929,0.2315176591134227,0.9672704081632651,0.25,1.0,0.4,12,0.75,4,0.25,1.0,0.4,12,0.75,16.0,0.0,False,,,,,,,,,0.15696649029982362,DESCRIPTIVE_NO_INFERENCE
S03,S03,1103,1103,OK,l1.validation_one_se,l1,validation_one_se,l1.final_ranker_score,4,1.0,0.8982142857142857,0.8982061707725425,0.2092870855031355,0.9735204081632652,1.0,1.0,1.0,0,0.0,4,1.0,1.0,1.0,0,0.0,,0.0,False,4.0,0.234023125177968,0.0211024722513003,0.2551255974292685,,,,,1.0,DESCRIPTIVE_NO_INFERENCE
S03,S03,1103,1103,OK,l1.cpss_one_se,l1,cpss_one_se,l1.final_development_selection_frequency,4,1.0,0.8982142857142857,0.8982061707725425,0.2092870855031355,0.9735204081632652,1.0,1.0,1.0,0,0.0,4,1.0,1.0,1.0,0,0.0,,,False,,0.234023125177968,0.0211024722513003,0.2551255974292685,4.0,0.9,4.0,4.0,1.0,DESCRIPTIVE_NO_INFERENCE
S03,S03,1129,1129,OK,shil.fixed_k.k01,shil,fixed_k,shil.final_ranker_score,1,1.0,0.7017857142857142,0.7017619389300804,0.5759187685740506,0.7656122448979592,1.0,0.25,0.4,0,0.0,1,1.0,0.25,0.4,0,0.0,1.0,0.0,False,,,,,,,,,0.8888888888888888,DESCRIPTIVE_NO_INFERENCE
S03,S03,1129,1129,OK,shil.fixed_k.k02,shil,fixed_k,shil.final_ranker_score,2,1.0,0.7482142857142857,0.7482070595138253,0.5043191143560398,0.8347704081632652,1.0,0.5,0.6666666666666666,0,0.0,2,1.0,0.5,0.6666666666666666,0,0.0,2.0,0.0,False,,,,,,,,,1.0,DESCRIPTIVE_NO_INFERENCE
S03,S03,1129,1129,OK,shil.fixed_k.k04,shil,fixed_k,shil.final_ranker_score,4,1.0,0.8839285714285714,0.8839282013016623,0.2370052663209353,0.9640561224489796,1.0,1.0,1.0,0,0.0,4,1.0,1.0,1.0,0,0.0,4.0,0.0,False,,,,,,,,,1.0,DESCRIPTIVE_NO_INFERENCE
S03,S03,1129,1129,OK,shil.fixed_k.k08,shil,fixed_k,shil.final_ranker_score,8,1.0,0.8839285714285714,0.8839282013016623,0.2412131372478374,0.963405612244898,0.5,1.0,0.6666666666666666,4,0.5,4,0.5,1.0,0.6666666666666666,4,0.5,8.0,0.0,False,,,,,,,,,0.3333333333333333,DESCRIPTIVE_NO_INFERENCE
S03,S03,1129,1129,OK,shil.fixed_k.k16,shil,fixed_k,shil.final_ranker_score,16,1.0,0.8839285714285714,0.8839282013016623,0.2496324668832641,0.9607908163265306,0.25,1.0,0.4,12,0.75,4,0.25,1.0,0.4,12,0.75,16.0,0.0,False,,,,,,,,,0.15226337448559668,DESCRIPTIVE_NO_INFERENCE
S03,S03,1129,1129,OK,shil.validation_one_se,shil,validation_one_se,shil.final_ranker_score,4,1.0,0.8839285714285714,0.8839282013016623,0.2370052663209353,0.9640561224489796,1.0,1.0,1.0,0,0.0,4,1.0,1.0,1.0,0,0.0,,0.0,False,4.0,0.2313684354680919,0.0201877754412771,0.2515562109093691,,,,,1.0,DESCRIPTIVE_NO_INFERENCE
S03,S03,1129,1129,OK,shil.cpss_one_se,shil,cpss_one_se,shil.final_development_selection_frequency,4,1.0,0.8839285714285714,0.8839282013016623,0.2370052663209353,0.9640561224489796,1.0,1.0,1.0,0,0.0,4,1.0,1.0,1.0,0,0.0,,,False,,0.2313684354680919,0.0201877754412771,0.2515562109093691,4.0,0.9,4.0,4.0,1.0,DESCRIPTIVE_NO_INFERENCE
S03,S03,1129,1129,OK,l1.fixed_k.k01,l1,fixed_k,l1.final_ranker_score,1,1.0,0.7017857142857142,0.7017619389300804,0.5759187685740506,0.7656122448979592,1.0,0.25,0.4,0,0.0,1,1.0,0.25,0.4,0,0.0,1.0,0.0,False,,,,,,,,,1.0,DESCRIPTIVE_NO_INFERENCE
S03,S03,1129,1129,OK,l1.fixed_k.k02,l1,fixed_k,l1.final_ranker_score,2,1.0,0.7767857142857143,0.7767679183608387,0.4724328702571383,0.8568622448979594,1.0,0.5,0.6666666666666666,0,0.0,2,1.0,0.5,0.6666666666666666,0,0.0,2.0,0.0,False,,,,,,,,,0.7777777777777777,DESCRIPTIVE_NO_INFERENCE
S03,S03,1129,1129,OK,l1.fixed_k.k04,l1,fixed_k,l1.final_ranker_score,4,1.0,0.8839285714285714,0.8839282013016623,0.2370052663209353,0.9640561224489796,1.0,1.0,1.0,0,0.0,4,1.0,1.0,1.0,0,0.0,4.0,0.0,False,,,,,,,,,1.0,DESCRIPTIVE_NO_INFERENCE
S03,S03,1129,1129,OK,l1.fixed_k.k08,l1,fixed_k,l1.final_ranker_score,8,1.0,0.8803571428571428,0.8803567613417135,0.2460068792882547,0.9615178571428572,0.5,1.0,0.6666666666666666,4,0.5,4,0.5,1.0,0.6666666666666666,4,0.5,8.0,0.0,False,,,,,,,,,0.3333333333333333,DESCRIPTIVE_NO_INFERENCE
S03,S03,1129,1129,OK,l1.fixed_k.k16,l1,fixed_k,l1.final_ranker_score,16,1.0,0.8821428571428571,0.8821293260705948,0.267413107810534,0.9562372448979592,0.25,1.0,0.4,12,0.75,4,0.25,1.0,0.4,12,0.75,16.0,0.0,False,,,,,,,,,0.14756025867136977,DESCRIPTIVE_NO_INFERENCE
S03,S03,1129,1129,OK,l1.validation_one_se,l1,validation_one_se,l1.final_ranker_score,4,1.0,0.8839285714285714,0.8839282013016623,0.2370052663209353,0.9640561224489796,1.0,1.0,1.0,0,0.0,4,1.0,1.0,1.0,0,0.0,,0.0,False,4.0,0.2313684354680919,0.0201877754412771,0.2515562109093691,,,,,1.0,DESCRIPTIVE_NO_INFERENCE
S03,S03,1129,1129,OK,l1.cpss_one_se,l1,cpss_one_se,l1.final_development_selection_frequency,4,1.0,0.8839285714285714,0.8839282013016623,0.2370052663209353,0.9640561224489796,1.0,1.0,1.0,0,0.0,4,1.0,1.0,1.0,0,0.0,,,False,,0.2313684354680919,0.0201877754412771,0.2515562109093691,4.0,0.9,4.0,4.0,1.0,DESCRIPTIVE_NO_INFERENCE
S03,S03,1151,1151,OK,shil.fixed_k.k01,shil,fixed_k,shil.final_ranker_score,1,1.0,0.7107142857142857,0.7106995254859942,0.5691445844197519,0.7754336734693876,1.0,0.25,0.4,0,0.0,1,1.0,0.25,0.4,0,0.0,1.0,0.0,False,,,,,,,,,0.8888888888888888,DESCRIPTIVE_NO_INFERENCE
S03,S03,1151,1151,OK,shil.fixed_k.k02,shil,fixed_k,shil.final_ranker_score,2,1.0,0.7607142857142857,0.7606379585326954,0.4904207071044602,0.8464923469387756,1.0,0.5,0.6666666666666666,0,0.0,2,1.0,0.5,0.6666666666666666,0,0.0,2.0,0.0,False,,,,,,,,,1.0,DESCRIPTIVE_NO_INFERENCE
S03,S03,1151,1151,OK,shil.fixed_k.k04,shil,fixed_k,shil.final_ranker_score,4,1.0,0.8928571428571429,0.8928352725045927,0.2399891207223825,0.9647321428571428,1.0,1.0,1.0,0,0.0,4,1.0,1.0,1.0,0,0.0,4.0,0.0,False,,,,,,,,,1.0,DESCRIPTIVE_NO_INFERENCE
S03,S03,1151,1151,OK,shil.fixed_k.k08,shil,fixed_k,shil.final_ranker_score,8,1.0,0.8875,0.8874824191279886,0.242520611726243,0.9639540816326532,0.5,1.0,0.6666666666666666,4,0.5,4,0.5,1.0,0.6666666666666666,4,0.5,8.0,0.0,False,,,,,,,,,0.3333333333333333,DESCRIPTIVE_NO_INFERENCE
S03,S03,1151,1151,OK,shil.fixed_k.k16,shil,fixed_k,shil.final_ranker_score,16,1.0,0.8892857142857142,0.8892631149214125,0.242421550856534,0.9638010204081632,0.25,1.0,0.4,12,0.75,4,0.25,1.0,0.4,12,0.75,16.0,0.0,False,,,,,,,,,0.14756025867136977,DESCRIPTIVE_NO_INFERENCE
S03,S03,1151,1151,OK,shil.validation_one_se,shil,validation_one_se,shil.final_ranker_score,4,1.0,0.8928571428571429,0.8928352725045927,0.2399891207223825,0.9647321428571428,1.0,1.0,1.0,0,0.0,4,1.0,1.0,1.0,0,0.0,,0.0,False,4.0,0.2443348389574257,0.0181283484980089,0.2624631874554347,,,,,1.0,DESCRIPTIVE_NO_INFERENCE
S03,S03,1151,1151,OK,shil.cpss_one_se,shil,cpss_one_se,shil.final_development_selection_frequency,4,1.0,0.8928571428571429,0.8928352725045927,0.2399891207223825,0.9647321428571428,1.0,1.0,1.0,0,0.0,4,1.0,1.0,1.0,0,0.0,,,False,,0.2443348389574256,0.0181283484980089,0.2624631874554346,4.0,0.9,4.0,4.0,1.0,DESCRIPTIVE_NO_INFERENCE
S03,S03,1151,1151,OK,l1.fixed_k.k01,l1,fixed_k,l1.final_ranker_score,1,1.0,0.7107142857142857,0.7106995254859942,0.5691445844197519,0.7754336734693876,1.0,0.25,0.4,0,0.0,1,1.0,0.25,0.4,0,0.0,1.0,0.0,False,,,,,,,,,1.0,DESCRIPTIVE_NO_INFERENCE
S03,S03,1151,1151,OK,l1.fixed_k.k02,l1,fixed_k,l1.final_ranker_score,2,1.0,0.7607142857142857,0.7606379585326954,0.4904207071044602,0.8464923469387756,1.0,0.5,0.6666666666666666,0,0.0,2,1.0,0.5,0.6666666666666666,0,0.0,2.0,0.0,False,,,,,,,,,0.48148148148148145,DESCRIPTIVE_NO_INFERENCE
S03,S03,1151,1151,OK,l1.fixed_k.k04,l1,fixed_k,l1.final_ranker_score,4,1.0,0.8928571428571429,0.8928352725045927,0.2399891207223825,0.9647321428571428,1.0,1.0,1.0,0,0.0,4,1.0,1.0,1.0,0,0.0,4.0,0.0,False,,,,,,,,,1.0,DESCRIPTIVE_NO_INFERENCE
S03,S03,1151,1151,OK,l1.fixed_k.k08,l1,fixed_k,l1.final_ranker_score,8,1.0,0.8803571428571428,0.8803109618188141,0.2520517573223681,0.9608035714285714,0.5,1.0,0.6666666666666666,4,0.5,4,0.5,1.0,0.6666666666666666,4,0.5,8.0,0.0,False,,,,,,,,,0.3333333333333333,DESCRIPTIVE_NO_INFERENCE
S03,S03,1151,1151,OK,l1.fixed_k.k16,l1,fixed_k,l1.final_ranker_score,16,1.0,0.8839285714285714,0.8838837689287002,0.249883104743158,0.962002551020408,0.25,1.0,0.4,12,0.75,4,0.25,1.0,0.4,12,0.75,16.0,0.0,False,,,,,,,,,0.14285714285714285,DESCRIPTIVE_NO_INFERENCE
S03,S03,1151,1151,OK,l1.validation_one_se,l1,validation_one_se,l1.final_ranker_score,4,1.0,0.8928571428571429,0.8928352725045927,0.2399891207223825,0.9647321428571428,1.0,1.0,1.0,0,0.0,4,1.0,1.0,1.0,0,0.0,,0.0,False,4.0,0.2443348389574256,0.0181283484980089,0.2624631874554346,,,,,1.0,DESCRIPTIVE_NO_INFERENCE
S03,S03,1151,1151,OK,l1.cpss_one_se,l1,cpss_one_se,l1.final_development_selection_frequency,4,1.0,0.8928571428571429,0.8928352725045927,0.2399891207223825,0.9647321428571428,1.0,1.0,1.0,0,0.0,4,1.0,1.0,1.0,0,0.0,,,False,,0.2443348389574256,0.0181283484980089,0.2624631874554346,4.0,0.9,4.0,4.0,1.0,DESCRIPTIVE_NO_INFERENCE
S03,S03,1171,1171,OK,shil.fixed_k.k01,shil,fixed_k,shil.final_ranker_score,1,1.0,0.6928571428571428,0.6928532251686883,0.5730346570998617,0.761670918367347,1.0,0.25,0.4,0,0.0,1,1.0,0.25,0.4,0,0.0,1.0,0.0,False,,,,,,,,,0.8888888888888888,DESCRIPTIVE_NO_INFERENCE
S03,S03,1171,1171,OK,shil.fixed_k.k02,shil,fixed_k,shil.final_ranker_score,2,1.0,0.7803571428571429,0.7803396316670653,0.470234999748591,0.859923469387755,1.0,0.5,0.6666666666666666,0,0.0,2,1.0,0.5,0.6666666666666666,0,0.0,2.0,0.0,False,,,,,,,,,1.0,DESCRIPTIVE_NO_INFERENCE
S03,S03,1171,1171,OK,shil.fixed_k.k04,shil,fixed_k,shil.final_ranker_score,4,1.0,0.8785714285714286,0.8785466421718718,0.2453862216887799,0.9621428571428572,1.0,1.0,1.0,0,0.0,4,1.0,1.0,1.0,0,0.0,4.0,0.0,False,,,,,,,,,1.0,DESCRIPTIVE_NO_INFERENCE
S03,S03,1171,1171,OK,shil.fixed_k.k08,shil,fixed_k,shil.final_ranker_score,8,1.0,0.8732142857142857,0.8732041776289563,0.2507513753396632,0.9600892857142856,0.5,1.0,0.6666666666666666,4,0.5,4,0.5,1.0,0.6666666666666666,4,0.5,8.0,0.0,False,,,,,,,,,0.34680134680134683,DESCRIPTIVE_NO_INFERENCE
S03,S03,1171,1171,OK,shil.fixed_k.k16,shil,fixed_k,shil.final_ranker_score,16,1.0,0.8732142857142857,0.8731944723505904,0.2563388233501281,0.9579464285714284,0.25,1.0,0.4,12,0.75,4,0.25,1.0,0.4,12,0.75,16.0,0.0,False,,,,,,,,,0.15226337448559668,DESCRIPTIVE_NO_INFERENCE
S03,S03,1171,1171,OK,shil.validation_one_se,shil,validation_one_se,shil.final_ranker_score,4,1.0,0.8785714285714286,0.8785466421718718,0.2453862216887799,0.9621428571428572,1.0,1.0,1.0,0,0.0,4,1.0,1.0,1.0,0,0.0,,0.0,False,4.0,0.2489953199515487,0.019042421532496,0.2680377414840447,,,,,1.0,DESCRIPTIVE_NO_INFERENCE
S03,S03,1171,1171,OK,shil.cpss_one_se,shil,cpss_one_se,shil.final_development_selection_frequency,4,1.0,0.8785714285714286,0.8785466421718718,0.2453862216887799,0.9621428571428572,1.0,1.0,1.0,0,0.0,4,1.0,1.0,1.0,0,0.0,,,False,,0.2489953199515487,0.019042421532496,0.2680377414840447,4.0,0.9,4.0,4.0,1.0,DESCRIPTIVE_NO_INFERENCE
S03,S03,1171,1171,OK,l1.fixed_k.k01,l1,fixed_k,l1.final_ranker_score,1,1.0,0.6928571428571428,0.6928532251686883,0.5730346570998617,0.761670918367347,1.0,0.25,0.4,0,0.0,1,1.0,0.25,0.4,0,0.0,1.0,0.0,False,,,,,,,,,1.0,DESCRIPTIVE_NO_INFERENCE
S03,S03,1171,1171,OK,l1.fixed_k.k02,l1,fixed_k,l1.final_ranker_score,2,1.0,0.7178571428571429,0.7178427470789326,0.5295718530355575,0.8099489795918366,1.0,0.5,0.6666666666666666,0,0.0,2,1.0,0.5,0.6666666666666666,0,0.0,2.0,0.0,False,,,,,,,,,0.7777777777777777,DESCRIPTIVE_NO_INFERENCE
S03,S03,1171,1171,OK,l1.fixed_k.k04,l1,fixed_k,l1.final_ranker_score,4,1.0,0.8785714285714286,0.8785466421718718,0.2453862216887799,0.9621428571428572,1.0,1.0,1.0,0,0.0,4,1.0,1.0,1.0,0,0.0,4.0,0.0,False,,,,,,,,,1.0,DESCRIPTIVE_NO_INFERENCE
S03,S03,1171,1171,OK,l1.fixed_k.k08,l1,fixed_k,l1.final_ranker_score,8,1.0,0.8732142857142857,0.8732138814218158,0.2496967773912136,0.960127551020408,0.5,1.0,0.6666666666666666,4,0.5,4,0.5,1.0,0.6666666666666666,4,0.5,8.0,0.0,False,,,,,,,,,0.3333333333333333,DESCRIPTIVE_NO_INFERENCE
S03,S03,1171,1171,OK,l1.fixed_k.k16,l1,fixed_k,l1.final_ranker_score,16,1.0,0.8732142857142857,0.8732138814218158,0.2494955044962635,0.960688775510204,0.25,1.0,0.4,12,0.75,4,0.25,1.0,0.4,12,0.75,16.0,0.0,False,,,,,,,,,0.15696649029982362,DESCRIPTIVE_NO_INFERENCE
S03,S03,1171,1171,OK,l1.validation_one_se,l1,validation_one_se,l1.final_ranker_score,4,1.0,0.8785714285714286,0.8785466421718718,0.2453862216887799,0.9621428571428572,1.0,1.0,1.0,0,0.0,4,1.0,1.0,1.0,0,0.0,,0.0,False,4.0,0.2489953199515487,0.019042421532496,0.2680377414840447,,,,,1.0,DESCRIPTIVE_NO_INFERENCE
S03,S03,1171,1171,OK,l1.cpss_one_se,l1,cpss_one_se,l1.final_development_selection_frequency,4,1.0,0.8785714285714286,0.8785466421718718,0.2453862216887799,0.9621428571428572,1.0,1.0,1.0,0,0.0,4,1.0,1.0,1.0,0,0.0,,,False,,0.2489953199515487,0.019042421532496,0.2680377414840447,4.0,0.9,4.0,4.0,1.0,DESCRIPTIVE_NO_INFERENCE
S03,S03,1181,1181,OK,shil.fixed_k.k01,shil,fixed_k,shil.final_ranker_score,1,1.0,0.6910714285714286,0.6910625623822113,0.5852107630283565,0.7580229591836736,1.0,0.25,0.4,0,0.0,1,1.0,0.25,0.4,0,0.0,1.0,0.0,False,,,,,,,,,0.8888888888888888,DESCRIPTIVE_NO_INFERENCE
S03,S03,1181,1181,OK,shil.fixed_k.k02,shil,fixed_k,shil.final_ranker_score,2,1.0,0.7589285714285714,0.7588662888054631,0.4879096135231667,0.8436352040816328,1.0,0.5,0.6666666666666666,0,0.0,2,1.0,0.5,0.6666666666666666,0,0.0,2.0,0.0,False,,,,,,,,,1.0,DESCRIPTIVE_NO_INFERENCE
S03,S03,1181,1181,OK,shil.fixed_k.k04,shil,fixed_k,shil.final_ranker_score,4,1.0,0.8892857142857142,0.8892164745823282,0.2297654020093715,0.9680739795918368,1.0,1.0,1.0,0,0.0,4,1.0,1.0,1.0,0,0.0,4.0,0.0,False,,,,,,,,,1.0,DESCRIPTIVE_NO_INFERENCE
S03,S03,1181,1181,OK,shil.fixed_k.k08,shil,fixed_k,shil.final_ranker_score,8,1.0,0.8839285714285714,0.8838452333466295,0.2289194245432054,0.968405612244898,0.5,1.0,0.6666666666666666,4,0.5,4,0.5,1.0,0.6666666666666666,4,0.5,8.0,0.0,False,,,,,,,,,0.3333333333333333,DESCRIPTIVE_NO_INFERENCE
S03,S03,1181,1181,OK,shil.fixed_k.k16,shil,fixed_k,shil.final_ranker_score,16,1.0,0.8892857142857142,0.8892164745823282,0.229563297537015,0.968125,0.25,1.0,0.4,12,0.75,4,0.25,1.0,0.4,12,0.75,16.0,0.0,False,,,,,,,,,0.14756025867136977,DESCRIPTIVE_NO_INFERENCE
S03,S03,1181,1181,OK,shil.validation_one_se,shil,validation_one_se,shil.final_ranker_score,4,1.0,0.8892857142857142,0.8892164745823282,0.2297654020093715,0.9680739795918368,1.0,1.0,1.0,0,0.0,4,1.0,1.0,1.0,0,0.0,,0.0,False,4.0,0.2361781798438972,0.0190624584983257,0.255240638342223,,,,,1.0,DESCRIPTIVE_NO_INFERENCE
S03,S03,1181,1181,OK,shil.cpss_one_se,shil,cpss_one_se,shil.final_development_selection_frequency,4,1.0,0.8892857142857142,0.8892164745823282,0.2297654020093715,0.9680739795918368,1.0,1.0,1.0,0,0.0,4,1.0,1.0,1.0,0,0.0,,,False,,0.2361781798438972,0.0190624584983257,0.255240638342223,4.0,0.9,4.0,4.0,1.0,DESCRIPTIVE_NO_INFERENCE
S03,S03,1181,1181,OK,l1.fixed_k.k01,l1,fixed_k,l1.final_ranker_score,1,1.0,0.6910714285714286,0.6910625623822113,0.5852107630283565,0.7580229591836736,1.0,0.25,0.4,0,0.0,1,1.0,0.25,0.4,0,0.0,1.0,0.0,False,,,,,,,,,1.0,DESCRIPTIVE_NO_INFERENCE
S03,S03,1181,1181,OK,l1.fixed_k.k02,l1,fixed_k,l1.final_ranker_score,2,1.0,0.7839285714285714,0.7839223702210841,0.4659996187637711,0.8608545918367347,1.0,0.5,0.6666666666666666,0,0.0,2,1.0,0.5,0.6666666666666666,0,0.0,2.0,0.0,False,,,,,,,,,0.7777777777777777,DESCRIPTIVE_NO_INFERENCE
S03,S03,1181,1181,OK,l1.fixed_k.k04,l1,fixed_k,l1.final_ranker_score,4,1.0,0.8892857142857142,0.8892164745823282,0.2297654020093715,0.9680739795918368,1.0,1.0,1.0,0,0.0,4,1.0,1.0,1.0,0,0.0,4.0,0.0,False,,,,,,,,,1.0,DESCRIPTIVE_NO_INFERENCE
S03,S03,1181,1181,OK,l1.fixed_k.k08,l1,fixed_k,l1.final_ranker_score,8,1.0,0.8910714285714286,0.8909458911565928,0.2308649276691484,0.9673724489795918,0.5,1.0,0.6666666666666666,4,0.5,4,0.5,1.0,0.6666666666666666,4,0.5,8.0,0.0,False,,,,,,,,,0.3333333333333333,DESCRIPTIVE_NO_INFERENCE
S03,S03,1181,1181,OK,l1.fixed_k.k16,l1,fixed_k,l1.final_ranker_score,16,1.0,0.875,0.8748707210255493,0.2425173059930433,0.96452806122449,0.25,1.0,0.4,12,0.75,4,0.25,1.0,0.4,12,0.75,16.0,0.0,False,,,,,,,,,0.15696649029982362,DESCRIPTIVE_NO_INFERENCE
S03,S03,1181,1181,OK,l1.validation_one_se,l1,validation_one_se,l1.final_ranker_score,4,1.0,0.8892857142857142,0.8892164745823282,0.2297654020093715,0.9680739795918368,1.0,1.0,1.0,0,0.0,4,1.0,1.0,1.0,0,0.0,,0.0,False,4.0,0.2361781798438972,0.0190624584983257,0.255240638342223,,,,,1.0,DESCRIPTIVE_NO_INFERENCE
S03,S03,1181,1181,OK,l1.cpss_one_se,l1,cpss_one_se,l1.final_development_selection_frequency,4,1.0,0.8892857142857142,0.8892164745823282,0.2297654020093715,0.9680739795918368,1.0,1.0,1.0,0,0.0,4,1.0,1.0,1.0,0,0.0,,,False,,0.2361781798438972,0.0190624584983257,0.255240638342223,4.0,0.9,4.0,4.0,1.0,DESCRIPTIVE_NO_INFERENCE
S03,S03,1201,1201,OK,shil.fixed_k.k01,shil,fixed_k,shil.final_ranker_score,1,1.0,0.65,0.6499598168157059,0.6090293835644217,0.7244897959183674,1.0,0.25,0.4,0,0.0,1,1.0,0.25,0.4,0,0.0,1.0,0.0,False,,,,,,,,,0.8888888888888888,DESCRIPTIVE_NO_INFERENCE
S03,S03,1201,1201,OK,shil.fixed_k.k02,shil,fixed_k,shil.final_ranker_score,2,1.0,0.7482142857142857,0.7480335061826885,0.5096029745973562,0.8303698979591837,1.0,0.5,0.6666666666666666,0,0.0,2,1.0,0.5,0.6666666666666666,0,0.0,2.0,0.0,False,,,,,,,,,1.0,DESCRIPTIVE_NO_INFERENCE
S03,S03,1201,1201,OK,shil.fixed_k.k04,shil,fixed_k,shil.final_ranker_score,4,1.0,0.8660714285714286,0.8660504989618913,0.2608537011341182,0.9562627551020408,1.0,1.0,1.0,0,0.0,4,1.0,1.0,1.0,0,0.0,4.0,0.0,False,,,,,,,,,1.0,DESCRIPTIVE_NO_INFERENCE
S03,S03,1201,1201,OK,shil.fixed_k.k08,shil,fixed_k,shil.final_ranker_score,8,1.0,0.8660714285714286,0.8660607510165033,0.2627652584049088,0.9565816326530612,0.5,1.0,0.6666666666666666,4,0.5,4,0.5,1.0,0.6666666666666666,4,0.5,8.0,0.0,False,,,,,,,,,0.3602693602693603,DESCRIPTIVE_NO_INFERENCE
S03,S03,1201,1201,OK,shil.fixed_k.k16,shil,fixed_k,shil.final_ranker_score,16,1.0,0.8678571428571429,0.867830169422331,0.2679582593848689,0.9552933673469388,0.25,1.0,0.4,12,0.75,4,0.25,1.0,0.4,12,0.75,16.0,0.0,False,,,,,,,,,0.15696649029982362,DESCRIPTIVE_NO_INFERENCE
S03,S03,1201,1201,OK,shil.validation_one_se,shil,validation_one_se,shil.final_ranker_score,4,1.0,0.8660714285714286,0.8660504989618913,0.2608537011341182,0.9562627551020408,1.0,1.0,1.0,0,0.0,4,1.0,1.0,1.0,0,0.0,,0.0,False,4.0,0.2154848103006653,0.020061889418257,0.2355466997189224,,,,,1.0,DESCRIPTIVE_NO_INFERENCE
S03,S03,1201,1201,OK,shil.cpss_one_se,shil,cpss_one_se,shil.final_development_selection_frequency,4,1.0,0.8660714285714286,0.8660504989618913,0.2608537011341182,0.9562627551020408,1.0,1.0,1.0,0,0.0,4,1.0,1.0,1.0,0,0.0,,,False,,0.2154848103006653,0.020061889418257,0.2355466997189224,4.0,0.9,4.0,4.0,1.0,DESCRIPTIVE_NO_INFERENCE
S03,S03,1201,1201,OK,l1.fixed_k.k01,l1,fixed_k,l1.final_ranker_score,1,1.0,0.65,0.6499598168157059,0.6090293835644217,0.7244897959183674,1.0,0.25,0.4,0,0.0,1,1.0,0.25,0.4,0,0.0,1.0,0.0,False,,,,,,,,,1.0,DESCRIPTIVE_NO_INFERENCE
S03,S03,1201,1201,OK,l1.fixed_k.k02,l1,fixed_k,l1.final_ranker_score,2,1.0,0.7089285714285715,0.7089053655425337,0.534288232652336,0.8048979591836736,1.0,0.5,0.6666666666666666,0,0.0,2,1.0,0.5,0.6666666666666666,0,0.0,2.0,0.0,False,,,,,,,,,0.7777777777777777,DESCRIPTIVE_NO_INFERENCE
S03,S03,1201,1201,OK,l1.fixed_k.k04,l1,fixed_k,l1.final_ranker_score,4,1.0,0.8660714285714286,0.8660504989618913,0.2608537011341182,0.9562627551020408,1.0,1.0,1.0,0,0.0,4,1.0,1.0,1.0,0,0.0,4.0,0.0,False,,,,,,,,,1.0,DESCRIPTIVE_NO_INFERENCE
S03,S03,1201,1201,OK,l1.fixed_k.k08,l1,fixed_k,l1.final_ranker_score,8,1.0,0.8625,0.8624890377102766,0.2659685359481802,0.9553188775510204,0.5,1.0,0.6666666666666666,4,0.5,4,0.5,1.0,0.6666666666666666,4,0.5,8.0,0.0,False,,,,,,,,,0.3333333333333333,DESCRIPTIVE_NO_INFERENCE
S03,S03,1201,1201,OK,l1.fixed_k.k16,l1,fixed_k,l1.final_ranker_score,16,1.0,0.8732142857142857,0.8731944723505904,0.2723874517196945,0.9541071428571428,0.25,1.0,0.4,12,0.75,4,0.25,1.0,0.4,12,0.75,16.0,0.0,False,,,,,,,,,0.15696649029982362,DESCRIPTIVE_NO_INFERENCE
S03,S03,1201,1201,OK,l1.validation_one_se,l1,validation_one_se,l1.final_ranker_score,4,1.0,0.8660714285714286,0.8660504989618913,0.2608537011341182,0.9562627551020408,1.0,1.0,1.0,0,0.0,4,1.0,1.0,1.0,0,0.0,,0.0,False,4.0,0.2154848103006653,0.020061889418257,0.2355466997189224,,,,,1.0,DESCRIPTIVE_NO_INFERENCE
S03,S03,1201,1201,OK,l1.cpss_one_se,l1,cpss_one_se,l1.final_development_selection_frequency,4,1.0,0.8660714285714286,0.8660504989618913,0.2608537011341182,0.9562627551020408,1.0,1.0,1.0,0,0.0,4,1.0,1.0,1.0,0,0.0,,,False,,0.2154848103006653,0.020061889418257,0.2355466997189224,4.0,0.9,4.0,4.0,1.0,DESCRIPTIVE_NO_INFERENCE
S03,S03,1213,1213,OK,shil.fixed_k.k01,shil,fixed_k,shil.final_ranker_score,1,1.0,0.6732142857142858,0.6729128565546694,0.576660163067096,0.7531887755102041,1.0,0.25,0.4,0,0.0,1,1.0,0.25,0.4,0,0.0,1.0,0.0,False,,,,,,,,,0.8888888888888888,DESCRIPTIVE_NO_INFERENCE
S03,S03,1213,1213,OK,shil.fixed_k.k02,shil,fixed_k,shil.final_ranker_score,2,1.0,0.775,0.7748592870544091,0.4332320238255358,0.8782270408163266,1.0,0.5,0.6666666666666666,0,0.0,2,1.0,0.5,0.6666666666666666,0,0.0,2.0,0.0,False,,,,,,,,,1.0,DESCRIPTIVE_NO_INFERENCE
S03,S03,1213,1213,OK,shil.fixed_k.k04,shil,fixed_k,shil.final_ranker_score,4,1.0,0.8946428571428572,0.894615637329795,0.2277847061875309,0.9678698979591835,1.0,1.0,1.0,0,0.0,4,1.0,1.0,1.0,0,0.0,4.0,0.0,False,,,,,,,,,1.0,DESCRIPTIVE_NO_INFERENCE
S03,S03,1213,1213,OK,shil.fixed_k.k08,shil,fixed_k,shil.final_ranker_score,8,1.0,0.8946428571428572,0.894615637329795,0.2292721214488647,0.967627551020408,0.5,1.0,0.6666666666666666,4,0.5,4,0.5,1.0,0.6666666666666666,4,0.5,8.0,0.0,False,,,,,,,,,0.3333333333333333,DESCRIPTIVE_NO_INFERENCE
S03,S03,1213,1213,OK,shil.fixed_k.k16,shil,fixed_k,shil.final_ranker_score,16,1.0,0.8946428571428572,0.8946263925166879,0.23109266611304,0.9668877551020408,0.25,1.0,0.4,12,0.75,4,0.25,1.0,0.4,12,0.75,16.0,0.0,False,,,,,,,,,0.15226337448559668,DESCRIPTIVE_NO_INFERENCE
S03,S03,1213,1213,OK,shil.validation_one_se,shil,validation_one_se,shil.final_ranker_score,4,1.0,0.8946428571428572,0.894615637329795,0.2277847061875309,0.9678698979591835,1.0,1.0,1.0,0,0.0,4,1.0,1.0,1.0,0,0.0,,0.0,False,4.0,0.2090984640839547,0.0162412187296758,0.2235187697021491,,,,,1.0,DESCRIPTIVE_NO_INFERENCE
S03,S03,1213,1213,OK,shil.cpss_one_se,shil,cpss_one_se,shil.final_development_selection_frequency,4,1.0,0.8946428571428572,0.894615637329795,0.2277847061875309,0.9678698979591835,1.0,1.0,1.0,0,0.0,4,1.0,1.0,1.0,0,0.0,,,False,,0.2090984640839547,0.0162412187296758,0.2253396828136305,4.0,0.9,4.0,4.0,1.0,DESCRIPTIVE_NO_INFERENCE
S03,S03,1213,1213,OK,l1.fixed_k.k01,l1,fixed_k,l1.final_ranker_score,1,1.0,0.6732142857142858,0.6729128565546694,0.576660163067096,0.7531887755102041,1.0,0.25,0.4,0,0.0,1,1.0,0.25,0.4,0,0.0,1.0,0.0,False,,,,,,,,,1.0,DESCRIPTIVE_NO_INFERENCE
S03,S03,1213,1213,OK,l1.fixed_k.k02,l1,fixed_k,l1.final_ranker_score,2,1.0,0.7535714285714286,0.7533700980392157,0.4864611245015007,0.8419515306122449,1.0,0.5,0.6666666666666666,0,0.0,2,1.0,0.5,0.6666666666666666,0,0.0,2.0,0.0,False,,,,,,,,,0.7777777777777777,DESCRIPTIVE_NO_INFERENCE
S03,S03,1213,1213,OK,l1.fixed_k.k04,l1,fixed_k,l1.final_ranker_score,4,1.0,0.8946428571428572,0.894615637329795,0.2277847061875309,0.9678698979591835,1.0,1.0,1.0,0,0.0,4,1.0,1.0,1.0,0,0.0,4.0,0.0,False,,,,,,,,,1.0,DESCRIPTIVE_NO_INFERENCE
S03,S03,1213,1213,OK,l1.fixed_k.k08,l1,fixed_k,l1.final_ranker_score,8,1.0,0.8964285714285715,0.8963637988028232,0.2291463007270358,0.9679081632653062,0.5,1.0,0.6666666666666666,4,0.5,4,0.5,1.0,0.6666666666666666,4,0.5,8.0,0.0,False,,,,,,,,,0.3333333333333333,DESCRIPTIVE_NO_INFERENCE
S03,S03,1213,1213,OK,l1.fixed_k.k16,l1,fixed_k,l1.final_ranker_score,16,1.0,0.8910714285714286,0.8910627441600893,0.2432818725251651,0.9637627551020408,0.25,1.0,0.4,12,0.75,4,0.25,1.0,0.4,12,0.75,16.0,0.0,False,,,,,,,,,0.15696649029982362,DESCRIPTIVE_NO_INFERENCE
S03,S03,1213,1213,OK,l1.validation_one_se,l1,validation_one_se,l1.final_ranker_score,4,1.0,0.8946428571428572,0.894615637329795,0.2277847061875309,0.9678698979591835,1.0,1.0,1.0,0,0.0,4,1.0,1.0,1.0,0,0.0,,0.0,False,4.0,0.2090984640839546,0.0162412187296758,0.2253396828136305,,,,,1.0,DESCRIPTIVE_NO_INFERENCE
S03,S03,1213,1213,OK,l1.cpss_one_se,l1,cpss_one_se,l1.final_development_selection_frequency,4,1.0,0.8946428571428572,0.894615637329795,0.2277847061875309,0.9678698979591835,1.0,1.0,1.0,0,0.0,4,1.0,1.0,1.0,0,0.0,,,False,,0.2090984640839547,0.0162412187296758,0.2253396828136305,4.0,0.9,4.0,4.0,1.0,DESCRIPTIVE_NO_INFERENCE
S03,S03,1231,1231,OK,shil.fixed_k.k01,shil,fixed_k,shil.final_ranker_score,1,1.0,0.6178571428571429,0.6175449346405228,0.6198108288091767,0.7064668367346938,1.0,0.25,0.4,0,0.0,1,1.0,0.25,0.4,0,0.0,1.0,0.0,False,,,,,,,,,0.0,DESCRIPTIVE_NO_INFERENCE
S03,S03,1231,1231,OK,shil.fixed_k.k02,shil,fixed_k,shil.final_ranker_score,2,1.0,0.7607142857142857,0.7607112335616526,0.4895572142080888,0.8464668367346938,1.0,0.5,0.6666666666666666,0,0.0,2,1.0,0.5,0.6666666666666666,0,0.0,2.0,0.0,False,,,,,,,,,1.0,DESCRIPTIVE_NO_INFERENCE
S03,S03,1231,1231,OK,shil.fixed_k.k04,shil,fixed_k,shil.final_ranker_score,4,1.0,0.9089285714285714,0.90892595769649,0.1987252325698823,0.9768239795918368,1.0,1.0,1.0,0,0.0,4,1.0,1.0,1.0,0,0.0,4.0,0.0,False,,,,,,,,,1.0,DESCRIPTIVE_NO_INFERENCE
S03,S03,1231,1231,OK,shil.fixed_k.k08,shil,fixed_k,shil.final_ranker_score,8,1.0,0.9125,0.9124930239974488,0.2003794291025609,0.9761989795918368,0.5,1.0,0.6666666666666666,4,0.5,4,0.5,1.0,0.6666666666666666,4,0.5,8.0,0.0,False,,,,,,,,,0.3333333333333333,DESCRIPTIVE_NO_INFERENCE
S03,S03,1231,1231,OK,shil.fixed_k.k16,shil,fixed_k,shil.final_ranker_score,16,1.0,0.9178571428571428,0.917856095103254,0.2129298236192773,0.9728571428571428,0.25,1.0,0.4,12,0.75,4,0.25,1.0,0.4,12,0.75,16.0,0.0,False,,,,,,,,,0.14285714285714285,DESCRIPTIVE_NO_INFERENCE
S03,S03,1231,1231,OK,shil.validation_one_se,shil,validation_one_se,shil.final_ranker_score,4,1.0,0.9089285714285714,0.90892595769649,0.1987252325698823,0.9768239795918368,1.0,1.0,1.0,0,0.0,4,1.0,1.0,1.0,0,0.0,,0.0,False,4.0,0.2143807477982912,0.0185405143426295,0.2329212621409208,,,,,1.0,DESCRIPTIVE_NO_INFERENCE
S03,S03,1231,1231,OK,shil.cpss_one_se,shil,cpss_one_se,shil.final_development_selection_frequency,4,1.0,0.9089285714285714,0.90892595769649,0.1987252325698823,0.9768239795918368,1.0,1.0,1.0,0,0.0,4,1.0,1.0,1.0,0,0.0,,,False,,0.2143807477982912,0.0185405143426295,0.2329212621409208,4.0,0.9,4.0,4.0,1.0,DESCRIPTIVE_NO_INFERENCE
S03,S03,1231,1231,OK,l1.fixed_k.k01,l1,fixed_k,l1.final_ranker_score,1,1.0,0.6625,0.6624128043276484,0.5994009656699614,0.7364668367346939,1.0,0.25,0.4,0,0.0,1,1.0,0.25,0.4,0,0.0,1.0,0.0,False,,,,,,,,,1.0,DESCRIPTIVE_NO_INFERENCE
S03,S03,1231,1231,OK,l1.fixed_k.k02,l1,fixed_k,l1.final_ranker_score,2,1.0,0.7607142857142857,0.7607112335616526,0.4895572142080888,0.8464668367346938,1.0,0.5,0.6666666666666666,0,0.0,2,1.0,0.5,0.6666666666666666,0,0.0,2.0,0.0,False,,,,,,,,,0.48148148148148145,DESCRIPTIVE_NO_INFERENCE
S03,S03,1231,1231,OK,l1.fixed_k.k04,l1,fixed_k,l1.final_ranker_score,4,1.0,0.9089285714285714,0.90892595769649,0.1987252325698823,0.9768239795918368,1.0,1.0,1.0,0,0.0,4,1.0,1.0,1.0,0,0.0,4.0,0.0,False,,,,,,,,,1.0,DESCRIPTIVE_NO_INFERENCE
S03,S03,1231,1231,OK,l1.fixed_k.k08,l1,fixed_k,l1.final_ranker_score,8,1.0,0.9125,0.9124773937145756,0.2048934377288326,0.9746683673469388,0.5,1.0,0.6666666666666666,4,0.5,4,0.5,1.0,0.6666666666666666,4,0.5,8.0,0.0,False,,,,,,,,,0.3333333333333333,DESCRIPTIVE_NO_INFERENCE
S03,S03,1231,1231,OK,l1.fixed_k.k16,l1,fixed_k,l1.final_ranker_score,16,1.0,0.9089285714285714,0.9089282810213042,0.2144898239238855,0.9716836734693878,0.25,1.0,0.4,12,0.75,4,0.25,1.0,0.4,12,0.75,16.0,0.0,False,,,,,,,,,0.14285714285714285,DESCRIPTIVE_NO_INFERENCE
S03,S03,1231,1231,OK,l1.validation_one_se,l1,validation_one_se,l1.final_ranker_score,4,1.0,0.9089285714285714,0.90892595769649,0.1987252325698823,0.9768239795918368,1.0,1.0,1.0,0,0.0,4,1.0,1.0,1.0,0,0.0,,0.0,False,4.0,0.2143807477982912,0.0185405143426295,0.2329212621409208,,,,,1.0,DESCRIPTIVE_NO_INFERENCE
S03,S03,1231,1231,OK,l1.cpss_one_se,l1,cpss_one_se,l1.final_development_selection_frequency,4,1.0,0.9089285714285714,0.90892595769649,0.1987252325698823,0.9768239795918368,1.0,1.0,1.0,0,0.0,4,1.0,1.0,1.0,0,0.0,,,False,,0.2143807477982912,0.0185405143426295,0.2329212621409208,4.0,0.9,4.0,4.0,1.0,DESCRIPTIVE_NO_INFERENCE
S03,S03,1249,1249,OK,shil.fixed_k.k01,shil,fixed_k,shil.final_ranker_score,1,1.0,0.6642857142857143,0.6641314889490072,0.5708127901634348,0.7548596938775511,1.0,0.25,0.4,0,0.0,1,1.0,0.25,0.4,0,0.0,1.0,0.0,False,,,,,,,,,0.8888888888888888,DESCRIPTIVE_NO_INFERENCE
S03,S03,1249,1249,OK,shil.fixed_k.k02,shil,fixed_k,shil.final_ranker_score,2,1.0,0.7642857142857142,0.764093137254902,0.4712171723751074,0.8561479591836734,1.0,0.5,0.6666666666666666,0,0.0,2,1.0,0.5,0.6666666666666666,0,0.0,2.0,0.0,False,,,,,,,,,1.0,DESCRIPTIVE_NO_INFERENCE
S03,S03,1249,1249,OK,shil.fixed_k.k04,shil,fixed_k,shil.final_ranker_score,4,1.0,0.9285714285714286,0.928567784070616,0.1846892826780702,0.9805739795918368,1.0,1.0,1.0,0,0.0,4,1.0,1.0,1.0,0,0.0,4.0,0.0,False,,,,,,,,,1.0,DESCRIPTIVE_NO_INFERENCE
S03,S03,1249,1249,OK,shil.fixed_k.k08,shil,fixed_k,shil.final_ranker_score,8,1.0,0.9232142857142858,0.9232140408610996,0.1870006556448896,0.9798724489795918,0.5,1.0,0.6666666666666666,4,0.5,4,0.5,1.0,0.6666666666666666,4,0.5,8.0,0.0,False,,,,,,,,,0.3333333333333333,DESCRIPTIVE_NO_INFERENCE
S03,S03,1249,1249,OK,shil.fixed_k.k16,shil,fixed_k,shil.final_ranker_score,16,1.0,0.9267857142857144,0.9267854808210484,0.1904038064145863,0.978877551020408,0.25,1.0,0.4,12,0.75,4,0.25,1.0,0.4,12,0.75,16.0,0.0,False,,,,,,,,,0.15226337448559668,DESCRIPTIVE_NO_INFERENCE
S03,S03,1249,1249,OK,shil.validation_one_se,shil,validation_one_se,shil.final_ranker_score,4,1.0,0.9285714285714286,0.928567784070616,0.1846892826780702,0.9805739795918368,1.0,1.0,1.0,0,0.0,4,1.0,1.0,1.0,0,0.0,,0.0,False,4.0,0.2331019968562844,0.0212266726538787,0.2543286695101631,,,,,1.0,DESCRIPTIVE_NO_INFERENCE
S03,S03,1249,1249,OK,shil.cpss_one_se,shil,cpss_one_se,shil.final_development_selection_frequency,4,1.0,0.9285714285714286,0.928567784070616,0.1846892826780702,0.9805739795918368,1.0,1.0,1.0,0,0.0,4,1.0,1.0,1.0,0,0.0,,,False,,0.2331019968562844,0.0212266726538787,0.2543286695101631,4.0,0.9,4.0,4.0,1.0,DESCRIPTIVE_NO_INFERENCE
S03,S03,1249,1249,OK,l1.fixed_k.k01,l1,fixed_k,l1.final_ranker_score,1,1.0,0.6642857142857143,0.6641314889490072,0.5708127901634348,0.7548596938775511,1.0,0.25,0.4,0,0.0,1,1.0,0.25,0.4,0,0.0,1.0,0.0,False,,,,,,,,,1.0,DESCRIPTIVE_NO_INFERENCE
S03,S03,1249,1249,OK,l1.fixed_k.k02,l1,fixed_k,l1.final_ranker_score,2,1.0,0.7428571428571429,0.7424596635112866,0.4947027374603919,0.8352040816326529,1.0,0.5,0.6666666666666666,0,0.0,2,1.0,0.5,0.6666666666666666,0,0.0,2.0,0.0,False,,,,,,,,,0.7777777777777777,DESCRIPTIVE_NO_INFERENCE
S03,S03,1249,1249,OK,l1.fixed_k.k04,l1,fixed_k,l1.final_ranker_score,4,1.0,0.9285714285714286,0.928567784070616,0.1846892826780702,0.9805739795918368,1.0,1.0,1.0,0,0.0,4,1.0,1.0,1.0,0,0.0,4.0,0.0,False,,,,,,,,,1.0,DESCRIPTIVE_NO_INFERENCE
S03,S03,1249,1249,OK,l1.fixed_k.k08,l1,fixed_k,l1.final_ranker_score,8,1.0,0.9160714285714284,0.916071160941202,0.1926503099001875,0.9777423469387756,0.5,1.0,0.6666666666666666,4,0.5,4,0.5,1.0,0.6666666666666666,4,0.5,8.0,0.0,False,,,,,,,,,0.3333333333333333,DESCRIPTIVE_NO_INFERENCE
S03,S03,1249,1249,OK,l1.fixed_k.k16,l1,fixed_k,l1.final_ranker_score,16,1.0,0.9178571428571428,0.9178403755868544,0.1981263386873686,0.9755357142857144,0.25,1.0,0.4,12,0.75,4,0.25,1.0,0.4,12,0.75,16.0,0.0,False,,,,,,,,,0.16166960611405054,DESCRIPTIVE_NO_INFERENCE
S03,S03,1249,1249,OK,l1.validation_one_se,l1,validation_one_se,l1.final_ranker_score,4,1.0,0.9285714285714286,0.928567784070616,0.1846892826780702,0.9805739795918368,1.0,1.0,1.0,0,0.0,4,1.0,1.0,1.0,0,0.0,,0.0,False,4.0,0.2331019968562844,0.0212266726538787,0.2543286695101631,,,,,1.0,DESCRIPTIVE_NO_INFERENCE
S03,S03,1249,1249,OK,l1.cpss_one_se,l1,cpss_one_se,l1.final_development_selection_frequency,4,1.0,0.9285714285714286,0.928567784070616,0.1846892826780702,0.9805739795918368,1.0,1.0,1.0,0,0.0,4,1.0,1.0,1.0,0,0.0,,,False,,0.2331019968562844,0.0212266726538787,0.2543286695101631,4.0,0.9,4.0,4.0,1.0,DESCRIPTIVE_NO_INFERENCE
S03,S03,1277,1277,OK,shil.fixed_k.k01,shil,fixed_k,shil.final_ranker_score,1,1.0,0.6732142857142858,0.6731632174670149,0.5847940003751616,0.7455739795918367,1.0,0.25,0.4,0,0.0,1,1.0,0.25,0.4,0,0.0,1.0,0.0,False,,,,,,,,,0.8888888888888888,DESCRIPTIVE_NO_INFERENCE
S03,S03,1277,1277,OK,shil.fixed_k.k02,shil,fixed_k,shil.final_ranker_score,2,1.0,0.7607142857142857,0.760564638613419,0.4808593112314789,0.8460714285714286,1.0,0.5,0.6666666666666666,0,0.0,2,1.0,0.5,0.6666666666666666,0,0.0,2.0,0.0,False,,,,,,,,,1.0,DESCRIPTIVE_NO_INFERENCE
S03,S03,1277,1277,OK,shil.fixed_k.k04,shil,fixed_k,shil.final_ranker_score,4,1.0,0.8714285714285714,0.8713481640310909,0.2496403305599051,0.9613392857142856,1.0,1.0,1.0,0,0.0,4,1.0,1.0,1.0,0,0.0,4.0,0.0,False,,,,,,,,,1.0,DESCRIPTIVE_NO_INFERENCE
S03,S03,1277,1277,OK,shil.fixed_k.k08,shil,fixed_k,shil.final_ranker_score,8,1.0,0.8714285714285714,0.8713695064060027,0.2493129731696367,0.9610969387755102,0.5,1.0,0.6666666666666666,4,0.5,4,0.5,1.0,0.6666666666666666,4,0.5,8.0,0.0,False,,,,,,,,,0.3333333333333333,DESCRIPTIVE_NO_INFERENCE
S03,S03,1277,1277,OK,shil.fixed_k.k16,shil,fixed_k,shil.final_ranker_score,16,1.0,0.8625,0.8624012764260072,0.2588766361774884,0.9579336734693876,0.25,1.0,0.4,12,0.75,4,0.25,1.0,0.4,12,0.75,16.0,0.0,False,,,,,,,,,0.15696649029982362,DESCRIPTIVE_NO_INFERENCE
S03,S03,1277,1277,OK,shil.validation_one_se,shil,validation_one_se,shil.final_ranker_score,4,1.0,0.8714285714285714,0.8713481640310909,0.2496403305599051,0.9613392857142856,1.0,1.0,1.0,0,0.0,4,1.0,1.0,1.0,0,0.0,,0.0,False,4.0,0.2506344701113214,0.0206338204141866,0.271268290525508,,,,,1.0,DESCRIPTIVE_NO_INFERENCE
S03,S03,1277,1277,OK,shil.cpss_one_se,shil,cpss_one_se,shil.final_development_selection_frequency,4,1.0,0.8714285714285714,0.8713481640310909,0.2496403305599051,0.9613392857142856,1.0,1.0,1.0,0,0.0,4,1.0,1.0,1.0,0,0.0,,,False,,0.2506344701113214,0.0206338204141866,0.271268290525508,4.0,0.9,4.0,4.0,1.0,DESCRIPTIVE_NO_INFERENCE
S03,S03,1277,1277,OK,l1.fixed_k.k01,l1,fixed_k,l1.final_ranker_score,1,1.0,0.6732142857142858,0.6731632174670149,0.5847940003751616,0.7455739795918367,1.0,0.25,0.4,0,0.0,1,1.0,0.25,0.4,0,0.0,1.0,0.0,False,,,,,,,,,1.0,DESCRIPTIVE_NO_INFERENCE
S03,S03,1277,1277,OK,l1.fixed_k.k02,l1,fixed_k,l1.final_ranker_score,2,1.0,0.7607142857142857,0.760564638613419,0.4808593112314789,0.8460714285714286,1.0,0.5,0.6666666666666666,0,0.0,2,1.0,0.5,0.6666666666666666,0,0.0,2.0,0.0,False,,,,,,,,,0.48148148148148145,DESCRIPTIVE_NO_INFERENCE
S03,S03,1277,1277,OK,l1.fixed_k.k04,l1,fixed_k,l1.final_ranker_score,4,1.0,0.8714285714285714,0.8713481640310909,0.2496403305599051,0.9613392857142856,1.0,1.0,1.0,0,0.0,4,1.0,1.0,1.0,0,0.0,4.0,0.0,False,,,,,,,,,1.0,DESCRIPTIVE_NO_INFERENCE
S03,S03,1277,1277,OK,l1.fixed_k.k08,l1,fixed_k,l1.final_ranker_score,8,1.0,0.8803571428571428,0.8802192574998643,0.2518484009729757,0.960612244897959,0.5,1.0,0.6666666666666666,4,0.5,4,0.5,1.0,0.6666666666666666,4,0.5,8.0,0.0,False,,,,,,,,,0.3333333333333333,DESCRIPTIVE_NO_INFERENCE
S03,S03,1277,1277,OK,l1.fixed_k.k16,l1,fixed_k,l1.final_ranker_score,16,1.0,0.8696428571428572,0.8694926238431357,0.2587677031124028,0.9580229591836734,0.25,1.0,0.4,12,0.75,4,0.25,1.0,0.4,12,0.75,16.0,0.0,False,,,,,,,,,0.15226337448559668,DESCRIPTIVE_NO_INFERENCE
S03,S03,1277,1277,OK,l1.validation_one_se,l1,validation_one_se,l1.final_ranker_score,4,1.0,0.8714285714285714,0.8713481640310909,0.2496403305599051,0.9613392857142856,1.0,1.0,1.0,0,0.0,4,1.0,1.0,1.0,0,0.0,,0.0,False,4.0,0.2506344701113214,0.0206338204141866,0.271268290525508,,,,,1.0,DESCRIPTIVE_NO_INFERENCE
S03,S03,1277,1277,OK,l1.cpss_one_se,l1,cpss_one_se,l1.final_development_selection_frequency,4,1.0,0.8714285714285714,0.8713481640310909,0.2496403305599051,0.9613392857142856,1.0,1.0,1.0,0,0.0,4,1.0,1.0,1.0,0,0.0,,,False,,0.2506344701113214,0.0206338204141866,0.271268290525508,4.0,0.9,4.0,4.0,1.0,DESCRIPTIVE_NO_INFERENCE
S04,S04,1103,1103,OK,shil.fixed_k.k01,shil,fixed_k,shil.final_ranker_score,1,1.0,0.7055555555555556,0.7053281853281854,0.5741883932455429,0.7733333333333335,1.0,0.25,0.4,0,0.0,1,1.0,0.25,0.4,0,0.0,1.0,0.0,False,,,,,,,,,0.7777777777777778,DESCRIPTIVE_NO_INFERENCE
S04,S04,1103,1103,OK,shil.fixed_k.k02,shil,fixed_k,shil.final_ranker_score,2,1.0,0.8,0.7999753055932831,0.5095462296691708,0.8387654320987654,1.0,0.5,0.6666666666666666,0,0.0,2,1.0,0.5,0.6666666666666666,0,0.0,2.0,0.0,False,,,,,,,,,0.4074074074074074,DESCRIPTIVE_NO_INFERENCE
S04,S04,1103,1103,OK,shil.fixed_k.k04,shil,fixed_k,shil.final_ranker_score,4,1.0,0.9166666666666666,0.9166435120866908,0.2440640993782177,0.9665432098765432,1.0,1.0,1.0,0,0.0,4,1.0,1.0,1.0,0,0.0,4.0,0.0,False,,,,,,,,,1.0,DESCRIPTIVE_NO_INFERENCE
S04,S04,1103,1103,OK,shil.fixed_k.k08,shil,fixed_k,shil.final_ranker_score,8,1.0,0.9166666666666666,0.9166435120866908,0.2355769275799314,0.9696296296296296,0.5,1.0,0.6666666666666666,4,0.5,4,0.5,1.0,0.6666666666666666,4,0.5,8.0,0.0,False,,,,,,,,,0.3333333333333333,DESCRIPTIVE_NO_INFERENCE
S04,S04,1103,1103,OK,shil.fixed_k.k16,shil,fixed_k,shil.final_ranker_score,16,1.0,0.9055555555555556,0.9055293136982496,0.2452935415695289,0.9650617283950618,0.25,1.0,0.4,12,0.75,4,0.25,1.0,0.4,12,0.75,16.0,0.0,False,,,,,,,,,0.14756025867136977,DESCRIPTIVE_NO_INFERENCE
S04,S04,1103,1103,OK,shil.validation_one_se,shil,validation_one_se,shil.final_ranker_score,4,1.0,0.9166666666666666,0.9166435120866908,0.2440640993782177,0.9665432098765432,1.0,1.0,1.0,0,0.0,4,1.0,1.0,1.0,0,0.0,,0.0,False,4.0,0.2148916976021688,0.0259554307031025,0.2341817516194675,,,,,1.0,DESCRIPTIVE_NO_INFERENCE
S04,S04,1103,1103,OK,shil.cpss_one_se,shil,cpss_one_se,shil.final_development_selection_frequency,4,1.0,0.9166666666666666,0.9166435120866908,0.2440640993782177,0.9665432098765432,1.0,1.0,1.0,0,0.0,4,1.0,1.0,1.0,0,0.0,,,False,,0.2148916976021688,0.0259554307031025,0.2408471283052713,4.0,0.9,4.0,4.0,1.0,DESCRIPTIVE_NO_INFERENCE
S04,S04,1103,1103,OK,l1.fixed_k.k01,l1,fixed_k,l1.final_ranker_score,1,1.0,0.5833333333333334,0.5822890559732665,0.6538188296606294,0.6639506172839507,1.0,0.25,0.4,0,0.0,1,1.0,0.25,0.4,0,0.0,1.0,0.0,False,,,,,,,,,0.1111111111111111,DESCRIPTIVE_NO_INFERENCE
S04,S04,1103,1103,OK,l1.fixed_k.k02,l1,fixed_k,l1.final_ranker_score,2,1.0,0.8,0.7999753055932831,0.5095462296691708,0.8387654320987654,1.0,0.5,0.6666666666666666,0,0.0,2,1.0,0.5,0.6666666666666666,0,0.0,2.0,0.0,False,,,,,,,,,0.7037037037037037,DESCRIPTIVE_NO_INFERENCE
S04,S04,1103,1103,OK,l1.fixed_k.k04,l1,fixed_k,l1.final_ranker_score,4,1.0,0.9166666666666666,0.9166435120866908,0.2440640993782177,0.9665432098765432,1.0,1.0,1.0,0,0.0,4,1.0,1.0,1.0,0,0.0,4.0,0.0,False,,,,,,,,,1.0,DESCRIPTIVE_NO_INFERENCE
S04,S04,1103,1103,OK,l1.fixed_k.k08,l1,fixed_k,l1.final_ranker_score,8,1.0,0.9055555555555556,0.905412506568576,0.2493763290289894,0.9641975308641976,0.5,1.0,0.6666666666666666,4,0.5,4,0.5,1.0,0.6666666666666666,4,0.5,8.0,0.0,False,,,,,,,,,0.34680134680134683,DESCRIPTIVE_NO_INFERENCE
S04,S04,1103,1103,OK,l1.fixed_k.k16,l1,fixed_k,l1.final_ranker_score,16,1.0,0.9055555555555556,0.9055293136982496,0.286268433623043,0.9502469135802468,0.25,1.0,0.4,12,0.75,4,0.25,1.0,0.4,12,0.75,16.0,0.0,False,,,,,,,,,0.17575991260201784,DESCRIPTIVE_NO_INFERENCE
S04,S04,1103,1103,OK,l1.validation_one_se,l1,validation_one_se,l1.final_ranker_score,4,1.0,0.9166666666666666,0.9166435120866908,0.2440640993782177,0.9665432098765432,1.0,1.0,1.0,0,0.0,4,1.0,1.0,1.0,0,0.0,,0.0,False,4.0,0.2148916976021688,0.0259554307031025,0.2408471283052713,,,,,1.0,DESCRIPTIVE_NO_INFERENCE
S04,S04,1103,1103,OK,l1.cpss_one_se,l1,cpss_one_se,l1.final_development_selection_frequency,4,1.0,0.9166666666666666,0.9166435120866908,0.2440640993782177,0.9665432098765432,1.0,1.0,1.0,0,0.0,4,1.0,1.0,1.0,0,0.0,,,False,,0.2148916976021688,0.0259554307031025,0.2408471283052713,4.0,0.9,4.0,4.0,1.0,DESCRIPTIVE_NO_INFERENCE
S04,S04,1129,1129,OK,shil.fixed_k.k01,shil,fixed_k,shil.final_ranker_score,1,1.0,0.6444444444444445,0.6444444444444445,0.6159808043001918,0.7179012345679012,1.0,0.25,0.4,0,0.0,1,1.0,0.25,0.4,0,0.0,1.0,0.0,False,,,,,,,,,0.7777777777777778,DESCRIPTIVE_NO_INFERENCE
S04,S04,1129,1129,OK,shil.fixed_k.k02,shil,fixed_k,shil.final_ranker_score,2,1.0,0.7388888888888889,0.738816337871631,0.5385128413277802,0.8101234567901234,1.0,0.5,0.6666666666666666,0,0.0,2,1.0,0.5,0.6666666666666666,0,0.0,2.0,0.0,False,,,,,,,,,0.8518518518518517,DESCRIPTIVE_NO_INFERENCE
S04,S04,1129,1129,OK,shil.fixed_k.k04,shil,fixed_k,shil.final_ranker_score,4,1.0,0.8944444444444445,0.8944151153098083,0.2182908487816885,0.9727160493827162,1.0,1.0,1.0,0,0.0,4,1.0,1.0,1.0,0,0.0,4.0,0.0,False,,,,,,,,,1.0,DESCRIPTIVE_NO_INFERENCE
S04,S04,1129,1129,OK,shil.fixed_k.k08,shil,fixed_k,shil.final_ranker_score,8,1.0,0.8833333333333333,0.883300916921367,0.22477183507777,0.9711111111111111,0.5,1.0,0.6666666666666666,4,0.5,4,0.5,1.0,0.6666666666666666,4,0.5,8.0,0.0,False,,,,,,,,,0.3333333333333333,DESCRIPTIVE_NO_INFERENCE
S04,S04,1129,1129,OK,shil.fixed_k.k16,shil,fixed_k,shil.final_ranker_score,16,1.0,0.8777777777777778,0.8777777777777778,0.2386936069296223,0.965679012345679,0.25,1.0,0.4,12,0.75,4,0.25,1.0,0.4,12,0.75,16.0,0.0,False,,,,,,,,,0.15696649029982362,DESCRIPTIVE_NO_INFERENCE
S04,S04,1129,1129,OK,shil.validation_one_se,shil,validation_one_se,shil.final_ranker_score,4,1.0,0.8944444444444445,0.8944151153098083,0.2182908487816885,0.9727160493827162,1.0,1.0,1.0,0,0.0,4,1.0,1.0,1.0,0,0.0,,0.0,False,4.0,0.2860538213939109,0.0365673207945691,0.3226211421884801,,,,,1.0,DESCRIPTIVE_NO_INFERENCE
S04,S04,1129,1129,OK,shil.cpss_one_se,shil,cpss_one_se,shil.final_development_selection_frequency,4,1.0,0.8944444444444445,0.8944151153098083,0.2182908487816885,0.9727160493827162,1.0,1.0,1.0,0,0.0,4,1.0,1.0,1.0,0,0.0,,,False,,0.2860538213939109,0.0365673207945691,0.3226211421884801,4.0,0.8,4.0,4.0,1.0,DESCRIPTIVE_NO_INFERENCE
S04,S04,1129,1129,OK,l1.fixed_k.k01,l1,fixed_k,l1.final_ranker_score,1,1.0,0.6444444444444445,0.6444444444444445,0.6159808043001918,0.7179012345679012,1.0,0.25,0.4,0,0.0,1,1.0,0.25,0.4,0,0.0,1.0,0.0,False,,,,,,,,,0.7777777777777778,DESCRIPTIVE_NO_INFERENCE
S04,S04,1129,1129,OK,l1.fixed_k.k02,l1,fixed_k,l1.final_ranker_score,2,1.0,0.7388888888888889,0.738816337871631,0.5385128413277802,0.8101234567901234,1.0,0.5,0.6666666666666666,0,0.0,2,1.0,0.5,0.6666666666666666,0,0.0,2.0,0.0,False,,,,,,,,,0.48148148148148145,DESCRIPTIVE_NO_INFERENCE
S04,S04,1129,1129,OK,l1.fixed_k.k04,l1,fixed_k,l1.final_ranker_score,4,1.0,0.8944444444444445,0.8944151153098083,0.2182908487816885,0.9727160493827162,1.0,1.0,1.0,0,0.0,4,1.0,1.0,1.0,0,0.0,4.0,0.0,False,,,,,,,,,1.0,DESCRIPTIVE_NO_INFERENCE
S04,S04,1129,1129,OK,l1.fixed_k.k08,l1,fixed_k,l1.final_ranker_score,8,1.0,0.9055555555555556,0.9054826254826256,0.2365093587888903,0.9661728395061728,0.5,1.0,0.6666666666666666,4,0.5,4,0.5,1.0,0.6666666666666666,4,0.5,8.0,0.0,False,,,,,,,,,0.34680134680134683,DESCRIPTIVE_NO_INFERENCE
S04,S04,1129,1129,OK,l1.fixed_k.k16,l1,fixed_k,l1.final_ranker_score,16,1.0,0.8777777777777778,0.8776418242491657,0.2868242246652933,0.9520987654320988,0.25,1.0,0.4,12,0.75,4,0.25,1.0,0.4,12,0.75,16.0,0.0,False,,,,,,,,,0.15390946502057612,DESCRIPTIVE_NO_INFERENCE
S04,S04,1129,1129,OK,l1.validation_one_se,l1,validation_one_se,l1.final_ranker_score,4,1.0,0.8944444444444445,0.8944151153098083,0.2182908487816885,0.9727160493827162,1.0,1.0,1.0,0,0.0,4,1.0,1.0,1.0,0,0.0,,0.0,False,4.0,0.2860538213939109,0.0365673207945691,0.3126154815514068,,,,,1.0,DESCRIPTIVE_NO_INFERENCE
S04,S04,1129,1129,OK,l1.cpss_one_se,l1,cpss_one_se,l1.final_development_selection_frequency,4,1.0,0.8944444444444445,0.8944151153098083,0.2182908487816885,0.9727160493827162,1.0,1.0,1.0,0,0.0,4,1.0,1.0,1.0,0,0.0,,,False,,0.2860538213939109,0.0365673207945691,0.3226211421884801,4.0,0.9,4.0,4.0,1.0,DESCRIPTIVE_NO_INFERENCE
S04,S04,1151,1151,OK,shil.fixed_k.k01,shil,fixed_k,shil.final_ranker_score,1,1.0,0.6333333333333333,0.6311017264936033,0.6203013259248871,0.7054320987654321,1.0,0.25,0.4,0,0.0,1,1.0,0.25,0.4,0,0.0,1.0,0.0,False,,,,,,,,,0.7777777777777778,DESCRIPTIVE_NO_INFERENCE
S04,S04,1151,1151,OK,shil.fixed_k.k02,shil,fixed_k,shil.final_ranker_score,2,1.0,0.8,0.7996041563582384,0.4384577699931594,0.8758024691358025,1.0,0.5,0.6666666666666666,0,0.0,2,1.0,0.5,0.6666666666666666,0,0.0,2.0,0.0,False,,,,,,,,,0.8518518518518517,DESCRIPTIVE_NO_INFERENCE
S04,S04,1151,1151,OK,shil.fixed_k.k04,shil,fixed_k,shil.final_ranker_score,4,1.0,0.9277777777777778,0.927757710475132,0.2095658549243238,0.9751851851851852,1.0,1.0,1.0,0,0.0,4,1.0,1.0,1.0,0,0.0,4.0,0.0,False,,,,,,,,,1.0,DESCRIPTIVE_NO_INFERENCE
S04,S04,1151,1151,OK,shil.fixed_k.k08,shil,fixed_k,shil.final_ranker_score,8,1.0,0.9333333333333332,0.933300395256917,0.2060639987396189,0.9765432098765432,0.5,1.0,0.6666666666666666,4,0.5,4,0.5,1.0,0.6666666666666666,4,0.5,8.0,0.0,False,,,,,,,,,0.3333333333333333,DESCRIPTIVE_NO_INFERENCE
S04,S04,1151,1151,OK,shil.fixed_k.k16,shil,fixed_k,shil.final_ranker_score,16,1.0,0.9277777777777778,0.927757710475132,0.196698167333255,0.9777777777777776,0.25,1.0,0.4,12,0.75,4,0.25,1.0,0.4,12,0.75,16.0,0.0,False,,,,,,,,,0.15696649029982362,DESCRIPTIVE_NO_INFERENCE
S04,S04,1151,1151,OK,shil.validation_one_se,shil,validation_one_se,shil.final_ranker_score,4,1.0,0.9277777777777778,0.927757710475132,0.2095658549243238,0.9751851851851852,1.0,1.0,1.0,0,0.0,4,1.0,1.0,1.0,0,0.0,,0.0,False,4.0,0.2071273779253084,0.0241942544832183,0.2313216324085267,,,,,1.0,DESCRIPTIVE_NO_INFERENCE
S04,S04,1151,1151,OK,shil.cpss_one_se,shil,cpss_one_se,shil.final_development_selection_frequency,4,1.0,0.9277777777777778,0.927757710475132,0.2095658549243238,0.9751851851851852,1.0,1.0,1.0,0,0.0,4,1.0,1.0,1.0,0,0.0,,,False,,0.2071273779253084,0.0241942544832183,0.2313216324085267,4.0,0.9,4.0,4.0,1.0,DESCRIPTIVE_NO_INFERENCE
S04,S04,1151,1151,OK,l1.fixed_k.k01,l1,fixed_k,l1.final_ranker_score,1,1.0,0.6333333333333333,0.6311017264936033,0.6203013259248871,0.7054320987654321,1.0,0.25,0.4,0,0.0,1,1.0,0.25,0.4,0,0.0,1.0,0.0,False,,,,,,,,,0.7777777777777778,DESCRIPTIVE_NO_INFERENCE
S04,S04,1151,1151,OK,l1.fixed_k.k02,l1,fixed_k,l1.final_ranker_score,2,1.0,0.7277777777777777,0.7270955165692008,0.5097171891706949,0.8218518518518518,1.0,0.5,0.6666666666666666,0,0.0,2,1.0,0.5,0.6666666666666666,0,0.0,2.0,0.0,False,,,,,,,,,0.7037037037037037,DESCRIPTIVE_NO_INFERENCE
S04,S04,1151,1151,OK,l1.fixed_k.k04,l1,fixed_k,l1.final_ranker_score,4,1.0,0.9277777777777778,0.927757710475132,0.2095658549243238,0.9751851851851852,1.0,1.0,1.0,0,0.0,4,1.0,1.0,1.0,0,0.0,4.0,0.0,False,,,,,,,,,1.0,DESCRIPTIVE_NO_INFERENCE
S04,S04,1151,1151,OK,l1.fixed_k.k08,l1,fixed_k,l1.final_ranker_score,8,1.0,0.9,0.9,0.2199332957463844,0.971358024691358,0.5,1.0,0.6666666666666666,4,0.5,4,0.5,1.0,0.6666666666666666,4,0.5,8.0,0.0,False,,,,,,,,,0.34680134680134683,DESCRIPTIVE_NO_INFERENCE
S04,S04,1151,1151,OK,l1.fixed_k.k16,l1,fixed_k,l1.final_ranker_score,16,1.0,0.9222222222222224,0.9222126188418324,0.2132653382797294,0.97320987654321,0.25,1.0,0.4,12,0.75,4,0.25,1.0,0.4,12,0.75,16.0,0.0,False,,,,,,,,,0.15861258083480304,DESCRIPTIVE_NO_INFERENCE
S04,S04,1151,1151,OK,l1.validation_one_se,l1,validation_one_se,l1.final_ranker_score,4,1.0,0.9277777777777778,0.927757710475132,0.2095658549243238,0.9751851851851852,1.0,1.0,1.0,0,0.0,4,1.0,1.0,1.0,0,0.0,,0.0,False,4.0,0.2071273779253084,0.0241942544832183,0.2313216324085267,,,,,1.0,DESCRIPTIVE_NO_INFERENCE
S04,S04,1151,1151,OK,l1.cpss_one_se,l1,cpss_one_se,l1.final_development_selection_frequency,4,1.0,0.9277777777777778,0.927757710475132,0.2095658549243238,0.9751851851851852,1.0,1.0,1.0,0,0.0,4,1.0,1.0,1.0,0,0.0,,,False,,0.2071273779253084,0.0241942544832183,0.2313216324085267,4.0,0.9,4.0,4.0,1.0,DESCRIPTIVE_NO_INFERENCE
S04,S04,1171,1171,OK,shil.fixed_k.k01,shil,fixed_k,shil.final_ranker_score,1,1.0,0.6611111111111111,0.6608494208494209,0.5890828075796212,0.7451851851851853,1.0,0.25,0.4,0,0.0,1,1.0,0.25,0.4,0,0.0,1.0,0.0,False,,,,,,,,,0.7777777777777778,DESCRIPTIVE_NO_INFERENCE
S04,S04,1171,1171,OK,shil.fixed_k.k02,shil,fixed_k,shil.final_ranker_score,2,1.0,0.7277777777777777,0.7273654601094247,0.5041428440482393,0.8271604938271605,1.0,0.5,0.6666666666666666,0,0.0,2,1.0,0.5,0.6666666666666666,0,0.0,2.0,0.0,False,,,,,,,,,0.4074074074074074,DESCRIPTIVE_NO_INFERENCE
S04,S04,1171,1171,OK,shil.fixed_k.k04,shil,fixed_k,shil.final_ranker_score,4,1.0,0.9,0.9,0.2249514209306031,0.9698765432098766,1.0,1.0,1.0,0,0.0,4,1.0,1.0,1.0,0,0.0,4.0,0.0,False,,,,,,,,,1.0,DESCRIPTIVE_NO_INFERENCE
S04,S04,1171,1171,OK,shil.fixed_k.k08,shil,fixed_k,shil.final_ranker_score,8,1.0,0.8944444444444445,0.8944411864563722,0.2456008833537663,0.961604938271605,0.5,1.0,0.6666666666666666,4,0.5,4,0.5,1.0,0.6666666666666666,4,0.5,8.0,0.0,False,,,,,,,,,0.3333333333333333,DESCRIPTIVE_NO_INFERENCE
S04,S04,1171,1171,OK,shil.fixed_k.k16,shil,fixed_k,shil.final_ranker_score,16,1.0,0.8833333333333333,0.883329732399148,0.2561429654228457,0.9571604938271604,0.25,1.0,0.4,12,0.75,4,0.25,1.0,0.4,12,0.75,16.0,0.0,False,,,,,,,,,0.15226337448559668,DESCRIPTIVE_NO_INFERENCE
S04,S04,1171,1171,OK,shil.validation_one_se,shil,validation_one_se,shil.final_ranker_score,4,1.0,0.9,0.9,0.2249514209306031,0.9698765432098766,1.0,1.0,1.0,0,0.0,4,1.0,1.0,1.0,0,0.0,,0.0,False,4.0,0.2379976060431438,0.0299968759627693,0.2672085395887941,,,,,1.0,DESCRIPTIVE_NO_INFERENCE
S04,S04,1171,1171,OK,shil.cpss_one_se,shil,cpss_one_se,shil.final_development_selection_frequency,4,1.0,0.9,0.9,0.2249514209306031,0.9698765432098766,1.0,1.0,1.0,0,0.0,4,1.0,1.0,1.0,0,0.0,,,False,,0.2379976060431438,0.0299968759627693,0.2679944820059131,4.0,0.8,4.0,4.0,1.0,DESCRIPTIVE_NO_INFERENCE
S04,S04,1171,1171,OK,l1.fixed_k.k01,l1,fixed_k,l1.final_ranker_score,1,1.0,0.6611111111111111,0.6608494208494209,0.5890828075796212,0.7451851851851853,1.0,0.25,0.4,0,0.0,1,1.0,0.25,0.4,0,0.0,1.0,0.0,False,,,,,,,,,0.7777777777777778,DESCRIPTIVE_NO_INFERENCE
S04,S04,1171,1171,OK,l1.fixed_k.k02,l1,fixed_k,l1.final_ranker_score,2,1.0,0.7444444444444445,0.7441601779755284,0.5085440130658634,0.8280246913580248,1.0,0.5,0.6666666666666666,0,0.0,2,1.0,0.5,0.6666666666666666,0,0.0,2.0,0.0,False,,,,,,,,,0.48148148148148145,DESCRIPTIVE_NO_INFERENCE
S04,S04,1171,1171,OK,l1.fixed_k.k04,l1,fixed_k,l1.final_ranker_score,4,1.0,0.9,0.9,0.2249514209306031,0.9698765432098766,1.0,1.0,1.0,0,0.0,4,1.0,1.0,1.0,0,0.0,4.0,0.0,False,,,,,,,,,1.0,DESCRIPTIVE_NO_INFERENCE
S04,S04,1171,1171,OK,l1.fixed_k.k08,l1,fixed_k,l1.final_ranker_score,8,1.0,0.9,0.9,0.2305841270124295,0.9676543209876542,0.5,1.0,0.6666666666666666,4,0.5,4,0.5,1.0,0.6666666666666666,4,0.5,8.0,0.0,False,,,,,,,,,0.3333333333333333,DESCRIPTIVE_NO_INFERENCE
S04,S04,1171,1171,OK,l1.fixed_k.k16,l1,fixed_k,l1.final_ranker_score,8,1.0,0.9,0.9,0.2305841270124295,0.9676543209876542,0.5,1.0,0.6666666666666666,4,0.5,4,0.5,1.0,0.6666666666666666,4,0.5,16.0,8.0,False,,,,,,,,,0.20701754385964913,DESCRIPTIVE_NO_INFERENCE
S04,S04,1171,1171,OK,l1.validation_one_se,l1,validation_one_se,l1.final_ranker_score,4,1.0,0.9,0.9,0.2249514209306031,0.9698765432098766,1.0,1.0,1.0,0,0.0,4,1.0,1.0,1.0,0,0.0,,0.0,False,4.0,0.2379976060431438,0.0299968759627693,0.2679944820059131,,,,,1.0,DESCRIPTIVE_NO_INFERENCE
S04,S04,1171,1171,OK,l1.cpss_one_se,l1,cpss_one_se,l1.final_development_selection_frequency,4,1.0,0.9,0.9,0.2249514209306031,0.9698765432098766,1.0,1.0,1.0,0,0.0,4,1.0,1.0,1.0,0,0.0,,,False,,0.2379976060431438,0.0299968759627693,0.2679944820059131,4.0,0.9,4.0,4.0,1.0,DESCRIPTIVE_NO_INFERENCE
S04,S04,1181,1181,OK,shil.fixed_k.k01,shil,fixed_k,shil.final_ranker_score,1,1.0,0.6666666666666666,0.666501976284585,0.6003804969437426,0.7346913580246914,1.0,0.25,0.4,0,0.0,1,1.0,0.25,0.4,0,0.0,1.0,0.0,False,,,,,,,,,0.7777777777777778,DESCRIPTIVE_NO_INFERENCE
S04,S04,1181,1181,OK,shil.fixed_k.k02,shil,fixed_k,shil.final_ranker_score,2,1.0,0.7777777777777778,0.7777503395480924,0.4686526860453879,0.8554320987654321,1.0,0.5,0.6666666666666666,0,0.0,2,1.0,0.5,0.6666666666666666,0,0.0,2.0,0.0,False,,,,,,,,,0.8518518518518517,DESCRIPTIVE_NO_INFERENCE
S04,S04,1181,1181,OK,shil.fixed_k.k04,shil,fixed_k,shil.final_ranker_score,4,1.0,0.9055555555555556,0.9055293136982496,0.2243808325399469,0.9691358024691356,1.0,1.0,1.0,0,0.0,4,1.0,1.0,1.0,0,0.0,4.0,0.0,False,,,,,,,,,1.0,DESCRIPTIVE_NO_INFERENCE
S04,S04,1181,1181,OK,shil.fixed_k.k08,shil,fixed_k,shil.final_ranker_score,8,1.0,0.8777777777777778,0.8777626867514507,0.2337579014325483,0.965925925925926,0.5,1.0,0.6666666666666666,4,0.5,4,0.5,1.0,0.6666666666666666,4,0.5,8.0,0.0,False,,,,,,,,,0.3333333333333333,DESCRIPTIVE_NO_INFERENCE
S04,S04,1181,1181,OK,shil.fixed_k.k16,shil,fixed_k,shil.final_ranker_score,16,1.0,0.8833333333333333,0.883329732399148,0.2372671472110231,0.9641975308641976,0.25,1.0,0.4,12,0.75,4,0.25,1.0,0.4,12,0.75,16.0,0.0,False,,,,,,,,,0.14756025867136977,DESCRIPTIVE_NO_INFERENCE
S04,S04,1181,1181,OK,shil.validation_one_se,shil,validation_one_se,shil.final_ranker_score,4,1.0,0.9055555555555556,0.9055293136982496,0.2243808325399469,0.9691358024691356,1.0,1.0,1.0,0,0.0,4,1.0,1.0,1.0,0,0.0,,0.0,False,4.0,0.234531980110917,0.0387537066610436,0.2732856867719607,,,,,1.0,DESCRIPTIVE_NO_INFERENCE
S04,S04,1181,1181,OK,shil.cpss_one_se,shil,cpss_one_se,shil.final_development_selection_frequency,4,1.0,0.9055555555555556,0.9055293136982496,0.2243808325399469,0.9691358024691356,1.0,1.0,1.0,0,0.0,4,1.0,1.0,1.0,0,0.0,,,False,,0.234531980110917,0.0387537066610436,0.2732856867719607,4.0,0.7,4.0,4.0,1.0,DESCRIPTIVE_NO_INFERENCE
S04,S04,1181,1181,OK,l1.fixed_k.k01,l1,fixed_k,l1.final_ranker_score,1,1.0,0.6666666666666666,0.666501976284585,0.6003804969437426,0.7346913580246914,1.0,0.25,0.4,0,0.0,1,1.0,0.25,0.4,0,0.0,1.0,0.0,False,,,,,,,,,0.7777777777777778,DESCRIPTIVE_NO_INFERENCE
S04,S04,1181,1181,OK,l1.fixed_k.k02,l1,fixed_k,l1.final_ranker_score,2,1.0,0.7777777777777778,0.7777503395480924,0.4686526860453879,0.8554320987654321,1.0,0.5,0.6666666666666666,0,0.0,2,1.0,0.5,0.6666666666666666,0,0.0,2.0,0.0,False,,,,,,,,,0.48148148148148145,DESCRIPTIVE_NO_INFERENCE
S04,S04,1181,1181,OK,l1.fixed_k.k04,l1,fixed_k,l1.final_ranker_score,4,1.0,0.9055555555555556,0.9055293136982496,0.2243808325399469,0.9691358024691356,1.0,1.0,1.0,0,0.0,4,1.0,1.0,1.0,0,0.0,4.0,0.0,False,,,,,,,,,1.0,DESCRIPTIVE_NO_INFERENCE
S04,S04,1181,1181,OK,l1.fixed_k.k08,l1,fixed_k,l1.final_ranker_score,8,1.0,0.8722222222222222,0.8722182783419241,0.2595064172706405,0.9566666666666668,0.5,1.0,0.6666666666666666,4,0.5,4,0.5,1.0,0.6666666666666666,4,0.5,8.0,0.0,False,,,,,,,,,0.3333333333333333,DESCRIPTIVE_NO_INFERENCE
S04,S04,1181,1181,OK,l1.fixed_k.k16,l1,fixed_k,l1.final_ranker_score,16,1.0,0.8444444444444444,0.8444444444444444,0.3345490278215725,0.9379012345679012,0.25,1.0,0.4,12,0.75,4,0.25,1.0,0.4,12,0.75,16.0,0.0,False,,,,,,,,,0.16331569664902998,DESCRIPTIVE_NO_INFERENCE
S04,S04,1181,1181,OK,l1.validation_one_se,l1,validation_one_se,l1.final_ranker_score,4,1.0,0.9055555555555556,0.9055293136982496,0.2243808325399469,0.9691358024691356,1.0,1.0,1.0,0,0.0,4,1.0,1.0,1.0,0,0.0,,0.0,False,4.0,0.234531980110917,0.0387537066610436,0.2732856867719607,,,,,1.0,DESCRIPTIVE_NO_INFERENCE
S04,S04,1181,1181,OK,l1.cpss_one_se,l1,cpss_one_se,l1.final_development_selection_frequency,4,1.0,0.9055555555555556,0.9055293136982496,0.2243808325399469,0.9691358024691356,1.0,1.0,1.0,0,0.0,4,1.0,1.0,1.0,0,0.0,,,False,,0.234531980110917,0.0387537066610436,0.2732856867719607,4.0,0.9,4.0,4.0,1.0,DESCRIPTIVE_NO_INFERENCE
S04,S04,1201,1201,OK,shil.fixed_k.k01,shil,fixed_k,shil.final_ranker_score,1,1.0,0.6055555555555555,0.6040769540568172,0.6013682846213313,0.7112345679012345,1.0,0.25,0.4,0,0.0,1,1.0,0.25,0.4,0,0.0,1.0,0.0,False,,,,,,,,,0.7777777777777778,DESCRIPTIVE_NO_INFERENCE
S04,S04,1201,1201,OK,shil.fixed_k.k02,shil,fixed_k,shil.final_ranker_score,2,1.0,0.7333333333333333,0.7325077399380805,0.4945874526461902,0.8320987654320988,1.0,0.5,0.6666666666666666,0,0.0,2,1.0,0.5,0.6666666666666666,0,0.0,2.0,0.0,False,,,,,,,,,0.8518518518518517,DESCRIPTIVE_NO_INFERENCE
S04,S04,1201,1201,OK,shil.fixed_k.k04,shil,fixed_k,shil.final_ranker_score,4,1.0,0.8944444444444445,0.8944411864563722,0.2392279932239612,0.9653086419753087,1.0,1.0,1.0,0,0.0,4,1.0,1.0,1.0,0,0.0,4.0,0.0,False,,,,,,,,,1.0,DESCRIPTIVE_NO_INFERENCE
S04,S04,1201,1201,OK,shil.fixed_k.k08,shil,fixed_k,shil.final_ranker_score,8,1.0,0.8666666666666667,0.8666502037288555,0.2688194289673601,0.9537037037037036,0.5,1.0,0.6666666666666666,4,0.5,4,0.5,1.0,0.6666666666666666,4,0.5,8.0,0.0,False,,,,,,,,,0.3333333333333333,DESCRIPTIVE_NO_INFERENCE
S04,S04,1201,1201,OK,shil.fixed_k.k16,shil,fixed_k,shil.final_ranker_score,16,1.0,0.8555555555555555,0.8555555555555555,0.3006826898587232,0.944074074074074,0.25,1.0,0.4,12,0.75,4,0.25,1.0,0.4,12,0.75,16.0,0.0,False,,,,,,,,,0.14285714285714285,DESCRIPTIVE_NO_INFERENCE
S04,S04,1201,1201,OK,shil.validation_one_se,shil,validation_one_se,shil.final_ranker_score,4,1.0,0.8944444444444445,0.8944411864563722,0.2392279932239612,0.9653086419753087,1.0,1.0,1.0,0,0.0,4,1.0,1.0,1.0,0,0.0,,0.0,False,4.0,0.2366540710469261,0.0308632740061722,0.2675173450530983,,,,,1.0,DESCRIPTIVE_NO_INFERENCE
S04,S04,1201,1201,OK,shil.cpss_one_se,shil,cpss_one_se,shil.final_development_selection_frequency,4,1.0,0.8944444444444445,0.8944411864563722,0.2392279932239612,0.9653086419753087,1.0,1.0,1.0,0,0.0,4,1.0,1.0,1.0,0,0.0,,,False,,0.2366540710469261,0.0308632740061722,0.2675173450530983,4.0,0.7,4.0,4.0,1.0,DESCRIPTIVE_NO_INFERENCE
S04,S04,1201,1201,OK,l1.fixed_k.k01,l1,fixed_k,l1.final_ranker_score,1,1.0,0.6055555555555555,0.6040769540568172,0.6013682846213313,0.7112345679012345,1.0,0.25,0.4,0,0.0,1,1.0,0.25,0.4,0,0.0,1.0,0.0,False,,,,,,,,,0.7777777777777778,DESCRIPTIVE_NO_INFERENCE
S04,S04,1201,1201,OK,l1.fixed_k.k02,l1,fixed_k,l1.final_ranker_score,2,1.0,0.6888888888888889,0.6888504753673292,0.5041998182649743,0.8129629629629629,1.0,0.5,0.6666666666666666,0,0.0,2,1.0,0.5,0.6666666666666666,0,0.0,2.0,0.0,False,,,,,,,,,0.7037037037037037,DESCRIPTIVE_NO_INFERENCE
S04,S04,1201,1201,OK,l1.fixed_k.k04,l1,fixed_k,l1.final_ranker_score,4,1.0,0.8944444444444445,0.8944411864563722,0.2392279932239612,0.9653086419753087,1.0,1.0,1.0,0,0.0,4,1.0,1.0,1.0,0,0.0,4.0,0.0,False,,,,,,,,,1.0,DESCRIPTIVE_NO_INFERENCE
S04,S04,1201,1201,OK,l1.fixed_k.k08,l1,fixed_k,l1.final_ranker_score,8,1.0,0.8666666666666667,0.8666502037288555,0.2756458470687026,0.9519753086419752,0.5,1.0,0.6666666666666666,4,0.5,4,0.5,1.0,0.6666666666666666,4,0.5,8.0,0.0,False,,,,,,,,,0.3333333333333333,DESCRIPTIVE_NO_INFERENCE
S04,S04,1201,1201,OK,l1.fixed_k.k16,l1,fixed_k,l1.final_ranker_score,16,1.0,0.8777777777777778,0.8777777777777778,0.2991547046515161,0.945432098765432,0.25,1.0,0.4,12,0.75,4,0.25,1.0,0.4,12,0.75,16.0,0.0,False,,,,,,,,,0.17814860037082259,DESCRIPTIVE_NO_INFERENCE
S04,S04,1201,1201,OK,l1.validation_one_se,l1,validation_one_se,l1.final_ranker_score,4,1.0,0.8944444444444445,0.8944411864563722,0.2392279932239612,0.9653086419753087,1.0,1.0,1.0,0,0.0,4,1.0,1.0,1.0,0,0.0,,0.0,False,4.0,0.2366540710469261,0.0308632740061722,0.2675173450530983,,,,,1.0,DESCRIPTIVE_NO_INFERENCE
S04,S04,1201,1201,OK,l1.cpss_one_se,l1,cpss_one_se,l1.final_development_selection_frequency,4,1.0,0.8944444444444445,0.8944411864563722,0.2392279932239612,0.9653086419753087,1.0,1.0,1.0,0,0.0,4,1.0,1.0,1.0,0,0.0,,,False,,0.2366540710469261,0.0308632740061722,0.2675173450530983,4.0,0.9,4.0,4.0,1.0,DESCRIPTIVE_NO_INFERENCE
S04,S04,1213,1213,OK,shil.fixed_k.k01,shil,fixed_k,shil.final_ranker_score,1,1.0,0.6388888888888888,0.63878855237566,0.6357352004684544,0.7069135802469135,1.0,0.25,0.4,0,0.0,1,1.0,0.25,0.4,0,0.0,1.0,0.0,False,,,,,,,,,0.7777777777777778,DESCRIPTIVE_NO_INFERENCE
S04,S04,1213,1213,OK,shil.fixed_k.k02,shil,fixed_k,shil.final_ranker_score,2,1.0,0.7333333333333333,0.7333004074577109,0.5396178656924917,0.8137037037037037,1.0,0.5,0.6666666666666666,0,0.0,2,1.0,0.5,0.6666666666666666,0,0.0,2.0,0.0,False,,,,,,,,,0.8518518518518517,DESCRIPTIVE_NO_INFERENCE
S04,S04,1213,1213,OK,shil.fixed_k.k04,shil,fixed_k,shil.final_ranker_score,4,1.0,0.85,0.8499953702274762,0.2912855437347755,0.9434567901234568,1.0,1.0,1.0,0,0.0,4,1.0,1.0,1.0,0,0.0,4.0,0.0,False,,,,,,,,,1.0,DESCRIPTIVE_NO_INFERENCE
S04,S04,1213,1213,OK,shil.fixed_k.k08,shil,fixed_k,shil.final_ranker_score,8,1.0,0.8444444444444444,0.8444444444444444,0.3102826352297466,0.9350617283950616,0.5,1.0,0.6666666666666666,4,0.5,4,0.5,1.0,0.6666666666666666,4,0.5,8.0,0.0,False,,,,,,,,,0.3333333333333333,DESCRIPTIVE_NO_INFERENCE
S04,S04,1213,1213,OK,shil.fixed_k.k16,shil,fixed_k,shil.final_ranker_score,16,1.0,0.8222222222222222,0.8222002716384739,0.319038201539616,0.9319753086419752,0.25,1.0,0.4,12,0.75,4,0.25,1.0,0.4,12,0.75,16.0,0.0,False,,,,,,,,,0.14756025867136977,DESCRIPTIVE_NO_INFERENCE
S04,S04,1213,1213,OK,shil.validation_one_se,shil,validation_one_se,shil.final_ranker_score,4,1.0,0.85,0.8499953702274762,0.2912855437347755,0.9434567901234568,1.0,1.0,1.0,0,0.0,4,1.0,1.0,1.0,0,0.0,,0.0,False,4.0,0.2755749976560968,0.0459083181491641,0.3214833158052609,,,,,1.0,DESCRIPTIVE_NO_INFERENCE
S04,S04,1213,1213,OK,shil.cpss_one_se,shil,cpss_one_se,shil.final_development_selection_frequency,4,1.0,0.85,0.8499953702274762,0.2912855437347755,0.9434567901234568,1.0,1.0,1.0,0,0.0,4,1.0,1.0,1.0,0,0.0,,,False,,0.2755749976560967,0.0459083181491641,0.3214833158052609,4.0,0.9,4.0,4.0,1.0,DESCRIPTIVE_NO_INFERENCE
S04,S04,1213,1213,OK,l1.fixed_k.k01,l1,fixed_k,l1.final_ranker_score,1,1.0,0.6388888888888888,0.63878855237566,0.6357352004684544,0.7069135802469135,1.0,0.25,0.4,0,0.0,1,1.0,0.25,0.4,0,0.0,1.0,0.0,False,,,,,,,,,0.7777777777777778,DESCRIPTIVE_NO_INFERENCE
S04,S04,1213,1213,OK,l1.fixed_k.k02,l1,fixed_k,l1.final_ranker_score,2,1.0,0.7055555555555556,0.7051095793020308,0.565581219073686,0.7727160493827161,1.0,0.5,0.6666666666666666,0,0.0,2,1.0,0.5,0.6666666666666666,0,0.0,2.0,0.0,False,,,,,,,,,0.7037037037037037,DESCRIPTIVE_NO_INFERENCE
S04,S04,1213,1213,OK,l1.fixed_k.k04,l1,fixed_k,l1.final_ranker_score,4,1.0,0.85,0.8499953702274762,0.2912855437347755,0.9434567901234568,1.0,1.0,1.0,0,0.0,4,1.0,1.0,1.0,0,0.0,4.0,0.0,False,,,,,,,,,1.0,DESCRIPTIVE_NO_INFERENCE
S04,S04,1213,1213,OK,l1.fixed_k.k08,l1,fixed_k,l1.final_ranker_score,8,1.0,0.8277777777777777,0.8277724621130282,0.3049254533977623,0.9388888888888888,0.5,1.0,0.6666666666666666,4,0.5,4,0.5,1.0,0.6666666666666666,4,0.5,8.0,0.0,False,,,,,,,,,0.34680134680134683,DESCRIPTIVE_NO_INFERENCE
S04,S04,1213,1213,OK,l1.fixed_k.k16,l1,fixed_k,l1.final_ranker_score,16,1.0,0.8111111111111111,0.8111111111111111,0.3950766032029419,0.902962962962963,0.25,1.0,0.4,12,0.75,4,0.25,1.0,0.4,12,0.75,16.0,0.0,False,,,,,,,,,0.17851037851037851,DESCRIPTIVE_NO_INFERENCE
S04,S04,1213,1213,OK,l1.validation_one_se,l1,validation_one_se,l1.final_ranker_score,4,1.0,0.85,0.8499953702274762,0.2912855437347755,0.9434567901234568,1.0,1.0,1.0,0,0.0,4,1.0,1.0,1.0,0,0.0,,0.0,False,4.0,0.2755749976560967,0.0459083181491641,0.3214833158052609,,,,,1.0,DESCRIPTIVE_NO_INFERENCE
S04,S04,1213,1213,OK,l1.cpss_one_se,l1,cpss_one_se,l1.final_development_selection_frequency,4,1.0,0.85,0.8499953702274762,0.2912855437347755,0.9434567901234568,1.0,1.0,1.0,0,0.0,4,1.0,1.0,1.0,0,0.0,,,False,,0.2755749976560967,0.0459083181491641,0.3214833158052609,4.0,0.9,4.0,4.0,1.0,DESCRIPTIVE_NO_INFERENCE
S04,S04,1231,1231,OK,shil.fixed_k.k01,shil,fixed_k,shil.final_ranker_score,1,1.0,0.6388888888888888,0.6348200630481601,0.6340065367554826,0.6803703703703704,1.0,0.25,0.4,0,0.0,1,1.0,0.25,0.4,0,0.0,1.0,0.0,False,,,,,,,,,0.1111111111111111,DESCRIPTIVE_NO_INFERENCE
S04,S04,1231,1231,OK,shil.fixed_k.k02,shil,fixed_k,shil.final_ranker_score,2,1.0,0.7166666666666667,0.7159565580618212,0.5466578629288025,0.7951851851851852,1.0,0.5,0.6666666666666666,0,0.0,2,1.0,0.5,0.6666666666666666,0,0.0,2.0,0.0,False,,,,,,,,,0.8518518518518517,DESCRIPTIVE_NO_INFERENCE
S04,S04,1231,1231,OK,shil.fixed_k.k04,shil,fixed_k,shil.final_ranker_score,4,1.0,0.8944444444444445,0.8942845661648791,0.2325995869688448,0.9674074074074074,1.0,1.0,1.0,0,0.0,4,1.0,1.0,1.0,0,0.0,4.0,0.0,False,,,,,,,,,1.0,DESCRIPTIVE_NO_INFERENCE
S04,S04,1231,1231,OK,shil.fixed_k.k08,shil,fixed_k,shil.final_ranker_score,8,1.0,0.8944444444444445,0.8943629343629345,0.233969858652591,0.9680246913580248,0.5,1.0,0.6666666666666666,4,0.5,4,0.5,1.0,0.6666666666666666,4,0.5,8.0,0.0,False,,,,,,,,,0.3333333333333333,DESCRIPTIVE_NO_INFERENCE
S04,S04,1231,1231,OK,shil.fixed_k.k16,shil,fixed_k,shil.final_ranker_score,16,1.0,0.9055555555555556,0.905412506568576,0.2175230069903656,0.974567901234568,0.25,1.0,0.4,12,0.75,4,0.25,1.0,0.4,12,0.75,16.0,0.0,False,,,,,,,,,0.14285714285714285,DESCRIPTIVE_NO_INFERENCE
S04,S04,1231,1231,OK,shil.validation_one_se,shil,validation_one_se,shil.final_ranker_score,4,1.0,0.8944444444444445,0.8942845661648791,0.2325995869688448,0.9674074074074074,1.0,1.0,1.0,0,0.0,4,1.0,1.0,1.0,0,0.0,,0.0,False,4.0,0.2739601342196456,0.0369042209436048,0.3108643551632505,,,,,1.0,DESCRIPTIVE_NO_INFERENCE
S04,S04,1231,1231,OK,shil.cpss_one_se,shil,cpss_one_se,shil.final_development_selection_frequency,4,1.0,0.8944444444444445,0.8942845661648791,0.2325995869688448,0.9674074074074074,1.0,1.0,1.0,0,0.0,4,1.0,1.0,1.0,0,0.0,,,False,,0.2739601342196455,0.0369042209436048,0.3108643551632504,4.0,0.8,4.0,4.0,1.0,DESCRIPTIVE_NO_INFERENCE
S04,S04,1231,1231,OK,l1.fixed_k.k01,l1,fixed_k,l1.final_ranker_score,1,1.0,0.5611111111111111,0.5607722007722008,0.6822462003782537,0.6355555555555555,1.0,0.25,0.4,0,0.0,1,1.0,0.25,0.4,0,0.0,1.0,0.0,False,,,,,,,,,0.1111111111111111,DESCRIPTIVE_NO_INFERENCE
S04,S04,1231,1231,OK,l1.fixed_k.k02,l1,fixed_k,l1.final_ranker_score,2,1.0,0.7111111111111111,0.71107544141252,0.5459364583772219,0.7980246913580247,1.0,0.5,0.6666666666666666,0,0.0,2,1.0,0.5,0.6666666666666666,0,0.0,2.0,0.0,False,,,,,,,,,0.7037037037037037,DESCRIPTIVE_NO_INFERENCE
S04,S04,1231,1231,OK,l1.fixed_k.k04,l1,fixed_k,l1.final_ranker_score,4,1.0,0.8944444444444445,0.8942845661648791,0.2325995869688448,0.9674074074074074,1.0,1.0,1.0,0,0.0,4,1.0,1.0,1.0,0,0.0,4.0,0.0,False,,,,,,,,,1.0,DESCRIPTIVE_NO_INFERENCE
S04,S04,1231,1231,OK,l1.fixed_k.k08,l1,fixed_k,l1.final_ranker_score,8,1.0,0.8777777777777778,0.8777173913043479,0.2520671118261543,0.9616049382716048,0.5,1.0,0.6666666666666666,4,0.5,4,0.5,1.0,0.6666666666666666,4,0.5,8.0,0.0,False,,,,,,,,,0.34680134680134683,DESCRIPTIVE_NO_INFERENCE
S04,S04,1231,1231,OK,l1.fixed_k.k16,l1,fixed_k,l1.final_ranker_score,16,1.0,0.85,0.8499953702274762,0.2595477933156824,0.9576543209876544,0.25,1.0,0.4,12,0.75,4,0.25,1.0,0.4,12,0.75,16.0,0.0,False,,,,,,,,,0.16331569664902998,DESCRIPTIVE_NO_INFERENCE
S04,S04,1231,1231,OK,l1.validation_one_se,l1,validation_one_se,l1.final_ranker_score,4,1.0,0.8944444444444445,0.8942845661648791,0.2325995869688448,0.9674074074074074,1.0,1.0,1.0,0,0.0,4,1.0,1.0,1.0,0,0.0,,0.0,False,4.0,0.2739601342196455,0.0369042209436048,0.3108643551632504,,,,,1.0,DESCRIPTIVE_NO_INFERENCE
S04,S04,1231,1231,OK,l1.cpss_one_se,l1,cpss_one_se,l1.final_development_selection_frequency,4,1.0,0.8944444444444445,0.8942845661648791,0.2325995869688448,0.9674074074074074,1.0,1.0,1.0,0,0.0,4,1.0,1.0,1.0,0,0.0,,,False,,0.2739601342196455,0.0369042209436048,0.3108643551632504,4.0,0.9,4.0,4.0,1.0,DESCRIPTIVE_NO_INFERENCE
S04,S04,1249,1249,OK,shil.fixed_k.k01,shil,fixed_k,shil.final_ranker_score,1,1.0,0.6555555555555556,0.6540178571428572,0.6020136422516355,0.7134567901234566,1.0,0.25,0.4,0,0.0,1,1.0,0.25,0.4,0,0.0,1.0,0.0,False,,,,,,,,,0.1111111111111111,DESCRIPTIVE_NO_INFERENCE
S04,S04,1249,1249,OK,shil.fixed_k.k02,shil,fixed_k,shil.final_ranker_score,2,1.0,0.7722222222222223,0.7718772217242125,0.5227383089977793,0.8207407407407408,1.0,0.5,0.6666666666666666,0,0.0,2,1.0,0.5,0.6666666666666666,0,0.0,2.0,0.0,False,,,,,,,,,0.8518518518518517,DESCRIPTIVE_NO_INFERENCE
S04,S04,1249,1249,OK,shil.fixed_k.k04,shil,fixed_k,shil.final_ranker_score,4,1.0,0.8611111111111112,0.8610038610038611,0.3090330305044373,0.9380246913580248,1.0,1.0,1.0,0,0.0,4,1.0,1.0,1.0,0,0.0,4.0,0.0,False,,,,,,,,,1.0,DESCRIPTIVE_NO_INFERENCE
S04,S04,1249,1249,OK,shil.fixed_k.k08,shil,fixed_k,shil.final_ranker_score,8,1.0,0.85,0.8498841698841699,0.3164943441050409,0.9338271604938272,0.5,1.0,0.6666666666666666,4,0.5,4,0.5,1.0,0.6666666666666666,4,0.5,8.0,0.0,False,,,,,,,,,0.3333333333333333,DESCRIPTIVE_NO_INFERENCE
S04,S04,1249,1249,OK,shil.fixed_k.k16,shil,fixed_k,shil.final_ranker_score,16,1.0,0.8444444444444444,0.8442714126807565,0.35173778323756,0.9188888888888888,0.25,1.0,0.4,12,0.75,4,0.25,1.0,0.4,12,0.75,16.0,0.0,False,,,,,,,,,0.15696649029982362,DESCRIPTIVE_NO_INFERENCE
S04,S04,1249,1249,OK,shil.validation_one_se,shil,validation_one_se,shil.final_ranker_score,4,1.0,0.8611111111111112,0.8610038610038611,0.3090330305044373,0.9380246913580248,1.0,1.0,1.0,0,0.0,4,1.0,1.0,1.0,0,0.0,,0.0,False,4.0,0.2949794576309907,0.0342936103551649,0.3292730679861557,,,,,1.0,DESCRIPTIVE_NO_INFERENCE
S04,S04,1249,1249,OK,shil.cpss_one_se,shil,cpss_one_se,shil.final_development_selection_frequency,4,1.0,0.8611111111111112,0.8610038610038611,0.3090330305044373,0.9380246913580248,1.0,1.0,1.0,0,0.0,4,1.0,1.0,1.0,0,0.0,,,False,,0.2949794576309907,0.0342936103551649,0.3292730679861557,4.0,0.9,4.0,4.0,1.0,DESCRIPTIVE_NO_INFERENCE
S04,S04,1249,1249,OK,l1.fixed_k.k01,l1,fixed_k,l1.final_ranker_score,1,1.0,0.6555555555555556,0.6555130262995432,0.6258321448198463,0.7065432098765433,1.0,0.25,0.4,0,0.0,1,1.0,0.25,0.4,0,0.0,1.0,0.0,False,,,,,,,,,0.7777777777777778,DESCRIPTIVE_NO_INFERENCE
S04,S04,1249,1249,OK,l1.fixed_k.k02,l1,fixed_k,l1.final_ranker_score,2,1.0,0.7166666666666667,0.7162375197057278,0.5622392742761952,0.7851851851851853,1.0,0.5,0.6666666666666666,0,0.0,2,1.0,0.5,0.6666666666666666,0,0.0,2.0,0.0,False,,,,,,,,,0.3333333333333333,DESCRIPTIVE_NO_INFERENCE
S04,S04,1249,1249,OK,l1.fixed_k.k04,l1,fixed_k,l1.final_ranker_score,4,1.0,0.8611111111111112,0.8610038610038611,0.3090330305044373,0.9380246913580248,1.0,1.0,1.0,0,0.0,4,1.0,1.0,1.0,0,0.0,4.0,0.0,False,,,,,,,,,1.0,DESCRIPTIVE_NO_INFERENCE
S04,S04,1249,1249,OK,l1.fixed_k.k08,l1,fixed_k,l1.final_ranker_score,8,1.0,0.8444444444444444,0.8443675889328064,0.3164930103639335,0.9341975308641975,0.5,1.0,0.6666666666666666,4,0.5,4,0.5,1.0,0.6666666666666666,4,0.5,8.0,0.0,False,,,,,,,,,0.34680134680134683,DESCRIPTIVE_NO_INFERENCE
S04,S04,1249,1249,OK,l1.fixed_k.k16,l1,fixed_k,l1.final_ranker_score,16,1.0,0.8611111111111112,0.8611068242847002,0.3127550692223451,0.9437037037037036,0.25,1.0,0.4,12,0.75,4,0.25,1.0,0.4,12,0.75,16.0,0.0,False,,,,,,,,,0.17308370641703974,DESCRIPTIVE_NO_INFERENCE
S04,S04,1249,1249,OK,l1.validation_one_se,l1,validation_one_se,l1.final_ranker_score,4,1.0,0.8611111111111112,0.8610038610038611,0.3090330305044373,0.9380246913580248,1.0,1.0,1.0,0,0.0,4,1.0,1.0,1.0,0,0.0,,0.0,False,4.0,0.2949794576309907,0.0342936103551649,0.3292730679861557,,,,,1.0,DESCRIPTIVE_NO_INFERENCE
S04,S04,1249,1249,OK,l1.cpss_one_se,l1,cpss_one_se,l1.final_development_selection_frequency,4,1.0,0.8611111111111112,0.8610038610038611,0.3090330305044373,0.9380246913580248,1.0,1.0,1.0,0,0.0,4,1.0,1.0,1.0,0,0.0,,,False,,0.2949794576309907,0.0342936103551649,0.3292730679861557,4.0,0.9,4.0,4.0,1.0,DESCRIPTIVE_NO_INFERENCE
S04,S04,1277,1277,OK,shil.fixed_k.k01,shil,fixed_k,shil.final_ranker_score,1,1.0,0.6944444444444444,0.6936786410470621,0.5684292538359653,0.7617283950617284,1.0,0.25,0.4,0,0.0,1,1.0,0.25,0.4,0,0.0,1.0,0.0,False,,,,,,,,,0.7777777777777778,DESCRIPTIVE_NO_INFERENCE
S04,S04,1277,1277,OK,shil.fixed_k.k02,shil,fixed_k,shil.final_ranker_score,2,1.0,0.8166666666666667,0.8157053768111445,0.4576094231827353,0.8666666666666666,1.0,0.5,0.6666666666666666,0,0.0,2,1.0,0.5,0.6666666666666666,0,0.0,2.0,0.0,False,,,,,,,,,0.8518518518518517,DESCRIPTIVE_NO_INFERENCE
S04,S04,1277,1277,OK,shil.fixed_k.k04,shil,fixed_k,shil.final_ranker_score,4,1.0,0.9166666666666666,0.9166023166023166,0.1980584937777142,0.9811111111111112,1.0,1.0,1.0,0,0.0,4,1.0,1.0,1.0,0,0.0,4.0,0.0,False,,,,,,,,,1.0,DESCRIPTIVE_NO_INFERENCE
S04,S04,1277,1277,OK,shil.fixed_k.k08,shil,fixed_k,shil.final_ranker_score,8,1.0,0.9166666666666666,0.9166023166023166,0.203739388103934,0.9785185185185185,0.5,1.0,0.6666666666666666,4,0.5,4,0.5,1.0,0.6666666666666666,4,0.5,8.0,0.0,False,,,,,,,,,0.3333333333333333,DESCRIPTIVE_NO_INFERENCE
S04,S04,1277,1277,OK,shil.fixed_k.k16,shil,fixed_k,shil.final_ranker_score,16,1.0,0.9166666666666666,0.9166435120866908,0.2150675595740914,0.9744444444444444,0.25,1.0,0.4,12,0.75,4,0.25,1.0,0.4,12,0.75,16.0,0.0,False,,,,,,,,,0.16166960611405054,DESCRIPTIVE_NO_INFERENCE
S04,S04,1277,1277,OK,shil.validation_one_se,shil,validation_one_se,shil.final_ranker_score,4,1.0,0.9166666666666666,0.9166023166023166,0.1980584937777142,0.9811111111111112,1.0,1.0,1.0,0,0.0,4,1.0,1.0,1.0,0,0.0,,0.0,False,4.0,0.2639185049560725,0.0378221449910851,0.3017406499471577,,,,,1.0,DESCRIPTIVE_NO_INFERENCE
S04,S04,1277,1277,OK,shil.cpss_one_se,shil,cpss_one_se,shil.final_development_selection_frequency,4,1.0,0.9166666666666666,0.9166023166023166,0.1980584937777142,0.9811111111111112,1.0,1.0,1.0,0,0.0,4,1.0,1.0,1.0,0,0.0,,,False,,0.2639185049560725,0.0378221449910851,0.3017406499471577,4.0,0.7,4.0,4.0,1.0,DESCRIPTIVE_NO_INFERENCE
S04,S04,1277,1277,OK,l1.fixed_k.k01,l1,fixed_k,l1.final_ranker_score,1,1.0,0.6944444444444444,0.6936786410470621,0.5684292538359653,0.7617283950617284,1.0,0.25,0.4,0,0.0,1,1.0,0.25,0.4,0,0.0,1.0,0.0,False,,,,,,,,,0.7777777777777778,DESCRIPTIVE_NO_INFERENCE
S04,S04,1277,1277,OK,l1.fixed_k.k02,l1,fixed_k,l1.final_ranker_score,2,1.0,0.7833333333333333,0.7827903091060986,0.4480632132308533,0.8669135802469136,1.0,0.5,0.6666666666666666,0,0.0,2,1.0,0.5,0.6666666666666666,0,0.0,2.0,0.0,False,,,,,,,,,0.7037037037037037,DESCRIPTIVE_NO_INFERENCE
S04,S04,1277,1277,OK,l1.fixed_k.k04,l1,fixed_k,l1.final_ranker_score,4,1.0,0.9166666666666666,0.9166023166023166,0.1980584937777142,0.9811111111111112,1.0,1.0,1.0,0,0.0,4,1.0,1.0,1.0,0,0.0,4.0,0.0,False,,,,,,,,,1.0,DESCRIPTIVE_NO_INFERENCE
S04,S04,1277,1277,OK,l1.fixed_k.k08,l1,fixed_k,l1.final_ranker_score,8,1.0,0.9111111111111112,0.9110671936758892,0.2273150933880207,0.9692592592592592,0.5,1.0,0.6666666666666666,4,0.5,4,0.5,1.0,0.6666666666666666,4,0.5,8.0,0.0,False,,,,,,,,,0.3333333333333333,DESCRIPTIVE_NO_INFERENCE
S04,S04,1277,1277,OK,l1.fixed_k.k16,l1,fixed_k,l1.final_ranker_score,16,1.0,0.8944444444444445,0.8943629343629345,0.292795212009324,0.9512345679012344,0.25,1.0,0.4,12,0.75,4,0.25,1.0,0.4,12,0.75,16.0,0.0,False,,,,,,,,,0.15861258083480304,DESCRIPTIVE_NO_INFERENCE
S04,S04,1277,1277,OK,l1.validation_one_se,l1,validation_one_se,l1.final_ranker_score,4,1.0,0.9166666666666666,0.9166023166023166,0.1980584937777142,0.9811111111111112,1.0,1.0,1.0,0,0.0,4,1.0,1.0,1.0,0,0.0,,0.0,False,4.0,0.2639185049560725,0.0378221449910851,0.3017406499471577,,,,,1.0,DESCRIPTIVE_NO_INFERENCE
S04,S04,1277,1277,OK,l1.cpss_one_se,l1,cpss_one_se,l1.final_development_selection_frequency,4,1.0,0.9166666666666666,0.9166023166023166,0.1980584937777142,0.9811111111111112,1.0,1.0,1.0,0,0.0,4,1.0,1.0,1.0,0,0.0,,,False,,0.2639185049560725,0.0378221449910851,0.3000326021547843,4.0,0.9,4.0,4.0,1.0,DESCRIPTIVE_NO_INFERENCE
S05,S05,1103,1103,OK,shil.fixed_k.k01,shil,fixed_k,shil.final_ranker_score,1,1.0,0.6591666666666667,0.659138024792361,0.6013399659995898,0.7326805555555557,1.0,0.25,0.4,0,0.0,1,1.0,0.25,0.4,0,0.0,1.0,0.0,False,,,,,,,,,1.0,DESCRIPTIVE_NO_INFERENCE
S05,S05,1103,1103,OK,shil.fixed_k.k02,shil,fixed_k,shil.final_ranker_score,2,1.0,0.7266666666666667,0.7266294578984361,0.5267064484345432,0.8142361111111112,1.0,0.5,0.6666666666666666,0,0.0,2,1.0,0.5,0.6666666666666666,0,0.0,2.0,0.0,False,,,,,,,,,0.8518518518518517,DESCRIPTIVE_NO_INFERENCE
S05,S05,1103,1103,OK,shil.fixed_k.k04,shil,fixed_k,shil.final_ranker_score,4,1.0,0.8991666666666667,0.8991548313656255,0.2115880384762748,0.9725138888888888,1.0,1.0,1.0,0,0.0,4,1.0,1.0,1.0,0,0.0,4.0,0.0,False,,,,,,,,,1.0,DESCRIPTIVE_NO_INFERENCE
S05,S05,1103,1103,OK,shil.fixed_k.k08,shil,fixed_k,shil.final_ranker_score,8,1.0,0.8991666666666667,0.8991548313656255,0.2116193363678634,0.9724722222222224,0.5,1.0,0.6666666666666666,4,0.5,4,0.5,1.0,0.6666666666666666,4,0.5,8.0,0.0,False,,,,,,,,,0.3333333333333333,DESCRIPTIVE_NO_INFERENCE
S05,S05,1103,1103,OK,shil.fixed_k.k16,shil,fixed_k,shil.final_ranker_score,16,1.0,0.8941666666666667,0.894150127624108,0.2176309040722226,0.9705722222222222,0.25,1.0,0.4,12,0.75,4,0.25,1.0,0.4,12,0.75,16.0,0.0,False,,,,,,,,,0.14285714285714285,DESCRIPTIVE_NO_INFERENCE
S05,S05,1103,1103,OK,shil.validation_one_se,shil,validation_one_se,shil.final_ranker_score,4,1.0,0.8991666666666667,0.8991548313656255,0.2115880384762748,0.9725138888888888,1.0,1.0,1.0,0,0.0,4,1.0,1.0,1.0,0,0.0,,0.0,False,4.0,0.2394124272102932,0.0132058046675454,0.2526182318778386,,,,,1.0,DESCRIPTIVE_NO_INFERENCE
S05,S05,1103,1103,OK,shil.cpss_one_se,shil,cpss_one_se,shil.final_development_selection_frequency,4,1.0,0.8991666666666667,0.8991548313656255,0.2115880384762748,0.9725138888888888,1.0,1.0,1.0,0,0.0,4,1.0,1.0,1.0,0,0.0,,,False,,0.2394124272102932,0.0132058046675454,0.2526182318778386,4.0,0.9,4.0,4.0,1.0,DESCRIPTIVE_NO_INFERENCE
S05,S05,1103,1103,OK,l1.fixed_k.k01,l1,fixed_k,l1.final_ranker_score,1,1.0,0.6591666666666667,0.659138024792361,0.6013399659995898,0.7326805555555557,1.0,0.25,0.4,0,0.0,1,1.0,0.25,0.4,0,0.0,1.0,0.0,False,,,,,,,,,1.0,DESCRIPTIVE_NO_INFERENCE
S05,S05,1103,1103,OK,l1.fixed_k.k02,l1,fixed_k,l1.final_ranker_score,2,1.0,0.7266666666666667,0.7266294578984361,0.5267064484345432,0.8142361111111112,1.0,0.5,0.6666666666666666,0,0.0,2,1.0,0.5,0.6666666666666666,0,0.0,2.0,0.0,False,,,,,,,,,0.9259259259259258,DESCRIPTIVE_NO_INFERENCE
S05,S05,1103,1103,OK,l1.fixed_k.k04,l1,fixed_k,l1.final_ranker_score,4,1.0,0.8991666666666667,0.8991548313656255,0.2115880384762748,0.9725138888888888,1.0,1.0,1.0,0,0.0,4,1.0,1.0,1.0,0,0.0,4.0,0.0,False,,,,,,,,,1.0,DESCRIPTIVE_NO_INFERENCE
S05,S05,1103,1103,OK,l1.fixed_k.k08,l1,fixed_k,l1.final_ranker_score,8,1.0,0.8983333333333333,0.8983194934866134,0.214927512072945,0.9714111111111112,0.5,1.0,0.6666666666666666,4,0.5,4,0.5,1.0,0.6666666666666666,4,0.5,8.0,0.0,False,,,,,,,,,0.3333333333333333,DESCRIPTIVE_NO_INFERENCE
S05,S05,1103,1103,OK,l1.fixed_k.k16,l1,fixed_k,l1.final_ranker_score,16,1.0,0.895,0.8949813300142248,0.2162153130623293,0.9707583333333334,0.25,1.0,0.4,12,0.75,4,0.25,1.0,0.4,12,0.75,16.0,0.0,False,,,,,,,,,0.16203138425360647,DESCRIPTIVE_NO_INFERENCE
S05,S05,1103,1103,OK,l1.validation_one_se,l1,validation_one_se,l1.final_ranker_score,4,1.0,0.8991666666666667,0.8991548313656255,0.2115880384762748,0.9725138888888888,1.0,1.0,1.0,0,0.0,4,1.0,1.0,1.0,0,0.0,,0.0,False,4.0,0.2394124272102932,0.0132058046675454,0.2526182318778386,,,,,1.0,DESCRIPTIVE_NO_INFERENCE
S05,S05,1103,1103,OK,l1.cpss_one_se,l1,cpss_one_se,l1.final_development_selection_frequency,4,1.0,0.8991666666666667,0.8991548313656255,0.2115880384762748,0.9725138888888888,1.0,1.0,1.0,0,0.0,4,1.0,1.0,1.0,0,0.0,,,False,,0.2394124272102932,0.0132058046675454,0.2526182318778386,4.0,0.9,4.0,4.0,1.0,DESCRIPTIVE_NO_INFERENCE
S05,S05,1129,1129,OK,shil.fixed_k.k01,shil,fixed_k,shil.final_ranker_score,1,1.0,0.6758333333333333,0.6758150979325921,0.581880398320564,0.7506833333333333,1.0,0.25,0.4,0,0.0,1,1.0,0.25,0.4,0,0.0,1.0,0.0,False,,,,,,,,,1.0,DESCRIPTIVE_NO_INFERENCE
S05,S05,1129,1129,OK,shil.fixed_k.k02,shil,fixed_k,shil.final_ranker_score,2,1.0,0.7508333333333334,0.7508040874241491,0.4958237138274285,0.8340000000000001,1.0,0.5,0.6666666666666666,0,0.0,2,1.0,0.5,0.6666666666666666,0,0.0,2.0,0.0,False,,,,,,,,,0.8518518518518517,DESCRIPTIVE_NO_INFERENCE
S05,S05,1129,1129,OK,shil.fixed_k.k04,shil,fixed_k,shil.final_ranker_score,4,1.0,0.8958333333333334,0.8958124234655427,0.2245046290272508,0.9685416666666666,1.0,1.0,1.0,0,0.0,4,1.0,1.0,1.0,0,0.0,4.0,0.0,False,,,,,,,,,1.0,DESCRIPTIVE_NO_INFERENCE
S05,S05,1129,1129,OK,shil.fixed_k.k08,shil,fixed_k,shil.final_ranker_score,8,1.0,0.8966666666666666,0.896648293029872,0.2262502656122492,0.9681666666666668,0.5,1.0,0.6666666666666666,4,0.5,4,0.5,1.0,0.6666666666666666,4,0.5,8.0,0.0,False,,,,,,,,,0.3333333333333333,DESCRIPTIVE_NO_INFERENCE
S05,S05,1129,1129,OK,shil.fixed_k.k16,shil,fixed_k,shil.final_ranker_score,16,1.0,0.8908333333333334,0.8908241595300717,0.2337702193375274,0.9659888888888888,0.25,1.0,0.4,12,0.75,4,0.25,1.0,0.4,12,0.75,16.0,0.0,False,,,,,,,,,0.14285714285714285,DESCRIPTIVE_NO_INFERENCE
S05,S05,1129,1129,OK,shil.validation_one_se,shil,validation_one_se,shil.final_ranker_score,4,1.0,0.8958333333333334,0.8958124234655427,0.2245046290272508,0.9685416666666666,1.0,1.0,1.0,0,0.0,4,1.0,1.0,1.0,0,0.0,,0.0,False,4.0,0.2207955305624299,0.0125282499898154,0.2333237805522453,,,,,1.0,DESCRIPTIVE_NO_INFERENCE
S05,S05,1129,1129,OK,shil.cpss_one_se,shil,cpss_one_se,shil.final_development_selection_frequency,4,1.0,0.8958333333333334,0.8958124234655427,0.2245046290272508,0.9685416666666666,1.0,1.0,1.0,0,0.0,4,1.0,1.0,1.0,0,0.0,,,False,,0.2207955305624299,0.0125282499898154,0.2333237805522453,4.0,0.9,4.0,4.0,1.0,DESCRIPTIVE_NO_INFERENCE
S05,S05,1129,1129,OK,l1.fixed_k.k01,l1,fixed_k,l1.final_ranker_score,1,1.0,0.6758333333333333,0.6758150979325921,0.581880398320564,0.7506833333333333,1.0,0.25,0.4,0,0.0,1,1.0,0.25,0.4,0,0.0,1.0,0.0,False,,,,,,,,,1.0,DESCRIPTIVE_NO_INFERENCE
S05,S05,1129,1129,OK,l1.fixed_k.k02,l1,fixed_k,l1.final_ranker_score,2,1.0,0.7508333333333334,0.7508040874241491,0.4958237138274285,0.8340000000000001,1.0,0.5,0.6666666666666666,0,0.0,2,1.0,0.5,0.6666666666666666,0,0.0,2.0,0.0,False,,,,,,,,,0.9259259259259258,DESCRIPTIVE_NO_INFERENCE
S05,S05,1129,1129,OK,l1.fixed_k.k04,l1,fixed_k,l1.final_ranker_score,4,1.0,0.8958333333333334,0.8958124234655427,0.2245046290272508,0.9685416666666666,1.0,1.0,1.0,0,0.0,4,1.0,1.0,1.0,0,0.0,4.0,0.0,False,,,,,,,,,1.0,DESCRIPTIVE_NO_INFERENCE
S05,S05,1129,1129,OK,l1.fixed_k.k08,l1,fixed_k,l1.final_ranker_score,8,1.0,0.8941666666666667,0.894150127624108,0.2293051344344024,0.9671972222222224,0.5,1.0,0.6666666666666666,4,0.5,4,0.5,1.0,0.6666666666666666,4,0.5,8.0,0.0,False,,,,,,,,,0.3333333333333333,DESCRIPTIVE_NO_INFERENCE
S05,S05,1129,1129,OK,l1.fixed_k.k16,l1,fixed_k,l1.final_ranker_score,16,1.0,0.8933333333333333,0.8933188128384142,0.2395283670228049,0.9642611111111112,0.25,1.0,0.4,12,0.75,4,0.25,1.0,0.4,12,0.75,16.0,0.0,False,,,,,,,,,0.14756025867136977,DESCRIPTIVE_NO_INFERENCE
S05,S05,1129,1129,OK,l1.validation_one_se,l1,validation_one_se,l1.final_ranker_score,4,1.0,0.8958333333333334,0.8958124234655427,0.2245046290272508,0.9685416666666666,1.0,1.0,1.0,0,0.0,4,1.0,1.0,1.0,0,0.0,,0.0,False,4.0,0.2207955305624299,0.0125282499898154,0.2333237805522453,,,,,1.0,DESCRIPTIVE_NO_INFERENCE
S05,S05,1129,1129,OK,l1.cpss_one_se,l1,cpss_one_se,l1.final_development_selection_frequency,4,1.0,0.8958333333333334,0.8958124234655427,0.2245046290272508,0.9685416666666666,1.0,1.0,1.0,0,0.0,4,1.0,1.0,1.0,0,0.0,,,False,,0.2207955305624299,0.0125282499898154,0.2333237805522453,4.0,0.9,4.0,4.0,1.0,DESCRIPTIVE_NO_INFERENCE
S05,S05,1151,1151,OK,shil.fixed_k.k01,shil,fixed_k,shil.final_ranker_score,1,1.0,0.68,0.6799431009957326,0.572634111807523,0.7630083333333333,1.0,0.25,0.4,0,0.0,1,1.0,0.25,0.4,0,0.0,1.0,0.0,False,,,,,,,,,1.0,DESCRIPTIVE_NO_INFERENCE
S05,S05,1151,1151,OK,shil.fixed_k.k02,shil,fixed_k,shil.final_ranker_score,2,1.0,0.8025,0.8024987656172851,0.4679655391495524,0.867263888888889,1.0,0.5,0.6666666666666666,0,0.0,2,1.0,0.5,0.6666666666666666,0,0.0,2.0,0.0,False,,,,,,,,,0.4074074074074074,DESCRIPTIVE_NO_INFERENCE
S05,S05,1151,1151,OK,shil.fixed_k.k04,shil,fixed_k,shil.final_ranker_score,4,1.0,0.91,0.9099509733076896,0.2096487980089815,0.9738694444444446,1.0,1.0,1.0,0,0.0,4,1.0,1.0,1.0,0,0.0,4.0,0.0,False,,,,,,,,,1.0,DESCRIPTIVE_NO_INFERENCE
S05,S05,1151,1151,OK,shil.fixed_k.k08,shil,fixed_k,shil.final_ranker_score,8,1.0,0.9075,0.907453148156254,0.2131904743561898,0.972613888888889,0.5,1.0,0.6666666666666666,4,0.5,4,0.5,1.0,0.6666666666666666,4,0.5,8.0,0.0,False,,,,,,,,,0.3333333333333333,DESCRIPTIVE_NO_INFERENCE
S05,S05,1151,1151,OK,shil.fixed_k.k16,shil,fixed_k,shil.final_ranker_score,16,1.0,0.905,0.9049323963707524,0.2157035456108395,0.9717638888888888,0.25,1.0,0.4,12,0.75,4,0.25,1.0,0.4,12,0.75,16.0,0.0,False,,,,,,,,,0.16203138425360647,DESCRIPTIVE_NO_INFERENCE
S05,S05,1151,1151,OK,shil.validation_one_se,shil,validation_one_se,shil.final_ranker_score,4,1.0,0.91,0.9099509733076896,0.2096487980089815,0.9738694444444446,1.0,1.0,1.0,0,0.0,4,1.0,1.0,1.0,0,0.0,,0.0,False,4.0,0.2312268602645229,0.0128380709304915,0.2440649311950145,,,,,1.0,DESCRIPTIVE_NO_INFERENCE
S05,S05,1151,1151,OK,shil.cpss_one_se,shil,cpss_one_se,shil.final_development_selection_frequency,4,1.0,0.91,0.9099509733076896,0.2096487980089815,0.9738694444444446,1.0,1.0,1.0,0,0.0,4,1.0,1.0,1.0,0,0.0,,,False,,0.2312268602645229,0.0128380709304915,0.2440649311950145,4.0,0.9,4.0,4.0,1.0,DESCRIPTIVE_NO_INFERENCE
S05,S05,1151,1151,OK,l1.fixed_k.k01,l1,fixed_k,l1.final_ranker_score,1,1.0,0.68,0.6799431009957326,0.572634111807523,0.7630083333333333,1.0,0.25,0.4,0,0.0,1,1.0,0.25,0.4,0,0.0,1.0,0.0,False,,,,,,,,,1.0,DESCRIPTIVE_NO_INFERENCE
S05,S05,1151,1151,OK,l1.fixed_k.k02,l1,fixed_k,l1.final_ranker_score,2,1.0,0.7533333333333333,0.7533086641997533,0.4883351725908137,0.8401333333333334,1.0,0.5,0.6666666666666666,0,0.0,2,1.0,0.5,0.6666666666666666,0,0.0,2.0,0.0,False,,,,,,,,,0.9259259259259258,DESCRIPTIVE_NO_INFERENCE
S05,S05,1151,1151,OK,l1.fixed_k.k04,l1,fixed_k,l1.final_ranker_score,4,1.0,0.91,0.9099509733076896,0.2096487980089816,0.9738694444444446,1.0,1.0,1.0,0,0.0,4,1.0,1.0,1.0,0,0.0,4.0,0.0,False,,,,,,,,,1.0,DESCRIPTIVE_NO_INFERENCE
S05,S05,1151,1151,OK,l1.fixed_k.k08,l1,fixed_k,l1.final_ranker_score,8,1.0,0.9058333333333334,0.9057924446374296,0.2140231673012382,0.9724583333333332,0.5,1.0,0.6666666666666666,4,0.5,4,0.5,1.0,0.6666666666666666,4,0.5,8.0,0.0,False,,,,,,,,,0.3333333333333333,DESCRIPTIVE_NO_INFERENCE
S05,S05,1151,1151,OK,l1.fixed_k.k16,l1,fixed_k,l1.final_ranker_score,16,1.0,0.9033333333333332,0.903300831668422,0.222274626930913,0.9700388888888888,0.25,1.0,0.4,12,0.75,4,0.25,1.0,0.4,12,0.75,16.0,0.0,False,,,,,,,,,0.14756025867136977,DESCRIPTIVE_NO_INFERENCE
S05,S05,1151,1151,OK,l1.validation_one_se,l1,validation_one_se,l1.final_ranker_score,4,1.0,0.91,0.9099509733076896,0.2096487980089816,0.9738694444444446,1.0,1.0,1.0,0,0.0,4,1.0,1.0,1.0,0,0.0,,0.0,False,4.0,0.2312268602645229,0.0128380709304915,0.2440649311950145,,,,,1.0,DESCRIPTIVE_NO_INFERENCE
S05,S05,1151,1151,OK,l1.cpss_one_se,l1,cpss_one_se,l1.final_development_selection_frequency,4,1.0,0.91,0.9099509733076896,0.2096487980089815,0.9738694444444446,1.0,1.0,1.0,0,0.0,4,1.0,1.0,1.0,0,0.0,,,False,,0.2312268602645229,0.0128380709304915,0.2440649311950145,4.0,0.9,4.0,4.0,1.0,DESCRIPTIVE_NO_INFERENCE
S05,S05,1171,1171,OK,shil.fixed_k.k01,shil,fixed_k,shil.final_ranker_score,1,1.0,0.6825,0.6824891958129131,0.5925276308546243,0.7486916666666668,1.0,0.25,0.4,0,0.0,1,1.0,0.25,0.4,0,0.0,1.0,0.0,False,,,,,,,,,1.0,DESCRIPTIVE_NO_INFERENCE
S05,S05,1171,1171,OK,shil.fixed_k.k02,shil,fixed_k,shil.final_ranker_score,2,1.0,0.7366666666666667,0.7365934981939428,0.5165534962788464,0.8202472222222223,1.0,0.5,0.6666666666666666,0,0.0,2,1.0,0.5,0.6666666666666666,0,0.0,2.0,0.0,False,,,,,,,,,0.8518518518518517,DESCRIPTIVE_NO_INFERENCE
S05,S05,1171,1171,OK,shil.fixed_k.k04,shil,fixed_k,shil.final_ranker_score,4,1.0,0.8991666666666667,0.8991609944726058,0.2277387121555761,0.967925,1.0,1.0,1.0,0,0.0,4,1.0,1.0,1.0,0,0.0,4.0,0.0,False,,,,,,,,,1.0,DESCRIPTIVE_NO_INFERENCE
S05,S05,1171,1171,OK,shil.fixed_k.k08,shil,fixed_k,shil.final_ranker_score,8,1.0,0.8958333333333334,0.8958297886525305,0.2279787128782247,0.9678111111111112,0.5,1.0,0.6666666666666666,4,0.5,4,0.5,1.0,0.6666666666666666,4,0.5,8.0,0.0,False,,,,,,,,,0.3333333333333333,DESCRIPTIVE_NO_INFERENCE
S05,S05,1171,1171,OK,shil.fixed_k.k16,shil,fixed_k,shil.final_ranker_score,16,1.0,0.8966666666666666,0.8966663796288323,0.2316287860985693,0.9668444444444444,0.25,1.0,0.4,12,0.75,4,0.25,1.0,0.4,12,0.75,16.0,0.0,False,,,,,,,,,0.14756025867136977,DESCRIPTIVE_NO_INFERENCE
S05,S05,1171,1171,OK,shil.validation_one_se,shil,validation_one_se,shil.final_ranker_score,4,1.0,0.8991666666666667,0.8991609944726058,0.2277387121555761,0.967925,1.0,1.0,1.0,0,0.0,4,1.0,1.0,1.0,0,0.0,,0.0,False,4.0,0.2112703576721566,0.0119092424999485,0.2231796001721052,,,,,1.0,DESCRIPTIVE_NO_INFERENCE
S05,S05,1171,1171,OK,shil.cpss_one_se,shil,cpss_one_se,shil.final_development_selection_frequency,4,1.0,0.8991666666666667,0.8991609944726058,0.2277387121555761,0.967925,1.0,1.0,1.0,0,0.0,4,1.0,1.0,1.0,0,0.0,,,False,,0.2112703576721566,0.0119092424999485,0.2231796001721052,4.0,0.9,4.0,4.0,1.0,DESCRIPTIVE_NO_INFERENCE
S05,S05,1171,1171,OK,l1.fixed_k.k01,l1,fixed_k,l1.final_ranker_score,1,1.0,0.6825,0.6824891958129131,0.5925276308546243,0.7486916666666668,1.0,0.25,0.4,0,0.0,1,1.0,0.25,0.4,0,0.0,1.0,0.0,False,,,,,,,,,1.0,DESCRIPTIVE_NO_INFERENCE
S05,S05,1171,1171,OK,l1.fixed_k.k02,l1,fixed_k,l1.final_ranker_score,2,1.0,0.7366666666666667,0.7365934981939428,0.5165534962788464,0.8202472222222223,1.0,0.5,0.6666666666666666,0,0.0,2,1.0,0.5,0.6666666666666666,0,0.0,2.0,0.0,False,,,,,,,,,0.9259259259259258,DESCRIPTIVE_NO_INFERENCE
S05,S05,1171,1171,OK,l1.fixed_k.k04,l1,fixed_k,l1.final_ranker_score,4,1.0,0.8991666666666667,0.8991609944726058,0.2277387121555761,0.967925,1.0,1.0,1.0,0,0.0,4,1.0,1.0,1.0,0,0.0,4.0,0.0,False,,,,,,,,,1.0,DESCRIPTIVE_NO_INFERENCE
S05,S05,1171,1171,OK,l1.fixed_k.k08,l1,fixed_k,l1.final_ranker_score,8,1.0,0.8908333333333334,0.8908314380457995,0.2357273776724393,0.9658166666666668,0.5,1.0,0.6666666666666666,4,0.5,4,0.5,1.0,0.6666666666666666,4,0.5,8.0,0.0,False,,,,,,,,,0.34680134680134683,DESCRIPTIVE_NO_INFERENCE
S05,S05,1171,1171,OK,l1.fixed_k.k16,l1,fixed_k,l1.final_ranker_score,16,1.0,0.8941666666666667,0.8941660052041991,0.2385887816994587,0.9652805555555556,0.25,1.0,0.4,12,0.75,4,0.25,1.0,0.4,12,0.75,16.0,0.0,False,,,,,,,,,0.16709627820738934,DESCRIPTIVE_NO_INFERENCE
S05,S05,1171,1171,OK,l1.validation_one_se,l1,validation_one_se,l1.final_ranker_score,4,1.0,0.8991666666666667,0.8991609944726058,0.2277387121555761,0.967925,1.0,1.0,1.0,0,0.0,4,1.0,1.0,1.0,0,0.0,,0.0,False,4.0,0.2112703576721566,0.0119092424999485,0.2231796001721052,,,,,1.0,DESCRIPTIVE_NO_INFERENCE
S05,S05,1171,1171,OK,l1.cpss_one_se,l1,cpss_one_se,l1.final_development_selection_frequency,4,1.0,0.8991666666666667,0.8991609944726058,0.2277387121555761,0.967925,1.0,1.0,1.0,0,0.0,4,1.0,1.0,1.0,0,0.0,,,False,,0.2112703576721566,0.0119092424999485,0.2231796001721052,4.0,0.9,4.0,4.0,1.0,DESCRIPTIVE_NO_INFERENCE
S05,S05,1181,1181,OK,shil.fixed_k.k01,shil,fixed_k,shil.final_ranker_score,1,1.0,0.665,0.6648175117564007,0.5899596196751485,0.7411472222222222,1.0,0.25,0.4,0,0.0,1,1.0,0.25,0.4,0,0.0,1.0,0.0,False,,,,,,,,,1.0,DESCRIPTIVE_NO_INFERENCE
S05,S05,1181,1181,OK,shil.fixed_k.k02,shil,fixed_k,shil.final_ranker_score,2,1.0,0.7366666666666667,0.7366483783596083,0.5097872397301194,0.8217888888888889,1.0,0.5,0.6666666666666666,0,0.0,2,1.0,0.5,0.6666666666666666,0,0.0,2.0,0.0,False,,,,,,,,,0.8518518518518517,DESCRIPTIVE_NO_INFERENCE
S05,S05,1181,1181,OK,shil.fixed_k.k04,shil,fixed_k,shil.final_ranker_score,4,1.0,0.8883333333333333,0.8883283701497844,0.2382467140821191,0.964486111111111,1.0,1.0,1.0,0,0.0,4,1.0,1.0,1.0,0,0.0,4.0,0.0,False,,,,,,,,,1.0,DESCRIPTIVE_NO_INFERENCE
S05,S05,1181,1181,OK,shil.fixed_k.k08,shil,fixed_k,shil.final_ranker_score,8,1.0,0.8866666666666667,0.8866663518509774,0.2396402278337117,0.9644083333333332,0.5,1.0,0.6666666666666666,4,0.5,4,0.5,1.0,0.6666666666666666,4,0.5,8.0,0.0,False,,,,,,,,,0.3333333333333333,DESCRIPTIVE_NO_INFERENCE
S05,S05,1181,1181,OK,shil.fixed_k.k16,shil,fixed_k,shil.final_ranker_score,16,1.0,0.8933333333333333,0.8933306665999984,0.2434932501173216,0.9634305555555556,0.25,1.0,0.4,12,0.75,4,0.25,1.0,0.4,12,0.75,16.0,0.0,False,,,,,,,,,0.15732826843937955,DESCRIPTIVE_NO_INFERENCE
S05,S05,1181,1181,OK,shil.validation_one_se,shil,validation_one_se,shil.final_ranker_score,4,1.0,0.8883333333333333,0.8883283701497844,0.2382467140821191,0.964486111111111,1.0,1.0,1.0,0,0.0,4,1.0,1.0,1.0,0,0.0,,0.0,False,4.0,0.2539978782542672,0.0152969594846786,0.2690749633597926,,,,,1.0,DESCRIPTIVE_NO_INFERENCE
S05,S05,1181,1181,OK,shil.cpss_one_se,shil,cpss_one_se,shil.final_development_selection_frequency,4,1.0,0.8883333333333333,0.8883283701497844,0.2382467140821192,0.964486111111111,1.0,1.0,1.0,0,0.0,4,1.0,1.0,1.0,0,0.0,,,False,,0.2539978782542672,0.0152969594846786,0.2692948377389458,4.0,0.9,4.0,4.0,1.0,DESCRIPTIVE_NO_INFERENCE
S05,S05,1181,1181,OK,l1.fixed_k.k01,l1,fixed_k,l1.final_ranker_score,1,1.0,0.665,0.6648175117564007,0.5899596196751485,0.7411472222222222,1.0,0.25,0.4,0,0.0,1,1.0,0.25,0.4,0,0.0,1.0,0.0,False,,,,,,,,,1.0,DESCRIPTIVE_NO_INFERENCE
S05,S05,1181,1181,OK,l1.fixed_k.k02,l1,fixed_k,l1.final_ranker_score,2,1.0,0.7366666666666667,0.7366483783596083,0.5097872397301194,0.8217888888888889,1.0,0.5,0.6666666666666666,0,0.0,2,1.0,0.5,0.6666666666666666,0,0.0,2.0,0.0,False,,,,,,,,,0.9259259259259258,DESCRIPTIVE_NO_INFERENCE
S05,S05,1181,1181,OK,l1.fixed_k.k04,l1,fixed_k,l1.final_ranker_score,4,1.0,0.8883333333333333,0.8883283701497844,0.2382467140821191,0.964486111111111,1.0,1.0,1.0,0,0.0,4,1.0,1.0,1.0,0,0.0,4.0,0.0,False,,,,,,,,,1.0,DESCRIPTIVE_NO_INFERENCE
S05,S05,1181,1181,OK,l1.fixed_k.k08,l1,fixed_k,l1.final_ranker_score,8,1.0,0.8908333333333334,0.890829618507852,0.2451152766490108,0.9627111111111112,0.5,1.0,0.6666666666666666,4,0.5,4,0.5,1.0,0.6666666666666666,4,0.5,8.0,0.0,False,,,,,,,,,0.3333333333333333,DESCRIPTIVE_NO_INFERENCE
S05,S05,1181,1181,OK,l1.fixed_k.k16,l1,fixed_k,l1.final_ranker_score,16,1.0,0.8916666666666667,0.8916591429960414,0.2497934360500697,0.9617055555555556,0.25,1.0,0.4,12,0.75,4,0.25,1.0,0.4,12,0.75,16.0,0.0,False,,,,,,,,,0.15226337448559668,DESCRIPTIVE_NO_INFERENCE
S05,S05,1181,1181,OK,l1.validation_one_se,l1,validation_one_se,l1.final_ranker_score,4,1.0,0.8883333333333333,0.8883283701497844,0.2382467140821191,0.964486111111111,1.0,1.0,1.0,0,0.0,4,1.0,1.0,1.0,0,0.0,,0.0,False,4.0,0.2539978782542672,0.0152969594846786,0.2692948377389458,,,,,1.0,DESCRIPTIVE_NO_INFERENCE
S05,S05,1181,1181,OK,l1.cpss_one_se,l1,cpss_one_se,l1.final_development_selection_frequency,4,1.0,0.8883333333333333,0.8883283701497844,0.2382467140821192,0.964486111111111,1.0,1.0,1.0,0,0.0,4,1.0,1.0,1.0,0,0.0,,,False,,0.2539978782542672,0.0152969594846786,0.2692948377389458,4.0,0.9,4.0,4.0,1.0,DESCRIPTIVE_NO_INFERENCE
S05,S05,1201,1201,OK,shil.fixed_k.k01,shil,fixed_k,shil.final_ranker_score,1,1.0,0.6625,0.6624603859758541,0.5890809697341578,0.7383666666666666,1.0,0.25,0.4,0,0.0,1,1.0,0.25,0.4,0,0.0,1.0,0.0,False,,,,,,,,,1.0,DESCRIPTIVE_NO_INFERENCE
S05,S05,1201,1201,OK,shil.fixed_k.k02,shil,fixed_k,shil.final_ranker_score,2,1.0,0.7416666666666667,0.741660208171871,0.4905930644976017,0.8343194444444443,1.0,0.5,0.6666666666666666,0,0.0,2,1.0,0.5,0.6666666666666666,0,0.0,2.0,0.0,False,,,,,,,,,0.8518518518518517,DESCRIPTIVE_NO_INFERENCE
S05,S05,1201,1201,OK,shil.fixed_k.k04,shil,fixed_k,shil.final_ranker_score,4,1.0,0.8958333333333334,0.8958326822875976,0.2161819460989972,0.971052777777778,1.0,1.0,1.0,0,0.0,4,1.0,1.0,1.0,0,0.0,4.0,0.0,False,,,,,,,,,1.0,DESCRIPTIVE_NO_INFERENCE
S05,S05,1201,1201,OK,shil.fixed_k.k08,shil,fixed_k,shil.final_ranker_score,8,1.0,0.8966666666666666,0.8966663796288323,0.2179346109788874,0.9706055555555556,0.5,1.0,0.6666666666666666,4,0.5,4,0.5,1.0,0.6666666666666666,4,0.5,8.0,0.0,False,,,,,,,,,0.3333333333333333,DESCRIPTIVE_NO_INFERENCE
S05,S05,1201,1201,OK,shil.fixed_k.k16,shil,fixed_k,shil.final_ranker_score,16,1.0,0.8958333333333334,0.8958332609953201,0.218500799333861,0.9704888888888888,0.25,1.0,0.4,12,0.75,4,0.25,1.0,0.4,12,0.75,16.0,0.0,False,,,,,,,,,0.14285714285714285,DESCRIPTIVE_NO_INFERENCE
S05,S05,1201,1201,OK,shil.validation_one_se,shil,validation_one_se,shil.final_ranker_score,4,1.0,0.8958333333333334,0.8958326822875976,0.2161819460989972,0.971052777777778,1.0,1.0,1.0,0,0.0,4,1.0,1.0,1.0,0,0.0,,0.0,False,4.0,0.194972231442795,0.0114883400373309,0.2064605714801259,,,,,1.0,DESCRIPTIVE_NO_INFERENCE
S05,S05,1201,1201,OK,shil.cpss_one_se,shil,cpss_one_se,shil.final_development_selection_frequency,4,1.0,0.8958333333333334,0.8958326822875976,0.2161819460989972,0.971052777777778,1.0,1.0,1.0,0,0.0,4,1.0,1.0,1.0,0,0.0,,,False,,0.194972231442795,0.0114883400373309,0.2064605714801259,4.0,0.9,4.0,4.0,1.0,DESCRIPTIVE_NO_INFERENCE
S05,S05,1201,1201,OK,l1.fixed_k.k01,l1,fixed_k,l1.final_ranker_score,1,1.0,0.6625,0.6624603859758541,0.5890809697341578,0.7383666666666666,1.0,0.25,0.4,0,0.0,1,1.0,0.25,0.4,0,0.0,1.0,0.0,False,,,,,,,,,1.0,DESCRIPTIVE_NO_INFERENCE
S05,S05,1201,1201,OK,l1.fixed_k.k02,l1,fixed_k,l1.final_ranker_score,2,1.0,0.7416666666666667,0.741660208171871,0.4905930644976017,0.8343194444444443,1.0,0.5,0.6666666666666666,0,0.0,2,1.0,0.5,0.6666666666666666,0,0.0,2.0,0.0,False,,,,,,,,,0.9259259259259258,DESCRIPTIVE_NO_INFERENCE
S05,S05,1201,1201,OK,l1.fixed_k.k04,l1,fixed_k,l1.final_ranker_score,4,1.0,0.8958333333333334,0.8958326822875976,0.2161819460989972,0.971052777777778,1.0,1.0,1.0,0,0.0,4,1.0,1.0,1.0,0,0.0,4.0,0.0,False,,,,,,,,,1.0,DESCRIPTIVE_NO_INFERENCE
S05,S05,1201,1201,OK,l1.fixed_k.k08,l1,fixed_k,l1.final_ranker_score,8,1.0,0.8933333333333333,0.8933321481349792,0.2198666296912513,0.9700555555555556,0.5,1.0,0.6666666666666666,4,0.5,4,0.5,1.0,0.6666666666666666,4,0.5,8.0,0.0,False,,,,,,,,,0.34680134680134683,DESCRIPTIVE_NO_INFERENCE
S05,S05,1201,1201,OK,l1.fixed_k.k16,l1,fixed_k,l1.final_ranker_score,16,1.0,0.895,0.895,0.226238777472512,0.9683694444444444,0.25,1.0,0.4,12,0.75,4,0.25,1.0,0.4,12,0.75,16.0,0.0,False,,,,,,,,,0.15696649029982362,DESCRIPTIVE_NO_INFERENCE
S05,S05,1201,1201,OK,l1.validation_one_se,l1,validation_one_se,l1.final_ranker_score,4,1.0,0.8958333333333334,0.8958326822875976,0.2161819460989972,0.971052777777778,1.0,1.0,1.0,0,0.0,4,1.0,1.0,1.0,0,0.0,,0.0,False,4.0,0.194972231442795,0.0114883400373309,0.2064605714801259,,,,,1.0,DESCRIPTIVE_NO_INFERENCE
S05,S05,1201,1201,OK,l1.cpss_one_se,l1,cpss_one_se,l1.final_development_selection_frequency,4,1.0,0.8958333333333334,0.8958326822875976,0.2161819460989972,0.971052777777778,1.0,1.0,1.0,0,0.0,4,1.0,1.0,1.0,0,0.0,,,False,,0.194972231442795,0.0114883400373309,0.2064605714801259,4.0,0.9,4.0,4.0,1.0,DESCRIPTIVE_NO_INFERENCE
S05,S05,1213,1213,OK,shil.fixed_k.k01,shil,fixed_k,shil.final_ranker_score,1,1.0,0.6841666666666667,0.6840505991437132,0.582990977397576,0.7549777777777777,1.0,0.25,0.4,0,0.0,1,1.0,0.25,0.4,0,0.0,1.0,0.0,False,,,,,,,,,1.0,DESCRIPTIVE_NO_INFERENCE
S05,S05,1213,1213,OK,shil.fixed_k.k02,shil,fixed_k,shil.final_ranker_score,2,1.0,0.7508333333333334,0.7507417655513727,0.5045635374685302,0.8323722222222222,1.0,0.5,0.6666666666666666,0,0.0,2,1.0,0.5,0.6666666666666666,0,0.0,2.0,0.0,False,,,,,,,,,0.8518518518518517,DESCRIPTIVE_NO_INFERENCE
S05,S05,1213,1213,OK,shil.fixed_k.k04,shil,fixed_k,shil.final_ranker_score,4,1.0,0.8941666666666667,0.8941607132067846,0.2308423250753487,0.9669111111111112,1.0,1.0,1.0,0,0.0,4,1.0,1.0,1.0,0,0.0,4.0,0.0,False,,,,,,,,,1.0,DESCRIPTIVE_NO_INFERENCE
S05,S05,1213,1213,OK,shil.fixed_k.k08,shil,fixed_k,shil.final_ranker_score,8,1.0,0.8916666666666667,0.8916618516378505,0.2323684941159295,0.96645,0.5,1.0,0.6666666666666666,4,0.5,4,0.5,1.0,0.6666666666666666,4,0.5,8.0,0.0,False,,,,,,,,,0.3333333333333333,DESCRIPTIVE_NO_INFERENCE
S05,S05,1213,1213,OK,shil.fixed_k.k16,shil,fixed_k,shil.final_ranker_score,16,1.0,0.8883333333333333,0.8883255781651503,0.234151579254995,0.9659,0.25,1.0,0.4,12,0.75,4,0.25,1.0,0.4,12,0.75,16.0,0.0,False,,,,,,,,,0.14285714285714285,DESCRIPTIVE_NO_INFERENCE
S05,S05,1213,1213,OK,shil.validation_one_se,shil,validation_one_se,shil.final_ranker_score,4,1.0,0.8941666666666667,0.8941607132067846,0.2308423250753487,0.9669111111111112,1.0,1.0,1.0,0,0.0,4,1.0,1.0,1.0,0,0.0,,0.0,False,4.0,0.242798048515418,0.0145120946129727,0.2573101431283907,,,,,1.0,DESCRIPTIVE_NO_INFERENCE
S05,S05,1213,1213,OK,shil.cpss_one_se,shil,cpss_one_se,shil.final_development_selection_frequency,4,1.0,0.8941666666666667,0.8941607132067846,0.2308423250753487,0.9669111111111112,1.0,1.0,1.0,0,0.0,4,1.0,1.0,1.0,0,0.0,,,False,,0.242798048515418,0.0145120946129727,0.2573101431283907,4.0,0.9,4.0,4.0,1.0,DESCRIPTIVE_NO_INFERENCE
S05,S05,1213,1213,OK,l1.fixed_k.k01,l1,fixed_k,l1.final_ranker_score,1,1.0,0.6841666666666667,0.6840505991437132,0.582990977397576,0.7549777777777777,1.0,0.25,0.4,0,0.0,1,1.0,0.25,0.4,0,0.0,1.0,0.0,False,,,,,,,,,1.0,DESCRIPTIVE_NO_INFERENCE
S05,S05,1213,1213,OK,l1.fixed_k.k02,l1,fixed_k,l1.final_ranker_score,2,1.0,0.7508333333333334,0.7507417655513727,0.5045635374685302,0.8323722222222222,1.0,0.5,0.6666666666666666,0,0.0,2,1.0,0.5,0.6666666666666666,0,0.0,2.0,0.0,False,,,,,,,,,0.9259259259259258,DESCRIPTIVE_NO_INFERENCE
S05,S05,1213,1213,OK,l1.fixed_k.k04,l1,fixed_k,l1.final_ranker_score,4,1.0,0.8941666666666667,0.8941607132067846,0.2308423250753487,0.9669111111111112,1.0,1.0,1.0,0,0.0,4,1.0,1.0,1.0,0,0.0,4.0,0.0,False,,,,,,,,,1.0,DESCRIPTIVE_NO_INFERENCE
S05,S05,1213,1213,OK,l1.fixed_k.k08,l1,fixed_k,l1.final_ranker_score,8,1.0,0.8875,0.8874774173427862,0.2330907277805011,0.9661861111111112,0.5,1.0,0.6666666666666666,4,0.5,4,0.5,1.0,0.6666666666666666,4,0.5,8.0,0.0,False,,,,,,,,,0.3333333333333333,DESCRIPTIVE_NO_INFERENCE
S05,S05,1213,1213,OK,l1.fixed_k.k16,l1,fixed_k,l1.final_ranker_score,16,1.0,0.88,0.8799786628733997,0.238947720533737,0.9643222222222224,0.25,1.0,0.4,12,0.75,4,0.25,1.0,0.4,12,0.75,16.0,0.0,False,,,,,,,,,0.14285714285714285,DESCRIPTIVE_NO_INFERENCE
S05,S05,1213,1213,OK,l1.validation_one_se,l1,validation_one_se,l1.final_ranker_score,4,1.0,0.8941666666666667,0.8941607132067846,0.2308423250753487,0.9669111111111112,1.0,1.0,1.0,0,0.0,4,1.0,1.0,1.0,0,0.0,,0.0,False,4.0,0.242798048515418,0.0145120946129727,0.2573101431283907,,,,,1.0,DESCRIPTIVE_NO_INFERENCE
S05,S05,1213,1213,OK,l1.cpss_one_se,l1,cpss_one_se,l1.final_development_selection_frequency,4,1.0,0.8941666666666667,0.8941607132067846,0.2308423250753487,0.9669111111111112,1.0,1.0,1.0,0,0.0,4,1.0,1.0,1.0,0,0.0,,,False,,0.242798048515418,0.0145120946129727,0.2573101431283907,4.0,0.9,4.0,4.0,1.0,DESCRIPTIVE_NO_INFERENCE
S05,S05,1231,1231,OK,shil.fixed_k.k01,shil,fixed_k,shil.final_ranker_score,1,1.0,0.7008333333333333,0.7008331255785595,0.5724842352923261,0.7701555555555555,1.0,0.25,0.4,0,0.0,1,1.0,0.25,0.4,0,0.0,1.0,0.0,False,,,,,,,,,1.0,DESCRIPTIVE_NO_INFERENCE
S05,S05,1231,1231,OK,shil.fixed_k.k02,shil,fixed_k,shil.final_ranker_score,2,1.0,0.7775,0.7773105593299856,0.4709530595106633,0.8576916666666667,1.0,0.5,0.6666666666666666,0,0.0,2,1.0,0.5,0.6666666666666666,0,0.0,2.0,0.0,False,,,,,,,,,0.4074074074074074,DESCRIPTIVE_NO_INFERENCE
S05,S05,1231,1231,OK,shil.fixed_k.k04,shil,fixed_k,shil.final_ranker_score,4,1.0,0.895,0.8949763696831787,0.2207348248296487,0.9704833333333333,1.0,1.0,1.0,0,0.0,4,1.0,1.0,1.0,0,0.0,4.0,0.0,False,,,,,,,,,1.0,DESCRIPTIVE_NO_INFERENCE
S05,S05,1231,1231,OK,shil.fixed_k.k08,shil,fixed_k,shil.final_ranker_score,8,1.0,0.8958333333333334,0.8957881024750325,0.2230007482881338,0.969725,0.5,1.0,0.6666666666666666,4,0.5,4,0.5,1.0,0.6666666666666666,4,0.5,8.0,0.0,False,,,,,,,,,0.34680134680134683,DESCRIPTIVE_NO_INFERENCE
S05,S05,1231,1231,OK,shil.fixed_k.k16,shil,fixed_k,shil.final_ranker_score,16,1.0,0.8908333333333334,0.8907604310932504,0.225342103453548,0.969,0.25,1.0,0.4,12,0.75,4,0.25,1.0,0.4,12,0.75,16.0,0.0,False,,,,,,,,,0.15732826843937955,DESCRIPTIVE_NO_INFERENCE
S05,S05,1231,1231,OK,shil.validation_one_se,shil,validation_one_se,shil.final_ranker_score,4,1.0,0.895,0.8949763696831787,0.2207348248296487,0.9704833333333333,1.0,1.0,1.0,0,0.0,4,1.0,1.0,1.0,0,0.0,,0.0,False,4.0,0.2343973224141538,0.0130206152229234,0.2474179376370773,,,,,1.0,DESCRIPTIVE_NO_INFERENCE
S05,S05,1231,1231,OK,shil.cpss_one_se,shil,cpss_one_se,shil.final_development_selection_frequency,4,1.0,0.895,0.8949763696831787,0.2207348248296487,0.9704833333333333,1.0,1.0,1.0,0,0.0,4,1.0,1.0,1.0,0,0.0,,,False,,0.2343973224141538,0.0130206152229234,0.2474179376370773,4.0,0.9,4.0,4.0,1.0,DESCRIPTIVE_NO_INFERENCE
S05,S05,1231,1231,OK,l1.fixed_k.k01,l1,fixed_k,l1.final_ranker_score,1,1.0,0.7008333333333333,0.7008331255785595,0.5724842352923261,0.7701555555555555,1.0,0.25,0.4,0,0.0,1,1.0,0.25,0.4,0,0.0,1.0,0.0,False,,,,,,,,,1.0,DESCRIPTIVE_NO_INFERENCE
S05,S05,1231,1231,OK,l1.fixed_k.k02,l1,fixed_k,l1.final_ranker_score,2,1.0,0.7775,0.7773105593299856,0.4709530595106633,0.8576916666666667,1.0,0.5,0.6666666666666666,0,0.0,2,1.0,0.5,0.6666666666666666,0,0.0,2.0,0.0,False,,,,,,,,,0.3333333333333333,DESCRIPTIVE_NO_INFERENCE
S05,S05,1231,1231,OK,l1.fixed_k.k04,l1,fixed_k,l1.final_ranker_score,4,1.0,0.895,0.8949763696831787,0.2207348248296487,0.9704833333333333,1.0,1.0,1.0,0,0.0,4,1.0,1.0,1.0,0,0.0,4.0,0.0,False,,,,,,,,,1.0,DESCRIPTIVE_NO_INFERENCE
S05,S05,1231,1231,OK,l1.fixed_k.k08,l1,fixed_k,l1.final_ranker_score,8,1.0,0.8991666666666667,0.8991357769983724,0.2207053617706372,0.9702222222222222,0.5,1.0,0.6666666666666666,4,0.5,4,0.5,1.0,0.6666666666666666,4,0.5,8.0,0.0,False,,,,,,,,,0.3333333333333333,DESCRIPTIVE_NO_INFERENCE
S05,S05,1231,1231,OK,l1.fixed_k.k16,l1,fixed_k,l1.final_ranker_score,16,1.0,0.8991666666666667,0.8991357769983724,0.2192398064828636,0.9707166666666668,0.25,1.0,0.4,12,0.75,4,0.25,1.0,0.4,12,0.75,16.0,0.0,False,,,,,,,,,0.14285714285714285,DESCRIPTIVE_NO_INFERENCE
S05,S05,1231,1231,OK,l1.validation_one_se,l1,validation_one_se,l1.final_ranker_score,4,1.0,0.895,0.8949763696831787,0.2207348248296487,0.9704833333333333,1.0,1.0,1.0,0,0.0,4,1.0,1.0,1.0,0,0.0,,0.0,False,4.0,0.2343973224141538,0.0130206152229234,0.2474179376370773,,,,,1.0,DESCRIPTIVE_NO_INFERENCE
S05,S05,1231,1231,OK,l1.cpss_one_se,l1,cpss_one_se,l1.final_development_selection_frequency,4,1.0,0.895,0.8949763696831787,0.2207348248296487,0.9704833333333333,1.0,1.0,1.0,0,0.0,4,1.0,1.0,1.0,0,0.0,,,False,,0.2343973224141538,0.0130206152229234,0.2474179376370773,4.0,0.9,4.0,4.0,1.0,DESCRIPTIVE_NO_INFERENCE
S05,S05,1249,1249,OK,shil.fixed_k.k01,shil,fixed_k,shil.final_ranker_score,1,1.0,0.6666666666666666,0.6666657407381686,0.5940433701078841,0.73735,1.0,0.25,0.4,0,0.0,1,1.0,0.25,0.4,0,0.0,1.0,0.0,False,,,,,,,,,1.0,DESCRIPTIVE_NO_INFERENCE
S05,S05,1249,1249,OK,shil.fixed_k.k02,shil,fixed_k,shil.final_ranker_score,2,1.0,0.7483333333333333,0.7483333333333333,0.5062912669706218,0.8293388888888888,1.0,0.5,0.6666666666666666,0,0.0,2,1.0,0.5,0.6666666666666666,0,0.0,2.0,0.0,False,,,,,,,,,0.8518518518518517,DESCRIPTIVE_NO_INFERENCE
S05,S05,1249,1249,OK,shil.fixed_k.k04,shil,fixed_k,shil.final_ranker_score,4,1.0,0.8883333333333333,0.8883283701497844,0.2323495293920729,0.9670527777777778,1.0,1.0,1.0,0,0.0,4,1.0,1.0,1.0,0,0.0,4.0,0.0,False,,,,,,,,,1.0,DESCRIPTIVE_NO_INFERENCE
S05,S05,1249,1249,OK,shil.fixed_k.k08,shil,fixed_k,shil.final_ranker_score,8,1.0,0.89,0.8899850257396145,0.2357176227686078,0.9657194444444444,0.5,1.0,0.6666666666666666,4,0.5,4,0.5,1.0,0.6666666666666666,4,0.5,8.0,0.0,False,,,,,,,,,0.34680134680134683,DESCRIPTIVE_NO_INFERENCE
S05,S05,1249,1249,OK,shil.fixed_k.k16,shil,fixed_k,shil.final_ranker_score,16,1.0,0.8875,0.8874717898028603,0.245158917417656,0.9623555555555556,0.25,1.0,0.4,12,0.75,4,0.25,1.0,0.4,12,0.75,16.0,0.0,False,,,,,,,,,0.16239316239316237,DESCRIPTIVE_NO_INFERENCE
S05,S05,1249,1249,OK,shil.validation_one_se,shil,validation_one_se,shil.final_ranker_score,4,1.0,0.8883333333333333,0.8883283701497844,0.2323495293920729,0.9670527777777778,1.0,1.0,1.0,0,0.0,4,1.0,1.0,1.0,0,0.0,,0.0,False,4.0,0.2470026579688029,0.013986792414001,0.2609894503828039,,,,,1.0,DESCRIPTIVE_NO_INFERENCE
S05,S05,1249,1249,OK,shil.cpss_one_se,shil,cpss_one_se,shil.final_development_selection_frequency,4,1.0,0.8883333333333333,0.8883283701497844,0.2323495293920729,0.9670527777777778,1.0,1.0,1.0,0,0.0,4,1.0,1.0,1.0,0,0.0,,,False,,0.2470026579688029,0.013986792414001,0.2609894503828039,4.0,0.9,4.0,4.0,1.0,DESCRIPTIVE_NO_INFERENCE
S05,S05,1249,1249,OK,l1.fixed_k.k01,l1,fixed_k,l1.final_ranker_score,1,1.0,0.6666666666666666,0.6666657407381686,0.5940433701078841,0.73735,1.0,0.25,0.4,0,0.0,1,1.0,0.25,0.4,0,0.0,1.0,0.0,False,,,,,,,,,1.0,DESCRIPTIVE_NO_INFERENCE
S05,S05,1249,1249,OK,l1.fixed_k.k02,l1,fixed_k,l1.final_ranker_score,2,1.0,0.7483333333333333,0.7483333333333333,0.5062912669706218,0.8293388888888888,1.0,0.5,0.6666666666666666,0,0.0,2,1.0,0.5,0.6666666666666666,0,0.0,2.0,0.0,False,,,,,,,,,0.9259259259259258,DESCRIPTIVE_NO_INFERENCE
S05,S05,1249,1249,OK,l1.fixed_k.k04,l1,fixed_k,l1.final_ranker_score,4,1.0,0.8883333333333333,0.8883283701497844,0.2323495293920729,0.9670527777777778,1.0,1.0,1.0,0,0.0,4,1.0,1.0,1.0,0,0.0,4.0,0.0,False,,,,,,,,,1.0,DESCRIPTIVE_NO_INFERENCE
S05,S05,1249,1249,OK,l1.fixed_k.k08,l1,fixed_k,l1.final_ranker_score,8,1.0,0.89,0.8899923605805958,0.2369706201883571,0.9653361111111112,0.5,1.0,0.6666666666666666,4,0.5,4,0.5,1.0,0.6666666666666666,4,0.5,8.0,0.0,False,,,,,,,,,0.3333333333333333,DESCRIPTIVE_NO_INFERENCE
S05,S05,1249,1249,OK,l1.fixed_k.k16,l1,fixed_k,l1.final_ranker_score,16,1.0,0.8816666666666667,0.8816584485033683,0.2392700173009622,0.9643527777777776,0.25,1.0,0.4,12,0.75,4,0.25,1.0,0.4,12,0.75,16.0,0.0,False,,,,,,,,,0.15226337448559668,DESCRIPTIVE_NO_INFERENCE
S05,S05,1249,1249,OK,l1.validation_one_se,l1,validation_one_se,l1.final_ranker_score,4,1.0,0.8883333333333333,0.8883283701497844,0.2323495293920729,0.9670527777777778,1.0,1.0,1.0,0,0.0,4,1.0,1.0,1.0,0,0.0,,0.0,False,4.0,0.2470026579688029,0.013986792414001,0.2609894503828039,,,,,1.0,DESCRIPTIVE_NO_INFERENCE
S05,S05,1249,1249,OK,l1.cpss_one_se,l1,cpss_one_se,l1.final_development_selection_frequency,4,1.0,0.8883333333333333,0.8883283701497844,0.2323495293920729,0.9670527777777778,1.0,1.0,1.0,0,0.0,4,1.0,1.0,1.0,0,0.0,,,False,,0.2470026579688029,0.013986792414001,0.2609894503828039,4.0,0.9,4.0,4.0,1.0,DESCRIPTIVE_NO_INFERENCE
S05,S05,1277,1277,OK,shil.fixed_k.k01,shil,fixed_k,shil.final_ranker_score,1,1.0,0.6533333333333333,0.6532167756384785,0.6030145185255132,0.7270388888888888,1.0,0.25,0.4,0,0.0,1,1.0,0.25,0.4,0,0.0,1.0,0.0,False,,,,,,,,,1.0,DESCRIPTIVE_NO_INFERENCE
S05,S05,1277,1277,OK,shil.fixed_k.k02,shil,fixed_k,shil.final_ranker_score,2,1.0,0.7375,0.7374691890923311,0.5170127061927667,0.8182333333333334,1.0,0.5,0.6666666666666666,0,0.0,2,1.0,0.5,0.6666666666666666,0,0.0,2.0,0.0,False,,,,,,,,,0.8518518518518517,DESCRIPTIVE_NO_INFERENCE
S05,S05,1277,1277,OK,shil.fixed_k.k04,shil,fixed_k,shil.final_ranker_score,4,1.0,0.9058333333333334,0.9058332679397694,0.2259043826049228,0.9689416666666668,1.0,1.0,1.0,0,0.0,4,1.0,1.0,1.0,0,0.0,4.0,0.0,False,,,,,,,,,1.0,DESCRIPTIVE_NO_INFERENCE
S05,S05,1277,1277,OK,shil.fixed_k.k08,shil,fixed_k,shil.final_ranker_score,8,1.0,0.9025,0.9024999322916196,0.2292258382115721,0.9681611111111112,0.5,1.0,0.6666666666666666,4,0.5,4,0.5,1.0,0.6666666666666666,4,0.5,8.0,0.0,False,,,,,,,,,0.3333333333333333,DESCRIPTIVE_NO_INFERENCE
S05,S05,1277,1277,OK,shil.fixed_k.k16,shil,fixed_k,shil.final_ranker_score,16,1.0,0.9058333333333334,0.9058316984669872,0.2322960287361803,0.9672833333333332,0.25,1.0,0.4,12,0.75,4,0.25,1.0,0.4,12,0.75,16.0,0.0,False,,,,,,,,,0.15732826843937955,DESCRIPTIVE_NO_INFERENCE
S05,S05,1277,1277,OK,shil.validation_one_se,shil,validation_one_se,shil.final_ranker_score,4,1.0,0.9058333333333334,0.9058332679397694,0.2259043826049228,0.9689416666666668,1.0,1.0,1.0,0,0.0,4,1.0,1.0,1.0,0,0.0,,0.0,False,4.0,0.2304525377400697,0.0137831698550445,0.2442357075951143,,,,,1.0,DESCRIPTIVE_NO_INFERENCE
S05,S05,1277,1277,OK,shil.cpss_one_se,shil,cpss_one_se,shil.final_development_selection_frequency,4,1.0,0.9058333333333334,0.9058332679397694,0.2259043826049228,0.9689416666666668,1.0,1.0,1.0,0,0.0,4,1.0,1.0,1.0,0,0.0,,,False,,0.2304525377400697,0.0137831698550445,0.2442357075951143,4.0,0.9,4.0,4.0,1.0,DESCRIPTIVE_NO_INFERENCE
S05,S05,1277,1277,OK,l1.fixed_k.k01,l1,fixed_k,l1.final_ranker_score,1,1.0,0.6533333333333333,0.6532167756384785,0.6030145185255132,0.7270388888888888,1.0,0.25,0.4,0,0.0,1,1.0,0.25,0.4,0,0.0,1.0,0.0,False,,,,,,,,,1.0,DESCRIPTIVE_NO_INFERENCE
S05,S05,1277,1277,OK,l1.fixed_k.k02,l1,fixed_k,l1.final_ranker_score,2,1.0,0.7375,0.7374691890923311,0.5170127061927667,0.8182333333333334,1.0,0.5,0.6666666666666666,0,0.0,2,1.0,0.5,0.6666666666666666,0,0.0,2.0,0.0,False,,,,,,,,,0.9259259259259258,DESCRIPTIVE_NO_INFERENCE
S05,S05,1277,1277,OK,l1.fixed_k.k04,l1,fixed_k,l1.final_ranker_score,4,1.0,0.9058333333333334,0.9058332679397694,0.2259043826049228,0.9689416666666668,1.0,1.0,1.0,0,0.0,4,1.0,1.0,1.0,0,0.0,4.0,0.0,False,,,,,,,,,1.0,DESCRIPTIVE_NO_INFERENCE
S05,S05,1277,1277,OK,l1.fixed_k.k08,l1,fixed_k,l1.final_ranker_score,8,1.0,0.9041666666666668,0.9041666001156944,0.230063015019252,0.9678,0.5,1.0,0.6666666666666666,4,0.5,4,0.5,1.0,0.6666666666666666,4,0.5,8.0,0.0,False,,,,,,,,,0.3333333333333333,DESCRIPTIVE_NO_INFERENCE
S05,S05,1277,1277,OK,l1.fixed_k.k16,l1,fixed_k,l1.final_ranker_score,16,1.0,0.9,0.8999955553580159,0.2314665456597982,0.9674583333333332,0.25,1.0,0.4,12,0.75,4,0.25,1.0,0.4,12,0.75,16.0,0.0,False,,,,,,,,,0.16203138425360647,DESCRIPTIVE_NO_INFERENCE
S05,S05,1277,1277,OK,l1.validation_one_se,l1,validation_one_se,l1.final_ranker_score,4,1.0,0.9058333333333334,0.9058332679397694,0.2259043826049228,0.9689416666666668,1.0,1.0,1.0,0,0.0,4,1.0,1.0,1.0,0,0.0,,0.0,False,4.0,0.2304525377400697,0.0137831698550445,0.2442357075951143,,,,,1.0,DESCRIPTIVE_NO_INFERENCE
S05,S05,1277,1277,OK,l1.cpss_one_se,l1,cpss_one_se,l1.final_development_selection_frequency,4,1.0,0.9058333333333334,0.9058332679397694,0.2259043826049228,0.9689416666666668,1.0,1.0,1.0,0,0.0,4,1.0,1.0,1.0,0,0.0,,,False,,0.2304525377400697,0.0137831698550445,0.2442357075951143,4.0,0.9,4.0,4.0,1.0,DESCRIPTIVE_NO_INFERENCE
S06,S06,1103,1103,OK,shil.fixed_k.k01,shil,fixed_k,shil.final_ranker_score,1,1.0,0.6875,0.6874511642444132,0.5898212610280045,0.7536224489795919,1.0,0.25,0.4,0,0.0,1,1.0,0.25,0.4,0,0.0,1.0,0.0,False,,,,,,,,,1.0,DESCRIPTIVE_NO_INFERENCE
S06,S06,1103,1103,OK,shil.fixed_k.k02,shil,fixed_k,shil.final_ranker_score,2,1.0,0.8,0.7999362041467305,0.4291681046231053,0.8860841836734694,1.0,0.5,0.6666666666666666,0,0.0,2,1.0,0.5,0.6666666666666666,0,0.0,2.0,0.0,False,,,,,,,,,1.0,DESCRIPTIVE_NO_INFERENCE
S06,S06,1103,1103,OK,shil.fixed_k.k04,shil,fixed_k,shil.final_ranker_score,4,1.0,0.8964285714285715,0.8964166804862803,0.224860949513523,0.9689158163265308,1.0,1.0,1.0,0,0.0,4,1.0,1.0,1.0,0,0.0,4.0,0.0,False,,,,,,,,,1.0,DESCRIPTIVE_NO_INFERENCE
S06,S06,1103,1103,OK,shil.fixed_k.k08,shil,fixed_k,shil.final_ranker_score,8,1.0,0.8928571428571429,0.8928352725045927,0.2257131282470992,0.9685459183673468,0.5,1.0,0.6666666666666666,4,0.5,4,0.5,1.0,0.6666666666666666,4,0.5,8.0,0.0,False,,,,,,,,,0.3333333333333333,DESCRIPTIVE_NO_INFERENCE
S06,S06,1103,1103,OK,shil.fixed_k.k16,shil,fixed_k,shil.final_ranker_score,16,1.0,0.8982142857142857,0.8981983792110374,0.2242316307337248,0.969094387755102,0.25,1.0,0.4,12,0.75,4,0.25,1.0,0.4,12,0.75,16.0,0.0,False,,,,,,,,,0.14285714285714285,DESCRIPTIVE_NO_INFERENCE
S06,S06,1103,1103,OK,shil.validation_one_se,shil,validation_one_se,shil.final_ranker_score,4,1.0,0.8964285714285715,0.8964166804862803,0.224860949513523,0.9689158163265308,1.0,1.0,1.0,0,0.0,4,1.0,1.0,1.0,0,0.0,,0.0,False,4.0,0.2141981737218734,0.0165298169662725,0.230727990688146,,,,,1.0,DESCRIPTIVE_NO_INFERENCE
S06,S06,1103,1103,OK,shil.cpss_one_se,shil,cpss_one_se,shil.final_development_selection_frequency,4,1.0,0.8964285714285715,0.8964166804862803,0.224860949513523,0.9689158163265308,1.0,1.0,1.0,0,0.0,4,1.0,1.0,1.0,0,0.0,,,False,,0.2141981737218734,0.0165298169662725,0.230727990688146,4.0,0.9,4.0,4.0,1.0,DESCRIPTIVE_NO_INFERENCE
S06,S06,1103,1103,OK,l1.fixed_k.k01,l1,fixed_k,l1.final_ranker_score,1,1.0,0.6875,0.6874511642444132,0.5898212610280045,0.7536224489795919,1.0,0.25,0.4,0,0.0,1,1.0,0.25,0.4,0,0.0,1.0,0.0,False,,,,,,,,,1.0,DESCRIPTIVE_NO_INFERENCE
S06,S06,1103,1103,OK,l1.fixed_k.k02,l1,fixed_k,l1.final_ranker_score,2,1.0,0.8,0.7999362041467305,0.4291681046231053,0.8860841836734694,1.0,0.5,0.6666666666666666,0,0.0,2,1.0,0.5,0.6666666666666666,0,0.0,2.0,0.0,False,,,,,,,,,0.7777777777777778,DESCRIPTIVE_NO_INFERENCE
S06,S06,1103,1103,OK,l1.fixed_k.k04,l1,fixed_k,l1.final_ranker_score,4,1.0,0.8964285714285715,0.8964166804862803,0.224860949513523,0.9689158163265308,1.0,1.0,1.0,0,0.0,4,1.0,1.0,1.0,0,0.0,4.0,0.0,False,,,,,,,,,1.0,DESCRIPTIVE_NO_INFERENCE
S06,S06,1103,1103,OK,l1.fixed_k.k08,l1,fixed_k,l1.final_ranker_score,8,1.0,0.8982142857142857,0.8981594035050777,0.2260403725578503,0.9687755102040816,0.5,1.0,0.6666666666666666,4,0.5,4,0.5,1.0,0.6666666666666666,4,0.5,8.0,0.0,False,,,,,,,,,0.3333333333333333,DESCRIPTIVE_NO_INFERENCE
S06,S06,1103,1103,OK,l1.fixed_k.k16,l1,fixed_k,l1.final_ranker_score,16,1.0,0.8803571428571428,0.8803109618188141,0.2594567223341509,0.960063775510204,0.25,1.0,0.4,12,0.75,4,0.25,1.0,0.4,12,0.75,16.0,0.0,False,,,,,,,,,0.14756025867136977,DESCRIPTIVE_NO_INFERENCE
S06,S06,1103,1103,OK,l1.validation_one_se,l1,validation_one_se,l1.final_ranker_score,4,1.0,0.8964285714285715,0.8964166804862803,0.224860949513523,0.9689158163265308,1.0,1.0,1.0,0,0.0,4,1.0,1.0,1.0,0,0.0,,0.0,False,4.0,0.2141981737218734,0.0165298169662725,0.2307279906881459,,,,,1.0,DESCRIPTIVE_NO_INFERENCE
S06,S06,1103,1103,OK,l1.cpss_one_se,l1,cpss_one_se,l1.final_development_selection_frequency,4,1.0,0.8964285714285715,0.8964166804862803,0.224860949513523,0.9689158163265308,1.0,1.0,1.0,0,0.0,4,1.0,1.0,1.0,0,0.0,,,False,,0.2141981737218734,0.0165298169662725,0.230727990688146,4.0,0.9,4.0,4.0,1.0,DESCRIPTIVE_NO_INFERENCE
S06,S06,1129,1129,OK,shil.fixed_k.k01,shil,fixed_k,shil.final_ranker_score,1,1.0,0.6714285714285714,0.6714118067248329,0.5887595989277472,0.7492729591836733,1.0,0.25,0.4,0,0.0,1,1.0,0.25,0.4,0,0.0,1.0,0.0,False,,,,,,,,,1.0,DESCRIPTIVE_NO_INFERENCE
S06,S06,1129,1129,OK,shil.fixed_k.k02,shil,fixed_k,shil.final_ranker_score,2,1.0,0.7696428571428572,0.7696244917483857,0.4752953375962558,0.8566326530612246,1.0,0.5,0.6666666666666666,0,0.0,2,1.0,0.5,0.6666666666666666,0,0.0,2.0,0.0,False,,,,,,,,,1.0,DESCRIPTIVE_NO_INFERENCE
S06,S06,1129,1129,OK,shil.fixed_k.k04,shil,fixed_k,shil.final_ranker_score,4,1.0,0.9035714285714286,0.903570198599472,0.2155560646517738,0.9705739795918368,1.0,1.0,1.0,0,0.0,4,1.0,1.0,1.0,0,0.0,4.0,0.0,False,,,,,,,,,1.0,DESCRIPTIVE_NO_INFERENCE
S06,S06,1129,1129,OK,shil.fixed_k.k08,shil,fixed_k,shil.final_ranker_score,8,1.0,0.9035714285714286,0.9035714285714286,0.2161317722799692,0.9706122448979592,0.5,1.0,0.6666666666666666,4,0.5,4,0.5,1.0,0.6666666666666666,4,0.5,8.0,0.0,False,,,,,,,,,0.3333333333333333,DESCRIPTIVE_NO_INFERENCE
S06,S06,1129,1129,OK,shil.fixed_k.k16,shil,fixed_k,shil.final_ranker_score,16,1.0,0.8964285714285715,0.896427250347581,0.2168494439053689,0.970280612244898,0.25,1.0,0.4,12,0.75,4,0.25,1.0,0.4,12,0.75,16.0,0.0,False,,,,,,,,,0.14285714285714285,DESCRIPTIVE_NO_INFERENCE
S06,S06,1129,1129,OK,shil.validation_one_se,shil,validation_one_se,shil.final_ranker_score,4,1.0,0.9035714285714286,0.903570198599472,0.2155560646517738,0.9705739795918368,1.0,1.0,1.0,0,0.0,4,1.0,1.0,1.0,0,0.0,,0.0,False,4.0,0.2051559120712179,0.0171912891466033,0.2223472012178213,,,,,1.0,DESCRIPTIVE_NO_INFERENCE
S06,S06,1129,1129,OK,shil.cpss_one_se,shil,cpss_one_se,shil.final_development_selection_frequency,4,1.0,0.9035714285714286,0.903570198599472,0.2155560646517738,0.9705739795918368,1.0,1.0,1.0,0,0.0,4,1.0,1.0,1.0,0,0.0,,,False,,0.2051559120712179,0.0171912891466033,0.2223472012178213,4.0,0.9,4.0,4.0,1.0,DESCRIPTIVE_NO_INFERENCE
S06,S06,1129,1129,OK,l1.fixed_k.k01,l1,fixed_k,l1.final_ranker_score,1,1.0,0.6714285714285714,0.6714118067248329,0.5887595989277472,0.7492729591836733,1.0,0.25,0.4,0,0.0,1,1.0,0.25,0.4,0,0.0,1.0,0.0,False,,,,,,,,,1.0,DESCRIPTIVE_NO_INFERENCE
S06,S06,1129,1129,OK,l1.fixed_k.k02,l1,fixed_k,l1.final_ranker_score,2,1.0,0.7696428571428572,0.7696244917483857,0.4752953375962558,0.8566326530612246,1.0,0.5,0.6666666666666666,0,0.0,2,1.0,0.5,0.6666666666666666,0,0.0,2.0,0.0,False,,,,,,,,,0.7777777777777778,DESCRIPTIVE_NO_INFERENCE
S06,S06,1129,1129,OK,l1.fixed_k.k04,l1,fixed_k,l1.final_ranker_score,4,1.0,0.9035714285714286,0.903570198599472,0.2155560646517738,0.9705739795918368,1.0,1.0,1.0,0,0.0,4,1.0,1.0,1.0,0,0.0,4.0,0.0,False,,,,,,,,,1.0,DESCRIPTIVE_NO_INFERENCE
S06,S06,1129,1129,OK,l1.fixed_k.k08,l1,fixed_k,l1.final_ranker_score,8,1.0,0.8892857142857142,0.8892800653094546,0.2240817060529089,0.9677933673469388,0.5,1.0,0.6666666666666666,4,0.5,4,0.5,1.0,0.6666666666666666,4,0.5,8.0,0.0,False,,,,,,,,,0.3333333333333333,DESCRIPTIVE_NO_INFERENCE
S06,S06,1129,1129,OK,l1.fixed_k.k16,l1,fixed_k,l1.final_ranker_score,16,1.0,0.8732142857142857,0.8732138814218158,0.2512157214085614,0.9614540816326532,0.25,1.0,0.4,12,0.75,4,0.25,1.0,0.4,12,0.75,16.0,0.0,False,,,,,,,,,0.14756025867136977,DESCRIPTIVE_NO_INFERENCE
S06,S06,1129,1129,OK,l1.validation_one_se,l1,validation_one_se,l1.final_ranker_score,4,1.0,0.9035714285714286,0.903570198599472,0.2155560646517738,0.9705739795918368,1.0,1.0,1.0,0,0.0,4,1.0,1.0,1.0,0,0.0,,0.0,False,4.0,0.2051559120712179,0.0171912891466033,0.2223472012178213,,,,,1.0,DESCRIPTIVE_NO_INFERENCE
S06,S06,1129,1129,OK,l1.cpss_one_se,l1,cpss_one_se,l1.final_development_selection_frequency,4,1.0,0.9035714285714286,0.903570198599472,0.2155560646517738,0.9705739795918368,1.0,1.0,1.0,0,0.0,4,1.0,1.0,1.0,0,0.0,,,False,,0.2051559120712179,0.0171912891466033,0.2223472012178213,4.0,0.9,4.0,4.0,1.0,DESCRIPTIVE_NO_INFERENCE
S06,S06,1151,1151,OK,shil.fixed_k.k01,shil,fixed_k,shil.final_ranker_score,1,1.0,0.6982142857142857,0.698213323384322,0.5626037657478419,0.7789540816326532,1.0,0.25,0.4,0,0.0,1,1.0,0.25,0.4,0,0.0,1.0,0.0,False,,,,,,,,,1.0,DESCRIPTIVE_NO_INFERENCE
S06,S06,1151,1151,OK,shil.fixed_k.k02,shil,fixed_k,shil.final_ranker_score,2,1.0,0.8071428571428572,0.807120715388246,0.433099425183392,0.8865051020408163,1.0,0.5,0.6666666666666666,0,0.0,2,1.0,0.5,0.6666666666666666,0,0.0,2.0,0.0,False,,,,,,,,,1.0,DESCRIPTIVE_NO_INFERENCE
S06,S06,1151,1151,OK,shil.fixed_k.k04,shil,fixed_k,shil.final_ranker_score,4,1.0,0.9,0.8999948976988621,0.2120539232600869,0.9724617346938776,1.0,1.0,1.0,0,0.0,4,1.0,1.0,1.0,0,0.0,4.0,0.0,False,,,,,,,,,1.0,DESCRIPTIVE_NO_INFERENCE
S06,S06,1151,1151,OK,shil.fixed_k.k08,shil,fixed_k,shil.final_ranker_score,8,1.0,0.9053571428571427,0.9053495973849957,0.2114262784132364,0.9724872448979592,0.5,1.0,0.6666666666666666,4,0.5,4,0.5,1.0,0.6666666666666666,4,0.5,8.0,0.0,False,,,,,,,,,0.3333333333333333,DESCRIPTIVE_NO_INFERENCE
S06,S06,1151,1151,OK,shil.fixed_k.k16,shil,fixed_k,shil.final_ranker_score,16,1.0,0.8982142857142857,0.8982139611414577,0.2135349342378391,0.9715178571428572,0.25,1.0,0.4,12,0.75,4,0.25,1.0,0.4,12,0.75,16.0,0.0,False,,,,,,,,,0.14756025867136977,DESCRIPTIVE_NO_INFERENCE
S06,S06,1151,1151,OK,shil.validation_one_se,shil,validation_one_se,shil.final_ranker_score,4,1.0,0.9,0.8999948976988621,0.2120539232600869,0.9724617346938776,1.0,1.0,1.0,0,0.0,4,1.0,1.0,1.0,0,0.0,,0.0,False,4.0,0.2306421434721932,0.0184634068073091,0.2491055502795024,,,,,1.0,DESCRIPTIVE_NO_INFERENCE
S06,S06,1151,1151,OK,shil.cpss_one_se,shil,cpss_one_se,shil.final_development_selection_frequency,4,1.0,0.9,0.8999948976988621,0.2120539232600869,0.9724617346938776,1.0,1.0,1.0,0,0.0,4,1.0,1.0,1.0,0,0.0,,,False,,0.2306421434721932,0.0184634068073091,0.2491055502795024,4.0,0.9,4.0,4.0,1.0,DESCRIPTIVE_NO_INFERENCE
S06,S06,1151,1151,OK,l1.fixed_k.k01,l1,fixed_k,l1.final_ranker_score,1,1.0,0.6982142857142857,0.698213323384322,0.5626037657478419,0.7789540816326532,1.0,0.25,0.4,0,0.0,1,1.0,0.25,0.4,0,0.0,1.0,0.0,False,,,,,,,,,1.0,DESCRIPTIVE_NO_INFERENCE
S06,S06,1151,1151,OK,l1.fixed_k.k02,l1,fixed_k,l1.final_ranker_score,2,1.0,0.7392857142857143,0.7388827143933878,0.4809638411815412,0.8429846938775509,1.0,0.5,0.6666666666666666,0,0.0,2,1.0,0.5,0.6666666666666666,0,0.0,2.0,0.0,False,,,,,,,,,0.48148148148148145,DESCRIPTIVE_NO_INFERENCE
S06,S06,1151,1151,OK,l1.fixed_k.k04,l1,fixed_k,l1.final_ranker_score,4,1.0,0.9,0.8999948976988621,0.2120539232600869,0.9724617346938776,1.0,1.0,1.0,0,0.0,4,1.0,1.0,1.0,0,0.0,4.0,0.0,False,,,,,,,,,1.0,DESCRIPTIVE_NO_INFERENCE
S06,S06,1151,1151,OK,l1.fixed_k.k08,l1,fixed_k,l1.final_ranker_score,8,1.0,0.8946428571428572,0.8946425211815088,0.21755180120478,0.970408163265306,0.5,1.0,0.6666666666666666,4,0.5,4,0.5,1.0,0.6666666666666666,4,0.5,8.0,0.0,False,,,,,,,,,0.3333333333333333,DESCRIPTIVE_NO_INFERENCE
S06,S06,1151,1151,OK,l1.fixed_k.k16,l1,fixed_k,l1.final_ranker_score,16,1.0,0.875,0.874998405591908,0.2531110610268898,0.9607397959183672,0.25,1.0,0.4,12,0.75,4,0.25,1.0,0.4,12,0.75,16.0,0.0,False,,,,,,,,,0.14756025867136977,DESCRIPTIVE_NO_INFERENCE
S06,S06,1151,1151,OK,l1.validation_one_se,l1,validation_one_se,l1.final_ranker_score,4,1.0,0.9,0.8999948976988621,0.2120539232600869,0.9724617346938776,1.0,1.0,1.0,0,0.0,4,1.0,1.0,1.0,0,0.0,,0.0,False,4.0,0.2306421434721932,0.0184634068073091,0.2491055502795024,,,,,1.0,DESCRIPTIVE_NO_INFERENCE
S06,S06,1151,1151,OK,l1.cpss_one_se,l1,cpss_one_se,l1.final_development_selection_frequency,4,1.0,0.9,0.8999948976988621,0.2120539232600869,0.9724617346938776,1.0,1.0,1.0,0,0.0,4,1.0,1.0,1.0,0,0.0,,,False,,0.2306421434721932,0.0184634068073091,0.2491055502795024,4.0,0.9,4.0,4.0,1.0,DESCRIPTIVE_NO_INFERENCE
S06,S06,1171,1171,OK,shil.fixed_k.k01,shil,fixed_k,shil.final_ranker_score,1,1.0,0.675,0.6749958545389609,0.5914856579502192,0.7414795918367347,1.0,0.25,0.4,0,0.0,1,1.0,0.25,0.4,0,0.0,1.0,0.0,False,,,,,,,,,1.0,DESCRIPTIVE_NO_INFERENCE
S06,S06,1171,1171,OK,shil.fixed_k.k02,shil,fixed_k,shil.final_ranker_score,2,1.0,0.7339285714285714,0.7339209352309217,0.5157947659650225,0.8250255102040817,1.0,0.5,0.6666666666666666,0,0.0,2,1.0,0.5,0.6666666666666666,0,0.0,2.0,0.0,False,,,,,,,,,1.0,DESCRIPTIVE_NO_INFERENCE
S06,S06,1171,1171,OK,shil.fixed_k.k04,shil,fixed_k,shil.final_ranker_score,4,1.0,0.9053571428571427,0.9053544266257642,0.2314248635890972,0.966785714285714,1.0,1.0,1.0,0,0.0,4,1.0,1.0,1.0,0,0.0,4.0,0.0,False,,,,,,,,,1.0,DESCRIPTIVE_NO_INFERENCE
S06,S06,1171,1171,OK,shil.fixed_k.k08,shil,fixed_k,shil.final_ranker_score,8,1.0,0.8982142857142857,0.8982113644843124,0.2357286703090976,0.9656505102040815,0.5,1.0,0.6666666666666666,4,0.5,4,0.5,1.0,0.6666666666666666,4,0.5,8.0,0.0,False,,,,,,,,,0.3333333333333333,DESCRIPTIVE_NO_INFERENCE
S06,S06,1171,1171,OK,shil.fixed_k.k16,shil,fixed_k,shil.final_ranker_score,16,1.0,0.9035714285714286,0.903560357694123,0.2382492929795313,0.9645025510204082,0.25,1.0,0.4,12,0.75,4,0.25,1.0,0.4,12,0.75,16.0,0.0,False,,,,,,,,,0.14756025867136977,DESCRIPTIVE_NO_INFERENCE
S06,S06,1171,1171,OK,shil.validation_one_se,shil,validation_one_se,shil.final_ranker_score,4,1.0,0.9053571428571427,0.9053544266257642,0.2314248635890972,0.966785714285714,1.0,1.0,1.0,0,0.0,4,1.0,1.0,1.0,0,0.0,,0.0,False,4.0,0.2694130881089244,0.0232684184549277,0.2889925545108632,,,,,1.0,DESCRIPTIVE_NO_INFERENCE
S06,S06,1171,1171,OK,shil.cpss_one_se,shil,cpss_one_se,shil.final_development_selection_frequency,4,1.0,0.9053571428571427,0.9053544266257642,0.2314248635890972,0.966785714285714,1.0,1.0,1.0,0,0.0,4,1.0,1.0,1.0,0,0.0,,,False,,0.2694130881089244,0.0232684184549277,0.2926815065638521,4.0,0.9,4.0,4.0,1.0,DESCRIPTIVE_NO_INFERENCE
S06,S06,1171,1171,OK,l1.fixed_k.k01,l1,fixed_k,l1.final_ranker_score,1,1.0,0.675,0.6749958545389609,0.5914856579502192,0.7414795918367347,1.0,0.25,0.4,0,0.0,1,1.0,0.25,0.4,0,0.0,1.0,0.0,False,,,,,,,,,1.0,DESCRIPTIVE_NO_INFERENCE
S06,S06,1171,1171,OK,l1.fixed_k.k02,l1,fixed_k,l1.final_ranker_score,2,1.0,0.7625,0.7624931837967288,0.5021479434504716,0.833813775510204,1.0,0.5,0.6666666666666666,0,0.0,2,1.0,0.5,0.6666666666666666,0,0.0,2.0,0.0,False,,,,,,,,,0.48148148148148145,DESCRIPTIVE_NO_INFERENCE
S06,S06,1171,1171,OK,l1.fixed_k.k04,l1,fixed_k,l1.final_ranker_score,4,1.0,0.9053571428571427,0.9053544266257642,0.2314248635890972,0.966785714285714,1.0,1.0,1.0,0,0.0,4,1.0,1.0,1.0,0,0.0,4.0,0.0,False,,,,,,,,,1.0,DESCRIPTIVE_NO_INFERENCE
S06,S06,1171,1171,OK,l1.fixed_k.k08,l1,fixed_k,l1.final_ranker_score,8,1.0,0.8839285714285714,0.8839193175476361,0.2429068954413095,0.962295918367347,0.5,1.0,0.6666666666666666,4,0.5,4,0.5,1.0,0.6666666666666666,4,0.5,8.0,0.0,False,,,,,,,,,0.3333333333333333,DESCRIPTIVE_NO_INFERENCE
S06,S06,1171,1171,OK,l1.fixed_k.k16,l1,fixed_k,l1.final_ranker_score,16,1.0,0.875,0.8749856488627521,0.2627699816564131,0.9576785714285714,0.25,1.0,0.4,12,0.75,4,0.25,1.0,0.4,12,0.75,16.0,0.0,False,,,,,,,,,0.14756025867136977,DESCRIPTIVE_NO_INFERENCE
S06,S06,1171,1171,OK,l1.validation_one_se,l1,validation_one_se,l1.final_ranker_score,4,1.0,0.9053571428571427,0.9053544266257642,0.2314248635890972,0.966785714285714,1.0,1.0,1.0,0,0.0,4,1.0,1.0,1.0,0,0.0,,0.0,False,4.0,0.2694130881089244,0.0232684184549277,0.2926815065638522,,,,,1.0,DESCRIPTIVE_NO_INFERENCE
S06,S06,1171,1171,OK,l1.cpss_one_se,l1,cpss_one_se,l1.final_development_selection_frequency,4,1.0,0.9053571428571427,0.9053544266257642,0.2314248635890972,0.966785714285714,1.0,1.0,1.0,0,0.0,4,1.0,1.0,1.0,0,0.0,,,False,,0.2694130881089244,0.0232684184549277,0.2926815065638521,4.0,0.9,4.0,4.0,1.0,DESCRIPTIVE_NO_INFERENCE
S06,S06,1181,1181,OK,shil.fixed_k.k01,shil,fixed_k,shil.final_ranker_score,1,1.0,0.6642857142857143,0.6642814321611246,0.5882533488457543,0.735905612244898,1.0,0.25,0.4,0,0.0,1,1.0,0.25,0.4,0,0.0,1.0,0.0,False,,,,,,,,,1.0,DESCRIPTIVE_NO_INFERENCE
S06,S06,1181,1181,OK,shil.fixed_k.k02,shil,fixed_k,shil.final_ranker_score,2,1.0,0.7607142857142857,0.7603444091007805,0.4703983047314179,0.8567091836734694,1.0,0.5,0.6666666666666666,0,0.0,2,1.0,0.5,0.6666666666666666,0,0.0,2.0,0.0,False,,,,,,,,,1.0,DESCRIPTIVE_NO_INFERENCE
S06,S06,1181,1181,OK,shil.fixed_k.k04,shil,fixed_k,shil.final_ranker_score,4,1.0,0.8839285714285714,0.8839282013016623,0.2318640776704166,0.9661352040816328,1.0,1.0,1.0,0,0.0,4,1.0,1.0,1.0,0,0.0,4.0,0.0,False,,,,,,,,,1.0,DESCRIPTIVE_NO_INFERENCE
S06,S06,1181,1181,OK,shil.fixed_k.k08,shil,fixed_k,shil.final_ranker_score,8,1.0,0.8892857142857142,0.8892800653094546,0.2373471505210307,0.9651530612244896,0.5,1.0,0.6666666666666666,4,0.5,4,0.5,1.0,0.6666666666666666,4,0.5,8.0,0.0,False,,,,,,,,,0.3333333333333333,DESCRIPTIVE_NO_INFERENCE
S06,S06,1181,1181,OK,shil.fixed_k.k16,shil,fixed_k,shil.final_ranker_score,16,1.0,0.8803571428571428,0.880353709130683,0.24234000718736,0.9630484693877552,0.25,1.0,0.4,12,0.75,4,0.25,1.0,0.4,12,0.75,16.0,0.0,False,,,,,,,,,0.14285714285714285,DESCRIPTIVE_NO_INFERENCE
S06,S06,1181,1181,OK,shil.validation_one_se,shil,validation_one_se,shil.final_ranker_score,4,1.0,0.8839285714285714,0.8839282013016623,0.2318640776704166,0.9661352040816328,1.0,1.0,1.0,0,0.0,4,1.0,1.0,1.0,0,0.0,,0.0,False,4.0,0.2212703133563572,0.0192247499370351,0.2404950632933924,,,,,1.0,DESCRIPTIVE_NO_INFERENCE
S06,S06,1181,1181,OK,shil.cpss_one_se,shil,cpss_one_se,shil.final_development_selection_frequency,4,1.0,0.8839285714285714,0.8839282013016623,0.2318640776704166,0.9661352040816328,1.0,1.0,1.0,0,0.0,4,1.0,1.0,1.0,0,0.0,,,False,,0.2212703133563572,0.0192247499370351,0.2404950632933924,4.0,0.9,4.0,4.0,1.0,DESCRIPTIVE_NO_INFERENCE
S06,S06,1181,1181,OK,l1.fixed_k.k01,l1,fixed_k,l1.final_ranker_score,1,1.0,0.6642857142857143,0.6642814321611246,0.5882533488457543,0.735905612244898,1.0,0.25,0.4,0,0.0,1,1.0,0.25,0.4,0,0.0,1.0,0.0,False,,,,,,,,,1.0,DESCRIPTIVE_NO_INFERENCE
S06,S06,1181,1181,OK,l1.fixed_k.k02,l1,fixed_k,l1.final_ranker_score,2,1.0,0.7607142857142857,0.7603444091007805,0.4703983047314179,0.8567091836734694,1.0,0.5,0.6666666666666666,0,0.0,2,1.0,0.5,0.6666666666666666,0,0.0,2.0,0.0,False,,,,,,,,,0.7777777777777778,DESCRIPTIVE_NO_INFERENCE
S06,S06,1181,1181,OK,l1.fixed_k.k04,l1,fixed_k,l1.final_ranker_score,4,1.0,0.8839285714285714,0.8839282013016623,0.2318640776704166,0.9661352040816328,1.0,1.0,1.0,0,0.0,4,1.0,1.0,1.0,0,0.0,4.0,0.0,False,,,,,,,,,1.0,DESCRIPTIVE_NO_INFERENCE
S06,S06,1181,1181,OK,l1.fixed_k.k08,l1,fixed_k,l1.final_ranker_score,8,1.0,0.8803571428571428,0.880353709130683,0.2351910570932659,0.9652295918367348,0.5,1.0,0.6666666666666666,4,0.5,4,0.5,1.0,0.6666666666666666,4,0.5,8.0,0.0,False,,,,,,,,,0.3333333333333333,DESCRIPTIVE_NO_INFERENCE
S06,S06,1181,1181,OK,l1.fixed_k.k16,l1,fixed_k,l1.final_ranker_score,16,1.0,0.875,0.8749744845886915,0.2449296119483277,0.9630739795918368,0.25,1.0,0.4,12,0.75,4,0.25,1.0,0.4,12,0.75,16.0,0.0,False,,,,,,,,,0.14756025867136977,DESCRIPTIVE_NO_INFERENCE
S06,S06,1181,1181,OK,l1.validation_one_se,l1,validation_one_se,l1.final_ranker_score,4,1.0,0.8839285714285714,0.8839282013016623,0.2318640776704166,0.9661352040816328,1.0,1.0,1.0,0,0.0,4,1.0,1.0,1.0,0,0.0,,0.0,False,4.0,0.2212703133563572,0.0192247499370351,0.2404950632933924,,,,,1.0,DESCRIPTIVE_NO_INFERENCE
S06,S06,1181,1181,OK,l1.cpss_one_se,l1,cpss_one_se,l1.final_development_selection_frequency,4,1.0,0.8839285714285714,0.8839282013016623,0.2318640776704166,0.9661352040816328,1.0,1.0,1.0,0,0.0,4,1.0,1.0,1.0,0,0.0,,,False,,0.2212703133563572,0.0192247499370351,0.2404950632933924,4.0,0.9,4.0,4.0,1.0,DESCRIPTIVE_NO_INFERENCE
S06,S06,1201,1201,OK,shil.fixed_k.k01,shil,fixed_k,shil.final_ranker_score,1,1.0,0.6392857142857142,0.6391200040835077,0.6259297417550755,0.7039795918367346,1.0,0.25,0.4,0,0.0,1,1.0,0.25,0.4,0,0.0,1.0,0.0,False,,,,,,,,,1.0,DESCRIPTIVE_NO_INFERENCE
S06,S06,1201,1201,OK,shil.fixed_k.k02,shil,fixed_k,shil.final_ranker_score,2,1.0,0.7517857142857143,0.7517215862515509,0.5160608166299007,0.8313647959183673,1.0,0.5,0.6666666666666666,0,0.0,2,1.0,0.5,0.6666666666666666,0,0.0,2.0,0.0,False,,,,,,,,,1.0,DESCRIPTIVE_NO_INFERENCE
S06,S06,1201,1201,OK,shil.fixed_k.k04,shil,fixed_k,shil.final_ranker_score,4,1.0,0.8928571428571429,0.8928352725045927,0.2241927384542397,0.969030612244898,1.0,1.0,1.0,0,0.0,4,1.0,1.0,1.0,0,0.0,4.0,0.0,False,,,,,,,,,1.0,DESCRIPTIVE_NO_INFERENCE
S06,S06,1201,1201,OK,shil.fixed_k.k08,shil,fixed_k,shil.final_ranker_score,8,1.0,0.8892857142857142,0.8892730032784375,0.2310703700116555,0.9668367346938777,0.5,1.0,0.6666666666666666,4,0.5,4,0.5,1.0,0.6666666666666666,4,0.5,8.0,0.0,False,,,,,,,,,0.3333333333333333,DESCRIPTIVE_NO_INFERENCE
S06,S06,1201,1201,OK,shil.fixed_k.k16,shil,fixed_k,shil.final_ranker_score,16,1.0,0.8803571428571428,0.880292632190179,0.235741655754885,0.9649617346938776,0.25,1.0,0.4,12,0.75,4,0.25,1.0,0.4,12,0.75,16.0,0.0,False,,,,,,,,,0.14756025867136977,DESCRIPTIVE_NO_INFERENCE
S06,S06,1201,1201,OK,shil.validation_one_se,shil,validation_one_se,shil.final_ranker_score,4,1.0,0.8928571428571429,0.8928352725045927,0.2241927384542397,0.969030612244898,1.0,1.0,1.0,0,0.0,4,1.0,1.0,1.0,0,0.0,,0.0,False,4.0,0.2354418993389903,0.0199575407850343,0.2553994401240247,,,,,1.0,DESCRIPTIVE_NO_INFERENCE
S06,S06,1201,1201,OK,shil.cpss_one_se,shil,cpss_one_se,shil.final_development_selection_frequency,4,1.0,0.8928571428571429,0.8928352725045927,0.2241927384542397,0.969030612244898,1.0,1.0,1.0,0,0.0,4,1.0,1.0,1.0,0,0.0,,,False,,0.2354418993389903,0.0199575407850343,0.2553994401240247,4.0,0.9,4.0,4.0,1.0,DESCRIPTIVE_NO_INFERENCE
S06,S06,1201,1201,OK,l1.fixed_k.k01,l1,fixed_k,l1.final_ranker_score,1,1.0,0.6392857142857142,0.6391200040835077,0.6259297417550755,0.7039795918367346,1.0,0.25,0.4,0,0.0,1,1.0,0.25,0.4,0,0.0,1.0,0.0,False,,,,,,,,,1.0,DESCRIPTIVE_NO_INFERENCE
S06,S06,1201,1201,OK,l1.fixed_k.k02,l1,fixed_k,l1.final_ranker_score,2,1.0,0.7517857142857143,0.7517215862515509,0.5160608166299007,0.8313647959183673,1.0,0.5,0.6666666666666666,0,0.0,2,1.0,0.5,0.6666666666666666,0,0.0,2.0,0.0,False,,,,,,,,,0.7777777777777778,DESCRIPTIVE_NO_INFERENCE
S06,S06,1201,1201,OK,l1.fixed_k.k04,l1,fixed_k,l1.final_ranker_score,4,1.0,0.8928571428571429,0.8928352725045927,0.2241927384542397,0.969030612244898,1.0,1.0,1.0,0,0.0,4,1.0,1.0,1.0,0,0.0,4.0,0.0,False,,,,,,,,,1.0,DESCRIPTIVE_NO_INFERENCE
S06,S06,1201,1201,OK,l1.fixed_k.k08,l1,fixed_k,l1.final_ranker_score,8,1.0,0.8928571428571429,0.8928352725045927,0.2296639287521702,0.9667602040816324,0.5,1.0,0.6666666666666666,4,0.5,4,0.5,1.0,0.6666666666666666,4,0.5,8.0,0.0,False,,,,,,,,,0.3333333333333333,DESCRIPTIVE_NO_INFERENCE
S06,S06,1201,1201,OK,l1.fixed_k.k16,l1,fixed_k,l1.final_ranker_score,16,1.0,0.8875,0.8874192261667332,0.2464171487334575,0.9630484693877552,0.25,1.0,0.4,12,0.75,4,0.25,1.0,0.4,12,0.75,16.0,0.0,False,,,,,,,,,0.14756025867136977,DESCRIPTIVE_NO_INFERENCE
S06,S06,1201,1201,OK,l1.validation_one_se,l1,validation_one_se,l1.final_ranker_score,4,1.0,0.8928571428571429,0.8928352725045927,0.2241927384542397,0.969030612244898,1.0,1.0,1.0,0,0.0,4,1.0,1.0,1.0,0,0.0,,0.0,False,4.0,0.2354418993389903,0.0199575407850343,0.2553994401240247,,,,,1.0,DESCRIPTIVE_NO_INFERENCE
S06,S06,1201,1201,OK,l1.cpss_one_se,l1,cpss_one_se,l1.final_development_selection_frequency,4,1.0,0.8928571428571429,0.8928352725045927,0.2241927384542397,0.969030612244898,1.0,1.0,1.0,0,0.0,4,1.0,1.0,1.0,0,0.0,,,False,,0.2354418993389903,0.0199575407850343,0.2553994401240247,4.0,0.9,4.0,4.0,1.0,DESCRIPTIVE_NO_INFERENCE
S06,S06,1213,1213,OK,shil.fixed_k.k01,shil,fixed_k,shil.final_ranker_score,1,1.0,0.6482142857142857,0.6482131639450381,0.6098987260055048,0.7267219387755102,1.0,0.25,0.4,0,0.0,1,1.0,0.25,0.4,0,0.0,1.0,0.0,False,,,,,,,,,1.0,DESCRIPTIVE_NO_INFERENCE
S06,S06,1213,1213,OK,shil.fixed_k.k02,shil,fixed_k,shil.final_ranker_score,2,1.0,0.7571428571428571,0.7571149749333469,0.4857545619461514,0.8491326530612244,1.0,0.5,0.6666666666666666,0,0.0,2,1.0,0.5,0.6666666666666666,0,0.0,2.0,0.0,False,,,,,,,,,1.0,DESCRIPTIVE_NO_INFERENCE
S06,S06,1213,1213,OK,shil.fixed_k.k04,shil,fixed_k,shil.final_ranker_score,4,1.0,0.8910714285714286,0.8910544058223383,0.2148577184246257,0.9718877551020408,1.0,1.0,1.0,0,0.0,4,1.0,1.0,1.0,0,0.0,4.0,0.0,False,,,,,,,,,1.0,DESCRIPTIVE_NO_INFERENCE
S06,S06,1213,1213,OK,shil.fixed_k.k08,shil,fixed_k,shil.final_ranker_score,8,1.0,0.8839285714285714,0.8839193175476361,0.2179965875681405,0.970625,0.5,1.0,0.6666666666666666,4,0.5,4,0.5,1.0,0.6666666666666666,4,0.5,8.0,0.0,False,,,,,,,,,0.3333333333333333,DESCRIPTIVE_NO_INFERENCE
S06,S06,1213,1213,OK,shil.fixed_k.k16,shil,fixed_k,shil.final_ranker_score,16,1.0,0.8839285714285714,0.8839193175476361,0.2255000260757284,0.9679464285714284,0.25,1.0,0.4,12,0.75,4,0.25,1.0,0.4,12,0.75,16.0,0.0,False,,,,,,,,,0.14285714285714285,DESCRIPTIVE_NO_INFERENCE
S06,S06,1213,1213,OK,shil.validation_one_se,shil,validation_one_se,shil.final_ranker_score,4,1.0,0.8910714285714286,0.8910544058223383,0.2148577184246257,0.9718877551020408,1.0,1.0,1.0,0,0.0,4,1.0,1.0,1.0,0,0.0,,0.0,False,4.0,0.3158158117703895,0.0270300420199336,0.3402795295021308,,,,,1.0,DESCRIPTIVE_NO_INFERENCE
S06,S06,1213,1213,OK,shil.cpss_one_se,shil,cpss_one_se,shil.final_development_selection_frequency,4,1.0,0.8910714285714286,0.8910544058223383,0.2148577184246257,0.9718877551020408,1.0,1.0,1.0,0,0.0,4,1.0,1.0,1.0,0,0.0,,,False,,0.3158158117703895,0.0270300420199336,0.3428458537903232,4.0,0.9,4.0,4.0,1.0,DESCRIPTIVE_NO_INFERENCE
S06,S06,1213,1213,OK,l1.fixed_k.k01,l1,fixed_k,l1.final_ranker_score,1,1.0,0.6482142857142857,0.6482131639450381,0.6098987260055048,0.7267219387755102,1.0,0.25,0.4,0,0.0,1,1.0,0.25,0.4,0,0.0,1.0,0.0,False,,,,,,,,,1.0,DESCRIPTIVE_NO_INFERENCE
S06,S06,1213,1213,OK,l1.fixed_k.k02,l1,fixed_k,l1.final_ranker_score,2,1.0,0.7571428571428571,0.7571149749333469,0.4857545619461514,0.8491326530612244,1.0,0.5,0.6666666666666666,0,0.0,2,1.0,0.5,0.6666666666666666,0,0.0,2.0,0.0,False,,,,,,,,,0.7777777777777778,DESCRIPTIVE_NO_INFERENCE
S06,S06,1213,1213,OK,l1.fixed_k.k04,l1,fixed_k,l1.final_ranker_score,4,1.0,0.8910714285714286,0.8910544058223383,0.2148577184246257,0.9718877551020408,1.0,1.0,1.0,0,0.0,4,1.0,1.0,1.0,0,0.0,4.0,0.0,False,,,,,,,,,1.0,DESCRIPTIVE_NO_INFERENCE
S06,S06,1213,1213,OK,l1.fixed_k.k08,l1,fixed_k,l1.final_ranker_score,8,1.0,0.8946428571428572,0.8946398334135865,0.2197475962987523,0.9701913265306122,0.5,1.0,0.6666666666666666,4,0.5,4,0.5,1.0,0.6666666666666666,4,0.5,8.0,0.0,False,,,,,,,,,0.3333333333333333,DESCRIPTIVE_NO_INFERENCE
S06,S06,1213,1213,OK,l1.fixed_k.k16,l1,fixed_k,l1.final_ranker_score,16,1.0,0.8928571428571429,0.8928448418823589,0.2470187605519628,0.9627678571428572,0.25,1.0,0.4,12,0.75,4,0.25,1.0,0.4,12,0.75,16.0,0.0,False,,,,,,,,,0.14285714285714285,DESCRIPTIVE_NO_INFERENCE
S06,S06,1213,1213,OK,l1.validation_one_se,l1,validation_one_se,l1.final_ranker_score,4,1.0,0.8910714285714286,0.8910544058223383,0.2148577184246257,0.9718877551020408,1.0,1.0,1.0,0,0.0,4,1.0,1.0,1.0,0,0.0,,0.0,False,4.0,0.3158158117703895,0.0270300420199336,0.3428458537903232,,,,,1.0,DESCRIPTIVE_NO_INFERENCE
S06,S06,1213,1213,OK,l1.cpss_one_se,l1,cpss_one_se,l1.final_development_selection_frequency,4,1.0,0.8910714285714286,0.8910544058223383,0.2148577184246257,0.9718877551020408,1.0,1.0,1.0,0,0.0,4,1.0,1.0,1.0,0,0.0,,,False,,0.3158158117703895,0.0270300420199336,0.3428458537903232,4.0,0.9,4.0,4.0,1.0,DESCRIPTIVE_NO_INFERENCE
S06,S06,1231,1231,OK,shil.fixed_k.k01,shil,fixed_k,shil.final_ranker_score,1,1.0,0.6571428571428571,0.6570334928229664,0.6025037320821669,0.7284056122448979,1.0,0.25,0.4,0,0.0,1,1.0,0.25,0.4,0,0.0,1.0,0.0,False,,,,,,,,,1.0,DESCRIPTIVE_NO_INFERENCE
S06,S06,1231,1231,OK,shil.fixed_k.k02,shil,fixed_k,shil.final_ranker_score,2,1.0,0.7375,0.7373986774233681,0.5009229220884331,0.8289668367346938,1.0,0.5,0.6666666666666666,0,0.0,2,1.0,0.5,0.6666666666666666,0,0.0,2.0,0.0,False,,,,,,,,,1.0,DESCRIPTIVE_NO_INFERENCE
S06,S06,1231,1231,OK,shil.fixed_k.k04,shil,fixed_k,shil.final_ranker_score,4,1.0,0.8785714285714286,0.878565232920047,0.2598004574692016,0.9578954081632652,1.0,1.0,1.0,0,0.0,4,1.0,1.0,1.0,0,0.0,4.0,0.0,False,,,,,,,,,1.0,DESCRIPTIVE_NO_INFERENCE
S06,S06,1231,1231,OK,shil.fixed_k.k08,shil,fixed_k,shil.final_ranker_score,8,1.0,0.8785714285714286,0.878565232920047,0.2615691019086643,0.9573469387755102,0.5,1.0,0.6666666666666666,4,0.5,4,0.5,1.0,0.6666666666666666,4,0.5,8.0,0.0,False,,,,,,,,,0.3333333333333333,DESCRIPTIVE_NO_INFERENCE
S06,S06,1231,1231,OK,shil.fixed_k.k16,shil,fixed_k,shil.final_ranker_score,16,1.0,0.8839285714285714,0.8839104324336391,0.2621507034263841,0.9577040816326532,0.25,1.0,0.4,12,0.75,4,0.25,1.0,0.4,12,0.75,16.0,0.0,False,,,,,,,,,0.14756025867136977,DESCRIPTIVE_NO_INFERENCE
S06,S06,1231,1231,OK,shil.validation_one_se,shil,validation_one_se,shil.final_ranker_score,4,1.0,0.8785714285714286,0.878565232920047,0.2598004574692016,0.9578954081632652,1.0,1.0,1.0,0,0.0,4,1.0,1.0,1.0,0,0.0,,0.0,False,4.0,0.2162507010074904,0.0180788684812258,0.2343295694887163,,,,,1.0,DESCRIPTIVE_NO_INFERENCE
S06,S06,1231,1231,OK,shil.cpss_one_se,shil,cpss_one_se,shil.final_development_selection_frequency,4,1.0,0.8785714285714286,0.878565232920047,0.2598004574692016,0.9578954081632652,1.0,1.0,1.0,0,0.0,4,1.0,1.0,1.0,0,0.0,,,False,,0.2162507010074904,0.0180788684812258,0.2343295694887163,4.0,0.9,4.0,4.0,1.0,DESCRIPTIVE_NO_INFERENCE
S06,S06,1231,1231,OK,l1.fixed_k.k01,l1,fixed_k,l1.final_ranker_score,1,1.0,0.6571428571428571,0.6570334928229664,0.6025037320821669,0.7284056122448979,1.0,0.25,0.4,0,0.0,1,1.0,0.25,0.4,0,0.0,1.0,0.0,False,,,,,,,,,1.0,DESCRIPTIVE_NO_INFERENCE
S06,S06,1231,1231,OK,l1.fixed_k.k02,l1,fixed_k,l1.final_ranker_score,2,1.0,0.725,0.7247155862562086,0.5186311483316487,0.8165051020408163,1.0,0.5,0.6666666666666666,0,0.0,2,1.0,0.5,0.6666666666666666,0,0.0,2.0,0.0,False,,,,,,,,,0.48148148148148145,DESCRIPTIVE_NO_INFERENCE
S06,S06,1231,1231,OK,l1.fixed_k.k04,l1,fixed_k,l1.final_ranker_score,4,1.0,0.8785714285714286,0.878565232920047,0.2598004574692016,0.9578954081632652,1.0,1.0,1.0,0,0.0,4,1.0,1.0,1.0,0,0.0,4.0,0.0,False,,,,,,,,,1.0,DESCRIPTIVE_NO_INFERENCE
S06,S06,1231,1231,OK,l1.fixed_k.k08,l1,fixed_k,l1.final_ranker_score,8,1.0,0.8678571428571429,0.8678504005306393,0.2981935492570728,0.9473086734693876,0.5,1.0,0.6666666666666666,4,0.5,4,0.5,1.0,0.6666666666666666,4,0.5,8.0,0.0,False,,,,,,,,,0.3333333333333333,DESCRIPTIVE_NO_INFERENCE
S06,S06,1231,1231,OK,l1.fixed_k.k16,l1,fixed_k,l1.final_ranker_score,16,1.0,0.8571428571428571,0.8571410349621806,0.3321528325778235,0.9399107142857144,0.25,1.0,0.4,12,0.75,4,0.25,1.0,0.4,12,0.75,16.0,0.0,False,,,,,,,,,0.14756025867136977,DESCRIPTIVE_NO_INFERENCE
S06,S06,1231,1231,OK,l1.validation_one_se,l1,validation_one_se,l1.final_ranker_score,4,1.0,0.8785714285714286,0.878565232920047,0.2598004574692016,0.9578954081632652,1.0,1.0,1.0,0,0.0,4,1.0,1.0,1.0,0,0.0,,0.0,False,4.0,0.2162507010074904,0.0180788684812258,0.2343295694887163,,,,,1.0,DESCRIPTIVE_NO_INFERENCE
S06,S06,1231,1231,OK,l1.cpss_one_se,l1,cpss_one_se,l1.final_development_selection_frequency,4,1.0,0.8785714285714286,0.878565232920047,0.2598004574692016,0.9578954081632652,1.0,1.0,1.0,0,0.0,4,1.0,1.0,1.0,0,0.0,,,False,,0.2162507010074904,0.0180788684812258,0.2343295694887163,4.0,0.9,4.0,4.0,1.0,DESCRIPTIVE_NO_INFERENCE
S06,S06,1249,1249,OK,shil.fixed_k.k01,shil,fixed_k,shil.final_ranker_score,1,1.0,0.6446428571428572,0.6445056925663282,0.5945894106781395,0.7325892857142857,1.0,0.25,0.4,0,0.0,1,1.0,0.25,0.4,0,0.0,1.0,0.0,False,,,,,,,,,1.0,DESCRIPTIVE_NO_INFERENCE
S06,S06,1249,1249,OK,shil.fixed_k.k02,shil,fixed_k,shil.final_ranker_score,2,1.0,0.7696428571428572,0.7694303742926358,0.4692389699288798,0.8591581632653061,1.0,0.5,0.6666666666666666,0,0.0,2,1.0,0.5,0.6666666666666666,0,0.0,2.0,0.0,False,,,,,,,,,1.0,DESCRIPTIVE_NO_INFERENCE
S06,S06,1249,1249,OK,shil.fixed_k.k04,shil,fixed_k,shil.final_ranker_score,4,1.0,0.8946428571428572,0.8946398334135865,0.2299429678434487,0.9669642857142856,1.0,1.0,1.0,0,0.0,4,1.0,1.0,1.0,0,0.0,4.0,0.0,False,,,,,,,,,1.0,DESCRIPTIVE_NO_INFERENCE
S06,S06,1249,1249,OK,shil.fixed_k.k08,shil,fixed_k,shil.final_ranker_score,8,1.0,0.9,0.8999948976988621,0.2306159550949895,0.966875,0.5,1.0,0.6666666666666666,4,0.5,4,0.5,1.0,0.6666666666666666,4,0.5,8.0,0.0,False,,,,,,,,,0.3333333333333333,DESCRIPTIVE_NO_INFERENCE
S06,S06,1249,1249,OK,shil.fixed_k.k16,shil,fixed_k,shil.final_ranker_score,16,1.0,0.8857142857142857,0.8856909573382323,0.2380563351238529,0.9644770408163266,0.25,1.0,0.4,12,0.75,4,0.25,1.0,0.4,12,0.75,16.0,0.0,False,,,,,,,,,0.14285714285714285,DESCRIPTIVE_NO_INFERENCE
S06,S06,1249,1249,OK,shil.validation_one_se,shil,validation_one_se,shil.final_ranker_score,4,1.0,0.8946428571428572,0.8946398334135865,0.2299429678434487,0.9669642857142856,1.0,1.0,1.0,0,0.0,4,1.0,1.0,1.0,0,0.0,,0.0,False,4.0,0.241033573963639,0.0183337168712269,0.259367290834866,,,,,1.0,DESCRIPTIVE_NO_INFERENCE
S06,S06,1249,1249,OK,shil.cpss_one_se,shil,cpss_one_se,shil.final_development_selection_frequency,4,1.0,0.8946428571428572,0.8946398334135865,0.2299429678434487,0.9669642857142856,1.0,1.0,1.0,0,0.0,4,1.0,1.0,1.0,0,0.0,,,False,,0.241033573963639,0.0183337168712269,0.259367290834866,4.0,0.9,4.0,4.0,1.0,DESCRIPTIVE_NO_INFERENCE
S06,S06,1249,1249,OK,l1.fixed_k.k01,l1,fixed_k,l1.final_ranker_score,1,1.0,0.6446428571428572,0.6445056925663282,0.5945894106781395,0.7325892857142857,1.0,0.25,0.4,0,0.0,1,1.0,0.25,0.4,0,0.0,1.0,0.0,False,,,,,,,,,1.0,DESCRIPTIVE_NO_INFERENCE
S06,S06,1249,1249,OK,l1.fixed_k.k02,l1,fixed_k,l1.final_ranker_score,2,1.0,0.7696428571428572,0.7694303742926358,0.4692389699288798,0.8591581632653061,1.0,0.5,0.6666666666666666,0,0.0,2,1.0,0.5,0.6666666666666666,0,0.0,2.0,0.0,False,,,,,,,,,0.7777777777777778,DESCRIPTIVE_NO_INFERENCE
S06,S06,1249,1249,OK,l1.fixed_k.k04,l1,fixed_k,l1.final_ranker_score,4,1.0,0.8946428571428572,0.8946398334135865,0.2299429678434487,0.9669642857142856,1.0,1.0,1.0,0,0.0,4,1.0,1.0,1.0,0,0.0,4.0,0.0,False,,,,,,,,,1.0,DESCRIPTIVE_NO_INFERENCE
S06,S06,1249,1249,OK,l1.fixed_k.k08,l1,fixed_k,l1.final_ranker_score,8,1.0,0.8910714285714286,0.8910627441600893,0.2293376213610846,0.9669770408163264,0.5,1.0,0.6666666666666666,4,0.5,4,0.5,1.0,0.6666666666666666,4,0.5,8.0,0.0,False,,,,,,,,,0.3333333333333333,DESCRIPTIVE_NO_INFERENCE
S06,S06,1249,1249,OK,l1.fixed_k.k16,l1,fixed_k,l1.final_ranker_score,16,1.0,0.9,0.8999987244735265,0.2311967619456431,0.9671045918367348,0.25,1.0,0.4,12,0.75,4,0.25,1.0,0.4,12,0.75,16.0,0.0,False,,,,,,,,,0.14756025867136977,DESCRIPTIVE_NO_INFERENCE
S06,S06,1249,1249,OK,l1.validation_one_se,l1,validation_one_se,l1.final_ranker_score,4,1.0,0.8946428571428572,0.8946398334135865,0.2299429678434487,0.9669642857142856,1.0,1.0,1.0,0,0.0,4,1.0,1.0,1.0,0,0.0,,0.0,False,4.0,0.241033573963639,0.0183337168712269,0.259367290834866,,,,,1.0,DESCRIPTIVE_NO_INFERENCE
S06,S06,1249,1249,OK,l1.cpss_one_se,l1,cpss_one_se,l1.final_development_selection_frequency,4,1.0,0.8946428571428572,0.8946398334135865,0.2299429678434487,0.9669642857142856,1.0,1.0,1.0,0,0.0,4,1.0,1.0,1.0,0,0.0,,,False,,0.241033573963639,0.0183337168712269,0.259367290834866,4.0,0.9,4.0,4.0,1.0,DESCRIPTIVE_NO_INFERENCE
S06,S06,1277,1277,OK,shil.fixed_k.k01,shil,fixed_k,shil.final_ranker_score,1,1.0,0.6607142857142857,0.6607142857142857,0.5681261059321224,0.7505357142857143,1.0,0.25,0.4,0,0.0,1,1.0,0.25,0.4,0,0.0,1.0,0.0,False,,,,,,,,,1.0,DESCRIPTIVE_NO_INFERENCE
S06,S06,1277,1277,OK,shil.fixed_k.k02,shil,fixed_k,shil.final_ranker_score,2,1.0,0.7375,0.7374321811437266,0.493497531080776,0.8339413265306124,1.0,0.5,0.6666666666666666,0,0.0,2,1.0,0.5,0.6666666666666666,0,0.0,2.0,0.0,False,,,,,,,,,1.0,DESCRIPTIVE_NO_INFERENCE
S06,S06,1277,1277,OK,shil.fixed_k.k04,shil,fixed_k,shil.final_ranker_score,4,1.0,0.8946428571428572,0.8946425211815088,0.2198139429286712,0.969719387755102,1.0,1.0,1.0,0,0.0,4,1.0,1.0,1.0,0,0.0,4.0,0.0,False,,,,,,,,,1.0,DESCRIPTIVE_NO_INFERENCE
S06,S06,1277,1277,OK,shil.fixed_k.k08,shil,fixed_k,shil.final_ranker_score,8,1.0,0.8946428571428572,0.8946425211815088,0.2172932325339896,0.9703188775510204,0.5,1.0,0.6666666666666666,4,0.5,4,0.5,1.0,0.6666666666666666,4,0.5,8.0,0.0,False,,,,,,,,,0.3333333333333333,DESCRIPTIVE_NO_INFERENCE
S06,S06,1277,1277,OK,shil.fixed_k.k16,shil,fixed_k,shil.final_ranker_score,16,1.0,0.8964285714285715,0.896427250347581,0.2181806837577406,0.9705739795918368,0.25,1.0,0.4,12,0.75,4,0.25,1.0,0.4,12,0.75,16.0,0.0,False,,,,,,,,,0.14285714285714285,DESCRIPTIVE_NO_INFERENCE
S06,S06,1277,1277,OK,shil.validation_one_se,shil,validation_one_se,shil.final_ranker_score,4,1.0,0.8946428571428572,0.8946425211815088,0.2198139429286712,0.969719387755102,1.0,1.0,1.0,0,0.0,4,1.0,1.0,1.0,0,0.0,,0.0,False,4.0,0.209778570487811,0.0175442212110659,0.227322791698877,,,,,1.0,DESCRIPTIVE_NO_INFERENCE
S06,S06,1277,1277,OK,shil.cpss_one_se,shil,cpss_one_se,shil.final_development_selection_frequency,4,1.0,0.8946428571428572,0.8946425211815088,0.2198139429286712,0.969719387755102,1.0,1.0,1.0,0,0.0,4,1.0,1.0,1.0,0,0.0,,,False,,0.209778570487811,0.0175442212110659,0.227322791698877,4.0,0.9,4.0,4.0,1.0,DESCRIPTIVE_NO_INFERENCE
S06,S06,1277,1277,OK,l1.fixed_k.k01,l1,fixed_k,l1.final_ranker_score,1,1.0,0.6607142857142857,0.6607142857142857,0.5681261059321224,0.7505357142857143,1.0,0.25,0.4,0,0.0,1,1.0,0.25,0.4,0,0.0,1.0,0.0,False,,,,,,,,,1.0,DESCRIPTIVE_NO_INFERENCE
S06,S06,1277,1277,OK,l1.fixed_k.k02,l1,fixed_k,l1.final_ranker_score,2,1.0,0.7375,0.7374321811437266,0.493497531080776,0.8339413265306124,1.0,0.5,0.6666666666666666,0,0.0,2,1.0,0.5,0.6666666666666666,0,0.0,2.0,0.0,False,,,,,,,,,0.7777777777777778,DESCRIPTIVE_NO_INFERENCE
S06,S06,1277,1277,OK,l1.fixed_k.k04,l1,fixed_k,l1.final_ranker_score,4,1.0,0.8946428571428572,0.8946425211815088,0.2198139429286712,0.969719387755102,1.0,1.0,1.0,0,0.0,4,1.0,1.0,1.0,0,0.0,4.0,0.0,False,,,,,,,,,1.0,DESCRIPTIVE_NO_INFERENCE
S06,S06,1277,1277,OK,l1.fixed_k.k08,l1,fixed_k,l1.final_ranker_score,8,1.0,0.8857142857142857,0.8857084545129854,0.2348455924020437,0.9655229591836736,0.5,1.0,0.6666666666666666,4,0.5,4,0.5,1.0,0.6666666666666666,4,0.5,8.0,0.0,False,,,,,,,,,0.3333333333333333,DESCRIPTIVE_NO_INFERENCE
S06,S06,1277,1277,OK,l1.fixed_k.k16,l1,fixed_k,l1.final_ranker_score,16,1.0,0.8910714285714286,0.8910683023428605,0.2527883695193779,0.9629336734693876,0.25,1.0,0.4,12,0.75,4,0.25,1.0,0.4,12,0.75,16.0,0.0,False,,,,,,,,,0.14285714285714285,DESCRIPTIVE_NO_INFERENCE
S06,S06,1277,1277,OK,l1.validation_one_se,l1,validation_one_se,l1.final_ranker_score,4,1.0,0.8946428571428572,0.8946425211815088,0.2198139429286712,0.969719387755102,1.0,1.0,1.0,0,0.0,4,1.0,1.0,1.0,0,0.0,,0.0,False,4.0,0.209778570487811,0.0175442212110659,0.227322791698877,,,,,1.0,DESCRIPTIVE_NO_INFERENCE
S06,S06,1277,1277,OK,l1.cpss_one_se,l1,cpss_one_se,l1.final_development_selection_frequency,4,1.0,0.8946428571428572,0.8946425211815088,0.2198139429286712,0.969719387755102,1.0,1.0,1.0,0,0.0,4,1.0,1.0,1.0,0,0.0,,,False,,0.209778570487811,0.0175442212110659,0.227322791698877,4.0,0.9,4.0,4.0,1.0,DESCRIPTIVE_NO_INFERENCE
S07,S07,1103,1103,OK,shil.fixed_k.k01,shil,fixed_k,shil.final_ranker_score,1,1.0,0.625,0.6249952167757242,0.6405774419779099,0.6838137755102041,1.0,0.25,0.4,0,0.0,1,1.0,0.25,0.4,0,0.0,1.0,0.0,False,,,,,,,,,1.0,DESCRIPTIVE_NO_INFERENCE
S07,S07,1103,1103,OK,shil.fixed_k.k02,shil,fixed_k,shil.final_ranker_score,2,1.0,0.6767857142857143,0.6767599457864945,0.5937161790647983,0.7439158163265307,1.0,0.5,0.6666666666666666,0,0.0,2,1.0,0.5,0.6666666666666666,0,0.0,2.0,0.0,False,,,,,,,,,1.0,DESCRIPTIVE_NO_INFERENCE
S07,S07,1103,1103,OK,shil.fixed_k.k04,shil,fixed_k,shil.final_ranker_score,4,1.0,0.7678571428571429,0.7678452982295014,0.4787025706754014,0.8504209183673468,1.0,1.0,1.0,0,0.0,4,1.0,1.0,1.0,0,0.0,4.0,0.0,False,,,,,,,,,1.0,DESCRIPTIVE_NO_INFERENCE
S07,S07,1103,1103,OK,shil.fixed_k.k08,shil,fixed_k,shil.final_ranker_score,8,1.0,0.7785714285714286,0.7785460065568752,0.4811129974774454,0.8484693877551022,0.5,1.0,0.6666666666666666,4,0.5,4,0.5,1.0,0.6666666666666666,4,0.5,8.0,0.0,False,,,,,,,,,0.3333333333333333,DESCRIPTIVE_NO_INFERENCE
S07,S07,1103,1103,OK,shil.fixed_k.k16,shil,fixed_k,shil.final_ranker_score,16,1.0,0.7642857142857142,0.7642736874330323,0.4914010196499954,0.8419005102040815,0.25,1.0,0.4,12,0.75,4,0.25,1.0,0.4,12,0.75,16.0,0.0,False,,,,,,,,,0.14285714285714285,DESCRIPTIVE_NO_INFERENCE
S07,S07,1103,1103,OK,shil.validation_one_se,shil,validation_one_se,shil.final_ranker_score,4,1.0,0.7678571428571429,0.7678452982295014,0.4787025706754014,0.8504209183673468,1.0,1.0,1.0,0,0.0,4,1.0,1.0,1.0,0,0.0,,0.0,False,4.0,0.4513030968379802,0.0214570811527996,0.4727601779907799,,,,,1.0,DESCRIPTIVE_NO_INFERENCE
S07,S07,1103,1103,OK,shil.cpss_one_se,shil,cpss_one_se,shil.final_development_selection_frequency,4,1.0,0.7678571428571429,0.7678452982295014,0.4787025706754014,0.8504209183673468,1.0,1.0,1.0,0,0.0,4,1.0,1.0,1.0,0,0.0,,,False,,0.4513030968379802,0.0214570811527996,0.4727601779907799,4.0,0.9,4.0,4.0,1.0,DESCRIPTIVE_NO_INFERENCE
S07,S07,1103,1103,OK,l1.fixed_k.k01,l1,fixed_k,l1.final_ranker_score,1,1.0,0.625,0.6249952167757242,0.6405774419779099,0.6838137755102041,1.0,0.25,0.4,0,0.0,1,1.0,0.25,0.4,0,0.0,1.0,0.0,False,,,,,,,,,0.7777777777777778,DESCRIPTIVE_NO_INFERENCE
S07,S07,1103,1103,OK,l1.fixed_k.k02,l1,fixed_k,l1.final_ranker_score,2,1.0,0.6660714285714285,0.6658913764113952,0.5967544868763965,0.7372831632653061,1.0,0.5,0.6666666666666666,0,0.0,2,1.0,0.5,0.6666666666666666,0,0.0,2.0,0.0,False,,,,,,,,,0.7037037037037037,DESCRIPTIVE_NO_INFERENCE
S07,S07,1103,1103,OK,l1.fixed_k.k04,l1,fixed_k,l1.final_ranker_score,4,1.0,0.7678571428571429,0.7678452982295014,0.4787025706754014,0.8504209183673468,1.0,1.0,1.0,0,0.0,4,1.0,1.0,1.0,0,0.0,4.0,0.0,False,,,,,,,,,1.0,DESCRIPTIVE_NO_INFERENCE
S07,S07,1103,1103,OK,l1.fixed_k.k08,l1,fixed_k,l1.final_ranker_score,8,1.0,0.7642857142857142,0.7642857142857142,0.4969763337296422,0.8407908163265306,0.5,1.0,0.6666666666666666,4,0.5,4,0.5,1.0,0.6666666666666666,4,0.5,8.0,0.0,False,,,,,,,,,0.3468013468013468,DESCRIPTIVE_NO_INFERENCE
S07,S07,1103,1103,OK,l1.fixed_k.k16,l1,fixed_k,l1.final_ranker_score,16,1.0,0.7607142857142857,0.7607112335616526,0.5115831011484584,0.8319642857142857,0.25,1.0,0.4,12,0.75,4,0.25,1.0,0.4,12,0.75,16.0,0.0,False,,,,,,,,,0.15696649029982362,DESCRIPTIVE_NO_INFERENCE
S07,S07,1103,1103,OK,l1.validation_one_se,l1,validation_one_se,l1.final_ranker_score,4,1.0,0.7678571428571429,0.7678452982295014,0.4787025706754014,0.8504209183673468,1.0,1.0,1.0,0,0.0,4,1.0,1.0,1.0,0,0.0,,0.0,False,4.0,0.4513030968379802,0.0214570811527996,0.4727601779907799,,,,,1.0,DESCRIPTIVE_NO_INFERENCE
S07,S07,1103,1103,OK,l1.cpss_one_se,l1,cpss_one_se,l1.final_development_selection_frequency,4,1.0,0.7678571428571429,0.7678452982295014,0.4787025706754014,0.8504209183673468,1.0,1.0,1.0,0,0.0,4,1.0,1.0,1.0,0,0.0,,,False,,0.4513030968379802,0.0214570811527996,0.4727601779907799,4.0,0.9,4.0,4.0,1.0,DESCRIPTIVE_NO_INFERENCE
S07,S07,1129,1129,OK,shil.fixed_k.k01,shil,fixed_k,shil.final_ranker_score,1,1.0,0.6232142857142857,0.6231554037461211,0.6028822949620373,0.7155102040816326,1.0,0.25,0.4,0,0.0,1,1.0,0.25,0.4,0,0.0,1.0,0.0,False,,,,,,,,,1.0,DESCRIPTIVE_NO_INFERENCE
S07,S07,1129,1129,OK,shil.fixed_k.k02,shil,fixed_k,shil.final_ranker_score,2,1.0,0.6982142857142857,0.6979359167089569,0.5462433776419595,0.7934183673469388,1.0,0.5,0.6666666666666666,0,0.0,2,1.0,0.5,0.6666666666666666,0,0.0,2.0,0.0,False,,,,,,,,,1.0,DESCRIPTIVE_NO_INFERENCE
S07,S07,1129,1129,OK,shil.fixed_k.k04,shil,fixed_k,shil.final_ranker_score,4,1.0,0.7803571428571429,0.7802387128267465,0.4461276630082608,0.8739923469387755,1.0,1.0,1.0,0,0.0,4,1.0,1.0,1.0,0,0.0,4.0,0.0,False,,,,,,,,,1.0,DESCRIPTIVE_NO_INFERENCE
S07,S07,1129,1129,OK,shil.fixed_k.k08,shil,fixed_k,shil.final_ranker_score,8,1.0,0.7767857142857143,0.7766995556321157,0.4505215406526526,0.8697321428571428,0.5,1.0,0.6666666666666666,4,0.5,4,0.5,1.0,0.6666666666666666,4,0.5,8.0,0.0,False,,,,,,,,,0.3333333333333333,DESCRIPTIVE_NO_INFERENCE
S07,S07,1129,1129,OK,shil.fixed_k.k16,shil,fixed_k,shil.final_ranker_score,16,1.0,0.7839285714285714,0.7837734343837256,0.4635732720445669,0.8626785714285714,0.25,1.0,0.4,12,0.75,4,0.25,1.0,0.4,12,0.75,16.0,0.0,False,,,,,,,,,0.14756025867136977,DESCRIPTIVE_NO_INFERENCE
S07,S07,1129,1129,OK,shil.validation_one_se,shil,validation_one_se,shil.final_ranker_score,4,1.0,0.7803571428571429,0.7802387128267465,0.4461276630082608,0.8739923469387755,1.0,1.0,1.0,0,0.0,4,1.0,1.0,1.0,0,0.0,,0.0,False,4.0,0.4905427091217765,0.0215020579594064,0.512217660291055,,,,,1.0,DESCRIPTIVE_NO_INFERENCE
S07,S07,1129,1129,OK,shil.cpss_one_se,shil,cpss_one_se,shil.final_development_selection_frequency,4,1.0,0.7803571428571429,0.7802387128267465,0.4461276630082608,0.8739923469387755,1.0,1.0,1.0,0,0.0,4,1.0,1.0,1.0,0,0.0,,,False,,0.4905427091217765,0.0215020579594064,0.5120447670811828,4.0,0.9,4.0,4.0,1.0,DESCRIPTIVE_NO_INFERENCE
S07,S07,1129,1129,OK,l1.fixed_k.k01,l1,fixed_k,l1.final_ranker_score,1,1.0,0.6232142857142857,0.6231554037461211,0.6028822949620373,0.7155102040816326,1.0,0.25,0.4,0,0.0,1,1.0,0.25,0.4,0,0.0,1.0,0.0,False,,,,,,,,,0.7777777777777778,DESCRIPTIVE_NO_INFERENCE
S07,S07,1129,1129,OK,l1.fixed_k.k02,l1,fixed_k,l1.final_ranker_score,2,1.0,0.7,0.699812382739212,0.550661230058446,0.7881122448979592,1.0,0.5,0.6666666666666666,0,0.0,2,1.0,0.5,0.6666666666666666,0,0.0,2.0,0.0,False,,,,,,,,,0.7037037037037037,DESCRIPTIVE_NO_INFERENCE
S07,S07,1129,1129,OK,l1.fixed_k.k04,l1,fixed_k,l1.final_ranker_score,4,1.0,0.7803571428571429,0.7802387128267465,0.4461276630082608,0.8739923469387755,1.0,1.0,1.0,0,0.0,4,1.0,1.0,1.0,0,0.0,4.0,0.0,False,,,,,,,,,1.0,DESCRIPTIVE_NO_INFERENCE
S07,S07,1129,1129,OK,l1.fixed_k.k08,l1,fixed_k,l1.final_ranker_score,8,1.0,0.7732142857142857,0.7730514559234145,0.4600211150096362,0.8627295918367348,0.5,1.0,0.6666666666666666,4,0.5,4,0.5,1.0,0.6666666666666666,4,0.5,8.0,0.0,False,,,,,,,,,0.3333333333333333,DESCRIPTIVE_NO_INFERENCE
S07,S07,1129,1129,OK,l1.fixed_k.k16,l1,fixed_k,l1.final_ranker_score,16,1.0,0.7696428571428572,0.7695186500378074,0.4733157774743554,0.8551020408163266,0.25,1.0,0.4,12,0.75,4,0.25,1.0,0.4,12,0.75,16.0,0.0,False,,,,,,,,,0.14756025867136977,DESCRIPTIVE_NO_INFERENCE
S07,S07,1129,1129,OK,l1.validation_one_se,l1,validation_one_se,l1.final_ranker_score,4,1.0,0.7803571428571429,0.7802387128267465,0.4461276630082608,0.8739923469387755,1.0,1.0,1.0,0,0.0,4,1.0,1.0,1.0,0,0.0,,0.0,False,4.0,0.4905427091217765,0.0215020579594064,0.5120447670811828,,,,,1.0,DESCRIPTIVE_NO_INFERENCE
S07,S07,1129,1129,OK,l1.cpss_one_se,l1,cpss_one_se,l1.final_development_selection_frequency,4,1.0,0.7803571428571429,0.7802387128267465,0.4461276630082608,0.8739923469387755,1.0,1.0,1.0,0,0.0,4,1.0,1.0,1.0,0,0.0,,,False,,0.4905427091217765,0.0215020579594064,0.5120447670811828,4.0,0.9,4.0,4.0,1.0,DESCRIPTIVE_NO_INFERENCE
S07,S07,1151,1151,OK,shil.fixed_k.k01,shil,fixed_k,shil.final_ranker_score,1,1.0,0.6321428571428571,0.6321006237960991,0.613891517582918,0.7069132653061223,1.0,0.25,0.4,0,0.0,1,1.0,0.25,0.4,0,0.0,1.0,0.0,False,,,,,,,,,1.0,DESCRIPTIVE_NO_INFERENCE
S07,S07,1151,1151,OK,shil.fixed_k.k02,shil,fixed_k,shil.final_ranker_score,2,1.0,0.7160714285714286,0.7156715917473233,0.5494136846356864,0.7937755102040817,1.0,0.5,0.6666666666666666,0,0.0,2,1.0,0.5,0.6666666666666666,0,0.0,2.0,0.0,False,,,,,,,,,1.0,DESCRIPTIVE_NO_INFERENCE
S07,S07,1151,1151,OK,shil.fixed_k.k04,shil,fixed_k,shil.final_ranker_score,4,1.0,0.7464285714285714,0.7462699901724292,0.4676079372481667,0.8494897959183673,1.0,1.0,1.0,0,0.0,4,1.0,1.0,1.0,0,0.0,4.0,0.0,False,,,,,,,,,1.0,DESCRIPTIVE_NO_INFERENCE
S07,S07,1151,1151,OK,shil.fixed_k.k08,shil,fixed_k,shil.final_ranker_score,8,1.0,0.7339285714285714,0.7338598298667705,0.4721159244237704,0.8463520408163265,0.5,1.0,0.6666666666666666,4,0.5,4,0.5,1.0,0.6666666666666666,4,0.5,8.0,0.0,False,,,,,,,,,0.3333333333333333,DESCRIPTIVE_NO_INFERENCE
S07,S07,1151,1151,OK,shil.fixed_k.k16,shil,fixed_k,shil.final_ranker_score,16,1.0,0.7375,0.7373986774233681,0.4835456495252052,0.8409821428571429,0.25,1.0,0.4,12,0.75,4,0.25,1.0,0.4,12,0.75,16.0,0.0,False,,,,,,,,,0.14756025867136977,DESCRIPTIVE_NO_INFERENCE
S07,S07,1151,1151,OK,shil.validation_one_se,shil,validation_one_se,shil.final_ranker_score,4,1.0,0.7464285714285714,0.7462699901724292,0.4676079372481667,0.8494897959183673,1.0,1.0,1.0,0,0.0,4,1.0,1.0,1.0,0,0.0,,0.0,False,4.0,0.4903025412852939,0.0236455190050416,0.5139480602903356,,,,,1.0,DESCRIPTIVE_NO_INFERENCE
S07,S07,1151,1151,OK,shil.cpss_one_se,shil,cpss_one_se,shil.final_development_selection_frequency,4,1.0,0.7464285714285714,0.7462699901724292,0.4676079372481667,0.8494897959183673,1.0,1.0,1.0,0,0.0,4,1.0,1.0,1.0,0,0.0,,,False,,0.4903025412852939,0.0236455190050416,0.5139480602903356,4.0,0.9,4.0,4.0,1.0,DESCRIPTIVE_NO_INFERENCE
S07,S07,1151,1151,OK,l1.fixed_k.k01,l1,fixed_k,l1.final_ranker_score,1,1.0,0.5910714285714286,0.5909657787885264,0.6460842862688055,0.6496811224489796,1.0,0.25,0.4,0,0.0,1,1.0,0.25,0.4,0,0.0,1.0,0.0,False,,,,,,,,,0.1111111111111111,DESCRIPTIVE_NO_INFERENCE
S07,S07,1151,1151,OK,l1.fixed_k.k02,l1,fixed_k,l1.final_ranker_score,2,1.0,0.6857142857142857,0.6857102769167974,0.5646511356786869,0.7653954081632653,1.0,0.5,0.6666666666666666,0,0.0,2,1.0,0.5,0.6666666666666666,0,0.0,2.0,0.0,False,,,,,,,,,0.7037037037037037,DESCRIPTIVE_NO_INFERENCE
S07,S07,1151,1151,OK,l1.fixed_k.k04,l1,fixed_k,l1.final_ranker_score,4,1.0,0.7464285714285714,0.7462699901724292,0.4676079372481667,0.8494897959183673,1.0,1.0,1.0,0,0.0,4,1.0,1.0,1.0,0,0.0,4.0,0.0,False,,,,,,,,,1.0,DESCRIPTIVE_NO_INFERENCE
S07,S07,1151,1151,OK,l1.fixed_k.k08,l1,fixed_k,l1.final_ranker_score,8,1.0,0.7410714285714286,0.7410507852985729,0.4806324047786499,0.8434821428571428,0.5,1.0,0.6666666666666666,4,0.5,4,0.5,1.0,0.6666666666666666,4,0.5,8.0,0.0,False,,,,,,,,,0.3333333333333333,DESCRIPTIVE_NO_INFERENCE
S07,S07,1151,1151,OK,l1.fixed_k.k16,l1,fixed_k,l1.final_ranker_score,16,1.0,0.7303571428571428,0.7303150045766079,0.4896089705578013,0.8355994897959184,0.25,1.0,0.4,12,0.75,4,0.25,1.0,0.4,12,0.75,16.0,0.0,False,,,,,,,,,0.14285714285714285,DESCRIPTIVE_NO_INFERENCE
S07,S07,1151,1151,OK,l1.validation_one_se,l1,validation_one_se,l1.final_ranker_score,4,1.0,0.7464285714285714,0.7462699901724292,0.4676079372481667,0.8494897959183673,1.0,1.0,1.0,0,0.0,4,1.0,1.0,1.0,0,0.0,,0.0,False,4.0,0.4903025412852937,0.0236455190050416,0.5139480602903355,,,,,1.0,DESCRIPTIVE_NO_INFERENCE
S07,S07,1151,1151,OK,l1.cpss_one_se,l1,cpss_one_se,l1.final_development_selection_frequency,4,1.0,0.7464285714285714,0.7462699901724292,0.4676079372481667,0.8494897959183673,1.0,1.0,1.0,0,0.0,4,1.0,1.0,1.0,0,0.0,,,False,,0.4903025412852939,0.0236455190050416,0.5139480602903356,4.0,0.9,4.0,4.0,1.0,DESCRIPTIVE_NO_INFERENCE
S07,S07,1171,1171,OK,shil.fixed_k.k01,shil,fixed_k,shil.final_ranker_score,1,1.0,0.6267857142857143,0.6267845241853449,0.6225049256870638,0.6994387755102041,1.0,0.25,0.4,0,0.0,1,1.0,0.25,0.4,0,0.0,1.0,0.0,False,,,,,,,,,1.0,DESCRIPTIVE_NO_INFERENCE
S07,S07,1171,1171,OK,shil.fixed_k.k02,shil,fixed_k,shil.final_ranker_score,2,1.0,0.6714285714285714,0.6714243804130156,0.5797071101916987,0.7612500000000002,1.0,0.5,0.6666666666666666,0,0.0,2,1.0,0.5,0.6666666666666666,0,0.0,2.0,0.0,False,,,,,,,,,1.0,DESCRIPTIVE_NO_INFERENCE
S07,S07,1171,1171,OK,shil.fixed_k.k04,shil,fixed_k,shil.final_ranker_score,4,1.0,0.7785714285714286,0.778526229842825,0.4546803753449316,0.8654336734693878,1.0,1.0,1.0,0,0.0,4,1.0,1.0,1.0,0,0.0,4.0,0.0,False,,,,,,,,,1.0,DESCRIPTIVE_NO_INFERENCE
S07,S07,1171,1171,OK,shil.fixed_k.k08,shil,fixed_k,shil.final_ranker_score,8,1.0,0.7785714285714286,0.7785460065568752,0.4552313750253648,0.8655612244897959,0.5,1.0,0.6666666666666666,4,0.5,4,0.5,1.0,0.6666666666666666,4,0.5,8.0,0.0,False,,,,,,,,,0.34680134680134683,DESCRIPTIVE_NO_INFERENCE
S07,S07,1171,1171,OK,shil.fixed_k.k16,shil,fixed_k,shil.final_ranker_score,16,1.0,0.7625,0.7624386400824192,0.4657881496318073,0.8583163265306122,0.25,1.0,0.4,12,0.75,4,0.25,1.0,0.4,12,0.75,16.0,0.0,False,,,,,,,,,0.15226337448559668,DESCRIPTIVE_NO_INFERENCE
S07,S07,1171,1171,OK,shil.validation_one_se,shil,validation_one_se,shil.final_ranker_score,4,1.0,0.7785714285714286,0.778526229842825,0.4546803753449316,0.8654336734693878,1.0,1.0,1.0,0,0.0,4,1.0,1.0,1.0,0,0.0,,0.0,False,4.0,0.4791898911195973,0.0225780094464488,0.5017679005660461,,,,,1.0,DESCRIPTIVE_NO_INFERENCE
S07,S07,1171,1171,OK,shil.cpss_one_se,shil,cpss_one_se,shil.final_development_selection_frequency,4,1.0,0.7785714285714286,0.778526229842825,0.4546803753449316,0.8654336734693878,1.0,1.0,1.0,0,0.0,4,1.0,1.0,1.0,0,0.0,,,False,,0.4791898911195973,0.0225780094464488,0.5017679005660461,4.0,0.9,4.0,4.0,1.0,DESCRIPTIVE_NO_INFERENCE
S07,S07,1171,1171,OK,l1.fixed_k.k01,l1,fixed_k,l1.final_ranker_score,1,1.0,0.6160714285714286,0.6159232356872391,0.6430089924709496,0.6657780612244899,1.0,0.25,0.4,0,0.0,1,1.0,0.25,0.4,0,0.0,1.0,0.0,False,,,,,,,,,0.1111111111111111,DESCRIPTIVE_NO_INFERENCE
S07,S07,1171,1171,OK,l1.fixed_k.k02,l1,fixed_k,l1.final_ranker_score,2,1.0,0.6660714285714285,0.6660448058678148,0.5966005811931091,0.7373086734693879,1.0,0.5,0.6666666666666666,0,0.0,2,1.0,0.5,0.6666666666666666,0,0.0,2.0,0.0,False,,,,,,,,,0.3333333333333333,DESCRIPTIVE_NO_INFERENCE
S07,S07,1171,1171,OK,l1.fixed_k.k04,l1,fixed_k,l1.final_ranker_score,4,1.0,0.7785714285714286,0.778526229842825,0.4546803753449316,0.8654336734693878,1.0,1.0,1.0,0,0.0,4,1.0,1.0,1.0,0,0.0,4.0,0.0,False,,,,,,,,,1.0,DESCRIPTIVE_NO_INFERENCE
S07,S07,1171,1171,OK,l1.fixed_k.k08,l1,fixed_k,l1.final_ranker_score,8,1.0,0.7660714285714286,0.7659452957748276,0.4615459453135371,0.8607270408163264,0.5,1.0,0.6666666666666666,4,0.5,4,0.5,1.0,0.6666666666666666,4,0.5,8.0,0.0,False,,,,,,,,,0.3333333333333333,DESCRIPTIVE_NO_INFERENCE
S07,S07,1171,1171,OK,l1.fixed_k.k16,l1,fixed_k,l1.final_ranker_score,16,1.0,0.7732142857142857,0.7730514559234145,0.4649431153635663,0.8593494897959184,0.25,1.0,0.4,12,0.75,4,0.25,1.0,0.4,12,0.75,16.0,0.0,False,,,,,,,,,0.1667345000678334,DESCRIPTIVE_NO_INFERENCE
S07,S07,1171,1171,OK,l1.validation_one_se,l1,validation_one_se,l1.final_ranker_score,4,1.0,0.7785714285714286,0.778526229842825,0.4546803753449316,0.8654336734693878,1.0,1.0,1.0,0,0.0,4,1.0,1.0,1.0,0,0.0,,0.0,False,4.0,0.4791898911195973,0.0225780094464488,0.5017679005660461,,,,,1.0,DESCRIPTIVE_NO_INFERENCE
S07,S07,1171,1171,OK,l1.cpss_one_se,l1,cpss_one_se,l1.final_development_selection_frequency,4,1.0,0.7785714285714286,0.778526229842825,0.4546803753449316,0.8654336734693878,1.0,1.0,1.0,0,0.0,4,1.0,1.0,1.0,0,0.0,,,False,,0.4791898911195973,0.0225780094464488,0.5017679005660461,4.0,0.9,4.0,4.0,1.0,DESCRIPTIVE_NO_INFERENCE
S07,S07,1181,1181,OK,shil.fixed_k.k01,shil,fixed_k,shil.final_ranker_score,1,1.0,0.6071428571428571,0.6067365517945837,0.627128549378859,0.6814795918367347,1.0,0.25,0.4,0,0.0,1,1.0,0.25,0.4,0,0.0,1.0,0.0,False,,,,,,,,,1.0,DESCRIPTIVE_NO_INFERENCE
S07,S07,1181,1181,OK,shil.fixed_k.k02,shil,fixed_k,shil.final_ranker_score,2,1.0,0.7232142857142857,0.7231427760359022,0.5386018719597617,0.7986862244897959,1.0,0.5,0.6666666666666666,0,0.0,2,1.0,0.5,0.6666666666666666,0,0.0,2.0,0.0,False,,,,,,,,,1.0,DESCRIPTIVE_NO_INFERENCE
S07,S07,1181,1181,OK,shil.fixed_k.k04,shil,fixed_k,shil.final_ranker_score,4,1.0,0.7589285714285714,0.758835520082685,0.4727782066728013,0.8535076530612244,1.0,1.0,1.0,0,0.0,4,1.0,1.0,1.0,0,0.0,4.0,0.0,False,,,,,,,,,1.0,DESCRIPTIVE_NO_INFERENCE
S07,S07,1181,1181,OK,shil.fixed_k.k08,shil,fixed_k,shil.final_ranker_score,8,1.0,0.7642857142857142,0.7641383007236666,0.4748120503922824,0.852576530612245,0.5,1.0,0.6666666666666666,4,0.5,4,0.5,1.0,0.6666666666666666,4,0.5,8.0,0.0,False,,,,,,,,,0.3602693602693603,DESCRIPTIVE_NO_INFERENCE
S07,S07,1181,1181,OK,shil.fixed_k.k16,shil,fixed_k,shil.final_ranker_score,16,1.0,0.7642857142857142,0.7641383007236666,0.4796048182417728,0.8504209183673469,0.25,1.0,0.4,12,0.75,4,0.25,1.0,0.4,12,0.75,16.0,0.0,False,,,,,,,,,0.16166960611405054,DESCRIPTIVE_NO_INFERENCE
S07,S07,1181,1181,OK,shil.validation_one_se,shil,validation_one_se,shil.final_ranker_score,4,1.0,0.7589285714285714,0.758835520082685,0.4727782066728013,0.8535076530612244,1.0,1.0,1.0,0,0.0,4,1.0,1.0,1.0,0,0.0,,0.0,False,4.0,0.4924912421092536,0.0230053796798772,0.5154966217891308,,,,,1.0,DESCRIPTIVE_NO_INFERENCE
S07,S07,1181,1181,OK,shil.cpss_one_se,shil,cpss_one_se,shil.final_development_selection_frequency,4,1.0,0.7589285714285714,0.758835520082685,0.4727782066728013,0.8535076530612244,1.0,1.0,1.0,0,0.0,4,1.0,1.0,1.0,0,0.0,,,False,,0.4924912421092536,0.0230053796798772,0.5154966217891308,4.0,0.9,4.0,4.0,1.0,DESCRIPTIVE_NO_INFERENCE
S07,S07,1181,1181,OK,l1.fixed_k.k01,l1,fixed_k,l1.final_ranker_score,1,1.0,0.6071428571428571,0.6067365517945837,0.627128549378859,0.6814795918367347,1.0,0.25,0.4,0,0.0,1,1.0,0.25,0.4,0,0.0,1.0,0.0,False,,,,,,,,,0.7777777777777778,DESCRIPTIVE_NO_INFERENCE
S07,S07,1181,1181,OK,l1.fixed_k.k02,l1,fixed_k,l1.final_ranker_score,2,1.0,0.7232142857142857,0.7231427760359022,0.5386018719597617,0.7986862244897959,1.0,0.5,0.6666666666666666,0,0.0,2,1.0,0.5,0.6666666666666666,0,0.0,2.0,0.0,False,,,,,,,,,0.48148148148148145,DESCRIPTIVE_NO_INFERENCE
S07,S07,1181,1181,OK,l1.fixed_k.k04,l1,fixed_k,l1.final_ranker_score,4,1.0,0.7589285714285714,0.758835520082685,0.4727782066728013,0.8535076530612244,1.0,1.0,1.0,0,0.0,4,1.0,1.0,1.0,0,0.0,4.0,0.0,False,,,,,,,,,1.0,DESCRIPTIVE_NO_INFERENCE
S07,S07,1181,1181,OK,l1.fixed_k.k08,l1,fixed_k,l1.final_ranker_score,8,1.0,0.7517857142857143,0.7516074990027922,0.4809805413489203,0.8494005102040816,0.5,1.0,0.6666666666666666,4,0.5,4,0.5,1.0,0.6666666666666666,4,0.5,8.0,0.0,False,,,,,,,,,0.3333333333333333,DESCRIPTIVE_NO_INFERENCE
S07,S07,1181,1181,OK,l1.fixed_k.k16,l1,fixed_k,l1.final_ranker_score,16,1.0,0.7553571428571428,0.7551814918228958,0.4904425578740858,0.8453443877551021,0.25,1.0,0.4,12,0.75,4,0.25,1.0,0.4,12,0.75,16.0,0.0,False,,,,,,,,,0.15226337448559668,DESCRIPTIVE_NO_INFERENCE
S07,S07,1181,1181,OK,l1.validation_one_se,l1,validation_one_se,l1.final_ranker_score,4,1.0,0.7589285714285714,0.758835520082685,0.4727782066728013,0.8535076530612244,1.0,1.0,1.0,0,0.0,4,1.0,1.0,1.0,0,0.0,,0.0,False,4.0,0.4924912421092536,0.0230053796798772,0.5154966217891308,,,,,1.0,DESCRIPTIVE_NO_INFERENCE
S07,S07,1181,1181,OK,l1.cpss_one_se,l1,cpss_one_se,l1.final_development_selection_frequency,4,1.0,0.7589285714285714,0.758835520082685,0.4727782066728013,0.8535076530612244,1.0,1.0,1.0,0,0.0,4,1.0,1.0,1.0,0,0.0,,,False,,0.4924912421092536,0.0230053796798772,0.5154966217891308,4.0,0.9,4.0,4.0,1.0,DESCRIPTIVE_NO_INFERENCE
S07,S07,1201,1201,OK,shil.fixed_k.k01,shil,fixed_k,shil.final_ranker_score,1,1.0,0.6446428571428572,0.6443877143996809,0.6093445590076226,0.7105867346938776,1.0,0.25,0.4,0,0.0,1,1.0,0.25,0.4,0,0.0,1.0,0.0,False,,,,,,,,,1.0,DESCRIPTIVE_NO_INFERENCE
S07,S07,1201,1201,OK,shil.fixed_k.k02,shil,fixed_k,shil.final_ranker_score,2,1.0,0.6892857142857143,0.689269860707179,0.5665652708634491,0.765969387755102,1.0,0.5,0.6666666666666666,0,0.0,2,1.0,0.5,0.6666666666666666,0,0.0,2.0,0.0,False,,,,,,,,,1.0,DESCRIPTIVE_NO_INFERENCE
S07,S07,1201,1201,OK,shil.fixed_k.k04,shil,fixed_k,shil.final_ranker_score,4,1.0,0.7696428571428572,0.7694774631033108,0.4632067407354848,0.8590051020408163,1.0,1.0,1.0,0,0.0,4,1.0,1.0,1.0,0,0.0,4.0,0.0,False,,,,,,,,,1.0,DESCRIPTIVE_NO_INFERENCE
S07,S07,1201,1201,OK,shil.fixed_k.k08,shil,fixed_k,shil.final_ranker_score,8,1.0,0.7625,0.7624083271925711,0.4672085767066603,0.8561862244897959,0.5,1.0,0.6666666666666666,4,0.5,4,0.5,1.0,0.6666666666666666,4,0.5,8.0,0.0,False,,,,,,,,,0.34680134680134683,DESCRIPTIVE_NO_INFERENCE
S07,S07,1201,1201,OK,shil.fixed_k.k16,shil,fixed_k,shil.final_ranker_score,16,1.0,0.7517857142857143,0.7517659252172526,0.4781273747369298,0.8458673469387755,0.25,1.0,0.4,12,0.75,4,0.25,1.0,0.4,12,0.75,16.0,0.0,False,,,,,,,,,0.15226337448559668,DESCRIPTIVE_NO_INFERENCE
S07,S07,1201,1201,OK,shil.validation_one_se,shil,validation_one_se,shil.final_ranker_score,4,1.0,0.7696428571428572,0.7694774631033108,0.4632067407354848,0.8590051020408163,1.0,1.0,1.0,0,0.0,4,1.0,1.0,1.0,0,0.0,,0.0,False,4.0,0.4636288602831903,0.0204469334232596,0.4840757937064499,,,,,1.0,DESCRIPTIVE_NO_INFERENCE
S07,S07,1201,1201,OK,shil.cpss_one_se,shil,cpss_one_se,shil.final_development_selection_frequency,4,1.0,0.7696428571428572,0.7694774631033108,0.4632067407354848,0.8590051020408163,1.0,1.0,1.0,0,0.0,4,1.0,1.0,1.0,0,0.0,,,False,,0.4636288602831903,0.0204469334232596,0.4840757937064499,4.0,0.9,4.0,4.0,1.0,DESCRIPTIVE_NO_INFERENCE
S07,S07,1201,1201,OK,l1.fixed_k.k01,l1,fixed_k,l1.final_ranker_score,1,1.0,0.6446428571428572,0.6443877143996809,0.6093445590076226,0.7105867346938776,1.0,0.25,0.4,0,0.0,1,1.0,0.25,0.4,0,0.0,1.0,0.0,False,,,,,,,,,0.7777777777777778,DESCRIPTIVE_NO_INFERENCE
S07,S07,1201,1201,OK,l1.fixed_k.k02,l1,fixed_k,l1.final_ranker_score,2,1.0,0.7,0.6998621816140065,0.5545924338729531,0.7799234693877553,1.0,0.5,0.6666666666666666,0,0.0,2,1.0,0.5,0.6666666666666666,0,0.0,2.0,0.0,False,,,,,,,,,0.7037037037037037,DESCRIPTIVE_NO_INFERENCE
S07,S07,1201,1201,OK,l1.fixed_k.k04,l1,fixed_k,l1.final_ranker_score,4,1.0,0.7696428571428572,0.7694774631033108,0.4632067407354848,0.8590051020408163,1.0,1.0,1.0,0,0.0,4,1.0,1.0,1.0,0,0.0,4.0,0.0,False,,,,,,,,,1.0,DESCRIPTIVE_NO_INFERENCE
S07,S07,1201,1201,OK,l1.fixed_k.k08,l1,fixed_k,l1.final_ranker_score,8,1.0,0.7535714285714286,0.7534173143929241,0.4687477219879216,0.853609693877551,0.5,1.0,0.6666666666666666,4,0.5,4,0.5,1.0,0.6666666666666666,4,0.5,8.0,0.0,False,,,,,,,,,0.3333333333333333,DESCRIPTIVE_NO_INFERENCE
S07,S07,1201,1201,OK,l1.fixed_k.k16,l1,fixed_k,l1.final_ranker_score,16,1.0,0.7482142857142857,0.7480785244599291,0.4800891101227843,0.8432142857142857,0.25,1.0,0.4,12,0.75,4,0.25,1.0,0.4,12,0.75,16.0,0.0,False,,,,,,,,,0.14756025867136977,DESCRIPTIVE_NO_INFERENCE
S07,S07,1201,1201,OK,l1.validation_one_se,l1,validation_one_se,l1.final_ranker_score,4,1.0,0.7696428571428572,0.7694774631033108,0.4632067407354848,0.8590051020408163,1.0,1.0,1.0,0,0.0,4,1.0,1.0,1.0,0,0.0,,0.0,False,4.0,0.4636288602831903,0.0204469334232596,0.4840757937064499,,,,,1.0,DESCRIPTIVE_NO_INFERENCE
S07,S07,1201,1201,OK,l1.cpss_one_se,l1,cpss_one_se,l1.final_development_selection_frequency,4,1.0,0.7696428571428572,0.7694774631033108,0.4632067407354848,0.8590051020408163,1.0,1.0,1.0,0,0.0,4,1.0,1.0,1.0,0,0.0,,,False,,0.4636288602831903,0.0204469334232596,0.4840757937064499,4.0,0.9,4.0,4.0,1.0,DESCRIPTIVE_NO_INFERENCE
S07,S07,1213,1213,OK,shil.fixed_k.k01,shil,fixed_k,shil.final_ranker_score,1,1.0,0.6053571428571428,0.6048013948186065,0.6274482223701182,0.6814158163265307,1.0,0.25,0.4,0,0.0,1,1.0,0.25,0.4,0,0.0,1.0,0.0,False,,,,,,,,,1.0,DESCRIPTIVE_NO_INFERENCE
S07,S07,1213,1213,OK,shil.fixed_k.k02,shil,fixed_k,shil.final_ranker_score,2,1.0,0.6892857142857143,0.689031862745098,0.5543294452653336,0.7761989795918366,1.0,0.5,0.6666666666666666,0,0.0,2,1.0,0.5,0.6666666666666666,0,0.0,2.0,0.0,False,,,,,,,,,1.0,DESCRIPTIVE_NO_INFERENCE
S07,S07,1213,1213,OK,shil.fixed_k.k04,shil,fixed_k,shil.final_ranker_score,4,1.0,0.7785714285714286,0.7785007974481659,0.46921686053909,0.8529974489795918,1.0,1.0,1.0,0,0.0,4,1.0,1.0,1.0,0,0.0,4.0,0.0,False,,,,,,,,,1.0,DESCRIPTIVE_NO_INFERENCE
S07,S07,1213,1213,OK,shil.fixed_k.k08,shil,fixed_k,shil.final_ranker_score,8,1.0,0.7553571428571428,0.7551314827758999,0.4813267149317409,0.8443622448979592,0.5,1.0,0.6666666666666666,4,0.5,4,0.5,1.0,0.6666666666666666,4,0.5,8.0,0.0,False,,,,,,,,,0.3333333333333333,DESCRIPTIVE_NO_INFERENCE
S07,S07,1213,1213,OK,shil.fixed_k.k16,shil,fixed_k,shil.final_ranker_score,16,1.0,0.7589285714285714,0.7585212300085284,0.4882621780902973,0.8407780612244897,0.25,1.0,0.4,12,0.75,4,0.25,1.0,0.4,12,0.75,16.0,0.0,False,,,,,,,,,0.14756025867136977,DESCRIPTIVE_NO_INFERENCE
S07,S07,1213,1213,OK,shil.validation_one_se,shil,validation_one_se,shil.final_ranker_score,4,1.0,0.7785714285714286,0.7785007974481659,0.46921686053909,0.8529974489795918,1.0,1.0,1.0,0,0.0,4,1.0,1.0,1.0,0,0.0,,0.0,False,4.0,0.4463397621492444,0.0193189307541574,0.4656586929034019,,,,,1.0,DESCRIPTIVE_NO_INFERENCE
S07,S07,1213,1213,OK,shil.cpss_one_se,shil,cpss_one_se,shil.final_development_selection_frequency,4,1.0,0.7785714285714286,0.7785007974481659,0.46921686053909,0.8529974489795918,1.0,1.0,1.0,0,0.0,4,1.0,1.0,1.0,0,0.0,,,False,,0.4463397621492444,0.0193189307541574,0.4656586929034019,4.0,0.9,4.0,4.0,1.0,DESCRIPTIVE_NO_INFERENCE
S07,S07,1213,1213,OK,l1.fixed_k.k01,l1,fixed_k,l1.final_ranker_score,1,1.0,0.6053571428571428,0.6048013948186065,0.6274482223701182,0.6814158163265307,1.0,0.25,0.4,0,0.0,1,1.0,0.25,0.4,0,0.0,1.0,0.0,False,,,,,,,,,0.7777777777777778,DESCRIPTIVE_NO_INFERENCE
S07,S07,1213,1213,OK,l1.fixed_k.k02,l1,fixed_k,l1.final_ranker_score,2,1.0,0.6892857142857143,0.689031862745098,0.5543294452653336,0.7761989795918366,1.0,0.5,0.6666666666666666,0,0.0,2,1.0,0.5,0.6666666666666666,0,0.0,2.0,0.0,False,,,,,,,,,0.48148148148148145,DESCRIPTIVE_NO_INFERENCE
S07,S07,1213,1213,OK,l1.fixed_k.k04,l1,fixed_k,l1.final_ranker_score,4,1.0,0.7785714285714286,0.7785007974481659,0.46921686053909,0.8529974489795918,1.0,1.0,1.0,0,0.0,4,1.0,1.0,1.0,0,0.0,4.0,0.0,False,,,,,,,,,1.0,DESCRIPTIVE_NO_INFERENCE
S07,S07,1213,1213,OK,l1.fixed_k.k08,l1,fixed_k,l1.final_ranker_score,8,1.0,0.7678571428571429,0.767711962833914,0.4793619177749607,0.8467091836734695,0.5,1.0,0.6666666666666666,4,0.5,4,0.5,1.0,0.6666666666666666,4,0.5,8.0,0.0,False,,,,,,,,,0.3333333333333333,DESCRIPTIVE_NO_INFERENCE
S07,S07,1213,1213,OK,l1.fixed_k.k16,l1,fixed_k,l1.final_ranker_score,16,1.0,0.7589285714285714,0.7587985872488682,0.4890123640714798,0.8396428571428571,0.25,1.0,0.4,12,0.75,4,0.25,1.0,0.4,12,0.75,16.0,0.0,False,,,,,,,,,0.15732826843937955,DESCRIPTIVE_NO_INFERENCE
S07,S07,1213,1213,OK,l1.validation_one_se,l1,validation_one_se,l1.final_ranker_score,4,1.0,0.7785714285714286,0.7785007974481659,0.46921686053909,0.8529974489795918,1.0,1.0,1.0,0,0.0,4,1.0,1.0,1.0,0,0.0,,0.0,False,4.0,0.4463397621492444,0.0193189307541574,0.4656586929034019,,,,,1.0,DESCRIPTIVE_NO_INFERENCE
S07,S07,1213,1213,OK,l1.cpss_one_se,l1,cpss_one_se,l1.final_development_selection_frequency,4,1.0,0.7785714285714286,0.7785007974481659,0.46921686053909,0.8529974489795918,1.0,1.0,1.0,0,0.0,4,1.0,1.0,1.0,0,0.0,,,False,,0.4463397621492444,0.0193189307541574,0.4656586929034019,4.0,0.9,4.0,4.0,1.0,DESCRIPTIVE_NO_INFERENCE
S07,S07,1231,1231,OK,shil.fixed_k.k01,shil,fixed_k,shil.final_ranker_score,1,1.0,0.6053571428571428,0.6053558844256519,0.6476248325535163,0.6680357142857143,1.0,0.25,0.4,0,0.0,1,1.0,0.25,0.4,0,0.0,1.0,0.0,False,,,,,,,,,1.0,DESCRIPTIVE_NO_INFERENCE
S07,S07,1231,1231,OK,shil.fixed_k.k02,shil,fixed_k,shil.final_ranker_score,2,1.0,0.7017857142857142,0.7012818178624018,0.571953019778671,0.7706122448979591,1.0,0.5,0.6666666666666666,0,0.0,2,1.0,0.5,0.6666666666666666,0,0.0,2.0,0.0,False,,,,,,,,,1.0,DESCRIPTIVE_NO_INFERENCE
S07,S07,1231,1231,OK,shil.fixed_k.k04,shil,fixed_k,shil.final_ranker_score,4,1.0,0.7821428571428571,0.7821317414153783,0.4634888509661593,0.8609821428571429,1.0,1.0,1.0,0,0.0,4,1.0,1.0,1.0,0,0.0,4.0,0.0,False,,,,,,,,,1.0,DESCRIPTIVE_NO_INFERENCE
S07,S07,1231,1231,OK,shil.fixed_k.k08,shil,fixed_k,shil.final_ranker_score,8,1.0,0.7857142857142857,0.785711552443271,0.4582292537403471,0.8641964285714285,0.5,1.0,0.6666666666666666,4,0.5,4,0.5,1.0,0.6666666666666666,4,0.5,8.0,0.0,False,,,,,,,,,0.3333333333333333,DESCRIPTIVE_NO_INFERENCE
S07,S07,1231,1231,OK,shil.fixed_k.k16,shil,fixed_k,shil.final_ranker_score,16,1.0,0.7803571428571429,0.7803508391503583,0.4591520838347835,0.8641454081632652,0.25,1.0,0.4,12,0.75,4,0.25,1.0,0.4,12,0.75,16.0,0.0,False,,,,,,,,,0.15226337448559668,DESCRIPTIVE_NO_INFERENCE
S07,S07,1231,1231,OK,shil.validation_one_se,shil,validation_one_se,shil.final_ranker_score,4,1.0,0.7821428571428571,0.7821317414153783,0.4634888509661593,0.8609821428571429,1.0,1.0,1.0,0,0.0,4,1.0,1.0,1.0,0,0.0,,0.0,False,4.0,0.449254107942251,0.0197680062023403,0.4690221141445914,,,,,1.0,DESCRIPTIVE_NO_INFERENCE
S07,S07,1231,1231,OK,shil.cpss_one_se,shil,cpss_one_se,shil.final_development_selection_frequency,4,1.0,0.7821428571428571,0.7821317414153783,0.4634888509661593,0.8609821428571429,1.0,1.0,1.0,0,0.0,4,1.0,1.0,1.0,0,0.0,,,False,,0.449254107942251,0.0197680062023403,0.4690221141445914,4.0,0.9,4.0,4.0,1.0,DESCRIPTIVE_NO_INFERENCE
S07,S07,1231,1231,OK,l1.fixed_k.k01,l1,fixed_k,l1.final_ranker_score,1,1.0,0.6053571428571428,0.6053558844256519,0.6476248325535163,0.6680357142857143,1.0,0.25,0.4,0,0.0,1,1.0,0.25,0.4,0,0.0,1.0,0.0,False,,,,,,,,,0.7777777777777778,DESCRIPTIVE_NO_INFERENCE
S07,S07,1231,1231,OK,l1.fixed_k.k02,l1,fixed_k,l1.final_ranker_score,2,1.0,0.6482142857142857,0.6475117820912213,0.6042197206743264,0.7269260204081632,1.0,0.5,0.6666666666666666,0,0.0,2,1.0,0.5,0.6666666666666666,0,0.0,2.0,0.0,False,,,,,,,,,0.7037037037037037,DESCRIPTIVE_NO_INFERENCE
S07,S07,1231,1231,OK,l1.fixed_k.k04,l1,fixed_k,l1.final_ranker_score,4,1.0,0.7821428571428571,0.7821317414153783,0.4634888509661593,0.8609821428571429,1.0,1.0,1.0,0,0.0,4,1.0,1.0,1.0,0,0.0,4.0,0.0,False,,,,,,,,,1.0,DESCRIPTIVE_NO_INFERENCE
S07,S07,1231,1231,OK,l1.fixed_k.k08,l1,fixed_k,l1.final_ranker_score,8,1.0,0.7875,0.7874667916862009,0.4678394821945054,0.8602678571428573,0.5,1.0,0.6666666666666666,4,0.5,4,0.5,1.0,0.6666666666666666,4,0.5,8.0,0.0,False,,,,,,,,,0.3333333333333333,DESCRIPTIVE_NO_INFERENCE
S07,S07,1231,1231,OK,l1.fixed_k.k16,l1,fixed_k,l1.final_ranker_score,16,1.0,0.7785714285714286,0.7785601306189092,0.4800568604264398,0.8513647959183674,0.25,1.0,0.4,12,0.75,4,0.25,1.0,0.4,12,0.75,16.0,0.0,False,,,,,,,,,0.14285714285714285,DESCRIPTIVE_NO_INFERENCE
S07,S07,1231,1231,OK,l1.validation_one_se,l1,validation_one_se,l1.final_ranker_score,4,1.0,0.7821428571428571,0.7821317414153783,0.4634888509661593,0.8609821428571429,1.0,1.0,1.0,0,0.0,4,1.0,1.0,1.0,0,0.0,,0.0,False,4.0,0.449254107942251,0.0197680062023403,0.4690221141445914,,,,,1.0,DESCRIPTIVE_NO_INFERENCE
S07,S07,1231,1231,OK,l1.cpss_one_se,l1,cpss_one_se,l1.final_development_selection_frequency,4,1.0,0.7821428571428571,0.7821317414153783,0.4634888509661593,0.8609821428571429,1.0,1.0,1.0,0,0.0,4,1.0,1.0,1.0,0,0.0,,,False,,0.449254107942251,0.0197680062023403,0.4690221141445914,4.0,0.9,4.0,4.0,1.0,DESCRIPTIVE_NO_INFERENCE
S07,S07,1249,1249,OK,shil.fixed_k.k01,shil,fixed_k,shil.final_ranker_score,1,1.0,0.6321428571428571,0.6321428571428571,0.6247563584516267,0.6955867346938777,1.0,0.25,0.4,0,0.0,1,1.0,0.25,0.4,0,0.0,1.0,0.0,False,,,,,,,,,1.0,DESCRIPTIVE_NO_INFERENCE
S07,S07,1249,1249,OK,shil.fixed_k.k02,shil,fixed_k,shil.final_ranker_score,2,1.0,0.7053571428571429,0.7053562033042198,0.5653699914963833,0.7743112244897961,1.0,0.5,0.6666666666666666,0,0.0,2,1.0,0.5,0.6666666666666666,0,0.0,2.0,0.0,False,,,,,,,,,1.0,DESCRIPTIVE_NO_INFERENCE
S07,S07,1249,1249,OK,shil.fixed_k.k04,shil,fixed_k,shil.final_ranker_score,4,1.0,0.8107142857142857,0.8106756480914472,0.4106804180846652,0.8958545918367347,1.0,1.0,1.0,0,0.0,4,1.0,1.0,1.0,0,0.0,4.0,0.0,False,,,,,,,,,1.0,DESCRIPTIVE_NO_INFERENCE
S07,S07,1249,1249,OK,shil.fixed_k.k08,shil,fixed_k,shil.final_ranker_score,8,1.0,0.8089285714285714,0.8089279621427364,0.4192500216675823,0.8892602040816326,0.5,1.0,0.6666666666666666,4,0.5,4,0.5,1.0,0.6666666666666666,4,0.5,8.0,0.0,False,,,,,,,,,0.3333333333333333,DESCRIPTIVE_NO_INFERENCE
S07,S07,1249,1249,OK,shil.fixed_k.k16,shil,fixed_k,shil.final_ranker_score,16,1.0,0.8035714285714286,0.8035714285714286,0.4234139592787317,0.8856887755102041,0.25,1.0,0.4,12,0.75,4,0.25,1.0,0.4,12,0.75,16.0,0.0,False,,,,,,,,,0.14756025867136977,DESCRIPTIVE_NO_INFERENCE
S07,S07,1249,1249,OK,shil.validation_one_se,shil,validation_one_se,shil.final_ranker_score,4,1.0,0.8107142857142857,0.8106756480914472,0.4106804180846652,0.8958545918367347,1.0,1.0,1.0,0,0.0,4,1.0,1.0,1.0,0,0.0,,0.0,False,4.0,0.4372455257276548,0.0204841921811267,0.4577297179087816,,,,,1.0,DESCRIPTIVE_NO_INFERENCE
S07,S07,1249,1249,OK,shil.cpss_one_se,shil,cpss_one_se,shil.final_development_selection_frequency,4,1.0,0.8107142857142857,0.8106756480914472,0.4106804180846652,0.8958545918367347,1.0,1.0,1.0,0,0.0,4,1.0,1.0,1.0,0,0.0,,,False,,0.4372455257276548,0.0204841921811267,0.4577297179087816,4.0,0.9,4.0,4.0,1.0,DESCRIPTIVE_NO_INFERENCE
S07,S07,1249,1249,OK,l1.fixed_k.k01,l1,fixed_k,l1.final_ranker_score,1,1.0,0.6321428571428571,0.6321428571428571,0.6247563584516267,0.6955867346938777,1.0,0.25,0.4,0,0.0,1,1.0,0.25,0.4,0,0.0,1.0,0.0,False,,,,,,,,,0.7777777777777778,DESCRIPTIVE_NO_INFERENCE
S07,S07,1249,1249,OK,l1.fixed_k.k02,l1,fixed_k,l1.final_ranker_score,2,1.0,0.7196428571428571,0.7195990444935592,0.5543456736844333,0.784311224489796,1.0,0.5,0.6666666666666666,0,0.0,2,1.0,0.5,0.6666666666666666,0,0.0,2.0,0.0,False,,,,,,,,,0.7037037037037037,DESCRIPTIVE_NO_INFERENCE
S07,S07,1249,1249,OK,l1.fixed_k.k04,l1,fixed_k,l1.final_ranker_score,4,1.0,0.8107142857142857,0.8106756480914472,0.4106804180846652,0.8958545918367347,1.0,1.0,1.0,0,0.0,4,1.0,1.0,1.0,0,0.0,4.0,0.0,False,,,,,,,,,1.0,DESCRIPTIVE_NO_INFERENCE
S07,S07,1249,1249,OK,l1.fixed_k.k08,l1,fixed_k,l1.final_ranker_score,8,1.0,0.8035714285714286,0.8035689230729983,0.4220114378057817,0.8881505102040816,0.5,1.0,0.6666666666666666,4,0.5,4,0.5,1.0,0.6666666666666666,4,0.5,8.0,0.0,False,,,,,,,,,0.3333333333333333,DESCRIPTIVE_NO_INFERENCE
S07,S07,1249,1249,OK,l1.fixed_k.k16,l1,fixed_k,l1.final_ranker_score,16,1.0,0.7964285714285714,0.7963636363636364,0.440778591942838,0.8748341836734693,0.25,1.0,0.4,12,0.75,4,0.25,1.0,0.4,12,0.75,16.0,0.0,False,,,,,,,,,0.15226337448559668,DESCRIPTIVE_NO_INFERENCE
S07,S07,1249,1249,OK,l1.validation_one_se,l1,validation_one_se,l1.final_ranker_score,4,1.0,0.8107142857142857,0.8106756480914472,0.4106804180846652,0.8958545918367347,1.0,1.0,1.0,0,0.0,4,1.0,1.0,1.0,0,0.0,,0.0,False,4.0,0.4372455257276548,0.0204841921811267,0.4577297179087816,,,,,1.0,DESCRIPTIVE_NO_INFERENCE
S07,S07,1249,1249,OK,l1.cpss_one_se,l1,cpss_one_se,l1.final_development_selection_frequency,4,1.0,0.8107142857142857,0.8106756480914472,0.4106804180846652,0.8958545918367347,1.0,1.0,1.0,0,0.0,4,1.0,1.0,1.0,0,0.0,,,False,,0.4372455257276548,0.0204841921811267,0.4569794280553469,4.0,0.9,4.0,4.0,1.0,DESCRIPTIVE_NO_INFERENCE
S07,S07,1277,1277,OK,shil.fixed_k.k01,shil,fixed_k,shil.final_ranker_score,1,1.0,0.6142857142857143,0.6142414307764922,0.6423833331445717,0.664923469387755,1.0,0.25,0.4,0,0.0,1,1.0,0.25,0.4,0,0.0,1.0,0.0,False,,,,,,,,,1.0,DESCRIPTIVE_NO_INFERENCE
S07,S07,1277,1277,OK,shil.fixed_k.k02,shil,fixed_k,shil.final_ranker_score,2,1.0,0.65,0.6499821419460177,0.6026052805092704,0.7242729591836735,1.0,0.5,0.6666666666666666,0,0.0,2,1.0,0.5,0.6666666666666666,0,0.0,2.0,0.0,False,,,,,,,,,1.0,DESCRIPTIVE_NO_INFERENCE
S07,S07,1277,1277,OK,shil.fixed_k.k04,shil,fixed_k,shil.final_ranker_score,4,1.0,0.7482142857142857,0.748213482823606,0.4859980548146452,0.8368367346938776,1.0,1.0,1.0,0,0.0,4,1.0,1.0,1.0,0,0.0,4.0,0.0,False,,,,,,,,,1.0,DESCRIPTIVE_NO_INFERENCE
S07,S07,1277,1277,OK,shil.fixed_k.k08,shil,fixed_k,shil.final_ranker_score,8,1.0,0.7303571428571428,0.7303562830238617,0.4956333548104196,0.827908163265306,0.5,1.0,0.6666666666666666,4,0.5,4,0.5,1.0,0.6666666666666666,4,0.5,8.0,0.0,False,,,,,,,,,0.3333333333333333,DESCRIPTIVE_NO_INFERENCE
S07,S07,1277,1277,OK,shil.fixed_k.k16,shil,fixed_k,shil.final_ranker_score,16,1.0,0.725,0.7249859686718709,0.5052006641108154,0.8228188775510205,0.25,1.0,0.4,12,0.75,4,0.25,1.0,0.4,12,0.75,16.0,0.0,False,,,,,,,,,0.15226337448559668,DESCRIPTIVE_NO_INFERENCE
S07,S07,1277,1277,OK,shil.validation_one_se,shil,validation_one_se,shil.final_ranker_score,4,1.0,0.7482142857142857,0.748213482823606,0.4859980548146452,0.8368367346938776,1.0,1.0,1.0,0,0.0,4,1.0,1.0,1.0,0,0.0,,0.0,False,4.0,0.4756748729330264,0.0209318787156592,0.4966067516486856,,,,,1.0,DESCRIPTIVE_NO_INFERENCE
S07,S07,1277,1277,OK,shil.cpss_one_se,shil,cpss_one_se,shil.final_development_selection_frequency,4,1.0,0.7482142857142857,0.748213482823606,0.4859980548146451,0.8368367346938776,1.0,1.0,1.0,0,0.0,4,1.0,1.0,1.0,0,0.0,,,False,,0.4756748729330263,0.0209318787156592,0.4966067516486855,4.0,0.9,4.0,4.0,1.0,DESCRIPTIVE_NO_INFERENCE
S07,S07,1277,1277,OK,l1.fixed_k.k01,l1,fixed_k,l1.final_ranker_score,1,1.0,0.6142857142857143,0.6142414307764922,0.6423833331445717,0.664923469387755,1.0,0.25,0.4,0,0.0,1,1.0,0.25,0.4,0,0.0,1.0,0.0,False,,,,,,,,,0.7777777777777778,DESCRIPTIVE_NO_INFERENCE
S07,S07,1277,1277,OK,l1.fixed_k.k02,l1,fixed_k,l1.final_ranker_score,2,1.0,0.65,0.6499821419460177,0.6026052805092704,0.7242729591836735,1.0,0.5,0.6666666666666666,0,0.0,2,1.0,0.5,0.6666666666666666,0,0.0,2.0,0.0,False,,,,,,,,,0.48148148148148145,DESCRIPTIVE_NO_INFERENCE
S07,S07,1277,1277,OK,l1.fixed_k.k04,l1,fixed_k,l1.final_ranker_score,4,1.0,0.7482142857142857,0.748213482823606,0.4859980548146452,0.8368367346938776,1.0,1.0,1.0,0,0.0,4,1.0,1.0,1.0,0,0.0,4.0,0.0,False,,,,,,,,,1.0,DESCRIPTIVE_NO_INFERENCE
S07,S07,1277,1277,OK,l1.fixed_k.k08,l1,fixed_k,l1.final_ranker_score,8,1.0,0.7303571428571428,0.7302530632035957,0.4970233457221667,0.8288265306122449,0.5,1.0,0.6666666666666666,4,0.5,4,0.5,1.0,0.6666666666666666,4,0.5,8.0,0.0,False,,,,,,,,,0.34680134680134683,DESCRIPTIVE_NO_INFERENCE
S07,S07,1277,1277,OK,l1.fixed_k.k16,l1,fixed_k,l1.final_ranker_score,16,1.0,0.7178571428571429,0.7178571428571429,0.5134530370770923,0.8155612244897958,0.25,1.0,0.4,12,0.75,4,0.25,1.0,0.4,12,0.75,16.0,0.0,False,,,,,,,,,0.14756025867136977,DESCRIPTIVE_NO_INFERENCE
S07,S07,1277,1277,OK,l1.validation_one_se,l1,validation_one_se,l1.final_ranker_score,4,1.0,0.7482142857142857,0.748213482823606,0.4859980548146452,0.8368367346938776,1.0,1.0,1.0,0,0.0,4,1.0,1.0,1.0,0,0.0,,0.0,False,4.0,0.4756748729330264,0.0209318787156592,0.4966067516486856,,,,,1.0,DESCRIPTIVE_NO_INFERENCE
S07,S07,1277,1277,OK,l1.cpss_one_se,l1,cpss_one_se,l1.final_development_selection_frequency,4,1.0,0.7482142857142857,0.748213482823606,0.4859980548146451,0.8368367346938776,1.0,1.0,1.0,0,0.0,4,1.0,1.0,1.0,0,0.0,,,False,,0.4756748729330263,0.0209318787156592,0.4966067516486855,4.0,0.9,4.0,4.0,1.0,DESCRIPTIVE_NO_INFERENCE
S08,S08,1103,1103,OK,shil.fixed_k.k01,shil,fixed_k,shil.final_ranker_score,1,1.0,0.6982142857142857,0.6972866468994591,0.5765246920147967,0.7725255102040816,1.0,0.25,0.4,0,0.0,1,1.0,0.25,0.4,0,0.0,1.0,0.0,False,,,,,,,,,0.8888888888888888,DESCRIPTIVE_NO_INFERENCE
S08,S08,1103,1103,OK,shil.fixed_k.k02,shil,fixed_k,shil.final_ranker_score,2,1.0,0.7410714285714286,0.7401691460460591,0.5171037333801718,0.8303316326530613,1.0,0.5,0.6666666666666666,0,0.0,2,1.0,0.5,0.6666666666666666,0,0.0,2.0,0.0,False,,,,,,,,,0.4074074074074074,DESCRIPTIVE_NO_INFERENCE
S08,S08,1103,1103,OK,shil.fixed_k.k04,shil,fixed_k,shil.final_ranker_score,4,1.0,0.9089285714285714,0.90892595769649,0.2196153738127026,0.9710586734693878,1.0,1.0,1.0,0,0.0,4,1.0,1.0,1.0,0,0.0,4.0,0.0,False,,,,,,,,,1.0,DESCRIPTIVE_NO_INFERENCE
S08,S08,1103,1103,OK,shil.fixed_k.k08,shil,fixed_k,shil.final_ranker_score,8,1.0,0.9053571428571427,0.9053568410613556,0.2227941780575768,0.970140306122449,0.5,1.0,0.6666666666666666,4,0.5,4,0.5,1.0,0.6666666666666666,4,0.5,8.0,0.0,False,,,,,,,,,0.3872053872053872,DESCRIPTIVE_NO_INFERENCE
S08,S08,1103,1103,OK,shil.fixed_k.k16,shil,fixed_k,shil.final_ranker_score,16,1.0,0.9035714285714286,0.9035665084953316,0.2337521249889631,0.966530612244898,0.25,1.0,0.4,12,0.75,4,0.25,1.0,0.4,12,0.75,16.0,0.0,False,,,,,,,,,0.2108714330936553,DESCRIPTIVE_NO_INFERENCE
S08,S08,1103,1103,OK,shil.validation_one_se,shil,validation_one_se,shil.final_ranker_score,4,1.0,0.9089285714285714,0.90892595769649,0.2196153738127026,0.9710586734693878,1.0,1.0,1.0,0,0.0,4,1.0,1.0,1.0,0,0.0,,0.0,False,4.0,0.239895135371353,0.0213118278468627,0.2612069632182158,,,,,1.0,DESCRIPTIVE_NO_INFERENCE
S08,S08,1103,1103,OK,shil.cpss_one_se,shil,cpss_one_se,shil.final_development_selection_frequency,4,1.0,0.9089285714285714,0.90892595769649,0.2196153738127026,0.9710586734693878,1.0,1.0,1.0,0,0.0,4,1.0,1.0,1.0,0,0.0,,,False,,0.239895135371353,0.0213118278468627,0.2612069632182158,4.0,0.8,4.0,4.0,0.9500000000000001,DESCRIPTIVE_NO_INFERENCE
S08,S08,1103,1103,OK,l1.fixed_k.k01,l1,fixed_k,l1.final_ranker_score,1,1.0,0.6982142857142857,0.6972866468994591,0.5765246920147967,0.7725255102040816,1.0,0.25,0.4,0,0.0,1,1.0,0.25,0.4,0,0.0,1.0,0.0,False,,,,,,,,,0.6666666666666666,DESCRIPTIVE_NO_INFERENCE
S08,S08,1103,1103,OK,l1.fixed_k.k02,l1,fixed_k,l1.final_ranker_score,2,1.0,0.7892857142857143,0.7892749630083167,0.4465666238832025,0.8780484693877552,1.0,0.5,0.6666666666666666,0,0.0,2,1.0,0.5,0.6666666666666666,0,0.0,2.0,0.0,False,,,,,,,,,0.3333333333333333,DESCRIPTIVE_NO_INFERENCE
S08,S08,1103,1103,OK,l1.fixed_k.k04,l1,fixed_k,l1.final_ranker_score,4,1.0,0.9089285714285714,0.90892595769649,0.2196153738127026,0.9710586734693878,1.0,1.0,1.0,0,0.0,4,1.0,1.0,1.0,0,0.0,4.0,0.0,False,,,,,,,,,1.0,DESCRIPTIVE_NO_INFERENCE
S08,S08,1103,1103,OK,l1.fixed_k.k08,l1,fixed_k,l1.final_ranker_score,8,1.0,0.8964285714285715,0.896427250347581,0.2337362259521353,0.966109693877551,0.5,1.0,0.6666666666666666,4,0.5,4,0.5,1.0,0.6666666666666666,4,0.5,8.0,0.0,False,,,,,,,,,0.3333333333333333,DESCRIPTIVE_NO_INFERENCE
S08,S08,1103,1103,OK,l1.fixed_k.k16,l1,fixed_k,l1.final_ranker_score,16,1.0,0.8982142857142857,0.8982113644843124,0.2351814586117477,0.9657653061224488,0.25,1.0,0.4,12,0.75,4,0.25,1.0,0.4,12,0.75,16.0,0.0,False,,,,,,,,,0.15262515262515264,DESCRIPTIVE_NO_INFERENCE
S08,S08,1103,1103,OK,l1.validation_one_se,l1,validation_one_se,l1.final_ranker_score,4,1.0,0.9089285714285714,0.90892595769649,0.2196153738127026,0.9710586734693878,1.0,1.0,1.0,0,0.0,4,1.0,1.0,1.0,0,0.0,,0.0,False,4.0,0.239895135371353,0.0213118278468627,0.2612069632182158,,,,,1.0,DESCRIPTIVE_NO_INFERENCE
S08,S08,1103,1103,OK,l1.cpss_one_se,l1,cpss_one_se,l1.final_development_selection_frequency,4,1.0,0.9089285714285714,0.90892595769649,0.2196153738127026,0.9710586734693878,1.0,1.0,1.0,0,0.0,4,1.0,1.0,1.0,0,0.0,,,False,,0.239895135371353,0.0213118278468627,0.2601432182601601,4.0,0.9,4.0,4.0,1.0,DESCRIPTIVE_NO_INFERENCE
S08,S08,1129,1129,OK,shil.fixed_k.k01,shil,fixed_k,shil.final_ranker_score,1,1.0,0.7053571428571429,0.7040652593752703,0.5336787092605264,0.7992857142857143,1.0,0.25,0.4,0,0.0,1,1.0,0.25,0.4,0,0.0,1.0,0.0,False,,,,,,,,,0.8888888888888888,DESCRIPTIVE_NO_INFERENCE
S08,S08,1129,1129,OK,shil.fixed_k.k02,shil,fixed_k,shil.final_ranker_score,2,1.0,0.7839285714285714,0.7836242930907302,0.4354226626291787,0.8793877551020408,1.0,0.5,0.6666666666666666,0,0.0,2,1.0,0.5,0.6666666666666666,0,0.0,2.0,0.0,False,,,,,,,,,0.8518518518518517,DESCRIPTIVE_NO_INFERENCE
S08,S08,1129,1129,OK,shil.fixed_k.k04,shil,fixed_k,shil.final_ranker_score,4,1.0,0.8857142857142857,0.8857142857142857,0.2511441118383784,0.9599617346938776,1.0,1.0,1.0,0,0.0,4,1.0,1.0,1.0,0,0.0,4.0,0.0,False,,,,,,,,,1.0,DESCRIPTIVE_NO_INFERENCE
S08,S08,1129,1129,OK,shil.fixed_k.k08,shil,fixed_k,shil.final_ranker_score,8,1.0,0.8821428571428571,0.8821428571428571,0.2520254772814202,0.9595535714285716,0.5,1.0,0.6666666666666666,4,0.5,4,0.5,1.0,0.6666666666666666,4,0.5,8.0,0.0,False,,,,,,,,,0.45723905723905717,DESCRIPTIVE_NO_INFERENCE
S08,S08,1129,1129,OK,shil.fixed_k.k16,shil,fixed_k,shil.final_ranker_score,16,1.0,0.8821428571428571,0.8821428571428571,0.2571021720354444,0.9580867346938776,0.25,1.0,0.4,12,0.75,4,0.25,1.0,0.4,12,0.75,16.0,0.0,False,,,,,,,,,0.2763026274137385,DESCRIPTIVE_NO_INFERENCE
S08,S08,1129,1129,OK,shil.validation_one_se,shil,validation_one_se,shil.final_ranker_score,4,1.0,0.8857142857142857,0.8857142857142857,0.2511441118383784,0.9599617346938776,1.0,1.0,1.0,0,0.0,4,1.0,1.0,1.0,0,0.0,,0.0,False,4.0,0.2312864385143832,0.0187299152702507,0.2500163537846339,,,,,1.0,DESCRIPTIVE_NO_INFERENCE
S08,S08,1129,1129,OK,shil.cpss_one_se,shil,cpss_one_se,shil.final_development_selection_frequency,4,1.0,0.8857142857142857,0.8857142857142857,0.2511441118383784,0.9599617346938776,1.0,1.0,1.0,0,0.0,4,1.0,1.0,1.0,0,0.0,,,False,,0.2312864385143832,0.0187299152702507,0.2500163537846339,4.0,0.7,4.0,4.0,0.9500000000000001,DESCRIPTIVE_NO_INFERENCE
S08,S08,1129,1129,OK,l1.fixed_k.k01,l1,fixed_k,l1.final_ranker_score,1,1.0,0.7053571428571429,0.7040652593752703,0.5336787092605264,0.7992857142857143,1.0,0.25,0.4,0,0.0,1,1.0,0.25,0.4,0,0.0,1.0,0.0,False,,,,,,,,,0.6666666666666666,DESCRIPTIVE_NO_INFERENCE
S08,S08,1129,1129,OK,l1.fixed_k.k02,l1,fixed_k,l1.final_ranker_score,2,1.0,0.7303571428571428,0.7290429666847176,0.5007539037581374,0.8322321428571429,1.0,0.5,0.6666666666666666,0,0.0,2,1.0,0.5,0.6666666666666666,0,0.0,2.0,0.0,False,,,,,,,,,0.9259259259259258,DESCRIPTIVE_NO_INFERENCE
S08,S08,1129,1129,OK,l1.fixed_k.k04,l1,fixed_k,l1.final_ranker_score,4,1.0,0.8857142857142857,0.8857142857142857,0.2511441118383783,0.9599617346938776,1.0,1.0,1.0,0,0.0,4,1.0,1.0,1.0,0,0.0,4.0,0.0,False,,,,,,,,,1.0,DESCRIPTIVE_NO_INFERENCE
S08,S08,1129,1129,OK,l1.fixed_k.k08,l1,fixed_k,l1.final_ranker_score,8,1.0,0.8839285714285714,0.8839252402014088,0.2539034306668997,0.9587117346938776,0.5,1.0,0.6666666666666666,4,0.5,4,0.5,1.0,0.6666666666666666,4,0.5,8.0,0.0,False,,,,,,,,,0.3333333333333333,DESCRIPTIVE_NO_INFERENCE
S08,S08,1129,1129,OK,l1.fixed_k.k16,l1,fixed_k,l1.final_ranker_score,16,1.0,0.875,0.875,0.2544114695887959,0.9586224489795918,0.25,1.0,0.4,12,0.75,4,0.25,1.0,0.4,12,0.75,16.0,0.0,False,,,,,,,,,0.15226337448559668,DESCRIPTIVE_NO_INFERENCE
S08,S08,1129,1129,OK,l1.validation_one_se,l1,validation_one_se,l1.final_ranker_score,4,1.0,0.8857142857142857,0.8857142857142857,0.2511441118383783,0.9599617346938776,1.0,1.0,1.0,0,0.0,4,1.0,1.0,1.0,0,0.0,,0.0,False,4.0,0.2312864385143832,0.0187299152702507,0.2482285051316307,,,,,1.0,DESCRIPTIVE_NO_INFERENCE
S08,S08,1129,1129,OK,l1.cpss_one_se,l1,cpss_one_se,l1.final_development_selection_frequency,4,1.0,0.8857142857142857,0.8857142857142857,0.2511441118383784,0.9599617346938776,1.0,1.0,1.0,0,0.0,4,1.0,1.0,1.0,0,0.0,,,False,,0.2312864385143832,0.0187299152702507,0.2500163537846339,4.0,0.9,4.0,4.0,1.0,DESCRIPTIVE_NO_INFERENCE
S08,S08,1151,1151,OK,shil.fixed_k.k01,shil,fixed_k,shil.final_ranker_score,1,1.0,0.7089285714285715,0.7087195851615478,0.566399720693434,0.7752423469387757,1.0,0.25,0.4,0,0.0,1,1.0,0.25,0.4,0,0.0,1.0,0.0,False,,,,,,,,,0.8888888888888888,DESCRIPTIVE_NO_INFERENCE
S08,S08,1151,1151,OK,shil.fixed_k.k02,shil,fixed_k,shil.final_ranker_score,2,1.0,0.7732142857142857,0.7731962050546122,0.4510449755680434,0.8644387755102041,1.0,0.5,0.6666666666666666,0,0.0,2,1.0,0.5,0.6666666666666666,0,0.0,2.0,0.0,False,,,,,,,,,0.8518518518518517,DESCRIPTIVE_NO_INFERENCE
S08,S08,1151,1151,OK,shil.fixed_k.k04,shil,fixed_k,shil.final_ranker_score,4,1.0,0.8821428571428571,0.8821293260705948,0.2512111972579489,0.9607780612244898,1.0,1.0,1.0,0,0.0,4,1.0,1.0,1.0,0,0.0,4.0,0.0,False,,,,,,,,,1.0,DESCRIPTIVE_NO_INFERENCE
S08,S08,1151,1151,OK,shil.fixed_k.k08,shil,fixed_k,shil.final_ranker_score,8,1.0,0.8821428571428571,0.882141353843799,0.2528647495769172,0.960204081632653,0.5,1.0,0.6666666666666666,4,0.5,4,0.5,1.0,0.6666666666666666,4,0.5,8.0,0.0,False,,,,,,,,,0.5389450056116722,DESCRIPTIVE_NO_INFERENCE
S08,S08,1151,1151,OK,shil.fixed_k.k16,shil,fixed_k,shil.final_ranker_score,16,1.0,0.8839285714285714,0.8839282013016623,0.2570374481645902,0.9584311224489797,0.25,1.0,0.4,12,0.75,4,0.25,1.0,0.4,12,0.75,16.0,0.0,False,,,,,,,,,0.2882139367163522,DESCRIPTIVE_NO_INFERENCE
S08,S08,1151,1151,OK,shil.validation_one_se,shil,validation_one_se,shil.final_ranker_score,4,1.0,0.8821428571428571,0.8821293260705948,0.2512111972579489,0.9607780612244898,1.0,1.0,1.0,0,0.0,4,1.0,1.0,1.0,0,0.0,,0.0,False,4.0,0.2575584775115692,0.0200771775416218,0.277635655053191,,,,,1.0,DESCRIPTIVE_NO_INFERENCE
S08,S08,1151,1151,OK,shil.cpss_one_se,shil,cpss_one_se,shil.final_development_selection_frequency,4,1.0,0.8821428571428571,0.8821293260705948,0.2512111972579489,0.9607780612244898,1.0,1.0,1.0,0,0.0,4,1.0,1.0,1.0,0,0.0,,,False,,0.2575584775115691,0.0200771775416218,0.277635655053191,4.0,0.6,4.0,4.0,0.9500000000000001,DESCRIPTIVE_NO_INFERENCE
S08,S08,1151,1151,OK,l1.fixed_k.k01,l1,fixed_k,l1.final_ranker_score,1,1.0,0.7089285714285715,0.7087195851615478,0.566399720693434,0.7752423469387757,1.0,0.25,0.4,0,0.0,1,1.0,0.25,0.4,0,0.0,1.0,0.0,False,,,,,,,,,0.6666666666666666,DESCRIPTIVE_NO_INFERENCE
S08,S08,1151,1151,OK,l1.fixed_k.k02,l1,fixed_k,l1.final_ranker_score,2,1.0,0.7196428571428571,0.7193842539840605,0.5176720974769798,0.817984693877551,1.0,0.5,0.6666666666666666,0,0.0,2,1.0,0.5,0.6666666666666666,0,0.0,2.0,0.0,False,,,,,,,,,0.9259259259259258,DESCRIPTIVE_NO_INFERENCE
S08,S08,1151,1151,OK,l1.fixed_k.k04,l1,fixed_k,l1.final_ranker_score,4,1.0,0.8821428571428571,0.8821293260705948,0.2512111972579489,0.9607780612244898,1.0,1.0,1.0,0,0.0,4,1.0,1.0,1.0,0,0.0,4.0,0.0,False,,,,,,,,,1.0,DESCRIPTIVE_NO_INFERENCE
S08,S08,1151,1151,OK,l1.fixed_k.k08,l1,fixed_k,l1.final_ranker_score,8,1.0,0.8660714285714286,0.8660710015019181,0.2577582567345691,0.9580484693877552,0.5,1.0,0.6666666666666666,4,0.5,4,0.5,1.0,0.6666666666666666,4,0.5,8.0,0.0,False,,,,,,,,,0.3333333333333333,DESCRIPTIVE_NO_INFERENCE
S08,S08,1151,1151,OK,l1.fixed_k.k16,l1,fixed_k,l1.final_ranker_score,16,1.0,0.8696428571428572,0.8696424414618669,0.2630003751030721,0.9560459183673468,0.25,1.0,0.4,12,0.75,4,0.25,1.0,0.4,12,0.75,16.0,0.0,False,,,,,,,,,0.16203138425360647,DESCRIPTIVE_NO_INFERENCE
S08,S08,1151,1151,OK,l1.validation_one_se,l1,validation_one_se,l1.final_ranker_score,4,1.0,0.8821428571428571,0.8821293260705948,0.2512111972579489,0.9607780612244898,1.0,1.0,1.0,0,0.0,4,1.0,1.0,1.0,0,0.0,,0.0,False,4.0,0.2575584775115691,0.0200771775416218,0.277635655053191,,,,,1.0,DESCRIPTIVE_NO_INFERENCE
S08,S08,1151,1151,OK,l1.cpss_one_se,l1,cpss_one_se,l1.final_development_selection_frequency,4,1.0,0.8821428571428571,0.8821293260705948,0.2512111972579489,0.9607780612244898,1.0,1.0,1.0,0,0.0,4,1.0,1.0,1.0,0,0.0,,,False,,0.2575584775115691,0.0200771775416218,0.277635655053191,4.0,0.9,4.0,4.0,1.0,DESCRIPTIVE_NO_INFERENCE
S08,S08,1171,1171,OK,shil.fixed_k.k01,shil,fixed_k,shil.final_ranker_score,1,1.0,0.7267857142857143,0.7266802560937096,0.5305560236671848,0.8085331632653061,1.0,0.25,0.4,0,0.0,1,1.0,0.25,0.4,0,0.0,1.0,0.0,False,,,,,,,,,0.8888888888888888,DESCRIPTIVE_NO_INFERENCE
S08,S08,1171,1171,OK,shil.fixed_k.k02,shil,fixed_k,shil.final_ranker_score,2,1.0,0.8107142857142857,0.8107118713248893,0.3957976266228611,0.9012882653061224,1.0,0.5,0.6666666666666666,0,0.0,2,1.0,0.5,0.6666666666666666,0,0.0,2.0,0.0,False,,,,,,,,,0.8518518518518517,DESCRIPTIVE_NO_INFERENCE
S08,S08,1171,1171,OK,shil.fixed_k.k04,shil,fixed_k,shil.final_ranker_score,4,1.0,0.8982142857142857,0.8982139611414577,0.2402319263814539,0.9652933673469388,1.0,1.0,1.0,0,0.0,4,1.0,1.0,1.0,0,0.0,4.0,0.0,False,,,,,,,,,1.0,DESCRIPTIVE_NO_INFERENCE
S08,S08,1171,1171,OK,shil.fixed_k.k08,shil,fixed_k,shil.final_ranker_score,8,1.0,0.9017857142857144,0.9017828955550382,0.2404809105373629,0.9652678571428572,0.5,1.0,0.6666666666666666,4,0.5,4,0.5,1.0,0.6666666666666666,4,0.5,8.0,0.0,False,,,,,,,,,0.432996632996633,DESCRIPTIVE_NO_INFERENCE
S08,S08,1171,1171,OK,shil.fixed_k.k16,shil,fixed_k,shil.final_ranker_score,16,1.0,0.8946428571428572,0.8946344574663159,0.2450557503515459,0.9634311224489795,0.25,1.0,0.4,12,0.75,4,0.25,1.0,0.4,12,0.75,16.0,0.0,False,,,,,,,,,0.25351060462171576,DESCRIPTIVE_NO_INFERENCE
S08,S08,1171,1171,OK,shil.validation_one_se,shil,validation_one_se,shil.final_ranker_score,4,1.0,0.8982142857142857,0.8982139611414577,0.2402319263814539,0.9652933673469388,1.0,1.0,1.0,0,0.0,4,1.0,1.0,1.0,0,0.0,,0.0,False,4.0,0.2317703873914289,0.0182316125152288,0.2500019999066578,,,,,1.0,DESCRIPTIVE_NO_INFERENCE
S08,S08,1171,1171,OK,shil.cpss_one_se,shil,cpss_one_se,shil.final_development_selection_frequency,4,1.0,0.8982142857142857,0.8982139611414577,0.2402319263814539,0.9652933673469388,1.0,1.0,1.0,0,0.0,4,1.0,1.0,1.0,0,0.0,,,False,,0.2317703873914289,0.0182316125152288,0.2499831048182473,4.0,0.6,4.0,4.0,0.9500000000000001,DESCRIPTIVE_NO_INFERENCE
S08,S08,1171,1171,OK,l1.fixed_k.k01,l1,fixed_k,l1.final_ranker_score,1,1.0,0.7267857142857143,0.7266802560937096,0.5305560236671848,0.8085331632653061,1.0,0.25,0.4,0,0.0,1,1.0,0.25,0.4,0,0.0,1.0,0.0,False,,,,,,,,,0.6666666666666666,DESCRIPTIVE_NO_INFERENCE
S08,S08,1171,1171,OK,l1.fixed_k.k02,l1,fixed_k,l1.final_ranker_score,2,1.0,0.7535714285714286,0.7535714285714286,0.4900638902307017,0.8414923469387754,1.0,0.5,0.6666666666666666,0,0.0,2,1.0,0.5,0.6666666666666666,0,0.0,2.0,0.0,False,,,,,,,,,0.9259259259259258,DESCRIPTIVE_NO_INFERENCE
S08,S08,1171,1171,OK,l1.fixed_k.k04,l1,fixed_k,l1.final_ranker_score,4,1.0,0.8982142857142857,0.8982139611414577,0.2402319263814539,0.9652933673469388,1.0,1.0,1.0,0,0.0,4,1.0,1.0,1.0,0,0.0,4.0,0.0,False,,,,,,,,,1.0,DESCRIPTIVE_NO_INFERENCE
S08,S08,1171,1171,OK,l1.fixed_k.k08,l1,fixed_k,l1.final_ranker_score,8,1.0,0.8910714285714286,0.89107108122156,0.2426796011173926,0.9637882653061224,0.5,1.0,0.6666666666666666,4,0.5,4,0.5,1.0,0.6666666666666666,4,0.5,8.0,0.0,False,,,,,,,,,0.3333333333333333,DESCRIPTIVE_NO_INFERENCE
S08,S08,1171,1171,OK,l1.fixed_k.k16,l1,fixed_k,l1.final_ranker_score,16,1.0,0.8875,0.8874565760385863,0.2525072611425866,0.961186224489796,0.25,1.0,0.4,12,0.75,4,0.25,1.0,0.4,12,0.75,16.0,0.0,False,,,,,,,,,0.15732826843937955,DESCRIPTIVE_NO_INFERENCE
S08,S08,1171,1171,OK,l1.validation_one_se,l1,validation_one_se,l1.final_ranker_score,4,1.0,0.8982142857142857,0.8982139611414577,0.2402319263814539,0.9652933673469388,1.0,1.0,1.0,0,0.0,4,1.0,1.0,1.0,0,0.0,,0.0,False,4.0,0.2317703873914288,0.0182316125152288,0.2500019999066577,,,,,1.0,DESCRIPTIVE_NO_INFERENCE
S08,S08,1171,1171,OK,l1.cpss_one_se,l1,cpss_one_se,l1.final_development_selection_frequency,4,1.0,0.8982142857142857,0.8982139611414577,0.2402319263814539,0.9652933673469388,1.0,1.0,1.0,0,0.0,4,1.0,1.0,1.0,0,0.0,,,False,,0.2317703873914289,0.0182316125152288,0.2500019999066578,4.0,0.9,4.0,4.0,1.0,DESCRIPTIVE_NO_INFERENCE
S08,S08,1181,1181,OK,shil.fixed_k.k01,shil,fixed_k,shil.final_ranker_score,1,1.0,0.6803571428571429,0.6803561235845778,0.5915941485428363,0.745701530612245,1.0,0.25,0.4,0,0.0,1,1.0,0.25,0.4,0,0.0,1.0,0.0,False,,,,,,,,,0.0,DESCRIPTIVE_NO_INFERENCE
S08,S08,1181,1181,OK,shil.fixed_k.k02,shil,fixed_k,shil.final_ranker_score,2,1.0,0.8214285714285714,0.8214194601765397,0.4191410283918432,0.88875,1.0,0.5,0.6666666666666666,0,0.0,2,1.0,0.5,0.6666666666666666,0,0.0,2.0,0.0,False,,,,,,,,,0.8518518518518517,DESCRIPTIVE_NO_INFERENCE
S08,S08,1181,1181,OK,shil.fixed_k.k04,shil,fixed_k,shil.final_ranker_score,4,1.0,0.9,0.8999987244735265,0.2316644251465604,0.9675127551020408,1.0,1.0,1.0,0,0.0,4,1.0,1.0,1.0,0,0.0,4.0,0.0,False,,,,,,,,,1.0,DESCRIPTIVE_NO_INFERENCE
S08,S08,1181,1181,OK,shil.fixed_k.k08,shil,fixed_k,shil.final_ranker_score,8,1.0,0.8982142857142857,0.8982139611414577,0.2321285967668171,0.9676275510204082,0.5,1.0,0.6666666666666666,4,0.5,4,0.5,1.0,0.6666666666666666,4,0.5,8.0,0.0,False,,,,,,,,,0.4033670033670034,DESCRIPTIVE_NO_INFERENCE
S08,S08,1181,1181,OK,shil.fixed_k.k16,shil,fixed_k,shil.final_ranker_score,16,1.0,0.8946428571428572,0.8946425211815088,0.2368975223117406,0.9658163265306124,0.25,1.0,0.4,12,0.75,4,0.25,1.0,0.4,12,0.75,16.0,0.0,False,,,,,,,,,0.26490661601772714,DESCRIPTIVE_NO_INFERENCE
S08,S08,1181,1181,OK,shil.validation_one_se,shil,validation_one_se,shil.final_ranker_score,4,1.0,0.9,0.8999987244735265,0.2316644251465604,0.9675127551020408,1.0,1.0,1.0,0,0.0,4,1.0,1.0,1.0,0,0.0,,0.0,False,4.0,0.2328994577794409,0.0172554531302294,0.2501549109096704,,,,,1.0,DESCRIPTIVE_NO_INFERENCE
S08,S08,1181,1181,OK,shil.cpss_one_se,shil,cpss_one_se,shil.final_development_selection_frequency,4,1.0,0.9,0.8999987244735265,0.2316644251465604,0.9675127551020408,1.0,1.0,1.0,0,0.0,4,1.0,1.0,1.0,0,0.0,,,False,,0.2328994577794409,0.0172554531302294,0.2501549109096704,4.0,0.8,4.0,4.0,0.9500000000000001,DESCRIPTIVE_NO_INFERENCE
S08,S08,1181,1181,OK,l1.fixed_k.k01,l1,fixed_k,l1.final_ranker_score,1,1.0,0.7232142857142857,0.7231074489838234,0.5519299505378066,0.7929081632653061,1.0,0.25,0.4,0,0.0,1,1.0,0.25,0.4,0,0.0,1.0,0.0,False,,,,,,,,,0.6666666666666666,DESCRIPTIVE_NO_INFERENCE
S08,S08,1181,1181,OK,l1.fixed_k.k02,l1,fixed_k,l1.final_ranker_score,2,1.0,0.75,0.7499872442471555,0.5026822526087877,0.8340816326530613,1.0,0.5,0.6666666666666666,0,0.0,2,1.0,0.5,0.6666666666666666,0,0.0,2.0,0.0,False,,,,,,,,,0.9259259259259258,DESCRIPTIVE_NO_INFERENCE
S08,S08,1181,1181,OK,l1.fixed_k.k04,l1,fixed_k,l1.final_ranker_score,4,1.0,0.9,0.8999987244735265,0.2316644251465603,0.9675127551020408,1.0,1.0,1.0,0,0.0,4,1.0,1.0,1.0,0,0.0,4.0,0.0,False,,,,,,,,,1.0,DESCRIPTIVE_NO_INFERENCE
S08,S08,1181,1181,OK,l1.fixed_k.k08,l1,fixed_k,l1.final_ranker_score,8,1.0,0.9,0.8999948976988621,0.239203626194303,0.965140306122449,0.5,1.0,0.6666666666666666,4,0.5,4,0.5,1.0,0.6666666666666666,4,0.5,8.0,0.0,False,,,,,,,,,0.3333333333333333,DESCRIPTIVE_NO_INFERENCE
S08,S08,1181,1181,OK,l1.fixed_k.k16,l1,fixed_k,l1.final_ranker_score,16,1.0,0.8964285714285715,0.896427250347581,0.2414018052916594,0.964158163265306,0.25,1.0,0.4,12,0.75,4,0.25,1.0,0.4,12,0.75,16.0,0.0,False,,,,,,,,,0.1667345000678334,DESCRIPTIVE_NO_INFERENCE
S08,S08,1181,1181,OK,l1.validation_one_se,l1,validation_one_se,l1.final_ranker_score,4,1.0,0.9,0.8999987244735265,0.2316644251465603,0.9675127551020408,1.0,1.0,1.0,0,0.0,4,1.0,1.0,1.0,0,0.0,,0.0,False,4.0,0.2328994577794409,0.0172554531302294,0.2501549109096704,,,,,1.0,DESCRIPTIVE_NO_INFERENCE
S08,S08,1181,1181,OK,l1.cpss_one_se,l1,cpss_one_se,l1.final_development_selection_frequency,4,1.0,0.9,0.8999987244735265,0.2316644251465604,0.9675127551020408,1.0,1.0,1.0,0,0.0,4,1.0,1.0,1.0,0,0.0,,,False,,0.2328994577794409,0.0172554531302294,0.2501549109096704,4.0,0.9,4.0,4.0,1.0,DESCRIPTIVE_NO_INFERENCE
S08,S08,1201,1201,OK,shil.fixed_k.k01,shil,fixed_k,shil.final_ranker_score,1,1.0,0.7375,0.7374924663016477,0.544665540840384,0.8123086734693877,1.0,0.25,0.4,0,0.0,1,1.0,0.25,0.4,0,0.0,1.0,0.0,False,,,,,,,,,0.8888888888888888,DESCRIPTIVE_NO_INFERENCE
S08,S08,1201,1201,OK,shil.fixed_k.k02,shil,fixed_k,shil.final_ranker_score,2,1.0,0.8303571428571429,0.8303522741405207,0.4312723073919101,0.8928954081632653,1.0,0.5,0.6666666666666666,0,0.0,2,1.0,0.5,0.6666666666666666,0,0.0,2.0,0.0,False,,,,,,,,,0.8518518518518517,DESCRIPTIVE_NO_INFERENCE
S08,S08,1201,1201,OK,shil.fixed_k.k04,shil,fixed_k,shil.final_ranker_score,4,1.0,0.9,0.8999948976988621,0.2380750128018686,0.9649234693877552,1.0,1.0,1.0,0,0.0,4,1.0,1.0,1.0,0,0.0,4.0,0.0,False,,,,,,,,,1.0,DESCRIPTIVE_NO_INFERENCE
S08,S08,1201,1201,OK,shil.fixed_k.k08,shil,fixed_k,shil.final_ranker_score,8,1.0,0.8964285714285715,0.896427250347581,0.2396041458282772,0.964247448979592,0.5,1.0,0.6666666666666666,4,0.5,4,0.5,1.0,0.6666666666666666,4,0.5,8.0,0.0,False,,,,,,,,,0.4931537598204264,DESCRIPTIVE_NO_INFERENCE
S08,S08,1201,1201,OK,shil.fixed_k.k16,shil,fixed_k,shil.final_ranker_score,16,1.0,0.8946428571428572,0.8946344574663159,0.2391181131792358,0.9643622448979592,0.25,1.0,0.4,12,0.75,4,0.25,1.0,0.4,12,0.75,16.0,0.0,False,,,,,,,,,0.24251978474200697,DESCRIPTIVE_NO_INFERENCE
S08,S08,1201,1201,OK,shil.validation_one_se,shil,validation_one_se,shil.final_ranker_score,4,1.0,0.9,0.8999948976988621,0.2380750128018686,0.9649234693877552,1.0,1.0,1.0,0,0.0,4,1.0,1.0,1.0,0,0.0,,0.0,False,4.0,0.2549063626230501,0.0214619194327469,0.2763682820557971,,,,,1.0,DESCRIPTIVE_NO_INFERENCE
S08,S08,1201,1201,OK,shil.cpss_one_se,shil,cpss_one_se,shil.final_development_selection_frequency,4,1.0,0.9,0.8999948976988621,0.2380750128018686,0.9649234693877552,1.0,1.0,1.0,0,0.0,4,1.0,1.0,1.0,0,0.0,,,False,,0.2549063626230501,0.0214619194327469,0.2763682820557971,4.0,0.6,4.0,4.0,0.9500000000000001,DESCRIPTIVE_NO_INFERENCE
S08,S08,1201,1201,OK,l1.fixed_k.k01,l1,fixed_k,l1.final_ranker_score,1,1.0,0.6892857142857143,0.6892817510427429,0.5797671311831161,0.7527040816326531,1.0,0.25,0.4,0,0.0,1,1.0,0.25,0.4,0,0.0,1.0,0.0,False,,,,,,,,,0.2222222222222222,DESCRIPTIVE_NO_INFERENCE
S08,S08,1201,1201,OK,l1.fixed_k.k02,l1,fixed_k,l1.final_ranker_score,2,1.0,0.7767857142857143,0.7767508316031523,0.491939554025626,0.8465688775510204,1.0,0.5,0.6666666666666666,0,0.0,2,1.0,0.5,0.6666666666666666,0,0.0,2.0,0.0,False,,,,,,,,,0.9259259259259258,DESCRIPTIVE_NO_INFERENCE
S08,S08,1201,1201,OK,l1.fixed_k.k04,l1,fixed_k,l1.final_ranker_score,4,1.0,0.9,0.8999948976988621,0.2380750128018686,0.9649234693877552,1.0,1.0,1.0,0,0.0,4,1.0,1.0,1.0,0,0.0,4.0,0.0,False,,,,,,,,,1.0,DESCRIPTIVE_NO_INFERENCE
S08,S08,1201,1201,OK,l1.fixed_k.k08,l1,fixed_k,l1.final_ranker_score,8,1.0,0.8892857142857142,0.8892730032784375,0.245443332101644,0.9620535714285714,0.5,1.0,0.6666666666666666,4,0.5,4,0.5,1.0,0.6666666666666666,4,0.5,8.0,0.0,False,,,,,,,,,0.3333333333333333,DESCRIPTIVE_NO_INFERENCE
S08,S08,1201,1201,OK,l1.fixed_k.k16,l1,fixed_k,l1.final_ranker_score,16,1.0,0.8910714285714286,0.8910544058223383,0.2570316932114784,0.958954081632653,0.25,1.0,0.4,12,0.75,4,0.25,1.0,0.4,12,0.75,16.0,0.0,False,,,,,,,,,0.15696649029982362,DESCRIPTIVE_NO_INFERENCE
S08,S08,1201,1201,OK,l1.validation_one_se,l1,validation_one_se,l1.final_ranker_score,4,1.0,0.9,0.8999948976988621,0.2380750128018686,0.9649234693877552,1.0,1.0,1.0,0,0.0,4,1.0,1.0,1.0,0,0.0,,0.0,False,4.0,0.2549063626230501,0.0214619194327469,0.2763682820557971,,,,,1.0,DESCRIPTIVE_NO_INFERENCE
S08,S08,1201,1201,OK,l1.cpss_one_se,l1,cpss_one_se,l1.final_development_selection_frequency,4,1.0,0.9,0.8999948976988621,0.2380750128018686,0.9649234693877552,1.0,1.0,1.0,0,0.0,4,1.0,1.0,1.0,0,0.0,,,False,,0.2549063626230501,0.0214619194327469,0.2763682820557971,4.0,0.9,4.0,4.0,1.0,DESCRIPTIVE_NO_INFERENCE
S08,S08,1213,1213,OK,shil.fixed_k.k01,shil,fixed_k,shil.final_ranker_score,1,1.0,0.7357142857142858,0.7355490038416868,0.5161213984353522,0.8181505102040816,1.0,0.25,0.4,0,0.0,1,1.0,0.25,0.4,0,0.0,1.0,0.0,False,,,,,,,,,0.8888888888888888,DESCRIPTIVE_NO_INFERENCE
S08,S08,1213,1213,OK,shil.fixed_k.k02,shil,fixed_k,shil.final_ranker_score,2,1.0,0.7625,0.7624083271925711,0.4423745006046949,0.8733035714285713,1.0,0.5,0.6666666666666666,0,0.0,2,1.0,0.5,0.6666666666666666,0,0.0,2.0,0.0,False,,,,,,,,,0.8518518518518517,DESCRIPTIVE_NO_INFERENCE
S08,S08,1213,1213,OK,shil.fixed_k.k04,shil,fixed_k,shil.final_ranker_score,4,1.0,0.8857142857142857,0.8856909573382323,0.2340580085035269,0.9658418367346938,1.0,1.0,1.0,0,0.0,4,1.0,1.0,1.0,0,0.0,4.0,0.0,False,,,,,,,,,1.0,DESCRIPTIVE_NO_INFERENCE
S08,S08,1213,1213,OK,shil.fixed_k.k08,shil,fixed_k,shil.final_ranker_score,8,1.0,0.8839285714285714,0.8838985834989268,0.2365639051855568,0.9653316326530612,0.5,1.0,0.6666666666666666,4,0.5,4,0.5,1.0,0.6666666666666666,4,0.5,8.0,0.0,False,,,,,,,,,0.37373737373737376,DESCRIPTIVE_NO_INFERENCE
S08,S08,1213,1213,OK,shil.fixed_k.k16,shil,fixed_k,shil.final_ranker_score,16,1.0,0.8839285714285714,0.8839104324336391,0.2418129401984698,0.9633163265306124,0.25,1.0,0.4,12,0.75,4,0.25,1.0,0.4,12,0.75,16.0,0.0,False,,,,,,,,,0.25943653054764165,DESCRIPTIVE_NO_INFERENCE
S08,S08,1213,1213,OK,shil.validation_one_se,shil,validation_one_se,shil.final_ranker_score,4,1.0,0.8857142857142857,0.8856909573382323,0.2340580085035269,0.9658418367346938,1.0,1.0,1.0,0,0.0,4,1.0,1.0,1.0,0,0.0,,0.0,False,4.0,0.2326096806817849,0.017059664161837,0.2496632017813069,,,,,1.0,DESCRIPTIVE_NO_INFERENCE
S08,S08,1213,1213,OK,shil.cpss_one_se,shil,cpss_one_se,shil.final_development_selection_frequency,5,1.0,0.8875,0.8874709347758828,0.2343999035499992,0.9654591836734694,0.8,1.0,0.888888888888889,1,0.2,4,0.8,1.0,0.888888888888889,1,0.2,,,False,,0.2326096806817849,0.017059664161837,0.2493448699777262,8.0,0.9,4.0,5.0,0.7777777777777778,DESCRIPTIVE_NO_INFERENCE
S08,S08,1213,1213,OK,l1.fixed_k.k01,l1,fixed_k,l1.final_ranker_score,1,1.0,0.7357142857142858,0.7355490038416868,0.5161213984353522,0.8181505102040816,1.0,0.25,0.4,0,0.0,1,1.0,0.25,0.4,0,0.0,1.0,0.0,False,,,,,,,,,0.6666666666666666,DESCRIPTIVE_NO_INFERENCE
S08,S08,1213,1213,OK,l1.fixed_k.k02,l1,fixed_k,l1.final_ranker_score,2,1.0,0.7875,0.7873039886885554,0.4626400695467802,0.8659438775510205,1.0,0.5,0.6666666666666666,0,0.0,2,1.0,0.5,0.6666666666666666,0,0.0,2.0,0.0,False,,,,,,,,,0.9259259259259258,DESCRIPTIVE_NO_INFERENCE
S08,S08,1213,1213,OK,l1.fixed_k.k04,l1,fixed_k,l1.final_ranker_score,4,1.0,0.8857142857142857,0.8856909573382323,0.2340580085035269,0.9658418367346938,1.0,1.0,1.0,0,0.0,4,1.0,1.0,1.0,0,0.0,4.0,0.0,False,,,,,,,,,1.0,DESCRIPTIVE_NO_INFERENCE
S08,S08,1213,1213,OK,l1.fixed_k.k08,l1,fixed_k,l1.final_ranker_score,8,1.0,0.8821428571428571,0.8821293260705948,0.2362719036205541,0.9649872448979592,0.5,1.0,0.6666666666666666,4,0.5,4,0.5,1.0,0.6666666666666666,4,0.5,8.0,0.0,False,,,,,,,,,0.3333333333333333,DESCRIPTIVE_NO_INFERENCE
S08,S08,1213,1213,OK,l1.fixed_k.k16,l1,fixed_k,l1.final_ranker_score,16,1.0,0.8767857142857143,0.8767538809450145,0.2495747166821726,0.9599234693877552,0.25,1.0,0.4,12,0.75,4,0.25,1.0,0.4,12,0.75,16.0,0.0,False,,,,,,,,,0.14756025867136977,DESCRIPTIVE_NO_INFERENCE
S08,S08,1213,1213,OK,l1.validation_one_se,l1,validation_one_se,l1.final_ranker_score,4,1.0,0.8857142857142857,0.8856909573382323,0.2340580085035269,0.9658418367346938,1.0,1.0,1.0,0,0.0,4,1.0,1.0,1.0,0,0.0,,0.0,False,4.0,0.2326096806817849,0.017059664161837,0.249669344843622,,,,,1.0,DESCRIPTIVE_NO_INFERENCE
S08,S08,1213,1213,OK,l1.cpss_one_se,l1,cpss_one_se,l1.final_development_selection_frequency,4,1.0,0.8857142857142857,0.8856909573382323,0.2340580085035269,0.9658418367346938,1.0,1.0,1.0,0,0.0,4,1.0,1.0,1.0,0,0.0,,,False,,0.2326096806817849,0.017059664161837,0.249669344843622,4.0,0.9,4.0,4.0,1.0,DESCRIPTIVE_NO_INFERENCE
S08,S08,1231,1231,OK,shil.fixed_k.k01,shil,fixed_k,shil.final_ranker_score,1,1.0,0.6928571428571428,0.6928218800627624,0.5896883041475458,0.7539540816326531,1.0,0.25,0.4,0,0.0,1,1.0,0.25,0.4,0,0.0,1.0,0.0,False,,,,,,,,,0.8888888888888888,DESCRIPTIVE_NO_INFERENCE
S08,S08,1231,1231,OK,shil.fixed_k.k02,shil,fixed_k,shil.final_ranker_score,2,1.0,0.7785714285714286,0.7784697054770048,0.4670676731835016,0.8610076530612244,1.0,0.5,0.6666666666666666,0,0.0,2,1.0,0.5,0.6666666666666666,0,0.0,2.0,0.0,False,,,,,,,,,0.8518518518518517,DESCRIPTIVE_NO_INFERENCE
S08,S08,1231,1231,OK,shil.fixed_k.k04,shil,fixed_k,shil.final_ranker_score,4,1.0,0.875,0.874998405591908,0.2680578814680852,0.9541454081632654,1.0,1.0,1.0,0,0.0,4,1.0,1.0,1.0,0,0.0,4.0,0.0,False,,,,,,,,,1.0,DESCRIPTIVE_NO_INFERENCE
S08,S08,1231,1231,OK,shil.fixed_k.k08,shil,fixed_k,shil.final_ranker_score,8,1.0,0.875,0.874998405591908,0.2699382682081155,0.9535841836734692,0.5,1.0,0.6666666666666666,4,0.5,4,0.5,1.0,0.6666666666666666,4,0.5,8.0,0.0,False,,,,,,,,,0.4303030303030303,DESCRIPTIVE_NO_INFERENCE
S08,S08,1231,1231,OK,shil.fixed_k.k16,shil,fixed_k,shil.final_ranker_score,16,1.0,0.8607142857142858,0.8607125090881261,0.2729796930784909,0.9524489795918368,0.25,1.0,0.4,12,0.75,4,0.25,1.0,0.4,12,0.75,16.0,0.0,False,,,,,,,,,0.27498575498575506,DESCRIPTIVE_NO_INFERENCE
S08,S08,1231,1231,OK,shil.validation_one_se,shil,validation_one_se,shil.final_ranker_score,4,1.0,0.875,0.874998405591908,0.2680578814680852,0.9541454081632654,1.0,1.0,1.0,0,0.0,4,1.0,1.0,1.0,0,0.0,,0.0,False,4.0,0.2560392096148904,0.0185929300155765,0.274632139630467,,,,,1.0,DESCRIPTIVE_NO_INFERENCE
S08,S08,1231,1231,OK,shil.cpss_one_se,shil,cpss_one_se,shil.final_development_selection_frequency,4,1.0,0.875,0.874998405591908,0.2680578814680852,0.9541454081632654,1.0,1.0,1.0,0,0.0,4,1.0,1.0,1.0,0,0.0,,,False,,0.2560392096148904,0.0185929300155765,0.2746253034000922,4.0,0.8,4.0,4.0,0.9500000000000001,DESCRIPTIVE_NO_INFERENCE
S08,S08,1231,1231,OK,l1.fixed_k.k01,l1,fixed_k,l1.final_ranker_score,1,1.0,0.6928571428571428,0.6928218800627624,0.5896883041475458,0.7539540816326531,1.0,0.25,0.4,0,0.0,1,1.0,0.25,0.4,0,0.0,1.0,0.0,False,,,,,,,,,0.6666666666666666,DESCRIPTIVE_NO_INFERENCE
S08,S08,1231,1231,OK,l1.fixed_k.k02,l1,fixed_k,l1.final_ranker_score,2,1.0,0.7,0.699447965651196,0.5503183038763179,0.7895025510204081,1.0,0.5,0.6666666666666666,0,0.0,2,1.0,0.5,0.6666666666666666,0,0.0,2.0,0.0,False,,,,,,,,,0.9259259259259258,DESCRIPTIVE_NO_INFERENCE
S08,S08,1231,1231,OK,l1.fixed_k.k04,l1,fixed_k,l1.final_ranker_score,4,1.0,0.875,0.874998405591908,0.2680578814680852,0.9541454081632654,1.0,1.0,1.0,0,0.0,4,1.0,1.0,1.0,0,0.0,4.0,0.0,False,,,,,,,,,1.0,DESCRIPTIVE_NO_INFERENCE
S08,S08,1231,1231,OK,l1.fixed_k.k08,l1,fixed_k,l1.final_ranker_score,8,1.0,0.875,0.8749744845886915,0.2686131438561948,0.95375,0.5,1.0,0.6666666666666666,4,0.5,4,0.5,1.0,0.6666666666666666,4,0.5,8.0,0.0,False,,,,,,,,,0.3333333333333333,DESCRIPTIVE_NO_INFERENCE
S08,S08,1231,1231,OK,l1.fixed_k.k16,l1,fixed_k,l1.final_ranker_score,16,1.0,0.8696428571428572,0.8696091783911023,0.2754619172112886,0.952295918367347,0.25,1.0,0.4,12,0.75,4,0.25,1.0,0.4,12,0.75,16.0,0.0,False,,,,,,,,,0.16166960611405054,DESCRIPTIVE_NO_INFERENCE
S08,S08,1231,1231,OK,l1.validation_one_se,l1,validation_one_se,l1.final_ranker_score,4,1.0,0.875,0.874998405591908,0.2680578814680852,0.9541454081632654,1.0,1.0,1.0,0,0.0,4,1.0,1.0,1.0,0,0.0,,0.0,False,4.0,0.2560392096148904,0.0185929300155765,0.274632139630467,,,,,1.0,DESCRIPTIVE_NO_INFERENCE
S08,S08,1231,1231,OK,l1.cpss_one_se,l1,cpss_one_se,l1.final_development_selection_frequency,4,1.0,0.875,0.874998405591908,0.2680578814680852,0.9541454081632654,1.0,1.0,1.0,0,0.0,4,1.0,1.0,1.0,0,0.0,,,False,,0.2560392096148904,0.0185929300155765,0.274632139630467,4.0,0.9,4.0,4.0,1.0,DESCRIPTIVE_NO_INFERENCE
S08,S08,1249,1249,OK,shil.fixed_k.k01,shil,fixed_k,shil.final_ranker_score,1,1.0,0.7107142857142857,0.7103448275862069,0.5419880304931648,0.7966581632653061,1.0,0.25,0.4,0,0.0,1,1.0,0.25,0.4,0,0.0,1.0,0.0,False,,,,,,,,,0.8888888888888888,DESCRIPTIVE_NO_INFERENCE
S08,S08,1249,1249,OK,shil.fixed_k.k02,shil,fixed_k,shil.final_ranker_score,2,1.0,0.7892857142857143,0.7892615223686392,0.4327476578284424,0.8785331632653062,1.0,0.5,0.6666666666666666,0,0.0,2,1.0,0.5,0.6666666666666666,0,0.0,2.0,0.0,False,,,,,,,,,0.8518518518518517,DESCRIPTIVE_NO_INFERENCE
S08,S08,1249,1249,OK,shil.fixed_k.k04,shil,fixed_k,shil.final_ranker_score,4,1.0,0.9142857142857144,0.9142682180036742,0.1931949283277278,0.9774872448979592,1.0,1.0,1.0,0,0.0,4,1.0,1.0,1.0,0,0.0,4.0,0.0,False,,,,,,,,,1.0,DESCRIPTIVE_NO_INFERENCE
S08,S08,1249,1249,OK,shil.fixed_k.k08,shil,fixed_k,shil.final_ranker_score,8,1.0,0.9142857142857144,0.9142758735058872,0.1935508329896421,0.9778826530612246,0.5,1.0,0.6666666666666666,4,0.5,4,0.5,1.0,0.6666666666666666,4,0.5,8.0,0.0,False,,,,,,,,,0.4303030303030303,DESCRIPTIVE_NO_INFERENCE
S08,S08,1249,1249,OK,shil.fixed_k.k16,shil,fixed_k,shil.final_ranker_score,16,1.0,0.9142857142857144,0.9142758735058872,0.1927460371458915,0.9777551020408164,0.25,1.0,0.4,12,0.75,4,0.25,1.0,0.4,12,0.75,16.0,0.0,False,,,,,,,,,0.2941398626422781,DESCRIPTIVE_NO_INFERENCE
S08,S08,1249,1249,OK,shil.validation_one_se,shil,validation_one_se,shil.final_ranker_score,4,1.0,0.9142857142857144,0.9142682180036742,0.1931949283277278,0.9774872448979592,1.0,1.0,1.0,0,0.0,4,1.0,1.0,1.0,0,0.0,,0.0,False,4.0,0.2217572335487928,0.0181569464970347,0.2399141800458275,,,,,1.0,DESCRIPTIVE_NO_INFERENCE
S08,S08,1249,1249,OK,shil.cpss_one_se,shil,cpss_one_se,shil.final_development_selection_frequency,4,1.0,0.9142857142857144,0.9142682180036742,0.1931949283277278,0.9774872448979592,1.0,1.0,1.0,0,0.0,4,1.0,1.0,1.0,0,0.0,,,False,,0.2217572335487928,0.0181569464970347,0.2391259693775197,8.0,0.9,4.0,4.0,0.9500000000000001,DESCRIPTIVE_NO_INFERENCE
S08,S08,1249,1249,OK,l1.fixed_k.k01,l1,fixed_k,l1.final_ranker_score,1,1.0,0.6607142857142857,0.6606969743354253,0.5887093959631433,0.7345535714285714,1.0,0.25,0.4,0,0.0,1,1.0,0.25,0.4,0,0.0,1.0,0.0,False,,,,,,,,,0.2222222222222222,DESCRIPTIVE_NO_INFERENCE
S08,S08,1249,1249,OK,l1.fixed_k.k02,l1,fixed_k,l1.final_ranker_score,2,1.0,0.7660714285714286,0.7653523712652612,0.4848911893383934,0.8489795918367347,1.0,0.5,0.6666666666666666,0,0.0,2,1.0,0.5,0.6666666666666666,0,0.0,2.0,0.0,False,,,,,,,,,0.9259259259259258,DESCRIPTIVE_NO_INFERENCE
S08,S08,1249,1249,OK,l1.fixed_k.k04,l1,fixed_k,l1.final_ranker_score,4,1.0,0.9142857142857144,0.9142682180036742,0.1931949283277278,0.9774872448979592,1.0,1.0,1.0,0,0.0,4,1.0,1.0,1.0,0,0.0,4.0,0.0,False,,,,,,,,,1.0,DESCRIPTIVE_NO_INFERENCE
S08,S08,1249,1249,OK,l1.fixed_k.k08,l1,fixed_k,l1.final_ranker_score,8,1.0,0.9107142857142856,0.9107040349019658,0.1976632279324352,0.9764668367346938,0.5,1.0,0.6666666666666666,4,0.5,4,0.5,1.0,0.6666666666666666,4,0.5,8.0,0.0,False,,,,,,,,,0.3333333333333333,DESCRIPTIVE_NO_INFERENCE
S08,S08,1249,1249,OK,l1.fixed_k.k16,l1,fixed_k,l1.final_ranker_score,16,1.0,0.9125,0.9124773937145756,0.210746133375156,0.972423469387755,0.25,1.0,0.4,12,0.75,4,0.25,1.0,0.4,12,0.75,16.0,0.0,False,,,,,,,,,0.14756025867136977,DESCRIPTIVE_NO_INFERENCE
S08,S08,1249,1249,OK,l1.validation_one_se,l1,validation_one_se,l1.final_ranker_score,4,1.0,0.9142857142857144,0.9142682180036742,0.1931949283277278,0.9774872448979592,1.0,1.0,1.0,0,0.0,4,1.0,1.0,1.0,0,0.0,,0.0,False,4.0,0.2217572335487928,0.0181569464970347,0.2399141800458275,,,,,1.0,DESCRIPTIVE_NO_INFERENCE
S08,S08,1249,1249,OK,l1.cpss_one_se,l1,cpss_one_se,l1.final_development_selection_frequency,4,1.0,0.9142857142857144,0.9142682180036742,0.1931949283277278,0.9774872448979592,1.0,1.0,1.0,0,0.0,4,1.0,1.0,1.0,0,0.0,,,False,,0.2217572335487928,0.0181569464970347,0.2399141800458275,4.0,0.9,4.0,4.0,1.0,DESCRIPTIVE_NO_INFERENCE
S08,S08,1277,1277,OK,shil.fixed_k.k01,shil,fixed_k,shil.final_ranker_score,1,1.0,0.6982142857142857,0.6980977992146205,0.5625216028454662,0.7756887755102041,1.0,0.25,0.4,0,0.0,1,1.0,0.25,0.4,0,0.0,1.0,0.0,False,,,,,,,,,0.8888888888888888,DESCRIPTIVE_NO_INFERENCE
S08,S08,1277,1277,OK,shil.fixed_k.k02,shil,fixed_k,shil.final_ranker_score,2,1.0,0.7321428571428571,0.7318007662835249,0.5214078509947307,0.8197066326530613,1.0,0.5,0.6666666666666666,0,0.0,2,1.0,0.5,0.6666666666666666,0,0.0,2.0,0.0,False,,,,,,,,,0.4074074074074074,DESCRIPTIVE_NO_INFERENCE
S08,S08,1277,1277,OK,shil.fixed_k.k04,shil,fixed_k,shil.final_ranker_score,4,1.0,0.8946428571428572,0.8945456750640737,0.2110860747288173,0.973048469387755,1.0,1.0,1.0,0,0.0,4,1.0,1.0,1.0,0,0.0,4.0,0.0,False,,,,,,,,,1.0,DESCRIPTIVE_NO_INFERENCE
S08,S08,1277,1277,OK,shil.fixed_k.k08,shil,fixed_k,shil.final_ranker_score,8,1.0,0.8946428571428572,0.8946021902583586,0.209903664555353,0.9737882653061224,0.5,1.0,0.6666666666666666,4,0.5,4,0.5,1.0,0.6666666666666666,4,0.5,8.0,0.0,False,,,,,,,,,0.4006734006734007,DESCRIPTIVE_NO_INFERENCE
S08,S08,1277,1277,OK,shil.fixed_k.k16,shil,fixed_k,shil.final_ranker_score,16,1.0,0.9,0.8999681020733652,0.2145167881531818,0.972295918367347,0.25,1.0,0.4,12,0.75,4,0.25,1.0,0.4,12,0.75,16.0,0.0,False,,,,,,,,,0.19061185727852392,DESCRIPTIVE_NO_INFERENCE
S08,S08,1277,1277,OK,shil.validation_one_se,shil,validation_one_se,shil.final_ranker_score,4,1.0,0.8946428571428572,0.8945456750640737,0.2110860747288173,0.973048469387755,1.0,1.0,1.0,0,0.0,4,1.0,1.0,1.0,0,0.0,,0.0,False,4.0,0.2460444526543806,0.0211254943122508,0.2650031992901598,,,,,1.0,DESCRIPTIVE_NO_INFERENCE
S08,S08,1277,1277,OK,shil.cpss_one_se,shil,cpss_one_se,shil.final_development_selection_frequency,3,1.0,0.8214285714285714,0.8213716108452951,0.3856079309033048,0.9136352040816326,1.0,0.75,0.8571428571428571,0,0.0,3,1.0,0.75,0.8571428571428571,0,0.0,,,False,,0.2460444526543806,0.0211254943122508,0.265370642717267,4.0,0.6,4.0,3.0,0.7333333333333333,DESCRIPTIVE_NO_INFERENCE
S08,S08,1277,1277,OK,l1.fixed_k.k01,l1,fixed_k,l1.final_ranker_score,1,1.0,0.6285714285714286,0.6285666909016696,0.6232407452470607,0.704375,1.0,0.25,0.4,0,0.0,1,1.0,0.25,0.4,0,0.0,1.0,0.0,False,,,,,,,,,0.2222222222222222,DESCRIPTIVE_NO_INFERENCE
S08,S08,1277,1277,OK,l1.fixed_k.k02,l1,fixed_k,l1.final_ranker_score,2,1.0,0.7321428571428571,0.7318007662835249,0.5214078509947307,0.8197066326530613,1.0,0.5,0.6666666666666666,0,0.0,2,1.0,0.5,0.6666666666666666,0,0.0,2.0,0.0,False,,,,,,,,,0.9259259259259258,DESCRIPTIVE_NO_INFERENCE
S08,S08,1277,1277,OK,l1.fixed_k.k04,l1,fixed_k,l1.final_ranker_score,4,1.0,0.8946428571428572,0.8945456750640737,0.2110860747288173,0.973048469387755,1.0,1.0,1.0,0,0.0,4,1.0,1.0,1.0,0,0.0,4.0,0.0,False,,,,,,,,,1.0,DESCRIPTIVE_NO_INFERENCE
S08,S08,1277,1277,OK,l1.fixed_k.k08,l1,fixed_k,l1.final_ranker_score,8,1.0,0.8875,0.8873962293057058,0.2154118234349037,0.9722704081632654,0.5,1.0,0.6666666666666666,4,0.5,4,0.5,1.0,0.6666666666666666,4,0.5,8.0,0.0,False,,,,,,,,,0.3333333333333333,DESCRIPTIVE_NO_INFERENCE
S08,S08,1277,1277,OK,l1.fixed_k.k16,l1,fixed_k,l1.final_ranker_score,16,1.0,0.8785714285714286,0.8784954882515859,0.2288415296699196,0.9680229591836734,0.25,1.0,0.4,12,0.75,4,0.25,1.0,0.4,12,0.75,16.0,0.0,False,,,,,,,,,0.14756025867136977,DESCRIPTIVE_NO_INFERENCE
S08,S08,1277,1277,OK,l1.validation_one_se,l1,validation_one_se,l1.final_ranker_score,4,1.0,0.8946428571428572,0.8945456750640737,0.2110860747288173,0.973048469387755,1.0,1.0,1.0,0,0.0,4,1.0,1.0,1.0,0,0.0,,0.0,False,4.0,0.2460444526543805,0.0211254943122508,0.2671699469666314,,,,,1.0,DESCRIPTIVE_NO_INFERENCE
S08,S08,1277,1277,OK,l1.cpss_one_se,l1,cpss_one_se,l1.final_development_selection_frequency,4,1.0,0.8946428571428572,0.8945456750640737,0.2110860747288173,0.973048469387755,1.0,1.0,1.0,0,0.0,4,1.0,1.0,1.0,0,0.0,,,False,,0.2460444526543806,0.0211254943122508,0.2671699469666315,4.0,0.9,4.0,4.0,1.0,DESCRIPTIVE_NO_INFERENCE
S09,S09,1103,1103,OK,shil.fixed_k.k01,shil,fixed_k,shil.final_ranker_score,1,1.0,0.7071428571428572,0.7071092344784478,0.5572025925984078,0.7870280612244899,1.0,0.25,0.4,0,0.0,1,1.0,0.25,0.4,0,0.0,1.0,0.0,False,,,,,,,,,0.8888888888888888,DESCRIPTIVE_NO_INFERENCE
S09,S09,1103,1103,OK,shil.fixed_k.k02,shil,fixed_k,shil.final_ranker_score,2,1.0,0.7892857142857143,0.7891539354953989,0.4559587004044799,0.8716071428571429,1.0,0.5,0.6666666666666666,0,0.0,2,1.0,0.5,0.6666666666666666,0,0.0,2.0,0.0,False,,,,,,,,,1.0,DESCRIPTIVE_NO_INFERENCE
S09,S09,1103,1103,OK,shil.fixed_k.k04,shil,fixed_k,shil.final_ranker_score,4,1.0,0.9125,0.912497488767216,0.216447384276293,0.971313775510204,1.0,1.0,1.0,0,0.0,4,1.0,1.0,1.0,0,0.0,4.0,0.0,False,,,,,,,,,1.0,DESCRIPTIVE_NO_INFERENCE
S09,S09,1103,1103,OK,shil.fixed_k.k08,shil,fixed_k,shil.final_ranker_score,8,1.0,0.9125,0.9124997209812532,0.2184480195076713,0.9709438775510204,0.5,1.0,0.6666666666666666,4,0.5,4,0.5,1.0,0.6666666666666666,4,0.5,8.0,0.0,False,,,,,,,,,0.3333333333333333,DESCRIPTIVE_NO_INFERENCE
S09,S09,1103,1103,OK,shil.fixed_k.k16,shil,fixed_k,shil.final_ranker_score,16,1.0,0.8982142857142857,0.8982139611414577,0.2277508830149928,0.9682397959183672,0.25,1.0,0.4,12,0.75,4,0.25,1.0,0.4,12,0.75,16.0,0.0,False,,,,,,,,,0.15226337448559668,DESCRIPTIVE_NO_INFERENCE
S09,S09,1103,1103,OK,shil.validation_one_se,shil,validation_one_se,shil.final_ranker_score,4,1.0,0.9125,0.912497488767216,0.216447384276293,0.971313775510204,1.0,1.0,1.0,0,0.0,4,1.0,1.0,1.0,0,0.0,,0.0,False,4.0,0.2212175836493751,0.0181531060048167,0.2393706896541919,,,,,1.0,DESCRIPTIVE_NO_INFERENCE
S09,S09,1103,1103,OK,shil.cpss_one_se,shil,cpss_one_se,shil.final_development_selection_frequency,4,1.0,0.9125,0.912497488767216,0.216447384276293,0.971313775510204,1.0,1.0,1.0,0,0.0,4,1.0,1.0,1.0,0,0.0,,,False,,0.2212175836493751,0.0181531060048167,0.2393706896541919,4.0,0.9,4.0,4.0,1.0,DESCRIPTIVE_NO_INFERENCE
S09,S09,1103,1103,OK,l1.fixed_k.k01,l1,fixed_k,l1.final_ranker_score,1,1.0,0.7071428571428572,0.7071092344784478,0.5572025925984078,0.7870280612244899,1.0,0.25,0.4,0,0.0,1,1.0,0.25,0.4,0,0.0,1.0,0.0,False,,,,,,,,,1.0,DESCRIPTIVE_NO_INFERENCE
S09,S09,1103,1103,OK,l1.fixed_k.k02,l1,fixed_k,l1.final_ranker_score,2,1.0,0.7767857142857143,0.7767679183608387,0.4894147165525281,0.8483928571428572,1.0,0.5,0.6666666666666666,0,0.0,2,1.0,0.5,0.6666666666666666,0,0.0,2.0,0.0,False,,,,,,,,,0.7777777777777778,DESCRIPTIVE_NO_INFERENCE
S09,S09,1103,1103,OK,l1.fixed_k.k04,l1,fixed_k,l1.final_ranker_score,4,1.0,0.9125,0.912497488767216,0.216447384276293,0.971313775510204,1.0,1.0,1.0,0,0.0,4,1.0,1.0,1.0,0,0.0,4.0,0.0,False,,,,,,,,,1.0,DESCRIPTIVE_NO_INFERENCE
S09,S09,1103,1103,OK,l1.fixed_k.k08,l1,fixed_k,l1.final_ranker_score,8,1.0,0.9053571428571427,0.9053544266257642,0.2244241035836676,0.968813775510204,0.5,1.0,0.6666666666666666,4,0.5,4,0.5,1.0,0.6666666666666666,4,0.5,8.0,0.0,False,,,,,,,,,0.3333333333333333,DESCRIPTIVE_NO_INFERENCE
S09,S09,1103,1103,OK,l1.fixed_k.k16,l1,fixed_k,l1.final_ranker_score,16,1.0,0.9,0.8999948976988621,0.2366564945508651,0.9663392857142856,0.25,1.0,0.4,12,0.75,4,0.25,1.0,0.4,12,0.75,16.0,0.0,False,,,,,,,,,0.16166960611405054,DESCRIPTIVE_NO_INFERENCE
S09,S09,1103,1103,OK,l1.validation_one_se,l1,validation_one_se,l1.final_ranker_score,4,1.0,0.9125,0.912497488767216,0.216447384276293,0.971313775510204,1.0,1.0,1.0,0,0.0,4,1.0,1.0,1.0,0,0.0,,0.0,False,4.0,0.2212175836493751,0.0181531060048167,0.2393706896541919,,,,,1.0,DESCRIPTIVE_NO_INFERENCE
S09,S09,1103,1103,OK,l1.cpss_one_se,l1,cpss_one_se,l1.final_development_selection_frequency,4,1.0,0.9125,0.912497488767216,0.216447384276293,0.971313775510204,1.0,1.0,1.0,0,0.0,4,1.0,1.0,1.0,0,0.0,,,False,,0.2212175836493751,0.0181531060048167,0.2393706896541919,4.0,0.9,4.0,4.0,1.0,DESCRIPTIVE_NO_INFERENCE
S09,S09,1129,1129,OK,shil.fixed_k.k01,shil,fixed_k,shil.final_ranker_score,1,1.0,0.7035714285714286,0.7034768740031898,0.5670983448381511,0.780408163265306,1.0,0.25,0.4,0,0.0,1,1.0,0.25,0.4,0,0.0,1.0,0.0,False,,,,,,,,,0.8888888888888888,DESCRIPTIVE_NO_INFERENCE
S09,S09,1129,1129,OK,shil.fixed_k.k02,shil,fixed_k,shil.final_ranker_score,2,1.0,0.7482142857142857,0.7481942119110261,0.5186340639369037,0.8312755102040816,1.0,0.5,0.6666666666666666,0,0.0,2,1.0,0.5,0.6666666666666666,0,0.0,2.0,0.0,False,,,,,,,,,1.0,DESCRIPTIVE_NO_INFERENCE
S09,S09,1129,1129,OK,shil.fixed_k.k04,shil,fixed_k,shil.final_ranker_score,4,1.0,0.9035714285714286,0.9035517452541336,0.2205716784356082,0.9699107142857144,1.0,1.0,1.0,0,0.0,4,1.0,1.0,1.0,0,0.0,4.0,0.0,False,,,,,,,,,1.0,DESCRIPTIVE_NO_INFERENCE
S09,S09,1129,1129,OK,shil.fixed_k.k08,shil,fixed_k,shil.final_ranker_score,8,1.0,0.8964285714285715,0.896407430087773,0.2196350295063368,0.9702933673469388,0.5,1.0,0.6666666666666666,4,0.5,4,0.5,1.0,0.6666666666666666,4,0.5,8.0,0.0,False,,,,,,,,,0.3333333333333333,DESCRIPTIVE_NO_INFERENCE
S09,S09,1129,1129,OK,shil.fixed_k.k16,shil,fixed_k,shil.final_ranker_score,16,1.0,0.8982142857142857,0.8981879886067511,0.2201986700470997,0.9701913265306124,0.25,1.0,0.4,12,0.75,4,0.25,1.0,0.4,12,0.75,16.0,0.0,False,,,,,,,,,0.15226337448559668,DESCRIPTIVE_NO_INFERENCE
S09,S09,1129,1129,OK,shil.validation_one_se,shil,validation_one_se,shil.final_ranker_score,4,1.0,0.9035714285714286,0.9035517452541336,0.2205716784356082,0.9699107142857144,1.0,1.0,1.0,0,0.0,4,1.0,1.0,1.0,0,0.0,,0.0,False,4.0,0.2311784966632472,0.0212754385749306,0.2524539352381779,,,,,1.0,DESCRIPTIVE_NO_INFERENCE
S09,S09,1129,1129,OK,shil.cpss_one_se,shil,cpss_one_se,shil.final_development_selection_frequency,4,1.0,0.9035714285714286,0.9035517452541336,0.2205716784356082,0.9699107142857144,1.0,1.0,1.0,0,0.0,4,1.0,1.0,1.0,0,0.0,,,False,,0.2311784966632472,0.0212754385749306,0.2524539352381779,4.0,0.9,4.0,4.0,1.0,DESCRIPTIVE_NO_INFERENCE
S09,S09,1129,1129,OK,l1.fixed_k.k01,l1,fixed_k,l1.final_ranker_score,1,1.0,0.7035714285714286,0.7034768740031898,0.5670983448381511,0.780408163265306,1.0,0.25,0.4,0,0.0,1,1.0,0.25,0.4,0,0.0,1.0,0.0,False,,,,,,,,,1.0,DESCRIPTIVE_NO_INFERENCE
S09,S09,1129,1129,OK,l1.fixed_k.k02,l1,fixed_k,l1.final_ranker_score,2,1.0,0.7696428571428572,0.7695539414123433,0.4669304902139212,0.8575255102040815,1.0,0.5,0.6666666666666666,0,0.0,2,1.0,0.5,0.6666666666666666,0,0.0,2.0,0.0,False,,,,,,,,,0.7777777777777778,DESCRIPTIVE_NO_INFERENCE
S09,S09,1129,1129,OK,l1.fixed_k.k04,l1,fixed_k,l1.final_ranker_score,4,1.0,0.9035714285714286,0.9035517452541336,0.2205716784356082,0.9699107142857144,1.0,1.0,1.0,0,0.0,4,1.0,1.0,1.0,0,0.0,4.0,0.0,False,,,,,,,,,1.0,DESCRIPTIVE_NO_INFERENCE
S09,S09,1129,1129,OK,l1.fixed_k.k08,l1,fixed_k,l1.final_ranker_score,8,1.0,0.8928571428571429,0.8928352725045927,0.2289758874545366,0.967704081632653,0.5,1.0,0.6666666666666666,4,0.5,4,0.5,1.0,0.6666666666666666,4,0.5,8.0,0.0,False,,,,,,,,,0.3333333333333333,DESCRIPTIVE_NO_INFERENCE
S09,S09,1129,1129,OK,l1.fixed_k.k16,l1,fixed_k,l1.final_ranker_score,16,1.0,0.8964285714285715,0.8964232869023929,0.2360902155344765,0.9658673469387756,0.25,1.0,0.4,12,0.75,4,0.25,1.0,0.4,12,0.75,16.0,0.0,False,,,,,,,,,0.14756025867136977,DESCRIPTIVE_NO_INFERENCE
S09,S09,1129,1129,OK,l1.validation_one_se,l1,validation_one_se,l1.final_ranker_score,4,1.0,0.9035714285714286,0.9035517452541336,0.2205716784356082,0.9699107142857144,1.0,1.0,1.0,0,0.0,4,1.0,1.0,1.0,0,0.0,,0.0,False,4.0,0.2311784966632472,0.0212754385749306,0.2524539352381779,,,,,1.0,DESCRIPTIVE_NO_INFERENCE
S09,S09,1129,1129,OK,l1.cpss_one_se,l1,cpss_one_se,l1.final_development_selection_frequency,4,1.0,0.9035714285714286,0.9035517452541336,0.2205716784356082,0.9699107142857144,1.0,1.0,1.0,0,0.0,4,1.0,1.0,1.0,0,0.0,,,False,,0.2311784966632472,0.0212754385749306,0.2524539352381779,4.0,0.9,4.0,4.0,1.0,DESCRIPTIVE_NO_INFERENCE
S09,S09,1151,1151,OK,shil.fixed_k.k01,shil,fixed_k,shil.final_ranker_score,1,1.0,0.7267857142857143,0.7267778730894701,0.5657640083775163,0.7782908163265306,1.0,0.25,0.4,0,0.0,1,1.0,0.25,0.4,0,0.0,1.0,0.0,False,,,,,,,,,0.8888888888888888,DESCRIPTIVE_NO_INFERENCE
S09,S09,1151,1151,OK,shil.fixed_k.k02,shil,fixed_k,shil.final_ranker_score,2,1.0,0.7803571428571429,0.7803003964671997,0.4634777424835062,0.8646301020408164,1.0,0.5,0.6666666666666666,0,0.0,2,1.0,0.5,0.6666666666666666,0,0.0,2.0,0.0,False,,,,,,,,,1.0,DESCRIPTIVE_NO_INFERENCE
S09,S09,1151,1151,OK,shil.fixed_k.k04,shil,fixed_k,shil.final_ranker_score,4,1.0,0.9,0.8999885190902017,0.2254901366459297,0.9690816326530612,1.0,1.0,1.0,0,0.0,4,1.0,1.0,1.0,0,0.0,4.0,0.0,False,,,,,,,,,1.0,DESCRIPTIVE_NO_INFERENCE
S09,S09,1151,1151,OK,shil.fixed_k.k08,shil,fixed_k,shil.final_ranker_score,8,1.0,0.8964285714285715,0.8963809912715022,0.2258801544118718,0.9694260204081632,0.5,1.0,0.6666666666666666,4,0.5,4,0.5,1.0,0.6666666666666666,4,0.5,8.0,0.0,False,,,,,,,,,0.3333333333333333,DESCRIPTIVE_NO_INFERENCE
S09,S09,1151,1151,OK,shil.fixed_k.k16,shil,fixed_k,shil.final_ranker_score,16,1.0,0.9053571428571427,0.9053495973849957,0.2265406774242651,0.9689285714285716,0.25,1.0,0.4,12,0.75,4,0.25,1.0,0.4,12,0.75,16.0,0.0,False,,,,,,,,,0.14756025867136977,DESCRIPTIVE_NO_INFERENCE
S09,S09,1151,1151,OK,shil.validation_one_se,shil,validation_one_se,shil.final_ranker_score,4,1.0,0.9,0.8999885190902017,0.2254901366459297,0.9690816326530612,1.0,1.0,1.0,0,0.0,4,1.0,1.0,1.0,0,0.0,,0.0,False,4.0,0.201833837361078,0.0169151490604782,0.2176247501737007,,,,,1.0,DESCRIPTIVE_NO_INFERENCE
S09,S09,1151,1151,OK,shil.cpss_one_se,shil,cpss_one_se,shil.final_development_selection_frequency,4,1.0,0.9,0.8999885190902017,0.2254901366459297,0.9690816326530612,1.0,1.0,1.0,0,0.0,4,1.0,1.0,1.0,0,0.0,,,False,,0.201833837361078,0.0169151490604782,0.2187489864215562,4.0,0.9,4.0,4.0,1.0,DESCRIPTIVE_NO_INFERENCE
S09,S09,1151,1151,OK,l1.fixed_k.k01,l1,fixed_k,l1.final_ranker_score,1,1.0,0.7267857142857143,0.7267778730894701,0.5657640083775163,0.7782908163265306,1.0,0.25,0.4,0,0.0,1,1.0,0.25,0.4,0,0.0,1.0,0.0,False,,,,,,,,,1.0,DESCRIPTIVE_NO_INFERENCE
S09,S09,1151,1151,OK,l1.fixed_k.k02,l1,fixed_k,l1.final_ranker_score,2,1.0,0.7803571428571429,0.7803003964671997,0.4634777424835062,0.8646301020408164,1.0,0.5,0.6666666666666666,0,0.0,2,1.0,0.5,0.6666666666666666,0,0.0,2.0,0.0,False,,,,,,,,,0.48148148148148145,DESCRIPTIVE_NO_INFERENCE
S09,S09,1151,1151,OK,l1.fixed_k.k04,l1,fixed_k,l1.final_ranker_score,4,1.0,0.9,0.8999885190902017,0.2254901366459297,0.9690816326530612,1.0,1.0,1.0,0,0.0,4,1.0,1.0,1.0,0,0.0,4.0,0.0,False,,,,,,,,,1.0,DESCRIPTIVE_NO_INFERENCE
S09,S09,1151,1151,OK,l1.fixed_k.k08,l1,fixed_k,l1.final_ranker_score,8,1.0,0.8946428571428572,0.8946021902583586,0.2304144229750592,0.9678698979591838,0.5,1.0,0.6666666666666666,4,0.5,4,0.5,1.0,0.6666666666666666,4,0.5,8.0,0.0,False,,,,,,,,,0.3333333333333333,DESCRIPTIVE_NO_INFERENCE
S09,S09,1151,1151,OK,l1.fixed_k.k16,l1,fixed_k,l1.final_ranker_score,16,1.0,0.9017857142857144,0.901777884078769,0.2349419374044901,0.9661989795918366,0.25,1.0,0.4,12,0.75,4,0.25,1.0,0.4,12,0.75,16.0,0.0,False,,,,,,,,,0.14285714285714285,DESCRIPTIVE_NO_INFERENCE
S09,S09,1151,1151,OK,l1.validation_one_se,l1,validation_one_se,l1.final_ranker_score,4,1.0,0.9,0.8999885190902017,0.2254901366459297,0.9690816326530612,1.0,1.0,1.0,0,0.0,4,1.0,1.0,1.0,0,0.0,,0.0,False,4.0,0.201833837361078,0.0169151490604782,0.2187489864215562,,,,,1.0,DESCRIPTIVE_NO_INFERENCE
S09,S09,1151,1151,OK,l1.cpss_one_se,l1,cpss_one_se,l1.final_development_selection_frequency,4,1.0,0.9,0.8999885190902017,0.2254901366459297,0.9690816326530612,1.0,1.0,1.0,0,0.0,4,1.0,1.0,1.0,0,0.0,,,False,,0.201833837361078,0.0169151490604782,0.2187489864215562,4.0,0.9,4.0,4.0,1.0,DESCRIPTIVE_NO_INFERENCE
S09,S09,1171,1171,OK,shil.fixed_k.k01,shil,fixed_k,shil.final_ranker_score,1,1.0,0.7321428571428571,0.7321428571428571,0.534320578196333,0.8062117346938775,1.0,0.25,0.4,0,0.0,1,1.0,0.25,0.4,0,0.0,1.0,0.0,False,,,,,,,,,0.8888888888888888,DESCRIPTIVE_NO_INFERENCE
S09,S09,1171,1171,OK,shil.fixed_k.k02,shil,fixed_k,shil.final_ranker_score,2,1.0,0.8017857142857143,0.8017547384635992,0.4342253565350925,0.8832142857142857,1.0,0.5,0.6666666666666666,0,0.0,2,1.0,0.5,0.6666666666666666,0,0.0,2.0,0.0,False,,,,,,,,,1.0,DESCRIPTIVE_NO_INFERENCE
S09,S09,1171,1171,OK,shil.fixed_k.k04,shil,fixed_k,shil.final_ranker_score,4,1.0,0.9232142857142858,0.923184647137448,0.1843438979945205,0.9798086734693878,1.0,1.0,1.0,0,0.0,4,1.0,1.0,1.0,0,0.0,4.0,0.0,False,,,,,,,,,1.0,DESCRIPTIVE_NO_INFERENCE
S09,S09,1171,1171,OK,shil.fixed_k.k08,shil,fixed_k,shil.final_ranker_score,8,1.0,0.9214285714285714,0.92140350877193,0.1835502086262415,0.9801785714285716,0.5,1.0,0.6666666666666666,4,0.5,4,0.5,1.0,0.6666666666666666,4,0.5,8.0,0.0,False,,,,,,,,,0.3333333333333333,DESCRIPTIVE_NO_INFERENCE
S09,S09,1171,1171,OK,shil.fixed_k.k16,shil,fixed_k,shil.final_ranker_score,16,1.0,0.9178571428571428,0.9178309409888356,0.1890179246340053,0.9790178571428572,0.25,1.0,0.4,12,0.75,4,0.25,1.0,0.4,12,0.75,16.0,0.0,False,,,,,,,,,0.14285714285714285,DESCRIPTIVE_NO_INFERENCE
S09,S09,1171,1171,OK,shil.validation_one_se,shil,validation_one_se,shil.final_ranker_score,4,1.0,0.9232142857142858,0.923184647137448,0.1843438979945205,0.9798086734693878,1.0,1.0,1.0,0,0.0,4,1.0,1.0,1.0,0,0.0,,0.0,False,4.0,0.1735181277505585,0.0159688789439764,0.1891643684110136,,,,,1.0,DESCRIPTIVE_NO_INFERENCE
S09,S09,1171,1171,OK,shil.cpss_one_se,shil,cpss_one_se,shil.final_development_selection_frequency,4,1.0,0.9232142857142858,0.923184647137448,0.1843438979945205,0.9798086734693878,1.0,1.0,1.0,0,0.0,4,1.0,1.0,1.0,0,0.0,,,False,,0.1735181277505585,0.0159688789439764,0.189487006694535,4.0,0.9,4.0,4.0,1.0,DESCRIPTIVE_NO_INFERENCE
S09,S09,1171,1171,OK,l1.fixed_k.k01,l1,fixed_k,l1.final_ranker_score,1,1.0,0.7321428571428571,0.7321428571428571,0.534320578196333,0.8062117346938775,1.0,0.25,0.4,0,0.0,1,1.0,0.25,0.4,0,0.0,1.0,0.0,False,,,,,,,,,1.0,DESCRIPTIVE_NO_INFERENCE
S09,S09,1171,1171,OK,l1.fixed_k.k02,l1,fixed_k,l1.final_ranker_score,2,1.0,0.7839285714285714,0.7839223702210841,0.4692900255019863,0.858061224489796,1.0,0.5,0.6666666666666666,0,0.0,2,1.0,0.5,0.6666666666666666,0,0.0,2.0,0.0,False,,,,,,,,,0.7777777777777778,DESCRIPTIVE_NO_INFERENCE
S09,S09,1171,1171,OK,l1.fixed_k.k04,l1,fixed_k,l1.final_ranker_score,4,1.0,0.9232142857142858,0.923184647137448,0.1843438979945205,0.9798086734693878,1.0,1.0,1.0,0,0.0,4,1.0,1.0,1.0,0,0.0,4.0,0.0,False,,,,,,,,,1.0,DESCRIPTIVE_NO_INFERENCE
S09,S09,1171,1171,OK,l1.fixed_k.k08,l1,fixed_k,l1.final_ranker_score,8,1.0,0.9178571428571428,0.917805771464308,0.1876661470799263,0.9795408163265308,0.5,1.0,0.6666666666666666,4,0.5,4,0.5,1.0,0.6666666666666666,4,0.5,8.0,0.0,False,,,,,,,,,0.3333333333333333,DESCRIPTIVE_NO_INFERENCE
S09,S09,1171,1171,OK,l1.fixed_k.k16,l1,fixed_k,l1.final_ranker_score,16,1.0,0.9089285714285714,0.9089050424376194,0.1990850486740377,0.9765178571428572,0.25,1.0,0.4,12,0.75,4,0.25,1.0,0.4,12,0.75,16.0,0.0,False,,,,,,,,,0.15226337448559668,DESCRIPTIVE_NO_INFERENCE
S09,S09,1171,1171,OK,l1.validation_one_se,l1,validation_one_se,l1.final_ranker_score,4,1.0,0.9232142857142858,0.923184647137448,0.1843438979945205,0.9798086734693878,1.0,1.0,1.0,0,0.0,4,1.0,1.0,1.0,0,0.0,,0.0,False,4.0,0.1735181277505585,0.0159688789439764,0.189487006694535,,,,,1.0,DESCRIPTIVE_NO_INFERENCE
S09,S09,1171,1171,OK,l1.cpss_one_se,l1,cpss_one_se,l1.final_development_selection_frequency,4,1.0,0.9232142857142858,0.923184647137448,0.1843438979945205,0.9798086734693878,1.0,1.0,1.0,0,0.0,4,1.0,1.0,1.0,0,0.0,,,False,,0.1735181277505585,0.0159688789439764,0.189487006694535,4.0,0.9,4.0,4.0,1.0,DESCRIPTIVE_NO_INFERENCE
S09,S09,1181,1181,OK,shil.fixed_k.k01,shil,fixed_k,shil.final_ranker_score,1,1.0,0.7267857142857143,0.7267848430639128,0.5489555894446986,0.793125,1.0,0.25,0.4,0,0.0,1,1.0,0.25,0.4,0,0.0,1.0,0.0,False,,,,,,,,,0.8888888888888888,DESCRIPTIVE_NO_INFERENCE
S09,S09,1181,1181,OK,shil.fixed_k.k02,shil,fixed_k,shil.final_ranker_score,2,1.0,0.7910714285714285,0.791054771585745,0.416309117126841,0.8870790816326531,1.0,0.5,0.6666666666666666,0,0.0,2,1.0,0.5,0.6666666666666666,0,0.0,2.0,0.0,False,,,,,,,,,1.0,DESCRIPTIVE_NO_INFERENCE
S09,S09,1181,1181,OK,shil.fixed_k.k04,shil,fixed_k,shil.final_ranker_score,4,1.0,0.9071428571428573,0.9071416727254172,0.2085978334223804,0.9729591836734696,1.0,1.0,1.0,0,0.0,4,1.0,1.0,1.0,0,0.0,4.0,0.0,False,,,,,,,,,1.0,DESCRIPTIVE_NO_INFERENCE
S09,S09,1181,1181,OK,shil.fixed_k.k08,shil,fixed_k,shil.final_ranker_score,8,1.0,0.8982142857142857,0.8982139611414577,0.2184000312474247,0.9709438775510204,0.5,1.0,0.6666666666666666,4,0.5,4,0.5,1.0,0.6666666666666666,4,0.5,8.0,0.0,False,,,,,,,,,0.3333333333333333,DESCRIPTIVE_NO_INFERENCE
S09,S09,1181,1181,OK,shil.fixed_k.k16,shil,fixed_k,shil.final_ranker_score,16,1.0,0.8946428571428572,0.8946344574663159,0.2172423821091256,0.9710204081632652,0.25,1.0,0.4,12,0.75,4,0.25,1.0,0.4,12,0.75,16.0,0.0,False,,,,,,,,,0.15696649029982362,DESCRIPTIVE_NO_INFERENCE
S09,S09,1181,1181,OK,shil.validation_one_se,shil,validation_one_se,shil.final_ranker_score,4,1.0,0.9071428571428573,0.9071416727254172,0.2085978334223804,0.9729591836734696,1.0,1.0,1.0,0,0.0,4,1.0,1.0,1.0,0,0.0,,0.0,False,4.0,0.1991361712724468,0.0164232829958341,0.215559454268281,,,,,1.0,DESCRIPTIVE_NO_INFERENCE
S09,S09,1181,1181,OK,shil.cpss_one_se,shil,cpss_one_se,shil.final_development_selection_frequency,4,1.0,0.9071428571428573,0.9071416727254172,0.2085978334223804,0.9729591836734696,1.0,1.0,1.0,0,0.0,4,1.0,1.0,1.0,0,0.0,,,False,,0.1991361712724468,0.0164232829958341,0.215559454268281,4.0,0.9,4.0,4.0,1.0,DESCRIPTIVE_NO_INFERENCE
S09,S09,1181,1181,OK,l1.fixed_k.k01,l1,fixed_k,l1.final_ranker_score,1,1.0,0.7267857142857143,0.7267848430639128,0.5489555894446986,0.793125,1.0,0.25,0.4,0,0.0,1,1.0,0.25,0.4,0,0.0,1.0,0.0,False,,,,,,,,,1.0,DESCRIPTIVE_NO_INFERENCE
S09,S09,1181,1181,OK,l1.fixed_k.k02,l1,fixed_k,l1.final_ranker_score,2,1.0,0.7821428571428571,0.782006611274904,0.4812225251453912,0.8486734693877551,1.0,0.5,0.6666666666666666,0,0.0,2,1.0,0.5,0.6666666666666666,0,0.0,2.0,0.0,False,,,,,,,,,0.7777777777777778,DESCRIPTIVE_NO_INFERENCE
S09,S09,1181,1181,OK,l1.fixed_k.k04,l1,fixed_k,l1.final_ranker_score,4,1.0,0.9071428571428573,0.9071416727254172,0.2085978334223804,0.9729591836734696,1.0,1.0,1.0,0,0.0,4,1.0,1.0,1.0,0,0.0,4.0,0.0,False,,,,,,,,,1.0,DESCRIPTIVE_NO_INFERENCE
S09,S09,1181,1181,OK,l1.fixed_k.k08,l1,fixed_k,l1.final_ranker_score,8,1.0,0.8982142857142857,0.8982139611414577,0.2241260242980958,0.9686607142857144,0.5,1.0,0.6666666666666666,4,0.5,4,0.5,1.0,0.6666666666666666,4,0.5,8.0,0.0,False,,,,,,,,,0.34680134680134683,DESCRIPTIVE_NO_INFERENCE
S09,S09,1181,1181,OK,l1.fixed_k.k16,l1,fixed_k,l1.final_ranker_score,16,1.0,0.8928571428571429,0.8928571428571429,0.236412750738365,0.9659438775510204,0.25,1.0,0.4,12,0.75,4,0.25,1.0,0.4,12,0.75,16.0,0.0,False,,,,,,,,,0.15226337448559668,DESCRIPTIVE_NO_INFERENCE
S09,S09,1181,1181,OK,l1.validation_one_se,l1,validation_one_se,l1.final_ranker_score,4,1.0,0.9071428571428573,0.9071416727254172,0.2085978334223804,0.9729591836734696,1.0,1.0,1.0,0,0.0,4,1.0,1.0,1.0,0,0.0,,0.0,False,4.0,0.1991361712724468,0.0164232829958341,0.215559454268281,,,,,1.0,DESCRIPTIVE_NO_INFERENCE
S09,S09,1181,1181,OK,l1.cpss_one_se,l1,cpss_one_se,l1.final_development_selection_frequency,4,1.0,0.9071428571428573,0.9071416727254172,0.2085978334223804,0.9729591836734696,1.0,1.0,1.0,0,0.0,4,1.0,1.0,1.0,0,0.0,,,False,,0.1991361712724468,0.0164232829958341,0.215559454268281,4.0,0.9,4.0,4.0,1.0,DESCRIPTIVE_NO_INFERENCE
S09,S09,1201,1201,OK,shil.fixed_k.k01,shil,fixed_k,shil.final_ranker_score,1,1.0,0.7482142857142857,0.7482070595138253,0.5342596549930154,0.8102295918367346,1.0,0.25,0.4,0,0.0,1,1.0,0.25,0.4,0,0.0,1.0,0.0,False,,,,,,,,,0.8888888888888888,DESCRIPTIVE_NO_INFERENCE
S09,S09,1201,1201,OK,shil.fixed_k.k02,shil,fixed_k,shil.final_ranker_score,2,1.0,0.8142857142857143,0.8142264752791069,0.4061981371961513,0.9004974489795918,1.0,0.5,0.6666666666666666,0,0.0,2,1.0,0.5,0.6666666666666666,0,0.0,2.0,0.0,False,,,,,,,,,1.0,DESCRIPTIVE_NO_INFERENCE
S09,S09,1201,1201,OK,shil.fixed_k.k04,shil,fixed_k,shil.final_ranker_score,4,1.0,0.9214285714285714,0.92141955071373,0.1971899938142198,0.9767346938775512,1.0,1.0,1.0,0,0.0,4,1.0,1.0,1.0,0,0.0,4.0,0.0,False,,,,,,,,,1.0,DESCRIPTIVE_NO_INFERENCE
S09,S09,1201,1201,OK,shil.fixed_k.k08,shil,fixed_k,shil.final_ranker_score,8,1.0,0.9160714285714284,0.9160583126827851,0.1979576700631129,0.9767857142857144,0.5,1.0,0.6666666666666666,4,0.5,4,0.5,1.0,0.6666666666666666,4,0.5,8.0,0.0,False,,,,,,,,,0.3602693602693603,DESCRIPTIVE_NO_INFERENCE
S09,S09,1201,1201,OK,shil.fixed_k.k16,shil,fixed_k,shil.final_ranker_score,16,1.0,0.9089285714285714,0.9089213106912222,0.213748998734582,0.9721173469387754,0.25,1.0,0.4,12,0.75,4,0.25,1.0,0.4,12,0.75,16.0,0.0,False,,,,,,,,,0.16203138425360647,DESCRIPTIVE_NO_INFERENCE
S09,S09,1201,1201,OK,shil.validation_one_se,shil,validation_one_se,shil.final_ranker_score,4,1.0,0.9214285714285714,0.92141955071373,0.1971899938142198,0.9767346938775512,1.0,1.0,1.0,0,0.0,4,1.0,1.0,1.0,0,0.0,,0.0,False,4.0,0.2275491248612083,0.0197818157983778,0.2473309406595861,,,,,1.0,DESCRIPTIVE_NO_INFERENCE
S09,S09,1201,1201,OK,shil.cpss_one_se,shil,cpss_one_se,shil.final_development_selection_frequency,4,1.0,0.9214285714285714,0.92141955071373,0.1971899938142198,0.9767346938775512,1.0,1.0,1.0,0,0.0,4,1.0,1.0,1.0,0,0.0,,,False,,0.2275491248612083,0.0197818157983778,0.2473309406595861,4.0,0.9,4.0,4.0,1.0,DESCRIPTIVE_NO_INFERENCE
S09,S09,1201,1201,OK,l1.fixed_k.k01,l1,fixed_k,l1.final_ranker_score,1,1.0,0.7482142857142857,0.7482070595138253,0.5342596549930154,0.8102295918367346,1.0,0.25,0.4,0,0.0,1,1.0,0.25,0.4,0,0.0,1.0,0.0,False,,,,,,,,,1.0,DESCRIPTIVE_NO_INFERENCE
S09,S09,1201,1201,OK,l1.fixed_k.k02,l1,fixed_k,l1.final_ranker_score,2,1.0,0.8,0.7999591753419065,0.4754159199730939,0.8634311224489796,1.0,0.5,0.6666666666666666,0,0.0,2,1.0,0.5,0.6666666666666666,0,0.0,2.0,0.0,False,,,,,,,,,0.7777777777777778,DESCRIPTIVE_NO_INFERENCE
S09,S09,1201,1201,OK,l1.fixed_k.k04,l1,fixed_k,l1.final_ranker_score,4,1.0,0.9214285714285714,0.92141955071373,0.1971899938142198,0.9767346938775512,1.0,1.0,1.0,0,0.0,4,1.0,1.0,1.0,0,0.0,4.0,0.0,False,,,,,,,,,1.0,DESCRIPTIVE_NO_INFERENCE
S09,S09,1201,1201,OK,l1.fixed_k.k08,l1,fixed_k,l1.final_ranker_score,8,1.0,0.9160714285714284,0.9160497449915316,0.2108893270663391,0.9722576530612244,0.5,1.0,0.6666666666666666,4,0.5,4,0.5,1.0,0.6666666666666666,4,0.5,8.0,0.0,False,,,,,,,,,0.34680134680134683,DESCRIPTIVE_NO_INFERENCE
S09,S09,1201,1201,OK,l1.fixed_k.k16,l1,fixed_k,l1.final_ranker_score,16,1.0,0.9107142857142856,0.910696060420494,0.2151270610336755,0.9719642857142856,0.25,1.0,0.4,12,0.75,4,0.25,1.0,0.4,12,0.75,16.0,0.0,False,,,,,,,,,0.16166960611405054,DESCRIPTIVE_NO_INFERENCE
S09,S09,1201,1201,OK,l1.validation_one_se,l1,validation_one_se,l1.final_ranker_score,4,1.0,0.9214285714285714,0.92141955071373,0.1971899938142198,0.9767346938775512,1.0,1.0,1.0,0,0.0,4,1.0,1.0,1.0,0,0.0,,0.0,False,4.0,0.2275491248612083,0.0197818157983778,0.2473309406595861,,,,,1.0,DESCRIPTIVE_NO_INFERENCE
S09,S09,1201,1201,OK,l1.cpss_one_se,l1,cpss_one_se,l1.final_development_selection_frequency,4,1.0,0.9214285714285714,0.92141955071373,0.1971899938142198,0.9767346938775512,1.0,1.0,1.0,0,0.0,4,1.0,1.0,1.0,0,0.0,,,False,,0.2275491248612083,0.0197818157983778,0.2473309406595861,4.0,0.9,4.0,4.0,1.0,DESCRIPTIVE_NO_INFERENCE
S09,S09,1213,1213,OK,shil.fixed_k.k01,shil,fixed_k,shil.final_ranker_score,1,1.0,0.7303571428571428,0.7301084226216124,0.527743743178935,0.8126785714285714,1.0,0.25,0.4,0,0.0,1,1.0,0.25,0.4,0,0.0,1.0,0.0,False,,,,,,,,,0.0,DESCRIPTIVE_NO_INFERENCE
S09,S09,1213,1213,OK,shil.fixed_k.k02,shil,fixed_k,shil.final_ranker_score,2,1.0,0.8125,0.8124994021026852,0.3968042872617286,0.9011224489795918,1.0,0.5,0.6666666666666666,0,0.0,2,1.0,0.5,0.6666666666666666,0,0.0,2.0,0.0,False,,,,,,,,,1.0,DESCRIPTIVE_NO_INFERENCE
S09,S09,1213,1213,OK,shil.fixed_k.k04,shil,fixed_k,shil.final_ranker_score,4,1.0,0.9285714285714286,0.9285705174810904,0.1734612169936293,0.9822576530612244,1.0,1.0,1.0,0,0.0,4,1.0,1.0,1.0,0,0.0,4.0,0.0,False,,,,,,,,,1.0,DESCRIPTIVE_NO_INFERENCE
S09,S09,1213,1213,OK,shil.fixed_k.k08,shil,fixed_k,shil.final_ranker_score,8,1.0,0.9267857142857144,0.9267836130501196,0.1742711027809014,0.9820663265306122,0.5,1.0,0.6666666666666666,4,0.5,4,0.5,1.0,0.6666666666666666,4,0.5,8.0,0.0,False,,,,,,,,,0.34680134680134683,DESCRIPTIVE_NO_INFERENCE
S09,S09,1213,1213,OK,shil.fixed_k.k16,shil,fixed_k,shil.final_ranker_score,16,1.0,0.9267857142857144,0.9267836130501196,0.1756020603689901,0.9817602040816328,0.25,1.0,0.4,12,0.75,4,0.25,1.0,0.4,12,0.75,16.0,0.0,False,,,,,,,,,0.15732826843937955,DESCRIPTIVE_NO_INFERENCE
S09,S09,1213,1213,OK,shil.validation_one_se,shil,validation_one_se,shil.final_ranker_score,4,1.0,0.9285714285714286,0.9285705174810904,0.1734612169936293,0.9822576530612244,1.0,1.0,1.0,0,0.0,4,1.0,1.0,1.0,0,0.0,,0.0,False,4.0,0.2261783255055189,0.0203068883847972,0.2461076427898323,,,,,1.0,DESCRIPTIVE_NO_INFERENCE
S09,S09,1213,1213,OK,shil.cpss_one_se,shil,cpss_one_se,shil.final_development_selection_frequency,4,1.0,0.9285714285714286,0.9285705174810904,0.1734612169936293,0.9822576530612244,1.0,1.0,1.0,0,0.0,4,1.0,1.0,1.0,0,0.0,,,False,,0.2261783255055189,0.0203068883847972,0.2464852138903161,4.0,0.9,4.0,4.0,1.0,DESCRIPTIVE_NO_INFERENCE
S09,S09,1213,1213,OK,l1.fixed_k.k01,l1,fixed_k,l1.final_ranker_score,1,1.0,0.7214285714285714,0.7214143578754018,0.5439507252051765,0.7981887755102042,1.0,0.25,0.4,0,0.0,1,1.0,0.25,0.4,0,0.0,1.0,0.0,False,,,,,,,,,1.0,DESCRIPTIVE_NO_INFERENCE
S09,S09,1213,1213,OK,l1.fixed_k.k02,l1,fixed_k,l1.final_ranker_score,2,1.0,0.8125,0.8124994021026852,0.3968042872617286,0.9011224489795918,1.0,0.5,0.6666666666666666,0,0.0,2,1.0,0.5,0.6666666666666666,0,0.0,2.0,0.0,False,,,,,,,,,0.48148148148148145,DESCRIPTIVE_NO_INFERENCE
S09,S09,1213,1213,OK,l1.fixed_k.k04,l1,fixed_k,l1.final_ranker_score,4,1.0,0.9285714285714286,0.9285705174810904,0.1734612169936293,0.9822576530612244,1.0,1.0,1.0,0,0.0,4,1.0,1.0,1.0,0,0.0,4.0,0.0,False,,,,,,,,,1.0,DESCRIPTIVE_NO_INFERENCE
S09,S09,1213,1213,OK,l1.fixed_k.k08,l1,fixed_k,l1.final_ranker_score,8,1.0,0.925,0.9249961732741466,0.1766604674573546,0.9815688775510204,0.5,1.0,0.6666666666666666,4,0.5,4,0.5,1.0,0.6666666666666666,4,0.5,8.0,0.0,False,,,,,,,,,0.3333333333333333,DESCRIPTIVE_NO_INFERENCE
S09,S09,1213,1213,OK,l1.fixed_k.k16,l1,fixed_k,l1.final_ranker_score,16,1.0,0.9178571428571428,0.917856095103254,0.1903557628632382,0.977704081632653,0.25,1.0,0.4,12,0.75,4,0.25,1.0,0.4,12,0.75,16.0,0.0,False,,,,,,,,,0.14756025867136977,DESCRIPTIVE_NO_INFERENCE
S09,S09,1213,1213,OK,l1.validation_one_se,l1,validation_one_se,l1.final_ranker_score,4,1.0,0.9285714285714286,0.9285705174810904,0.1734612169936293,0.9822576530612244,1.0,1.0,1.0,0,0.0,4,1.0,1.0,1.0,0,0.0,,0.0,False,4.0,0.2261783255055189,0.0203068883847972,0.2464852138903161,,,,,1.0,DESCRIPTIVE_NO_INFERENCE
S09,S09,1213,1213,OK,l1.cpss_one_se,l1,cpss_one_se,l1.final_development_selection_frequency,4,1.0,0.9285714285714286,0.9285705174810904,0.1734612169936293,0.9822576530612244,1.0,1.0,1.0,0,0.0,4,1.0,1.0,1.0,0,0.0,,,False,,0.2261783255055189,0.0203068883847972,0.2464852138903161,4.0,0.9,4.0,4.0,1.0,DESCRIPTIVE_NO_INFERENCE
S09,S09,1231,1231,OK,shil.fixed_k.k01,shil,fixed_k,shil.final_ranker_score,1,1.0,0.725,0.7249438660951215,0.5424504492969626,0.7995663265306122,1.0,0.25,0.4,0,0.0,1,1.0,0.25,0.4,0,0.0,1.0,0.0,False,,,,,,,,,0.8888888888888888,DESCRIPTIVE_NO_INFERENCE
S09,S09,1231,1231,OK,shil.fixed_k.k02,shil,fixed_k,shil.final_ranker_score,2,1.0,0.8071428571428572,0.8070813397129186,0.4328763667425283,0.8819005102040817,1.0,0.5,0.6666666666666666,0,0.0,2,1.0,0.5,0.6666666666666666,0,0.0,2.0,0.0,False,,,,,,,,,1.0,DESCRIPTIVE_NO_INFERENCE
S09,S09,1231,1231,OK,shil.fixed_k.k04,shil,fixed_k,shil.final_ranker_score,4,1.0,0.9089285714285714,0.9089143392940862,0.2043173065940707,0.9749872448979592,1.0,1.0,1.0,0,0.0,4,1.0,1.0,1.0,0,0.0,4.0,0.0,False,,,,,,,,,1.0,DESCRIPTIVE_NO_INFERENCE
S09,S09,1231,1231,OK,shil.fixed_k.k08,shil,fixed_k,shil.final_ranker_score,8,1.0,0.9071428571428573,0.9071321962980444,0.2040918981040744,0.9751020408163265,0.5,1.0,0.6666666666666666,4,0.5,4,0.5,1.0,0.6666666666666666,4,0.5,8.0,0.0,False,,,,,,,,,0.3333333333333333,DESCRIPTIVE_NO_INFERENCE
S09,S09,1231,1231,OK,shil.fixed_k.k16,shil,fixed_k,shil.final_ranker_score,16,1.0,0.9035714285714286,0.903560357694123,0.2074299426228768,0.9742857142857144,0.25,1.0,0.4,12,0.75,4,0.25,1.0,0.4,12,0.75,16.0,0.0,False,,,,,,,,,0.15696649029982362,DESCRIPTIVE_NO_INFERENCE
S09,S09,1231,1231,OK,shil.validation_one_se,shil,validation_one_se,shil.final_ranker_score,4,1.0,0.9089285714285714,0.9089143392940862,0.2043173065940707,0.9749872448979592,1.0,1.0,1.0,0,0.0,4,1.0,1.0,1.0,0,0.0,,0.0,False,4.0,0.1911932582432679,0.017721807468894,0.2089150657121619,,,,,1.0,DESCRIPTIVE_NO_INFERENCE
S09,S09,1231,1231,OK,shil.cpss_one_se,shil,cpss_one_se,shil.final_development_selection_frequency,4,1.0,0.9089285714285714,0.9089143392940862,0.2043173065940707,0.9749872448979592,1.0,1.0,1.0,0,0.0,4,1.0,1.0,1.0,0,0.0,,,False,,0.1911932582432679,0.017721807468894,0.2089150657121619,4.0,0.9,4.0,4.0,1.0,DESCRIPTIVE_NO_INFERENCE
S09,S09,1231,1231,OK,l1.fixed_k.k01,l1,fixed_k,l1.final_ranker_score,1,1.0,0.725,0.7249438660951215,0.5424504492969626,0.7995663265306122,1.0,0.25,0.4,0,0.0,1,1.0,0.25,0.4,0,0.0,1.0,0.0,False,,,,,,,,,1.0,DESCRIPTIVE_NO_INFERENCE
S09,S09,1231,1231,OK,l1.fixed_k.k02,l1,fixed_k,l1.final_ranker_score,2,1.0,0.7785714285714286,0.77856860419138,0.4752549909792264,0.8528316326530612,1.0,0.5,0.6666666666666666,0,0.0,2,1.0,0.5,0.6666666666666666,0,0.0,2.0,0.0,False,,,,,,,,,0.7777777777777778,DESCRIPTIVE_NO_INFERENCE
S09,S09,1231,1231,OK,l1.fixed_k.k04,l1,fixed_k,l1.final_ranker_score,4,1.0,0.9089285714285714,0.9089143392940862,0.2043173065940707,0.9749872448979592,1.0,1.0,1.0,0,0.0,4,1.0,1.0,1.0,0,0.0,4.0,0.0,False,,,,,,,,,1.0,DESCRIPTIVE_NO_INFERENCE
S09,S09,1231,1231,OK,l1.fixed_k.k08,l1,fixed_k,l1.final_ranker_score,8,1.0,0.9125,0.9124863259884356,0.205989646708497,0.9747704081632652,0.5,1.0,0.6666666666666666,4,0.5,4,0.5,1.0,0.6666666666666666,4,0.5,8.0,0.0,False,,,,,,,,,0.3333333333333333,DESCRIPTIVE_NO_INFERENCE
S09,S09,1231,1231,OK,l1.fixed_k.k16,l1,fixed_k,l1.final_ranker_score,16,1.0,0.9089285714285714,0.9088631830873556,0.2200780081685977,0.97125,0.25,1.0,0.4,12,0.75,4,0.25,1.0,0.4,12,0.75,16.0,0.0,False,,,,,,,,,0.15226337448559668,DESCRIPTIVE_NO_INFERENCE
S09,S09,1231,1231,OK,l1.validation_one_se,l1,validation_one_se,l1.final_ranker_score,4,1.0,0.9089285714285714,0.9089143392940862,0.2043173065940707,0.9749872448979592,1.0,1.0,1.0,0,0.0,4,1.0,1.0,1.0,0,0.0,,0.0,False,4.0,0.1911932582432679,0.017721807468894,0.2089150657121619,,,,,1.0,DESCRIPTIVE_NO_INFERENCE
S09,S09,1231,1231,OK,l1.cpss_one_se,l1,cpss_one_se,l1.final_development_selection_frequency,4,1.0,0.9089285714285714,0.9089143392940862,0.2043173065940707,0.9749872448979592,1.0,1.0,1.0,0,0.0,4,1.0,1.0,1.0,0,0.0,,,False,,0.1911932582432679,0.017721807468894,0.2089150657121619,4.0,0.9,4.0,4.0,1.0,DESCRIPTIVE_NO_INFERENCE
S09,S09,1249,1249,OK,shil.fixed_k.k01,shil,fixed_k,shil.final_ranker_score,1,1.0,0.7375,0.7374589779653071,0.5379335810704612,0.8101530612244898,1.0,0.25,0.4,0,0.0,1,1.0,0.25,0.4,0,0.0,1.0,0.0,False,,,,,,,,,0.8888888888888888,DESCRIPTIVE_NO_INFERENCE
S09,S09,1249,1249,OK,shil.fixed_k.k02,shil,fixed_k,shil.final_ranker_score,2,1.0,0.8160714285714286,0.8160708420626341,0.4340436870699948,0.8881122448979591,1.0,0.5,0.6666666666666666,0,0.0,2,1.0,0.5,0.6666666666666666,0,0.0,2.0,0.0,False,,,,,,,,,1.0,DESCRIPTIVE_NO_INFERENCE
S09,S09,1249,1249,OK,shil.fixed_k.k04,shil,fixed_k,shil.final_ranker_score,4,1.0,0.9107142857142856,0.9107097300882698,0.1885890102984393,0.9786352040816326,1.0,1.0,1.0,0,0.0,4,1.0,1.0,1.0,0,0.0,4.0,0.0,False,,,,,,,,,1.0,DESCRIPTIVE_NO_INFERENCE
S09,S09,1249,1249,OK,shil.fixed_k.k08,shil,fixed_k,shil.final_ranker_score,8,1.0,0.9196428571428572,0.9196426009011508,0.1851322830429337,0.979311224489796,0.5,1.0,0.6666666666666666,4,0.5,4,0.5,1.0,0.6666666666666666,4,0.5,8.0,0.0,False,,,,,,,,,0.34680134680134683,DESCRIPTIVE_NO_INFERENCE
S09,S09,1249,1249,OK,shil.fixed_k.k16,shil,fixed_k,shil.final_ranker_score,16,1.0,0.9214285714285714,0.9214285714285714,0.1878492132243471,0.978673469387755,0.25,1.0,0.4,12,0.75,4,0.25,1.0,0.4,12,0.75,16.0,0.0,False,,,,,,,,,0.14756025867136977,DESCRIPTIVE_NO_INFERENCE
S09,S09,1249,1249,OK,shil.validation_one_se,shil,validation_one_se,shil.final_ranker_score,4,1.0,0.9107142857142856,0.9107097300882698,0.1885890102984393,0.9786352040816326,1.0,1.0,1.0,0,0.0,4,1.0,1.0,1.0,0,0.0,,0.0,False,4.0,0.1871881007641421,0.0160988841309677,0.2009480370224555,,,,,1.0,DESCRIPTIVE_NO_INFERENCE
S09,S09,1249,1249,OK,shil.cpss_one_se,shil,cpss_one_se,shil.final_development_selection_frequency,4,1.0,0.9107142857142856,0.9107097300882698,0.1885890102984393,0.9786352040816326,1.0,1.0,1.0,0,0.0,4,1.0,1.0,1.0,0,0.0,,,False,,0.1871881007641421,0.0160988841309677,0.2032869848951098,4.0,0.9,4.0,4.0,1.0,DESCRIPTIVE_NO_INFERENCE
S09,S09,1249,1249,OK,l1.fixed_k.k01,l1,fixed_k,l1.final_ranker_score,1,1.0,0.7375,0.7374589779653071,0.5379335810704612,0.8101530612244898,1.0,0.25,0.4,0,0.0,1,1.0,0.25,0.4,0,0.0,1.0,0.0,False,,,,,,,,,1.0,DESCRIPTIVE_NO_INFERENCE
S09,S09,1249,1249,OK,l1.fixed_k.k02,l1,fixed_k,l1.final_ranker_score,2,1.0,0.8160714285714286,0.8160708420626341,0.4340436870699948,0.8881122448979591,1.0,0.5,0.6666666666666666,0,0.0,2,1.0,0.5,0.6666666666666666,0,0.0,2.0,0.0,False,,,,,,,,,0.48148148148148145,DESCRIPTIVE_NO_INFERENCE
S09,S09,1249,1249,OK,l1.fixed_k.k04,l1,fixed_k,l1.final_ranker_score,4,1.0,0.9107142857142856,0.9107097300882698,0.1885890102984393,0.9786352040816326,1.0,1.0,1.0,0,0.0,4,1.0,1.0,1.0,0,0.0,4.0,0.0,False,,,,,,,,,1.0,DESCRIPTIVE_NO_INFERENCE
S09,S09,1249,1249,OK,l1.fixed_k.k08,l1,fixed_k,l1.final_ranker_score,8,1.0,0.9107142857142856,0.9107097300882698,0.1982587310577193,0.9760204081632652,0.5,1.0,0.6666666666666666,4,0.5,4,0.5,1.0,0.6666666666666666,4,0.5,8.0,0.0,False,,,,,,,,,0.3333333333333333,DESCRIPTIVE_NO_INFERENCE
S09,S09,1249,1249,OK,l1.fixed_k.k16,l1,fixed_k,l1.final_ranker_score,16,1.0,0.9035714285714286,0.903570198599472,0.2115091389283307,0.9726530612244896,0.25,1.0,0.4,12,0.75,4,0.25,1.0,0.4,12,0.75,16.0,0.0,False,,,,,,,,,0.14285714285714285,DESCRIPTIVE_NO_INFERENCE
S09,S09,1249,1249,OK,l1.validation_one_se,l1,validation_one_se,l1.final_ranker_score,4,1.0,0.9107142857142856,0.9107097300882698,0.1885890102984393,0.9786352040816326,1.0,1.0,1.0,0,0.0,4,1.0,1.0,1.0,0,0.0,,0.0,False,4.0,0.1871881007641421,0.0160988841309677,0.2032869848951098,,,,,1.0,DESCRIPTIVE_NO_INFERENCE
S09,S09,1249,1249,OK,l1.cpss_one_se,l1,cpss_one_se,l1.final_development_selection_frequency,4,1.0,0.9107142857142856,0.9107097300882698,0.1885890102984393,0.9786352040816326,1.0,1.0,1.0,0,0.0,4,1.0,1.0,1.0,0,0.0,,,False,,0.1871881007641421,0.0160988841309677,0.2032869848951098,4.0,0.9,4.0,4.0,1.0,DESCRIPTIVE_NO_INFERENCE
S09,S09,1277,1277,OK,shil.fixed_k.k01,shil,fixed_k,shil.final_ranker_score,1,1.0,0.7357142857142858,0.7355490038416868,0.5397734412441979,0.8015688775510204,1.0,0.25,0.4,0,0.0,1,1.0,0.25,0.4,0,0.0,1.0,0.0,False,,,,,,,,,0.8888888888888888,DESCRIPTIVE_NO_INFERENCE
S09,S09,1277,1277,OK,shil.fixed_k.k02,shil,fixed_k,shil.final_ranker_score,2,1.0,0.8214285714285714,0.8214285714285714,0.406765737907217,0.897563775510204,1.0,0.5,0.6666666666666666,0,0.0,2,1.0,0.5,0.6666666666666666,0,0.0,2.0,0.0,False,,,,,,,,,1.0,DESCRIPTIVE_NO_INFERENCE
S09,S09,1277,1277,OK,shil.fixed_k.k04,shil,fixed_k,shil.final_ranker_score,4,1.0,0.9107142857142856,0.910641339869281,0.1942887335040052,0.9789413265306122,1.0,1.0,1.0,0,0.0,4,1.0,1.0,1.0,0,0.0,4.0,0.0,False,,,,,,,,,1.0,DESCRIPTIVE_NO_INFERENCE
S09,S09,1277,1277,OK,shil.fixed_k.k08,shil,fixed_k,shil.final_ranker_score,8,1.0,0.9160714285714284,0.9159747030222928,0.1986540856733268,0.9780229591836734,0.5,1.0,0.6666666666666666,4,0.5,4,0.5,1.0,0.6666666666666666,4,0.5,8.0,0.0,False,,,,,,,,,0.3333333333333333,DESCRIPTIVE_NO_INFERENCE
S09,S09,1277,1277,OK,shil.fixed_k.k16,shil,fixed_k,shil.final_ranker_score,16,1.0,0.9125,0.9123767798466592,0.200181199234119,0.9771938775510204,0.25,1.0,0.4,12,0.75,4,0.25,1.0,0.4,12,0.75,16.0,0.0,False,,,,,,,,,0.15696649029982362,DESCRIPTIVE_NO_INFERENCE
S09,S09,1277,1277,OK,shil.validation_one_se,shil,validation_one_se,shil.final_ranker_score,4,1.0,0.9107142857142856,0.910641339869281,0.1942887335040052,0.9789413265306122,1.0,1.0,1.0,0,0.0,4,1.0,1.0,1.0,0,0.0,,0.0,False,4.0,0.2304094443218509,0.020354947944696,0.2507643922665469,,,,,1.0,DESCRIPTIVE_NO_INFERENCE
S09,S09,1277,1277,OK,shil.cpss_one_se,shil,cpss_one_se,shil.final_development_selection_frequency,4,1.0,0.9107142857142856,0.910641339869281,0.1942887335040052,0.9789413265306122,1.0,1.0,1.0,0,0.0,4,1.0,1.0,1.0,0,0.0,,,False,,0.2304094443218509,0.020354947944696,0.2507643922665469,4.0,0.9,4.0,4.0,1.0,DESCRIPTIVE_NO_INFERENCE
S09,S09,1277,1277,OK,l1.fixed_k.k01,l1,fixed_k,l1.final_ranker_score,1,1.0,0.7357142857142858,0.7355490038416868,0.5397734412441979,0.8015688775510204,1.0,0.25,0.4,0,0.0,1,1.0,0.25,0.4,0,0.0,1.0,0.0,False,,,,,,,,,1.0,DESCRIPTIVE_NO_INFERENCE
S09,S09,1277,1277,OK,l1.fixed_k.k02,l1,fixed_k,l1.final_ranker_score,2,1.0,0.7571428571428571,0.7571428571428571,0.4678671150081562,0.8537755102040816,1.0,0.5,0.6666666666666666,0,0.0,2,1.0,0.5,0.6666666666666666,0,0.0,2.0,0.0,False,,,,,,,,,0.7777777777777777,DESCRIPTIVE_NO_INFERENCE
S09,S09,1277,1277,OK,l1.fixed_k.k04,l1,fixed_k,l1.final_ranker_score,4,1.0,0.9107142857142856,0.910641339869281,0.1942887335040052,0.9789413265306122,1.0,1.0,1.0,0,0.0,4,1.0,1.0,1.0,0,0.0,4.0,0.0,False,,,,,,,,,1.0,DESCRIPTIVE_NO_INFERENCE
S09,S09,1277,1277,OK,l1.fixed_k.k08,l1,fixed_k,l1.final_ranker_score,8,1.0,0.9089285714285714,0.9088445665808096,0.2020891380843224,0.9768367346938776,0.5,1.0,0.6666666666666666,4,0.5,4,0.5,1.0,0.6666666666666666,4,0.5,8.0,0.0,False,,,,,,,,,0.3333333333333333,DESCRIPTIVE_NO_INFERENCE
S09,S09,1277,1277,OK,l1.fixed_k.k16,l1,fixed_k,l1.final_ranker_score,16,1.0,0.9035714285714286,0.9034223738167324,0.2097446729244367,0.9743239795918368,0.25,1.0,0.4,12,0.75,4,0.25,1.0,0.4,12,0.75,16.0,0.0,False,,,,,,,,,0.15226337448559668,DESCRIPTIVE_NO_INFERENCE
S09,S09,1277,1277,OK,l1.validation_one_se,l1,validation_one_se,l1.final_ranker_score,4,1.0,0.9107142857142856,0.910641339869281,0.1942887335040052,0.9789413265306122,1.0,1.0,1.0,0,0.0,4,1.0,1.0,1.0,0,0.0,,0.0,False,4.0,0.2304094443218509,0.020354947944696,0.2507643922665469,,,,,1.0,DESCRIPTIVE_NO_INFERENCE
S09,S09,1277,1277,OK,l1.cpss_one_se,l1,cpss_one_se,l1.final_development_selection_frequency,4,1.0,0.9107142857142856,0.910641339869281,0.1942887335040052,0.9789413265306122,1.0,1.0,1.0,0,0.0,4,1.0,1.0,1.0,0,0.0,,,False,,0.2304094443218509,0.020354947944696,0.2507643922665469,4.0,0.9,4.0,4.0,1.0,DESCRIPTIVE_NO_INFERENCE
S10,S10,1103,1103,OK,shil.fixed_k.k01,shil,fixed_k,shil.final_ranker_score,1,1.0,0.63875,0.6387449198504354,0.6094300911783364,0.71579375,1.0,0.125,0.2222222222222222,0,0.0,1,1.0,0.125,0.2222222222222222,0,0.0,1.0,0.0,False,,,,,,,,,0.8888888888888888,DESCRIPTIVE_NO_INFERENCE
S10,S10,1103,1103,OK,shil.fixed_k.k02,shil,fixed_k,shil.final_ranker_score,2,1.0,0.72625,0.7262461503364891,0.5231769240057106,0.815075,1.0,0.25,0.4,0,0.0,2,1.0,0.25,0.4,0,0.0,2.0,0.0,False,,,,,,,,,1.0,DESCRIPTIVE_NO_INFERENCE
S10,S10,1103,1103,OK,shil.fixed_k.k04,shil,fixed_k,shil.final_ranker_score,4,1.0,0.80375,0.8037496933588959,0.4135872735223251,0.8916999999999999,1.0,0.5,0.6666666666666666,0,0.0,4,1.0,0.5,0.6666666666666666,0,0.0,4.0,0.0,False,,,,,,,,,0.8666666666666667,DESCRIPTIVE_NO_INFERENCE
S10,S10,1103,1103,OK,shil.fixed_k.k08,shil,fixed_k,shil.final_ranker_score,8,1.0,0.92375,0.923747021368022,0.1727214338456219,0.98180625,1.0,1.0,1.0,0,0.0,8,1.0,1.0,1.0,0,0.0,8.0,0.0,False,,,,,,,,,1.0,DESCRIPTIVE_NO_INFERENCE
S10,S10,1103,1103,OK,shil.fixed_k.k16,shil,fixed_k,shil.final_ranker_score,16,1.0,0.91875,0.9187468260478924,0.1780447315056109,0.98080625,0.5,1.0,0.6666666666666666,8,0.5,8,0.5,1.0,0.6666666666666666,8,0.5,16.0,0.0,False,,,,,,,,,0.3333333333333333,DESCRIPTIVE_NO_INFERENCE
S10,S10,1103,1103,OK,shil.validation_one_se,shil,validation_one_se,shil.final_ranker_score,8,1.0,0.92375,0.923747021368022,0.1727214338456219,0.98180625,1.0,1.0,1.0,0,0.0,8,1.0,1.0,1.0,0,0.0,,0.0,False,8.0,0.1569207720977251,0.0147882330849262,0.1717090051826513,,,,,1.0,DESCRIPTIVE_NO_INFERENCE
S10,S10,1103,1103,OK,shil.cpss_one_se,shil,cpss_one_se,shil.final_development_selection_frequency,8,1.0,0.92375,0.923747021368022,0.1727214338456219,0.98180625,1.0,1.0,1.0,0,0.0,8,1.0,1.0,1.0,0,0.0,,,False,,0.1569207720977251,0.0147882330849262,0.1717090051826513,8.0,0.9,8.0,8.0,1.0,DESCRIPTIVE_NO_INFERENCE
S10,S10,1103,1103,OK,l1.fixed_k.k01,l1,fixed_k,l1.final_ranker_score,1,1.0,0.63875,0.6387449198504354,0.6094300911783364,0.71579375,1.0,0.125,0.2222222222222222,0,0.0,1,1.0,0.125,0.2222222222222222,0,0.0,1.0,0.0,False,,,,,,,,,1.0,DESCRIPTIVE_NO_INFERENCE
S10,S10,1103,1103,OK,l1.fixed_k.k02,l1,fixed_k,l1.final_ranker_score,2,1.0,0.72625,0.7262461503364891,0.5231769240057106,0.815075,1.0,0.25,0.4,0,0.0,2,1.0,0.25,0.4,0,0.0,2.0,0.0,False,,,,,,,,,1.0,DESCRIPTIVE_NO_INFERENCE
S10,S10,1103,1103,OK,l1.fixed_k.k04,l1,fixed_k,l1.final_ranker_score,4,1.0,0.80375,0.8037496933588959,0.4135872735223252,0.8916999999999999,1.0,0.5,0.6666666666666666,0,0.0,4,1.0,0.5,0.6666666666666666,0,0.0,4.0,0.0,False,,,,,,,,,0.9555555555555555,DESCRIPTIVE_NO_INFERENCE
S10,S10,1103,1103,OK,l1.fixed_k.k08,l1,fixed_k,l1.final_ranker_score,8,1.0,0.92375,0.923747021368022,0.1727214338456219,0.98180625,1.0,1.0,1.0,0,0.0,8,1.0,1.0,1.0,0,0.0,8.0,0.0,False,,,,,,,,,1.0,DESCRIPTIVE_NO_INFERENCE
S10,S10,1103,1103,OK,l1.fixed_k.k16,l1,fixed_k,l1.final_ranker_score,16,1.0,0.91875,0.9187498730466768,0.1797000858943419,0.98093125,0.5,1.0,0.6666666666666666,8,0.5,8,0.5,1.0,0.6666666666666666,8,0.5,16.0,0.0,False,,,,,,,,,0.3333333333333333,DESCRIPTIVE_NO_INFERENCE
S10,S10,1103,1103,OK,l1.validation_one_se,l1,validation_one_se,l1.final_ranker_score,8,1.0,0.92375,0.923747021368022,0.1727214338456219,0.98180625,1.0,1.0,1.0,0,0.0,8,1.0,1.0,1.0,0,0.0,,0.0,False,8.0,0.1569207720977251,0.0147882330849262,0.1717090051826513,,,,,1.0,DESCRIPTIVE_NO_INFERENCE
S10,S10,1103,1103,OK,l1.cpss_one_se,l1,cpss_one_se,l1.final_development_selection_frequency,8,1.0,0.92375,0.923747021368022,0.1727214338456219,0.98180625,1.0,1.0,1.0,0,0.0,8,1.0,1.0,1.0,0,0.0,,,False,,0.1569207720977251,0.0147882330849262,0.1717090051826513,8.0,0.9,8.0,8.0,1.0,DESCRIPTIVE_NO_INFERENCE
S10,S10,1129,1129,OK,shil.fixed_k.k01,shil,fixed_k,shil.final_ranker_score,1,1.0,0.6125,0.6124127928783976,0.6433902052677122,0.66788125,1.0,0.125,0.2222222222222222,0,0.0,1,1.0,0.125,0.2222222222222222,0,0.0,1.0,0.0,False,,,,,,,,,0.0,DESCRIPTIVE_NO_INFERENCE
S10,S10,1129,1129,OK,shil.fixed_k.k02,shil,fixed_k,shil.final_ranker_score,2,1.0,0.6975,0.6974829834178173,0.5662415582992529,0.7738375000000001,1.0,0.25,0.4,0,0.0,2,1.0,0.25,0.4,0,0.0,2.0,0.0,False,,,,,,,,,1.0,DESCRIPTIVE_NO_INFERENCE
S10,S10,1129,1129,OK,shil.fixed_k.k04,shil,fixed_k,shil.final_ranker_score,4,1.0,0.78,0.7798885685878476,0.4798499003639496,0.8574250000000001,1.0,0.5,0.6666666666666666,0,0.0,4,1.0,0.5,0.6666666666666666,0,0.0,4.0,0.0,False,,,,,,,,,0.6888888888888888,DESCRIPTIVE_NO_INFERENCE
S10,S10,1129,1129,OK,shil.fixed_k.k08,shil,fixed_k,shil.final_ranker_score,8,1.0,0.9175,0.91749535911395,0.1837299759452977,0.9796125,1.0,1.0,1.0,0,0.0,8,1.0,1.0,1.0,0,0.0,8.0,0.0,False,,,,,,,,,1.0,DESCRIPTIVE_NO_INFERENCE
S10,S10,1129,1129,OK,shil.fixed_k.k16,shil,fixed_k,shil.final_ranker_score,16,1.0,0.91875,0.9187498730466768,0.1858747989404218,0.9793125,0.5,1.0,0.6666666666666666,8,0.5,8,0.5,1.0,0.6666666666666666,8,0.5,16.0,0.0,False,,,,,,,,,0.3333333333333333,DESCRIPTIVE_NO_INFERENCE
S10,S10,1129,1129,OK,shil.validation_one_se,shil,validation_one_se,shil.final_ranker_score,8,1.0,0.9175,0.91749535911395,0.1837299759452977,0.9796125,1.0,1.0,1.0,0,0.0,8,1.0,1.0,1.0,0,0.0,,0.0,False,8.0,0.1567136068661798,0.0125394558069414,0.1692530626731212,,,,,1.0,DESCRIPTIVE_NO_INFERENCE
S10,S10,1129,1129,OK,shil.cpss_one_se,shil,cpss_one_se,shil.final_development_selection_frequency,8,1.0,0.9175,0.91749535911395,0.1837299759452977,0.9796125,1.0,1.0,1.0,0,0.0,8,1.0,1.0,1.0,0,0.0,,,False,,0.1567136068661798,0.0125394558069414,0.1692530626731212,8.0,0.9,8.0,8.0,1.0,DESCRIPTIVE_NO_INFERENCE
S10,S10,1129,1129,OK,l1.fixed_k.k01,l1,fixed_k,l1.final_ranker_score,1,1.0,0.605,0.6045155315261195,0.6346016640695431,0.6738812500000001,1.0,0.125,0.2222222222222222,0,0.0,1,1.0,0.125,0.2222222222222222,0,0.0,1.0,0.0,False,,,,,,,,,1.0,DESCRIPTIVE_NO_INFERENCE
S10,S10,1129,1129,OK,l1.fixed_k.k02,l1,fixed_k,l1.final_ranker_score,2,1.0,0.6975,0.6974829834178173,0.5662415582992529,0.7738375000000001,1.0,0.25,0.4,0,0.0,2,1.0,0.25,0.4,0,0.0,2.0,0.0,False,,,,,,,,,1.0,DESCRIPTIVE_NO_INFERENCE
S10,S10,1129,1129,OK,l1.fixed_k.k04,l1,fixed_k,l1.final_ranker_score,4,1.0,0.7925,0.7925,0.4417508539380422,0.87620625,1.0,0.5,0.6666666666666666,0,0.0,4,1.0,0.5,0.6666666666666666,0,0.0,4.0,0.0,False,,,,,,,,,0.9555555555555555,DESCRIPTIVE_NO_INFERENCE
S10,S10,1129,1129,OK,l1.fixed_k.k08,l1,fixed_k,l1.final_ranker_score,8,1.0,0.9175,0.91749535911395,0.1837299759452977,0.9796125,1.0,1.0,1.0,0,0.0,8,1.0,1.0,1.0,0,0.0,8.0,0.0,False,,,,,,,,,1.0,DESCRIPTIVE_NO_INFERENCE
S10,S10,1129,1129,OK,l1.fixed_k.k16,l1,fixed_k,l1.final_ranker_score,16,1.0,0.91625,0.916239399048942,0.1915043455771417,0.97856875,0.5,1.0,0.6666666666666666,8,0.5,8,0.5,1.0,0.6666666666666666,8,0.5,16.0,0.0,False,,,,,,,,,0.33977455716586147,DESCRIPTIVE_NO_INFERENCE
S10,S10,1129,1129,OK,l1.validation_one_se,l1,validation_one_se,l1.final_ranker_score,8,1.0,0.9175,0.91749535911395,0.1837299759452977,0.9796125,1.0,1.0,1.0,0,0.0,8,1.0,1.0,1.0,0,0.0,,0.0,False,8.0,0.1567136068661798,0.0125394558069414,0.1692530626731212,,,,,1.0,DESCRIPTIVE_NO_INFERENCE
S10,S10,1129,1129,OK,l1.cpss_one_se,l1,cpss_one_se,l1.final_development_selection_frequency,8,1.0,0.9175,0.91749535911395,0.1837299759452977,0.9796125,1.0,1.0,1.0,0,0.0,8,1.0,1.0,1.0,0,0.0,,,False,,0.1567136068661798,0.0125394558069414,0.1692530626731212,8.0,0.9,8.0,8.0,1.0,DESCRIPTIVE_NO_INFERENCE
S10,S10,1151,1151,OK,shil.fixed_k.k01,shil,fixed_k,shil.final_ranker_score,1,1.0,0.63125,0.6312217654164147,0.6288411148479954,0.68693125,1.0,0.125,0.2222222222222222,0,0.0,1,1.0,0.125,0.2222222222222222,0,0.0,1.0,0.0,False,,,,,,,,,0.8888888888888888,DESCRIPTIVE_NO_INFERENCE
S10,S10,1151,1151,OK,shil.fixed_k.k02,shil,fixed_k,shil.final_ranker_score,2,1.0,0.69375,0.693745693298812,0.5492175571460077,0.7856624999999999,1.0,0.25,0.4,0,0.0,2,1.0,0.25,0.4,0,0.0,2.0,0.0,False,,,,,,,,,1.0,DESCRIPTIVE_NO_INFERENCE
S10,S10,1151,1151,OK,shil.fixed_k.k04,shil,fixed_k,shil.final_ranker_score,4,1.0,0.78875,0.7887338249334714,0.4436561206731197,0.873275,1.0,0.5,0.6666666666666666,0,0.0,4,1.0,0.5,0.6666666666666666,0,0.0,4.0,0.0,False,,,,,,,,,0.6888888888888888,DESCRIPTIVE_NO_INFERENCE
S10,S10,1151,1151,OK,shil.fixed_k.k08,shil,fixed_k,shil.final_ranker_score,8,1.0,0.91625,0.9162341630214462,0.172572114630598,0.9813875,1.0,1.0,1.0,0,0.0,8,1.0,1.0,1.0,0,0.0,8.0,0.0,False,,,,,,,,,1.0,DESCRIPTIVE_NO_INFERENCE
S10,S10,1151,1151,OK,shil.fixed_k.k16,shil,fixed_k,shil.final_ranker_score,16,1.0,0.915,0.9149808706959066,0.1803586327653258,0.979875,0.5,1.0,0.6666666666666666,8,0.5,8,0.5,1.0,0.6666666666666666,8,0.5,16.0,0.0,False,,,,,,,,,0.3333333333333333,DESCRIPTIVE_NO_INFERENCE
S10,S10,1151,1151,OK,shil.validation_one_se,shil,validation_one_se,shil.final_ranker_score,8,1.0,0.91625,0.9162341630214462,0.172572114630598,0.9813875,1.0,1.0,1.0,0,0.0,8,1.0,1.0,1.0,0,0.0,,0.0,False,8.0,0.1683684183342184,0.013987541928548,0.1823559602627665,,,,,1.0,DESCRIPTIVE_NO_INFERENCE
S10,S10,1151,1151,OK,shil.cpss_one_se,shil,cpss_one_se,shil.final_development_selection_frequency,8,1.0,0.91625,0.9162341630214462,0.1725721146305979,0.9813875,1.0,1.0,1.0,0,0.0,8,1.0,1.0,1.0,0,0.0,,,False,,0.1683684183342184,0.013987541928548,0.1823559602627665,8.0,0.9,8.0,8.0,1.0,DESCRIPTIVE_NO_INFERENCE
S10,S10,1151,1151,OK,l1.fixed_k.k01,l1,fixed_k,l1.final_ranker_score,1,1.0,0.63125,0.6312217654164147,0.6288411148479954,0.68693125,1.0,0.125,0.2222222222222222,0,0.0,1,1.0,0.125,0.2222222222222222,0,0.0,1.0,0.0,False,,,,,,,,,1.0,DESCRIPTIVE_NO_INFERENCE
S10,S10,1151,1151,OK,l1.fixed_k.k02,l1,fixed_k,l1.final_ranker_score,2,1.0,0.69375,0.693745693298812,0.5492175571460077,0.7856624999999999,1.0,0.25,0.4,0,0.0,2,1.0,0.25,0.4,0,0.0,2.0,0.0,False,,,,,,,,,1.0,DESCRIPTIVE_NO_INFERENCE
S10,S10,1151,1151,OK,l1.fixed_k.k04,l1,fixed_k,l1.final_ranker_score,4,1.0,0.765,0.7649985312408203,0.4465273033225182,0.86875,1.0,0.5,0.6666666666666666,0,0.0,4,1.0,0.5,0.6666666666666666,0,0.0,4.0,0.0,False,,,,,,,,,0.9555555555555555,DESCRIPTIVE_NO_INFERENCE
S10,S10,1151,1151,OK,l1.fixed_k.k08,l1,fixed_k,l1.final_ranker_score,8,1.0,0.91625,0.9162341630214462,0.1725721146305979,0.9813875,1.0,1.0,1.0,0,0.0,8,1.0,1.0,1.0,0,0.0,8.0,0.0,False,,,,,,,,,1.0,DESCRIPTIVE_NO_INFERENCE
S10,S10,1151,1151,OK,l1.fixed_k.k16,l1,fixed_k,l1.final_ranker_score,16,1.0,0.9125,0.9124863259884356,0.18585692800303,0.97861875,0.5,1.0,0.6666666666666666,8,0.5,8,0.5,1.0,0.6666666666666666,8,0.5,16.0,0.0,False,,,,,,,,,0.3333333333333333,DESCRIPTIVE_NO_INFERENCE
S10,S10,1151,1151,OK,l1.validation_one_se,l1,validation_one_se,l1.final_ranker_score,8,1.0,0.91625,0.9162341630214462,0.1725721146305979,0.9813875,1.0,1.0,1.0,0,0.0,8,1.0,1.0,1.0,0,0.0,,0.0,False,8.0,0.1683684183342184,0.013987541928548,0.1823559602627665,,,,,1.0,DESCRIPTIVE_NO_INFERENCE
S10,S10,1151,1151,OK,l1.cpss_one_se,l1,cpss_one_se,l1.final_development_selection_frequency,8,1.0,0.91625,0.9162341630214462,0.1725721146305979,0.9813875,1.0,1.0,1.0,0,0.0,8,1.0,1.0,1.0,0,0.0,,,False,,0.1683684183342184,0.013987541928548,0.1823559602627665,8.0,0.9,8.0,8.0,1.0,DESCRIPTIVE_NO_INFERENCE
S10,S10,1171,1171,OK,shil.fixed_k.k01,shil,fixed_k,shil.final_ranker_score,1,1.0,0.6325,0.6323874186469607,0.6299530266656085,0.69649375,1.0,0.125,0.2222222222222222,0,0.0,1,1.0,0.125,0.2222222222222222,0,0.0,1.0,0.0,False,,,,,,,,,0.8888888888888888,DESCRIPTIVE_NO_INFERENCE
S10,S10,1171,1171,OK,shil.fixed_k.k02,shil,fixed_k,shil.final_ranker_score,2,1.0,0.71125,0.7112134504523229,0.5648289990046376,0.78064375,1.0,0.25,0.4,0,0.0,2,1.0,0.25,0.4,0,0.0,2.0,0.0,False,,,,,,,,,1.0,DESCRIPTIVE_NO_INFERENCE
S10,S10,1171,1171,OK,shil.fixed_k.k04,shil,fixed_k,shil.final_ranker_score,4,1.0,0.785,0.784891101119942,0.4387746463538722,0.8796625,1.0,0.5,0.6666666666666666,0,0.0,4,1.0,0.5,0.6666666666666666,0,0.0,4.0,0.0,False,,,,,,,,,0.8666666666666667,DESCRIPTIVE_NO_INFERENCE
S10,S10,1171,1171,OK,shil.fixed_k.k08,shil,fixed_k,shil.final_ranker_score,8,1.0,0.9275,0.9274959216455926,0.1645835833120136,0.9835125,1.0,1.0,1.0,0,0.0,8,1.0,1.0,1.0,0,0.0,8.0,0.0,False,,,,,,,,,1.0,DESCRIPTIVE_NO_INFERENCE
S10,S10,1171,1171,OK,shil.fixed_k.k16,shil,fixed_k,shil.final_ranker_score,16,1.0,0.9325,0.9324932493249324,0.1663720640677514,0.983025,0.5,1.0,0.6666666666666666,8,0.5,8,0.5,1.0,0.6666666666666666,8,0.5,16.0,0.0,False,,,,,,,,,0.3333333333333333,DESCRIPTIVE_NO_INFERENCE
S10,S10,1171,1171,OK,shil.validation_one_se,shil,validation_one_se,shil.final_ranker_score,8,1.0,0.9275,0.9274959216455926,0.1645835833120136,0.9835125,1.0,1.0,1.0,0,0.0,8,1.0,1.0,1.0,0,0.0,,0.0,False,8.0,0.130082208289355,0.0117263046663175,0.1418085129556725,,,,,1.0,DESCRIPTIVE_NO_INFERENCE
S10,S10,1171,1171,OK,shil.cpss_one_se,shil,cpss_one_se,shil.final_development_selection_frequency,8,1.0,0.9275,0.9274959216455926,0.1645835833120136,0.9835125,1.0,1.0,1.0,0,0.0,8,1.0,1.0,1.0,0,0.0,,,False,,0.130082208289355,0.0117263046663175,0.1418085129556725,8.0,0.9,8.0,8.0,1.0,DESCRIPTIVE_NO_INFERENCE
S10,S10,1171,1171,OK,l1.fixed_k.k01,l1,fixed_k,l1.final_ranker_score,1,1.0,0.6325,0.6323874186469607,0.6299530266656085,0.69649375,1.0,0.125,0.2222222222222222,0,0.0,1,1.0,0.125,0.2222222222222222,0,0.0,1.0,0.0,False,,,,,,,,,1.0,DESCRIPTIVE_NO_INFERENCE
S10,S10,1171,1171,OK,l1.fixed_k.k02,l1,fixed_k,l1.final_ranker_score,2,1.0,0.71125,0.7112134504523229,0.5648289990046376,0.78064375,1.0,0.25,0.4,0,0.0,2,1.0,0.25,0.4,0,0.0,2.0,0.0,False,,,,,,,,,1.0,DESCRIPTIVE_NO_INFERENCE
S10,S10,1171,1171,OK,l1.fixed_k.k04,l1,fixed_k,l1.final_ranker_score,4,1.0,0.785,0.784891101119942,0.4387746463538722,0.8796625,1.0,0.5,0.6666666666666666,0,0.0,4,1.0,0.5,0.6666666666666666,0,0.0,4.0,0.0,False,,,,,,,,,0.9555555555555555,DESCRIPTIVE_NO_INFERENCE
S10,S10,1171,1171,OK,l1.fixed_k.k08,l1,fixed_k,l1.final_ranker_score,8,1.0,0.9275,0.9274959216455926,0.1645835833120136,0.9835125,1.0,1.0,1.0,0,0.0,8,1.0,1.0,1.0,0,0.0,8.0,0.0,False,,,,,,,,,1.0,DESCRIPTIVE_NO_INFERENCE
S10,S10,1171,1171,OK,l1.fixed_k.k16,l1,fixed_k,l1.final_ranker_score,16,1.0,0.9325,0.9324962029114138,0.163623638921835,0.98343125,0.5,1.0,0.6666666666666666,8,0.5,8,0.5,1.0,0.6666666666666666,8,0.5,16.0,0.0,False,,,,,,,,,0.3333333333333333,DESCRIPTIVE_NO_INFERENCE
S10,S10,1171,1171,OK,l1.validation_one_se,l1,validation_one_se,l1.final_ranker_score,8,1.0,0.9275,0.9274959216455926,0.1645835833120136,0.9835125,1.0,1.0,1.0,0,0.0,8,1.0,1.0,1.0,0,0.0,,0.0,False,8.0,0.130082208289355,0.0117263046663175,0.1418085129556725,,,,,1.0,DESCRIPTIVE_NO_INFERENCE
S10,S10,1171,1171,OK,l1.cpss_one_se,l1,cpss_one_se,l1.final_development_selection_frequency,8,1.0,0.9275,0.9274959216455926,0.1645835833120136,0.9835125,1.0,1.0,1.0,0,0.0,8,1.0,1.0,1.0,0,0.0,,,False,,0.130082208289355,0.0117263046663175,0.1418085129556725,8.0,0.9,8.0,8.0,1.0,DESCRIPTIVE_NO_INFERENCE
S10,S10,1181,1181,OK,shil.fixed_k.k01,shil,fixed_k,shil.final_ranker_score,1,1.0,0.64125,0.6408993157380254,0.617655684574521,0.7063625,1.0,0.125,0.2222222222222222,0,0.0,1,1.0,0.125,0.2222222222222222,0,0.0,1.0,0.0,False,,,,,,,,,0.8888888888888888,DESCRIPTIVE_NO_INFERENCE
S10,S10,1181,1181,OK,shil.fixed_k.k02,shil,fixed_k,shil.final_ranker_score,2,1.0,0.68375,0.6837455526718345,0.5511545624098971,0.78565625,1.0,0.25,0.4,0,0.0,2,1.0,0.25,0.4,0,0.0,2.0,0.0,False,,,,,,,,,1.0,DESCRIPTIVE_NO_INFERENCE
S10,S10,1181,1181,OK,shil.fixed_k.k04,shil,fixed_k,shil.final_ranker_score,4,1.0,0.79625,0.7962242096265308,0.419318213110734,0.8883000000000001,1.0,0.5,0.6666666666666666,0,0.0,4,1.0,0.5,0.6666666666666666,0,0.0,4.0,0.0,False,,,,,,,,,0.8666666666666667,DESCRIPTIVE_NO_INFERENCE
S10,S10,1181,1181,OK,shil.fixed_k.k08,shil,fixed_k,shil.final_ranker_score,8,1.0,0.92,0.9199874980465698,0.1734433863381921,0.98204375,1.0,1.0,1.0,0,0.0,8,1.0,1.0,1.0,0,0.0,8.0,0.0,False,,,,,,,,,1.0,DESCRIPTIVE_NO_INFERENCE
S10,S10,1181,1181,OK,shil.fixed_k.k16,shil,fixed_k,shil.final_ranker_score,16,1.0,0.91875,0.9187397154952424,0.1748920168068762,0.98153125,0.5,1.0,0.6666666666666666,8,0.5,8,0.5,1.0,0.6666666666666666,8,0.5,16.0,0.0,False,,,,,,,,,0.33977455716586147,DESCRIPTIVE_NO_INFERENCE
S10,S10,1181,1181,OK,shil.validation_one_se,shil,validation_one_se,shil.final_ranker_score,8,1.0,0.92,0.9199874980465698,0.1734433863381921,0.98204375,1.0,1.0,1.0,0,0.0,8,1.0,1.0,1.0,0,0.0,,0.0,False,8.0,0.1655288446223873,0.0132197156502667,0.1787485602726541,,,,,1.0,DESCRIPTIVE_NO_INFERENCE
S10,S10,1181,1181,OK,shil.cpss_one_se,shil,cpss_one_se,shil.final_development_selection_frequency,8,1.0,0.92,0.9199874980465698,0.1734433863381921,0.98204375,1.0,1.0,1.0,0,0.0,8,1.0,1.0,1.0,0,0.0,,,False,,0.1655288446223873,0.0132197156502667,0.1787485602726541,8.0,0.9,8.0,8.0,1.0,DESCRIPTIVE_NO_INFERENCE
S10,S10,1181,1181,OK,l1.fixed_k.k01,l1,fixed_k,l1.final_ranker_score,1,1.0,0.64125,0.6408993157380254,0.617655684574521,0.7063625,1.0,0.125,0.2222222222222222,0,0.0,1,1.0,0.125,0.2222222222222222,0,0.0,1.0,0.0,False,,,,,,,,,1.0,DESCRIPTIVE_NO_INFERENCE
S10,S10,1181,1181,OK,l1.fixed_k.k02,l1,fixed_k,l1.final_ranker_score,2,1.0,0.68375,0.6837455526718345,0.5511545624098971,0.78565625,1.0,0.25,0.4,0,0.0,2,1.0,0.25,0.4,0,0.0,2.0,0.0,False,,,,,,,,,1.0,DESCRIPTIVE_NO_INFERENCE
S10,S10,1181,1181,OK,l1.fixed_k.k04,l1,fixed_k,l1.final_ranker_score,4,1.0,0.79625,0.7962242096265308,0.419318213110734,0.8883000000000001,1.0,0.5,0.6666666666666666,0,0.0,4,1.0,0.5,0.6666666666666666,0,0.0,4.0,0.0,False,,,,,,,,,0.9555555555555555,DESCRIPTIVE_NO_INFERENCE
S10,S10,1181,1181,OK,l1.fixed_k.k08,l1,fixed_k,l1.final_ranker_score,8,1.0,0.92,0.9199874980465698,0.1734433863381921,0.98204375,1.0,1.0,1.0,0,0.0,8,1.0,1.0,1.0,0,0.0,8.0,0.0,False,,,,,,,,,1.0,DESCRIPTIVE_NO_INFERENCE
S10,S10,1181,1181,OK,l1.fixed_k.k16,l1,fixed_k,l1.final_ranker_score,16,1.0,0.92625,0.926240664834143,0.1791825041666666,0.9808875,0.5,1.0,0.6666666666666666,8,0.5,8,0.5,1.0,0.6666666666666666,8,0.5,16.0,0.0,False,,,,,,,,,0.3333333333333333,DESCRIPTIVE_NO_INFERENCE
S10,S10,1181,1181,OK,l1.validation_one_se,l1,validation_one_se,l1.final_ranker_score,8,1.0,0.92,0.9199874980465698,0.1734433863381921,0.98204375,1.0,1.0,1.0,0,0.0,8,1.0,1.0,1.0,0,0.0,,0.0,False,8.0,0.1655288446223873,0.0132197156502667,0.1787485602726541,,,,,1.0,DESCRIPTIVE_NO_INFERENCE
S10,S10,1181,1181,OK,l1.cpss_one_se,l1,cpss_one_se,l1.final_development_selection_frequency,8,1.0,0.92,0.9199874980465698,0.1734433863381921,0.98204375,1.0,1.0,1.0,0,0.0,8,1.0,1.0,1.0,0,0.0,,,False,,0.1655288446223873,0.0132197156502667,0.1787485602726541,8.0,0.9,8.0,8.0,1.0,DESCRIPTIVE_NO_INFERENCE
S10,S10,1201,1201,OK,shil.fixed_k.k01,shil,fixed_k,shil.final_ranker_score,1,1.0,0.6225,0.6223087938268749,0.6190476470759368,0.69113125,1.0,0.125,0.2222222222222222,0,0.0,1,1.0,0.125,0.2222222222222222,0,0.0,1.0,0.0,False,,,,,,,,,0.8888888888888888,DESCRIPTIVE_NO_INFERENCE
S10,S10,1201,1201,OK,shil.fixed_k.k02,shil,fixed_k,shil.final_ranker_score,2,1.0,0.6925,0.6924980781129881,0.5404420089823196,0.7910187499999999,1.0,0.25,0.4,0,0.0,2,1.0,0.25,0.4,0,0.0,2.0,0.0,False,,,,,,,,,1.0,DESCRIPTIVE_NO_INFERENCE
S10,S10,1201,1201,OK,shil.fixed_k.k04,shil,fixed_k,shil.final_ranker_score,4,1.0,0.78625,0.7862095802487659,0.4547328007025991,0.868,1.0,0.5,0.6666666666666666,0,0.0,4,1.0,0.5,0.6666666666666666,0,0.0,4.0,0.0,False,,,,,,,,,0.6888888888888888,DESCRIPTIVE_NO_INFERENCE
S10,S10,1201,1201,OK,shil.fixed_k.k08,shil,fixed_k,shil.final_ranker_score,8,1.0,0.93875,0.9387491386597624,0.1539249065002652,0.98603125,1.0,1.0,1.0,0,0.0,8,1.0,1.0,1.0,0,0.0,8.0,0.0,False,,,,,,,,,1.0,DESCRIPTIVE_NO_INFERENCE
S10,S10,1201,1201,OK,shil.fixed_k.k16,shil,fixed_k,shil.final_ranker_score,16,1.0,0.94,0.9399996249976562,0.1561558617249515,0.9853375,0.5,1.0,0.6666666666666666,8,0.5,8,0.5,1.0,0.6666666666666666,8,0.5,16.0,0.0,False,,,,,,,,,0.3333333333333333,DESCRIPTIVE_NO_INFERENCE
S10,S10,1201,1201,OK,shil.validation_one_se,shil,validation_one_se,shil.final_ranker_score,8,1.0,0.93875,0.9387491386597624,0.1539249065002652,0.98603125,1.0,1.0,1.0,0,0.0,8,1.0,1.0,1.0,0,0.0,,0.0,False,8.0,0.1451753721413246,0.0124029108785281,0.1575782830198527,,,,,1.0,DESCRIPTIVE_NO_INFERENCE
S10,S10,1201,1201,OK,shil.cpss_one_se,shil,cpss_one_se,shil.final_development_selection_frequency,8,1.0,0.93875,0.9387491386597624,0.1539249065002652,0.98603125,1.0,1.0,1.0,0,0.0,8,1.0,1.0,1.0,0,0.0,,,False,,0.1451753721413246,0.0124029108785281,0.1575782830198527,8.0,0.9,8.0,8.0,1.0,DESCRIPTIVE_NO_INFERENCE
S10,S10,1201,1201,OK,l1.fixed_k.k01,l1,fixed_k,l1.final_ranker_score,1,1.0,0.6225,0.6223087938268749,0.6190476470759368,0.69113125,1.0,0.125,0.2222222222222222,0,0.0,1,1.0,0.125,0.2222222222222222,0,0.0,1.0,0.0,False,,,,,,,,,1.0,DESCRIPTIVE_NO_INFERENCE
S10,S10,1201,1201,OK,l1.fixed_k.k02,l1,fixed_k,l1.final_ranker_score,2,1.0,0.6925,0.6924980781129881,0.5404420089823196,0.7910187499999999,1.0,0.25,0.4,0,0.0,2,1.0,0.25,0.4,0,0.0,2.0,0.0,False,,,,,,,,,1.0,DESCRIPTIVE_NO_INFERENCE
S10,S10,1201,1201,OK,l1.fixed_k.k04,l1,fixed_k,l1.final_ranker_score,4,1.0,0.7925,0.7923130817735962,0.4344282200797657,0.88013125,1.0,0.5,0.6666666666666666,0,0.0,4,1.0,0.5,0.6666666666666666,0,0.0,4.0,0.0,False,,,,,,,,,0.9555555555555555,DESCRIPTIVE_NO_INFERENCE
S10,S10,1201,1201,OK,l1.fixed_k.k08,l1,fixed_k,l1.final_ranker_score,8,1.0,0.93875,0.9387491386597624,0.1539249065002652,0.98603125,1.0,1.0,1.0,0,0.0,8,1.0,1.0,1.0,0,0.0,8.0,0.0,False,,,,,,,,,1.0,DESCRIPTIVE_NO_INFERENCE
S10,S10,1201,1201,OK,l1.fixed_k.k16,l1,fixed_k,l1.final_ranker_score,16,1.0,0.93625,0.9362451187669056,0.1652716234976013,0.98351875,0.5,1.0,0.6666666666666666,8,0.5,8,0.5,1.0,0.6666666666666666,8,0.5,16.0,0.0,False,,,,,,,,,0.3333333333333333,DESCRIPTIVE_NO_INFERENCE
S10,S10,1201,1201,OK,l1.validation_one_se,l1,validation_one_se,l1.final_ranker_score,8,1.0,0.93875,0.9387491386597624,0.1539249065002652,0.98603125,1.0,1.0,1.0,0,0.0,8,1.0,1.0,1.0,0,0.0,,0.0,False,8.0,0.1451753721413246,0.0124029108785281,0.1575782830198527,,,,,1.0,DESCRIPTIVE_NO_INFERENCE
S10,S10,1201,1201,OK,l1.cpss_one_se,l1,cpss_one_se,l1.final_development_selection_frequency,8,1.0,0.93875,0.9387491386597624,0.1539249065002652,0.98603125,1.0,1.0,1.0,0,0.0,8,1.0,1.0,1.0,0,0.0,,,False,,0.1451753721413246,0.0124029108785281,0.1575782830198527,8.0,0.9,8.0,8.0,1.0,DESCRIPTIVE_NO_INFERENCE
S10,S10,1213,1213,OK,shil.fixed_k.k01,shil,fixed_k,shil.final_ranker_score,1,1.0,0.61125,0.6112202340491695,0.6348077434238626,0.6695375,1.0,0.125,0.2222222222222222,0,0.0,1,1.0,0.125,0.2222222222222222,0,0.0,1.0,0.0,False,,,,,,,,,0.8888888888888888,DESCRIPTIVE_NO_INFERENCE
S10,S10,1213,1213,OK,shil.fixed_k.k02,shil,fixed_k,shil.final_ranker_score,2,1.0,0.70125,0.7012271252017732,0.5578947986838622,0.7779249999999999,1.0,0.25,0.4,0,0.0,2,1.0,0.25,0.4,0,0.0,2.0,0.0,False,,,,,,,,,1.0,DESCRIPTIVE_NO_INFERENCE
S10,S10,1213,1213,OK,shil.fixed_k.k04,shil,fixed_k,shil.final_ranker_score,4,1.0,0.79875,0.7987421383647799,0.4237779053775246,0.88425,1.0,0.5,0.6666666666666666,0,0.0,4,1.0,0.5,0.6666666666666666,0,0.0,4.0,0.0,False,,,,,,,,,0.8666666666666667,DESCRIPTIVE_NO_INFERENCE
S10,S10,1213,1213,OK,shil.fixed_k.k08,shil,fixed_k,shil.final_ranker_score,8,1.0,0.93375,0.933744927346,0.155809577533812,0.98548125,1.0,1.0,1.0,0,0.0,8,1.0,1.0,1.0,0,0.0,8.0,0.0,False,,,,,,,,,1.0,DESCRIPTIVE_NO_INFERENCE
S10,S10,1213,1213,OK,shil.fixed_k.k16,shil,fixed_k,shil.final_ranker_score,16,1.0,0.9325,0.9324995781223632,0.1595006918380614,0.98469375,0.5,1.0,0.6666666666666666,8,0.5,8,0.5,1.0,0.6666666666666666,8,0.5,16.0,0.0,False,,,,,,,,,0.3462157809983897,DESCRIPTIVE_NO_INFERENCE
S10,S10,1213,1213,OK,shil.validation_one_se,shil,validation_one_se,shil.final_ranker_score,8,1.0,0.93375,0.933744927346,0.155809577533812,0.98548125,1.0,1.0,1.0,0,0.0,8,1.0,1.0,1.0,0,0.0,,0.0,False,8.0,0.1400439932481789,0.0110020758317906,0.1510460690799696,,,,,1.0,DESCRIPTIVE_NO_INFERENCE
S10,S10,1213,1213,OK,shil.cpss_one_se,shil,cpss_one_se,shil.final_development_selection_frequency,8,1.0,0.93375,0.933744927346,0.155809577533812,0.98548125,1.0,1.0,1.0,0,0.0,8,1.0,1.0,1.0,0,0.0,,,False,,0.1400439932481789,0.0110020758317906,0.1510460690799696,8.0,0.9,8.0,8.0,1.0,DESCRIPTIVE_NO_INFERENCE
S10,S10,1213,1213,OK,l1.fixed_k.k01,l1,fixed_k,l1.final_ranker_score,1,1.0,0.61125,0.6112202340491695,0.6348077434238626,0.6695375,1.0,0.125,0.2222222222222222,0,0.0,1,1.0,0.125,0.2222222222222222,0,0.0,1.0,0.0,False,,,,,,,,,1.0,DESCRIPTIVE_NO_INFERENCE
S10,S10,1213,1213,OK,l1.fixed_k.k02,l1,fixed_k,l1.final_ranker_score,2,1.0,0.70125,0.7012271252017732,0.5578947986838622,0.7779249999999999,1.0,0.25,0.4,0,0.0,2,1.0,0.25,0.4,0,0.0,2.0,0.0,False,,,,,,,,,1.0,DESCRIPTIVE_NO_INFERENCE
S10,S10,1213,1213,OK,l1.fixed_k.k04,l1,fixed_k,l1.final_ranker_score,4,1.0,0.79875,0.7987421383647799,0.4237779053775246,0.88425,1.0,0.5,0.6666666666666666,0,0.0,4,1.0,0.5,0.6666666666666666,0,0.0,4.0,0.0,False,,,,,,,,,0.9555555555555555,DESCRIPTIVE_NO_INFERENCE
S10,S10,1213,1213,OK,l1.fixed_k.k08,l1,fixed_k,l1.final_ranker_score,8,1.0,0.93375,0.933744927346,0.1558095775338119,0.98548125,1.0,1.0,1.0,0,0.0,8,1.0,1.0,1.0,0,0.0,8.0,0.0,False,,,,,,,,,1.0,DESCRIPTIVE_NO_INFERENCE
S10,S10,1213,1213,OK,l1.fixed_k.k16,l1,fixed_k,l1.final_ranker_score,16,1.0,0.925,0.925,0.1648197946899655,0.98324375,0.5,1.0,0.6666666666666666,8,0.5,8,0.5,1.0,0.6666666666666666,8,0.5,16.0,0.0,False,,,,,,,,,0.3333333333333333,DESCRIPTIVE_NO_INFERENCE
S10,S10,1213,1213,OK,l1.validation_one_se,l1,validation_one_se,l1.final_ranker_score,8,1.0,0.93375,0.933744927346,0.1558095775338119,0.98548125,1.0,1.0,1.0,0,0.0,8,1.0,1.0,1.0,0,0.0,,0.0,False,8.0,0.1400439932481789,0.0110020758317906,0.1510460690799696,,,,,1.0,DESCRIPTIVE_NO_INFERENCE
S10,S10,1213,1213,OK,l1.cpss_one_se,l1,cpss_one_se,l1.final_development_selection_frequency,8,1.0,0.93375,0.933744927346,0.155809577533812,0.98548125,1.0,1.0,1.0,0,0.0,8,1.0,1.0,1.0,0,0.0,,,False,,0.1400439932481789,0.0110020758317906,0.1510460690799696,8.0,0.9,8.0,8.0,1.0,DESCRIPTIVE_NO_INFERENCE
S10,S10,1231,1231,OK,shil.fixed_k.k01,shil,fixed_k,shil.final_ranker_score,1,1.0,0.62125,0.621220999732792,0.6211048197591198,0.6919062499999998,1.0,0.125,0.2222222222222222,0,0.0,1,1.0,0.125,0.2222222222222222,0,0.0,1.0,0.0,False,,,,,,,,,0.8888888888888888,DESCRIPTIVE_NO_INFERENCE
S10,S10,1231,1231,OK,shil.fixed_k.k02,shil,fixed_k,shil.final_ranker_score,2,1.0,0.695,0.6949828427849067,0.5607838789624335,0.77109375,1.0,0.25,0.4,0,0.0,2,1.0,0.25,0.4,0,0.0,2.0,0.0,False,,,,,,,,,1.0,DESCRIPTIVE_NO_INFERENCE
S10,S10,1231,1231,OK,shil.fixed_k.k04,shil,fixed_k,shil.final_ranker_score,4,1.0,0.7825,0.7824945623640591,0.4382304075660781,0.8739,1.0,0.5,0.6666666666666666,0,0.0,4,1.0,0.5,0.6666666666666666,0,0.0,4.0,0.0,False,,,,,,,,,0.8666666666666667,DESCRIPTIVE_NO_INFERENCE
S10,S10,1231,1231,OK,shil.fixed_k.k08,shil,fixed_k,shil.final_ranker_score,8,1.0,0.94,0.93999399939994,0.150478909826374,0.98626875,1.0,1.0,1.0,0,0.0,8,1.0,1.0,1.0,0,0.0,8.0,0.0,False,,,,,,,,,1.0,DESCRIPTIVE_NO_INFERENCE
S10,S10,1231,1231,OK,shil.fixed_k.k16,shil,fixed_k,shil.final_ranker_score,16,1.0,0.94,0.93999399939994,0.1499380218883776,0.98635625,0.5,1.0,0.6666666666666666,8,0.5,8,0.5,1.0,0.6666666666666666,8,0.5,16.0,0.0,False,,,,,,,,,0.3333333333333333,DESCRIPTIVE_NO_INFERENCE
S10,S10,1231,1231,OK,shil.validation_one_se,shil,validation_one_se,shil.final_ranker_score,8,1.0,0.94,0.93999399939994,0.150478909826374,0.98626875,1.0,1.0,1.0,0,0.0,8,1.0,1.0,1.0,0,0.0,,0.0,False,8.0,0.1572439130099957,0.0123553565786494,0.1695992695886452,,,,,1.0,DESCRIPTIVE_NO_INFERENCE
S10,S10,1231,1231,OK,shil.cpss_one_se,shil,cpss_one_se,shil.final_development_selection_frequency,8,1.0,0.94,0.93999399939994,0.150478909826374,0.98626875,1.0,1.0,1.0,0,0.0,8,1.0,1.0,1.0,0,0.0,,,False,,0.1572439130099957,0.0123553565786494,0.1695992695886452,8.0,0.8,8.0,8.0,1.0,DESCRIPTIVE_NO_INFERENCE
S10,S10,1231,1231,OK,l1.fixed_k.k01,l1,fixed_k,l1.final_ranker_score,1,1.0,0.62125,0.621220999732792,0.6211048197591198,0.6919062499999998,1.0,0.125,0.2222222222222222,0,0.0,1,1.0,0.125,0.2222222222222222,0,0.0,1.0,0.0,False,,,,,,,,,1.0,DESCRIPTIVE_NO_INFERENCE
S10,S10,1231,1231,OK,l1.fixed_k.k02,l1,fixed_k,l1.final_ranker_score,2,1.0,0.695,0.6949828427849067,0.5607838789624335,0.77109375,1.0,0.25,0.4,0,0.0,2,1.0,0.25,0.4,0,0.0,2.0,0.0,False,,,,,,,,,1.0,DESCRIPTIVE_NO_INFERENCE
S10,S10,1231,1231,OK,l1.fixed_k.k04,l1,fixed_k,l1.final_ranker_score,4,1.0,0.7825,0.7824945623640591,0.4382304075660781,0.8739,1.0,0.5,0.6666666666666666,0,0.0,4,1.0,0.5,0.6666666666666666,0,0.0,4.0,0.0,False,,,,,,,,,0.9555555555555555,DESCRIPTIVE_NO_INFERENCE
S10,S10,1231,1231,OK,l1.fixed_k.k08,l1,fixed_k,l1.final_ranker_score,8,1.0,0.94,0.93999399939994,0.150478909826374,0.98626875,1.0,1.0,1.0,0,0.0,8,1.0,1.0,1.0,0,0.0,8.0,0.0,False,,,,,,,,,1.0,DESCRIPTIVE_NO_INFERENCE
S10,S10,1231,1231,OK,l1.fixed_k.k16,l1,fixed_k,l1.final_ranker_score,16,1.0,0.93375,0.933744927346,0.1512389891009255,0.98596875,0.5,1.0,0.6666666666666666,8,0.5,8,0.5,1.0,0.6666666666666666,8,0.5,16.0,0.0,False,,,,,,,,,0.33977455716586147,DESCRIPTIVE_NO_INFERENCE
S10,S10,1231,1231,OK,l1.validation_one_se,l1,validation_one_se,l1.final_ranker_score,8,1.0,0.94,0.93999399939994,0.150478909826374,0.98626875,1.0,1.0,1.0,0,0.0,8,1.0,1.0,1.0,0,0.0,,0.0,False,8.0,0.1572439130099957,0.0123553565786494,0.1695992695886451,,,,,1.0,DESCRIPTIVE_NO_INFERENCE
S10,S10,1231,1231,OK,l1.cpss_one_se,l1,cpss_one_se,l1.final_development_selection_frequency,8,1.0,0.94,0.93999399939994,0.150478909826374,0.98626875,1.0,1.0,1.0,0,0.0,8,1.0,1.0,1.0,0,0.0,,,False,,0.1572439130099957,0.0123553565786494,0.1695992695886452,8.0,0.9,8.0,8.0,1.0,DESCRIPTIVE_NO_INFERENCE
S10,S10,1249,1249,OK,shil.fixed_k.k01,shil,fixed_k,shil.final_ranker_score,1,1.0,0.63375,0.63362119495135,0.6256994454878999,0.69354375,1.0,0.125,0.2222222222222222,0,0.0,1,1.0,0.125,0.2222222222222222,0,0.0,1.0,0.0,False,,,,,,,,,0.8888888888888888,DESCRIPTIVE_NO_INFERENCE
S10,S10,1249,1249,OK,shil.fixed_k.k02,shil,fixed_k,shil.final_ranker_score,2,1.0,0.71,0.7099111602928396,0.5794205858953414,0.77184375,1.0,0.25,0.4,0,0.0,2,1.0,0.25,0.4,0,0.0,2.0,0.0,False,,,,,,,,,1.0,DESCRIPTIVE_NO_INFERENCE
S10,S10,1249,1249,OK,shil.fixed_k.k04,shil,fixed_k,shil.final_ranker_score,4,1.0,0.78625,0.7861293635941523,0.4646549086930042,0.8618812499999999,1.0,0.5,0.6666666666666666,0,0.0,4,1.0,0.5,0.6666666666666666,0,0.0,4.0,0.0,False,,,,,,,,,0.8666666666666667,DESCRIPTIVE_NO_INFERENCE
S10,S10,1249,1249,OK,shil.fixed_k.k08,shil,fixed_k,shil.final_ranker_score,8,1.0,0.90875,0.9087430131369432,0.2086938961356116,0.97368125,1.0,1.0,1.0,0,0.0,8,1.0,1.0,1.0,0,0.0,8.0,0.0,False,,,,,,,,,1.0,DESCRIPTIVE_NO_INFERENCE
S10,S10,1249,1249,OK,shil.fixed_k.k16,shil,fixed_k,shil.final_ranker_score,16,1.0,0.9125,0.912499453121582,0.2142041421019504,0.97279375,0.5,1.0,0.6666666666666666,8,0.5,8,0.5,1.0,0.6666666666666666,8,0.5,16.0,0.0,False,,,,,,,,,0.3333333333333333,DESCRIPTIVE_NO_INFERENCE
S10,S10,1249,1249,OK,shil.validation_one_se,shil,validation_one_se,shil.final_ranker_score,8,1.0,0.90875,0.9087430131369432,0.2086938961356116,0.97368125,1.0,1.0,1.0,0,0.0,8,1.0,1.0,1.0,0,0.0,,0.0,False,8.0,0.20811103859528,0.0169280710742491,0.2223417609175966,,,,,1.0,DESCRIPTIVE_NO_INFERENCE
S10,S10,1249,1249,OK,shil.cpss_one_se,shil,cpss_one_se,shil.final_development_selection_frequency,8,1.0,0.90875,0.9087430131369432,0.2086938961356116,0.97368125,1.0,1.0,1.0,0,0.0,8,1.0,1.0,1.0,0,0.0,,,False,,0.20811103859528,0.0169280710742491,0.2250391096695292,8.0,0.9,8.0,8.0,1.0,DESCRIPTIVE_NO_INFERENCE
S10,S10,1249,1249,OK,l1.fixed_k.k01,l1,fixed_k,l1.final_ranker_score,1,1.0,0.63375,0.63362119495135,0.6256994454878999,0.69354375,1.0,0.125,0.2222222222222222,0,0.0,1,1.0,0.125,0.2222222222222222,0,0.0,1.0,0.0,False,,,,,,,,,1.0,DESCRIPTIVE_NO_INFERENCE
S10,S10,1249,1249,OK,l1.fixed_k.k02,l1,fixed_k,l1.final_ranker_score,2,1.0,0.71,0.7099111602928396,0.5794205858953414,0.77184375,1.0,0.25,0.4,0,0.0,2,1.0,0.25,0.4,0,0.0,2.0,0.0,False,,,,,,,,,1.0,DESCRIPTIVE_NO_INFERENCE
S10,S10,1249,1249,OK,l1.fixed_k.k04,l1,fixed_k,l1.final_ranker_score,4,1.0,0.78625,0.7861293635941523,0.4646549086930042,0.8618812499999999,1.0,0.5,0.6666666666666666,0,0.0,4,1.0,0.5,0.6666666666666666,0,0.0,4.0,0.0,False,,,,,,,,,0.9555555555555555,DESCRIPTIVE_NO_INFERENCE
S10,S10,1249,1249,OK,l1.fixed_k.k08,l1,fixed_k,l1.final_ranker_score,8,1.0,0.90875,0.9087430131369432,0.2086938961356116,0.97368125,1.0,1.0,1.0,0,0.0,8,1.0,1.0,1.0,0,0.0,8.0,0.0,False,,,,,,,,,1.0,DESCRIPTIVE_NO_INFERENCE
S10,S10,1249,1249,OK,l1.fixed_k.k16,l1,fixed_k,l1.final_ranker_score,16,1.0,0.90625,0.906249853515396,0.220851011325624,0.97155,0.5,1.0,0.6666666666666666,8,0.5,8,0.5,1.0,0.6666666666666666,8,0.5,16.0,0.0,False,,,,,,,,,0.33977455716586147,DESCRIPTIVE_NO_INFERENCE
S10,S10,1249,1249,OK,l1.validation_one_se,l1,validation_one_se,l1.final_ranker_score,8,1.0,0.90875,0.9087430131369432,0.2086938961356116,0.97368125,1.0,1.0,1.0,0,0.0,8,1.0,1.0,1.0,0,0.0,,0.0,False,8.0,0.20811103859528,0.0169280710742491,0.2250391096695292,,,,,1.0,DESCRIPTIVE_NO_INFERENCE
S10,S10,1249,1249,OK,l1.cpss_one_se,l1,cpss_one_se,l1.final_development_selection_frequency,8,1.0,0.90875,0.9087430131369432,0.2086938961356116,0.97368125,1.0,1.0,1.0,0,0.0,8,1.0,1.0,1.0,0,0.0,,,False,,0.20811103859528,0.0169280710742491,0.2250391096695292,8.0,0.9,8.0,8.0,1.0,DESCRIPTIVE_NO_INFERENCE
S10,S10,1277,1277,OK,shil.fixed_k.k01,shil,fixed_k,shil.final_ranker_score,1,1.0,0.65125,0.6509614978630776,0.6066244712537946,0.7218312499999999,1.0,0.125,0.2222222222222222,0,0.0,1,1.0,0.125,0.2222222222222222,0,0.0,1.0,0.0,False,,,,,,,,,0.8888888888888888,DESCRIPTIVE_NO_INFERENCE
S10,S10,1277,1277,OK,shil.fixed_k.k02,shil,fixed_k,shil.final_ranker_score,2,1.0,0.73375,0.7335664106048074,0.5346370688551962,0.8033312499999999,1.0,0.25,0.4,0,0.0,2,1.0,0.25,0.4,0,0.0,2.0,0.0,False,,,,,,,,,1.0,DESCRIPTIVE_NO_INFERENCE
S10,S10,1277,1277,OK,shil.fixed_k.k04,shil,fixed_k,shil.final_ranker_score,4,1.0,0.78,0.779833499083682,0.4252913355729096,0.8805124999999999,1.0,0.5,0.6666666666666666,0,0.0,4,1.0,0.5,0.6666666666666666,0,0.0,4.0,0.0,False,,,,,,,,,0.8666666666666667,DESCRIPTIVE_NO_INFERENCE
S10,S10,1277,1277,OK,shil.fixed_k.k08,shil,fixed_k,shil.final_ranker_score,8,1.0,0.91,0.9099639855942376,0.1762887663363316,0.981175,1.0,1.0,1.0,0,0.0,8,1.0,1.0,1.0,0,0.0,8.0,0.0,False,,,,,,,,,1.0,DESCRIPTIVE_NO_INFERENCE
S10,S10,1277,1277,OK,shil.fixed_k.k16,shil,fixed_k,shil.final_ranker_score,16,1.0,0.91125,0.9112265582630412,0.1786566748809754,0.98045625,0.5,1.0,0.6666666666666666,8,0.5,8,0.5,1.0,0.6666666666666666,8,0.5,16.0,0.0,False,,,,,,,,,0.33977455716586147,DESCRIPTIVE_NO_INFERENCE
S10,S10,1277,1277,OK,shil.validation_one_se,shil,validation_one_se,shil.final_ranker_score,8,1.0,0.91,0.9099639855942376,0.1762887663363316,0.981175,1.0,1.0,1.0,0,0.0,8,1.0,1.0,1.0,0,0.0,,0.0,False,8.0,0.1804289031220323,0.0158170206843553,0.1962459238063876,,,,,1.0,DESCRIPTIVE_NO_INFERENCE
S10,S10,1277,1277,OK,shil.cpss_one_se,shil,cpss_one_se,shil.final_development_selection_frequency,8,1.0,0.91,0.9099639855942376,0.1762887663363316,0.981175,1.0,1.0,1.0,0,0.0,8,1.0,1.0,1.0,0,0.0,,,False,,0.1804289031220323,0.0158170206843553,0.1962459238063876,8.0,0.9,8.0,8.0,1.0,DESCRIPTIVE_NO_INFERENCE
S10,S10,1277,1277,OK,l1.fixed_k.k01,l1,fixed_k,l1.final_ranker_score,1,1.0,0.65125,0.6509614978630776,0.6066244712537946,0.7218312499999999,1.0,0.125,0.2222222222222222,0,0.0,1,1.0,0.125,0.2222222222222222,0,0.0,1.0,0.0,False,,,,,,,,,1.0,DESCRIPTIVE_NO_INFERENCE
S10,S10,1277,1277,OK,l1.fixed_k.k02,l1,fixed_k,l1.final_ranker_score,2,1.0,0.73375,0.7335664106048074,0.5346370688551962,0.8033312499999999,1.0,0.25,0.4,0,0.0,2,1.0,0.25,0.4,0,0.0,2.0,0.0,False,,,,,,,,,1.0,DESCRIPTIVE_NO_INFERENCE
S10,S10,1277,1277,OK,l1.fixed_k.k04,l1,fixed_k,l1.final_ranker_score,4,1.0,0.78625,0.7862416500644557,0.437812529399762,0.8756937499999999,1.0,0.5,0.6666666666666666,0,0.0,4,1.0,0.5,0.6666666666666666,0,0.0,4.0,0.0,False,,,,,,,,,0.6,DESCRIPTIVE_NO_INFERENCE
S10,S10,1277,1277,OK,l1.fixed_k.k08,l1,fixed_k,l1.final_ranker_score,8,1.0,0.91,0.9099639855942376,0.1762887663363316,0.981175,1.0,1.0,1.0,0,0.0,8,1.0,1.0,1.0,0,0.0,8.0,0.0,False,,,,,,,,,1.0,DESCRIPTIVE_NO_INFERENCE
S10,S10,1277,1277,OK,l1.fixed_k.k16,l1,fixed_k,l1.final_ranker_score,16,1.0,0.9125,0.9124649859943976,0.1837477147733223,0.9792,0.5,1.0,0.6666666666666666,8,0.5,8,0.5,1.0,0.6666666666666666,8,0.5,16.0,0.0,False,,,,,,,,,0.33977455716586147,DESCRIPTIVE_NO_INFERENCE
S10,S10,1277,1277,OK,l1.validation_one_se,l1,validation_one_se,l1.final_ranker_score,8,1.0,0.91,0.9099639855942376,0.1762887663363316,0.981175,1.0,1.0,1.0,0,0.0,8,1.0,1.0,1.0,0,0.0,,0.0,False,8.0,0.1804289031220323,0.0158170206843553,0.1962459238063876,,,,,1.0,DESCRIPTIVE_NO_INFERENCE
S10,S10,1277,1277,OK,l1.cpss_one_se,l1,cpss_one_se,l1.final_development_selection_frequency,8,1.0,0.91,0.9099639855942376,0.1762887663363316,0.981175,1.0,1.0,1.0,0,0.0,8,1.0,1.0,1.0,0,0.0,,,False,,0.1804289031220323,0.0158170206843553,0.1962459238063876,8.0,0.9,8.0,8.0,1.0,DESCRIPTIVE_NO_INFERENCE
S11,S11,1103,1103,OK,shil.fixed_k.k01,shil,fixed_k,shil.final_ranker_score,1,0.6111111111111112,0.6642857142857143,0.6642685851318945,0.5672832873059256,0.7572193877551021,1.0,0.25,0.4,0,0.0,1,1.0,0.25,0.4,0,0.0,1.0,0.0,False,,,,,,,,,0.7777777777777778,DESCRIPTIVE_NO_INFERENCE
S11,S11,1103,1103,OK,shil.fixed_k.k02,shil,fixed_k,shil.final_ranker_score,2,0.6111111111111112,0.6678571428571428,0.6678190098353127,0.5678256963446934,0.7564668367346938,0.5,0.25,0.3333333333333333,1,0.5,1,0.5,0.25,0.3333333333333333,1,0.5,2.0,0.0,False,,,,,,,,,0.7037037037037037,DESCRIPTIVE_NO_INFERENCE
S11,S11,1103,1103,OK,shil.fixed_k.k04,shil,fixed_k,shil.final_ranker_score,4,0.6111111111111112,0.7875,0.7873474272038292,0.4457760483982042,0.8740816326530613,0.5,0.5,0.5,2,0.5,2,0.5,0.5,0.5,2,0.5,4.0,0.0,False,,,,,,,,,0.8666666666666667,DESCRIPTIVE_NO_INFERENCE
S11,S11,1103,1103,OK,shil.fixed_k.k08,shil,fixed_k,shil.final_ranker_score,8,0.6111111111111112,0.8517857142857143,0.8517625521844931,0.3418583419056822,0.9300382653061224,0.375,0.75,0.5,5,0.625,3,0.375,0.75,0.5,5,0.625,8.0,0.0,False,,,,,,,,,0.925925925925926,DESCRIPTIVE_NO_INFERENCE
S11,S11,1103,1103,OK,shil.fixed_k.k16,shil,fixed_k,shil.final_ranker_score,16,0.6111111111111112,0.8821428571428571,0.882141353843799,0.2379127500454536,0.9642729591836736,0.25,1.0,0.4,12,0.75,4,0.25,1.0,0.4,12,0.75,16.0,0.0,False,,,,,,,,,0.4622414622414622,DESCRIPTIVE_NO_INFERENCE
S11,S11,1103,1103,OK,shil.validation_one_se,shil,validation_one_se,shil.final_ranker_score,16,0.6111111111111112,0.8821428571428571,0.882141353843799,0.2379127500454536,0.9642729591836736,0.25,1.0,0.4,12,0.75,4,0.25,1.0,0.4,12,0.75,,0.0,False,16.0,0.2153686274127499,0.0188836341985276,0.2342522616112775,,,,,0.4874939874939874,DESCRIPTIVE_NO_INFERENCE
S11,S11,1103,1103,OK,shil.cpss_one_se,shil,cpss_one_se,shil.final_development_selection_frequency,10,0.4,0.8875,0.8874967712721347,0.2339849732269928,0.9656632653061225,0.4,1.0,0.5714285714285715,6,0.6,4,0.4,1.0,0.5714285714285715,6,0.6,,,False,,0.2136438352882778,0.0186444013137339,0.2322882366020117,16.0,0.9,10.0,10.0,0.8999999999999999,DESCRIPTIVE_NO_INFERENCE
S11,S11,1103,1103,OK,l1.fixed_k.k01,l1,fixed_k,l1.final_ranker_score,1,1.0,0.5857142857142857,0.5856931476095719,0.633289873172599,0.667359693877551,1.0,0.25,0.4,0,0.0,1,1.0,0.25,0.4,0,0.0,1.0,0.0,False,,,,,,,,,0.1111111111111111,DESCRIPTIVE_NO_INFERENCE
S11,S11,1103,1103,OK,l1.fixed_k.k02,l1,fixed_k,l1.final_ranker_score,2,1.0,0.7535714285714286,0.753256704980843,0.4812025980875919,0.8533418367346939,1.0,0.5,0.6666666666666666,0,0.0,2,1.0,0.5,0.6666666666666666,0,0.0,2.0,0.0,False,,,,,,,,,0.48148148148148145,DESCRIPTIVE_NO_INFERENCE
S11,S11,1103,1103,OK,l1.fixed_k.k04,l1,fixed_k,l1.final_ranker_score,4,1.0,0.8875,0.8874996412616112,0.2294018273104238,0.9672066326530612,1.0,1.0,1.0,0,0.0,4,1.0,1.0,1.0,0,0.0,4.0,0.0,False,,,,,,,,,1.0,DESCRIPTIVE_NO_INFERENCE
S11,S11,1103,1103,OK,l1.fixed_k.k08,l1,fixed_k,l1.final_ranker_score,8,1.0,0.8910714285714286,0.89107108122156,0.2277129897505405,0.9677168367346938,0.5,1.0,0.6666666666666666,4,0.5,4,0.5,1.0,0.6666666666666666,4,0.5,8.0,0.0,False,,,,,,,,,0.3602693602693603,DESCRIPTIVE_NO_INFERENCE
S11,S11,1103,1103,OK,l1.fixed_k.k16,l1,fixed_k,l1.final_ranker_score,16,1.0,0.8857142857142857,0.8857128279697446,0.2504424145906932,0.9610331632653062,0.25,1.0,0.4,12,0.75,4,0.25,1.0,0.4,12,0.75,16.0,0.0,False,,,,,,,,,0.15732826843937955,DESCRIPTIVE_NO_INFERENCE
S11,S11,1103,1103,OK,l1.validation_one_se,l1,validation_one_se,l1.final_ranker_score,4,1.0,0.8875,0.8874996412616112,0.2294018273104238,0.9672066326530612,1.0,1.0,1.0,0,0.0,4,1.0,1.0,1.0,0,0.0,,0.0,False,4.0,0.2101508980450972,0.0182887749830771,0.2284396730281744,,,,,1.0,DESCRIPTIVE_NO_INFERENCE
S11,S11,1103,1103,OK,l1.cpss_one_se,l1,cpss_one_se,l1.final_development_selection_frequency,4,1.0,0.8875,0.8874996412616112,0.2294018273104238,0.9672066326530612,1.0,1.0,1.0,0,0.0,4,1.0,1.0,1.0,0,0.0,,,False,,0.2101508980450972,0.0182887749830771,0.2284396730281744,4.0,0.9,4.0,4.0,1.0,DESCRIPTIVE_NO_INFERENCE
S11,S11,1129,1129,OK,shil.fixed_k.k01,shil,fixed_k,shil.final_ranker_score,1,0.6178571428571429,0.6660714285714285,0.66606184488713,0.580251378547135,0.7451275510204083,1.0,0.25,0.4,0,0.0,1,1.0,0.25,0.4,0,0.0,1.0,0.0,False,,,,,,,,,0.7777777777777778,DESCRIPTIVE_NO_INFERENCE
S11,S11,1129,1129,OK,shil.fixed_k.k02,shil,fixed_k,shil.final_ranker_score,2,0.6178571428571429,0.6696428571428571,0.6696333759578559,0.580163886370828,0.7452168367346939,0.5,0.25,0.3333333333333333,1,0.5,1,0.5,0.25,0.3333333333333333,1,0.5,2.0,0.0,False,,,,,,,,,0.7037037037037037,DESCRIPTIVE_NO_INFERENCE
S11,S11,1129,1129,OK,shil.fixed_k.k04,shil,fixed_k,shil.final_ranker_score,4,0.6178571428571429,0.6696428571428571,0.6696333759578559,0.5802038114371137,0.7451275510204082,0.25,0.25,0.25,3,0.75,1,0.25,0.25,0.25,3,0.75,4.0,0.0,False,,,,,,,,,0.6888888888888888,DESCRIPTIVE_NO_INFERENCE
S11,S11,1129,1129,OK,shil.fixed_k.k08,shil,fixed_k,shil.final_ranker_score,8,0.6178571428571429,0.8857142857142857,0.8856428124720808,0.2675080519144552,0.9569897959183672,0.5,1.0,0.6666666666666666,4,0.5,4,0.5,1.0,0.6666666666666666,4,0.5,8.0,0.0,False,,,,,,,,,0.7580246913580246,DESCRIPTIVE_NO_INFERENCE
S11,S11,1129,1129,OK,shil.fixed_k.k16,shil,fixed_k,shil.final_ranker_score,16,0.6178571428571429,0.8839285714285714,0.8838659864531587,0.2774908497523612,0.954936224489796,0.25,1.0,0.4,12,0.75,4,0.25,1.0,0.4,12,0.75,16.0,0.0,False,,,,,,,,,0.45454545454545453,DESCRIPTIVE_NO_INFERENCE
S11,S11,1129,1129,OK,shil.validation_one_se,shil,validation_one_se,shil.final_ranker_score,8,0.6178571428571429,0.8857142857142857,0.8856428124720808,0.2675080519144552,0.9569897959183672,0.5,1.0,0.6666666666666666,4,0.5,4,0.5,1.0,0.6666666666666666,4,0.5,,0.0,False,8.0,0.2072751261480029,0.0172976151387435,0.2245727412867464,,,,,0.6037037037037036,DESCRIPTIVE_NO_INFERENCE
S11,S11,1129,1129,OK,shil.cpss_one_se,shil,cpss_one_se,shil.final_development_selection_frequency,7,0.5178571428571428,0.8875,0.8874393407161385,0.2655012941421416,0.9575892857142856,0.5714285714285714,1.0,0.7272727272727273,3,0.4285714285714285,4,0.5714285714285714,1.0,0.7272727272727273,3,0.4285714285714285,,,False,,0.207275126148003,0.0172976151387434,0.2242154893336272,8.0,0.8,8.0,7.0,0.711111111111111,DESCRIPTIVE_NO_INFERENCE
S11,S11,1129,1129,OK,l1.fixed_k.k01,l1,fixed_k,l1.final_ranker_score,1,1.0,0.6660714285714285,0.66606184488713,0.580251378547135,0.7451275510204083,1.0,0.25,0.4,0,0.0,1,1.0,0.25,0.4,0,0.0,1.0,0.0,False,,,,,,,,,0.6666666666666666,DESCRIPTIVE_NO_INFERENCE
S11,S11,1129,1129,OK,l1.fixed_k.k02,l1,fixed_k,l1.final_ranker_score,2,1.0,0.7,0.7,0.5228165252736212,0.8028316326530613,1.0,0.5,0.6666666666666666,0,0.0,2,1.0,0.5,0.6666666666666666,0,0.0,2.0,0.0,False,,,,,,,,,0.48148148148148145,DESCRIPTIVE_NO_INFERENCE
S11,S11,1129,1129,OK,l1.fixed_k.k04,l1,fixed_k,l1.final_ranker_score,4,1.0,0.8892857142857142,0.8892348527385023,0.266836136186651,0.9572704081632653,1.0,1.0,1.0,0,0.0,4,1.0,1.0,1.0,0,0.0,4.0,0.0,False,,,,,,,,,1.0,DESCRIPTIVE_NO_INFERENCE
S11,S11,1129,1129,OK,l1.fixed_k.k08,l1,fixed_k,l1.final_ranker_score,8,1.0,0.875,0.8749218261413383,0.2779152077861055,0.9537755102040816,0.5,1.0,0.6666666666666666,4,0.5,4,0.5,1.0,0.6666666666666666,4,0.5,8.0,0.0,False,,,,,,,,,0.3333333333333333,DESCRIPTIVE_NO_INFERENCE
S11,S11,1129,1129,OK,l1.fixed_k.k16,l1,fixed_k,l1.final_ranker_score,16,1.0,0.8714285714285714,0.871264367816092,0.2937560205967753,0.9485841836734694,0.25,1.0,0.4,12,0.75,4,0.25,1.0,0.4,12,0.75,16.0,0.0,False,,,,,,,,,0.14285714285714285,DESCRIPTIVE_NO_INFERENCE
S11,S11,1129,1129,OK,l1.validation_one_se,l1,validation_one_se,l1.final_ranker_score,4,1.0,0.8892857142857142,0.8892348527385023,0.266836136186651,0.9572704081632653,1.0,1.0,1.0,0,0.0,4,1.0,1.0,1.0,0,0.0,,0.0,False,4.0,0.2063603378673701,0.0170209783051397,0.2233813161725099,,,,,1.0,DESCRIPTIVE_NO_INFERENCE
S11,S11,1129,1129,OK,l1.cpss_one_se,l1,cpss_one_se,l1.final_development_selection_frequency,4,1.0,0.8892857142857142,0.8892348527385023,0.266836136186651,0.9572704081632653,1.0,1.0,1.0,0,0.0,4,1.0,1.0,1.0,0,0.0,,,False,,0.2063603378673701,0.0170209783051397,0.2233813161725099,4.0,0.9,4.0,4.0,1.0,DESCRIPTIVE_NO_INFERENCE
S11,S11,1151,1151,OK,shil.fixed_k.k01,shil,fixed_k,shil.final_ranker_score,1,0.575,0.6553571428571429,0.655303283995267,0.6104559161233011,0.7158928571428571,1.0,0.25,0.4,0,0.0,1,1.0,0.25,0.4,0,0.0,1.0,0.0,False,,,,,,,,,0.7777777777777778,DESCRIPTIVE_NO_INFERENCE
S11,S11,1151,1151,OK,shil.fixed_k.k02,shil,fixed_k,shil.final_ranker_score,2,0.575,0.6464285714285715,0.6463157894736842,0.6125345148740146,0.7143877551020408,0.5,0.25,0.3333333333333333,1,0.5,1,0.5,0.25,0.3333333333333333,1,0.5,2.0,0.0,False,,,,,,,,,0.7037037037037037,DESCRIPTIVE_NO_INFERENCE
S11,S11,1151,1151,OK,shil.fixed_k.k04,shil,fixed_k,shil.final_ranker_score,4,0.575,0.6392857142857142,0.639170653907496,0.6106250977131149,0.7153316326530612,0.25,0.25,0.25,3,0.75,1,0.25,0.25,0.25,3,0.75,4.0,0.0,False,,,,,,,,,0.6888888888888888,DESCRIPTIVE_NO_INFERENCE
S11,S11,1151,1151,OK,shil.fixed_k.k08,shil,fixed_k,shil.final_ranker_score,8,0.575,0.8589285714285714,0.858892124560234,0.3326867595295466,0.933405612244898,0.375,0.75,0.5,5,0.625,3,0.375,0.75,0.5,5,0.625,8.0,0.0,False,,,,,,,,,0.925925925925926,DESCRIPTIVE_NO_INFERENCE
S11,S11,1151,1151,OK,shil.fixed_k.k16,shil,fixed_k,shil.final_ranker_score,16,0.575,0.9107142857142856,0.910696060420494,0.2017936783536948,0.9757653061224488,0.25,1.0,0.4,12,0.75,4,0.25,1.0,0.4,12,0.75,16.0,0.0,False,,,,,,,,,0.45454545454545453,DESCRIPTIVE_NO_INFERENCE
S11,S11,1151,1151,OK,shil.validation_one_se,shil,validation_one_se,shil.final_ranker_score,8,0.575,0.8589285714285714,0.858892124560234,0.3326867595295466,0.933405612244898,0.375,0.75,0.5,5,0.625,3,0.375,0.75,0.5,5,0.625,,0.0,False,8.0,0.2113687672048831,0.018426540246443,0.2297953074513261,,,,,0.6481481481481481,DESCRIPTIVE_NO_INFERENCE
S11,S11,1151,1151,OK,shil.cpss_one_se,shil,cpss_one_se,shil.final_development_selection_frequency,10,0.4,0.9089285714285714,0.9089050424376194,0.2010199348750865,0.9759566326530612,0.4,1.0,0.5714285714285715,6,0.6,4,0.4,1.0,0.5714285714285715,6,0.6,,,False,,0.2108914999573929,0.0184480019688766,0.2293395019262696,16.0,0.9,10.0,10.0,0.8999999999999999,DESCRIPTIVE_NO_INFERENCE
S11,S11,1151,1151,OK,l1.fixed_k.k01,l1,fixed_k,l1.final_ranker_score,1,1.0,0.6214285714285714,0.6211918163137675,0.6137046594023878,0.6918622448979591,1.0,0.25,0.4,0,0.0,1,1.0,0.25,0.4,0,0.0,1.0,0.0,False,,,,,,,,,0.1111111111111111,DESCRIPTIVE_NO_INFERENCE
S11,S11,1151,1151,OK,l1.fixed_k.k02,l1,fixed_k,l1.final_ranker_score,2,1.0,0.7428571428571429,0.7428046540110227,0.489637305943707,0.8408418367346939,1.0,0.5,0.6666666666666666,0,0.0,2,1.0,0.5,0.6666666666666666,0,0.0,2.0,0.0,False,,,,,,,,,0.3333333333333333,DESCRIPTIVE_NO_INFERENCE
S11,S11,1151,1151,OK,l1.fixed_k.k04,l1,fixed_k,l1.final_ranker_score,4,1.0,0.9053571428571427,0.9053061120310372,0.2024229393454985,0.9756760204081631,1.0,1.0,1.0,0,0.0,4,1.0,1.0,1.0,0,0.0,4.0,0.0,False,,,,,,,,,1.0,DESCRIPTIVE_NO_INFERENCE
S11,S11,1151,1151,OK,l1.fixed_k.k08,l1,fixed_k,l1.final_ranker_score,8,1.0,0.9125,0.9124528205569966,0.2033010174251102,0.9756760204081631,0.5,1.0,0.6666666666666666,4,0.5,4,0.5,1.0,0.6666666666666666,4,0.5,8.0,0.0,False,,,,,,,,,0.3872053872053872,DESCRIPTIVE_NO_INFERENCE
S11,S11,1151,1151,OK,l1.fixed_k.k16,l1,fixed_k,l1.final_ranker_score,16,1.0,0.9089285714285714,0.9088934186979032,0.2118535849561147,0.97359693877551,0.25,1.0,0.4,12,0.75,4,0.25,1.0,0.4,12,0.75,16.0,0.0,False,,,,,,,,,0.1667345000678334,DESCRIPTIVE_NO_INFERENCE
S11,S11,1151,1151,OK,l1.validation_one_se,l1,validation_one_se,l1.final_ranker_score,4,1.0,0.9053571428571427,0.9053061120310372,0.2024229393454985,0.9756760204081631,1.0,1.0,1.0,0,0.0,4,1.0,1.0,1.0,0,0.0,,0.0,False,4.0,0.2140345092873415,0.0182988264972819,0.2323333357846234,,,,,1.0,DESCRIPTIVE_NO_INFERENCE
S11,S11,1151,1151,OK,l1.cpss_one_se,l1,cpss_one_se,l1.final_development_selection_frequency,4,1.0,0.9053571428571427,0.9053061120310372,0.2024229393454985,0.9756760204081631,1.0,1.0,1.0,0,0.0,4,1.0,1.0,1.0,0,0.0,,,False,,0.2140345092873415,0.0182988264972819,0.2323333357846234,4.0,0.9,4.0,4.0,1.0,DESCRIPTIVE_NO_INFERENCE
S11,S11,1171,1171,OK,shil.fixed_k.k01,shil,fixed_k,shil.final_ranker_score,1,0.7361111111111112,0.6642857142857143,0.6642171871810574,0.5900216268966243,0.735280612244898,1.0,0.25,0.4,0,0.0,1,1.0,0.25,0.4,0,0.0,1.0,0.0,False,,,,,,,,,0.1111111111111111,DESCRIPTIVE_NO_INFERENCE
S11,S11,1171,1171,OK,shil.fixed_k.k02,shil,fixed_k,shil.final_ranker_score,2,0.7361111111111112,0.7821428571428571,0.7820983874260052,0.4536132694257525,0.8698724489795918,1.0,0.5,0.6666666666666666,0,0.0,2,1.0,0.5,0.6666666666666666,0,0.0,2.0,0.0,False,,,,,,,,,0.48148148148148145,DESCRIPTIVE_NO_INFERENCE
S11,S11,1171,1171,OK,shil.fixed_k.k04,shil,fixed_k,shil.final_ranker_score,4,0.7361111111111112,0.7785714285714286,0.7785460065568752,0.4531890273439402,0.8701275510204083,0.5,0.5,0.5,2,0.5,2,0.5,0.5,0.5,2,0.5,4.0,0.0,False,,,,,,,,,0.8666666666666667,DESCRIPTIVE_NO_INFERENCE
S11,S11,1171,1171,OK,shil.fixed_k.k08,shil,fixed_k,shil.final_ranker_score,8,0.7361111111111112,0.8428571428571429,0.8428250663400694,0.3574876129400855,0.9210076530612245,0.375,0.75,0.5,5,0.625,3,0.375,0.75,0.5,5,0.625,8.0,0.0,False,,,,,,,,,0.925925925925926,DESCRIPTIVE_NO_INFERENCE
S11,S11,1171,1171,OK,shil.fixed_k.k16,shil,fixed_k,shil.final_ranker_score,16,0.7361111111111112,0.9,0.9,0.2264398688459385,0.9685076530612244,0.25,1.0,0.4,12,0.75,4,0.25,1.0,0.4,12,0.75,16.0,0.0,False,,,,,,,,,0.4622414622414622,DESCRIPTIVE_NO_INFERENCE
S11,S11,1171,1171,OK,shil.validation_one_se,shil,validation_one_se,shil.final_ranker_score,16,0.7361111111111112,0.9,0.9,0.2264398688459385,0.9685076530612244,0.25,1.0,0.4,12,0.75,4,0.25,1.0,0.4,12,0.75,,0.0,False,16.0,0.2294625314329818,0.0191821460151186,0.2486446774481005,,,,,0.4874939874939874,DESCRIPTIVE_NO_INFERENCE
S11,S11,1171,1171,OK,shil.cpss_one_se,shil,cpss_one_se,shil.final_development_selection_frequency,10,0.4,0.9,0.8999885190902017,0.2242096781070592,0.9687755102040816,0.4,1.0,0.5714285714285715,6,0.6,4,0.4,1.0,0.5714285714285715,6,0.6,,,False,,0.2269063233900629,0.0188581056709217,0.2457644290609847,16.0,0.9,10.0,10.0,0.8999999999999999,DESCRIPTIVE_NO_INFERENCE
S11,S11,1171,1171,OK,l1.fixed_k.k01,l1,fixed_k,l1.final_ranker_score,1,1.0,0.6767857142857143,0.6767764380993078,0.5912411081046067,0.751875,1.0,0.25,0.4,0,0.0,1,1.0,0.25,0.4,0,0.0,1.0,0.0,False,,,,,,,,,0.6666666666666666,DESCRIPTIVE_NO_INFERENCE
S11,S11,1171,1171,OK,l1.fixed_k.k02,l1,fixed_k,l1.final_ranker_score,2,1.0,0.7821428571428571,0.7820983874260052,0.4536132694257524,0.8698724489795918,1.0,0.5,0.6666666666666666,0,0.0,2,1.0,0.5,0.6666666666666666,0,0.0,2.0,0.0,False,,,,,,,,,0.7037037037037037,DESCRIPTIVE_NO_INFERENCE
S11,S11,1171,1171,OK,l1.fixed_k.k04,l1,fixed_k,l1.final_ranker_score,4,1.0,0.9,0.9,0.2235745940123244,0.969158163265306,1.0,1.0,1.0,0,0.0,4,1.0,1.0,1.0,0,0.0,4.0,0.0,False,,,,,,,,,1.0,DESCRIPTIVE_NO_INFERENCE
S11,S11,1171,1171,OK,l1.fixed_k.k08,l1,fixed_k,l1.final_ranker_score,8,1.0,0.8964285714285715,0.8964232869023929,0.2254257496287649,0.9685331632653064,0.5,1.0,0.6666666666666666,4,0.5,4,0.5,1.0,0.6666666666666666,4,0.5,8.0,0.0,False,,,,,,,,,0.4006734006734007,DESCRIPTIVE_NO_INFERENCE
S11,S11,1171,1171,OK,l1.fixed_k.k16,l1,fixed_k,l1.final_ranker_score,16,1.0,0.8875,0.8874996412616112,0.2397879118886349,0.9642602040816326,0.25,1.0,0.4,12,0.75,4,0.25,1.0,0.4,12,0.75,16.0,0.0,False,,,,,,,,,0.16637272192827746,DESCRIPTIVE_NO_INFERENCE
S11,S11,1171,1171,OK,l1.validation_one_se,l1,validation_one_se,l1.final_ranker_score,4,1.0,0.9,0.9,0.2235745940123244,0.969158163265306,1.0,1.0,1.0,0,0.0,4,1.0,1.0,1.0,0,0.0,,0.0,False,4.0,0.2239196021097957,0.0181106849310524,0.2420302870408482,,,,,1.0,DESCRIPTIVE_NO_INFERENCE
S11,S11,1171,1171,OK,l1.cpss_one_se,l1,cpss_one_se,l1.final_development_selection_frequency,4,1.0,0.9,0.9,0.2235745940123244,0.969158163265306,1.0,1.0,1.0,0,0.0,4,1.0,1.0,1.0,0,0.0,,,False,,0.2239196021097957,0.0181106849310524,0.2420302870408482,4.0,0.9,4.0,4.0,1.0,DESCRIPTIVE_NO_INFERENCE
S11,S11,1181,1181,OK,shil.fixed_k.k01,shil,fixed_k,shil.final_ranker_score,1,0.725,0.6410714285714286,0.6410428127242287,0.6180952876962772,0.7025510204081633,1.0,0.25,0.4,0,0.0,1,1.0,0.25,0.4,0,0.0,1.0,0.0,False,,,,,,,,,0.7777777777777778,DESCRIPTIVE_NO_INFERENCE
S11,S11,1181,1181,OK,shil.fixed_k.k02,shil,fixed_k,shil.final_ranker_score,2,0.725,0.7660714285714286,0.7658556514134518,0.4794025413100998,0.8517091836734694,1.0,0.5,0.6666666666666666,0,0.0,2,1.0,0.5,0.6666666666666666,0,0.0,2.0,0.0,False,,,,,,,,,0.48148148148148145,DESCRIPTIVE_NO_INFERENCE
S11,S11,1181,1181,OK,shil.fixed_k.k04,shil,fixed_k,shil.final_ranker_score,4,0.725,0.7696428571428572,0.7694303742926358,0.4790979729552333,0.8523214285714287,0.5,0.5,0.5,2,0.5,2,0.5,0.5,0.5,2,0.5,4.0,0.0,False,,,,,,,,,0.8666666666666667,DESCRIPTIVE_NO_INFERENCE
S11,S11,1181,1181,OK,shil.fixed_k.k08,shil,fixed_k,shil.final_ranker_score,8,0.725,0.8446428571428571,0.8445590895603817,0.3628804679765474,0.9196811224489796,0.375,0.75,0.5,5,0.625,3,0.375,0.75,0.5,5,0.625,8.0,0.0,False,,,,,,,,,0.925925925925926,DESCRIPTIVE_NO_INFERENCE
S11,S11,1181,1181,OK,shil.fixed_k.k16,shil,fixed_k,shil.final_ranker_score,16,0.725,0.8732142857142857,0.8731653475990417,0.2730816319017294,0.9549489795918368,0.25,1.0,0.4,12,0.75,4,0.25,1.0,0.4,12,0.75,16.0,0.0,False,,,,,,,,,0.45454545454545453,DESCRIPTIVE_NO_INFERENCE
S11,S11,1181,1181,OK,shil.validation_one_se,shil,validation_one_se,shil.final_ranker_score,16,0.725,0.8732142857142857,0.8731653475990417,0.2730816319017294,0.9549489795918368,0.25,1.0,0.4,12,0.75,4,0.25,1.0,0.4,12,0.75,,0.0,False,16.0,0.2167753842255503,0.0166834765830451,0.2334588608085955,,,,,0.47979797979797983,DESCRIPTIVE_NO_INFERENCE
S11,S11,1181,1181,OK,shil.cpss_one_se,shil,cpss_one_se,shil.final_development_selection_frequency,10,0.4,0.875,0.8749218261413383,0.2704689946659409,0.9558290816326532,0.4,1.0,0.5714285714285715,6,0.6,4,0.4,1.0,0.5714285714285715,6,0.6,,,False,,0.2177021165433984,0.0167020949278288,0.2344042114712273,16.0,0.9,10.0,10.0,0.8999999999999999,DESCRIPTIVE_NO_INFERENCE
S11,S11,1181,1181,OK,l1.fixed_k.k01,l1,fixed_k,l1.final_ranker_score,1,1.0,0.6696428571428571,0.6683473389355743,0.5818453403808138,0.7515816326530613,1.0,0.25,0.4,0,0.0,1,1.0,0.25,0.4,0,0.0,1.0,0.0,False,,,,,,,,,0.0,DESCRIPTIVE_NO_INFERENCE
S11,S11,1181,1181,OK,l1.fixed_k.k02,l1,fixed_k,l1.final_ranker_score,2,1.0,0.7660714285714286,0.7658556514134518,0.4794025413100998,0.8517091836734694,1.0,0.5,0.6666666666666666,0,0.0,2,1.0,0.5,0.6666666666666666,0,0.0,2.0,0.0,False,,,,,,,,,0.7037037037037037,DESCRIPTIVE_NO_INFERENCE
S11,S11,1181,1181,OK,l1.fixed_k.k04,l1,fixed_k,l1.final_ranker_score,4,1.0,0.8767857142857143,0.87676645904494,0.2664479826707404,0.9565433673469388,1.0,1.0,1.0,0,0.0,4,1.0,1.0,1.0,0,0.0,4.0,0.0,False,,,,,,,,,1.0,DESCRIPTIVE_NO_INFERENCE
S11,S11,1181,1181,OK,l1.fixed_k.k08,l1,fixed_k,l1.final_ranker_score,8,1.0,0.8714285714285714,0.8714138102588307,0.2748480427315689,0.9549489795918368,0.5,1.0,0.6666666666666666,4,0.5,4,0.5,1.0,0.6666666666666666,4,0.5,8.0,0.0,False,,,,,,,,,0.4303030303030303,DESCRIPTIVE_NO_INFERENCE
S11,S11,1181,1181,OK,l1.fixed_k.k16,l1,fixed_k,l1.final_ranker_score,16,1.0,0.8714285714285714,0.8713875598086125,0.2908566364632859,0.9498469387755102,0.25,1.0,0.4,12,0.75,4,0.25,1.0,0.4,12,0.75,16.0,0.0,False,,,,,,,,,0.17614073169628724,DESCRIPTIVE_NO_INFERENCE
S11,S11,1181,1181,OK,l1.validation_one_se,l1,validation_one_se,l1.final_ranker_score,4,1.0,0.8767857142857143,0.87676645904494,0.2664479826707404,0.9565433673469388,1.0,1.0,1.0,0,0.0,4,1.0,1.0,1.0,0,0.0,,0.0,False,4.0,0.2121317812657385,0.0155559171331037,0.2276876983988422,,,,,1.0,DESCRIPTIVE_NO_INFERENCE
S11,S11,1181,1181,OK,l1.cpss_one_se,l1,cpss_one_se,l1.final_development_selection_frequency,4,1.0,0.8767857142857143,0.87676645904494,0.2664479826707404,0.9565433673469388,1.0,1.0,1.0,0,0.0,4,1.0,1.0,1.0,0,0.0,,,False,,0.2121317812657385,0.0155559171331037,0.2276876983988422,4.0,0.9,4.0,4.0,1.0,DESCRIPTIVE_NO_INFERENCE
S11,S11,1201,1201,OK,shil.fixed_k.k01,shil,fixed_k,shil.final_ranker_score,1,0.6,0.6535714285714286,0.6534609250398724,0.5787198018235151,0.7428826530612246,1.0,0.25,0.4,0,0.0,1,1.0,0.25,0.4,0,0.0,1.0,0.0,False,,,,,,,,,0.7777777777777778,DESCRIPTIVE_NO_INFERENCE
S11,S11,1201,1201,OK,shil.fixed_k.k02,shil,fixed_k,shil.final_ranker_score,2,0.6,0.6535714285714286,0.6535316554196273,0.5788701457523104,0.7427295918367347,0.5,0.25,0.3333333333333333,1,0.5,1,0.5,0.25,0.3333333333333333,1,0.5,2.0,0.0,False,,,,,,,,,0.3333333333333333,DESCRIPTIVE_NO_INFERENCE
S11,S11,1201,1201,OK,shil.fixed_k.k04,shil,fixed_k,shil.final_ranker_score,4,0.6,0.75,0.7499712977255042,0.4871908071033776,0.8392602040816326,0.5,0.5,0.5,2,0.5,2,0.5,0.5,0.5,2,0.5,4.0,0.0,False,,,,,,,,,0.8666666666666667,DESCRIPTIVE_NO_INFERENCE
S11,S11,1201,1201,OK,shil.fixed_k.k08,shil,fixed_k,shil.final_ranker_score,8,0.6,0.8196428571428571,0.819642282022583,0.3676188541523566,0.9130102040816326,0.375,0.75,0.5,5,0.625,3,0.375,0.75,0.5,5,0.625,8.0,0.0,False,,,,,,,,,0.925925925925926,DESCRIPTIVE_NO_INFERENCE
S11,S11,1201,1201,OK,shil.fixed_k.k16,shil,fixed_k,shil.final_ranker_score,16,0.6,0.8839285714285714,0.8838837689287002,0.2400486582876739,0.9629591836734694,0.25,1.0,0.4,12,0.75,4,0.25,1.0,0.4,12,0.75,16.0,0.0,False,,,,,,,,,0.45454545454545453,DESCRIPTIVE_NO_INFERENCE
S11,S11,1201,1201,OK,shil.validation_one_se,shil,validation_one_se,shil.final_ranker_score,16,0.6,0.8839285714285714,0.8838837689287002,0.2400486582876739,0.9629591836734694,0.25,1.0,0.4,12,0.75,4,0.25,1.0,0.4,12,0.75,,0.0,False,16.0,0.2450291986598896,0.0199882340254866,0.2650174326853762,,,,,0.47979797979797983,DESCRIPTIVE_NO_INFERENCE
S11,S11,1201,1201,OK,shil.cpss_one_se,shil,cpss_one_se,shil.final_development_selection_frequency,10,0.4,0.8928571428571429,0.8928352725045927,0.2332162903568445,0.965829081632653,0.4,1.0,0.5714285714285715,6,0.6,4,0.4,1.0,0.5714285714285715,6,0.6,,,False,,0.2480730627423024,0.020651522318686,0.2687245850609885,16.0,0.9,10.0,10.0,0.8999999999999999,DESCRIPTIVE_NO_INFERENCE
S11,S11,1201,1201,OK,l1.fixed_k.k01,l1,fixed_k,l1.final_ranker_score,1,1.0,0.6535714285714286,0.6534609250398724,0.5787198018235151,0.7428826530612246,1.0,0.25,0.4,0,0.0,1,1.0,0.25,0.4,0,0.0,1.0,0.0,False,,,,,,,,,0.6666666666666666,DESCRIPTIVE_NO_INFERENCE
S11,S11,1201,1201,OK,l1.fixed_k.k02,l1,fixed_k,l1.final_ranker_score,2,1.0,0.7589285714285714,0.7589278027034525,0.4897820433580513,0.8365433673469387,1.0,0.5,0.6666666666666666,0,0.0,2,1.0,0.5,0.6666666666666666,0,0.0,2.0,0.0,False,,,,,,,,,0.48148148148148145,DESCRIPTIVE_NO_INFERENCE
S11,S11,1201,1201,OK,l1.fixed_k.k04,l1,fixed_k,l1.final_ranker_score,4,1.0,0.8910714285714286,0.8910432860528389,0.2313591264068757,0.9669132653061224,1.0,1.0,1.0,0,0.0,4,1.0,1.0,1.0,0,0.0,4.0,0.0,False,,,,,,,,,1.0,DESCRIPTIVE_NO_INFERENCE
S11,S11,1201,1201,OK,l1.fixed_k.k08,l1,fixed_k,l1.final_ranker_score,8,1.0,0.8928571428571429,0.8928571428571429,0.2383656205819531,0.9641326530612244,0.5,1.0,0.6666666666666666,4,0.5,4,0.5,1.0,0.6666666666666666,4,0.5,8.0,0.0,False,,,,,,,,,0.3333333333333333,DESCRIPTIVE_NO_INFERENCE
S11,S11,1201,1201,OK,l1.fixed_k.k16,l1,fixed_k,l1.final_ranker_score,16,1.0,0.8714285714285714,0.8714269314659626,0.2423270775217579,0.9621938775510204,0.25,1.0,0.4,12,0.75,4,0.25,1.0,0.4,12,0.75,16.0,0.0,False,,,,,,,,,0.14285714285714285,DESCRIPTIVE_NO_INFERENCE
S11,S11,1201,1201,OK,l1.validation_one_se,l1,validation_one_se,l1.final_ranker_score,4,1.0,0.8910714285714286,0.8910432860528389,0.2313591264068757,0.9669132653061224,1.0,1.0,1.0,0,0.0,4,1.0,1.0,1.0,0,0.0,,0.0,False,4.0,0.2475004954568531,0.0201989752474599,0.2676994707043131,,,,,1.0,DESCRIPTIVE_NO_INFERENCE
S11,S11,1201,1201,OK,l1.cpss_one_se,l1,cpss_one_se,l1.final_development_selection_frequency,4,1.0,0.8910714285714286,0.8910432860528389,0.2313591264068758,0.9669132653061224,1.0,1.0,1.0,0,0.0,4,1.0,1.0,1.0,0,0.0,,,False,,0.2475004954568531,0.0201989752474599,0.2676994707043131,4.0,0.9,4.0,4.0,1.0,DESCRIPTIVE_NO_INFERENCE
S11,S11,1213,1213,OK,shil.fixed_k.k01,shil,fixed_k,shil.final_ranker_score,1,0.5571428571428572,0.6607142857142857,0.6606753326274699,0.6034820390357213,0.7261734693877551,1.0,0.25,0.4,0,0.0,1,1.0,0.25,0.4,0,0.0,1.0,0.0,False,,,,,,,,,0.7777777777777778,DESCRIPTIVE_NO_INFERENCE
S11,S11,1213,1213,OK,shil.fixed_k.k02,shil,fixed_k,shil.final_ranker_score,2,0.5571428571428572,0.6696428571428571,0.6696418037047313,0.6029247904993427,0.7276275510204082,0.5,0.25,0.3333333333333333,1,0.5,1,0.5,0.25,0.3333333333333333,1,0.5,2.0,0.0,False,,,,,,,,,0.7037037037037037,DESCRIPTIVE_NO_INFERENCE
S11,S11,1213,1213,OK,shil.fixed_k.k04,shil,fixed_k,shil.final_ranker_score,4,0.5571428571428572,0.6678571428571428,0.6678401959283637,0.6032235983695147,0.7276913265306124,0.25,0.25,0.25,3,0.75,1,0.25,0.25,0.25,3,0.75,4.0,0.0,False,,,,,,,,,0.6888888888888888,DESCRIPTIVE_NO_INFERENCE
S11,S11,1213,1213,OK,shil.fixed_k.k08,shil,fixed_k,shil.final_ranker_score,8,0.5571428571428572,0.8267857142857142,0.8267807430697947,0.3813389672035226,0.9096301020408164,0.375,0.75,0.5,5,0.625,3,0.375,0.75,0.5,5,0.625,8.0,0.0,False,,,,,,,,,0.7580246913580246,DESCRIPTIVE_NO_INFERENCE
S11,S11,1213,1213,OK,shil.fixed_k.k16,shil,fixed_k,shil.final_ranker_score,16,0.5571428571428572,0.8875,0.8874824191279886,0.2478263033722357,0.9624234693877552,0.25,1.0,0.4,12,0.75,4,0.25,1.0,0.4,12,0.75,16.0,0.0,False,,,,,,,,,0.45454545454545453,DESCRIPTIVE_NO_INFERENCE
S11,S11,1213,1213,OK,shil.validation_one_se,shil,validation_one_se,shil.final_ranker_score,8,0.5571428571428572,0.8267857142857142,0.8267807430697947,0.3813389672035226,0.9096301020408164,0.375,0.75,0.5,5,0.625,3,0.375,0.75,0.5,5,0.625,,0.0,False,8.0,0.25727245947403,0.0210443451924797,0.2741095393227548,,,,,0.6037037037037036,DESCRIPTIVE_NO_INFERENCE
S11,S11,1213,1213,OK,shil.cpss_one_se,shil,cpss_one_se,shil.final_development_selection_frequency,10,0.4,0.8892857142857142,0.8892730032784375,0.2452780121918269,0.9625510204081632,0.4,1.0,0.5714285714285715,6,0.6,4,0.4,1.0,0.5714285714285715,6,0.6,,,False,,0.2569229100827463,0.0209867404313103,0.2779096505140567,16.0,0.9,10.0,10.0,0.8999999999999999,DESCRIPTIVE_NO_INFERENCE
S11,S11,1213,1213,OK,l1.fixed_k.k01,l1,fixed_k,l1.final_ranker_score,1,1.0,0.6607142857142857,0.6606753326274699,0.6034820390357213,0.7261734693877551,1.0,0.25,0.4,0,0.0,1,1.0,0.25,0.4,0,0.0,1.0,0.0,False,,,,,,,,,0.6666666666666666,DESCRIPTIVE_NO_INFERENCE
S11,S11,1213,1213,OK,l1.fixed_k.k02,l1,fixed_k,l1.final_ranker_score,2,1.0,0.7392857142857143,0.7392557819137402,0.5104037429636901,0.8289795918367346,1.0,0.5,0.6666666666666666,0,0.0,2,1.0,0.5,0.6666666666666666,0,0.0,2.0,0.0,False,,,,,,,,,0.7037037037037037,DESCRIPTIVE_NO_INFERENCE
S11,S11,1213,1213,OK,l1.fixed_k.k04,l1,fixed_k,l1.final_ranker_score,4,1.0,0.8857142857142857,0.8857084545129854,0.2490130896305303,0.961454081632653,1.0,1.0,1.0,0,0.0,4,1.0,1.0,1.0,0,0.0,4.0,0.0,False,,,,,,,,,1.0,DESCRIPTIVE_NO_INFERENCE
S11,S11,1213,1213,OK,l1.fixed_k.k08,l1,fixed_k,l1.final_ranker_score,8,1.0,0.8821428571428571,0.8821368437165161,0.2471275416697331,0.962002551020408,0.5,1.0,0.6666666666666666,4,0.5,4,0.5,1.0,0.6666666666666666,4,0.5,8.0,0.0,False,,,,,,,,,0.4006734006734007,DESCRIPTIVE_NO_INFERENCE
S11,S11,1213,1213,OK,l1.fixed_k.k16,l1,fixed_k,l1.final_ranker_score,16,1.0,0.8803571428571428,0.8803476042414096,0.2478341728593136,0.9621938775510204,0.25,1.0,0.4,12,0.75,4,0.25,1.0,0.4,12,0.75,16.0,0.0,False,,,,,,,,,0.16637272192827746,DESCRIPTIVE_NO_INFERENCE
S11,S11,1213,1213,OK,l1.validation_one_se,l1,validation_one_se,l1.final_ranker_score,4,1.0,0.8857142857142857,0.8857084545129854,0.2490130896305303,0.961454081632653,1.0,1.0,1.0,0,0.0,4,1.0,1.0,1.0,0,0.0,,0.0,False,4.0,0.2547256825155831,0.0203113907447001,0.2750370732602832,,,,,1.0,DESCRIPTIVE_NO_INFERENCE
S11,S11,1213,1213,OK,l1.cpss_one_se,l1,cpss_one_se,l1.final_development_selection_frequency,4,1.0,0.8857142857142857,0.8857084545129854,0.2490130896305303,0.961454081632653,1.0,1.0,1.0,0,0.0,4,1.0,1.0,1.0,0,0.0,,,False,,0.2547256825155831,0.0203113907447001,0.2750370732602832,4.0,0.9,4.0,4.0,1.0,DESCRIPTIVE_NO_INFERENCE
S11,S11,1231,1231,OK,shil.fixed_k.k01,shil,fixed_k,shil.final_ranker_score,1,0.7361111111111112,0.6571428571428571,0.6561560601215222,0.6106614231559229,0.7134311224489795,1.0,0.25,0.4,0,0.0,1,1.0,0.25,0.4,0,0.0,1.0,0.0,False,,,,,,,,,0.1111111111111111,DESCRIPTIVE_NO_INFERENCE
S11,S11,1231,1231,OK,shil.fixed_k.k02,shil,fixed_k,shil.final_ranker_score,2,0.7361111111111112,0.7303571428571428,0.7299015239354651,0.4827208354879322,0.8398724489795919,1.0,0.5,0.6666666666666666,0,0.0,2,1.0,0.5,0.6666666666666666,0,0.0,2.0,0.0,False,,,,,,,,,0.48148148148148145,DESCRIPTIVE_NO_INFERENCE
S11,S11,1231,1231,OK,shil.fixed_k.k04,shil,fixed_k,shil.final_ranker_score,4,0.7361111111111112,0.7285714285714285,0.7281518670396914,0.4828737303825011,0.8399744897959184,0.5,0.5,0.5,2,0.5,2,0.5,0.5,0.5,2,0.5,4.0,0.0,False,,,,,,,,,0.8666666666666667,DESCRIPTIVE_NO_INFERENCE
S11,S11,1231,1231,OK,shil.fixed_k.k08,shil,fixed_k,shil.final_ranker_score,8,0.7361111111111112,0.8339285714285715,0.8339238052112465,0.3599230703317271,0.9183673469387756,0.375,0.75,0.5,5,0.625,3,0.375,0.75,0.5,5,0.625,8.0,0.0,False,,,,,,,,,0.925925925925926,DESCRIPTIVE_NO_INFERENCE
S11,S11,1231,1231,OK,shil.fixed_k.k16,shil,fixed_k,shil.final_ranker_score,16,0.7361111111111112,0.8875,0.8873962293057058,0.2376993871246868,0.9655229591836736,0.25,1.0,0.4,12,0.75,4,0.25,1.0,0.4,12,0.75,16.0,0.0,False,,,,,,,,,0.45454545454545453,DESCRIPTIVE_NO_INFERENCE
S11,S11,1231,1231,OK,shil.validation_one_se,shil,validation_one_se,shil.final_ranker_score,8,0.7361111111111112,0.8339285714285715,0.8339238052112465,0.3599230703317271,0.9183673469387756,0.375,0.75,0.5,5,0.625,3,0.375,0.75,0.5,5,0.625,,0.0,False,8.0,0.2182714369571048,0.0180277404649336,0.2362991774220384,,,,,0.6481481481481481,DESCRIPTIVE_NO_INFERENCE
S11,S11,1231,1231,OK,shil.cpss_one_se,shil,cpss_one_se,shil.final_development_selection_frequency,7,0.575,0.8357142857142857,0.8357059033624165,0.3601912013215904,0.9182397959183676,0.4285714285714285,0.75,0.5454545454545454,4,0.5714285714285714,3,0.4285714285714285,0.75,0.5454545454545454,4,0.5714285714285714,,,False,,0.2182714369571048,0.0180277404649336,0.2362991774220384,8.0,0.7,8.0,7.0,0.7388888888888888,DESCRIPTIVE_NO_INFERENCE
S11,S11,1231,1231,OK,l1.fixed_k.k01,l1,fixed_k,l1.final_ranker_score,1,1.0,0.6660714285714285,0.6660448058678148,0.6017597856145647,0.7276275510204081,1.0,0.25,0.4,0,0.0,1,1.0,0.25,0.4,0,0.0,1.0,0.0,False,,,,,,,,,0.6666666666666666,DESCRIPTIVE_NO_INFERENCE
S11,S11,1231,1231,OK,l1.fixed_k.k02,l1,fixed_k,l1.final_ranker_score,2,1.0,0.7303571428571428,0.7299015239354651,0.4827208354879322,0.8398724489795919,1.0,0.5,0.6666666666666666,0,0.0,2,1.0,0.5,0.6666666666666666,0,0.0,2.0,0.0,False,,,,,,,,,0.7037037037037037,DESCRIPTIVE_NO_INFERENCE
S11,S11,1231,1231,OK,l1.fixed_k.k04,l1,fixed_k,l1.final_ranker_score,4,1.0,0.8964285714285715,0.896343954248366,0.2332504162454522,0.9669260204081632,1.0,1.0,1.0,0,0.0,4,1.0,1.0,1.0,0,0.0,4.0,0.0,False,,,,,,,,,1.0,DESCRIPTIVE_NO_INFERENCE
S11,S11,1231,1231,OK,l1.fixed_k.k08,l1,fixed_k,l1.final_ranker_score,8,1.0,0.9017857142857144,0.9017327577680574,0.2369553174937272,0.9657270408163264,0.5,1.0,0.6666666666666666,4,0.5,4,0.5,1.0,0.6666666666666666,4,0.5,8.0,0.0,False,,,,,,,,,0.4006734006734007,DESCRIPTIVE_NO_INFERENCE
S11,S11,1231,1231,OK,l1.fixed_k.k16,l1,fixed_k,l1.final_ranker_score,16,1.0,0.8821428571428571,0.8820887142055025,0.2441488754738413,0.9641326530612244,0.25,1.0,0.4,12,0.75,4,0.25,1.0,0.4,12,0.75,16.0,0.0,False,,,,,,,,,0.16637272192827746,DESCRIPTIVE_NO_INFERENCE
S11,S11,1231,1231,OK,l1.validation_one_se,l1,validation_one_se,l1.final_ranker_score,4,1.0,0.8964285714285715,0.896343954248366,0.2332504162454522,0.9669260204081632,1.0,1.0,1.0,0,0.0,4,1.0,1.0,1.0,0,0.0,,0.0,False,4.0,0.2194261514499729,0.0179871513092707,0.2374133027592437,,,,,1.0,DESCRIPTIVE_NO_INFERENCE
S11,S11,1231,1231,OK,l1.cpss_one_se,l1,cpss_one_se,l1.final_development_selection_frequency,4,1.0,0.8964285714285715,0.896343954248366,0.2332504162454522,0.9669260204081632,1.0,1.0,1.0,0,0.0,4,1.0,1.0,1.0,0,0.0,,,False,,0.2194261514499729,0.0179871513092708,0.2374133027592437,4.0,0.9,4.0,4.0,1.0,DESCRIPTIVE_NO_INFERENCE
S11,S11,1249,1249,OK,shil.fixed_k.k01,shil,fixed_k,shil.final_ranker_score,1,0.6416666666666666,0.675,0.6749336599305981,0.5795056254535806,0.7521811224489796,1.0,0.25,0.4,0,0.0,1,1.0,0.25,0.4,0,0.0,1.0,0.0,False,,,,,,,,,0.7777777777777778,DESCRIPTIVE_NO_INFERENCE
S11,S11,1249,1249,OK,shil.fixed_k.k02,shil,fixed_k,shil.final_ranker_score,2,0.6416666666666666,0.6767857142857143,0.6767022094354728,0.5797619856217551,0.7515816326530611,0.5,0.25,0.3333333333333333,1,0.5,1,0.5,0.25,0.3333333333333333,1,0.5,2.0,0.0,False,,,,,,,,,0.7037037037037037,DESCRIPTIVE_NO_INFERENCE
S11,S11,1249,1249,OK,shil.fixed_k.k04,shil,fixed_k,shil.final_ranker_score,4,0.6416666666666666,0.7857142857142857,0.7857033522118475,0.4421313362934944,0.8747321428571428,0.5,0.5,0.5,2,0.5,2,0.5,0.5,0.5,2,0.5,4.0,0.0,False,,,,,,,,,0.8666666666666667,DESCRIPTIVE_NO_INFERENCE
S11,S11,1249,1249,OK,shil.fixed_k.k08,shil,fixed_k,shil.final_ranker_score,8,0.6416666666666666,0.8464285714285714,0.8464285714285714,0.3714425588734977,0.9198979591836732,0.375,0.75,0.5,5,0.625,3,0.375,0.75,0.5,5,0.625,8.0,0.0,False,,,,,,,,,0.925925925925926,DESCRIPTIVE_NO_INFERENCE
S11,S11,1249,1249,OK,shil.fixed_k.k16,shil,fixed_k,shil.final_ranker_score,16,0.6416666666666666,0.8785714285714286,0.8785574874666735,0.2535931887889283,0.9616198979591836,0.25,1.0,0.4,12,0.75,4,0.25,1.0,0.4,12,0.75,16.0,0.0,False,,,,,,,,,0.45454545454545453,DESCRIPTIVE_NO_INFERENCE
S11,S11,1249,1249,OK,shil.validation_one_se,shil,validation_one_se,shil.final_ranker_score,16,0.6416666666666666,0.8785714285714286,0.8785574874666735,0.2535931887889283,0.9616198979591836,0.25,1.0,0.4,12,0.75,4,0.25,1.0,0.4,12,0.75,,0.0,False,16.0,0.2224069029665195,0.0184812828936065,0.240888185860126,,,,,0.47979797979797983,DESCRIPTIVE_NO_INFERENCE
S11,S11,1249,1249,OK,shil.cpss_one_se,shil,cpss_one_se,shil.final_development_selection_frequency,10,0.4,0.8839285714285714,0.8838985834989268,0.2563787351809319,0.9609566326530612,0.4,1.0,0.5714285714285715,6,0.6,4,0.4,1.0,0.5714285714285715,6,0.6,,,False,,0.2161604016644573,0.0176090997839623,0.2337695014484197,16.0,0.9,10.0,10.0,0.8999999999999999,DESCRIPTIVE_NO_INFERENCE
S11,S11,1249,1249,OK,l1.fixed_k.k01,l1,fixed_k,l1.final_ranker_score,1,1.0,0.675,0.6749336599305981,0.5795056254535806,0.7521811224489796,1.0,0.25,0.4,0,0.0,1,1.0,0.25,0.4,0,0.0,1.0,0.0,False,,,,,,,,,0.6666666666666666,DESCRIPTIVE_NO_INFERENCE
S11,S11,1249,1249,OK,l1.fixed_k.k02,l1,fixed_k,l1.final_ranker_score,2,1.0,0.7892857142857143,0.7892749630083167,0.4407165758730871,0.8763647959183674,1.0,0.5,0.6666666666666666,0,0.0,2,1.0,0.5,0.6666666666666666,0,0.0,2.0,0.0,False,,,,,,,,,0.7037037037037037,DESCRIPTIVE_NO_INFERENCE
S11,S11,1249,1249,OK,l1.fixed_k.k04,l1,fixed_k,l1.final_ranker_score,4,1.0,0.8803571428571428,0.8803109618188141,0.2498046818732849,0.9624107142857142,1.0,1.0,1.0,0,0.0,4,1.0,1.0,1.0,0,0.0,4.0,0.0,False,,,,,,,,,1.0,DESCRIPTIVE_NO_INFERENCE
S11,S11,1249,1249,OK,l1.fixed_k.k08,l1,fixed_k,l1.final_ranker_score,8,1.0,0.8875,0.8874824191279886,0.2604742128098784,0.9595918367346938,0.5,1.0,0.6666666666666666,4,0.5,4,0.5,1.0,0.6666666666666666,4,0.5,8.0,0.0,False,,,,,,,,,0.42760942760942755,DESCRIPTIVE_NO_INFERENCE
S11,S11,1249,1249,OK,l1.fixed_k.k16,l1,fixed_k,l1.final_ranker_score,16,1.0,0.8857142857142857,0.8857128279697446,0.2674089372538816,0.9578188775510204,0.25,1.0,0.4,12,0.75,4,0.25,1.0,0.4,12,0.75,16.0,0.0,False,,,,,,,,,0.17577895355673132,DESCRIPTIVE_NO_INFERENCE
S11,S11,1249,1249,OK,l1.validation_one_se,l1,validation_one_se,l1.final_ranker_score,4,1.0,0.8803571428571428,0.8803109618188141,0.2498046818732849,0.9624107142857142,1.0,1.0,1.0,0,0.0,4,1.0,1.0,1.0,0,0.0,,0.0,False,4.0,0.2171682318009277,0.017226202368383,0.2343944341693108,,,,,1.0,DESCRIPTIVE_NO_INFERENCE
S11,S11,1249,1249,OK,l1.cpss_one_se,l1,cpss_one_se,l1.final_development_selection_frequency,4,1.0,0.8803571428571428,0.8803109618188141,0.2498046818732849,0.9624107142857142,1.0,1.0,1.0,0,0.0,4,1.0,1.0,1.0,0,0.0,,,False,,0.2171682318009277,0.017226202368383,0.2344601724647862,4.0,0.9,4.0,4.0,1.0,DESCRIPTIVE_NO_INFERENCE
S11,S11,1277,1277,OK,shil.fixed_k.k01,shil,fixed_k,shil.final_ranker_score,1,0.6428571428571428,0.6732142857142858,0.6729128565546694,0.5818091043130348,0.7526530612244898,1.0,0.25,0.4,0,0.0,1,1.0,0.25,0.4,0,0.0,1.0,0.0,False,,,,,,,,,0.7777777777777778,DESCRIPTIVE_NO_INFERENCE
S11,S11,1277,1277,OK,shil.fixed_k.k02,shil,fixed_k,shil.final_ranker_score,2,0.6428571428571428,0.6714285714285714,0.6712230858572321,0.5805161746486287,0.7541964285714284,0.5,0.25,0.3333333333333333,1,0.5,1,0.5,0.25,0.3333333333333333,1,0.5,2.0,0.0,False,,,,,,,,,0.7037037037037037,DESCRIPTIVE_NO_INFERENCE
S11,S11,1277,1277,OK,shil.fixed_k.k04,shil,fixed_k,shil.final_ranker_score,4,0.6428571428571428,0.775,0.7748966362105048,0.4409679351869198,0.8728061224489796,0.5,0.5,0.5,2,0.5,2,0.5,0.5,0.5,2,0.5,4.0,0.0,False,,,,,,,,,0.8666666666666667,DESCRIPTIVE_NO_INFERENCE
S11,S11,1277,1277,OK,shil.fixed_k.k08,shil,fixed_k,shil.final_ranker_score,8,0.6428571428571428,0.9142857142857144,0.9142682180036742,0.2080623161844285,0.9741964285714286,0.5,1.0,0.6666666666666666,4,0.5,4,0.5,1.0,0.6666666666666666,4,0.5,8.0,0.0,False,,,,,,,,,0.7777777777777778,DESCRIPTIVE_NO_INFERENCE
S11,S11,1277,1277,OK,shil.fixed_k.k16,shil,fixed_k,shil.final_ranker_score,16,0.6428571428571428,0.9125,0.9124930239974488,0.2102995205899012,0.9734566326530611,0.25,1.0,0.4,12,0.75,4,0.25,1.0,0.4,12,0.75,16.0,0.0,False,,,,,,,,,0.45454545454545453,DESCRIPTIVE_NO_INFERENCE
S11,S11,1277,1277,OK,shil.validation_one_se,shil,validation_one_se,shil.final_ranker_score,8,0.6428571428571428,0.9142857142857144,0.9142682180036742,0.2080623161844285,0.9741964285714286,0.5,1.0,0.6666666666666666,4,0.5,4,0.5,1.0,0.6666666666666666,4,0.5,,0.0,False,8.0,0.287417020485462,0.0231778391912014,0.3105948596766635,,,,,0.6234567901234568,DESCRIPTIVE_NO_INFERENCE
S11,S11,1277,1277,OK,shil.cpss_one_se,shil,cpss_one_se,shil.final_development_selection_frequency,7,0.5,0.8517857142857143,0.8517625521844931,0.3323878634412914,0.9320790816326532,0.4285714285714285,0.75,0.5454545454545454,4,0.5714285714285714,3,0.4285714285714285,0.75,0.5454545454545454,4,0.5714285714285714,,,False,,0.287417020485462,0.0231778391912014,0.3105948596766635,8.0,0.8,8.0,7.0,0.7388888888888888,DESCRIPTIVE_NO_INFERENCE
S11,S11,1277,1277,OK,l1.fixed_k.k01,l1,fixed_k,l1.final_ranker_score,1,1.0,0.6732142857142858,0.6729128565546694,0.5818091043130348,0.7526530612244898,1.0,0.25,0.4,0,0.0,1,1.0,0.25,0.4,0,0.0,1.0,0.0,False,,,,,,,,,0.6666666666666666,DESCRIPTIVE_NO_INFERENCE
S11,S11,1277,1277,OK,l1.fixed_k.k02,l1,fixed_k,l1.final_ranker_score,2,1.0,0.7732142857142857,0.7731556939132875,0.4417152189423327,0.8719897959183673,1.0,0.5,0.6666666666666666,0,0.0,2,1.0,0.5,0.6666666666666666,0,0.0,2.0,0.0,False,,,,,,,,,0.7037037037037037,DESCRIPTIVE_NO_INFERENCE
S11,S11,1277,1277,OK,l1.fixed_k.k04,l1,fixed_k,l1.final_ranker_score,4,1.0,0.9214285714285714,0.92141955071373,0.2034465204739498,0.9753826530612244,1.0,1.0,1.0,0,0.0,4,1.0,1.0,1.0,0,0.0,4.0,0.0,False,,,,,,,,,1.0,DESCRIPTIVE_NO_INFERENCE
S11,S11,1277,1277,OK,l1.fixed_k.k08,l1,fixed_k,l1.final_ranker_score,8,1.0,0.9160714285714284,0.9160497449915316,0.2118394338095446,0.9727423469387756,0.5,1.0,0.6666666666666666,4,0.5,4,0.5,1.0,0.6666666666666666,4,0.5,8.0,0.0,False,,,,,,,,,0.4303030303030303,DESCRIPTIVE_NO_INFERENCE
S11,S11,1277,1277,OK,l1.fixed_k.k16,l1,fixed_k,l1.final_ranker_score,16,1.0,0.9089285714285714,0.9088794662940168,0.2175750478860278,0.9710841836734694,0.25,1.0,0.4,12,0.75,4,0.25,1.0,0.4,12,0.75,16.0,0.0,False,,,,,,,,,0.17614073169628724,DESCRIPTIVE_NO_INFERENCE
S11,S11,1277,1277,OK,l1.validation_one_se,l1,validation_one_se,l1.final_ranker_score,4,1.0,0.9214285714285714,0.92141955071373,0.2034465204739498,0.9753826530612244,1.0,1.0,1.0,0,0.0,4,1.0,1.0,1.0,0,0.0,,0.0,False,4.0,0.2882868202338262,0.0231627649435113,0.3114495851773375,,,,,1.0,DESCRIPTIVE_NO_INFERENCE
S11,S11,1277,1277,OK,l1.cpss_one_se,l1,cpss_one_se,l1.final_development_selection_frequency,4,1.0,0.9214285714285714,0.92141955071373,0.2034465204739498,0.9753826530612244,1.0,1.0,1.0,0,0.0,4,1.0,1.0,1.0,0,0.0,,,False,,0.2882868202338261,0.0231627649435113,0.3114495851773375,4.0,0.9,4.0,4.0,1.0,DESCRIPTIVE_NO_INFERENCE
S12,S12,1103,1103,OK,shil.fixed_k.k01,shil,fixed_k,shil.final_ranker_score,1,1.0,0.7553571428571428,0.6521817975745212,0.5232217217166016,0.7375334062196308,1.0,0.25,0.4,0,0.0,1,1.0,0.25,0.4,0,0.0,1.0,0.0,False,,,,,,,,,0.8888888888888888,DESCRIPTIVE_NO_INFERENCE
S12,S12,1103,1103,OK,shil.fixed_k.k02,shil,fixed_k,shil.final_ranker_score,2,1.0,0.8017857142857143,0.7411714738985422,0.4392852586532335,0.8406675170068026,1.0,0.5,0.6666666666666666,0,0.0,2,1.0,0.5,0.6666666666666666,0,0.0,2.0,0.0,False,,,,,,,,,0.8518518518518517,DESCRIPTIVE_NO_INFERENCE
S12,S12,1103,1103,OK,shil.fixed_k.k04,shil,fixed_k,shil.final_ranker_score,4,1.0,0.9125,0.8930126832996074,0.1958561687919507,0.971604713313897,1.0,1.0,1.0,0,0.0,4,1.0,1.0,1.0,0,0.0,4.0,0.0,False,,,,,,,,,1.0,DESCRIPTIVE_NO_INFERENCE
S12,S12,1103,1103,OK,shil.fixed_k.k08,shil,fixed_k,shil.final_ranker_score,8,1.0,0.9107142857142856,0.890625,0.1957546354000392,0.9715895286686104,0.5,1.0,0.6666666666666666,4,0.5,4,0.5,1.0,0.6666666666666666,4,0.5,8.0,0.0,False,,,,,,,,,0.3333333333333333,DESCRIPTIVE_NO_INFERENCE
S12,S12,1103,1103,OK,shil.fixed_k.k16,shil,fixed_k,shil.final_ranker_score,16,1.0,0.9107142857142856,0.8914324709969601,0.199361786566402,0.970875850340136,0.25,1.0,0.4,12,0.75,4,0.25,1.0,0.4,12,0.75,16.0,0.0,False,,,,,,,,,0.14756025867136977,DESCRIPTIVE_NO_INFERENCE
S12,S12,1103,1103,OK,shil.validation_one_se,shil,validation_one_se,shil.final_ranker_score,4,1.0,0.9125,0.8930126832996074,0.1958561687919507,0.971604713313897,1.0,1.0,1.0,0,0.0,4,1.0,1.0,1.0,0,0.0,,0.0,False,4.0,0.2173420501390834,0.0216161020022045,0.2389581521412879,,,,,1.0,DESCRIPTIVE_NO_INFERENCE
S12,S12,1103,1103,OK,shil.cpss_one_se,shil,cpss_one_se,shil.final_development_selection_frequency,4,1.0,0.9125,0.8930126832996074,0.1958561687919507,0.971604713313897,1.0,1.0,1.0,0,0.0,4,1.0,1.0,1.0,0,0.0,,,False,,0.2173420501390834,0.0216161020022045,0.2389581521412879,4.0,0.9,4.0,4.0,1.0,DESCRIPTIVE_NO_INFERENCE
S12,S12,1103,1103,OK,l1.fixed_k.k01,l1,fixed_k,l1.final_ranker_score,1,1.0,0.7357142857142858,0.5842613214550854,0.5369145742828509,0.6978407434402333,1.0,0.25,0.4,0,0.0,1,1.0,0.25,0.4,0,0.0,1.0,0.0,False,,,,,,,,,0.0,DESCRIPTIVE_NO_INFERENCE
S12,S12,1103,1103,OK,l1.fixed_k.k02,l1,fixed_k,l1.final_ranker_score,2,1.0,0.8160714285714286,0.7598257820860347,0.4240592290558785,0.8415785957240038,1.0,0.5,0.6666666666666666,0,0.0,2,1.0,0.5,0.6666666666666666,0,0.0,2.0,0.0,False,,,,,,,,,0.7777777777777778,DESCRIPTIVE_NO_INFERENCE
S12,S12,1103,1103,OK,l1.fixed_k.k04,l1,fixed_k,l1.final_ranker_score,4,1.0,0.9125,0.8930126832996074,0.1958561687919507,0.971604713313897,1.0,1.0,1.0,0,0.0,4,1.0,1.0,1.0,0,0.0,4.0,0.0,False,,,,,,,,,1.0,DESCRIPTIVE_NO_INFERENCE
S12,S12,1103,1103,OK,l1.fixed_k.k08,l1,fixed_k,l1.final_ranker_score,8,1.0,0.9160714285714284,0.8981325592646348,0.193771047501218,0.9714984207968902,0.5,1.0,0.6666666666666666,4,0.5,4,0.5,1.0,0.6666666666666666,4,0.5,8.0,0.0,False,,,,,,,,,0.3333333333333333,DESCRIPTIVE_NO_INFERENCE
S12,S12,1103,1103,OK,l1.fixed_k.k16,l1,fixed_k,l1.final_ranker_score,16,1.0,0.9071428571428573,0.885820041092238,0.2012496342533838,0.9703140184645288,0.25,1.0,0.4,12,0.75,4,0.25,1.0,0.4,12,0.75,16.0,0.0,False,,,,,,,,,0.14756025867136977,DESCRIPTIVE_NO_INFERENCE
S12,S12,1103,1103,OK,l1.validation_one_se,l1,validation_one_se,l1.final_ranker_score,4,1.0,0.9125,0.8930126832996074,0.1958561687919507,0.971604713313897,1.0,1.0,1.0,0,0.0,4,1.0,1.0,1.0,0,0.0,,0.0,False,4.0,0.2173420501390834,0.0216161020022045,0.2389581521412879,,,,,1.0,DESCRIPTIVE_NO_INFERENCE
S12,S12,1103,1103,OK,l1.cpss_one_se,l1,cpss_one_se,l1.final_development_selection_frequency,4,1.0,0.9125,0.8930126832996074,0.1958561687919507,0.971604713313897,1.0,1.0,1.0,0,0.0,4,1.0,1.0,1.0,0,0.0,,,False,,0.2173420501390834,0.0216161020022045,0.2389581521412879,4.0,0.9,4.0,4.0,1.0,DESCRIPTIVE_NO_INFERENCE
S12,S12,1129,1129,OK,shil.fixed_k.k01,shil,fixed_k,shil.final_ranker_score,1,1.0,0.75,0.6415770609318996,0.5195086483350991,0.7364552964042761,1.0,0.25,0.4,0,0.0,1,1.0,0.25,0.4,0,0.0,1.0,0.0,False,,,,,,,,,0.8888888888888888,DESCRIPTIVE_NO_INFERENCE
S12,S12,1129,1129,OK,shil.fixed_k.k02,shil,fixed_k,shil.final_ranker_score,2,1.0,0.8196428571428571,0.7600939942907801,0.4260831314875491,0.844235908649174,1.0,0.5,0.6666666666666666,0,0.0,2,1.0,0.5,0.6666666666666666,0,0.0,2.0,0.0,False,,,,,,,,,0.8518518518518517,DESCRIPTIVE_NO_INFERENCE
S12,S12,1129,1129,OK,shil.fixed_k.k04,shil,fixed_k,shil.final_ranker_score,4,1.0,0.9357142857142856,0.9229404929362118,0.1532948431593044,0.9826591350826044,1.0,1.0,1.0,0,0.0,4,1.0,1.0,1.0,0,0.0,4.0,0.0,False,,,,,,,,,1.0,DESCRIPTIVE_NO_INFERENCE
S12,S12,1129,1129,OK,shil.fixed_k.k08,shil,fixed_k,shil.final_ranker_score,8,1.0,0.9285714285714286,0.9146744678581769,0.1627288702049636,0.9800321914480078,0.5,1.0,0.6666666666666666,4,0.5,4,0.5,1.0,0.6666666666666666,4,0.5,8.0,0.0,False,,,,,,,,,0.3333333333333333,DESCRIPTIVE_NO_INFERENCE
S12,S12,1129,1129,OK,shil.fixed_k.k16,shil,fixed_k,shil.final_ranker_score,16,1.0,0.9285714285714286,0.9140774836977368,0.1644343583392781,0.9798499757045676,0.25,1.0,0.4,12,0.75,4,0.25,1.0,0.4,12,0.75,16.0,0.0,False,,,,,,,,,0.15226337448559668,DESCRIPTIVE_NO_INFERENCE
S12,S12,1129,1129,OK,shil.validation_one_se,shil,validation_one_se,shil.final_ranker_score,4,1.0,0.9357142857142856,0.9229404929362118,0.1532948431593044,0.9826591350826044,1.0,1.0,1.0,0,0.0,4,1.0,1.0,1.0,0,0.0,,0.0,False,4.0,0.1680106054311345,0.0162266146941783,0.1842372201253128,,,,,1.0,DESCRIPTIVE_NO_INFERENCE
S12,S12,1129,1129,OK,shil.cpss_one_se,shil,cpss_one_se,shil.final_development_selection_frequency,4,1.0,0.9357142857142856,0.9229404929362118,0.1532948431593044,0.9826591350826044,1.0,1.0,1.0,0,0.0,4,1.0,1.0,1.0,0,0.0,,,False,,0.1680106054311345,0.0162266146941783,0.1842372201253128,4.0,0.9,4.0,4.0,1.0,DESCRIPTIVE_NO_INFERENCE
S12,S12,1129,1129,OK,l1.fixed_k.k01,l1,fixed_k,l1.final_ranker_score,1,1.0,0.75,0.6415770609318996,0.5195086483350991,0.7364552964042761,1.0,0.25,0.4,0,0.0,1,1.0,0.25,0.4,0,0.0,1.0,0.0,False,,,,,,,,,0.8888888888888888,DESCRIPTIVE_NO_INFERENCE
S12,S12,1129,1129,OK,l1.fixed_k.k02,l1,fixed_k,l1.final_ranker_score,2,1.0,0.825,0.7709668803418803,0.4198528242098395,0.846604713313897,1.0,0.5,0.6666666666666666,0,0.0,2,1.0,0.5,0.6666666666666666,0,0.0,2.0,0.0,False,,,,,,,,,0.7777777777777778,DESCRIPTIVE_NO_INFERENCE
S12,S12,1129,1129,OK,l1.fixed_k.k04,l1,fixed_k,l1.final_ranker_score,4,1.0,0.9357142857142856,0.9229404929362118,0.1532948431593044,0.9826591350826044,1.0,1.0,1.0,0,0.0,4,1.0,1.0,1.0,0,0.0,4.0,0.0,False,,,,,,,,,1.0,DESCRIPTIVE_NO_INFERENCE
S12,S12,1129,1129,OK,l1.fixed_k.k08,l1,fixed_k,l1.final_ranker_score,8,1.0,0.9285714285714286,0.9140774836977368,0.1577412562251278,0.9813380709426628,0.5,1.0,0.6666666666666666,4,0.5,4,0.5,1.0,0.6666666666666666,4,0.5,8.0,0.0,False,,,,,,,,,0.3333333333333333,DESCRIPTIVE_NO_INFERENCE
S12,S12,1129,1129,OK,l1.fixed_k.k16,l1,fixed_k,l1.final_ranker_score,16,1.0,0.9214285714285714,0.905816158033148,0.1667988061098379,0.97915148202138,0.25,1.0,0.4,12,0.75,4,0.25,1.0,0.4,12,0.75,16.0,0.0,False,,,,,,,,,0.162798353909465,DESCRIPTIVE_NO_INFERENCE
S12,S12,1129,1129,OK,l1.validation_one_se,l1,validation_one_se,l1.final_ranker_score,4,1.0,0.9357142857142856,0.9229404929362118,0.1532948431593044,0.9826591350826044,1.0,1.0,1.0,0,0.0,4,1.0,1.0,1.0,0,0.0,,0.0,False,4.0,0.1680106054311345,0.0162266146941783,0.1842372201253128,,,,,1.0,DESCRIPTIVE_NO_INFERENCE
S12,S12,1129,1129,OK,l1.cpss_one_se,l1,cpss_one_se,l1.final_development_selection_frequency,4,1.0,0.9357142857142856,0.9229404929362118,0.1532948431593044,0.9826591350826044,1.0,1.0,1.0,0,0.0,4,1.0,1.0,1.0,0,0.0,,,False,,0.1680106054311345,0.0162266146941783,0.1842372201253128,4.0,0.9,4.0,4.0,1.0,DESCRIPTIVE_NO_INFERENCE
S12,S12,1151,1151,OK,shil.fixed_k.k01,shil,fixed_k,shil.final_ranker_score,1,1.0,0.7553571428571428,0.6311095083543695,0.5181339022520866,0.7452320213799806,1.0,0.25,0.4,0,0.0,1,1.0,0.25,0.4,0,0.0,1.0,0.0,False,,,,,,,,,0.8888888888888888,DESCRIPTIVE_NO_INFERENCE
S12,S12,1151,1151,OK,shil.fixed_k.k02,shil,fixed_k,shil.final_ranker_score,2,1.0,0.8178571428571428,0.7547908510199877,0.4039824791533636,0.8708242225461612,1.0,0.5,0.6666666666666666,0,0.0,2,1.0,0.5,0.6666666666666666,0,0.0,2.0,0.0,False,,,,,,,,,0.8518518518518517,DESCRIPTIVE_NO_INFERENCE
S12,S12,1151,1151,OK,shil.fixed_k.k04,shil,fixed_k,shil.final_ranker_score,4,1.0,0.9357142857142856,0.921542987904544,0.1613443373559503,0.9812925170068028,1.0,1.0,1.0,0,0.0,4,1.0,1.0,1.0,0,0.0,4.0,0.0,False,,,,,,,,,1.0,DESCRIPTIVE_NO_INFERENCE
S12,S12,1151,1151,OK,shil.fixed_k.k08,shil,fixed_k,shil.final_ranker_score,8,1.0,0.9285714285714286,0.9125,0.167037782011215,0.9796070213799806,0.5,1.0,0.6666666666666666,4,0.5,4,0.5,1.0,0.6666666666666666,4,0.5,8.0,0.0,False,,,,,,,,,0.3333333333333333,DESCRIPTIVE_NO_INFERENCE
S12,S12,1151,1151,OK,shil.fixed_k.k16,shil,fixed_k,shil.final_ranker_score,16,1.0,0.9303571428571428,0.9154716981132076,0.1683055727179722,0.9787870505344995,0.25,1.0,0.4,12,0.75,4,0.25,1.0,0.4,12,0.75,16.0,0.0,False,,,,,,,,,0.15262515262515264,DESCRIPTIVE_NO_INFERENCE
S12,S12,1151,1151,OK,shil.validation_one_se,shil,validation_one_se,shil.final_ranker_score,4,1.0,0.9357142857142856,0.921542987904544,0.1613443373559503,0.9812925170068028,1.0,1.0,1.0,0,0.0,4,1.0,1.0,1.0,0,0.0,,0.0,False,4.0,0.1866060704237516,0.0187567896426313,0.2053628600663829,,,,,1.0,DESCRIPTIVE_NO_INFERENCE
S12,S12,1151,1151,OK,shil.cpss_one_se,shil,cpss_one_se,shil.final_development_selection_frequency,4,1.0,0.9357142857142856,0.921542987904544,0.1613443373559503,0.9812925170068028,1.0,1.0,1.0,0,0.0,4,1.0,1.0,1.0,0,0.0,,,False,,0.1866060704237516,0.0187567896426313,0.2053628600663829,4.0,0.9,4.0,4.0,1.0,DESCRIPTIVE_NO_INFERENCE
S12,S12,1151,1151,OK,l1.fixed_k.k01,l1,fixed_k,l1.final_ranker_score,1,1.0,0.7553571428571428,0.6311095083543695,0.5181339022520866,0.7452320213799806,1.0,0.25,0.4,0,0.0,1,1.0,0.25,0.4,0,0.0,1.0,0.0,False,,,,,,,,,0.8888888888888888,DESCRIPTIVE_NO_INFERENCE
S12,S12,1151,1151,OK,l1.fixed_k.k02,l1,fixed_k,l1.final_ranker_score,2,1.0,0.7910714285714285,0.7108242303872889,0.4497159798700089,0.8294156948493683,1.0,0.5,0.6666666666666666,0,0.0,2,1.0,0.5,0.6666666666666666,0,0.0,2.0,0.0,False,,,,,,,,,0.7777777777777778,DESCRIPTIVE_NO_INFERENCE
S12,S12,1151,1151,OK,l1.fixed_k.k04,l1,fixed_k,l1.final_ranker_score,4,1.0,0.9357142857142856,0.921542987904544,0.1613443373559503,0.9812925170068028,1.0,1.0,1.0,0,0.0,4,1.0,1.0,1.0,0,0.0,4.0,0.0,False,,,,,,,,,1.0,DESCRIPTIVE_NO_INFERENCE
S12,S12,1151,1151,OK,l1.fixed_k.k08,l1,fixed_k,l1.final_ranker_score,8,1.0,0.9321428571428572,0.916875,0.169102146926155,0.9782859572400388,0.5,1.0,0.6666666666666666,4,0.5,4,0.5,1.0,0.6666666666666666,4,0.5,8.0,0.0,False,,,,,,,,,0.3333333333333333,DESCRIPTIVE_NO_INFERENCE
S12,S12,1151,1151,OK,l1.fixed_k.k16,l1,fixed_k,l1.final_ranker_score,16,1.0,0.9321428571428572,0.917184265010352,0.1745671767338349,0.9766004616132168,0.25,1.0,0.4,12,0.75,4,0.25,1.0,0.4,12,0.75,16.0,0.0,False,,,,,,,,,0.15226337448559668,DESCRIPTIVE_NO_INFERENCE
S12,S12,1151,1151,OK,l1.validation_one_se,l1,validation_one_se,l1.final_ranker_score,4,1.0,0.9357142857142856,0.921542987904544,0.1613443373559503,0.9812925170068028,1.0,1.0,1.0,0,0.0,4,1.0,1.0,1.0,0,0.0,,0.0,False,4.0,0.1866060704237516,0.0187567896426313,0.2053628600663829,,,,,1.0,DESCRIPTIVE_NO_INFERENCE
S12,S12,1151,1151,OK,l1.cpss_one_se,l1,cpss_one_se,l1.final_development_selection_frequency,4,1.0,0.9357142857142856,0.921542987904544,0.1613443373559503,0.9812925170068028,1.0,1.0,1.0,0,0.0,4,1.0,1.0,1.0,0,0.0,,,False,,0.1866060704237516,0.0187567896426313,0.2053628600663829,4.0,0.9,4.0,4.0,1.0,DESCRIPTIVE_NO_INFERENCE
S12,S12,1171,1171,OK,shil.fixed_k.k01,shil,fixed_k,shil.final_ranker_score,1,1.0,0.7535714285714286,0.6384459914664271,0.5151986876248985,0.7392340864917396,1.0,0.25,0.4,0,0.0,1,1.0,0.25,0.4,0,0.0,1.0,0.0,False,,,,,,,,,0.8888888888888888,DESCRIPTIVE_NO_INFERENCE
S12,S12,1171,1171,OK,shil.fixed_k.k02,shil,fixed_k,shil.final_ranker_score,2,1.0,0.7928571428571428,0.7313215538349547,0.4321231776744171,0.840804178814383,1.0,0.5,0.6666666666666666,0,0.0,2,1.0,0.5,0.6666666666666666,0,0.0,2.0,0.0,False,,,,,,,,,0.8518518518518517,DESCRIPTIVE_NO_INFERENCE
S12,S12,1171,1171,OK,shil.fixed_k.k04,shil,fixed_k,shil.final_ranker_score,4,1.0,0.9232142857142858,0.9068021286889212,0.1834216048016598,0.9747934888241012,1.0,1.0,1.0,0,0.0,4,1.0,1.0,1.0,0,0.0,4.0,0.0,False,,,,,,,,,1.0,DESCRIPTIVE_NO_INFERENCE
S12,S12,1171,1171,OK,shil.fixed_k.k08,shil,fixed_k,shil.final_ranker_score,8,1.0,0.925,0.9088032756374465,0.1828915049816263,0.9747479348882412,0.5,1.0,0.6666666666666666,4,0.5,4,0.5,1.0,0.6666666666666666,4,0.5,8.0,0.0,False,,,,,,,,,0.3333333333333333,DESCRIPTIVE_NO_INFERENCE
S12,S12,1171,1171,OK,shil.fixed_k.k16,shil,fixed_k,shil.final_ranker_score,16,1.0,0.9214285714285714,0.904108096327776,0.1848127677503101,0.974368318756074,0.25,1.0,0.4,12,0.75,4,0.25,1.0,0.4,12,0.75,16.0,0.0,False,,,,,,,,,0.14285714285714285,DESCRIPTIVE_NO_INFERENCE
S12,S12,1171,1171,OK,shil.validation_one_se,shil,validation_one_se,shil.final_ranker_score,4,1.0,0.9232142857142858,0.9068021286889212,0.1834216048016598,0.9747934888241012,1.0,1.0,1.0,0,0.0,4,1.0,1.0,1.0,0,0.0,,0.0,False,4.0,0.2057539920043636,0.0179203218438475,0.2236743138482111,,,,,1.0,DESCRIPTIVE_NO_INFERENCE
S12,S12,1171,1171,OK,shil.cpss_one_se,shil,cpss_one_se,shil.final_development_selection_frequency,4,1.0,0.9232142857142858,0.9068021286889212,0.1834216048016598,0.9747934888241012,1.0,1.0,1.0,0,0.0,4,1.0,1.0,1.0,0,0.0,,,False,,0.2057539920043636,0.0179203218438475,0.2236743138482111,4.0,0.9,4.0,4.0,1.0,DESCRIPTIVE_NO_INFERENCE
S12,S12,1171,1171,OK,l1.fixed_k.k01,l1,fixed_k,l1.final_ranker_score,1,1.0,0.7535714285714286,0.6384459914664271,0.5151986876248985,0.7392340864917396,1.0,0.25,0.4,0,0.0,1,1.0,0.25,0.4,0,0.0,1.0,0.0,False,,,,,,,,,0.8888888888888888,DESCRIPTIVE_NO_INFERENCE
S12,S12,1171,1171,OK,l1.fixed_k.k02,l1,fixed_k,l1.final_ranker_score,2,1.0,0.8,0.7267102396514161,0.4212134014356001,0.8498390427599611,1.0,0.5,0.6666666666666666,0,0.0,2,1.0,0.5,0.6666666666666666,0,0.0,2.0,0.0,False,,,,,,,,,0.7777777777777778,DESCRIPTIVE_NO_INFERENCE
S12,S12,1171,1171,OK,l1.fixed_k.k04,l1,fixed_k,l1.final_ranker_score,4,1.0,0.9232142857142858,0.9068021286889212,0.1834216048016598,0.9747934888241012,1.0,1.0,1.0,0,0.0,4,1.0,1.0,1.0,0,0.0,4.0,0.0,False,,,,,,,,,1.0,DESCRIPTIVE_NO_INFERENCE
S12,S12,1171,1171,OK,l1.fixed_k.k08,l1,fixed_k,l1.final_ranker_score,8,1.0,0.9196428571428572,0.9021096915289922,0.1860287694109492,0.9741557337220604,0.5,1.0,0.6666666666666666,4,0.5,4,0.5,1.0,0.6666666666666666,4,0.5,8.0,0.0,False,,,,,,,,,0.3333333333333333,DESCRIPTIVE_NO_INFERENCE
S12,S12,1171,1171,OK,l1.fixed_k.k16,l1,fixed_k,l1.final_ranker_score,16,1.0,0.9267857142857144,0.9104800003119164,0.1896351481830806,0.9739431486880468,0.25,1.0,0.4,12,0.75,4,0.25,1.0,0.4,12,0.75,16.0,0.0,False,,,,,,,,,0.14756025867136977,DESCRIPTIVE_NO_INFERENCE
S12,S12,1171,1171,OK,l1.validation_one_se,l1,validation_one_se,l1.final_ranker_score,4,1.0,0.9232142857142858,0.9068021286889212,0.1834216048016598,0.9747934888241012,1.0,1.0,1.0,0,0.0,4,1.0,1.0,1.0,0,0.0,,0.0,False,4.0,0.2057539920043636,0.0179203218438475,0.2236743138482112,,,,,1.0,DESCRIPTIVE_NO_INFERENCE
S12,S12,1171,1171,OK,l1.cpss_one_se,l1,cpss_one_se,l1.final_development_selection_frequency,4,1.0,0.9232142857142858,0.9068021286889212,0.1834216048016598,0.9747934888241012,1.0,1.0,1.0,0,0.0,4,1.0,1.0,1.0,0,0.0,,,False,,0.2057539920043636,0.0179203218438475,0.2236743138482111,4.0,0.9,4.0,4.0,1.0,DESCRIPTIVE_NO_INFERENCE
S12,S12,1181,1181,OK,shil.fixed_k.k01,shil,fixed_k,shil.final_ranker_score,1,1.0,0.7214285714285714,0.591286772962048,0.5537514218958827,0.6945912293488825,1.0,0.25,0.4,0,0.0,1,1.0,0.25,0.4,0,0.0,1.0,0.0,False,,,,,,,,,0.0,DESCRIPTIVE_NO_INFERENCE
S12,S12,1181,1181,OK,shil.fixed_k.k02,shil,fixed_k,shil.final_ranker_score,2,1.0,0.8178571428571428,0.75828974762606,0.3920302180115813,0.8761692176870748,1.0,0.5,0.6666666666666666,0,0.0,2,1.0,0.5,0.6666666666666666,0,0.0,2.0,0.0,False,,,,,,,,,0.8518518518518517,DESCRIPTIVE_NO_INFERENCE
S12,S12,1181,1181,OK,shil.fixed_k.k04,shil,fixed_k,shil.final_ranker_score,4,1.0,0.9196428571428572,0.901377196999049,0.1625230345147291,0.981368440233236,1.0,1.0,1.0,0,0.0,4,1.0,1.0,1.0,0,0.0,4.0,0.0,False,,,,,,,,,1.0,DESCRIPTIVE_NO_INFERENCE
S12,S12,1181,1181,OK,shil.fixed_k.k08,shil,fixed_k,shil.final_ranker_score,8,1.0,0.9214285714285714,0.9030165627558412,0.1660233633947018,0.9806243926141884,0.5,1.0,0.6666666666666666,4,0.5,4,0.5,1.0,0.6666666666666666,4,0.5,8.0,0.0,False,,,,,,,,,0.3333333333333333,DESCRIPTIVE_NO_INFERENCE
S12,S12,1181,1181,OK,shil.fixed_k.k16,shil,fixed_k,shil.final_ranker_score,16,1.0,0.9214285714285714,0.9033861886165092,0.1678158618321974,0.979774052478134,0.25,1.0,0.4,12,0.75,4,0.25,1.0,0.4,12,0.75,16.0,0.0,False,,,,,,,,,0.14285714285714285,DESCRIPTIVE_NO_INFERENCE
S12,S12,1181,1181,OK,shil.validation_one_se,shil,validation_one_se,shil.final_ranker_score,4,1.0,0.9196428571428572,0.901377196999049,0.1625230345147291,0.981368440233236,1.0,1.0,1.0,0,0.0,4,1.0,1.0,1.0,0,0.0,,0.0,False,4.0,0.1839623625075427,0.0187867168357908,0.2027490793433335,,,,,1.0,DESCRIPTIVE_NO_INFERENCE
S12,S12,1181,1181,OK,shil.cpss_one_se,shil,cpss_one_se,shil.final_development_selection_frequency,4,1.0,0.9196428571428572,0.901377196999049,0.1625230345147291,0.981368440233236,1.0,1.0,1.0,0,0.0,4,1.0,1.0,1.0,0,0.0,,,False,,0.1839623625075427,0.0187867168357908,0.2027490793433335,4.0,0.9,4.0,4.0,1.0,DESCRIPTIVE_NO_INFERENCE
S12,S12,1181,1181,OK,l1.fixed_k.k01,l1,fixed_k,l1.final_ranker_score,1,1.0,0.7785714285714286,0.6712121212121213,0.4834240240093864,0.7792304421768708,1.0,0.25,0.4,0,0.0,1,1.0,0.25,0.4,0,0.0,1.0,0.0,False,,,,,,,,,0.8888888888888888,DESCRIPTIVE_NO_INFERENCE
S12,S12,1181,1181,OK,l1.fixed_k.k02,l1,fixed_k,l1.final_ranker_score,2,1.0,0.8178571428571428,0.75828974762606,0.3920302180115813,0.8761692176870748,1.0,0.5,0.6666666666666666,0,0.0,2,1.0,0.5,0.6666666666666666,0,0.0,2.0,0.0,False,,,,,,,,,0.48148148148148145,DESCRIPTIVE_NO_INFERENCE
S12,S12,1181,1181,OK,l1.fixed_k.k04,l1,fixed_k,l1.final_ranker_score,4,1.0,0.9196428571428572,0.901377196999049,0.1625230345147291,0.981368440233236,1.0,1.0,1.0,0,0.0,4,1.0,1.0,1.0,0,0.0,4.0,0.0,False,,,,,,,,,1.0,DESCRIPTIVE_NO_INFERENCE
S12,S12,1181,1181,OK,l1.fixed_k.k08,l1,fixed_k,l1.final_ranker_score,8,1.0,0.9178571428571428,0.899749373433584,0.167837124118847,0.9798347910592808,0.5,1.0,0.6666666666666666,4,0.5,4,0.5,1.0,0.6666666666666666,4,0.5,8.0,0.0,False,,,,,,,,,0.3333333333333333,DESCRIPTIVE_NO_INFERENCE
S12,S12,1181,1181,OK,l1.fixed_k.k16,l1,fixed_k,l1.final_ranker_score,16,1.0,0.9142857142857144,0.8937902040429264,0.1797362238701752,0.9767674927113702,0.25,1.0,0.4,12,0.75,4,0.25,1.0,0.4,12,0.75,16.0,0.0,False,,,,,,,,,0.15732826843937955,DESCRIPTIVE_NO_INFERENCE
S12,S12,1181,1181,OK,l1.validation_one_se,l1,validation_one_se,l1.final_ranker_score,4,1.0,0.9196428571428572,0.901377196999049,0.1625230345147291,0.981368440233236,1.0,1.0,1.0,0,0.0,4,1.0,1.0,1.0,0,0.0,,0.0,False,4.0,0.1839623625075427,0.0187867168357908,0.2027490793433335,,,,,1.0,DESCRIPTIVE_NO_INFERENCE
S12,S12,1181,1181,OK,l1.cpss_one_se,l1,cpss_one_se,l1.final_development_selection_frequency,4,1.0,0.9196428571428572,0.901377196999049,0.1625230345147291,0.981368440233236,1.0,1.0,1.0,0,0.0,4,1.0,1.0,1.0,0,0.0,,,False,,0.1839623625075427,0.0187867168357908,0.2027490793433335,4.0,0.9,4.0,4.0,1.0,DESCRIPTIVE_NO_INFERENCE
S12,S12,1201,1201,OK,shil.fixed_k.k01,shil,fixed_k,shil.final_ranker_score,1,1.0,0.7464285714285714,0.638486297757815,0.5270718258185985,0.7378978377065112,1.0,0.25,0.4,0,0.0,1,1.0,0.25,0.4,0,0.0,1.0,0.0,False,,,,,,,,,0.8888888888888888,DESCRIPTIVE_NO_INFERENCE
S12,S12,1201,1201,OK,shil.fixed_k.k02,shil,fixed_k,shil.final_ranker_score,2,1.0,0.8142857142857143,0.7569444444444444,0.4101575411523384,0.857340257531584,1.0,0.5,0.6666666666666666,0,0.0,2,1.0,0.5,0.6666666666666666,0,0.0,2.0,0.0,False,,,,,,,,,0.8518518518518517,DESCRIPTIVE_NO_INFERENCE
S12,S12,1201,1201,OK,shil.fixed_k.k04,shil,fixed_k,shil.final_ranker_score,4,1.0,0.9267857142857144,0.9120842092365188,0.170923275812538,0.9786352040816326,1.0,1.0,1.0,0,0.0,4,1.0,1.0,1.0,0,0.0,4.0,0.0,False,,,,,,,,,1.0,DESCRIPTIVE_NO_INFERENCE
S12,S12,1201,1201,OK,shil.fixed_k.k08,shil,fixed_k,shil.final_ranker_score,8,1.0,0.9232142857142858,0.9074696721090996,0.1857729518343275,0.9736242711370262,0.5,1.0,0.6666666666666666,4,0.5,4,0.5,1.0,0.6666666666666666,4,0.5,8.0,0.0,False,,,,,,,,,0.3333333333333333,DESCRIPTIVE_NO_INFERENCE
S12,S12,1201,1201,OK,shil.fixed_k.k16,shil,fixed_k,shil.final_ranker_score,16,1.0,0.9267857142857144,0.9114576705191836,0.185345612196441,0.9742468415937804,0.25,1.0,0.4,12,0.75,4,0.25,1.0,0.4,12,0.75,16.0,0.0,False,,,,,,,,,0.14285714285714285,DESCRIPTIVE_NO_INFERENCE
S12,S12,1201,1201,OK,shil.validation_one_se,shil,validation_one_se,shil.final_ranker_score,4,1.0,0.9267857142857144,0.9120842092365188,0.170923275812538,0.9786352040816326,1.0,1.0,1.0,0,0.0,4,1.0,1.0,1.0,0,0.0,,0.0,False,4.0,0.1815460528396885,0.0175912658238651,0.1991373186635537,,,,,1.0,DESCRIPTIVE_NO_INFERENCE
S12,S12,1201,1201,OK,shil.cpss_one_se,shil,cpss_one_se,shil.final_development_selection_frequency,4,1.0,0.9267857142857144,0.9120842092365188,0.170923275812538,0.9786352040816326,1.0,1.0,1.0,0,0.0,4,1.0,1.0,1.0,0,0.0,,,False,,0.1815460528396885,0.0175912658238651,0.1991373186635537,4.0,0.9,4.0,4.0,1.0,DESCRIPTIVE_NO_INFERENCE
S12,S12,1201,1201,OK,l1.fixed_k.k01,l1,fixed_k,l1.final_ranker_score,1,1.0,0.7464285714285714,0.638486297757815,0.5270718258185985,0.7378978377065112,1.0,0.25,0.4,0,0.0,1,1.0,0.25,0.4,0,0.0,1.0,0.0,False,,,,,,,,,0.8888888888888888,DESCRIPTIVE_NO_INFERENCE
S12,S12,1201,1201,OK,l1.fixed_k.k02,l1,fixed_k,l1.final_ranker_score,2,1.0,0.825,0.7740112994350282,0.4379227341004498,0.8370991253644314,1.0,0.5,0.6666666666666666,0,0.0,2,1.0,0.5,0.6666666666666666,0,0.0,2.0,0.0,False,,,,,,,,,0.7777777777777778,DESCRIPTIVE_NO_INFERENCE
S12,S12,1201,1201,OK,l1.fixed_k.k04,l1,fixed_k,l1.final_ranker_score,4,1.0,0.9267857142857144,0.9120842092365188,0.170923275812538,0.9786352040816326,1.0,1.0,1.0,0,0.0,4,1.0,1.0,1.0,0,0.0,4.0,0.0,False,,,,,,,,,1.0,DESCRIPTIVE_NO_INFERENCE
S12,S12,1201,1201,OK,l1.fixed_k.k08,l1,fixed_k,l1.final_ranker_score,8,1.0,0.9285714285714286,0.9146744678581769,0.1694343899100779,0.9789996355685132,0.5,1.0,0.6666666666666666,4,0.5,4,0.5,1.0,0.6666666666666666,4,0.5,8.0,0.0,False,,,,,,,,,0.3333333333333333,DESCRIPTIVE_NO_INFERENCE
S12,S12,1201,1201,OK,l1.fixed_k.k16,l1,fixed_k,l1.final_ranker_score,16,1.0,0.9267857142857144,0.9123901538132796,0.1821838511933754,0.9753553206997084,0.25,1.0,0.4,12,0.75,4,0.25,1.0,0.4,12,0.75,16.0,0.0,False,,,,,,,,,0.14756025867136977,DESCRIPTIVE_NO_INFERENCE
S12,S12,1201,1201,OK,l1.validation_one_se,l1,validation_one_se,l1.final_ranker_score,4,1.0,0.9267857142857144,0.9120842092365188,0.170923275812538,0.9786352040816326,1.0,1.0,1.0,0,0.0,4,1.0,1.0,1.0,0,0.0,,0.0,False,4.0,0.1815460528396885,0.0175912658238651,0.1991373186635537,,,,,1.0,DESCRIPTIVE_NO_INFERENCE
S12,S12,1201,1201,OK,l1.cpss_one_se,l1,cpss_one_se,l1.final_development_selection_frequency,4,1.0,0.9267857142857144,0.9120842092365188,0.170923275812538,0.9786352040816326,1.0,1.0,1.0,0,0.0,4,1.0,1.0,1.0,0,0.0,,,False,,0.1815460528396885,0.0175912658238651,0.1991373186635537,4.0,0.9,4.0,4.0,1.0,DESCRIPTIVE_NO_INFERENCE
S12,S12,1213,1213,OK,shil.fixed_k.k01,shil,fixed_k,shil.final_ranker_score,1,1.0,0.7428571428571429,0.6158463385354142,0.5238503651690304,0.7378978377065112,1.0,0.25,0.4,0,0.0,1,1.0,0.25,0.4,0,0.0,1.0,0.0,False,,,,,,,,,0.8888888888888888,DESCRIPTIVE_NO_INFERENCE
S12,S12,1213,1213,OK,shil.fixed_k.k02,shil,fixed_k,shil.final_ranker_score,2,1.0,0.8017857142857143,0.73634092441858,0.432507383925963,0.837129494655005,1.0,0.5,0.6666666666666666,0,0.0,2,1.0,0.5,0.6666666666666666,0,0.0,2.0,0.0,False,,,,,,,,,0.8518518518518517,DESCRIPTIVE_NO_INFERENCE
S12,S12,1213,1213,OK,shil.fixed_k.k04,shil,fixed_k,shil.final_ranker_score,4,1.0,0.9375,0.9230016774634552,0.1727443764661498,0.9774204324586976,1.0,1.0,1.0,0,0.0,4,1.0,1.0,1.0,0,0.0,4.0,0.0,False,,,,,,,,,1.0,DESCRIPTIVE_NO_INFERENCE
S12,S12,1213,1213,OK,shil.fixed_k.k08,shil,fixed_k,shil.final_ranker_score,8,1.0,0.9357142857142856,0.9206499149820516,0.1747042464529231,0.9766915694849369,0.5,1.0,0.6666666666666666,4,0.5,4,0.5,1.0,0.6666666666666666,4,0.5,8.0,0.0,False,,,,,,,,,0.3333333333333333,DESCRIPTIVE_NO_INFERENCE
S12,S12,1213,1213,OK,shil.fixed_k.k16,shil,fixed_k,shil.final_ranker_score,16,1.0,0.9285714285714286,0.9121692623786446,0.1850359953153468,0.9734268707482991,0.25,1.0,0.4,12,0.75,4,0.25,1.0,0.4,12,0.75,16.0,0.0,False,,,,,,,,,0.15732826843937955,DESCRIPTIVE_NO_INFERENCE
S12,S12,1213,1213,OK,shil.validation_one_se,shil,validation_one_se,shil.final_ranker_score,4,1.0,0.9375,0.9230016774634552,0.1727443764661498,0.9774204324586976,1.0,1.0,1.0,0,0.0,4,1.0,1.0,1.0,0,0.0,,0.0,False,4.0,0.1864229117636698,0.0193466362303363,0.2057695479940061,,,,,1.0,DESCRIPTIVE_NO_INFERENCE
S12,S12,1213,1213,OK,shil.cpss_one_se,shil,cpss_one_se,shil.final_development_selection_frequency,4,1.0,0.9375,0.9230016774634552,0.1727443764661498,0.9774204324586976,1.0,1.0,1.0,0,0.0,4,1.0,1.0,1.0,0,0.0,,,False,,0.1864229117636698,0.0193466362303363,0.2057695479940061,4.0,0.9,4.0,4.0,1.0,DESCRIPTIVE_NO_INFERENCE
S12,S12,1213,1213,OK,l1.fixed_k.k01,l1,fixed_k,l1.final_ranker_score,1,1.0,0.7428571428571429,0.6158463385354142,0.5238503651690304,0.7378978377065112,1.0,0.25,0.4,0,0.0,1,1.0,0.25,0.4,0,0.0,1.0,0.0,False,,,,,,,,,0.8888888888888888,DESCRIPTIVE_NO_INFERENCE
S12,S12,1213,1213,OK,l1.fixed_k.k02,l1,fixed_k,l1.final_ranker_score,2,1.0,0.8017857142857143,0.73634092441858,0.432507383925963,0.837129494655005,1.0,0.5,0.6666666666666666,0,0.0,2,1.0,0.5,0.6666666666666666,0,0.0,2.0,0.0,False,,,,,,,,,0.48148148148148145,DESCRIPTIVE_NO_INFERENCE
S12,S12,1213,1213,OK,l1.fixed_k.k04,l1,fixed_k,l1.final_ranker_score,4,1.0,0.9375,0.9230016774634552,0.1727443764661498,0.9774204324586976,1.0,1.0,1.0,0,0.0,4,1.0,1.0,1.0,0,0.0,4.0,0.0,False,,,,,,,,,1.0,DESCRIPTIVE_NO_INFERENCE
S12,S12,1213,1213,OK,l1.fixed_k.k08,l1,fixed_k,l1.final_ranker_score,8,1.0,0.9321428571428572,0.9162415769254992,0.1823548449259843,0.9749301506316812,0.5,1.0,0.6666666666666666,4,0.5,4,0.5,1.0,0.6666666666666666,4,0.5,8.0,0.0,False,,,,,,,,,0.3333333333333333,DESCRIPTIVE_NO_INFERENCE
S12,S12,1213,1213,OK,l1.fixed_k.k16,l1,fixed_k,l1.final_ranker_score,16,1.0,0.9196428571428572,0.9021096915289922,0.1946944431482015,0.9703595724003888,0.25,1.0,0.4,12,0.75,4,0.25,1.0,0.4,12,0.75,16.0,0.0,False,,,,,,,,,0.14756025867136977,DESCRIPTIVE_NO_INFERENCE
S12,S12,1213,1213,OK,l1.validation_one_se,l1,validation_one_se,l1.final_ranker_score,4,1.0,0.9375,0.9230016774634552,0.1727443764661498,0.9774204324586976,1.0,1.0,1.0,0,0.0,4,1.0,1.0,1.0,0,0.0,,0.0,False,4.0,0.1864229117636698,0.0193466362303363,0.2057695479940061,,,,,1.0,DESCRIPTIVE_NO_INFERENCE
S12,S12,1213,1213,OK,l1.cpss_one_se,l1,cpss_one_se,l1.final_development_selection_frequency,4,1.0,0.9375,0.9230016774634552,0.1727443764661498,0.9774204324586976,1.0,1.0,1.0,0,0.0,4,1.0,1.0,1.0,0,0.0,,,False,,0.1864229117636698,0.0193466362303363,0.2057695479940061,4.0,0.9,4.0,4.0,1.0,DESCRIPTIVE_NO_INFERENCE
S12,S12,1231,1231,OK,shil.fixed_k.k01,shil,fixed_k,shil.final_ranker_score,1,1.0,0.7535714285714286,0.6446896551724138,0.5187126857852326,0.743030247813411,1.0,0.25,0.4,0,0.0,1,1.0,0.25,0.4,0,0.0,1.0,0.0,False,,,,,,,,,0.8888888888888888,DESCRIPTIVE_NO_INFERENCE
S12,S12,1231,1231,OK,shil.fixed_k.k02,shil,fixed_k,shil.final_ranker_score,2,1.0,0.8142857142857143,0.7622430150720946,0.4278765457256049,0.8516763848396502,1.0,0.5,0.6666666666666666,0,0.0,2,1.0,0.5,0.6666666666666666,0,0.0,2.0,0.0,False,,,,,,,,,0.8518518518518517,DESCRIPTIVE_NO_INFERENCE
S12,S12,1231,1231,OK,shil.fixed_k.k04,shil,fixed_k,shil.final_ranker_score,4,1.0,0.8982142857142857,0.8769045663315478,0.2054102159474769,0.968992954324587,1.0,1.0,1.0,0,0.0,4,1.0,1.0,1.0,0,0.0,4.0,0.0,False,,,,,,,,,1.0,DESCRIPTIVE_NO_INFERENCE
S12,S12,1231,1231,OK,shil.fixed_k.k08,shil,fixed_k,shil.final_ranker_score,8,1.0,0.8964285714285715,0.8745190153142434,0.2066019495680577,0.9688107385811467,0.5,1.0,0.6666666666666666,4,0.5,4,0.5,1.0,0.6666666666666666,4,0.5,8.0,0.0,False,,,,,,,,,0.3333333333333333,DESCRIPTIVE_NO_INFERENCE
S12,S12,1231,1231,OK,shil.fixed_k.k16,shil,fixed_k,shil.final_ranker_score,16,1.0,0.9017857142857144,0.881647255023267,0.2076216712322777,0.9682033527696792,0.25,1.0,0.4,12,0.75,4,0.25,1.0,0.4,12,0.75,16.0,0.0,False,,,,,,,,,0.14756025867136977,DESCRIPTIVE_NO_INFERENCE
S12,S12,1231,1231,OK,shil.validation_one_se,shil,validation_one_se,shil.final_ranker_score,4,1.0,0.8982142857142857,0.8769045663315478,0.2054102159474769,0.968992954324587,1.0,1.0,1.0,0,0.0,4,1.0,1.0,1.0,0,0.0,,0.0,False,4.0,0.1760251243571574,0.0179088058511193,0.1939339302082767,,,,,1.0,DESCRIPTIVE_NO_INFERENCE
S12,S12,1231,1231,OK,shil.cpss_one_se,shil,cpss_one_se,shil.final_development_selection_frequency,4,1.0,0.8982142857142857,0.8769045663315478,0.2054102159474769,0.968992954324587,1.0,1.0,1.0,0,0.0,4,1.0,1.0,1.0,0,0.0,,,False,,0.1760251243571574,0.0179088058511193,0.1939339302082767,4.0,0.9,4.0,4.0,1.0,DESCRIPTIVE_NO_INFERENCE
S12,S12,1231,1231,OK,l1.fixed_k.k01,l1,fixed_k,l1.final_ranker_score,1,1.0,0.7535714285714286,0.6446896551724138,0.5187126857852326,0.743030247813411,1.0,0.25,0.4,0,0.0,1,1.0,0.25,0.4,0,0.0,1.0,0.0,False,,,,,,,,,0.8888888888888888,DESCRIPTIVE_NO_INFERENCE
S12,S12,1231,1231,OK,l1.fixed_k.k02,l1,fixed_k,l1.final_ranker_score,2,1.0,0.8142857142857143,0.7622430150720946,0.4278765457256049,0.8516763848396502,1.0,0.5,0.6666666666666666,0,0.0,2,1.0,0.5,0.6666666666666666,0,0.0,2.0,0.0,False,,,,,,,,,0.48148148148148145,DESCRIPTIVE_NO_INFERENCE
S12,S12,1231,1231,OK,l1.fixed_k.k04,l1,fixed_k,l1.final_ranker_score,4,1.0,0.8982142857142857,0.8769045663315478,0.2054102159474769,0.968992954324587,1.0,1.0,1.0,0,0.0,4,1.0,1.0,1.0,0,0.0,4.0,0.0,False,,,,,,,,,1.0,DESCRIPTIVE_NO_INFERENCE
S12,S12,1231,1231,OK,l1.fixed_k.k08,l1,fixed_k,l1.final_ranker_score,8,1.0,0.9017857142857144,0.8820641831221594,0.2092713615083533,0.967687074829932,0.5,1.0,0.6666666666666666,4,0.5,4,0.5,1.0,0.6666666666666666,4,0.5,8.0,0.0,False,,,,,,,,,0.3333333333333333,DESCRIPTIVE_NO_INFERENCE
S12,S12,1231,1231,OK,l1.fixed_k.k16,l1,fixed_k,l1.final_ranker_score,16,1.0,0.8910714285714286,0.8687360464803507,0.2078878294683248,0.9680515063168124,0.25,1.0,0.4,12,0.75,4,0.25,1.0,0.4,12,0.75,16.0,0.0,False,,,,,,,,,0.1772694794917017,DESCRIPTIVE_NO_INFERENCE
S12,S12,1231,1231,OK,l1.validation_one_se,l1,validation_one_se,l1.final_ranker_score,4,1.0,0.8982142857142857,0.8769045663315478,0.2054102159474769,0.968992954324587,1.0,1.0,1.0,0,0.0,4,1.0,1.0,1.0,0,0.0,,0.0,False,4.0,0.1760251243571574,0.0179088058511193,0.1939339302082767,,,,,1.0,DESCRIPTIVE_NO_INFERENCE
S12,S12,1231,1231,OK,l1.cpss_one_se,l1,cpss_one_se,l1.final_development_selection_frequency,4,1.0,0.8982142857142857,0.8769045663315478,0.2054102159474769,0.968992954324587,1.0,1.0,1.0,0,0.0,4,1.0,1.0,1.0,0,0.0,,,False,,0.1760251243571574,0.0179088058511193,0.1939339302082767,4.0,0.9,4.0,4.0,1.0,DESCRIPTIVE_NO_INFERENCE
S12,S12,1249,1249,OK,shil.fixed_k.k01,shil,fixed_k,shil.final_ranker_score,1,1.0,0.75,0.6265172735760971,0.5351661772588306,0.7105351068999027,1.0,0.25,0.4,0,0.0,1,1.0,0.25,0.4,0,0.0,1.0,0.0,False,,,,,,,,,0.8888888888888888,DESCRIPTIVE_NO_INFERENCE
S12,S12,1249,1249,OK,shil.fixed_k.k02,shil,fixed_k,shil.final_ranker_score,2,1.0,0.7964285714285714,0.7298532473467729,0.4380974123058146,0.8238581146744413,1.0,0.5,0.6666666666666666,0,0.0,2,1.0,0.5,0.6666666666666666,0,0.0,2.0,0.0,False,,,,,,,,,0.4074074074074074,DESCRIPTIVE_NO_INFERENCE
S12,S12,1249,1249,OK,shil.fixed_k.k04,shil,fixed_k,shil.final_ranker_score,4,1.0,0.9178571428571428,0.9025408980160112,0.1791431789358457,0.9780733722060252,1.0,1.0,1.0,0,0.0,4,1.0,1.0,1.0,0,0.0,4.0,0.0,False,,,,,,,,,1.0,DESCRIPTIVE_NO_INFERENCE
S12,S12,1249,1249,OK,shil.fixed_k.k08,shil,fixed_k,shil.final_ranker_score,8,1.0,0.9160714285714284,0.9009181633720952,0.1831737202673843,0.9767978620019436,0.5,1.0,0.6666666666666666,4,0.5,4,0.5,1.0,0.6666666666666666,4,0.5,8.0,0.0,False,,,,,,,,,0.3333333333333333,DESCRIPTIVE_NO_INFERENCE
S12,S12,1249,1249,OK,shil.fixed_k.k16,shil,fixed_k,shil.final_ranker_score,16,1.0,0.9142857142857144,0.8986425339366515,0.1924116636886568,0.973487609329446,0.25,1.0,0.4,12,0.75,4,0.25,1.0,0.4,12,0.75,16.0,0.0,False,,,,,,,,,0.14285714285714285,DESCRIPTIVE_NO_INFERENCE
S12,S12,1249,1249,OK,shil.validation_one_se,shil,validation_one_se,shil.final_ranker_score,4,1.0,0.9178571428571428,0.9025408980160112,0.1791431789358457,0.9780733722060252,1.0,1.0,1.0,0,0.0,4,1.0,1.0,1.0,0,0.0,,0.0,False,4.0,0.1900140123752747,0.0179331226701708,0.2079471350454455,,,,,1.0,DESCRIPTIVE_NO_INFERENCE
S12,S12,1249,1249,OK,shil.cpss_one_se,shil,cpss_one_se,shil.final_development_selection_frequency,4,1.0,0.9178571428571428,0.9025408980160112,0.1791431789358457,0.9780733722060252,1.0,1.0,1.0,0,0.0,4,1.0,1.0,1.0,0,0.0,,,False,,0.1900140123752747,0.0179331226701708,0.2079471350454455,4.0,0.9,4.0,4.0,1.0,DESCRIPTIVE_NO_INFERENCE
S12,S12,1249,1249,OK,l1.fixed_k.k01,l1,fixed_k,l1.final_ranker_score,1,1.0,0.75,0.6265172735760971,0.5351661772588306,0.7105351068999027,1.0,0.25,0.4,0,0.0,1,1.0,0.25,0.4,0,0.0,1.0,0.0,False,,,,,,,,,0.8888888888888888,DESCRIPTIVE_NO_INFERENCE
S12,S12,1249,1249,OK,l1.fixed_k.k02,l1,fixed_k,l1.final_ranker_score,2,1.0,0.7964285714285714,0.7298532473467729,0.4380974123058146,0.8238581146744413,1.0,0.5,0.6666666666666666,0,0.0,2,1.0,0.5,0.6666666666666666,0,0.0,2.0,0.0,False,,,,,,,,,0.7777777777777778,DESCRIPTIVE_NO_INFERENCE
S12,S12,1249,1249,OK,l1.fixed_k.k04,l1,fixed_k,l1.final_ranker_score,4,1.0,0.9178571428571428,0.9025408980160112,0.1791431789358457,0.9780733722060252,1.0,1.0,1.0,0,0.0,4,1.0,1.0,1.0,0,0.0,4.0,0.0,False,,,,,,,,,1.0,DESCRIPTIVE_NO_INFERENCE
S12,S12,1249,1249,OK,l1.fixed_k.k08,l1,fixed_k,l1.final_ranker_score,8,1.0,0.9089285714285714,0.8917652944052208,0.1917807697659195,0.974656827016521,0.5,1.0,0.6666666666666666,4,0.5,4,0.5,1.0,0.6666666666666666,4,0.5,8.0,0.0,False,,,,,,,,,0.3333333333333333,DESCRIPTIVE_NO_INFERENCE
S12,S12,1249,1249,OK,l1.fixed_k.k16,l1,fixed_k,l1.final_ranker_score,16,1.0,0.9071428571428573,0.8901960784313725,0.2045251358895486,0.9711339893100096,0.25,1.0,0.4,12,0.75,4,0.25,1.0,0.4,12,0.75,16.0,0.0,False,,,,,,,,,0.16166960611405054,DESCRIPTIVE_NO_INFERENCE
S12,S12,1249,1249,OK,l1.validation_one_se,l1,validation_one_se,l1.final_ranker_score,4,1.0,0.9178571428571428,0.9025408980160112,0.1791431789358457,0.9780733722060252,1.0,1.0,1.0,0,0.0,4,1.0,1.0,1.0,0,0.0,,0.0,False,4.0,0.1900140123752747,0.0179331226701708,0.2079471350454455,,,,,1.0,DESCRIPTIVE_NO_INFERENCE
S12,S12,1249,1249,OK,l1.cpss_one_se,l1,cpss_one_se,l1.final_development_selection_frequency,4,1.0,0.9178571428571428,0.9025408980160112,0.1791431789358457,0.9780733722060252,1.0,1.0,1.0,0,0.0,4,1.0,1.0,1.0,0,0.0,,,False,,0.1900140123752747,0.0179331226701708,0.2079471350454455,4.0,0.9,4.0,4.0,1.0,DESCRIPTIVE_NO_INFERENCE
S12,S12,1277,1277,OK,shil.fixed_k.k01,shil,fixed_k,shil.final_ranker_score,1,1.0,0.7696428571428572,0.658986305637772,0.5037849271811118,0.7703170553935861,1.0,0.25,0.4,0,0.0,1,1.0,0.25,0.4,0,0.0,1.0,0.0,False,,,,,,,,,0.8888888888888888,DESCRIPTIVE_NO_INFERENCE
S12,S12,1277,1277,OK,shil.fixed_k.k02,shil,fixed_k,shil.final_ranker_score,2,1.0,0.8071428571428572,0.7323704333050127,0.4274355204821818,0.8510993683187562,1.0,0.5,0.6666666666666666,0,0.0,2,1.0,0.5,0.6666666666666666,0,0.0,2.0,0.0,False,,,,,,,,,0.4074074074074074,DESCRIPTIVE_NO_INFERENCE
S12,S12,1277,1277,OK,shil.fixed_k.k04,shil,fixed_k,shil.final_ranker_score,4,1.0,0.9160714285714284,0.8985002564488201,0.1881092850630246,0.974550534499514,1.0,1.0,1.0,0,0.0,4,1.0,1.0,1.0,0,0.0,4.0,0.0,False,,,,,,,,,1.0,DESCRIPTIVE_NO_INFERENCE
S12,S12,1277,1277,OK,shil.fixed_k.k08,shil,fixed_k,shil.final_ranker_score,8,1.0,0.9160714285714284,0.8995692007127839,0.1951935292983745,0.972424684159378,0.5,1.0,0.6666666666666666,4,0.5,4,0.5,1.0,0.6666666666666666,4,0.5,8.0,0.0,False,,,,,,,,,0.3333333333333333,DESCRIPTIVE_NO_INFERENCE
S12,S12,1277,1277,OK,shil.fixed_k.k16,shil,fixed_k,shil.final_ranker_score,16,1.0,0.9125,0.8941811184253656,0.2042300013959106,0.9693877551020408,0.25,1.0,0.4,12,0.75,4,0.25,1.0,0.4,12,0.75,16.0,0.0,False,,,,,,,,,0.14756025867136977,DESCRIPTIVE_NO_INFERENCE
S12,S12,1277,1277,OK,shil.validation_one_se,shil,validation_one_se,shil.final_ranker_score,4,1.0,0.9160714285714284,0.8985002564488201,0.1881092850630246,0.974550534499514,1.0,1.0,1.0,0,0.0,4,1.0,1.0,1.0,0,0.0,,0.0,False,4.0,0.2043216903842593,0.0200581348987032,0.2243798252829625,,,,,1.0,DESCRIPTIVE_NO_INFERENCE
S12,S12,1277,1277,OK,shil.cpss_one_se,shil,cpss_one_se,shil.final_development_selection_frequency,4,1.0,0.9160714285714284,0.8985002564488201,0.1881092850630246,0.974550534499514,1.0,1.0,1.0,0,0.0,4,1.0,1.0,1.0,0,0.0,,,False,,0.2043216903842593,0.0200581348987032,0.2243798252829625,4.0,0.9,4.0,4.0,1.0,DESCRIPTIVE_NO_INFERENCE
S12,S12,1277,1277,OK,l1.fixed_k.k01,l1,fixed_k,l1.final_ranker_score,1,1.0,0.7696428571428572,0.658986305637772,0.5037849271811118,0.7703170553935861,1.0,0.25,0.4,0,0.0,1,1.0,0.25,0.4,0,0.0,1.0,0.0,False,,,,,,,,,0.8888888888888888,DESCRIPTIVE_NO_INFERENCE
S12,S12,1277,1277,OK,l1.fixed_k.k02,l1,fixed_k,l1.final_ranker_score,2,1.0,0.8071428571428572,0.7323704333050127,0.4274355204821818,0.8510993683187562,1.0,0.5,0.6666666666666666,0,0.0,2,1.0,0.5,0.6666666666666666,0,0.0,2.0,0.0,False,,,,,,,,,0.7777777777777778,DESCRIPTIVE_NO_INFERENCE
S12,S12,1277,1277,OK,l1.fixed_k.k04,l1,fixed_k,l1.final_ranker_score,4,1.0,0.9160714285714284,0.8985002564488201,0.1881092850630246,0.974550534499514,1.0,1.0,1.0,0,0.0,4,1.0,1.0,1.0,0,0.0,4.0,0.0,False,,,,,,,,,1.0,DESCRIPTIVE_NO_INFERENCE
S12,S12,1277,1277,OK,l1.fixed_k.k08,l1,fixed_k,l1.final_ranker_score,8,1.0,0.9142857142857144,0.8957751721570817,0.1948133545950678,0.972667638483965,0.5,1.0,0.6666666666666666,4,0.5,4,0.5,1.0,0.6666666666666666,4,0.5,8.0,0.0,False,,,,,,,,,0.3333333333333333,DESCRIPTIVE_NO_INFERENCE
S12,S12,1277,1277,OK,l1.fixed_k.k16,l1,fixed_k,l1.final_ranker_score,16,1.0,0.9017857142857144,0.881647255023267,0.2121461462118756,0.9672315354713314,0.25,1.0,0.4,12,0.75,4,0.25,1.0,0.4,12,0.75,16.0,0.0,False,,,,,,,,,0.14285714285714285,DESCRIPTIVE_NO_INFERENCE
S12,S12,1277,1277,OK,l1.validation_one_se,l1,validation_one_se,l1.final_ranker_score,4,1.0,0.9160714285714284,0.8985002564488201,0.1881092850630246,0.974550534499514,1.0,1.0,1.0,0,0.0,4,1.0,1.0,1.0,0,0.0,,0.0,False,4.0,0.2043216903842593,0.0200581348987032,0.2243798252829625,,,,,1.0,DESCRIPTIVE_NO_INFERENCE
S12,S12,1277,1277,OK,l1.cpss_one_se,l1,cpss_one_se,l1.final_development_selection_frequency,4,1.0,0.9160714285714284,0.8985002564488201,0.1881092850630246,0.974550534499514,1.0,1.0,1.0,0,0.0,4,1.0,1.0,1.0,0,0.0,,,False,,0.2043216903842593,0.0200581348987032,0.2243798252829625,4.0,0.9,4.0,4.0,1.0,DESCRIPTIVE_NO_INFERENCE
S13,S13,1103,1103,OK,shil.fixed_k.k01,shil,fixed_k,shil.final_ranker_score,1,1.0,0.6821428571428572,0.6820414673046252,0.6095357616802606,0.7461607142857143,1.0,0.3333333333333333,0.5,0,0.0,1,1.0,0.3333333333333333,0.5,0,0.0,1.0,0.0,False,,,,,,,,,1.0,DESCRIPTIVE_NO_INFERENCE
S13,S13,1103,1103,OK,shil.fixed_k.k02,shil,fixed_k,shil.final_ranker_score,2,1.0,0.8,0.7999897953977244,0.4621035021546788,0.8740561224489796,1.0,0.6666666666666666,0.8,0,0.0,2,1.0,0.6666666666666666,0.8,0,0.0,2.0,0.0,False,,,,,,,,,0.9259259259259258,DESCRIPTIVE_NO_INFERENCE
S13,S13,1103,1103,OK,shil.fixed_k.k04,shil,fixed_k,shil.final_ranker_score,4,1.0,0.8946428571428572,0.8946398334135865,0.2347804806216094,0.9657270408163264,0.75,1.0,0.8571428571428571,1,0.25,3,0.75,1.0,0.8571428571428571,1,0.25,4.0,0.0,False,,,,,,,,,0.6,DESCRIPTIVE_NO_INFERENCE
S13,S13,1103,1103,OK,shil.fixed_k.k08,shil,fixed_k,shil.final_ranker_score,8,1.0,0.8821428571428571,0.8821368437165161,0.2396424174960252,0.9638647959183672,0.375,1.0,0.5454545454545454,5,0.625,3,0.375,1.0,0.5454545454545454,5,0.625,8.0,0.0,False,,,,,,,,,0.23076923076923078,DESCRIPTIVE_NO_INFERENCE
S13,S13,1103,1103,OK,shil.fixed_k.k16,shil,fixed_k,shil.final_ranker_score,16,1.0,0.8821428571428571,0.8821428571428571,0.2423661769896432,0.963482142857143,0.1875,1.0,0.3157894736842105,13,0.8125,3,0.1875,1.0,0.3157894736842105,13,0.8125,16.0,0.0,False,,,,,,,,,0.11220580186097427,DESCRIPTIVE_NO_INFERENCE
S13,S13,1103,1103,OK,shil.validation_one_se,shil,validation_one_se,shil.final_ranker_score,4,1.0,0.8946428571428572,0.8946398334135865,0.2347804806216094,0.9657270408163264,0.75,1.0,0.8571428571428571,1,0.25,3,0.75,1.0,0.8571428571428571,1,0.25,,0.0,False,4.0,0.193172248935117,0.0159074776373711,0.2090797265724882,,,,,0.6,DESCRIPTIVE_NO_INFERENCE
S13,S13,1103,1103,OK,shil.cpss_one_se,shil,cpss_one_se,shil.final_development_selection_frequency,3,1.0,0.8946428571428572,0.8946425211815088,0.2339098356455512,0.9659948979591836,1.0,1.0,1.0,0,0.0,3,1.0,1.0,1.0,0,0.0,,,False,,0.190611313348345,0.0155703501916669,0.206181663540012,4.0,0.9,3.0,3.0,1.0,DESCRIPTIVE_NO_INFERENCE
S13,S13,1103,1103,OK,l1.fixed_k.k01,l1,fixed_k,l1.final_ranker_score,1,1.0,0.6821428571428572,0.6820414673046252,0.6095357616802606,0.7461607142857143,1.0,0.3333333333333333,0.5,0,0.0,1,1.0,0.3333333333333333,0.5,0,0.0,1.0,0.0,False,,,,,,,,,1.0,DESCRIPTIVE_NO_INFERENCE
S13,S13,1103,1103,OK,l1.fixed_k.k02,l1,fixed_k,l1.final_ranker_score,2,1.0,0.8,0.7999897953977244,0.4621035021546788,0.8740561224489796,1.0,0.6666666666666666,0.8,0,0.0,2,1.0,0.6666666666666666,0.8,0,0.0,2.0,0.0,False,,,,,,,,,1.0,DESCRIPTIVE_NO_INFERENCE
S13,S13,1103,1103,OK,l1.fixed_k.k04,l1,fixed_k,l1.final_ranker_score,4,1.0,0.8910714285714286,0.89107108122156,0.2381847263465683,0.9649617346938776,0.75,1.0,0.8571428571428571,1,0.25,3,0.75,1.0,0.8571428571428571,1,0.25,4.0,0.0,False,,,,,,,,,0.6,DESCRIPTIVE_NO_INFERENCE
S13,S13,1103,1103,OK,l1.fixed_k.k08,l1,fixed_k,l1.final_ranker_score,8,1.0,0.8785714285714286,0.878565232920047,0.2431382245499986,0.9631122448979592,0.375,1.0,0.5454545454545454,5,0.625,3,0.375,1.0,0.5454545454545454,5,0.625,8.0,0.0,False,,,,,,,,,0.23076923076923078,DESCRIPTIVE_NO_INFERENCE
S13,S13,1103,1103,OK,l1.fixed_k.k16,l1,fixed_k,l1.final_ranker_score,16,1.0,0.8714285714285714,0.8714220113271085,0.2534268282944685,0.9601658163265306,0.1875,1.0,0.3157894736842105,13,0.8125,3,0.1875,1.0,0.3157894736842105,13,0.8125,16.0,0.0,False,,,,,,,,,0.12128768067465384,DESCRIPTIVE_NO_INFERENCE
S13,S13,1103,1103,OK,l1.validation_one_se,l1,validation_one_se,l1.final_ranker_score,4,1.0,0.8910714285714286,0.89107108122156,0.2381847263465683,0.9649617346938776,0.75,1.0,0.8571428571428571,1,0.25,3,0.75,1.0,0.8571428571428571,1,0.25,,0.0,False,4.0,0.1950372461031356,0.0161294724307206,0.2111667185338562,,,,,0.6,DESCRIPTIVE_NO_INFERENCE
S13,S13,1103,1103,OK,l1.cpss_one_se,l1,cpss_one_se,l1.final_development_selection_frequency,3,1.0,0.8946428571428572,0.8946425211815088,0.2339098356455512,0.9659948979591836,1.0,1.0,1.0,0,0.0,3,1.0,1.0,1.0,0,0.0,,,False,,0.190611313348345,0.0155703501916669,0.206181663540012,4.0,0.9,3.0,3.0,1.0,DESCRIPTIVE_NO_INFERENCE
S13,S13,1129,1129,OK,shil.fixed_k.k01,shil,fixed_k,shil.final_ranker_score,1,1.0,0.6910714285714286,0.6907864709505891,0.5647853226740943,0.7691709183673469,1.0,0.3333333333333333,0.5,0,0.0,1,1.0,0.3333333333333333,0.5,0,0.0,1.0,0.0,False,,,,,,,,,1.0,DESCRIPTIVE_NO_INFERENCE
S13,S13,1129,1129,OK,shil.fixed_k.k02,shil,fixed_k,shil.final_ranker_score,2,1.0,0.7928571428571428,0.7927910685805423,0.4276159639882488,0.884094387755102,1.0,0.6666666666666666,0.8,0,0.0,2,1.0,0.6666666666666666,0.8,0,0.0,2.0,0.0,False,,,,,,,,,0.9259259259259258,DESCRIPTIVE_NO_INFERENCE
S13,S13,1129,1129,OK,shil.fixed_k.k04,shil,fixed_k,shil.final_ranker_score,4,1.0,0.9107142857142856,0.9107097300882698,0.2127334245081138,0.971747448979592,0.75,1.0,0.8571428571428571,1,0.25,3,0.75,1.0,0.8571428571428571,1,0.25,4.0,0.0,False,,,,,,,,,0.6,DESCRIPTIVE_NO_INFERENCE
S13,S13,1129,1129,OK,shil.fixed_k.k08,shil,fixed_k,shil.final_ranker_score,8,1.0,0.9053571428571427,0.9053568410613556,0.2142276486341769,0.971670918367347,0.375,1.0,0.5454545454545454,5,0.625,3,0.375,1.0,0.5454545454545454,5,0.625,8.0,0.0,False,,,,,,,,,0.23076923076923078,DESCRIPTIVE_NO_INFERENCE
S13,S13,1129,1129,OK,shil.fixed_k.k16,shil,fixed_k,shil.final_ranker_score,16,1.0,0.9035714285714286,0.903560357694123,0.2145378553869415,0.9713520408163264,0.1875,1.0,0.3157894736842105,13,0.8125,3,0.1875,1.0,0.3157894736842105,13,0.8125,16.0,0.0,False,,,,,,,,,0.11220580186097427,DESCRIPTIVE_NO_INFERENCE
S13,S13,1129,1129,OK,shil.validation_one_se,shil,validation_one_se,shil.final_ranker_score,4,1.0,0.9107142857142856,0.9107097300882698,0.2127334245081138,0.971747448979592,0.75,1.0,0.8571428571428571,1,0.25,3,0.75,1.0,0.8571428571428571,1,0.25,,0.0,False,4.0,0.2117611800445244,0.0189870120834994,0.2307481921280238,,,,,0.6,DESCRIPTIVE_NO_INFERENCE
S13,S13,1129,1129,OK,shil.cpss_one_se,shil,cpss_one_se,shil.final_development_selection_frequency,3,1.0,0.9107142857142856,0.910713146851363,0.2124489483205666,0.971811224489796,1.0,1.0,1.0,0,0.0,3,1.0,1.0,1.0,0,0.0,,,False,,0.2118456544361531,0.0189315883818242,0.2307772428179774,4.0,0.9,3.0,3.0,1.0,DESCRIPTIVE_NO_INFERENCE
S13,S13,1129,1129,OK,l1.fixed_k.k01,l1,fixed_k,l1.final_ranker_score,1,1.0,0.6910714285714286,0.6907864709505891,0.5647853226740943,0.7691709183673469,1.0,0.3333333333333333,0.5,0,0.0,1,1.0,0.3333333333333333,0.5,0,0.0,1.0,0.0,False,,,,,,,,,1.0,DESCRIPTIVE_NO_INFERENCE
S13,S13,1129,1129,OK,l1.fixed_k.k02,l1,fixed_k,l1.final_ranker_score,2,1.0,0.7928571428571428,0.7927910685805423,0.4276159639882488,0.884094387755102,1.0,0.6666666666666666,0.8,0,0.0,2,1.0,0.6666666666666666,0.8,0,0.0,2.0,0.0,False,,,,,,,,,1.0,DESCRIPTIVE_NO_INFERENCE
S13,S13,1129,1129,OK,l1.fixed_k.k04,l1,fixed_k,l1.final_ranker_score,4,1.0,0.9089285714285714,0.9089213106912222,0.2145602270533834,0.970969387755102,0.75,1.0,0.8571428571428571,1,0.25,3,0.75,1.0,0.8571428571428571,1,0.25,4.0,0.0,False,,,,,,,,,0.6,DESCRIPTIVE_NO_INFERENCE
S13,S13,1129,1129,OK,l1.fixed_k.k08,l1,fixed_k,l1.final_ranker_score,8,1.0,0.9,0.8999987244735265,0.2186741177325972,0.9698341836734694,0.375,1.0,0.5454545454545454,5,0.625,3,0.375,1.0,0.5454545454545454,5,0.625,8.0,0.0,False,,,,,,,,,0.23076923076923078,DESCRIPTIVE_NO_INFERENCE
S13,S13,1129,1129,OK,l1.fixed_k.k16,l1,fixed_k,l1.final_ranker_score,16,1.0,0.8982142857142857,0.8982061707725425,0.2231371803199376,0.9685586734693878,0.1875,1.0,0.3157894736842105,13,0.8125,3,0.1875,1.0,0.3157894736842105,13,0.8125,16.0,0.0,False,,,,,,,,,0.10344827586206896,DESCRIPTIVE_NO_INFERENCE
S13,S13,1129,1129,OK,l1.validation_one_se,l1,validation_one_se,l1.final_ranker_score,4,1.0,0.9089285714285714,0.9089213106912222,0.2145602270533834,0.970969387755102,0.75,1.0,0.8571428571428571,1,0.25,3,0.75,1.0,0.8571428571428571,1,0.25,,0.0,False,4.0,0.2123954262317032,0.0191179434031635,0.2315133696348668,,,,,0.6,DESCRIPTIVE_NO_INFERENCE
S13,S13,1129,1129,OK,l1.cpss_one_se,l1,cpss_one_se,l1.final_development_selection_frequency,3,1.0,0.9107142857142856,0.910713146851363,0.2124489483205666,0.971811224489796,1.0,1.0,1.0,0,0.0,3,1.0,1.0,1.0,0,0.0,,,False,,0.2118456544361531,0.0189315883818242,0.2307772428179774,4.0,0.9,3.0,3.0,1.0,DESCRIPTIVE_NO_INFERENCE
S13,S13,1151,1151,OK,shil.fixed_k.k01,shil,fixed_k,shil.final_ranker_score,1,1.0,0.6910714285714286,0.6909521849948481,0.5585115886394784,0.7751913265306123,1.0,0.3333333333333333,0.5,0,0.0,1,1.0,0.3333333333333333,0.5,0,0.0,1.0,0.0,False,,,,,,,,,1.0,DESCRIPTIVE_NO_INFERENCE
S13,S13,1151,1151,OK,shil.fixed_k.k02,shil,fixed_k,shil.final_ranker_score,2,1.0,0.8053571428571429,0.8053515566454394,0.4272979035951605,0.8884183673469388,1.0,0.6666666666666666,0.8,0,0.0,2,1.0,0.6666666666666666,0.8,0,0.0,2.0,0.0,False,,,,,,,,,0.9259259259259258,DESCRIPTIVE_NO_INFERENCE
S13,S13,1151,1151,OK,shil.fixed_k.k04,shil,fixed_k,shil.final_ranker_score,4,1.0,0.8857142857142857,0.8857128279697446,0.2214210146416969,0.9695025510204084,0.75,1.0,0.8571428571428571,1,0.25,3,0.75,1.0,0.8571428571428571,1,0.25,4.0,0.0,False,,,,,,,,,0.6,DESCRIPTIVE_NO_INFERENCE
S13,S13,1151,1151,OK,shil.fixed_k.k08,shil,fixed_k,shil.final_ranker_score,8,1.0,0.8875,0.8874967712721347,0.2192496237495301,0.970216836734694,0.375,1.0,0.5454545454545454,5,0.625,3,0.375,1.0,0.5454545454545454,5,0.625,8.0,0.0,False,,,,,,,,,0.23076923076923078,DESCRIPTIVE_NO_INFERENCE
S13,S13,1151,1151,OK,shil.fixed_k.k16,shil,fixed_k,shil.final_ranker_score,16,1.0,0.8821428571428571,0.882141353843799,0.2162326184119813,0.9709311224489796,0.1875,1.0,0.3157894736842105,13,0.8125,3,0.1875,1.0,0.3157894736842105,13,0.8125,16.0,0.0,False,,,,,,,,,0.11220580186097427,DESCRIPTIVE_NO_INFERENCE
S13,S13,1151,1151,OK,shil.validation_one_se,shil,validation_one_se,shil.final_ranker_score,4,1.0,0.8857142857142857,0.8857128279697446,0.2214210146416969,0.9695025510204084,0.75,1.0,0.8571428571428571,1,0.25,3,0.75,1.0,0.8571428571428571,1,0.25,,0.0,False,4.0,0.2261038164553304,0.018523446106422,0.2443339131933932,,,,,0.6,DESCRIPTIVE_NO_INFERENCE
S13,S13,1151,1151,OK,shil.cpss_one_se,shil,cpss_one_se,shil.final_development_selection_frequency,3,1.0,0.8857142857142857,0.8857128279697446,0.2222236757698905,0.9694260204081632,1.0,1.0,1.0,0,0.0,3,1.0,1.0,1.0,0,0.0,,,False,,0.2258004541504717,0.0184126257661069,0.2442130799165787,4.0,0.9,3.0,3.0,1.0,DESCRIPTIVE_NO_INFERENCE
S13,S13,1151,1151,OK,l1.fixed_k.k01,l1,fixed_k,l1.final_ranker_score,1,1.0,0.6910714285714286,0.6909521849948481,0.5585115886394784,0.7751913265306123,1.0,0.3333333333333333,0.5,0,0.0,1,1.0,0.3333333333333333,0.5,0,0.0,1.0,0.0,False,,,,,,,,,1.0,DESCRIPTIVE_NO_INFERENCE
S13,S13,1151,1151,OK,l1.fixed_k.k02,l1,fixed_k,l1.final_ranker_score,2,1.0,0.8053571428571429,0.8053515566454394,0.4272979035951605,0.8884183673469388,1.0,0.6666666666666666,0.8,0,0.0,2,1.0,0.6666666666666666,0.8,0,0.0,2.0,0.0,False,,,,,,,,,1.0,DESCRIPTIVE_NO_INFERENCE
S13,S13,1151,1151,OK,l1.fixed_k.k04,l1,fixed_k,l1.final_ranker_score,4,1.0,0.8839285714285714,0.8839193175476361,0.2285349553514515,0.9675892857142856,0.75,1.0,0.8571428571428571,1,0.25,3,0.75,1.0,0.8571428571428571,1,0.25,4.0,0.0,False,,,,,,,,,0.6,DESCRIPTIVE_NO_INFERENCE
S13,S13,1151,1151,OK,l1.fixed_k.k08,l1,fixed_k,l1.final_ranker_score,8,1.0,0.8839285714285714,0.8839193175476361,0.2363136002122151,0.9655994897959184,0.375,1.0,0.5454545454545454,5,0.625,3,0.375,1.0,0.5454545454545454,5,0.625,8.0,0.0,False,,,,,,,,,0.23076923076923078,DESCRIPTIVE_NO_INFERENCE
S13,S13,1151,1151,OK,l1.fixed_k.k16,l1,fixed_k,l1.final_ranker_score,16,1.0,0.8839285714285714,0.8838985834989268,0.2393416188942957,0.9649489795918368,0.1875,1.0,0.3157894736842105,13,0.8125,3,0.1875,1.0,0.3157894736842105,13,0.8125,16.0,0.0,False,,,,,,,,,0.10344827586206896,DESCRIPTIVE_NO_INFERENCE
S13,S13,1151,1151,OK,l1.validation_one_se,l1,validation_one_se,l1.final_ranker_score,4,1.0,0.8839285714285714,0.8839193175476361,0.2285349553514515,0.9675892857142856,0.75,1.0,0.8571428571428571,1,0.25,3,0.75,1.0,0.8571428571428571,1,0.25,,0.0,False,4.0,0.2282894382436825,0.0189798514048284,0.2472692896485109,,,,,0.6,DESCRIPTIVE_NO_INFERENCE
S13,S13,1151,1151,OK,l1.cpss_one_se,l1,cpss_one_se,l1.final_development_selection_frequency,3,1.0,0.8857142857142857,0.8857128279697446,0.2222236757698905,0.9694260204081632,1.0,1.0,1.0,0,0.0,3,1.0,1.0,1.0,0,0.0,,,False,,0.2258004541504717,0.0184126257661069,0.2442130799165787,4.0,0.9,3.0,3.0,1.0,DESCRIPTIVE_NO_INFERENCE
S13,S13,1171,1171,OK,shil.fixed_k.k01,shil,fixed_k,shil.final_ranker_score,1,1.0,0.6946428571428571,0.694478210515233,0.5329309608542298,0.7971683673469389,1.0,0.3333333333333333,0.5,0,0.0,1,1.0,0.3333333333333333,0.5,0,0.0,1.0,0.0,False,,,,,,,,,1.0,DESCRIPTIVE_NO_INFERENCE
S13,S13,1171,1171,OK,shil.fixed_k.k02,shil,fixed_k,shil.final_ranker_score,2,1.0,0.7928571428571428,0.7928571428571428,0.4300036652376301,0.8791071428571429,1.0,0.6666666666666666,0.8,0,0.0,2,1.0,0.6666666666666666,0.8,0,0.0,2.0,0.0,False,,,,,,,,,0.3333333333333333,DESCRIPTIVE_NO_INFERENCE
S13,S13,1171,1171,OK,shil.fixed_k.k04,shil,fixed_k,shil.final_ranker_score,4,1.0,0.9071428571428573,0.9071416727254172,0.2211146798711781,0.9698469387755104,0.75,1.0,0.8571428571428571,1,0.25,3,0.75,1.0,0.8571428571428571,1,0.25,4.0,0.0,False,,,,,,,,,0.6,DESCRIPTIVE_NO_INFERENCE
S13,S13,1171,1171,OK,shil.fixed_k.k08,shil,fixed_k,shil.final_ranker_score,8,1.0,0.8982142857142857,0.8982061707725425,0.2217550382497758,0.9693367346938776,0.375,1.0,0.5454545454545454,5,0.625,3,0.375,1.0,0.5454545454545454,5,0.625,8.0,0.0,False,,,,,,,,,0.23076923076923078,DESCRIPTIVE_NO_INFERENCE
S13,S13,1171,1171,OK,shil.fixed_k.k16,shil,fixed_k,shil.final_ranker_score,16,1.0,0.8928571428571429,0.8928448418823589,0.2298275428727668,0.9673086734693876,0.1875,1.0,0.3157894736842105,13,0.8125,3,0.1875,1.0,0.3157894736842105,13,0.8125,16.0,0.0,False,,,,,,,,,0.11658456486042693,DESCRIPTIVE_NO_INFERENCE
S13,S13,1171,1171,OK,shil.validation_one_se,shil,validation_one_se,shil.final_ranker_score,4,1.0,0.9071428571428573,0.9071416727254172,0.2211146798711781,0.9698469387755104,0.75,1.0,0.8571428571428571,1,0.25,3,0.75,1.0,0.8571428571428571,1,0.25,,0.0,False,4.0,0.2264744321054291,0.018516674295936,0.2449911064013652,,,,,0.6,DESCRIPTIVE_NO_INFERENCE
S13,S13,1171,1171,OK,shil.cpss_one_se,shil,cpss_one_se,shil.final_development_selection_frequency,3,1.0,0.9089285714285714,0.9089282810213042,0.2187638993069604,0.970625,1.0,1.0,1.0,0,0.0,3,1.0,1.0,1.0,0,0.0,,,False,,0.2231325062438569,0.0182915105358704,0.2414240167797273,4.0,0.9,3.0,3.0,1.0,DESCRIPTIVE_NO_INFERENCE
S13,S13,1171,1171,OK,l1.fixed_k.k01,l1,fixed_k,l1.final_ranker_score,1,1.0,0.6946428571428571,0.694478210515233,0.5329309608542298,0.7971683673469389,1.0,0.3333333333333333,0.5,0,0.0,1,1.0,0.3333333333333333,0.5,0,0.0,1.0,0.0,False,,,,,,,,,1.0,DESCRIPTIVE_NO_INFERENCE
S13,S13,1171,1171,OK,l1.fixed_k.k02,l1,fixed_k,l1.final_ranker_score,2,1.0,0.8267857142857142,0.8267851619424806,0.3837133225911074,0.909719387755102,1.0,0.6666666666666666,0.8,0,0.0,2,1.0,0.6666666666666666,0.8,0,0.0,2.0,0.0,False,,,,,,,,,1.0,DESCRIPTIVE_NO_INFERENCE
S13,S13,1171,1171,OK,l1.fixed_k.k04,l1,fixed_k,l1.final_ranker_score,4,1.0,0.9071428571428573,0.9071428571428573,0.2217012752458716,0.9692729591836736,0.75,1.0,0.8571428571428571,1,0.25,3,0.75,1.0,0.8571428571428571,1,0.25,4.0,0.0,False,,,,,,,,,0.6,DESCRIPTIVE_NO_INFERENCE
S13,S13,1171,1171,OK,l1.fixed_k.k08,l1,fixed_k,l1.final_ranker_score,8,1.0,0.8946428571428572,0.8946398334135865,0.2318906142802554,0.9671173469387756,0.375,1.0,0.5454545454545454,5,0.625,3,0.375,1.0,0.5454545454545454,5,0.625,8.0,0.0,False,,,,,,,,,0.23076923076923078,DESCRIPTIVE_NO_INFERENCE
S13,S13,1171,1171,OK,l1.fixed_k.k16,l1,fixed_k,l1.final_ranker_score,16,1.0,0.8946428571428572,0.894615637329795,0.2454029829978294,0.9641326530612244,0.1875,1.0,0.3157894736842105,13,0.8125,3,0.1875,1.0,0.3157894736842105,13,0.8125,16.0,0.0,False,,,,,,,,,0.11253015467574855,DESCRIPTIVE_NO_INFERENCE
S13,S13,1171,1171,OK,l1.validation_one_se,l1,validation_one_se,l1.final_ranker_score,4,1.0,0.9071428571428573,0.9071428571428573,0.2217012752458716,0.9692729591836736,0.75,1.0,0.8571428571428571,1,0.25,3,0.75,1.0,0.8571428571428571,1,0.25,,0.0,False,4.0,0.2237393466256305,0.0183970744106255,0.242136421036256,,,,,0.6,DESCRIPTIVE_NO_INFERENCE
S13,S13,1171,1171,OK,l1.cpss_one_se,l1,cpss_one_se,l1.final_development_selection_frequency,3,1.0,0.9089285714285714,0.9089282810213042,0.2187638993069604,0.970625,1.0,1.0,1.0,0,0.0,3,1.0,1.0,1.0,0,0.0,,,False,,0.2231325062438569,0.0182915105358704,0.2414240167797273,4.0,0.9,3.0,3.0,1.0,DESCRIPTIVE_NO_INFERENCE
S13,S13,1181,1181,OK,shil.fixed_k.k01,shil,fixed_k,shil.final_ranker_score,1,1.0,0.7375,0.7373986774233681,0.5196986039823598,0.8155102040816327,1.0,0.3333333333333333,0.5,0,0.0,1,1.0,0.3333333333333333,0.5,0,0.0,1.0,0.0,False,,,,,,,,,1.0,DESCRIPTIVE_NO_INFERENCE
S13,S13,1181,1181,OK,shil.fixed_k.k02,shil,fixed_k,shil.final_ranker_score,2,1.0,0.8357142857142857,0.8355044699872286,0.3894330930191841,0.909311224489796,1.0,0.6666666666666666,0.8,0,0.0,2,1.0,0.6666666666666666,0.8,0,0.0,2.0,0.0,False,,,,,,,,,0.9259259259259258,DESCRIPTIVE_NO_INFERENCE
S13,S13,1181,1181,OK,shil.fixed_k.k04,shil,fixed_k,shil.final_ranker_score,4,1.0,0.9196428571428572,0.9196405509086676,0.1795023131870625,0.9810969387755102,0.75,1.0,0.8571428571428571,1,0.25,3,0.75,1.0,0.8571428571428571,1,0.25,4.0,0.0,False,,,,,,,,,0.6,DESCRIPTIVE_NO_INFERENCE
S13,S13,1181,1181,OK,shil.fixed_k.k08,shil,fixed_k,shil.final_ranker_score,8,1.0,0.9214285714285714,0.9214275692291992,0.1799538183344703,0.9808035714285712,0.375,1.0,0.5454545454545454,5,0.625,3,0.375,1.0,0.5454545454545454,5,0.625,8.0,0.0,False,,,,,,,,,0.24216524216524216,DESCRIPTIVE_NO_INFERENCE
S13,S13,1181,1181,OK,shil.fixed_k.k16,shil,fixed_k,shil.final_ranker_score,16,1.0,0.9232142857142858,0.9232120819793936,0.1817815159963392,0.9801785714285716,0.1875,1.0,0.3157894736842105,13,0.8125,3,0.1875,1.0,0.3157894736842105,13,0.8125,16.0,0.0,False,,,,,,,,,0.11253015467574855,DESCRIPTIVE_NO_INFERENCE
S13,S13,1181,1181,OK,shil.validation_one_se,shil,validation_one_se,shil.final_ranker_score,4,1.0,0.9196428571428572,0.9196405509086676,0.1795023131870625,0.9810969387755102,0.75,1.0,0.8571428571428571,1,0.25,3,0.75,1.0,0.8571428571428571,1,0.25,,0.0,False,4.0,0.1932870816779781,0.0178793202578059,0.2103476903149947,,,,,0.6,DESCRIPTIVE_NO_INFERENCE
S13,S13,1181,1181,OK,shil.cpss_one_se,shil,cpss_one_se,shil.final_development_selection_frequency,3,1.0,0.9196428571428572,0.9196405509086676,0.1793175285738218,0.9811479591836736,1.0,1.0,1.0,0,0.0,3,1.0,1.0,1.0,0,0.0,,,False,,0.193336129935883,0.0178767176021022,0.2112128475379852,4.0,0.9,3.0,3.0,1.0,DESCRIPTIVE_NO_INFERENCE
S13,S13,1181,1181,OK,l1.fixed_k.k01,l1,fixed_k,l1.final_ranker_score,1,1.0,0.7375,0.7373986774233681,0.5196986039823598,0.8155102040816327,1.0,0.3333333333333333,0.5,0,0.0,1,1.0,0.3333333333333333,0.5,0,0.0,1.0,0.0,False,,,,,,,,,1.0,DESCRIPTIVE_NO_INFERENCE
S13,S13,1181,1181,OK,l1.fixed_k.k02,l1,fixed_k,l1.final_ranker_score,2,1.0,0.8357142857142857,0.8355044699872286,0.3894330930191841,0.909311224489796,1.0,0.6666666666666666,0.8,0,0.0,2,1.0,0.6666666666666666,0.8,0,0.0,2.0,0.0,False,,,,,,,,,1.0,DESCRIPTIVE_NO_INFERENCE
S13,S13,1181,1181,OK,l1.fixed_k.k04,l1,fixed_k,l1.final_ranker_score,4,1.0,0.9142857142857144,0.914281340884739,0.1827634154216388,0.9799489795918368,0.75,1.0,0.8571428571428571,1,0.25,3,0.75,1.0,0.8571428571428571,1,0.25,4.0,0.0,False,,,,,,,,,0.6,DESCRIPTIVE_NO_INFERENCE
S13,S13,1181,1181,OK,l1.fixed_k.k08,l1,fixed_k,l1.final_ranker_score,8,1.0,0.9196428571428572,0.9196426009011508,0.1840231641646374,0.9795025510204082,0.375,1.0,0.5454545454545454,5,0.625,3,0.375,1.0,0.5454545454545454,5,0.625,8.0,0.0,False,,,,,,,,,0.23076923076923078,DESCRIPTIVE_NO_INFERENCE
S13,S13,1181,1181,OK,l1.fixed_k.k16,l1,fixed_k,l1.final_ranker_score,16,1.0,0.9142857142857144,0.9142846209773084,0.1975547128558877,0.975905612244898,0.1875,1.0,0.3157894736842105,13,0.8125,3,0.1875,1.0,0.3157894736842105,13,0.8125,16.0,0.0,False,,,,,,,,,0.11220580186097427,DESCRIPTIVE_NO_INFERENCE
S13,S13,1181,1181,OK,l1.validation_one_se,l1,validation_one_se,l1.final_ranker_score,4,1.0,0.9142857142857144,0.914281340884739,0.1827634154216388,0.9799489795918368,0.75,1.0,0.8571428571428571,1,0.25,3,0.75,1.0,0.8571428571428571,1,0.25,,0.0,False,4.0,0.1976376541044232,0.0183972366094166,0.2160348907138398,,,,,0.6,DESCRIPTIVE_NO_INFERENCE
S13,S13,1181,1181,OK,l1.cpss_one_se,l1,cpss_one_se,l1.final_development_selection_frequency,3,1.0,0.9196428571428572,0.9196405509086676,0.1793175285738218,0.9811479591836736,1.0,1.0,1.0,0,0.0,3,1.0,1.0,1.0,0,0.0,,,False,,0.193336129935883,0.0178767176021022,0.2112128475379852,4.0,0.9,3.0,3.0,1.0,DESCRIPTIVE_NO_INFERENCE
S13,S13,1201,1201,OK,shil.fixed_k.k01,shil,fixed_k,shil.final_ranker_score,1,1.0,0.7214285714285714,0.7213965888941333,0.5602751139414679,0.7863392857142857,1.0,0.3333333333333333,0.5,0,0.0,1,1.0,0.3333333333333333,0.5,0,0.0,1.0,0.0,False,,,,,,,,,1.0,DESCRIPTIVE_NO_INFERENCE
S13,S13,1201,1201,OK,shil.fixed_k.k02,shil,fixed_k,shil.final_ranker_score,2,1.0,0.8089285714285714,0.8089133381168779,0.402427968197514,0.9001530612244898,1.0,0.6666666666666666,0.8,0,0.0,2,1.0,0.6666666666666666,0.8,0,0.0,2.0,0.0,False,,,,,,,,,0.9259259259259258,DESCRIPTIVE_NO_INFERENCE
S13,S13,1201,1201,OK,shil.fixed_k.k04,shil,fixed_k,shil.final_ranker_score,4,1.0,0.9178571428571428,0.9178529516812082,0.2035539708998795,0.974438775510204,0.75,1.0,0.8571428571428571,1,0.25,3,0.75,1.0,0.8571428571428571,1,0.25,4.0,0.0,False,,,,,,,,,0.6,DESCRIPTIVE_NO_INFERENCE
S13,S13,1201,1201,OK,shil.fixed_k.k08,shil,fixed_k,shil.final_ranker_score,8,1.0,0.9160714285714284,0.9160690198379418,0.2108415654168048,0.9728826530612243,0.375,1.0,0.5454545454545454,5,0.625,3,0.375,1.0,0.5454545454545454,5,0.625,8.0,0.0,False,,,,,,,,,0.24216524216524216,DESCRIPTIVE_NO_INFERENCE
S13,S13,1201,1201,OK,shil.fixed_k.k16,shil,fixed_k,shil.final_ranker_score,16,1.0,0.9107142857142856,0.9107097300882698,0.2159720052253744,0.9710969387755102,0.1875,1.0,0.3157894736842105,13,0.8125,3,0.1875,1.0,0.3157894736842105,13,0.8125,16.0,0.0,False,,,,,,,,,0.1256664436741065,DESCRIPTIVE_NO_INFERENCE
S13,S13,1201,1201,OK,shil.validation_one_se,shil,validation_one_se,shil.final_ranker_score,4,1.0,0.9178571428571428,0.9178529516812082,0.2035539708998795,0.974438775510204,0.75,1.0,0.8571428571428571,1,0.25,3,0.75,1.0,0.8571428571428571,1,0.25,,0.0,False,4.0,0.2308464831666213,0.0183239025257039,0.2491703856923252,,,,,0.6,DESCRIPTIVE_NO_INFERENCE
S13,S13,1201,1201,OK,shil.cpss_one_se,shil,cpss_one_se,shil.final_development_selection_frequency,3,1.0,0.9142857142857144,0.9142758735058872,0.2028808430178403,0.9745025510204082,1.0,1.0,1.0,0,0.0,3,1.0,1.0,1.0,0,0.0,,,False,,0.2311782433793292,0.0183442990627803,0.2495225424421095,4.0,0.9,3.0,3.0,1.0,DESCRIPTIVE_NO_INFERENCE
S13,S13,1201,1201,OK,l1.fixed_k.k01,l1,fixed_k,l1.final_ranker_score,1,1.0,0.7214285714285714,0.7213965888941333,0.5602751139414679,0.7863392857142857,1.0,0.3333333333333333,0.5,0,0.0,1,1.0,0.3333333333333333,0.5,0,0.0,1.0,0.0,False,,,,,,,,,1.0,DESCRIPTIVE_NO_INFERENCE
S13,S13,1201,1201,OK,l1.fixed_k.k02,l1,fixed_k,l1.final_ranker_score,2,1.0,0.8089285714285714,0.8089133381168779,0.402427968197514,0.9001530612244898,1.0,0.6666666666666666,0.8,0,0.0,2,1.0,0.6666666666666666,0.8,0,0.0,2.0,0.0,False,,,,,,,,,1.0,DESCRIPTIVE_NO_INFERENCE
S13,S13,1201,1201,OK,l1.fixed_k.k04,l1,fixed_k,l1.final_ranker_score,4,1.0,0.9178571428571428,0.9178403755868544,0.2104873064054052,0.972563775510204,0.75,1.0,0.8571428571428571,1,0.25,3,0.75,1.0,0.8571428571428571,1,0.25,4.0,0.0,False,,,,,,,,,0.6,DESCRIPTIVE_NO_INFERENCE
S13,S13,1201,1201,OK,l1.fixed_k.k08,l1,fixed_k,l1.final_ranker_score,8,1.0,0.9125,0.912497488767216,0.22095282069567,0.9704336734693878,0.375,1.0,0.5454545454545454,5,0.625,3,0.375,1.0,0.5454545454545454,5,0.625,8.0,0.0,False,,,,,,,,,0.23076923076923078,DESCRIPTIVE_NO_INFERENCE
S13,S13,1201,1201,OK,l1.fixed_k.k16,l1,fixed_k,l1.final_ranker_score,16,1.0,0.8982142857142857,0.8981879886067511,0.2331349783217449,0.9673469387755104,0.1875,1.0,0.3157894736842105,13,0.8125,3,0.1875,1.0,0.3157894736842105,13,0.8125,16.0,0.0,False,,,,,,,,,0.11220580186097427,DESCRIPTIVE_NO_INFERENCE
S13,S13,1201,1201,OK,l1.validation_one_se,l1,validation_one_se,l1.final_ranker_score,4,1.0,0.9178571428571428,0.9178403755868544,0.2104873064054052,0.972563775510204,0.75,1.0,0.8571428571428571,1,0.25,3,0.75,1.0,0.8571428571428571,1,0.25,,0.0,False,4.0,0.2321261801474429,0.0185166067411538,0.2506427868885967,,,,,0.6,DESCRIPTIVE_NO_INFERENCE
S13,S13,1201,1201,OK,l1.cpss_one_se,l1,cpss_one_se,l1.final_development_selection_frequency,3,1.0,0.9142857142857144,0.9142758735058872,0.2028808430178403,0.9745025510204082,1.0,1.0,1.0,0,0.0,3,1.0,1.0,1.0,0,0.0,,,False,,0.2311782433793292,0.0183442990627803,0.2495225424421095,4.0,0.9,3.0,3.0,1.0,DESCRIPTIVE_NO_INFERENCE
S13,S13,1213,1213,OK,shil.fixed_k.k01,shil,fixed_k,shil.final_ranker_score,1,1.0,0.7535714285714286,0.7535211267605634,0.5110795392049138,0.8378061224489796,1.0,0.3333333333333333,0.5,0,0.0,1,1.0,0.3333333333333333,0.5,0,0.0,1.0,0.0,False,,,,,,,,,1.0,DESCRIPTIVE_NO_INFERENCE
S13,S13,1213,1213,OK,shil.fixed_k.k02,shil,fixed_k,shil.final_ranker_score,2,1.0,0.8303571428571429,0.8303522741405207,0.3675016260978346,0.918252551020408,1.0,0.6666666666666666,0.8,0,0.0,2,1.0,0.6666666666666666,0.8,0,0.0,2.0,0.0,False,,,,,,,,,0.9259259259259258,DESCRIPTIVE_NO_INFERENCE
S13,S13,1213,1213,OK,shil.fixed_k.k04,shil,fixed_k,shil.final_ranker_score,4,1.0,0.9107142857142856,0.9106858054226474,0.1978510819350783,0.977857142857143,0.75,1.0,0.8571428571428571,1,0.25,3,0.75,1.0,0.8571428571428571,1,0.25,4.0,0.0,False,,,,,,,,,0.6,DESCRIPTIVE_NO_INFERENCE
S13,S13,1213,1213,OK,shil.fixed_k.k08,shil,fixed_k,shil.final_ranker_score,8,1.0,0.9125,0.9124662258077894,0.1983340778925646,0.9774234693877552,0.375,1.0,0.5454545454545454,5,0.625,3,0.375,1.0,0.5454545454545454,5,0.625,8.0,0.0,False,,,,,,,,,0.23076923076923078,DESCRIPTIVE_NO_INFERENCE
S13,S13,1213,1213,OK,shil.fixed_k.k16,shil,fixed_k,shil.final_ranker_score,16,1.0,0.9107142857142856,0.910696060420494,0.1997235835344551,0.9769770408163266,0.1875,1.0,0.3157894736842105,13,0.8125,3,0.1875,1.0,0.3157894736842105,13,0.8125,16.0,0.0,False,,,,,,,,,0.10782703886152162,DESCRIPTIVE_NO_INFERENCE
S13,S13,1213,1213,OK,shil.validation_one_se,shil,validation_one_se,shil.final_ranker_score,4,1.0,0.9107142857142856,0.9106858054226474,0.1978510819350783,0.977857142857143,0.75,1.0,0.8571428571428571,1,0.25,3,0.75,1.0,0.8571428571428571,1,0.25,,0.0,False,4.0,0.204033131363442,0.0177824399856304,0.2218155713490724,,,,,0.6,DESCRIPTIVE_NO_INFERENCE
S13,S13,1213,1213,OK,shil.cpss_one_se,shil,cpss_one_se,shil.final_development_selection_frequency,3,1.0,0.9107142857142856,0.9106858054226474,0.1975364312410336,0.9777295918367348,1.0,1.0,1.0,0,0.0,3,1.0,1.0,1.0,0,0.0,,,False,,0.1991678014183594,0.0170673049829664,0.2162351064013259,4.0,0.9,3.0,3.0,1.0,DESCRIPTIVE_NO_INFERENCE
S13,S13,1213,1213,OK,l1.fixed_k.k01,l1,fixed_k,l1.final_ranker_score,1,1.0,0.7535714285714286,0.7535211267605634,0.5110795392049138,0.8378061224489796,1.0,0.3333333333333333,0.5,0,0.0,1,1.0,0.3333333333333333,0.5,0,0.0,1.0,0.0,False,,,,,,,,,1.0,DESCRIPTIVE_NO_INFERENCE
S13,S13,1213,1213,OK,l1.fixed_k.k02,l1,fixed_k,l1.final_ranker_score,2,1.0,0.8303571428571429,0.8303522741405207,0.3675016260978346,0.918252551020408,1.0,0.6666666666666666,0.8,0,0.0,2,1.0,0.6666666666666666,0.8,0,0.0,2.0,0.0,False,,,,,,,,,1.0,DESCRIPTIVE_NO_INFERENCE
S13,S13,1213,1213,OK,l1.fixed_k.k04,l1,fixed_k,l1.final_ranker_score,4,1.0,0.9125,0.9124773937145756,0.2030744670697933,0.9760204081632652,0.75,1.0,0.8571428571428571,1,0.25,3,0.75,1.0,0.8571428571428571,1,0.25,4.0,0.0,False,,,,,,,,,0.6,DESCRIPTIVE_NO_INFERENCE
S13,S13,1213,1213,OK,l1.fixed_k.k08,l1,fixed_k,l1.final_ranker_score,8,1.0,0.9125,0.9124930239974488,0.2028539517889276,0.9759311224489796,0.375,1.0,0.5454545454545454,5,0.625,3,0.375,1.0,0.5454545454545454,5,0.625,8.0,0.0,False,,,,,,,,,0.23076923076923078,DESCRIPTIVE_NO_INFERENCE
S13,S13,1213,1213,OK,l1.fixed_k.k16,l1,fixed_k,l1.final_ranker_score,16,1.0,0.9142857142857144,0.9142682180036742,0.2038116446408621,0.9752551020408164,0.1875,1.0,0.3157894736842105,13,0.8125,3,0.1875,1.0,0.3157894736842105,13,0.8125,16.0,0.0,False,,,,,,,,,0.11220580186097427,DESCRIPTIVE_NO_INFERENCE
S13,S13,1213,1213,OK,l1.validation_one_se,l1,validation_one_se,l1.final_ranker_score,4,1.0,0.9125,0.9124773937145756,0.2030744670697933,0.9760204081632652,0.75,1.0,0.8571428571428571,1,0.25,3,0.75,1.0,0.8571428571428571,1,0.25,,0.0,False,4.0,0.2018130684644931,0.0176180086430026,0.2194310771074958,,,,,0.6,DESCRIPTIVE_NO_INFERENCE
S13,S13,1213,1213,OK,l1.cpss_one_se,l1,cpss_one_se,l1.final_development_selection_frequency,3,1.0,0.9107142857142856,0.9106858054226474,0.1975364312410336,0.9777295918367348,1.0,1.0,1.0,0,0.0,3,1.0,1.0,1.0,0,0.0,,,False,,0.1991678014183594,0.0170673049829664,0.2162351064013259,4.0,0.9,3.0,3.0,1.0,DESCRIPTIVE_NO_INFERENCE
S13,S13,1231,1231,OK,shil.fixed_k.k01,shil,fixed_k,shil.final_ranker_score,1,1.0,0.7178571428571429,0.7177671451355663,0.5617128665784527,0.7828954081632653,1.0,0.3333333333333333,0.5,0,0.0,1,1.0,0.3333333333333333,0.5,0,0.0,1.0,0.0,False,,,,,,,,,1.0,DESCRIPTIVE_NO_INFERENCE
S13,S13,1231,1231,OK,shil.fixed_k.k02,shil,fixed_k,shil.final_ranker_score,2,1.0,0.8071428571428572,0.8070542596090041,0.4076619449141732,0.8940433673469388,1.0,0.6666666666666666,0.8,0,0.0,2,1.0,0.6666666666666666,0.8,0,0.0,2.0,0.0,False,,,,,,,,,0.9259259259259258,DESCRIPTIVE_NO_INFERENCE
S13,S13,1231,1231,OK,shil.fixed_k.k04,shil,fixed_k,shil.final_ranker_score,4,1.0,0.9053571428571427,0.9053544266257642,0.2115452433667859,0.9721938775510204,0.75,1.0,0.8571428571428571,1,0.25,3,0.75,1.0,0.8571428571428571,1,0.25,4.0,0.0,False,,,,,,,,,0.6,DESCRIPTIVE_NO_INFERENCE
S13,S13,1231,1231,OK,shil.fixed_k.k08,shil,fixed_k,shil.final_ranker_score,8,1.0,0.9035714285714286,0.903570198599472,0.2138077194215348,0.9714158163265308,0.375,1.0,0.5454545454545454,5,0.625,3,0.375,1.0,0.5454545454545454,5,0.625,8.0,0.0,False,,,,,,,,,0.23076923076923078,DESCRIPTIVE_NO_INFERENCE
S13,S13,1231,1231,OK,shil.fixed_k.k16,shil,fixed_k,shil.final_ranker_score,16,1.0,0.8928571428571429,0.8928516761059238,0.2138646558909007,0.9712882653061226,0.1875,1.0,0.3157894736842105,13,0.8125,3,0.1875,1.0,0.3157894736842105,13,0.8125,16.0,0.0,False,,,,,,,,,0.11658456486042693,DESCRIPTIVE_NO_INFERENCE
S13,S13,1231,1231,OK,shil.validation_one_se,shil,validation_one_se,shil.final_ranker_score,4,1.0,0.9053571428571427,0.9053544266257642,0.2115452433667859,0.9721938775510204,0.75,1.0,0.8571428571428571,1,0.25,3,0.75,1.0,0.8571428571428571,1,0.25,,0.0,False,4.0,0.206733877434994,0.0189054025034044,0.2256392799383984,,,,,0.6,DESCRIPTIVE_NO_INFERENCE
S13,S13,1231,1231,OK,shil.cpss_one_se,shil,cpss_one_se,shil.final_development_selection_frequency,3,1.0,0.9035714285714286,0.903570198599472,0.2125436858147802,0.9721173469387756,1.0,1.0,1.0,0,0.0,3,1.0,1.0,1.0,0,0.0,,,False,,0.2053690919525423,0.0186476443826667,0.224016736335209,4.0,0.9,3.0,3.0,1.0,DESCRIPTIVE_NO_INFERENCE
S13,S13,1231,1231,OK,l1.fixed_k.k01,l1,fixed_k,l1.final_ranker_score,1,1.0,0.7178571428571429,0.7177671451355663,0.5617128665784527,0.7828954081632653,1.0,0.3333333333333333,0.5,0,0.0,1,1.0,0.3333333333333333,0.5,0,0.0,1.0,0.0,False,,,,,,,,,1.0,DESCRIPTIVE_NO_INFERENCE
S13,S13,1231,1231,OK,l1.fixed_k.k02,l1,fixed_k,l1.final_ranker_score,2,1.0,0.8071428571428572,0.8070542596090041,0.4076619449141732,0.8940433673469388,1.0,0.6666666666666666,0.8,0,0.0,2,1.0,0.6666666666666666,0.8,0,0.0,2.0,0.0,False,,,,,,,,,1.0,DESCRIPTIVE_NO_INFERENCE
S13,S13,1231,1231,OK,l1.fixed_k.k04,l1,fixed_k,l1.final_ranker_score,4,1.0,0.8928571428571429,0.8928571428571429,0.2155095940579457,0.9708801020408164,0.75,1.0,0.8571428571428571,1,0.25,3,0.75,1.0,0.8571428571428571,1,0.25,4.0,0.0,False,,,,,,,,,0.6,DESCRIPTIVE_NO_INFERENCE
S13,S13,1231,1231,OK,l1.fixed_k.k08,l1,fixed_k,l1.final_ranker_score,8,1.0,0.8857142857142857,0.8857128279697446,0.2236296148293749,0.9689923469387756,0.375,1.0,0.5454545454545454,5,0.625,3,0.375,1.0,0.5454545454545454,5,0.625,8.0,0.0,False,,,,,,,,,0.23076923076923078,DESCRIPTIVE_NO_INFERENCE
S13,S13,1231,1231,OK,l1.fixed_k.k16,l1,fixed_k,l1.final_ranker_score,16,1.0,0.8928571428571429,0.8928571428571429,0.2209011905100347,0.9695153061224488,0.1875,1.0,0.3157894736842105,13,0.8125,3,0.1875,1.0,0.3157894736842105,13,0.8125,16.0,0.0,False,,,,,,,,,0.12534209085933223,DESCRIPTIVE_NO_INFERENCE
S13,S13,1231,1231,OK,l1.validation_one_se,l1,validation_one_se,l1.final_ranker_score,4,1.0,0.8928571428571429,0.8928571428571429,0.2155095940579457,0.9708801020408164,0.75,1.0,0.8571428571428571,1,0.25,3,0.75,1.0,0.8571428571428571,1,0.25,,0.0,False,4.0,0.2075946648627389,0.0187006545518204,0.2262953194145594,,,,,0.6,DESCRIPTIVE_NO_INFERENCE
S13,S13,1231,1231,OK,l1.cpss_one_se,l1,cpss_one_se,l1.final_development_selection_frequency,3,1.0,0.9035714285714286,0.903570198599472,0.2125436858147802,0.9721173469387756,1.0,1.0,1.0,0,0.0,3,1.0,1.0,1.0,0,0.0,,,False,,0.2053690919525423,0.0186476443826667,0.224016736335209,4.0,0.9,3.0,3.0,1.0,DESCRIPTIVE_NO_INFERENCE
S13,S13,1249,1249,OK,shil.fixed_k.k01,shil,fixed_k,shil.final_ranker_score,1,1.0,0.7267857142857143,0.7267639320736666,0.5569220145469911,0.7900637755102041,1.0,0.3333333333333333,0.5,0,0.0,1,1.0,0.3333333333333333,0.5,0,0.0,1.0,0.0,False,,,,,,,,,1.0,DESCRIPTIVE_NO_INFERENCE
S13,S13,1249,1249,OK,shil.fixed_k.k02,shil,fixed_k,shil.final_ranker_score,2,1.0,0.8035714285714286,0.8035614061941936,0.4059504610901421,0.8942346938775511,1.0,0.6666666666666666,0.8,0,0.0,2,1.0,0.6666666666666666,0.8,0,0.0,2.0,0.0,False,,,,,,,,,0.9259259259259258,DESCRIPTIVE_NO_INFERENCE
S13,S13,1249,1249,OK,shil.fixed_k.k04,shil,fixed_k,shil.final_ranker_score,4,1.0,0.8964285714285715,0.8964166804862803,0.2233073994564808,0.968966836734694,0.75,1.0,0.8571428571428571,1,0.25,3,0.75,1.0,0.8571428571428571,1,0.25,4.0,0.0,False,,,,,,,,,0.6,DESCRIPTIVE_NO_INFERENCE
S13,S13,1249,1249,OK,shil.fixed_k.k08,shil,fixed_k,shil.final_ranker_score,8,1.0,0.8946428571428572,0.8946344574663159,0.2228550178600559,0.968890306122449,0.375,1.0,0.5454545454545454,5,0.625,3,0.375,1.0,0.5454545454545454,5,0.625,8.0,0.0,False,,,,,,,,,0.23076923076923078,DESCRIPTIVE_NO_INFERENCE
S13,S13,1249,1249,OK,shil.fixed_k.k16,shil,fixed_k,shil.final_ranker_score,16,1.0,0.8964285714285715,0.896427250347581,0.2224734506881154,0.969719387755102,0.1875,1.0,0.3157894736842105,13,0.8125,3,0.1875,1.0,0.3157894736842105,13,0.8125,16.0,0.0,False,,,,,,,,,0.11220580186097427,DESCRIPTIVE_NO_INFERENCE
S13,S13,1249,1249,OK,shil.validation_one_se,shil,validation_one_se,shil.final_ranker_score,4,1.0,0.8964285714285715,0.8964166804862803,0.2233073994564808,0.968966836734694,0.75,1.0,0.8571428571428571,1,0.25,3,0.75,1.0,0.8571428571428571,1,0.25,,0.0,False,4.0,0.1986979250289191,0.0173240446070428,0.2160219696359619,,,,,0.6,DESCRIPTIVE_NO_INFERENCE
S13,S13,1249,1249,OK,shil.cpss_one_se,shil,cpss_one_se,shil.final_development_selection_frequency,3,1.0,0.8946428571428572,0.8946344574663159,0.2229806738424084,0.9689285714285714,1.0,1.0,1.0,0,0.0,3,1.0,1.0,1.0,0,0.0,,,False,,0.1979874512402377,0.0172234381817087,0.2152108894219465,4.0,0.9,3.0,3.0,1.0,DESCRIPTIVE_NO_INFERENCE
S13,S13,1249,1249,OK,l1.fixed_k.k01,l1,fixed_k,l1.final_ranker_score,1,1.0,0.7267857142857143,0.7267639320736666,0.5569220145469911,0.7900637755102041,1.0,0.3333333333333333,0.5,0,0.0,1,1.0,0.3333333333333333,0.5,0,0.0,1.0,0.0,False,,,,,,,,,1.0,DESCRIPTIVE_NO_INFERENCE
S13,S13,1249,1249,OK,l1.fixed_k.k02,l1,fixed_k,l1.final_ranker_score,2,1.0,0.8035714285714286,0.8035614061941936,0.4059504610901421,0.8942346938775511,1.0,0.6666666666666666,0.8,0,0.0,2,1.0,0.6666666666666666,0.8,0,0.0,2.0,0.0,False,,,,,,,,,1.0,DESCRIPTIVE_NO_INFERENCE
S13,S13,1249,1249,OK,l1.fixed_k.k04,l1,fixed_k,l1.final_ranker_score,4,1.0,0.8910714285714286,0.8910544058223383,0.2267154208666507,0.9680739795918368,0.75,1.0,0.8571428571428571,1,0.25,3,0.75,1.0,0.8571428571428571,1,0.25,4.0,0.0,False,,,,,,,,,0.6,DESCRIPTIVE_NO_INFERENCE
S13,S13,1249,1249,OK,l1.fixed_k.k08,l1,fixed_k,l1.final_ranker_score,8,1.0,0.8964285714285715,0.8964166804862803,0.2257582635939714,0.9682908163265308,0.375,1.0,0.5454545454545454,5,0.625,3,0.375,1.0,0.5454545454545454,5,0.625,8.0,0.0,False,,,,,,,,,0.23076923076923078,DESCRIPTIVE_NO_INFERENCE
S13,S13,1249,1249,OK,l1.fixed_k.k16,l1,fixed_k,l1.final_ranker_score,16,1.0,0.8803571428571428,0.8803476042414096,0.2421309143295297,0.9642474489795918,0.1875,1.0,0.3157894736842105,13,0.8125,3,0.1875,1.0,0.3157894736842105,13,0.8125,16.0,0.0,False,,,,,,,,,0.10344827586206896,DESCRIPTIVE_NO_INFERENCE
S13,S13,1249,1249,OK,l1.validation_one_se,l1,validation_one_se,l1.final_ranker_score,4,1.0,0.8910714285714286,0.8910544058223383,0.2267154208666507,0.9680739795918368,0.75,1.0,0.8571428571428571,1,0.25,3,0.75,1.0,0.8571428571428571,1,0.25,,0.0,False,4.0,0.195431559396208,0.0170781083444616,0.2125096677406696,,,,,0.6,DESCRIPTIVE_NO_INFERENCE
S13,S13,1249,1249,OK,l1.cpss_one_se,l1,cpss_one_se,l1.final_development_selection_frequency,3,1.0,0.8946428571428572,0.8946344574663159,0.2229806738424084,0.9689285714285714,1.0,1.0,1.0,0,0.0,3,1.0,1.0,1.0,0,0.0,,,False,,0.1979874512402377,0.0172234381817087,0.2152108894219465,4.0,0.9,3.0,3.0,1.0,DESCRIPTIVE_NO_INFERENCE
S13,S13,1277,1277,OK,shil.fixed_k.k01,shil,fixed_k,shil.final_ranker_score,1,1.0,0.6839285714285714,0.6838469119893851,0.5839466515779892,0.757704081632653,1.0,0.3333333333333333,0.5,0,0.0,1,1.0,0.3333333333333333,0.5,0,0.0,1.0,0.0,False,,,,,,,,,1.0,DESCRIPTIVE_NO_INFERENCE
S13,S13,1277,1277,OK,shil.fixed_k.k02,shil,fixed_k,shil.final_ranker_score,2,1.0,0.7875,0.7874830582795185,0.4417629992713438,0.8762755102040816,1.0,0.6666666666666666,0.8,0,0.0,2,1.0,0.6666666666666666,0.8,0,0.0,2.0,0.0,False,,,,,,,,,0.9259259259259258,DESCRIPTIVE_NO_INFERENCE
S13,S13,1277,1277,OK,shil.fixed_k.k04,shil,fixed_k,shil.final_ranker_score,4,1.0,0.8982142857142857,0.8981983792110374,0.2286169811006561,0.9676658163265306,0.75,1.0,0.8571428571428571,1,0.25,3,0.75,1.0,0.8571428571428571,1,0.25,4.0,0.0,False,,,,,,,,,0.6,DESCRIPTIVE_NO_INFERENCE
S13,S13,1277,1277,OK,shil.fixed_k.k08,shil,fixed_k,shil.final_ranker_score,8,1.0,0.9,0.8999540605380021,0.2300170897581961,0.9676913265306122,0.375,1.0,0.5454545454545454,5,0.625,3,0.375,1.0,0.5454545454545454,5,0.625,8.0,0.0,False,,,,,,,,,0.23076923076923078,DESCRIPTIVE_NO_INFERENCE
S13,S13,1277,1277,OK,shil.fixed_k.k16,shil,fixed_k,shil.final_ranker_score,16,1.0,0.9,0.8999374609130707,0.2362259548660855,0.9659438775510204,0.1875,1.0,0.3157894736842105,13,0.8125,3,0.1875,1.0,0.3157894736842105,13,0.8125,16.0,0.0,False,,,,,,,,,0.11220580186097427,DESCRIPTIVE_NO_INFERENCE
S13,S13,1277,1277,OK,shil.validation_one_se,shil,validation_one_se,shil.final_ranker_score,4,1.0,0.8982142857142857,0.8981983792110374,0.2286169811006561,0.9676658163265306,0.75,1.0,0.8571428571428571,1,0.25,3,0.75,1.0,0.8571428571428571,1,0.25,,0.0,False,4.0,0.2150496647199049,0.019127209212103,0.2338035970739275,,,,,0.6,DESCRIPTIVE_NO_INFERENCE
S13,S13,1277,1277,OK,shil.cpss_one_se,shil,cpss_one_se,shil.final_development_selection_frequency,3,1.0,0.8982142857142857,0.8981983792110374,0.2283220613048538,0.9676913265306122,1.0,1.0,1.0,0,0.0,3,1.0,1.0,1.0,0,0.0,,,False,,0.2124545382882615,0.0190278633360443,0.2314824016243059,4.0,0.9,3.0,3.0,1.0,DESCRIPTIVE_NO_INFERENCE
S13,S13,1277,1277,OK,l1.fixed_k.k01,l1,fixed_k,l1.final_ranker_score,1,1.0,0.6839285714285714,0.6838469119893851,0.5839466515779892,0.757704081632653,1.0,0.3333333333333333,0.5,0,0.0,1,1.0,0.3333333333333333,0.5,0,0.0,1.0,0.0,False,,,,,,,,,1.0,DESCRIPTIVE_NO_INFERENCE
S13,S13,1277,1277,OK,l1.fixed_k.k02,l1,fixed_k,l1.final_ranker_score,2,1.0,0.7875,0.7874830582795185,0.4417629992713438,0.8762755102040816,1.0,0.6666666666666666,0.8,0,0.0,2,1.0,0.6666666666666666,0.8,0,0.0,2.0,0.0,False,,,,,,,,,1.0,DESCRIPTIVE_NO_INFERENCE
S13,S13,1277,1277,OK,l1.fixed_k.k04,l1,fixed_k,l1.final_ranker_score,4,1.0,0.8982142857142857,0.8981983792110374,0.2308730941963097,0.9669897959183672,0.75,1.0,0.8571428571428571,1,0.25,3,0.75,1.0,0.8571428571428571,1,0.25,4.0,0.0,False,,,,,,,,,0.6,DESCRIPTIVE_NO_INFERENCE
S13,S13,1277,1277,OK,l1.fixed_k.k08,l1,fixed_k,l1.final_ranker_score,8,1.0,0.8964285714285715,0.8963955342902712,0.237957647981906,0.9644897959183674,0.375,1.0,0.5454545454545454,5,0.625,3,0.375,1.0,0.5454545454545454,5,0.625,8.0,0.0,False,,,,,,,,,0.23076923076923078,DESCRIPTIVE_NO_INFERENCE
S13,S13,1277,1277,OK,l1.fixed_k.k16,l1,fixed_k,l1.final_ranker_score,16,1.0,0.8946428571428572,0.8946425211815088,0.2479983016786347,0.961798469387755,0.1875,1.0,0.3157894736842105,13,0.8125,3,0.1875,1.0,0.3157894736842105,13,0.8125,16.0,0.0,False,,,,,,,,,0.10782703886152162,DESCRIPTIVE_NO_INFERENCE
S13,S13,1277,1277,OK,l1.validation_one_se,l1,validation_one_se,l1.final_ranker_score,4,1.0,0.8982142857142857,0.8981983792110374,0.2308730941963097,0.9669897959183672,0.75,1.0,0.8571428571428571,1,0.25,3,0.75,1.0,0.8571428571428571,1,0.25,,0.0,False,4.0,0.2134095228590947,0.0193737742386862,0.232783297097781,,,,,0.6,DESCRIPTIVE_NO_INFERENCE
S13,S13,1277,1277,OK,l1.cpss_one_se,l1,cpss_one_se,l1.final_development_selection_frequency,3,1.0,0.8982142857142857,0.8981983792110374,0.2283220613048538,0.9676913265306122,1.0,1.0,1.0,0,0.0,3,1.0,1.0,1.0,0,0.0,,,False,,0.2124545382882615,0.0190278633360443,0.2314824016243059,4.0,0.9,3.0,3.0,1.0,DESCRIPTIVE_NO_INFERENCE
