unit_id,condition,seed,ranker_id,phase,q,pi,chosen_parameter,k,eligible,nonempty,changed,delta_exact_f1,delta_group_f1
E01_2003,E01,2003,shil,cpss_tuning,4,0.6,False,1,True,True,False,0.0,0.0
E01_2003,E01,2003,shil,cpss_tuning,4,0.7,False,1,True,True,False,0.0,0.0
E01_2003,E01,2003,shil,cpss_tuning,4,0.8,False,0,True,False,False,0.0,0.0
E01_2003,E01,2003,shil,cpss_tuning,4,0.9,True,0,True,False,False,0.0,0.0
E01_2003,E01,2003,shil,cpss_tuning,8,0.6,False,1,True,True,False,0.0,0.0
E01_2003,E01,2003,shil,cpss_tuning,8,0.7,False,1,True,True,False,0.0,0.0
E01_2003,E01,2003,shil,cpss_tuning,8,0.8,False,1,True,True,False,0.0,0.0
E01_2003,E01,2003,shil,cpss_tuning,8,0.9,False,0,True,False,False,0.0,0.0
E01_2003,E01,2003,shil,cpss_tuning,16,0.6,False,2,True,True,False,0.0,0.0
E01_2003,E01,2003,shil,cpss_tuning,16,0.7,False,2,True,True,False,0.0,0.0
E01_2003,E01,2003,shil,cpss_tuning,16,0.8,False,1,True,True,False,0.0,0.0
E01_2003,E01,2003,shil,cpss_tuning,16,0.9,False,1,True,True,False,0.0,0.0
E01_2003,E01,2003,shil,cpss_final,4,0.6,False,1,True,True,True,0.0,0.0
E01_2003,E01,2003,shil,cpss_final,4,0.7,False,0,True,False,False,0.0,0.0
E01_2003,E01,2003,shil,cpss_final,4,0.8,False,0,True,False,False,0.0,0.0
E01_2003,E01,2003,shil,cpss_final,4,0.9,True,0,True,False,False,0.0,0.0
E01_2003,E01,2003,shil,cpss_final,8,0.6,False,3,True,True,False,0.0,0.0
E01_2003,E01,2003,shil,cpss_final,8,0.7,False,1,True,True,True,0.0,0.0
E01_2003,E01,2003,shil,cpss_final,8,0.8,False,0,True,False,False,0.0,0.0
E01_2003,E01,2003,shil,cpss_final,8,0.9,False,0,True,False,False,0.0,0.0
E01_2003,E01,2003,shil,cpss_final,16,0.6,False,3,True,True,False,0.0,0.0
E01_2003,E01,2003,shil,cpss_final,16,0.7,False,3,True,True,False,0.0,0.0
E01_2003,E01,2003,shil,cpss_final,16,0.8,False,3,True,True,False,0.0,0.0
E01_2003,E01,2003,shil,cpss_final,16,0.9,False,0,True,False,False,0.0,0.0
E01_2003,E01,2003,l1,cpss_tuning,4,0.6,False,0,True,False,False,0.0,0.0
E01_2003,E01,2003,l1,cpss_tuning,4,0.7,False,0,True,False,False,0.0,0.0
E01_2003,E01,2003,l1,cpss_tuning,4,0.8,False,0,True,False,False,0.0,0.0
E01_2003,E01,2003,l1,cpss_tuning,4,0.9,True,0,True,False,False,0.0,0.0
E01_2003,E01,2003,l1,cpss_tuning,8,0.6,False,0,True,False,False,0.0,0.0
E01_2003,E01,2003,l1,cpss_tuning,8,0.7,False,0,True,False,False,0.0,0.0
E01_2003,E01,2003,l1,cpss_tuning,8,0.8,False,0,True,False,False,0.0,0.0
E01_2003,E01,2003,l1,cpss_tuning,8,0.9,False,0,True,False,False,0.0,0.0
E01_2003,E01,2003,l1,cpss_tuning,16,0.6,False,0,True,False,False,0.0,0.0
E01_2003,E01,2003,l1,cpss_tuning,16,0.7,False,0,True,False,False,0.0,0.0
E01_2003,E01,2003,l1,cpss_tuning,16,0.8,False,0,True,False,False,0.0,0.0
E01_2003,E01,2003,l1,cpss_tuning,16,0.9,False,0,True,False,False,0.0,0.0
E01_2003,E01,2003,l1,cpss_final,4,0.6,False,0,True,False,False,0.0,0.0
E01_2003,E01,2003,l1,cpss_final,4,0.7,False,0,True,False,False,0.0,0.0
E01_2003,E01,2003,l1,cpss_final,4,0.8,False,0,True,False,False,0.0,0.0
E01_2003,E01,2003,l1,cpss_final,4,0.9,True,0,True,False,False,0.0,0.0
E01_2003,E01,2003,l1,cpss_final,8,0.6,False,0,True,False,False,0.0,0.0
E01_2003,E01,2003,l1,cpss_final,8,0.7,False,0,True,False,False,0.0,0.0
E01_2003,E01,2003,l1,cpss_final,8,0.8,False,0,True,False,False,0.0,0.0
E01_2003,E01,2003,l1,cpss_final,8,0.9,False,0,True,False,False,0.0,0.0
E01_2003,E01,2003,l1,cpss_final,16,0.6,False,0,True,False,False,0.0,0.0
E01_2003,E01,2003,l1,cpss_final,16,0.7,False,0,True,False,False,0.0,0.0
E01_2003,E01,2003,l1,cpss_final,16,0.8,False,0,True,False,False,0.0,0.0
E01_2003,E01,2003,l1,cpss_final,16,0.9,False,0,True,False,False,0.0,0.0
E01_2003,E01,2003,tree,cpss_tuning,4,0.6,False,0,True,False,False,0.0,0.0
E01_2003,E01,2003,tree,cpss_tuning,4,0.7,False,0,True,False,False,0.0,0.0
E01_2003,E01,2003,tree,cpss_tuning,4,0.8,False,0,True,False,False,0.0,0.0
E01_2003,E01,2003,tree,cpss_tuning,4,0.9,True,0,True,False,False,0.0,0.0
E01_2003,E01,2003,tree,cpss_tuning,8,0.6,False,0,True,False,False,0.0,0.0
E01_2003,E01,2003,tree,cpss_tuning,8,0.7,False,0,True,False,False,0.0,0.0
E01_2003,E01,2003,tree,cpss_tuning,8,0.8,False,0,True,False,False,0.0,0.0
E01_2003,E01,2003,tree,cpss_tuning,8,0.9,False,0,True,False,False,0.0,0.0
E01_2003,E01,2003,tree,cpss_tuning,16,0.6,False,0,True,False,False,0.0,0.0
E01_2003,E01,2003,tree,cpss_tuning,16,0.7,False,0,True,False,False,0.0,0.0
E01_2003,E01,2003,tree,cpss_tuning,16,0.8,False,0,True,False,False,0.0,0.0
E01_2003,E01,2003,tree,cpss_tuning,16,0.9,False,0,True,False,False,0.0,0.0
E01_2003,E01,2003,tree,cpss_final,4,0.6,False,0,True,False,False,0.0,0.0
E01_2003,E01,2003,tree,cpss_final,4,0.7,False,0,True,False,False,0.0,0.0
E01_2003,E01,2003,tree,cpss_final,4,0.8,False,0,True,False,False,0.0,0.0
E01_2003,E01,2003,tree,cpss_final,4,0.9,True,0,True,False,False,0.0,0.0
E01_2003,E01,2003,tree,cpss_final,8,0.6,False,0,True,False,False,0.0,0.0
E01_2003,E01,2003,tree,cpss_final,8,0.7,False,0,True,False,False,0.0,0.0
E01_2003,E01,2003,tree,cpss_final,8,0.8,False,0,True,False,False,0.0,0.0
E01_2003,E01,2003,tree,cpss_final,8,0.9,False,0,True,False,False,0.0,0.0
E01_2003,E01,2003,tree,cpss_final,16,0.6,False,0,True,False,False,0.0,0.0
E01_2003,E01,2003,tree,cpss_final,16,0.7,False,0,True,False,False,0.0,0.0
E01_2003,E01,2003,tree,cpss_final,16,0.8,False,0,True,False,False,0.0,0.0
E01_2003,E01,2003,tree,cpss_final,16,0.9,False,0,True,False,False,0.0,0.0
E01_2003,E01,2003,screen,cpss_tuning,4,0.6,False,1,True,True,False,0.0,0.0
E01_2003,E01,2003,screen,cpss_tuning,4,0.7,False,1,True,True,False,0.0,0.0
E01_2003,E01,2003,screen,cpss_tuning,4,0.8,False,0,True,False,False,0.0,0.0
E01_2003,E01,2003,screen,cpss_tuning,4,0.9,True,0,True,False,False,0.0,0.0
E01_2003,E01,2003,screen,cpss_tuning,8,0.6,False,1,True,True,False,0.0,0.0
E01_2003,E01,2003,screen,cpss_tuning,8,0.7,False,1,True,True,False,0.0,0.0
E01_2003,E01,2003,screen,cpss_tuning,8,0.8,False,1,True,True,False,0.0,0.0
E01_2003,E01,2003,screen,cpss_tuning,8,0.9,False,0,True,False,False,0.0,0.0
E01_2003,E01,2003,screen,cpss_tuning,16,0.6,False,2,True,True,False,0.0,0.0
E01_2003,E01,2003,screen,cpss_tuning,16,0.7,False,1,True,True,False,0.0,0.0
E01_2003,E01,2003,screen,cpss_tuning,16,0.8,False,1,True,True,False,0.0,0.0
E01_2003,E01,2003,screen,cpss_tuning,16,0.9,False,1,True,True,False,0.0,0.0
E01_2003,E01,2003,screen,cpss_final,4,0.6,False,1,True,True,True,0.0,0.0
E01_2003,E01,2003,screen,cpss_final,4,0.7,False,0,True,False,False,0.0,0.0
E01_2003,E01,2003,screen,cpss_final,4,0.8,False,0,True,False,False,0.0,0.0
E01_2003,E01,2003,screen,cpss_final,4,0.9,True,0,True,False,False,0.0,0.0
E01_2003,E01,2003,screen,cpss_final,8,0.6,False,3,True,True,False,0.0,0.0
E01_2003,E01,2003,screen,cpss_final,8,0.7,False,1,True,True,True,0.0,0.0
E01_2003,E01,2003,screen,cpss_final,8,0.8,False,0,True,False,False,0.0,0.0
E01_2003,E01,2003,screen,cpss_final,8,0.9,False,0,True,False,False,0.0,0.0
E01_2003,E01,2003,screen,cpss_final,16,0.6,False,3,True,True,False,0.0,0.0
E01_2003,E01,2003,screen,cpss_final,16,0.7,False,3,True,True,False,0.0,0.0
E01_2003,E01,2003,screen,cpss_final,16,0.8,False,3,True,True,False,0.0,0.0
E01_2003,E01,2003,screen,cpss_final,16,0.9,False,0,True,False,False,0.0,0.0
E01_2011,E01,2011,shil,cpss_tuning,4,0.6,False,0,True,False,False,0.0,0.0
E01_2011,E01,2011,shil,cpss_tuning,4,0.7,False,0,True,False,False,0.0,0.0
E01_2011,E01,2011,shil,cpss_tuning,4,0.8,False,0,True,False,False,0.0,0.0
E01_2011,E01,2011,shil,cpss_tuning,4,0.9,False,0,True,False,False,0.0,0.0
E01_2011,E01,2011,shil,cpss_tuning,8,0.6,False,0,True,False,False,0.0,0.0
E01_2011,E01,2011,shil,cpss_tuning,8,0.7,False,0,True,False,False,0.0,0.0
E01_2011,E01,2011,shil,cpss_tuning,8,0.8,False,0,True,False,False,0.0,0.0
E01_2011,E01,2011,shil,cpss_tuning,8,0.9,False,0,True,False,False,0.0,0.0
E01_2011,E01,2011,shil,cpss_tuning,16,0.6,True,2,True,True,True,0.0,0.0
E01_2011,E01,2011,shil,cpss_tuning,16,0.7,False,0,True,False,False,0.0,0.0
E01_2011,E01,2011,shil,cpss_tuning,16,0.8,False,0,True,False,False,0.0,0.0
E01_2011,E01,2011,shil,cpss_tuning,16,0.9,False,0,True,False,False,0.0,0.0
E01_2011,E01,2011,shil,cpss_final,4,0.6,False,1,True,True,False,0.0,0.0
E01_2011,E01,2011,shil,cpss_final,4,0.7,False,0,True,False,False,0.0,0.0
E01_2011,E01,2011,shil,cpss_final,4,0.8,False,0,True,False,False,0.0,0.0
E01_2011,E01,2011,shil,cpss_final,4,0.9,False,0,True,False,False,0.0,0.0
E01_2011,E01,2011,shil,cpss_final,8,0.6,False,2,True,True,True,0.0,0.0
E01_2011,E01,2011,shil,cpss_final,8,0.7,False,2,True,True,True,0.0,0.0
E01_2011,E01,2011,shil,cpss_final,8,0.8,False,1,True,True,False,0.0,0.0
E01_2011,E01,2011,shil,cpss_final,8,0.9,False,0,True,False,False,0.0,0.0
E01_2011,E01,2011,shil,cpss_final,16,0.6,True,3,True,True,False,0.0,0.0
E01_2011,E01,2011,shil,cpss_final,16,0.7,False,2,True,True,True,0.0,0.0
E01_2011,E01,2011,shil,cpss_final,16,0.8,False,2,True,True,True,0.0,0.0
E01_2011,E01,2011,shil,cpss_final,16,0.9,False,0,True,False,False,0.0,0.0
E01_2011,E01,2011,l1,cpss_tuning,4,0.6,False,0,True,False,False,0.0,0.0
E01_2011,E01,2011,l1,cpss_tuning,4,0.7,False,0,True,False,False,0.0,0.0
E01_2011,E01,2011,l1,cpss_tuning,4,0.8,False,0,True,False,False,0.0,0.0
E01_2011,E01,2011,l1,cpss_tuning,4,0.9,True,0,True,False,False,0.0,0.0
E01_2011,E01,2011,l1,cpss_tuning,8,0.6,False,0,True,False,False,0.0,0.0
E01_2011,E01,2011,l1,cpss_tuning,8,0.7,False,0,True,False,False,0.0,0.0
E01_2011,E01,2011,l1,cpss_tuning,8,0.8,False,0,True,False,False,0.0,0.0
E01_2011,E01,2011,l1,cpss_tuning,8,0.9,False,0,True,False,False,0.0,0.0
E01_2011,E01,2011,l1,cpss_tuning,16,0.6,False,0,True,False,False,0.0,0.0
E01_2011,E01,2011,l1,cpss_tuning,16,0.7,False,0,True,False,False,0.0,0.0
E01_2011,E01,2011,l1,cpss_tuning,16,0.8,False,0,True,False,False,0.0,0.0
E01_2011,E01,2011,l1,cpss_tuning,16,0.9,False,0,True,False,False,0.0,0.0
E01_2011,E01,2011,l1,cpss_final,4,0.6,False,0,True,False,False,0.0,0.0
E01_2011,E01,2011,l1,cpss_final,4,0.7,False,0,True,False,False,0.0,0.0
E01_2011,E01,2011,l1,cpss_final,4,0.8,False,0,True,False,False,0.0,0.0
E01_2011,E01,2011,l1,cpss_final,4,0.9,True,0,True,False,False,0.0,0.0
E01_2011,E01,2011,l1,cpss_final,8,0.6,False,0,True,False,False,0.0,0.0
E01_2011,E01,2011,l1,cpss_final,8,0.7,False,0,True,False,False,0.0,0.0
E01_2011,E01,2011,l1,cpss_final,8,0.8,False,0,True,False,False,0.0,0.0
E01_2011,E01,2011,l1,cpss_final,8,0.9,False,0,True,False,False,0.0,0.0
E01_2011,E01,2011,l1,cpss_final,16,0.6,False,0,True,False,False,0.0,0.0
E01_2011,E01,2011,l1,cpss_final,16,0.7,False,0,True,False,False,0.0,0.0
E01_2011,E01,2011,l1,cpss_final,16,0.8,False,0,True,False,False,0.0,0.0
E01_2011,E01,2011,l1,cpss_final,16,0.9,False,0,True,False,False,0.0,0.0
E01_2011,E01,2011,tree,cpss_tuning,4,0.6,False,0,True,False,False,0.0,0.0
E01_2011,E01,2011,tree,cpss_tuning,4,0.7,False,0,True,False,False,0.0,0.0
E01_2011,E01,2011,tree,cpss_tuning,4,0.8,False,0,True,False,False,0.0,0.0
E01_2011,E01,2011,tree,cpss_tuning,4,0.9,True,0,True,False,False,0.0,0.0
E01_2011,E01,2011,tree,cpss_tuning,8,0.6,False,0,True,False,False,0.0,0.0
E01_2011,E01,2011,tree,cpss_tuning,8,0.7,False,0,True,False,False,0.0,0.0
E01_2011,E01,2011,tree,cpss_tuning,8,0.8,False,0,True,False,False,0.0,0.0
E01_2011,E01,2011,tree,cpss_tuning,8,0.9,False,0,True,False,False,0.0,0.0
E01_2011,E01,2011,tree,cpss_tuning,16,0.6,False,0,True,False,False,0.0,0.0
E01_2011,E01,2011,tree,cpss_tuning,16,0.7,False,0,True,False,False,0.0,0.0
E01_2011,E01,2011,tree,cpss_tuning,16,0.8,False,0,True,False,False,0.0,0.0
E01_2011,E01,2011,tree,cpss_tuning,16,0.9,False,0,True,False,False,0.0,0.0
E01_2011,E01,2011,tree,cpss_final,4,0.6,False,0,True,False,False,0.0,0.0
E01_2011,E01,2011,tree,cpss_final,4,0.7,False,0,True,False,False,0.0,0.0
E01_2011,E01,2011,tree,cpss_final,4,0.8,False,0,True,False,False,0.0,0.0
E01_2011,E01,2011,tree,cpss_final,4,0.9,True,0,True,False,False,0.0,0.0
E01_2011,E01,2011,tree,cpss_final,8,0.6,False,0,True,False,False,0.0,0.0
E01_2011,E01,2011,tree,cpss_final,8,0.7,False,0,True,False,False,0.0,0.0
E01_2011,E01,2011,tree,cpss_final,8,0.8,False,0,True,False,False,0.0,0.0
E01_2011,E01,2011,tree,cpss_final,8,0.9,False,0,True,False,False,0.0,0.0
E01_2011,E01,2011,tree,cpss_final,16,0.6,False,0,True,False,False,0.0,0.0
E01_2011,E01,2011,tree,cpss_final,16,0.7,False,0,True,False,False,0.0,0.0
E01_2011,E01,2011,tree,cpss_final,16,0.8,False,0,True,False,False,0.0,0.0
E01_2011,E01,2011,tree,cpss_final,16,0.9,False,0,True,False,False,0.0,0.0
E01_2011,E01,2011,screen,cpss_tuning,4,0.6,False,0,True,False,False,0.0,0.0
E01_2011,E01,2011,screen,cpss_tuning,4,0.7,False,0,True,False,False,0.0,0.0
E01_2011,E01,2011,screen,cpss_tuning,4,0.8,False,0,True,False,False,0.0,0.0
E01_2011,E01,2011,screen,cpss_tuning,4,0.9,True,0,True,False,False,0.0,0.0
E01_2011,E01,2011,screen,cpss_tuning,8,0.6,False,0,True,False,False,0.0,0.0
E01_2011,E01,2011,screen,cpss_tuning,8,0.7,False,0,True,False,False,0.0,0.0
E01_2011,E01,2011,screen,cpss_tuning,8,0.8,False,0,True,False,False,0.0,0.0
E01_2011,E01,2011,screen,cpss_tuning,8,0.9,False,0,True,False,False,0.0,0.0
E01_2011,E01,2011,screen,cpss_tuning,16,0.6,False,1,True,True,True,0.0,0.0
E01_2011,E01,2011,screen,cpss_tuning,16,0.7,False,0,True,False,False,0.0,0.0
E01_2011,E01,2011,screen,cpss_tuning,16,0.8,False,0,True,False,False,0.0,0.0
E01_2011,E01,2011,screen,cpss_tuning,16,0.9,False,0,True,False,False,0.0,0.0
E01_2011,E01,2011,screen,cpss_final,4,0.6,False,1,True,True,False,0.0,0.0
E01_2011,E01,2011,screen,cpss_final,4,0.7,False,0,True,False,False,0.0,0.0
E01_2011,E01,2011,screen,cpss_final,4,0.8,False,0,True,False,False,0.0,0.0
E01_2011,E01,2011,screen,cpss_final,4,0.9,True,0,True,False,False,0.0,0.0
E01_2011,E01,2011,screen,cpss_final,8,0.6,False,2,True,True,True,0.0,0.0
E01_2011,E01,2011,screen,cpss_final,8,0.7,False,2,True,True,True,0.0,0.0
E01_2011,E01,2011,screen,cpss_final,8,0.8,False,1,True,True,False,0.0,0.0
E01_2011,E01,2011,screen,cpss_final,8,0.9,False,0,True,False,False,0.0,0.0
E01_2011,E01,2011,screen,cpss_final,16,0.6,False,3,True,True,False,0.0,0.0
E01_2011,E01,2011,screen,cpss_final,16,0.7,False,2,True,True,True,0.0,0.0
E01_2011,E01,2011,screen,cpss_final,16,0.8,False,2,True,True,True,0.0,0.0
E01_2011,E01,2011,screen,cpss_final,16,0.9,False,0,True,False,False,0.0,0.0
E01_2017,E01,2017,shil,cpss_tuning,4,0.6,False,0,True,False,False,0.0,0.0
E01_2017,E01,2017,shil,cpss_tuning,4,0.7,False,0,True,False,False,0.0,0.0
E01_2017,E01,2017,shil,cpss_tuning,4,0.8,False,0,True,False,False,0.0,0.0
E01_2017,E01,2017,shil,cpss_tuning,4,0.9,False,0,True,False,False,0.0,0.0
E01_2017,E01,2017,shil,cpss_tuning,8,0.6,False,0,True,False,False,0.0,0.0
E01_2017,E01,2017,shil,cpss_tuning,8,0.7,False,0,True,False,False,0.0,0.0
E01_2017,E01,2017,shil,cpss_tuning,8,0.8,False,0,True,False,False,0.0,0.0
E01_2017,E01,2017,shil,cpss_tuning,8,0.9,False,0,True,False,False,0.0,0.0
E01_2017,E01,2017,shil,cpss_tuning,16,0.6,False,2,True,True,True,0.0,0.0
E01_2017,E01,2017,shil,cpss_tuning,16,0.7,True,1,True,True,False,0.0,0.0
E01_2017,E01,2017,shil,cpss_tuning,16,0.8,False,0,True,False,False,0.0,0.0
E01_2017,E01,2017,shil,cpss_tuning,16,0.9,False,0,True,False,False,0.0,0.0
E01_2017,E01,2017,shil,cpss_final,4,0.6,False,1,True,True,False,0.0,0.0
E01_2017,E01,2017,shil,cpss_final,4,0.7,False,1,True,True,False,0.0,0.0
E01_2017,E01,2017,shil,cpss_final,4,0.8,False,1,True,True,False,0.0,0.0
E01_2017,E01,2017,shil,cpss_final,4,0.9,False,1,True,True,False,0.0,0.0
E01_2017,E01,2017,shil,cpss_final,8,0.6,False,1,True,True,False,0.0,0.0
E01_2017,E01,2017,shil,cpss_final,8,0.7,False,1,True,True,False,0.0,0.0
E01_2017,E01,2017,shil,cpss_final,8,0.8,False,1,True,True,False,0.0,0.0
E01_2017,E01,2017,shil,cpss_final,8,0.9,False,1,True,True,False,0.0,0.0
E01_2017,E01,2017,shil,cpss_final,16,0.6,False,2,True,True,True,0.0,0.0
E01_2017,E01,2017,shil,cpss_final,16,0.7,True,2,True,True,True,0.0,0.0
E01_2017,E01,2017,shil,cpss_final,16,0.8,False,1,True,True,False,0.0,0.0
E01_2017,E01,2017,shil,cpss_final,16,0.9,False,1,True,True,False,0.0,0.0
E01_2017,E01,2017,l1,cpss_tuning,4,0.6,False,0,True,False,False,0.0,0.0
E01_2017,E01,2017,l1,cpss_tuning,4,0.7,False,0,True,False,False,0.0,0.0
E01_2017,E01,2017,l1,cpss_tuning,4,0.8,False,0,True,False,False,0.0,0.0
E01_2017,E01,2017,l1,cpss_tuning,4,0.9,True,0,True,False,False,0.0,0.0
E01_2017,E01,2017,l1,cpss_tuning,8,0.6,False,0,True,False,False,0.0,0.0
E01_2017,E01,2017,l1,cpss_tuning,8,0.7,False,0,True,False,False,0.0,0.0
E01_2017,E01,2017,l1,cpss_tuning,8,0.8,False,0,True,False,False,0.0,0.0
E01_2017,E01,2017,l1,cpss_tuning,8,0.9,False,0,True,False,False,0.0,0.0
E01_2017,E01,2017,l1,cpss_tuning,16,0.6,False,0,True,False,False,0.0,0.0
E01_2017,E01,2017,l1,cpss_tuning,16,0.7,False,0,True,False,False,0.0,0.0
E01_2017,E01,2017,l1,cpss_tuning,16,0.8,False,0,True,False,False,0.0,0.0
E01_2017,E01,2017,l1,cpss_tuning,16,0.9,False,0,True,False,False,0.0,0.0
E01_2017,E01,2017,l1,cpss_final,4,0.6,False,1,True,True,False,0.0,0.0
E01_2017,E01,2017,l1,cpss_final,4,0.7,False,1,True,True,False,0.0,0.0
E01_2017,E01,2017,l1,cpss_final,4,0.8,False,0,True,False,False,0.0,0.0
E01_2017,E01,2017,l1,cpss_final,4,0.9,True,0,True,False,False,0.0,0.0
E01_2017,E01,2017,l1,cpss_final,8,0.6,False,1,True,True,False,0.0,0.0
E01_2017,E01,2017,l1,cpss_final,8,0.7,False,1,True,True,False,0.0,0.0
E01_2017,E01,2017,l1,cpss_final,8,0.8,False,0,True,False,False,0.0,0.0
E01_2017,E01,2017,l1,cpss_final,8,0.9,False,0,True,False,False,0.0,0.0
E01_2017,E01,2017,l1,cpss_final,16,0.6,False,1,True,True,False,0.0,0.0
E01_2017,E01,2017,l1,cpss_final,16,0.7,False,1,True,True,False,0.0,0.0
E01_2017,E01,2017,l1,cpss_final,16,0.8,False,0,True,False,False,0.0,0.0
E01_2017,E01,2017,l1,cpss_final,16,0.9,False,0,True,False,False,0.0,0.0
E01_2017,E01,2017,tree,cpss_tuning,4,0.6,False,0,True,False,False,0.0,0.0
E01_2017,E01,2017,tree,cpss_tuning,4,0.7,False,0,True,False,False,0.0,0.0
E01_2017,E01,2017,tree,cpss_tuning,4,0.8,False,0,True,False,False,0.0,0.0
E01_2017,E01,2017,tree,cpss_tuning,4,0.9,True,0,True,False,False,0.0,0.0
E01_2017,E01,2017,tree,cpss_tuning,8,0.6,False,0,True,False,False,0.0,0.0
E01_2017,E01,2017,tree,cpss_tuning,8,0.7,False,0,True,False,False,0.0,0.0
E01_2017,E01,2017,tree,cpss_tuning,8,0.8,False,0,True,False,False,0.0,0.0
E01_2017,E01,2017,tree,cpss_tuning,8,0.9,False,0,True,False,False,0.0,0.0
E01_2017,E01,2017,tree,cpss_tuning,16,0.6,False,0,True,False,False,0.0,0.0
E01_2017,E01,2017,tree,cpss_tuning,16,0.7,False,0,True,False,False,0.0,0.0
E01_2017,E01,2017,tree,cpss_tuning,16,0.8,False,0,True,False,False,0.0,0.0
E01_2017,E01,2017,tree,cpss_tuning,16,0.9,False,0,True,False,False,0.0,0.0
E01_2017,E01,2017,tree,cpss_final,4,0.6,False,0,True,False,False,0.0,0.0
E01_2017,E01,2017,tree,cpss_final,4,0.7,False,0,True,False,False,0.0,0.0
E01_2017,E01,2017,tree,cpss_final,4,0.8,False,0,True,False,False,0.0,0.0
E01_2017,E01,2017,tree,cpss_final,4,0.9,True,0,True,False,False,0.0,0.0
E01_2017,E01,2017,tree,cpss_final,8,0.6,False,0,True,False,False,0.0,0.0
E01_2017,E01,2017,tree,cpss_final,8,0.7,False,0,True,False,False,0.0,0.0
E01_2017,E01,2017,tree,cpss_final,8,0.8,False,0,True,False,False,0.0,0.0
E01_2017,E01,2017,tree,cpss_final,8,0.9,False,0,True,False,False,0.0,0.0
E01_2017,E01,2017,tree,cpss_final,16,0.6,False,0,True,False,False,0.0,0.0
E01_2017,E01,2017,tree,cpss_final,16,0.7,False,0,True,False,False,0.0,0.0
E01_2017,E01,2017,tree,cpss_final,16,0.8,False,0,True,False,False,0.0,0.0
E01_2017,E01,2017,tree,cpss_final,16,0.9,False,0,True,False,False,0.0,0.0
E01_2017,E01,2017,screen,cpss_tuning,4,0.6,False,0,True,False,False,0.0,0.0
E01_2017,E01,2017,screen,cpss_tuning,4,0.7,False,0,True,False,False,0.0,0.0
E01_2017,E01,2017,screen,cpss_tuning,4,0.8,False,0,True,False,False,0.0,0.0
E01_2017,E01,2017,screen,cpss_tuning,4,0.9,False,0,True,False,False,0.0,0.0
E01_2017,E01,2017,screen,cpss_tuning,8,0.6,False,0,True,False,False,0.0,0.0
E01_2017,E01,2017,screen,cpss_tuning,8,0.7,False,0,True,False,False,0.0,0.0
E01_2017,E01,2017,screen,cpss_tuning,8,0.8,False,0,True,False,False,0.0,0.0
E01_2017,E01,2017,screen,cpss_tuning,8,0.9,False,0,True,False,False,0.0,0.0
E01_2017,E01,2017,screen,cpss_tuning,16,0.6,False,2,True,True,True,0.0,0.0
E01_2017,E01,2017,screen,cpss_tuning,16,0.7,True,1,True,True,False,0.0,0.0
E01_2017,E01,2017,screen,cpss_tuning,16,0.8,False,0,True,False,False,0.0,0.0
E01_2017,E01,2017,screen,cpss_tuning,16,0.9,False,0,True,False,False,0.0,0.0
E01_2017,E01,2017,screen,cpss_final,4,0.6,False,1,True,True,False,0.0,0.0
E01_2017,E01,2017,screen,cpss_final,4,0.7,False,1,True,True,False,0.0,0.0
E01_2017,E01,2017,screen,cpss_final,4,0.8,False,1,True,True,False,0.0,0.0
E01_2017,E01,2017,screen,cpss_final,4,0.9,False,1,True,True,False,0.0,0.0
E01_2017,E01,2017,screen,cpss_final,8,0.6,False,1,True,True,False,0.0,0.0
E01_2017,E01,2017,screen,cpss_final,8,0.7,False,1,True,True,False,0.0,0.0
E01_2017,E01,2017,screen,cpss_final,8,0.8,False,1,True,True,False,0.0,0.0
E01_2017,E01,2017,screen,cpss_final,8,0.9,False,1,True,True,False,0.0,0.0
E01_2017,E01,2017,screen,cpss_final,16,0.6,False,2,True,True,True,0.0,0.0
E01_2017,E01,2017,screen,cpss_final,16,0.7,True,1,True,True,False,0.0,0.0
E01_2017,E01,2017,screen,cpss_final,16,0.8,False,1,True,True,False,0.0,0.0
E01_2017,E01,2017,screen,cpss_final,16,0.9,False,1,True,True,False,0.0,0.0
E01_2027,E01,2027,shil,cpss_tuning,4,0.6,False,2,True,True,False,0.0,0.0
E01_2027,E01,2027,shil,cpss_tuning,4,0.7,False,2,True,True,False,0.0,0.0
E01_2027,E01,2027,shil,cpss_tuning,4,0.8,False,1,True,True,False,0.0,0.0
E01_2027,E01,2027,shil,cpss_tuning,4,0.9,True,0,True,False,False,0.0,0.0
E01_2027,E01,2027,shil,cpss_tuning,8,0.6,False,2,True,True,False,0.0,0.0
E01_2027,E01,2027,shil,cpss_tuning,8,0.7,False,2,True,True,False,0.0,0.0
E01_2027,E01,2027,shil,cpss_tuning,8,0.8,False,2,True,True,False,0.0,0.0
E01_2027,E01,2027,shil,cpss_tuning,8,0.9,False,1,True,True,False,0.0,0.0
E01_2027,E01,2027,shil,cpss_tuning,16,0.6,False,2,True,True,False,0.0,0.0
E01_2027,E01,2027,shil,cpss_tuning,16,0.7,False,2,True,True,False,0.0,0.0
E01_2027,E01,2027,shil,cpss_tuning,16,0.8,False,2,True,True,False,0.0,0.0
E01_2027,E01,2027,shil,cpss_tuning,16,0.9,False,2,True,True,False,0.0,0.0
E01_2027,E01,2027,shil,cpss_final,4,0.6,False,2,True,True,False,0.0,0.0
E01_2027,E01,2027,shil,cpss_final,4,0.7,False,2,True,True,False,0.0,0.0
E01_2027,E01,2027,shil,cpss_final,4,0.8,False,1,True,True,False,0.0,0.0
E01_2027,E01,2027,shil,cpss_final,4,0.9,True,0,True,False,False,0.0,0.0
E01_2027,E01,2027,shil,cpss_final,8,0.6,False,2,True,True,False,0.0,0.0
E01_2027,E01,2027,shil,cpss_final,8,0.7,False,2,True,True,False,0.0,0.0
E01_2027,E01,2027,shil,cpss_final,8,0.8,False,2,True,True,False,0.0,0.0
E01_2027,E01,2027,shil,cpss_final,8,0.9,False,1,True,True,False,0.0,0.0
E01_2027,E01,2027,shil,cpss_final,16,0.6,False,2,True,True,False,0.0,0.0
E01_2027,E01,2027,shil,cpss_final,16,0.7,False,2,True,True,False,0.0,0.0
E01_2027,E01,2027,shil,cpss_final,16,0.8,False,2,True,True,False,0.0,0.0
E01_2027,E01,2027,shil,cpss_final,16,0.9,False,2,True,True,False,0.0,0.0
E01_2027,E01,2027,l1,cpss_tuning,4,0.6,False,2,True,True,False,0.0,0.0
E01_2027,E01,2027,l1,cpss_tuning,4,0.7,False,2,True,True,False,0.0,0.0
E01_2027,E01,2027,l1,cpss_tuning,4,0.8,False,2,True,True,False,0.0,0.0
E01_2027,E01,2027,l1,cpss_tuning,4,0.9,True,0,True,False,False,0.0,0.0
E01_2027,E01,2027,l1,cpss_tuning,8,0.6,False,2,True,True,False,0.0,0.0
E01_2027,E01,2027,l1,cpss_tuning,8,0.7,False,2,True,True,False,0.0,0.0
E01_2027,E01,2027,l1,cpss_tuning,8,0.8,False,2,True,True,False,0.0,0.0
E01_2027,E01,2027,l1,cpss_tuning,8,0.9,False,0,True,False,False,0.0,0.0
E01_2027,E01,2027,l1,cpss_tuning,16,0.6,False,2,True,True,False,0.0,0.0
E01_2027,E01,2027,l1,cpss_tuning,16,0.7,False,2,True,True,False,0.0,0.0
E01_2027,E01,2027,l1,cpss_tuning,16,0.8,False,2,True,True,False,0.0,0.0
E01_2027,E01,2027,l1,cpss_tuning,16,0.9,False,0,True,False,False,0.0,0.0
E01_2027,E01,2027,l1,cpss_final,4,0.6,False,2,True,True,False,0.0,0.0
E01_2027,E01,2027,l1,cpss_final,4,0.7,False,1,True,True,True,0.0,0.0
E01_2027,E01,2027,l1,cpss_final,4,0.8,False,0,True,False,False,0.0,0.0
E01_2027,E01,2027,l1,cpss_final,4,0.9,True,0,True,False,False,0.0,0.0
E01_2027,E01,2027,l1,cpss_final,8,0.6,False,2,True,True,False,0.0,0.0
E01_2027,E01,2027,l1,cpss_final,8,0.7,False,1,True,True,True,0.0,0.0
E01_2027,E01,2027,l1,cpss_final,8,0.8,False,0,True,False,False,0.0,0.0
E01_2027,E01,2027,l1,cpss_final,8,0.9,False,0,True,False,False,0.0,0.0
E01_2027,E01,2027,l1,cpss_final,16,0.6,False,2,True,True,False,0.0,0.0
E01_2027,E01,2027,l1,cpss_final,16,0.7,False,1,True,True,True,0.0,0.0
E01_2027,E01,2027,l1,cpss_final,16,0.8,False,0,True,False,False,0.0,0.0
E01_2027,E01,2027,l1,cpss_final,16,0.9,False,0,True,False,False,0.0,0.0
E01_2027,E01,2027,tree,cpss_tuning,4,0.6,False,0,True,False,False,0.0,0.0
E01_2027,E01,2027,tree,cpss_tuning,4,0.7,False,0,True,False,False,0.0,0.0
E01_2027,E01,2027,tree,cpss_tuning,4,0.8,False,0,True,False,False,0.0,0.0
E01_2027,E01,2027,tree,cpss_tuning,4,0.9,True,0,True,False,False,0.0,0.0
E01_2027,E01,2027,tree,cpss_tuning,8,0.6,False,0,True,False,False,0.0,0.0
E01_2027,E01,2027,tree,cpss_tuning,8,0.7,False,0,True,False,False,0.0,0.0
E01_2027,E01,2027,tree,cpss_tuning,8,0.8,False,0,True,False,False,0.0,0.0
E01_2027,E01,2027,tree,cpss_tuning,8,0.9,False,0,True,False,False,0.0,0.0
E01_2027,E01,2027,tree,cpss_tuning,16,0.6,False,1,True,True,True,0.0,0.0
E01_2027,E01,2027,tree,cpss_tuning,16,0.7,False,1,True,True,True,0.0,0.0
E01_2027,E01,2027,tree,cpss_tuning,16,0.8,False,0,True,False,False,0.0,0.0
E01_2027,E01,2027,tree,cpss_tuning,16,0.9,False,0,True,False,False,0.0,0.0
E01_2027,E01,2027,tree,cpss_final,4,0.6,False,0,True,False,False,0.0,0.0
E01_2027,E01,2027,tree,cpss_final,4,0.7,False,0,True,False,False,0.0,0.0
E01_2027,E01,2027,tree,cpss_final,4,0.8,False,0,True,False,False,0.0,0.0
E01_2027,E01,2027,tree,cpss_final,4,0.9,True,0,True,False,False,0.0,0.0
E01_2027,E01,2027,tree,cpss_final,8,0.6,False,2,True,True,False,0.0,0.0
E01_2027,E01,2027,tree,cpss_final,8,0.7,False,1,True,True,True,0.0,0.0
E01_2027,E01,2027,tree,cpss_final,8,0.8,False,0,True,False,False,0.0,0.0
E01_2027,E01,2027,tree,cpss_final,8,0.9,False,0,True,False,False,0.0,0.0
E01_2027,E01,2027,tree,cpss_final,16,0.6,False,2,True,True,False,0.0,0.0
E01_2027,E01,2027,tree,cpss_final,16,0.7,False,2,True,True,False,0.0,0.0
E01_2027,E01,2027,tree,cpss_final,16,0.8,False,1,True,True,False,0.0,0.0
E01_2027,E01,2027,tree,cpss_final,16,0.9,False,0,True,False,False,0.0,0.0
E01_2027,E01,2027,screen,cpss_tuning,4,0.6,False,2,True,True,False,0.0,0.0
E01_2027,E01,2027,screen,cpss_tuning,4,0.7,False,2,True,True,False,0.0,0.0
E01_2027,E01,2027,screen,cpss_tuning,4,0.8,False,1,True,True,False,0.0,0.0
E01_2027,E01,2027,screen,cpss_tuning,4,0.9,True,0,True,False,False,0.0,0.0
E01_2027,E01,2027,screen,cpss_tuning,8,0.6,False,2,True,True,False,0.0,0.0
E01_2027,E01,2027,screen,cpss_tuning,8,0.7,False,2,True,True,False,0.0,0.0
E01_2027,E01,2027,screen,cpss_tuning,8,0.8,False,2,True,True,False,0.0,0.0
E01_2027,E01,2027,screen,cpss_tuning,8,0.9,False,1,True,True,False,0.0,0.0
E01_2027,E01,2027,screen,cpss_tuning,16,0.6,False,2,True,True,False,0.0,0.0
E01_2027,E01,2027,screen,cpss_tuning,16,0.7,False,2,True,True,False,0.0,0.0
E01_2027,E01,2027,screen,cpss_tuning,16,0.8,False,2,True,True,False,0.0,0.0
E01_2027,E01,2027,screen,cpss_tuning,16,0.9,False,2,True,True,False,0.0,0.0
E01_2027,E01,2027,screen,cpss_final,4,0.6,False,2,True,True,False,0.0,0.0
E01_2027,E01,2027,screen,cpss_final,4,0.7,False,2,True,True,False,0.0,0.0
E01_2027,E01,2027,screen,cpss_final,4,0.8,False,1,True,True,False,0.0,0.0
E01_2027,E01,2027,screen,cpss_final,4,0.9,True,0,True,False,False,0.0,0.0
E01_2027,E01,2027,screen,cpss_final,8,0.6,False,2,True,True,False,0.0,0.0
E01_2027,E01,2027,screen,cpss_final,8,0.7,False,2,True,True,False,0.0,0.0
E01_2027,E01,2027,screen,cpss_final,8,0.8,False,2,True,True,False,0.0,0.0
E01_2027,E01,2027,screen,cpss_final,8,0.9,False,1,True,True,False,0.0,0.0
E01_2027,E01,2027,screen,cpss_final,16,0.6,False,2,True,True,False,0.0,0.0
E01_2027,E01,2027,screen,cpss_final,16,0.7,False,2,True,True,False,0.0,0.0
E01_2027,E01,2027,screen,cpss_final,16,0.8,False,2,True,True,False,0.0,0.0
E01_2027,E01,2027,screen,cpss_final,16,0.9,False,2,True,True,False,0.0,0.0
E01_2029,E01,2029,shil,cpss_tuning,4,0.6,False,0,True,False,False,0.0,0.0
E01_2029,E01,2029,shil,cpss_tuning,4,0.7,False,0,True,False,False,0.0,0.0
E01_2029,E01,2029,shil,cpss_tuning,4,0.8,False,0,True,False,False,0.0,0.0
E01_2029,E01,2029,shil,cpss_tuning,4,0.9,True,0,True,False,False,0.0,0.0
E01_2029,E01,2029,shil,cpss_tuning,8,0.6,False,0,True,False,False,0.0,0.0
E01_2029,E01,2029,shil,cpss_tuning,8,0.7,False,0,True,False,False,0.0,0.0
E01_2029,E01,2029,shil,cpss_tuning,8,0.8,False,0,True,False,False,0.0,0.0
E01_2029,E01,2029,shil,cpss_tuning,8,0.9,False,0,True,False,False,0.0,0.0
E01_2029,E01,2029,shil,cpss_tuning,16,0.6,False,0,True,False,False,0.0,0.0
E01_2029,E01,2029,shil,cpss_tuning,16,0.7,False,0,True,False,False,0.0,0.0
E01_2029,E01,2029,shil,cpss_tuning,16,0.8,False,0,True,False,False,0.0,0.0
E01_2029,E01,2029,shil,cpss_tuning,16,0.9,False,0,True,False,False,0.0,0.0
E01_2029,E01,2029,shil,cpss_final,4,0.6,False,0,True,False,False,0.0,0.0
E01_2029,E01,2029,shil,cpss_final,4,0.7,False,0,True,False,False,0.0,0.0
E01_2029,E01,2029,shil,cpss_final,4,0.8,False,0,True,False,False,0.0,0.0
E01_2029,E01,2029,shil,cpss_final,4,0.9,True,0,True,False,False,0.0,0.0
E01_2029,E01,2029,shil,cpss_final,8,0.6,False,1,True,True,True,0.0,0.0
E01_2029,E01,2029,shil,cpss_final,8,0.7,False,0,True,False,False,0.0,0.0
E01_2029,E01,2029,shil,cpss_final,8,0.8,False,0,True,False,False,0.0,0.0
E01_2029,E01,2029,shil,cpss_final,8,0.9,False,0,True,False,False,0.0,0.0
E01_2029,E01,2029,shil,cpss_final,16,0.6,False,3,True,True,True,0.2857142857142857,0.2857142857142857
E01_2029,E01,2029,shil,cpss_final,16,0.7,False,1,True,True,True,0.0,0.0
E01_2029,E01,2029,shil,cpss_final,16,0.8,False,0,True,False,False,0.0,0.0
E01_2029,E01,2029,shil,cpss_final,16,0.9,False,0,True,False,False,0.0,0.0
E01_2029,E01,2029,l1,cpss_tuning,4,0.6,False,0,True,False,False,0.0,0.0
E01_2029,E01,2029,l1,cpss_tuning,4,0.7,False,0,True,False,False,0.0,0.0
E01_2029,E01,2029,l1,cpss_tuning,4,0.8,False,0,True,False,False,0.0,0.0
E01_2029,E01,2029,l1,cpss_tuning,4,0.9,True,0,True,False,False,0.0,0.0
E01_2029,E01,2029,l1,cpss_tuning,8,0.6,False,0,True,False,False,0.0,0.0
E01_2029,E01,2029,l1,cpss_tuning,8,0.7,False,0,True,False,False,0.0,0.0
E01_2029,E01,2029,l1,cpss_tuning,8,0.8,False,0,True,False,False,0.0,0.0
E01_2029,E01,2029,l1,cpss_tuning,8,0.9,False,0,True,False,False,0.0,0.0
E01_2029,E01,2029,l1,cpss_tuning,16,0.6,False,0,True,False,False,0.0,0.0
E01_2029,E01,2029,l1,cpss_tuning,16,0.7,False,0,True,False,False,0.0,0.0
E01_2029,E01,2029,l1,cpss_tuning,16,0.8,False,0,True,False,False,0.0,0.0
E01_2029,E01,2029,l1,cpss_tuning,16,0.9,False,0,True,False,False,0.0,0.0
E01_2029,E01,2029,l1,cpss_final,4,0.6,False,0,True,False,False,0.0,0.0
E01_2029,E01,2029,l1,cpss_final,4,0.7,False,0,True,False,False,0.0,0.0
E01_2029,E01,2029,l1,cpss_final,4,0.8,False,0,True,False,False,0.0,0.0
E01_2029,E01,2029,l1,cpss_final,4,0.9,True,0,True,False,False,0.0,0.0
E01_2029,E01,2029,l1,cpss_final,8,0.6,False,0,True,False,False,0.0,0.0
E01_2029,E01,2029,l1,cpss_final,8,0.7,False,0,True,False,False,0.0,0.0
E01_2029,E01,2029,l1,cpss_final,8,0.8,False,0,True,False,False,0.0,0.0
E01_2029,E01,2029,l1,cpss_final,8,0.9,False,0,True,False,False,0.0,0.0
E01_2029,E01,2029,l1,cpss_final,16,0.6,False,0,True,False,False,0.0,0.0
E01_2029,E01,2029,l1,cpss_final,16,0.7,False,0,True,False,False,0.0,0.0
E01_2029,E01,2029,l1,cpss_final,16,0.8,False,0,True,False,False,0.0,0.0
E01_2029,E01,2029,l1,cpss_final,16,0.9,False,0,True,False,False,0.0,0.0
E01_2029,E01,2029,tree,cpss_tuning,4,0.6,False,0,True,False,False,0.0,0.0
E01_2029,E01,2029,tree,cpss_tuning,4,0.7,False,0,True,False,False,0.0,0.0
E01_2029,E01,2029,tree,cpss_tuning,4,0.8,False,0,True,False,False,0.0,0.0
E01_2029,E01,2029,tree,cpss_tuning,4,0.9,True,0,True,False,False,0.0,0.0
E01_2029,E01,2029,tree,cpss_tuning,8,0.6,False,0,True,False,False,0.0,0.0
E01_2029,E01,2029,tree,cpss_tuning,8,0.7,False,0,True,False,False,0.0,0.0
E01_2029,E01,2029,tree,cpss_tuning,8,0.8,False,0,True,False,False,0.0,0.0
E01_2029,E01,2029,tree,cpss_tuning,8,0.9,False,0,True,False,False,0.0,0.0
E01_2029,E01,2029,tree,cpss_tuning,16,0.6,False,0,True,False,False,0.0,0.0
E01_2029,E01,2029,tree,cpss_tuning,16,0.7,False,0,True,False,False,0.0,0.0
E01_2029,E01,2029,tree,cpss_tuning,16,0.8,False,0,True,False,False,0.0,0.0
E01_2029,E01,2029,tree,cpss_tuning,16,0.9,False,0,True,False,False,0.0,0.0
E01_2029,E01,2029,tree,cpss_final,4,0.6,False,0,True,False,False,0.0,0.0
E01_2029,E01,2029,tree,cpss_final,4,0.7,False,0,True,False,False,0.0,0.0
E01_2029,E01,2029,tree,cpss_final,4,0.8,False,0,True,False,False,0.0,0.0
E01_2029,E01,2029,tree,cpss_final,4,0.9,True,0,True,False,False,0.0,0.0
E01_2029,E01,2029,tree,cpss_final,8,0.6,False,0,True,False,False,0.0,0.0
E01_2029,E01,2029,tree,cpss_final,8,0.7,False,0,True,False,False,0.0,0.0
E01_2029,E01,2029,tree,cpss_final,8,0.8,False,0,True,False,False,0.0,0.0
E01_2029,E01,2029,tree,cpss_final,8,0.9,False,0,True,False,False,0.0,0.0
E01_2029,E01,2029,tree,cpss_final,16,0.6,False,0,True,False,False,0.0,0.0
E01_2029,E01,2029,tree,cpss_final,16,0.7,False,0,True,False,False,0.0,0.0
E01_2029,E01,2029,tree,cpss_final,16,0.8,False,0,True,False,False,0.0,0.0
E01_2029,E01,2029,tree,cpss_final,16,0.9,False,0,True,False,False,0.0,0.0
E01_2029,E01,2029,screen,cpss_tuning,4,0.6,False,0,True,False,False,0.0,0.0
E01_2029,E01,2029,screen,cpss_tuning,4,0.7,False,0,True,False,False,0.0,0.0
E01_2029,E01,2029,screen,cpss_tuning,4,0.8,False,0,True,False,False,0.0,0.0
E01_2029,E01,2029,screen,cpss_tuning,4,0.9,True,0,True,False,False,0.0,0.0
E01_2029,E01,2029,screen,cpss_tuning,8,0.6,False,0,True,False,False,0.0,0.0
E01_2029,E01,2029,screen,cpss_tuning,8,0.7,False,0,True,False,False,0.0,0.0
E01_2029,E01,2029,screen,cpss_tuning,8,0.8,False,0,True,False,False,0.0,0.0
E01_2029,E01,2029,screen,cpss_tuning,8,0.9,False,0,True,False,False,0.0,0.0
E01_2029,E01,2029,screen,cpss_tuning,16,0.6,False,0,True,False,False,0.0,0.0
E01_2029,E01,2029,screen,cpss_tuning,16,0.7,False,0,True,False,False,0.0,0.0
E01_2029,E01,2029,screen,cpss_tuning,16,0.8,False,0,True,False,False,0.0,0.0
E01_2029,E01,2029,screen,cpss_tuning,16,0.9,False,0,True,False,False,0.0,0.0
E01_2029,E01,2029,screen,cpss_final,4,0.6,False,0,True,False,False,0.0,0.0
E01_2029,E01,2029,screen,cpss_final,4,0.7,False,0,True,False,False,0.0,0.0
E01_2029,E01,2029,screen,cpss_final,4,0.8,False,0,True,False,False,0.0,0.0
E01_2029,E01,2029,screen,cpss_final,4,0.9,True,0,True,False,False,0.0,0.0
E01_2029,E01,2029,screen,cpss_final,8,0.6,False,1,True,True,True,0.0,0.0
E01_2029,E01,2029,screen,cpss_final,8,0.7,False,0,True,False,False,0.0,0.0
E01_2029,E01,2029,screen,cpss_final,8,0.8,False,0,True,False,False,0.0,0.0
E01_2029,E01,2029,screen,cpss_final,8,0.9,False,0,True,False,False,0.0,0.0
E01_2029,E01,2029,screen,cpss_final,16,0.6,False,1,True,True,True,0.0,0.0
E01_2029,E01,2029,screen,cpss_final,16,0.7,False,1,True,True,True,0.0,0.0
E01_2029,E01,2029,screen,cpss_final,16,0.8,False,0,True,False,False,0.0,0.0
E01_2029,E01,2029,screen,cpss_final,16,0.9,False,0,True,False,False,0.0,0.0
E02_2003,E02,2003,shil,cpss_tuning,4,0.6,False,1,True,True,True,0.4,0.0
E02_2003,E02,2003,shil,cpss_tuning,4,0.7,False,0,True,False,False,0.0,0.0
E02_2003,E02,2003,shil,cpss_tuning,4,0.8,False,0,True,False,False,0.0,0.0
E02_2003,E02,2003,shil,cpss_tuning,4,0.9,True,0,True,False,False,0.0,0.0
E02_2003,E02,2003,shil,cpss_tuning,8,0.6,False,1,True,True,True,0.4,0.0
E02_2003,E02,2003,shil,cpss_tuning,8,0.7,False,1,True,True,True,0.4,0.0
E02_2003,E02,2003,shil,cpss_tuning,8,0.8,False,1,True,True,True,0.4,0.0
E02_2003,E02,2003,shil,cpss_tuning,8,0.9,False,0,True,False,False,0.0,0.0
E02_2003,E02,2003,shil,cpss_tuning,16,0.6,False,2,True,True,True,0.3333333333333333,0.0
E02_2003,E02,2003,shil,cpss_tuning,16,0.7,False,2,True,True,True,0.3333333333333333,0.0
E02_2003,E02,2003,shil,cpss_tuning,16,0.8,False,1,True,True,True,0.4,0.0
E02_2003,E02,2003,shil,cpss_tuning,16,0.9,False,1,True,True,True,0.4,0.0
E02_2003,E02,2003,shil,cpss_final,4,0.6,False,1,True,True,True,0.4,0.0
E02_2003,E02,2003,shil,cpss_final,4,0.7,False,0,True,False,False,0.0,0.0
E02_2003,E02,2003,shil,cpss_final,4,0.8,False,0,True,False,False,0.0,0.0
E02_2003,E02,2003,shil,cpss_final,4,0.9,True,0,True,False,False,0.0,0.0
E02_2003,E02,2003,shil,cpss_final,8,0.6,False,3,True,True,False,0.0,0.0
E02_2003,E02,2003,shil,cpss_final,8,0.7,False,1,True,True,True,0.4,0.0
E02_2003,E02,2003,shil,cpss_final,8,0.8,False,0,True,False,False,0.0,0.0
E02_2003,E02,2003,shil,cpss_final,8,0.9,False,0,True,False,False,0.0,0.0
E02_2003,E02,2003,shil,cpss_final,16,0.6,False,6,True,True,False,0.0,0.0
E02_2003,E02,2003,shil,cpss_final,16,0.7,False,5,True,True,True,0.2222222222222222,0.2222222222222222
E02_2003,E02,2003,shil,cpss_final,16,0.8,False,2,True,True,True,0.0,-0.3333333333333333
E02_2003,E02,2003,shil,cpss_final,16,0.9,False,0,True,False,False,0.0,0.0
E02_2003,E02,2003,l1,cpss_tuning,4,0.6,False,0,True,False,False,0.0,0.0
E02_2003,E02,2003,l1,cpss_tuning,4,0.7,False,0,True,False,False,0.0,0.0
E02_2003,E02,2003,l1,cpss_tuning,4,0.8,False,0,True,False,False,0.0,0.0
E02_2003,E02,2003,l1,cpss_tuning,4,0.9,True,0,True,False,False,0.0,0.0
E02_2003,E02,2003,l1,cpss_tuning,8,0.6,False,0,True,False,False,0.0,0.0
E02_2003,E02,2003,l1,cpss_tuning,8,0.7,False,0,True,False,False,0.0,0.0
E02_2003,E02,2003,l1,cpss_tuning,8,0.8,False,0,True,False,False,0.0,0.0
E02_2003,E02,2003,l1,cpss_tuning,8,0.9,False,0,True,False,False,0.0,0.0
E02_2003,E02,2003,l1,cpss_tuning,16,0.6,False,0,True,False,False,0.0,0.0
E02_2003,E02,2003,l1,cpss_tuning,16,0.7,False,0,True,False,False,0.0,0.0
E02_2003,E02,2003,l1,cpss_tuning,16,0.8,False,0,True,False,False,0.0,0.0
E02_2003,E02,2003,l1,cpss_tuning,16,0.9,False,0,True,False,False,0.0,0.0
E02_2003,E02,2003,l1,cpss_final,4,0.6,False,0,True,False,False,0.0,0.0
E02_2003,E02,2003,l1,cpss_final,4,0.7,False,0,True,False,False,0.0,0.0
E02_2003,E02,2003,l1,cpss_final,4,0.8,False,0,True,False,False,0.0,0.0
E02_2003,E02,2003,l1,cpss_final,4,0.9,True,0,True,False,False,0.0,0.0
E02_2003,E02,2003,l1,cpss_final,8,0.6,False,0,True,False,False,0.0,0.0
E02_2003,E02,2003,l1,cpss_final,8,0.7,False,0,True,False,False,0.0,0.0
E02_2003,E02,2003,l1,cpss_final,8,0.8,False,0,True,False,False,0.0,0.0
E02_2003,E02,2003,l1,cpss_final,8,0.9,False,0,True,False,False,0.0,0.0
E02_2003,E02,2003,l1,cpss_final,16,0.6,False,0,True,False,False,0.0,0.0
E02_2003,E02,2003,l1,cpss_final,16,0.7,False,0,True,False,False,0.0,0.0
E02_2003,E02,2003,l1,cpss_final,16,0.8,False,0,True,False,False,0.0,0.0
E02_2003,E02,2003,l1,cpss_final,16,0.9,False,0,True,False,False,0.0,0.0
E02_2003,E02,2003,tree,cpss_tuning,4,0.6,False,0,True,False,False,0.0,0.0
E02_2003,E02,2003,tree,cpss_tuning,4,0.7,False,0,True,False,False,0.0,0.0
E02_2003,E02,2003,tree,cpss_tuning,4,0.8,False,0,True,False,False,0.0,0.0
E02_2003,E02,2003,tree,cpss_tuning,4,0.9,True,0,True,False,False,0.0,0.0
E02_2003,E02,2003,tree,cpss_tuning,8,0.6,False,0,True,False,False,0.0,0.0
E02_2003,E02,2003,tree,cpss_tuning,8,0.7,False,0,True,False,False,0.0,0.0
E02_2003,E02,2003,tree,cpss_tuning,8,0.8,False,0,True,False,False,0.0,0.0
E02_2003,E02,2003,tree,cpss_tuning,8,0.9,False,0,True,False,False,0.0,0.0
E02_2003,E02,2003,tree,cpss_tuning,16,0.6,False,0,True,False,False,0.0,0.0
E02_2003,E02,2003,tree,cpss_tuning,16,0.7,False,0,True,False,False,0.0,0.0
E02_2003,E02,2003,tree,cpss_tuning,16,0.8,False,0,True,False,False,0.0,0.0
E02_2003,E02,2003,tree,cpss_tuning,16,0.9,False,0,True,False,False,0.0,0.0
E02_2003,E02,2003,tree,cpss_final,4,0.6,False,0,True,False,False,0.0,0.0
E02_2003,E02,2003,tree,cpss_final,4,0.7,False,0,True,False,False,0.0,0.0
E02_2003,E02,2003,tree,cpss_final,4,0.8,False,0,True,False,False,0.0,0.0
E02_2003,E02,2003,tree,cpss_final,4,0.9,True,0,True,False,False,0.0,0.0
E02_2003,E02,2003,tree,cpss_final,8,0.6,False,0,True,False,False,0.0,0.0
E02_2003,E02,2003,tree,cpss_final,8,0.7,False,0,True,False,False,0.0,0.0
E02_2003,E02,2003,tree,cpss_final,8,0.8,False,0,True,False,False,0.0,0.0
E02_2003,E02,2003,tree,cpss_final,8,0.9,False,0,True,False,False,0.0,0.0
E02_2003,E02,2003,tree,cpss_final,16,0.6,False,0,True,False,False,0.0,0.0
E02_2003,E02,2003,tree,cpss_final,16,0.7,False,0,True,False,False,0.0,0.0
E02_2003,E02,2003,tree,cpss_final,16,0.8,False,0,True,False,False,0.0,0.0
E02_2003,E02,2003,tree,cpss_final,16,0.9,False,0,True,False,False,0.0,0.0
E02_2003,E02,2003,screen,cpss_tuning,4,0.6,False,1,True,True,True,0.4,0.0
E02_2003,E02,2003,screen,cpss_tuning,4,0.7,False,0,True,False,False,0.0,0.0
E02_2003,E02,2003,screen,cpss_tuning,4,0.8,False,0,True,False,False,0.0,0.0
E02_2003,E02,2003,screen,cpss_tuning,4,0.9,True,0,True,False,False,0.0,0.0
E02_2003,E02,2003,screen,cpss_tuning,8,0.6,False,1,True,True,True,0.4,0.0
E02_2003,E02,2003,screen,cpss_tuning,8,0.7,False,1,True,True,True,0.4,0.0
E02_2003,E02,2003,screen,cpss_tuning,8,0.8,False,1,True,True,True,0.4,0.0
E02_2003,E02,2003,screen,cpss_tuning,8,0.9,False,0,True,False,False,0.0,0.0
E02_2003,E02,2003,screen,cpss_tuning,16,0.6,False,2,True,True,True,0.3333333333333333,0.0
E02_2003,E02,2003,screen,cpss_tuning,16,0.7,False,1,True,True,True,0.4,0.0
E02_2003,E02,2003,screen,cpss_tuning,16,0.8,False,1,True,True,True,0.4,0.0
E02_2003,E02,2003,screen,cpss_tuning,16,0.9,False,1,True,True,True,0.4,0.0
E02_2003,E02,2003,screen,cpss_final,4,0.6,False,1,True,True,True,0.4,0.0
E02_2003,E02,2003,screen,cpss_final,4,0.7,False,0,True,False,False,0.0,0.0
E02_2003,E02,2003,screen,cpss_final,4,0.8,False,0,True,False,False,0.0,0.0
E02_2003,E02,2003,screen,cpss_final,4,0.9,True,0,True,False,False,0.0,0.0
E02_2003,E02,2003,screen,cpss_final,8,0.6,False,3,True,True,False,0.0,0.0
E02_2003,E02,2003,screen,cpss_final,8,0.7,False,1,True,True,True,0.4,0.0
E02_2003,E02,2003,screen,cpss_final,8,0.8,False,0,True,False,False,0.0,0.0
E02_2003,E02,2003,screen,cpss_final,8,0.9,False,0,True,False,False,0.0,0.0
E02_2003,E02,2003,screen,cpss_final,16,0.6,False,6,True,True,False,0.0,0.0
E02_2003,E02,2003,screen,cpss_final,16,0.7,False,5,True,True,True,0.2222222222222222,0.2222222222222222
E02_2003,E02,2003,screen,cpss_final,16,0.8,False,2,True,True,True,0.3333333333333333,0.0
E02_2003,E02,2003,screen,cpss_final,16,0.9,False,0,True,False,False,0.0,0.0
E02_2011,E02,2011,shil,cpss_tuning,4,0.6,False,0,True,False,False,0.0,0.0
E02_2011,E02,2011,shil,cpss_tuning,4,0.7,False,0,True,False,False,0.0,0.0
E02_2011,E02,2011,shil,cpss_tuning,4,0.8,False,0,True,False,False,0.0,0.0
E02_2011,E02,2011,shil,cpss_tuning,4,0.9,True,0,True,False,False,0.0,0.0
E02_2011,E02,2011,shil,cpss_tuning,8,0.6,False,0,True,False,False,0.0,0.0
E02_2011,E02,2011,shil,cpss_tuning,8,0.7,False,0,True,False,False,0.0,0.0
E02_2011,E02,2011,shil,cpss_tuning,8,0.8,False,0,True,False,False,0.0,0.0
E02_2011,E02,2011,shil,cpss_tuning,8,0.9,False,0,True,False,False,0.0,0.0
E02_2011,E02,2011,shil,cpss_tuning,16,0.6,False,1,True,True,True,0.0,0.0
E02_2011,E02,2011,shil,cpss_tuning,16,0.7,False,0,True,False,False,0.0,0.0
E02_2011,E02,2011,shil,cpss_tuning,16,0.8,False,0,True,False,False,0.0,0.0
E02_2011,E02,2011,shil,cpss_tuning,16,0.9,False,0,True,False,False,0.0,0.0
E02_2011,E02,2011,shil,cpss_final,4,0.6,False,0,True,False,False,0.0,0.0
E02_2011,E02,2011,shil,cpss_final,4,0.7,False,0,True,False,False,0.0,0.0
E02_2011,E02,2011,shil,cpss_final,4,0.8,False,0,True,False,False,0.0,0.0
E02_2011,E02,2011,shil,cpss_final,4,0.9,True,0,True,False,False,0.0,0.0
E02_2011,E02,2011,shil,cpss_final,8,0.6,False,4,True,True,True,0.0,0.0
E02_2011,E02,2011,shil,cpss_final,8,0.7,False,1,True,True,False,0.0,0.0
E02_2011,E02,2011,shil,cpss_final,8,0.8,False,0,True,False,False,0.0,0.0
E02_2011,E02,2011,shil,cpss_final,8,0.9,False,0,True,False,False,0.0,0.0
E02_2011,E02,2011,shil,cpss_final,16,0.6,False,6,True,True,True,0.0,0.0
E02_2011,E02,2011,shil,cpss_final,16,0.7,False,6,True,True,True,0.0,0.0
E02_2011,E02,2011,shil,cpss_final,16,0.8,False,3,True,True,True,0.2857142857142857,0.2857142857142857
E02_2011,E02,2011,shil,cpss_final,16,0.9,False,0,True,False,False,0.0,0.0
E02_2011,E02,2011,l1,cpss_tuning,4,0.6,False,0,True,False,False,0.0,0.0
E02_2011,E02,2011,l1,cpss_tuning,4,0.7,False,0,True,False,False,0.0,0.0
E02_2011,E02,2011,l1,cpss_tuning,4,0.8,False,0,True,False,False,0.0,0.0
E02_2011,E02,2011,l1,cpss_tuning,4,0.9,True,0,True,False,False,0.0,0.0
E02_2011,E02,2011,l1,cpss_tuning,8,0.6,False,0,True,False,False,0.0,0.0
E02_2011,E02,2011,l1,cpss_tuning,8,0.7,False,0,True,False,False,0.0,0.0
E02_2011,E02,2011,l1,cpss_tuning,8,0.8,False,0,True,False,False,0.0,0.0
E02_2011,E02,2011,l1,cpss_tuning,8,0.9,False,0,True,False,False,0.0,0.0
E02_2011,E02,2011,l1,cpss_tuning,16,0.6,False,0,True,False,False,0.0,0.0
E02_2011,E02,2011,l1,cpss_tuning,16,0.7,False,0,True,False,False,0.0,0.0
E02_2011,E02,2011,l1,cpss_tuning,16,0.8,False,0,True,False,False,0.0,0.0
E02_2011,E02,2011,l1,cpss_tuning,16,0.9,False,0,True,False,False,0.0,0.0
E02_2011,E02,2011,l1,cpss_final,4,0.6,False,0,True,False,False,0.0,0.0
E02_2011,E02,2011,l1,cpss_final,4,0.7,False,0,True,False,False,0.0,0.0
E02_2011,E02,2011,l1,cpss_final,4,0.8,False,0,True,False,False,0.0,0.0
E02_2011,E02,2011,l1,cpss_final,4,0.9,True,0,True,False,False,0.0,0.0
E02_2011,E02,2011,l1,cpss_final,8,0.6,False,0,True,False,False,0.0,0.0
E02_2011,E02,2011,l1,cpss_final,8,0.7,False,0,True,False,False,0.0,0.0
E02_2011,E02,2011,l1,cpss_final,8,0.8,False,0,True,False,False,0.0,0.0
E02_2011,E02,2011,l1,cpss_final,8,0.9,False,0,True,False,False,0.0,0.0
E02_2011,E02,2011,l1,cpss_final,16,0.6,False,0,True,False,False,0.0,0.0
E02_2011,E02,2011,l1,cpss_final,16,0.7,False,0,True,False,False,0.0,0.0
E02_2011,E02,2011,l1,cpss_final,16,0.8,False,0,True,False,False,0.0,0.0
E02_2011,E02,2011,l1,cpss_final,16,0.9,False,0,True,False,False,0.0,0.0
E02_2011,E02,2011,tree,cpss_tuning,4,0.6,False,0,True,False,False,0.0,0.0
E02_2011,E02,2011,tree,cpss_tuning,4,0.7,False,0,True,False,False,0.0,0.0
E02_2011,E02,2011,tree,cpss_tuning,4,0.8,False,0,True,False,False,0.0,0.0
E02_2011,E02,2011,tree,cpss_tuning,4,0.9,True,0,True,False,False,0.0,0.0
E02_2011,E02,2011,tree,cpss_tuning,8,0.6,False,0,True,False,False,0.0,0.0
E02_2011,E02,2011,tree,cpss_tuning,8,0.7,False,0,True,False,False,0.0,0.0
E02_2011,E02,2011,tree,cpss_tuning,8,0.8,False,0,True,False,False,0.0,0.0
E02_2011,E02,2011,tree,cpss_tuning,8,0.9,False,0,True,False,False,0.0,0.0
E02_2011,E02,2011,tree,cpss_tuning,16,0.6,False,0,True,False,False,0.0,0.0
E02_2011,E02,2011,tree,cpss_tuning,16,0.7,False,0,True,False,False,0.0,0.0
E02_2011,E02,2011,tree,cpss_tuning,16,0.8,False,0,True,False,False,0.0,0.0
E02_2011,E02,2011,tree,cpss_tuning,16,0.9,False,0,True,False,False,0.0,0.0
E02_2011,E02,2011,tree,cpss_final,4,0.6,False,0,True,False,False,0.0,0.0
E02_2011,E02,2011,tree,cpss_final,4,0.7,False,0,True,False,False,0.0,0.0
E02_2011,E02,2011,tree,cpss_final,4,0.8,False,0,True,False,False,0.0,0.0
E02_2011,E02,2011,tree,cpss_final,4,0.9,True,0,True,False,False,0.0,0.0
E02_2011,E02,2011,tree,cpss_final,8,0.6,False,0,True,False,False,0.0,0.0
E02_2011,E02,2011,tree,cpss_final,8,0.7,False,0,True,False,False,0.0,0.0
E02_2011,E02,2011,tree,cpss_final,8,0.8,False,0,True,False,False,0.0,0.0
E02_2011,E02,2011,tree,cpss_final,8,0.9,False,0,True,False,False,0.0,0.0
E02_2011,E02,2011,tree,cpss_final,16,0.6,False,0,True,False,False,0.0,0.0
E02_2011,E02,2011,tree,cpss_final,16,0.7,False,0,True,False,False,0.0,0.0
E02_2011,E02,2011,tree,cpss_final,16,0.8,False,0,True,False,False,0.0,0.0
E02_2011,E02,2011,tree,cpss_final,16,0.9,False,0,True,False,False,0.0,0.0
E02_2011,E02,2011,screen,cpss_tuning,4,0.6,False,0,True,False,False,0.0,0.0
E02_2011,E02,2011,screen,cpss_tuning,4,0.7,False,0,True,False,False,0.0,0.0
E02_2011,E02,2011,screen,cpss_tuning,4,0.8,False,0,True,False,False,0.0,0.0
E02_2011,E02,2011,screen,cpss_tuning,4,0.9,True,0,True,False,False,0.0,0.0
E02_2011,E02,2011,screen,cpss_tuning,8,0.6,False,0,True,False,False,0.0,0.0
E02_2011,E02,2011,screen,cpss_tuning,8,0.7,False,0,True,False,False,0.0,0.0
E02_2011,E02,2011,screen,cpss_tuning,8,0.8,False,0,True,False,False,0.0,0.0
E02_2011,E02,2011,screen,cpss_tuning,8,0.9,False,0,True,False,False,0.0,0.0
E02_2011,E02,2011,screen,cpss_tuning,16,0.6,False,0,True,False,False,0.0,0.0
E02_2011,E02,2011,screen,cpss_tuning,16,0.7,False,0,True,False,False,0.0,0.0
E02_2011,E02,2011,screen,cpss_tuning,16,0.8,False,0,True,False,False,0.0,0.0
E02_2011,E02,2011,screen,cpss_tuning,16,0.9,False,0,True,False,False,0.0,0.0
E02_2011,E02,2011,screen,cpss_final,4,0.6,False,0,True,False,False,0.0,0.0
E02_2011,E02,2011,screen,cpss_final,4,0.7,False,0,True,False,False,0.0,0.0
E02_2011,E02,2011,screen,cpss_final,4,0.8,False,0,True,False,False,0.0,0.0
E02_2011,E02,2011,screen,cpss_final,4,0.9,True,0,True,False,False,0.0,0.0
E02_2011,E02,2011,screen,cpss_final,8,0.6,False,4,True,True,True,0.0,0.0
E02_2011,E02,2011,screen,cpss_final,8,0.7,False,0,True,False,False,0.0,0.0
E02_2011,E02,2011,screen,cpss_final,8,0.8,False,0,True,False,False,0.0,0.0
E02_2011,E02,2011,screen,cpss_final,8,0.9,False,0,True,False,False,0.0,0.0
E02_2011,E02,2011,screen,cpss_final,16,0.6,False,6,True,True,True,0.0,0.0
E02_2011,E02,2011,screen,cpss_final,16,0.7,False,6,True,True,True,0.0,0.0
E02_2011,E02,2011,screen,cpss_final,16,0.8,False,3,True,True,True,0.2857142857142857,0.2857142857142857
E02_2011,E02,2011,screen,cpss_final,16,0.9,False,0,True,False,False,0.0,0.0
E02_2017,E02,2017,shil,cpss_tuning,4,0.6,False,0,True,False,False,0.0,0.0
E02_2017,E02,2017,shil,cpss_tuning,4,0.7,False,0,True,False,False,0.0,0.0
E02_2017,E02,2017,shil,cpss_tuning,4,0.8,False,0,True,False,False,0.0,0.0
E02_2017,E02,2017,shil,cpss_tuning,4,0.9,False,0,True,False,False,0.0,0.0
E02_2017,E02,2017,shil,cpss_tuning,8,0.6,False,0,True,False,False,0.0,0.0
E02_2017,E02,2017,shil,cpss_tuning,8,0.7,False,0,True,False,False,0.0,0.0
E02_2017,E02,2017,shil,cpss_tuning,8,0.8,False,0,True,False,False,0.0,0.0
E02_2017,E02,2017,shil,cpss_tuning,8,0.9,False,0,True,False,False,0.0,0.0
E02_2017,E02,2017,shil,cpss_tuning,16,0.6,True,2,True,True,True,0.3333333333333333,0.3333333333333333
E02_2017,E02,2017,shil,cpss_tuning,16,0.7,False,0,True,False,False,0.0,0.0
E02_2017,E02,2017,shil,cpss_tuning,16,0.8,False,0,True,False,False,0.0,0.0
E02_2017,E02,2017,shil,cpss_tuning,16,0.9,False,0,True,False,False,0.0,0.0
E02_2017,E02,2017,shil,cpss_final,4,0.6,False,2,True,True,False,0.0,0.0
E02_2017,E02,2017,shil,cpss_final,4,0.7,False,2,True,True,False,0.0,0.0
E02_2017,E02,2017,shil,cpss_final,4,0.8,False,2,True,True,False,0.0,0.0
E02_2017,E02,2017,shil,cpss_final,4,0.9,False,0,True,False,False,0.0,0.0
E02_2017,E02,2017,shil,cpss_final,8,0.6,False,3,True,True,False,0.0,0.0
E02_2017,E02,2017,shil,cpss_final,8,0.7,False,3,True,True,False,0.0,0.0
E02_2017,E02,2017,shil,cpss_final,8,0.8,False,2,True,True,False,0.0,0.0
E02_2017,E02,2017,shil,cpss_final,8,0.9,False,1,True,True,False,0.0,0.0
E02_2017,E02,2017,shil,cpss_final,16,0.6,True,5,True,True,True,0.2222222222222222,0.0
E02_2017,E02,2017,shil,cpss_final,16,0.7,False,4,True,True,True,0.0,-0.25
E02_2017,E02,2017,shil,cpss_final,16,0.8,False,3,True,True,False,0.0,0.0
E02_2017,E02,2017,shil,cpss_final,16,0.9,False,2,True,True,False,0.0,0.0
E02_2017,E02,2017,l1,cpss_tuning,4,0.6,False,0,True,False,False,0.0,0.0
E02_2017,E02,2017,l1,cpss_tuning,4,0.7,False,0,True,False,False,0.0,0.0
E02_2017,E02,2017,l1,cpss_tuning,4,0.8,False,0,True,False,False,0.0,0.0
E02_2017,E02,2017,l1,cpss_tuning,4,0.9,True,0,True,False,False,0.0,0.0
E02_2017,E02,2017,l1,cpss_tuning,8,0.6,False,0,True,False,False,0.0,0.0
E02_2017,E02,2017,l1,cpss_tuning,8,0.7,False,0,True,False,False,0.0,0.0
E02_2017,E02,2017,l1,cpss_tuning,8,0.8,False,0,True,False,False,0.0,0.0
E02_2017,E02,2017,l1,cpss_tuning,8,0.9,False,0,True,False,False,0.0,0.0
E02_2017,E02,2017,l1,cpss_tuning,16,0.6,False,0,True,False,False,0.0,0.0
E02_2017,E02,2017,l1,cpss_tuning,16,0.7,False,0,True,False,False,0.0,0.0
E02_2017,E02,2017,l1,cpss_tuning,16,0.8,False,0,True,False,False,0.0,0.0
E02_2017,E02,2017,l1,cpss_tuning,16,0.9,False,0,True,False,False,0.0,0.0
E02_2017,E02,2017,l1,cpss_final,4,0.6,False,1,True,True,False,0.0,0.0
E02_2017,E02,2017,l1,cpss_final,4,0.7,False,0,True,False,False,0.0,0.0
E02_2017,E02,2017,l1,cpss_final,4,0.8,False,0,True,False,False,0.0,0.0
E02_2017,E02,2017,l1,cpss_final,4,0.9,True,0,True,False,False,0.0,0.0
E02_2017,E02,2017,l1,cpss_final,8,0.6,False,1,True,True,False,0.0,0.0
E02_2017,E02,2017,l1,cpss_final,8,0.7,False,0,True,False,False,0.0,0.0
E02_2017,E02,2017,l1,cpss_final,8,0.8,False,0,True,False,False,0.0,0.0
E02_2017,E02,2017,l1,cpss_final,8,0.9,False,0,True,False,False,0.0,0.0
E02_2017,E02,2017,l1,cpss_final,16,0.6,False,1,True,True,False,0.0,0.0
E02_2017,E02,2017,l1,cpss_final,16,0.7,False,0,True,False,False,0.0,0.0
E02_2017,E02,2017,l1,cpss_final,16,0.8,False,0,True,False,False,0.0,0.0
E02_2017,E02,2017,l1,cpss_final,16,0.9,False,0,True,False,False,0.0,0.0
E02_2017,E02,2017,tree,cpss_tuning,4,0.6,False,0,True,False,False,0.0,0.0
E02_2017,E02,2017,tree,cpss_tuning,4,0.7,False,0,True,False,False,0.0,0.0
E02_2017,E02,2017,tree,cpss_tuning,4,0.8,False,0,True,False,False,0.0,0.0
E02_2017,E02,2017,tree,cpss_tuning,4,0.9,True,0,True,False,False,0.0,0.0
E02_2017,E02,2017,tree,cpss_tuning,8,0.6,False,0,True,False,False,0.0,0.0
E02_2017,E02,2017,tree,cpss_tuning,8,0.7,False,0,True,False,False,0.0,0.0
E02_2017,E02,2017,tree,cpss_tuning,8,0.8,False,0,True,False,False,0.0,0.0
E02_2017,E02,2017,tree,cpss_tuning,8,0.9,False,0,True,False,False,0.0,0.0
E02_2017,E02,2017,tree,cpss_tuning,16,0.6,False,0,True,False,False,0.0,0.0
E02_2017,E02,2017,tree,cpss_tuning,16,0.7,False,0,True,False,False,0.0,0.0
E02_2017,E02,2017,tree,cpss_tuning,16,0.8,False,0,True,False,False,0.0,0.0
E02_2017,E02,2017,tree,cpss_tuning,16,0.9,False,0,True,False,False,0.0,0.0
E02_2017,E02,2017,tree,cpss_final,4,0.6,False,0,True,False,False,0.0,0.0
E02_2017,E02,2017,tree,cpss_final,4,0.7,False,0,True,False,False,0.0,0.0
E02_2017,E02,2017,tree,cpss_final,4,0.8,False,0,True,False,False,0.0,0.0
E02_2017,E02,2017,tree,cpss_final,4,0.9,True,0,True,False,False,0.0,0.0
E02_2017,E02,2017,tree,cpss_final,8,0.6,False,0,True,False,False,0.0,0.0
E02_2017,E02,2017,tree,cpss_final,8,0.7,False,0,True,False,False,0.0,0.0
E02_2017,E02,2017,tree,cpss_final,8,0.8,False,0,True,False,False,0.0,0.0
E02_2017,E02,2017,tree,cpss_final,8,0.9,False,0,True,False,False,0.0,0.0
E02_2017,E02,2017,tree,cpss_final,16,0.6,False,2,True,True,True,0.0,-0.3333333333333333
E02_2017,E02,2017,tree,cpss_final,16,0.7,False,0,True,False,False,0.0,0.0
E02_2017,E02,2017,tree,cpss_final,16,0.8,False,0,True,False,False,0.0,0.0
E02_2017,E02,2017,tree,cpss_final,16,0.9,False,0,True,False,False,0.0,0.0
E02_2017,E02,2017,screen,cpss_tuning,4,0.6,False,0,True,False,False,0.0,0.0
E02_2017,E02,2017,screen,cpss_tuning,4,0.7,False,0,True,False,False,0.0,0.0
E02_2017,E02,2017,screen,cpss_tuning,4,0.8,False,0,True,False,False,0.0,0.0
E02_2017,E02,2017,screen,cpss_tuning,4,0.9,False,0,True,False,False,0.0,0.0
E02_2017,E02,2017,screen,cpss_tuning,8,0.6,False,0,True,False,False,0.0,0.0
E02_2017,E02,2017,screen,cpss_tuning,8,0.7,False,0,True,False,False,0.0,0.0
E02_2017,E02,2017,screen,cpss_tuning,8,0.8,False,0,True,False,False,0.0,0.0
E02_2017,E02,2017,screen,cpss_tuning,8,0.9,False,0,True,False,False,0.0,0.0
E02_2017,E02,2017,screen,cpss_tuning,16,0.6,True,2,True,True,True,0.3333333333333333,0.3333333333333333
E02_2017,E02,2017,screen,cpss_tuning,16,0.7,False,0,True,False,False,0.0,0.0
E02_2017,E02,2017,screen,cpss_tuning,16,0.8,False,0,True,False,False,0.0,0.0
E02_2017,E02,2017,screen,cpss_tuning,16,0.9,False,0,True,False,False,0.0,0.0
E02_2017,E02,2017,screen,cpss_final,4,0.6,False,2,True,True,False,0.0,0.0
E02_2017,E02,2017,screen,cpss_final,4,0.7,False,2,True,True,False,0.0,0.0
E02_2017,E02,2017,screen,cpss_final,4,0.8,False,2,True,True,False,0.0,0.0
E02_2017,E02,2017,screen,cpss_final,4,0.9,False,0,True,False,False,0.0,0.0
E02_2017,E02,2017,screen,cpss_final,8,0.6,False,3,True,True,False,0.0,0.0
E02_2017,E02,2017,screen,cpss_final,8,0.7,False,3,True,True,False,0.0,0.0
E02_2017,E02,2017,screen,cpss_final,8,0.8,False,2,True,True,False,0.0,0.0
E02_2017,E02,2017,screen,cpss_final,8,0.9,False,1,True,True,False,0.0,0.0
E02_2017,E02,2017,screen,cpss_final,16,0.6,True,5,True,True,True,0.2222222222222222,0.0
E02_2017,E02,2017,screen,cpss_final,16,0.7,False,4,True,True,True,0.0,-0.25
E02_2017,E02,2017,screen,cpss_final,16,0.8,False,3,True,True,False,0.0,0.0
E02_2017,E02,2017,screen,cpss_final,16,0.9,False,2,True,True,False,0.0,0.0
E02_2027,E02,2027,shil,cpss_tuning,4,0.6,False,2,True,True,False,0.0,0.0
E02_2027,E02,2027,shil,cpss_tuning,4,0.7,False,1,True,True,False,0.0,0.0
E02_2027,E02,2027,shil,cpss_tuning,4,0.8,False,0,True,False,False,0.0,0.0
E02_2027,E02,2027,shil,cpss_tuning,4,0.9,True,0,True,False,False,0.0,0.0
E02_2027,E02,2027,shil,cpss_tuning,8,0.6,False,4,True,True,False,0.0,0.0
E02_2027,E02,2027,shil,cpss_tuning,8,0.7,False,3,True,True,False,0.0,0.0
E02_2027,E02,2027,shil,cpss_tuning,8,0.8,False,2,True,True,False,0.0,0.0
E02_2027,E02,2027,shil,cpss_tuning,8,0.9,False,1,True,True,False,0.0,0.0
E02_2027,E02,2027,shil,cpss_tuning,16,0.6,False,5,True,True,False,0.0,0.0
E02_2027,E02,2027,shil,cpss_tuning,16,0.7,False,4,True,True,False,0.0,0.0
E02_2027,E02,2027,shil,cpss_tuning,16,0.8,False,4,True,True,False,0.0,0.0
E02_2027,E02,2027,shil,cpss_tuning,16,0.9,False,2,True,True,False,0.0,0.0
E02_2027,E02,2027,shil,cpss_final,4,0.6,False,3,True,True,False,0.0,0.0
E02_2027,E02,2027,shil,cpss_final,4,0.7,False,2,True,True,False,0.0,0.0
E02_2027,E02,2027,shil,cpss_final,4,0.8,False,0,True,False,False,0.0,0.0
E02_2027,E02,2027,shil,cpss_final,4,0.9,True,0,True,False,False,0.0,0.0
E02_2027,E02,2027,shil,cpss_final,8,0.6,False,5,True,True,False,0.0,0.0
E02_2027,E02,2027,shil,cpss_final,8,0.7,False,3,True,True,False,0.0,0.0
E02_2027,E02,2027,shil,cpss_final,8,0.8,False,2,True,True,False,0.0,0.0
E02_2027,E02,2027,shil,cpss_final,8,0.9,False,1,True,True,False,0.0,0.0
E02_2027,E02,2027,shil,cpss_final,16,0.6,False,5,True,True,False,0.0,0.0
E02_2027,E02,2027,shil,cpss_final,16,0.7,False,5,True,True,False,0.0,0.0
E02_2027,E02,2027,shil,cpss_final,16,0.8,False,3,True,True,False,0.0,0.0
E02_2027,E02,2027,shil,cpss_final,16,0.9,False,2,True,True,False,0.0,0.0
E02_2027,E02,2027,l1,cpss_tuning,4,0.6,False,1,True,True,False,0.0,0.0
E02_2027,E02,2027,l1,cpss_tuning,4,0.7,False,1,True,True,False,0.0,0.0
E02_2027,E02,2027,l1,cpss_tuning,4,0.8,False,1,True,True,False,0.0,0.0
E02_2027,E02,2027,l1,cpss_tuning,4,0.9,True,0,True,False,False,0.0,0.0
E02_2027,E02,2027,l1,cpss_tuning,8,0.6,False,2,True,True,False,0.0,0.0
E02_2027,E02,2027,l1,cpss_tuning,8,0.7,False,1,True,True,False,0.0,0.0
E02_2027,E02,2027,l1,cpss_tuning,8,0.8,False,1,True,True,False,0.0,0.0
E02_2027,E02,2027,l1,cpss_tuning,8,0.9,False,0,True,False,False,0.0,0.0
E02_2027,E02,2027,l1,cpss_tuning,16,0.6,False,2,True,True,False,0.0,0.0
E02_2027,E02,2027,l1,cpss_tuning,16,0.7,False,1,True,True,False,0.0,0.0
E02_2027,E02,2027,l1,cpss_tuning,16,0.8,False,1,True,True,False,0.0,0.0
E02_2027,E02,2027,l1,cpss_tuning,16,0.9,False,0,True,False,False,0.0,0.0
E02_2027,E02,2027,l1,cpss_final,4,0.6,False,1,True,True,False,0.0,0.0
E02_2027,E02,2027,l1,cpss_final,4,0.7,False,0,True,False,False,0.0,0.0
E02_2027,E02,2027,l1,cpss_final,4,0.8,False,0,True,False,False,0.0,0.0
E02_2027,E02,2027,l1,cpss_final,4,0.9,True,0,True,False,False,0.0,0.0
E02_2027,E02,2027,l1,cpss_final,8,0.6,False,1,True,True,False,0.0,0.0
E02_2027,E02,2027,l1,cpss_final,8,0.7,False,0,True,False,False,0.0,0.0
E02_2027,E02,2027,l1,cpss_final,8,0.8,False,0,True,False,False,0.0,0.0
E02_2027,E02,2027,l1,cpss_final,8,0.9,False,0,True,False,False,0.0,0.0
E02_2027,E02,2027,l1,cpss_final,16,0.6,False,1,True,True,False,0.0,0.0
E02_2027,E02,2027,l1,cpss_final,16,0.7,False,0,True,False,False,0.0,0.0
E02_2027,E02,2027,l1,cpss_final,16,0.8,False,0,True,False,False,0.0,0.0
E02_2027,E02,2027,l1,cpss_final,16,0.9,False,0,True,False,False,0.0,0.0
E02_2027,E02,2027,tree,cpss_tuning,4,0.6,False,0,True,False,False,0.0,0.0
E02_2027,E02,2027,tree,cpss_tuning,4,0.7,False,0,True,False,False,0.0,0.0
E02_2027,E02,2027,tree,cpss_tuning,4,0.8,False,0,True,False,False,0.0,0.0
E02_2027,E02,2027,tree,cpss_tuning,4,0.9,True,0,True,False,False,0.0,0.0
E02_2027,E02,2027,tree,cpss_tuning,8,0.6,False,1,True,True,False,0.0,0.0
E02_2027,E02,2027,tree,cpss_tuning,8,0.7,False,0,True,False,False,0.0,0.0
E02_2027,E02,2027,tree,cpss_tuning,8,0.8,False,0,True,False,False,0.0,0.0
E02_2027,E02,2027,tree,cpss_tuning,8,0.9,False,0,True,False,False,0.0,0.0
E02_2027,E02,2027,tree,cpss_tuning,16,0.6,False,1,True,True,False,0.0,0.0
E02_2027,E02,2027,tree,cpss_tuning,16,0.7,False,0,True,False,False,0.0,0.0
E02_2027,E02,2027,tree,cpss_tuning,16,0.8,False,0,True,False,False,0.0,0.0
E02_2027,E02,2027,tree,cpss_tuning,16,0.9,False,0,True,False,False,0.0,0.0
E02_2027,E02,2027,tree,cpss_final,4,0.6,False,1,True,True,False,0.0,0.0
E02_2027,E02,2027,tree,cpss_final,4,0.7,False,0,True,False,False,0.0,0.0
E02_2027,E02,2027,tree,cpss_final,4,0.8,False,0,True,False,False,0.0,0.0
E02_2027,E02,2027,tree,cpss_final,4,0.9,True,0,True,False,False,0.0,0.0
E02_2027,E02,2027,tree,cpss_final,8,0.6,False,1,True,True,False,0.0,0.0
E02_2027,E02,2027,tree,cpss_final,8,0.7,False,0,True,False,False,0.0,0.0
E02_2027,E02,2027,tree,cpss_final,8,0.8,False,0,True,False,False,0.0,0.0
E02_2027,E02,2027,tree,cpss_final,8,0.9,False,0,True,False,False,0.0,0.0
E02_2027,E02,2027,tree,cpss_final,16,0.6,False,2,True,True,False,0.0,0.0
E02_2027,E02,2027,tree,cpss_final,16,0.7,False,1,True,True,False,0.0,0.0
E02_2027,E02,2027,tree,cpss_final,16,0.8,False,0,True,False,False,0.0,0.0
E02_2027,E02,2027,tree,cpss_final,16,0.9,False,0,True,False,False,0.0,0.0
E02_2027,E02,2027,screen,cpss_tuning,4,0.6,False,2,True,True,False,0.0,0.0
E02_2027,E02,2027,screen,cpss_tuning,4,0.7,False,1,True,True,False,0.0,0.0
E02_2027,E02,2027,screen,cpss_tuning,4,0.8,False,0,True,False,False,0.0,0.0
E02_2027,E02,2027,screen,cpss_tuning,4,0.9,True,0,True,False,False,0.0,0.0
E02_2027,E02,2027,screen,cpss_tuning,8,0.6,False,4,True,True,False,0.0,0.0
E02_2027,E02,2027,screen,cpss_tuning,8,0.7,False,3,True,True,False,0.0,0.0
E02_2027,E02,2027,screen,cpss_tuning,8,0.8,False,2,True,True,False,0.0,0.0
E02_2027,E02,2027,screen,cpss_tuning,8,0.9,False,0,True,False,False,0.0,0.0
E02_2027,E02,2027,screen,cpss_tuning,16,0.6,False,5,True,True,False,0.0,0.0
E02_2027,E02,2027,screen,cpss_tuning,16,0.7,False,4,True,True,False,0.0,0.0
E02_2027,E02,2027,screen,cpss_tuning,16,0.8,False,3,True,True,False,0.0,0.0
E02_2027,E02,2027,screen,cpss_tuning,16,0.9,False,2,True,True,False,0.0,0.0
E02_2027,E02,2027,screen,cpss_final,4,0.6,False,3,True,True,False,0.0,0.0
E02_2027,E02,2027,screen,cpss_final,4,0.7,False,2,True,True,False,0.0,0.0
E02_2027,E02,2027,screen,cpss_final,4,0.8,False,0,True,False,False,0.0,0.0
E02_2027,E02,2027,screen,cpss_final,4,0.9,True,0,True,False,False,0.0,0.0
E02_2027,E02,2027,screen,cpss_final,8,0.6,False,5,True,True,False,0.0,0.0
E02_2027,E02,2027,screen,cpss_final,8,0.7,False,3,True,True,False,0.0,0.0
E02_2027,E02,2027,screen,cpss_final,8,0.8,False,2,True,True,False,0.0,0.0
E02_2027,E02,2027,screen,cpss_final,8,0.9,False,1,True,True,False,0.0,0.0
E02_2027,E02,2027,screen,cpss_final,16,0.6,False,5,True,True,False,0.0,0.0
E02_2027,E02,2027,screen,cpss_final,16,0.7,False,5,True,True,False,0.0,0.0
E02_2027,E02,2027,screen,cpss_final,16,0.8,False,3,True,True,False,0.0,0.0
E02_2027,E02,2027,screen,cpss_final,16,0.9,False,2,True,True,False,0.0,0.0
E02_2029,E02,2029,shil,cpss_tuning,4,0.6,False,0,True,False,False,0.0,0.0
E02_2029,E02,2029,shil,cpss_tuning,4,0.7,False,0,True,False,False,0.0,0.0
E02_2029,E02,2029,shil,cpss_tuning,4,0.8,False,0,True,False,False,0.0,0.0
E02_2029,E02,2029,shil,cpss_tuning,4,0.9,True,0,True,False,False,0.0,0.0
E02_2029,E02,2029,shil,cpss_tuning,8,0.6,False,0,True,False,False,0.0,0.0
E02_2029,E02,2029,shil,cpss_tuning,8,0.7,False,0,True,False,False,0.0,0.0
E02_2029,E02,2029,shil,cpss_tuning,8,0.8,False,0,True,False,False,0.0,0.0
E02_2029,E02,2029,shil,cpss_tuning,8,0.9,False,0,True,False,False,0.0,0.0
E02_2029,E02,2029,shil,cpss_tuning,16,0.6,False,0,True,False,False,0.0,0.0
E02_2029,E02,2029,shil,cpss_tuning,16,0.7,False,0,True,False,False,0.0,0.0
E02_2029,E02,2029,shil,cpss_tuning,16,0.8,False,0,True,False,False,0.0,0.0
E02_2029,E02,2029,shil,cpss_tuning,16,0.9,False,0,True,False,False,0.0,0.0
E02_2029,E02,2029,shil,cpss_final,4,0.6,False,0,True,False,False,0.0,0.0
E02_2029,E02,2029,shil,cpss_final,4,0.7,False,0,True,False,False,0.0,0.0
E02_2029,E02,2029,shil,cpss_final,4,0.8,False,0,True,False,False,0.0,0.0
E02_2029,E02,2029,shil,cpss_final,4,0.9,True,0,True,False,False,0.0,0.0
E02_2029,E02,2029,shil,cpss_final,8,0.6,False,0,True,False,False,0.0,0.0
E02_2029,E02,2029,shil,cpss_final,8,0.7,False,0,True,False,False,0.0,0.0
E02_2029,E02,2029,shil,cpss_final,8,0.8,False,0,True,False,False,0.0,0.0
E02_2029,E02,2029,shil,cpss_final,8,0.9,False,0,True,False,False,0.0,0.0
E02_2029,E02,2029,shil,cpss_final,16,0.6,False,4,True,True,True,0.25,0.0
E02_2029,E02,2029,shil,cpss_final,16,0.7,False,1,True,True,True,0.0,0.0
E02_2029,E02,2029,shil,cpss_final,16,0.8,False,0,True,False,False,0.0,0.0
E02_2029,E02,2029,shil,cpss_final,16,0.9,False,0,True,False,False,0.0,0.0
E02_2029,E02,2029,l1,cpss_tuning,4,0.6,False,0,True,False,False,0.0,0.0
E02_2029,E02,2029,l1,cpss_tuning,4,0.7,False,0,True,False,False,0.0,0.0
E02_2029,E02,2029,l1,cpss_tuning,4,0.8,False,0,True,False,False,0.0,0.0
E02_2029,E02,2029,l1,cpss_tuning,4,0.9,True,0,True,False,False,0.0,0.0
E02_2029,E02,2029,l1,cpss_tuning,8,0.6,False,0,True,False,False,0.0,0.0
E02_2029,E02,2029,l1,cpss_tuning,8,0.7,False,0,True,False,False,0.0,0.0
E02_2029,E02,2029,l1,cpss_tuning,8,0.8,False,0,True,False,False,0.0,0.0
E02_2029,E02,2029,l1,cpss_tuning,8,0.9,False,0,True,False,False,0.0,0.0
E02_2029,E02,2029,l1,cpss_tuning,16,0.6,False,0,True,False,False,0.0,0.0
E02_2029,E02,2029,l1,cpss_tuning,16,0.7,False,0,True,False,False,0.0,0.0
E02_2029,E02,2029,l1,cpss_tuning,16,0.8,False,0,True,False,False,0.0,0.0
E02_2029,E02,2029,l1,cpss_tuning,16,0.9,False,0,True,False,False,0.0,0.0
E02_2029,E02,2029,l1,cpss_final,4,0.6,False,0,True,False,False,0.0,0.0
E02_2029,E02,2029,l1,cpss_final,4,0.7,False,0,True,False,False,0.0,0.0
E02_2029,E02,2029,l1,cpss_final,4,0.8,False,0,True,False,False,0.0,0.0
E02_2029,E02,2029,l1,cpss_final,4,0.9,True,0,True,False,False,0.0,0.0
E02_2029,E02,2029,l1,cpss_final,8,0.6,False,0,True,False,False,0.0,0.0
E02_2029,E02,2029,l1,cpss_final,8,0.7,False,0,True,False,False,0.0,0.0
E02_2029,E02,2029,l1,cpss_final,8,0.8,False,0,True,False,False,0.0,0.0
E02_2029,E02,2029,l1,cpss_final,8,0.9,False,0,True,False,False,0.0,0.0
E02_2029,E02,2029,l1,cpss_final,16,0.6,False,0,True,False,False,0.0,0.0
E02_2029,E02,2029,l1,cpss_final,16,0.7,False,0,True,False,False,0.0,0.0
E02_2029,E02,2029,l1,cpss_final,16,0.8,False,0,True,False,False,0.0,0.0
E02_2029,E02,2029,l1,cpss_final,16,0.9,False,0,True,False,False,0.0,0.0
E02_2029,E02,2029,tree,cpss_tuning,4,0.6,False,0,True,False,False,0.0,0.0
E02_2029,E02,2029,tree,cpss_tuning,4,0.7,False,0,True,False,False,0.0,0.0
E02_2029,E02,2029,tree,cpss_tuning,4,0.8,False,0,True,False,False,0.0,0.0
E02_2029,E02,2029,tree,cpss_tuning,4,0.9,True,0,True,False,False,0.0,0.0
E02_2029,E02,2029,tree,cpss_tuning,8,0.6,False,0,True,False,False,0.0,0.0
E02_2029,E02,2029,tree,cpss_tuning,8,0.7,False,0,True,False,False,0.0,0.0
E02_2029,E02,2029,tree,cpss_tuning,8,0.8,False,0,True,False,False,0.0,0.0
E02_2029,E02,2029,tree,cpss_tuning,8,0.9,False,0,True,False,False,0.0,0.0
E02_2029,E02,2029,tree,cpss_tuning,16,0.6,False,0,True,False,False,0.0,0.0
E02_2029,E02,2029,tree,cpss_tuning,16,0.7,False,0,True,False,False,0.0,0.0
E02_2029,E02,2029,tree,cpss_tuning,16,0.8,False,0,True,False,False,0.0,0.0
E02_2029,E02,2029,tree,cpss_tuning,16,0.9,False,0,True,False,False,0.0,0.0
E02_2029,E02,2029,tree,cpss_final,4,0.6,False,0,True,False,False,0.0,0.0
E02_2029,E02,2029,tree,cpss_final,4,0.7,False,0,True,False,False,0.0,0.0
E02_2029,E02,2029,tree,cpss_final,4,0.8,False,0,True,False,False,0.0,0.0
E02_2029,E02,2029,tree,cpss_final,4,0.9,True,0,True,False,False,0.0,0.0
E02_2029,E02,2029,tree,cpss_final,8,0.6,False,0,True,False,False,0.0,0.0
E02_2029,E02,2029,tree,cpss_final,8,0.7,False,0,True,False,False,0.0,0.0
E02_2029,E02,2029,tree,cpss_final,8,0.8,False,0,True,False,False,0.0,0.0
E02_2029,E02,2029,tree,cpss_final,8,0.9,False,0,True,False,False,0.0,0.0
E02_2029,E02,2029,tree,cpss_final,16,0.6,False,0,True,False,False,0.0,0.0
E02_2029,E02,2029,tree,cpss_final,16,0.7,False,0,True,False,False,0.0,0.0
E02_2029,E02,2029,tree,cpss_final,16,0.8,False,0,True,False,False,0.0,0.0
E02_2029,E02,2029,tree,cpss_final,16,0.9,False,0,True,False,False,0.0,0.0
E02_2029,E02,2029,screen,cpss_tuning,4,0.6,False,0,True,False,False,0.0,0.0
E02_2029,E02,2029,screen,cpss_tuning,4,0.7,False,0,True,False,False,0.0,0.0
E02_2029,E02,2029,screen,cpss_tuning,4,0.8,False,0,True,False,False,0.0,0.0
E02_2029,E02,2029,screen,cpss_tuning,4,0.9,True,0,True,False,False,0.0,0.0
E02_2029,E02,2029,screen,cpss_tuning,8,0.6,False,0,True,False,False,0.0,0.0
E02_2029,E02,2029,screen,cpss_tuning,8,0.7,False,0,True,False,False,0.0,0.0
E02_2029,E02,2029,screen,cpss_tuning,8,0.8,False,0,True,False,False,0.0,0.0
E02_2029,E02,2029,screen,cpss_tuning,8,0.9,False,0,True,False,False,0.0,0.0
E02_2029,E02,2029,screen,cpss_tuning,16,0.6,False,0,True,False,False,0.0,0.0
E02_2029,E02,2029,screen,cpss_tuning,16,0.7,False,0,True,False,False,0.0,0.0
E02_2029,E02,2029,screen,cpss_tuning,16,0.8,False,0,True,False,False,0.0,0.0
E02_2029,E02,2029,screen,cpss_tuning,16,0.9,False,0,True,False,False,0.0,0.0
E02_2029,E02,2029,screen,cpss_final,4,0.6,False,0,True,False,False,0.0,0.0
E02_2029,E02,2029,screen,cpss_final,4,0.7,False,0,True,False,False,0.0,0.0
E02_2029,E02,2029,screen,cpss_final,4,0.8,False,0,True,False,False,0.0,0.0
E02_2029,E02,2029,screen,cpss_final,4,0.9,True,0,True,False,False,0.0,0.0
E02_2029,E02,2029,screen,cpss_final,8,0.6,False,0,True,False,False,0.0,0.0
E02_2029,E02,2029,screen,cpss_final,8,0.7,False,0,True,False,False,0.0,0.0
E02_2029,E02,2029,screen,cpss_final,8,0.8,False,0,True,False,False,0.0,0.0
E02_2029,E02,2029,screen,cpss_final,8,0.9,False,0,True,False,False,0.0,0.0
E02_2029,E02,2029,screen,cpss_final,16,0.6,False,3,True,True,True,0.2857142857142857,0.2857142857142857
E02_2029,E02,2029,screen,cpss_final,16,0.7,False,1,True,True,True,0.4,0.0
E02_2029,E02,2029,screen,cpss_final,16,0.8,False,0,True,False,False,0.0,0.0
E02_2029,E02,2029,screen,cpss_final,16,0.9,False,0,True,False,False,0.0,0.0
E03_2003,E03,2003,shil,cpss_tuning,4,0.6,False,4,True,True,False,0.0,0.0
E03_2003,E03,2003,shil,cpss_tuning,4,0.7,False,3,True,True,True,0.0,0.0
E03_2003,E03,2003,shil,cpss_tuning,4,0.8,False,2,True,True,False,0.0,0.0
E03_2003,E03,2003,shil,cpss_tuning,4,0.9,False,2,True,True,False,0.0,0.0
E03_2003,E03,2003,shil,cpss_tuning,8,0.6,False,4,True,True,False,0.0,0.0
E03_2003,E03,2003,shil,cpss_tuning,8,0.7,False,4,True,True,False,0.0,0.0
E03_2003,E03,2003,shil,cpss_tuning,8,0.8,False,4,True,True,False,0.0,0.0
E03_2003,E03,2003,shil,cpss_tuning,8,0.9,True,3,True,True,False,0.0,0.0
E03_2003,E03,2003,shil,cpss_tuning,16,0.6,False,4,True,True,False,0.0,0.0
E03_2003,E03,2003,shil,cpss_tuning,16,0.7,False,4,True,True,False,0.0,0.0
E03_2003,E03,2003,shil,cpss_tuning,16,0.8,False,4,True,True,False,0.0,0.0
E03_2003,E03,2003,shil,cpss_tuning,16,0.9,False,4,True,True,False,0.0,0.0
E03_2003,E03,2003,shil,cpss_final,4,0.6,False,4,True,True,False,0.0,0.0
E03_2003,E03,2003,shil,cpss_final,4,0.7,False,4,True,True,False,0.0,0.0
E03_2003,E03,2003,shil,cpss_final,4,0.8,False,4,True,True,False,0.0,0.0
E03_2003,E03,2003,shil,cpss_final,4,0.9,False,2,True,True,False,0.0,0.0
E03_2003,E03,2003,shil,cpss_final,8,0.6,False,4,True,True,False,0.0,0.0
E03_2003,E03,2003,shil,cpss_final,8,0.7,False,4,True,True,False,0.0,0.0
E03_2003,E03,2003,shil,cpss_final,8,0.8,False,4,True,True,False,0.0,0.0
E03_2003,E03,2003,shil,cpss_final,8,0.9,True,4,True,True,False,0.0,0.0
E03_2003,E03,2003,shil,cpss_final,16,0.6,False,4,True,True,False,0.0,0.0
E03_2003,E03,2003,shil,cpss_final,16,0.7,False,4,True,True,False,0.0,0.0
E03_2003,E03,2003,shil,cpss_final,16,0.8,False,4,True,True,False,0.0,0.0
E03_2003,E03,2003,shil,cpss_final,16,0.9,False,4,True,True,False,0.0,0.0
E03_2003,E03,2003,l1,cpss_tuning,4,0.6,False,4,True,True,False,0.0,0.0
E03_2003,E03,2003,l1,cpss_tuning,4,0.7,False,4,True,True,False,0.0,0.0
E03_2003,E03,2003,l1,cpss_tuning,4,0.8,False,4,True,True,False,0.0,0.0
E03_2003,E03,2003,l1,cpss_tuning,4,0.9,True,4,True,True,False,0.0,0.0
E03_2003,E03,2003,l1,cpss_tuning,8,0.6,False,4,True,True,False,0.0,0.0
E03_2003,E03,2003,l1,cpss_tuning,8,0.7,False,4,True,True,False,0.0,0.0
E03_2003,E03,2003,l1,cpss_tuning,8,0.8,False,4,True,True,False,0.0,0.0
E03_2003,E03,2003,l1,cpss_tuning,8,0.9,False,4,True,True,False,0.0,0.0
E03_2003,E03,2003,l1,cpss_tuning,16,0.6,False,4,True,True,False,0.0,0.0
E03_2003,E03,2003,l1,cpss_tuning,16,0.7,False,4,True,True,False,0.0,0.0
E03_2003,E03,2003,l1,cpss_tuning,16,0.8,False,4,True,True,False,0.0,0.0
E03_2003,E03,2003,l1,cpss_tuning,16,0.9,False,4,True,True,False,0.0,0.0
E03_2003,E03,2003,l1,cpss_final,4,0.6,False,4,True,True,False,0.0,0.0
E03_2003,E03,2003,l1,cpss_final,4,0.7,False,4,True,True,False,0.0,0.0
E03_2003,E03,2003,l1,cpss_final,4,0.8,False,4,True,True,False,0.0,0.0
E03_2003,E03,2003,l1,cpss_final,4,0.9,True,4,True,True,False,0.0,0.0
E03_2003,E03,2003,l1,cpss_final,8,0.6,False,4,True,True,False,0.0,0.0
E03_2003,E03,2003,l1,cpss_final,8,0.7,False,4,True,True,False,0.0,0.0
E03_2003,E03,2003,l1,cpss_final,8,0.8,False,4,True,True,False,0.0,0.0
E03_2003,E03,2003,l1,cpss_final,8,0.9,False,4,True,True,False,0.0,0.0
E03_2003,E03,2003,l1,cpss_final,16,0.6,False,4,True,True,False,0.0,0.0
E03_2003,E03,2003,l1,cpss_final,16,0.7,False,4,True,True,False,0.0,0.0
E03_2003,E03,2003,l1,cpss_final,16,0.8,False,4,True,True,False,0.0,0.0
E03_2003,E03,2003,l1,cpss_final,16,0.9,False,4,True,True,False,0.0,0.0
E03_2003,E03,2003,tree,cpss_tuning,4,0.6,True,2,True,True,False,0.0,0.0
E03_2003,E03,2003,tree,cpss_tuning,4,0.7,False,1,True,True,True,0.0,0.0
E03_2003,E03,2003,tree,cpss_tuning,4,0.8,False,1,True,True,True,0.0,0.0
E03_2003,E03,2003,tree,cpss_tuning,4,0.9,False,0,True,False,False,0.0,0.0
E03_2003,E03,2003,tree,cpss_tuning,8,0.6,False,2,True,True,False,0.0,0.0
E03_2003,E03,2003,tree,cpss_tuning,8,0.7,False,2,True,True,False,0.0,0.0
E03_2003,E03,2003,tree,cpss_tuning,8,0.8,False,2,True,True,False,0.0,0.0
E03_2003,E03,2003,tree,cpss_tuning,8,0.9,False,1,True,True,True,0.0,0.0
E03_2003,E03,2003,tree,cpss_tuning,16,0.6,False,3,True,True,True,0.0,0.0
E03_2003,E03,2003,tree,cpss_tuning,16,0.7,False,2,True,True,False,0.0,0.0
E03_2003,E03,2003,tree,cpss_tuning,16,0.8,False,2,True,True,False,0.0,0.0
E03_2003,E03,2003,tree,cpss_tuning,16,0.9,False,2,True,True,False,0.0,0.0
E03_2003,E03,2003,tree,cpss_final,4,0.6,True,2,True,True,False,0.0,0.0
E03_2003,E03,2003,tree,cpss_final,4,0.7,False,2,True,True,False,0.0,0.0
E03_2003,E03,2003,tree,cpss_final,4,0.8,False,2,True,True,False,0.0,0.0
E03_2003,E03,2003,tree,cpss_final,4,0.9,False,2,True,True,False,0.0,0.0
E03_2003,E03,2003,tree,cpss_final,8,0.6,False,2,True,True,False,0.0,0.0
E03_2003,E03,2003,tree,cpss_final,8,0.7,False,2,True,True,False,0.0,0.0
E03_2003,E03,2003,tree,cpss_final,8,0.8,False,2,True,True,False,0.0,0.0
E03_2003,E03,2003,tree,cpss_final,8,0.9,False,2,True,True,False,0.0,0.0
E03_2003,E03,2003,tree,cpss_final,16,0.6,False,4,True,True,False,0.0,0.0
E03_2003,E03,2003,tree,cpss_final,16,0.7,False,4,True,True,False,0.0,0.0
E03_2003,E03,2003,tree,cpss_final,16,0.8,False,2,True,True,False,0.0,0.0
E03_2003,E03,2003,tree,cpss_final,16,0.9,False,2,True,True,False,0.0,0.0
E03_2003,E03,2003,screen,cpss_tuning,4,0.6,False,4,True,True,False,0.0,0.0
E03_2003,E03,2003,screen,cpss_tuning,4,0.7,False,3,True,True,True,0.0,0.0
E03_2003,E03,2003,screen,cpss_tuning,4,0.8,False,2,True,True,False,0.0,0.0
E03_2003,E03,2003,screen,cpss_tuning,4,0.9,False,2,True,True,False,0.0,0.0
E03_2003,E03,2003,screen,cpss_tuning,8,0.6,False,4,True,True,False,0.0,0.0
E03_2003,E03,2003,screen,cpss_tuning,8,0.7,False,4,True,True,False,0.0,0.0
E03_2003,E03,2003,screen,cpss_tuning,8,0.8,False,4,True,True,False,0.0,0.0
E03_2003,E03,2003,screen,cpss_tuning,8,0.9,True,3,True,True,False,0.0,0.0
E03_2003,E03,2003,screen,cpss_tuning,16,0.6,False,4,True,True,False,0.0,0.0
E03_2003,E03,2003,screen,cpss_tuning,16,0.7,False,4,True,True,False,0.0,0.0
E03_2003,E03,2003,screen,cpss_tuning,16,0.8,False,4,True,True,False,0.0,0.0
E03_2003,E03,2003,screen,cpss_tuning,16,0.9,False,4,True,True,False,0.0,0.0
E03_2003,E03,2003,screen,cpss_final,4,0.6,False,4,True,True,False,0.0,0.0
E03_2003,E03,2003,screen,cpss_final,4,0.7,False,4,True,True,False,0.0,0.0
E03_2003,E03,2003,screen,cpss_final,4,0.8,False,4,True,True,False,0.0,0.0
E03_2003,E03,2003,screen,cpss_final,4,0.9,False,2,True,True,False,0.0,0.0
E03_2003,E03,2003,screen,cpss_final,8,0.6,False,4,True,True,False,0.0,0.0
E03_2003,E03,2003,screen,cpss_final,8,0.7,False,4,True,True,False,0.0,0.0
E03_2003,E03,2003,screen,cpss_final,8,0.8,False,4,True,True,False,0.0,0.0
E03_2003,E03,2003,screen,cpss_final,8,0.9,True,4,True,True,False,0.0,0.0
E03_2003,E03,2003,screen,cpss_final,16,0.6,False,4,True,True,False,0.0,0.0
E03_2003,E03,2003,screen,cpss_final,16,0.7,False,4,True,True,False,0.0,0.0
E03_2003,E03,2003,screen,cpss_final,16,0.8,False,4,True,True,False,0.0,0.0
E03_2003,E03,2003,screen,cpss_final,16,0.9,False,4,True,True,False,0.0,0.0
E03_2011,E03,2011,shil,cpss_tuning,4,0.6,False,3,True,True,True,0.0,0.0
E03_2011,E03,2011,shil,cpss_tuning,4,0.7,False,3,True,True,True,0.0,0.0
E03_2011,E03,2011,shil,cpss_tuning,4,0.8,False,3,True,True,True,0.0,0.0
E03_2011,E03,2011,shil,cpss_tuning,4,0.9,False,1,True,True,False,0.0,0.0
E03_2011,E03,2011,shil,cpss_tuning,8,0.6,True,4,True,True,False,0.0,0.0
E03_2011,E03,2011,shil,cpss_tuning,8,0.7,False,3,True,True,True,0.0,0.0
E03_2011,E03,2011,shil,cpss_tuning,8,0.8,False,3,True,True,True,0.0,0.0
E03_2011,E03,2011,shil,cpss_tuning,8,0.9,False,3,True,True,True,0.0,0.0
E03_2011,E03,2011,shil,cpss_tuning,16,0.6,False,4,True,True,False,0.0,0.0
E03_2011,E03,2011,shil,cpss_tuning,16,0.7,False,4,True,True,False,0.0,0.0
E03_2011,E03,2011,shil,cpss_tuning,16,0.8,False,3,True,True,True,0.0,0.0
E03_2011,E03,2011,shil,cpss_tuning,16,0.9,False,3,True,True,True,0.0,0.0
E03_2011,E03,2011,shil,cpss_final,4,0.6,False,4,True,True,False,0.0,0.0
E03_2011,E03,2011,shil,cpss_final,4,0.7,False,4,True,True,False,0.0,0.0
E03_2011,E03,2011,shil,cpss_final,4,0.8,False,3,True,True,True,0.0,0.0
E03_2011,E03,2011,shil,cpss_final,4,0.9,False,2,True,True,False,0.0,0.0
E03_2011,E03,2011,shil,cpss_final,8,0.6,True,4,True,True,False,0.0,0.0
E03_2011,E03,2011,shil,cpss_final,8,0.7,False,4,True,True,False,0.0,0.0
E03_2011,E03,2011,shil,cpss_final,8,0.8,False,4,True,True,False,0.0,0.0
E03_2011,E03,2011,shil,cpss_final,8,0.9,False,4,True,True,False,0.0,0.0
E03_2011,E03,2011,shil,cpss_final,16,0.6,False,4,True,True,False,0.0,0.0
E03_2011,E03,2011,shil,cpss_final,16,0.7,False,4,True,True,False,0.0,0.0
E03_2011,E03,2011,shil,cpss_final,16,0.8,False,4,True,True,False,0.0,0.0
E03_2011,E03,2011,shil,cpss_final,16,0.9,False,4,True,True,False,0.0,0.0
E03_2011,E03,2011,l1,cpss_tuning,4,0.6,False,4,True,True,False,0.0,0.0
E03_2011,E03,2011,l1,cpss_tuning,4,0.7,False,4,True,True,False,0.0,0.0
E03_2011,E03,2011,l1,cpss_tuning,4,0.8,True,4,True,True,False,0.0,0.0
E03_2011,E03,2011,l1,cpss_tuning,4,0.9,False,3,True,True,False,0.0,0.0
E03_2011,E03,2011,l1,cpss_tuning,8,0.6,False,4,True,True,False,0.0,0.0
E03_2011,E03,2011,l1,cpss_tuning,8,0.7,False,4,True,True,False,0.0,0.0
E03_2011,E03,2011,l1,cpss_tuning,8,0.8,False,4,True,True,False,0.0,0.0
E03_2011,E03,2011,l1,cpss_tuning,8,0.9,False,4,True,True,False,0.0,0.0
E03_2011,E03,2011,l1,cpss_tuning,16,0.6,False,4,True,True,False,0.0,0.0
E03_2011,E03,2011,l1,cpss_tuning,16,0.7,False,4,True,True,False,0.0,0.0
E03_2011,E03,2011,l1,cpss_tuning,16,0.8,False,4,True,True,False,0.0,0.0
E03_2011,E03,2011,l1,cpss_tuning,16,0.9,False,4,True,True,False,0.0,0.0
E03_2011,E03,2011,l1,cpss_final,4,0.6,False,4,True,True,False,0.0,0.0
E03_2011,E03,2011,l1,cpss_final,4,0.7,False,4,True,True,False,0.0,0.0
E03_2011,E03,2011,l1,cpss_final,4,0.8,True,4,True,True,False,0.0,0.0
E03_2011,E03,2011,l1,cpss_final,4,0.9,False,4,True,True,False,0.0,0.0
E03_2011,E03,2011,l1,cpss_final,8,0.6,False,4,True,True,False,0.0,0.0
E03_2011,E03,2011,l1,cpss_final,8,0.7,False,4,True,True,False,0.0,0.0
E03_2011,E03,2011,l1,cpss_final,8,0.8,False,4,True,True,False,0.0,0.0
E03_2011,E03,2011,l1,cpss_final,8,0.9,False,4,True,True,False,0.0,0.0
E03_2011,E03,2011,l1,cpss_final,16,0.6,False,4,True,True,False,0.0,0.0
E03_2011,E03,2011,l1,cpss_final,16,0.7,False,4,True,True,False,0.0,0.0
E03_2011,E03,2011,l1,cpss_final,16,0.8,False,4,True,True,False,0.0,0.0
E03_2011,E03,2011,l1,cpss_final,16,0.9,False,4,True,True,False,0.0,0.0
E03_2011,E03,2011,tree,cpss_tuning,4,0.6,False,2,True,True,False,0.0,0.0
E03_2011,E03,2011,tree,cpss_tuning,4,0.7,True,2,True,True,False,0.0,0.0
E03_2011,E03,2011,tree,cpss_tuning,4,0.8,False,1,True,True,True,0.0,0.0
E03_2011,E03,2011,tree,cpss_tuning,4,0.9,False,1,True,True,True,0.0,0.0
E03_2011,E03,2011,tree,cpss_tuning,8,0.6,False,2,True,True,False,0.0,0.0
E03_2011,E03,2011,tree,cpss_tuning,8,0.7,False,2,True,True,False,0.0,0.0
E03_2011,E03,2011,tree,cpss_tuning,8,0.8,False,2,True,True,False,0.0,0.0
E03_2011,E03,2011,tree,cpss_tuning,8,0.9,False,1,True,True,True,0.0,0.0
E03_2011,E03,2011,tree,cpss_tuning,16,0.6,False,2,True,True,False,0.0,0.0
E03_2011,E03,2011,tree,cpss_tuning,16,0.7,False,2,True,True,False,0.0,0.0
E03_2011,E03,2011,tree,cpss_tuning,16,0.8,False,2,True,True,False,0.0,0.0
E03_2011,E03,2011,tree,cpss_tuning,16,0.9,False,1,True,True,True,0.0,0.0
E03_2011,E03,2011,tree,cpss_final,4,0.6,False,2,True,True,False,0.0,0.0
E03_2011,E03,2011,tree,cpss_final,4,0.7,True,2,True,True,False,0.0,0.0
E03_2011,E03,2011,tree,cpss_final,4,0.8,False,2,True,True,False,0.0,0.0
E03_2011,E03,2011,tree,cpss_final,4,0.9,False,2,True,True,False,0.0,0.0
E03_2011,E03,2011,tree,cpss_final,8,0.6,False,2,True,True,False,0.0,0.0
E03_2011,E03,2011,tree,cpss_final,8,0.7,False,2,True,True,False,0.0,0.0
E03_2011,E03,2011,tree,cpss_final,8,0.8,False,2,True,True,False,0.0,0.0
E03_2011,E03,2011,tree,cpss_final,8,0.9,False,2,True,True,False,0.0,0.0
E03_2011,E03,2011,tree,cpss_final,16,0.6,False,4,True,True,False,0.0,0.0
E03_2011,E03,2011,tree,cpss_final,16,0.7,False,2,True,True,False,0.0,0.0
E03_2011,E03,2011,tree,cpss_final,16,0.8,False,2,True,True,False,0.0,0.0
E03_2011,E03,2011,tree,cpss_final,16,0.9,False,2,True,True,False,0.0,0.0
E03_2011,E03,2011,screen,cpss_tuning,4,0.6,False,3,True,True,True,0.0,0.0
E03_2011,E03,2011,screen,cpss_tuning,4,0.7,False,3,True,True,True,0.0,0.0
E03_2011,E03,2011,screen,cpss_tuning,4,0.8,False,3,True,True,True,0.0,0.0
E03_2011,E03,2011,screen,cpss_tuning,4,0.9,False,1,True,True,False,0.0,0.0
E03_2011,E03,2011,screen,cpss_tuning,8,0.6,True,4,True,True,False,0.0,0.0
E03_2011,E03,2011,screen,cpss_tuning,8,0.7,False,3,True,True,True,0.0,0.0
E03_2011,E03,2011,screen,cpss_tuning,8,0.8,False,3,True,True,True,0.0,0.0
E03_2011,E03,2011,screen,cpss_tuning,8,0.9,False,3,True,True,True,0.0,0.0
E03_2011,E03,2011,screen,cpss_tuning,16,0.6,False,4,True,True,False,0.0,0.0
E03_2011,E03,2011,screen,cpss_tuning,16,0.7,False,4,True,True,False,0.0,0.0
E03_2011,E03,2011,screen,cpss_tuning,16,0.8,False,3,True,True,True,0.0,0.0
E03_2011,E03,2011,screen,cpss_tuning,16,0.9,False,3,True,True,True,0.0,0.0
E03_2011,E03,2011,screen,cpss_final,4,0.6,False,4,True,True,False,0.0,0.0
E03_2011,E03,2011,screen,cpss_final,4,0.7,False,4,True,True,False,0.0,0.0
E03_2011,E03,2011,screen,cpss_final,4,0.8,False,3,True,True,True,0.0,0.0
E03_2011,E03,2011,screen,cpss_final,4,0.9,False,2,True,True,False,0.0,0.0
E03_2011,E03,2011,screen,cpss_final,8,0.6,True,4,True,True,False,0.0,0.0
E03_2011,E03,2011,screen,cpss_final,8,0.7,False,4,True,True,False,0.0,0.0
E03_2011,E03,2011,screen,cpss_final,8,0.8,False,4,True,True,False,0.0,0.0
E03_2011,E03,2011,screen,cpss_final,8,0.9,False,4,True,True,False,0.0,0.0
E03_2011,E03,2011,screen,cpss_final,16,0.6,False,4,True,True,False,0.0,0.0
E03_2011,E03,2011,screen,cpss_final,16,0.7,False,4,True,True,False,0.0,0.0
E03_2011,E03,2011,screen,cpss_final,16,0.8,False,4,True,True,False,0.0,0.0
E03_2011,E03,2011,screen,cpss_final,16,0.9,False,4,True,True,False,0.0,0.0
E03_2017,E03,2017,shil,cpss_tuning,4,0.6,False,4,True,True,False,0.0,0.0
E03_2017,E03,2017,shil,cpss_tuning,4,0.7,False,3,True,True,False,0.0,0.0
E03_2017,E03,2017,shil,cpss_tuning,4,0.8,True,3,True,True,False,0.0,0.0
E03_2017,E03,2017,shil,cpss_tuning,4,0.9,False,2,True,True,False,0.0,0.0
E03_2017,E03,2017,shil,cpss_tuning,8,0.6,False,4,True,True,False,0.0,0.0
E03_2017,E03,2017,shil,cpss_tuning,8,0.7,False,4,True,True,False,0.0,0.0
E03_2017,E03,2017,shil,cpss_tuning,8,0.8,False,4,True,True,False,0.0,0.0
E03_2017,E03,2017,shil,cpss_tuning,8,0.9,False,3,True,True,False,0.0,0.0
E03_2017,E03,2017,shil,cpss_tuning,16,0.6,False,4,True,True,False,0.0,0.0
E03_2017,E03,2017,shil,cpss_tuning,16,0.7,False,4,True,True,False,0.0,0.0
E03_2017,E03,2017,shil,cpss_tuning,16,0.8,False,4,True,True,False,0.0,0.0
E03_2017,E03,2017,shil,cpss_tuning,16,0.9,False,4,True,True,False,0.0,0.0
E03_2017,E03,2017,shil,cpss_final,4,0.6,False,4,True,True,False,0.0,0.0
E03_2017,E03,2017,shil,cpss_final,4,0.7,False,4,True,True,False,0.0,0.0
E03_2017,E03,2017,shil,cpss_final,4,0.8,True,3,True,True,False,0.0,0.0
E03_2017,E03,2017,shil,cpss_final,4,0.9,False,3,True,True,False,0.0,0.0
E03_2017,E03,2017,shil,cpss_final,8,0.6,False,4,True,True,False,0.0,0.0
E03_2017,E03,2017,shil,cpss_final,8,0.7,False,4,True,True,False,0.0,0.0
E03_2017,E03,2017,shil,cpss_final,8,0.8,False,4,True,True,False,0.0,0.0
E03_2017,E03,2017,shil,cpss_final,8,0.9,False,4,True,True,False,0.0,0.0
E03_2017,E03,2017,shil,cpss_final,16,0.6,False,4,True,True,False,0.0,0.0
E03_2017,E03,2017,shil,cpss_final,16,0.7,False,4,True,True,False,0.0,0.0
E03_2017,E03,2017,shil,cpss_final,16,0.8,False,4,True,True,False,0.0,0.0
E03_2017,E03,2017,shil,cpss_final,16,0.9,False,4,True,True,False,0.0,0.0
E03_2017,E03,2017,l1,cpss_tuning,4,0.6,False,4,True,True,False,0.0,0.0
E03_2017,E03,2017,l1,cpss_tuning,4,0.7,False,4,True,True,False,0.0,0.0
E03_2017,E03,2017,l1,cpss_tuning,4,0.8,False,4,True,True,False,0.0,0.0
E03_2017,E03,2017,l1,cpss_tuning,4,0.9,True,4,True,True,False,0.0,0.0
E03_2017,E03,2017,l1,cpss_tuning,8,0.6,False,4,True,True,False,0.0,0.0
E03_2017,E03,2017,l1,cpss_tuning,8,0.7,False,4,True,True,False,0.0,0.0
E03_2017,E03,2017,l1,cpss_tuning,8,0.8,False,4,True,True,False,0.0,0.0
E03_2017,E03,2017,l1,cpss_tuning,8,0.9,False,4,True,True,False,0.0,0.0
E03_2017,E03,2017,l1,cpss_tuning,16,0.6,False,4,True,True,False,0.0,0.0
E03_2017,E03,2017,l1,cpss_tuning,16,0.7,False,4,True,True,False,0.0,0.0
E03_2017,E03,2017,l1,cpss_tuning,16,0.8,False,4,True,True,False,0.0,0.0
E03_2017,E03,2017,l1,cpss_tuning,16,0.9,False,4,True,True,False,0.0,0.0
E03_2017,E03,2017,l1,cpss_final,4,0.6,False,4,True,True,False,0.0,0.0
E03_2017,E03,2017,l1,cpss_final,4,0.7,False,4,True,True,False,0.0,0.0
E03_2017,E03,2017,l1,cpss_final,4,0.8,False,4,True,True,False,0.0,0.0
E03_2017,E03,2017,l1,cpss_final,4,0.9,True,4,True,True,False,0.0,0.0
E03_2017,E03,2017,l1,cpss_final,8,0.6,False,4,True,True,False,0.0,0.0
E03_2017,E03,2017,l1,cpss_final,8,0.7,False,4,True,True,False,0.0,0.0
E03_2017,E03,2017,l1,cpss_final,8,0.8,False,4,True,True,False,0.0,0.0
E03_2017,E03,2017,l1,cpss_final,8,0.9,False,4,True,True,False,0.0,0.0
E03_2017,E03,2017,l1,cpss_final,16,0.6,False,4,True,True,False,0.0,0.0
E03_2017,E03,2017,l1,cpss_final,16,0.7,False,4,True,True,False,0.0,0.0
E03_2017,E03,2017,l1,cpss_final,16,0.8,False,4,True,True,False,0.0,0.0
E03_2017,E03,2017,l1,cpss_final,16,0.9,False,4,True,True,False,0.0,0.0
E03_2017,E03,2017,tree,cpss_tuning,4,0.6,False,2,True,True,False,0.0,0.0
E03_2017,E03,2017,tree,cpss_tuning,4,0.7,False,2,True,True,False,0.0,0.0
E03_2017,E03,2017,tree,cpss_tuning,4,0.8,False,1,True,True,False,0.0,0.0
E03_2017,E03,2017,tree,cpss_tuning,4,0.9,False,1,True,True,False,0.0,0.0
E03_2017,E03,2017,tree,cpss_tuning,8,0.6,True,3,True,True,False,0.0,0.0
E03_2017,E03,2017,tree,cpss_tuning,8,0.7,False,2,True,True,False,0.0,0.0
E03_2017,E03,2017,tree,cpss_tuning,8,0.8,False,2,True,True,False,0.0,0.0
E03_2017,E03,2017,tree,cpss_tuning,8,0.9,False,2,True,True,False,0.0,0.0
E03_2017,E03,2017,tree,cpss_tuning,16,0.6,False,4,True,True,False,0.0,0.0
E03_2017,E03,2017,tree,cpss_tuning,16,0.7,False,3,True,True,False,0.0,0.0
E03_2017,E03,2017,tree,cpss_tuning,16,0.8,False,2,True,True,False,0.0,0.0
E03_2017,E03,2017,tree,cpss_tuning,16,0.9,False,2,True,True,False,0.0,0.0
E03_2017,E03,2017,tree,cpss_final,4,0.6,False,4,True,True,False,0.0,0.0
E03_2017,E03,2017,tree,cpss_final,4,0.7,False,3,True,True,False,0.0,0.0
E03_2017,E03,2017,tree,cpss_final,4,0.8,False,2,True,True,False,0.0,0.0
E03_2017,E03,2017,tree,cpss_final,4,0.9,False,2,True,True,False,0.0,0.0
E03_2017,E03,2017,tree,cpss_final,8,0.6,True,4,True,True,False,0.0,0.0
E03_2017,E03,2017,tree,cpss_final,8,0.7,False,4,True,True,False,0.0,0.0
E03_2017,E03,2017,tree,cpss_final,8,0.8,False,3,True,True,False,0.0,0.0
E03_2017,E03,2017,tree,cpss_final,8,0.9,False,3,True,True,False,0.0,0.0
E03_2017,E03,2017,tree,cpss_final,16,0.6,False,4,True,True,False,0.0,0.0
E03_2017,E03,2017,tree,cpss_final,16,0.7,False,4,True,True,False,0.0,0.0
E03_2017,E03,2017,tree,cpss_final,16,0.8,False,4,True,True,False,0.0,0.0
E03_2017,E03,2017,tree,cpss_final,16,0.9,False,3,True,True,False,0.0,0.0
E03_2017,E03,2017,screen,cpss_tuning,4,0.6,False,4,True,True,False,0.0,0.0
E03_2017,E03,2017,screen,cpss_tuning,4,0.7,False,3,True,True,False,0.0,0.0
E03_2017,E03,2017,screen,cpss_tuning,4,0.8,True,3,True,True,False,0.0,0.0
E03_2017,E03,2017,screen,cpss_tuning,4,0.9,False,2,True,True,False,0.0,0.0
E03_2017,E03,2017,screen,cpss_tuning,8,0.6,False,4,True,True,False,0.0,0.0
E03_2017,E03,2017,screen,cpss_tuning,8,0.7,False,4,True,True,False,0.0,0.0
E03_2017,E03,2017,screen,cpss_tuning,8,0.8,False,4,True,True,False,0.0,0.0
E03_2017,E03,2017,screen,cpss_tuning,8,0.9,False,4,True,True,False,0.0,0.0
E03_2017,E03,2017,screen,cpss_tuning,16,0.6,False,4,True,True,False,0.0,0.0
E03_2017,E03,2017,screen,cpss_tuning,16,0.7,False,4,True,True,False,0.0,0.0
E03_2017,E03,2017,screen,cpss_tuning,16,0.8,False,4,True,True,False,0.0,0.0
E03_2017,E03,2017,screen,cpss_tuning,16,0.9,False,4,True,True,False,0.0,0.0
E03_2017,E03,2017,screen,cpss_final,4,0.6,False,4,True,True,False,0.0,0.0
E03_2017,E03,2017,screen,cpss_final,4,0.7,False,4,True,True,False,0.0,0.0
E03_2017,E03,2017,screen,cpss_final,4,0.8,True,3,True,True,False,0.0,0.0
E03_2017,E03,2017,screen,cpss_final,4,0.9,False,3,True,True,False,0.0,0.0
E03_2017,E03,2017,screen,cpss_final,8,0.6,False,4,True,True,False,0.0,0.0
E03_2017,E03,2017,screen,cpss_final,8,0.7,False,4,True,True,False,0.0,0.0
E03_2017,E03,2017,screen,cpss_final,8,0.8,False,4,True,True,False,0.0,0.0
E03_2017,E03,2017,screen,cpss_final,8,0.9,False,4,True,True,False,0.0,0.0
E03_2017,E03,2017,screen,cpss_final,16,0.6,False,4,True,True,False,0.0,0.0
E03_2017,E03,2017,screen,cpss_final,16,0.7,False,4,True,True,False,0.0,0.0
E03_2017,E03,2017,screen,cpss_final,16,0.8,False,4,True,True,False,0.0,0.0
E03_2017,E03,2017,screen,cpss_final,16,0.9,False,4,True,True,False,0.0,0.0
E03_2027,E03,2027,shil,cpss_tuning,4,0.6,True,3,True,True,False,0.0,0.0
E03_2027,E03,2027,shil,cpss_tuning,4,0.7,False,2,True,True,False,0.0,0.0
E03_2027,E03,2027,shil,cpss_tuning,4,0.8,False,2,True,True,False,0.0,0.0
E03_2027,E03,2027,shil,cpss_tuning,4,0.9,False,2,True,True,False,0.0,0.0
E03_2027,E03,2027,shil,cpss_tuning,8,0.6,False,3,True,True,False,0.0,0.0
E03_2027,E03,2027,shil,cpss_tuning,8,0.7,False,3,True,True,False,0.0,0.0
E03_2027,E03,2027,shil,cpss_tuning,8,0.8,False,3,True,True,False,0.0,0.0
E03_2027,E03,2027,shil,cpss_tuning,8,0.9,False,2,True,True,False,0.0,0.0
E03_2027,E03,2027,shil,cpss_tuning,16,0.6,False,4,True,True,False,0.0,0.0
E03_2027,E03,2027,shil,cpss_tuning,16,0.7,False,4,True,True,False,0.0,0.0
E03_2027,E03,2027,shil,cpss_tuning,16,0.8,False,3,True,True,False,0.0,0.0
E03_2027,E03,2027,shil,cpss_tuning,16,0.9,False,2,True,True,False,0.0,0.0
E03_2027,E03,2027,shil,cpss_final,4,0.6,True,4,True,True,False,0.0,0.0
E03_2027,E03,2027,shil,cpss_final,4,0.7,False,3,True,True,False,0.0,0.0
E03_2027,E03,2027,shil,cpss_final,4,0.8,False,3,True,True,False,0.0,0.0
E03_2027,E03,2027,shil,cpss_final,4,0.9,False,3,True,True,False,0.0,0.0
E03_2027,E03,2027,shil,cpss_final,8,0.6,False,4,True,True,False,0.0,0.0
E03_2027,E03,2027,shil,cpss_final,8,0.7,False,4,True,True,False,0.0,0.0
E03_2027,E03,2027,shil,cpss_final,8,0.8,False,4,True,True,False,0.0,0.0
E03_2027,E03,2027,shil,cpss_final,8,0.9,False,4,True,True,False,0.0,0.0
E03_2027,E03,2027,shil,cpss_final,16,0.6,False,4,True,True,False,0.0,0.0
E03_2027,E03,2027,shil,cpss_final,16,0.7,False,4,True,True,False,0.0,0.0
E03_2027,E03,2027,shil,cpss_final,16,0.8,False,4,True,True,False,0.0,0.0
E03_2027,E03,2027,shil,cpss_final,16,0.9,False,4,True,True,False,0.0,0.0
E03_2027,E03,2027,l1,cpss_tuning,4,0.6,False,4,True,True,False,0.0,0.0
E03_2027,E03,2027,l1,cpss_tuning,4,0.7,False,3,True,True,False,0.0,0.0
E03_2027,E03,2027,l1,cpss_tuning,4,0.8,True,3,True,True,False,0.0,0.0
E03_2027,E03,2027,l1,cpss_tuning,4,0.9,False,2,True,True,False,0.0,0.0
E03_2027,E03,2027,l1,cpss_tuning,8,0.6,False,4,True,True,False,0.0,0.0
E03_2027,E03,2027,l1,cpss_tuning,8,0.7,False,4,True,True,False,0.0,0.0
E03_2027,E03,2027,l1,cpss_tuning,8,0.8,False,4,True,True,False,0.0,0.0
E03_2027,E03,2027,l1,cpss_tuning,8,0.9,False,3,True,True,False,0.0,0.0
E03_2027,E03,2027,l1,cpss_tuning,16,0.6,False,4,True,True,False,0.0,0.0
E03_2027,E03,2027,l1,cpss_tuning,16,0.7,False,4,True,True,False,0.0,0.0
E03_2027,E03,2027,l1,cpss_tuning,16,0.8,False,4,True,True,False,0.0,0.0
E03_2027,E03,2027,l1,cpss_tuning,16,0.9,False,4,True,True,False,0.0,0.0
E03_2027,E03,2027,l1,cpss_final,4,0.6,False,4,True,True,False,0.0,0.0
E03_2027,E03,2027,l1,cpss_final,4,0.7,False,4,True,True,False,0.0,0.0
E03_2027,E03,2027,l1,cpss_final,4,0.8,True,4,True,True,False,0.0,0.0
E03_2027,E03,2027,l1,cpss_final,4,0.9,False,4,True,True,False,0.0,0.0
E03_2027,E03,2027,l1,cpss_final,8,0.6,False,4,True,True,False,0.0,0.0
E03_2027,E03,2027,l1,cpss_final,8,0.7,False,4,True,True,False,0.0,0.0
E03_2027,E03,2027,l1,cpss_final,8,0.8,False,4,True,True,False,0.0,0.0
E03_2027,E03,2027,l1,cpss_final,8,0.9,False,4,True,True,False,0.0,0.0
E03_2027,E03,2027,l1,cpss_final,16,0.6,False,4,True,True,False,0.0,0.0
E03_2027,E03,2027,l1,cpss_final,16,0.7,False,4,True,True,False,0.0,0.0
E03_2027,E03,2027,l1,cpss_final,16,0.8,False,4,True,True,False,0.0,0.0
E03_2027,E03,2027,l1,cpss_final,16,0.9,False,4,True,True,False,0.0,0.0
E03_2027,E03,2027,tree,cpss_tuning,4,0.6,False,2,True,True,False,0.0,0.0
E03_2027,E03,2027,tree,cpss_tuning,4,0.7,False,2,True,True,False,0.0,0.0
E03_2027,E03,2027,tree,cpss_tuning,4,0.8,True,2,True,True,False,0.0,0.0
E03_2027,E03,2027,tree,cpss_tuning,4,0.9,False,1,True,True,False,0.0,0.0
E03_2027,E03,2027,tree,cpss_tuning,8,0.6,False,2,True,True,False,0.0,0.0
E03_2027,E03,2027,tree,cpss_tuning,8,0.7,False,2,True,True,False,0.0,0.0
E03_2027,E03,2027,tree,cpss_tuning,8,0.8,False,2,True,True,False,0.0,0.0
E03_2027,E03,2027,tree,cpss_tuning,8,0.9,False,2,True,True,False,0.0,0.0
E03_2027,E03,2027,tree,cpss_tuning,16,0.6,False,3,True,True,False,0.0,0.0
E03_2027,E03,2027,tree,cpss_tuning,16,0.7,False,2,True,True,False,0.0,0.0
E03_2027,E03,2027,tree,cpss_tuning,16,0.8,False,2,True,True,False,0.0,0.0
E03_2027,E03,2027,tree,cpss_tuning,16,0.9,False,2,True,True,False,0.0,0.0
E03_2027,E03,2027,tree,cpss_final,4,0.6,False,2,True,True,False,0.0,0.0
E03_2027,E03,2027,tree,cpss_final,4,0.7,False,2,True,True,False,0.0,0.0
E03_2027,E03,2027,tree,cpss_final,4,0.8,True,2,True,True,False,0.0,0.0
E03_2027,E03,2027,tree,cpss_final,4,0.9,False,2,True,True,False,0.0,0.0
E03_2027,E03,2027,tree,cpss_final,8,0.6,False,4,True,True,True,0.25,0.25
E03_2027,E03,2027,tree,cpss_final,8,0.7,False,3,True,True,False,0.0,0.0
E03_2027,E03,2027,tree,cpss_final,8,0.8,False,2,True,True,False,0.0,0.0
E03_2027,E03,2027,tree,cpss_final,8,0.9,False,2,True,True,False,0.0,0.0
E03_2027,E03,2027,tree,cpss_final,16,0.6,False,4,True,True,True,0.25,0.25
E03_2027,E03,2027,tree,cpss_final,16,0.7,False,4,True,True,True,0.25,0.25
E03_2027,E03,2027,tree,cpss_final,16,0.8,False,4,True,True,True,0.25,0.25
E03_2027,E03,2027,tree,cpss_final,16,0.9,False,2,True,True,False,0.0,0.0
E03_2027,E03,2027,screen,cpss_tuning,4,0.6,True,3,True,True,False,0.0,0.0
E03_2027,E03,2027,screen,cpss_tuning,4,0.7,False,2,True,True,False,0.0,0.0
E03_2027,E03,2027,screen,cpss_tuning,4,0.8,False,2,True,True,False,0.0,0.0
E03_2027,E03,2027,screen,cpss_tuning,4,0.9,False,2,True,True,False,0.0,0.0
E03_2027,E03,2027,screen,cpss_tuning,8,0.6,False,3,True,True,False,0.0,0.0
E03_2027,E03,2027,screen,cpss_tuning,8,0.7,False,3,True,True,False,0.0,0.0
E03_2027,E03,2027,screen,cpss_tuning,8,0.8,False,3,True,True,False,0.0,0.0
E03_2027,E03,2027,screen,cpss_tuning,8,0.9,False,2,True,True,False,0.0,0.0
E03_2027,E03,2027,screen,cpss_tuning,16,0.6,False,4,True,True,False,0.0,0.0
E03_2027,E03,2027,screen,cpss_tuning,16,0.7,False,4,True,True,False,0.0,0.0
E03_2027,E03,2027,screen,cpss_tuning,16,0.8,False,3,True,True,False,0.0,0.0
E03_2027,E03,2027,screen,cpss_tuning,16,0.9,False,2,True,True,False,0.0,0.0
E03_2027,E03,2027,screen,cpss_final,4,0.6,True,4,True,True,False,0.0,0.0
E03_2027,E03,2027,screen,cpss_final,4,0.7,False,3,True,True,False,0.0,0.0
E03_2027,E03,2027,screen,cpss_final,4,0.8,False,3,True,True,False,0.0,0.0
E03_2027,E03,2027,screen,cpss_final,4,0.9,False,3,True,True,False,0.0,0.0
E03_2027,E03,2027,screen,cpss_final,8,0.6,False,4,True,True,False,0.0,0.0
E03_2027,E03,2027,screen,cpss_final,8,0.7,False,4,True,True,False,0.0,0.0
E03_2027,E03,2027,screen,cpss_final,8,0.8,False,4,True,True,False,0.0,0.0
E03_2027,E03,2027,screen,cpss_final,8,0.9,False,4,True,True,False,0.0,0.0
E03_2027,E03,2027,screen,cpss_final,16,0.6,False,4,True,True,False,0.0,0.0
E03_2027,E03,2027,screen,cpss_final,16,0.7,False,4,True,True,False,0.0,0.0
E03_2027,E03,2027,screen,cpss_final,16,0.8,False,4,True,True,False,0.0,0.0
E03_2027,E03,2027,screen,cpss_final,16,0.9,False,4,True,True,False,0.0,0.0
E03_2029,E03,2029,shil,cpss_tuning,4,0.6,True,3,True,True,False,0.0,0.0
E03_2029,E03,2029,shil,cpss_tuning,4,0.7,False,2,True,True,False,0.0,0.0
E03_2029,E03,2029,shil,cpss_tuning,4,0.8,False,2,True,True,False,0.0,0.0
E03_2029,E03,2029,shil,cpss_tuning,4,0.9,False,2,True,True,False,0.0,0.0
E03_2029,E03,2029,shil,cpss_tuning,8,0.6,False,4,True,True,False,0.0,0.0
E03_2029,E03,2029,shil,cpss_tuning,8,0.7,False,3,True,True,False,0.0,0.0
E03_2029,E03,2029,shil,cpss_tuning,8,0.8,False,3,True,True,False,0.0,0.0
E03_2029,E03,2029,shil,cpss_tuning,8,0.9,False,2,True,True,False,0.0,0.0
E03_2029,E03,2029,shil,cpss_tuning,16,0.6,False,4,True,True,False,0.0,0.0
E03_2029,E03,2029,shil,cpss_tuning,16,0.7,False,4,True,True,False,0.0,0.0
E03_2029,E03,2029,shil,cpss_tuning,16,0.8,False,4,True,True,False,0.0,0.0
E03_2029,E03,2029,shil,cpss_tuning,16,0.9,False,3,True,True,False,0.0,0.0
E03_2029,E03,2029,shil,cpss_final,4,0.6,True,4,True,True,False,0.0,0.0
E03_2029,E03,2029,shil,cpss_final,4,0.7,False,4,True,True,False,0.0,0.0
E03_2029,E03,2029,shil,cpss_final,4,0.8,False,4,True,True,False,0.0,0.0
E03_2029,E03,2029,shil,cpss_final,4,0.9,False,2,True,True,False,0.0,0.0
E03_2029,E03,2029,shil,cpss_final,8,0.6,False,4,True,True,False,0.0,0.0
E03_2029,E03,2029,shil,cpss_final,8,0.7,False,4,True,True,False,0.0,0.0
E03_2029,E03,2029,shil,cpss_final,8,0.8,False,4,True,True,False,0.0,0.0
E03_2029,E03,2029,shil,cpss_final,8,0.9,False,3,True,True,False,0.0,0.0
E03_2029,E03,2029,shil,cpss_final,16,0.6,False,4,True,True,False,0.0,0.0
E03_2029,E03,2029,shil,cpss_final,16,0.7,False,4,True,True,False,0.0,0.0
E03_2029,E03,2029,shil,cpss_final,16,0.8,False,4,True,True,False,0.0,0.0
E03_2029,E03,2029,shil,cpss_final,16,0.9,False,4,True,True,False,0.0,0.0
E03_2029,E03,2029,l1,cpss_tuning,4,0.6,False,4,True,True,False,0.0,0.0
E03_2029,E03,2029,l1,cpss_tuning,4,0.7,False,4,True,True,False,0.0,0.0
E03_2029,E03,2029,l1,cpss_tuning,4,0.8,True,4,True,True,False,0.0,0.0
E03_2029,E03,2029,l1,cpss_tuning,4,0.9,False,2,True,True,False,0.0,0.0
E03_2029,E03,2029,l1,cpss_tuning,8,0.6,False,4,True,True,False,0.0,0.0
E03_2029,E03,2029,l1,cpss_tuning,8,0.7,False,4,True,True,False,0.0,0.0
E03_2029,E03,2029,l1,cpss_tuning,8,0.8,False,4,True,True,False,0.0,0.0
E03_2029,E03,2029,l1,cpss_tuning,8,0.9,False,4,True,True,False,0.0,0.0
E03_2029,E03,2029,l1,cpss_tuning,16,0.6,False,4,True,True,False,0.0,0.0
E03_2029,E03,2029,l1,cpss_tuning,16,0.7,False,4,True,True,False,0.0,0.0
E03_2029,E03,2029,l1,cpss_tuning,16,0.8,False,4,True,True,False,0.0,0.0
E03_2029,E03,2029,l1,cpss_tuning,16,0.9,False,4,True,True,False,0.0,0.0
E03_2029,E03,2029,l1,cpss_final,4,0.6,False,4,True,True,False,0.0,0.0
E03_2029,E03,2029,l1,cpss_final,4,0.7,False,4,True,True,False,0.0,0.0
E03_2029,E03,2029,l1,cpss_final,4,0.8,True,4,True,True,False,0.0,0.0
E03_2029,E03,2029,l1,cpss_final,4,0.9,False,4,True,True,False,0.0,0.0
E03_2029,E03,2029,l1,cpss_final,8,0.6,False,4,True,True,False,0.0,0.0
E03_2029,E03,2029,l1,cpss_final,8,0.7,False,4,True,True,False,0.0,0.0
E03_2029,E03,2029,l1,cpss_final,8,0.8,False,4,True,True,False,0.0,0.0
E03_2029,E03,2029,l1,cpss_final,8,0.9,False,4,True,True,False,0.0,0.0
E03_2029,E03,2029,l1,cpss_final,16,0.6,False,4,True,True,False,0.0,0.0
E03_2029,E03,2029,l1,cpss_final,16,0.7,False,4,True,True,False,0.0,0.0
E03_2029,E03,2029,l1,cpss_final,16,0.8,False,4,True,True,False,0.0,0.0
E03_2029,E03,2029,l1,cpss_final,16,0.9,False,4,True,True,False,0.0,0.0
E03_2029,E03,2029,tree,cpss_tuning,4,0.6,False,1,True,True,False,0.0,0.0
E03_2029,E03,2029,tree,cpss_tuning,4,0.7,False,1,True,True,False,0.0,0.0
E03_2029,E03,2029,tree,cpss_tuning,4,0.8,False,1,True,True,False,0.0,0.0
E03_2029,E03,2029,tree,cpss_tuning,4,0.9,False,1,True,True,False,0.0,0.0
E03_2029,E03,2029,tree,cpss_tuning,8,0.6,False,1,True,True,False,0.0,0.0
E03_2029,E03,2029,tree,cpss_tuning,8,0.7,False,1,True,True,False,0.0,0.0
E03_2029,E03,2029,tree,cpss_tuning,8,0.8,False,1,True,True,False,0.0,0.0
E03_2029,E03,2029,tree,cpss_tuning,8,0.9,False,1,True,True,False,0.0,0.0
E03_2029,E03,2029,tree,cpss_tuning,16,0.6,True,3,True,True,True,0.0,0.0
E03_2029,E03,2029,tree,cpss_tuning,16,0.7,False,1,True,True,False,0.0,0.0
E03_2029,E03,2029,tree,cpss_tuning,16,0.8,False,1,True,True,False,0.0,0.0
E03_2029,E03,2029,tree,cpss_tuning,16,0.9,False,1,True,True,False,0.0,0.0
E03_2029,E03,2029,tree,cpss_final,4,0.6,False,2,True,True,False,0.0,0.0
E03_2029,E03,2029,tree,cpss_final,4,0.7,False,2,True,True,False,0.0,0.0
E03_2029,E03,2029,tree,cpss_final,4,0.8,False,1,True,True,False,0.0,0.0
E03_2029,E03,2029,tree,cpss_final,4,0.9,False,1,True,True,False,0.0,0.0
E03_2029,E03,2029,tree,cpss_final,8,0.6,False,3,True,True,False,0.0,0.0
E03_2029,E03,2029,tree,cpss_final,8,0.7,False,3,True,True,False,0.0,0.0
E03_2029,E03,2029,tree,cpss_final,8,0.8,False,2,True,True,False,0.0,0.0
E03_2029,E03,2029,tree,cpss_final,8,0.9,False,1,True,True,False,0.0,0.0
E03_2029,E03,2029,tree,cpss_final,16,0.6,True,4,True,True,False,0.0,0.0
E03_2029,E03,2029,tree,cpss_final,16,0.7,False,4,True,True,False,0.0,0.0
E03_2029,E03,2029,tree,cpss_final,16,0.8,False,2,True,True,False,0.0,0.0
E03_2029,E03,2029,tree,cpss_final,16,0.9,False,2,True,True,False,0.0,0.0
E03_2029,E03,2029,screen,cpss_tuning,4,0.6,True,3,True,True,False,0.0,0.0
E03_2029,E03,2029,screen,cpss_tuning,4,0.7,False,2,True,True,False,0.0,0.0
E03_2029,E03,2029,screen,cpss_tuning,4,0.8,False,2,True,True,False,0.0,0.0
E03_2029,E03,2029,screen,cpss_tuning,4,0.9,False,2,True,True,False,0.0,0.0
E03_2029,E03,2029,screen,cpss_tuning,8,0.6,False,4,True,True,False,0.0,0.0
E03_2029,E03,2029,screen,cpss_tuning,8,0.7,False,3,True,True,False,0.0,0.0
E03_2029,E03,2029,screen,cpss_tuning,8,0.8,False,3,True,True,False,0.0,0.0
E03_2029,E03,2029,screen,cpss_tuning,8,0.9,False,2,True,True,False,0.0,0.0
E03_2029,E03,2029,screen,cpss_tuning,16,0.6,False,4,True,True,False,0.0,0.0
E03_2029,E03,2029,screen,cpss_tuning,16,0.7,False,4,True,True,False,0.0,0.0
E03_2029,E03,2029,screen,cpss_tuning,16,0.8,False,4,True,True,False,0.0,0.0
E03_2029,E03,2029,screen,cpss_tuning,16,0.9,False,3,True,True,False,0.0,0.0
E03_2029,E03,2029,screen,cpss_final,4,0.6,True,4,True,True,False,0.0,0.0
E03_2029,E03,2029,screen,cpss_final,4,0.7,False,4,True,True,False,0.0,0.0
E03_2029,E03,2029,screen,cpss_final,4,0.8,False,4,True,True,False,0.0,0.0
E03_2029,E03,2029,screen,cpss_final,4,0.9,False,2,True,True,False,0.0,0.0
E03_2029,E03,2029,screen,cpss_final,8,0.6,False,4,True,True,False,0.0,0.0
E03_2029,E03,2029,screen,cpss_final,8,0.7,False,4,True,True,False,0.0,0.0
E03_2029,E03,2029,screen,cpss_final,8,0.8,False,4,True,True,False,0.0,0.0
E03_2029,E03,2029,screen,cpss_final,8,0.9,False,3,True,True,False,0.0,0.0
E03_2029,E03,2029,screen,cpss_final,16,0.6,False,4,True,True,False,0.0,0.0
E03_2029,E03,2029,screen,cpss_final,16,0.7,False,4,True,True,False,0.0,0.0
E03_2029,E03,2029,screen,cpss_final,16,0.8,False,4,True,True,False,0.0,0.0
E03_2029,E03,2029,screen,cpss_final,16,0.9,False,4,True,True,False,0.0,0.0
E04_2003,E04,2003,shil,cpss_tuning,4,0.6,False,4,True,True,True,-0.25,-0.25
E04_2003,E04,2003,shil,cpss_tuning,4,0.7,False,3,True,True,False,0.0,0.0
E04_2003,E04,2003,shil,cpss_tuning,4,0.8,False,2,True,True,False,0.0,0.0
E04_2003,E04,2003,shil,cpss_tuning,4,0.9,False,2,True,True,False,0.0,0.0
E04_2003,E04,2003,shil,cpss_tuning,8,0.6,False,7,True,True,False,0.0,0.0
E04_2003,E04,2003,shil,cpss_tuning,8,0.7,True,6,True,True,True,0.0,0.0
E04_2003,E04,2003,shil,cpss_tuning,8,0.8,False,5,True,True,False,0.0,0.0
E04_2003,E04,2003,shil,cpss_tuning,8,0.9,False,3,True,True,False,0.0,0.0
E04_2003,E04,2003,shil,cpss_tuning,16,0.6,False,10,True,True,False,0.0,0.0
E04_2003,E04,2003,shil,cpss_tuning,16,0.7,False,10,True,True,False,0.0,0.0
E04_2003,E04,2003,shil,cpss_tuning,16,0.8,False,9,True,True,False,0.0,0.0
E04_2003,E04,2003,shil,cpss_tuning,16,0.9,False,8,True,True,False,0.0,0.0
E04_2003,E04,2003,shil,cpss_final,4,0.6,False,4,True,True,False,0.0,0.0
E04_2003,E04,2003,shil,cpss_final,4,0.7,False,3,True,True,False,0.0,0.0
E04_2003,E04,2003,shil,cpss_final,4,0.8,False,2,True,True,False,0.0,0.0
E04_2003,E04,2003,shil,cpss_final,4,0.9,False,2,True,True,False,0.0,0.0
E04_2003,E04,2003,shil,cpss_final,8,0.6,False,8,True,True,False,0.0,0.0
E04_2003,E04,2003,shil,cpss_final,8,0.7,True,7,True,True,False,0.0,0.0
E04_2003,E04,2003,shil,cpss_final,8,0.8,False,5,True,True,False,0.0,0.0
E04_2003,E04,2003,shil,cpss_final,8,0.9,False,5,True,True,False,0.0,0.0
E04_2003,E04,2003,shil,cpss_final,16,0.6,False,10,True,True,False,0.0,0.0
E04_2003,E04,2003,shil,cpss_final,16,0.7,False,10,True,True,False,0.0,0.0
E04_2003,E04,2003,shil,cpss_final,16,0.8,False,10,True,True,False,0.0,0.0
E04_2003,E04,2003,shil,cpss_final,16,0.9,False,9,True,True,False,0.0,0.0
E04_2003,E04,2003,l1,cpss_tuning,4,0.6,True,4,True,True,False,0.0,0.0
E04_2003,E04,2003,l1,cpss_tuning,4,0.7,False,3,True,True,True,0.0,0.0
E04_2003,E04,2003,l1,cpss_tuning,4,0.8,False,2,True,True,False,0.0,0.0
E04_2003,E04,2003,l1,cpss_tuning,4,0.9,False,2,True,True,False,0.0,0.0
E04_2003,E04,2003,l1,cpss_tuning,8,0.6,False,4,True,True,False,0.0,0.0
E04_2003,E04,2003,l1,cpss_tuning,8,0.7,False,4,True,True,False,0.0,0.0
E04_2003,E04,2003,l1,cpss_tuning,8,0.8,False,3,True,True,True,0.0,0.0
E04_2003,E04,2003,l1,cpss_tuning,8,0.9,False,2,True,True,False,0.0,0.0
E04_2003,E04,2003,l1,cpss_tuning,16,0.6,False,4,True,True,False,0.0,0.0
E04_2003,E04,2003,l1,cpss_tuning,16,0.7,False,4,True,True,False,0.0,0.0
E04_2003,E04,2003,l1,cpss_tuning,16,0.8,False,3,True,True,True,0.0,0.0
E04_2003,E04,2003,l1,cpss_tuning,16,0.9,False,2,True,True,False,0.0,0.0
E04_2003,E04,2003,l1,cpss_final,4,0.6,True,4,True,True,False,0.0,0.0
E04_2003,E04,2003,l1,cpss_final,4,0.7,False,3,True,True,False,0.0,0.0
E04_2003,E04,2003,l1,cpss_final,4,0.8,False,2,True,True,False,0.0,0.0
E04_2003,E04,2003,l1,cpss_final,4,0.9,False,2,True,True,False,0.0,0.0
E04_2003,E04,2003,l1,cpss_final,8,0.6,False,4,True,True,False,0.0,0.0
E04_2003,E04,2003,l1,cpss_final,8,0.7,False,4,True,True,False,0.0,0.0
E04_2003,E04,2003,l1,cpss_final,8,0.8,False,4,True,True,False,0.0,0.0
E04_2003,E04,2003,l1,cpss_final,8,0.9,False,3,True,True,False,0.0,0.0
E04_2003,E04,2003,l1,cpss_final,16,0.6,False,4,True,True,False,0.0,0.0
E04_2003,E04,2003,l1,cpss_final,16,0.7,False,4,True,True,False,0.0,0.0
E04_2003,E04,2003,l1,cpss_final,16,0.8,False,4,True,True,False,0.0,0.0
E04_2003,E04,2003,l1,cpss_final,16,0.9,False,4,True,True,False,0.0,0.0
E04_2003,E04,2003,tree,cpss_tuning,4,0.6,False,1,True,True,True,-0.4,0.0
E04_2003,E04,2003,tree,cpss_tuning,4,0.7,False,0,True,False,False,0.0,0.0
E04_2003,E04,2003,tree,cpss_tuning,4,0.8,False,0,True,False,False,0.0,0.0
E04_2003,E04,2003,tree,cpss_tuning,4,0.9,False,0,True,False,False,0.0,0.0
E04_2003,E04,2003,tree,cpss_tuning,8,0.6,False,5,True,True,True,-0.2222222222222222,-0.2222222222222222
E04_2003,E04,2003,tree,cpss_tuning,8,0.7,False,3,True,True,False,0.0,0.0
E04_2003,E04,2003,tree,cpss_tuning,8,0.8,False,2,True,True,False,0.0,0.0
E04_2003,E04,2003,tree,cpss_tuning,8,0.9,False,0,True,False,False,0.0,0.0
E04_2003,E04,2003,tree,cpss_tuning,16,0.6,True,6,True,True,False,0.0,0.0
E04_2003,E04,2003,tree,cpss_tuning,16,0.7,False,4,True,True,False,0.0,0.0
E04_2003,E04,2003,tree,cpss_tuning,16,0.8,False,4,True,True,False,0.0,0.0
E04_2003,E04,2003,tree,cpss_tuning,16,0.9,False,1,True,True,True,-0.4,0.0
E04_2003,E04,2003,tree,cpss_final,4,0.6,False,4,True,True,True,0.0,0.0
E04_2003,E04,2003,tree,cpss_final,4,0.7,False,4,True,True,True,0.0,0.0
E04_2003,E04,2003,tree,cpss_final,4,0.8,False,1,True,True,True,0.0,0.0
E04_2003,E04,2003,tree,cpss_final,4,0.9,False,0,True,False,False,0.0,0.0
E04_2003,E04,2003,tree,cpss_final,8,0.6,False,5,True,True,True,-0.2222222222222222,-0.2222222222222222
E04_2003,E04,2003,tree,cpss_final,8,0.7,False,5,True,True,True,-0.2222222222222222,-0.2222222222222222
E04_2003,E04,2003,tree,cpss_final,8,0.8,False,5,True,True,True,-0.2222222222222222,-0.2222222222222222
E04_2003,E04,2003,tree,cpss_final,8,0.9,False,5,True,True,True,-0.2222222222222222,-0.2222222222222222
E04_2003,E04,2003,tree,cpss_final,16,0.6,True,7,True,True,True,0.18181818181818188,0.0
E04_2003,E04,2003,tree,cpss_final,16,0.7,False,6,True,True,False,0.0,0.0
E04_2003,E04,2003,tree,cpss_final,16,0.8,False,5,True,True,True,-0.2222222222222222,-0.2222222222222222
E04_2003,E04,2003,tree,cpss_final,16,0.9,False,5,True,True,True,-0.2222222222222222,-0.2222222222222222
E04_2003,E04,2003,screen,cpss_tuning,4,0.6,False,4,True,True,True,-0.25,-0.25
E04_2003,E04,2003,screen,cpss_tuning,4,0.7,False,3,True,True,False,0.0,0.0
E04_2003,E04,2003,screen,cpss_tuning,4,0.8,False,2,True,True,False,0.0,0.0
E04_2003,E04,2003,screen,cpss_tuning,4,0.9,False,2,True,True,False,0.0,0.0
E04_2003,E04,2003,screen,cpss_tuning,8,0.6,False,7,True,True,False,0.0,0.0
E04_2003,E04,2003,screen,cpss_tuning,8,0.7,True,6,True,True,True,0.0,0.0
E04_2003,E04,2003,screen,cpss_tuning,8,0.8,False,5,True,True,False,0.0,0.0
E04_2003,E04,2003,screen,cpss_tuning,8,0.9,False,3,True,True,False,0.0,0.0
E04_2003,E04,2003,screen,cpss_tuning,16,0.6,False,10,True,True,False,0.0,0.0
E04_2003,E04,2003,screen,cpss_tuning,16,0.7,False,10,True,True,False,0.0,0.0
E04_2003,E04,2003,screen,cpss_tuning,16,0.8,False,9,True,True,False,0.0,0.0
E04_2003,E04,2003,screen,cpss_tuning,16,0.9,False,8,True,True,False,0.0,0.0
E04_2003,E04,2003,screen,cpss_final,4,0.6,False,4,True,True,False,0.0,0.0
E04_2003,E04,2003,screen,cpss_final,4,0.7,False,3,True,True,False,0.0,0.0
E04_2003,E04,2003,screen,cpss_final,4,0.8,False,2,True,True,False,0.0,0.0
E04_2003,E04,2003,screen,cpss_final,4,0.9,False,2,True,True,False,0.0,0.0
E04_2003,E04,2003,screen,cpss_final,8,0.6,False,8,True,True,False,0.0,0.0
E04_2003,E04,2003,screen,cpss_final,8,0.7,True,7,True,True,False,0.0,0.0
E04_2003,E04,2003,screen,cpss_final,8,0.8,False,5,True,True,False,0.0,0.0
E04_2003,E04,2003,screen,cpss_final,8,0.9,False,5,True,True,False,0.0,0.0
E04_2003,E04,2003,screen,cpss_final,16,0.6,False,10,True,True,False,0.0,0.0
E04_2003,E04,2003,screen,cpss_final,16,0.7,False,10,True,True,False,0.0,0.0
E04_2003,E04,2003,screen,cpss_final,16,0.8,False,10,True,True,False,0.0,0.0
E04_2003,E04,2003,screen,cpss_final,16,0.9,False,9,True,True,False,0.0,0.0
E04_2011,E04,2011,shil,cpss_tuning,4,0.6,False,4,True,True,True,-0.25,-0.25
E04_2011,E04,2011,shil,cpss_tuning,4,0.7,False,4,True,True,True,-0.25,-0.25
E04_2011,E04,2011,shil,cpss_tuning,4,0.8,False,4,True,True,True,-0.25,-0.25
E04_2011,E04,2011,shil,cpss_tuning,4,0.9,False,3,True,True,False,0.0,0.0
E04_2011,E04,2011,shil,cpss_tuning,8,0.6,False,7,True,True,True,-0.18181818181818188,-0.18181818181818188
E04_2011,E04,2011,shil,cpss_tuning,8,0.7,False,6,True,True,True,-0.19999999999999996,-0.19999999999999996
E04_2011,E04,2011,shil,cpss_tuning,8,0.8,False,5,True,True,True,-0.2222222222222222,0.0
E04_2011,E04,2011,shil,cpss_tuning,8,0.9,False,4,True,True,True,-0.25,-0.25
E04_2011,E04,2011,shil,cpss_tuning,16,0.6,False,10,True,True,False,0.0,0.0
E04_2011,E04,2011,shil,cpss_tuning,16,0.7,True,10,True,True,False,0.0,0.0
E04_2011,E04,2011,shil,cpss_tuning,16,0.8,False,9,True,True,True,-0.15384615384615385,-0.15384615384615385
E04_2011,E04,2011,shil,cpss_tuning,16,0.9,False,9,True,True,True,-0.15384615384615385,-0.15384615384615385
E04_2011,E04,2011,shil,cpss_final,4,0.6,False,4,True,True,True,-0.25,-0.25
E04_2011,E04,2011,shil,cpss_final,4,0.7,False,4,True,True,True,-0.25,-0.25
E04_2011,E04,2011,shil,cpss_final,4,0.8,False,4,True,True,True,-0.25,-0.25
E04_2011,E04,2011,shil,cpss_final,4,0.9,False,3,True,True,False,0.0,0.0
E04_2011,E04,2011,shil,cpss_final,8,0.6,False,8,True,True,True,-0.16666666666666663,-0.16666666666666663
E04_2011,E04,2011,shil,cpss_final,8,0.7,False,6,True,True,True,-0.19999999999999996,0.0
E04_2011,E04,2011,shil,cpss_final,8,0.8,False,5,True,True,False,0.0,0.0
E04_2011,E04,2011,shil,cpss_final,8,0.9,False,5,True,True,False,0.0,0.0
E04_2011,E04,2011,shil,cpss_final,16,0.6,False,10,True,True,False,0.0,0.0
E04_2011,E04,2011,shil,cpss_final,16,0.7,True,10,True,True,False,0.0,0.0
E04_2011,E04,2011,shil,cpss_final,16,0.8,False,10,True,True,False,0.0,0.0
E04_2011,E04,2011,shil,cpss_final,16,0.9,False,10,True,True,False,0.0,0.0
E04_2011,E04,2011,l1,cpss_tuning,4,0.6,False,2,True,True,True,0.0,0.0
E04_2011,E04,2011,l1,cpss_tuning,4,0.7,False,2,True,True,True,0.0,0.0
E04_2011,E04,2011,l1,cpss_tuning,4,0.8,False,1,True,True,True,0.0,0.0
E04_2011,E04,2011,l1,cpss_tuning,4,0.9,False,1,True,True,True,0.0,0.0
E04_2011,E04,2011,l1,cpss_tuning,8,0.6,True,4,True,True,False,0.0,0.0
E04_2011,E04,2011,l1,cpss_tuning,8,0.7,False,2,True,True,True,0.0,0.0
E04_2011,E04,2011,l1,cpss_tuning,8,0.8,False,2,True,True,True,0.0,0.0
E04_2011,E04,2011,l1,cpss_tuning,8,0.9,False,2,True,True,True,0.0,0.0
E04_2011,E04,2011,l1,cpss_tuning,16,0.6,False,5,True,True,True,0.0,0.0
E04_2011,E04,2011,l1,cpss_tuning,16,0.7,False,4,True,True,False,0.0,0.0
E04_2011,E04,2011,l1,cpss_tuning,16,0.8,False,2,True,True,True,0.0,0.0
E04_2011,E04,2011,l1,cpss_tuning,16,0.9,False,2,True,True,True,0.0,0.0
E04_2011,E04,2011,l1,cpss_final,4,0.6,False,3,True,True,False,0.0,0.0
E04_2011,E04,2011,l1,cpss_final,4,0.7,False,3,True,True,False,0.0,0.0
E04_2011,E04,2011,l1,cpss_final,4,0.8,False,3,True,True,False,0.0,0.0
E04_2011,E04,2011,l1,cpss_final,4,0.9,False,2,True,True,True,0.0,0.0
E04_2011,E04,2011,l1,cpss_final,8,0.6,True,4,True,True,False,0.0,0.0
E04_2011,E04,2011,l1,cpss_final,8,0.7,False,4,True,True,False,0.0,0.0
E04_2011,E04,2011,l1,cpss_final,8,0.8,False,3,True,True,False,0.0,0.0
E04_2011,E04,2011,l1,cpss_final,8,0.9,False,3,True,True,False,0.0,0.0
E04_2011,E04,2011,l1,cpss_final,16,0.6,False,4,True,True,False,0.0,0.0
E04_2011,E04,2011,l1,cpss_final,16,0.7,False,4,True,True,False,0.0,0.0
E04_2011,E04,2011,l1,cpss_final,16,0.8,False,4,True,True,False,0.0,0.0
E04_2011,E04,2011,l1,cpss_final,16,0.9,False,3,True,True,False,0.0,0.0
E04_2011,E04,2011,tree,cpss_tuning,4,0.6,False,4,True,True,True,-0.25,-0.25
E04_2011,E04,2011,tree,cpss_tuning,4,0.7,False,1,True,True,True,-0.4,0.0
E04_2011,E04,2011,tree,cpss_tuning,4,0.8,False,0,True,False,False,0.0,0.0
E04_2011,E04,2011,tree,cpss_tuning,4,0.9,False,0,True,False,False,0.0,0.0
E04_2011,E04,2011,tree,cpss_tuning,8,0.6,False,5,True,True,False,0.0,0.0
E04_2011,E04,2011,tree,cpss_tuning,8,0.7,False,5,True,True,False,0.0,0.0
E04_2011,E04,2011,tree,cpss_tuning,8,0.8,True,5,True,True,False,0.0,0.0
E04_2011,E04,2011,tree,cpss_tuning,8,0.9,False,2,True,True,True,0.0,-0.3333333333333333
E04_2011,E04,2011,tree,cpss_tuning,16,0.6,False,5,True,True,False,0.0,0.0
E04_2011,E04,2011,tree,cpss_tuning,16,0.7,False,5,True,True,False,0.0,0.0
E04_2011,E04,2011,tree,cpss_tuning,16,0.8,False,5,True,True,False,0.0,0.0
E04_2011,E04,2011,tree,cpss_tuning,16,0.9,False,4,True,True,True,-0.25,-0.25
E04_2011,E04,2011,tree,cpss_final,4,0.6,False,5,True,True,False,0.0,0.0
E04_2011,E04,2011,tree,cpss_final,4,0.7,False,4,True,True,False,0.0,0.0
E04_2011,E04,2011,tree,cpss_final,4,0.8,False,3,True,True,True,0.0,-0.2857142857142857
E04_2011,E04,2011,tree,cpss_final,4,0.9,False,0,True,False,False,0.0,0.0
E04_2011,E04,2011,tree,cpss_final,8,0.6,False,5,True,True,False,0.0,0.0
E04_2011,E04,2011,tree,cpss_final,8,0.7,False,5,True,True,False,0.0,0.0
E04_2011,E04,2011,tree,cpss_final,8,0.8,True,5,True,True,False,0.0,0.0
E04_2011,E04,2011,tree,cpss_final,8,0.9,False,5,True,True,False,0.0,0.0
E04_2011,E04,2011,tree,cpss_final,16,0.6,False,6,True,True,True,-0.19999999999999996,0.0
E04_2011,E04,2011,tree,cpss_final,16,0.7,False,6,True,True,True,-0.19999999999999996,0.0
E04_2011,E04,2011,tree,cpss_final,16,0.8,False,5,True,True,False,0.0,0.0
E04_2011,E04,2011,tree,cpss_final,16,0.9,False,5,True,True,False,0.0,0.0
E04_2011,E04,2011,screen,cpss_tuning,4,0.6,False,4,True,True,True,-0.25,-0.25
E04_2011,E04,2011,screen,cpss_tuning,4,0.7,False,4,True,True,True,-0.25,-0.25
E04_2011,E04,2011,screen,cpss_tuning,4,0.8,False,4,True,True,True,-0.25,-0.25
E04_2011,E04,2011,screen,cpss_tuning,4,0.9,False,3,True,True,False,0.0,0.0
E04_2011,E04,2011,screen,cpss_tuning,8,0.6,False,7,True,True,True,-0.18181818181818188,-0.18181818181818188
E04_2011,E04,2011,screen,cpss_tuning,8,0.7,False,6,True,True,True,-0.19999999999999996,-0.19999999999999996
E04_2011,E04,2011,screen,cpss_tuning,8,0.8,False,5,True,True,True,-0.2222222222222222,0.0
E04_2011,E04,2011,screen,cpss_tuning,8,0.9,False,4,True,True,True,-0.25,-0.25
E04_2011,E04,2011,screen,cpss_tuning,16,0.6,False,10,True,True,False,0.0,0.0
E04_2011,E04,2011,screen,cpss_tuning,16,0.7,True,10,True,True,False,0.0,0.0
E04_2011,E04,2011,screen,cpss_tuning,16,0.8,False,9,True,True,True,-0.15384615384615385,-0.15384615384615385
E04_2011,E04,2011,screen,cpss_tuning,16,0.9,False,9,True,True,True,-0.15384615384615385,-0.15384615384615385
E04_2011,E04,2011,screen,cpss_final,4,0.6,False,4,True,True,True,-0.25,-0.25
E04_2011,E04,2011,screen,cpss_final,4,0.7,False,4,True,True,True,-0.25,-0.25
E04_2011,E04,2011,screen,cpss_final,4,0.8,False,4,True,True,True,-0.25,-0.25
E04_2011,E04,2011,screen,cpss_final,4,0.9,False,3,True,True,False,0.0,0.0
E04_2011,E04,2011,screen,cpss_final,8,0.6,False,8,True,True,True,-0.16666666666666663,-0.16666666666666663
E04_2011,E04,2011,screen,cpss_final,8,0.7,False,6,True,True,True,-0.19999999999999996,0.0
E04_2011,E04,2011,screen,cpss_final,8,0.8,False,5,True,True,False,0.0,0.0
E04_2011,E04,2011,screen,cpss_final,8,0.9,False,5,True,True,False,0.0,0.0
E04_2011,E04,2011,screen,cpss_final,16,0.6,False,10,True,True,False,0.0,0.0
E04_2011,E04,2011,screen,cpss_final,16,0.7,True,10,True,True,False,0.0,0.0
E04_2011,E04,2011,screen,cpss_final,16,0.8,False,10,True,True,False,0.0,0.0
E04_2011,E04,2011,screen,cpss_final,16,0.9,False,10,True,True,False,0.0,0.0
E04_2017,E04,2017,shil,cpss_tuning,4,0.6,False,4,True,True,True,0.25,0.25
E04_2017,E04,2017,shil,cpss_tuning,4,0.7,False,2,True,True,True,0.0,0.0
E04_2017,E04,2017,shil,cpss_tuning,4,0.8,False,2,True,True,True,0.0,0.0
E04_2017,E04,2017,shil,cpss_tuning,4,0.9,False,1,True,True,False,0.0,0.0
E04_2017,E04,2017,shil,cpss_tuning,8,0.6,False,7,True,True,True,0.0,0.0
E04_2017,E04,2017,shil,cpss_tuning,8,0.7,False,7,True,True,True,0.0,0.0
E04_2017,E04,2017,shil,cpss_tuning,8,0.8,True,5,True,True,True,0.2222222222222222,0.2222222222222222
E04_2017,E04,2017,shil,cpss_tuning,8,0.9,False,4,True,True,True,0.25,0.25
E04_2017,E04,2017,shil,cpss_tuning,16,0.6,False,10,True,True,False,0.0,0.0
E04_2017,E04,2017,shil,cpss_tuning,16,0.7,False,10,True,True,False,0.0,0.0
E04_2017,E04,2017,shil,cpss_tuning,16,0.8,False,10,True,True,False,0.0,0.0
E04_2017,E04,2017,shil,cpss_tuning,16,0.9,False,10,True,True,False,0.0,0.0
E04_2017,E04,2017,shil,cpss_final,4,0.6,False,3,True,True,False,0.0,0.0
E04_2017,E04,2017,shil,cpss_final,4,0.7,False,3,True,True,False,0.0,0.0
E04_2017,E04,2017,shil,cpss_final,4,0.8,False,3,True,True,False,0.0,0.0
E04_2017,E04,2017,shil,cpss_final,4,0.9,False,1,True,True,False,0.0,0.0
E04_2017,E04,2017,shil,cpss_final,8,0.6,False,8,True,True,False,0.0,0.0
E04_2017,E04,2017,shil,cpss_final,8,0.7,False,8,True,True,False,0.0,0.0
E04_2017,E04,2017,shil,cpss_final,8,0.8,True,7,True,True,False,0.0,0.0
E04_2017,E04,2017,shil,cpss_final,8,0.9,False,5,True,True,True,0.0,0.0
E04_2017,E04,2017,shil,cpss_final,16,0.6,False,10,True,True,False,0.0,0.0
E04_2017,E04,2017,shil,cpss_final,16,0.7,False,10,True,True,False,0.0,0.0
E04_2017,E04,2017,shil,cpss_final,16,0.8,False,10,True,True,False,0.0,0.0
E04_2017,E04,2017,shil,cpss_final,16,0.9,False,10,True,True,False,0.0,0.0
E04_2017,E04,2017,l1,cpss_tuning,4,0.6,False,4,True,True,False,0.0,0.0
E04_2017,E04,2017,l1,cpss_tuning,4,0.7,True,4,True,True,False,0.0,0.0
E04_2017,E04,2017,l1,cpss_tuning,4,0.8,False,3,True,True,True,0.0,0.0
E04_2017,E04,2017,l1,cpss_tuning,4,0.9,False,3,True,True,True,0.0,0.0
E04_2017,E04,2017,l1,cpss_tuning,8,0.6,False,4,True,True,False,0.0,0.0
E04_2017,E04,2017,l1,cpss_tuning,8,0.7,False,4,True,True,False,0.0,0.0
E04_2017,E04,2017,l1,cpss_tuning,8,0.8,False,4,True,True,False,0.0,0.0
E04_2017,E04,2017,l1,cpss_tuning,8,0.9,False,3,True,True,True,0.0,0.0
E04_2017,E04,2017,l1,cpss_tuning,16,0.6,False,4,True,True,False,0.0,0.0
E04_2017,E04,2017,l1,cpss_tuning,16,0.7,False,4,True,True,False,0.0,0.0
E04_2017,E04,2017,l1,cpss_tuning,16,0.8,False,4,True,True,False,0.0,0.0
E04_2017,E04,2017,l1,cpss_tuning,16,0.9,False,3,True,True,True,0.0,0.0
E04_2017,E04,2017,l1,cpss_final,4,0.6,False,4,True,True,False,0.0,0.0
E04_2017,E04,2017,l1,cpss_final,4,0.7,True,4,True,True,False,0.0,0.0
E04_2017,E04,2017,l1,cpss_final,4,0.8,False,4,True,True,False,0.0,0.0
E04_2017,E04,2017,l1,cpss_final,4,0.9,False,2,True,True,False,0.0,0.0
E04_2017,E04,2017,l1,cpss_final,8,0.6,False,4,True,True,False,0.0,0.0
E04_2017,E04,2017,l1,cpss_final,8,0.7,False,4,True,True,False,0.0,0.0
E04_2017,E04,2017,l1,cpss_final,8,0.8,False,4,True,True,False,0.0,0.0
E04_2017,E04,2017,l1,cpss_final,8,0.9,False,4,True,True,False,0.0,0.0
E04_2017,E04,2017,l1,cpss_final,16,0.6,False,4,True,True,False,0.0,0.0
E04_2017,E04,2017,l1,cpss_final,16,0.7,False,4,True,True,False,0.0,0.0
E04_2017,E04,2017,l1,cpss_final,16,0.8,False,4,True,True,False,0.0,0.0
E04_2017,E04,2017,l1,cpss_final,16,0.9,False,4,True,True,False,0.0,0.0
E04_2017,E04,2017,tree,cpss_tuning,4,0.6,False,3,True,True,True,0.2857142857142857,0.2857142857142857
E04_2017,E04,2017,tree,cpss_tuning,4,0.7,False,1,True,True,False,0.0,0.0
E04_2017,E04,2017,tree,cpss_tuning,4,0.8,False,1,True,True,False,0.0,0.0
E04_2017,E04,2017,tree,cpss_tuning,4,0.9,False,0,True,False,False,0.0,0.0
E04_2017,E04,2017,tree,cpss_tuning,8,0.6,False,5,True,True,True,-0.2222222222222222,-0.2222222222222222
E04_2017,E04,2017,tree,cpss_tuning,8,0.7,False,4,True,True,False,0.0,0.0
E04_2017,E04,2017,tree,cpss_tuning,8,0.8,False,3,True,True,True,0.2857142857142857,0.2857142857142857
E04_2017,E04,2017,tree,cpss_tuning,8,0.9,False,1,True,True,False,0.0,0.0
E04_2017,E04,2017,tree,cpss_tuning,16,0.6,False,8,True,True,True,0.0,0.0
E04_2017,E04,2017,tree,cpss_tuning,16,0.7,True,6,True,True,True,-0.19999999999999996,0.0
E04_2017,E04,2017,tree,cpss_tuning,16,0.8,False,4,True,True,False,0.0,0.0
E04_2017,E04,2017,tree,cpss_tuning,16,0.9,False,3,True,True,True,0.2857142857142857,0.2857142857142857
E04_2017,E04,2017,tree,cpss_final,4,0.6,False,3,True,True,False,0.0,0.0
E04_2017,E04,2017,tree,cpss_final,4,0.7,False,2,True,True,False,0.0,0.0
E04_2017,E04,2017,tree,cpss_final,4,0.8,False,2,True,True,False,0.0,0.0
E04_2017,E04,2017,tree,cpss_final,4,0.9,False,1,True,True,False,0.0,0.0
E04_2017,E04,2017,tree,cpss_final,8,0.6,False,8,True,True,True,-0.16666666666666663,-0.16666666666666663
E04_2017,E04,2017,tree,cpss_final,8,0.7,False,6,True,True,False,0.0,0.0
E04_2017,E04,2017,tree,cpss_final,8,0.8,False,3,True,True,False,0.0,0.0
E04_2017,E04,2017,tree,cpss_final,8,0.9,False,3,True,True,False,0.0,0.0
E04_2017,E04,2017,tree,cpss_final,16,0.6,False,10,True,True,False,0.0,0.0
E04_2017,E04,2017,tree,cpss_final,16,0.7,True,10,True,True,False,0.0,0.0
E04_2017,E04,2017,tree,cpss_final,16,0.8,False,9,True,True,False,0.0,0.0
E04_2017,E04,2017,tree,cpss_final,16,0.9,False,7,True,True,True,-0.18181818181818188,-0.18181818181818188
E04_2017,E04,2017,screen,cpss_tuning,4,0.6,False,4,True,True,True,0.25,0.25
E04_2017,E04,2017,screen,cpss_tuning,4,0.7,False,2,True,True,True,0.0,0.0
E04_2017,E04,2017,screen,cpss_tuning,4,0.8,False,2,True,True,True,0.0,0.0
E04_2017,E04,2017,screen,cpss_tuning,4,0.9,False,1,True,True,False,0.0,0.0
E04_2017,E04,2017,screen,cpss_tuning,8,0.6,False,7,True,True,True,0.0,0.0
E04_2017,E04,2017,screen,cpss_tuning,8,0.7,False,7,True,True,True,0.0,0.0
E04_2017,E04,2017,screen,cpss_tuning,8,0.8,True,5,True,True,True,0.2222222222222222,0.2222222222222222
E04_2017,E04,2017,screen,cpss_tuning,8,0.9,False,4,True,True,True,0.25,0.25
E04_2017,E04,2017,screen,cpss_tuning,16,0.6,False,10,True,True,False,0.0,0.0
E04_2017,E04,2017,screen,cpss_tuning,16,0.7,False,10,True,True,False,0.0,0.0
E04_2017,E04,2017,screen,cpss_tuning,16,0.8,False,10,True,True,False,0.0,0.0
E04_2017,E04,2017,screen,cpss_tuning,16,0.9,False,10,True,True,False,0.0,0.0
E04_2017,E04,2017,screen,cpss_final,4,0.6,False,3,True,True,False,0.0,0.0
E04_2017,E04,2017,screen,cpss_final,4,0.7,False,3,True,True,False,0.0,0.0
E04_2017,E04,2017,screen,cpss_final,4,0.8,False,3,True,True,False,0.0,0.0
E04_2017,E04,2017,screen,cpss_final,4,0.9,False,1,True,True,False,0.0,0.0
E04_2017,E04,2017,screen,cpss_final,8,0.6,False,8,True,True,False,0.0,0.0
E04_2017,E04,2017,screen,cpss_final,8,0.7,False,8,True,True,False,0.0,0.0
E04_2017,E04,2017,screen,cpss_final,8,0.8,True,7,True,True,False,0.0,0.0
E04_2017,E04,2017,screen,cpss_final,8,0.9,False,5,True,True,True,0.0,0.0
E04_2017,E04,2017,screen,cpss_final,16,0.6,False,10,True,True,False,0.0,0.0
E04_2017,E04,2017,screen,cpss_final,16,0.7,False,10,True,True,False,0.0,0.0
E04_2017,E04,2017,screen,cpss_final,16,0.8,False,10,True,True,False,0.0,0.0
E04_2017,E04,2017,screen,cpss_final,16,0.9,False,10,True,True,False,0.0,0.0
E04_2027,E04,2027,shil,cpss_tuning,4,0.6,False,4,True,True,False,0.0,0.0
E04_2027,E04,2027,shil,cpss_tuning,4,0.7,False,3,True,True,True,-0.2857142857142857,-0.2857142857142857
E04_2027,E04,2027,shil,cpss_tuning,4,0.8,False,1,True,True,True,-0.4,0.0
E04_2027,E04,2027,shil,cpss_tuning,4,0.9,False,0,True,False,False,0.0,0.0
E04_2027,E04,2027,shil,cpss_tuning,8,0.6,False,6,True,True,False,0.0,0.0
E04_2027,E04,2027,shil,cpss_tuning,8,0.7,False,6,True,True,False,0.0,0.0
E04_2027,E04,2027,shil,cpss_tuning,8,0.8,False,5,True,True,False,0.0,0.0
E04_2027,E04,2027,shil,cpss_tuning,8,0.9,False,5,True,True,False,0.0,0.0
E04_2027,E04,2027,shil,cpss_tuning,16,0.6,True,8,True,True,True,0.16666666666666663,0.16666666666666663
E04_2027,E04,2027,shil,cpss_tuning,16,0.7,False,7,True,True,False,0.0,0.0
E04_2027,E04,2027,shil,cpss_tuning,16,0.8,False,6,True,True,False,0.0,0.0
E04_2027,E04,2027,shil,cpss_tuning,16,0.9,False,5,True,True,False,0.0,0.0
E04_2027,E04,2027,shil,cpss_final,4,0.6,False,4,True,True,False,0.0,0.0
E04_2027,E04,2027,shil,cpss_final,4,0.7,False,2,True,True,True,0.0,-0.3333333333333333
E04_2027,E04,2027,shil,cpss_final,4,0.8,False,2,True,True,True,0.0,-0.3333333333333333
E04_2027,E04,2027,shil,cpss_final,4,0.9,False,1,True,True,True,0.0,0.0
E04_2027,E04,2027,shil,cpss_final,8,0.6,False,7,True,True,False,0.0,0.0
E04_2027,E04,2027,shil,cpss_final,8,0.7,False,6,True,True,False,0.0,0.0
E04_2027,E04,2027,shil,cpss_final,8,0.8,False,6,True,True,False,0.0,0.0
E04_2027,E04,2027,shil,cpss_final,8,0.9,False,6,True,True,False,0.0,0.0
E04_2027,E04,2027,shil,cpss_final,16,0.6,True,10,True,True,False,0.0,0.0
E04_2027,E04,2027,shil,cpss_final,16,0.7,False,10,True,True,False,0.0,0.0
E04_2027,E04,2027,shil,cpss_final,16,0.8,False,9,True,True,False,0.0,0.0
E04_2027,E04,2027,shil,cpss_final,16,0.9,False,9,True,True,False,0.0,0.0
E04_2027,E04,2027,l1,cpss_tuning,4,0.6,False,3,True,True,True,0.0,0.0
E04_2027,E04,2027,l1,cpss_tuning,4,0.7,False,3,True,True,True,0.0,0.0
E04_2027,E04,2027,l1,cpss_tuning,4,0.8,False,2,True,True,False,0.0,0.0
E04_2027,E04,2027,l1,cpss_tuning,4,0.9,False,1,True,True,False,0.0,0.0
E04_2027,E04,2027,l1,cpss_tuning,8,0.6,False,4,True,True,False,0.0,0.0
E04_2027,E04,2027,l1,cpss_tuning,8,0.7,True,4,True,True,False,0.0,0.0
E04_2027,E04,2027,l1,cpss_tuning,8,0.8,False,3,True,True,True,0.0,0.0
E04_2027,E04,2027,l1,cpss_tuning,8,0.9,False,3,True,True,True,0.0,0.0
E04_2027,E04,2027,l1,cpss_tuning,16,0.6,False,4,True,True,False,0.0,0.0
E04_2027,E04,2027,l1,cpss_tuning,16,0.7,False,4,True,True,False,0.0,0.0
E04_2027,E04,2027,l1,cpss_tuning,16,0.8,False,3,True,True,True,0.0,0.0
E04_2027,E04,2027,l1,cpss_tuning,16,0.9,False,3,True,True,True,0.0,0.0
E04_2027,E04,2027,l1,cpss_final,4,0.6,False,4,True,True,False,0.0,0.0
E04_2027,E04,2027,l1,cpss_final,4,0.7,False,4,True,True,False,0.0,0.0
E04_2027,E04,2027,l1,cpss_final,4,0.8,False,3,True,True,True,0.0,0.0
E04_2027,E04,2027,l1,cpss_final,4,0.9,False,2,True,True,False,0.0,0.0
E04_2027,E04,2027,l1,cpss_final,8,0.6,False,5,True,True,False,0.0,0.0
E04_2027,E04,2027,l1,cpss_final,8,0.7,True,5,True,True,False,0.0,0.0
E04_2027,E04,2027,l1,cpss_final,8,0.8,False,5,True,True,False,0.0,0.0
E04_2027,E04,2027,l1,cpss_final,8,0.9,False,4,True,True,False,0.0,0.0
E04_2027,E04,2027,l1,cpss_final,16,0.6,False,5,True,True,False,0.0,0.0
E04_2027,E04,2027,l1,cpss_final,16,0.7,False,5,True,True,False,0.0,0.0
E04_2027,E04,2027,l1,cpss_final,16,0.8,False,5,True,True,False,0.0,0.0
E04_2027,E04,2027,l1,cpss_final,16,0.9,False,4,True,True,False,0.0,0.0
E04_2027,E04,2027,tree,cpss_tuning,4,0.6,False,3,True,True,True,0.0,0.0
E04_2027,E04,2027,tree,cpss_tuning,4,0.7,False,1,True,True,False,0.0,0.0
E04_2027,E04,2027,tree,cpss_tuning,4,0.8,False,1,True,True,False,0.0,0.0
E04_2027,E04,2027,tree,cpss_tuning,4,0.9,True,1,True,True,False,0.0,0.0
E04_2027,E04,2027,tree,cpss_tuning,8,0.6,False,5,True,True,False,0.0,0.0
E04_2027,E04,2027,tree,cpss_tuning,8,0.7,False,5,True,True,False,0.0,0.0
E04_2027,E04,2027,tree,cpss_tuning,8,0.8,False,5,True,True,False,0.0,0.0
E04_2027,E04,2027,tree,cpss_tuning,8,0.9,False,2,True,True,False,0.0,0.0
E04_2027,E04,2027,tree,cpss_tuning,16,0.6,False,5,True,True,False,0.0,0.0
E04_2027,E04,2027,tree,cpss_tuning,16,0.7,False,5,True,True,False,0.0,0.0
E04_2027,E04,2027,tree,cpss_tuning,16,0.8,False,5,True,True,False,0.0,0.0
E04_2027,E04,2027,tree,cpss_tuning,16,0.9,False,4,True,True,True,0.0,0.0
E04_2027,E04,2027,tree,cpss_final,4,0.6,False,3,True,True,True,0.0,0.0
E04_2027,E04,2027,tree,cpss_final,4,0.7,False,1,True,True,False,0.0,0.0
E04_2027,E04,2027,tree,cpss_final,4,0.8,False,1,True,True,False,0.0,0.0
E04_2027,E04,2027,tree,cpss_final,4,0.9,True,0,True,False,False,0.0,0.0
E04_2027,E04,2027,tree,cpss_final,8,0.6,False,5,True,True,False,0.0,0.0
E04_2027,E04,2027,tree,cpss_final,8,0.7,False,5,True,True,False,0.0,0.0
E04_2027,E04,2027,tree,cpss_final,8,0.8,False,5,True,True,False,0.0,0.0
E04_2027,E04,2027,tree,cpss_final,8,0.9,False,4,True,True,True,0.0,0.0
E04_2027,E04,2027,tree,cpss_final,16,0.6,False,8,True,True,False,0.0,0.0
E04_2027,E04,2027,tree,cpss_final,16,0.7,False,8,True,True,False,0.0,0.0
E04_2027,E04,2027,tree,cpss_final,16,0.8,False,5,True,True,False,0.0,0.0
E04_2027,E04,2027,tree,cpss_final,16,0.9,False,5,True,True,False,0.0,0.0
E04_2027,E04,2027,screen,cpss_tuning,4,0.6,False,4,True,True,False,0.0,0.0
E04_2027,E04,2027,screen,cpss_tuning,4,0.7,False,3,True,True,True,-0.2857142857142857,-0.2857142857142857
E04_2027,E04,2027,screen,cpss_tuning,4,0.8,False,1,True,True,True,-0.4,0.0
E04_2027,E04,2027,screen,cpss_tuning,4,0.9,False,0,True,False,False,0.0,0.0
E04_2027,E04,2027,screen,cpss_tuning,8,0.6,False,6,True,True,False,0.0,0.0
E04_2027,E04,2027,screen,cpss_tuning,8,0.7,False,6,True,True,False,0.0,0.0
E04_2027,E04,2027,screen,cpss_tuning,8,0.8,False,5,True,True,False,0.0,0.0
E04_2027,E04,2027,screen,cpss_tuning,8,0.9,False,5,True,True,False,0.0,0.0
E04_2027,E04,2027,screen,cpss_tuning,16,0.6,True,8,True,True,True,0.16666666666666663,0.16666666666666663
E04_2027,E04,2027,screen,cpss_tuning,16,0.7,False,7,True,True,False,0.0,0.0
E04_2027,E04,2027,screen,cpss_tuning,16,0.8,False,6,True,True,False,0.0,0.0
E04_2027,E04,2027,screen,cpss_tuning,16,0.9,False,5,True,True,False,0.0,0.0
E04_2027,E04,2027,screen,cpss_final,4,0.6,False,4,True,True,False,0.0,0.0
E04_2027,E04,2027,screen,cpss_final,4,0.7,False,2,True,True,True,0.0,-0.3333333333333333
E04_2027,E04,2027,screen,cpss_final,4,0.8,False,2,True,True,True,0.0,-0.3333333333333333
E04_2027,E04,2027,screen,cpss_final,4,0.9,False,1,True,True,True,0.0,0.0
E04_2027,E04,2027,screen,cpss_final,8,0.6,False,7,True,True,False,0.0,0.0
E04_2027,E04,2027,screen,cpss_final,8,0.7,False,6,True,True,False,0.0,0.0
E04_2027,E04,2027,screen,cpss_final,8,0.8,False,6,True,True,False,0.0,0.0
E04_2027,E04,2027,screen,cpss_final,8,0.9,False,6,True,True,False,0.0,0.0
E04_2027,E04,2027,screen,cpss_final,16,0.6,True,10,True,True,False,0.0,0.0
E04_2027,E04,2027,screen,cpss_final,16,0.7,False,10,True,True,False,0.0,0.0
E04_2027,E04,2027,screen,cpss_final,16,0.8,False,9,True,True,False,0.0,0.0
E04_2027,E04,2027,screen,cpss_final,16,0.9,False,9,True,True,False,0.0,0.0
E04_2029,E04,2029,shil,cpss_tuning,4,0.6,False,4,True,True,False,0.0,0.0
E04_2029,E04,2029,shil,cpss_tuning,4,0.7,False,3,True,True,False,0.0,0.0
E04_2029,E04,2029,shil,cpss_tuning,4,0.8,False,2,True,True,True,-0.3333333333333333,0.0
E04_2029,E04,2029,shil,cpss_tuning,4,0.9,False,0,True,False,False,0.0,0.0
E04_2029,E04,2029,shil,cpss_tuning,8,0.6,False,7,True,True,False,0.0,0.0
E04_2029,E04,2029,shil,cpss_tuning,8,0.7,False,6,True,True,True,0.0,0.0
E04_2029,E04,2029,shil,cpss_tuning,8,0.8,True,5,True,True,False,0.0,0.0
E04_2029,E04,2029,shil,cpss_tuning,8,0.9,False,4,True,True,False,0.0,0.0
E04_2029,E04,2029,shil,cpss_tuning,16,0.6,False,10,True,True,False,0.0,0.0
E04_2029,E04,2029,shil,cpss_tuning,16,0.7,False,10,True,True,False,0.0,0.0
E04_2029,E04,2029,shil,cpss_tuning,16,0.8,False,9,True,True,False,0.0,0.0
E04_2029,E04,2029,shil,cpss_tuning,16,0.9,False,8,True,True,False,0.0,0.0
E04_2029,E04,2029,shil,cpss_final,4,0.6,False,4,True,True,False,0.0,0.0
E04_2029,E04,2029,shil,cpss_final,4,0.7,False,2,True,True,True,-0.3333333333333333,0.0
E04_2029,E04,2029,shil,cpss_final,4,0.8,False,0,True,False,False,0.0,0.0
E04_2029,E04,2029,shil,cpss_final,4,0.9,False,0,True,False,False,0.0,0.0
E04_2029,E04,2029,shil,cpss_final,8,0.6,False,7,True,True,False,0.0,0.0
E04_2029,E04,2029,shil,cpss_final,8,0.7,False,7,True,True,False,0.0,0.0
E04_2029,E04,2029,shil,cpss_final,8,0.8,True,6,True,True,True,0.0,0.0
E04_2029,E04,2029,shil,cpss_final,8,0.9,False,4,True,True,True,0.25,0.25
E04_2029,E04,2029,shil,cpss_final,16,0.6,False,10,True,True,False,0.0,0.0
E04_2029,E04,2029,shil,cpss_final,16,0.7,False,10,True,True,False,0.0,0.0
E04_2029,E04,2029,shil,cpss_final,16,0.8,False,10,True,True,False,0.0,0.0
E04_2029,E04,2029,shil,cpss_final,16,0.9,False,9,True,True,False,0.0,0.0
E04_2029,E04,2029,l1,cpss_tuning,4,0.6,False,2,True,True,True,0.0,0.0
E04_2029,E04,2029,l1,cpss_tuning,4,0.7,False,2,True,True,True,0.0,0.0
E04_2029,E04,2029,l1,cpss_tuning,4,0.8,False,1,True,True,True,0.0,0.0
E04_2029,E04,2029,l1,cpss_tuning,4,0.9,False,1,True,True,True,0.0,0.0
E04_2029,E04,2029,l1,cpss_tuning,8,0.6,True,4,True,True,True,-0.25,0.0
E04_2029,E04,2029,l1,cpss_tuning,8,0.7,False,2,True,True,True,0.0,0.0
E04_2029,E04,2029,l1,cpss_tuning,8,0.8,False,2,True,True,True,0.0,0.0
E04_2029,E04,2029,l1,cpss_tuning,8,0.9,False,2,True,True,True,0.0,0.0
E04_2029,E04,2029,l1,cpss_tuning,16,0.6,False,4,True,True,True,-0.25,0.0
E04_2029,E04,2029,l1,cpss_tuning,16,0.7,False,2,True,True,True,0.0,0.0
E04_2029,E04,2029,l1,cpss_tuning,16,0.8,False,2,True,True,True,0.0,0.0
E04_2029,E04,2029,l1,cpss_tuning,16,0.9,False,2,True,True,True,0.0,0.0
E04_2029,E04,2029,l1,cpss_final,4,0.6,False,3,True,True,False,0.0,0.0
E04_2029,E04,2029,l1,cpss_final,4,0.7,False,3,True,True,False,0.0,0.0
E04_2029,E04,2029,l1,cpss_final,4,0.8,False,3,True,True,False,0.0,0.0
E04_2029,E04,2029,l1,cpss_final,4,0.9,False,1,True,True,True,0.0,0.0
E04_2029,E04,2029,l1,cpss_final,8,0.6,True,4,True,True,True,-0.25,0.0
E04_2029,E04,2029,l1,cpss_final,8,0.7,False,4,True,True,True,-0.25,0.0
E04_2029,E04,2029,l1,cpss_final,8,0.8,False,3,True,True,False,0.0,0.0
E04_2029,E04,2029,l1,cpss_final,8,0.9,False,3,True,True,False,0.0,0.0
E04_2029,E04,2029,l1,cpss_final,16,0.6,False,6,True,True,False,0.0,0.0
E04_2029,E04,2029,l1,cpss_final,16,0.7,False,4,True,True,True,-0.25,0.0
E04_2029,E04,2029,l1,cpss_final,16,0.8,False,4,True,True,True,-0.25,0.0
E04_2029,E04,2029,l1,cpss_final,16,0.9,False,3,True,True,False,0.0,0.0
E04_2029,E04,2029,tree,cpss_tuning,4,0.6,False,2,True,True,False,0.0,0.0
E04_2029,E04,2029,tree,cpss_tuning,4,0.7,True,1,True,True,True,-0.4,0.0
E04_2029,E04,2029,tree,cpss_tuning,4,0.8,False,0,True,False,False,0.0,0.0
E04_2029,E04,2029,tree,cpss_tuning,4,0.9,False,0,True,False,False,0.0,0.0
E04_2029,E04,2029,tree,cpss_tuning,8,0.6,False,4,True,True,False,0.0,0.0
E04_2029,E04,2029,tree,cpss_tuning,8,0.7,False,4,True,True,False,0.0,0.0
E04_2029,E04,2029,tree,cpss_tuning,8,0.8,False,3,True,True,False,0.0,0.0
E04_2029,E04,2029,tree,cpss_tuning,8,0.9,False,1,True,True,True,-0.4,0.0
E04_2029,E04,2029,tree,cpss_tuning,16,0.6,False,4,True,True,False,0.0,0.0
E04_2029,E04,2029,tree,cpss_tuning,16,0.7,False,4,True,True,False,0.0,0.0
E04_2029,E04,2029,tree,cpss_tuning,16,0.8,False,4,True,True,False,0.0,0.0
E04_2029,E04,2029,tree,cpss_tuning,16,0.9,False,3,True,True,False,0.0,0.0
E04_2029,E04,2029,tree,cpss_final,4,0.6,False,2,True,True,True,-0.3333333333333333,0.0
E04_2029,E04,2029,tree,cpss_final,4,0.7,True,0,True,False,False,0.0,0.0
E04_2029,E04,2029,tree,cpss_final,4,0.8,False,0,True,False,False,0.0,0.0
E04_2029,E04,2029,tree,cpss_final,4,0.9,False,0,True,False,False,0.0,0.0
E04_2029,E04,2029,tree,cpss_final,8,0.6,False,5,True,True,True,0.2222222222222222,0.0
E04_2029,E04,2029,tree,cpss_final,8,0.7,False,4,True,True,False,0.0,0.0
E04_2029,E04,2029,tree,cpss_final,8,0.8,False,4,True,True,False,0.0,0.0
E04_2029,E04,2029,tree,cpss_final,8,0.9,False,1,True,True,False,0.0,0.0
E04_2029,E04,2029,tree,cpss_final,16,0.6,False,10,True,True,False,0.0,0.0
E04_2029,E04,2029,tree,cpss_final,16,0.7,False,9,True,True,True,0.15384615384615385,0.15384615384615385
E04_2029,E04,2029,tree,cpss_final,16,0.8,False,6,True,True,True,0.19999999999999996,0.0
E04_2029,E04,2029,tree,cpss_final,16,0.9,False,4,True,True,False,0.0,0.0
E04_2029,E04,2029,screen,cpss_tuning,4,0.6,False,4,True,True,False,0.0,0.0
E04_2029,E04,2029,screen,cpss_tuning,4,0.7,False,3,True,True,False,0.0,0.0
E04_2029,E04,2029,screen,cpss_tuning,4,0.8,False,2,True,True,True,-0.3333333333333333,0.0
E04_2029,E04,2029,screen,cpss_tuning,4,0.9,False,0,True,False,False,0.0,0.0
E04_2029,E04,2029,screen,cpss_tuning,8,0.6,False,7,True,True,False,0.0,0.0
E04_2029,E04,2029,screen,cpss_tuning,8,0.7,False,6,True,True,True,0.0,0.0
E04_2029,E04,2029,screen,cpss_tuning,8,0.8,True,5,True,True,False,0.0,0.0
E04_2029,E04,2029,screen,cpss_tuning,8,0.9,False,4,True,True,False,0.0,0.0
E04_2029,E04,2029,screen,cpss_tuning,16,0.6,False,10,True,True,False,0.0,0.0
E04_2029,E04,2029,screen,cpss_tuning,16,0.7,False,10,True,True,False,0.0,0.0
E04_2029,E04,2029,screen,cpss_tuning,16,0.8,False,9,True,True,False,0.0,0.0
E04_2029,E04,2029,screen,cpss_tuning,16,0.9,False,8,True,True,False,0.0,0.0
E04_2029,E04,2029,screen,cpss_final,4,0.6,False,4,True,True,False,0.0,0.0
E04_2029,E04,2029,screen,cpss_final,4,0.7,False,2,True,True,True,-0.3333333333333333,0.0
E04_2029,E04,2029,screen,cpss_final,4,0.8,False,0,True,False,False,0.0,0.0
E04_2029,E04,2029,screen,cpss_final,4,0.9,False,0,True,False,False,0.0,0.0
E04_2029,E04,2029,screen,cpss_final,8,0.6,False,7,True,True,False,0.0,0.0
E04_2029,E04,2029,screen,cpss_final,8,0.7,False,7,True,True,False,0.0,0.0
E04_2029,E04,2029,screen,cpss_final,8,0.8,True,6,True,True,True,0.0,0.0
E04_2029,E04,2029,screen,cpss_final,8,0.9,False,4,True,True,True,0.25,0.25
E04_2029,E04,2029,screen,cpss_final,16,0.6,False,10,True,True,False,0.0,0.0
E04_2029,E04,2029,screen,cpss_final,16,0.7,False,10,True,True,False,0.0,0.0
E04_2029,E04,2029,screen,cpss_final,16,0.8,False,10,True,True,False,0.0,0.0
E04_2029,E04,2029,screen,cpss_final,16,0.9,False,9,True,True,False,0.0,0.0
E05_2003,E05,2003,shil,cpss_tuning,4,0.6,False,4,True,True,False,0.0,0.0
E05_2003,E05,2003,shil,cpss_tuning,4,0.7,False,4,True,True,False,0.0,0.0
E05_2003,E05,2003,shil,cpss_tuning,4,0.8,False,4,True,True,False,0.0,0.0
E05_2003,E05,2003,shil,cpss_tuning,4,0.9,True,4,True,True,False,0.0,0.0
E05_2003,E05,2003,shil,cpss_tuning,8,0.6,False,4,True,True,False,0.0,0.0
E05_2003,E05,2003,shil,cpss_tuning,8,0.7,False,4,True,True,False,0.0,0.0
E05_2003,E05,2003,shil,cpss_tuning,8,0.8,False,4,True,True,False,0.0,0.0
E05_2003,E05,2003,shil,cpss_tuning,8,0.9,False,4,True,True,False,0.0,0.0
E05_2003,E05,2003,shil,cpss_tuning,16,0.6,False,4,True,True,False,0.0,0.0
E05_2003,E05,2003,shil,cpss_tuning,16,0.7,False,4,True,True,False,0.0,0.0
E05_2003,E05,2003,shil,cpss_tuning,16,0.8,False,4,True,True,False,0.0,0.0
E05_2003,E05,2003,shil,cpss_tuning,16,0.9,False,4,True,True,False,0.0,0.0
E05_2003,E05,2003,shil,cpss_final,4,0.6,False,4,True,True,False,0.0,0.0
E05_2003,E05,2003,shil,cpss_final,4,0.7,False,4,True,True,False,0.0,0.0
E05_2003,E05,2003,shil,cpss_final,4,0.8,False,4,True,True,False,0.0,0.0
E05_2003,E05,2003,shil,cpss_final,4,0.9,True,4,True,True,False,0.0,0.0
E05_2003,E05,2003,shil,cpss_final,8,0.6,False,4,True,True,False,0.0,0.0
E05_2003,E05,2003,shil,cpss_final,8,0.7,False,4,True,True,False,0.0,0.0
E05_2003,E05,2003,shil,cpss_final,8,0.8,False,4,True,True,False,0.0,0.0
E05_2003,E05,2003,shil,cpss_final,8,0.9,False,4,True,True,False,0.0,0.0
E05_2003,E05,2003,shil,cpss_final,16,0.6,False,4,True,True,False,0.0,0.0
E05_2003,E05,2003,shil,cpss_final,16,0.7,False,4,True,True,False,0.0,0.0
E05_2003,E05,2003,shil,cpss_final,16,0.8,False,4,True,True,False,0.0,0.0
E05_2003,E05,2003,shil,cpss_final,16,0.9,False,4,True,True,False,0.0,0.0
E05_2003,E05,2003,l1,cpss_tuning,4,0.6,False,4,True,True,False,0.0,0.0
E05_2003,E05,2003,l1,cpss_tuning,4,0.7,False,4,True,True,False,0.0,0.0
E05_2003,E05,2003,l1,cpss_tuning,4,0.8,False,4,True,True,False,0.0,0.0
E05_2003,E05,2003,l1,cpss_tuning,4,0.9,True,4,True,True,False,0.0,0.0
E05_2003,E05,2003,l1,cpss_tuning,8,0.6,False,4,True,True,False,0.0,0.0
E05_2003,E05,2003,l1,cpss_tuning,8,0.7,False,4,True,True,False,0.0,0.0
E05_2003,E05,2003,l1,cpss_tuning,8,0.8,False,4,True,True,False,0.0,0.0
E05_2003,E05,2003,l1,cpss_tuning,8,0.9,False,4,True,True,False,0.0,0.0
E05_2003,E05,2003,l1,cpss_tuning,16,0.6,False,4,True,True,False,0.0,0.0
E05_2003,E05,2003,l1,cpss_tuning,16,0.7,False,4,True,True,False,0.0,0.0
E05_2003,E05,2003,l1,cpss_tuning,16,0.8,False,4,True,True,False,0.0,0.0
E05_2003,E05,2003,l1,cpss_tuning,16,0.9,False,4,True,True,False,0.0,0.0
E05_2003,E05,2003,l1,cpss_final,4,0.6,False,4,True,True,False,0.0,0.0
E05_2003,E05,2003,l1,cpss_final,4,0.7,False,4,True,True,False,0.0,0.0
E05_2003,E05,2003,l1,cpss_final,4,0.8,False,4,True,True,False,0.0,0.0
E05_2003,E05,2003,l1,cpss_final,4,0.9,True,4,True,True,False,0.0,0.0
E05_2003,E05,2003,l1,cpss_final,8,0.6,False,4,True,True,False,0.0,0.0
E05_2003,E05,2003,l1,cpss_final,8,0.7,False,4,True,True,False,0.0,0.0
E05_2003,E05,2003,l1,cpss_final,8,0.8,False,4,True,True,False,0.0,0.0
E05_2003,E05,2003,l1,cpss_final,8,0.9,False,4,True,True,False,0.0,0.0
E05_2003,E05,2003,l1,cpss_final,16,0.6,False,4,True,True,False,0.0,0.0
E05_2003,E05,2003,l1,cpss_final,16,0.7,False,4,True,True,False,0.0,0.0
E05_2003,E05,2003,l1,cpss_final,16,0.8,False,4,True,True,False,0.0,0.0
E05_2003,E05,2003,l1,cpss_final,16,0.9,False,4,True,True,False,0.0,0.0
E05_2003,E05,2003,tree,cpss_tuning,4,0.6,False,4,True,True,False,0.0,0.0
E05_2003,E05,2003,tree,cpss_tuning,4,0.7,False,4,True,True,False,0.0,0.0
E05_2003,E05,2003,tree,cpss_tuning,4,0.8,False,4,True,True,False,0.0,0.0
E05_2003,E05,2003,tree,cpss_tuning,4,0.9,True,4,True,True,False,0.0,0.0
E05_2003,E05,2003,tree,cpss_tuning,8,0.6,False,4,True,True,False,0.0,0.0
E05_2003,E05,2003,tree,cpss_tuning,8,0.7,False,4,True,True,False,0.0,0.0
E05_2003,E05,2003,tree,cpss_tuning,8,0.8,False,4,True,True,False,0.0,0.0
E05_2003,E05,2003,tree,cpss_tuning,8,0.9,False,4,True,True,False,0.0,0.0
E05_2003,E05,2003,tree,cpss_tuning,16,0.6,False,4,True,True,False,0.0,0.0
E05_2003,E05,2003,tree,cpss_tuning,16,0.7,False,4,True,True,False,0.0,0.0
E05_2003,E05,2003,tree,cpss_tuning,16,0.8,False,4,True,True,False,0.0,0.0
E05_2003,E05,2003,tree,cpss_tuning,16,0.9,False,4,True,True,False,0.0,0.0
E05_2003,E05,2003,tree,cpss_final,4,0.6,False,4,True,True,False,0.0,0.0
E05_2003,E05,2003,tree,cpss_final,4,0.7,False,4,True,True,False,0.0,0.0
E05_2003,E05,2003,tree,cpss_final,4,0.8,False,4,True,True,False,0.0,0.0
E05_2003,E05,2003,tree,cpss_final,4,0.9,True,4,True,True,False,0.0,0.0
E05_2003,E05,2003,tree,cpss_final,8,0.6,False,4,True,True,False,0.0,0.0
E05_2003,E05,2003,tree,cpss_final,8,0.7,False,4,True,True,False,0.0,0.0
E05_2003,E05,2003,tree,cpss_final,8,0.8,False,4,True,True,False,0.0,0.0
E05_2003,E05,2003,tree,cpss_final,8,0.9,False,4,True,True,False,0.0,0.0
E05_2003,E05,2003,tree,cpss_final,16,0.6,False,4,True,True,False,0.0,0.0
E05_2003,E05,2003,tree,cpss_final,16,0.7,False,4,True,True,False,0.0,0.0
E05_2003,E05,2003,tree,cpss_final,16,0.8,False,4,True,True,False,0.0,0.0
E05_2003,E05,2003,tree,cpss_final,16,0.9,False,4,True,True,False,0.0,0.0
E05_2003,E05,2003,screen,cpss_tuning,4,0.6,False,4,True,True,False,0.0,0.0
E05_2003,E05,2003,screen,cpss_tuning,4,0.7,False,4,True,True,False,0.0,0.0
E05_2003,E05,2003,screen,cpss_tuning,4,0.8,False,4,True,True,False,0.0,0.0
E05_2003,E05,2003,screen,cpss_tuning,4,0.9,True,4,True,True,False,0.0,0.0
E05_2003,E05,2003,screen,cpss_tuning,8,0.6,False,4,True,True,False,0.0,0.0
E05_2003,E05,2003,screen,cpss_tuning,8,0.7,False,4,True,True,False,0.0,0.0
E05_2003,E05,2003,screen,cpss_tuning,8,0.8,False,4,True,True,False,0.0,0.0
E05_2003,E05,2003,screen,cpss_tuning,8,0.9,False,4,True,True,False,0.0,0.0
E05_2003,E05,2003,screen,cpss_tuning,16,0.6,False,4,True,True,False,0.0,0.0
E05_2003,E05,2003,screen,cpss_tuning,16,0.7,False,4,True,True,False,0.0,0.0
E05_2003,E05,2003,screen,cpss_tuning,16,0.8,False,4,True,True,False,0.0,0.0
E05_2003,E05,2003,screen,cpss_tuning,16,0.9,False,4,True,True,False,0.0,0.0
E05_2003,E05,2003,screen,cpss_final,4,0.6,False,4,True,True,False,0.0,0.0
E05_2003,E05,2003,screen,cpss_final,4,0.7,False,4,True,True,False,0.0,0.0
E05_2003,E05,2003,screen,cpss_final,4,0.8,False,4,True,True,False,0.0,0.0
E05_2003,E05,2003,screen,cpss_final,4,0.9,True,4,True,True,False,0.0,0.0
E05_2003,E05,2003,screen,cpss_final,8,0.6,False,4,True,True,False,0.0,0.0
E05_2003,E05,2003,screen,cpss_final,8,0.7,False,4,True,True,False,0.0,0.0
E05_2003,E05,2003,screen,cpss_final,8,0.8,False,4,True,True,False,0.0,0.0
E05_2003,E05,2003,screen,cpss_final,8,0.9,False,4,True,True,False,0.0,0.0
E05_2003,E05,2003,screen,cpss_final,16,0.6,False,4,True,True,False,0.0,0.0
E05_2003,E05,2003,screen,cpss_final,16,0.7,False,4,True,True,False,0.0,0.0
E05_2003,E05,2003,screen,cpss_final,16,0.8,False,4,True,True,False,0.0,0.0
E05_2003,E05,2003,screen,cpss_final,16,0.9,False,4,True,True,False,0.0,0.0
E05_2011,E05,2011,shil,cpss_tuning,4,0.6,False,4,True,True,False,0.0,0.0
E05_2011,E05,2011,shil,cpss_tuning,4,0.7,False,4,True,True,False,0.0,0.0
E05_2011,E05,2011,shil,cpss_tuning,4,0.8,False,4,True,True,False,0.0,0.0
E05_2011,E05,2011,shil,cpss_tuning,4,0.9,True,4,True,True,False,0.0,0.0
E05_2011,E05,2011,shil,cpss_tuning,8,0.6,False,4,True,True,False,0.0,0.0
E05_2011,E05,2011,shil,cpss_tuning,8,0.7,False,4,True,True,False,0.0,0.0
E05_2011,E05,2011,shil,cpss_tuning,8,0.8,False,4,True,True,False,0.0,0.0
E05_2011,E05,2011,shil,cpss_tuning,8,0.9,False,4,True,True,False,0.0,0.0
E05_2011,E05,2011,shil,cpss_tuning,16,0.6,False,4,True,True,False,0.0,0.0
E05_2011,E05,2011,shil,cpss_tuning,16,0.7,False,4,True,True,False,0.0,0.0
E05_2011,E05,2011,shil,cpss_tuning,16,0.8,False,4,True,True,False,0.0,0.0
E05_2011,E05,2011,shil,cpss_tuning,16,0.9,False,4,True,True,False,0.0,0.0
E05_2011,E05,2011,shil,cpss_final,4,0.6,False,4,True,True,False,0.0,0.0
E05_2011,E05,2011,shil,cpss_final,4,0.7,False,4,True,True,False,0.0,0.0
E05_2011,E05,2011,shil,cpss_final,4,0.8,False,4,True,True,False,0.0,0.0
E05_2011,E05,2011,shil,cpss_final,4,0.9,True,4,True,True,False,0.0,0.0
E05_2011,E05,2011,shil,cpss_final,8,0.6,False,4,True,True,False,0.0,0.0
E05_2011,E05,2011,shil,cpss_final,8,0.7,False,4,True,True,False,0.0,0.0
E05_2011,E05,2011,shil,cpss_final,8,0.8,False,4,True,True,False,0.0,0.0
E05_2011,E05,2011,shil,cpss_final,8,0.9,False,4,True,True,False,0.0,0.0
E05_2011,E05,2011,shil,cpss_final,16,0.6,False,4,True,True,False,0.0,0.0
E05_2011,E05,2011,shil,cpss_final,16,0.7,False,4,True,True,False,0.0,0.0
E05_2011,E05,2011,shil,cpss_final,16,0.8,False,4,True,True,False,0.0,0.0
E05_2011,E05,2011,shil,cpss_final,16,0.9,False,4,True,True,False,0.0,0.0
E05_2011,E05,2011,l1,cpss_tuning,4,0.6,False,4,True,True,False,0.0,0.0
E05_2011,E05,2011,l1,cpss_tuning,4,0.7,False,4,True,True,False,0.0,0.0
E05_2011,E05,2011,l1,cpss_tuning,4,0.8,False,4,True,True,False,0.0,0.0
E05_2011,E05,2011,l1,cpss_tuning,4,0.9,True,4,True,True,False,0.0,0.0
E05_2011,E05,2011,l1,cpss_tuning,8,0.6,False,4,True,True,False,0.0,0.0
E05_2011,E05,2011,l1,cpss_tuning,8,0.7,False,4,True,True,False,0.0,0.0
E05_2011,E05,2011,l1,cpss_tuning,8,0.8,False,4,True,True,False,0.0,0.0
E05_2011,E05,2011,l1,cpss_tuning,8,0.9,False,4,True,True,False,0.0,0.0
E05_2011,E05,2011,l1,cpss_tuning,16,0.6,False,4,True,True,False,0.0,0.0
E05_2011,E05,2011,l1,cpss_tuning,16,0.7,False,4,True,True,False,0.0,0.0
E05_2011,E05,2011,l1,cpss_tuning,16,0.8,False,4,True,True,False,0.0,0.0
E05_2011,E05,2011,l1,cpss_tuning,16,0.9,False,4,True,True,False,0.0,0.0
E05_2011,E05,2011,l1,cpss_final,4,0.6,False,4,True,True,False,0.0,0.0
E05_2011,E05,2011,l1,cpss_final,4,0.7,False,4,True,True,False,0.0,0.0
E05_2011,E05,2011,l1,cpss_final,4,0.8,False,4,True,True,False,0.0,0.0
E05_2011,E05,2011,l1,cpss_final,4,0.9,True,4,True,True,False,0.0,0.0
E05_2011,E05,2011,l1,cpss_final,8,0.6,False,4,True,True,False,0.0,0.0
E05_2011,E05,2011,l1,cpss_final,8,0.7,False,4,True,True,False,0.0,0.0
E05_2011,E05,2011,l1,cpss_final,8,0.8,False,4,True,True,False,0.0,0.0
E05_2011,E05,2011,l1,cpss_final,8,0.9,False,4,True,True,False,0.0,0.0
E05_2011,E05,2011,l1,cpss_final,16,0.6,False,4,True,True,False,0.0,0.0
E05_2011,E05,2011,l1,cpss_final,16,0.7,False,4,True,True,False,0.0,0.0
E05_2011,E05,2011,l1,cpss_final,16,0.8,False,4,True,True,False,0.0,0.0
E05_2011,E05,2011,l1,cpss_final,16,0.9,False,4,True,True,False,0.0,0.0
E05_2011,E05,2011,tree,cpss_tuning,4,0.6,False,4,True,True,False,0.0,0.0
E05_2011,E05,2011,tree,cpss_tuning,4,0.7,False,4,True,True,False,0.0,0.0
E05_2011,E05,2011,tree,cpss_tuning,4,0.8,False,4,True,True,False,0.0,0.0
E05_2011,E05,2011,tree,cpss_tuning,4,0.9,True,4,True,True,False,0.0,0.0
E05_2011,E05,2011,tree,cpss_tuning,8,0.6,False,4,True,True,False,0.0,0.0
E05_2011,E05,2011,tree,cpss_tuning,8,0.7,False,4,True,True,False,0.0,0.0
E05_2011,E05,2011,tree,cpss_tuning,8,0.8,False,4,True,True,False,0.0,0.0
E05_2011,E05,2011,tree,cpss_tuning,8,0.9,False,4,True,True,False,0.0,0.0
E05_2011,E05,2011,tree,cpss_tuning,16,0.6,False,4,True,True,False,0.0,0.0
E05_2011,E05,2011,tree,cpss_tuning,16,0.7,False,4,True,True,False,0.0,0.0
E05_2011,E05,2011,tree,cpss_tuning,16,0.8,False,4,True,True,False,0.0,0.0
E05_2011,E05,2011,tree,cpss_tuning,16,0.9,False,4,True,True,False,0.0,0.0
E05_2011,E05,2011,tree,cpss_final,4,0.6,False,4,True,True,False,0.0,0.0
E05_2011,E05,2011,tree,cpss_final,4,0.7,False,4,True,True,False,0.0,0.0
E05_2011,E05,2011,tree,cpss_final,4,0.8,False,4,True,True,False,0.0,0.0
E05_2011,E05,2011,tree,cpss_final,4,0.9,True,4,True,True,False,0.0,0.0
E05_2011,E05,2011,tree,cpss_final,8,0.6,False,4,True,True,False,0.0,0.0
E05_2011,E05,2011,tree,cpss_final,8,0.7,False,4,True,True,False,0.0,0.0
E05_2011,E05,2011,tree,cpss_final,8,0.8,False,4,True,True,False,0.0,0.0
E05_2011,E05,2011,tree,cpss_final,8,0.9,False,4,True,True,False,0.0,0.0
E05_2011,E05,2011,tree,cpss_final,16,0.6,False,4,True,True,False,0.0,0.0
E05_2011,E05,2011,tree,cpss_final,16,0.7,False,4,True,True,False,0.0,0.0
E05_2011,E05,2011,tree,cpss_final,16,0.8,False,4,True,True,False,0.0,0.0
E05_2011,E05,2011,tree,cpss_final,16,0.9,False,4,True,True,False,0.0,0.0
E05_2011,E05,2011,screen,cpss_tuning,4,0.6,False,4,True,True,False,0.0,0.0
E05_2011,E05,2011,screen,cpss_tuning,4,0.7,False,4,True,True,False,0.0,0.0
E05_2011,E05,2011,screen,cpss_tuning,4,0.8,False,4,True,True,False,0.0,0.0
E05_2011,E05,2011,screen,cpss_tuning,4,0.9,True,4,True,True,False,0.0,0.0
E05_2011,E05,2011,screen,cpss_tuning,8,0.6,False,4,True,True,False,0.0,0.0
E05_2011,E05,2011,screen,cpss_tuning,8,0.7,False,4,True,True,False,0.0,0.0
E05_2011,E05,2011,screen,cpss_tuning,8,0.8,False,4,True,True,False,0.0,0.0
E05_2011,E05,2011,screen,cpss_tuning,8,0.9,False,4,True,True,False,0.0,0.0
E05_2011,E05,2011,screen,cpss_tuning,16,0.6,False,4,True,True,False,0.0,0.0
E05_2011,E05,2011,screen,cpss_tuning,16,0.7,False,4,True,True,False,0.0,0.0
E05_2011,E05,2011,screen,cpss_tuning,16,0.8,False,4,True,True,False,0.0,0.0
E05_2011,E05,2011,screen,cpss_tuning,16,0.9,False,4,True,True,False,0.0,0.0
E05_2011,E05,2011,screen,cpss_final,4,0.6,False,4,True,True,False,0.0,0.0
E05_2011,E05,2011,screen,cpss_final,4,0.7,False,4,True,True,False,0.0,0.0
E05_2011,E05,2011,screen,cpss_final,4,0.8,False,4,True,True,False,0.0,0.0
E05_2011,E05,2011,screen,cpss_final,4,0.9,True,4,True,True,False,0.0,0.0
E05_2011,E05,2011,screen,cpss_final,8,0.6,False,4,True,True,False,0.0,0.0
E05_2011,E05,2011,screen,cpss_final,8,0.7,False,4,True,True,False,0.0,0.0
E05_2011,E05,2011,screen,cpss_final,8,0.8,False,4,True,True,False,0.0,0.0
E05_2011,E05,2011,screen,cpss_final,8,0.9,False,4,True,True,False,0.0,0.0
E05_2011,E05,2011,screen,cpss_final,16,0.6,False,4,True,True,False,0.0,0.0
E05_2011,E05,2011,screen,cpss_final,16,0.7,False,4,True,True,False,0.0,0.0
E05_2011,E05,2011,screen,cpss_final,16,0.8,False,4,True,True,False,0.0,0.0
E05_2011,E05,2011,screen,cpss_final,16,0.9,False,4,True,True,False,0.0,0.0
E05_2017,E05,2017,shil,cpss_tuning,4,0.6,False,4,True,True,False,0.0,0.0
E05_2017,E05,2017,shil,cpss_tuning,4,0.7,False,4,True,True,False,0.0,0.0
E05_2017,E05,2017,shil,cpss_tuning,4,0.8,False,4,True,True,False,0.0,0.0
E05_2017,E05,2017,shil,cpss_tuning,4,0.9,True,4,True,True,False,0.0,0.0
E05_2017,E05,2017,shil,cpss_tuning,8,0.6,False,4,True,True,False,0.0,0.0
E05_2017,E05,2017,shil,cpss_tuning,8,0.7,False,4,True,True,False,0.0,0.0
E05_2017,E05,2017,shil,cpss_tuning,8,0.8,False,4,True,True,False,0.0,0.0
E05_2017,E05,2017,shil,cpss_tuning,8,0.9,False,4,True,True,False,0.0,0.0
E05_2017,E05,2017,shil,cpss_tuning,16,0.6,False,4,True,True,False,0.0,0.0
E05_2017,E05,2017,shil,cpss_tuning,16,0.7,False,4,True,True,False,0.0,0.0
E05_2017,E05,2017,shil,cpss_tuning,16,0.8,False,4,True,True,False,0.0,0.0
E05_2017,E05,2017,shil,cpss_tuning,16,0.9,False,4,True,True,False,0.0,0.0
E05_2017,E05,2017,shil,cpss_final,4,0.6,False,4,True,True,False,0.0,0.0
E05_2017,E05,2017,shil,cpss_final,4,0.7,False,4,True,True,False,0.0,0.0
E05_2017,E05,2017,shil,cpss_final,4,0.8,False,4,True,True,False,0.0,0.0
E05_2017,E05,2017,shil,cpss_final,4,0.9,True,4,True,True,False,0.0,0.0
E05_2017,E05,2017,shil,cpss_final,8,0.6,False,4,True,True,False,0.0,0.0
E05_2017,E05,2017,shil,cpss_final,8,0.7,False,4,True,True,False,0.0,0.0
E05_2017,E05,2017,shil,cpss_final,8,0.8,False,4,True,True,False,0.0,0.0
E05_2017,E05,2017,shil,cpss_final,8,0.9,False,4,True,True,False,0.0,0.0
E05_2017,E05,2017,shil,cpss_final,16,0.6,False,4,True,True,False,0.0,0.0
E05_2017,E05,2017,shil,cpss_final,16,0.7,False,4,True,True,False,0.0,0.0
E05_2017,E05,2017,shil,cpss_final,16,0.8,False,4,True,True,False,0.0,0.0
E05_2017,E05,2017,shil,cpss_final,16,0.9,False,4,True,True,False,0.0,0.0
E05_2017,E05,2017,l1,cpss_tuning,4,0.6,False,4,True,True,False,0.0,0.0
E05_2017,E05,2017,l1,cpss_tuning,4,0.7,False,4,True,True,False,0.0,0.0
E05_2017,E05,2017,l1,cpss_tuning,4,0.8,False,4,True,True,False,0.0,0.0
E05_2017,E05,2017,l1,cpss_tuning,4,0.9,True,4,True,True,False,0.0,0.0
E05_2017,E05,2017,l1,cpss_tuning,8,0.6,False,4,True,True,False,0.0,0.0
E05_2017,E05,2017,l1,cpss_tuning,8,0.7,False,4,True,True,False,0.0,0.0
E05_2017,E05,2017,l1,cpss_tuning,8,0.8,False,4,True,True,False,0.0,0.0
E05_2017,E05,2017,l1,cpss_tuning,8,0.9,False,4,True,True,False,0.0,0.0
E05_2017,E05,2017,l1,cpss_tuning,16,0.6,False,4,True,True,False,0.0,0.0
E05_2017,E05,2017,l1,cpss_tuning,16,0.7,False,4,True,True,False,0.0,0.0
E05_2017,E05,2017,l1,cpss_tuning,16,0.8,False,4,True,True,False,0.0,0.0
E05_2017,E05,2017,l1,cpss_tuning,16,0.9,False,4,True,True,False,0.0,0.0
E05_2017,E05,2017,l1,cpss_final,4,0.6,False,4,True,True,False,0.0,0.0
E05_2017,E05,2017,l1,cpss_final,4,0.7,False,4,True,True,False,0.0,0.0
E05_2017,E05,2017,l1,cpss_final,4,0.8,False,4,True,True,False,0.0,0.0
E05_2017,E05,2017,l1,cpss_final,4,0.9,True,4,True,True,False,0.0,0.0
E05_2017,E05,2017,l1,cpss_final,8,0.6,False,4,True,True,False,0.0,0.0
E05_2017,E05,2017,l1,cpss_final,8,0.7,False,4,True,True,False,0.0,0.0
E05_2017,E05,2017,l1,cpss_final,8,0.8,False,4,True,True,False,0.0,0.0
E05_2017,E05,2017,l1,cpss_final,8,0.9,False,4,True,True,False,0.0,0.0
E05_2017,E05,2017,l1,cpss_final,16,0.6,False,4,True,True,False,0.0,0.0
E05_2017,E05,2017,l1,cpss_final,16,0.7,False,4,True,True,False,0.0,0.0
E05_2017,E05,2017,l1,cpss_final,16,0.8,False,4,True,True,False,0.0,0.0
E05_2017,E05,2017,l1,cpss_final,16,0.9,False,4,True,True,False,0.0,0.0
E05_2017,E05,2017,tree,cpss_tuning,4,0.6,False,4,True,True,False,0.0,0.0
E05_2017,E05,2017,tree,cpss_tuning,4,0.7,False,4,True,True,False,0.0,0.0
E05_2017,E05,2017,tree,cpss_tuning,4,0.8,False,4,True,True,False,0.0,0.0
E05_2017,E05,2017,tree,cpss_tuning,4,0.9,True,4,True,True,False,0.0,0.0
E05_2017,E05,2017,tree,cpss_tuning,8,0.6,False,4,True,True,False,0.0,0.0
E05_2017,E05,2017,tree,cpss_tuning,8,0.7,False,4,True,True,False,0.0,0.0
E05_2017,E05,2017,tree,cpss_tuning,8,0.8,False,4,True,True,False,0.0,0.0
E05_2017,E05,2017,tree,cpss_tuning,8,0.9,False,4,True,True,False,0.0,0.0
E05_2017,E05,2017,tree,cpss_tuning,16,0.6,False,4,True,True,False,0.0,0.0
E05_2017,E05,2017,tree,cpss_tuning,16,0.7,False,4,True,True,False,0.0,0.0
E05_2017,E05,2017,tree,cpss_tuning,16,0.8,False,4,True,True,False,0.0,0.0
E05_2017,E05,2017,tree,cpss_tuning,16,0.9,False,4,True,True,False,0.0,0.0
E05_2017,E05,2017,tree,cpss_final,4,0.6,False,4,True,True,False,0.0,0.0
E05_2017,E05,2017,tree,cpss_final,4,0.7,False,4,True,True,False,0.0,0.0
E05_2017,E05,2017,tree,cpss_final,4,0.8,False,4,True,True,False,0.0,0.0
E05_2017,E05,2017,tree,cpss_final,4,0.9,True,4,True,True,False,0.0,0.0
E05_2017,E05,2017,tree,cpss_final,8,0.6,False,4,True,True,False,0.0,0.0
E05_2017,E05,2017,tree,cpss_final,8,0.7,False,4,True,True,False,0.0,0.0
E05_2017,E05,2017,tree,cpss_final,8,0.8,False,4,True,True,False,0.0,0.0
E05_2017,E05,2017,tree,cpss_final,8,0.9,False,4,True,True,False,0.0,0.0
E05_2017,E05,2017,tree,cpss_final,16,0.6,False,4,True,True,False,0.0,0.0
E05_2017,E05,2017,tree,cpss_final,16,0.7,False,4,True,True,False,0.0,0.0
E05_2017,E05,2017,tree,cpss_final,16,0.8,False,4,True,True,False,0.0,0.0
E05_2017,E05,2017,tree,cpss_final,16,0.9,False,4,True,True,False,0.0,0.0
E05_2017,E05,2017,screen,cpss_tuning,4,0.6,False,4,True,True,False,0.0,0.0
E05_2017,E05,2017,screen,cpss_tuning,4,0.7,False,4,True,True,False,0.0,0.0
E05_2017,E05,2017,screen,cpss_tuning,4,0.8,False,4,True,True,False,0.0,0.0
E05_2017,E05,2017,screen,cpss_tuning,4,0.9,True,4,True,True,False,0.0,0.0
E05_2017,E05,2017,screen,cpss_tuning,8,0.6,False,4,True,True,False,0.0,0.0
E05_2017,E05,2017,screen,cpss_tuning,8,0.7,False,4,True,True,False,0.0,0.0
E05_2017,E05,2017,screen,cpss_tuning,8,0.8,False,4,True,True,False,0.0,0.0
E05_2017,E05,2017,screen,cpss_tuning,8,0.9,False,4,True,True,False,0.0,0.0
E05_2017,E05,2017,screen,cpss_tuning,16,0.6,False,4,True,True,False,0.0,0.0
E05_2017,E05,2017,screen,cpss_tuning,16,0.7,False,4,True,True,False,0.0,0.0
E05_2017,E05,2017,screen,cpss_tuning,16,0.8,False,4,True,True,False,0.0,0.0
E05_2017,E05,2017,screen,cpss_tuning,16,0.9,False,4,True,True,False,0.0,0.0
E05_2017,E05,2017,screen,cpss_final,4,0.6,False,4,True,True,False,0.0,0.0
E05_2017,E05,2017,screen,cpss_final,4,0.7,False,4,True,True,False,0.0,0.0
E05_2017,E05,2017,screen,cpss_final,4,0.8,False,4,True,True,False,0.0,0.0
E05_2017,E05,2017,screen,cpss_final,4,0.9,True,4,True,True,False,0.0,0.0
E05_2017,E05,2017,screen,cpss_final,8,0.6,False,4,True,True,False,0.0,0.0
E05_2017,E05,2017,screen,cpss_final,8,0.7,False,4,True,True,False,0.0,0.0
E05_2017,E05,2017,screen,cpss_final,8,0.8,False,4,True,True,False,0.0,0.0
E05_2017,E05,2017,screen,cpss_final,8,0.9,False,4,True,True,False,0.0,0.0
E05_2017,E05,2017,screen,cpss_final,16,0.6,False,4,True,True,False,0.0,0.0
E05_2017,E05,2017,screen,cpss_final,16,0.7,False,4,True,True,False,0.0,0.0
E05_2017,E05,2017,screen,cpss_final,16,0.8,False,4,True,True,False,0.0,0.0
E05_2017,E05,2017,screen,cpss_final,16,0.9,False,4,True,True,False,0.0,0.0
E05_2027,E05,2027,shil,cpss_tuning,4,0.6,False,4,True,True,False,0.0,0.0
E05_2027,E05,2027,shil,cpss_tuning,4,0.7,False,4,True,True,False,0.0,0.0
E05_2027,E05,2027,shil,cpss_tuning,4,0.8,False,4,True,True,False,0.0,0.0
E05_2027,E05,2027,shil,cpss_tuning,4,0.9,True,4,True,True,False,0.0,0.0
E05_2027,E05,2027,shil,cpss_tuning,8,0.6,False,4,True,True,False,0.0,0.0
E05_2027,E05,2027,shil,cpss_tuning,8,0.7,False,4,True,True,False,0.0,0.0
E05_2027,E05,2027,shil,cpss_tuning,8,0.8,False,4,True,True,False,0.0,0.0
E05_2027,E05,2027,shil,cpss_tuning,8,0.9,False,4,True,True,False,0.0,0.0
E05_2027,E05,2027,shil,cpss_tuning,16,0.6,False,4,True,True,False,0.0,0.0
E05_2027,E05,2027,shil,cpss_tuning,16,0.7,False,4,True,True,False,0.0,0.0
E05_2027,E05,2027,shil,cpss_tuning,16,0.8,False,4,True,True,False,0.0,0.0
E05_2027,E05,2027,shil,cpss_tuning,16,0.9,False,4,True,True,False,0.0,0.0
E05_2027,E05,2027,shil,cpss_final,4,0.6,False,4,True,True,False,0.0,0.0
E05_2027,E05,2027,shil,cpss_final,4,0.7,False,4,True,True,False,0.0,0.0
E05_2027,E05,2027,shil,cpss_final,4,0.8,False,4,True,True,False,0.0,0.0
E05_2027,E05,2027,shil,cpss_final,4,0.9,True,4,True,True,False,0.0,0.0
E05_2027,E05,2027,shil,cpss_final,8,0.6,False,4,True,True,False,0.0,0.0
E05_2027,E05,2027,shil,cpss_final,8,0.7,False,4,True,True,False,0.0,0.0
E05_2027,E05,2027,shil,cpss_final,8,0.8,False,4,True,True,False,0.0,0.0
E05_2027,E05,2027,shil,cpss_final,8,0.9,False,4,True,True,False,0.0,0.0
E05_2027,E05,2027,shil,cpss_final,16,0.6,False,4,True,True,False,0.0,0.0
E05_2027,E05,2027,shil,cpss_final,16,0.7,False,4,True,True,False,0.0,0.0
E05_2027,E05,2027,shil,cpss_final,16,0.8,False,4,True,True,False,0.0,0.0
E05_2027,E05,2027,shil,cpss_final,16,0.9,False,4,True,True,False,0.0,0.0
E05_2027,E05,2027,l1,cpss_tuning,4,0.6,False,4,True,True,False,0.0,0.0
E05_2027,E05,2027,l1,cpss_tuning,4,0.7,False,4,True,True,False,0.0,0.0
E05_2027,E05,2027,l1,cpss_tuning,4,0.8,False,4,True,True,False,0.0,0.0
E05_2027,E05,2027,l1,cpss_tuning,4,0.9,True,4,True,True,False,0.0,0.0
E05_2027,E05,2027,l1,cpss_tuning,8,0.6,False,4,True,True,False,0.0,0.0
E05_2027,E05,2027,l1,cpss_tuning,8,0.7,False,4,True,True,False,0.0,0.0
E05_2027,E05,2027,l1,cpss_tuning,8,0.8,False,4,True,True,False,0.0,0.0
E05_2027,E05,2027,l1,cpss_tuning,8,0.9,False,4,True,True,False,0.0,0.0
E05_2027,E05,2027,l1,cpss_tuning,16,0.6,False,4,True,True,False,0.0,0.0
E05_2027,E05,2027,l1,cpss_tuning,16,0.7,False,4,True,True,False,0.0,0.0
E05_2027,E05,2027,l1,cpss_tuning,16,0.8,False,4,True,True,False,0.0,0.0
E05_2027,E05,2027,l1,cpss_tuning,16,0.9,False,4,True,True,False,0.0,0.0
E05_2027,E05,2027,l1,cpss_final,4,0.6,False,4,True,True,False,0.0,0.0
E05_2027,E05,2027,l1,cpss_final,4,0.7,False,4,True,True,False,0.0,0.0
E05_2027,E05,2027,l1,cpss_final,4,0.8,False,4,True,True,False,0.0,0.0
E05_2027,E05,2027,l1,cpss_final,4,0.9,True,4,True,True,False,0.0,0.0
E05_2027,E05,2027,l1,cpss_final,8,0.6,False,4,True,True,False,0.0,0.0
E05_2027,E05,2027,l1,cpss_final,8,0.7,False,4,True,True,False,0.0,0.0
E05_2027,E05,2027,l1,cpss_final,8,0.8,False,4,True,True,False,0.0,0.0
E05_2027,E05,2027,l1,cpss_final,8,0.9,False,4,True,True,False,0.0,0.0
E05_2027,E05,2027,l1,cpss_final,16,0.6,False,4,True,True,False,0.0,0.0
E05_2027,E05,2027,l1,cpss_final,16,0.7,False,4,True,True,False,0.0,0.0
E05_2027,E05,2027,l1,cpss_final,16,0.8,False,4,True,True,False,0.0,0.0
E05_2027,E05,2027,l1,cpss_final,16,0.9,False,4,True,True,False,0.0,0.0
E05_2027,E05,2027,tree,cpss_tuning,4,0.6,False,4,True,True,False,0.0,0.0
E05_2027,E05,2027,tree,cpss_tuning,4,0.7,False,4,True,True,False,0.0,0.0
E05_2027,E05,2027,tree,cpss_tuning,4,0.8,False,4,True,True,False,0.0,0.0
E05_2027,E05,2027,tree,cpss_tuning,4,0.9,True,4,True,True,False,0.0,0.0
E05_2027,E05,2027,tree,cpss_tuning,8,0.6,False,4,True,True,False,0.0,0.0
E05_2027,E05,2027,tree,cpss_tuning,8,0.7,False,4,True,True,False,0.0,0.0
E05_2027,E05,2027,tree,cpss_tuning,8,0.8,False,4,True,True,False,0.0,0.0
E05_2027,E05,2027,tree,cpss_tuning,8,0.9,False,4,True,True,False,0.0,0.0
E05_2027,E05,2027,tree,cpss_tuning,16,0.6,False,4,True,True,False,0.0,0.0
E05_2027,E05,2027,tree,cpss_tuning,16,0.7,False,4,True,True,False,0.0,0.0
E05_2027,E05,2027,tree,cpss_tuning,16,0.8,False,4,True,True,False,0.0,0.0
E05_2027,E05,2027,tree,cpss_tuning,16,0.9,False,4,True,True,False,0.0,0.0
E05_2027,E05,2027,tree,cpss_final,4,0.6,False,4,True,True,False,0.0,0.0
E05_2027,E05,2027,tree,cpss_final,4,0.7,False,4,True,True,False,0.0,0.0
E05_2027,E05,2027,tree,cpss_final,4,0.8,False,4,True,True,False,0.0,0.0
E05_2027,E05,2027,tree,cpss_final,4,0.9,True,4,True,True,False,0.0,0.0
E05_2027,E05,2027,tree,cpss_final,8,0.6,False,4,True,True,False,0.0,0.0
E05_2027,E05,2027,tree,cpss_final,8,0.7,False,4,True,True,False,0.0,0.0
E05_2027,E05,2027,tree,cpss_final,8,0.8,False,4,True,True,False,0.0,0.0
E05_2027,E05,2027,tree,cpss_final,8,0.9,False,4,True,True,False,0.0,0.0
E05_2027,E05,2027,tree,cpss_final,16,0.6,False,4,True,True,False,0.0,0.0
E05_2027,E05,2027,tree,cpss_final,16,0.7,False,4,True,True,False,0.0,0.0
E05_2027,E05,2027,tree,cpss_final,16,0.8,False,4,True,True,False,0.0,0.0
E05_2027,E05,2027,tree,cpss_final,16,0.9,False,4,True,True,False,0.0,0.0
E05_2027,E05,2027,screen,cpss_tuning,4,0.6,False,4,True,True,False,0.0,0.0
E05_2027,E05,2027,screen,cpss_tuning,4,0.7,False,4,True,True,False,0.0,0.0
E05_2027,E05,2027,screen,cpss_tuning,4,0.8,False,4,True,True,False,0.0,0.0
E05_2027,E05,2027,screen,cpss_tuning,4,0.9,True,4,True,True,False,0.0,0.0
E05_2027,E05,2027,screen,cpss_tuning,8,0.6,False,4,True,True,False,0.0,0.0
E05_2027,E05,2027,screen,cpss_tuning,8,0.7,False,4,True,True,False,0.0,0.0
E05_2027,E05,2027,screen,cpss_tuning,8,0.8,False,4,True,True,False,0.0,0.0
E05_2027,E05,2027,screen,cpss_tuning,8,0.9,False,4,True,True,False,0.0,0.0
E05_2027,E05,2027,screen,cpss_tuning,16,0.6,False,4,True,True,False,0.0,0.0
E05_2027,E05,2027,screen,cpss_tuning,16,0.7,False,4,True,True,False,0.0,0.0
E05_2027,E05,2027,screen,cpss_tuning,16,0.8,False,4,True,True,False,0.0,0.0
E05_2027,E05,2027,screen,cpss_tuning,16,0.9,False,4,True,True,False,0.0,0.0
E05_2027,E05,2027,screen,cpss_final,4,0.6,False,4,True,True,False,0.0,0.0
E05_2027,E05,2027,screen,cpss_final,4,0.7,False,4,True,True,False,0.0,0.0
E05_2027,E05,2027,screen,cpss_final,4,0.8,False,4,True,True,False,0.0,0.0
E05_2027,E05,2027,screen,cpss_final,4,0.9,True,4,True,True,False,0.0,0.0
E05_2027,E05,2027,screen,cpss_final,8,0.6,False,4,True,True,False,0.0,0.0
E05_2027,E05,2027,screen,cpss_final,8,0.7,False,4,True,True,False,0.0,0.0
E05_2027,E05,2027,screen,cpss_final,8,0.8,False,4,True,True,False,0.0,0.0
E05_2027,E05,2027,screen,cpss_final,8,0.9,False,4,True,True,False,0.0,0.0
E05_2027,E05,2027,screen,cpss_final,16,0.6,False,4,True,True,False,0.0,0.0
E05_2027,E05,2027,screen,cpss_final,16,0.7,False,4,True,True,False,0.0,0.0
E05_2027,E05,2027,screen,cpss_final,16,0.8,False,4,True,True,False,0.0,0.0
E05_2027,E05,2027,screen,cpss_final,16,0.9,False,4,True,True,False,0.0,0.0
E05_2029,E05,2029,shil,cpss_tuning,4,0.6,False,4,True,True,False,0.0,0.0
E05_2029,E05,2029,shil,cpss_tuning,4,0.7,False,4,True,True,False,0.0,0.0
E05_2029,E05,2029,shil,cpss_tuning,4,0.8,False,4,True,True,False,0.0,0.0
E05_2029,E05,2029,shil,cpss_tuning,4,0.9,True,4,True,True,False,0.0,0.0
E05_2029,E05,2029,shil,cpss_tuning,8,0.6,False,4,True,True,False,0.0,0.0
E05_2029,E05,2029,shil,cpss_tuning,8,0.7,False,4,True,True,False,0.0,0.0
E05_2029,E05,2029,shil,cpss_tuning,8,0.8,False,4,True,True,False,0.0,0.0
E05_2029,E05,2029,shil,cpss_tuning,8,0.9,False,4,True,True,False,0.0,0.0
E05_2029,E05,2029,shil,cpss_tuning,16,0.6,False,4,True,True,False,0.0,0.0
E05_2029,E05,2029,shil,cpss_tuning,16,0.7,False,4,True,True,False,0.0,0.0
E05_2029,E05,2029,shil,cpss_tuning,16,0.8,False,4,True,True,False,0.0,0.0
E05_2029,E05,2029,shil,cpss_tuning,16,0.9,False,4,True,True,False,0.0,0.0
E05_2029,E05,2029,shil,cpss_final,4,0.6,False,4,True,True,False,0.0,0.0
E05_2029,E05,2029,shil,cpss_final,4,0.7,False,4,True,True,False,0.0,0.0
E05_2029,E05,2029,shil,cpss_final,4,0.8,False,4,True,True,False,0.0,0.0
E05_2029,E05,2029,shil,cpss_final,4,0.9,True,4,True,True,False,0.0,0.0
E05_2029,E05,2029,shil,cpss_final,8,0.6,False,4,True,True,False,0.0,0.0
E05_2029,E05,2029,shil,cpss_final,8,0.7,False,4,True,True,False,0.0,0.0
E05_2029,E05,2029,shil,cpss_final,8,0.8,False,4,True,True,False,0.0,0.0
E05_2029,E05,2029,shil,cpss_final,8,0.9,False,4,True,True,False,0.0,0.0
E05_2029,E05,2029,shil,cpss_final,16,0.6,False,4,True,True,False,0.0,0.0
E05_2029,E05,2029,shil,cpss_final,16,0.7,False,4,True,True,False,0.0,0.0
E05_2029,E05,2029,shil,cpss_final,16,0.8,False,4,True,True,False,0.0,0.0
E05_2029,E05,2029,shil,cpss_final,16,0.9,False,4,True,True,False,0.0,0.0
E05_2029,E05,2029,l1,cpss_tuning,4,0.6,False,4,True,True,False,0.0,0.0
E05_2029,E05,2029,l1,cpss_tuning,4,0.7,False,4,True,True,False,0.0,0.0
E05_2029,E05,2029,l1,cpss_tuning,4,0.8,False,4,True,True,False,0.0,0.0
E05_2029,E05,2029,l1,cpss_tuning,4,0.9,True,4,True,True,False,0.0,0.0
E05_2029,E05,2029,l1,cpss_tuning,8,0.6,False,4,True,True,False,0.0,0.0
E05_2029,E05,2029,l1,cpss_tuning,8,0.7,False,4,True,True,False,0.0,0.0
E05_2029,E05,2029,l1,cpss_tuning,8,0.8,False,4,True,True,False,0.0,0.0
E05_2029,E05,2029,l1,cpss_tuning,8,0.9,False,4,True,True,False,0.0,0.0
E05_2029,E05,2029,l1,cpss_tuning,16,0.6,False,4,True,True,False,0.0,0.0
E05_2029,E05,2029,l1,cpss_tuning,16,0.7,False,4,True,True,False,0.0,0.0
E05_2029,E05,2029,l1,cpss_tuning,16,0.8,False,4,True,True,False,0.0,0.0
E05_2029,E05,2029,l1,cpss_tuning,16,0.9,False,4,True,True,False,0.0,0.0
E05_2029,E05,2029,l1,cpss_final,4,0.6,False,4,True,True,False,0.0,0.0
E05_2029,E05,2029,l1,cpss_final,4,0.7,False,4,True,True,False,0.0,0.0
E05_2029,E05,2029,l1,cpss_final,4,0.8,False,4,True,True,False,0.0,0.0
E05_2029,E05,2029,l1,cpss_final,4,0.9,True,4,True,True,False,0.0,0.0
E05_2029,E05,2029,l1,cpss_final,8,0.6,False,4,True,True,False,0.0,0.0
E05_2029,E05,2029,l1,cpss_final,8,0.7,False,4,True,True,False,0.0,0.0
E05_2029,E05,2029,l1,cpss_final,8,0.8,False,4,True,True,False,0.0,0.0
E05_2029,E05,2029,l1,cpss_final,8,0.9,False,4,True,True,False,0.0,0.0
E05_2029,E05,2029,l1,cpss_final,16,0.6,False,4,True,True,False,0.0,0.0
E05_2029,E05,2029,l1,cpss_final,16,0.7,False,4,True,True,False,0.0,0.0
E05_2029,E05,2029,l1,cpss_final,16,0.8,False,4,True,True,False,0.0,0.0
E05_2029,E05,2029,l1,cpss_final,16,0.9,False,4,True,True,False,0.0,0.0
E05_2029,E05,2029,tree,cpss_tuning,4,0.6,False,4,True,True,False,0.0,0.0
E05_2029,E05,2029,tree,cpss_tuning,4,0.7,False,4,True,True,False,0.0,0.0
E05_2029,E05,2029,tree,cpss_tuning,4,0.8,False,4,True,True,False,0.0,0.0
E05_2029,E05,2029,tree,cpss_tuning,4,0.9,True,4,True,True,False,0.0,0.0
E05_2029,E05,2029,tree,cpss_tuning,8,0.6,False,4,True,True,False,0.0,0.0
E05_2029,E05,2029,tree,cpss_tuning,8,0.7,False,4,True,True,False,0.0,0.0
E05_2029,E05,2029,tree,cpss_tuning,8,0.8,False,4,True,True,False,0.0,0.0
E05_2029,E05,2029,tree,cpss_tuning,8,0.9,False,4,True,True,False,0.0,0.0
E05_2029,E05,2029,tree,cpss_tuning,16,0.6,False,4,True,True,False,0.0,0.0
E05_2029,E05,2029,tree,cpss_tuning,16,0.7,False,4,True,True,False,0.0,0.0
E05_2029,E05,2029,tree,cpss_tuning,16,0.8,False,4,True,True,False,0.0,0.0
E05_2029,E05,2029,tree,cpss_tuning,16,0.9,False,4,True,True,False,0.0,0.0
E05_2029,E05,2029,tree,cpss_final,4,0.6,False,4,True,True,False,0.0,0.0
E05_2029,E05,2029,tree,cpss_final,4,0.7,False,4,True,True,False,0.0,0.0
E05_2029,E05,2029,tree,cpss_final,4,0.8,False,4,True,True,False,0.0,0.0
E05_2029,E05,2029,tree,cpss_final,4,0.9,True,4,True,True,False,0.0,0.0
E05_2029,E05,2029,tree,cpss_final,8,0.6,False,4,True,True,False,0.0,0.0
E05_2029,E05,2029,tree,cpss_final,8,0.7,False,4,True,True,False,0.0,0.0
E05_2029,E05,2029,tree,cpss_final,8,0.8,False,4,True,True,False,0.0,0.0
E05_2029,E05,2029,tree,cpss_final,8,0.9,False,4,True,True,False,0.0,0.0
E05_2029,E05,2029,tree,cpss_final,16,0.6,False,4,True,True,False,0.0,0.0
E05_2029,E05,2029,tree,cpss_final,16,0.7,False,4,True,True,False,0.0,0.0
E05_2029,E05,2029,tree,cpss_final,16,0.8,False,4,True,True,False,0.0,0.0
E05_2029,E05,2029,tree,cpss_final,16,0.9,False,4,True,True,False,0.0,0.0
E05_2029,E05,2029,screen,cpss_tuning,4,0.6,False,4,True,True,False,0.0,0.0
E05_2029,E05,2029,screen,cpss_tuning,4,0.7,False,4,True,True,False,0.0,0.0
E05_2029,E05,2029,screen,cpss_tuning,4,0.8,False,4,True,True,False,0.0,0.0
E05_2029,E05,2029,screen,cpss_tuning,4,0.9,True,4,True,True,False,0.0,0.0
E05_2029,E05,2029,screen,cpss_tuning,8,0.6,False,4,True,True,False,0.0,0.0
E05_2029,E05,2029,screen,cpss_tuning,8,0.7,False,4,True,True,False,0.0,0.0
E05_2029,E05,2029,screen,cpss_tuning,8,0.8,False,4,True,True,False,0.0,0.0
E05_2029,E05,2029,screen,cpss_tuning,8,0.9,False,4,True,True,False,0.0,0.0
E05_2029,E05,2029,screen,cpss_tuning,16,0.6,False,4,True,True,False,0.0,0.0
E05_2029,E05,2029,screen,cpss_tuning,16,0.7,False,4,True,True,False,0.0,0.0
E05_2029,E05,2029,screen,cpss_tuning,16,0.8,False,4,True,True,False,0.0,0.0
E05_2029,E05,2029,screen,cpss_tuning,16,0.9,False,4,True,True,False,0.0,0.0
E05_2029,E05,2029,screen,cpss_final,4,0.6,False,4,True,True,False,0.0,0.0
E05_2029,E05,2029,screen,cpss_final,4,0.7,False,4,True,True,False,0.0,0.0
E05_2029,E05,2029,screen,cpss_final,4,0.8,False,4,True,True,False,0.0,0.0
E05_2029,E05,2029,screen,cpss_final,4,0.9,True,4,True,True,False,0.0,0.0
E05_2029,E05,2029,screen,cpss_final,8,0.6,False,4,True,True,False,0.0,0.0
E05_2029,E05,2029,screen,cpss_final,8,0.7,False,4,True,True,False,0.0,0.0
E05_2029,E05,2029,screen,cpss_final,8,0.8,False,4,True,True,False,0.0,0.0
E05_2029,E05,2029,screen,cpss_final,8,0.9,False,4,True,True,False,0.0,0.0
E05_2029,E05,2029,screen,cpss_final,16,0.6,False,4,True,True,False,0.0,0.0
E05_2029,E05,2029,screen,cpss_final,16,0.7,False,4,True,True,False,0.0,0.0
E05_2029,E05,2029,screen,cpss_final,16,0.8,False,4,True,True,False,0.0,0.0
E05_2029,E05,2029,screen,cpss_final,16,0.9,False,4,True,True,False,0.0,0.0
E06_2003,E06,2003,shil,cpss_tuning,4,0.6,False,4,True,True,False,0.0,0.0
E06_2003,E06,2003,shil,cpss_tuning,4,0.7,False,3,True,True,False,0.0,0.0
E06_2003,E06,2003,shil,cpss_tuning,4,0.8,False,3,True,True,False,0.0,0.0
E06_2003,E06,2003,shil,cpss_tuning,4,0.9,False,1,True,True,False,0.0,0.0
E06_2003,E06,2003,shil,cpss_tuning,8,0.6,False,8,True,True,False,0.0,0.0
E06_2003,E06,2003,shil,cpss_tuning,8,0.7,False,8,True,True,False,0.0,0.0
E06_2003,E06,2003,shil,cpss_tuning,8,0.8,False,8,True,True,False,0.0,0.0
E06_2003,E06,2003,shil,cpss_tuning,8,0.9,False,7,True,True,True,0.0,0.0
E06_2003,E06,2003,shil,cpss_tuning,16,0.6,False,10,True,True,False,0.0,0.0
E06_2003,E06,2003,shil,cpss_tuning,16,0.7,False,10,True,True,False,0.0,0.0
E06_2003,E06,2003,shil,cpss_tuning,16,0.8,False,10,True,True,False,0.0,0.0
E06_2003,E06,2003,shil,cpss_tuning,16,0.9,True,10,True,True,False,0.0,0.0
E06_2003,E06,2003,shil,cpss_final,4,0.6,False,4,True,True,False,0.0,0.0
E06_2003,E06,2003,shil,cpss_final,4,0.7,False,4,True,True,False,0.0,0.0
E06_2003,E06,2003,shil,cpss_final,4,0.8,False,3,True,True,False,0.0,0.0
E06_2003,E06,2003,shil,cpss_final,4,0.9,False,2,True,True,False,0.0,0.0
E06_2003,E06,2003,shil,cpss_final,8,0.6,False,8,True,True,False,0.0,0.0
E06_2003,E06,2003,shil,cpss_final,8,0.7,False,8,True,True,False,0.0,0.0
E06_2003,E06,2003,shil,cpss_final,8,0.8,False,7,True,True,False,0.0,0.0
E06_2003,E06,2003,shil,cpss_final,8,0.9,False,6,True,True,False,0.0,0.0
E06_2003,E06,2003,shil,cpss_final,16,0.6,False,10,True,True,False,0.0,0.0
E06_2003,E06,2003,shil,cpss_final,16,0.7,False,10,True,True,False,0.0,0.0
E06_2003,E06,2003,shil,cpss_final,16,0.8,False,10,True,True,False,0.0,0.0
E06_2003,E06,2003,shil,cpss_final,16,0.9,True,10,True,True,False,0.0,0.0
E06_2003,E06,2003,l1,cpss_tuning,4,0.6,False,4,True,True,False,0.0,0.0
E06_2003,E06,2003,l1,cpss_tuning,4,0.7,False,4,True,True,False,0.0,0.0
E06_2003,E06,2003,l1,cpss_tuning,4,0.8,False,4,True,True,False,0.0,0.0
E06_2003,E06,2003,l1,cpss_tuning,4,0.9,True,4,True,True,False,0.0,0.0
E06_2003,E06,2003,l1,cpss_tuning,8,0.6,False,4,True,True,False,0.0,0.0
E06_2003,E06,2003,l1,cpss_tuning,8,0.7,False,4,True,True,False,0.0,0.0
E06_2003,E06,2003,l1,cpss_tuning,8,0.8,False,4,True,True,False,0.0,0.0
E06_2003,E06,2003,l1,cpss_tuning,8,0.9,False,4,True,True,False,0.0,0.0
E06_2003,E06,2003,l1,cpss_tuning,16,0.6,False,4,True,True,False,0.0,0.0
E06_2003,E06,2003,l1,cpss_tuning,16,0.7,False,4,True,True,False,0.0,0.0
E06_2003,E06,2003,l1,cpss_tuning,16,0.8,False,4,True,True,False,0.0,0.0
E06_2003,E06,2003,l1,cpss_tuning,16,0.9,False,4,True,True,False,0.0,0.0
E06_2003,E06,2003,l1,cpss_final,4,0.6,False,4,True,True,False,0.0,0.0
E06_2003,E06,2003,l1,cpss_final,4,0.7,False,4,True,True,False,0.0,0.0
E06_2003,E06,2003,l1,cpss_final,4,0.8,False,4,True,True,False,0.0,0.0
E06_2003,E06,2003,l1,cpss_final,4,0.9,True,4,True,True,False,0.0,0.0
E06_2003,E06,2003,l1,cpss_final,8,0.6,False,4,True,True,False,0.0,0.0
E06_2003,E06,2003,l1,cpss_final,8,0.7,False,4,True,True,False,0.0,0.0
E06_2003,E06,2003,l1,cpss_final,8,0.8,False,4,True,True,False,0.0,0.0
E06_2003,E06,2003,l1,cpss_final,8,0.9,False,4,True,True,False,0.0,0.0
E06_2003,E06,2003,l1,cpss_final,16,0.6,False,4,True,True,False,0.0,0.0
E06_2003,E06,2003,l1,cpss_final,16,0.7,False,4,True,True,False,0.0,0.0
E06_2003,E06,2003,l1,cpss_final,16,0.8,False,4,True,True,False,0.0,0.0
E06_2003,E06,2003,l1,cpss_final,16,0.9,False,4,True,True,False,0.0,0.0
E06_2003,E06,2003,tree,cpss_tuning,4,0.6,False,3,True,True,True,-0.2857142857142857,-0.2857142857142857
E06_2003,E06,2003,tree,cpss_tuning,4,0.7,False,2,True,True,False,0.0,0.0
E06_2003,E06,2003,tree,cpss_tuning,4,0.8,False,2,True,True,False,0.0,0.0
E06_2003,E06,2003,tree,cpss_tuning,4,0.9,False,0,True,False,False,0.0,0.0
E06_2003,E06,2003,tree,cpss_tuning,8,0.6,False,8,True,True,True,-0.16666666666666663,-0.16666666666666663
E06_2003,E06,2003,tree,cpss_tuning,8,0.7,False,8,True,True,True,-0.16666666666666663,-0.16666666666666663
E06_2003,E06,2003,tree,cpss_tuning,8,0.8,False,6,True,True,True,0.0,0.0
E06_2003,E06,2003,tree,cpss_tuning,8,0.9,False,5,True,True,True,0.0,0.0
E06_2003,E06,2003,tree,cpss_tuning,16,0.6,False,10,True,True,False,0.0,0.0
E06_2003,E06,2003,tree,cpss_tuning,16,0.7,False,10,True,True,False,0.0,0.0
E06_2003,E06,2003,tree,cpss_tuning,16,0.8,False,10,True,True,False,0.0,0.0
E06_2003,E06,2003,tree,cpss_tuning,16,0.9,True,10,True,True,False,0.0,0.0
E06_2003,E06,2003,tree,cpss_final,4,0.6,False,3,True,True,True,-0.2857142857142857,-0.2857142857142857
E06_2003,E06,2003,tree,cpss_final,4,0.7,False,2,True,True,False,0.0,0.0
E06_2003,E06,2003,tree,cpss_final,4,0.8,False,2,True,True,False,0.0,0.0
E06_2003,E06,2003,tree,cpss_final,4,0.9,False,1,True,True,True,0.0,0.0
E06_2003,E06,2003,tree,cpss_final,8,0.6,False,8,True,True,True,0.0,0.0
E06_2003,E06,2003,tree,cpss_final,8,0.7,False,8,True,True,True,0.0,0.0
E06_2003,E06,2003,tree,cpss_final,8,0.8,False,7,True,True,True,0.0,0.0
E06_2003,E06,2003,tree,cpss_final,8,0.9,False,4,True,True,True,-0.25,-0.25
E06_2003,E06,2003,tree,cpss_final,16,0.6,False,10,True,True,False,0.0,0.0
E06_2003,E06,2003,tree,cpss_final,16,0.7,False,10,True,True,False,0.0,0.0
E06_2003,E06,2003,tree,cpss_final,16,0.8,False,10,True,True,False,0.0,0.0
E06_2003,E06,2003,tree,cpss_final,16,0.9,True,10,True,True,False,0.0,0.0
E06_2003,E06,2003,screen,cpss_tuning,4,0.6,False,4,True,True,False,0.0,0.0
E06_2003,E06,2003,screen,cpss_tuning,4,0.7,False,3,True,True,False,0.0,0.0
E06_2003,E06,2003,screen,cpss_tuning,4,0.8,False,3,True,True,False,0.0,0.0
E06_2003,E06,2003,screen,cpss_tuning,4,0.9,False,1,True,True,False,0.0,0.0
E06_2003,E06,2003,screen,cpss_tuning,8,0.6,False,8,True,True,False,0.0,0.0
E06_2003,E06,2003,screen,cpss_tuning,8,0.7,False,8,True,True,False,0.0,0.0
E06_2003,E06,2003,screen,cpss_tuning,8,0.8,False,8,True,True,False,0.0,0.0
E06_2003,E06,2003,screen,cpss_tuning,8,0.9,False,7,True,True,True,0.0,0.0
E06_2003,E06,2003,screen,cpss_tuning,16,0.6,False,10,True,True,False,0.0,0.0
E06_2003,E06,2003,screen,cpss_tuning,16,0.7,False,10,True,True,False,0.0,0.0
E06_2003,E06,2003,screen,cpss_tuning,16,0.8,False,10,True,True,False,0.0,0.0
E06_2003,E06,2003,screen,cpss_tuning,16,0.9,True,10,True,True,False,0.0,0.0
E06_2003,E06,2003,screen,cpss_final,4,0.6,False,4,True,True,False,0.0,0.0
E06_2003,E06,2003,screen,cpss_final,4,0.7,False,4,True,True,False,0.0,0.0
E06_2003,E06,2003,screen,cpss_final,4,0.8,False,3,True,True,False,0.0,0.0
E06_2003,E06,2003,screen,cpss_final,4,0.9,False,2,True,True,False,0.0,0.0
E06_2003,E06,2003,screen,cpss_final,8,0.6,False,8,True,True,False,0.0,0.0
E06_2003,E06,2003,screen,cpss_final,8,0.7,False,8,True,True,False,0.0,0.0
E06_2003,E06,2003,screen,cpss_final,8,0.8,False,7,True,True,False,0.0,0.0
E06_2003,E06,2003,screen,cpss_final,8,0.9,False,6,True,True,False,0.0,0.0
E06_2003,E06,2003,screen,cpss_final,16,0.6,False,10,True,True,False,0.0,0.0
E06_2003,E06,2003,screen,cpss_final,16,0.7,False,10,True,True,False,0.0,0.0
E06_2003,E06,2003,screen,cpss_final,16,0.8,False,10,True,True,False,0.0,0.0
E06_2003,E06,2003,screen,cpss_final,16,0.9,True,10,True,True,False,0.0,0.0
E06_2011,E06,2011,shil,cpss_tuning,4,0.6,False,4,True,True,False,0.0,0.0
E06_2011,E06,2011,shil,cpss_tuning,4,0.7,False,3,True,True,False,0.0,0.0
E06_2011,E06,2011,shil,cpss_tuning,4,0.8,False,3,True,True,False,0.0,0.0
E06_2011,E06,2011,shil,cpss_tuning,4,0.9,False,2,True,True,True,0.0,0.0
E06_2011,E06,2011,shil,cpss_tuning,8,0.6,False,8,True,True,True,0.16666666666666663,0.16666666666666663
E06_2011,E06,2011,shil,cpss_tuning,8,0.7,True,8,True,True,True,0.16666666666666663,0.16666666666666663
E06_2011,E06,2011,shil,cpss_tuning,8,0.8,False,7,True,True,False,0.0,0.0
E06_2011,E06,2011,shil,cpss_tuning,8,0.9,False,7,True,True,False,0.0,0.0
E06_2011,E06,2011,shil,cpss_tuning,16,0.6,False,10,True,True,False,0.0,0.0
E06_2011,E06,2011,shil,cpss_tuning,16,0.7,False,10,True,True,False,0.0,0.0
E06_2011,E06,2011,shil,cpss_tuning,16,0.8,False,10,True,True,False,0.0,0.0
E06_2011,E06,2011,shil,cpss_tuning,16,0.9,False,10,True,True,False,0.0,0.0
E06_2011,E06,2011,shil,cpss_final,4,0.6,False,3,True,True,False,0.0,0.0
E06_2011,E06,2011,shil,cpss_final,4,0.7,False,3,True,True,False,0.0,0.0
E06_2011,E06,2011,shil,cpss_final,4,0.8,False,3,True,True,False,0.0,0.0
E06_2011,E06,2011,shil,cpss_final,4,0.9,False,3,True,True,False,0.0,0.0
E06_2011,E06,2011,shil,cpss_final,8,0.6,False,8,True,True,False,0.0,0.0
E06_2011,E06,2011,shil,cpss_final,8,0.7,True,7,True,True,False,0.0,0.0
E06_2011,E06,2011,shil,cpss_final,8,0.8,False,7,True,True,False,0.0,0.0
E06_2011,E06,2011,shil,cpss_final,8,0.9,False,7,True,True,False,0.0,0.0
E06_2011,E06,2011,shil,cpss_final,16,0.6,False,10,True,True,False,0.0,0.0
E06_2011,E06,2011,shil,cpss_final,16,0.7,False,10,True,True,False,0.0,0.0
E06_2011,E06,2011,shil,cpss_final,16,0.8,False,10,True,True,False,0.0,0.0
E06_2011,E06,2011,shil,cpss_final,16,0.9,False,10,True,True,False,0.0,0.0
E06_2011,E06,2011,l1,cpss_tuning,4,0.6,False,4,True,True,False,0.0,0.0
E06_2011,E06,2011,l1,cpss_tuning,4,0.7,False,4,True,True,False,0.0,0.0
E06_2011,E06,2011,l1,cpss_tuning,4,0.8,False,4,True,True,False,0.0,0.0
E06_2011,E06,2011,l1,cpss_tuning,4,0.9,True,4,True,True,False,0.0,0.0
E06_2011,E06,2011,l1,cpss_tuning,8,0.6,False,4,True,True,False,0.0,0.0
E06_2011,E06,2011,l1,cpss_tuning,8,0.7,False,4,True,True,False,0.0,0.0
E06_2011,E06,2011,l1,cpss_tuning,8,0.8,False,4,True,True,False,0.0,0.0
E06_2011,E06,2011,l1,cpss_tuning,8,0.9,False,4,True,True,False,0.0,0.0
E06_2011,E06,2011,l1,cpss_tuning,16,0.6,False,4,True,True,False,0.0,0.0
E06_2011,E06,2011,l1,cpss_tuning,16,0.7,False,4,True,True,False,0.0,0.0
E06_2011,E06,2011,l1,cpss_tuning,16,0.8,False,4,True,True,False,0.0,0.0
E06_2011,E06,2011,l1,cpss_tuning,16,0.9,False,4,True,True,False,0.0,0.0
E06_2011,E06,2011,l1,cpss_final,4,0.6,False,4,True,True,False,0.0,0.0
E06_2011,E06,2011,l1,cpss_final,4,0.7,False,4,True,True,False,0.0,0.0
E06_2011,E06,2011,l1,cpss_final,4,0.8,False,4,True,True,False,0.0,0.0
E06_2011,E06,2011,l1,cpss_final,4,0.9,True,4,True,True,False,0.0,0.0
E06_2011,E06,2011,l1,cpss_final,8,0.6,False,4,True,True,False,0.0,0.0
E06_2011,E06,2011,l1,cpss_final,8,0.7,False,4,True,True,False,0.0,0.0
E06_2011,E06,2011,l1,cpss_final,8,0.8,False,4,True,True,False,0.0,0.0
E06_2011,E06,2011,l1,cpss_final,8,0.9,False,4,True,True,False,0.0,0.0
E06_2011,E06,2011,l1,cpss_final,16,0.6,False,4,True,True,False,0.0,0.0
E06_2011,E06,2011,l1,cpss_final,16,0.7,False,4,True,True,False,0.0,0.0
E06_2011,E06,2011,l1,cpss_final,16,0.8,False,4,True,True,False,0.0,0.0
E06_2011,E06,2011,l1,cpss_final,16,0.9,False,4,True,True,False,0.0,0.0
E06_2011,E06,2011,tree,cpss_tuning,4,0.6,False,4,True,True,False,0.0,0.0
E06_2011,E06,2011,tree,cpss_tuning,4,0.7,False,2,True,True,True,0.0,-0.3333333333333333
E06_2011,E06,2011,tree,cpss_tuning,4,0.8,False,2,True,True,True,0.0,-0.3333333333333333
E06_2011,E06,2011,tree,cpss_tuning,4,0.9,False,1,True,True,True,0.4,0.0
E06_2011,E06,2011,tree,cpss_tuning,8,0.6,False,8,True,True,True,0.16666666666666663,0.16666666666666663
E06_2011,E06,2011,tree,cpss_tuning,8,0.7,True,8,True,True,True,0.16666666666666663,0.16666666666666663
E06_2011,E06,2011,tree,cpss_tuning,8,0.8,False,6,True,True,True,0.0,0.0
E06_2011,E06,2011,tree,cpss_tuning,8,0.9,False,6,True,True,True,0.0,0.0
E06_2011,E06,2011,tree,cpss_tuning,16,0.6,False,10,True,True,False,0.0,0.0
E06_2011,E06,2011,tree,cpss_tuning,16,0.7,False,10,True,True,False,0.0,0.0
E06_2011,E06,2011,tree,cpss_tuning,16,0.8,False,10,True,True,False,0.0,0.0
E06_2011,E06,2011,tree,cpss_tuning,16,0.9,False,10,True,True,False,0.0,0.0
E06_2011,E06,2011,tree,cpss_final,4,0.6,False,4,True,True,False,0.0,0.0
E06_2011,E06,2011,tree,cpss_final,4,0.7,False,4,True,True,False,0.0,0.0
E06_2011,E06,2011,tree,cpss_final,4,0.8,False,2,True,True,True,0.3333333333333333,0.0
E06_2011,E06,2011,tree,cpss_final,4,0.9,False,1,True,True,True,0.4,0.0
E06_2011,E06,2011,tree,cpss_final,8,0.6,False,7,True,True,True,0.18181818181818188,0.18181818181818188
E06_2011,E06,2011,tree,cpss_final,8,0.7,True,7,True,True,True,0.18181818181818188,0.18181818181818188
E06_2011,E06,2011,tree,cpss_final,8,0.8,False,5,True,True,True,-0.2222222222222222,-0.2222222222222222
E06_2011,E06,2011,tree,cpss_final,8,0.9,False,5,True,True,True,-0.2222222222222222,-0.2222222222222222
E06_2011,E06,2011,tree,cpss_final,16,0.6,False,10,True,True,False,0.0,0.0
E06_2011,E06,2011,tree,cpss_final,16,0.7,False,10,True,True,False,0.0,0.0
E06_2011,E06,2011,tree,cpss_final,16,0.8,False,10,True,True,False,0.0,0.0
E06_2011,E06,2011,tree,cpss_final,16,0.9,False,10,True,True,False,0.0,0.0
E06_2011,E06,2011,screen,cpss_tuning,4,0.6,False,4,True,True,False,0.0,0.0
E06_2011,E06,2011,screen,cpss_tuning,4,0.7,False,3,True,True,False,0.0,0.0
E06_2011,E06,2011,screen,cpss_tuning,4,0.8,False,3,True,True,False,0.0,0.0
E06_2011,E06,2011,screen,cpss_tuning,4,0.9,False,2,True,True,True,0.0,0.0
E06_2011,E06,2011,screen,cpss_tuning,8,0.6,False,8,True,True,True,0.16666666666666663,0.16666666666666663
E06_2011,E06,2011,screen,cpss_tuning,8,0.7,True,8,True,True,True,0.16666666666666663,0.16666666666666663
E06_2011,E06,2011,screen,cpss_tuning,8,0.8,False,7,True,True,False,0.0,0.0
E06_2011,E06,2011,screen,cpss_tuning,8,0.9,False,7,True,True,False,0.0,0.0
E06_2011,E06,2011,screen,cpss_tuning,16,0.6,False,10,True,True,False,0.0,0.0
E06_2011,E06,2011,screen,cpss_tuning,16,0.7,False,10,True,True,False,0.0,0.0
E06_2011,E06,2011,screen,cpss_tuning,16,0.8,False,10,True,True,False,0.0,0.0
E06_2011,E06,2011,screen,cpss_tuning,16,0.9,False,10,True,True,False,0.0,0.0
E06_2011,E06,2011,screen,cpss_final,4,0.6,False,3,True,True,False,0.0,0.0
E06_2011,E06,2011,screen,cpss_final,4,0.7,False,3,True,True,False,0.0,0.0
E06_2011,E06,2011,screen,cpss_final,4,0.8,False,3,True,True,False,0.0,0.0
E06_2011,E06,2011,screen,cpss_final,4,0.9,False,3,True,True,False,0.0,0.0
E06_2011,E06,2011,screen,cpss_final,8,0.6,False,8,True,True,False,0.0,0.0
E06_2011,E06,2011,screen,cpss_final,8,0.7,True,7,True,True,False,0.0,0.0
E06_2011,E06,2011,screen,cpss_final,8,0.8,False,7,True,True,False,0.0,0.0
E06_2011,E06,2011,screen,cpss_final,8,0.9,False,7,True,True,False,0.0,0.0
E06_2011,E06,2011,screen,cpss_final,16,0.6,False,10,True,True,False,0.0,0.0
E06_2011,E06,2011,screen,cpss_final,16,0.7,False,10,True,True,False,0.0,0.0
E06_2011,E06,2011,screen,cpss_final,16,0.8,False,10,True,True,False,0.0,0.0
E06_2011,E06,2011,screen,cpss_final,16,0.9,False,10,True,True,False,0.0,0.0
E06_2017,E06,2017,shil,cpss_tuning,4,0.6,False,3,True,True,False,0.0,0.0
E06_2017,E06,2017,shil,cpss_tuning,4,0.7,False,3,True,True,False,0.0,0.0
E06_2017,E06,2017,shil,cpss_tuning,4,0.8,False,2,True,True,False,0.0,0.0
E06_2017,E06,2017,shil,cpss_tuning,4,0.9,False,2,True,True,False,0.0,0.0
E06_2017,E06,2017,shil,cpss_tuning,8,0.6,False,8,True,True,False,0.0,0.0
E06_2017,E06,2017,shil,cpss_tuning,8,0.7,False,7,True,True,True,0.18181818181818177,0.18181818181818177
E06_2017,E06,2017,shil,cpss_tuning,8,0.8,False,6,True,True,False,0.0,0.0
E06_2017,E06,2017,shil,cpss_tuning,8,0.9,False,6,True,True,False,0.0,0.0
E06_2017,E06,2017,shil,cpss_tuning,16,0.6,False,10,True,True,False,0.0,0.0
E06_2017,E06,2017,shil,cpss_tuning,16,0.7,False,10,True,True,False,0.0,0.0
E06_2017,E06,2017,shil,cpss_tuning,16,0.8,False,10,True,True,False,0.0,0.0
E06_2017,E06,2017,shil,cpss_tuning,16,0.9,True,10,True,True,False,0.0,0.0
E06_2017,E06,2017,shil,cpss_final,4,0.6,False,4,True,True,True,-0.25,-0.25
E06_2017,E06,2017,shil,cpss_final,4,0.7,False,3,True,True,False,0.0,0.0
E06_2017,E06,2017,shil,cpss_final,4,0.8,False,2,True,True,False,0.0,0.0
E06_2017,E06,2017,shil,cpss_final,4,0.9,False,2,True,True,False,0.0,0.0
E06_2017,E06,2017,shil,cpss_final,8,0.6,False,7,True,True,True,0.18181818181818177,0.18181818181818177
E06_2017,E06,2017,shil,cpss_final,8,0.7,False,7,True,True,True,0.18181818181818177,0.18181818181818177
E06_2017,E06,2017,shil,cpss_final,8,0.8,False,6,True,True,False,0.0,0.0
E06_2017,E06,2017,shil,cpss_final,8,0.9,False,5,True,True,False,0.0,0.0
E06_2017,E06,2017,shil,cpss_final,16,0.6,False,10,True,True,False,0.0,0.0
E06_2017,E06,2017,shil,cpss_final,16,0.7,False,10,True,True,False,0.0,0.0
E06_2017,E06,2017,shil,cpss_final,16,0.8,False,10,True,True,False,0.0,0.0
E06_2017,E06,2017,shil,cpss_final,16,0.9,True,10,True,True,False,0.0,0.0
E06_2017,E06,2017,l1,cpss_tuning,4,0.6,False,4,True,True,False,0.0,0.0
E06_2017,E06,2017,l1,cpss_tuning,4,0.7,True,4,True,True,False,0.0,0.0
E06_2017,E06,2017,l1,cpss_tuning,4,0.8,False,3,True,True,False,0.0,0.0
E06_2017,E06,2017,l1,cpss_tuning,4,0.9,False,3,True,True,False,0.0,0.0
E06_2017,E06,2017,l1,cpss_tuning,8,0.6,False,6,True,True,False,0.0,0.0
E06_2017,E06,2017,l1,cpss_tuning,8,0.7,False,4,True,True,False,0.0,0.0
E06_2017,E06,2017,l1,cpss_tuning,8,0.8,False,4,True,True,False,0.0,0.0
E06_2017,E06,2017,l1,cpss_tuning,8,0.9,False,4,True,True,False,0.0,0.0
E06_2017,E06,2017,l1,cpss_tuning,16,0.6,False,6,True,True,False,0.0,0.0
E06_2017,E06,2017,l1,cpss_tuning,16,0.7,False,6,True,True,False,0.0,0.0
E06_2017,E06,2017,l1,cpss_tuning,16,0.8,False,4,True,True,False,0.0,0.0
E06_2017,E06,2017,l1,cpss_tuning,16,0.9,False,4,True,True,False,0.0,0.0
E06_2017,E06,2017,l1,cpss_final,4,0.6,False,4,True,True,False,0.0,0.0
E06_2017,E06,2017,l1,cpss_final,4,0.7,True,3,True,True,False,0.0,0.0
E06_2017,E06,2017,l1,cpss_final,4,0.8,False,3,True,True,False,0.0,0.0
E06_2017,E06,2017,l1,cpss_final,4,0.9,False,3,True,True,False,0.0,0.0
E06_2017,E06,2017,l1,cpss_final,8,0.6,False,5,True,True,False,0.0,0.0
E06_2017,E06,2017,l1,cpss_final,8,0.7,False,5,True,True,False,0.0,0.0
E06_2017,E06,2017,l1,cpss_final,8,0.8,False,5,True,True,False,0.0,0.0
E06_2017,E06,2017,l1,cpss_final,8,0.9,False,4,True,True,False,0.0,0.0
E06_2017,E06,2017,l1,cpss_final,16,0.6,False,6,True,True,False,0.0,0.0
E06_2017,E06,2017,l1,cpss_final,16,0.7,False,5,True,True,False,0.0,0.0
E06_2017,E06,2017,l1,cpss_final,16,0.8,False,5,True,True,False,0.0,0.0
E06_2017,E06,2017,l1,cpss_final,16,0.9,False,4,True,True,False,0.0,0.0
E06_2017,E06,2017,tree,cpss_tuning,4,0.6,False,3,True,True,True,-0.2857142857142857,-0.2857142857142857
E06_2017,E06,2017,tree,cpss_tuning,4,0.7,False,1,True,True,True,0.4,0.0
E06_2017,E06,2017,tree,cpss_tuning,4,0.8,False,1,True,True,True,0.4,0.0
E06_2017,E06,2017,tree,cpss_tuning,4,0.9,False,0,True,False,False,0.0,0.0
E06_2017,E06,2017,tree,cpss_tuning,8,0.6,True,9,True,True,False,0.0,0.0
E06_2017,E06,2017,tree,cpss_tuning,8,0.7,False,7,True,True,True,-0.18181818181818188,-0.18181818181818188
E06_2017,E06,2017,tree,cpss_tuning,8,0.8,False,5,True,True,True,-0.2222222222222222,0.0
E06_2017,E06,2017,tree,cpss_tuning,8,0.9,False,4,True,True,True,0.0,-0.25
E06_2017,E06,2017,tree,cpss_tuning,16,0.6,False,10,True,True,False,0.0,0.0
E06_2017,E06,2017,tree,cpss_tuning,16,0.7,False,10,True,True,False,0.0,0.0
E06_2017,E06,2017,tree,cpss_tuning,16,0.8,False,10,True,True,False,0.0,0.0
E06_2017,E06,2017,tree,cpss_tuning,16,0.9,False,10,True,True,False,0.0,0.0
E06_2017,E06,2017,tree,cpss_final,4,0.6,False,2,True,True,True,0.0,0.0
E06_2017,E06,2017,tree,cpss_final,4,0.7,False,2,True,True,True,0.0,0.0
E06_2017,E06,2017,tree,cpss_final,4,0.8,False,1,True,True,True,0.4,0.0
E06_2017,E06,2017,tree,cpss_final,4,0.9,False,1,True,True,True,0.4,0.0
E06_2017,E06,2017,tree,cpss_final,8,0.6,True,9,True,True,False,0.0,0.0
E06_2017,E06,2017,tree,cpss_final,8,0.7,False,6,True,True,False,0.0,0.0
E06_2017,E06,2017,tree,cpss_final,8,0.8,False,6,True,True,False,0.0,0.0
E06_2017,E06,2017,tree,cpss_final,8,0.9,False,6,True,True,False,0.0,0.0
E06_2017,E06,2017,tree,cpss_final,16,0.6,False,10,True,True,False,0.0,0.0
E06_2017,E06,2017,tree,cpss_final,16,0.7,False,10,True,True,False,0.0,0.0
E06_2017,E06,2017,tree,cpss_final,16,0.8,False,10,True,True,False,0.0,0.0
E06_2017,E06,2017,tree,cpss_final,16,0.9,False,10,True,True,False,0.0,0.0
E06_2017,E06,2017,screen,cpss_tuning,4,0.6,False,3,True,True,False,0.0,0.0
E06_2017,E06,2017,screen,cpss_tuning,4,0.7,False,3,True,True,False,0.0,0.0
E06_2017,E06,2017,screen,cpss_tuning,4,0.8,False,2,True,True,False,0.0,0.0
E06_2017,E06,2017,screen,cpss_tuning,4,0.9,False,2,True,True,False,0.0,0.0
E06_2017,E06,2017,screen,cpss_tuning,8,0.6,False,8,True,True,False,0.0,0.0
E06_2017,E06,2017,screen,cpss_tuning,8,0.7,False,7,True,True,True,0.18181818181818177,0.18181818181818177
E06_2017,E06,2017,screen,cpss_tuning,8,0.8,False,6,True,True,False,0.0,0.0
E06_2017,E06,2017,screen,cpss_tuning,8,0.9,False,6,True,True,False,0.0,0.0
E06_2017,E06,2017,screen,cpss_tuning,16,0.6,False,10,True,True,False,0.0,0.0
E06_2017,E06,2017,screen,cpss_tuning,16,0.7,False,10,True,True,False,0.0,0.0
E06_2017,E06,2017,screen,cpss_tuning,16,0.8,False,10,True,True,False,0.0,0.0
E06_2017,E06,2017,screen,cpss_tuning,16,0.9,True,10,True,True,False,0.0,0.0
E06_2017,E06,2017,screen,cpss_final,4,0.6,False,4,True,True,True,-0.25,-0.25
E06_2017,E06,2017,screen,cpss_final,4,0.7,False,3,True,True,False,0.0,0.0
E06_2017,E06,2017,screen,cpss_final,4,0.8,False,2,True,True,False,0.0,0.0
E06_2017,E06,2017,screen,cpss_final,4,0.9,False,2,True,True,False,0.0,0.0
E06_2017,E06,2017,screen,cpss_final,8,0.6,False,7,True,True,True,0.18181818181818177,0.18181818181818177
E06_2017,E06,2017,screen,cpss_final,8,0.7,False,7,True,True,True,0.18181818181818177,0.18181818181818177
E06_2017,E06,2017,screen,cpss_final,8,0.8,False,6,True,True,False,0.0,0.0
E06_2017,E06,2017,screen,cpss_final,8,0.9,False,5,True,True,False,0.0,0.0
E06_2017,E06,2017,screen,cpss_final,16,0.6,False,10,True,True,False,0.0,0.0
E06_2017,E06,2017,screen,cpss_final,16,0.7,False,10,True,True,False,0.0,0.0
E06_2017,E06,2017,screen,cpss_final,16,0.8,False,10,True,True,False,0.0,0.0
E06_2017,E06,2017,screen,cpss_final,16,0.9,True,10,True,True,False,0.0,0.0
E06_2027,E06,2027,shil,cpss_tuning,4,0.6,False,4,True,True,True,-0.25,-0.25
E06_2027,E06,2027,shil,cpss_tuning,4,0.7,False,3,True,True,False,0.0,0.0
E06_2027,E06,2027,shil,cpss_tuning,4,0.8,False,3,True,True,False,0.0,0.0
E06_2027,E06,2027,shil,cpss_tuning,4,0.9,False,2,True,True,True,0.0,0.0
E06_2027,E06,2027,shil,cpss_tuning,8,0.6,False,8,True,True,False,0.0,0.0
E06_2027,E06,2027,shil,cpss_tuning,8,0.7,False,8,True,True,False,0.0,0.0
E06_2027,E06,2027,shil,cpss_tuning,8,0.8,False,7,True,True,False,0.0,0.0
E06_2027,E06,2027,shil,cpss_tuning,8,0.9,False,6,True,True,False,0.0,0.0
E06_2027,E06,2027,shil,cpss_tuning,16,0.6,False,10,True,True,False,0.0,0.0
E06_2027,E06,2027,shil,cpss_tuning,16,0.7,False,10,True,True,False,0.0,0.0
E06_2027,E06,2027,shil,cpss_tuning,16,0.8,False,10,True,True,False,0.0,0.0
E06_2027,E06,2027,shil,cpss_tuning,16,0.9,True,10,True,True,False,0.0,0.0
E06_2027,E06,2027,shil,cpss_final,4,0.6,False,4,True,True,True,-0.25,-0.25
E06_2027,E06,2027,shil,cpss_final,4,0.7,False,4,True,True,True,-0.25,-0.25
E06_2027,E06,2027,shil,cpss_final,4,0.8,False,4,True,True,True,-0.25,-0.25
E06_2027,E06,2027,shil,cpss_final,4,0.9,False,3,True,True,False,0.0,0.0
E06_2027,E06,2027,shil,cpss_final,8,0.6,False,8,True,True,False,0.0,0.0
E06_2027,E06,2027,shil,cpss_final,8,0.7,False,7,True,True,True,0.0,0.0
E06_2027,E06,2027,shil,cpss_final,8,0.8,False,7,True,True,True,0.0,0.0
E06_2027,E06,2027,shil,cpss_final,8,0.9,False,6,True,True,False,0.0,0.0
E06_2027,E06,2027,shil,cpss_final,16,0.6,False,10,True,True,False,0.0,0.0
E06_2027,E06,2027,shil,cpss_final,16,0.7,False,10,True,True,False,0.0,0.0
E06_2027,E06,2027,shil,cpss_final,16,0.8,False,10,True,True,False,0.0,0.0
E06_2027,E06,2027,shil,cpss_final,16,0.9,True,10,True,True,False,0.0,0.0
E06_2027,E06,2027,l1,cpss_tuning,4,0.6,False,4,True,True,False,0.0,0.0
E06_2027,E06,2027,l1,cpss_tuning,4,0.7,False,4,True,True,False,0.0,0.0
E06_2027,E06,2027,l1,cpss_tuning,4,0.8,False,4,True,True,False,0.0,0.0
E06_2027,E06,2027,l1,cpss_tuning,4,0.9,True,4,True,True,False,0.0,0.0
E06_2027,E06,2027,l1,cpss_tuning,8,0.6,False,4,True,True,False,0.0,0.0
E06_2027,E06,2027,l1,cpss_tuning,8,0.7,False,4,True,True,False,0.0,0.0
E06_2027,E06,2027,l1,cpss_tuning,8,0.8,False,4,True,True,False,0.0,0.0
E06_2027,E06,2027,l1,cpss_tuning,8,0.9,False,4,True,True,False,0.0,0.0
E06_2027,E06,2027,l1,cpss_tuning,16,0.6,False,5,True,True,True,0.0,0.0
E06_2027,E06,2027,l1,cpss_tuning,16,0.7,False,4,True,True,False,0.0,0.0
E06_2027,E06,2027,l1,cpss_tuning,16,0.8,False,4,True,True,False,0.0,0.0
E06_2027,E06,2027,l1,cpss_tuning,16,0.9,False,4,True,True,False,0.0,0.0
E06_2027,E06,2027,l1,cpss_final,4,0.6,False,4,True,True,False,0.0,0.0
E06_2027,E06,2027,l1,cpss_final,4,0.7,False,4,True,True,False,0.0,0.0
E06_2027,E06,2027,l1,cpss_final,4,0.8,False,4,True,True,False,0.0,0.0
E06_2027,E06,2027,l1,cpss_final,4,0.9,True,3,True,True,True,0.0,0.0
E06_2027,E06,2027,l1,cpss_final,8,0.6,False,4,True,True,False,0.0,0.0
E06_2027,E06,2027,l1,cpss_final,8,0.7,False,4,True,True,False,0.0,0.0
E06_2027,E06,2027,l1,cpss_final,8,0.8,False,4,True,True,False,0.0,0.0
E06_2027,E06,2027,l1,cpss_final,8,0.9,False,4,True,True,False,0.0,0.0
E06_2027,E06,2027,l1,cpss_final,16,0.6,False,5,True,True,True,0.0,0.0
E06_2027,E06,2027,l1,cpss_final,16,0.7,False,4,True,True,False,0.0,0.0
E06_2027,E06,2027,l1,cpss_final,16,0.8,False,4,True,True,False,0.0,0.0
E06_2027,E06,2027,l1,cpss_final,16,0.9,False,4,True,True,False,0.0,0.0
E06_2027,E06,2027,tree,cpss_tuning,4,0.6,False,4,True,True,False,0.0,0.0
E06_2027,E06,2027,tree,cpss_tuning,4,0.7,False,3,True,True,True,0.0,0.0
E06_2027,E06,2027,tree,cpss_tuning,4,0.8,False,3,True,True,True,0.0,0.0
E06_2027,E06,2027,tree,cpss_tuning,4,0.9,False,1,True,True,True,0.0,0.0
E06_2027,E06,2027,tree,cpss_tuning,8,0.6,True,8,True,True,True,0.16666666666666663,0.0
E06_2027,E06,2027,tree,cpss_tuning,8,0.7,False,7,True,True,True,0.0,-0.18181818181818188
E06_2027,E06,2027,tree,cpss_tuning,8,0.8,False,5,True,True,False,0.0,0.0
E06_2027,E06,2027,tree,cpss_tuning,8,0.9,False,5,True,True,False,0.0,0.0
E06_2027,E06,2027,tree,cpss_tuning,16,0.6,False,10,True,True,False,0.0,0.0
E06_2027,E06,2027,tree,cpss_tuning,16,0.7,False,10,True,True,False,0.0,0.0
E06_2027,E06,2027,tree,cpss_tuning,16,0.8,False,10,True,True,False,0.0,0.0
E06_2027,E06,2027,tree,cpss_tuning,16,0.9,False,10,True,True,False,0.0,0.0
E06_2027,E06,2027,tree,cpss_final,4,0.6,False,4,True,True,False,0.0,0.0
E06_2027,E06,2027,tree,cpss_final,4,0.7,False,3,True,True,False,0.0,0.0
E06_2027,E06,2027,tree,cpss_final,4,0.8,False,2,True,True,True,0.0,-0.3333333333333333
E06_2027,E06,2027,tree,cpss_final,4,0.9,False,1,True,True,True,0.0,0.0
E06_2027,E06,2027,tree,cpss_final,8,0.6,True,7,True,True,True,0.0,-0.18181818181818188
E06_2027,E06,2027,tree,cpss_final,8,0.7,False,7,True,True,True,0.0,-0.18181818181818188
E06_2027,E06,2027,tree,cpss_final,8,0.8,False,5,True,True,False,0.0,0.0
E06_2027,E06,2027,tree,cpss_final,8,0.9,False,5,True,True,False,0.0,0.0
E06_2027,E06,2027,tree,cpss_final,16,0.6,False,10,True,True,False,0.0,0.0
E06_2027,E06,2027,tree,cpss_final,16,0.7,False,10,True,True,False,0.0,0.0
E06_2027,E06,2027,tree,cpss_final,16,0.8,False,10,True,True,False,0.0,0.0
E06_2027,E06,2027,tree,cpss_final,16,0.9,False,10,True,True,False,0.0,0.0
E06_2027,E06,2027,screen,cpss_tuning,4,0.6,False,4,True,True,True,-0.25,-0.25
E06_2027,E06,2027,screen,cpss_tuning,4,0.7,False,3,True,True,False,0.0,0.0
E06_2027,E06,2027,screen,cpss_tuning,4,0.8,False,3,True,True,False,0.0,0.0
E06_2027,E06,2027,screen,cpss_tuning,4,0.9,False,2,True,True,True,0.0,0.0
E06_2027,E06,2027,screen,cpss_tuning,8,0.6,False,8,True,True,False,0.0,0.0
E06_2027,E06,2027,screen,cpss_tuning,8,0.7,False,8,True,True,False,0.0,0.0
E06_2027,E06,2027,screen,cpss_tuning,8,0.8,False,7,True,True,False,0.0,0.0
E06_2027,E06,2027,screen,cpss_tuning,8,0.9,False,6,True,True,False,0.0,0.0
E06_2027,E06,2027,screen,cpss_tuning,16,0.6,False,10,True,True,False,0.0,0.0
E06_2027,E06,2027,screen,cpss_tuning,16,0.7,False,10,True,True,False,0.0,0.0
E06_2027,E06,2027,screen,cpss_tuning,16,0.8,False,10,True,True,False,0.0,0.0
E06_2027,E06,2027,screen,cpss_tuning,16,0.9,True,10,True,True,False,0.0,0.0
E06_2027,E06,2027,screen,cpss_final,4,0.6,False,4,True,True,True,-0.25,-0.25
E06_2027,E06,2027,screen,cpss_final,4,0.7,False,4,True,True,True,-0.25,-0.25
E06_2027,E06,2027,screen,cpss_final,4,0.8,False,4,True,True,True,-0.25,-0.25
E06_2027,E06,2027,screen,cpss_final,4,0.9,False,3,True,True,False,0.0,0.0
E06_2027,E06,2027,screen,cpss_final,8,0.6,False,8,True,True,False,0.0,0.0
E06_2027,E06,2027,screen,cpss_final,8,0.7,False,7,True,True,True,0.0,0.0
E06_2027,E06,2027,screen,cpss_final,8,0.8,False,7,True,True,True,0.0,0.0
E06_2027,E06,2027,screen,cpss_final,8,0.9,False,6,True,True,False,0.0,0.0
E06_2027,E06,2027,screen,cpss_final,16,0.6,False,10,True,True,False,0.0,0.0
E06_2027,E06,2027,screen,cpss_final,16,0.7,False,10,True,True,False,0.0,0.0
E06_2027,E06,2027,screen,cpss_final,16,0.8,False,10,True,True,False,0.0,0.0
E06_2027,E06,2027,screen,cpss_final,16,0.9,True,10,True,True,False,0.0,0.0
E06_2029,E06,2029,shil,cpss_tuning,4,0.6,False,3,True,True,False,0.0,0.0
E06_2029,E06,2029,shil,cpss_tuning,4,0.7,False,3,True,True,False,0.0,0.0
E06_2029,E06,2029,shil,cpss_tuning,4,0.8,False,2,True,True,True,0.3333333333333333,0.3333333333333333
E06_2029,E06,2029,shil,cpss_tuning,4,0.9,False,1,True,True,False,0.0,0.0
E06_2029,E06,2029,shil,cpss_tuning,8,0.6,False,8,True,True,True,-0.16666666666666663,-0.16666666666666663
E06_2029,E06,2029,shil,cpss_tuning,8,0.7,False,7,True,True,True,-0.18181818181818188,-0.18181818181818188
E06_2029,E06,2029,shil,cpss_tuning,8,0.8,False,7,True,True,True,-0.18181818181818188,-0.18181818181818188
E06_2029,E06,2029,shil,cpss_tuning,8,0.9,False,5,True,True,True,-0.4444444444444444,-0.4444444444444444
E06_2029,E06,2029,shil,cpss_tuning,16,0.6,False,10,True,True,False,0.0,0.0
E06_2029,E06,2029,shil,cpss_tuning,16,0.7,False,10,True,True,False,0.0,0.0
E06_2029,E06,2029,shil,cpss_tuning,16,0.8,False,10,True,True,False,0.0,0.0
E06_2029,E06,2029,shil,cpss_tuning,16,0.9,True,10,True,True,False,0.0,0.0
E06_2029,E06,2029,shil,cpss_final,4,0.6,False,4,True,True,True,-0.25,-0.25
E06_2029,E06,2029,shil,cpss_final,4,0.7,False,2,True,True,True,0.3333333333333333,0.3333333333333333
E06_2029,E06,2029,shil,cpss_final,4,0.8,False,2,True,True,True,0.3333333333333333,0.3333333333333333
E06_2029,E06,2029,shil,cpss_final,4,0.9,False,2,True,True,True,0.3333333333333333,0.3333333333333333
E06_2029,E06,2029,shil,cpss_final,8,0.6,False,8,True,True,True,-0.16666666666666663,-0.16666666666666663
E06_2029,E06,2029,shil,cpss_final,8,0.7,False,6,True,True,True,-0.4,-0.4
E06_2029,E06,2029,shil,cpss_final,8,0.8,False,6,True,True,True,-0.4,-0.4
E06_2029,E06,2029,shil,cpss_final,8,0.9,False,6,True,True,True,-0.4,-0.4
E06_2029,E06,2029,shil,cpss_final,16,0.6,False,10,True,True,False,0.0,0.0
E06_2029,E06,2029,shil,cpss_final,16,0.7,False,10,True,True,False,0.0,0.0
E06_2029,E06,2029,shil,cpss_final,16,0.8,False,10,True,True,False,0.0,0.0
E06_2029,E06,2029,shil,cpss_final,16,0.9,True,10,True,True,False,0.0,0.0
E06_2029,E06,2029,l1,cpss_tuning,4,0.6,False,4,True,True,False,0.0,0.0
E06_2029,E06,2029,l1,cpss_tuning,4,0.7,False,4,True,True,False,0.0,0.0
E06_2029,E06,2029,l1,cpss_tuning,4,0.8,False,4,True,True,False,0.0,0.0
E06_2029,E06,2029,l1,cpss_tuning,4,0.9,True,4,True,True,False,0.0,0.0
E06_2029,E06,2029,l1,cpss_tuning,8,0.6,False,4,True,True,False,0.0,0.0
E06_2029,E06,2029,l1,cpss_tuning,8,0.7,False,4,True,True,False,0.0,0.0
E06_2029,E06,2029,l1,cpss_tuning,8,0.8,False,4,True,True,False,0.0,0.0
E06_2029,E06,2029,l1,cpss_tuning,8,0.9,False,4,True,True,False,0.0,0.0
E06_2029,E06,2029,l1,cpss_tuning,16,0.6,False,4,True,True,False,0.0,0.0
E06_2029,E06,2029,l1,cpss_tuning,16,0.7,False,4,True,True,False,0.0,0.0
E06_2029,E06,2029,l1,cpss_tuning,16,0.8,False,4,True,True,False,0.0,0.0
E06_2029,E06,2029,l1,cpss_tuning,16,0.9,False,4,True,True,False,0.0,0.0
E06_2029,E06,2029,l1,cpss_final,4,0.6,False,4,True,True,False,0.0,0.0
E06_2029,E06,2029,l1,cpss_final,4,0.7,False,4,True,True,False,0.0,0.0
E06_2029,E06,2029,l1,cpss_final,4,0.8,False,4,True,True,False,0.0,0.0
E06_2029,E06,2029,l1,cpss_final,4,0.9,True,4,True,True,False,0.0,0.0
E06_2029,E06,2029,l1,cpss_final,8,0.6,False,4,True,True,False,0.0,0.0
E06_2029,E06,2029,l1,cpss_final,8,0.7,False,4,True,True,False,0.0,0.0
E06_2029,E06,2029,l1,cpss_final,8,0.8,False,4,True,True,False,0.0,0.0
E06_2029,E06,2029,l1,cpss_final,8,0.9,False,4,True,True,False,0.0,0.0
E06_2029,E06,2029,l1,cpss_final,16,0.6,False,4,True,True,False,0.0,0.0
E06_2029,E06,2029,l1,cpss_final,16,0.7,False,4,True,True,False,0.0,0.0
E06_2029,E06,2029,l1,cpss_final,16,0.8,False,4,True,True,False,0.0,0.0
E06_2029,E06,2029,l1,cpss_final,16,0.9,False,4,True,True,False,0.0,0.0
E06_2029,E06,2029,tree,cpss_tuning,4,0.6,False,2,True,True,True,0.0,0.0
E06_2029,E06,2029,tree,cpss_tuning,4,0.7,False,1,True,True,True,0.0,0.0
E06_2029,E06,2029,tree,cpss_tuning,4,0.8,False,0,True,False,False,0.0,0.0
E06_2029,E06,2029,tree,cpss_tuning,4,0.9,False,0,True,False,False,0.0,0.0
E06_2029,E06,2029,tree,cpss_tuning,8,0.6,False,9,True,True,True,0.0,0.0
E06_2029,E06,2029,tree,cpss_tuning,8,0.7,False,9,True,True,True,0.0,0.0
E06_2029,E06,2029,tree,cpss_tuning,8,0.8,True,6,True,True,False,0.0,0.0
E06_2029,E06,2029,tree,cpss_tuning,8,0.9,False,4,True,True,True,0.0,-0.25
E06_2029,E06,2029,tree,cpss_tuning,16,0.6,False,10,True,True,False,0.0,0.0
E06_2029,E06,2029,tree,cpss_tuning,16,0.7,False,10,True,True,False,0.0,0.0
E06_2029,E06,2029,tree,cpss_tuning,16,0.8,False,10,True,True,False,0.0,0.0
E06_2029,E06,2029,tree,cpss_tuning,16,0.9,False,10,True,True,False,0.0,0.0
E06_2029,E06,2029,tree,cpss_final,4,0.6,False,2,True,True,True,0.0,0.0
E06_2029,E06,2029,tree,cpss_final,4,0.7,False,2,True,True,True,0.0,0.0
E06_2029,E06,2029,tree,cpss_final,4,0.8,False,2,True,True,True,0.0,0.0
E06_2029,E06,2029,tree,cpss_final,4,0.9,False,0,True,False,False,0.0,0.0
E06_2029,E06,2029,tree,cpss_final,8,0.6,False,9,True,True,True,0.0,0.0
E06_2029,E06,2029,tree,cpss_final,8,0.7,False,7,True,True,False,0.0,0.0
E06_2029,E06,2029,tree,cpss_final,8,0.8,True,7,True,True,False,0.0,0.0
E06_2029,E06,2029,tree,cpss_final,8,0.9,False,3,True,True,True,-0.2857142857142857,-0.2857142857142857
E06_2029,E06,2029,tree,cpss_final,16,0.6,False,10,True,True,False,0.0,0.0
E06_2029,E06,2029,tree,cpss_final,16,0.7,False,10,True,True,False,0.0,0.0
E06_2029,E06,2029,tree,cpss_final,16,0.8,False,10,True,True,False,0.0,0.0
E06_2029,E06,2029,tree,cpss_final,16,0.9,False,10,True,True,False,0.0,0.0
E06_2029,E06,2029,screen,cpss_tuning,4,0.6,False,3,True,True,False,0.0,0.0
E06_2029,E06,2029,screen,cpss_tuning,4,0.7,False,3,True,True,False,0.0,0.0
E06_2029,E06,2029,screen,cpss_tuning,4,0.8,False,2,True,True,True,0.3333333333333333,0.3333333333333333
E06_2029,E06,2029,screen,cpss_tuning,4,0.9,False,1,True,True,False,0.0,0.0
E06_2029,E06,2029,screen,cpss_tuning,8,0.6,False,8,True,True,True,-0.16666666666666663,-0.16666666666666663
E06_2029,E06,2029,screen,cpss_tuning,8,0.7,False,7,True,True,True,-0.18181818181818188,-0.18181818181818188
E06_2029,E06,2029,screen,cpss_tuning,8,0.8,False,7,True,True,True,-0.18181818181818188,-0.18181818181818188
E06_2029,E06,2029,screen,cpss_tuning,8,0.9,False,5,True,True,True,-0.4444444444444444,-0.4444444444444444
E06_2029,E06,2029,screen,cpss_tuning,16,0.6,False,10,True,True,False,0.0,0.0
E06_2029,E06,2029,screen,cpss_tuning,16,0.7,False,10,True,True,False,0.0,0.0
E06_2029,E06,2029,screen,cpss_tuning,16,0.8,False,10,True,True,False,0.0,0.0
E06_2029,E06,2029,screen,cpss_tuning,16,0.9,True,10,True,True,False,0.0,0.0
E06_2029,E06,2029,screen,cpss_final,4,0.6,False,4,True,True,True,-0.25,-0.25
E06_2029,E06,2029,screen,cpss_final,4,0.7,False,2,True,True,True,0.3333333333333333,0.3333333333333333
E06_2029,E06,2029,screen,cpss_final,4,0.8,False,2,True,True,True,0.3333333333333333,0.3333333333333333
E06_2029,E06,2029,screen,cpss_final,4,0.9,False,2,True,True,True,0.3333333333333333,0.3333333333333333
E06_2029,E06,2029,screen,cpss_final,8,0.6,False,8,True,True,True,-0.16666666666666663,-0.16666666666666663
E06_2029,E06,2029,screen,cpss_final,8,0.7,False,6,True,True,True,-0.4,-0.4
E06_2029,E06,2029,screen,cpss_final,8,0.8,False,6,True,True,True,-0.4,-0.4
E06_2029,E06,2029,screen,cpss_final,8,0.9,False,6,True,True,True,-0.4,-0.4
E06_2029,E06,2029,screen,cpss_final,16,0.6,False,10,True,True,False,0.0,0.0
E06_2029,E06,2029,screen,cpss_final,16,0.7,False,10,True,True,False,0.0,0.0
E06_2029,E06,2029,screen,cpss_final,16,0.8,False,10,True,True,False,0.0,0.0
E06_2029,E06,2029,screen,cpss_final,16,0.9,True,10,True,True,False,0.0,0.0
E07_2003,E07,2003,shil,cpss_tuning,4,0.6,False,4,True,True,False,0.0,0.0
E07_2003,E07,2003,shil,cpss_tuning,4,0.7,False,4,True,True,False,0.0,0.0
E07_2003,E07,2003,shil,cpss_tuning,4,0.8,False,4,True,True,False,0.0,0.0
E07_2003,E07,2003,shil,cpss_tuning,4,0.9,True,4,True,True,False,0.0,0.0
E07_2003,E07,2003,shil,cpss_tuning,8,0.6,False,4,True,True,False,0.0,0.0
E07_2003,E07,2003,shil,cpss_tuning,8,0.7,False,4,True,True,False,0.0,0.0
E07_2003,E07,2003,shil,cpss_tuning,8,0.8,False,4,True,True,False,0.0,0.0
E07_2003,E07,2003,shil,cpss_tuning,8,0.9,False,4,True,True,False,0.0,0.0
E07_2003,E07,2003,shil,cpss_tuning,16,0.6,False,4,True,True,False,0.0,0.0
E07_2003,E07,2003,shil,cpss_tuning,16,0.7,False,4,True,True,False,0.0,0.0
E07_2003,E07,2003,shil,cpss_tuning,16,0.8,False,4,True,True,False,0.0,0.0
E07_2003,E07,2003,shil,cpss_tuning,16,0.9,False,4,True,True,False,0.0,0.0
E07_2003,E07,2003,shil,cpss_final,4,0.6,False,4,True,True,False,0.0,0.0
E07_2003,E07,2003,shil,cpss_final,4,0.7,False,4,True,True,False,0.0,0.0
E07_2003,E07,2003,shil,cpss_final,4,0.8,False,4,True,True,False,0.0,0.0
E07_2003,E07,2003,shil,cpss_final,4,0.9,True,4,True,True,False,0.0,0.0
E07_2003,E07,2003,shil,cpss_final,8,0.6,False,4,True,True,False,0.0,0.0
E07_2003,E07,2003,shil,cpss_final,8,0.7,False,4,True,True,False,0.0,0.0
E07_2003,E07,2003,shil,cpss_final,8,0.8,False,4,True,True,False,0.0,0.0
E07_2003,E07,2003,shil,cpss_final,8,0.9,False,4,True,True,False,0.0,0.0
E07_2003,E07,2003,shil,cpss_final,16,0.6,False,4,True,True,False,0.0,0.0
E07_2003,E07,2003,shil,cpss_final,16,0.7,False,4,True,True,False,0.0,0.0
E07_2003,E07,2003,shil,cpss_final,16,0.8,False,4,True,True,False,0.0,0.0
E07_2003,E07,2003,shil,cpss_final,16,0.9,False,4,True,True,False,0.0,0.0
E07_2003,E07,2003,l1,cpss_tuning,4,0.6,False,4,True,True,False,0.0,0.0
E07_2003,E07,2003,l1,cpss_tuning,4,0.7,False,4,True,True,False,0.0,0.0
E07_2003,E07,2003,l1,cpss_tuning,4,0.8,False,4,True,True,False,0.0,0.0
E07_2003,E07,2003,l1,cpss_tuning,4,0.9,True,4,True,True,False,0.0,0.0
E07_2003,E07,2003,l1,cpss_tuning,8,0.6,False,4,True,True,False,0.0,0.0
E07_2003,E07,2003,l1,cpss_tuning,8,0.7,False,4,True,True,False,0.0,0.0
E07_2003,E07,2003,l1,cpss_tuning,8,0.8,False,4,True,True,False,0.0,0.0
E07_2003,E07,2003,l1,cpss_tuning,8,0.9,False,4,True,True,False,0.0,0.0
E07_2003,E07,2003,l1,cpss_tuning,16,0.6,False,4,True,True,False,0.0,0.0
E07_2003,E07,2003,l1,cpss_tuning,16,0.7,False,4,True,True,False,0.0,0.0
E07_2003,E07,2003,l1,cpss_tuning,16,0.8,False,4,True,True,False,0.0,0.0
E07_2003,E07,2003,l1,cpss_tuning,16,0.9,False,4,True,True,False,0.0,0.0
E07_2003,E07,2003,l1,cpss_final,4,0.6,False,4,True,True,False,0.0,0.0
E07_2003,E07,2003,l1,cpss_final,4,0.7,False,4,True,True,False,0.0,0.0
E07_2003,E07,2003,l1,cpss_final,4,0.8,False,4,True,True,False,0.0,0.0
E07_2003,E07,2003,l1,cpss_final,4,0.9,True,4,True,True,False,0.0,0.0
E07_2003,E07,2003,l1,cpss_final,8,0.6,False,4,True,True,False,0.0,0.0
E07_2003,E07,2003,l1,cpss_final,8,0.7,False,4,True,True,False,0.0,0.0
E07_2003,E07,2003,l1,cpss_final,8,0.8,False,4,True,True,False,0.0,0.0
E07_2003,E07,2003,l1,cpss_final,8,0.9,False,4,True,True,False,0.0,0.0
E07_2003,E07,2003,l1,cpss_final,16,0.6,False,4,True,True,False,0.0,0.0
E07_2003,E07,2003,l1,cpss_final,16,0.7,False,4,True,True,False,0.0,0.0
E07_2003,E07,2003,l1,cpss_final,16,0.8,False,4,True,True,False,0.0,0.0
E07_2003,E07,2003,l1,cpss_final,16,0.9,False,4,True,True,False,0.0,0.0
E07_2003,E07,2003,tree,cpss_tuning,4,0.6,False,4,True,True,False,0.0,0.0
E07_2003,E07,2003,tree,cpss_tuning,4,0.7,False,4,True,True,False,0.0,0.0
E07_2003,E07,2003,tree,cpss_tuning,4,0.8,False,4,True,True,False,0.0,0.0
E07_2003,E07,2003,tree,cpss_tuning,4,0.9,True,4,True,True,False,0.0,0.0
E07_2003,E07,2003,tree,cpss_tuning,8,0.6,False,4,True,True,False,0.0,0.0
E07_2003,E07,2003,tree,cpss_tuning,8,0.7,False,4,True,True,False,0.0,0.0
E07_2003,E07,2003,tree,cpss_tuning,8,0.8,False,4,True,True,False,0.0,0.0
E07_2003,E07,2003,tree,cpss_tuning,8,0.9,False,4,True,True,False,0.0,0.0
E07_2003,E07,2003,tree,cpss_tuning,16,0.6,False,4,True,True,False,0.0,0.0
E07_2003,E07,2003,tree,cpss_tuning,16,0.7,False,4,True,True,False,0.0,0.0
E07_2003,E07,2003,tree,cpss_tuning,16,0.8,False,4,True,True,False,0.0,0.0
E07_2003,E07,2003,tree,cpss_tuning,16,0.9,False,4,True,True,False,0.0,0.0
E07_2003,E07,2003,tree,cpss_final,4,0.6,False,4,True,True,False,0.0,0.0
E07_2003,E07,2003,tree,cpss_final,4,0.7,False,4,True,True,False,0.0,0.0
E07_2003,E07,2003,tree,cpss_final,4,0.8,False,4,True,True,False,0.0,0.0
E07_2003,E07,2003,tree,cpss_final,4,0.9,True,4,True,True,False,0.0,0.0
E07_2003,E07,2003,tree,cpss_final,8,0.6,False,4,True,True,False,0.0,0.0
E07_2003,E07,2003,tree,cpss_final,8,0.7,False,4,True,True,False,0.0,0.0
E07_2003,E07,2003,tree,cpss_final,8,0.8,False,4,True,True,False,0.0,0.0
E07_2003,E07,2003,tree,cpss_final,8,0.9,False,4,True,True,False,0.0,0.0
E07_2003,E07,2003,tree,cpss_final,16,0.6,False,4,True,True,False,0.0,0.0
E07_2003,E07,2003,tree,cpss_final,16,0.7,False,4,True,True,False,0.0,0.0
E07_2003,E07,2003,tree,cpss_final,16,0.8,False,4,True,True,False,0.0,0.0
E07_2003,E07,2003,tree,cpss_final,16,0.9,False,4,True,True,False,0.0,0.0
E07_2003,E07,2003,screen,cpss_tuning,4,0.6,False,4,True,True,False,0.0,0.0
E07_2003,E07,2003,screen,cpss_tuning,4,0.7,False,4,True,True,False,0.0,0.0
E07_2003,E07,2003,screen,cpss_tuning,4,0.8,False,4,True,True,False,0.0,0.0
E07_2003,E07,2003,screen,cpss_tuning,4,0.9,True,4,True,True,False,0.0,0.0
E07_2003,E07,2003,screen,cpss_tuning,8,0.6,False,4,True,True,False,0.0,0.0
E07_2003,E07,2003,screen,cpss_tuning,8,0.7,False,4,True,True,False,0.0,0.0
E07_2003,E07,2003,screen,cpss_tuning,8,0.8,False,4,True,True,False,0.0,0.0
E07_2003,E07,2003,screen,cpss_tuning,8,0.9,False,4,True,True,False,0.0,0.0
E07_2003,E07,2003,screen,cpss_tuning,16,0.6,False,4,True,True,False,0.0,0.0
E07_2003,E07,2003,screen,cpss_tuning,16,0.7,False,4,True,True,False,0.0,0.0
E07_2003,E07,2003,screen,cpss_tuning,16,0.8,False,4,True,True,False,0.0,0.0
E07_2003,E07,2003,screen,cpss_tuning,16,0.9,False,4,True,True,False,0.0,0.0
E07_2003,E07,2003,screen,cpss_final,4,0.6,False,4,True,True,False,0.0,0.0
E07_2003,E07,2003,screen,cpss_final,4,0.7,False,4,True,True,False,0.0,0.0
E07_2003,E07,2003,screen,cpss_final,4,0.8,False,4,True,True,False,0.0,0.0
E07_2003,E07,2003,screen,cpss_final,4,0.9,True,4,True,True,False,0.0,0.0
E07_2003,E07,2003,screen,cpss_final,8,0.6,False,4,True,True,False,0.0,0.0
E07_2003,E07,2003,screen,cpss_final,8,0.7,False,4,True,True,False,0.0,0.0
E07_2003,E07,2003,screen,cpss_final,8,0.8,False,4,True,True,False,0.0,0.0
E07_2003,E07,2003,screen,cpss_final,8,0.9,False,4,True,True,False,0.0,0.0
E07_2003,E07,2003,screen,cpss_final,16,0.6,False,4,True,True,False,0.0,0.0
E07_2003,E07,2003,screen,cpss_final,16,0.7,False,4,True,True,False,0.0,0.0
E07_2003,E07,2003,screen,cpss_final,16,0.8,False,4,True,True,False,0.0,0.0
E07_2003,E07,2003,screen,cpss_final,16,0.9,False,4,True,True,False,0.0,0.0
E07_2011,E07,2011,shil,cpss_tuning,4,0.6,False,4,True,True,False,0.0,0.0
E07_2011,E07,2011,shil,cpss_tuning,4,0.7,False,4,True,True,False,0.0,0.0
E07_2011,E07,2011,shil,cpss_tuning,4,0.8,False,4,True,True,False,0.0,0.0
E07_2011,E07,2011,shil,cpss_tuning,4,0.9,True,4,True,True,False,0.0,0.0
E07_2011,E07,2011,shil,cpss_tuning,8,0.6,False,4,True,True,False,0.0,0.0
E07_2011,E07,2011,shil,cpss_tuning,8,0.7,False,4,True,True,False,0.0,0.0
E07_2011,E07,2011,shil,cpss_tuning,8,0.8,False,4,True,True,False,0.0,0.0
E07_2011,E07,2011,shil,cpss_tuning,8,0.9,False,4,True,True,False,0.0,0.0
E07_2011,E07,2011,shil,cpss_tuning,16,0.6,False,4,True,True,False,0.0,0.0
E07_2011,E07,2011,shil,cpss_tuning,16,0.7,False,4,True,True,False,0.0,0.0
E07_2011,E07,2011,shil,cpss_tuning,16,0.8,False,4,True,True,False,0.0,0.0
E07_2011,E07,2011,shil,cpss_tuning,16,0.9,False,4,True,True,False,0.0,0.0
E07_2011,E07,2011,shil,cpss_final,4,0.6,False,4,True,True,False,0.0,0.0
E07_2011,E07,2011,shil,cpss_final,4,0.7,False,4,True,True,False,0.0,0.0
E07_2011,E07,2011,shil,cpss_final,4,0.8,False,4,True,True,False,0.0,0.0
E07_2011,E07,2011,shil,cpss_final,4,0.9,True,4,True,True,False,0.0,0.0
E07_2011,E07,2011,shil,cpss_final,8,0.6,False,4,True,True,False,0.0,0.0
E07_2011,E07,2011,shil,cpss_final,8,0.7,False,4,True,True,False,0.0,0.0
E07_2011,E07,2011,shil,cpss_final,8,0.8,False,4,True,True,False,0.0,0.0
E07_2011,E07,2011,shil,cpss_final,8,0.9,False,4,True,True,False,0.0,0.0
E07_2011,E07,2011,shil,cpss_final,16,0.6,False,4,True,True,False,0.0,0.0
E07_2011,E07,2011,shil,cpss_final,16,0.7,False,4,True,True,False,0.0,0.0
E07_2011,E07,2011,shil,cpss_final,16,0.8,False,4,True,True,False,0.0,0.0
E07_2011,E07,2011,shil,cpss_final,16,0.9,False,4,True,True,False,0.0,0.0
E07_2011,E07,2011,l1,cpss_tuning,4,0.6,False,4,True,True,False,0.0,0.0
E07_2011,E07,2011,l1,cpss_tuning,4,0.7,False,4,True,True,False,0.0,0.0
E07_2011,E07,2011,l1,cpss_tuning,4,0.8,False,4,True,True,False,0.0,0.0
E07_2011,E07,2011,l1,cpss_tuning,4,0.9,True,4,True,True,False,0.0,0.0
E07_2011,E07,2011,l1,cpss_tuning,8,0.6,False,4,True,True,False,0.0,0.0
E07_2011,E07,2011,l1,cpss_tuning,8,0.7,False,4,True,True,False,0.0,0.0
E07_2011,E07,2011,l1,cpss_tuning,8,0.8,False,4,True,True,False,0.0,0.0
E07_2011,E07,2011,l1,cpss_tuning,8,0.9,False,4,True,True,False,0.0,0.0
E07_2011,E07,2011,l1,cpss_tuning,16,0.6,False,4,True,True,False,0.0,0.0
E07_2011,E07,2011,l1,cpss_tuning,16,0.7,False,4,True,True,False,0.0,0.0
E07_2011,E07,2011,l1,cpss_tuning,16,0.8,False,4,True,True,False,0.0,0.0
E07_2011,E07,2011,l1,cpss_tuning,16,0.9,False,4,True,True,False,0.0,0.0
E07_2011,E07,2011,l1,cpss_final,4,0.6,False,4,True,True,False,0.0,0.0
E07_2011,E07,2011,l1,cpss_final,4,0.7,False,4,True,True,False,0.0,0.0
E07_2011,E07,2011,l1,cpss_final,4,0.8,False,4,True,True,False,0.0,0.0
E07_2011,E07,2011,l1,cpss_final,4,0.9,True,4,True,True,False,0.0,0.0
E07_2011,E07,2011,l1,cpss_final,8,0.6,False,4,True,True,False,0.0,0.0
E07_2011,E07,2011,l1,cpss_final,8,0.7,False,4,True,True,False,0.0,0.0
E07_2011,E07,2011,l1,cpss_final,8,0.8,False,4,True,True,False,0.0,0.0
E07_2011,E07,2011,l1,cpss_final,8,0.9,False,4,True,True,False,0.0,0.0
E07_2011,E07,2011,l1,cpss_final,16,0.6,False,4,True,True,False,0.0,0.0
E07_2011,E07,2011,l1,cpss_final,16,0.7,False,4,True,True,False,0.0,0.0
E07_2011,E07,2011,l1,cpss_final,16,0.8,False,4,True,True,False,0.0,0.0
E07_2011,E07,2011,l1,cpss_final,16,0.9,False,4,True,True,False,0.0,0.0
E07_2011,E07,2011,tree,cpss_tuning,4,0.6,False,4,True,True,False,0.0,0.0
E07_2011,E07,2011,tree,cpss_tuning,4,0.7,False,4,True,True,False,0.0,0.0
E07_2011,E07,2011,tree,cpss_tuning,4,0.8,False,4,True,True,False,0.0,0.0
E07_2011,E07,2011,tree,cpss_tuning,4,0.9,True,4,True,True,False,0.0,0.0
E07_2011,E07,2011,tree,cpss_tuning,8,0.6,False,4,True,True,False,0.0,0.0
E07_2011,E07,2011,tree,cpss_tuning,8,0.7,False,4,True,True,False,0.0,0.0
E07_2011,E07,2011,tree,cpss_tuning,8,0.8,False,4,True,True,False,0.0,0.0
E07_2011,E07,2011,tree,cpss_tuning,8,0.9,False,4,True,True,False,0.0,0.0
E07_2011,E07,2011,tree,cpss_tuning,16,0.6,False,4,True,True,False,0.0,0.0
E07_2011,E07,2011,tree,cpss_tuning,16,0.7,False,4,True,True,False,0.0,0.0
E07_2011,E07,2011,tree,cpss_tuning,16,0.8,False,4,True,True,False,0.0,0.0
E07_2011,E07,2011,tree,cpss_tuning,16,0.9,False,4,True,True,False,0.0,0.0
E07_2011,E07,2011,tree,cpss_final,4,0.6,False,4,True,True,False,0.0,0.0
E07_2011,E07,2011,tree,cpss_final,4,0.7,False,4,True,True,False,0.0,0.0
E07_2011,E07,2011,tree,cpss_final,4,0.8,False,4,True,True,False,0.0,0.0
E07_2011,E07,2011,tree,cpss_final,4,0.9,True,4,True,True,False,0.0,0.0
E07_2011,E07,2011,tree,cpss_final,8,0.6,False,4,True,True,False,0.0,0.0
E07_2011,E07,2011,tree,cpss_final,8,0.7,False,4,True,True,False,0.0,0.0
E07_2011,E07,2011,tree,cpss_final,8,0.8,False,4,True,True,False,0.0,0.0
E07_2011,E07,2011,tree,cpss_final,8,0.9,False,4,True,True,False,0.0,0.0
E07_2011,E07,2011,tree,cpss_final,16,0.6,False,4,True,True,False,0.0,0.0
E07_2011,E07,2011,tree,cpss_final,16,0.7,False,4,True,True,False,0.0,0.0
E07_2011,E07,2011,tree,cpss_final,16,0.8,False,4,True,True,False,0.0,0.0
E07_2011,E07,2011,tree,cpss_final,16,0.9,False,4,True,True,False,0.0,0.0
E07_2011,E07,2011,screen,cpss_tuning,4,0.6,False,4,True,True,False,0.0,0.0
E07_2011,E07,2011,screen,cpss_tuning,4,0.7,False,4,True,True,False,0.0,0.0
E07_2011,E07,2011,screen,cpss_tuning,4,0.8,False,4,True,True,False,0.0,0.0
E07_2011,E07,2011,screen,cpss_tuning,4,0.9,True,4,True,True,False,0.0,0.0
E07_2011,E07,2011,screen,cpss_tuning,8,0.6,False,4,True,True,False,0.0,0.0
E07_2011,E07,2011,screen,cpss_tuning,8,0.7,False,4,True,True,False,0.0,0.0
E07_2011,E07,2011,screen,cpss_tuning,8,0.8,False,4,True,True,False,0.0,0.0
E07_2011,E07,2011,screen,cpss_tuning,8,0.9,False,4,True,True,False,0.0,0.0
E07_2011,E07,2011,screen,cpss_tuning,16,0.6,False,4,True,True,False,0.0,0.0
E07_2011,E07,2011,screen,cpss_tuning,16,0.7,False,4,True,True,False,0.0,0.0
E07_2011,E07,2011,screen,cpss_tuning,16,0.8,False,4,True,True,False,0.0,0.0
E07_2011,E07,2011,screen,cpss_tuning,16,0.9,False,4,True,True,False,0.0,0.0
E07_2011,E07,2011,screen,cpss_final,4,0.6,False,4,True,True,False,0.0,0.0
E07_2011,E07,2011,screen,cpss_final,4,0.7,False,4,True,True,False,0.0,0.0
E07_2011,E07,2011,screen,cpss_final,4,0.8,False,4,True,True,False,0.0,0.0
E07_2011,E07,2011,screen,cpss_final,4,0.9,True,4,True,True,False,0.0,0.0
E07_2011,E07,2011,screen,cpss_final,8,0.6,False,4,True,True,False,0.0,0.0
E07_2011,E07,2011,screen,cpss_final,8,0.7,False,4,True,True,False,0.0,0.0
E07_2011,E07,2011,screen,cpss_final,8,0.8,False,4,True,True,False,0.0,0.0
E07_2011,E07,2011,screen,cpss_final,8,0.9,False,4,True,True,False,0.0,0.0
E07_2011,E07,2011,screen,cpss_final,16,0.6,False,4,True,True,False,0.0,0.0
E07_2011,E07,2011,screen,cpss_final,16,0.7,False,4,True,True,False,0.0,0.0
E07_2011,E07,2011,screen,cpss_final,16,0.8,False,4,True,True,False,0.0,0.0
E07_2011,E07,2011,screen,cpss_final,16,0.9,False,4,True,True,False,0.0,0.0
E07_2017,E07,2017,shil,cpss_tuning,4,0.6,False,4,True,True,False,0.0,0.0
E07_2017,E07,2017,shil,cpss_tuning,4,0.7,False,4,True,True,False,0.0,0.0
E07_2017,E07,2017,shil,cpss_tuning,4,0.8,False,4,True,True,False,0.0,0.0
E07_2017,E07,2017,shil,cpss_tuning,4,0.9,True,4,True,True,False,0.0,0.0
E07_2017,E07,2017,shil,cpss_tuning,8,0.6,False,4,True,True,False,0.0,0.0
E07_2017,E07,2017,shil,cpss_tuning,8,0.7,False,4,True,True,False,0.0,0.0
E07_2017,E07,2017,shil,cpss_tuning,8,0.8,False,4,True,True,False,0.0,0.0
E07_2017,E07,2017,shil,cpss_tuning,8,0.9,False,4,True,True,False,0.0,0.0
E07_2017,E07,2017,shil,cpss_tuning,16,0.6,False,4,True,True,False,0.0,0.0
E07_2017,E07,2017,shil,cpss_tuning,16,0.7,False,4,True,True,False,0.0,0.0
E07_2017,E07,2017,shil,cpss_tuning,16,0.8,False,4,True,True,False,0.0,0.0
E07_2017,E07,2017,shil,cpss_tuning,16,0.9,False,4,True,True,False,0.0,0.0
E07_2017,E07,2017,shil,cpss_final,4,0.6,False,4,True,True,False,0.0,0.0
E07_2017,E07,2017,shil,cpss_final,4,0.7,False,4,True,True,False,0.0,0.0
E07_2017,E07,2017,shil,cpss_final,4,0.8,False,4,True,True,False,0.0,0.0
E07_2017,E07,2017,shil,cpss_final,4,0.9,True,4,True,True,False,0.0,0.0
E07_2017,E07,2017,shil,cpss_final,8,0.6,False,4,True,True,False,0.0,0.0
E07_2017,E07,2017,shil,cpss_final,8,0.7,False,4,True,True,False,0.0,0.0
E07_2017,E07,2017,shil,cpss_final,8,0.8,False,4,True,True,False,0.0,0.0
E07_2017,E07,2017,shil,cpss_final,8,0.9,False,4,True,True,False,0.0,0.0
E07_2017,E07,2017,shil,cpss_final,16,0.6,False,4,True,True,False,0.0,0.0
E07_2017,E07,2017,shil,cpss_final,16,0.7,False,4,True,True,False,0.0,0.0
E07_2017,E07,2017,shil,cpss_final,16,0.8,False,4,True,True,False,0.0,0.0
E07_2017,E07,2017,shil,cpss_final,16,0.9,False,4,True,True,False,0.0,0.0
E07_2017,E07,2017,l1,cpss_tuning,4,0.6,False,4,True,True,False,0.0,0.0
E07_2017,E07,2017,l1,cpss_tuning,4,0.7,False,4,True,True,False,0.0,0.0
E07_2017,E07,2017,l1,cpss_tuning,4,0.8,False,4,True,True,False,0.0,0.0
E07_2017,E07,2017,l1,cpss_tuning,4,0.9,True,4,True,True,False,0.0,0.0
E07_2017,E07,2017,l1,cpss_tuning,8,0.6,False,4,True,True,False,0.0,0.0
E07_2017,E07,2017,l1,cpss_tuning,8,0.7,False,4,True,True,False,0.0,0.0
E07_2017,E07,2017,l1,cpss_tuning,8,0.8,False,4,True,True,False,0.0,0.0
E07_2017,E07,2017,l1,cpss_tuning,8,0.9,False,4,True,True,False,0.0,0.0
E07_2017,E07,2017,l1,cpss_tuning,16,0.6,False,4,True,True,False,0.0,0.0
E07_2017,E07,2017,l1,cpss_tuning,16,0.7,False,4,True,True,False,0.0,0.0
E07_2017,E07,2017,l1,cpss_tuning,16,0.8,False,4,True,True,False,0.0,0.0
E07_2017,E07,2017,l1,cpss_tuning,16,0.9,False,4,True,True,False,0.0,0.0
E07_2017,E07,2017,l1,cpss_final,4,0.6,False,4,True,True,False,0.0,0.0
E07_2017,E07,2017,l1,cpss_final,4,0.7,False,4,True,True,False,0.0,0.0
E07_2017,E07,2017,l1,cpss_final,4,0.8,False,4,True,True,False,0.0,0.0
E07_2017,E07,2017,l1,cpss_final,4,0.9,True,4,True,True,False,0.0,0.0
E07_2017,E07,2017,l1,cpss_final,8,0.6,False,4,True,True,False,0.0,0.0
E07_2017,E07,2017,l1,cpss_final,8,0.7,False,4,True,True,False,0.0,0.0
E07_2017,E07,2017,l1,cpss_final,8,0.8,False,4,True,True,False,0.0,0.0
E07_2017,E07,2017,l1,cpss_final,8,0.9,False,4,True,True,False,0.0,0.0
E07_2017,E07,2017,l1,cpss_final,16,0.6,False,4,True,True,False,0.0,0.0
E07_2017,E07,2017,l1,cpss_final,16,0.7,False,4,True,True,False,0.0,0.0
E07_2017,E07,2017,l1,cpss_final,16,0.8,False,4,True,True,False,0.0,0.0
E07_2017,E07,2017,l1,cpss_final,16,0.9,False,4,True,True,False,0.0,0.0
E07_2017,E07,2017,tree,cpss_tuning,4,0.6,False,4,True,True,False,0.0,0.0
E07_2017,E07,2017,tree,cpss_tuning,4,0.7,False,4,True,True,False,0.0,0.0
E07_2017,E07,2017,tree,cpss_tuning,4,0.8,False,4,True,True,False,0.0,0.0
E07_2017,E07,2017,tree,cpss_tuning,4,0.9,True,4,True,True,False,0.0,0.0
E07_2017,E07,2017,tree,cpss_tuning,8,0.6,False,4,True,True,False,0.0,0.0
E07_2017,E07,2017,tree,cpss_tuning,8,0.7,False,4,True,True,False,0.0,0.0
E07_2017,E07,2017,tree,cpss_tuning,8,0.8,False,4,True,True,False,0.0,0.0
E07_2017,E07,2017,tree,cpss_tuning,8,0.9,False,4,True,True,False,0.0,0.0
E07_2017,E07,2017,tree,cpss_tuning,16,0.6,False,4,True,True,False,0.0,0.0
E07_2017,E07,2017,tree,cpss_tuning,16,0.7,False,4,True,True,False,0.0,0.0
E07_2017,E07,2017,tree,cpss_tuning,16,0.8,False,4,True,True,False,0.0,0.0
E07_2017,E07,2017,tree,cpss_tuning,16,0.9,False,4,True,True,False,0.0,0.0
E07_2017,E07,2017,tree,cpss_final,4,0.6,False,4,True,True,False,0.0,0.0
E07_2017,E07,2017,tree,cpss_final,4,0.7,False,4,True,True,False,0.0,0.0
E07_2017,E07,2017,tree,cpss_final,4,0.8,False,4,True,True,False,0.0,0.0
E07_2017,E07,2017,tree,cpss_final,4,0.9,True,4,True,True,False,0.0,0.0
E07_2017,E07,2017,tree,cpss_final,8,0.6,False,4,True,True,False,0.0,0.0
E07_2017,E07,2017,tree,cpss_final,8,0.7,False,4,True,True,False,0.0,0.0
E07_2017,E07,2017,tree,cpss_final,8,0.8,False,4,True,True,False,0.0,0.0
E07_2017,E07,2017,tree,cpss_final,8,0.9,False,4,True,True,False,0.0,0.0
E07_2017,E07,2017,tree,cpss_final,16,0.6,False,4,True,True,False,0.0,0.0
E07_2017,E07,2017,tree,cpss_final,16,0.7,False,4,True,True,False,0.0,0.0
E07_2017,E07,2017,tree,cpss_final,16,0.8,False,4,True,True,False,0.0,0.0
E07_2017,E07,2017,tree,cpss_final,16,0.9,False,4,True,True,False,0.0,0.0
E07_2017,E07,2017,screen,cpss_tuning,4,0.6,False,4,True,True,False,0.0,0.0
E07_2017,E07,2017,screen,cpss_tuning,4,0.7,False,4,True,True,False,0.0,0.0
E07_2017,E07,2017,screen,cpss_tuning,4,0.8,False,4,True,True,False,0.0,0.0
E07_2017,E07,2017,screen,cpss_tuning,4,0.9,True,4,True,True,False,0.0,0.0
E07_2017,E07,2017,screen,cpss_tuning,8,0.6,False,4,True,True,False,0.0,0.0
E07_2017,E07,2017,screen,cpss_tuning,8,0.7,False,4,True,True,False,0.0,0.0
E07_2017,E07,2017,screen,cpss_tuning,8,0.8,False,4,True,True,False,0.0,0.0
E07_2017,E07,2017,screen,cpss_tuning,8,0.9,False,4,True,True,False,0.0,0.0
E07_2017,E07,2017,screen,cpss_tuning,16,0.6,False,4,True,True,False,0.0,0.0
E07_2017,E07,2017,screen,cpss_tuning,16,0.7,False,4,True,True,False,0.0,0.0
E07_2017,E07,2017,screen,cpss_tuning,16,0.8,False,4,True,True,False,0.0,0.0
E07_2017,E07,2017,screen,cpss_tuning,16,0.9,False,4,True,True,False,0.0,0.0
E07_2017,E07,2017,screen,cpss_final,4,0.6,False,4,True,True,False,0.0,0.0
E07_2017,E07,2017,screen,cpss_final,4,0.7,False,4,True,True,False,0.0,0.0
E07_2017,E07,2017,screen,cpss_final,4,0.8,False,4,True,True,False,0.0,0.0
E07_2017,E07,2017,screen,cpss_final,4,0.9,True,4,True,True,False,0.0,0.0
E07_2017,E07,2017,screen,cpss_final,8,0.6,False,4,True,True,False,0.0,0.0
E07_2017,E07,2017,screen,cpss_final,8,0.7,False,4,True,True,False,0.0,0.0
E07_2017,E07,2017,screen,cpss_final,8,0.8,False,4,True,True,False,0.0,0.0
E07_2017,E07,2017,screen,cpss_final,8,0.9,False,4,True,True,False,0.0,0.0
E07_2017,E07,2017,screen,cpss_final,16,0.6,False,4,True,True,False,0.0,0.0
E07_2017,E07,2017,screen,cpss_final,16,0.7,False,4,True,True,False,0.0,0.0
E07_2017,E07,2017,screen,cpss_final,16,0.8,False,4,True,True,False,0.0,0.0
E07_2017,E07,2017,screen,cpss_final,16,0.9,False,4,True,True,False,0.0,0.0
E07_2027,E07,2027,shil,cpss_tuning,4,0.6,False,4,True,True,False,0.0,0.0
E07_2027,E07,2027,shil,cpss_tuning,4,0.7,False,4,True,True,False,0.0,0.0
E07_2027,E07,2027,shil,cpss_tuning,4,0.8,False,4,True,True,False,0.0,0.0
E07_2027,E07,2027,shil,cpss_tuning,4,0.9,True,4,True,True,False,0.0,0.0
E07_2027,E07,2027,shil,cpss_tuning,8,0.6,False,4,True,True,False,0.0,0.0
E07_2027,E07,2027,shil,cpss_tuning,8,0.7,False,4,True,True,False,0.0,0.0
E07_2027,E07,2027,shil,cpss_tuning,8,0.8,False,4,True,True,False,0.0,0.0
E07_2027,E07,2027,shil,cpss_tuning,8,0.9,False,4,True,True,False,0.0,0.0
E07_2027,E07,2027,shil,cpss_tuning,16,0.6,False,4,True,True,False,0.0,0.0
E07_2027,E07,2027,shil,cpss_tuning,16,0.7,False,4,True,True,False,0.0,0.0
E07_2027,E07,2027,shil,cpss_tuning,16,0.8,False,4,True,True,False,0.0,0.0
E07_2027,E07,2027,shil,cpss_tuning,16,0.9,False,4,True,True,False,0.0,0.0
E07_2027,E07,2027,shil,cpss_final,4,0.6,False,4,True,True,False,0.0,0.0
E07_2027,E07,2027,shil,cpss_final,4,0.7,False,4,True,True,False,0.0,0.0
E07_2027,E07,2027,shil,cpss_final,4,0.8,False,4,True,True,False,0.0,0.0
E07_2027,E07,2027,shil,cpss_final,4,0.9,True,4,True,True,False,0.0,0.0
E07_2027,E07,2027,shil,cpss_final,8,0.6,False,4,True,True,False,0.0,0.0
E07_2027,E07,2027,shil,cpss_final,8,0.7,False,4,True,True,False,0.0,0.0
E07_2027,E07,2027,shil,cpss_final,8,0.8,False,4,True,True,False,0.0,0.0
E07_2027,E07,2027,shil,cpss_final,8,0.9,False,4,True,True,False,0.0,0.0
E07_2027,E07,2027,shil,cpss_final,16,0.6,False,4,True,True,False,0.0,0.0
E07_2027,E07,2027,shil,cpss_final,16,0.7,False,4,True,True,False,0.0,0.0
E07_2027,E07,2027,shil,cpss_final,16,0.8,False,4,True,True,False,0.0,0.0
E07_2027,E07,2027,shil,cpss_final,16,0.9,False,4,True,True,False,0.0,0.0
E07_2027,E07,2027,l1,cpss_tuning,4,0.6,False,4,True,True,False,0.0,0.0
E07_2027,E07,2027,l1,cpss_tuning,4,0.7,False,4,True,True,False,0.0,0.0
E07_2027,E07,2027,l1,cpss_tuning,4,0.8,False,4,True,True,False,0.0,0.0
E07_2027,E07,2027,l1,cpss_tuning,4,0.9,True,4,True,True,False,0.0,0.0
E07_2027,E07,2027,l1,cpss_tuning,8,0.6,False,4,True,True,False,0.0,0.0
E07_2027,E07,2027,l1,cpss_tuning,8,0.7,False,4,True,True,False,0.0,0.0
E07_2027,E07,2027,l1,cpss_tuning,8,0.8,False,4,True,True,False,0.0,0.0
E07_2027,E07,2027,l1,cpss_tuning,8,0.9,False,4,True,True,False,0.0,0.0
E07_2027,E07,2027,l1,cpss_tuning,16,0.6,False,4,True,True,False,0.0,0.0
E07_2027,E07,2027,l1,cpss_tuning,16,0.7,False,4,True,True,False,0.0,0.0
E07_2027,E07,2027,l1,cpss_tuning,16,0.8,False,4,True,True,False,0.0,0.0
E07_2027,E07,2027,l1,cpss_tuning,16,0.9,False,4,True,True,False,0.0,0.0
E07_2027,E07,2027,l1,cpss_final,4,0.6,False,4,True,True,False,0.0,0.0
E07_2027,E07,2027,l1,cpss_final,4,0.7,False,4,True,True,False,0.0,0.0
E07_2027,E07,2027,l1,cpss_final,4,0.8,False,4,True,True,False,0.0,0.0
E07_2027,E07,2027,l1,cpss_final,4,0.9,True,4,True,True,False,0.0,0.0
E07_2027,E07,2027,l1,cpss_final,8,0.6,False,4,True,True,False,0.0,0.0
E07_2027,E07,2027,l1,cpss_final,8,0.7,False,4,True,True,False,0.0,0.0
E07_2027,E07,2027,l1,cpss_final,8,0.8,False,4,True,True,False,0.0,0.0
E07_2027,E07,2027,l1,cpss_final,8,0.9,False,4,True,True,False,0.0,0.0
E07_2027,E07,2027,l1,cpss_final,16,0.6,False,4,True,True,False,0.0,0.0
E07_2027,E07,2027,l1,cpss_final,16,0.7,False,4,True,True,False,0.0,0.0
E07_2027,E07,2027,l1,cpss_final,16,0.8,False,4,True,True,False,0.0,0.0
E07_2027,E07,2027,l1,cpss_final,16,0.9,False,4,True,True,False,0.0,0.0
E07_2027,E07,2027,tree,cpss_tuning,4,0.6,False,4,True,True,False,0.0,0.0
E07_2027,E07,2027,tree,cpss_tuning,4,0.7,False,4,True,True,False,0.0,0.0
E07_2027,E07,2027,tree,cpss_tuning,4,0.8,False,4,True,True,False,0.0,0.0
E07_2027,E07,2027,tree,cpss_tuning,4,0.9,True,4,True,True,False,0.0,0.0
E07_2027,E07,2027,tree,cpss_tuning,8,0.6,False,4,True,True,False,0.0,0.0
E07_2027,E07,2027,tree,cpss_tuning,8,0.7,False,4,True,True,False,0.0,0.0
E07_2027,E07,2027,tree,cpss_tuning,8,0.8,False,4,True,True,False,0.0,0.0
E07_2027,E07,2027,tree,cpss_tuning,8,0.9,False,4,True,True,False,0.0,0.0
E07_2027,E07,2027,tree,cpss_tuning,16,0.6,False,4,True,True,False,0.0,0.0
E07_2027,E07,2027,tree,cpss_tuning,16,0.7,False,4,True,True,False,0.0,0.0
E07_2027,E07,2027,tree,cpss_tuning,16,0.8,False,4,True,True,False,0.0,0.0
E07_2027,E07,2027,tree,cpss_tuning,16,0.9,False,4,True,True,False,0.0,0.0
E07_2027,E07,2027,tree,cpss_final,4,0.6,False,4,True,True,False,0.0,0.0
E07_2027,E07,2027,tree,cpss_final,4,0.7,False,4,True,True,False,0.0,0.0
E07_2027,E07,2027,tree,cpss_final,4,0.8,False,4,True,True,False,0.0,0.0
E07_2027,E07,2027,tree,cpss_final,4,0.9,True,4,True,True,False,0.0,0.0
E07_2027,E07,2027,tree,cpss_final,8,0.6,False,4,True,True,False,0.0,0.0
E07_2027,E07,2027,tree,cpss_final,8,0.7,False,4,True,True,False,0.0,0.0
E07_2027,E07,2027,tree,cpss_final,8,0.8,False,4,True,True,False,0.0,0.0
E07_2027,E07,2027,tree,cpss_final,8,0.9,False,4,True,True,False,0.0,0.0
E07_2027,E07,2027,tree,cpss_final,16,0.6,False,4,True,True,False,0.0,0.0
E07_2027,E07,2027,tree,cpss_final,16,0.7,False,4,True,True,False,0.0,0.0
E07_2027,E07,2027,tree,cpss_final,16,0.8,False,4,True,True,False,0.0,0.0
E07_2027,E07,2027,tree,cpss_final,16,0.9,False,4,True,True,False,0.0,0.0
E07_2027,E07,2027,screen,cpss_tuning,4,0.6,False,4,True,True,False,0.0,0.0
E07_2027,E07,2027,screen,cpss_tuning,4,0.7,False,4,True,True,False,0.0,0.0
E07_2027,E07,2027,screen,cpss_tuning,4,0.8,False,4,True,True,False,0.0,0.0
E07_2027,E07,2027,screen,cpss_tuning,4,0.9,True,4,True,True,False,0.0,0.0
E07_2027,E07,2027,screen,cpss_tuning,8,0.6,False,4,True,True,False,0.0,0.0
E07_2027,E07,2027,screen,cpss_tuning,8,0.7,False,4,True,True,False,0.0,0.0
E07_2027,E07,2027,screen,cpss_tuning,8,0.8,False,4,True,True,False,0.0,0.0
E07_2027,E07,2027,screen,cpss_tuning,8,0.9,False,4,True,True,False,0.0,0.0
E07_2027,E07,2027,screen,cpss_tuning,16,0.6,False,4,True,True,False,0.0,0.0
E07_2027,E07,2027,screen,cpss_tuning,16,0.7,False,4,True,True,False,0.0,0.0
E07_2027,E07,2027,screen,cpss_tuning,16,0.8,False,4,True,True,False,0.0,0.0
E07_2027,E07,2027,screen,cpss_tuning,16,0.9,False,4,True,True,False,0.0,0.0
E07_2027,E07,2027,screen,cpss_final,4,0.6,False,4,True,True,False,0.0,0.0
E07_2027,E07,2027,screen,cpss_final,4,0.7,False,4,True,True,False,0.0,0.0
E07_2027,E07,2027,screen,cpss_final,4,0.8,False,4,True,True,False,0.0,0.0
E07_2027,E07,2027,screen,cpss_final,4,0.9,True,4,True,True,False,0.0,0.0
E07_2027,E07,2027,screen,cpss_final,8,0.6,False,4,True,True,False,0.0,0.0
E07_2027,E07,2027,screen,cpss_final,8,0.7,False,4,True,True,False,0.0,0.0
E07_2027,E07,2027,screen,cpss_final,8,0.8,False,4,True,True,False,0.0,0.0
E07_2027,E07,2027,screen,cpss_final,8,0.9,False,4,True,True,False,0.0,0.0
E07_2027,E07,2027,screen,cpss_final,16,0.6,False,4,True,True,False,0.0,0.0
E07_2027,E07,2027,screen,cpss_final,16,0.7,False,4,True,True,False,0.0,0.0
E07_2027,E07,2027,screen,cpss_final,16,0.8,False,4,True,True,False,0.0,0.0
E07_2027,E07,2027,screen,cpss_final,16,0.9,False,4,True,True,False,0.0,0.0
E07_2029,E07,2029,shil,cpss_tuning,4,0.6,False,4,True,True,False,0.0,0.0
E07_2029,E07,2029,shil,cpss_tuning,4,0.7,False,4,True,True,False,0.0,0.0
E07_2029,E07,2029,shil,cpss_tuning,4,0.8,False,4,True,True,False,0.0,0.0
E07_2029,E07,2029,shil,cpss_tuning,4,0.9,True,4,True,True,False,0.0,0.0
E07_2029,E07,2029,shil,cpss_tuning,8,0.6,False,4,True,True,False,0.0,0.0
E07_2029,E07,2029,shil,cpss_tuning,8,0.7,False,4,True,True,False,0.0,0.0
E07_2029,E07,2029,shil,cpss_tuning,8,0.8,False,4,True,True,False,0.0,0.0
E07_2029,E07,2029,shil,cpss_tuning,8,0.9,False,4,True,True,False,0.0,0.0
E07_2029,E07,2029,shil,cpss_tuning,16,0.6,False,4,True,True,False,0.0,0.0
E07_2029,E07,2029,shil,cpss_tuning,16,0.7,False,4,True,True,False,0.0,0.0
E07_2029,E07,2029,shil,cpss_tuning,16,0.8,False,4,True,True,False,0.0,0.0
E07_2029,E07,2029,shil,cpss_tuning,16,0.9,False,4,True,True,False,0.0,0.0
E07_2029,E07,2029,shil,cpss_final,4,0.6,False,4,True,True,False,0.0,0.0
E07_2029,E07,2029,shil,cpss_final,4,0.7,False,4,True,True,False,0.0,0.0
E07_2029,E07,2029,shil,cpss_final,4,0.8,False,4,True,True,False,0.0,0.0
E07_2029,E07,2029,shil,cpss_final,4,0.9,True,4,True,True,False,0.0,0.0
E07_2029,E07,2029,shil,cpss_final,8,0.6,False,4,True,True,False,0.0,0.0
E07_2029,E07,2029,shil,cpss_final,8,0.7,False,4,True,True,False,0.0,0.0
E07_2029,E07,2029,shil,cpss_final,8,0.8,False,4,True,True,False,0.0,0.0
E07_2029,E07,2029,shil,cpss_final,8,0.9,False,4,True,True,False,0.0,0.0
E07_2029,E07,2029,shil,cpss_final,16,0.6,False,4,True,True,False,0.0,0.0
E07_2029,E07,2029,shil,cpss_final,16,0.7,False,4,True,True,False,0.0,0.0
E07_2029,E07,2029,shil,cpss_final,16,0.8,False,4,True,True,False,0.0,0.0
E07_2029,E07,2029,shil,cpss_final,16,0.9,False,4,True,True,False,0.0,0.0
E07_2029,E07,2029,l1,cpss_tuning,4,0.6,False,4,True,True,False,0.0,0.0
E07_2029,E07,2029,l1,cpss_tuning,4,0.7,False,4,True,True,False,0.0,0.0
E07_2029,E07,2029,l1,cpss_tuning,4,0.8,False,4,True,True,False,0.0,0.0
E07_2029,E07,2029,l1,cpss_tuning,4,0.9,True,4,True,True,False,0.0,0.0
E07_2029,E07,2029,l1,cpss_tuning,8,0.6,False,4,True,True,False,0.0,0.0
E07_2029,E07,2029,l1,cpss_tuning,8,0.7,False,4,True,True,False,0.0,0.0
E07_2029,E07,2029,l1,cpss_tuning,8,0.8,False,4,True,True,False,0.0,0.0
E07_2029,E07,2029,l1,cpss_tuning,8,0.9,False,4,True,True,False,0.0,0.0
E07_2029,E07,2029,l1,cpss_tuning,16,0.6,False,4,True,True,False,0.0,0.0
E07_2029,E07,2029,l1,cpss_tuning,16,0.7,False,4,True,True,False,0.0,0.0
E07_2029,E07,2029,l1,cpss_tuning,16,0.8,False,4,True,True,False,0.0,0.0
E07_2029,E07,2029,l1,cpss_tuning,16,0.9,False,4,True,True,False,0.0,0.0
E07_2029,E07,2029,l1,cpss_final,4,0.6,False,4,True,True,False,0.0,0.0
E07_2029,E07,2029,l1,cpss_final,4,0.7,False,4,True,True,False,0.0,0.0
E07_2029,E07,2029,l1,cpss_final,4,0.8,False,4,True,True,False,0.0,0.0
E07_2029,E07,2029,l1,cpss_final,4,0.9,True,4,True,True,False,0.0,0.0
E07_2029,E07,2029,l1,cpss_final,8,0.6,False,4,True,True,False,0.0,0.0
E07_2029,E07,2029,l1,cpss_final,8,0.7,False,4,True,True,False,0.0,0.0
E07_2029,E07,2029,l1,cpss_final,8,0.8,False,4,True,True,False,0.0,0.0
E07_2029,E07,2029,l1,cpss_final,8,0.9,False,4,True,True,False,0.0,0.0
E07_2029,E07,2029,l1,cpss_final,16,0.6,False,4,True,True,False,0.0,0.0
E07_2029,E07,2029,l1,cpss_final,16,0.7,False,4,True,True,False,0.0,0.0
E07_2029,E07,2029,l1,cpss_final,16,0.8,False,4,True,True,False,0.0,0.0
E07_2029,E07,2029,l1,cpss_final,16,0.9,False,4,True,True,False,0.0,0.0
E07_2029,E07,2029,tree,cpss_tuning,4,0.6,False,4,True,True,False,0.0,0.0
E07_2029,E07,2029,tree,cpss_tuning,4,0.7,False,4,True,True,False,0.0,0.0
E07_2029,E07,2029,tree,cpss_tuning,4,0.8,False,4,True,True,False,0.0,0.0
E07_2029,E07,2029,tree,cpss_tuning,4,0.9,True,4,True,True,False,0.0,0.0
E07_2029,E07,2029,tree,cpss_tuning,8,0.6,False,4,True,True,False,0.0,0.0
E07_2029,E07,2029,tree,cpss_tuning,8,0.7,False,4,True,True,False,0.0,0.0
E07_2029,E07,2029,tree,cpss_tuning,8,0.8,False,4,True,True,False,0.0,0.0
E07_2029,E07,2029,tree,cpss_tuning,8,0.9,False,4,True,True,False,0.0,0.0
E07_2029,E07,2029,tree,cpss_tuning,16,0.6,False,4,True,True,False,0.0,0.0
E07_2029,E07,2029,tree,cpss_tuning,16,0.7,False,4,True,True,False,0.0,0.0
E07_2029,E07,2029,tree,cpss_tuning,16,0.8,False,4,True,True,False,0.0,0.0
E07_2029,E07,2029,tree,cpss_tuning,16,0.9,False,4,True,True,False,0.0,0.0
E07_2029,E07,2029,tree,cpss_final,4,0.6,False,4,True,True,False,0.0,0.0
E07_2029,E07,2029,tree,cpss_final,4,0.7,False,4,True,True,False,0.0,0.0
E07_2029,E07,2029,tree,cpss_final,4,0.8,False,4,True,True,False,0.0,0.0
E07_2029,E07,2029,tree,cpss_final,4,0.9,True,4,True,True,False,0.0,0.0
E07_2029,E07,2029,tree,cpss_final,8,0.6,False,4,True,True,False,0.0,0.0
E07_2029,E07,2029,tree,cpss_final,8,0.7,False,4,True,True,False,0.0,0.0
E07_2029,E07,2029,tree,cpss_final,8,0.8,False,4,True,True,False,0.0,0.0
E07_2029,E07,2029,tree,cpss_final,8,0.9,False,4,True,True,False,0.0,0.0
E07_2029,E07,2029,tree,cpss_final,16,0.6,False,4,True,True,False,0.0,0.0
E07_2029,E07,2029,tree,cpss_final,16,0.7,False,4,True,True,False,0.0,0.0
E07_2029,E07,2029,tree,cpss_final,16,0.8,False,4,True,True,False,0.0,0.0
E07_2029,E07,2029,tree,cpss_final,16,0.9,False,4,True,True,False,0.0,0.0
E07_2029,E07,2029,screen,cpss_tuning,4,0.6,False,4,True,True,False,0.0,0.0
E07_2029,E07,2029,screen,cpss_tuning,4,0.7,False,4,True,True,False,0.0,0.0
E07_2029,E07,2029,screen,cpss_tuning,4,0.8,False,4,True,True,False,0.0,0.0
E07_2029,E07,2029,screen,cpss_tuning,4,0.9,True,4,True,True,False,0.0,0.0
E07_2029,E07,2029,screen,cpss_tuning,8,0.6,False,4,True,True,False,0.0,0.0
E07_2029,E07,2029,screen,cpss_tuning,8,0.7,False,4,True,True,False,0.0,0.0
E07_2029,E07,2029,screen,cpss_tuning,8,0.8,False,4,True,True,False,0.0,0.0
E07_2029,E07,2029,screen,cpss_tuning,8,0.9,False,4,True,True,False,0.0,0.0
E07_2029,E07,2029,screen,cpss_tuning,16,0.6,False,4,True,True,False,0.0,0.0
E07_2029,E07,2029,screen,cpss_tuning,16,0.7,False,4,True,True,False,0.0,0.0
E07_2029,E07,2029,screen,cpss_tuning,16,0.8,False,4,True,True,False,0.0,0.0
E07_2029,E07,2029,screen,cpss_tuning,16,0.9,False,4,True,True,False,0.0,0.0
E07_2029,E07,2029,screen,cpss_final,4,0.6,False,4,True,True,False,0.0,0.0
E07_2029,E07,2029,screen,cpss_final,4,0.7,False,4,True,True,False,0.0,0.0
E07_2029,E07,2029,screen,cpss_final,4,0.8,False,4,True,True,False,0.0,0.0
E07_2029,E07,2029,screen,cpss_final,4,0.9,True,4,True,True,False,0.0,0.0
E07_2029,E07,2029,screen,cpss_final,8,0.6,False,4,True,True,False,0.0,0.0
E07_2029,E07,2029,screen,cpss_final,8,0.7,False,4,True,True,False,0.0,0.0
E07_2029,E07,2029,screen,cpss_final,8,0.8,False,4,True,True,False,0.0,0.0
E07_2029,E07,2029,screen,cpss_final,8,0.9,False,4,True,True,False,0.0,0.0
E07_2029,E07,2029,screen,cpss_final,16,0.6,False,4,True,True,False,0.0,0.0
E07_2029,E07,2029,screen,cpss_final,16,0.7,False,4,True,True,False,0.0,0.0
E07_2029,E07,2029,screen,cpss_final,16,0.8,False,4,True,True,False,0.0,0.0
E07_2029,E07,2029,screen,cpss_final,16,0.9,False,4,True,True,False,0.0,0.0
E08_2003,E08,2003,shil,cpss_tuning,4,0.6,False,4,True,True,False,0.0,0.0
E08_2003,E08,2003,shil,cpss_tuning,4,0.7,False,4,True,True,False,0.0,0.0
E08_2003,E08,2003,shil,cpss_tuning,4,0.8,False,3,True,True,False,0.0,0.0
E08_2003,E08,2003,shil,cpss_tuning,4,0.9,False,3,True,True,False,0.0,0.0
E08_2003,E08,2003,shil,cpss_tuning,8,0.6,False,7,True,True,False,0.0,0.0
E08_2003,E08,2003,shil,cpss_tuning,8,0.7,False,7,True,True,False,0.0,0.0
E08_2003,E08,2003,shil,cpss_tuning,8,0.8,False,7,True,True,False,0.0,0.0
E08_2003,E08,2003,shil,cpss_tuning,8,0.9,False,7,True,True,False,0.0,0.0
E08_2003,E08,2003,shil,cpss_tuning,16,0.6,False,10,True,True,False,0.0,0.0
E08_2003,E08,2003,shil,cpss_tuning,16,0.7,False,10,True,True,False,0.0,0.0
E08_2003,E08,2003,shil,cpss_tuning,16,0.8,False,10,True,True,False,0.0,0.0
E08_2003,E08,2003,shil,cpss_tuning,16,0.9,True,10,True,True,False,0.0,0.0
E08_2003,E08,2003,shil,cpss_final,4,0.6,False,3,True,True,False,0.0,0.0
E08_2003,E08,2003,shil,cpss_final,4,0.7,False,3,True,True,False,0.0,0.0
E08_2003,E08,2003,shil,cpss_final,4,0.8,False,3,True,True,False,0.0,0.0
E08_2003,E08,2003,shil,cpss_final,4,0.9,False,3,True,True,False,0.0,0.0
E08_2003,E08,2003,shil,cpss_final,8,0.6,False,8,True,True,True,-0.16666666666666663,-0.16666666666666663
E08_2003,E08,2003,shil,cpss_final,8,0.7,False,7,True,True,False,0.0,0.0
E08_2003,E08,2003,shil,cpss_final,8,0.8,False,7,True,True,False,0.0,0.0
E08_2003,E08,2003,shil,cpss_final,8,0.9,False,6,True,True,False,0.0,0.0
E08_2003,E08,2003,shil,cpss_final,16,0.6,False,10,True,True,False,0.0,0.0
E08_2003,E08,2003,shil,cpss_final,16,0.7,False,10,True,True,False,0.0,0.0
E08_2003,E08,2003,shil,cpss_final,16,0.8,False,10,True,True,False,0.0,0.0
E08_2003,E08,2003,shil,cpss_final,16,0.9,True,10,True,True,False,0.0,0.0
E08_2003,E08,2003,l1,cpss_tuning,4,0.6,False,4,True,True,False,0.0,0.0
E08_2003,E08,2003,l1,cpss_tuning,4,0.7,False,4,True,True,False,0.0,0.0
E08_2003,E08,2003,l1,cpss_tuning,4,0.8,False,4,True,True,False,0.0,0.0
E08_2003,E08,2003,l1,cpss_tuning,4,0.9,True,4,True,True,False,0.0,0.0
E08_2003,E08,2003,l1,cpss_tuning,8,0.6,False,6,True,True,False,0.0,0.0
E08_2003,E08,2003,l1,cpss_tuning,8,0.7,False,4,True,True,False,0.0,0.0
E08_2003,E08,2003,l1,cpss_tuning,8,0.8,False,4,True,True,False,0.0,0.0
E08_2003,E08,2003,l1,cpss_tuning,8,0.9,False,4,True,True,False,0.0,0.0
E08_2003,E08,2003,l1,cpss_tuning,16,0.6,False,6,True,True,False,0.0,0.0
E08_2003,E08,2003,l1,cpss_tuning,16,0.7,False,6,True,True,False,0.0,0.0
E08_2003,E08,2003,l1,cpss_tuning,16,0.8,False,4,True,True,False,0.0,0.0
E08_2003,E08,2003,l1,cpss_tuning,16,0.9,False,4,True,True,False,0.0,0.0
E08_2003,E08,2003,l1,cpss_final,4,0.6,False,4,True,True,False,0.0,0.0
E08_2003,E08,2003,l1,cpss_final,4,0.7,False,4,True,True,False,0.0,0.0
E08_2003,E08,2003,l1,cpss_final,4,0.8,False,4,True,True,False,0.0,0.0
E08_2003,E08,2003,l1,cpss_final,4,0.9,True,4,True,True,False,0.0,0.0
E08_2003,E08,2003,l1,cpss_final,8,0.6,False,5,True,True,False,0.0,0.0
E08_2003,E08,2003,l1,cpss_final,8,0.7,False,5,True,True,False,0.0,0.0
E08_2003,E08,2003,l1,cpss_final,8,0.8,False,4,True,True,False,0.0,0.0
E08_2003,E08,2003,l1,cpss_final,8,0.9,False,4,True,True,False,0.0,0.0
E08_2003,E08,2003,l1,cpss_final,16,0.6,False,5,True,True,False,0.0,0.0
E08_2003,E08,2003,l1,cpss_final,16,0.7,False,5,True,True,False,0.0,0.0
E08_2003,E08,2003,l1,cpss_final,16,0.8,False,5,True,True,False,0.0,0.0
E08_2003,E08,2003,l1,cpss_final,16,0.9,False,5,True,True,False,0.0,0.0
E08_2003,E08,2003,tree,cpss_tuning,4,0.6,False,4,True,True,True,0.0,0.0
E08_2003,E08,2003,tree,cpss_tuning,4,0.7,False,4,True,True,True,0.0,0.0
E08_2003,E08,2003,tree,cpss_tuning,4,0.8,False,2,True,True,True,-0.3333333333333333,-0.3333333333333333
E08_2003,E08,2003,tree,cpss_tuning,4,0.9,False,2,True,True,True,-0.3333333333333333,-0.3333333333333333
E08_2003,E08,2003,tree,cpss_tuning,8,0.6,False,8,True,True,True,0.0,0.0
E08_2003,E08,2003,tree,cpss_tuning,8,0.7,False,7,True,True,True,0.18181818181818188,0.0
E08_2003,E08,2003,tree,cpss_tuning,8,0.8,False,7,True,True,True,0.18181818181818188,0.0
E08_2003,E08,2003,tree,cpss_tuning,8,0.9,True,7,True,True,True,0.18181818181818188,0.0
E08_2003,E08,2003,tree,cpss_tuning,16,0.6,False,10,True,True,False,0.0,0.0
E08_2003,E08,2003,tree,cpss_tuning,16,0.7,False,10,True,True,False,0.0,0.0
E08_2003,E08,2003,tree,cpss_tuning,16,0.8,False,10,True,True,False,0.0,0.0
E08_2003,E08,2003,tree,cpss_tuning,16,0.9,False,10,True,True,False,0.0,0.0
E08_2003,E08,2003,tree,cpss_final,4,0.6,False,4,True,True,True,0.0,0.0
E08_2003,E08,2003,tree,cpss_final,4,0.7,False,3,True,True,False,0.0,0.0
E08_2003,E08,2003,tree,cpss_final,4,0.8,False,3,True,True,False,0.0,0.0
E08_2003,E08,2003,tree,cpss_final,4,0.9,False,3,True,True,False,0.0,0.0
E08_2003,E08,2003,tree,cpss_final,8,0.6,False,8,True,True,False,0.0,0.0
E08_2003,E08,2003,tree,cpss_final,8,0.7,False,7,True,True,True,0.18181818181818188,0.0
E08_2003,E08,2003,tree,cpss_final,8,0.8,False,7,True,True,True,0.18181818181818188,0.0
E08_2003,E08,2003,tree,cpss_final,8,0.9,True,7,True,True,True,0.18181818181818188,0.0
E08_2003,E08,2003,tree,cpss_final,16,0.6,False,10,True,True,False,0.0,0.0
E08_2003,E08,2003,tree,cpss_final,16,0.7,False,10,True,True,False,0.0,0.0
E08_2003,E08,2003,tree,cpss_final,16,0.8,False,10,True,True,False,0.0,0.0
E08_2003,E08,2003,tree,cpss_final,16,0.9,False,10,True,True,False,0.0,0.0
E08_2003,E08,2003,screen,cpss_tuning,4,0.6,False,4,True,True,False,0.0,0.0
E08_2003,E08,2003,screen,cpss_tuning,4,0.7,False,4,True,True,False,0.0,0.0
E08_2003,E08,2003,screen,cpss_tuning,4,0.8,False,3,True,True,False,0.0,0.0
E08_2003,E08,2003,screen,cpss_tuning,4,0.9,False,3,True,True,False,0.0,0.0
E08_2003,E08,2003,screen,cpss_tuning,8,0.6,False,7,True,True,False,0.0,0.0
E08_2003,E08,2003,screen,cpss_tuning,8,0.7,False,7,True,True,False,0.0,0.0
E08_2003,E08,2003,screen,cpss_tuning,8,0.8,False,7,True,True,False,0.0,0.0
E08_2003,E08,2003,screen,cpss_tuning,8,0.9,False,7,True,True,False,0.0,0.0
E08_2003,E08,2003,screen,cpss_tuning,16,0.6,False,10,True,True,False,0.0,0.0
E08_2003,E08,2003,screen,cpss_tuning,16,0.7,False,10,True,True,False,0.0,0.0
E08_2003,E08,2003,screen,cpss_tuning,16,0.8,False,10,True,True,False,0.0,0.0
E08_2003,E08,2003,screen,cpss_tuning,16,0.9,True,10,True,True,False,0.0,0.0
E08_2003,E08,2003,screen,cpss_final,4,0.6,False,3,True,True,False,0.0,0.0
E08_2003,E08,2003,screen,cpss_final,4,0.7,False,3,True,True,False,0.0,0.0
E08_2003,E08,2003,screen,cpss_final,4,0.8,False,3,True,True,False,0.0,0.0
E08_2003,E08,2003,screen,cpss_final,4,0.9,False,3,True,True,False,0.0,0.0
E08_2003,E08,2003,screen,cpss_final,8,0.6,False,8,True,True,True,-0.16666666666666663,-0.16666666666666663
E08_2003,E08,2003,screen,cpss_final,8,0.7,False,7,True,True,False,0.0,0.0
E08_2003,E08,2003,screen,cpss_final,8,0.8,False,7,True,True,False,0.0,0.0
E08_2003,E08,2003,screen,cpss_final,8,0.9,False,6,True,True,False,0.0,0.0
E08_2003,E08,2003,screen,cpss_final,16,0.6,False,10,True,True,False,0.0,0.0
E08_2003,E08,2003,screen,cpss_final,16,0.7,False,10,True,True,False,0.0,0.0
E08_2003,E08,2003,screen,cpss_final,16,0.8,False,10,True,True,False,0.0,0.0
E08_2003,E08,2003,screen,cpss_final,16,0.9,True,10,True,True,False,0.0,0.0
E08_2011,E08,2011,shil,cpss_tuning,4,0.6,False,3,True,True,False,0.0,0.0
E08_2011,E08,2011,shil,cpss_tuning,4,0.7,False,3,True,True,False,0.0,0.0
E08_2011,E08,2011,shil,cpss_tuning,4,0.8,False,3,True,True,False,0.0,0.0
E08_2011,E08,2011,shil,cpss_tuning,4,0.9,False,3,True,True,False,0.0,0.0
E08_2011,E08,2011,shil,cpss_tuning,8,0.6,False,7,True,True,False,0.0,0.0
E08_2011,E08,2011,shil,cpss_tuning,8,0.7,False,7,True,True,False,0.0,0.0
E08_2011,E08,2011,shil,cpss_tuning,8,0.8,False,7,True,True,False,0.0,0.0
E08_2011,E08,2011,shil,cpss_tuning,8,0.9,False,7,True,True,False,0.0,0.0
E08_2011,E08,2011,shil,cpss_tuning,16,0.6,False,10,True,True,False,0.0,0.0
E08_2011,E08,2011,shil,cpss_tuning,16,0.7,False,10,True,True,False,0.0,0.0
E08_2011,E08,2011,shil,cpss_tuning,16,0.8,False,10,True,True,False,0.0,0.0
E08_2011,E08,2011,shil,cpss_tuning,16,0.9,True,10,True,True,False,0.0,0.0
E08_2011,E08,2011,shil,cpss_final,4,0.6,False,4,True,True,False,0.0,0.0
E08_2011,E08,2011,shil,cpss_final,4,0.7,False,3,True,True,False,0.0,0.0
E08_2011,E08,2011,shil,cpss_final,4,0.8,False,3,True,True,False,0.0,0.0
E08_2011,E08,2011,shil,cpss_final,4,0.9,False,3,True,True,False,0.0,0.0
E08_2011,E08,2011,shil,cpss_final,8,0.6,False,7,True,True,False,0.0,0.0
E08_2011,E08,2011,shil,cpss_final,8,0.7,False,7,True,True,False,0.0,0.0
E08_2011,E08,2011,shil,cpss_final,8,0.8,False,7,True,True,False,0.0,0.0
E08_2011,E08,2011,shil,cpss_final,8,0.9,False,7,True,True,False,0.0,0.0
E08_2011,E08,2011,shil,cpss_final,16,0.6,False,10,True,True,False,0.0,0.0
E08_2011,E08,2011,shil,cpss_final,16,0.7,False,10,True,True,False,0.0,0.0
E08_2011,E08,2011,shil,cpss_final,16,0.8,False,10,True,True,False,0.0,0.0
E08_2011,E08,2011,shil,cpss_final,16,0.9,True,10,True,True,False,0.0,0.0
E08_2011,E08,2011,l1,cpss_tuning,4,0.6,False,4,True,True,False,0.0,0.0
E08_2011,E08,2011,l1,cpss_tuning,4,0.7,False,4,True,True,False,0.0,0.0
E08_2011,E08,2011,l1,cpss_tuning,4,0.8,False,4,True,True,False,0.0,0.0
E08_2011,E08,2011,l1,cpss_tuning,4,0.9,True,4,True,True,False,0.0,0.0
E08_2011,E08,2011,l1,cpss_tuning,8,0.6,False,4,True,True,False,0.0,0.0
E08_2011,E08,2011,l1,cpss_tuning,8,0.7,False,4,True,True,False,0.0,0.0
E08_2011,E08,2011,l1,cpss_tuning,8,0.8,False,4,True,True,False,0.0,0.0
E08_2011,E08,2011,l1,cpss_tuning,8,0.9,False,4,True,True,False,0.0,0.0
E08_2011,E08,2011,l1,cpss_tuning,16,0.6,False,4,True,True,False,0.0,0.0
E08_2011,E08,2011,l1,cpss_tuning,16,0.7,False,4,True,True,False,0.0,0.0
E08_2011,E08,2011,l1,cpss_tuning,16,0.8,False,4,True,True,False,0.0,0.0
E08_2011,E08,2011,l1,cpss_tuning,16,0.9,False,4,True,True,False,0.0,0.0
E08_2011,E08,2011,l1,cpss_final,4,0.6,False,4,True,True,False,0.0,0.0
E08_2011,E08,2011,l1,cpss_final,4,0.7,False,4,True,True,False,0.0,0.0
E08_2011,E08,2011,l1,cpss_final,4,0.8,False,4,True,True,False,0.0,0.0
E08_2011,E08,2011,l1,cpss_final,4,0.9,True,4,True,True,False,0.0,0.0
E08_2011,E08,2011,l1,cpss_final,8,0.6,False,5,True,True,False,0.0,0.0
E08_2011,E08,2011,l1,cpss_final,8,0.7,False,4,True,True,False,0.0,0.0
E08_2011,E08,2011,l1,cpss_final,8,0.8,False,4,True,True,False,0.0,0.0
E08_2011,E08,2011,l1,cpss_final,8,0.9,False,4,True,True,False,0.0,0.0
E08_2011,E08,2011,l1,cpss_final,16,0.6,False,5,True,True,False,0.0,0.0
E08_2011,E08,2011,l1,cpss_final,16,0.7,False,4,True,True,False,0.0,0.0
E08_2011,E08,2011,l1,cpss_final,16,0.8,False,4,True,True,False,0.0,0.0
E08_2011,E08,2011,l1,cpss_final,16,0.9,False,4,True,True,False,0.0,0.0
E08_2011,E08,2011,tree,cpss_tuning,4,0.6,False,4,True,True,False,0.0,0.0
E08_2011,E08,2011,tree,cpss_tuning,4,0.7,False,4,True,True,False,0.0,0.0
E08_2011,E08,2011,tree,cpss_tuning,4,0.8,False,3,True,True,False,0.0,0.0
E08_2011,E08,2011,tree,cpss_tuning,4,0.9,False,2,True,True,False,0.0,0.0
E08_2011,E08,2011,tree,cpss_tuning,8,0.6,False,8,True,True,True,0.0,0.0
E08_2011,E08,2011,tree,cpss_tuning,8,0.7,False,8,True,True,True,0.0,0.0
E08_2011,E08,2011,tree,cpss_tuning,8,0.8,True,7,True,True,False,0.0,0.0
E08_2011,E08,2011,tree,cpss_tuning,8,0.9,False,5,True,True,False,0.0,0.0
E08_2011,E08,2011,tree,cpss_tuning,16,0.6,False,10,True,True,False,0.0,0.0
E08_2011,E08,2011,tree,cpss_tuning,16,0.7,False,10,True,True,False,0.0,0.0
E08_2011,E08,2011,tree,cpss_tuning,16,0.8,False,10,True,True,False,0.0,0.0
E08_2011,E08,2011,tree,cpss_tuning,16,0.9,False,10,True,True,False,0.0,0.0
E08_2011,E08,2011,tree,cpss_final,4,0.6,False,4,True,True,False,0.0,0.0
E08_2011,E08,2011,tree,cpss_final,4,0.7,False,3,True,True,False,0.0,0.0
E08_2011,E08,2011,tree,cpss_final,4,0.8,False,3,True,True,False,0.0,0.0
E08_2011,E08,2011,tree,cpss_final,4,0.9,False,2,True,True,False,0.0,0.0
E08_2011,E08,2011,tree,cpss_final,8,0.6,False,8,True,True,True,0.0,0.0
E08_2011,E08,2011,tree,cpss_final,8,0.7,False,7,True,True,False,0.0,0.0
E08_2011,E08,2011,tree,cpss_final,8,0.8,True,7,True,True,False,0.0,0.0
E08_2011,E08,2011,tree,cpss_final,8,0.9,False,7,True,True,False,0.0,0.0
E08_2011,E08,2011,tree,cpss_final,16,0.6,False,10,True,True,False,0.0,0.0
E08_2011,E08,2011,tree,cpss_final,16,0.7,False,10,True,True,False,0.0,0.0
E08_2011,E08,2011,tree,cpss_final,16,0.8,False,10,True,True,False,0.0,0.0
E08_2011,E08,2011,tree,cpss_final,16,0.9,False,10,True,True,False,0.0,0.0
E08_2011,E08,2011,screen,cpss_tuning,4,0.6,False,3,True,True,False,0.0,0.0
E08_2011,E08,2011,screen,cpss_tuning,4,0.7,False,3,True,True,False,0.0,0.0
E08_2011,E08,2011,screen,cpss_tuning,4,0.8,False,3,True,True,False,0.0,0.0
E08_2011,E08,2011,screen,cpss_tuning,4,0.9,False,3,True,True,False,0.0,0.0
E08_2011,E08,2011,screen,cpss_tuning,8,0.6,False,7,True,True,False,0.0,0.0
E08_2011,E08,2011,screen,cpss_tuning,8,0.7,False,7,True,True,False,0.0,0.0
E08_2011,E08,2011,screen,cpss_tuning,8,0.8,False,7,True,True,False,0.0,0.0
E08_2011,E08,2011,screen,cpss_tuning,8,0.9,False,7,True,True,False,0.0,0.0
E08_2011,E08,2011,screen,cpss_tuning,16,0.6,False,10,True,True,False,0.0,0.0
E08_2011,E08,2011,screen,cpss_tuning,16,0.7,False,10,True,True,False,0.0,0.0
E08_2011,E08,2011,screen,cpss_tuning,16,0.8,False,10,True,True,False,0.0,0.0
E08_2011,E08,2011,screen,cpss_tuning,16,0.9,True,10,True,True,False,0.0,0.0
E08_2011,E08,2011,screen,cpss_final,4,0.6,False,4,True,True,False,0.0,0.0
E08_2011,E08,2011,screen,cpss_final,4,0.7,False,3,True,True,False,0.0,0.0
E08_2011,E08,2011,screen,cpss_final,4,0.8,False,3,True,True,False,0.0,0.0
E08_2011,E08,2011,screen,cpss_final,4,0.9,False,3,True,True,False,0.0,0.0
E08_2011,E08,2011,screen,cpss_final,8,0.6,False,7,True,True,False,0.0,0.0
E08_2011,E08,2011,screen,cpss_final,8,0.7,False,7,True,True,False,0.0,0.0
E08_2011,E08,2011,screen,cpss_final,8,0.8,False,7,True,True,False,0.0,0.0
E08_2011,E08,2011,screen,cpss_final,8,0.9,False,7,True,True,False,0.0,0.0
E08_2011,E08,2011,screen,cpss_final,16,0.6,False,10,True,True,False,0.0,0.0
E08_2011,E08,2011,screen,cpss_final,16,0.7,False,10,True,True,False,0.0,0.0
E08_2011,E08,2011,screen,cpss_final,16,0.8,False,10,True,True,False,0.0,0.0
E08_2011,E08,2011,screen,cpss_final,16,0.9,True,10,True,True,False,0.0,0.0
E08_2017,E08,2017,shil,cpss_tuning,4,0.6,False,4,True,True,False,0.0,0.0
E08_2017,E08,2017,shil,cpss_tuning,4,0.7,False,3,True,True,False,0.0,0.0
E08_2017,E08,2017,shil,cpss_tuning,4,0.8,False,3,True,True,False,0.0,0.0
E08_2017,E08,2017,shil,cpss_tuning,4,0.9,False,3,True,True,False,0.0,0.0
E08_2017,E08,2017,shil,cpss_tuning,8,0.6,False,7,True,True,False,0.0,0.0
E08_2017,E08,2017,shil,cpss_tuning,8,0.7,False,7,True,True,False,0.0,0.0
E08_2017,E08,2017,shil,cpss_tuning,8,0.8,False,7,True,True,False,0.0,0.0
E08_2017,E08,2017,shil,cpss_tuning,8,0.9,False,7,True,True,False,0.0,0.0
E08_2017,E08,2017,shil,cpss_tuning,16,0.6,False,10,True,True,False,0.0,0.0
E08_2017,E08,2017,shil,cpss_tuning,16,0.7,False,10,True,True,False,0.0,0.0
E08_2017,E08,2017,shil,cpss_tuning,16,0.8,False,10,True,True,False,0.0,0.0
E08_2017,E08,2017,shil,cpss_tuning,16,0.9,True,10,True,True,False,0.0,0.0
E08_2017,E08,2017,shil,cpss_final,4,0.6,False,3,True,True,False,0.0,0.0
E08_2017,E08,2017,shil,cpss_final,4,0.7,False,3,True,True,False,0.0,0.0
E08_2017,E08,2017,shil,cpss_final,4,0.8,False,3,True,True,False,0.0,0.0
E08_2017,E08,2017,shil,cpss_final,4,0.9,False,3,True,True,False,0.0,0.0
E08_2017,E08,2017,shil,cpss_final,8,0.6,False,8,True,True,False,0.0,0.0
E08_2017,E08,2017,shil,cpss_final,8,0.7,False,7,True,True,False,0.0,0.0
E08_2017,E08,2017,shil,cpss_final,8,0.8,False,7,True,True,False,0.0,0.0
E08_2017,E08,2017,shil,cpss_final,8,0.9,False,7,True,True,False,0.0,0.0
E08_2017,E08,2017,shil,cpss_final,16,0.6,False,10,True,True,False,0.0,0.0
E08_2017,E08,2017,shil,cpss_final,16,0.7,False,10,True,True,False,0.0,0.0
E08_2017,E08,2017,shil,cpss_final,16,0.8,False,10,True,True,False,0.0,0.0
E08_2017,E08,2017,shil,cpss_final,16,0.9,True,10,True,True,False,0.0,0.0
E08_2017,E08,2017,l1,cpss_tuning,4,0.6,False,4,True,True,False,0.0,0.0
E08_2017,E08,2017,l1,cpss_tuning,4,0.7,False,4,True,True,False,0.0,0.0
E08_2017,E08,2017,l1,cpss_tuning,4,0.8,False,4,True,True,False,0.0,0.0
E08_2017,E08,2017,l1,cpss_tuning,4,0.9,True,4,True,True,False,0.0,0.0
E08_2017,E08,2017,l1,cpss_tuning,8,0.6,False,5,True,True,False,0.0,0.0
E08_2017,E08,2017,l1,cpss_tuning,8,0.7,False,4,True,True,False,0.0,0.0
E08_2017,E08,2017,l1,cpss_tuning,8,0.8,False,4,True,True,False,0.0,0.0
E08_2017,E08,2017,l1,cpss_tuning,8,0.9,False,4,True,True,False,0.0,0.0
E08_2017,E08,2017,l1,cpss_tuning,16,0.6,False,5,True,True,False,0.0,0.0
E08_2017,E08,2017,l1,cpss_tuning,16,0.7,False,5,True,True,False,0.0,0.0
E08_2017,E08,2017,l1,cpss_tuning,16,0.8,False,4,True,True,False,0.0,0.0
E08_2017,E08,2017,l1,cpss_tuning,16,0.9,False,4,True,True,False,0.0,0.0
E08_2017,E08,2017,l1,cpss_final,4,0.6,False,4,True,True,False,0.0,0.0
E08_2017,E08,2017,l1,cpss_final,4,0.7,False,4,True,True,False,0.0,0.0
E08_2017,E08,2017,l1,cpss_final,4,0.8,False,4,True,True,False,0.0,0.0
E08_2017,E08,2017,l1,cpss_final,4,0.9,True,4,True,True,False,0.0,0.0
E08_2017,E08,2017,l1,cpss_final,8,0.6,False,5,True,True,False,0.0,0.0
E08_2017,E08,2017,l1,cpss_final,8,0.7,False,4,True,True,False,0.0,0.0
E08_2017,E08,2017,l1,cpss_final,8,0.8,False,4,True,True,False,0.0,0.0
E08_2017,E08,2017,l1,cpss_final,8,0.9,False,4,True,True,False,0.0,0.0
E08_2017,E08,2017,l1,cpss_final,16,0.6,False,5,True,True,False,0.0,0.0
E08_2017,E08,2017,l1,cpss_final,16,0.7,False,5,True,True,False,0.0,0.0
E08_2017,E08,2017,l1,cpss_final,16,0.8,False,4,True,True,False,0.0,0.0
E08_2017,E08,2017,l1,cpss_final,16,0.9,False,4,True,True,False,0.0,0.0
E08_2017,E08,2017,tree,cpss_tuning,4,0.6,False,4,True,True,False,0.0,0.0
E08_2017,E08,2017,tree,cpss_tuning,4,0.7,False,4,True,True,False,0.0,0.0
E08_2017,E08,2017,tree,cpss_tuning,4,0.8,False,3,True,True,False,0.0,0.0
E08_2017,E08,2017,tree,cpss_tuning,4,0.9,False,1,True,True,False,0.0,0.0
E08_2017,E08,2017,tree,cpss_tuning,8,0.6,False,8,True,True,False,0.0,0.0
E08_2017,E08,2017,tree,cpss_tuning,8,0.7,False,7,True,True,False,0.0,0.0
E08_2017,E08,2017,tree,cpss_tuning,8,0.8,False,6,True,True,False,0.0,0.0
E08_2017,E08,2017,tree,cpss_tuning,8,0.9,False,6,True,True,False,0.0,0.0
E08_2017,E08,2017,tree,cpss_tuning,16,0.6,False,10,True,True,False,0.0,0.0
E08_2017,E08,2017,tree,cpss_tuning,16,0.7,False,10,True,True,False,0.0,0.0
E08_2017,E08,2017,tree,cpss_tuning,16,0.8,False,10,True,True,False,0.0,0.0
E08_2017,E08,2017,tree,cpss_tuning,16,0.9,True,10,True,True,False,0.0,0.0
E08_2017,E08,2017,tree,cpss_final,4,0.6,False,4,True,True,False,0.0,0.0
E08_2017,E08,2017,tree,cpss_final,4,0.7,False,4,True,True,False,0.0,0.0
E08_2017,E08,2017,tree,cpss_final,4,0.8,False,4,True,True,False,0.0,0.0
E08_2017,E08,2017,tree,cpss_final,4,0.9,False,2,True,True,True,0.0,0.0
E08_2017,E08,2017,tree,cpss_final,8,0.6,False,8,True,True,False,0.0,0.0
E08_2017,E08,2017,tree,cpss_final,8,0.7,False,7,True,True,False,0.0,0.0
E08_2017,E08,2017,tree,cpss_final,8,0.8,False,7,True,True,False,0.0,0.0
E08_2017,E08,2017,tree,cpss_final,8,0.9,False,6,True,True,False,0.0,0.0
E08_2017,E08,2017,tree,cpss_final,16,0.6,False,10,True,True,False,0.0,0.0
E08_2017,E08,2017,tree,cpss_final,16,0.7,False,10,True,True,False,0.0,0.0
E08_2017,E08,2017,tree,cpss_final,16,0.8,False,10,True,True,False,0.0,0.0
E08_2017,E08,2017,tree,cpss_final,16,0.9,True,10,True,True,False,0.0,0.0
E08_2017,E08,2017,screen,cpss_tuning,4,0.6,False,4,True,True,False,0.0,0.0
E08_2017,E08,2017,screen,cpss_tuning,4,0.7,False,3,True,True,False,0.0,0.0
E08_2017,E08,2017,screen,cpss_tuning,4,0.8,False,3,True,True,False,0.0,0.0
E08_2017,E08,2017,screen,cpss_tuning,4,0.9,False,3,True,True,False,0.0,0.0
E08_2017,E08,2017,screen,cpss_tuning,8,0.6,False,7,True,True,False,0.0,0.0
E08_2017,E08,2017,screen,cpss_tuning,8,0.7,False,7,True,True,False,0.0,0.0
E08_2017,E08,2017,screen,cpss_tuning,8,0.8,False,7,True,True,False,0.0,0.0
E08_2017,E08,2017,screen,cpss_tuning,8,0.9,False,7,True,True,False,0.0,0.0
E08_2017,E08,2017,screen,cpss_tuning,16,0.6,False,10,True,True,False,0.0,0.0
E08_2017,E08,2017,screen,cpss_tuning,16,0.7,False,10,True,True,False,0.0,0.0
E08_2017,E08,2017,screen,cpss_tuning,16,0.8,False,10,True,True,False,0.0,0.0
E08_2017,E08,2017,screen,cpss_tuning,16,0.9,True,10,True,True,False,0.0,0.0
E08_2017,E08,2017,screen,cpss_final,4,0.6,False,3,True,True,False,0.0,0.0
E08_2017,E08,2017,screen,cpss_final,4,0.7,False,3,True,True,False,0.0,0.0
E08_2017,E08,2017,screen,cpss_final,4,0.8,False,3,True,True,False,0.0,0.0
E08_2017,E08,2017,screen,cpss_final,4,0.9,False,3,True,True,False,0.0,0.0
E08_2017,E08,2017,screen,cpss_final,8,0.6,False,8,True,True,False,0.0,0.0
E08_2017,E08,2017,screen,cpss_final,8,0.7,False,7,True,True,False,0.0,0.0
E08_2017,E08,2017,screen,cpss_final,8,0.8,False,7,True,True,False,0.0,0.0
E08_2017,E08,2017,screen,cpss_final,8,0.9,False,7,True,True,False,0.0,0.0
E08_2017,E08,2017,screen,cpss_final,16,0.6,False,10,True,True,False,0.0,0.0
E08_2017,E08,2017,screen,cpss_final,16,0.7,False,10,True,True,False,0.0,0.0
E08_2017,E08,2017,screen,cpss_final,16,0.8,False,10,True,True,False,0.0,0.0
E08_2017,E08,2017,screen,cpss_final,16,0.9,True,10,True,True,False,0.0,0.0
E08_2027,E08,2027,shil,cpss_tuning,4,0.6,False,4,True,True,False,0.0,0.0
E08_2027,E08,2027,shil,cpss_tuning,4,0.7,False,3,True,True,False,0.0,0.0
E08_2027,E08,2027,shil,cpss_tuning,4,0.8,False,3,True,True,False,0.0,0.0
E08_2027,E08,2027,shil,cpss_tuning,4,0.9,False,3,True,True,False,0.0,0.0
E08_2027,E08,2027,shil,cpss_tuning,8,0.6,False,7,True,True,False,0.0,0.0
E08_2027,E08,2027,shil,cpss_tuning,8,0.7,False,7,True,True,False,0.0,0.0
E08_2027,E08,2027,shil,cpss_tuning,8,0.8,False,7,True,True,False,0.0,0.0
E08_2027,E08,2027,shil,cpss_tuning,8,0.9,False,6,True,True,False,0.0,0.0
E08_2027,E08,2027,shil,cpss_tuning,16,0.6,False,10,True,True,False,0.0,0.0
E08_2027,E08,2027,shil,cpss_tuning,16,0.7,False,10,True,True,False,0.0,0.0
E08_2027,E08,2027,shil,cpss_tuning,16,0.8,False,10,True,True,False,0.0,0.0
E08_2027,E08,2027,shil,cpss_tuning,16,0.9,True,10,True,True,False,0.0,0.0
E08_2027,E08,2027,shil,cpss_final,4,0.6,False,4,True,True,False,0.0,0.0
E08_2027,E08,2027,shil,cpss_final,4,0.7,False,3,True,True,False,0.0,0.0
E08_2027,E08,2027,shil,cpss_final,4,0.8,False,3,True,True,False,0.0,0.0
E08_2027,E08,2027,shil,cpss_final,4,0.9,False,3,True,True,False,0.0,0.0
E08_2027,E08,2027,shil,cpss_final,8,0.6,False,7,True,True,False,0.0,0.0
E08_2027,E08,2027,shil,cpss_final,8,0.7,False,7,True,True,False,0.0,0.0
E08_2027,E08,2027,shil,cpss_final,8,0.8,False,7,True,True,False,0.0,0.0
E08_2027,E08,2027,shil,cpss_final,8,0.9,False,7,True,True,False,0.0,0.0
E08_2027,E08,2027,shil,cpss_final,16,0.6,False,10,True,True,False,0.0,0.0
E08_2027,E08,2027,shil,cpss_final,16,0.7,False,10,True,True,False,0.0,0.0
E08_2027,E08,2027,shil,cpss_final,16,0.8,False,10,True,True,False,0.0,0.0
E08_2027,E08,2027,shil,cpss_final,16,0.9,True,10,True,True,False,0.0,0.0
E08_2027,E08,2027,l1,cpss_tuning,4,0.6,False,4,True,True,False,0.0,0.0
E08_2027,E08,2027,l1,cpss_tuning,4,0.7,False,4,True,True,False,0.0,0.0
E08_2027,E08,2027,l1,cpss_tuning,4,0.8,False,4,True,True,False,0.0,0.0
E08_2027,E08,2027,l1,cpss_tuning,4,0.9,True,4,True,True,False,0.0,0.0
E08_2027,E08,2027,l1,cpss_tuning,8,0.6,False,4,True,True,False,0.0,0.0
E08_2027,E08,2027,l1,cpss_tuning,8,0.7,False,4,True,True,False,0.0,0.0
E08_2027,E08,2027,l1,cpss_tuning,8,0.8,False,4,True,True,False,0.0,0.0
E08_2027,E08,2027,l1,cpss_tuning,8,0.9,False,4,True,True,False,0.0,0.0
E08_2027,E08,2027,l1,cpss_tuning,16,0.6,False,5,True,True,False,0.0,0.0
E08_2027,E08,2027,l1,cpss_tuning,16,0.7,False,4,True,True,False,0.0,0.0
E08_2027,E08,2027,l1,cpss_tuning,16,0.8,False,4,True,True,False,0.0,0.0
E08_2027,E08,2027,l1,cpss_tuning,16,0.9,False,4,True,True,False,0.0,0.0
E08_2027,E08,2027,l1,cpss_final,4,0.6,False,4,True,True,False,0.0,0.0
E08_2027,E08,2027,l1,cpss_final,4,0.7,False,4,True,True,False,0.0,0.0
E08_2027,E08,2027,l1,cpss_final,4,0.8,False,4,True,True,False,0.0,0.0
E08_2027,E08,2027,l1,cpss_final,4,0.9,True,4,True,True,False,0.0,0.0
E08_2027,E08,2027,l1,cpss_final,8,0.6,False,5,True,True,True,0.0,0.0
E08_2027,E08,2027,l1,cpss_final,8,0.7,False,4,True,True,False,0.0,0.0
E08_2027,E08,2027,l1,cpss_final,8,0.8,False,4,True,True,False,0.0,0.0
E08_2027,E08,2027,l1,cpss_final,8,0.9,False,4,True,True,False,0.0,0.0
E08_2027,E08,2027,l1,cpss_final,16,0.6,False,6,True,True,False,0.0,0.0
E08_2027,E08,2027,l1,cpss_final,16,0.7,False,5,True,True,True,0.0,0.0
E08_2027,E08,2027,l1,cpss_final,16,0.8,False,4,True,True,False,0.0,0.0
E08_2027,E08,2027,l1,cpss_final,16,0.9,False,4,True,True,False,0.0,0.0
E08_2027,E08,2027,tree,cpss_tuning,4,0.6,False,4,True,True,False,0.0,0.0
E08_2027,E08,2027,tree,cpss_tuning,4,0.7,False,3,True,True,False,0.0,0.0
E08_2027,E08,2027,tree,cpss_tuning,4,0.8,False,3,True,True,False,0.0,0.0
E08_2027,E08,2027,tree,cpss_tuning,4,0.9,False,2,True,True,True,0.0,-0.3333333333333333
E08_2027,E08,2027,tree,cpss_tuning,8,0.6,False,9,True,True,False,0.0,0.0
E08_2027,E08,2027,tree,cpss_tuning,8,0.7,False,7,True,True,False,0.0,0.0
E08_2027,E08,2027,tree,cpss_tuning,8,0.8,True,7,True,True,False,0.0,0.0
E08_2027,E08,2027,tree,cpss_tuning,8,0.9,False,5,True,True,False,0.0,0.0
E08_2027,E08,2027,tree,cpss_tuning,16,0.6,False,10,True,True,False,0.0,0.0
E08_2027,E08,2027,tree,cpss_tuning,16,0.7,False,10,True,True,False,0.0,0.0
E08_2027,E08,2027,tree,cpss_tuning,16,0.8,False,10,True,True,False,0.0,0.0
E08_2027,E08,2027,tree,cpss_tuning,16,0.9,False,10,True,True,False,0.0,0.0
E08_2027,E08,2027,tree,cpss_final,4,0.6,False,3,True,True,False,0.0,0.0
E08_2027,E08,2027,tree,cpss_final,4,0.7,False,3,True,True,False,0.0,0.0
E08_2027,E08,2027,tree,cpss_final,4,0.8,False,3,True,True,False,0.0,0.0
E08_2027,E08,2027,tree,cpss_final,4,0.9,False,3,True,True,False,0.0,0.0
E08_2027,E08,2027,tree,cpss_final,8,0.6,False,8,True,True,True,0.0,0.0
E08_2027,E08,2027,tree,cpss_final,8,0.7,False,8,True,True,True,0.0,0.0
E08_2027,E08,2027,tree,cpss_final,8,0.8,True,7,True,True,False,0.0,0.0
E08_2027,E08,2027,tree,cpss_final,8,0.9,False,5,True,True,False,0.0,0.0
E08_2027,E08,2027,tree,cpss_final,16,0.6,False,10,True,True,False,0.0,0.0
E08_2027,E08,2027,tree,cpss_final,16,0.7,False,10,True,True,False,0.0,0.0
E08_2027,E08,2027,tree,cpss_final,16,0.8,False,10,True,True,False,0.0,0.0
E08_2027,E08,2027,tree,cpss_final,16,0.9,False,10,True,True,False,0.0,0.0
E08_2027,E08,2027,screen,cpss_tuning,4,0.6,False,4,True,True,False,0.0,0.0
E08_2027,E08,2027,screen,cpss_tuning,4,0.7,False,3,True,True,False,0.0,0.0
E08_2027,E08,2027,screen,cpss_tuning,4,0.8,False,3,True,True,False,0.0,0.0
E08_2027,E08,2027,screen,cpss_tuning,4,0.9,False,3,True,True,False,0.0,0.0
E08_2027,E08,2027,screen,cpss_tuning,8,0.6,False,7,True,True,False,0.0,0.0
E08_2027,E08,2027,screen,cpss_tuning,8,0.7,False,7,True,True,False,0.0,0.0
E08_2027,E08,2027,screen,cpss_tuning,8,0.8,False,7,True,True,False,0.0,0.0
E08_2027,E08,2027,screen,cpss_tuning,8,0.9,False,6,True,True,False,0.0,0.0
E08_2027,E08,2027,screen,cpss_tuning,16,0.6,False,10,True,True,False,0.0,0.0
E08_2027,E08,2027,screen,cpss_tuning,16,0.7,False,10,True,True,False,0.0,0.0
E08_2027,E08,2027,screen,cpss_tuning,16,0.8,False,10,True,True,False,0.0,0.0
E08_2027,E08,2027,screen,cpss_tuning,16,0.9,True,10,True,True,False,0.0,0.0
E08_2027,E08,2027,screen,cpss_final,4,0.6,False,4,True,True,False,0.0,0.0
E08_2027,E08,2027,screen,cpss_final,4,0.7,False,3,True,True,False,0.0,0.0
E08_2027,E08,2027,screen,cpss_final,4,0.8,False,3,True,True,False,0.0,0.0
E08_2027,E08,2027,screen,cpss_final,4,0.9,False,3,True,True,False,0.0,0.0
E08_2027,E08,2027,screen,cpss_final,8,0.6,False,7,True,True,False,0.0,0.0
E08_2027,E08,2027,screen,cpss_final,8,0.7,False,7,True,True,False,0.0,0.0
E08_2027,E08,2027,screen,cpss_final,8,0.8,False,7,True,True,False,0.0,0.0
E08_2027,E08,2027,screen,cpss_final,8,0.9,False,7,True,True,False,0.0,0.0
E08_2027,E08,2027,screen,cpss_final,16,0.6,False,10,True,True,False,0.0,0.0
E08_2027,E08,2027,screen,cpss_final,16,0.7,False,10,True,True,False,0.0,0.0
E08_2027,E08,2027,screen,cpss_final,16,0.8,False,10,True,True,False,0.0,0.0
E08_2027,E08,2027,screen,cpss_final,16,0.9,True,10,True,True,False,0.0,0.0
E08_2029,E08,2029,shil,cpss_tuning,4,0.6,False,4,True,True,True,-0.25,-0.25
E08_2029,E08,2029,shil,cpss_tuning,4,0.7,False,4,True,True,True,-0.25,-0.25
E08_2029,E08,2029,shil,cpss_tuning,4,0.8,False,4,True,True,True,-0.25,-0.25
E08_2029,E08,2029,shil,cpss_tuning,4,0.9,False,3,True,True,False,0.0,0.0
E08_2029,E08,2029,shil,cpss_tuning,8,0.6,False,8,True,True,False,0.0,0.0
E08_2029,E08,2029,shil,cpss_tuning,8,0.7,False,8,True,True,False,0.0,0.0
E08_2029,E08,2029,shil,cpss_tuning,8,0.8,False,8,True,True,False,0.0,0.0
E08_2029,E08,2029,shil,cpss_tuning,8,0.9,False,7,True,True,False,0.0,0.0
E08_2029,E08,2029,shil,cpss_tuning,16,0.6,False,10,True,True,False,0.0,0.0
E08_2029,E08,2029,shil,cpss_tuning,16,0.7,False,10,True,True,False,0.0,0.0
E08_2029,E08,2029,shil,cpss_tuning,16,0.8,False,10,True,True,False,0.0,0.0
E08_2029,E08,2029,shil,cpss_tuning,16,0.9,True,10,True,True,False,0.0,0.0
E08_2029,E08,2029,shil,cpss_final,4,0.6,False,4,True,True,True,-0.25,-0.25
E08_2029,E08,2029,shil,cpss_final,4,0.7,False,3,True,True,False,0.0,0.0
E08_2029,E08,2029,shil,cpss_final,4,0.8,False,3,True,True,False,0.0,0.0
E08_2029,E08,2029,shil,cpss_final,4,0.9,False,3,True,True,False,0.0,0.0
E08_2029,E08,2029,shil,cpss_final,8,0.6,False,8,True,True,False,0.0,0.0
E08_2029,E08,2029,shil,cpss_final,8,0.7,False,8,True,True,False,0.0,0.0
E08_2029,E08,2029,shil,cpss_final,8,0.8,False,7,True,True,False,0.0,0.0
E08_2029,E08,2029,shil,cpss_final,8,0.9,False,7,True,True,False,0.0,0.0
E08_2029,E08,2029,shil,cpss_final,16,0.6,False,10,True,True,False,0.0,0.0
E08_2029,E08,2029,shil,cpss_final,16,0.7,False,10,True,True,False,0.0,0.0
E08_2029,E08,2029,shil,cpss_final,16,0.8,False,10,True,True,False,0.0,0.0
E08_2029,E08,2029,shil,cpss_final,16,0.9,True,10,True,True,False,0.0,0.0
E08_2029,E08,2029,l1,cpss_tuning,4,0.6,False,4,True,True,False,0.0,0.0
E08_2029,E08,2029,l1,cpss_tuning,4,0.7,False,4,True,True,False,0.0,0.0
E08_2029,E08,2029,l1,cpss_tuning,4,0.8,False,4,True,True,False,0.0,0.0
E08_2029,E08,2029,l1,cpss_tuning,4,0.9,True,4,True,True,False,0.0,0.0
E08_2029,E08,2029,l1,cpss_tuning,8,0.6,False,6,True,True,False,0.0,0.0
E08_2029,E08,2029,l1,cpss_tuning,8,0.7,False,6,True,True,False,0.0,0.0
E08_2029,E08,2029,l1,cpss_tuning,8,0.8,False,6,True,True,False,0.0,0.0
E08_2029,E08,2029,l1,cpss_tuning,8,0.9,False,4,True,True,False,0.0,0.0
E08_2029,E08,2029,l1,cpss_tuning,16,0.6,False,6,True,True,False,0.0,0.0
E08_2029,E08,2029,l1,cpss_tuning,16,0.7,False,6,True,True,False,0.0,0.0
E08_2029,E08,2029,l1,cpss_tuning,16,0.8,False,6,True,True,False,0.0,0.0
E08_2029,E08,2029,l1,cpss_tuning,16,0.9,False,5,True,True,False,0.0,0.0
E08_2029,E08,2029,l1,cpss_final,4,0.6,False,4,True,True,False,0.0,0.0
E08_2029,E08,2029,l1,cpss_final,4,0.7,False,4,True,True,False,0.0,0.0
E08_2029,E08,2029,l1,cpss_final,4,0.8,False,4,True,True,False,0.0,0.0
E08_2029,E08,2029,l1,cpss_final,4,0.9,True,4,True,True,False,0.0,0.0
E08_2029,E08,2029,l1,cpss_final,8,0.6,False,5,True,True,False,0.0,0.0
E08_2029,E08,2029,l1,cpss_final,8,0.7,False,5,True,True,False,0.0,0.0
E08_2029,E08,2029,l1,cpss_final,8,0.8,False,5,True,True,False,0.0,0.0
E08_2029,E08,2029,l1,cpss_final,8,0.9,False,4,True,True,False,0.0,0.0
E08_2029,E08,2029,l1,cpss_final,16,0.6,False,6,True,True,False,0.0,0.0
E08_2029,E08,2029,l1,cpss_final,16,0.7,False,5,True,True,False,0.0,0.0
E08_2029,E08,2029,l1,cpss_final,16,0.8,False,5,True,True,False,0.0,0.0
E08_2029,E08,2029,l1,cpss_final,16,0.9,False,4,True,True,False,0.0,0.0
E08_2029,E08,2029,tree,cpss_tuning,4,0.6,False,4,True,True,False,0.0,0.0
E08_2029,E08,2029,tree,cpss_tuning,4,0.7,False,3,True,True,True,-0.2857142857142857,-0.2857142857142857
E08_2029,E08,2029,tree,cpss_tuning,4,0.8,False,3,True,True,True,-0.2857142857142857,-0.2857142857142857
E08_2029,E08,2029,tree,cpss_tuning,4,0.9,False,2,True,True,True,-0.3333333333333333,-0.3333333333333333
E08_2029,E08,2029,tree,cpss_tuning,8,0.6,False,7,True,True,True,-0.18181818181818188,-0.18181818181818188
E08_2029,E08,2029,tree,cpss_tuning,8,0.7,False,7,True,True,True,-0.18181818181818188,-0.18181818181818188
E08_2029,E08,2029,tree,cpss_tuning,8,0.8,False,6,True,True,True,0.0,0.0
E08_2029,E08,2029,tree,cpss_tuning,8,0.9,False,6,True,True,True,0.0,0.0
E08_2029,E08,2029,tree,cpss_tuning,16,0.6,False,10,True,True,False,0.0,0.0
E08_2029,E08,2029,tree,cpss_tuning,16,0.7,False,10,True,True,False,0.0,0.0
E08_2029,E08,2029,tree,cpss_tuning,16,0.8,False,10,True,True,False,0.0,0.0
E08_2029,E08,2029,tree,cpss_tuning,16,0.9,True,10,True,True,False,0.0,0.0
E08_2029,E08,2029,tree,cpss_final,4,0.6,False,4,True,True,False,0.0,0.0
E08_2029,E08,2029,tree,cpss_final,4,0.7,False,4,True,True,False,0.0,0.0
E08_2029,E08,2029,tree,cpss_final,4,0.8,False,2,True,True,False,0.0,0.0
E08_2029,E08,2029,tree,cpss_final,4,0.9,False,2,True,True,False,0.0,0.0
E08_2029,E08,2029,tree,cpss_final,8,0.6,False,8,True,True,False,0.0,0.0
E08_2029,E08,2029,tree,cpss_final,8,0.7,False,7,True,True,True,-0.18181818181818188,-0.18181818181818188
E08_2029,E08,2029,tree,cpss_final,8,0.8,False,6,True,True,True,0.0,0.0
E08_2029,E08,2029,tree,cpss_final,8,0.9,False,6,True,True,True,0.0,0.0
E08_2029,E08,2029,tree,cpss_final,16,0.6,False,10,True,True,False,0.0,0.0
E08_2029,E08,2029,tree,cpss_final,16,0.7,False,10,True,True,False,0.0,0.0
E08_2029,E08,2029,tree,cpss_final,16,0.8,False,10,True,True,False,0.0,0.0
E08_2029,E08,2029,tree,cpss_final,16,0.9,True,10,True,True,False,0.0,0.0
E08_2029,E08,2029,screen,cpss_tuning,4,0.6,False,4,True,True,True,-0.25,-0.25
E08_2029,E08,2029,screen,cpss_tuning,4,0.7,False,4,True,True,True,-0.25,-0.25
E08_2029,E08,2029,screen,cpss_tuning,4,0.8,False,4,True,True,True,-0.25,-0.25
E08_2029,E08,2029,screen,cpss_tuning,4,0.9,False,3,True,True,False,0.0,0.0
E08_2029,E08,2029,screen,cpss_tuning,8,0.6,False,8,True,True,False,0.0,0.0
E08_2029,E08,2029,screen,cpss_tuning,8,0.7,False,8,True,True,False,0.0,0.0
E08_2029,E08,2029,screen,cpss_tuning,8,0.8,False,8,True,True,False,0.0,0.0
E08_2029,E08,2029,screen,cpss_tuning,8,0.9,False,7,True,True,False,0.0,0.0
E08_2029,E08,2029,screen,cpss_tuning,16,0.6,False,10,True,True,False,0.0,0.0
E08_2029,E08,2029,screen,cpss_tuning,16,0.7,False,10,True,True,False,0.0,0.0
E08_2029,E08,2029,screen,cpss_tuning,16,0.8,False,10,True,True,False,0.0,0.0
E08_2029,E08,2029,screen,cpss_tuning,16,0.9,True,10,True,True,False,0.0,0.0
E08_2029,E08,2029,screen,cpss_final,4,0.6,False,4,True,True,True,-0.25,-0.25
E08_2029,E08,2029,screen,cpss_final,4,0.7,False,3,True,True,False,0.0,0.0
E08_2029,E08,2029,screen,cpss_final,4,0.8,False,3,True,True,False,0.0,0.0
E08_2029,E08,2029,screen,cpss_final,4,0.9,False,3,True,True,False,0.0,0.0
E08_2029,E08,2029,screen,cpss_final,8,0.6,False,8,True,True,False,0.0,0.0
E08_2029,E08,2029,screen,cpss_final,8,0.7,False,8,True,True,False,0.0,0.0
E08_2029,E08,2029,screen,cpss_final,8,0.8,False,7,True,True,False,0.0,0.0
E08_2029,E08,2029,screen,cpss_final,8,0.9,False,7,True,True,False,0.0,0.0
E08_2029,E08,2029,screen,cpss_final,16,0.6,False,10,True,True,False,0.0,0.0
E08_2029,E08,2029,screen,cpss_final,16,0.7,False,10,True,True,False,0.0,0.0
E08_2029,E08,2029,screen,cpss_final,16,0.8,False,10,True,True,False,0.0,0.0
E08_2029,E08,2029,screen,cpss_final,16,0.9,True,10,True,True,False,0.0,0.0
